/*******************************************************************************
 * Size: 128 px
 * Bpp: 1
 * Opts: --bpp 1 --size 128 --no-compress --stride 1 --align 1 --font Roboto-Bold.ttf --range 32-127,160-255,8352-8399,8192-8303 --format lvgl -o roboto_bold_128.c
 ******************************************************************************/

#ifdef LV_LVGL_H_INCLUDE_SIMPLE
#include "lvgl.h"
#else
#include "lvgl/lvgl.h"
#endif

#ifndef ROBOTO_BOLD_128
#define ROBOTO_BOLD_128 1
#endif

#if ROBOTO_BOLD_128

/*-----------------
 *    BITMAPS
 *----------------*/

/*Store the image of the glyphs*/
static LV_ATTRIBUTE_LARGE_CONST const uint8_t glyph_bitmap[] = {
    /* U+0020 " " */
    0x0,

    /* U+0021 "!" */
    0x7f, 0xff, 0xe7, 0xff, 0xfe, 0x7f, 0xff, 0xe7,
    0xff, 0xfe, 0x7f, 0xff, 0xe7, 0xff, 0xfe, 0x7f,
    0xff, 0xe7, 0xff, 0xfe, 0x7f, 0xff, 0xe7, 0xff,
    0xfe, 0x7f, 0xff, 0xe7, 0xff, 0xfe, 0x7f, 0xff,
    0xe7, 0xff, 0xfe, 0x7f, 0xff, 0xe7, 0xff, 0xfe,
    0x7f, 0xff, 0xe7, 0xff, 0xfe, 0x7f, 0xff, 0xe7,
    0xff, 0xfe, 0x7f, 0xff, 0xe7, 0xff, 0xfe, 0x7f,
    0xff, 0xe7, 0xff, 0xfe, 0x7f, 0xff, 0xe7, 0xff,
    0xfe, 0x7f, 0xff, 0xe7, 0xff, 0xfe, 0x7f, 0xff,
    0xe7, 0xff, 0xfe, 0x3f, 0xff, 0xc3, 0xff, 0xfc,
    0x3f, 0xff, 0xc3, 0xff, 0xfc, 0x3f, 0xff, 0xc3,
    0xff, 0xfc, 0x3f, 0xff, 0xc3, 0xff, 0xfc, 0x3f,
    0xff, 0xc3, 0xff, 0xfc, 0x3f, 0xff, 0xc3, 0xff,
    0xfc, 0x3f, 0xff, 0xc3, 0xff, 0xfc, 0x3f, 0xff,
    0xc3, 0xff, 0xfc, 0x3f, 0xff, 0xc3, 0xff, 0xfc,
    0x3f, 0xff, 0xc3, 0xff, 0xfc, 0x3f, 0xff, 0xc3,
    0xff, 0xfc, 0x3f, 0xff, 0xc3, 0xff, 0xfc, 0x3f,
    0xff, 0xc3, 0xff, 0xfc, 0x3f, 0xff, 0xc3, 0xff,
    0xfc, 0x3f, 0xff, 0xc3, 0xff, 0xfc, 0x1f, 0xff,
    0xc1, 0xff, 0xf8, 0x1f, 0xff, 0x80, 0x0, 0x0,
    0x0, 0x0, 0x0, 0x0, 0x0, 0x0, 0x0, 0x0,
    0x0, 0x0, 0x0, 0x0, 0x0, 0x0, 0x0, 0x0,
    0x0, 0x0, 0x0, 0x0, 0x0, 0x0, 0x0, 0x0,
    0x0, 0x1, 0xfc, 0x0, 0xff, 0xf0, 0x1f, 0xff,
    0x83, 0xff, 0xfc, 0x7f, 0xff, 0xe7, 0xff, 0xfe,
    0xff, 0xff, 0xff, 0xff, 0xff, 0xff, 0xff, 0xff,
    0xff, 0xff, 0xff, 0xff, 0xff, 0xff, 0xff, 0x7f,
    0xff, 0xe7, 0xff, 0xfe, 0x3f, 0xff, 0xc1, 0xff,
    0xf8, 0xf, 0xff, 0x0, 0x3f, 0x80,

    /* U+0022 "\"" */
    0xff, 0xf8, 0xf, 0xff, 0xff, 0xfc, 0x7, 0xff,
    0xff, 0xfe, 0x3, 0xff, 0xff, 0xff, 0x1, 0xff,
    0xff, 0xff, 0x80, 0xff, 0xff, 0xff, 0xc0, 0x7f,
    0xff, 0xff, 0xe0, 0x3f, 0xff, 0xff, 0xf0, 0x1f,
    0xff, 0xff, 0xf8, 0xf, 0xff, 0xff, 0xfc, 0x7,
    0xff, 0xff, 0xfe, 0x3, 0xff, 0xff, 0xff, 0x1,
    0xff, 0xff, 0xff, 0x80, 0xff, 0xff, 0xff, 0xc0,
    0x7f, 0xff, 0xff, 0xc0, 0x3f, 0xfd, 0xff, 0xe0,
    0x1f, 0xfe, 0xff, 0xf0, 0xf, 0xff, 0x7f, 0xf8,
    0x7, 0xff, 0xbf, 0xfc, 0x3, 0xff, 0xdf, 0xfe,
    0x1, 0xff, 0xef, 0xff, 0x0, 0xff, 0xf7, 0xff,
    0x80, 0x7f, 0xfb, 0xff, 0xc0, 0x3f, 0xfd, 0xff,
    0xe0, 0x1f, 0xfe, 0xff, 0xe0, 0xf, 0xfe, 0x7f,
    0xf0, 0x7, 0xff, 0x3f, 0xf8, 0x3, 0xff, 0x9f,
    0xfc, 0x1, 0xff, 0xcf, 0xfe, 0x0, 0xff, 0xe7,
    0xff, 0x0, 0x7f, 0xf3, 0xff, 0x80, 0x3f, 0xf9,
    0xff, 0xc0, 0x1f, 0xfc, 0xff, 0xe0, 0xf, 0xfe,
    0x7f, 0xf0, 0x7, 0xff, 0x0,

    /* U+0023 "#" */
    0x0, 0x0, 0x0, 0x3f, 0xf8, 0x0, 0x7f, 0xf0,
    0x0, 0x0, 0x0, 0x0, 0xff, 0xe0, 0x1, 0xff,
    0xc0, 0x0, 0x0, 0x0, 0x7, 0xff, 0x80, 0x7,
    0xff, 0x0, 0x0, 0x0, 0x0, 0x1f, 0xfe, 0x0,
    0x1f, 0xfc, 0x0, 0x0, 0x0, 0x0, 0x7f, 0xf0,
    0x0, 0xff, 0xf0, 0x0, 0x0, 0x0, 0x1, 0xff,
    0xc0, 0x3, 0xff, 0xc0, 0x0, 0x0, 0x0, 0x7,
    0xff, 0x0, 0xf, 0xfe, 0x0, 0x0, 0x0, 0x0,
    0x1f, 0xfc, 0x0, 0x3f, 0xf8, 0x0, 0x0, 0x0,
    0x0, 0xff, 0xf0, 0x0, 0xff, 0xe0, 0x0, 0x0,
    0x0, 0x3, 0xff, 0xc0, 0x3, 0xff, 0x80, 0x0,
    0x0, 0x0, 0xf, 0xfe, 0x0, 0x1f, 0xfe, 0x0,
    0x0, 0x0, 0x0, 0x3f, 0xf8, 0x0, 0x7f, 0xf8,
    0x0, 0x0, 0x0, 0x0, 0xff, 0xe0, 0x1, 0xff,
    0xc0, 0x0, 0x0, 0x0, 0x3, 0xff, 0x80, 0x7,
    0xff, 0x0, 0x0, 0x0, 0x0, 0x1f, 0xfe, 0x0,
    0x1f, 0xfc, 0x0, 0x0, 0x0, 0x0, 0x7f, 0xf0,
    0x0, 0x7f, 0xf0, 0x0, 0x0, 0x0, 0x1, 0xff,
    0xc0, 0x3, 0xff, 0xc0, 0x0, 0x0, 0x0, 0x7,
    0xff, 0x0, 0xf, 0xff, 0x0, 0x0, 0x0, 0x0,
    0x1f, 0xfc, 0x0, 0x3f, 0xf8, 0x0, 0x0, 0x0,
    0x0, 0x7f, 0xf0, 0x0, 0xff, 0xe0, 0x0, 0x0,
    0x0, 0x3, 0xff, 0xc0, 0x3, 0xff, 0x80, 0x0,
    0x0, 0x0, 0xf, 0xfe, 0x0, 0xf, 0xfe, 0x0,
    0x0, 0x0, 0x0, 0x3f, 0xf8, 0x0, 0x7f, 0xf8,
    0x0, 0x0, 0x0, 0x0, 0xff, 0xe0, 0x1, 0xff,
    0xc0, 0x0, 0x0, 0x0, 0x3, 0xff, 0x80, 0x7,
    0xff, 0x0, 0x0, 0x0, 0x0, 0x1f, 0xfe, 0x0,
    0x1f, 0xfc, 0x0, 0x0, 0x0, 0x0, 0x7f, 0xf8,
    0x0, 0x7f, 0xf0, 0x0, 0x1, 0xff, 0xff, 0xff,
    0xff, 0xff, 0xff, 0xff, 0xff, 0x7, 0xff, 0xff,
    0xff, 0xff, 0xff, 0xff, 0xff, 0xfc, 0x1f, 0xff,
    0xff, 0xff, 0xff, 0xff, 0xff, 0xff, 0xf0, 0x7f,
    0xff, 0xff, 0xff, 0xff, 0xff, 0xff, 0xff, 0xc1,
    0xff, 0xff, 0xff, 0xff, 0xff, 0xff, 0xff, 0xff,
    0x7, 0xff, 0xff, 0xff, 0xff, 0xff, 0xff, 0xff,
    0xfc, 0x1f, 0xff, 0xff, 0xff, 0xff, 0xff, 0xff,
    0xff, 0xf0, 0x7f, 0xff, 0xff, 0xff, 0xff, 0xff,
    0xff, 0xff, 0xc1, 0xff, 0xff, 0xff, 0xff, 0xff,
    0xff, 0xff, 0xff, 0x7, 0xff, 0xff, 0xff, 0xff,
    0xff, 0xff, 0xff, 0xfc, 0x0, 0x0, 0x7f, 0xf8,
    0x0, 0x7f, 0xf0, 0x0, 0x0, 0x0, 0x1, 0xff,
    0xe0, 0x1, 0xff, 0xc0, 0x0, 0x0, 0x0, 0x7,
    0xff, 0x0, 0xf, 0xff, 0x0, 0x0, 0x0, 0x0,
    0x1f, 0xfc, 0x0, 0x3f, 0xfc, 0x0, 0x0, 0x0,
    0x0, 0x7f, 0xf0, 0x0, 0xff, 0xe0, 0x0, 0x0,
    0x0, 0x1, 0xff, 0xc0, 0x3, 0xff, 0x80, 0x0,
    0x0, 0x0, 0xf, 0xff, 0x0, 0xf, 0xfe, 0x0,
    0x0, 0x0, 0x0, 0x3f, 0xf8, 0x0, 0x3f, 0xf8,
    0x0, 0x0, 0x0, 0x0, 0xff, 0xe0, 0x1, 0xff,
    0xe0, 0x0, 0x0, 0x0, 0x3, 0xff, 0x80, 0x7,
    0xff, 0x0, 0x0, 0x0, 0x0, 0xf, 0xfe, 0x0,
    0x1f, 0xfc, 0x0, 0x0, 0x0, 0x0, 0x7f, 0xf8,
    0x0, 0x7f, 0xf0, 0x0, 0x0, 0x0, 0x1, 0xff,
    0xe0, 0x1, 0xff, 0xc0, 0x0, 0x0, 0x0, 0x7,
    0xff, 0x0, 0xf, 0xff, 0x0, 0x0, 0x0, 0x0,
    0x1f, 0xfc, 0x0, 0x3f, 0xfc, 0x0, 0x0, 0x0,
    0x0, 0x7f, 0xf0, 0x0, 0xff, 0xe0, 0x0, 0x0,
    0x0, 0x1, 0xff, 0xc0, 0x3, 0xff, 0x80, 0x0,
    0x0, 0x0, 0xf, 0xff, 0x0, 0xf, 0xfe, 0x0,
    0x0, 0x0, 0x0, 0x3f, 0xfc, 0x0, 0x3f, 0xf8,
    0x0, 0x0, 0xff, 0xff, 0xff, 0xff, 0xff, 0xff,
    0xff, 0xff, 0x83, 0xff, 0xff, 0xff, 0xff, 0xff,
    0xff, 0xff, 0xfe, 0xf, 0xff, 0xff, 0xff, 0xff,
    0xff, 0xff, 0xff, 0xf8, 0x3f, 0xff, 0xff, 0xff,
    0xff, 0xff, 0xff, 0xff, 0xe0, 0xff, 0xff, 0xff,
    0xff, 0xff, 0xff, 0xff, 0xff, 0x83, 0xff, 0xff,
    0xff, 0xff, 0xff, 0xff, 0xff, 0xfe, 0xf, 0xff,
    0xff, 0xff, 0xff, 0xff, 0xff, 0xff, 0xf8, 0x3f,
    0xff, 0xff, 0xff, 0xff, 0xff, 0xff, 0xff, 0xe0,
    0xff, 0xff, 0xff, 0xff, 0xff, 0xff, 0xff, 0xff,
    0x83, 0xff, 0xff, 0xff, 0xff, 0xff, 0xff, 0xff,
    0xfe, 0x0, 0x0, 0x3f, 0xfc, 0x0, 0x3f, 0xf8,
    0x0, 0x0, 0x0, 0x0, 0xff, 0xe0, 0x0, 0xff,
    0xe0, 0x0, 0x0, 0x0, 0x3, 0xff, 0x80, 0x7,
    0xff, 0x80, 0x0, 0x0, 0x0, 0xf, 0xfe, 0x0,
    0x1f, 0xfc, 0x0, 0x0, 0x0, 0x0, 0x3f, 0xf8,
    0x0, 0x7f, 0xf0, 0x0, 0x0, 0x0, 0x1, 0xff,
    0xe0, 0x1, 0xff, 0xc0, 0x0, 0x0, 0x0, 0x7,
    0xff, 0x80, 0x7, 0xff, 0x0, 0x0, 0x0, 0x0,
    0x1f, 0xfc, 0x0, 0x3f, 0xfc, 0x0, 0x0, 0x0,
    0x0, 0x7f, 0xf0, 0x0, 0xff, 0xf0, 0x0, 0x0,
    0x0, 0x1, 0xff, 0xc0, 0x3, 0xff, 0x80, 0x0,
    0x0, 0x0, 0x7, 0xff, 0x0, 0xf, 0xfe, 0x0,
    0x0, 0x0, 0x0, 0x3f, 0xfc, 0x0, 0x3f, 0xf8,
    0x0, 0x0, 0x0, 0x0, 0xff, 0xf0, 0x0, 0xff,
    0xe0, 0x0, 0x0, 0x0, 0x3, 0xff, 0x80, 0x7,
    0xff, 0x80, 0x0, 0x0, 0x0, 0xf, 0xfe, 0x0,
    0x1f, 0xfe, 0x0, 0x0, 0x0, 0x0, 0x3f, 0xf8,
    0x0, 0x7f, 0xf0, 0x0, 0x0, 0x0, 0x0, 0xff,
    0xe0, 0x1, 0xff, 0xc0, 0x0, 0x0, 0x0, 0x7,
    0xff, 0x80, 0x7, 0xff, 0x0, 0x0, 0x0, 0x0,
    0x1f, 0xfe, 0x0, 0x1f, 0xfc, 0x0, 0x0, 0x0,
    0x0, 0x7f, 0xf0, 0x0, 0xff, 0xf0, 0x0, 0x0,
    0x0, 0x1, 0xff, 0xc0, 0x3, 0xff, 0x80, 0x0,
    0x0, 0x0, 0x7, 0xff, 0x0, 0xf, 0xfe, 0x0,
    0x0, 0x0, 0x0, 0x1f, 0xfc, 0x0, 0x3f, 0xf8,
    0x0, 0x0, 0x0, 0x0, 0xff, 0xf0, 0x0, 0xff,
    0xe0, 0x0, 0x0, 0x0, 0x3, 0xff, 0x80, 0x3,
    0xff, 0x80, 0x0, 0x0, 0x0, 0xf, 0xfe, 0x0,
    0x1f, 0xfe, 0x0, 0x0, 0x0,

    /* U+0024 "$" */
    0x0, 0x0, 0x0, 0xf, 0xfc, 0x0, 0x0, 0x0,
    0x0, 0x0, 0x0, 0x3f, 0xf0, 0x0, 0x0, 0x0,
    0x0, 0x0, 0x0, 0xff, 0xc0, 0x0, 0x0, 0x0,
    0x0, 0x0, 0x3, 0xff, 0x0, 0x0, 0x0, 0x0,
    0x0, 0x0, 0xf, 0xfc, 0x0, 0x0, 0x0, 0x0,
    0x0, 0x0, 0x3f, 0xf0, 0x0, 0x0, 0x0, 0x0,
    0x0, 0x0, 0xff, 0xc0, 0x0, 0x0, 0x0, 0x0,
    0x0, 0x3, 0xff, 0x0, 0x0, 0x0, 0x0, 0x0,
    0x0, 0xf, 0xfc, 0x0, 0x0, 0x0, 0x0, 0x0,
    0x0, 0x3f, 0xf0, 0x0, 0x0, 0x0, 0x0, 0x0,
    0x0, 0xff, 0xc0, 0x0, 0x0, 0x0, 0x0, 0x0,
    0x3, 0xff, 0x0, 0x0, 0x0, 0x0, 0x0, 0x0,
    0xf, 0xfc, 0x0, 0x0, 0x0, 0x0, 0x0, 0x0,
    0xff, 0xf8, 0x0, 0x0, 0x0, 0x0, 0x0, 0x7f,
    0xff, 0xfe, 0x0, 0x0, 0x0, 0x0, 0x7, 0xff,
    0xff, 0xff, 0x0, 0x0, 0x0, 0x0, 0xff, 0xff,
    0xff, 0xff, 0x0, 0x0, 0x0, 0x7, 0xff, 0xff,
    0xff, 0xff, 0x0, 0x0, 0x0, 0x7f, 0xff, 0xff,
    0xff, 0xfe, 0x0, 0x0, 0x3, 0xff, 0xff, 0xff,
    0xff, 0xfe, 0x0, 0x0, 0x1f, 0xff, 0xff, 0xff,
    0xff, 0xfc, 0x0, 0x1, 0xff, 0xff, 0xff, 0xff,
    0xff, 0xf8, 0x0, 0x7, 0xff, 0xff, 0xff, 0xff,
    0xff, 0xf0, 0x0, 0x3f, 0xff, 0xff, 0xff, 0xff,
    0xff, 0xc0, 0x1, 0xff, 0xff, 0xff, 0xff, 0xff,
    0xff, 0x80, 0xf, 0xff, 0xff, 0xff, 0xff, 0xff,
    0xff, 0x0, 0x3f, 0xff, 0xff, 0xff, 0xff, 0xff,
    0xfc, 0x1, 0xff, 0xff, 0xfc, 0x3, 0xff, 0xff,
    0xf8, 0x7, 0xff, 0xff, 0xc0, 0x3, 0xff, 0xff,
    0xe0, 0x3f, 0xff, 0xfc, 0x0, 0x7, 0xff, 0xff,
    0xc0, 0xff, 0xff, 0xe0, 0x0, 0xf, 0xff, 0xff,
    0x3, 0xff, 0xff, 0x80, 0x0, 0x1f, 0xff, 0xfc,
    0xf, 0xff, 0xfc, 0x0, 0x0, 0x3f, 0xff, 0xf8,
    0x7f, 0xff, 0xf0, 0x0, 0x0, 0xff, 0xff, 0xe1,
    0xff, 0xff, 0x80, 0x0, 0x1, 0xff, 0xff, 0x87,
    0xff, 0xfe, 0x0, 0x0, 0x7, 0xff, 0xfe, 0x1f,
    0xff, 0xf8, 0x0, 0x0, 0x1f, 0xff, 0xfc, 0x7f,
    0xff, 0xe0, 0x0, 0x0, 0x3f, 0xff, 0xf1, 0xff,
    0xff, 0x80, 0x0, 0x0, 0xff, 0xff, 0xc7, 0xff,
    0xfe, 0x0, 0x0, 0x3, 0xff, 0xff, 0x1f, 0xff,
    0xf8, 0x0, 0x0, 0xf, 0xff, 0xfc, 0x7f, 0xff,
    0xe0, 0x0, 0x0, 0x3f, 0xff, 0xf1, 0xff, 0xff,
    0xc0, 0x0, 0x0, 0x0, 0x0, 0x7, 0xff, 0xff,
    0x0, 0x0, 0x0, 0x0, 0x0, 0x1f, 0xff, 0xfe,
    0x0, 0x0, 0x0, 0x0, 0x0, 0x3f, 0xff, 0xf8,
    0x0, 0x0, 0x0, 0x0, 0x0, 0xff, 0xff, 0xf0,
    0x0, 0x0, 0x0, 0x0, 0x3, 0xff, 0xff, 0xe0,
    0x0, 0x0, 0x0, 0x0, 0x7, 0xff, 0xff, 0xe0,
    0x0, 0x0, 0x0, 0x0, 0x1f, 0xff, 0xff, 0xc0,
    0x0, 0x0, 0x0, 0x0, 0x3f, 0xff, 0xff, 0xc0,
    0x0, 0x0, 0x0, 0x0, 0xff, 0xff, 0xff, 0xc0,
    0x0, 0x0, 0x0, 0x1, 0xff, 0xff, 0xff, 0xe0,
    0x0, 0x0, 0x0, 0x7, 0xff, 0xff, 0xff, 0xe0,
    0x0, 0x0, 0x0, 0xf, 0xff, 0xff, 0xff, 0xf0,
    0x0, 0x0, 0x0, 0x1f, 0xff, 0xff, 0xff, 0xf0,
    0x0, 0x0, 0x0, 0x3f, 0xff, 0xff, 0xff, 0xf0,
    0x0, 0x0, 0x0, 0x7f, 0xff, 0xff, 0xff, 0xf0,
    0x0, 0x0, 0x0, 0xff, 0xff, 0xff, 0xff, 0xf0,
    0x0, 0x0, 0x0, 0xff, 0xff, 0xff, 0xff, 0xe0,
    0x0, 0x0, 0x1, 0xff, 0xff, 0xff, 0xff, 0xe0,
    0x0, 0x0, 0x1, 0xff, 0xff, 0xff, 0xff, 0xc0,
    0x0, 0x0, 0x1, 0xff, 0xff, 0xff, 0xff, 0xc0,
    0x0, 0x0, 0x1, 0xff, 0xff, 0xff, 0xff, 0x80,
    0x0, 0x0, 0x1, 0xff, 0xff, 0xff, 0xff, 0x0,
    0x0, 0x0, 0x1, 0xff, 0xff, 0xff, 0xfe, 0x0,
    0x0, 0x0, 0x1, 0xff, 0xff, 0xff, 0xf8, 0x0,
    0x0, 0x0, 0x0, 0xff, 0xff, 0xff, 0xf0, 0x0,
    0x0, 0x0, 0x0, 0xff, 0xff, 0xff, 0xe0, 0x0,
    0x0, 0x0, 0x0, 0x7f, 0xff, 0xff, 0x80, 0x0,
    0x0, 0x0, 0x0, 0x7f, 0xff, 0xff, 0x0, 0x0,
    0x0, 0x0, 0x0, 0xff, 0xff, 0xfc, 0x0, 0x0,
    0x0, 0x0, 0x0, 0xff, 0xff, 0xf8, 0x0, 0x0,
    0x0, 0x0, 0x1, 0xff, 0xff, 0xe0, 0x0, 0x0,
    0x0, 0x0, 0x3, 0xff, 0xff, 0x80, 0x0, 0x0,
    0x0, 0x0, 0xf, 0xff, 0xfe, 0x0, 0x0, 0x0,
    0x0, 0x0, 0x1f, 0xff, 0xfc, 0x0, 0x0, 0x0,
    0x0, 0x0, 0x7f, 0xff, 0xff, 0xff, 0xfc, 0x0,
    0x0, 0x0, 0xff, 0xff, 0xff, 0xff, 0xf0, 0x0,
    0x0, 0x3, 0xff, 0xff, 0xff, 0xff, 0xc0, 0x0,
    0x0, 0xf, 0xff, 0xff, 0xff, 0xff, 0x0, 0x0,
    0x0, 0x3f, 0xff, 0xff, 0xff, 0xfc, 0x0, 0x0,
    0x0, 0xff, 0xff, 0xff, 0xff, 0xf8, 0x0, 0x0,
    0x3, 0xff, 0xff, 0x7f, 0xff, 0xe0, 0x0, 0x0,
    0xf, 0xff, 0xfd, 0xff, 0xff, 0x80, 0x0, 0x0,
    0x3f, 0xff, 0xf7, 0xff, 0xff, 0x0, 0x0, 0x1,
    0xff, 0xff, 0xdf, 0xff, 0xfc, 0x0, 0x0, 0x7,
    0xff, 0xfe, 0x3f, 0xff, 0xf8, 0x0, 0x0, 0x3f,
    0xff, 0xf8, 0xff, 0xff, 0xf0, 0x0, 0x0, 0xff,
    0xff, 0xe3, 0xff, 0xff, 0xe0, 0x0, 0x7, 0xff,
    0xff, 0x87, 0xff, 0xff, 0xc0, 0x0, 0x7f, 0xff,
    0xfc, 0x1f, 0xff, 0xff, 0xc0, 0x3, 0xff, 0xff,
    0xf0, 0x3f, 0xff, 0xff, 0xff, 0xff, 0xff, 0xff,
    0x80, 0xff, 0xff, 0xff, 0xff, 0xff, 0xff, 0xfe,
    0x1, 0xff, 0xff, 0xff, 0xff, 0xff, 0xff, 0xf0,
    0x3, 0xff, 0xff, 0xff, 0xff, 0xff, 0xff, 0x80,
    0x7, 0xff, 0xff, 0xff, 0xff, 0xff, 0xfe, 0x0,
    0xf, 0xff, 0xff, 0xff, 0xff, 0xff, 0xf0, 0x0,
    0x1f, 0xff, 0xff, 0xff, 0xff, 0xff, 0x80, 0x0,
    0x3f, 0xff, 0xff, 0xff, 0xff, 0xfc, 0x0, 0x0,
    0x7f, 0xff, 0xff, 0xff, 0xff, 0xc0, 0x0, 0x0,
    0x7f, 0xff, 0xff, 0xff, 0xfe, 0x0, 0x0, 0x0,
    0x7f, 0xff, 0xff, 0xff, 0xe0, 0x0, 0x0, 0x0,
    0x7f, 0xff, 0xff, 0xfc, 0x0, 0x0, 0x0, 0x0,
    0x1f, 0xff, 0xff, 0xc0, 0x0, 0x0, 0x0, 0x0,
    0x7, 0xff, 0xe0, 0x0, 0x0, 0x0, 0x0, 0x0,
    0x7, 0xfe, 0x0, 0x0, 0x0, 0x0, 0x0, 0x0,
    0x1f, 0xf8, 0x0, 0x0, 0x0, 0x0, 0x0, 0x0,
    0x7f, 0xe0, 0x0, 0x0, 0x0, 0x0, 0x0, 0x1,
    0xff, 0x80, 0x0, 0x0, 0x0, 0x0, 0x0, 0x7,
    0xfe, 0x0, 0x0, 0x0, 0x0, 0x0, 0x0, 0x1f,
    0xf8, 0x0, 0x0, 0x0, 0x0, 0x0, 0x0, 0x7f,
    0xe0, 0x0, 0x0, 0x0, 0x0, 0x0, 0x1, 0xff,
    0x80, 0x0, 0x0, 0x0, 0x0, 0x0, 0x7, 0xfe,
    0x0, 0x0, 0x0, 0x0, 0x0, 0x0, 0x1f, 0xf8,
    0x0, 0x0, 0x0, 0x0, 0x0, 0x0, 0x7f, 0xe0,
    0x0, 0x0, 0x0, 0x0, 0x0, 0x1, 0xff, 0x80,
    0x0, 0x0, 0x0,

    /* U+0025 "%" */
    0x0, 0x3, 0xff, 0x80, 0x0, 0x0, 0x0, 0x0,
    0x0, 0x0, 0x0, 0x3, 0xff, 0xfe, 0x0, 0x0,
    0x0, 0x0, 0x0, 0x0, 0x0, 0x1, 0xff, 0xff,
    0xf0, 0x0, 0x0, 0x0, 0x0, 0x0, 0x0, 0x0,
    0xff, 0xff, 0xff, 0x80, 0x0, 0x0, 0x0, 0x0,
    0x0, 0x0, 0x3f, 0xff, 0xff, 0xf8, 0x0, 0x0,
    0x0, 0x0, 0x0, 0x0, 0xf, 0xff, 0xff, 0xff,
    0x80, 0x0, 0x0, 0x0, 0x0, 0x0, 0x3, 0xff,
    0xff, 0xff, 0xf8, 0x0, 0x0, 0x0, 0x0, 0x0,
    0x0, 0xff, 0xff, 0xff, 0xff, 0x80, 0x0, 0x0,
    0x0, 0x0, 0x0, 0x1f, 0xff, 0xff, 0xff, 0xf0,
    0x0, 0x0, 0x0, 0x0, 0x0, 0x7, 0xff, 0xff,
    0xff, 0xff, 0x0, 0x0, 0x0, 0x0, 0x0, 0x0,
    0xff, 0xfe, 0xf, 0xff, 0xe0, 0x0, 0x0, 0x60,
    0x0, 0x0, 0x3f, 0xff, 0x0, 0x7f, 0xfe, 0x0,
    0x0, 0x1f, 0x0, 0x0, 0x7, 0xff, 0xc0, 0x7,
    0xff, 0xc0, 0x0, 0x3, 0xf8, 0x0, 0x0, 0xff,
    0xf0, 0x0, 0x7f, 0xf8, 0x0, 0x0, 0xff, 0xc0,
    0x0, 0x3f, 0xfe, 0x0, 0xf, 0xff, 0x80, 0x0,
    0x3f, 0xfc, 0x0, 0x7, 0xff, 0xc0, 0x1, 0xff,
    0xf0, 0x0, 0x7, 0xff, 0x0, 0x0, 0xff, 0xf0,
    0x0, 0x1f, 0xfe, 0x0, 0x1, 0xff, 0xe0, 0x0,
    0x1f, 0xfe, 0x0, 0x3, 0xff, 0xc0, 0x0, 0x7f,
    0xf8, 0x0, 0x3, 0xff, 0xc0, 0x0, 0x7f, 0xf8,
    0x0, 0xf, 0xfe, 0x0, 0x0, 0x7f, 0xf8, 0x0,
    0xf, 0xff, 0x0, 0x3, 0xff, 0xc0, 0x0, 0xf,
    0xff, 0x0, 0x1, 0xff, 0xe0, 0x0, 0x7f, 0xf0,
    0x0, 0x1, 0xff, 0xe0, 0x0, 0x3f, 0xfc, 0x0,
    0x1f, 0xfe, 0x0, 0x0, 0x3f, 0xfc, 0x0, 0x7,
    0xff, 0x80, 0x7, 0xff, 0x80, 0x0, 0x7, 0xff,
    0x80, 0x0, 0xff, 0xf0, 0x0, 0xff, 0xe0, 0x0,
    0x0, 0xff, 0xf0, 0x0, 0x1f, 0xfe, 0x0, 0x3f,
    0xfc, 0x0, 0x0, 0x1f, 0xfe, 0x0, 0x3, 0xff,
    0xc0, 0xf, 0xff, 0x0, 0x0, 0x3, 0xff, 0xc0,
    0x0, 0x7f, 0xf8, 0x1, 0xff, 0xc0, 0x0, 0x0,
    0x7f, 0xf8, 0x0, 0x1f, 0xff, 0x0, 0x7f, 0xf8,
    0x0, 0x0, 0xf, 0xff, 0x80, 0x3, 0xff, 0xe0,
    0xf, 0xfe, 0x0, 0x0, 0x0, 0xff, 0xf0, 0x0,
    0x7f, 0xf8, 0x3, 0xff, 0xc0, 0x0, 0x0, 0x1f,
    0xff, 0x0, 0x1f, 0xff, 0x0, 0xff, 0xf0, 0x0,
    0x0, 0x3, 0xff, 0xf0, 0x7, 0xff, 0xe0, 0x1f,
    0xfc, 0x0, 0x0, 0x0, 0x3f, 0xff, 0x83, 0xff,
    0xf8, 0x7, 0xff, 0x80, 0x0, 0x0, 0x7, 0xff,
    0xff, 0xff, 0xff, 0x1, 0xff, 0xe0, 0x0, 0x0,
    0x0, 0x7f, 0xff, 0xff, 0xff, 0xc0, 0x3f, 0xf8,
    0x0, 0x0, 0x0, 0xf, 0xff, 0xff, 0xff, 0xf8,
    0xf, 0xff, 0x0, 0x0, 0x0, 0x0, 0xff, 0xff,
    0xff, 0xfe, 0x1, 0xff, 0xc0, 0x0, 0x0, 0x0,
    0xf, 0xff, 0xff, 0xff, 0x80, 0x7f, 0xf0, 0x0,
    0x0, 0x0, 0x0, 0xff, 0xff, 0xff, 0xe0, 0x1f,
    0xfe, 0x0, 0x0, 0x0, 0x0, 0xf, 0xff, 0xff,
    0xf8, 0x3, 0xff, 0x80, 0x0, 0x0, 0x0, 0x0,
    0x7f, 0xff, 0xfc, 0x0, 0xff, 0xf0, 0x0, 0x0,
    0x0, 0x0, 0x3, 0xff, 0xfe, 0x0, 0x3f, 0xfc,
    0x0, 0x0, 0x0, 0x0, 0x0, 0xf, 0xfe, 0x0,
    0x7, 0xff, 0x0, 0x0, 0x0, 0x0, 0x0, 0x0,
    0x0, 0x0, 0x1, 0xff, 0xe0, 0x0, 0x0, 0x0,
    0x0, 0x0, 0x0, 0x0, 0x0, 0x3f, 0xf8, 0x0,
    0x0, 0x0, 0x0, 0x0, 0x0, 0x0, 0x0, 0xf,
    0xfe, 0x0, 0x0, 0x0, 0x0, 0x0, 0x0, 0x0,
    0x0, 0x3, 0xff, 0xc0, 0x0, 0x0, 0x0, 0x0,
    0x0, 0x0, 0x0, 0x0, 0x7f, 0xf0, 0x0, 0x0,
    0x0, 0x0, 0x0, 0x0, 0x0, 0x0, 0x1f, 0xfe,
    0x0, 0x0, 0x0, 0x0, 0x0, 0x0, 0x0, 0x0,
    0x7, 0xff, 0x80, 0x0, 0x0, 0x0, 0x0, 0x0,
    0x0, 0x0, 0x0, 0xff, 0xe0, 0x0, 0x0, 0x0,
    0x0, 0x0, 0x0, 0x0, 0x0, 0x3f, 0xfc, 0x0,
    0x0, 0x0, 0x0, 0x0, 0x0, 0x0, 0x0, 0x7,
    0xff, 0x0, 0x1, 0xff, 0x80, 0x0, 0x0, 0x0,
    0x0, 0x1, 0xff, 0xc0, 0x3, 0xff, 0xfe, 0x0,
    0x0, 0x0, 0x0, 0x0, 0x7f, 0xf8, 0x1, 0xff,
    0xff, 0xf0, 0x0, 0x0, 0x0, 0x0, 0xf, 0xfe,
    0x0, 0xff, 0xff, 0xff, 0x80, 0x0, 0x0, 0x0,
    0x3, 0xff, 0xc0, 0x3f, 0xff, 0xff, 0xf8, 0x0,
    0x0, 0x0, 0x0, 0xff, 0xf0, 0xf, 0xff, 0xff,
    0xff, 0x80, 0x0, 0x0, 0x0, 0x1f, 0xfc, 0x3,
    0xff, 0xff, 0xff, 0xf8, 0x0, 0x0, 0x0, 0x7,
    0xff, 0x80, 0xff, 0xff, 0xff, 0xff, 0x80, 0x0,
    0x0, 0x0, 0xff, 0xe0, 0x1f, 0xff, 0xff, 0xff,
    0xf0, 0x0, 0x0, 0x0, 0x3f, 0xf8, 0x7, 0xff,
    0xff, 0xff, 0xff, 0x0, 0x0, 0x0, 0xf, 0xff,
    0x0, 0xff, 0xfe, 0xf, 0xff, 0xe0, 0x0, 0x0,
    0x1, 0xff, 0xc0, 0x3f, 0xff, 0x0, 0x7f, 0xfe,
    0x0, 0x0, 0x0, 0x7f, 0xf8, 0x7, 0xff, 0xc0,
    0x7, 0xff, 0xc0, 0x0, 0x0, 0x1f, 0xfe, 0x0,
    0xff, 0xf0, 0x0, 0x7f, 0xf8, 0x0, 0x0, 0x3,
    0xff, 0x80, 0x3f, 0xfe, 0x0, 0xf, 0xff, 0x80,
    0x0, 0x0, 0xff, 0xf0, 0x7, 0xff, 0x80, 0x0,
    0xff, 0xf0, 0x0, 0x0, 0x1f, 0xfc, 0x0, 0xff,
    0xf0, 0x0, 0x1f, 0xfe, 0x0, 0x0, 0x7, 0xff,
    0x0, 0x1f, 0xfe, 0x0, 0x3, 0xff, 0xc0, 0x0,
    0x1, 0xff, 0xe0, 0x3, 0xff, 0xc0, 0x0, 0x7f,
    0xf8, 0x0, 0x0, 0x3f, 0xf8, 0x0, 0x7f, 0xf8,
    0x0, 0xf, 0xff, 0x0, 0x0, 0xf, 0xfe, 0x0,
    0xf, 0xff, 0x0, 0x1, 0xff, 0xe0, 0x0, 0x3,
    0xff, 0xc0, 0x1, 0xff, 0xe0, 0x0, 0x3f, 0xfc,
    0x0, 0x0, 0x7f, 0xf0, 0x0, 0x3f, 0xfc, 0x0,
    0x7, 0xff, 0x80, 0x0, 0x1f, 0xfe, 0x0, 0x7,
    0xff, 0x80, 0x0, 0xff, 0xf0, 0x0, 0x3, 0xff,
    0x80, 0x0, 0xff, 0xf0, 0x0, 0x1f, 0xfe, 0x0,
    0x0, 0xff, 0xe0, 0x0, 0x1f, 0xfe, 0x0, 0x3,
    0xff, 0xc0, 0x0, 0x3f, 0xfc, 0x0, 0x3, 0xff,
    0xc0, 0x0, 0x7f, 0xf8, 0x0, 0x7, 0xff, 0x0,
    0x0, 0x7f, 0xfc, 0x0, 0x1f, 0xff, 0x0, 0x1,
    0xff, 0xc0, 0x0, 0x7, 0xff, 0x80, 0x3, 0xff,
    0xc0, 0x0, 0x3f, 0xf8, 0x0, 0x0, 0xff, 0xf8,
    0x0, 0xff, 0xf8, 0x0, 0x1, 0xfe, 0x0, 0x0,
    0x1f, 0xff, 0x80, 0x1f, 0xff, 0x0, 0x0, 0x1f,
    0xc0, 0x0, 0x1, 0xff, 0xfc, 0xf, 0xff, 0xc0,
    0x0, 0x0, 0xf0, 0x0, 0x0, 0x3f, 0xff, 0xff,
    0xff, 0xf8, 0x0, 0x0, 0x4, 0x0, 0x0, 0x3,
    0xff, 0xff, 0xff, 0xfe, 0x0, 0x0, 0x0, 0x0,
    0x0, 0x0, 0x7f, 0xff, 0xff, 0xff, 0xc0, 0x0,
    0x0, 0x0, 0x0, 0x0, 0x7, 0xff, 0xff, 0xff,
    0xf0, 0x0, 0x0, 0x0, 0x0, 0x0, 0x0, 0x7f,
    0xff, 0xff, 0xfc, 0x0, 0x0, 0x0, 0x0, 0x0,
    0x0, 0x7, 0xff, 0xff, 0xff, 0x0, 0x0, 0x0,
    0x0, 0x0, 0x0, 0x0, 0x7f, 0xff, 0xff, 0xc0,
    0x0, 0x0, 0x0, 0x0, 0x0, 0x0, 0x3, 0xff,
    0xff, 0xe0, 0x0, 0x0, 0x0, 0x0, 0x0, 0x0,
    0x0, 0x1f, 0xff, 0xf0, 0x0, 0x0, 0x0, 0x0,
    0x0, 0x0, 0x0, 0x0, 0x3f, 0xf0, 0x0, 0x0,

    /* U+0026 "&" */
    0x0, 0x0, 0x0, 0x1f, 0xfc, 0x0, 0x0, 0x0,
    0x0, 0x0, 0x0, 0x0, 0x7, 0xff, 0xff, 0x0,
    0x0, 0x0, 0x0, 0x0, 0x0, 0x0, 0x7f, 0xff,
    0xff, 0x0, 0x0, 0x0, 0x0, 0x0, 0x0, 0x7,
    0xff, 0xff, 0xff, 0x0, 0x0, 0x0, 0x0, 0x0,
    0x0, 0x7f, 0xff, 0xff, 0xff, 0x0, 0x0, 0x0,
    0x0, 0x0, 0x3, 0xff, 0xff, 0xff, 0xfe, 0x0,
    0x0, 0x0, 0x0, 0x0, 0x1f, 0xff, 0xff, 0xff,
    0xfc, 0x0, 0x0, 0x0, 0x0, 0x0, 0xff, 0xff,
    0xff, 0xff, 0xf8, 0x0, 0x0, 0x0, 0x0, 0x7,
    0xff, 0xff, 0xff, 0xff, 0xf0, 0x0, 0x0, 0x0,
    0x0, 0x3f, 0xff, 0xff, 0xff, 0xff, 0xc0, 0x0,
    0x0, 0x0, 0x1, 0xff, 0xff, 0xff, 0xff, 0xff,
    0x80, 0x0, 0x0, 0x0, 0x7, 0xff, 0xff, 0xff,
    0xff, 0xff, 0x0, 0x0, 0x0, 0x0, 0x3f, 0xff,
    0xff, 0xff, 0xff, 0xfc, 0x0, 0x0, 0x0, 0x0,
    0xff, 0xff, 0xff, 0xff, 0xff, 0xf8, 0x0, 0x0,
    0x0, 0x3, 0xff, 0xff, 0xc0, 0xff, 0xff, 0xe0,
    0x0, 0x0, 0x0, 0x1f, 0xff, 0xfc, 0x0, 0xff,
    0xff, 0x80, 0x0, 0x0, 0x0, 0x7f, 0xff, 0xc0,
    0x1, 0xff, 0xfe, 0x0, 0x0, 0x0, 0x1, 0xff,
    0xff, 0x0, 0x3, 0xff, 0xfc, 0x0, 0x0, 0x0,
    0xf, 0xff, 0xf8, 0x0, 0xf, 0xff, 0xf0, 0x0,
    0x0, 0x0, 0x3f, 0xff, 0xe0, 0x0, 0x1f, 0xff,
    0xc0, 0x0, 0x0, 0x0, 0xff, 0xff, 0x0, 0x0,
    0x7f, 0xff, 0x0, 0x0, 0x0, 0x3, 0xff, 0xfc,
    0x0, 0x1, 0xff, 0xfc, 0x0, 0x0, 0x0, 0xf,
    0xff, 0xf0, 0x0, 0x7, 0xff, 0xf0, 0x0, 0x0,
    0x0, 0x3f, 0xff, 0xc0, 0x0, 0x1f, 0xff, 0xc0,
    0x0, 0x0, 0x0, 0xff, 0xff, 0x0, 0x0, 0x7f,
    0xff, 0x0, 0x0, 0x0, 0x3, 0xff, 0xfc, 0x0,
    0x3, 0xff, 0xfc, 0x0, 0x0, 0x0, 0xf, 0xff,
    0xf0, 0x0, 0xf, 0xff, 0xe0, 0x0, 0x0, 0x0,
    0x3f, 0xff, 0xe0, 0x0, 0x3f, 0xff, 0x80, 0x0,
    0x0, 0x0, 0x7f, 0xff, 0x80, 0x1, 0xff, 0xfe,
    0x0, 0x0, 0x0, 0x1, 0xff, 0xff, 0x0, 0xf,
    0xff, 0xf0, 0x0, 0x0, 0x0, 0x7, 0xff, 0xfc,
    0x0, 0x7f, 0xff, 0xc0, 0x0, 0x0, 0x0, 0x1f,
    0xff, 0xf8, 0x3, 0xff, 0xfe, 0x0, 0x0, 0x0,
    0x0, 0x3f, 0xff, 0xf0, 0x3f, 0xff, 0xf8, 0x0,
    0x0, 0x0, 0x0, 0xff, 0xff, 0xc1, 0xff, 0xff,
    0xc0, 0x0, 0x0, 0x0, 0x1, 0xff, 0xff, 0x9f,
    0xff, 0xfe, 0x0, 0x0, 0x0, 0x0, 0x7, 0xff,
    0xff, 0xff, 0xff, 0xf0, 0x0, 0x0, 0x0, 0x0,
    0xf, 0xff, 0xff, 0xff, 0xff, 0x80, 0x0, 0x0,
    0x0, 0x0, 0x3f, 0xff, 0xff, 0xff, 0xfc, 0x0,
    0x0, 0x0, 0x0, 0x0, 0x7f, 0xff, 0xff, 0xff,
    0xe0, 0x0, 0x0, 0x0, 0x0, 0x0, 0xff, 0xff,
    0xff, 0xff, 0x0, 0x0, 0x0, 0x0, 0x0, 0x3,
    0xff, 0xff, 0xff, 0xf8, 0x0, 0x0, 0x0, 0x0,
    0x0, 0x7, 0xff, 0xff, 0xff, 0x80, 0x0, 0x0,
    0x0, 0x0, 0x0, 0xf, 0xff, 0xff, 0xfc, 0x0,
    0x0, 0x0, 0x0, 0x0, 0x0, 0x1f, 0xff, 0xff,
    0xe0, 0x0, 0x0, 0x0, 0x0, 0x0, 0x0, 0xff,
    0xff, 0xfe, 0x0, 0x0, 0x0, 0x0, 0x0, 0x0,
    0x7, 0xff, 0xff, 0xf0, 0x0, 0x0, 0x0, 0x0,
    0x0, 0x0, 0x7f, 0xff, 0xff, 0xe0, 0x0, 0x0,
    0x0, 0x0, 0x0, 0x3, 0xff, 0xff, 0xff, 0xc0,
    0x0, 0x0, 0x0, 0x0, 0x0, 0x1f, 0xff, 0xff,
    0xff, 0x80, 0x0, 0x3f, 0xff, 0x80, 0x0, 0xff,
    0xff, 0xff, 0xff, 0x0, 0x0, 0xff, 0xfe, 0x0,
    0xf, 0xff, 0xff, 0xff, 0xfe, 0x0, 0x3, 0xff,
    0xf8, 0x0, 0x7f, 0xff, 0xff, 0xff, 0xf8, 0x0,
    0xf, 0xff, 0xe0, 0x3, 0xff, 0xff, 0xff, 0xff,
    0xf0, 0x0, 0x3f, 0xff, 0x80, 0xf, 0xff, 0xff,
    0xff, 0xff, 0xe0, 0x0, 0xff, 0xfe, 0x0, 0x7f,
    0xff, 0xff, 0xff, 0xff, 0xc0, 0x7, 0xff, 0xf8,
    0x3, 0xff, 0xff, 0xcf, 0xff, 0xff, 0x80, 0x1f,
    0xff, 0xe0, 0x1f, 0xff, 0xfe, 0x1f, 0xff, 0xff,
    0x0, 0x7f, 0xff, 0x0, 0x7f, 0xff, 0xf0, 0x3f,
    0xff, 0xfe, 0x1, 0xff, 0xfc, 0x3, 0xff, 0xff,
    0x80, 0x7f, 0xff, 0xf8, 0x7, 0xff, 0xf0, 0xf,
    0xff, 0xfc, 0x0, 0xff, 0xff, 0xf0, 0x3f, 0xff,
    0xc0, 0x7f, 0xff, 0xf0, 0x1, 0xff, 0xff, 0xe0,
    0xff, 0xff, 0x1, 0xff, 0xff, 0x80, 0x3, 0xff,
    0xff, 0xc7, 0xff, 0xfc, 0x7, 0xff, 0xfe, 0x0,
    0xf, 0xff, 0xff, 0x9f, 0xff, 0xe0, 0x3f, 0xff,
    0xf8, 0x0, 0x1f, 0xff, 0xff, 0x7f, 0xff, 0x80,
    0xff, 0xff, 0xc0, 0x0, 0x3f, 0xff, 0xff, 0xff,
    0xfe, 0x3, 0xff, 0xff, 0x0, 0x0, 0x7f, 0xff,
    0xff, 0xff, 0xf0, 0xf, 0xff, 0xfc, 0x0, 0x0,
    0xff, 0xff, 0xff, 0xff, 0xc0, 0x3f, 0xff, 0xf0,
    0x0, 0x1, 0xff, 0xff, 0xff, 0xff, 0x0, 0xff,
    0xff, 0xc0, 0x0, 0x3, 0xff, 0xff, 0xff, 0xf8,
    0x3, 0xff, 0xff, 0x0, 0x0, 0x7, 0xff, 0xff,
    0xff, 0xe0, 0xf, 0xff, 0xfc, 0x0, 0x0, 0x1f,
    0xff, 0xff, 0xff, 0x0, 0x3f, 0xff, 0xf8, 0x0,
    0x0, 0x3f, 0xff, 0xff, 0xfc, 0x0, 0xff, 0xff,
    0xe0, 0x0, 0x0, 0x7f, 0xff, 0xff, 0xe0, 0x3,
    0xff, 0xff, 0x80, 0x0, 0x0, 0xff, 0xff, 0xff,
    0x80, 0x7, 0xff, 0xff, 0x0, 0x0, 0x1, 0xff,
    0xff, 0xfc, 0x0, 0x1f, 0xff, 0xfe, 0x0, 0x0,
    0x3, 0xff, 0xff, 0xf0, 0x0, 0x7f, 0xff, 0xfc,
    0x0, 0x0, 0x1f, 0xff, 0xff, 0x80, 0x0, 0xff,
    0xff, 0xf8, 0x0, 0x1, 0xff, 0xff, 0xff, 0x0,
    0x3, 0xff, 0xff, 0xf0, 0x0, 0x1f, 0xff, 0xff,
    0xfe, 0x0, 0xf, 0xff, 0xff, 0xf8, 0x7, 0xff,
    0xff, 0xff, 0xfc, 0x0, 0x1f, 0xff, 0xff, 0xff,
    0xff, 0xff, 0xff, 0xff, 0xf0, 0x0, 0x3f, 0xff,
    0xff, 0xff, 0xff, 0xff, 0xff, 0xff, 0xe0, 0x0,
    0xff, 0xff, 0xff, 0xff, 0xff, 0xff, 0xff, 0xff,
    0xc0, 0x1, 0xff, 0xff, 0xff, 0xff, 0xff, 0xff,
    0xff, 0xff, 0x80, 0x3, 0xff, 0xff, 0xff, 0xff,
    0xff, 0xff, 0xff, 0xff, 0x0, 0x7, 0xff, 0xff,
    0xff, 0xff, 0xff, 0xff, 0xff, 0xfe, 0x0, 0xf,
    0xff, 0xff, 0xff, 0xff, 0xff, 0xff, 0xff, 0xfc,
    0x0, 0x1f, 0xff, 0xff, 0xff, 0xff, 0xfe, 0xff,
    0xff, 0xf8, 0x0, 0x3f, 0xff, 0xff, 0xff, 0xff,
    0xe1, 0xff, 0xff, 0xe0, 0x0, 0x3f, 0xff, 0xff,
    0xff, 0xfe, 0x3, 0xff, 0xff, 0xc0, 0x0, 0x3f,
    0xff, 0xff, 0xff, 0xe0, 0x7, 0xff, 0xff, 0x80,
    0x0, 0x3f, 0xff, 0xff, 0xfe, 0x0, 0xf, 0xff,
    0xff, 0x0, 0x0, 0x3f, 0xff, 0xff, 0xc0, 0x0,
    0x0, 0x0, 0x0, 0x0, 0x0, 0x7, 0xff, 0xe0,
    0x0, 0x0, 0x0, 0x0, 0x0,

    /* U+0027 "'" */
    0xff, 0xff, 0xff, 0xff, 0xff, 0xff, 0xff, 0xff,
    0xff, 0xff, 0xff, 0xff, 0xff, 0xff, 0xff, 0xff,
    0xff, 0xff, 0xff, 0xff, 0xff, 0xff, 0xff, 0xff,
    0xff, 0xff, 0xff, 0xf7, 0xff, 0xbf, 0xfd, 0xff,
    0xef, 0xff, 0x7f, 0xfb, 0xff, 0xdf, 0xfe, 0xff,
    0xf7, 0xff, 0xbf, 0xfd, 0xff, 0xef, 0xff, 0x7f,
    0xfb, 0xff, 0x9f, 0xfc, 0xff, 0xe7, 0xff, 0x0,

    /* U+0028 "(" */
    0x0, 0x0, 0x0, 0x6, 0x0, 0x0, 0x0, 0x3,
    0xc0, 0x0, 0x0, 0x3, 0xf0, 0x0, 0x0, 0x1,
    0xfc, 0x0, 0x0, 0x1, 0xff, 0x80, 0x0, 0x0,
    0xff, 0xe0, 0x0, 0x0, 0x7f, 0xf8, 0x0, 0x0,
    0x3f, 0xff, 0x0, 0x0, 0x1f, 0xff, 0xc0, 0x0,
    0xf, 0xff, 0xf0, 0x0, 0x7, 0xff, 0xf8, 0x0,
    0x3, 0xff, 0xfc, 0x0, 0x0, 0xff, 0xfe, 0x0,
    0x0, 0x7f, 0xff, 0x0, 0x0, 0x3f, 0xff, 0x80,
    0x0, 0xf, 0xff, 0xc0, 0x0, 0x7, 0xff, 0xe0,
    0x0, 0x3, 0xff, 0xf8, 0x0, 0x0, 0xff, 0xfc,
    0x0, 0x0, 0x7f, 0xfe, 0x0, 0x0, 0x3f, 0xff,
    0x80, 0x0, 0xf, 0xff, 0xc0, 0x0, 0x7, 0xff,
    0xf0, 0x0, 0x1, 0xff, 0xf8, 0x0, 0x0, 0xff,
    0xfe, 0x0, 0x0, 0x3f, 0xff, 0x0, 0x0, 0x1f,
    0xff, 0xc0, 0x0, 0x7, 0xff, 0xe0, 0x0, 0x3,
    0xff, 0xf8, 0x0, 0x0, 0xff, 0xfc, 0x0, 0x0,
    0x3f, 0xff, 0x0, 0x0, 0x1f, 0xff, 0xc0, 0x0,
    0x7, 0xff, 0xe0, 0x0, 0x1, 0xff, 0xf8, 0x0,
    0x0, 0xff, 0xfe, 0x0, 0x0, 0x3f, 0xff, 0x0,
    0x0, 0xf, 0xff, 0xc0, 0x0, 0x7, 0xff, 0xf0,
    0x0, 0x1, 0xff, 0xfc, 0x0, 0x0, 0x7f, 0xfe,
    0x0, 0x0, 0x1f, 0xff, 0x80, 0x0, 0xf, 0xff,
    0xe0, 0x0, 0x3, 0xff, 0xf8, 0x0, 0x0, 0xff,
    0xfe, 0x0, 0x0, 0x3f, 0xff, 0x0, 0x0, 0xf,
    0xff, 0xc0, 0x0, 0x7, 0xff, 0xf0, 0x0, 0x1,
    0xff, 0xfc, 0x0, 0x0, 0x7f, 0xff, 0x0, 0x0,
    0x1f, 0xff, 0xc0, 0x0, 0x7, 0xff, 0xf0, 0x0,
    0x1, 0xff, 0xfc, 0x0, 0x0, 0x7f, 0xfe, 0x0,
    0x0, 0x3f, 0xff, 0x80, 0x0, 0xf, 0xff, 0xe0,
    0x0, 0x3, 0xff, 0xf8, 0x0, 0x0, 0xff, 0xfe,
    0x0, 0x0, 0x3f, 0xff, 0x80, 0x0, 0xf, 0xff,
    0xe0, 0x0, 0x3, 0xff, 0xf8, 0x0, 0x0, 0xff,
    0xfe, 0x0, 0x0, 0x3f, 0xff, 0x80, 0x0, 0xf,
    0xff, 0xe0, 0x0, 0x3, 0xff, 0xf8, 0x0, 0x0,
    0xff, 0xfe, 0x0, 0x0, 0x3f, 0xff, 0x80, 0x0,
    0xf, 0xff, 0xe0, 0x0, 0x3, 0xff, 0xf8, 0x0,
    0x0, 0xff, 0xfe, 0x0, 0x0, 0x3f, 0xff, 0x80,
    0x0, 0xf, 0xff, 0xe0, 0x0, 0x3, 0xff, 0xf8,
    0x0, 0x0, 0xff, 0xfe, 0x0, 0x0, 0x3f, 0xff,
    0x80, 0x0, 0xf, 0xff, 0xe0, 0x0, 0x3, 0xff,
    0xf8, 0x0, 0x0, 0x7f, 0xfe, 0x0, 0x0, 0x1f,
    0xff, 0xc0, 0x0, 0x7, 0xff, 0xf0, 0x0, 0x1,
    0xff, 0xfc, 0x0, 0x0, 0x7f, 0xff, 0x0, 0x0,
    0x1f, 0xff, 0xc0, 0x0, 0x7, 0xff, 0xf0, 0x0,
    0x1, 0xff, 0xfc, 0x0, 0x0, 0x3f, 0xff, 0x0,
    0x0, 0xf, 0xff, 0xe0, 0x0, 0x3, 0xff, 0xf8,
    0x0, 0x0, 0xff, 0xfe, 0x0, 0x0, 0x1f, 0xff,
    0x80, 0x0, 0x7, 0xff, 0xe0, 0x0, 0x1, 0xff,
    0xfc, 0x0, 0x0, 0x7f, 0xff, 0x0, 0x0, 0xf,
    0xff, 0xc0, 0x0, 0x3, 0xff, 0xf0, 0x0, 0x0,
    0xff, 0xfe, 0x0, 0x0, 0x1f, 0xff, 0x80, 0x0,
    0x7, 0xff, 0xe0, 0x0, 0x1, 0xff, 0xfc, 0x0,
    0x0, 0x3f, 0xff, 0x0, 0x0, 0xf, 0xff, 0xc0,
    0x0, 0x3, 0xff, 0xf8, 0x0, 0x0, 0x7f, 0xfe,
    0x0, 0x0, 0x1f, 0xff, 0xc0, 0x0, 0x3, 0xff,
    0xf0, 0x0, 0x0, 0xff, 0xfc, 0x0, 0x0, 0x1f,
    0xff, 0x80, 0x0, 0x7, 0xff, 0xe0, 0x0, 0x0,
    0xff, 0xfc, 0x0, 0x0, 0x3f, 0xff, 0x0, 0x0,
    0x7, 0xff, 0xe0, 0x0, 0x1, 0xff, 0xfc, 0x0,
    0x0, 0x3f, 0xff, 0x0, 0x0, 0x7, 0xff, 0xe0,
    0x0, 0x1, 0xff, 0xfc, 0x0, 0x0, 0x3f, 0xff,
    0x80, 0x0, 0x7, 0xff, 0xe0, 0x0, 0x1, 0xff,
    0xfc, 0x0, 0x0, 0x3f, 0xff, 0x80, 0x0, 0x7,
    0xff, 0xf0, 0x0, 0x0, 0xff, 0xfe, 0x0, 0x0,
    0x1f, 0xff, 0xc0, 0x0, 0x3, 0xff, 0xf0, 0x0,
    0x0, 0x7f, 0xfc, 0x0, 0x0, 0xf, 0xfe, 0x0,
    0x0, 0x1, 0xff, 0x80, 0x0, 0x0, 0x3f, 0xc0,
    0x0, 0x0, 0x3, 0xf0, 0x0, 0x0, 0x0, 0x7c,
    0x0, 0x0, 0x0, 0x6, 0x0, 0x0, 0x0, 0x0,
    0x0,

    /* U+0029 ")" */
    0x18, 0x0, 0x0, 0x0, 0x7, 0xc0, 0x0, 0x0,
    0x0, 0xfc, 0x0, 0x0, 0x0, 0x1f, 0xe0, 0x0,
    0x0, 0x7, 0xfe, 0x0, 0x0, 0x0, 0xff, 0xe0,
    0x0, 0x0, 0x1f, 0xfe, 0x0, 0x0, 0x7, 0xff,
    0xe0, 0x0, 0x0, 0xff, 0xfe, 0x0, 0x0, 0x1f,
    0xff, 0xe0, 0x0, 0x1, 0xff, 0xfe, 0x0, 0x0,
    0x1f, 0xff, 0xe0, 0x0, 0x1, 0xff, 0xfe, 0x0,
    0x0, 0x1f, 0xff, 0xc0, 0x0, 0x1, 0xff, 0xfc,
    0x0, 0x0, 0x1f, 0xff, 0xc0, 0x0, 0x1, 0xff,
    0xfc, 0x0, 0x0, 0x3f, 0xff, 0x80, 0x0, 0x3,
    0xff, 0xf8, 0x0, 0x0, 0x3f, 0xff, 0x0, 0x0,
    0x7, 0xff, 0xf0, 0x0, 0x0, 0x7f, 0xff, 0x0,
    0x0, 0xf, 0xff, 0xe0, 0x0, 0x0, 0xff, 0xfe,
    0x0, 0x0, 0x1f, 0xff, 0xc0, 0x0, 0x1, 0xff,
    0xfc, 0x0, 0x0, 0x3f, 0xff, 0x80, 0x0, 0x3,
    0xff, 0xf8, 0x0, 0x0, 0x7f, 0xff, 0x0, 0x0,
    0x7, 0xff, 0xe0, 0x0, 0x0, 0xff, 0xfe, 0x0,
    0x0, 0x1f, 0xff, 0xc0, 0x0, 0x1, 0xff, 0xfc,
    0x0, 0x0, 0x3f, 0xff, 0x80, 0x0, 0x7, 0xff,
    0xf0, 0x0, 0x0, 0xff, 0xff, 0x0, 0x0, 0xf,
    0xff, 0xe0, 0x0, 0x1, 0xff, 0xfc, 0x0, 0x0,
    0x3f, 0xff, 0xc0, 0x0, 0x7, 0xff, 0xf8, 0x0,
    0x0, 0x7f, 0xff, 0x0, 0x0, 0xf, 0xff, 0xe0,
    0x0, 0x1, 0xff, 0xfe, 0x0, 0x0, 0x3f, 0xff,
    0xc0, 0x0, 0x3, 0xff, 0xf8, 0x0, 0x0, 0x7f,
    0xff, 0x0, 0x0, 0xf, 0xff, 0xe0, 0x0, 0x1,
    0xff, 0xfe, 0x0, 0x0, 0x3f, 0xff, 0xc0, 0x0,
    0x7, 0xff, 0xf8, 0x0, 0x0, 0xff, 0xff, 0x0,
    0x0, 0x1f, 0xff, 0xe0, 0x0, 0x1, 0xff, 0xfc,
    0x0, 0x0, 0x3f, 0xff, 0x80, 0x0, 0x7, 0xff,
    0xf8, 0x0, 0x0, 0xff, 0xff, 0x0, 0x0, 0x1f,
    0xff, 0xe0, 0x0, 0x3, 0xff, 0xfc, 0x0, 0x0,
    0x7f, 0xff, 0x80, 0x0, 0xf, 0xff, 0xf0, 0x0,
    0x1, 0xff, 0xfe, 0x0, 0x0, 0x3f, 0xff, 0xc0,
    0x0, 0x7, 0xff, 0xf8, 0x0, 0x0, 0xff, 0xff,
    0x0, 0x0, 0x1f, 0xff, 0xe0, 0x0, 0x3, 0xff,
    0xfc, 0x0, 0x0, 0x7f, 0xff, 0x80, 0x0, 0xf,
    0xff, 0xf0, 0x0, 0x1, 0xff, 0xfe, 0x0, 0x0,
    0x3f, 0xff, 0xc0, 0x0, 0x7, 0xff, 0xf8, 0x0,
    0x0, 0xff, 0xff, 0x0, 0x0, 0x1f, 0xff, 0xe0,
    0x0, 0x3, 0xff, 0xfc, 0x0, 0x0, 0x7f, 0xff,
    0x80, 0x0, 0xf, 0xff, 0xf0, 0x0, 0x1, 0xff,
    0xfc, 0x0, 0x0, 0x7f, 0xff, 0x80, 0x0, 0xf,
    0xff, 0xf0, 0x0, 0x1, 0xff, 0xfe, 0x0, 0x0,
    0x3f, 0xff, 0xc0, 0x0, 0x7, 0xff, 0xf8, 0x0,
    0x0, 0xff, 0xff, 0x0, 0x0, 0x1f, 0xff, 0xc0,
    0x0, 0x3, 0xff, 0xf8, 0x0, 0x0, 0xff, 0xff,
    0x0, 0x0, 0x1f, 0xff, 0xe0, 0x0, 0x3, 0xff,
    0xf8, 0x0, 0x0, 0x7f, 0xff, 0x0, 0x0, 0xf,
    0xff, 0xe0, 0x0, 0x3, 0xff, 0xfc, 0x0, 0x0,
    0x7f, 0xff, 0x0, 0x0, 0xf, 0xff, 0xe0, 0x0,
    0x1, 0xff, 0xfc, 0x0, 0x0, 0x7f, 0xff, 0x0,
    0x0, 0xf, 0xff, 0xe0, 0x0, 0x1, 0xff, 0xfc,
    0x0, 0x0, 0x7f, 0xff, 0x0, 0x0, 0xf, 0xff,
    0xe0, 0x0, 0x1, 0xff, 0xfc, 0x0, 0x0, 0x7f,
    0xff, 0x0, 0x0, 0xf, 0xff, 0xe0, 0x0, 0x1,
    0xff, 0xf8, 0x0, 0x0, 0x7f, 0xff, 0x0, 0x0,
    0xf, 0xff, 0xc0, 0x0, 0x3, 0xff, 0xf8, 0x0,
    0x0, 0x7f, 0xfe, 0x0, 0x0, 0x1f, 0xff, 0xc0,
    0x0, 0x3, 0xff, 0xf0, 0x0, 0x0, 0xff, 0xfe,
    0x0, 0x0, 0x3f, 0xff, 0x80, 0x0, 0x7, 0xff,
    0xe0, 0x0, 0x1, 0xff, 0xfc, 0x0, 0x0, 0x7f,
    0xff, 0x0, 0x0, 0xf, 0xff, 0xc0, 0x0, 0x3,
    0xff, 0xf8, 0x0, 0x0, 0xff, 0xfe, 0x0, 0x0,
    0x3f, 0xff, 0x80, 0x0, 0xf, 0xff, 0xe0, 0x0,
    0x3, 0xff, 0xf8, 0x0, 0x0, 0xff, 0xfe, 0x0,
    0x0, 0x1f, 0xff, 0x80, 0x0, 0x1, 0xff, 0xe0,
    0x0, 0x0, 0x3f, 0xf8, 0x0, 0x0, 0x7, 0xfe,
    0x0, 0x0, 0x0, 0x7f, 0x80, 0x0, 0x0, 0xf,
    0xe0, 0x0, 0x0, 0x1, 0xf0, 0x0, 0x0, 0x0,
    0x18, 0x0, 0x0, 0x0, 0x0, 0x0, 0x0, 0x0,
    0x0,

    /* U+002A "*" */
    0x0, 0x0, 0x3, 0xff, 0xc0, 0x0, 0x0, 0x0,
    0x0, 0x7, 0xff, 0x80, 0x0, 0x0, 0x0, 0x0,
    0xf, 0xff, 0x0, 0x0, 0x0, 0x0, 0x0, 0x1f,
    0xfe, 0x0, 0x0, 0x0, 0x0, 0x0, 0x3f, 0xfc,
    0x0, 0x0, 0x0, 0x0, 0x0, 0x7f, 0xf8, 0x0,
    0x0, 0x0, 0x0, 0x0, 0xff, 0xf0, 0x0, 0x0,
    0x0, 0x0, 0x1, 0xff, 0xc0, 0x0, 0x0, 0x0,
    0x0, 0x3, 0xff, 0x80, 0x0, 0x0, 0x0, 0x0,
    0x7, 0xff, 0x0, 0x0, 0x0, 0x0, 0x0, 0xf,
    0xfe, 0x0, 0x0, 0x0, 0x0, 0x0, 0x1f, 0xfc,
    0x0, 0x0, 0x0, 0x0, 0x0, 0x3f, 0xf8, 0x0,
    0x0, 0x0, 0x0, 0x0, 0x7f, 0xf0, 0x0, 0x0,
    0x4, 0x0, 0x0, 0x7f, 0xe0, 0x0, 0x0, 0xf,
    0x0, 0x0, 0xff, 0xc0, 0x0, 0x38, 0x1f, 0xc0,
    0x1, 0xff, 0x80, 0x1, 0xf0, 0x7f, 0xe0, 0x3,
    0xff, 0x0, 0x1f, 0xf0, 0xff, 0xf8, 0x7, 0xfe,
    0x0, 0xff, 0xe1, 0xff, 0xfc, 0xf, 0xfc, 0xf,
    0xff, 0xc7, 0xff, 0xff, 0x1f, 0xf8, 0x7f, 0xff,
    0xcf, 0xff, 0xff, 0xbf, 0xf3, 0xff, 0xff, 0x9f,
    0xff, 0xff, 0xff, 0xff, 0xff, 0xff, 0x7f, 0xff,
    0xff, 0xff, 0xff, 0xff, 0xff, 0xff, 0xff, 0xff,
    0xff, 0xff, 0xff, 0xfe, 0xff, 0xff, 0xff, 0xff,
    0xff, 0xff, 0xfc, 0x1f, 0xff, 0xff, 0xff, 0xff,
    0xff, 0xe0, 0x7, 0xff, 0xff, 0xff, 0xff, 0xfc,
    0x0, 0x0, 0xff, 0xff, 0xff, 0xff, 0xc0, 0x0,
    0x0, 0x3f, 0xff, 0xff, 0xf8, 0x0, 0x0, 0x0,
    0x7, 0xff, 0xff, 0x80, 0x0, 0x0, 0x0, 0xf,
    0xff, 0xf0, 0x0, 0x0, 0x0, 0x0, 0x3f, 0xff,
    0xf0, 0x0, 0x0, 0x0, 0x0, 0xff, 0xff, 0xf0,
    0x0, 0x0, 0x0, 0x1, 0xff, 0xff, 0xf0, 0x0,
    0x0, 0x0, 0x7, 0xff, 0xff, 0xe0, 0x0, 0x0,
    0x0, 0x1f, 0xff, 0xff, 0xe0, 0x0, 0x0, 0x0,
    0x7f, 0xfd, 0xff, 0xe0, 0x0, 0x0, 0x1, 0xff,
    0xf3, 0xff, 0xe0, 0x0, 0x0, 0x3, 0xff, 0xc3,
    0xff, 0xe0, 0x0, 0x0, 0xf, 0xff, 0x87, 0xff,
    0xc0, 0x0, 0x0, 0x3f, 0xfe, 0x7, 0xff, 0xc0,
    0x0, 0x0, 0xff, 0xf8, 0x7, 0xff, 0xc0, 0x0,
    0x3, 0xff, 0xf0, 0xf, 0xff, 0xc0, 0x0, 0x7,
    0xff, 0xc0, 0xf, 0xff, 0xc0, 0x0, 0x1f, 0xff,
    0x80, 0xf, 0xff, 0x80, 0x0, 0x7f, 0xfe, 0x0,
    0x1f, 0xff, 0x80, 0x1, 0xff, 0xf8, 0x0, 0x1f,
    0xff, 0x80, 0x1, 0xff, 0xf0, 0x0, 0x3f, 0xff,
    0x0, 0x1, 0xff, 0xc0, 0x0, 0x3f, 0xfc, 0x0,
    0x0, 0xff, 0x0, 0x0, 0x3f, 0xe0, 0x0, 0x0,
    0xfe, 0x0, 0x0, 0x7f, 0x80, 0x0, 0x0, 0x78,
    0x0, 0x0, 0x7c, 0x0, 0x0, 0x0, 0x60, 0x0,
    0x0, 0x70, 0x0, 0x0, 0x0, 0x0, 0x0, 0x0,
    0x80, 0x0, 0x0,

    /* U+002B "+" */
    0x0, 0x0, 0x1, 0xff, 0xff, 0x0, 0x0, 0x0,
    0x0, 0x0, 0x3, 0xff, 0xfe, 0x0, 0x0, 0x0,
    0x0, 0x0, 0x7, 0xff, 0xfc, 0x0, 0x0, 0x0,
    0x0, 0x0, 0xf, 0xff, 0xf8, 0x0, 0x0, 0x0,
    0x0, 0x0, 0x1f, 0xff, 0xf0, 0x0, 0x0, 0x0,
    0x0, 0x0, 0x3f, 0xff, 0xe0, 0x0, 0x0, 0x0,
    0x0, 0x0, 0x7f, 0xff, 0xc0, 0x0, 0x0, 0x0,
    0x0, 0x0, 0xff, 0xff, 0x80, 0x0, 0x0, 0x0,
    0x0, 0x1, 0xff, 0xff, 0x0, 0x0, 0x0, 0x0,
    0x0, 0x3, 0xff, 0xfe, 0x0, 0x0, 0x0, 0x0,
    0x0, 0x7, 0xff, 0xfc, 0x0, 0x0, 0x0, 0x0,
    0x0, 0xf, 0xff, 0xf8, 0x0, 0x0, 0x0, 0x0,
    0x0, 0x1f, 0xff, 0xf0, 0x0, 0x0, 0x0, 0x0,
    0x0, 0x3f, 0xff, 0xe0, 0x0, 0x0, 0x0, 0x0,
    0x0, 0x7f, 0xff, 0xc0, 0x0, 0x0, 0x0, 0x0,
    0x0, 0xff, 0xff, 0x80, 0x0, 0x0, 0x0, 0x0,
    0x1, 0xff, 0xff, 0x0, 0x0, 0x0, 0x0, 0x0,
    0x3, 0xff, 0xfe, 0x0, 0x0, 0x0, 0x0, 0x0,
    0x7, 0xff, 0xfc, 0x0, 0x0, 0x0, 0x0, 0x0,
    0xf, 0xff, 0xf8, 0x0, 0x0, 0x0, 0x0, 0x0,
    0x1f, 0xff, 0xf0, 0x0, 0x0, 0x0, 0x0, 0x0,
    0x3f, 0xff, 0xe0, 0x0, 0x0, 0x0, 0x0, 0x0,
    0x7f, 0xff, 0xc0, 0x0, 0x0, 0x0, 0x0, 0x0,
    0xff, 0xff, 0x80, 0x0, 0x0, 0x0, 0x0, 0x1,
    0xff, 0xff, 0x0, 0x0, 0x0, 0x0, 0x0, 0x3,
    0xff, 0xfe, 0x0, 0x0, 0x3, 0xff, 0xff, 0xff,
    0xff, 0xff, 0xff, 0xff, 0xff, 0xff, 0xff, 0xff,
    0xff, 0xff, 0xff, 0xff, 0xff, 0xff, 0xff, 0xff,
    0xff, 0xff, 0xff, 0xff, 0xff, 0xff, 0xff, 0xff,
    0xff, 0xff, 0xff, 0xff, 0xff, 0xff, 0xff, 0xff,
    0xff, 0xff, 0xff, 0xff, 0xff, 0xff, 0xff, 0xff,
    0xff, 0xff, 0xff, 0xff, 0xff, 0xff, 0xff, 0xff,
    0xff, 0xff, 0xff, 0xff, 0xff, 0xff, 0xff, 0xff,
    0xff, 0xff, 0xff, 0xff, 0xff, 0xff, 0xff, 0xff,
    0xff, 0xff, 0xff, 0xff, 0xff, 0xff, 0xff, 0xff,
    0xff, 0xff, 0xff, 0xff, 0xff, 0xff, 0xff, 0xff,
    0xff, 0xff, 0xff, 0xff, 0xff, 0xff, 0xff, 0xff,
    0xff, 0xff, 0xff, 0xff, 0xff, 0xff, 0xff, 0xff,
    0xff, 0xff, 0xff, 0xff, 0xff, 0xff, 0xff, 0xff,
    0xff, 0xff, 0xff, 0xff, 0xff, 0xff, 0xff, 0xff,
    0xff, 0xff, 0xfe, 0x0, 0x0, 0x3, 0xff, 0xfe,
    0x0, 0x0, 0x0, 0x0, 0x0, 0x7, 0xff, 0xfc,
    0x0, 0x0, 0x0, 0x0, 0x0, 0xf, 0xff, 0xf8,
    0x0, 0x0, 0x0, 0x0, 0x0, 0x1f, 0xff, 0xf0,
    0x0, 0x0, 0x0, 0x0, 0x0, 0x3f, 0xff, 0xe0,
    0x0, 0x0, 0x0, 0x0, 0x0, 0x7f, 0xff, 0xc0,
    0x0, 0x0, 0x0, 0x0, 0x0, 0xff, 0xff, 0x80,
    0x0, 0x0, 0x0, 0x0, 0x1, 0xff, 0xff, 0x0,
    0x0, 0x0, 0x0, 0x0, 0x3, 0xff, 0xfe, 0x0,
    0x0, 0x0, 0x0, 0x0, 0x7, 0xff, 0xfc, 0x0,
    0x0, 0x0, 0x0, 0x0, 0xf, 0xff, 0xf8, 0x0,
    0x0, 0x0, 0x0, 0x0, 0x1f, 0xff, 0xf0, 0x0,
    0x0, 0x0, 0x0, 0x0, 0x3f, 0xff, 0xe0, 0x0,
    0x0, 0x0, 0x0, 0x0, 0x7f, 0xff, 0xc0, 0x0,
    0x0, 0x0, 0x0, 0x0, 0xff, 0xff, 0x80, 0x0,
    0x0, 0x0, 0x0, 0x1, 0xff, 0xff, 0x0, 0x0,
    0x0, 0x0, 0x0, 0x3, 0xff, 0xfe, 0x0, 0x0,
    0x0, 0x0, 0x0, 0x7, 0xff, 0xfc, 0x0, 0x0,
    0x0, 0x0, 0x0, 0xf, 0xff, 0xf8, 0x0, 0x0,
    0x0, 0x0, 0x0, 0x1f, 0xff, 0xf0, 0x0, 0x0,
    0x0, 0x0, 0x0, 0x3f, 0xff, 0xe0, 0x0, 0x0,
    0x0, 0x0, 0x0, 0x7f, 0xff, 0xc0, 0x0, 0x0,
    0x0, 0x0, 0x0, 0xff, 0xff, 0x80, 0x0, 0x0,
    0x0, 0x0, 0x1, 0xff, 0xff, 0x0, 0x0, 0x0,
    0x0, 0x0, 0x3, 0xff, 0xfe, 0x0, 0x0, 0x0,
    0x0, 0x0, 0x7, 0xff, 0xfc, 0x0, 0x0, 0x0,

    /* U+002C "," */
    0x1, 0xff, 0xfc, 0x7, 0xff, 0xf0, 0x1f, 0xff,
    0xc0, 0x7f, 0xff, 0x1, 0xff, 0xfc, 0x7, 0xff,
    0xf0, 0x1f, 0xff, 0xc0, 0x7f, 0xff, 0x1, 0xff,
    0xfc, 0x7, 0xff, 0xf0, 0x1f, 0xff, 0xc0, 0x7f,
    0xff, 0x1, 0xff, 0xfc, 0x7, 0xff, 0xf0, 0x1f,
    0xff, 0xc0, 0x7f, 0xff, 0x1, 0xff, 0xfc, 0x7,
    0xff, 0xe0, 0x1f, 0xff, 0x80, 0xff, 0xfe, 0x3,
    0xff, 0xf8, 0xf, 0xff, 0xc0, 0x7f, 0xff, 0x1,
    0xff, 0xfc, 0x7, 0xff, 0xe0, 0x3f, 0xff, 0x80,
    0xff, 0xfc, 0x7, 0xff, 0xf0, 0x1f, 0xff, 0x80,
    0xff, 0xfe, 0x3, 0xff, 0xf0, 0x1f, 0xff, 0x80,
    0x7f, 0xfe, 0x0, 0xff, 0xf0, 0x0, 0xff, 0x80,
    0x0, 0xfc, 0x0, 0x1, 0xe0, 0x0, 0x1, 0x0,
    0x0,

    /* U+002D "-" */
    0xff, 0xff, 0xff, 0xff, 0xff, 0xff, 0xff, 0xff,
    0xff, 0xff, 0xff, 0xff, 0xff, 0xff, 0xff, 0xff,
    0xff, 0xff, 0xff, 0xff, 0xff, 0xff, 0xff, 0xff,
    0xff, 0xff, 0xff, 0xff, 0xff, 0xff, 0xff, 0xff,
    0xff, 0xff, 0xff, 0xff, 0xff, 0xff, 0xff, 0xff,
    0xff, 0xff, 0xff, 0xff, 0xff, 0xff, 0xff, 0xff,
    0xff, 0xff, 0xff, 0xff, 0xff, 0xff, 0xff, 0xff,
    0xff, 0xff, 0xff, 0xff, 0xff, 0xc0,

    /* U+002E "." */
    0x3, 0xfc, 0x0, 0xff, 0xf0, 0x1f, 0xff, 0x83,
    0xff, 0xfc, 0x7f, 0xff, 0xe7, 0xff, 0xfe, 0xff,
    0xff, 0xff, 0xff, 0xff, 0xff, 0xff, 0xff, 0xff,
    0xff, 0xff, 0xff, 0xff, 0xff, 0xff, 0xff, 0xff,
    0xf7, 0xff, 0xfe, 0x7f, 0xff, 0xe3, 0xff, 0xfc,
    0x1f, 0xff, 0x80, 0xff, 0xf0, 0x3, 0xfc, 0x0,

    /* U+002F "/" */
    0x0, 0x0, 0x0, 0x0, 0x7f, 0xfe, 0x0, 0x0,
    0x0, 0x0, 0xff, 0xf8, 0x0, 0x0, 0x0, 0x1,
    0xff, 0xf0, 0x0, 0x0, 0x0, 0x7, 0xff, 0xe0,
    0x0, 0x0, 0x0, 0xf, 0xff, 0x80, 0x0, 0x0,
    0x0, 0x1f, 0xff, 0x0, 0x0, 0x0, 0x0, 0x7f,
    0xfe, 0x0, 0x0, 0x0, 0x0, 0xff, 0xf8, 0x0,
    0x0, 0x0, 0x1, 0xff, 0xf0, 0x0, 0x0, 0x0,
    0x7, 0xff, 0xe0, 0x0, 0x0, 0x0, 0xf, 0xff,
    0x80, 0x0, 0x0, 0x0, 0x1f, 0xff, 0x0, 0x0,
    0x0, 0x0, 0x7f, 0xfe, 0x0, 0x0, 0x0, 0x0,
    0xff, 0xf8, 0x0, 0x0, 0x0, 0x1, 0xff, 0xf0,
    0x0, 0x0, 0x0, 0x7, 0xff, 0xe0, 0x0, 0x0,
    0x0, 0xf, 0xff, 0x80, 0x0, 0x0, 0x0, 0x1f,
    0xff, 0x0, 0x0, 0x0, 0x0, 0x7f, 0xfe, 0x0,
    0x0, 0x0, 0x0, 0xff, 0xf8, 0x0, 0x0, 0x0,
    0x1, 0xff, 0xf0, 0x0, 0x0, 0x0, 0x7, 0xff,
    0xe0, 0x0, 0x0, 0x0, 0xf, 0xff, 0x80, 0x0,
    0x0, 0x0, 0x1f, 0xff, 0x0, 0x0, 0x0, 0x0,
    0x7f, 0xfe, 0x0, 0x0, 0x0, 0x0, 0xff, 0xf8,
    0x0, 0x0, 0x0, 0x1, 0xff, 0xf0, 0x0, 0x0,
    0x0, 0x7, 0xff, 0xe0, 0x0, 0x0, 0x0, 0xf,
    0xff, 0x80, 0x0, 0x0, 0x0, 0x1f, 0xff, 0x0,
    0x0, 0x0, 0x0, 0x7f, 0xfe, 0x0, 0x0, 0x0,
    0x0, 0xff, 0xf8, 0x0, 0x0, 0x0, 0x1, 0xff,
    0xf0, 0x0, 0x0, 0x0, 0x7, 0xff, 0xe0, 0x0,
    0x0, 0x0, 0xf, 0xff, 0x80, 0x0, 0x0, 0x0,
    0x1f, 0xff, 0x0, 0x0, 0x0, 0x0, 0x7f, 0xfe,
    0x0, 0x0, 0x0, 0x0, 0xff, 0xf8, 0x0, 0x0,
    0x0, 0x1, 0xff, 0xf0, 0x0, 0x0, 0x0, 0x7,
    0xff, 0xe0, 0x0, 0x0, 0x0, 0xf, 0xff, 0x80,
    0x0, 0x0, 0x0, 0x3f, 0xff, 0x0, 0x0, 0x0,
    0x0, 0x7f, 0xfe, 0x0, 0x0, 0x0, 0x0, 0xff,
    0xf8, 0x0, 0x0, 0x0, 0x3, 0xff, 0xf0, 0x0,
    0x0, 0x0, 0x7, 0xff, 0xe0, 0x0, 0x0, 0x0,
    0xf, 0xff, 0x80, 0x0, 0x0, 0x0, 0x3f, 0xff,
    0x0, 0x0, 0x0, 0x0, 0x7f, 0xfe, 0x0, 0x0,
    0x0, 0x0, 0xff, 0xf8, 0x0, 0x0, 0x0, 0x3,
    0xff, 0xf0, 0x0, 0x0, 0x0, 0x7, 0xff, 0xe0,
    0x0, 0x0, 0x0, 0xf, 0xff, 0x80, 0x0, 0x0,
    0x0, 0x3f, 0xff, 0x0, 0x0, 0x0, 0x0, 0x7f,
    0xfe, 0x0, 0x0, 0x0, 0x0, 0xff, 0xf8, 0x0,
    0x0, 0x0, 0x3, 0xff, 0xf0, 0x0, 0x0, 0x0,
    0x7, 0xff, 0xe0, 0x0, 0x0, 0x0, 0xf, 0xff,
    0x80, 0x0, 0x0, 0x0, 0x3f, 0xff, 0x0, 0x0,
    0x0, 0x0, 0x7f, 0xfc, 0x0, 0x0, 0x0, 0x0,
    0xff, 0xf8, 0x0, 0x0, 0x0, 0x3, 0xff, 0xf0,
    0x0, 0x0, 0x0, 0x7, 0xff, 0xc0, 0x0, 0x0,
    0x0, 0xf, 0xff, 0x80, 0x0, 0x0, 0x0, 0x3f,
    0xff, 0x0, 0x0, 0x0, 0x0, 0x7f, 0xfc, 0x0,
    0x0, 0x0, 0x0, 0xff, 0xf8, 0x0, 0x0, 0x0,
    0x3, 0xff, 0xf0, 0x0, 0x0, 0x0, 0x7, 0xff,
    0xc0, 0x0, 0x0, 0x0, 0xf, 0xff, 0x80, 0x0,
    0x0, 0x0, 0x3f, 0xff, 0x0, 0x0, 0x0, 0x0,
    0x7f, 0xfc, 0x0, 0x0, 0x0, 0x0, 0xff, 0xf8,
    0x0, 0x0, 0x0, 0x3, 0xff, 0xf0, 0x0, 0x0,
    0x0, 0x7, 0xff, 0xc0, 0x0, 0x0, 0x0, 0xf,
    0xff, 0x80, 0x0, 0x0, 0x0, 0x3f, 0xff, 0x0,
    0x0, 0x0, 0x0, 0x7f, 0xfc, 0x0, 0x0, 0x0,
    0x0, 0xff, 0xf8, 0x0, 0x0, 0x0, 0x3, 0xff,
    0xf0, 0x0, 0x0, 0x0, 0x7, 0xff, 0xc0, 0x0,
    0x0, 0x0, 0xf, 0xff, 0x80, 0x0, 0x0, 0x0,
    0x3f, 0xff, 0x0, 0x0, 0x0, 0x0, 0x7f, 0xfc,
    0x0, 0x0, 0x0, 0x0, 0xff, 0xf8, 0x0, 0x0,
    0x0, 0x3, 0xff, 0xf0, 0x0, 0x0, 0x0, 0x7,
    0xff, 0xc0, 0x0, 0x0, 0x0, 0xf, 0xff, 0x80,
    0x0, 0x0, 0x0, 0x3f, 0xff, 0x0, 0x0, 0x0,
    0x0, 0x7f, 0xfc, 0x0, 0x0, 0x0, 0x0, 0xff,
    0xf8, 0x0, 0x0, 0x0, 0x3, 0xff, 0xf0, 0x0,
    0x0, 0x0, 0x7, 0xff, 0xc0, 0x0, 0x0, 0x0,
    0xf, 0xff, 0x80, 0x0, 0x0, 0x0, 0x3f, 0xff,
    0x0, 0x0, 0x0, 0x0, 0x7f, 0xfc, 0x0, 0x0,
    0x0, 0x0, 0xff, 0xf8, 0x0, 0x0, 0x0, 0x3,
    0xff, 0xf0, 0x0, 0x0, 0x0, 0x0,

    /* U+0030 "0" */
    0x0, 0x0, 0x0, 0x7f, 0xf8, 0x0, 0x0, 0x0,
    0x0, 0x0, 0x3f, 0xff, 0xff, 0x0, 0x0, 0x0,
    0x0, 0x3, 0xff, 0xff, 0xff, 0x0, 0x0, 0x0,
    0x0, 0x3f, 0xff, 0xff, 0xff, 0x0, 0x0, 0x0,
    0x3, 0xff, 0xff, 0xff, 0xff, 0x0, 0x0, 0x0,
    0x1f, 0xff, 0xff, 0xff, 0xfe, 0x0, 0x0, 0x1,
    0xff, 0xff, 0xff, 0xff, 0xfe, 0x0, 0x0, 0xf,
    0xff, 0xff, 0xff, 0xff, 0xfc, 0x0, 0x0, 0x7f,
    0xff, 0xff, 0xff, 0xff, 0xf8, 0x0, 0x3, 0xff,
    0xff, 0xff, 0xff, 0xff, 0xf0, 0x0, 0xf, 0xff,
    0xff, 0xff, 0xff, 0xff, 0xc0, 0x0, 0x7f, 0xff,
    0xff, 0xff, 0xff, 0xff, 0x80, 0x3, 0xff, 0xff,
    0xff, 0xff, 0xff, 0xff, 0x0, 0x1f, 0xff, 0xff,
    0xff, 0xff, 0xff, 0xfc, 0x0, 0x7f, 0xff, 0xfe,
    0x1, 0xff, 0xff, 0xf8, 0x3, 0xff, 0xff, 0xe0,
    0x1, 0xff, 0xff, 0xf0, 0xf, 0xff, 0xff, 0x0,
    0x3, 0xff, 0xff, 0xc0, 0x3f, 0xff, 0xf0, 0x0,
    0x7, 0xff, 0xff, 0x1, 0xff, 0xff, 0xc0, 0x0,
    0xf, 0xff, 0xfe, 0x7, 0xff, 0xfe, 0x0, 0x0,
    0x1f, 0xff, 0xf8, 0x3f, 0xff, 0xf8, 0x0, 0x0,
    0x7f, 0xff, 0xe0, 0xff, 0xff, 0xc0, 0x0, 0x0,
    0xff, 0xff, 0xc3, 0xff, 0xff, 0x0, 0x0, 0x3,
    0xff, 0xff, 0xf, 0xff, 0xf8, 0x0, 0x0, 0x7,
    0xff, 0xfc, 0x7f, 0xff, 0xe0, 0x0, 0x0, 0x1f,
    0xff, 0xf9, 0xff, 0xff, 0x80, 0x0, 0x0, 0x7f,
    0xff, 0xe7, 0xff, 0xfe, 0x0, 0x0, 0x1, 0xff,
    0xff, 0x9f, 0xff, 0xf8, 0x0, 0x0, 0x7, 0xff,
    0xfe, 0x7f, 0xff, 0xc0, 0x0, 0x0, 0xf, 0xff,
    0xf9, 0xff, 0xff, 0x0, 0x0, 0x0, 0x3f, 0xff,
    0xef, 0xff, 0xfc, 0x0, 0x0, 0x0, 0xff, 0xff,
    0xff, 0xff, 0xf0, 0x0, 0x0, 0x3, 0xff, 0xff,
    0xff, 0xff, 0xc0, 0x0, 0x0, 0xf, 0xff, 0xff,
    0xff, 0xff, 0x0, 0x0, 0x0, 0x3f, 0xff, 0xff,
    0xff, 0xfc, 0x0, 0x0, 0x0, 0xff, 0xff, 0xff,
    0xff, 0xf0, 0x0, 0x0, 0x3, 0xff, 0xff, 0xff,
    0xff, 0xc0, 0x0, 0x0, 0xf, 0xff, 0xff, 0xff,
    0xff, 0x0, 0x0, 0x0, 0x3f, 0xff, 0xff, 0xff,
    0xfc, 0x0, 0x0, 0x0, 0xff, 0xff, 0xff, 0xff,
    0xf0, 0x0, 0x0, 0x3, 0xff, 0xff, 0xff, 0xff,
    0xc0, 0x0, 0x0, 0xf, 0xff, 0xff, 0xff, 0xff,
    0x0, 0x0, 0x0, 0x3f, 0xff, 0xff, 0xff, 0xfc,
    0x0, 0x0, 0x0, 0xff, 0xff, 0xff, 0xff, 0xf0,
    0x0, 0x0, 0x3, 0xff, 0xff, 0xff, 0xff, 0xc0,
    0x0, 0x0, 0xf, 0xff, 0xff, 0xff, 0xff, 0x0,
    0x0, 0x0, 0x3f, 0xff, 0xff, 0xff, 0xfc, 0x0,
    0x0, 0x0, 0xff, 0xff, 0xff, 0xff, 0xf0, 0x0,
    0x0, 0x3, 0xff, 0xff, 0xff, 0xff, 0xc0, 0x0,
    0x0, 0xf, 0xff, 0xff, 0xff, 0xff, 0x0, 0x0,
    0x0, 0x3f, 0xff, 0xff, 0xff, 0xfc, 0x0, 0x0,
    0x0, 0xff, 0xff, 0xff, 0xff, 0xf0, 0x0, 0x0,
    0x3, 0xff, 0xff, 0xff, 0xff, 0xc0, 0x0, 0x0,
    0xf, 0xff, 0xff, 0xff, 0xff, 0x0, 0x0, 0x0,
    0x3f, 0xff, 0xff, 0xff, 0xfc, 0x0, 0x0, 0x0,
    0xff, 0xff, 0xff, 0xff, 0xf0, 0x0, 0x0, 0x3,
    0xff, 0xff, 0xff, 0xff, 0xc0, 0x0, 0x0, 0xf,
    0xff, 0xff, 0xff, 0xff, 0x0, 0x0, 0x0, 0x3f,
    0xff, 0xff, 0xff, 0xfc, 0x0, 0x0, 0x0, 0xff,
    0xff, 0xff, 0xff, 0xf0, 0x0, 0x0, 0x3, 0xff,
    0xff, 0xff, 0xff, 0xc0, 0x0, 0x0, 0xf, 0xff,
    0xff, 0xff, 0xff, 0x0, 0x0, 0x0, 0x3f, 0xff,
    0xff, 0xff, 0xfc, 0x0, 0x0, 0x0, 0xff, 0xff,
    0xff, 0xff, 0xf0, 0x0, 0x0, 0x3, 0xff, 0xff,
    0x7f, 0xff, 0xc0, 0x0, 0x0, 0xf, 0xff, 0xf9,
    0xff, 0xff, 0x0, 0x0, 0x0, 0x3f, 0xff, 0xe7,
    0xff, 0xfe, 0x0, 0x0, 0x1, 0xff, 0xff, 0x9f,
    0xff, 0xf8, 0x0, 0x0, 0x7, 0xff, 0xfe, 0x7f,
    0xff, 0xe0, 0x0, 0x0, 0x1f, 0xff, 0xf9, 0xff,
    0xff, 0x80, 0x0, 0x0, 0x7f, 0xff, 0xe3, 0xff,
    0xff, 0x0, 0x0, 0x1, 0xff, 0xff, 0xf, 0xff,
    0xfc, 0x0, 0x0, 0xf, 0xff, 0xfc, 0x3f, 0xff,
    0xf0, 0x0, 0x0, 0x3f, 0xff, 0xf0, 0x7f, 0xff,
    0xe0, 0x0, 0x1, 0xff, 0xff, 0xc1, 0xff, 0xff,
    0x80, 0x0, 0x7, 0xff, 0xfe, 0x7, 0xff, 0xff,
    0x0, 0x0, 0x3f, 0xff, 0xf8, 0xf, 0xff, 0xfe,
    0x0, 0x1, 0xff, 0xff, 0xc0, 0x3f, 0xff, 0xfc,
    0x0, 0xf, 0xff, 0xff, 0x0, 0xff, 0xff, 0xf8,
    0x0, 0x7f, 0xff, 0xfc, 0x1, 0xff, 0xff, 0xf8,
    0x7, 0xff, 0xff, 0xe0, 0x3, 0xff, 0xff, 0xff,
    0xff, 0xff, 0xff, 0x80, 0xf, 0xff, 0xff, 0xff,
    0xff, 0xff, 0xfc, 0x0, 0x1f, 0xff, 0xff, 0xff,
    0xff, 0xff, 0xe0, 0x0, 0x3f, 0xff, 0xff, 0xff,
    0xff, 0xff, 0x80, 0x0, 0xff, 0xff, 0xff, 0xff,
    0xff, 0xfc, 0x0, 0x1, 0xff, 0xff, 0xff, 0xff,
    0xff, 0xe0, 0x0, 0x3, 0xff, 0xff, 0xff, 0xff,
    0xff, 0x0, 0x0, 0x7, 0xff, 0xff, 0xff, 0xff,
    0xf8, 0x0, 0x0, 0x7, 0xff, 0xff, 0xff, 0xff,
    0x80, 0x0, 0x0, 0xf, 0xff, 0xff, 0xff, 0xfc,
    0x0, 0x0, 0x0, 0xf, 0xff, 0xff, 0xff, 0xc0,
    0x0, 0x0, 0x0, 0xf, 0xff, 0xff, 0xfc, 0x0,
    0x0, 0x0, 0x0, 0xf, 0xff, 0xff, 0x80, 0x0,
    0x0, 0x0, 0x0, 0x1, 0xff, 0xe0, 0x0, 0x0,
    0x0,

    /* U+0031 "1" */
    0x0, 0x0, 0x0, 0x0, 0x7, 0x0, 0x0, 0x0,
    0x0, 0x3f, 0x0, 0x0, 0x0, 0x1, 0xff, 0x0,
    0x0, 0x0, 0xf, 0xff, 0x0, 0x0, 0x0, 0x7f,
    0xff, 0x0, 0x0, 0x1, 0xff, 0xff, 0x0, 0x0,
    0xf, 0xff, 0xff, 0x0, 0x0, 0x7f, 0xff, 0xff,
    0x0, 0x3, 0xff, 0xff, 0xff, 0x0, 0x1f, 0xff,
    0xff, 0xff, 0x0, 0x7f, 0xff, 0xff, 0xff, 0x3,
    0xff, 0xff, 0xff, 0xff, 0x1f, 0xff, 0xff, 0xff,
    0xff, 0xff, 0xff, 0xff, 0xff, 0xff, 0xff, 0xff,
    0xff, 0xff, 0xff, 0xff, 0xff, 0xff, 0xff, 0xff,
    0xff, 0xff, 0xff, 0xff, 0xff, 0xff, 0xff, 0xff,
    0xff, 0xff, 0xff, 0xff, 0xff, 0xff, 0xff, 0xff,
    0xff, 0xff, 0xff, 0xff, 0xff, 0xff, 0xff, 0xff,
    0xff, 0xff, 0xff, 0xf3, 0xff, 0xff, 0xff, 0xff,
    0x3, 0xff, 0xff, 0xff, 0xf8, 0x3, 0xff, 0xff,
    0xff, 0xc0, 0x3, 0xff, 0xff, 0xfe, 0x0, 0x3,
    0xff, 0xff, 0xf0, 0x0, 0x3, 0xff, 0xff, 0x80,
    0x0, 0x3, 0xff, 0xff, 0x0, 0x0, 0x3, 0xff,
    0xff, 0x0, 0x0, 0x3, 0xff, 0xff, 0x0, 0x0,
    0x3, 0xff, 0xff, 0x0, 0x0, 0x3, 0xff, 0xff,
    0x0, 0x0, 0x3, 0xff, 0xff, 0x0, 0x0, 0x3,
    0xff, 0xff, 0x0, 0x0, 0x3, 0xff, 0xff, 0x0,
    0x0, 0x3, 0xff, 0xff, 0x0, 0x0, 0x3, 0xff,
    0xff, 0x0, 0x0, 0x3, 0xff, 0xff, 0x0, 0x0,
    0x3, 0xff, 0xff, 0x0, 0x0, 0x3, 0xff, 0xff,
    0x0, 0x0, 0x3, 0xff, 0xff, 0x0, 0x0, 0x3,
    0xff, 0xff, 0x0, 0x0, 0x3, 0xff, 0xff, 0x0,
    0x0, 0x3, 0xff, 0xff, 0x0, 0x0, 0x3, 0xff,
    0xff, 0x0, 0x0, 0x3, 0xff, 0xff, 0x0, 0x0,
    0x3, 0xff, 0xff, 0x0, 0x0, 0x3, 0xff, 0xff,
    0x0, 0x0, 0x3, 0xff, 0xff, 0x0, 0x0, 0x3,
    0xff, 0xff, 0x0, 0x0, 0x3, 0xff, 0xff, 0x0,
    0x0, 0x3, 0xff, 0xff, 0x0, 0x0, 0x3, 0xff,
    0xff, 0x0, 0x0, 0x3, 0xff, 0xff, 0x0, 0x0,
    0x3, 0xff, 0xff, 0x0, 0x0, 0x3, 0xff, 0xff,
    0x0, 0x0, 0x3, 0xff, 0xff, 0x0, 0x0, 0x3,
    0xff, 0xff, 0x0, 0x0, 0x3, 0xff, 0xff, 0x0,
    0x0, 0x3, 0xff, 0xff, 0x0, 0x0, 0x3, 0xff,
    0xff, 0x0, 0x0, 0x3, 0xff, 0xff, 0x0, 0x0,
    0x3, 0xff, 0xff, 0x0, 0x0, 0x3, 0xff, 0xff,
    0x0, 0x0, 0x3, 0xff, 0xff, 0x0, 0x0, 0x3,
    0xff, 0xff, 0x0, 0x0, 0x3, 0xff, 0xff, 0x0,
    0x0, 0x3, 0xff, 0xff, 0x0, 0x0, 0x3, 0xff,
    0xff, 0x0, 0x0, 0x3, 0xff, 0xff, 0x0, 0x0,
    0x3, 0xff, 0xff, 0x0, 0x0, 0x3, 0xff, 0xff,
    0x0, 0x0, 0x3, 0xff, 0xff, 0x0, 0x0, 0x3,
    0xff, 0xff, 0x0, 0x0, 0x3, 0xff, 0xff, 0x0,
    0x0, 0x3, 0xff, 0xff, 0x0, 0x0, 0x3, 0xff,
    0xff, 0x0, 0x0, 0x3, 0xff, 0xff, 0x0, 0x0,
    0x3, 0xff, 0xff, 0x0, 0x0, 0x3, 0xff, 0xff,
    0x0, 0x0, 0x3, 0xff, 0xff, 0x0, 0x0, 0x3,
    0xff, 0xff, 0x0, 0x0, 0x3, 0xff, 0xff, 0x0,
    0x0, 0x3, 0xff, 0xff, 0x0, 0x0, 0x3, 0xff,
    0xff, 0x0, 0x0, 0x3, 0xff, 0xff, 0x0, 0x0,
    0x3, 0xff, 0xff, 0x0, 0x0, 0x3, 0xff, 0xff,
    0x0, 0x0, 0x3, 0xff, 0xff, 0x0, 0x0, 0x3,
    0xff, 0xff, 0x0, 0x0, 0x3, 0xff, 0xff,

    /* U+0032 "2" */
    0x0, 0x0, 0x0, 0x7f, 0xfe, 0x0, 0x0, 0x0,
    0x0, 0x0, 0x7, 0xff, 0xff, 0xe0, 0x0, 0x0,
    0x0, 0x0, 0x3f, 0xff, 0xff, 0xfc, 0x0, 0x0,
    0x0, 0x0, 0xff, 0xff, 0xff, 0xff, 0x0, 0x0,
    0x0, 0x3, 0xff, 0xff, 0xff, 0xff, 0xc0, 0x0,
    0x0, 0xf, 0xff, 0xff, 0xff, 0xff, 0xf0, 0x0,
    0x0, 0x1f, 0xff, 0xff, 0xff, 0xff, 0xf8, 0x0,
    0x0, 0x3f, 0xff, 0xff, 0xff, 0xff, 0xfc, 0x0,
    0x0, 0x7f, 0xff, 0xff, 0xff, 0xff, 0xfe, 0x0,
    0x0, 0xff, 0xff, 0xff, 0xff, 0xff, 0xff, 0x0,
    0x1, 0xff, 0xff, 0xff, 0xff, 0xff, 0xff, 0x80,
    0x3, 0xff, 0xff, 0xff, 0xff, 0xff, 0xff, 0x80,
    0x7, 0xff, 0xff, 0xff, 0xff, 0xff, 0xff, 0xc0,
    0x7, 0xff, 0xff, 0xff, 0xff, 0xff, 0xff, 0xc0,
    0xf, 0xff, 0xff, 0xe0, 0x1f, 0xff, 0xff, 0xe0,
    0x1f, 0xff, 0xff, 0x80, 0x7, 0xff, 0xff, 0xe0,
    0x1f, 0xff, 0xfe, 0x0, 0x1, 0xff, 0xff, 0xf0,
    0x3f, 0xff, 0xfc, 0x0, 0x0, 0xff, 0xff, 0xf0,
    0x3f, 0xff, 0xf8, 0x0, 0x0, 0x7f, 0xff, 0xf0,
    0x3f, 0xff, 0xf8, 0x0, 0x0, 0x7f, 0xff, 0xf0,
    0x7f, 0xff, 0xf0, 0x0, 0x0, 0x3f, 0xff, 0xf8,
    0x7f, 0xff, 0xf0, 0x0, 0x0, 0x3f, 0xff, 0xf8,
    0x7f, 0xff, 0xe0, 0x0, 0x0, 0x3f, 0xff, 0xf8,
    0x7f, 0xff, 0xe0, 0x0, 0x0, 0x1f, 0xff, 0xf8,
    0xff, 0xff, 0xe0, 0x0, 0x0, 0x1f, 0xff, 0xf8,
    0xff, 0xff, 0xc0, 0x0, 0x0, 0x1f, 0xff, 0xf8,
    0xff, 0xff, 0xc0, 0x0, 0x0, 0x1f, 0xff, 0xf8,
    0xff, 0xff, 0xc0, 0x0, 0x0, 0x1f, 0xff, 0xf8,
    0xff, 0xff, 0xc0, 0x0, 0x0, 0x1f, 0xff, 0xf8,
    0xff, 0xff, 0xc0, 0x0, 0x0, 0x1f, 0xff, 0xf8,
    0x0, 0x0, 0x0, 0x0, 0x0, 0x1f, 0xff, 0xf8,
    0x0, 0x0, 0x0, 0x0, 0x0, 0x3f, 0xff, 0xf0,
    0x0, 0x0, 0x0, 0x0, 0x0, 0x3f, 0xff, 0xf0,
    0x0, 0x0, 0x0, 0x0, 0x0, 0x3f, 0xff, 0xf0,
    0x0, 0x0, 0x0, 0x0, 0x0, 0x7f, 0xff, 0xf0,
    0x0, 0x0, 0x0, 0x0, 0x0, 0x7f, 0xff, 0xe0,
    0x0, 0x0, 0x0, 0x0, 0x0, 0xff, 0xff, 0xe0,
    0x0, 0x0, 0x0, 0x0, 0x0, 0xff, 0xff, 0xc0,
    0x0, 0x0, 0x0, 0x0, 0x1, 0xff, 0xff, 0xc0,
    0x0, 0x0, 0x0, 0x0, 0x3, 0xff, 0xff, 0x80,
    0x0, 0x0, 0x0, 0x0, 0x3, 0xff, 0xff, 0x80,
    0x0, 0x0, 0x0, 0x0, 0x7, 0xff, 0xff, 0x0,
    0x0, 0x0, 0x0, 0x0, 0xf, 0xff, 0xff, 0x0,
    0x0, 0x0, 0x0, 0x0, 0x1f, 0xff, 0xfe, 0x0,
    0x0, 0x0, 0x0, 0x0, 0x1f, 0xff, 0xfc, 0x0,
    0x0, 0x0, 0x0, 0x0, 0x3f, 0xff, 0xfc, 0x0,
    0x0, 0x0, 0x0, 0x0, 0x7f, 0xff, 0xf8, 0x0,
    0x0, 0x0, 0x0, 0x0, 0xff, 0xff, 0xf0, 0x0,
    0x0, 0x0, 0x0, 0x1, 0xff, 0xff, 0xe0, 0x0,
    0x0, 0x0, 0x0, 0x3, 0xff, 0xff, 0xe0, 0x0,
    0x0, 0x0, 0x0, 0x7, 0xff, 0xff, 0xc0, 0x0,
    0x0, 0x0, 0x0, 0xf, 0xff, 0xff, 0x80, 0x0,
    0x0, 0x0, 0x0, 0xf, 0xff, 0xff, 0x0, 0x0,
    0x0, 0x0, 0x0, 0x1f, 0xff, 0xfe, 0x0, 0x0,
    0x0, 0x0, 0x0, 0x3f, 0xff, 0xfc, 0x0, 0x0,
    0x0, 0x0, 0x0, 0x7f, 0xff, 0xf8, 0x0, 0x0,
    0x0, 0x0, 0x0, 0xff, 0xff, 0xf0, 0x0, 0x0,
    0x0, 0x0, 0x1, 0xff, 0xff, 0xf0, 0x0, 0x0,
    0x0, 0x0, 0x3, 0xff, 0xff, 0xe0, 0x0, 0x0,
    0x0, 0x0, 0x7, 0xff, 0xff, 0xc0, 0x0, 0x0,
    0x0, 0x0, 0xf, 0xff, 0xff, 0x80, 0x0, 0x0,
    0x0, 0x0, 0x1f, 0xff, 0xff, 0x0, 0x0, 0x0,
    0x0, 0x0, 0x3f, 0xff, 0xfe, 0x0, 0x0, 0x0,
    0x0, 0x0, 0x7f, 0xff, 0xfc, 0x0, 0x0, 0x0,
    0x0, 0x0, 0xff, 0xff, 0xf8, 0x0, 0x0, 0x0,
    0x0, 0x1, 0xff, 0xff, 0xf0, 0x0, 0x0, 0x0,
    0x0, 0x1, 0xff, 0xff, 0xe0, 0x0, 0x0, 0x0,
    0x0, 0x3, 0xff, 0xff, 0xc0, 0x0, 0x0, 0x0,
    0x0, 0x7, 0xff, 0xff, 0x80, 0x0, 0x0, 0x0,
    0x0, 0xf, 0xff, 0xff, 0x80, 0x0, 0x0, 0x0,
    0x0, 0x1f, 0xff, 0xff, 0x0, 0x0, 0x0, 0x0,
    0x0, 0x3f, 0xff, 0xfe, 0x0, 0x0, 0x0, 0x0,
    0x0, 0x7f, 0xff, 0xfc, 0x0, 0x0, 0x0, 0x0,
    0x0, 0xff, 0xff, 0xf8, 0x0, 0x0, 0x0, 0x0,
    0x1, 0xff, 0xff, 0xf0, 0x0, 0x0, 0x0, 0x0,
    0x3, 0xff, 0xff, 0xe0, 0x0, 0x0, 0x0, 0x0,
    0x7, 0xff, 0xff, 0xc0, 0x0, 0x0, 0x0, 0x0,
    0xf, 0xff, 0xff, 0x80, 0x0, 0x0, 0x0, 0x0,
    0x1f, 0xff, 0xff, 0xff, 0xff, 0xff, 0xff, 0xff,
    0x3f, 0xff, 0xff, 0xff, 0xff, 0xff, 0xff, 0xff,
    0x3f, 0xff, 0xff, 0xff, 0xff, 0xff, 0xff, 0xff,
    0x3f, 0xff, 0xff, 0xff, 0xff, 0xff, 0xff, 0xff,
    0x3f, 0xff, 0xff, 0xff, 0xff, 0xff, 0xff, 0xff,
    0x3f, 0xff, 0xff, 0xff, 0xff, 0xff, 0xff, 0xff,
    0x3f, 0xff, 0xff, 0xff, 0xff, 0xff, 0xff, 0xff,
    0x3f, 0xff, 0xff, 0xff, 0xff, 0xff, 0xff, 0xff,
    0x3f, 0xff, 0xff, 0xff, 0xff, 0xff, 0xff, 0xff,
    0x3f, 0xff, 0xff, 0xff, 0xff, 0xff, 0xff, 0xff,
    0x3f, 0xff, 0xff, 0xff, 0xff, 0xff, 0xff, 0xff,
    0x3f, 0xff, 0xff, 0xff, 0xff, 0xff, 0xff, 0xff,
    0x3f, 0xff, 0xff, 0xff, 0xff, 0xff, 0xff, 0xff,
    0x3f, 0xff, 0xff, 0xff, 0xff, 0xff, 0xff, 0xff,

    /* U+0033 "3" */
    0x0, 0x0, 0x0, 0x7f, 0xfc, 0x0, 0x0, 0x0,
    0x0, 0x0, 0x1f, 0xff, 0xff, 0xc0, 0x0, 0x0,
    0x0, 0x1, 0xff, 0xff, 0xff, 0xf0, 0x0, 0x0,
    0x0, 0xf, 0xff, 0xff, 0xff, 0xf8, 0x0, 0x0,
    0x0, 0x7f, 0xff, 0xff, 0xff, 0xfc, 0x0, 0x0,
    0x1, 0xff, 0xff, 0xff, 0xff, 0xfe, 0x0, 0x0,
    0xf, 0xff, 0xff, 0xff, 0xff, 0xfe, 0x0, 0x0,
    0x3f, 0xff, 0xff, 0xff, 0xff, 0xfe, 0x0, 0x0,
    0xff, 0xff, 0xff, 0xff, 0xff, 0xfe, 0x0, 0x3,
    0xff, 0xff, 0xff, 0xff, 0xff, 0xfe, 0x0, 0xf,
    0xff, 0xff, 0xff, 0xff, 0xff, 0xfe, 0x0, 0x3f,
    0xff, 0xff, 0xff, 0xff, 0xff, 0xfe, 0x0, 0x7f,
    0xff, 0xff, 0xff, 0xff, 0xff, 0xfe, 0x1, 0xff,
    0xff, 0xff, 0xff, 0xff, 0xff, 0xfc, 0x7, 0xff,
    0xff, 0xfc, 0x3, 0xff, 0xff, 0xfc, 0xf, 0xff,
    0xff, 0xc0, 0x1, 0xff, 0xff, 0xf8, 0x3f, 0xff,
    0xfe, 0x0, 0x0, 0xff, 0xff, 0xf0, 0x7f, 0xff,
    0xf8, 0x0, 0x0, 0xff, 0xff, 0xf0, 0xff, 0xff,
    0xe0, 0x0, 0x0, 0xff, 0xff, 0xe1, 0xff, 0xff,
    0x80, 0x0, 0x1, 0xff, 0xff, 0xc7, 0xff, 0xff,
    0x0, 0x0, 0x1, 0xff, 0xff, 0xcf, 0xff, 0xfe,
    0x0, 0x0, 0x3, 0xff, 0xff, 0x9f, 0xff, 0xf8,
    0x0, 0x0, 0x3, 0xff, 0xff, 0x3f, 0xff, 0xf0,
    0x0, 0x0, 0x7, 0xff, 0xfe, 0x7f, 0xff, 0xe0,
    0x0, 0x0, 0xf, 0xff, 0xfc, 0x0, 0x0, 0x0,
    0x0, 0x0, 0x1f, 0xff, 0xf8, 0x0, 0x0, 0x0,
    0x0, 0x0, 0x3f, 0xff, 0xf0, 0x0, 0x0, 0x0,
    0x0, 0x0, 0x7f, 0xff, 0xe0, 0x0, 0x0, 0x0,
    0x0, 0x0, 0xff, 0xff, 0xc0, 0x0, 0x0, 0x0,
    0x0, 0x1, 0xff, 0xff, 0x80, 0x0, 0x0, 0x0,
    0x0, 0x7, 0xff, 0xfe, 0x0, 0x0, 0x0, 0x0,
    0x0, 0xf, 0xff, 0xfc, 0x0, 0x0, 0x0, 0x0,
    0x0, 0x1f, 0xff, 0xf8, 0x0, 0x0, 0x0, 0x0,
    0x0, 0x7f, 0xff, 0xe0, 0x0, 0x0, 0x0, 0x0,
    0x0, 0xff, 0xff, 0xc0, 0x0, 0x0, 0x0, 0x0,
    0x3, 0xff, 0xff, 0x0, 0x0, 0x0, 0x0, 0x0,
    0xf, 0xff, 0xfe, 0x0, 0x0, 0x0, 0x0, 0x0,
    0x3f, 0xff, 0xf8, 0x0, 0x0, 0x0, 0x0, 0x1,
    0xff, 0xff, 0xf0, 0x0, 0x0, 0x0, 0x1, 0xff,
    0xff, 0xff, 0xc0, 0x0, 0x0, 0x7, 0xff, 0xff,
    0xff, 0xff, 0x0, 0x0, 0x0, 0xf, 0xff, 0xff,
    0xff, 0xfc, 0x0, 0x0, 0x0, 0x1f, 0xff, 0xff,
    0xff, 0xe0, 0x0, 0x0, 0x0, 0x3f, 0xff, 0xff,
    0xff, 0x80, 0x0, 0x0, 0x0, 0x7f, 0xff, 0xff,
    0xfe, 0x0, 0x0, 0x0, 0x0, 0xff, 0xff, 0xff,
    0xf0, 0x0, 0x0, 0x0, 0x1, 0xff, 0xff, 0xff,
    0xc0, 0x0, 0x0, 0x0, 0x3, 0xff, 0xff, 0xff,
    0xf0, 0x0, 0x0, 0x0, 0x7, 0xff, 0xff, 0xff,
    0xf0, 0x0, 0x0, 0x0, 0xf, 0xff, 0xff, 0xff,
    0xf8, 0x0, 0x0, 0x0, 0x1f, 0xff, 0xff, 0xff,
    0xf8, 0x0, 0x0, 0x0, 0x3f, 0xff, 0xff, 0xff,
    0xf8, 0x0, 0x0, 0x0, 0x7f, 0xff, 0xff, 0xff,
    0xf8, 0x0, 0x0, 0x0, 0x0, 0x7, 0xff, 0xff,
    0xf8, 0x0, 0x0, 0x0, 0x0, 0x0, 0xff, 0xff,
    0xf8, 0x0, 0x0, 0x0, 0x0, 0x0, 0x7f, 0xff,
    0xf8, 0x0, 0x0, 0x0, 0x0, 0x0, 0x7f, 0xff,
    0xf0, 0x0, 0x0, 0x0, 0x0, 0x0, 0x7f, 0xff,
    0xf0, 0x0, 0x0, 0x0, 0x0, 0x0, 0x7f, 0xff,
    0xe0, 0x0, 0x0, 0x0, 0x0, 0x0, 0xff, 0xff,
    0xe0, 0x0, 0x0, 0x0, 0x0, 0x0, 0xff, 0xff,
    0xc0, 0x0, 0x0, 0x0, 0x0, 0x1, 0xff, 0xff,
    0x80, 0x0, 0x0, 0x0, 0x0, 0x1, 0xff, 0xff,
    0x80, 0x0, 0x0, 0x0, 0x0, 0x3, 0xff, 0xff,
    0x0, 0x0, 0x0, 0x0, 0x0, 0x7, 0xff, 0xfe,
    0x0, 0x0, 0x0, 0x0, 0x0, 0xf, 0xff, 0xfc,
    0x0, 0x0, 0x0, 0x0, 0x0, 0x1f, 0xff, 0xf8,
    0x0, 0x0, 0x0, 0x0, 0x0, 0x3f, 0xff, 0xff,
    0xff, 0xfc, 0x0, 0x0, 0x0, 0x7f, 0xff, 0xff,
    0xff, 0xf8, 0x0, 0x0, 0x0, 0xff, 0xff, 0xff,
    0xff, 0xf0, 0x0, 0x0, 0x1, 0xff, 0xff, 0xff,
    0xff, 0xf0, 0x0, 0x0, 0x7, 0xff, 0xff, 0xff,
    0xff, 0xe0, 0x0, 0x0, 0xf, 0xff, 0xfe, 0xff,
    0xff, 0xc0, 0x0, 0x0, 0x1f, 0xff, 0xf9, 0xff,
    0xff, 0xc0, 0x0, 0x0, 0x7f, 0xff, 0xf3, 0xff,
    0xff, 0xc0, 0x0, 0x1, 0xff, 0xff, 0xe7, 0xff,
    0xff, 0xc0, 0x0, 0x7, 0xff, 0xff, 0x87, 0xff,
    0xff, 0xc0, 0x0, 0x1f, 0xff, 0xff, 0xf, 0xff,
    0xff, 0xe0, 0x0, 0xff, 0xff, 0xfe, 0xf, 0xff,
    0xff, 0xf0, 0x7, 0xff, 0xff, 0xf8, 0x1f, 0xff,
    0xff, 0xff, 0xff, 0xff, 0xff, 0xf0, 0x1f, 0xff,
    0xff, 0xff, 0xff, 0xff, 0xff, 0xc0, 0x3f, 0xff,
    0xff, 0xff, 0xff, 0xff, 0xff, 0x0, 0x3f, 0xff,
    0xff, 0xff, 0xff, 0xff, 0xfc, 0x0, 0x3f, 0xff,
    0xff, 0xff, 0xff, 0xff, 0xf8, 0x0, 0x3f, 0xff,
    0xff, 0xff, 0xff, 0xff, 0xe0, 0x0, 0x3f, 0xff,
    0xff, 0xff, 0xff, 0xff, 0x0, 0x0, 0x1f, 0xff,
    0xff, 0xff, 0xff, 0xfc, 0x0, 0x0, 0x1f, 0xff,
    0xff, 0xff, 0xff, 0xf0, 0x0, 0x0, 0xf, 0xff,
    0xff, 0xff, 0xff, 0x80, 0x0, 0x0, 0x7, 0xff,
    0xff, 0xff, 0xfc, 0x0, 0x0, 0x0, 0x3, 0xff,
    0xff, 0xff, 0xe0, 0x0, 0x0, 0x0, 0x0, 0xff,
    0xff, 0xfe, 0x0, 0x0, 0x0, 0x0, 0x0, 0xf,
    0xff, 0x80, 0x0, 0x0, 0x0,

    /* U+0034 "4" */
    0x0, 0x0, 0x0, 0x0, 0x3, 0xff, 0xff, 0x0,
    0x0, 0x0, 0x0, 0x0, 0x0, 0xff, 0xff, 0xe0,
    0x0, 0x0, 0x0, 0x0, 0x0, 0x1f, 0xff, 0xfc,
    0x0, 0x0, 0x0, 0x0, 0x0, 0x7, 0xff, 0xff,
    0x80, 0x0, 0x0, 0x0, 0x0, 0x1, 0xff, 0xff,
    0xf0, 0x0, 0x0, 0x0, 0x0, 0x0, 0x3f, 0xff,
    0xfe, 0x0, 0x0, 0x0, 0x0, 0x0, 0xf, 0xff,
    0xff, 0xc0, 0x0, 0x0, 0x0, 0x0, 0x3, 0xff,
    0xff, 0xf8, 0x0, 0x0, 0x0, 0x0, 0x0, 0x7f,
    0xff, 0xff, 0x0, 0x0, 0x0, 0x0, 0x0, 0x1f,
    0xff, 0xff, 0xe0, 0x0, 0x0, 0x0, 0x0, 0x3,
    0xff, 0xff, 0xfc, 0x0, 0x0, 0x0, 0x0, 0x0,
    0xff, 0xff, 0xff, 0x80, 0x0, 0x0, 0x0, 0x0,
    0x3f, 0xff, 0xff, 0xf0, 0x0, 0x0, 0x0, 0x0,
    0x7, 0xff, 0xff, 0xfe, 0x0, 0x0, 0x0, 0x0,
    0x1, 0xff, 0xff, 0xff, 0xc0, 0x0, 0x0, 0x0,
    0x0, 0x7f, 0xff, 0xff, 0xf8, 0x0, 0x0, 0x0,
    0x0, 0xf, 0xff, 0xff, 0xff, 0x0, 0x0, 0x0,
    0x0, 0x3, 0xff, 0xff, 0xff, 0xe0, 0x0, 0x0,
    0x0, 0x0, 0x7f, 0xff, 0xff, 0xfc, 0x0, 0x0,
    0x0, 0x0, 0x1f, 0xff, 0xff, 0xff, 0x80, 0x0,
    0x0, 0x0, 0x7, 0xff, 0xff, 0xff, 0xf0, 0x0,
    0x0, 0x0, 0x0, 0xff, 0xff, 0xff, 0xfe, 0x0,
    0x0, 0x0, 0x0, 0x3f, 0xff, 0xff, 0xff, 0xc0,
    0x0, 0x0, 0x0, 0xf, 0xff, 0xff, 0xff, 0xf8,
    0x0, 0x0, 0x0, 0x1, 0xff, 0xff, 0xff, 0xff,
    0x0, 0x0, 0x0, 0x0, 0x7f, 0xff, 0x7f, 0xff,
    0xe0, 0x0, 0x0, 0x0, 0x1f, 0xff, 0xef, 0xff,
    0xfc, 0x0, 0x0, 0x0, 0x3, 0xff, 0xf9, 0xff,
    0xff, 0x80, 0x0, 0x0, 0x0, 0xff, 0xff, 0x3f,
    0xff, 0xf0, 0x0, 0x0, 0x0, 0x1f, 0xff, 0xc7,
    0xff, 0xfe, 0x0, 0x0, 0x0, 0x7, 0xff, 0xf0,
    0xff, 0xff, 0xc0, 0x0, 0x0, 0x1, 0xff, 0xfe,
    0x1f, 0xff, 0xf8, 0x0, 0x0, 0x0, 0x3f, 0xff,
    0x83, 0xff, 0xff, 0x0, 0x0, 0x0, 0xf, 0xff,
    0xf0, 0x7f, 0xff, 0xe0, 0x0, 0x0, 0x3, 0xff,
    0xfc, 0xf, 0xff, 0xfc, 0x0, 0x0, 0x0, 0x7f,
    0xff, 0x1, 0xff, 0xff, 0x80, 0x0, 0x0, 0x1f,
    0xff, 0xe0, 0x3f, 0xff, 0xf0, 0x0, 0x0, 0x3,
    0xff, 0xf8, 0x7, 0xff, 0xfe, 0x0, 0x0, 0x0,
    0xff, 0xff, 0x0, 0xff, 0xff, 0xc0, 0x0, 0x0,
    0x3f, 0xff, 0xc0, 0x1f, 0xff, 0xf8, 0x0, 0x0,
    0x7, 0xff, 0xf0, 0x3, 0xff, 0xff, 0x0, 0x0,
    0x1, 0xff, 0xfe, 0x0, 0x7f, 0xff, 0xe0, 0x0,
    0x0, 0x7f, 0xff, 0x80, 0xf, 0xff, 0xfc, 0x0,
    0x0, 0xf, 0xff, 0xe0, 0x1, 0xff, 0xff, 0x80,
    0x0, 0x3, 0xff, 0xfc, 0x0, 0x3f, 0xff, 0xf0,
    0x0, 0x0, 0x7f, 0xff, 0x0, 0x7, 0xff, 0xfe,
    0x0, 0x0, 0x1f, 0xff, 0xe0, 0x0, 0xff, 0xff,
    0xc0, 0x0, 0x7, 0xff, 0xf8, 0x0, 0x1f, 0xff,
    0xf8, 0x0, 0x0, 0xff, 0xfe, 0x0, 0x3, 0xff,
    0xff, 0x0, 0x0, 0x3f, 0xff, 0xc0, 0x0, 0x7f,
    0xff, 0xe0, 0x0, 0xf, 0xff, 0xf0, 0x0, 0xf,
    0xff, 0xfc, 0x0, 0x1, 0xff, 0xfe, 0x0, 0x1,
    0xff, 0xff, 0x80, 0x0, 0x7f, 0xff, 0x80, 0x0,
    0x3f, 0xff, 0xf0, 0x0, 0xf, 0xff, 0xe0, 0x0,
    0x7, 0xff, 0xfe, 0x0, 0x3, 0xff, 0xfc, 0x0,
    0x0, 0xff, 0xff, 0xc0, 0x0, 0xff, 0xff, 0x0,
    0x0, 0x1f, 0xff, 0xf8, 0x0, 0x1f, 0xff, 0xe0,
    0x0, 0x3, 0xff, 0xff, 0x0, 0x7, 0xff, 0xf8,
    0x0, 0x0, 0x7f, 0xff, 0xe0, 0x1, 0xff, 0xff,
    0xff, 0xff, 0xff, 0xff, 0xff, 0xff, 0xbf, 0xff,
    0xff, 0xff, 0xff, 0xff, 0xff, 0xff, 0xff, 0xff,
    0xff, 0xff, 0xff, 0xff, 0xff, 0xff, 0xff, 0xff,
    0xff, 0xff, 0xff, 0xff, 0xff, 0xff, 0xff, 0xff,
    0xff, 0xff, 0xff, 0xff, 0xff, 0xff, 0xff, 0xff,
    0xff, 0xff, 0xff, 0xff, 0xff, 0xff, 0xff, 0xff,
    0xff, 0xff, 0xff, 0xff, 0xff, 0xff, 0xff, 0xff,
    0xff, 0xff, 0xff, 0xff, 0xff, 0xff, 0xff, 0xff,
    0xff, 0xff, 0xff, 0xff, 0xff, 0xff, 0xff, 0xff,
    0xff, 0xff, 0xff, 0xff, 0xff, 0xff, 0xff, 0xff,
    0xff, 0xff, 0xff, 0xff, 0xff, 0xff, 0xff, 0xff,
    0xff, 0xfe, 0xff, 0xff, 0xff, 0xff, 0xff, 0xff,
    0xff, 0xff, 0xdf, 0xff, 0xff, 0xff, 0xff, 0xff,
    0xff, 0xff, 0xfb, 0xff, 0xff, 0xff, 0xff, 0xff,
    0xff, 0xff, 0xff, 0x0, 0x0, 0x0, 0x0, 0x3,
    0xff, 0xff, 0x0, 0x0, 0x0, 0x0, 0x0, 0x0,
    0x7f, 0xff, 0xe0, 0x0, 0x0, 0x0, 0x0, 0x0,
    0xf, 0xff, 0xfc, 0x0, 0x0, 0x0, 0x0, 0x0,
    0x1, 0xff, 0xff, 0x80, 0x0, 0x0, 0x0, 0x0,
    0x0, 0x3f, 0xff, 0xf0, 0x0, 0x0, 0x0, 0x0,
    0x0, 0x7, 0xff, 0xfe, 0x0, 0x0, 0x0, 0x0,
    0x0, 0x0, 0xff, 0xff, 0xc0, 0x0, 0x0, 0x0,
    0x0, 0x0, 0x1f, 0xff, 0xf8, 0x0, 0x0, 0x0,
    0x0, 0x0, 0x3, 0xff, 0xff, 0x0, 0x0, 0x0,
    0x0, 0x0, 0x0, 0x7f, 0xff, 0xe0, 0x0, 0x0,
    0x0, 0x0, 0x0, 0xf, 0xff, 0xfc, 0x0, 0x0,
    0x0, 0x0, 0x0, 0x1, 0xff, 0xff, 0x80, 0x0,
    0x0, 0x0, 0x0, 0x0, 0x3f, 0xff, 0xf0, 0x0,
    0x0, 0x0, 0x0, 0x0, 0x7, 0xff, 0xfe, 0x0,
    0x0, 0x0, 0x0, 0x0, 0x0, 0xff, 0xff, 0xc0,
    0x0, 0x0, 0x0, 0x0, 0x0, 0x1f, 0xff, 0xf8,
    0x0, 0x0, 0x0, 0x0, 0x0, 0x3, 0xff, 0xff,
    0x0, 0x0, 0x0, 0x0, 0x0, 0x0, 0x7f, 0xff,
    0xe0, 0x0, 0x0, 0x0, 0x0, 0x0, 0xf, 0xff,
    0xfc, 0x0, 0x0, 0x0, 0x0, 0x0, 0x1, 0xff,
    0xff, 0x80, 0x0,

    /* U+0035 "5" */
    0x0, 0xff, 0xff, 0xff, 0xff, 0xff, 0xff, 0xe0,
    0x3, 0xff, 0xff, 0xff, 0xff, 0xff, 0xff, 0x80,
    0xf, 0xff, 0xff, 0xff, 0xff, 0xff, 0xfe, 0x0,
    0x7f, 0xff, 0xff, 0xff, 0xff, 0xff, 0xf8, 0x1,
    0xff, 0xff, 0xff, 0xff, 0xff, 0xff, 0xe0, 0x7,
    0xff, 0xff, 0xff, 0xff, 0xff, 0xff, 0x80, 0x1f,
    0xff, 0xff, 0xff, 0xff, 0xff, 0xfe, 0x0, 0x7f,
    0xff, 0xff, 0xff, 0xff, 0xff, 0xf8, 0x1, 0xff,
    0xff, 0xff, 0xff, 0xff, 0xff, 0xe0, 0x7, 0xff,
    0xff, 0xff, 0xff, 0xff, 0xff, 0x80, 0x1f, 0xff,
    0xff, 0xff, 0xff, 0xff, 0xfe, 0x0, 0x7f, 0xff,
    0xff, 0xff, 0xff, 0xff, 0xf8, 0x3, 0xff, 0xff,
    0xff, 0xff, 0xff, 0xff, 0xe0, 0xf, 0xff, 0xff,
    0xff, 0xff, 0xff, 0xff, 0x80, 0x3f, 0xff, 0xe0,
    0x0, 0x0, 0x0, 0x0, 0x0, 0xff, 0xff, 0x80,
    0x0, 0x0, 0x0, 0x0, 0x3, 0xff, 0xfc, 0x0,
    0x0, 0x0, 0x0, 0x0, 0xf, 0xff, 0xf0, 0x0,
    0x0, 0x0, 0x0, 0x0, 0x3f, 0xff, 0xc0, 0x0,
    0x0, 0x0, 0x0, 0x0, 0xff, 0xff, 0x0, 0x0,
    0x0, 0x0, 0x0, 0x3, 0xff, 0xfc, 0x0, 0x0,
    0x0, 0x0, 0x0, 0x1f, 0xff, 0xf0, 0x0, 0x0,
    0x0, 0x0, 0x0, 0x7f, 0xff, 0xc0, 0x0, 0x0,
    0x0, 0x0, 0x1, 0xff, 0xff, 0x0, 0x0, 0x0,
    0x0, 0x0, 0x7, 0xff, 0xfc, 0x0, 0x0, 0x0,
    0x0, 0x0, 0x1f, 0xff, 0xe0, 0x0, 0x0, 0x0,
    0x0, 0x0, 0x7f, 0xff, 0x80, 0x0, 0x0, 0x0,
    0x0, 0x1, 0xff, 0xfe, 0x0, 0x0, 0x0, 0x0,
    0x0, 0x7, 0xff, 0xf8, 0x0, 0x0, 0x0, 0x0,
    0x0, 0x1f, 0xff, 0xe0, 0x0, 0x0, 0x0, 0x0,
    0x0, 0xff, 0xff, 0x80, 0x0, 0x0, 0x0, 0x0,
    0x3, 0xff, 0xfe, 0x1, 0xff, 0xc0, 0x0, 0x0,
    0xf, 0xff, 0xf8, 0x7f, 0xff, 0xf0, 0x0, 0x0,
    0x3f, 0xff, 0xef, 0xff, 0xff, 0xf8, 0x0, 0x0,
    0xff, 0xff, 0xff, 0xff, 0xff, 0xf8, 0x0, 0x3,
    0xff, 0xff, 0xff, 0xff, 0xff, 0xf8, 0x0, 0xf,
    0xff, 0xff, 0xff, 0xff, 0xff, 0xf0, 0x0, 0x3f,
    0xff, 0xff, 0xff, 0xff, 0xff, 0xe0, 0x1, 0xff,
    0xff, 0xff, 0xff, 0xff, 0xff, 0xc0, 0x7, 0xff,
    0xff, 0xff, 0xff, 0xff, 0xff, 0x80, 0x1f, 0xff,
    0xff, 0xff, 0xff, 0xff, 0xff, 0x0, 0x7f, 0xff,
    0xff, 0xff, 0xff, 0xff, 0xfe, 0x1, 0xff, 0xff,
    0xff, 0xff, 0xff, 0xff, 0xf8, 0x7, 0xff, 0xff,
    0xff, 0xff, 0xff, 0xff, 0xf0, 0x1f, 0xff, 0xff,
    0x80, 0x3f, 0xff, 0xff, 0xc0, 0x7f, 0xff, 0xf0,
    0x0, 0x3f, 0xff, 0xff, 0x80, 0x3f, 0xff, 0x0,
    0x0, 0x3f, 0xff, 0xfe, 0x0, 0xf, 0xf8, 0x0,
    0x0, 0x7f, 0xff, 0xfc, 0x0, 0x3, 0xc0, 0x0,
    0x0, 0xff, 0xff, 0xf0, 0x0, 0x0, 0x0, 0x0,
    0x1, 0xff, 0xff, 0xc0, 0x0, 0x0, 0x0, 0x0,
    0x3, 0xff, 0xff, 0x80, 0x0, 0x0, 0x0, 0x0,
    0xf, 0xff, 0xfe, 0x0, 0x0, 0x0, 0x0, 0x0,
    0x1f, 0xff, 0xf8, 0x0, 0x0, 0x0, 0x0, 0x0,
    0x7f, 0xff, 0xe0, 0x0, 0x0, 0x0, 0x0, 0x1,
    0xff, 0xff, 0x80, 0x0, 0x0, 0x0, 0x0, 0x3,
    0xff, 0xff, 0x0, 0x0, 0x0, 0x0, 0x0, 0xf,
    0xff, 0xfc, 0x0, 0x0, 0x0, 0x0, 0x0, 0x3f,
    0xff, 0xf0, 0x0, 0x0, 0x0, 0x0, 0x0, 0xff,
    0xff, 0xc0, 0x0, 0x0, 0x0, 0x0, 0x3, 0xff,
    0xff, 0x0, 0x0, 0x0, 0x0, 0x0, 0xf, 0xff,
    0xfc, 0x0, 0x0, 0x0, 0x0, 0x0, 0x3f, 0xff,
    0xf0, 0x0, 0x0, 0x0, 0x0, 0x0, 0xff, 0xff,
    0xc0, 0x0, 0x0, 0x0, 0x0, 0x3, 0xff, 0xff,
    0x0, 0x0, 0x0, 0x0, 0x0, 0xf, 0xff, 0xff,
    0xff, 0xff, 0x0, 0x0, 0x0, 0x3f, 0xff, 0xf7,
    0xff, 0xfc, 0x0, 0x0, 0x1, 0xff, 0xff, 0xdf,
    0xff, 0xf8, 0x0, 0x0, 0x7, 0xff, 0xff, 0x7f,
    0xff, 0xe0, 0x0, 0x0, 0x1f, 0xff, 0xf9, 0xff,
    0xff, 0x80, 0x0, 0x0, 0x7f, 0xff, 0xe7, 0xff,
    0xff, 0x0, 0x0, 0x3, 0xff, 0xff, 0x9f, 0xff,
    0xfc, 0x0, 0x0, 0xf, 0xff, 0xfe, 0x7f, 0xff,
    0xf8, 0x0, 0x0, 0x7f, 0xff, 0xf0, 0xff, 0xff,
    0xe0, 0x0, 0x1, 0xff, 0xff, 0xc3, 0xff, 0xff,
    0xc0, 0x0, 0xf, 0xff, 0xff, 0xf, 0xff, 0xff,
    0x80, 0x0, 0x7f, 0xff, 0xf8, 0x1f, 0xff, 0xff,
    0x80, 0x7, 0xff, 0xff, 0xe0, 0x3f, 0xff, 0xff,
    0x80, 0x7f, 0xff, 0xff, 0x0, 0xff, 0xff, 0xff,
    0xff, 0xff, 0xff, 0xfc, 0x1, 0xff, 0xff, 0xff,
    0xff, 0xff, 0xff, 0xe0, 0x3, 0xff, 0xff, 0xff,
    0xff, 0xff, 0xff, 0x0, 0xf, 0xff, 0xff, 0xff,
    0xff, 0xff, 0xfc, 0x0, 0x1f, 0xff, 0xff, 0xff,
    0xff, 0xff, 0xe0, 0x0, 0x3f, 0xff, 0xff, 0xff,
    0xff, 0xff, 0x0, 0x0, 0x7f, 0xff, 0xff, 0xff,
    0xff, 0xf8, 0x0, 0x0, 0x7f, 0xff, 0xff, 0xff,
    0xff, 0xc0, 0x0, 0x0, 0xff, 0xff, 0xff, 0xff,
    0xfc, 0x0, 0x0, 0x0, 0xff, 0xff, 0xff, 0xff,
    0xe0, 0x0, 0x0, 0x1, 0xff, 0xff, 0xff, 0xfe,
    0x0, 0x0, 0x0, 0x0, 0xff, 0xff, 0xff, 0xe0,
    0x0, 0x0, 0x0, 0x0, 0x7f, 0xff, 0xfc, 0x0,
    0x0, 0x0, 0x0, 0x0, 0x1f, 0xff, 0x0, 0x0,
    0x0,

    /* U+0036 "6" */
    0x0, 0x0, 0x0, 0x0, 0x1, 0xff, 0x80, 0x0,
    0x0, 0x0, 0x0, 0x0, 0x7f, 0xff, 0x0, 0x0,
    0x0, 0x0, 0x0, 0xf, 0xff, 0xfe, 0x0, 0x0,
    0x0, 0x0, 0x0, 0x7f, 0xff, 0xfc, 0x0, 0x0,
    0x0, 0x0, 0x7, 0xff, 0xff, 0xf8, 0x0, 0x0,
    0x0, 0x0, 0x1f, 0xff, 0xff, 0xf0, 0x0, 0x0,
    0x0, 0x0, 0xff, 0xff, 0xff, 0xe0, 0x0, 0x0,
    0x0, 0x7, 0xff, 0xff, 0xff, 0xc0, 0x0, 0x0,
    0x0, 0x1f, 0xff, 0xff, 0xff, 0x80, 0x0, 0x0,
    0x0, 0xff, 0xff, 0xff, 0xff, 0x0, 0x0, 0x0,
    0x3, 0xff, 0xff, 0xff, 0xfe, 0x0, 0x0, 0x0,
    0xf, 0xff, 0xff, 0xff, 0xfc, 0x0, 0x0, 0x0,
    0x3f, 0xff, 0xff, 0xff, 0xf8, 0x0, 0x0, 0x0,
    0xff, 0xff, 0xff, 0xff, 0xf0, 0x0, 0x0, 0x3,
    0xff, 0xff, 0xff, 0xf0, 0x0, 0x0, 0x0, 0xf,
    0xff, 0xff, 0xfc, 0x0, 0x0, 0x0, 0x0, 0x1f,
    0xff, 0xff, 0xe0, 0x0, 0x0, 0x0, 0x0, 0x7f,
    0xff, 0xfe, 0x0, 0x0, 0x0, 0x0, 0x1, 0xff,
    0xff, 0xf8, 0x0, 0x0, 0x0, 0x0, 0x7, 0xff,
    0xff, 0xc0, 0x0, 0x0, 0x0, 0x0, 0xf, 0xff,
    0xff, 0x0, 0x0, 0x0, 0x0, 0x0, 0x3f, 0xff,
    0xfc, 0x0, 0x0, 0x0, 0x0, 0x0, 0x7f, 0xff,
    0xf0, 0x0, 0x0, 0x0, 0x0, 0x1, 0xff, 0xff,
    0xc0, 0x0, 0x0, 0x0, 0x0, 0x7, 0xff, 0xff,
    0x0, 0x0, 0x0, 0x0, 0x0, 0xf, 0xff, 0xfc,
    0x0, 0x0, 0x0, 0x0, 0x0, 0x1f, 0xff, 0xf8,
    0x0, 0x0, 0x0, 0x0, 0x0, 0x7f, 0xff, 0xe0,
    0x0, 0x0, 0x0, 0x0, 0x0, 0xff, 0xff, 0x80,
    0x0, 0x0, 0x0, 0x0, 0x3, 0xff, 0xff, 0x0,
    0x0, 0x0, 0x0, 0x0, 0x7, 0xff, 0xfc, 0x0,
    0x0, 0x0, 0x0, 0x0, 0xf, 0xff, 0xf8, 0x0,
    0xff, 0xe0, 0x0, 0x0, 0x3f, 0xff, 0xf0, 0xf,
    0xff, 0xfc, 0x0, 0x0, 0x7f, 0xff, 0xc0, 0xff,
    0xff, 0xfe, 0x0, 0x0, 0xff, 0xff, 0x87, 0xff,
    0xff, 0xff, 0x0, 0x1, 0xff, 0xff, 0x1f, 0xff,
    0xff, 0xff, 0x80, 0x7, 0xff, 0xfe, 0xff, 0xff,
    0xff, 0xff, 0x80, 0xf, 0xff, 0xff, 0xff, 0xff,
    0xff, 0xff, 0x80, 0x1f, 0xff, 0xff, 0xff, 0xff,
    0xff, 0xff, 0x80, 0x3f, 0xff, 0xff, 0xff, 0xff,
    0xff, 0xff, 0x80, 0x7f, 0xff, 0xff, 0xff, 0xff,
    0xff, 0xff, 0x81, 0xff, 0xff, 0xff, 0xff, 0xff,
    0xff, 0xff, 0x3, 0xff, 0xff, 0xff, 0xff, 0xff,
    0xff, 0xff, 0x7, 0xff, 0xff, 0xff, 0xff, 0xff,
    0xff, 0xff, 0xf, 0xff, 0xff, 0xff, 0xff, 0xff,
    0xff, 0xfe, 0x1f, 0xff, 0xff, 0xfc, 0x3, 0xff,
    0xff, 0xfe, 0x3f, 0xff, 0xff, 0xe0, 0x0, 0xff,
    0xff, 0xfc, 0x7f, 0xff, 0xff, 0x0, 0x0, 0xff,
    0xff, 0xfc, 0xff, 0xff, 0xfc, 0x0, 0x0, 0xff,
    0xff, 0xf9, 0xff, 0xff, 0xf0, 0x0, 0x0, 0xff,
    0xff, 0xf3, 0xff, 0xff, 0xc0, 0x0, 0x0, 0xff,
    0xff, 0xf7, 0xff, 0xff, 0x0, 0x0, 0x0, 0xff,
    0xff, 0xef, 0xff, 0xfe, 0x0, 0x0, 0x1, 0xff,
    0xff, 0xdf, 0xff, 0xf8, 0x0, 0x0, 0x3, 0xff,
    0xff, 0xbf, 0xff, 0xf0, 0x0, 0x0, 0x3, 0xff,
    0xff, 0x7f, 0xff, 0xe0, 0x0, 0x0, 0x7, 0xff,
    0xff, 0xff, 0xff, 0xc0, 0x0, 0x0, 0xf, 0xff,
    0xff, 0xff, 0xff, 0x80, 0x0, 0x0, 0xf, 0xff,
    0xff, 0xff, 0xff, 0x0, 0x0, 0x0, 0x1f, 0xff,
    0xff, 0xff, 0xfe, 0x0, 0x0, 0x0, 0x3f, 0xff,
    0xff, 0xff, 0xfc, 0x0, 0x0, 0x0, 0x7f, 0xff,
    0xff, 0xff, 0xf8, 0x0, 0x0, 0x0, 0xff, 0xff,
    0xff, 0xff, 0xf0, 0x0, 0x0, 0x1, 0xff, 0xff,
    0xff, 0xff, 0xe0, 0x0, 0x0, 0x3, 0xff, 0xff,
    0x7f, 0xff, 0xc0, 0x0, 0x0, 0x7, 0xff, 0xfe,
    0xff, 0xff, 0x80, 0x0, 0x0, 0xf, 0xff, 0xfd,
    0xff, 0xff, 0x80, 0x0, 0x0, 0x1f, 0xff, 0xfb,
    0xff, 0xff, 0x0, 0x0, 0x0, 0x7f, 0xff, 0xf7,
    0xff, 0xfe, 0x0, 0x0, 0x0, 0xff, 0xff, 0xc7,
    0xff, 0xfc, 0x0, 0x0, 0x1, 0xff, 0xff, 0x8f,
    0xff, 0xfc, 0x0, 0x0, 0x7, 0xff, 0xff, 0x1f,
    0xff, 0xf8, 0x0, 0x0, 0xf, 0xff, 0xfe, 0x1f,
    0xff, 0xf8, 0x0, 0x0, 0x1f, 0xff, 0xf8, 0x3f,
    0xff, 0xf0, 0x0, 0x0, 0x7f, 0xff, 0xf0, 0x7f,
    0xff, 0xf0, 0x0, 0x1, 0xff, 0xff, 0xe0, 0x7f,
    0xff, 0xf0, 0x0, 0x7, 0xff, 0xff, 0x80, 0xff,
    0xff, 0xf0, 0x0, 0x1f, 0xff, 0xff, 0x0, 0xff,
    0xff, 0xf8, 0x0, 0x7f, 0xff, 0xfc, 0x0, 0xff,
    0xff, 0xfc, 0x7, 0xff, 0xff, 0xf8, 0x1, 0xff,
    0xff, 0xff, 0xff, 0xff, 0xff, 0xe0, 0x1, 0xff,
    0xff, 0xff, 0xff, 0xff, 0xff, 0xc0, 0x1, 0xff,
    0xff, 0xff, 0xff, 0xff, 0xff, 0x0, 0x3, 0xff,
    0xff, 0xff, 0xff, 0xff, 0xfc, 0x0, 0x3, 0xff,
    0xff, 0xff, 0xff, 0xff, 0xf0, 0x0, 0x3, 0xff,
    0xff, 0xff, 0xff, 0xff, 0xc0, 0x0, 0x3, 0xff,
    0xff, 0xff, 0xff, 0xff, 0x0, 0x0, 0x1, 0xff,
    0xff, 0xff, 0xff, 0xfc, 0x0, 0x0, 0x1, 0xff,
    0xff, 0xff, 0xff, 0xf0, 0x0, 0x0, 0x1, 0xff,
    0xff, 0xff, 0xff, 0x80, 0x0, 0x0, 0x0, 0xff,
    0xff, 0xff, 0xfc, 0x0, 0x0, 0x0, 0x0, 0x7f,
    0xff, 0xff, 0xe0, 0x0, 0x0, 0x0, 0x0, 0x1f,
    0xff, 0xfe, 0x0, 0x0, 0x0, 0x0, 0x0, 0x3,
    0xff, 0xe0, 0x0, 0x0, 0x0,

    /* U+0037 "7" */
    0xff, 0xff, 0xff, 0xff, 0xff, 0xff, 0xff, 0xff,
    0xff, 0xff, 0xff, 0xff, 0xff, 0xff, 0xff, 0xff,
    0xff, 0xff, 0xff, 0xff, 0xff, 0xff, 0xff, 0xff,
    0xff, 0xff, 0xff, 0xff, 0xff, 0xff, 0xff, 0xff,
    0xff, 0xff, 0xff, 0xff, 0xff, 0xff, 0xff, 0xff,
    0xff, 0xff, 0xff, 0xff, 0xff, 0xff, 0xff, 0xff,
    0xff, 0xff, 0xff, 0xff, 0xff, 0xff, 0xff, 0xff,
    0xff, 0xff, 0xff, 0xff, 0xff, 0xff, 0xff, 0xff,
    0xff, 0xff, 0xff, 0xff, 0xff, 0xff, 0xff, 0xff,
    0xff, 0xff, 0xff, 0xff, 0xff, 0xff, 0xff, 0xff,
    0xff, 0xff, 0xff, 0xff, 0xff, 0xff, 0xff, 0xff,
    0xff, 0xff, 0xff, 0xff, 0xff, 0xff, 0xff, 0xfe,
    0xff, 0xff, 0xff, 0xff, 0xff, 0xff, 0xff, 0xfe,
    0xff, 0xff, 0xff, 0xff, 0xff, 0xff, 0xff, 0xfc,
    0x0, 0x0, 0x0, 0x0, 0x0, 0x7, 0xff, 0xfc,
    0x0, 0x0, 0x0, 0x0, 0x0, 0xf, 0xff, 0xf8,
    0x0, 0x0, 0x0, 0x0, 0x0, 0xf, 0xff, 0xf8,
    0x0, 0x0, 0x0, 0x0, 0x0, 0x1f, 0xff, 0xf8,
    0x0, 0x0, 0x0, 0x0, 0x0, 0x1f, 0xff, 0xf0,
    0x0, 0x0, 0x0, 0x0, 0x0, 0x1f, 0xff, 0xf0,
    0x0, 0x0, 0x0, 0x0, 0x0, 0x3f, 0xff, 0xe0,
    0x0, 0x0, 0x0, 0x0, 0x0, 0x3f, 0xff, 0xe0,
    0x0, 0x0, 0x0, 0x0, 0x0, 0x7f, 0xff, 0xc0,
    0x0, 0x0, 0x0, 0x0, 0x0, 0x7f, 0xff, 0xc0,
    0x0, 0x0, 0x0, 0x0, 0x0, 0xff, 0xff, 0xc0,
    0x0, 0x0, 0x0, 0x0, 0x0, 0xff, 0xff, 0x80,
    0x0, 0x0, 0x0, 0x0, 0x1, 0xff, 0xff, 0x80,
    0x0, 0x0, 0x0, 0x0, 0x1, 0xff, 0xff, 0x0,
    0x0, 0x0, 0x0, 0x0, 0x3, 0xff, 0xff, 0x0,
    0x0, 0x0, 0x0, 0x0, 0x3, 0xff, 0xfe, 0x0,
    0x0, 0x0, 0x0, 0x0, 0x3, 0xff, 0xfe, 0x0,
    0x0, 0x0, 0x0, 0x0, 0x7, 0xff, 0xfe, 0x0,
    0x0, 0x0, 0x0, 0x0, 0x7, 0xff, 0xfc, 0x0,
    0x0, 0x0, 0x0, 0x0, 0xf, 0xff, 0xfc, 0x0,
    0x0, 0x0, 0x0, 0x0, 0xf, 0xff, 0xf8, 0x0,
    0x0, 0x0, 0x0, 0x0, 0x1f, 0xff, 0xf8, 0x0,
    0x0, 0x0, 0x0, 0x0, 0x1f, 0xff, 0xf0, 0x0,
    0x0, 0x0, 0x0, 0x0, 0x3f, 0xff, 0xf0, 0x0,
    0x0, 0x0, 0x0, 0x0, 0x3f, 0xff, 0xf0, 0x0,
    0x0, 0x0, 0x0, 0x0, 0x7f, 0xff, 0xe0, 0x0,
    0x0, 0x0, 0x0, 0x0, 0x7f, 0xff, 0xe0, 0x0,
    0x0, 0x0, 0x0, 0x0, 0x7f, 0xff, 0xc0, 0x0,
    0x0, 0x0, 0x0, 0x0, 0xff, 0xff, 0xc0, 0x0,
    0x0, 0x0, 0x0, 0x0, 0xff, 0xff, 0x80, 0x0,
    0x0, 0x0, 0x0, 0x1, 0xff, 0xff, 0x80, 0x0,
    0x0, 0x0, 0x0, 0x1, 0xff, 0xff, 0x80, 0x0,
    0x0, 0x0, 0x0, 0x3, 0xff, 0xff, 0x0, 0x0,
    0x0, 0x0, 0x0, 0x3, 0xff, 0xff, 0x0, 0x0,
    0x0, 0x0, 0x0, 0x7, 0xff, 0xfe, 0x0, 0x0,
    0x0, 0x0, 0x0, 0x7, 0xff, 0xfe, 0x0, 0x0,
    0x0, 0x0, 0x0, 0xf, 0xff, 0xfc, 0x0, 0x0,
    0x0, 0x0, 0x0, 0xf, 0xff, 0xfc, 0x0, 0x0,
    0x0, 0x0, 0x0, 0xf, 0xff, 0xfc, 0x0, 0x0,
    0x0, 0x0, 0x0, 0x1f, 0xff, 0xf8, 0x0, 0x0,
    0x0, 0x0, 0x0, 0x1f, 0xff, 0xf8, 0x0, 0x0,
    0x0, 0x0, 0x0, 0x3f, 0xff, 0xf0, 0x0, 0x0,
    0x0, 0x0, 0x0, 0x3f, 0xff, 0xf0, 0x0, 0x0,
    0x0, 0x0, 0x0, 0x7f, 0xff, 0xe0, 0x0, 0x0,
    0x0, 0x0, 0x0, 0x7f, 0xff, 0xe0, 0x0, 0x0,
    0x0, 0x0, 0x0, 0xff, 0xff, 0xe0, 0x0, 0x0,
    0x0, 0x0, 0x0, 0xff, 0xff, 0xc0, 0x0, 0x0,
    0x0, 0x0, 0x1, 0xff, 0xff, 0xc0, 0x0, 0x0,
    0x0, 0x0, 0x1, 0xff, 0xff, 0x80, 0x0, 0x0,
    0x0, 0x0, 0x1, 0xff, 0xff, 0x80, 0x0, 0x0,
    0x0, 0x0, 0x3, 0xff, 0xff, 0x0, 0x0, 0x0,
    0x0, 0x0, 0x3, 0xff, 0xff, 0x0, 0x0, 0x0,
    0x0, 0x0, 0x7, 0xff, 0xff, 0x0, 0x0, 0x0,
    0x0, 0x0, 0x7, 0xff, 0xfe, 0x0, 0x0, 0x0,
    0x0, 0x0, 0xf, 0xff, 0xfe, 0x0, 0x0, 0x0,
    0x0, 0x0, 0xf, 0xff, 0xfc, 0x0, 0x0, 0x0,
    0x0, 0x0, 0x1f, 0xff, 0xfc, 0x0, 0x0, 0x0,
    0x0, 0x0, 0x1f, 0xff, 0xf8, 0x0, 0x0, 0x0,
    0x0, 0x0, 0x3f, 0xff, 0xf8, 0x0, 0x0, 0x0,
    0x0, 0x0, 0x3f, 0xff, 0xf8, 0x0, 0x0, 0x0,
    0x0, 0x0, 0x3f, 0xff, 0xf0, 0x0, 0x0, 0x0,
    0x0, 0x0, 0x7f, 0xff, 0xf0, 0x0, 0x0, 0x0,
    0x0, 0x0, 0x7f, 0xff, 0xe0, 0x0, 0x0, 0x0,
    0x0, 0x0, 0xff, 0xff, 0xe0, 0x0, 0x0, 0x0,
    0x0, 0x0, 0xff, 0xff, 0xc0, 0x0, 0x0, 0x0,
    0x0, 0x1, 0xff, 0xff, 0xc0, 0x0, 0x0, 0x0,
    0x0, 0x1, 0xff, 0xff, 0xc0, 0x0, 0x0, 0x0,
    0x0, 0x3, 0xff, 0xff, 0x80, 0x0, 0x0, 0x0,
    0x0, 0x3, 0xff, 0xff, 0x80, 0x0, 0x0, 0x0,
    0x0, 0x7, 0xff, 0xff, 0x0, 0x0, 0x0, 0x0,
    0x0, 0x7, 0xff, 0xff, 0x0, 0x0, 0x0, 0x0,
    0x0, 0x7, 0xff, 0xfe, 0x0, 0x0, 0x0, 0x0,
    0x0, 0xf, 0xff, 0xfe, 0x0, 0x0, 0x0, 0x0,
    0x0, 0xf, 0xff, 0xfe, 0x0, 0x0, 0x0, 0x0,
    0x0, 0x1f, 0xff, 0xfc, 0x0, 0x0, 0x0, 0x0,
    0x0, 0x1f, 0xff, 0xfc, 0x0, 0x0, 0x0, 0x0,
    0x0, 0x3f, 0xff, 0xf8, 0x0, 0x0, 0x0, 0x0,

    /* U+0038 "8" */
    0x0, 0x0, 0x0, 0xff, 0xfc, 0x0, 0x0, 0x0,
    0x0, 0x0, 0x3f, 0xff, 0xff, 0x0, 0x0, 0x0,
    0x0, 0x7, 0xff, 0xff, 0xff, 0x80, 0x0, 0x0,
    0x0, 0x7f, 0xff, 0xff, 0xff, 0x80, 0x0, 0x0,
    0x7, 0xff, 0xff, 0xff, 0xff, 0x80, 0x0, 0x0,
    0x3f, 0xff, 0xff, 0xff, 0xff, 0x0, 0x0, 0x3,
    0xff, 0xff, 0xff, 0xff, 0xff, 0x0, 0x0, 0x1f,
    0xff, 0xff, 0xff, 0xff, 0xfe, 0x0, 0x0, 0xff,
    0xff, 0xff, 0xff, 0xff, 0xfc, 0x0, 0x7, 0xff,
    0xff, 0xff, 0xff, 0xff, 0xf8, 0x0, 0x3f, 0xff,
    0xff, 0xff, 0xff, 0xff, 0xf0, 0x0, 0xff, 0xff,
    0xff, 0xff, 0xff, 0xff, 0xc0, 0x7, 0xff, 0xff,
    0xff, 0xff, 0xff, 0xff, 0x80, 0x1f, 0xff, 0xff,
    0xff, 0xff, 0xff, 0xfe, 0x0, 0xff, 0xff, 0xfe,
    0x1, 0xff, 0xff, 0xfc, 0x3, 0xff, 0xff, 0xe0,
    0x1, 0xff, 0xff, 0xf0, 0x1f, 0xff, 0xff, 0x0,
    0x3, 0xff, 0xff, 0xe0, 0x7f, 0xff, 0xf8, 0x0,
    0x7, 0xff, 0xff, 0x81, 0xff, 0xff, 0xc0, 0x0,
    0xf, 0xff, 0xfe, 0x7, 0xff, 0xfe, 0x0, 0x0,
    0x1f, 0xff, 0xf8, 0x3f, 0xff, 0xf8, 0x0, 0x0,
    0x7f, 0xff, 0xf0, 0xff, 0xff, 0xe0, 0x0, 0x1,
    0xff, 0xff, 0xc3, 0xff, 0xff, 0x0, 0x0, 0x3,
    0xff, 0xff, 0xf, 0xff, 0xfc, 0x0, 0x0, 0xf,
    0xff, 0xfc, 0x3f, 0xff, 0xf0, 0x0, 0x0, 0x3f,
    0xff, 0xf0, 0xff, 0xff, 0xc0, 0x0, 0x0, 0xff,
    0xff, 0xc3, 0xff, 0xff, 0x0, 0x0, 0x3, 0xff,
    0xff, 0xf, 0xff, 0xfc, 0x0, 0x0, 0xf, 0xff,
    0xfc, 0x3f, 0xff, 0xf0, 0x0, 0x0, 0x3f, 0xff,
    0xf0, 0xff, 0xff, 0xc0, 0x0, 0x0, 0xff, 0xff,
    0xc1, 0xff, 0xff, 0x80, 0x0, 0x7, 0xff, 0xfe,
    0x7, 0xff, 0xfe, 0x0, 0x0, 0x1f, 0xff, 0xf8,
    0x1f, 0xff, 0xf8, 0x0, 0x0, 0x7f, 0xff, 0xe0,
    0x7f, 0xff, 0xf0, 0x0, 0x3, 0xff, 0xff, 0x80,
    0xff, 0xff, 0xc0, 0x0, 0xf, 0xff, 0xfc, 0x3,
    0xff, 0xff, 0x80, 0x0, 0x7f, 0xff, 0xf0, 0x7,
    0xff, 0xff, 0x0, 0x3, 0xff, 0xff, 0x80, 0xf,
    0xff, 0xff, 0x0, 0x3f, 0xff, 0xfc, 0x0, 0x3f,
    0xff, 0xff, 0xef, 0xff, 0xff, 0xf0, 0x0, 0x7f,
    0xff, 0xff, 0xff, 0xff, 0xff, 0x80, 0x0, 0xff,
    0xff, 0xff, 0xff, 0xff, 0xfc, 0x0, 0x1, 0xff,
    0xff, 0xff, 0xff, 0xff, 0xe0, 0x0, 0x3, 0xff,
    0xff, 0xff, 0xff, 0xff, 0x0, 0x0, 0x3, 0xff,
    0xff, 0xff, 0xff, 0xf0, 0x0, 0x0, 0x7, 0xff,
    0xff, 0xff, 0xff, 0x80, 0x0, 0x0, 0xf, 0xff,
    0xff, 0xff, 0xfc, 0x0, 0x0, 0x0, 0xff, 0xff,
    0xff, 0xff, 0xfc, 0x0, 0x0, 0x7, 0xff, 0xff,
    0xff, 0xff, 0xf8, 0x0, 0x0, 0x7f, 0xff, 0xff,
    0xff, 0xff, 0xf8, 0x0, 0x3, 0xff, 0xff, 0xff,
    0xff, 0xff, 0xf0, 0x0, 0x1f, 0xff, 0xff, 0xff,
    0xff, 0xff, 0xe0, 0x0, 0xff, 0xff, 0xff, 0xff,
    0xff, 0xff, 0xc0, 0x7, 0xff, 0xff, 0xff, 0xff,
    0xff, 0xff, 0x80, 0x3f, 0xff, 0xff, 0x0, 0x3f,
    0xff, 0xff, 0x0, 0xff, 0xff, 0xf0, 0x0, 0x3f,
    0xff, 0xfc, 0x7, 0xff, 0xff, 0x0, 0x0, 0x7f,
    0xff, 0xf8, 0x1f, 0xff, 0xf8, 0x0, 0x0, 0x7f,
    0xff, 0xe0, 0xff, 0xff, 0xe0, 0x0, 0x1, 0xff,
    0xff, 0xc3, 0xff, 0xff, 0x0, 0x0, 0x3, 0xff,
    0xff, 0x1f, 0xff, 0xf8, 0x0, 0x0, 0x7, 0xff,
    0xfe, 0x7f, 0xff, 0xe0, 0x0, 0x0, 0x1f, 0xff,
    0xf9, 0xff, 0xff, 0x80, 0x0, 0x0, 0x7f, 0xff,
    0xef, 0xff, 0xfc, 0x0, 0x0, 0x0, 0xff, 0xff,
    0xff, 0xff, 0xf0, 0x0, 0x0, 0x3, 0xff, 0xff,
    0xff, 0xff, 0xc0, 0x0, 0x0, 0xf, 0xff, 0xff,
    0xff, 0xff, 0x0, 0x0, 0x0, 0x3f, 0xff, 0xff,
    0xff, 0xfc, 0x0, 0x0, 0x0, 0xff, 0xff, 0xff,
    0xff, 0xf0, 0x0, 0x0, 0x3, 0xff, 0xff, 0xff,
    0xff, 0xc0, 0x0, 0x0, 0xf, 0xff, 0xff, 0xff,
    0xff, 0x0, 0x0, 0x0, 0x3f, 0xff, 0xff, 0xff,
    0xfc, 0x0, 0x0, 0x0, 0xff, 0xff, 0xff, 0xff,
    0xf8, 0x0, 0x0, 0x7, 0xff, 0xff, 0xff, 0xff,
    0xe0, 0x0, 0x0, 0x1f, 0xff, 0xfd, 0xff, 0xff,
    0xc0, 0x0, 0x0, 0x7f, 0xff, 0xe7, 0xff, 0xff,
    0x0, 0x0, 0x3, 0xff, 0xff, 0x9f, 0xff, 0xfe,
    0x0, 0x0, 0x1f, 0xff, 0xfe, 0x7f, 0xff, 0xfc,
    0x0, 0x0, 0xff, 0xff, 0xf8, 0xff, 0xff, 0xf8,
    0x0, 0x7, 0xff, 0xff, 0xc3, 0xff, 0xff, 0xf0,
    0x0, 0x3f, 0xff, 0xff, 0x7, 0xff, 0xff, 0xf8,
    0x7, 0xff, 0xff, 0xf8, 0x1f, 0xff, 0xff, 0xff,
    0xff, 0xff, 0xff, 0xe0, 0x3f, 0xff, 0xff, 0xff,
    0xff, 0xff, 0xff, 0x0, 0xff, 0xff, 0xff, 0xff,
    0xff, 0xff, 0xfc, 0x1, 0xff, 0xff, 0xff, 0xff,
    0xff, 0xff, 0xe0, 0x3, 0xff, 0xff, 0xff, 0xff,
    0xff, 0xff, 0x0, 0x7, 0xff, 0xff, 0xff, 0xff,
    0xff, 0xf8, 0x0, 0xf, 0xff, 0xff, 0xff, 0xff,
    0xff, 0xc0, 0x0, 0x1f, 0xff, 0xff, 0xff, 0xff,
    0xfe, 0x0, 0x0, 0x1f, 0xff, 0xff, 0xff, 0xff,
    0xf0, 0x0, 0x0, 0x3f, 0xff, 0xff, 0xff, 0xff,
    0x0, 0x0, 0x0, 0x3f, 0xff, 0xff, 0xff, 0xf0,
    0x0, 0x0, 0x0, 0x3f, 0xff, 0xff, 0xff, 0x0,
    0x0, 0x0, 0x0, 0x1f, 0xff, 0xff, 0xe0, 0x0,
    0x0, 0x0, 0x0, 0x3, 0xff, 0xf0, 0x0, 0x0,
    0x0,

    /* U+0039 "9" */
    0x0, 0x0, 0x0, 0x7f, 0xf8, 0x0, 0x0, 0x0,
    0x0, 0x0, 0x1f, 0xff, 0xfe, 0x0, 0x0, 0x0,
    0x0, 0x3, 0xff, 0xff, 0xfe, 0x0, 0x0, 0x0,
    0x0, 0x3f, 0xff, 0xff, 0xfe, 0x0, 0x0, 0x0,
    0x3, 0xff, 0xff, 0xff, 0xfe, 0x0, 0x0, 0x0,
    0x1f, 0xff, 0xff, 0xff, 0xfc, 0x0, 0x0, 0x0,
    0xff, 0xff, 0xff, 0xff, 0xfc, 0x0, 0x0, 0xf,
    0xff, 0xff, 0xff, 0xff, 0xf8, 0x0, 0x0, 0x7f,
    0xff, 0xff, 0xff, 0xff, 0xf0, 0x0, 0x3, 0xff,
    0xff, 0xff, 0xff, 0xff, 0xe0, 0x0, 0xf, 0xff,
    0xff, 0xff, 0xff, 0xff, 0xc0, 0x0, 0x7f, 0xff,
    0xff, 0xff, 0xff, 0xff, 0x0, 0x3, 0xff, 0xff,
    0xff, 0xff, 0xff, 0xfe, 0x0, 0x1f, 0xff, 0xff,
    0xff, 0xff, 0xff, 0xfc, 0x0, 0x7f, 0xff, 0xff,
    0x3, 0xff, 0xff, 0xf0, 0x3, 0xff, 0xff, 0xe0,
    0x3, 0xff, 0xff, 0xe0, 0xf, 0xff, 0xff, 0x0,
    0x3, 0xff, 0xff, 0xc0, 0x7f, 0xff, 0xf8, 0x0,
    0x7, 0xff, 0xff, 0x1, 0xff, 0xff, 0xc0, 0x0,
    0xf, 0xff, 0xfc, 0xf, 0xff, 0xfe, 0x0, 0x0,
    0x1f, 0xff, 0xf8, 0x3f, 0xff, 0xf8, 0x0, 0x0,
    0x7f, 0xff, 0xe0, 0xff, 0xff, 0xc0, 0x0, 0x0,
    0xff, 0xff, 0xc7, 0xff, 0xff, 0x0, 0x0, 0x3,
    0xff, 0xff, 0x1f, 0xff, 0xf8, 0x0, 0x0, 0xf,
    0xff, 0xfc, 0x7f, 0xff, 0xe0, 0x0, 0x0, 0x1f,
    0xff, 0xf1, 0xff, 0xff, 0x80, 0x0, 0x0, 0x7f,
    0xff, 0xef, 0xff, 0xfe, 0x0, 0x0, 0x1, 0xff,
    0xff, 0xbf, 0xff, 0xf0, 0x0, 0x0, 0x7, 0xff,
    0xfe, 0xff, 0xff, 0xc0, 0x0, 0x0, 0xf, 0xff,
    0xfb, 0xff, 0xff, 0x0, 0x0, 0x0, 0x3f, 0xff,
    0xef, 0xff, 0xfc, 0x0, 0x0, 0x0, 0xff, 0xff,
    0xff, 0xff, 0xf0, 0x0, 0x0, 0x3, 0xff, 0xff,
    0xff, 0xff, 0xc0, 0x0, 0x0, 0xf, 0xff, 0xff,
    0xff, 0xff, 0x0, 0x0, 0x0, 0x3f, 0xff, 0xff,
    0xff, 0xfc, 0x0, 0x0, 0x0, 0xff, 0xff, 0xff,
    0xff, 0xf0, 0x0, 0x0, 0x3, 0xff, 0xff, 0xff,
    0xff, 0xc0, 0x0, 0x0, 0xf, 0xff, 0xff, 0xff,
    0xff, 0x80, 0x0, 0x0, 0x3f, 0xff, 0xff, 0xff,
    0xfe, 0x0, 0x0, 0x0, 0xff, 0xff, 0xdf, 0xff,
    0xf8, 0x0, 0x0, 0x3, 0xff, 0xff, 0x7f, 0xff,
    0xf0, 0x0, 0x0, 0xf, 0xff, 0xfd, 0xff, 0xff,
    0xc0, 0x0, 0x0, 0x3f, 0xff, 0xf7, 0xff, 0xff,
    0x0, 0x0, 0x1, 0xff, 0xff, 0xdf, 0xff, 0xfe,
    0x0, 0x0, 0xf, 0xff, 0xff, 0x3f, 0xff, 0xfc,
    0x0, 0x0, 0x3f, 0xff, 0xfc, 0xff, 0xff, 0xf8,
    0x0, 0x1, 0xff, 0xff, 0xf3, 0xff, 0xff, 0xf0,
    0x0, 0x1f, 0xff, 0xff, 0xc7, 0xff, 0xff, 0xe0,
    0x0, 0xff, 0xff, 0xff, 0x1f, 0xff, 0xff, 0xf0,
    0x1f, 0xff, 0xff, 0xfc, 0x3f, 0xff, 0xff, 0xff,
    0xff, 0xff, 0xff, 0xf0, 0xff, 0xff, 0xff, 0xff,
    0xff, 0xff, 0xff, 0xc1, 0xff, 0xff, 0xff, 0xff,
    0xff, 0xff, 0xff, 0x3, 0xff, 0xff, 0xff, 0xff,
    0xff, 0xff, 0xf8, 0xf, 0xff, 0xff, 0xff, 0xff,
    0xff, 0xff, 0xe0, 0x1f, 0xff, 0xff, 0xff, 0xff,
    0xff, 0xff, 0x80, 0x3f, 0xff, 0xff, 0xff, 0xff,
    0xff, 0xfe, 0x0, 0x7f, 0xff, 0xff, 0xff, 0xef,
    0xff, 0xf8, 0x0, 0xff, 0xff, 0xff, 0xff, 0x3f,
    0xff, 0xe0, 0x0, 0xff, 0xff, 0xff, 0xf1, 0xff,
    0xff, 0x0, 0x1, 0xff, 0xff, 0xff, 0x87, 0xff,
    0xfc, 0x0, 0x1, 0xff, 0xff, 0xf8, 0x1f, 0xff,
    0xf0, 0x0, 0x1, 0xff, 0xff, 0x80, 0x7f, 0xff,
    0xc0, 0x0, 0x0, 0x7f, 0xf0, 0x3, 0xff, 0xfe,
    0x0, 0x0, 0x0, 0x0, 0x0, 0xf, 0xff, 0xf8,
    0x0, 0x0, 0x0, 0x0, 0x0, 0x3f, 0xff, 0xe0,
    0x0, 0x0, 0x0, 0x0, 0x1, 0xff, 0xff, 0x0,
    0x0, 0x0, 0x0, 0x0, 0x7, 0xff, 0xfc, 0x0,
    0x0, 0x0, 0x0, 0x0, 0x3f, 0xff, 0xe0, 0x0,
    0x0, 0x0, 0x0, 0x0, 0xff, 0xff, 0x80, 0x0,
    0x0, 0x0, 0x0, 0x7, 0xff, 0xfe, 0x0, 0x0,
    0x0, 0x0, 0x0, 0x3f, 0xff, 0xf0, 0x0, 0x0,
    0x0, 0x0, 0x1, 0xff, 0xff, 0x80, 0x0, 0x0,
    0x0, 0x0, 0xf, 0xff, 0xfe, 0x0, 0x0, 0x0,
    0x0, 0x0, 0x7f, 0xff, 0xf0, 0x0, 0x0, 0x0,
    0x0, 0x3, 0xff, 0xff, 0xc0, 0x0, 0x0, 0x0,
    0x0, 0x3f, 0xff, 0xfe, 0x0, 0x0, 0x0, 0x0,
    0x3, 0xff, 0xff, 0xf0, 0x0, 0x0, 0x0, 0x0,
    0x7f, 0xff, 0xff, 0x80, 0x0, 0x0, 0x0, 0x3f,
    0xff, 0xff, 0xfe, 0x0, 0x0, 0x0, 0xff, 0xff,
    0xff, 0xff, 0xf0, 0x0, 0x0, 0x3, 0xff, 0xff,
    0xff, 0xff, 0x80, 0x0, 0x0, 0xf, 0xff, 0xff,
    0xff, 0xfc, 0x0, 0x0, 0x0, 0x3f, 0xff, 0xff,
    0xff, 0xe0, 0x0, 0x0, 0x0, 0xff, 0xff, 0xff,
    0xff, 0x0, 0x0, 0x0, 0x3, 0xff, 0xff, 0xff,
    0xf0, 0x0, 0x0, 0x0, 0xf, 0xff, 0xff, 0xff,
    0x80, 0x0, 0x0, 0x0, 0x3f, 0xff, 0xff, 0xf8,
    0x0, 0x0, 0x0, 0x0, 0xff, 0xff, 0xff, 0x80,
    0x0, 0x0, 0x0, 0x3, 0xff, 0xff, 0xfc, 0x0,
    0x0, 0x0, 0x0, 0xf, 0xff, 0xff, 0x80, 0x0,
    0x0, 0x0, 0x0, 0x3f, 0xff, 0xf0, 0x0, 0x0,
    0x0, 0x0, 0x0, 0xff, 0xfe, 0x0, 0x0, 0x0,
    0x0, 0x0, 0x3, 0xfe, 0x0, 0x0, 0x0, 0x0,
    0x0,

    /* U+003A ":" */
    0x3, 0xfc, 0x0, 0xff, 0xf0, 0x1f, 0xff, 0x83,
    0xff, 0xfc, 0x7f, 0xff, 0xe7, 0xff, 0xfe, 0xff,
    0xff, 0xff, 0xff, 0xff, 0xff, 0xff, 0xff, 0xff,
    0xff, 0xff, 0xff, 0xff, 0xff, 0xff, 0xff, 0xff,
    0xf7, 0xff, 0xfe, 0x7f, 0xff, 0xe3, 0xff, 0xfc,
    0x1f, 0xff, 0x80, 0xff, 0xf0, 0x3, 0xfc, 0x0,
    0x0, 0x0, 0x0, 0x0, 0x0, 0x0, 0x0, 0x0,
    0x0, 0x0, 0x0, 0x0, 0x0, 0x0, 0x0, 0x0,
    0x0, 0x0, 0x0, 0x0, 0x0, 0x0, 0x0, 0x0,
    0x0, 0x0, 0x0, 0x0, 0x0, 0x0, 0x0, 0x0,
    0x0, 0x0, 0x0, 0x0, 0x0, 0x0, 0x0, 0x0,
    0x0, 0x0, 0x0, 0x0, 0x0, 0x0, 0x0, 0x0,
    0x0, 0x0, 0x0, 0x0, 0x0, 0x0, 0x0, 0x0,
    0x0, 0x0, 0x0, 0x0, 0x0, 0x0, 0x0, 0x0,
    0x0, 0x0, 0x0, 0x0, 0x0, 0x0, 0x0, 0x0,
    0x0, 0x0, 0x0, 0x0, 0x0, 0x0, 0x0, 0x0,
    0x0, 0x0, 0x3, 0xfc, 0x0, 0xff, 0xf0, 0x1f,
    0xff, 0x83, 0xff, 0xfc, 0x7f, 0xff, 0xe7, 0xff,
    0xfe, 0xff, 0xff, 0xff, 0xff, 0xff, 0xff, 0xff,
    0xff, 0xff, 0xff, 0xff, 0xff, 0xff, 0xff, 0xff,
    0xff, 0xff, 0xf7, 0xff, 0xfe, 0x7f, 0xff, 0xe3,
    0xff, 0xfc, 0x1f, 0xff, 0x80, 0xff, 0xf0, 0x3,
    0xfc, 0x0,

    /* U+003B ";" */
    0x0, 0x7f, 0x80, 0x3, 0xff, 0xc0, 0xf, 0xff,
    0xc0, 0x3f, 0xff, 0xc0, 0xff, 0xff, 0xc1, 0xff,
    0xff, 0x87, 0xff, 0xff, 0x8f, 0xff, 0xff, 0x1f,
    0xff, 0xfe, 0x3f, 0xff, 0xfc, 0x7f, 0xff, 0xf8,
    0xff, 0xff, 0xf1, 0xff, 0xff, 0xe1, 0xff, 0xff,
    0x83, 0xff, 0xff, 0x3, 0xff, 0xfc, 0x3, 0xff,
    0xf0, 0x3, 0xff, 0xc0, 0x1, 0xfe, 0x0, 0x0,
    0x0, 0x0, 0x0, 0x0, 0x0, 0x0, 0x0, 0x0,
    0x0, 0x0, 0x0, 0x0, 0x0, 0x0, 0x0, 0x0,
    0x0, 0x0, 0x0, 0x0, 0x0, 0x0, 0x0, 0x0,
    0x0, 0x0, 0x0, 0x0, 0x0, 0x0, 0x0, 0x0,
    0x0, 0x0, 0x0, 0x0, 0x0, 0x0, 0x0, 0x0,
    0x0, 0x0, 0x0, 0x0, 0x0, 0x0, 0x0, 0x0,
    0x0, 0x0, 0x0, 0x0, 0x0, 0x0, 0x0, 0x0,
    0x0, 0x0, 0x0, 0x0, 0x0, 0x0, 0x0, 0x0,
    0x0, 0x0, 0x0, 0x0, 0x0, 0x0, 0x0, 0x0,
    0x0, 0x0, 0x0, 0x0, 0x0, 0x0, 0x0, 0x0,
    0x0, 0x0, 0x0, 0x0, 0x0, 0x0, 0x0, 0x0,
    0x0, 0x0, 0x0, 0x0, 0x0, 0x0, 0x0, 0x0,
    0x0, 0x0, 0x0, 0x0, 0x7f, 0xff, 0x0, 0xff,
    0xfe, 0x1, 0xff, 0xfc, 0x3, 0xff, 0xf8, 0x7,
    0xff, 0xf0, 0xf, 0xff, 0xe0, 0x1f, 0xff, 0xc0,
    0x3f, 0xff, 0x80, 0x7f, 0xff, 0x0, 0xff, 0xfe,
    0x1, 0xff, 0xfc, 0x3, 0xff, 0xf8, 0x7, 0xff,
    0xf0, 0xf, 0xff, 0xe0, 0x1f, 0xff, 0xc0, 0x3f,
    0xff, 0x80, 0x7f, 0xff, 0x0, 0xff, 0xfe, 0x1,
    0xff, 0xf8, 0x7, 0xff, 0xf0, 0xf, 0xff, 0xe0,
    0x1f, 0xff, 0xc0, 0x7f, 0xff, 0x0, 0xff, 0xfe,
    0x1, 0xff, 0xf8, 0x7, 0xff, 0xf0, 0xf, 0xff,
    0xe0, 0x3f, 0xff, 0x80, 0x7f, 0xff, 0x1, 0xff,
    0xfc, 0x3, 0xff, 0xf0, 0xf, 0xff, 0xe0, 0x3f,
    0xff, 0x80, 0x7f, 0xfe, 0x0, 0x3f, 0xfc, 0x0,
    0x1f, 0xf0, 0x0, 0xf, 0xc0, 0x0, 0x7, 0x0,
    0x0,

    /* U+003C "<" */
    0x0, 0x0, 0x0, 0x0, 0x0, 0x0, 0x4, 0x0,
    0x0, 0x0, 0x0, 0x0, 0x0, 0xf0, 0x0, 0x0,
    0x0, 0x0, 0x0, 0xf, 0xc0, 0x0, 0x0, 0x0,
    0x0, 0x0, 0xff, 0x0, 0x0, 0x0, 0x0, 0x0,
    0x1f, 0xfc, 0x0, 0x0, 0x0, 0x0, 0x1, 0xff,
    0xf0, 0x0, 0x0, 0x0, 0x0, 0x1f, 0xff, 0xc0,
    0x0, 0x0, 0x0, 0x3, 0xff, 0xff, 0x0, 0x0,
    0x0, 0x0, 0x3f, 0xff, 0xfc, 0x0, 0x0, 0x0,
    0x3, 0xff, 0xff, 0xf0, 0x0, 0x0, 0x0, 0x7f,
    0xff, 0xff, 0xc0, 0x0, 0x0, 0x7, 0xff, 0xff,
    0xff, 0x0, 0x0, 0x0, 0x7f, 0xff, 0xff, 0xfc,
    0x0, 0x0, 0xf, 0xff, 0xff, 0xff, 0xf0, 0x0,
    0x0, 0xff, 0xff, 0xff, 0xff, 0xc0, 0x0, 0x1f,
    0xff, 0xff, 0xff, 0xff, 0x0, 0x1, 0xff, 0xff,
    0xff, 0xff, 0xfc, 0x0, 0x1f, 0xff, 0xff, 0xff,
    0xff, 0xc0, 0x3, 0xff, 0xff, 0xff, 0xff, 0xfc,
    0x0, 0x3f, 0xff, 0xff, 0xff, 0xff, 0x80, 0x3,
    0xff, 0xff, 0xff, 0xff, 0xf0, 0x0, 0x7f, 0xff,
    0xff, 0xff, 0xff, 0x0, 0x7, 0xff, 0xff, 0xff,
    0xff, 0xe0, 0x0, 0x3f, 0xff, 0xff, 0xff, 0xfc,
    0x0, 0x0, 0xff, 0xff, 0xff, 0xff, 0x80, 0x0,
    0x3, 0xff, 0xff, 0xff, 0xf8, 0x0, 0x0, 0xf,
    0xff, 0xff, 0xff, 0x0, 0x0, 0x0, 0x3f, 0xff,
    0xff, 0xe0, 0x0, 0x0, 0x0, 0xff, 0xff, 0xfe,
    0x0, 0x0, 0x0, 0x3, 0xff, 0xff, 0xc0, 0x0,
    0x0, 0x0, 0xf, 0xff, 0xfe, 0x0, 0x0, 0x0,
    0x0, 0x3f, 0xff, 0xff, 0x0, 0x0, 0x0, 0x0,
    0xff, 0xff, 0xff, 0x80, 0x0, 0x0, 0x3, 0xff,
    0xff, 0xff, 0xc0, 0x0, 0x0, 0xf, 0xff, 0xff,
    0xff, 0xc0, 0x0, 0x0, 0x3f, 0xff, 0xff, 0xff,
    0xe0, 0x0, 0x0, 0xff, 0xff, 0xff, 0xff, 0xf0,
    0x0, 0x1, 0xff, 0xff, 0xff, 0xff, 0xf8, 0x0,
    0x1, 0xff, 0xff, 0xff, 0xff, 0xf8, 0x0, 0x0,
    0xff, 0xff, 0xff, 0xff, 0xfc, 0x0, 0x0, 0xff,
    0xff, 0xff, 0xff, 0xfe, 0x0, 0x0, 0xff, 0xff,
    0xff, 0xff, 0xff, 0x0, 0x0, 0x7f, 0xff, 0xff,
    0xff, 0xff, 0x0, 0x0, 0x7f, 0xff, 0xff, 0xff,
    0xff, 0x0, 0x0, 0x7f, 0xff, 0xff, 0xff, 0xfc,
    0x0, 0x0, 0x3f, 0xff, 0xff, 0xff, 0xf0, 0x0,
    0x0, 0x3f, 0xff, 0xff, 0xff, 0xc0, 0x0, 0x0,
    0x3f, 0xff, 0xff, 0xff, 0x0, 0x0, 0x0, 0x1f,
    0xff, 0xff, 0xfc, 0x0, 0x0, 0x0, 0x1f, 0xff,
    0xff, 0xf0, 0x0, 0x0, 0x0, 0x1f, 0xff, 0xff,
    0xc0, 0x0, 0x0, 0x0, 0xf, 0xff, 0xff, 0x0,
    0x0, 0x0, 0x0, 0xf, 0xff, 0xfc, 0x0, 0x0,
    0x0, 0x0, 0x7, 0xff, 0xf0, 0x0, 0x0, 0x0,
    0x0, 0x7, 0xff, 0xc0, 0x0, 0x0, 0x0, 0x0,
    0x7, 0xff, 0x0, 0x0, 0x0, 0x0, 0x0, 0x3,
    0xfc, 0x0, 0x0, 0x0, 0x0, 0x0, 0x3, 0xf0,
    0x0, 0x0, 0x0, 0x0, 0x0, 0x3, 0xc0, 0x0,
    0x0, 0x0, 0x0, 0x0, 0x1,

    /* U+003D "=" */
    0xff, 0xff, 0xff, 0xff, 0xff, 0xff, 0xff, 0xff,
    0xff, 0xff, 0xff, 0xff, 0xff, 0xff, 0xff, 0xff,
    0xff, 0xff, 0xff, 0xff, 0xff, 0xff, 0xff, 0xff,
    0xff, 0xff, 0xff, 0xff, 0xff, 0xff, 0xff, 0xff,
    0xff, 0xff, 0xff, 0xff, 0xff, 0xff, 0xff, 0xff,
    0xff, 0xff, 0xff, 0xff, 0xff, 0xff, 0xff, 0xff,
    0xff, 0xff, 0xff, 0xff, 0xff, 0xff, 0xff, 0xff,
    0xff, 0xff, 0xff, 0xff, 0xff, 0xff, 0xff, 0xff,
    0xff, 0xff, 0xff, 0xff, 0xff, 0xff, 0xff, 0xff,
    0xff, 0xff, 0xff, 0xff, 0xff, 0xff, 0xff, 0xff,
    0xff, 0xff, 0xff, 0xff, 0xff, 0xff, 0xff, 0xff,
    0xff, 0xff, 0xff, 0xff, 0xff, 0xff, 0xff, 0xff,
    0xff, 0xff, 0x0, 0x0, 0x0, 0x0, 0x0, 0x0,
    0x0, 0x0, 0x0, 0x0, 0x0, 0x0, 0x0, 0x0,
    0x0, 0x0, 0x0, 0x0, 0x0, 0x0, 0x0, 0x0,
    0x0, 0x0, 0x0, 0x0, 0x0, 0x0, 0x0, 0x0,
    0x0, 0x0, 0x0, 0x0, 0x0, 0x0, 0x0, 0x0,
    0x0, 0x0, 0x0, 0x0, 0x0, 0x0, 0x0, 0x0,
    0x0, 0x0, 0x0, 0x0, 0x0, 0x0, 0x0, 0x0,
    0x0, 0x0, 0x0, 0x0, 0x0, 0x0, 0x0, 0x0,
    0x0, 0x0, 0x0, 0x0, 0x0, 0x0, 0x0, 0x0,
    0x0, 0x0, 0x0, 0x0, 0x0, 0x0, 0x0, 0x0,
    0x0, 0x0, 0x0, 0x0, 0x0, 0x0, 0x0, 0x0,
    0x0, 0x0, 0x0, 0x0, 0x0, 0xff, 0xff, 0xff,
    0xff, 0xff, 0xff, 0xff, 0xff, 0xff, 0xff, 0xff,
    0xff, 0xff, 0xff, 0xff, 0xff, 0xff, 0xff, 0xff,
    0xff, 0xff, 0xff, 0xff, 0xff, 0xff, 0xff, 0xff,
    0xff, 0xff, 0xff, 0xff, 0xff, 0xff, 0xff, 0xff,
    0xff, 0xff, 0xff, 0xff, 0xff, 0xff, 0xff, 0xff,
    0xff, 0xff, 0xff, 0xff, 0xff, 0xff, 0xff, 0xff,
    0xff, 0xff, 0xff, 0xff, 0xff, 0xff, 0xff, 0xff,
    0xff, 0xff, 0xff, 0xff, 0xff, 0xff, 0xff, 0xff,
    0xff, 0xff, 0xff, 0xff, 0xff, 0xff, 0xff, 0xff,
    0xff, 0xff, 0xff, 0xff, 0xff, 0xff, 0xff, 0xff,
    0xff, 0xff, 0xff, 0xff, 0xff, 0xff, 0xff, 0xff,
    0xff, 0xff, 0xff, 0xff, 0xff, 0xff, 0xff,

    /* U+003E ">" */
    0x80, 0x0, 0x0, 0x0, 0x0, 0x0, 0x1, 0xe0,
    0x0, 0x0, 0x0, 0x0, 0x0, 0x3, 0xf0, 0x0,
    0x0, 0x0, 0x0, 0x0, 0x7, 0xf8, 0x0, 0x0,
    0x0, 0x0, 0x0, 0xf, 0xfe, 0x0, 0x0, 0x0,
    0x0, 0x0, 0x1f, 0xff, 0x0, 0x0, 0x0, 0x0,
    0x0, 0x3f, 0xff, 0xc0, 0x0, 0x0, 0x0, 0x0,
    0x7f, 0xff, 0xe0, 0x0, 0x0, 0x0, 0x0, 0xff,
    0xff, 0xf0, 0x0, 0x0, 0x0, 0x1, 0xff, 0xff,
    0xfc, 0x0, 0x0, 0x0, 0x3, 0xff, 0xff, 0xfe,
    0x0, 0x0, 0x0, 0x7, 0xff, 0xff, 0xff, 0x0,
    0x0, 0x0, 0xf, 0xff, 0xff, 0xff, 0xc0, 0x0,
    0x0, 0x1f, 0xff, 0xff, 0xff, 0xe0, 0x0, 0x0,
    0x3f, 0xff, 0xff, 0xff, 0xf8, 0x0, 0x0, 0x7f,
    0xff, 0xff, 0xff, 0xfc, 0x0, 0x0, 0xff, 0xff,
    0xff, 0xff, 0xfe, 0x0, 0x0, 0x7f, 0xff, 0xff,
    0xff, 0xff, 0x80, 0x0, 0x1f, 0xff, 0xff, 0xff,
    0xff, 0xc0, 0x0, 0xf, 0xff, 0xff, 0xff, 0xff,
    0xe0, 0x0, 0x3, 0xff, 0xff, 0xff, 0xff, 0xf8,
    0x0, 0x0, 0xff, 0xff, 0xff, 0xff, 0xfc, 0x0,
    0x0, 0x3f, 0xff, 0xff, 0xff, 0xfe, 0x0, 0x0,
    0xf, 0xff, 0xff, 0xff, 0xff, 0x0, 0x0, 0x7,
    0xff, 0xff, 0xff, 0xfe, 0x0, 0x0, 0x1, 0xff,
    0xff, 0xff, 0xfc, 0x0, 0x0, 0x0, 0x7f, 0xff,
    0xff, 0xf8, 0x0, 0x0, 0x0, 0x1f, 0xff, 0xff,
    0xf0, 0x0, 0x0, 0x0, 0x7, 0xff, 0xff, 0xe0,
    0x0, 0x0, 0x0, 0x3, 0xff, 0xff, 0xc0, 0x0,
    0x0, 0x0, 0x7, 0xff, 0xff, 0x80, 0x0, 0x0,
    0x0, 0x7f, 0xff, 0xff, 0x0, 0x0, 0x0, 0x7,
    0xff, 0xff, 0xfe, 0x0, 0x0, 0x0, 0x3f, 0xff,
    0xff, 0xfc, 0x0, 0x0, 0x3, 0xff, 0xff, 0xff,
    0xf8, 0x0, 0x0, 0x3f, 0xff, 0xff, 0xff, 0xf0,
    0x0, 0x3, 0xff, 0xff, 0xff, 0xff, 0xe0, 0x0,
    0x1f, 0xff, 0xff, 0xff, 0xff, 0x80, 0x1, 0xff,
    0xff, 0xff, 0xff, 0xf8, 0x0, 0x1f, 0xff, 0xff,
    0xff, 0xff, 0xc0, 0x1, 0xff, 0xff, 0xff, 0xff,
    0xfc, 0x0, 0xf, 0xff, 0xff, 0xff, 0xff, 0xe0,
    0x0, 0xff, 0xff, 0xff, 0xff, 0xff, 0x0, 0x7,
    0xff, 0xff, 0xff, 0xff, 0xf0, 0x0, 0xf, 0xff,
    0xff, 0xff, 0xff, 0x80, 0x0, 0x1f, 0xff, 0xff,
    0xff, 0xfc, 0x0, 0x0, 0x3f, 0xff, 0xff, 0xff,
    0xc0, 0x0, 0x0, 0x7f, 0xff, 0xff, 0xfe, 0x0,
    0x0, 0x0, 0xff, 0xff, 0xff, 0xe0, 0x0, 0x0,
    0x1, 0xff, 0xff, 0xff, 0x0, 0x0, 0x0, 0x3,
    0xff, 0xff, 0xf8, 0x0, 0x0, 0x0, 0x7, 0xff,
    0xff, 0x80, 0x0, 0x0, 0x0, 0xf, 0xff, 0xfc,
    0x0, 0x0, 0x0, 0x0, 0x1f, 0xff, 0xe0, 0x0,
    0x0, 0x0, 0x0, 0x3f, 0xfe, 0x0, 0x0, 0x0,
    0x0, 0x0, 0x7f, 0xf0, 0x0, 0x0, 0x0, 0x0,
    0x0, 0xff, 0x0, 0x0, 0x0, 0x0, 0x0, 0x1,
    0xf8, 0x0, 0x0, 0x0, 0x0, 0x0, 0x3, 0xc0,
    0x0, 0x0, 0x0, 0x0, 0x0, 0x4, 0x0, 0x0,
    0x0, 0x0, 0x0, 0x0, 0x0,

    /* U+003F "?" */
    0x0, 0x0, 0x3, 0xff, 0xe0, 0x0, 0x0, 0x0,
    0x0, 0x7f, 0xff, 0xff, 0x0, 0x0, 0x0, 0x3,
    0xff, 0xff, 0xff, 0xc0, 0x0, 0x0, 0xf, 0xff,
    0xff, 0xff, 0xf0, 0x0, 0x0, 0x3f, 0xff, 0xff,
    0xff, 0xfc, 0x0, 0x0, 0x7f, 0xff, 0xff, 0xff,
    0xff, 0x0, 0x0, 0xff, 0xff, 0xff, 0xff, 0xff,
    0x80, 0x1, 0xff, 0xff, 0xff, 0xff, 0xff, 0xc0,
    0x3, 0xff, 0xff, 0xff, 0xff, 0xff, 0xe0, 0x7,
    0xff, 0xff, 0xff, 0xff, 0xff, 0xf0, 0xf, 0xff,
    0xff, 0xff, 0xff, 0xff, 0xf0, 0x1f, 0xff, 0xff,
    0xff, 0xff, 0xff, 0xf8, 0x1f, 0xff, 0xff, 0xff,
    0xff, 0xff, 0xf8, 0x3f, 0xff, 0xff, 0xff, 0xff,
    0xff, 0xfc, 0x3f, 0xff, 0xff, 0x80, 0xff, 0xff,
    0xfc, 0x7f, 0xff, 0xfe, 0x0, 0x3f, 0xff, 0xfe,
    0x7f, 0xff, 0xf8, 0x0, 0x1f, 0xff, 0xfe, 0x7f,
    0xff, 0xf0, 0x0, 0xf, 0xff, 0xfe, 0x7f, 0xff,
    0xf0, 0x0, 0x7, 0xff, 0xfe, 0xff, 0xff, 0xe0,
    0x0, 0x7, 0xff, 0xff, 0xff, 0xff, 0xe0, 0x0,
    0x7, 0xff, 0xff, 0xff, 0xff, 0xc0, 0x0, 0x3,
    0xff, 0xff, 0xff, 0xff, 0xc0, 0x0, 0x3, 0xff,
    0xff, 0xff, 0xff, 0xc0, 0x0, 0x3, 0xff, 0xff,
    0xff, 0xff, 0xc0, 0x0, 0x3, 0xff, 0xff, 0x0,
    0x0, 0x0, 0x0, 0x3, 0xff, 0xff, 0x0, 0x0,
    0x0, 0x0, 0x3, 0xff, 0xff, 0x0, 0x0, 0x0,
    0x0, 0x3, 0xff, 0xff, 0x0, 0x0, 0x0, 0x0,
    0x3, 0xff, 0xff, 0x0, 0x0, 0x0, 0x0, 0x7,
    0xff, 0xff, 0x0, 0x0, 0x0, 0x0, 0x7, 0xff,
    0xfe, 0x0, 0x0, 0x0, 0x0, 0xf, 0xff, 0xfe,
    0x0, 0x0, 0x0, 0x0, 0xf, 0xff, 0xfe, 0x0,
    0x0, 0x0, 0x0, 0x1f, 0xff, 0xfc, 0x0, 0x0,
    0x0, 0x0, 0x3f, 0xff, 0xfc, 0x0, 0x0, 0x0,
    0x0, 0x3f, 0xff, 0xf8, 0x0, 0x0, 0x0, 0x0,
    0x7f, 0xff, 0xf8, 0x0, 0x0, 0x0, 0x0, 0xff,
    0xff, 0xf0, 0x0, 0x0, 0x0, 0x1, 0xff, 0xff,
    0xe0, 0x0, 0x0, 0x0, 0x3, 0xff, 0xff, 0xe0,
    0x0, 0x0, 0x0, 0x7, 0xff, 0xff, 0xc0, 0x0,
    0x0, 0x0, 0xf, 0xff, 0xff, 0x80, 0x0, 0x0,
    0x0, 0x1f, 0xff, 0xff, 0x0, 0x0, 0x0, 0x0,
    0x3f, 0xff, 0xfe, 0x0, 0x0, 0x0, 0x0, 0x7f,
    0xff, 0xfc, 0x0, 0x0, 0x0, 0x0, 0xff, 0xff,
    0xf8, 0x0, 0x0, 0x0, 0x1, 0xff, 0xff, 0xf0,
    0x0, 0x0, 0x0, 0x1, 0xff, 0xff, 0xe0, 0x0,
    0x0, 0x0, 0x3, 0xff, 0xff, 0xc0, 0x0, 0x0,
    0x0, 0x3, 0xff, 0xff, 0x80, 0x0, 0x0, 0x0,
    0x7, 0xff, 0xff, 0x0, 0x0, 0x0, 0x0, 0x7,
    0xff, 0xfe, 0x0, 0x0, 0x0, 0x0, 0xf, 0xff,
    0xfc, 0x0, 0x0, 0x0, 0x0, 0xf, 0xff, 0xfc,
    0x0, 0x0, 0x0, 0x0, 0xf, 0xff, 0xf8, 0x0,
    0x0, 0x0, 0x0, 0xf, 0xff, 0xf8, 0x0, 0x0,
    0x0, 0x0, 0xf, 0xff, 0xf0, 0x0, 0x0, 0x0,
    0x0, 0x1f, 0xff, 0xf0, 0x0, 0x0, 0x0, 0x0,
    0x1f, 0xff, 0xf0, 0x0, 0x0, 0x0, 0x0, 0x1f,
    0xff, 0xe0, 0x0, 0x0, 0x0, 0x0, 0x1f, 0xff,
    0xe0, 0x0, 0x0, 0x0, 0x0, 0x1f, 0xff, 0xe0,
    0x0, 0x0, 0x0, 0x0, 0x1f, 0xff, 0xe0, 0x0,
    0x0, 0x0, 0x0, 0x1f, 0xff, 0xe0, 0x0, 0x0,
    0x0, 0x0, 0x1f, 0xff, 0xe0, 0x0, 0x0, 0x0,
    0x0, 0x0, 0x0, 0x0, 0x0, 0x0, 0x0, 0x0,
    0x0, 0x0, 0x0, 0x0, 0x0, 0x0, 0x0, 0x0,
    0x0, 0x0, 0x0, 0x0, 0x0, 0x0, 0x0, 0x0,
    0x0, 0x0, 0x0, 0x0, 0x0, 0x0, 0x0, 0x0,
    0x0, 0x0, 0x0, 0x0, 0x0, 0x0, 0x0, 0x0,
    0x0, 0x0, 0x0, 0x0, 0x0, 0x0, 0x0, 0x0,
    0x0, 0x0, 0x0, 0x0, 0x0, 0x0, 0x0, 0x0,
    0x0, 0x0, 0x0, 0x0, 0x0, 0x0, 0x0, 0x0,
    0x0, 0x0, 0x0, 0x0, 0x0, 0x0, 0x0, 0x0,
    0xfe, 0x0, 0x0, 0x0, 0x0, 0x0, 0x7, 0xff,
    0x80, 0x0, 0x0, 0x0, 0x0, 0xf, 0xff, 0xc0,
    0x0, 0x0, 0x0, 0x0, 0x1f, 0xff, 0xe0, 0x0,
    0x0, 0x0, 0x0, 0x3f, 0xff, 0xf0, 0x0, 0x0,
    0x0, 0x0, 0x3f, 0xff, 0xf0, 0x0, 0x0, 0x0,
    0x0, 0x7f, 0xff, 0xf8, 0x0, 0x0, 0x0, 0x0,
    0x7f, 0xff, 0xf8, 0x0, 0x0, 0x0, 0x0, 0x7f,
    0xff, 0xf8, 0x0, 0x0, 0x0, 0x0, 0x7f, 0xff,
    0xf8, 0x0, 0x0, 0x0, 0x0, 0x7f, 0xff, 0xf8,
    0x0, 0x0, 0x0, 0x0, 0x7f, 0xff, 0xf8, 0x0,
    0x0, 0x0, 0x0, 0x3f, 0xff, 0xf0, 0x0, 0x0,
    0x0, 0x0, 0x3f, 0xff, 0xf0, 0x0, 0x0, 0x0,
    0x0, 0x1f, 0xff, 0xe0, 0x0, 0x0, 0x0, 0x0,
    0xf, 0xff, 0xc0, 0x0, 0x0, 0x0, 0x0, 0x7,
    0xff, 0x80, 0x0, 0x0, 0x0, 0x0, 0x1, 0xfc,
    0x0, 0x0, 0x0,

    /* U+0040 "@" */
    0x0, 0x0, 0x0, 0x0, 0x0, 0x1, 0xff, 0xfe,
    0x0, 0x0, 0x0, 0x0, 0x0, 0x0, 0x0, 0x0,
    0x0, 0x0, 0x7f, 0xff, 0xff, 0xf8, 0x0, 0x0,
    0x0, 0x0, 0x0, 0x0, 0x0, 0x0, 0x3, 0xff,
    0xff, 0xff, 0xff, 0x0, 0x0, 0x0, 0x0, 0x0,
    0x0, 0x0, 0x0, 0x1f, 0xff, 0xff, 0xff, 0xff,
    0xe0, 0x0, 0x0, 0x0, 0x0, 0x0, 0x0, 0x0,
    0xff, 0xff, 0xff, 0xff, 0xff, 0xf8, 0x0, 0x0,
    0x0, 0x0, 0x0, 0x0, 0x3, 0xff, 0xff, 0xff,
    0xff, 0xff, 0xff, 0x0, 0x0, 0x0, 0x0, 0x0,
    0x0, 0xf, 0xff, 0xff, 0xff, 0xff, 0xff, 0xff,
    0x80, 0x0, 0x0, 0x0, 0x0, 0x0, 0x1f, 0xff,
    0xff, 0xff, 0xff, 0xff, 0xff, 0xe0, 0x0, 0x0,
    0x0, 0x0, 0x0, 0x7f, 0xff, 0xff, 0xff, 0xff,
    0xff, 0xff, 0xf0, 0x0, 0x0, 0x0, 0x0, 0x0,
    0xff, 0xff, 0xff, 0xff, 0xff, 0xff, 0xff, 0xfc,
    0x0, 0x0, 0x0, 0x0, 0x3, 0xff, 0xff, 0xff,
    0x0, 0x3, 0xff, 0xff, 0xfe, 0x0, 0x0, 0x0,
    0x0, 0x7, 0xff, 0xff, 0xe0, 0x0, 0x0, 0x1f,
    0xff, 0xff, 0x0, 0x0, 0x0, 0x0, 0xf, 0xff,
    0xff, 0x0, 0x0, 0x0, 0x3, 0xff, 0xff, 0x80,
    0x0, 0x0, 0x0, 0x1f, 0xff, 0xfc, 0x0, 0x0,
    0x0, 0x0, 0x7f, 0xff, 0xc0, 0x0, 0x0, 0x0,
    0x3f, 0xff, 0xe0, 0x0, 0x0, 0x0, 0x0, 0x1f,
    0xff, 0xe0, 0x0, 0x0, 0x0, 0x7f, 0xff, 0xc0,
    0x0, 0x0, 0x0, 0x0, 0xf, 0xff, 0xf0, 0x0,
    0x0, 0x0, 0xff, 0xff, 0x0, 0x0, 0x0, 0x0,
    0x0, 0x3, 0xff, 0xf8, 0x0, 0x0, 0x1, 0xff,
    0xfe, 0x0, 0x0, 0x0, 0x0, 0x0, 0x1, 0xff,
    0xfc, 0x0, 0x0, 0x3, 0xff, 0xf8, 0x0, 0x0,
    0x0, 0x0, 0x0, 0x0, 0x7f, 0xfc, 0x0, 0x0,
    0x7, 0xff, 0xf0, 0x0, 0x0, 0x0, 0x0, 0x0,
    0x0, 0x3f, 0xfe, 0x0, 0x0, 0x7, 0xff, 0xe0,
    0x0, 0x0, 0x0, 0x0, 0x0, 0x0, 0x1f, 0xff,
    0x0, 0x0, 0xf, 0xff, 0xc0, 0x0, 0x0, 0x0,
    0x0, 0x0, 0x0, 0x1f, 0xff, 0x0, 0x0, 0x1f,
    0xff, 0x80, 0x0, 0x0, 0x0, 0x0, 0x0, 0x0,
    0xf, 0xff, 0x80, 0x0, 0x3f, 0xff, 0x0, 0x0,
    0x0, 0x0, 0x0, 0x0, 0x0, 0x7, 0xff, 0x80,
    0x0, 0x3f, 0xff, 0x0, 0x0, 0x0, 0x0, 0x0,
    0x0, 0x0, 0x3, 0xff, 0xc0, 0x0, 0x7f, 0xfe,
    0x0, 0x0, 0x0, 0x0, 0x0, 0x0, 0x0, 0x3,
    0xff, 0xc0, 0x0, 0x7f, 0xfc, 0x0, 0x0, 0x0,
    0x0, 0x0, 0x0, 0x0, 0x1, 0xff, 0xe0, 0x0,
    0xff, 0xf8, 0x0, 0x0, 0x0, 0x1f, 0xfe, 0x0,
    0x0, 0x0, 0xff, 0xe0, 0x0, 0xff, 0xf8, 0x0,
    0x0, 0x0, 0xff, 0xff, 0xe0, 0x0, 0x0, 0xff,
    0xf0, 0x1, 0xff, 0xf0, 0x0, 0x0, 0x3, 0xff,
    0xff, 0xf8, 0x0, 0x0, 0x7f, 0xf0, 0x1, 0xff,
    0xf0, 0x0, 0x0, 0xf, 0xff, 0xff, 0xfe, 0x0,
    0x0, 0x7f, 0xf0, 0x3, 0xff, 0xe0, 0x0, 0x0,
    0x3f, 0xff, 0xff, 0xff, 0x80, 0x0, 0x7f, 0xf8,
    0x3, 0xff, 0xc0, 0x0, 0x0, 0x7f, 0xff, 0xff,
    0xff, 0xc0, 0x0, 0x3f, 0xf8, 0x7, 0xff, 0xc0,
    0x0, 0x0, 0xff, 0xff, 0xff, 0xff, 0xe0, 0x0,
    0x3f, 0xf8, 0x7, 0xff, 0x80, 0x0, 0x1, 0xff,
    0xff, 0xff, 0xff, 0xe0, 0x0, 0x3f, 0xfc, 0xf,
    0xff, 0x80, 0x0, 0x3, 0xff, 0xff, 0xff, 0xff,
    0xe0, 0x0, 0x1f, 0xfc, 0xf, 0xff, 0x80, 0x0,
    0x7, 0xff, 0xff, 0xff, 0xff, 0xe0, 0x0, 0x1f,
    0xfc, 0xf, 0xff, 0x0, 0x0, 0xf, 0xff, 0xfc,
    0x3, 0xff, 0xe0, 0x0, 0x1f, 0xfc, 0x1f, 0xff,
    0x0, 0x0, 0x1f, 0xff, 0xe0, 0x3, 0xff, 0xe0,
    0x0, 0x1f, 0xfe, 0x1f, 0xfe, 0x0, 0x0, 0x1f,
    0xff, 0xc0, 0x3, 0xff, 0xe0, 0x0, 0xf, 0xfe,
    0x1f, 0xfe, 0x0, 0x0, 0x3f, 0xff, 0x0, 0x3,
    0xff, 0xe0, 0x0, 0xf, 0xfe, 0x3f, 0xfe, 0x0,
    0x0, 0x3f, 0xff, 0x0, 0x3, 0xff, 0xe0, 0x0,
    0xf, 0xfe, 0x3f, 0xfc, 0x0, 0x0, 0x7f, 0xfe,
    0x0, 0x3, 0xff, 0xe0, 0x0, 0xf, 0xfe, 0x3f,
    0xfc, 0x0, 0x0, 0xff, 0xfc, 0x0, 0x3, 0xff,
    0xe0, 0x0, 0xf, 0xfe, 0x3f, 0xfc, 0x0, 0x0,
    0xff, 0xf8, 0x0, 0x3, 0xff, 0xe0, 0x0, 0xf,
    0xfe, 0x7f, 0xfc, 0x0, 0x1, 0xff, 0xf8, 0x0,
    0x3, 0xff, 0xc0, 0x0, 0xf, 0xff, 0x7f, 0xf8,
    0x0, 0x1, 0xff, 0xf0, 0x0, 0x3, 0xff, 0xc0,
    0x0, 0x7, 0xff, 0x7f, 0xf8, 0x0, 0x1, 0xff,
    0xf0, 0x0, 0x3, 0xff, 0xc0, 0x0, 0x7, 0xff,
    0x7f, 0xf8, 0x0, 0x3, 0xff, 0xf0, 0x0, 0x3,
    0xff, 0xc0, 0x0, 0x7, 0xff, 0x7f, 0xf8, 0x0,
    0x3, 0xff, 0xe0, 0x0, 0x7, 0xff, 0xc0, 0x0,
    0x7, 0xff, 0x7f, 0xf8, 0x0, 0x3, 0xff, 0xe0,
    0x0, 0x7, 0xff, 0xc0, 0x0, 0x7, 0xff, 0xff,
    0xf8, 0x0, 0x7, 0xff, 0xe0, 0x0, 0x7, 0xff,
    0xc0, 0x0, 0x7, 0xff, 0xff, 0xf0, 0x0, 0x7,
    0xff, 0xc0, 0x0, 0x7, 0xff, 0xc0, 0x0, 0x7,
    0xff, 0xff, 0xf0, 0x0, 0x7, 0xff, 0xc0, 0x0,
    0x7, 0xff, 0xc0, 0x0, 0x7, 0xff, 0xff, 0xf0,
    0x0, 0xf, 0xff, 0xc0, 0x0, 0x7, 0xff, 0xc0,
    0x0, 0x7, 0xff, 0xff, 0xf0, 0x0, 0xf, 0xff,
    0xc0, 0x0, 0x7, 0xff, 0xc0, 0x0, 0x7, 0xff,
    0xff, 0xf0, 0x0, 0xf, 0xff, 0xc0, 0x0, 0x7,
    0xff, 0x80, 0x0, 0x7, 0xff, 0xff, 0xf0, 0x0,
    0xf, 0xff, 0x80, 0x0, 0x7, 0xff, 0x80, 0x0,
    0x7, 0xff, 0xff, 0xf0, 0x0, 0xf, 0xff, 0x80,
    0x0, 0x7, 0xff, 0x80, 0x0, 0x7, 0xff, 0xff,
    0xf0, 0x0, 0x1f, 0xff, 0x80, 0x0, 0x7, 0xff,
    0x80, 0x0, 0x7, 0xff, 0xff, 0xf0, 0x0, 0x1f,
    0xff, 0x80, 0x0, 0xf, 0xff, 0x80, 0x0, 0x7,
    0xff, 0xff, 0xf0, 0x0, 0x1f, 0xff, 0x80, 0x0,
    0xf, 0xff, 0x80, 0x0, 0x7, 0xff, 0xff, 0xf0,
    0x0, 0x1f, 0xff, 0x80, 0x0, 0xf, 0xff, 0x80,
    0x0, 0xf, 0xfe, 0xff, 0xf0, 0x0, 0x1f, 0xff,
    0x80, 0x0, 0xf, 0xff, 0x80, 0x0, 0xf, 0xfe,
    0xff, 0xf0, 0x0, 0x1f, 0xff, 0x80, 0x0, 0xf,
    0xff, 0x80, 0x0, 0xf, 0xfe, 0xff, 0xf0, 0x0,
    0x1f, 0xff, 0x80, 0x0, 0xf, 0xff, 0x80, 0x0,
    0xf, 0xfe, 0xff, 0xf0, 0x0, 0x1f, 0xff, 0x80,
    0x0, 0xf, 0xff, 0x80, 0x0, 0xf, 0xfe, 0xff,
    0xf0, 0x0, 0x1f, 0xff, 0x80, 0x0, 0xf, 0xff,
    0x80, 0x0, 0x1f, 0xfc, 0xff, 0xf0, 0x0, 0x1f,
    0xff, 0x80, 0x0, 0xf, 0xff, 0x0, 0x0, 0x1f,
    0xfc, 0xff, 0xf0, 0x0, 0x1f, 0xff, 0x80, 0x0,
    0x1f, 0xff, 0x0, 0x0, 0x1f, 0xfc, 0xff, 0xf8,
    0x0, 0x1f, 0xff, 0x80, 0x0, 0x1f, 0xff, 0x0,
    0x0, 0x3f, 0xfc, 0x7f, 0xf8, 0x0, 0x1f, 0xff,
    0x80, 0x0, 0x3f, 0xff, 0x0, 0x0, 0x3f, 0xf8,
    0x7f, 0xf8, 0x0, 0x1f, 0xff, 0xc0, 0x0, 0x3f,
    0xff, 0x0, 0x0, 0x7f, 0xf8, 0x7f, 0xf8, 0x0,
    0xf, 0xff, 0xc0, 0x0, 0x7f, 0xff, 0x0, 0x0,
    0x7f, 0xf0, 0x7f, 0xf8, 0x0, 0xf, 0xff, 0xc0,
    0x0, 0x7f, 0xff, 0x0, 0x0, 0xff, 0xf0, 0x7f,
    0xf8, 0x0, 0xf, 0xff, 0xe0, 0x0, 0xff, 0xff,
    0x80, 0x1, 0xff, 0xe0, 0x7f, 0xf8, 0x0, 0xf,
    0xff, 0xf0, 0x1, 0xff, 0xff, 0x80, 0x3, 0xff,
    0xe0, 0x7f, 0xfc, 0x0, 0x7, 0xff, 0xf8, 0x3,
    0xff, 0xff, 0xc0, 0x7, 0xff, 0xc0, 0x3f, 0xfc,
    0x0, 0x7, 0xff, 0xfc, 0xf, 0xff, 0xff, 0xe0,
    0xf, 0xff, 0xc0, 0x3f, 0xfc, 0x0, 0x7, 0xff,
    0xff, 0xff, 0xff, 0xff, 0xf0, 0x3f, 0xff, 0x80,
    0x3f, 0xfc, 0x0, 0x3, 0xff, 0xff, 0xff, 0xff,
    0xff, 0xff, 0xff, 0xff, 0x0, 0x3f, 0xfe, 0x0,
    0x3, 0xff, 0xff, 0xff, 0xfb, 0xff, 0xff, 0xff,
    0xff, 0x0, 0x1f, 0xfe, 0x0, 0x1, 0xff, 0xff,
    0xff, 0xf1, 0xff, 0xff, 0xff, 0xfe, 0x0, 0x1f,
    0xfe, 0x0, 0x0, 0xff, 0xff, 0xff, 0xf1, 0xff,
    0xff, 0xff, 0xfc, 0x0, 0x1f, 0xff, 0x0, 0x0,
    0x7f, 0xff, 0xff, 0xe0, 0xff, 0xff, 0xff, 0xf8,
    0x0, 0x1f, 0xff, 0x0, 0x0, 0x7f, 0xff, 0xff,
    0xc0, 0x7f, 0xff, 0xff, 0xe0, 0x0, 0xf, 0xff,
    0x0, 0x0, 0x1f, 0xff, 0xff, 0x0, 0x3f, 0xff,
    0xff, 0xc0, 0x0, 0xf, 0xff, 0x80, 0x0, 0xf,
    0xff, 0xfe, 0x0, 0x1f, 0xff, 0xff, 0x0, 0x0,
    0x7, 0xff, 0x80, 0x0, 0x3, 0xff, 0xf8, 0x0,
    0x7, 0xff, 0xfc, 0x0, 0x0, 0x7, 0xff, 0xc0,
    0x0, 0x0, 0x7f, 0xc0, 0x0, 0x0, 0xff, 0xc0,
    0x0, 0x0, 0x7, 0xff, 0xc0, 0x0, 0x0, 0x0,
    0x0, 0x0, 0x0, 0x0, 0x0, 0x0, 0x0, 0x3,
    0xff, 0xe0, 0x0, 0x0, 0x0, 0x0, 0x0, 0x0,
    0x0, 0x0, 0x0, 0x0, 0x3, 0xff, 0xf0, 0x0,
    0x0, 0x0, 0x0, 0x0, 0x0, 0x0, 0x0, 0x0,
    0x0, 0x1, 0xff, 0xf0, 0x0, 0x0, 0x0, 0x0,
    0x0, 0x0, 0x0, 0x0, 0x0, 0x0, 0x1, 0xff,
    0xf8, 0x0, 0x0, 0x0, 0x0, 0x0, 0x0, 0x0,
    0x0, 0x0, 0x0, 0x0, 0xff, 0xfc, 0x0, 0x0,
    0x0, 0x0, 0x0, 0x0, 0x0, 0x0, 0x0, 0x0,
    0x0, 0xff, 0xfe, 0x0, 0x0, 0x0, 0x0, 0x0,
    0x0, 0x0, 0x0, 0x0, 0x0, 0x0, 0x7f, 0xff,
    0x0, 0x0, 0x0, 0x0, 0x0, 0x0, 0x0, 0x0,
    0x0, 0x0, 0x0, 0x3f, 0xff, 0x80, 0x0, 0x0,
    0x0, 0x0, 0x0, 0x0, 0x0, 0x0, 0x0, 0x0,
    0x3f, 0xff, 0xc0, 0x0, 0x0, 0x0, 0x0, 0x0,
    0x0, 0x0, 0x0, 0x0, 0x0, 0x1f, 0xff, 0xe0,
    0x0, 0x0, 0x0, 0x0, 0x0, 0x0, 0x0, 0x0,
    0x0, 0x0, 0xf, 0xff, 0xf8, 0x0, 0x0, 0x0,
    0x0, 0x0, 0x0, 0x0, 0x0, 0x0, 0x0, 0x7,
    0xff, 0xfe, 0x0, 0x0, 0x0, 0x0, 0x0, 0x0,
    0x0, 0x0, 0x0, 0x0, 0x3, 0xff, 0xff, 0x80,
    0x0, 0x0, 0x0, 0x7, 0x0, 0x0, 0x0, 0x0,
    0x0, 0x1, 0xff, 0xff, 0xe0, 0x0, 0x0, 0x0,
    0x1f, 0x0, 0x0, 0x0, 0x0, 0x0, 0x0, 0xff,
    0xff, 0xfc, 0x0, 0x0, 0x1, 0xff, 0x0, 0x0,
    0x0, 0x0, 0x0, 0x0, 0x7f, 0xff, 0xff, 0xe0,
    0x0, 0x3f, 0xff, 0x0, 0x0, 0x0, 0x0, 0x0,
    0x0, 0x3f, 0xff, 0xff, 0xff, 0xff, 0xff, 0xff,
    0x80, 0x0, 0x0, 0x0, 0x0, 0x0, 0xf, 0xff,
    0xff, 0xff, 0xff, 0xff, 0xff, 0x80, 0x0, 0x0,
    0x0, 0x0, 0x0, 0x7, 0xff, 0xff, 0xff, 0xff,
    0xff, 0xff, 0x80, 0x0, 0x0, 0x0, 0x0, 0x0,
    0x1, 0xff, 0xff, 0xff, 0xff, 0xff, 0xff, 0x80,
    0x0, 0x0, 0x0, 0x0, 0x0, 0x0, 0x7f, 0xff,
    0xff, 0xff, 0xff, 0xff, 0xc0, 0x0, 0x0, 0x0,
    0x0, 0x0, 0x0, 0x1f, 0xff, 0xff, 0xff, 0xff,
    0xff, 0x0, 0x0, 0x0, 0x0, 0x0, 0x0, 0x0,
    0x7, 0xff, 0xff, 0xff, 0xff, 0xfc, 0x0, 0x0,
    0x0, 0x0, 0x0, 0x0, 0x0, 0x0, 0xff, 0xff,
    0xff, 0xff, 0xe0, 0x0, 0x0, 0x0, 0x0, 0x0,
    0x0, 0x0, 0x0, 0xf, 0xff, 0xff, 0xff, 0x0,
    0x0, 0x0, 0x0, 0x0, 0x0, 0x0, 0x0, 0x0,
    0x0, 0x3f, 0xff, 0xc0, 0x0, 0x0, 0x0, 0x0,
    0x0,

    /* U+0041 "A" */
    0x0, 0x0, 0x0, 0x0, 0x3f, 0xff, 0xe0, 0x0,
    0x0, 0x0, 0x0, 0x0, 0x0, 0x0, 0x3, 0xff,
    0xff, 0x80, 0x0, 0x0, 0x0, 0x0, 0x0, 0x0,
    0x0, 0x1f, 0xff, 0xfc, 0x0, 0x0, 0x0, 0x0,
    0x0, 0x0, 0x0, 0x1, 0xff, 0xff, 0xe0, 0x0,
    0x0, 0x0, 0x0, 0x0, 0x0, 0x0, 0xf, 0xff,
    0xff, 0x80, 0x0, 0x0, 0x0, 0x0, 0x0, 0x0,
    0x0, 0x7f, 0xff, 0xfc, 0x0, 0x0, 0x0, 0x0,
    0x0, 0x0, 0x0, 0x7, 0xff, 0xff, 0xf0, 0x0,
    0x0, 0x0, 0x0, 0x0, 0x0, 0x0, 0x3f, 0xff,
    0xff, 0x80, 0x0, 0x0, 0x0, 0x0, 0x0, 0x0,
    0x1, 0xff, 0xff, 0xfc, 0x0, 0x0, 0x0, 0x0,
    0x0, 0x0, 0x0, 0x1f, 0xff, 0xff, 0xf0, 0x0,
    0x0, 0x0, 0x0, 0x0, 0x0, 0x0, 0xff, 0xff,
    0xff, 0x80, 0x0, 0x0, 0x0, 0x0, 0x0, 0x0,
    0xf, 0xff, 0xff, 0xfc, 0x0, 0x0, 0x0, 0x0,
    0x0, 0x0, 0x0, 0x7f, 0xff, 0xff, 0xf0, 0x0,
    0x0, 0x0, 0x0, 0x0, 0x0, 0x3, 0xff, 0xff,
    0xff, 0x80, 0x0, 0x0, 0x0, 0x0, 0x0, 0x0,
    0x3f, 0xff, 0xff, 0xfe, 0x0, 0x0, 0x0, 0x0,
    0x0, 0x0, 0x1, 0xff, 0xff, 0xff, 0xf0, 0x0,
    0x0, 0x0, 0x0, 0x0, 0x0, 0xf, 0xff, 0xff,
    0xff, 0x80, 0x0, 0x0, 0x0, 0x0, 0x0, 0x0,
    0xff, 0xff, 0xff, 0xfe, 0x0, 0x0, 0x0, 0x0,
    0x0, 0x0, 0x7, 0xff, 0xff, 0xff, 0xf0, 0x0,
    0x0, 0x0, 0x0, 0x0, 0x0, 0x7f, 0xff, 0xff,
    0xff, 0x80, 0x0, 0x0, 0x0, 0x0, 0x0, 0x3,
    0xff, 0xff, 0xff, 0xfe, 0x0, 0x0, 0x0, 0x0,
    0x0, 0x0, 0x1f, 0xff, 0xff, 0xff, 0xf0, 0x0,
    0x0, 0x0, 0x0, 0x0, 0x1, 0xff, 0xff, 0x7f,
    0xff, 0xc0, 0x0, 0x0, 0x0, 0x0, 0x0, 0xf,
    0xff, 0xfb, 0xff, 0xfe, 0x0, 0x0, 0x0, 0x0,
    0x0, 0x0, 0x7f, 0xff, 0xdf, 0xff, 0xf0, 0x0,
    0x0, 0x0, 0x0, 0x0, 0x7, 0xff, 0xfc, 0x7f,
    0xff, 0xc0, 0x0, 0x0, 0x0, 0x0, 0x0, 0x3f,
    0xff, 0xe3, 0xff, 0xfe, 0x0, 0x0, 0x0, 0x0,
    0x0, 0x1, 0xff, 0xff, 0x1f, 0xff, 0xf0, 0x0,
    0x0, 0x0, 0x0, 0x0, 0x1f, 0xff, 0xf0, 0x7f,
    0xff, 0xc0, 0x0, 0x0, 0x0, 0x0, 0x0, 0xff,
    0xff, 0x83, 0xff, 0xfe, 0x0, 0x0, 0x0, 0x0,
    0x0, 0xf, 0xff, 0xfc, 0x1f, 0xff, 0xf8, 0x0,
    0x0, 0x0, 0x0, 0x0, 0x7f, 0xff, 0xc0, 0x7f,
    0xff, 0xc0, 0x0, 0x0, 0x0, 0x0, 0x3, 0xff,
    0xfe, 0x3, 0xff, 0xfe, 0x0, 0x0, 0x0, 0x0,
    0x0, 0x3f, 0xff, 0xf0, 0x1f, 0xff, 0xf8, 0x0,
    0x0, 0x0, 0x0, 0x1, 0xff, 0xff, 0x0, 0x7f,
    0xff, 0xc0, 0x0, 0x0, 0x0, 0x0, 0xf, 0xff,
    0xf8, 0x3, 0xff, 0xfe, 0x0, 0x0, 0x0, 0x0,
    0x0, 0xff, 0xff, 0xc0, 0x1f, 0xff, 0xf8, 0x0,
    0x0, 0x0, 0x0, 0x7, 0xff, 0xfc, 0x0, 0x7f,
    0xff, 0xc0, 0x0, 0x0, 0x0, 0x0, 0x7f, 0xff,
    0xe0, 0x3, 0xff, 0xff, 0x0, 0x0, 0x0, 0x0,
    0x3, 0xff, 0xff, 0x0, 0x1f, 0xff, 0xf8, 0x0,
    0x0, 0x0, 0x0, 0x1f, 0xff, 0xf0, 0x0, 0x7f,
    0xff, 0xc0, 0x0, 0x0, 0x0, 0x1, 0xff, 0xff,
    0x80, 0x3, 0xff, 0xff, 0x0, 0x0, 0x0, 0x0,
    0xf, 0xff, 0xfc, 0x0, 0x1f, 0xff, 0xf8, 0x0,
    0x0, 0x0, 0x0, 0x7f, 0xff, 0xc0, 0x0, 0x7f,
    0xff, 0xc0, 0x0, 0x0, 0x0, 0x7, 0xff, 0xfe,
    0x0, 0x3, 0xff, 0xff, 0x0, 0x0, 0x0, 0x0,
    0x3f, 0xff, 0xf0, 0x0, 0x1f, 0xff, 0xf8, 0x0,
    0x0, 0x0, 0x3, 0xff, 0xff, 0x0, 0x0, 0xff,
    0xff, 0xe0, 0x0, 0x0, 0x0, 0x1f, 0xff, 0xf8,
    0x0, 0x3, 0xff, 0xff, 0x0, 0x0, 0x0, 0x0,
    0xff, 0xff, 0xc0, 0x0, 0x1f, 0xff, 0xf8, 0x0,
    0x0, 0x0, 0xf, 0xff, 0xfc, 0x0, 0x0, 0xff,
    0xff, 0xe0, 0x0, 0x0, 0x0, 0x7f, 0xff, 0xe0,
    0x0, 0x3, 0xff, 0xff, 0x0, 0x0, 0x0, 0x3,
    0xff, 0xff, 0x0, 0x0, 0x1f, 0xff, 0xf8, 0x0,
    0x0, 0x0, 0x3f, 0xff, 0xf0, 0x0, 0x0, 0xff,
    0xff, 0xe0, 0x0, 0x0, 0x1, 0xff, 0xff, 0x80,
    0x0, 0x3, 0xff, 0xff, 0x0, 0x0, 0x0, 0x1f,
    0xff, 0xfc, 0x0, 0x0, 0x1f, 0xff, 0xf8, 0x0,
    0x0, 0x0, 0xff, 0xff, 0xe0, 0x0, 0x0, 0xff,
    0xff, 0xe0, 0x0, 0x0, 0x7, 0xff, 0xfe, 0x0,
    0x0, 0x3, 0xff, 0xff, 0x0, 0x0, 0x0, 0x7f,
    0xff, 0xf0, 0x0, 0x0, 0x1f, 0xff, 0xfc, 0x0,
    0x0, 0x3, 0xff, 0xff, 0xff, 0xff, 0xff, 0xff,
    0xff, 0xe0, 0x0, 0x0, 0x1f, 0xff, 0xff, 0xff,
    0xff, 0xff, 0xff, 0xff, 0x0, 0x0, 0x1, 0xff,
    0xff, 0xff, 0xff, 0xff, 0xff, 0xff, 0xfc, 0x0,
    0x0, 0xf, 0xff, 0xff, 0xff, 0xff, 0xff, 0xff,
    0xff, 0xe0, 0x0, 0x0, 0x7f, 0xff, 0xff, 0xff,
    0xff, 0xff, 0xff, 0xff, 0x0, 0x0, 0x7, 0xff,
    0xff, 0xff, 0xff, 0xff, 0xff, 0xff, 0xfc, 0x0,
    0x0, 0x3f, 0xff, 0xff, 0xff, 0xff, 0xff, 0xff,
    0xff, 0xe0, 0x0, 0x3, 0xff, 0xff, 0xff, 0xff,
    0xff, 0xff, 0xff, 0xff, 0x80, 0x0, 0x1f, 0xff,
    0xff, 0xff, 0xff, 0xff, 0xff, 0xff, 0xfc, 0x0,
    0x0, 0xff, 0xff, 0xff, 0xff, 0xff, 0xff, 0xff,
    0xff, 0xe0, 0x0, 0xf, 0xff, 0xff, 0xff, 0xff,
    0xff, 0xff, 0xff, 0xff, 0x80, 0x0, 0x7f, 0xff,
    0xff, 0xff, 0xff, 0xff, 0xff, 0xff, 0xfc, 0x0,
    0x3, 0xff, 0xff, 0xff, 0xff, 0xff, 0xff, 0xff,
    0xff, 0xe0, 0x0, 0x3f, 0xff, 0xff, 0xff, 0xff,
    0xff, 0xff, 0xff, 0xff, 0x80, 0x1, 0xff, 0xff,
    0xc0, 0x0, 0x0, 0x0, 0x1f, 0xff, 0xfc, 0x0,
    0x1f, 0xff, 0xfe, 0x0, 0x0, 0x0, 0x0, 0xff,
    0xff, 0xf0, 0x0, 0xff, 0xff, 0xe0, 0x0, 0x0,
    0x0, 0x3, 0xff, 0xff, 0x80, 0x7, 0xff, 0xff,
    0x0, 0x0, 0x0, 0x0, 0x1f, 0xff, 0xfc, 0x0,
    0x7f, 0xff, 0xf8, 0x0, 0x0, 0x0, 0x0, 0xff,
    0xff, 0xf0, 0x3, 0xff, 0xff, 0x80, 0x0, 0x0,
    0x0, 0x3, 0xff, 0xff, 0x80, 0x1f, 0xff, 0xfc,
    0x0, 0x0, 0x0, 0x0, 0x1f, 0xff, 0xfc, 0x1,
    0xff, 0xff, 0xe0, 0x0, 0x0, 0x0, 0x0, 0xff,
    0xff, 0xf0, 0xf, 0xff, 0xfe, 0x0, 0x0, 0x0,
    0x0, 0x3, 0xff, 0xff, 0x80, 0xff, 0xff, 0xf0,
    0x0, 0x0, 0x0, 0x0, 0x1f, 0xff, 0xfe, 0x7,
    0xff, 0xff, 0x80, 0x0, 0x0, 0x0, 0x0, 0xff,
    0xff, 0xf0, 0x3f, 0xff, 0xf8, 0x0, 0x0, 0x0,
    0x0, 0x3, 0xff, 0xff, 0x83, 0xff, 0xff, 0xc0,
    0x0, 0x0, 0x0, 0x0, 0x1f, 0xff, 0xfe, 0x1f,
    0xff, 0xfe, 0x0, 0x0, 0x0, 0x0, 0x0, 0xff,
    0xff, 0xf0, 0xff, 0xff, 0xe0, 0x0, 0x0, 0x0,
    0x0, 0x3, 0xff, 0xff, 0x8f, 0xff, 0xff, 0x0,
    0x0, 0x0, 0x0, 0x0, 0x1f, 0xff, 0xfe, 0x7f,
    0xff, 0xf8, 0x0, 0x0, 0x0, 0x0, 0x0, 0xff,
    0xff, 0xf7, 0xff, 0xff, 0x80, 0x0, 0x0, 0x0,
    0x0, 0x3, 0xff, 0xff, 0xff, 0xff, 0xfc, 0x0,
    0x0, 0x0, 0x0, 0x0, 0x1f, 0xff, 0xfe,

    /* U+0042 "B" */
    0xff, 0xff, 0xff, 0xff, 0xff, 0x0, 0x0, 0x0,
    0x1f, 0xff, 0xff, 0xff, 0xff, 0xff, 0x80, 0x0,
    0x3, 0xff, 0xff, 0xff, 0xff, 0xff, 0xff, 0x0,
    0x0, 0x7f, 0xff, 0xff, 0xff, 0xff, 0xff, 0xf8,
    0x0, 0xf, 0xff, 0xff, 0xff, 0xff, 0xff, 0xff,
    0xc0, 0x1, 0xff, 0xff, 0xff, 0xff, 0xff, 0xff,
    0xfe, 0x0, 0x3f, 0xff, 0xff, 0xff, 0xff, 0xff,
    0xff, 0xf0, 0x7, 0xff, 0xff, 0xff, 0xff, 0xff,
    0xff, 0xff, 0x0, 0xff, 0xff, 0xff, 0xff, 0xff,
    0xff, 0xff, 0xf0, 0x1f, 0xff, 0xff, 0xff, 0xff,
    0xff, 0xff, 0xff, 0x3, 0xff, 0xff, 0xff, 0xff,
    0xff, 0xff, 0xff, 0xf0, 0x7f, 0xff, 0xff, 0xff,
    0xff, 0xff, 0xff, 0xfe, 0xf, 0xff, 0xff, 0xff,
    0xff, 0xff, 0xff, 0xff, 0xe1, 0xff, 0xff, 0xff,
    0xff, 0xff, 0xff, 0xff, 0xfe, 0x3f, 0xff, 0xf8,
    0x0, 0x0, 0xff, 0xff, 0xff, 0xc7, 0xff, 0xff,
    0x0, 0x0, 0x3, 0xff, 0xff, 0xf8, 0xff, 0xff,
    0xe0, 0x0, 0x0, 0x1f, 0xff, 0xff, 0x9f, 0xff,
    0xfc, 0x0, 0x0, 0x1, 0xff, 0xff, 0xf3, 0xff,
    0xff, 0x80, 0x0, 0x0, 0x1f, 0xff, 0xfe, 0x7f,
    0xff, 0xf0, 0x0, 0x0, 0x1, 0xff, 0xff, 0xef,
    0xff, 0xfe, 0x0, 0x0, 0x0, 0x3f, 0xff, 0xfd,
    0xff, 0xff, 0xc0, 0x0, 0x0, 0x7, 0xff, 0xff,
    0xbf, 0xff, 0xf8, 0x0, 0x0, 0x0, 0x7f, 0xff,
    0xf7, 0xff, 0xff, 0x0, 0x0, 0x0, 0xf, 0xff,
    0xfe, 0xff, 0xff, 0xe0, 0x0, 0x0, 0x1, 0xff,
    0xff, 0xdf, 0xff, 0xfc, 0x0, 0x0, 0x0, 0x3f,
    0xff, 0xfb, 0xff, 0xff, 0x80, 0x0, 0x0, 0x7,
    0xff, 0xff, 0x7f, 0xff, 0xf0, 0x0, 0x0, 0x0,
    0xff, 0xff, 0xef, 0xff, 0xfe, 0x0, 0x0, 0x0,
    0x1f, 0xff, 0xfd, 0xff, 0xff, 0xc0, 0x0, 0x0,
    0x3, 0xff, 0xff, 0xbf, 0xff, 0xf8, 0x0, 0x0,
    0x0, 0xff, 0xff, 0xe7, 0xff, 0xff, 0x0, 0x0,
    0x0, 0x1f, 0xff, 0xfc, 0xff, 0xff, 0xe0, 0x0,
    0x0, 0x7, 0xff, 0xff, 0x9f, 0xff, 0xfc, 0x0,
    0x0, 0x0, 0xff, 0xff, 0xe3, 0xff, 0xff, 0x80,
    0x0, 0x0, 0x3f, 0xff, 0xfc, 0x7f, 0xff, 0xf0,
    0x0, 0x0, 0xf, 0xff, 0xff, 0xf, 0xff, 0xfe,
    0x0, 0x0, 0x7, 0xff, 0xff, 0xe1, 0xff, 0xff,
    0xc0, 0x0, 0xf, 0xff, 0xff, 0xf8, 0x3f, 0xff,
    0xff, 0xff, 0xff, 0xff, 0xff, 0xfe, 0x7, 0xff,
    0xff, 0xff, 0xff, 0xff, 0xff, 0xff, 0x80, 0xff,
    0xff, 0xff, 0xff, 0xff, 0xff, 0xff, 0xe0, 0x1f,
    0xff, 0xff, 0xff, 0xff, 0xff, 0xff, 0xf8, 0x3,
    0xff, 0xff, 0xff, 0xff, 0xff, 0xff, 0xfc, 0x0,
    0x7f, 0xff, 0xff, 0xff, 0xff, 0xff, 0xff, 0x0,
    0xf, 0xff, 0xff, 0xff, 0xff, 0xff, 0xff, 0xc0,
    0x1, 0xff, 0xff, 0xff, 0xff, 0xff, 0xff, 0xff,
    0x0, 0x3f, 0xff, 0xff, 0xff, 0xff, 0xff, 0xff,
    0xf0, 0x7, 0xff, 0xff, 0xff, 0xff, 0xff, 0xff,
    0xff, 0x80, 0xff, 0xff, 0xff, 0xff, 0xff, 0xff,
    0xff, 0xf8, 0x1f, 0xff, 0xff, 0xff, 0xff, 0xff,
    0xff, 0xff, 0x83, 0xff, 0xff, 0xff, 0xff, 0xff,
    0xff, 0xff, 0xf8, 0x7f, 0xff, 0xf0, 0x0, 0x0,
    0x7f, 0xff, 0xff, 0xf, 0xff, 0xfe, 0x0, 0x0,
    0x1, 0xff, 0xff, 0xf1, 0xff, 0xff, 0xc0, 0x0,
    0x0, 0xf, 0xff, 0xff, 0x3f, 0xff, 0xf8, 0x0,
    0x0, 0x0, 0xff, 0xff, 0xe7, 0xff, 0xff, 0x0,
    0x0, 0x0, 0xf, 0xff, 0xfc, 0xff, 0xff, 0xe0,
    0x0, 0x0, 0x1, 0xff, 0xff, 0xdf, 0xff, 0xfc,
    0x0, 0x0, 0x0, 0x1f, 0xff, 0xfb, 0xff, 0xff,
    0x80, 0x0, 0x0, 0x3, 0xff, 0xff, 0x7f, 0xff,
    0xf0, 0x0, 0x0, 0x0, 0x7f, 0xff, 0xff, 0xff,
    0xfe, 0x0, 0x0, 0x0, 0x7, 0xff, 0xff, 0xff,
    0xff, 0xc0, 0x0, 0x0, 0x0, 0xff, 0xff, 0xff,
    0xff, 0xf8, 0x0, 0x0, 0x0, 0x1f, 0xff, 0xff,
    0xff, 0xff, 0x0, 0x0, 0x0, 0x3, 0xff, 0xff,
    0xff, 0xff, 0xe0, 0x0, 0x0, 0x0, 0x7f, 0xff,
    0xff, 0xff, 0xfc, 0x0, 0x0, 0x0, 0xf, 0xff,
    0xff, 0xff, 0xff, 0x80, 0x0, 0x0, 0x1, 0xff,
    0xff, 0xff, 0xff, 0xf0, 0x0, 0x0, 0x0, 0x3f,
    0xff, 0xff, 0xff, 0xfe, 0x0, 0x0, 0x0, 0xf,
    0xff, 0xff, 0xff, 0xff, 0xc0, 0x0, 0x0, 0x1,
    0xff, 0xff, 0xff, 0xff, 0xf8, 0x0, 0x0, 0x0,
    0x3f, 0xff, 0xf7, 0xff, 0xff, 0x0, 0x0, 0x0,
    0xf, 0xff, 0xfe, 0xff, 0xff, 0xe0, 0x0, 0x0,
    0x3, 0xff, 0xff, 0xdf, 0xff, 0xfc, 0x0, 0x0,
    0x0, 0x7f, 0xff, 0xfb, 0xff, 0xff, 0x80, 0x0,
    0x0, 0x3f, 0xff, 0xfe, 0x7f, 0xff, 0xf0, 0x0,
    0x0, 0xf, 0xff, 0xff, 0xcf, 0xff, 0xfe, 0x0,
    0x0, 0xf, 0xff, 0xff, 0xf9, 0xff, 0xff, 0xff,
    0xff, 0xff, 0xff, 0xff, 0xfe, 0x3f, 0xff, 0xff,
    0xff, 0xff, 0xff, 0xff, 0xff, 0xc7, 0xff, 0xff,
    0xff, 0xff, 0xff, 0xff, 0xff, 0xf0, 0xff, 0xff,
    0xff, 0xff, 0xff, 0xff, 0xff, 0xfc, 0x1f, 0xff,
    0xff, 0xff, 0xff, 0xff, 0xff, 0xff, 0x3, 0xff,
    0xff, 0xff, 0xff, 0xff, 0xff, 0xff, 0xc0, 0x7f,
    0xff, 0xff, 0xff, 0xff, 0xff, 0xff, 0xf8, 0xf,
    0xff, 0xff, 0xff, 0xff, 0xff, 0xff, 0xfc, 0x1,
    0xff, 0xff, 0xff, 0xff, 0xff, 0xff, 0xff, 0x0,
    0x3f, 0xff, 0xff, 0xff, 0xff, 0xff, 0xff, 0x80,
    0x7, 0xff, 0xff, 0xff, 0xff, 0xff, 0xff, 0xc0,
    0x0, 0xff, 0xff, 0xff, 0xff, 0xff, 0xff, 0xe0,
    0x0, 0x1f, 0xff, 0xff, 0xff, 0xff, 0xff, 0xe0,
    0x0, 0x3, 0xff, 0xff, 0xff, 0xff, 0xff, 0x0,
    0x0, 0x0, 0x0,

    /* U+0043 "C" */
    0x0, 0x0, 0x0, 0x1, 0xff, 0xf8, 0x0, 0x0,
    0x0, 0x0, 0x0, 0x0, 0x7, 0xff, 0xff, 0xf0,
    0x0, 0x0, 0x0, 0x0, 0x0, 0xf, 0xff, 0xff,
    0xff, 0x80, 0x0, 0x0, 0x0, 0x0, 0x1f, 0xff,
    0xff, 0xff, 0xfc, 0x0, 0x0, 0x0, 0x0, 0x1f,
    0xff, 0xff, 0xff, 0xff, 0xc0, 0x0, 0x0, 0x0,
    0xf, 0xff, 0xff, 0xff, 0xff, 0xf8, 0x0, 0x0,
    0x0, 0xf, 0xff, 0xff, 0xff, 0xff, 0xff, 0x80,
    0x0, 0x0, 0x7, 0xff, 0xff, 0xff, 0xff, 0xff,
    0xf0, 0x0, 0x0, 0x3, 0xff, 0xff, 0xff, 0xff,
    0xff, 0xfe, 0x0, 0x0, 0x1, 0xff, 0xff, 0xff,
    0xff, 0xff, 0xff, 0xc0, 0x0, 0x0, 0xff, 0xff,
    0xff, 0xff, 0xff, 0xff, 0xf8, 0x0, 0x0, 0x7f,
    0xff, 0xff, 0xff, 0xff, 0xff, 0xff, 0x0, 0x0,
    0x3f, 0xff, 0xff, 0xff, 0xff, 0xff, 0xff, 0xe0,
    0x0, 0x1f, 0xff, 0xff, 0xff, 0xff, 0xff, 0xff,
    0xfc, 0x0, 0xf, 0xff, 0xff, 0xff, 0xff, 0xff,
    0xff, 0xff, 0x80, 0x3, 0xff, 0xff, 0xfe, 0x0,
    0x3f, 0xff, 0xff, 0xe0, 0x1, 0xff, 0xff, 0xfc,
    0x0, 0x1, 0xff, 0xff, 0xfc, 0x0, 0xff, 0xff,
    0xfc, 0x0, 0x0, 0x1f, 0xff, 0xff, 0x0, 0x3f,
    0xff, 0xfe, 0x0, 0x0, 0x1, 0xff, 0xff, 0xe0,
    0x1f, 0xff, 0xff, 0x0, 0x0, 0x0, 0x3f, 0xff,
    0xf8, 0x7, 0xff, 0xff, 0x80, 0x0, 0x0, 0x7,
    0xff, 0xff, 0x3, 0xff, 0xff, 0xc0, 0x0, 0x0,
    0x1, 0xff, 0xff, 0xc0, 0xff, 0xff, 0xe0, 0x0,
    0x0, 0x0, 0x3f, 0xff, 0xf0, 0x7f, 0xff, 0xf8,
    0x0, 0x0, 0x0, 0xf, 0xff, 0xfe, 0x1f, 0xff,
    0xfc, 0x0, 0x0, 0x0, 0x1, 0xff, 0xff, 0x87,
    0xff, 0xff, 0x0, 0x0, 0x0, 0x0, 0x7f, 0xff,
    0xe3, 0xff, 0xff, 0x80, 0x0, 0x0, 0x0, 0x1f,
    0xff, 0xfc, 0xff, 0xff, 0xe0, 0x0, 0x0, 0x0,
    0x3, 0xff, 0xff, 0x3f, 0xff, 0xf8, 0x0, 0x0,
    0x0, 0x0, 0xff, 0xff, 0xcf, 0xff, 0xfe, 0x0,
    0x0, 0x0, 0x0, 0x3f, 0xff, 0xf7, 0xff, 0xff,
    0x0, 0x0, 0x0, 0x0, 0xf, 0xff, 0xfd, 0xff,
    0xff, 0xc0, 0x0, 0x0, 0x0, 0x3, 0xff, 0xff,
    0x7f, 0xff, 0xf0, 0x0, 0x0, 0x0, 0x0, 0x0,
    0x0, 0x1f, 0xff, 0xfc, 0x0, 0x0, 0x0, 0x0,
    0x0, 0x0, 0x7, 0xff, 0xff, 0x0, 0x0, 0x0,
    0x0, 0x0, 0x0, 0x3, 0xff, 0xff, 0x80, 0x0,
    0x0, 0x0, 0x0, 0x0, 0x0, 0xff, 0xff, 0xe0,
    0x0, 0x0, 0x0, 0x0, 0x0, 0x0, 0x3f, 0xff,
    0xf8, 0x0, 0x0, 0x0, 0x0, 0x0, 0x0, 0xf,
    0xff, 0xfe, 0x0, 0x0, 0x0, 0x0, 0x0, 0x0,
    0x3, 0xff, 0xff, 0x80, 0x0, 0x0, 0x0, 0x0,
    0x0, 0x0, 0xff, 0xff, 0xe0, 0x0, 0x0, 0x0,
    0x0, 0x0, 0x0, 0x3f, 0xff, 0xf8, 0x0, 0x0,
    0x0, 0x0, 0x0, 0x0, 0xf, 0xff, 0xfe, 0x0,
    0x0, 0x0, 0x0, 0x0, 0x0, 0x3, 0xff, 0xff,
    0x80, 0x0, 0x0, 0x0, 0x0, 0x0, 0x0, 0xff,
    0xff, 0xe0, 0x0, 0x0, 0x0, 0x0, 0x0, 0x0,
    0x3f, 0xff, 0xf8, 0x0, 0x0, 0x0, 0x0, 0x0,
    0x0, 0xf, 0xff, 0xfe, 0x0, 0x0, 0x0, 0x0,
    0x0, 0x0, 0x3, 0xff, 0xff, 0x80, 0x0, 0x0,
    0x0, 0x0, 0x0, 0x0, 0xff, 0xff, 0xe0, 0x0,
    0x0, 0x0, 0x0, 0x0, 0x0, 0x3f, 0xff, 0xf8,
    0x0, 0x0, 0x0, 0x0, 0x0, 0x0, 0xf, 0xff,
    0xfe, 0x0, 0x0, 0x0, 0x0, 0x0, 0x0, 0x3,
    0xff, 0xff, 0x80, 0x0, 0x0, 0x0, 0x0, 0x0,
    0x0, 0xff, 0xff, 0xe0, 0x0, 0x0, 0x0, 0x0,
    0x0, 0x0, 0x3f, 0xff, 0xf8, 0x0, 0x0, 0x0,
    0x0, 0x0, 0x0, 0xf, 0xff, 0xfe, 0x0, 0x0,
    0x0, 0x0, 0x0, 0x0, 0x3, 0xff, 0xff, 0x80,
    0x0, 0x0, 0x0, 0x0, 0x0, 0x0, 0xff, 0xff,
    0xe0, 0x0, 0x0, 0x0, 0x0, 0x0, 0x0, 0x3f,
    0xff, 0xf8, 0x0, 0x0, 0x0, 0x0, 0x0, 0x0,
    0xf, 0xff, 0xfe, 0x0, 0x0, 0x0, 0x0, 0x0,
    0x0, 0x1, 0xff, 0xff, 0xc0, 0x0, 0x0, 0x0,
    0x0, 0x0, 0x0, 0x7f, 0xff, 0xf0, 0x0, 0x0,
    0x0, 0x0, 0x0, 0x0, 0x1f, 0xff, 0xfc, 0x0,
    0x0, 0x0, 0x0, 0x0, 0x0, 0x7, 0xff, 0xff,
    0x0, 0x0, 0x0, 0x0, 0xf, 0xff, 0xfd, 0xff,
    0xff, 0xc0, 0x0, 0x0, 0x0, 0x3, 0xff, 0xff,
    0x7f, 0xff, 0xf8, 0x0, 0x0, 0x0, 0x0, 0xff,
    0xff, 0xcf, 0xff, 0xfe, 0x0, 0x0, 0x0, 0x0,
    0x3f, 0xff, 0xf3, 0xff, 0xff, 0x80, 0x0, 0x0,
    0x0, 0xf, 0xff, 0xfc, 0xff, 0xff, 0xe0, 0x0,
    0x0, 0x0, 0x7, 0xff, 0xff, 0x1f, 0xff, 0xfc,
    0x0, 0x0, 0x0, 0x1, 0xff, 0xff, 0x87, 0xff,
    0xff, 0x0, 0x0, 0x0, 0x0, 0x7f, 0xff, 0xe1,
    0xff, 0xff, 0xe0, 0x0, 0x0, 0x0, 0x3f, 0xff,
    0xf8, 0x3f, 0xff, 0xf8, 0x0, 0x0, 0x0, 0xf,
    0xff, 0xfe, 0xf, 0xff, 0xff, 0x0, 0x0, 0x0,
    0x7, 0xff, 0xff, 0x1, 0xff, 0xff, 0xe0, 0x0,
    0x0, 0x1, 0xff, 0xff, 0xc0, 0x7f, 0xff, 0xfc,
    0x0, 0x0, 0x0, 0xff, 0xff, 0xf0, 0xf, 0xff,
    0xff, 0x80, 0x0, 0x0, 0x7f, 0xff, 0xf8, 0x3,
    0xff, 0xff, 0xf0, 0x0, 0x0, 0x7f, 0xff, 0xfe,
    0x0, 0x7f, 0xff, 0xff, 0x0, 0x0, 0x7f, 0xff,
    0xff, 0x0, 0x1f, 0xff, 0xff, 0xf8, 0x0, 0xff,
    0xff, 0xff, 0xc0, 0x3, 0xff, 0xff, 0xff, 0xff,
    0xff, 0xff, 0xff, 0xe0, 0x0, 0x7f, 0xff, 0xff,
    0xff, 0xff, 0xff, 0xff, 0xf0, 0x0, 0x1f, 0xff,
    0xff, 0xff, 0xff, 0xff, 0xff, 0xfc, 0x0, 0x3,
    0xff, 0xff, 0xff, 0xff, 0xff, 0xff, 0xfe, 0x0,
    0x0, 0x7f, 0xff, 0xff, 0xff, 0xff, 0xff, 0xff,
    0x0, 0x0, 0xf, 0xff, 0xff, 0xff, 0xff, 0xff,
    0xff, 0x80, 0x0, 0x1, 0xff, 0xff, 0xff, 0xff,
    0xff, 0xff, 0xc0, 0x0, 0x0, 0x1f, 0xff, 0xff,
    0xff, 0xff, 0xff, 0xe0, 0x0, 0x0, 0x3, 0xff,
    0xff, 0xff, 0xff, 0xff, 0xe0, 0x0, 0x0, 0x0,
    0x7f, 0xff, 0xff, 0xff, 0xff, 0xf0, 0x0, 0x0,
    0x0, 0x7, 0xff, 0xff, 0xff, 0xff, 0xf0, 0x0,
    0x0, 0x0, 0x0, 0x7f, 0xff, 0xff, 0xff, 0xf0,
    0x0, 0x0, 0x0, 0x0, 0x7, 0xff, 0xff, 0xff,
    0xe0, 0x0, 0x0, 0x0, 0x0, 0x0, 0x3f, 0xff,
    0xff, 0xc0, 0x0, 0x0, 0x0, 0x0, 0x0, 0x0,
    0x7f, 0xfe, 0x0, 0x0, 0x0, 0x0,

    /* U+0044 "D" */
    0xff, 0xff, 0xff, 0xff, 0xe0, 0x0, 0x0, 0x0,
    0x3, 0xff, 0xff, 0xff, 0xff, 0xfc, 0x0, 0x0,
    0x0, 0xf, 0xff, 0xff, 0xff, 0xff, 0xff, 0x0,
    0x0, 0x0, 0x3f, 0xff, 0xff, 0xff, 0xff, 0xff,
    0x0, 0x0, 0x0, 0xff, 0xff, 0xff, 0xff, 0xff,
    0xff, 0x0, 0x0, 0x3, 0xff, 0xff, 0xff, 0xff,
    0xff, 0xff, 0x0, 0x0, 0xf, 0xff, 0xff, 0xff,
    0xff, 0xff, 0xff, 0x0, 0x0, 0x3f, 0xff, 0xff,
    0xff, 0xff, 0xff, 0xfe, 0x0, 0x0, 0xff, 0xff,
    0xff, 0xff, 0xff, 0xff, 0xfe, 0x0, 0x3, 0xff,
    0xff, 0xff, 0xff, 0xff, 0xff, 0xfc, 0x0, 0xf,
    0xff, 0xff, 0xff, 0xff, 0xff, 0xff, 0xf8, 0x0,
    0x3f, 0xff, 0xff, 0xff, 0xff, 0xff, 0xff, 0xf0,
    0x0, 0xff, 0xff, 0xff, 0xff, 0xff, 0xff, 0xff,
    0xe0, 0x3, 0xff, 0xff, 0xff, 0xff, 0xff, 0xff,
    0xff, 0xc0, 0xf, 0xff, 0xfe, 0x0, 0x3, 0xff,
    0xff, 0xff, 0x80, 0x3f, 0xff, 0xf8, 0x0, 0x1,
    0xff, 0xff, 0xfe, 0x0, 0xff, 0xff, 0xe0, 0x0,
    0x1, 0xff, 0xff, 0xfc, 0x3, 0xff, 0xff, 0x80,
    0x0, 0x1, 0xff, 0xff, 0xf8, 0xf, 0xff, 0xfe,
    0x0, 0x0, 0x3, 0xff, 0xff, 0xe0, 0x3f, 0xff,
    0xf8, 0x0, 0x0, 0x7, 0xff, 0xff, 0xc0, 0xff,
    0xff, 0xe0, 0x0, 0x0, 0xf, 0xff, 0xff, 0x83,
    0xff, 0xff, 0x80, 0x0, 0x0, 0x1f, 0xff, 0xfe,
    0xf, 0xff, 0xfe, 0x0, 0x0, 0x0, 0x3f, 0xff,
    0xfc, 0x3f, 0xff, 0xf8, 0x0, 0x0, 0x0, 0x7f,
    0xff, 0xf0, 0xff, 0xff, 0xe0, 0x0, 0x0, 0x1,
    0xff, 0xff, 0xc3, 0xff, 0xff, 0x80, 0x0, 0x0,
    0x3, 0xff, 0xff, 0x8f, 0xff, 0xfe, 0x0, 0x0,
    0x0, 0xf, 0xff, 0xfe, 0x3f, 0xff, 0xf8, 0x0,
    0x0, 0x0, 0x3f, 0xff, 0xfc, 0xff, 0xff, 0xe0,
    0x0, 0x0, 0x0, 0x7f, 0xff, 0xf3, 0xff, 0xff,
    0x80, 0x0, 0x0, 0x1, 0xff, 0xff, 0xcf, 0xff,
    0xfe, 0x0, 0x0, 0x0, 0x7, 0xff, 0xff, 0x3f,
    0xff, 0xf8, 0x0, 0x0, 0x0, 0xf, 0xff, 0xfe,
    0xff, 0xff, 0xe0, 0x0, 0x0, 0x0, 0x3f, 0xff,
    0xfb, 0xff, 0xff, 0x80, 0x0, 0x0, 0x0, 0xff,
    0xff, 0xef, 0xff, 0xfe, 0x0, 0x0, 0x0, 0x3,
    0xff, 0xff, 0xbf, 0xff, 0xf8, 0x0, 0x0, 0x0,
    0xf, 0xff, 0xfe, 0xff, 0xff, 0xe0, 0x0, 0x0,
    0x0, 0x1f, 0xff, 0xff, 0xff, 0xff, 0x80, 0x0,
    0x0, 0x0, 0x7f, 0xff, 0xff, 0xff, 0xfe, 0x0,
    0x0, 0x0, 0x1, 0xff, 0xff, 0xff, 0xff, 0xf8,
    0x0, 0x0, 0x0, 0x7, 0xff, 0xff, 0xff, 0xff,
    0xe0, 0x0, 0x0, 0x0, 0x1f, 0xff, 0xff, 0xff,
    0xff, 0x80, 0x0, 0x0, 0x0, 0x7f, 0xff, 0xff,
    0xff, 0xfe, 0x0, 0x0, 0x0, 0x1, 0xff, 0xff,
    0xff, 0xff, 0xf8, 0x0, 0x0, 0x0, 0x7, 0xff,
    0xff, 0xff, 0xff, 0xe0, 0x0, 0x0, 0x0, 0x1f,
    0xff, 0xff, 0xff, 0xff, 0x80, 0x0, 0x0, 0x0,
    0x7f, 0xff, 0xff, 0xff, 0xfe, 0x0, 0x0, 0x0,
    0x1, 0xff, 0xff, 0xff, 0xff, 0xf8, 0x0, 0x0,
    0x0, 0x7, 0xff, 0xff, 0xff, 0xff, 0xe0, 0x0,
    0x0, 0x0, 0x1f, 0xff, 0xff, 0xff, 0xff, 0x80,
    0x0, 0x0, 0x0, 0x7f, 0xff, 0xff, 0xff, 0xfe,
    0x0, 0x0, 0x0, 0x1, 0xff, 0xff, 0xff, 0xff,
    0xf8, 0x0, 0x0, 0x0, 0x7, 0xff, 0xff, 0xff,
    0xff, 0xe0, 0x0, 0x0, 0x0, 0x1f, 0xff, 0xff,
    0xff, 0xff, 0x80, 0x0, 0x0, 0x0, 0x7f, 0xff,
    0xff, 0xff, 0xfe, 0x0, 0x0, 0x0, 0x1, 0xff,
    0xff, 0xff, 0xff, 0xf8, 0x0, 0x0, 0x0, 0xf,
    0xff, 0xfe, 0xff, 0xff, 0xe0, 0x0, 0x0, 0x0,
    0x3f, 0xff, 0xfb, 0xff, 0xff, 0x80, 0x0, 0x0,
    0x0, 0xff, 0xff, 0xef, 0xff, 0xfe, 0x0, 0x0,
    0x0, 0x3, 0xff, 0xff, 0xbf, 0xff, 0xf8, 0x0,
    0x0, 0x0, 0xf, 0xff, 0xfe, 0xff, 0xff, 0xe0,
    0x0, 0x0, 0x0, 0x7f, 0xff, 0xf3, 0xff, 0xff,
    0x80, 0x0, 0x0, 0x1, 0xff, 0xff, 0xcf, 0xff,
    0xfe, 0x0, 0x0, 0x0, 0x7, 0xff, 0xff, 0x3f,
    0xff, 0xf8, 0x0, 0x0, 0x0, 0x3f, 0xff, 0xfc,
    0xff, 0xff, 0xe0, 0x0, 0x0, 0x0, 0xff, 0xff,
    0xe3, 0xff, 0xff, 0x80, 0x0, 0x0, 0x3, 0xff,
    0xff, 0x8f, 0xff, 0xfe, 0x0, 0x0, 0x0, 0x1f,
    0xff, 0xfe, 0x3f, 0xff, 0xf8, 0x0, 0x0, 0x0,
    0xff, 0xff, 0xf0, 0xff, 0xff, 0xe0, 0x0, 0x0,
    0x3, 0xff, 0xff, 0xc3, 0xff, 0xff, 0x80, 0x0,
    0x0, 0x1f, 0xff, 0xfe, 0xf, 0xff, 0xfe, 0x0,
    0x0, 0x0, 0xff, 0xff, 0xf8, 0x3f, 0xff, 0xf8,
    0x0, 0x0, 0x7, 0xff, 0xff, 0xc0, 0xff, 0xff,
    0xe0, 0x0, 0x0, 0x3f, 0xff, 0xff, 0x3, 0xff,
    0xff, 0x80, 0x0, 0x1, 0xff, 0xff, 0xf8, 0xf,
    0xff, 0xfe, 0x0, 0x0, 0x1f, 0xff, 0xff, 0xc0,
    0x3f, 0xff, 0xf8, 0x0, 0x1, 0xff, 0xff, 0xfe,
    0x0, 0xff, 0xff, 0xe0, 0x0, 0x7f, 0xff, 0xff,
    0xf8, 0x3, 0xff, 0xff, 0xff, 0xff, 0xff, 0xff,
    0xff, 0xc0, 0xf, 0xff, 0xff, 0xff, 0xff, 0xff,
    0xff, 0xfe, 0x0, 0x3f, 0xff, 0xff, 0xff, 0xff,
    0xff, 0xff, 0xf0, 0x0, 0xff, 0xff, 0xff, 0xff,
    0xff, 0xff, 0xff, 0x80, 0x3, 0xff, 0xff, 0xff,
    0xff, 0xff, 0xff, 0xfc, 0x0, 0xf, 0xff, 0xff,
    0xff, 0xff, 0xff, 0xff, 0xe0, 0x0, 0x3f, 0xff,
    0xff, 0xff, 0xff, 0xff, 0xfe, 0x0, 0x0, 0xff,
    0xff, 0xff, 0xff, 0xff, 0xff, 0xf0, 0x0, 0x3,
    0xff, 0xff, 0xff, 0xff, 0xff, 0xff, 0x0, 0x0,
    0xf, 0xff, 0xff, 0xff, 0xff, 0xff, 0xf0, 0x0,
    0x0, 0x3f, 0xff, 0xff, 0xff, 0xff, 0xff, 0x0,
    0x0, 0x0, 0xff, 0xff, 0xff, 0xff, 0xff, 0xf0,
    0x0, 0x0, 0x3, 0xff, 0xff, 0xff, 0xff, 0xfc,
    0x0, 0x0, 0x0, 0xf, 0xff, 0xff, 0xff, 0xff,
    0x0, 0x0, 0x0, 0x0, 0x0,

    /* U+0045 "E" */
    0xff, 0xff, 0xff, 0xff, 0xff, 0xff, 0xff, 0xff,
    0xff, 0xff, 0xff, 0xff, 0xff, 0xff, 0xff, 0xff,
    0xff, 0xff, 0xff, 0xff, 0xff, 0xff, 0xff, 0xff,
    0xff, 0xff, 0xff, 0xff, 0xff, 0xff, 0xff, 0xff,
    0xff, 0xff, 0xff, 0xff, 0xff, 0xff, 0xff, 0xff,
    0xff, 0xff, 0xff, 0xff, 0xff, 0xff, 0xff, 0xff,
    0xff, 0xff, 0xff, 0xff, 0xff, 0xff, 0xff, 0xff,
    0xff, 0xff, 0xff, 0xff, 0xff, 0xff, 0xff, 0xff,
    0xff, 0xff, 0xff, 0xff, 0xff, 0xff, 0xff, 0xff,
    0xff, 0xff, 0xff, 0xff, 0xff, 0xff, 0xff, 0xff,
    0xff, 0xff, 0xff, 0xff, 0xff, 0xff, 0xff, 0xff,
    0xff, 0xff, 0xff, 0xff, 0xff, 0xff, 0xff, 0xff,
    0xff, 0xff, 0xff, 0xff, 0xff, 0xff, 0xff, 0xff,
    0xff, 0xff, 0xff, 0xff, 0xff, 0x80, 0x0, 0x0,
    0x0, 0x0, 0x1f, 0xff, 0xfc, 0x0, 0x0, 0x0,
    0x0, 0x0, 0xff, 0xff, 0xe0, 0x0, 0x0, 0x0,
    0x0, 0x7, 0xff, 0xff, 0x0, 0x0, 0x0, 0x0,
    0x0, 0x3f, 0xff, 0xf8, 0x0, 0x0, 0x0, 0x0,
    0x1, 0xff, 0xff, 0xc0, 0x0, 0x0, 0x0, 0x0,
    0xf, 0xff, 0xfe, 0x0, 0x0, 0x0, 0x0, 0x0,
    0x7f, 0xff, 0xf0, 0x0, 0x0, 0x0, 0x0, 0x3,
    0xff, 0xff, 0x80, 0x0, 0x0, 0x0, 0x0, 0x1f,
    0xff, 0xfc, 0x0, 0x0, 0x0, 0x0, 0x0, 0xff,
    0xff, 0xe0, 0x0, 0x0, 0x0, 0x0, 0x7, 0xff,
    0xff, 0x0, 0x0, 0x0, 0x0, 0x0, 0x3f, 0xff,
    0xf8, 0x0, 0x0, 0x0, 0x0, 0x1, 0xff, 0xff,
    0xc0, 0x0, 0x0, 0x0, 0x0, 0xf, 0xff, 0xfe,
    0x0, 0x0, 0x0, 0x0, 0x0, 0x7f, 0xff, 0xf0,
    0x0, 0x0, 0x0, 0x0, 0x3, 0xff, 0xff, 0x80,
    0x0, 0x0, 0x0, 0x0, 0x1f, 0xff, 0xfc, 0x0,
    0x0, 0x0, 0x0, 0x0, 0xff, 0xff, 0xe0, 0x0,
    0x0, 0x0, 0x0, 0x7, 0xff, 0xff, 0x0, 0x0,
    0x0, 0x0, 0x0, 0x3f, 0xff, 0xf8, 0x0, 0x0,
    0x0, 0x0, 0x1, 0xff, 0xff, 0xc0, 0x0, 0x0,
    0x0, 0x0, 0xf, 0xff, 0xfe, 0x0, 0x0, 0x0,
    0x0, 0x0, 0x7f, 0xff, 0xff, 0xff, 0xff, 0xff,
    0xff, 0x3, 0xff, 0xff, 0xff, 0xff, 0xff, 0xff,
    0xf8, 0x1f, 0xff, 0xff, 0xff, 0xff, 0xff, 0xff,
    0xc0, 0xff, 0xff, 0xff, 0xff, 0xff, 0xff, 0xfe,
    0x7, 0xff, 0xff, 0xff, 0xff, 0xff, 0xff, 0xf0,
    0x3f, 0xff, 0xff, 0xff, 0xff, 0xff, 0xff, 0x81,
    0xff, 0xff, 0xff, 0xff, 0xff, 0xff, 0xfc, 0xf,
    0xff, 0xff, 0xff, 0xff, 0xff, 0xff, 0xe0, 0x7f,
    0xff, 0xff, 0xff, 0xff, 0xff, 0xff, 0x3, 0xff,
    0xff, 0xff, 0xff, 0xff, 0xff, 0xf8, 0x1f, 0xff,
    0xff, 0xff, 0xff, 0xff, 0xff, 0xc0, 0xff, 0xff,
    0xff, 0xff, 0xff, 0xff, 0xfe, 0x7, 0xff, 0xff,
    0xff, 0xff, 0xff, 0xff, 0xf0, 0x3f, 0xff, 0xff,
    0xff, 0xff, 0xff, 0xff, 0x81, 0xff, 0xff, 0xc0,
    0x0, 0x0, 0x0, 0x0, 0xf, 0xff, 0xfe, 0x0,
    0x0, 0x0, 0x0, 0x0, 0x7f, 0xff, 0xf0, 0x0,
    0x0, 0x0, 0x0, 0x3, 0xff, 0xff, 0x80, 0x0,
    0x0, 0x0, 0x0, 0x1f, 0xff, 0xfc, 0x0, 0x0,
    0x0, 0x0, 0x0, 0xff, 0xff, 0xe0, 0x0, 0x0,
    0x0, 0x0, 0x7, 0xff, 0xff, 0x0, 0x0, 0x0,
    0x0, 0x0, 0x3f, 0xff, 0xf8, 0x0, 0x0, 0x0,
    0x0, 0x1, 0xff, 0xff, 0xc0, 0x0, 0x0, 0x0,
    0x0, 0xf, 0xff, 0xfe, 0x0, 0x0, 0x0, 0x0,
    0x0, 0x7f, 0xff, 0xf0, 0x0, 0x0, 0x0, 0x0,
    0x3, 0xff, 0xff, 0x80, 0x0, 0x0, 0x0, 0x0,
    0x1f, 0xff, 0xfc, 0x0, 0x0, 0x0, 0x0, 0x0,
    0xff, 0xff, 0xe0, 0x0, 0x0, 0x0, 0x0, 0x7,
    0xff, 0xff, 0x0, 0x0, 0x0, 0x0, 0x0, 0x3f,
    0xff, 0xf8, 0x0, 0x0, 0x0, 0x0, 0x1, 0xff,
    0xff, 0xc0, 0x0, 0x0, 0x0, 0x0, 0xf, 0xff,
    0xfe, 0x0, 0x0, 0x0, 0x0, 0x0, 0x7f, 0xff,
    0xf0, 0x0, 0x0, 0x0, 0x0, 0x3, 0xff, 0xff,
    0x80, 0x0, 0x0, 0x0, 0x0, 0x1f, 0xff, 0xfc,
    0x0, 0x0, 0x0, 0x0, 0x0, 0xff, 0xff, 0xe0,
    0x0, 0x0, 0x0, 0x0, 0x7, 0xff, 0xff, 0x0,
    0x0, 0x0, 0x0, 0x0, 0x3f, 0xff, 0xf8, 0x0,
    0x0, 0x0, 0x0, 0x1, 0xff, 0xff, 0xc0, 0x0,
    0x0, 0x0, 0x0, 0xf, 0xff, 0xfe, 0x0, 0x0,
    0x0, 0x0, 0x0, 0x7f, 0xff, 0xff, 0xff, 0xff,
    0xff, 0xff, 0xff, 0xff, 0xff, 0xff, 0xff, 0xff,
    0xff, 0xff, 0xff, 0xff, 0xff, 0xff, 0xff, 0xff,
    0xff, 0xff, 0xff, 0xff, 0xff, 0xff, 0xff, 0xff,
    0xff, 0xff, 0xff, 0xff, 0xff, 0xff, 0xff, 0xff,
    0xff, 0xff, 0xff, 0xff, 0xff, 0xff, 0xff, 0xff,
    0xff, 0xff, 0xff, 0xff, 0xff, 0xff, 0xff, 0xff,
    0xff, 0xff, 0xff, 0xff, 0xff, 0xff, 0xff, 0xff,
    0xff, 0xff, 0xff, 0xff, 0xff, 0xff, 0xff, 0xff,
    0xff, 0xff, 0xff, 0xff, 0xff, 0xff, 0xff, 0xff,
    0xff, 0xff, 0xff, 0xff, 0xff, 0xff, 0xff, 0xff,
    0xff, 0xff, 0xff, 0xff, 0xff, 0xff, 0xff, 0xff,
    0xff, 0xff, 0xff, 0xff, 0xff, 0xff, 0xff, 0xff,
    0xff, 0xff, 0xff, 0xff, 0xff, 0xfe,

    /* U+0046 "F" */
    0xff, 0xff, 0xff, 0xff, 0xff, 0xff, 0xff, 0xff,
    0xff, 0xff, 0xff, 0xff, 0xff, 0xff, 0xff, 0xff,
    0xff, 0xff, 0xff, 0xff, 0xff, 0xff, 0xff, 0xff,
    0xff, 0xff, 0xff, 0xff, 0xff, 0xff, 0xff, 0xff,
    0xff, 0xff, 0xff, 0xff, 0xff, 0xff, 0xff, 0xff,
    0xff, 0xff, 0xff, 0xff, 0xff, 0xff, 0xff, 0xff,
    0xff, 0xff, 0xff, 0xff, 0xff, 0xff, 0xff, 0xff,
    0xff, 0xff, 0xff, 0xff, 0xff, 0xff, 0xff, 0xff,
    0xff, 0xff, 0xff, 0xff, 0xff, 0xff, 0xff, 0xff,
    0xff, 0xff, 0xff, 0xff, 0xff, 0xff, 0xff, 0xff,
    0xff, 0xff, 0xff, 0xff, 0xff, 0xff, 0xff, 0xff,
    0xff, 0xff, 0xff, 0xff, 0xff, 0xff, 0xff, 0xff,
    0xff, 0xff, 0xff, 0xff, 0xff, 0xff, 0xff, 0xff,
    0xff, 0xff, 0xff, 0xe0, 0x0, 0x0, 0x0, 0x0,
    0xf, 0xff, 0xfe, 0x0, 0x0, 0x0, 0x0, 0x0,
    0xff, 0xff, 0xe0, 0x0, 0x0, 0x0, 0x0, 0xf,
    0xff, 0xfe, 0x0, 0x0, 0x0, 0x0, 0x0, 0xff,
    0xff, 0xe0, 0x0, 0x0, 0x0, 0x0, 0xf, 0xff,
    0xfe, 0x0, 0x0, 0x0, 0x0, 0x0, 0xff, 0xff,
    0xe0, 0x0, 0x0, 0x0, 0x0, 0xf, 0xff, 0xfe,
    0x0, 0x0, 0x0, 0x0, 0x0, 0xff, 0xff, 0xe0,
    0x0, 0x0, 0x0, 0x0, 0xf, 0xff, 0xfe, 0x0,
    0x0, 0x0, 0x0, 0x0, 0xff, 0xff, 0xe0, 0x0,
    0x0, 0x0, 0x0, 0xf, 0xff, 0xfe, 0x0, 0x0,
    0x0, 0x0, 0x0, 0xff, 0xff, 0xe0, 0x0, 0x0,
    0x0, 0x0, 0xf, 0xff, 0xfe, 0x0, 0x0, 0x0,
    0x0, 0x0, 0xff, 0xff, 0xe0, 0x0, 0x0, 0x0,
    0x0, 0xf, 0xff, 0xfe, 0x0, 0x0, 0x0, 0x0,
    0x0, 0xff, 0xff, 0xe0, 0x0, 0x0, 0x0, 0x0,
    0xf, 0xff, 0xfe, 0x0, 0x0, 0x0, 0x0, 0x0,
    0xff, 0xff, 0xe0, 0x0, 0x0, 0x0, 0x0, 0xf,
    0xff, 0xfe, 0x0, 0x0, 0x0, 0x0, 0x0, 0xff,
    0xff, 0xe0, 0x0, 0x0, 0x0, 0x0, 0xf, 0xff,
    0xfe, 0x0, 0x0, 0x0, 0x0, 0x0, 0xff, 0xff,
    0xe0, 0x0, 0x0, 0x0, 0x0, 0xf, 0xff, 0xfe,
    0x0, 0x0, 0x0, 0x0, 0x0, 0xff, 0xff, 0xe0,
    0x0, 0x0, 0x0, 0x0, 0xf, 0xff, 0xff, 0xff,
    0xff, 0xff, 0xff, 0xe0, 0xff, 0xff, 0xff, 0xff,
    0xff, 0xff, 0xfe, 0xf, 0xff, 0xff, 0xff, 0xff,
    0xff, 0xff, 0xe0, 0xff, 0xff, 0xff, 0xff, 0xff,
    0xff, 0xfe, 0xf, 0xff, 0xff, 0xff, 0xff, 0xff,
    0xff, 0xe0, 0xff, 0xff, 0xff, 0xff, 0xff, 0xff,
    0xfe, 0xf, 0xff, 0xff, 0xff, 0xff, 0xff, 0xff,
    0xe0, 0xff, 0xff, 0xff, 0xff, 0xff, 0xff, 0xfe,
    0xf, 0xff, 0xff, 0xff, 0xff, 0xff, 0xff, 0xe0,
    0xff, 0xff, 0xff, 0xff, 0xff, 0xff, 0xfe, 0xf,
    0xff, 0xff, 0xff, 0xff, 0xff, 0xff, 0xe0, 0xff,
    0xff, 0xff, 0xff, 0xff, 0xff, 0xfe, 0xf, 0xff,
    0xff, 0xff, 0xff, 0xff, 0xff, 0xe0, 0xff, 0xff,
    0xff, 0xff, 0xff, 0xff, 0xfe, 0xf, 0xff, 0xfe,
    0x0, 0x0, 0x0, 0x0, 0x0, 0xff, 0xff, 0xe0,
    0x0, 0x0, 0x0, 0x0, 0xf, 0xff, 0xfe, 0x0,
    0x0, 0x0, 0x0, 0x0, 0xff, 0xff, 0xe0, 0x0,
    0x0, 0x0, 0x0, 0xf, 0xff, 0xfe, 0x0, 0x0,
    0x0, 0x0, 0x0, 0xff, 0xff, 0xe0, 0x0, 0x0,
    0x0, 0x0, 0xf, 0xff, 0xfe, 0x0, 0x0, 0x0,
    0x0, 0x0, 0xff, 0xff, 0xe0, 0x0, 0x0, 0x0,
    0x0, 0xf, 0xff, 0xfe, 0x0, 0x0, 0x0, 0x0,
    0x0, 0xff, 0xff, 0xe0, 0x0, 0x0, 0x0, 0x0,
    0xf, 0xff, 0xfe, 0x0, 0x0, 0x0, 0x0, 0x0,
    0xff, 0xff, 0xe0, 0x0, 0x0, 0x0, 0x0, 0xf,
    0xff, 0xfe, 0x0, 0x0, 0x0, 0x0, 0x0, 0xff,
    0xff, 0xe0, 0x0, 0x0, 0x0, 0x0, 0xf, 0xff,
    0xfe, 0x0, 0x0, 0x0, 0x0, 0x0, 0xff, 0xff,
    0xe0, 0x0, 0x0, 0x0, 0x0, 0xf, 0xff, 0xfe,
    0x0, 0x0, 0x0, 0x0, 0x0, 0xff, 0xff, 0xe0,
    0x0, 0x0, 0x0, 0x0, 0xf, 0xff, 0xfe, 0x0,
    0x0, 0x0, 0x0, 0x0, 0xff, 0xff, 0xe0, 0x0,
    0x0, 0x0, 0x0, 0xf, 0xff, 0xfe, 0x0, 0x0,
    0x0, 0x0, 0x0, 0xff, 0xff, 0xe0, 0x0, 0x0,
    0x0, 0x0, 0xf, 0xff, 0xfe, 0x0, 0x0, 0x0,
    0x0, 0x0, 0xff, 0xff, 0xe0, 0x0, 0x0, 0x0,
    0x0, 0xf, 0xff, 0xfe, 0x0, 0x0, 0x0, 0x0,
    0x0, 0xff, 0xff, 0xe0, 0x0, 0x0, 0x0, 0x0,
    0xf, 0xff, 0xfe, 0x0, 0x0, 0x0, 0x0, 0x0,
    0xff, 0xff, 0xe0, 0x0, 0x0, 0x0, 0x0, 0xf,
    0xff, 0xfe, 0x0, 0x0, 0x0, 0x0, 0x0, 0xff,
    0xff, 0xe0, 0x0, 0x0, 0x0, 0x0, 0xf, 0xff,
    0xfe, 0x0, 0x0, 0x0, 0x0, 0x0, 0xff, 0xff,
    0xe0, 0x0, 0x0, 0x0, 0x0, 0xf, 0xff, 0xfe,
    0x0, 0x0, 0x0, 0x0, 0x0, 0xff, 0xff, 0xe0,
    0x0, 0x0, 0x0, 0x0, 0xf, 0xff, 0xfe, 0x0,
    0x0, 0x0, 0x0, 0x0, 0xff, 0xff, 0xe0, 0x0,
    0x0, 0x0, 0x0, 0xf, 0xff, 0xfe, 0x0, 0x0,
    0x0, 0x0, 0x0, 0xff, 0xff, 0xe0, 0x0, 0x0,
    0x0, 0x0, 0x0,

    /* U+0047 "G" */
    0x0, 0x0, 0x0, 0x1, 0xff, 0xfc, 0x0, 0x0,
    0x0, 0x0, 0x0, 0x0, 0x7, 0xff, 0xff, 0xf8,
    0x0, 0x0, 0x0, 0x0, 0x0, 0xf, 0xff, 0xff,
    0xff, 0xc0, 0x0, 0x0, 0x0, 0x0, 0x1f, 0xff,
    0xff, 0xff, 0xfe, 0x0, 0x0, 0x0, 0x0, 0x1f,
    0xff, 0xff, 0xff, 0xff, 0xe0, 0x0, 0x0, 0x0,
    0x1f, 0xff, 0xff, 0xff, 0xff, 0xfc, 0x0, 0x0,
    0x0, 0xf, 0xff, 0xff, 0xff, 0xff, 0xff, 0xc0,
    0x0, 0x0, 0x7, 0xff, 0xff, 0xff, 0xff, 0xff,
    0xf8, 0x0, 0x0, 0x7, 0xff, 0xff, 0xff, 0xff,
    0xff, 0xff, 0x0, 0x0, 0x3, 0xff, 0xff, 0xff,
    0xff, 0xff, 0xff, 0xe0, 0x0, 0x1, 0xff, 0xff,
    0xff, 0xff, 0xff, 0xff, 0xfc, 0x0, 0x0, 0xff,
    0xff, 0xff, 0xff, 0xff, 0xff, 0xff, 0x80, 0x0,
    0x3f, 0xff, 0xff, 0xff, 0xff, 0xff, 0xff, 0xf0,
    0x0, 0x1f, 0xff, 0xff, 0xff, 0xff, 0xff, 0xff,
    0xfe, 0x0, 0xf, 0xff, 0xff, 0xfc, 0x1, 0xff,
    0xff, 0xff, 0x80, 0x7, 0xff, 0xff, 0xf8, 0x0,
    0x7, 0xff, 0xff, 0xf0, 0x1, 0xff, 0xff, 0xf8,
    0x0, 0x0, 0xff, 0xff, 0xfc, 0x0, 0xff, 0xff,
    0xfc, 0x0, 0x0, 0xf, 0xff, 0xff, 0x80, 0x3f,
    0xff, 0xfe, 0x0, 0x0, 0x1, 0xff, 0xff, 0xe0,
    0x1f, 0xff, 0xff, 0x0, 0x0, 0x0, 0x3f, 0xff,
    0xfc, 0x7, 0xff, 0xff, 0x80, 0x0, 0x0, 0xf,
    0xff, 0xff, 0x3, 0xff, 0xff, 0xc0, 0x0, 0x0,
    0x1, 0xff, 0xff, 0xc0, 0xff, 0xff, 0xe0, 0x0,
    0x0, 0x0, 0x3f, 0xff, 0xf8, 0x7f, 0xff, 0xf8,
    0x0, 0x0, 0x0, 0xf, 0xff, 0xfe, 0x1f, 0xff,
    0xfc, 0x0, 0x0, 0x0, 0x3, 0xff, 0xff, 0x87,
    0xff, 0xff, 0x0, 0x0, 0x0, 0x0, 0x7f, 0xff,
    0xe3, 0xff, 0xff, 0xc0, 0x0, 0x0, 0x0, 0x1f,
    0xff, 0xfc, 0xff, 0xff, 0xe0, 0x0, 0x0, 0x0,
    0x7, 0xff, 0xff, 0x3f, 0xff, 0xf8, 0x0, 0x0,
    0x0, 0x1, 0xff, 0xff, 0xdf, 0xff, 0xfe, 0x0,
    0x0, 0x0, 0x0, 0x0, 0x0, 0x7, 0xff, 0xff,
    0x0, 0x0, 0x0, 0x0, 0x0, 0x0, 0x1, 0xff,
    0xff, 0xc0, 0x0, 0x0, 0x0, 0x0, 0x0, 0x0,
    0x7f, 0xff, 0xf0, 0x0, 0x0, 0x0, 0x0, 0x0,
    0x0, 0x1f, 0xff, 0xfc, 0x0, 0x0, 0x0, 0x0,
    0x0, 0x0, 0x7, 0xff, 0xff, 0x0, 0x0, 0x0,
    0x0, 0x0, 0x0, 0x3, 0xff, 0xff, 0x80, 0x0,
    0x0, 0x0, 0x0, 0x0, 0x0, 0xff, 0xff, 0xe0,
    0x0, 0x0, 0x0, 0x0, 0x0, 0x0, 0x3f, 0xff,
    0xf8, 0x0, 0x0, 0x0, 0x0, 0x0, 0x0, 0xf,
    0xff, 0xfe, 0x0, 0x0, 0x0, 0x0, 0x0, 0x0,
    0x3, 0xff, 0xff, 0x80, 0x0, 0x0, 0x0, 0x0,
    0x0, 0x0, 0xff, 0xff, 0xe0, 0x0, 0x0, 0x0,
    0x0, 0x0, 0x0, 0x3f, 0xff, 0xf8, 0x0, 0x0,
    0x0, 0x0, 0x0, 0x0, 0xf, 0xff, 0xfe, 0x0,
    0x0, 0x0, 0x0, 0x0, 0x0, 0x3, 0xff, 0xff,
    0x80, 0x0, 0x0, 0x0, 0x0, 0x0, 0x0, 0xff,
    0xff, 0xe0, 0x0, 0x3, 0xff, 0xff, 0xff, 0xff,
    0xff, 0xff, 0xf8, 0x0, 0x0, 0xff, 0xff, 0xff,
    0xff, 0xff, 0xff, 0xfe, 0x0, 0x0, 0x3f, 0xff,
    0xff, 0xff, 0xff, 0xff, 0xff, 0x80, 0x0, 0xf,
    0xff, 0xff, 0xff, 0xff, 0xff, 0xff, 0xe0, 0x0,
    0x3, 0xff, 0xff, 0xff, 0xff, 0xff, 0xff, 0xf8,
    0x0, 0x0, 0xff, 0xff, 0xff, 0xff, 0xff, 0xff,
    0xfe, 0x0, 0x0, 0x3f, 0xff, 0xff, 0xff, 0xff,
    0xff, 0xff, 0x80, 0x0, 0xf, 0xff, 0xff, 0xff,
    0xff, 0xff, 0xff, 0xe0, 0x0, 0x3, 0xff, 0xff,
    0xff, 0xff, 0xff, 0xff, 0xf8, 0x0, 0x0, 0xff,
    0xff, 0xff, 0xff, 0xff, 0xff, 0xfe, 0x0, 0x0,
    0x3f, 0xff, 0xff, 0xff, 0xff, 0xff, 0xff, 0x80,
    0x0, 0xf, 0xff, 0xff, 0xff, 0xff, 0xff, 0xff,
    0xe0, 0x0, 0x3, 0xff, 0xff, 0xff, 0xff, 0xff,
    0xff, 0xf8, 0x0, 0x0, 0xff, 0xff, 0xff, 0xff,
    0xf7, 0xff, 0xff, 0x0, 0x0, 0x0, 0x0, 0x1f,
    0xff, 0xfd, 0xff, 0xff, 0xc0, 0x0, 0x0, 0x0,
    0x7, 0xff, 0xff, 0x7f, 0xff, 0xf0, 0x0, 0x0,
    0x0, 0x1, 0xff, 0xff, 0xdf, 0xff, 0xfc, 0x0,
    0x0, 0x0, 0x0, 0x7f, 0xff, 0xf7, 0xff, 0xff,
    0x0, 0x0, 0x0, 0x0, 0x1f, 0xff, 0xfd, 0xff,
    0xff, 0xe0, 0x0, 0x0, 0x0, 0x7, 0xff, 0xff,
    0x3f, 0xff, 0xf8, 0x0, 0x0, 0x0, 0x1, 0xff,
    0xff, 0xcf, 0xff, 0xfe, 0x0, 0x0, 0x0, 0x0,
    0x7f, 0xff, 0xf3, 0xff, 0xff, 0xc0, 0x0, 0x0,
    0x0, 0x1f, 0xff, 0xfc, 0x7f, 0xff, 0xf0, 0x0,
    0x0, 0x0, 0x7, 0xff, 0xff, 0x1f, 0xff, 0xfe,
    0x0, 0x0, 0x0, 0x1, 0xff, 0xff, 0xc7, 0xff,
    0xff, 0x80, 0x0, 0x0, 0x0, 0x7f, 0xff, 0xf0,
    0xff, 0xff, 0xf0, 0x0, 0x0, 0x0, 0x1f, 0xff,
    0xfc, 0x3f, 0xff, 0xfc, 0x0, 0x0, 0x0, 0x7,
    0xff, 0xff, 0x7, 0xff, 0xff, 0x80, 0x0, 0x0,
    0x1, 0xff, 0xff, 0xc1, 0xff, 0xff, 0xf0, 0x0,
    0x0, 0x0, 0x7f, 0xff, 0xf0, 0x3f, 0xff, 0xfe,
    0x0, 0x0, 0x0, 0x1f, 0xff, 0xfc, 0xf, 0xff,
    0xff, 0xc0, 0x0, 0x0, 0xf, 0xff, 0xff, 0x1,
    0xff, 0xff, 0xfc, 0x0, 0x0, 0xf, 0xff, 0xff,
    0xc0, 0x7f, 0xff, 0xff, 0xc0, 0x0, 0xf, 0xff,
    0xff, 0xf0, 0xf, 0xff, 0xff, 0xfe, 0x0, 0x3f,
    0xff, 0xff, 0xfc, 0x1, 0xff, 0xff, 0xff, 0xff,
    0xff, 0xff, 0xff, 0xff, 0x0, 0x3f, 0xff, 0xff,
    0xff, 0xff, 0xff, 0xff, 0xff, 0xc0, 0x7, 0xff,
    0xff, 0xff, 0xff, 0xff, 0xff, 0xff, 0xe0, 0x0,
    0xff, 0xff, 0xff, 0xff, 0xff, 0xff, 0xff, 0xf0,
    0x0, 0x1f, 0xff, 0xff, 0xff, 0xff, 0xff, 0xff,
    0xf8, 0x0, 0x3, 0xff, 0xff, 0xff, 0xff, 0xff,
    0xff, 0xfc, 0x0, 0x0, 0x7f, 0xff, 0xff, 0xff,
    0xff, 0xff, 0xfc, 0x0, 0x0, 0xf, 0xff, 0xff,
    0xff, 0xff, 0xff, 0xfe, 0x0, 0x0, 0x0, 0xff,
    0xff, 0xff, 0xff, 0xff, 0xfe, 0x0, 0x0, 0x0,
    0xf, 0xff, 0xff, 0xff, 0xff, 0xfe, 0x0, 0x0,
    0x0, 0x0, 0xff, 0xff, 0xff, 0xff, 0xfc, 0x0,
    0x0, 0x0, 0x0, 0xf, 0xff, 0xff, 0xff, 0xfc,
    0x0, 0x0, 0x0, 0x0, 0x0, 0x7f, 0xff, 0xff,
    0xf0, 0x0, 0x0, 0x0, 0x0, 0x0, 0x0, 0xff,
    0xff, 0x0, 0x0, 0x0, 0x0,

    /* U+0048 "H" */
    0xff, 0xff, 0xe0, 0x0, 0x0, 0x0, 0x0, 0xff,
    0xff, 0xff, 0xff, 0xf8, 0x0, 0x0, 0x0, 0x0,
    0x3f, 0xff, 0xff, 0xff, 0xfe, 0x0, 0x0, 0x0,
    0x0, 0xf, 0xff, 0xff, 0xff, 0xff, 0x80, 0x0,
    0x0, 0x0, 0x3, 0xff, 0xff, 0xff, 0xff, 0xe0,
    0x0, 0x0, 0x0, 0x0, 0xff, 0xff, 0xff, 0xff,
    0xf8, 0x0, 0x0, 0x0, 0x0, 0x3f, 0xff, 0xff,
    0xff, 0xfe, 0x0, 0x0, 0x0, 0x0, 0xf, 0xff,
    0xff, 0xff, 0xff, 0x80, 0x0, 0x0, 0x0, 0x3,
    0xff, 0xff, 0xff, 0xff, 0xe0, 0x0, 0x0, 0x0,
    0x0, 0xff, 0xff, 0xff, 0xff, 0xf8, 0x0, 0x0,
    0x0, 0x0, 0x3f, 0xff, 0xff, 0xff, 0xfe, 0x0,
    0x0, 0x0, 0x0, 0xf, 0xff, 0xff, 0xff, 0xff,
    0x80, 0x0, 0x0, 0x0, 0x3, 0xff, 0xff, 0xff,
    0xff, 0xe0, 0x0, 0x0, 0x0, 0x0, 0xff, 0xff,
    0xff, 0xff, 0xf8, 0x0, 0x0, 0x0, 0x0, 0x3f,
    0xff, 0xff, 0xff, 0xfe, 0x0, 0x0, 0x0, 0x0,
    0xf, 0xff, 0xff, 0xff, 0xff, 0x80, 0x0, 0x0,
    0x0, 0x3, 0xff, 0xff, 0xff, 0xff, 0xe0, 0x0,
    0x0, 0x0, 0x0, 0xff, 0xff, 0xff, 0xff, 0xf8,
    0x0, 0x0, 0x0, 0x0, 0x3f, 0xff, 0xff, 0xff,
    0xfe, 0x0, 0x0, 0x0, 0x0, 0xf, 0xff, 0xff,
    0xff, 0xff, 0x80, 0x0, 0x0, 0x0, 0x3, 0xff,
    0xff, 0xff, 0xff, 0xe0, 0x0, 0x0, 0x0, 0x0,
    0xff, 0xff, 0xff, 0xff, 0xf8, 0x0, 0x0, 0x0,
    0x0, 0x3f, 0xff, 0xff, 0xff, 0xfe, 0x0, 0x0,
    0x0, 0x0, 0xf, 0xff, 0xff, 0xff, 0xff, 0x80,
    0x0, 0x0, 0x0, 0x3, 0xff, 0xff, 0xff, 0xff,
    0xe0, 0x0, 0x0, 0x0, 0x0, 0xff, 0xff, 0xff,
    0xff, 0xf8, 0x0, 0x0, 0x0, 0x0, 0x3f, 0xff,
    0xff, 0xff, 0xfe, 0x0, 0x0, 0x0, 0x0, 0xf,
    0xff, 0xff, 0xff, 0xff, 0x80, 0x0, 0x0, 0x0,
    0x3, 0xff, 0xff, 0xff, 0xff, 0xe0, 0x0, 0x0,
    0x0, 0x0, 0xff, 0xff, 0xff, 0xff, 0xf8, 0x0,
    0x0, 0x0, 0x0, 0x3f, 0xff, 0xff, 0xff, 0xfe,
    0x0, 0x0, 0x0, 0x0, 0xf, 0xff, 0xff, 0xff,
    0xff, 0x80, 0x0, 0x0, 0x0, 0x3, 0xff, 0xff,
    0xff, 0xff, 0xe0, 0x0, 0x0, 0x0, 0x0, 0xff,
    0xff, 0xff, 0xff, 0xf8, 0x0, 0x0, 0x0, 0x0,
    0x3f, 0xff, 0xff, 0xff, 0xfe, 0x0, 0x0, 0x0,
    0x0, 0xf, 0xff, 0xff, 0xff, 0xff, 0x80, 0x0,
    0x0, 0x0, 0x3, 0xff, 0xff, 0xff, 0xff, 0xe0,
    0x0, 0x0, 0x0, 0x0, 0xff, 0xff, 0xff, 0xff,
    0xf8, 0x0, 0x0, 0x0, 0x0, 0x3f, 0xff, 0xff,
    0xff, 0xff, 0xff, 0xff, 0xff, 0xff, 0xff, 0xff,
    0xff, 0xff, 0xff, 0xff, 0xff, 0xff, 0xff, 0xff,
    0xff, 0xff, 0xff, 0xff, 0xff, 0xff, 0xff, 0xff,
    0xff, 0xff, 0xff, 0xff, 0xff, 0xff, 0xff, 0xff,
    0xff, 0xff, 0xff, 0xff, 0xff, 0xff, 0xff, 0xff,
    0xff, 0xff, 0xff, 0xff, 0xff, 0xff, 0xff, 0xff,
    0xff, 0xff, 0xff, 0xff, 0xff, 0xff, 0xff, 0xff,
    0xff, 0xff, 0xff, 0xff, 0xff, 0xff, 0xff, 0xff,
    0xff, 0xff, 0xff, 0xff, 0xff, 0xff, 0xff, 0xff,
    0xff, 0xff, 0xff, 0xff, 0xff, 0xff, 0xff, 0xff,
    0xff, 0xff, 0xff, 0xff, 0xff, 0xff, 0xff, 0xff,
    0xff, 0xff, 0xff, 0xff, 0xff, 0xff, 0xff, 0xff,
    0xff, 0xff, 0xff, 0xff, 0xff, 0xff, 0xff, 0xff,
    0xff, 0xff, 0xff, 0xff, 0xff, 0xff, 0xff, 0xff,
    0xff, 0xff, 0xff, 0xff, 0xff, 0xff, 0xff, 0xff,
    0xff, 0xff, 0xff, 0xff, 0xff, 0xff, 0xff, 0xff,
    0xff, 0xff, 0xff, 0xe0, 0x0, 0x0, 0x0, 0x0,
    0xff, 0xff, 0xff, 0xff, 0xf8, 0x0, 0x0, 0x0,
    0x0, 0x3f, 0xff, 0xff, 0xff, 0xfe, 0x0, 0x0,
    0x0, 0x0, 0xf, 0xff, 0xff, 0xff, 0xff, 0x80,
    0x0, 0x0, 0x0, 0x3, 0xff, 0xff, 0xff, 0xff,
    0xe0, 0x0, 0x0, 0x0, 0x0, 0xff, 0xff, 0xff,
    0xff, 0xf8, 0x0, 0x0, 0x0, 0x0, 0x3f, 0xff,
    0xff, 0xff, 0xfe, 0x0, 0x0, 0x0, 0x0, 0xf,
    0xff, 0xff, 0xff, 0xff, 0x80, 0x0, 0x0, 0x0,
    0x3, 0xff, 0xff, 0xff, 0xff, 0xe0, 0x0, 0x0,
    0x0, 0x0, 0xff, 0xff, 0xff, 0xff, 0xf8, 0x0,
    0x0, 0x0, 0x0, 0x3f, 0xff, 0xff, 0xff, 0xfe,
    0x0, 0x0, 0x0, 0x0, 0xf, 0xff, 0xff, 0xff,
    0xff, 0x80, 0x0, 0x0, 0x0, 0x3, 0xff, 0xff,
    0xff, 0xff, 0xe0, 0x0, 0x0, 0x0, 0x0, 0xff,
    0xff, 0xff, 0xff, 0xf8, 0x0, 0x0, 0x0, 0x0,
    0x3f, 0xff, 0xff, 0xff, 0xfe, 0x0, 0x0, 0x0,
    0x0, 0xf, 0xff, 0xff, 0xff, 0xff, 0x80, 0x0,
    0x0, 0x0, 0x3, 0xff, 0xff, 0xff, 0xff, 0xe0,
    0x0, 0x0, 0x0, 0x0, 0xff, 0xff, 0xff, 0xff,
    0xf8, 0x0, 0x0, 0x0, 0x0, 0x3f, 0xff, 0xff,
    0xff, 0xfe, 0x0, 0x0, 0x0, 0x0, 0xf, 0xff,
    0xff, 0xff, 0xff, 0x80, 0x0, 0x0, 0x0, 0x3,
    0xff, 0xff, 0xff, 0xff, 0xe0, 0x0, 0x0, 0x0,
    0x0, 0xff, 0xff, 0xff, 0xff, 0xf8, 0x0, 0x0,
    0x0, 0x0, 0x3f, 0xff, 0xff, 0xff, 0xfe, 0x0,
    0x0, 0x0, 0x0, 0xf, 0xff, 0xff, 0xff, 0xff,
    0x80, 0x0, 0x0, 0x0, 0x3, 0xff, 0xff, 0xff,
    0xff, 0xe0, 0x0, 0x0, 0x0, 0x0, 0xff, 0xff,
    0xff, 0xff, 0xf8, 0x0, 0x0, 0x0, 0x0, 0x3f,
    0xff, 0xff, 0xff, 0xfe, 0x0, 0x0, 0x0, 0x0,
    0xf, 0xff, 0xff, 0xff, 0xff, 0x80, 0x0, 0x0,
    0x0, 0x3, 0xff, 0xff, 0xff, 0xff, 0xe0, 0x0,
    0x0, 0x0, 0x0, 0xff, 0xff, 0xff, 0xff, 0xf8,
    0x0, 0x0, 0x0, 0x0, 0x3f, 0xff, 0xff, 0xff,
    0xfe, 0x0, 0x0, 0x0, 0x0, 0xf, 0xff, 0xff,
    0xff, 0xff, 0x80, 0x0, 0x0, 0x0, 0x3, 0xff,
    0xff, 0xff, 0xff, 0xe0, 0x0, 0x0, 0x0, 0x0,
    0xff, 0xff, 0xff, 0xff, 0xf8, 0x0, 0x0, 0x0,
    0x0, 0x3f, 0xff, 0xff, 0xff, 0xfe, 0x0, 0x0,
    0x0, 0x0, 0xf, 0xff, 0xff, 0xff, 0xff, 0x80,
    0x0, 0x0, 0x0, 0x3, 0xff, 0xff, 0xff, 0xff,
    0xe0, 0x0, 0x0, 0x0, 0x0, 0xff, 0xff, 0xff,
    0xff, 0xf8, 0x0, 0x0, 0x0, 0x0, 0x3f, 0xff,
    0xff, 0xff, 0xfe, 0x0, 0x0, 0x0, 0x0, 0xf,
    0xff, 0xff, 0xff, 0xff, 0x80, 0x0, 0x0, 0x0,
    0x3, 0xff, 0xff,

    /* U+0049 "I" */
    0xff, 0xff, 0xff, 0xff, 0xff, 0xff, 0xff, 0xff,
    0xff, 0xff, 0xff, 0xff, 0xff, 0xff, 0xff, 0xff,
    0xff, 0xff, 0xff, 0xff, 0xff, 0xff, 0xff, 0xff,
    0xff, 0xff, 0xff, 0xff, 0xff, 0xff, 0xff, 0xff,
    0xff, 0xff, 0xff, 0xff, 0xff, 0xff, 0xff, 0xff,
    0xff, 0xff, 0xff, 0xff, 0xff, 0xff, 0xff, 0xff,
    0xff, 0xff, 0xff, 0xff, 0xff, 0xff, 0xff, 0xff,
    0xff, 0xff, 0xff, 0xff, 0xff, 0xff, 0xff, 0xff,
    0xff, 0xff, 0xff, 0xff, 0xff, 0xff, 0xff, 0xff,
    0xff, 0xff, 0xff, 0xff, 0xff, 0xff, 0xff, 0xff,
    0xff, 0xff, 0xff, 0xff, 0xff, 0xff, 0xff, 0xff,
    0xff, 0xff, 0xff, 0xff, 0xff, 0xff, 0xff, 0xff,
    0xff, 0xff, 0xff, 0xff, 0xff, 0xff, 0xff, 0xff,
    0xff, 0xff, 0xff, 0xff, 0xff, 0xff, 0xff, 0xff,
    0xff, 0xff, 0xff, 0xff, 0xff, 0xff, 0xff, 0xff,
    0xff, 0xff, 0xff, 0xff, 0xff, 0xff, 0xff, 0xff,
    0xff, 0xff, 0xff, 0xff, 0xff, 0xff, 0xff, 0xff,
    0xff, 0xff, 0xff, 0xff, 0xff, 0xff, 0xff, 0xff,
    0xff, 0xff, 0xff, 0xff, 0xff, 0xff, 0xff, 0xff,
    0xff, 0xff, 0xff, 0xff, 0xff, 0xff, 0xff, 0xff,
    0xff, 0xff, 0xff, 0xff, 0xff, 0xff, 0xff, 0xff,
    0xff, 0xff, 0xff, 0xff, 0xff, 0xff, 0xff, 0xff,
    0xff, 0xff, 0xff, 0xff, 0xff, 0xff, 0xff, 0xff,
    0xff, 0xff, 0xff, 0xff, 0xff, 0xff, 0xff, 0xff,
    0xff, 0xff, 0xff, 0xff, 0xff, 0xff, 0xff, 0xff,
    0xff, 0xff, 0xff, 0xff, 0xfc,

    /* U+004A "J" */
    0x0, 0x0, 0x0, 0x0, 0x0, 0x1f, 0xff, 0xf8,
    0x0, 0x0, 0x0, 0x0, 0x0, 0xff, 0xff, 0xc0,
    0x0, 0x0, 0x0, 0x0, 0x7, 0xff, 0xfe, 0x0,
    0x0, 0x0, 0x0, 0x0, 0x3f, 0xff, 0xf0, 0x0,
    0x0, 0x0, 0x0, 0x1, 0xff, 0xff, 0x80, 0x0,
    0x0, 0x0, 0x0, 0xf, 0xff, 0xfc, 0x0, 0x0,
    0x0, 0x0, 0x0, 0x7f, 0xff, 0xe0, 0x0, 0x0,
    0x0, 0x0, 0x3, 0xff, 0xff, 0x0, 0x0, 0x0,
    0x0, 0x0, 0x1f, 0xff, 0xf8, 0x0, 0x0, 0x0,
    0x0, 0x0, 0xff, 0xff, 0xc0, 0x0, 0x0, 0x0,
    0x0, 0x7, 0xff, 0xfe, 0x0, 0x0, 0x0, 0x0,
    0x0, 0x3f, 0xff, 0xf0, 0x0, 0x0, 0x0, 0x0,
    0x1, 0xff, 0xff, 0x80, 0x0, 0x0, 0x0, 0x0,
    0xf, 0xff, 0xfc, 0x0, 0x0, 0x0, 0x0, 0x0,
    0x7f, 0xff, 0xe0, 0x0, 0x0, 0x0, 0x0, 0x3,
    0xff, 0xff, 0x0, 0x0, 0x0, 0x0, 0x0, 0x1f,
    0xff, 0xf8, 0x0, 0x0, 0x0, 0x0, 0x0, 0xff,
    0xff, 0xc0, 0x0, 0x0, 0x0, 0x0, 0x7, 0xff,
    0xfe, 0x0, 0x0, 0x0, 0x0, 0x0, 0x3f, 0xff,
    0xf0, 0x0, 0x0, 0x0, 0x0, 0x1, 0xff, 0xff,
    0x80, 0x0, 0x0, 0x0, 0x0, 0xf, 0xff, 0xfc,
    0x0, 0x0, 0x0, 0x0, 0x0, 0x7f, 0xff, 0xe0,
    0x0, 0x0, 0x0, 0x0, 0x3, 0xff, 0xff, 0x0,
    0x0, 0x0, 0x0, 0x0, 0x1f, 0xff, 0xf8, 0x0,
    0x0, 0x0, 0x0, 0x0, 0xff, 0xff, 0xc0, 0x0,
    0x0, 0x0, 0x0, 0x7, 0xff, 0xfe, 0x0, 0x0,
    0x0, 0x0, 0x0, 0x3f, 0xff, 0xf0, 0x0, 0x0,
    0x0, 0x0, 0x1, 0xff, 0xff, 0x80, 0x0, 0x0,
    0x0, 0x0, 0xf, 0xff, 0xfc, 0x0, 0x0, 0x0,
    0x0, 0x0, 0x7f, 0xff, 0xe0, 0x0, 0x0, 0x0,
    0x0, 0x3, 0xff, 0xff, 0x0, 0x0, 0x0, 0x0,
    0x0, 0x1f, 0xff, 0xf8, 0x0, 0x0, 0x0, 0x0,
    0x0, 0xff, 0xff, 0xc0, 0x0, 0x0, 0x0, 0x0,
    0x7, 0xff, 0xfe, 0x0, 0x0, 0x0, 0x0, 0x0,
    0x3f, 0xff, 0xf0, 0x0, 0x0, 0x0, 0x0, 0x1,
    0xff, 0xff, 0x80, 0x0, 0x0, 0x0, 0x0, 0xf,
    0xff, 0xfc, 0x0, 0x0, 0x0, 0x0, 0x0, 0x7f,
    0xff, 0xe0, 0x0, 0x0, 0x0, 0x0, 0x3, 0xff,
    0xff, 0x0, 0x0, 0x0, 0x0, 0x0, 0x1f, 0xff,
    0xf8, 0x0, 0x0, 0x0, 0x0, 0x0, 0xff, 0xff,
    0xc0, 0x0, 0x0, 0x0, 0x0, 0x7, 0xff, 0xfe,
    0x0, 0x0, 0x0, 0x0, 0x0, 0x3f, 0xff, 0xf0,
    0x0, 0x0, 0x0, 0x0, 0x1, 0xff, 0xff, 0x80,
    0x0, 0x0, 0x0, 0x0, 0xf, 0xff, 0xfc, 0x0,
    0x0, 0x0, 0x0, 0x0, 0x7f, 0xff, 0xe0, 0x0,
    0x0, 0x0, 0x0, 0x3, 0xff, 0xff, 0x0, 0x0,
    0x0, 0x0, 0x0, 0x1f, 0xff, 0xf8, 0x0, 0x0,
    0x0, 0x0, 0x0, 0xff, 0xff, 0xc0, 0x0, 0x0,
    0x0, 0x0, 0x7, 0xff, 0xfe, 0x0, 0x0, 0x0,
    0x0, 0x0, 0x3f, 0xff, 0xf0, 0x0, 0x0, 0x0,
    0x0, 0x1, 0xff, 0xff, 0x80, 0x0, 0x0, 0x0,
    0x0, 0xf, 0xff, 0xfc, 0x0, 0x0, 0x0, 0x0,
    0x0, 0x7f, 0xff, 0xe0, 0x0, 0x0, 0x0, 0x0,
    0x3, 0xff, 0xff, 0x0, 0x0, 0x0, 0x0, 0x0,
    0x1f, 0xff, 0xf8, 0x0, 0x0, 0x0, 0x0, 0x0,
    0xff, 0xff, 0xc0, 0x0, 0x0, 0x0, 0x0, 0x7,
    0xff, 0xfe, 0x0, 0x0, 0x0, 0x0, 0x0, 0x3f,
    0xff, 0xf0, 0x0, 0x0, 0x0, 0x0, 0x1, 0xff,
    0xff, 0x80, 0x0, 0x0, 0x0, 0x0, 0xf, 0xff,
    0xfc, 0x0, 0x0, 0x0, 0x0, 0x0, 0x7f, 0xff,
    0xe0, 0x0, 0x0, 0x0, 0x0, 0x3, 0xff, 0xff,
    0x0, 0x0, 0x0, 0x0, 0x0, 0x1f, 0xff, 0xff,
    0xff, 0xff, 0x0, 0x0, 0x0, 0xff, 0xff, 0xff,
    0xff, 0xf8, 0x0, 0x0, 0x7, 0xff, 0xff, 0xff,
    0xff, 0xc0, 0x0, 0x0, 0x3f, 0xff, 0xff, 0xff,
    0xfe, 0x0, 0x0, 0x1, 0xff, 0xff, 0xff, 0xff,
    0xf0, 0x0, 0x0, 0x1f, 0xff, 0xff, 0xff, 0xff,
    0xc0, 0x0, 0x0, 0xff, 0xff, 0xcf, 0xff, 0xfe,
    0x0, 0x0, 0x7, 0xff, 0xfe, 0x7f, 0xff, 0xf0,
    0x0, 0x0, 0x7f, 0xff, 0xf3, 0xff, 0xff, 0xc0,
    0x0, 0x3, 0xff, 0xff, 0x9f, 0xff, 0xfe, 0x0,
    0x0, 0x3f, 0xff, 0xf8, 0xff, 0xff, 0xf8, 0x0,
    0x3, 0xff, 0xff, 0xc3, 0xff, 0xff, 0xe0, 0x0,
    0x3f, 0xff, 0xfe, 0x1f, 0xff, 0xff, 0x80, 0x3,
    0xff, 0xff, 0xe0, 0x7f, 0xff, 0xff, 0x80, 0x7f,
    0xff, 0xff, 0x3, 0xff, 0xff, 0xff, 0xff, 0xff,
    0xff, 0xf0, 0xf, 0xff, 0xff, 0xff, 0xff, 0xff,
    0xff, 0x0, 0x7f, 0xff, 0xff, 0xff, 0xff, 0xff,
    0xf8, 0x1, 0xff, 0xff, 0xff, 0xff, 0xff, 0xff,
    0x80, 0x7, 0xff, 0xff, 0xff, 0xff, 0xff, 0xf8,
    0x0, 0x1f, 0xff, 0xff, 0xff, 0xff, 0xff, 0x80,
    0x0, 0x7f, 0xff, 0xff, 0xff, 0xff, 0xf8, 0x0,
    0x1, 0xff, 0xff, 0xff, 0xff, 0xff, 0x80, 0x0,
    0x7, 0xff, 0xff, 0xff, 0xff, 0xf0, 0x0, 0x0,
    0xf, 0xff, 0xff, 0xff, 0xff, 0x0, 0x0, 0x0,
    0x1f, 0xff, 0xff, 0xff, 0xe0, 0x0, 0x0, 0x0,
    0x3f, 0xff, 0xff, 0xfc, 0x0, 0x0, 0x0, 0x0,
    0x3f, 0xff, 0xff, 0x0, 0x0, 0x0, 0x0, 0x0,
    0x1f, 0xff, 0x80, 0x0, 0x0, 0x0,

    /* U+004B "K" */
    0xff, 0xff, 0xe0, 0x0, 0x0, 0x0, 0x3f, 0xff,
    0xff, 0xbf, 0xff, 0xf8, 0x0, 0x0, 0x0, 0x1f,
    0xff, 0xff, 0xcf, 0xff, 0xfe, 0x0, 0x0, 0x0,
    0x7, 0xff, 0xff, 0xf3, 0xff, 0xff, 0x80, 0x0,
    0x0, 0x3, 0xff, 0xff, 0xf8, 0xff, 0xff, 0xe0,
    0x0, 0x0, 0x1, 0xff, 0xff, 0xfc, 0x3f, 0xff,
    0xf8, 0x0, 0x0, 0x0, 0xff, 0xff, 0xfe, 0xf,
    0xff, 0xfe, 0x0, 0x0, 0x0, 0x3f, 0xff, 0xff,
    0x3, 0xff, 0xff, 0x80, 0x0, 0x0, 0x1f, 0xff,
    0xff, 0x80, 0xff, 0xff, 0xe0, 0x0, 0x0, 0xf,
    0xff, 0xff, 0xe0, 0x3f, 0xff, 0xf8, 0x0, 0x0,
    0x7, 0xff, 0xff, 0xf0, 0xf, 0xff, 0xfe, 0x0,
    0x0, 0x3, 0xff, 0xff, 0xf8, 0x3, 0xff, 0xff,
    0x80, 0x0, 0x0, 0xff, 0xff, 0xfc, 0x0, 0xff,
    0xff, 0xe0, 0x0, 0x0, 0x7f, 0xff, 0xfe, 0x0,
    0x3f, 0xff, 0xf8, 0x0, 0x0, 0x3f, 0xff, 0xff,
    0x80, 0xf, 0xff, 0xfe, 0x0, 0x0, 0x1f, 0xff,
    0xff, 0xc0, 0x3, 0xff, 0xff, 0x80, 0x0, 0x7,
    0xff, 0xff, 0xe0, 0x0, 0xff, 0xff, 0xe0, 0x0,
    0x3, 0xff, 0xff, 0xf0, 0x0, 0x3f, 0xff, 0xf8,
    0x0, 0x1, 0xff, 0xff, 0xf8, 0x0, 0xf, 0xff,
    0xfe, 0x0, 0x0, 0xff, 0xff, 0xfe, 0x0, 0x3,
    0xff, 0xff, 0x80, 0x0, 0x3f, 0xff, 0xff, 0x0,
    0x0, 0xff, 0xff, 0xe0, 0x0, 0x1f, 0xff, 0xff,
    0x80, 0x0, 0x3f, 0xff, 0xf8, 0x0, 0xf, 0xff,
    0xff, 0xc0, 0x0, 0xf, 0xff, 0xfe, 0x0, 0x7,
    0xff, 0xff, 0xe0, 0x0, 0x3, 0xff, 0xff, 0x80,
    0x3, 0xff, 0xff, 0xf8, 0x0, 0x0, 0xff, 0xff,
    0xe0, 0x0, 0xff, 0xff, 0xfc, 0x0, 0x0, 0x3f,
    0xff, 0xf8, 0x0, 0x7f, 0xff, 0xfe, 0x0, 0x0,
    0xf, 0xff, 0xfe, 0x0, 0x3f, 0xff, 0xff, 0x0,
    0x0, 0x3, 0xff, 0xff, 0x80, 0x1f, 0xff, 0xff,
    0x80, 0x0, 0x0, 0xff, 0xff, 0xe0, 0x7, 0xff,
    0xff, 0xe0, 0x0, 0x0, 0x3f, 0xff, 0xf8, 0x3,
    0xff, 0xff, 0xf0, 0x0, 0x0, 0xf, 0xff, 0xfe,
    0x1, 0xff, 0xff, 0xf8, 0x0, 0x0, 0x3, 0xff,
    0xff, 0x80, 0xff, 0xff, 0xfc, 0x0, 0x0, 0x0,
    0xff, 0xff, 0xe0, 0x3f, 0xff, 0xfe, 0x0, 0x0,
    0x0, 0x3f, 0xff, 0xf8, 0x1f, 0xff, 0xff, 0x80,
    0x0, 0x0, 0xf, 0xff, 0xfe, 0xf, 0xff, 0xff,
    0xc0, 0x0, 0x0, 0x3, 0xff, 0xff, 0x87, 0xff,
    0xff, 0xe0, 0x0, 0x0, 0x0, 0xff, 0xff, 0xe1,
    0xff, 0xff, 0xf0, 0x0, 0x0, 0x0, 0x3f, 0xff,
    0xf8, 0xff, 0xff, 0xf8, 0x0, 0x0, 0x0, 0xf,
    0xff, 0xfe, 0x7f, 0xff, 0xfe, 0x0, 0x0, 0x0,
    0x3, 0xff, 0xff, 0x9f, 0xff, 0xff, 0x0, 0x0,
    0x0, 0x0, 0xff, 0xff, 0xef, 0xff, 0xff, 0x80,
    0x0, 0x0, 0x0, 0x3f, 0xff, 0xff, 0xff, 0xff,
    0xf0, 0x0, 0x0, 0x0, 0xf, 0xff, 0xff, 0xff,
    0xff, 0xfe, 0x0, 0x0, 0x0, 0x3, 0xff, 0xff,
    0xff, 0xff, 0xff, 0x80, 0x0, 0x0, 0x0, 0xff,
    0xff, 0xff, 0xff, 0xff, 0xf0, 0x0, 0x0, 0x0,
    0x3f, 0xff, 0xff, 0xff, 0xff, 0xfe, 0x0, 0x0,
    0x0, 0xf, 0xff, 0xff, 0xff, 0xff, 0xff, 0x80,
    0x0, 0x0, 0x3, 0xff, 0xff, 0xff, 0xff, 0xff,
    0xf0, 0x0, 0x0, 0x0, 0xff, 0xff, 0xff, 0xff,
    0xff, 0xfe, 0x0, 0x0, 0x0, 0x3f, 0xff, 0xff,
    0xff, 0xff, 0xff, 0x80, 0x0, 0x0, 0xf, 0xff,
    0xff, 0xff, 0xff, 0xff, 0xf0, 0x0, 0x0, 0x3,
    0xff, 0xff, 0xff, 0xff, 0xff, 0xfe, 0x0, 0x0,
    0x0, 0xff, 0xff, 0xff, 0xff, 0xff, 0xff, 0x80,
    0x0, 0x0, 0x3f, 0xff, 0xff, 0xff, 0xff, 0xff,
    0xf0, 0x0, 0x0, 0xf, 0xff, 0xff, 0xff, 0xff,
    0xff, 0xfe, 0x0, 0x0, 0x3, 0xff, 0xff, 0xff,
    0xcf, 0xff, 0xff, 0x80, 0x0, 0x0, 0xff, 0xff,
    0xff, 0xe3, 0xff, 0xff, 0xf0, 0x0, 0x0, 0x3f,
    0xff, 0xff, 0xf0, 0x7f, 0xff, 0xfc, 0x0, 0x0,
    0xf, 0xff, 0xff, 0xf8, 0x1f, 0xff, 0xff, 0x80,
    0x0, 0x3, 0xff, 0xff, 0xfc, 0x3, 0xff, 0xff,
    0xf0, 0x0, 0x0, 0xff, 0xff, 0xfe, 0x0, 0x7f,
    0xff, 0xfc, 0x0, 0x0, 0x3f, 0xff, 0xff, 0x0,
    0x1f, 0xff, 0xff, 0x80, 0x0, 0xf, 0xff, 0xff,
    0x80, 0x3, 0xff, 0xff, 0xf0, 0x0, 0x3, 0xff,
    0xff, 0xc0, 0x0, 0x7f, 0xff, 0xfc, 0x0, 0x0,
    0xff, 0xff, 0xe0, 0x0, 0x1f, 0xff, 0xff, 0x80,
    0x0, 0x3f, 0xff, 0xf8, 0x0, 0x3, 0xff, 0xff,
    0xf0, 0x0, 0xf, 0xff, 0xfe, 0x0, 0x0, 0x7f,
    0xff, 0xfc, 0x0, 0x3, 0xff, 0xff, 0x80, 0x0,
    0x1f, 0xff, 0xff, 0x80, 0x0, 0xff, 0xff, 0xe0,
    0x0, 0x3, 0xff, 0xff, 0xf0, 0x0, 0x3f, 0xff,
    0xf8, 0x0, 0x0, 0xff, 0xff, 0xfc, 0x0, 0xf,
    0xff, 0xfe, 0x0, 0x0, 0x1f, 0xff, 0xff, 0x80,
    0x3, 0xff, 0xff, 0x80, 0x0, 0x3, 0xff, 0xff,
    0xf0, 0x0, 0xff, 0xff, 0xe0, 0x0, 0x0, 0xff,
    0xff, 0xfc, 0x0, 0x3f, 0xff, 0xf8, 0x0, 0x0,
    0x1f, 0xff, 0xff, 0x80, 0xf, 0xff, 0xfe, 0x0,
    0x0, 0x3, 0xff, 0xff, 0xf0, 0x3, 0xff, 0xff,
    0x80, 0x0, 0x0, 0xff, 0xff, 0xfc, 0x0, 0xff,
    0xff, 0xe0, 0x0, 0x0, 0x1f, 0xff, 0xff, 0x80,
    0x3f, 0xff, 0xf8, 0x0, 0x0, 0x3, 0xff, 0xff,
    0xf0, 0xf, 0xff, 0xfe, 0x0, 0x0, 0x0, 0xff,
    0xff, 0xfc, 0x3, 0xff, 0xff, 0x80, 0x0, 0x0,
    0x1f, 0xff, 0xff, 0x80, 0xff, 0xff, 0xe0, 0x0,
    0x0, 0x3, 0xff, 0xff, 0xf0, 0x3f, 0xff, 0xf8,
    0x0, 0x0, 0x0, 0xff, 0xff, 0xfc, 0xf, 0xff,
    0xfe, 0x0, 0x0, 0x0, 0x1f, 0xff, 0xff, 0x83,
    0xff, 0xff, 0x80, 0x0, 0x0, 0x7, 0xff, 0xff,
    0xe0, 0xff, 0xff, 0xe0, 0x0, 0x0, 0x0, 0xff,
    0xff, 0xfc, 0x3f, 0xff, 0xf8, 0x0, 0x0, 0x0,
    0x1f, 0xff, 0xff, 0x8f, 0xff, 0xfe, 0x0, 0x0,
    0x0, 0x7, 0xff, 0xff, 0xe3, 0xff, 0xff, 0x80,
    0x0, 0x0, 0x0, 0xff, 0xff, 0xfc, 0xff, 0xff,
    0xe0, 0x0, 0x0, 0x0, 0x1f, 0xff, 0xff, 0xbf,
    0xff, 0xf8, 0x0, 0x0, 0x0, 0x7, 0xff, 0xff,
    0xef, 0xff, 0xfe, 0x0, 0x0, 0x0, 0x0, 0xff,
    0xff, 0xfc,

    /* U+004C "L" */
    0xff, 0xff, 0xe0, 0x0, 0x0, 0x0, 0x0, 0x1f,
    0xff, 0xfc, 0x0, 0x0, 0x0, 0x0, 0x3, 0xff,
    0xff, 0x80, 0x0, 0x0, 0x0, 0x0, 0x7f, 0xff,
    0xf0, 0x0, 0x0, 0x0, 0x0, 0xf, 0xff, 0xfe,
    0x0, 0x0, 0x0, 0x0, 0x1, 0xff, 0xff, 0xc0,
    0x0, 0x0, 0x0, 0x0, 0x3f, 0xff, 0xf8, 0x0,
    0x0, 0x0, 0x0, 0x7, 0xff, 0xff, 0x0, 0x0,
    0x0, 0x0, 0x0, 0xff, 0xff, 0xe0, 0x0, 0x0,
    0x0, 0x0, 0x1f, 0xff, 0xfc, 0x0, 0x0, 0x0,
    0x0, 0x3, 0xff, 0xff, 0x80, 0x0, 0x0, 0x0,
    0x0, 0x7f, 0xff, 0xf0, 0x0, 0x0, 0x0, 0x0,
    0xf, 0xff, 0xfe, 0x0, 0x0, 0x0, 0x0, 0x1,
    0xff, 0xff, 0xc0, 0x0, 0x0, 0x0, 0x0, 0x3f,
    0xff, 0xf8, 0x0, 0x0, 0x0, 0x0, 0x7, 0xff,
    0xff, 0x0, 0x0, 0x0, 0x0, 0x0, 0xff, 0xff,
    0xe0, 0x0, 0x0, 0x0, 0x0, 0x1f, 0xff, 0xfc,
    0x0, 0x0, 0x0, 0x0, 0x3, 0xff, 0xff, 0x80,
    0x0, 0x0, 0x0, 0x0, 0x7f, 0xff, 0xf0, 0x0,
    0x0, 0x0, 0x0, 0xf, 0xff, 0xfe, 0x0, 0x0,
    0x0, 0x0, 0x1, 0xff, 0xff, 0xc0, 0x0, 0x0,
    0x0, 0x0, 0x3f, 0xff, 0xf8, 0x0, 0x0, 0x0,
    0x0, 0x7, 0xff, 0xff, 0x0, 0x0, 0x0, 0x0,
    0x0, 0xff, 0xff, 0xe0, 0x0, 0x0, 0x0, 0x0,
    0x1f, 0xff, 0xfc, 0x0, 0x0, 0x0, 0x0, 0x3,
    0xff, 0xff, 0x80, 0x0, 0x0, 0x0, 0x0, 0x7f,
    0xff, 0xf0, 0x0, 0x0, 0x0, 0x0, 0xf, 0xff,
    0xfe, 0x0, 0x0, 0x0, 0x0, 0x1, 0xff, 0xff,
    0xc0, 0x0, 0x0, 0x0, 0x0, 0x3f, 0xff, 0xf8,
    0x0, 0x0, 0x0, 0x0, 0x7, 0xff, 0xff, 0x0,
    0x0, 0x0, 0x0, 0x0, 0xff, 0xff, 0xe0, 0x0,
    0x0, 0x0, 0x0, 0x1f, 0xff, 0xfc, 0x0, 0x0,
    0x0, 0x0, 0x3, 0xff, 0xff, 0x80, 0x0, 0x0,
    0x0, 0x0, 0x7f, 0xff, 0xf0, 0x0, 0x0, 0x0,
    0x0, 0xf, 0xff, 0xfe, 0x0, 0x0, 0x0, 0x0,
    0x1, 0xff, 0xff, 0xc0, 0x0, 0x0, 0x0, 0x0,
    0x3f, 0xff, 0xf8, 0x0, 0x0, 0x0, 0x0, 0x7,
    0xff, 0xff, 0x0, 0x0, 0x0, 0x0, 0x0, 0xff,
    0xff, 0xe0, 0x0, 0x0, 0x0, 0x0, 0x1f, 0xff,
    0xfc, 0x0, 0x0, 0x0, 0x0, 0x3, 0xff, 0xff,
    0x80, 0x0, 0x0, 0x0, 0x0, 0x7f, 0xff, 0xf0,
    0x0, 0x0, 0x0, 0x0, 0xf, 0xff, 0xfe, 0x0,
    0x0, 0x0, 0x0, 0x1, 0xff, 0xff, 0xc0, 0x0,
    0x0, 0x0, 0x0, 0x3f, 0xff, 0xf8, 0x0, 0x0,
    0x0, 0x0, 0x7, 0xff, 0xff, 0x0, 0x0, 0x0,
    0x0, 0x0, 0xff, 0xff, 0xe0, 0x0, 0x0, 0x0,
    0x0, 0x1f, 0xff, 0xfc, 0x0, 0x0, 0x0, 0x0,
    0x3, 0xff, 0xff, 0x80, 0x0, 0x0, 0x0, 0x0,
    0x7f, 0xff, 0xf0, 0x0, 0x0, 0x0, 0x0, 0xf,
    0xff, 0xfe, 0x0, 0x0, 0x0, 0x0, 0x1, 0xff,
    0xff, 0xc0, 0x0, 0x0, 0x0, 0x0, 0x3f, 0xff,
    0xf8, 0x0, 0x0, 0x0, 0x0, 0x7, 0xff, 0xff,
    0x0, 0x0, 0x0, 0x0, 0x0, 0xff, 0xff, 0xe0,
    0x0, 0x0, 0x0, 0x0, 0x1f, 0xff, 0xfc, 0x0,
    0x0, 0x0, 0x0, 0x3, 0xff, 0xff, 0x80, 0x0,
    0x0, 0x0, 0x0, 0x7f, 0xff, 0xf0, 0x0, 0x0,
    0x0, 0x0, 0xf, 0xff, 0xfe, 0x0, 0x0, 0x0,
    0x0, 0x1, 0xff, 0xff, 0xc0, 0x0, 0x0, 0x0,
    0x0, 0x3f, 0xff, 0xf8, 0x0, 0x0, 0x0, 0x0,
    0x7, 0xff, 0xff, 0x0, 0x0, 0x0, 0x0, 0x0,
    0xff, 0xff, 0xe0, 0x0, 0x0, 0x0, 0x0, 0x1f,
    0xff, 0xfc, 0x0, 0x0, 0x0, 0x0, 0x3, 0xff,
    0xff, 0x80, 0x0, 0x0, 0x0, 0x0, 0x7f, 0xff,
    0xf0, 0x0, 0x0, 0x0, 0x0, 0xf, 0xff, 0xfe,
    0x0, 0x0, 0x0, 0x0, 0x1, 0xff, 0xff, 0xc0,
    0x0, 0x0, 0x0, 0x0, 0x3f, 0xff, 0xf8, 0x0,
    0x0, 0x0, 0x0, 0x7, 0xff, 0xff, 0x0, 0x0,
    0x0, 0x0, 0x0, 0xff, 0xff, 0xe0, 0x0, 0x0,
    0x0, 0x0, 0x1f, 0xff, 0xfc, 0x0, 0x0, 0x0,
    0x0, 0x3, 0xff, 0xff, 0x80, 0x0, 0x0, 0x0,
    0x0, 0x7f, 0xff, 0xf0, 0x0, 0x0, 0x0, 0x0,
    0xf, 0xff, 0xfe, 0x0, 0x0, 0x0, 0x0, 0x1,
    0xff, 0xff, 0xff, 0xff, 0xff, 0xff, 0xff, 0xff,
    0xff, 0xff, 0xff, 0xff, 0xff, 0xff, 0xff, 0xff,
    0xff, 0xff, 0xff, 0xff, 0xff, 0xff, 0xff, 0xff,
    0xff, 0xff, 0xff, 0xff, 0xff, 0xff, 0xff, 0xff,
    0xff, 0xff, 0xff, 0xff, 0xff, 0xff, 0xff, 0xff,
    0xff, 0xff, 0xff, 0xff, 0xff, 0xff, 0xff, 0xff,
    0xff, 0xff, 0xff, 0xff, 0xff, 0xff, 0xff, 0xff,
    0xff, 0xff, 0xff, 0xff, 0xff, 0xff, 0xff, 0xff,
    0xff, 0xff, 0xff, 0xff, 0xff, 0xff, 0xff, 0xff,
    0xff, 0xff, 0xff, 0xff, 0xff, 0xff, 0xff, 0xff,
    0xff, 0xff, 0xff, 0xff, 0xff, 0xff, 0xff, 0xff,
    0xff, 0xff, 0xff, 0xff, 0xff, 0xff, 0xff, 0xff,
    0xff, 0xff, 0xff, 0xff, 0xff, 0xff, 0xff, 0x80,

    /* U+004D "M" */
    0xff, 0xff, 0xff, 0x80, 0x0, 0x0, 0x0, 0x0,
    0x1, 0xff, 0xff, 0xff, 0xff, 0xff, 0xff, 0x80,
    0x0, 0x0, 0x0, 0x0, 0x1, 0xff, 0xff, 0xff,
    0xff, 0xff, 0xff, 0x80, 0x0, 0x0, 0x0, 0x0,
    0x3, 0xff, 0xff, 0xff, 0xff, 0xff, 0xff, 0xc0,
    0x0, 0x0, 0x0, 0x0, 0x3, 0xff, 0xff, 0xff,
    0xff, 0xff, 0xff, 0xc0, 0x0, 0x0, 0x0, 0x0,
    0x7, 0xff, 0xff, 0xff, 0xff, 0xff, 0xff, 0xc0,
    0x0, 0x0, 0x0, 0x0, 0x7, 0xff, 0xff, 0xff,
    0xff, 0xff, 0xff, 0xe0, 0x0, 0x0, 0x0, 0x0,
    0x7, 0xff, 0xff, 0xff, 0xff, 0xff, 0xff, 0xe0,
    0x0, 0x0, 0x0, 0x0, 0xf, 0xff, 0xff, 0xff,
    0xff, 0xff, 0xff, 0xe0, 0x0, 0x0, 0x0, 0x0,
    0xf, 0xff, 0xff, 0xff, 0xff, 0xff, 0xff, 0xf0,
    0x0, 0x0, 0x0, 0x0, 0xf, 0xff, 0xff, 0xff,
    0xff, 0xff, 0xff, 0xf0, 0x0, 0x0, 0x0, 0x0,
    0x1f, 0xff, 0xff, 0xff, 0xff, 0xff, 0xff, 0xf0,
    0x0, 0x0, 0x0, 0x0, 0x1f, 0xff, 0xff, 0xff,
    0xff, 0xff, 0xff, 0xf8, 0x0, 0x0, 0x0, 0x0,
    0x1f, 0xff, 0xff, 0xff, 0xff, 0xff, 0xff, 0xf8,
    0x0, 0x0, 0x0, 0x0, 0x3f, 0xff, 0xff, 0xff,
    0xff, 0xff, 0xff, 0xf8, 0x0, 0x0, 0x0, 0x0,
    0x3f, 0xff, 0xff, 0xff, 0xff, 0xff, 0xff, 0xfc,
    0x0, 0x0, 0x0, 0x0, 0x3f, 0xff, 0xff, 0xff,
    0xff, 0xff, 0xff, 0xfc, 0x0, 0x0, 0x0, 0x0,
    0x7f, 0xff, 0xff, 0xff, 0xff, 0xff, 0xff, 0xfc,
    0x0, 0x0, 0x0, 0x0, 0x7f, 0xff, 0xff, 0xff,
    0xff, 0xff, 0xff, 0xfe, 0x0, 0x0, 0x0, 0x0,
    0x7f, 0xff, 0xff, 0xff, 0xff, 0xff, 0xff, 0xfe,
    0x0, 0x0, 0x0, 0x0, 0xff, 0xff, 0xff, 0xff,
    0xff, 0xff, 0xff, 0xff, 0x0, 0x0, 0x0, 0x0,
    0xff, 0xff, 0xff, 0xff, 0xff, 0xff, 0xff, 0xff,
    0x0, 0x0, 0x0, 0x0, 0xff, 0xff, 0xff, 0xff,
    0xff, 0xff, 0xff, 0xff, 0x0, 0x0, 0x0, 0x1,
    0xff, 0xff, 0xff, 0xff, 0xff, 0xff, 0xff, 0xff,
    0x80, 0x0, 0x0, 0x1, 0xff, 0xfd, 0xff, 0xff,
    0xff, 0xff, 0xff, 0xff, 0x80, 0x0, 0x0, 0x3,
    0xff, 0xfd, 0xff, 0xff, 0xff, 0xff, 0xbf, 0xff,
    0x80, 0x0, 0x0, 0x3, 0xff, 0xfd, 0xff, 0xff,
    0xff, 0xff, 0xbf, 0xff, 0xc0, 0x0, 0x0, 0x3,
    0xff, 0xfb, 0xff, 0xff, 0xff, 0xff, 0xbf, 0xff,
    0xc0, 0x0, 0x0, 0x7, 0xff, 0xfb, 0xff, 0xff,
    0xff, 0xff, 0x9f, 0xff, 0xc0, 0x0, 0x0, 0x7,
    0xff, 0xfb, 0xff, 0xff, 0xff, 0xff, 0x9f, 0xff,
    0xe0, 0x0, 0x0, 0x7, 0xff, 0xf3, 0xff, 0xff,
    0xff, 0xff, 0x8f, 0xff, 0xe0, 0x0, 0x0, 0xf,
    0xff, 0xf3, 0xff, 0xff, 0xff, 0xff, 0x8f, 0xff,
    0xe0, 0x0, 0x0, 0xf, 0xff, 0xf3, 0xff, 0xff,
    0xff, 0xff, 0x8f, 0xff, 0xf0, 0x0, 0x0, 0xf,
    0xff, 0xe3, 0xff, 0xff, 0xff, 0xff, 0x87, 0xff,
    0xf0, 0x0, 0x0, 0x1f, 0xff, 0xe3, 0xff, 0xff,
    0xff, 0xff, 0x87, 0xff, 0xf0, 0x0, 0x0, 0x1f,
    0xff, 0xc3, 0xff, 0xff, 0xff, 0xff, 0x87, 0xff,
    0xf8, 0x0, 0x0, 0x1f, 0xff, 0xc3, 0xff, 0xff,
    0xff, 0xff, 0x83, 0xff, 0xf8, 0x0, 0x0, 0x3f,
    0xff, 0xc3, 0xff, 0xff, 0xff, 0xff, 0x83, 0xff,
    0xf8, 0x0, 0x0, 0x3f, 0xff, 0x83, 0xff, 0xff,
    0xff, 0xff, 0x83, 0xff, 0xfc, 0x0, 0x0, 0x3f,
    0xff, 0x83, 0xff, 0xff, 0xff, 0xff, 0xc1, 0xff,
    0xfc, 0x0, 0x0, 0x7f, 0xff, 0x83, 0xff, 0xff,
    0xff, 0xff, 0xc1, 0xff, 0xfe, 0x0, 0x0, 0x7f,
    0xff, 0x3, 0xff, 0xff, 0xff, 0xff, 0xc0, 0xff,
    0xfe, 0x0, 0x0, 0x7f, 0xff, 0x3, 0xff, 0xff,
    0xff, 0xff, 0xc0, 0xff, 0xfe, 0x0, 0x0, 0xff,
    0xff, 0x3, 0xff, 0xff, 0xff, 0xff, 0xc0, 0xff,
    0xff, 0x0, 0x0, 0xff, 0xfe, 0x3, 0xff, 0xff,
    0xff, 0xff, 0xc0, 0x7f, 0xff, 0x0, 0x1, 0xff,
    0xfe, 0x3, 0xff, 0xff, 0xff, 0xff, 0xc0, 0x7f,
    0xff, 0x0, 0x1, 0xff, 0xfc, 0x3, 0xff, 0xff,
    0xff, 0xff, 0xc0, 0x7f, 0xff, 0x80, 0x1, 0xff,
    0xfc, 0x3, 0xff, 0xff, 0xff, 0xff, 0xc0, 0x3f,
    0xff, 0x80, 0x3, 0xff, 0xfc, 0x3, 0xff, 0xff,
    0xff, 0xff, 0xc0, 0x3f, 0xff, 0x80, 0x3, 0xff,
    0xf8, 0x3, 0xff, 0xff, 0xff, 0xff, 0xc0, 0x3f,
    0xff, 0xc0, 0x3, 0xff, 0xf8, 0x7, 0xff, 0xff,
    0xff, 0xff, 0xc0, 0x1f, 0xff, 0xc0, 0x7, 0xff,
    0xf8, 0x7, 0xff, 0xff, 0xff, 0xff, 0xc0, 0x1f,
    0xff, 0xc0, 0x7, 0xff, 0xf0, 0x7, 0xff, 0xff,
    0xff, 0xff, 0xc0, 0x1f, 0xff, 0xe0, 0x7, 0xff,
    0xf0, 0x7, 0xff, 0xff, 0xff, 0xff, 0xc0, 0xf,
    0xff, 0xe0, 0xf, 0xff, 0xf0, 0x7, 0xff, 0xff,
    0xff, 0xff, 0xc0, 0xf, 0xff, 0xe0, 0xf, 0xff,
    0xe0, 0x7, 0xff, 0xff, 0xff, 0xff, 0xc0, 0x7,
    0xff, 0xf0, 0xf, 0xff, 0xe0, 0x7, 0xff, 0xff,
    0xff, 0xff, 0xc0, 0x7, 0xff, 0xf0, 0x1f, 0xff,
    0xe0, 0x7, 0xff, 0xff, 0xff, 0xff, 0xc0, 0x7,
    0xff, 0xf0, 0x1f, 0xff, 0xc0, 0x7, 0xff, 0xff,
    0xff, 0xff, 0xc0, 0x3, 0xff, 0xf8, 0x1f, 0xff,
    0xc0, 0x7, 0xff, 0xff, 0xff, 0xff, 0xc0, 0x3,
    0xff, 0xf8, 0x3f, 0xff, 0x80, 0x7, 0xff, 0xff,
    0xff, 0xff, 0xc0, 0x3, 0xff, 0xfc, 0x3f, 0xff,
    0x80, 0x7, 0xff, 0xff, 0xff, 0xff, 0xc0, 0x1,
    0xff, 0xfc, 0x3f, 0xff, 0x80, 0x7, 0xff, 0xff,
    0xff, 0xff, 0xe0, 0x1, 0xff, 0xfc, 0x7f, 0xff,
    0x0, 0x7, 0xff, 0xff, 0xff, 0xff, 0xe0, 0x1,
    0xff, 0xfe, 0x7f, 0xff, 0x0, 0x7, 0xff, 0xff,
    0xff, 0xff, 0xe0, 0x0, 0xff, 0xfe, 0x7f, 0xff,
    0x0, 0x7, 0xff, 0xff, 0xff, 0xff, 0xe0, 0x0,
    0xff, 0xfe, 0xff, 0xfe, 0x0, 0x7, 0xff, 0xff,
    0xff, 0xff, 0xe0, 0x0, 0x7f, 0xff, 0xff, 0xfe,
    0x0, 0x7, 0xff, 0xff, 0xff, 0xff, 0xe0, 0x0,
    0x7f, 0xff, 0xff, 0xfe, 0x0, 0x7, 0xff, 0xff,
    0xff, 0xff, 0xe0, 0x0, 0x7f, 0xff, 0xff, 0xfc,
    0x0, 0x7, 0xff, 0xff, 0xff, 0xff, 0xe0, 0x0,
    0x3f, 0xff, 0xff, 0xfc, 0x0, 0x7, 0xff, 0xff,
    0xff, 0xff, 0xe0, 0x0, 0x3f, 0xff, 0xff, 0xf8,
    0x0, 0x7, 0xff, 0xff, 0xff, 0xff, 0xe0, 0x0,
    0x3f, 0xff, 0xff, 0xf8, 0x0, 0x7, 0xff, 0xff,
    0xff, 0xff, 0xe0, 0x0, 0x1f, 0xff, 0xff, 0xf8,
    0x0, 0x7, 0xff, 0xff, 0xff, 0xff, 0xe0, 0x0,
    0x1f, 0xff, 0xff, 0xf0, 0x0, 0x7, 0xff, 0xff,
    0xff, 0xff, 0xe0, 0x0, 0x1f, 0xff, 0xff, 0xf0,
    0x0, 0x7, 0xff, 0xff, 0xff, 0xff, 0xe0, 0x0,
    0xf, 0xff, 0xff, 0xf0, 0x0, 0x7, 0xff, 0xff,
    0xff, 0xff, 0xe0, 0x0, 0xf, 0xff, 0xff, 0xe0,
    0x0, 0x7, 0xff, 0xff, 0xff, 0xff, 0xe0, 0x0,
    0xf, 0xff, 0xff, 0xe0, 0x0, 0x7, 0xff, 0xff,
    0xff, 0xff, 0xe0, 0x0, 0x7, 0xff, 0xff, 0xe0,
    0x0, 0x7, 0xff, 0xff, 0xff, 0xff, 0xe0, 0x0,
    0x7, 0xff, 0xff, 0xc0, 0x0, 0x7, 0xff, 0xff,
    0xff, 0xff, 0xe0, 0x0, 0x3, 0xff, 0xff, 0xc0,
    0x0, 0x7, 0xff, 0xff, 0xff, 0xff, 0xe0, 0x0,
    0x3, 0xff, 0xff, 0xc0, 0x0, 0x7, 0xff, 0xff,
    0xff, 0xff, 0xe0, 0x0, 0x3, 0xff, 0xff, 0x80,
    0x0, 0x7, 0xff, 0xff, 0xff, 0xff, 0xe0, 0x0,
    0x1, 0xff, 0xff, 0x80, 0x0, 0x7, 0xff, 0xff,
    0xff, 0xff, 0xe0, 0x0, 0x1, 0xff, 0xff, 0x0,
    0x0, 0x7, 0xff, 0xff, 0xff, 0xff, 0xe0, 0x0,
    0x1, 0xff, 0xff, 0x0, 0x0, 0x7, 0xff, 0xff,
    0xff, 0xff, 0xe0, 0x0, 0x0, 0xff, 0xff, 0x0,
    0x0, 0x7, 0xff, 0xff, 0xff, 0xff, 0xe0, 0x0,
    0x0, 0xff, 0xfe, 0x0, 0x0, 0x7, 0xff, 0xff,
    0xff, 0xff, 0xe0, 0x0, 0x0, 0xff, 0xfe, 0x0,
    0x0, 0x7, 0xff, 0xff, 0xff, 0xff, 0xe0, 0x0,
    0x0, 0x7f, 0xfe, 0x0, 0x0, 0x7, 0xff, 0xff,
    0xff, 0xff, 0xe0, 0x0, 0x0, 0x7f, 0xfc, 0x0,
    0x0, 0x7, 0xff, 0xff,

    /* U+004E "N" */
    0xff, 0xff, 0xe0, 0x0, 0x0, 0x0, 0x0, 0xff,
    0xff, 0xff, 0xff, 0xfc, 0x0, 0x0, 0x0, 0x0,
    0x3f, 0xff, 0xff, 0xff, 0xff, 0x80, 0x0, 0x0,
    0x0, 0xf, 0xff, 0xff, 0xff, 0xff, 0xe0, 0x0,
    0x0, 0x0, 0x3, 0xff, 0xff, 0xff, 0xff, 0xfc,
    0x0, 0x0, 0x0, 0x0, 0xff, 0xff, 0xff, 0xff,
    0xff, 0x0, 0x0, 0x0, 0x0, 0x3f, 0xff, 0xff,
    0xff, 0xff, 0xe0, 0x0, 0x0, 0x0, 0xf, 0xff,
    0xff, 0xff, 0xff, 0xfc, 0x0, 0x0, 0x0, 0x3,
    0xff, 0xff, 0xff, 0xff, 0xff, 0x0, 0x0, 0x0,
    0x0, 0xff, 0xff, 0xff, 0xff, 0xff, 0xe0, 0x0,
    0x0, 0x0, 0x3f, 0xff, 0xff, 0xff, 0xff, 0xf8,
    0x0, 0x0, 0x0, 0xf, 0xff, 0xff, 0xff, 0xff,
    0xff, 0x0, 0x0, 0x0, 0x3, 0xff, 0xff, 0xff,
    0xff, 0xff, 0xe0, 0x0, 0x0, 0x0, 0xff, 0xff,
    0xff, 0xff, 0xff, 0xf8, 0x0, 0x0, 0x0, 0x3f,
    0xff, 0xff, 0xff, 0xff, 0xff, 0x0, 0x0, 0x0,
    0xf, 0xff, 0xff, 0xff, 0xff, 0xff, 0xc0, 0x0,
    0x0, 0x3, 0xff, 0xff, 0xff, 0xff, 0xff, 0xf8,
    0x0, 0x0, 0x0, 0xff, 0xff, 0xff, 0xff, 0xff,
    0xff, 0x0, 0x0, 0x0, 0x3f, 0xff, 0xff, 0xff,
    0xff, 0xff, 0xc0, 0x0, 0x0, 0xf, 0xff, 0xff,
    0xff, 0xff, 0xff, 0xf8, 0x0, 0x0, 0x3, 0xff,
    0xff, 0xff, 0xff, 0xff, 0xfe, 0x0, 0x0, 0x0,
    0xff, 0xff, 0xff, 0xff, 0xff, 0xff, 0xc0, 0x0,
    0x0, 0x3f, 0xff, 0xff, 0xff, 0xff, 0xff, 0xf8,
    0x0, 0x0, 0xf, 0xff, 0xff, 0xff, 0xff, 0xff,
    0xfe, 0x0, 0x0, 0x3, 0xff, 0xff, 0xff, 0xff,
    0xff, 0xff, 0xc0, 0x0, 0x0, 0xff, 0xff, 0xff,
    0xff, 0xff, 0xff, 0xf0, 0x0, 0x0, 0x3f, 0xff,
    0xff, 0xff, 0xff, 0xff, 0xfe, 0x0, 0x0, 0xf,
    0xff, 0xff, 0xff, 0xff, 0xff, 0xff, 0xc0, 0x0,
    0x3, 0xff, 0xff, 0xff, 0xff, 0xff, 0xff, 0xf0,
    0x0, 0x0, 0xff, 0xff, 0xff, 0xff, 0xff, 0xff,
    0xfe, 0x0, 0x0, 0x3f, 0xff, 0xff, 0xff, 0xff,
    0xff, 0xff, 0x80, 0x0, 0xf, 0xff, 0xff, 0xff,
    0xff, 0xbf, 0xff, 0xf0, 0x0, 0x3, 0xff, 0xff,
    0xff, 0xff, 0xe7, 0xff, 0xfe, 0x0, 0x0, 0xff,
    0xff, 0xff, 0xff, 0xf9, 0xff, 0xff, 0x80, 0x0,
    0x3f, 0xff, 0xff, 0xff, 0xfe, 0x3f, 0xff, 0xf0,
    0x0, 0xf, 0xff, 0xff, 0xff, 0xff, 0x8f, 0xff,
    0xfe, 0x0, 0x3, 0xff, 0xff, 0xff, 0xff, 0xe1,
    0xff, 0xff, 0x80, 0x0, 0xff, 0xff, 0xff, 0xff,
    0xf8, 0x3f, 0xff, 0xf0, 0x0, 0x3f, 0xff, 0xff,
    0xff, 0xfe, 0xf, 0xff, 0xfc, 0x0, 0xf, 0xff,
    0xff, 0xff, 0xff, 0x81, 0xff, 0xff, 0x80, 0x3,
    0xff, 0xff, 0xff, 0xff, 0xe0, 0x7f, 0xff, 0xf0,
    0x0, 0xff, 0xff, 0xff, 0xff, 0xf8, 0xf, 0xff,
    0xfc, 0x0, 0x3f, 0xff, 0xff, 0xff, 0xfe, 0x1,
    0xff, 0xff, 0x80, 0xf, 0xff, 0xff, 0xff, 0xff,
    0x80, 0x7f, 0xff, 0xe0, 0x3, 0xff, 0xff, 0xff,
    0xff, 0xe0, 0xf, 0xff, 0xfc, 0x0, 0xff, 0xff,
    0xff, 0xff, 0xf8, 0x3, 0xff, 0xff, 0x80, 0x3f,
    0xff, 0xff, 0xff, 0xfe, 0x0, 0x7f, 0xff, 0xe0,
    0xf, 0xff, 0xff, 0xff, 0xff, 0x80, 0xf, 0xff,
    0xfc, 0x3, 0xff, 0xff, 0xff, 0xff, 0xe0, 0x3,
    0xff, 0xff, 0x0, 0xff, 0xff, 0xff, 0xff, 0xf8,
    0x0, 0x7f, 0xff, 0xe0, 0x3f, 0xff, 0xff, 0xff,
    0xfe, 0x0, 0x1f, 0xff, 0xfc, 0xf, 0xff, 0xff,
    0xff, 0xff, 0x80, 0x3, 0xff, 0xff, 0x3, 0xff,
    0xff, 0xff, 0xff, 0xe0, 0x0, 0x7f, 0xff, 0xe0,
    0xff, 0xff, 0xff, 0xff, 0xf8, 0x0, 0x1f, 0xff,
    0xf8, 0x3f, 0xff, 0xff, 0xff, 0xfe, 0x0, 0x3,
    0xff, 0xff, 0xf, 0xff, 0xff, 0xff, 0xff, 0x80,
    0x0, 0xff, 0xff, 0xe3, 0xff, 0xff, 0xff, 0xff,
    0xe0, 0x0, 0x1f, 0xff, 0xf8, 0xff, 0xff, 0xff,
    0xff, 0xf8, 0x0, 0x3, 0xff, 0xff, 0x3f, 0xff,
    0xff, 0xff, 0xfe, 0x0, 0x0, 0xff, 0xff, 0xcf,
    0xff, 0xff, 0xff, 0xff, 0x80, 0x0, 0x1f, 0xff,
    0xfb, 0xff, 0xff, 0xff, 0xff, 0xe0, 0x0, 0x7,
    0xff, 0xff, 0xff, 0xff, 0xff, 0xff, 0xf8, 0x0,
    0x0, 0xff, 0xff, 0xff, 0xff, 0xff, 0xff, 0xfe,
    0x0, 0x0, 0x1f, 0xff, 0xff, 0xff, 0xff, 0xff,
    0xff, 0x80, 0x0, 0x7, 0xff, 0xff, 0xff, 0xff,
    0xff, 0xff, 0xe0, 0x0, 0x0, 0xff, 0xff, 0xff,
    0xff, 0xff, 0xff, 0xf8, 0x0, 0x0, 0x1f, 0xff,
    0xff, 0xff, 0xff, 0xff, 0xfe, 0x0, 0x0, 0x7,
    0xff, 0xff, 0xff, 0xff, 0xff, 0xff, 0x80, 0x0,
    0x0, 0xff, 0xff, 0xff, 0xff, 0xff, 0xff, 0xe0,
    0x0, 0x0, 0x3f, 0xff, 0xff, 0xff, 0xff, 0xff,
    0xf8, 0x0, 0x0, 0x7, 0xff, 0xff, 0xff, 0xff,
    0xff, 0xfe, 0x0, 0x0, 0x0, 0xff, 0xff, 0xff,
    0xff, 0xff, 0xff, 0x80, 0x0, 0x0, 0x3f, 0xff,
    0xff, 0xff, 0xff, 0xff, 0xe0, 0x0, 0x0, 0x7,
    0xff, 0xff, 0xff, 0xff, 0xff, 0xf8, 0x0, 0x0,
    0x1, 0xff, 0xff, 0xff, 0xff, 0xff, 0xfe, 0x0,
    0x0, 0x0, 0x3f, 0xff, 0xff, 0xff, 0xff, 0xff,
    0x80, 0x0, 0x0, 0x7, 0xff, 0xff, 0xff, 0xff,
    0xff, 0xe0, 0x0, 0x0, 0x1, 0xff, 0xff, 0xff,
    0xff, 0xff, 0xf8, 0x0, 0x0, 0x0, 0x3f, 0xff,
    0xff, 0xff, 0xff, 0xfe, 0x0, 0x0, 0x0, 0xf,
    0xff, 0xff, 0xff, 0xff, 0xff, 0x80, 0x0, 0x0,
    0x1, 0xff, 0xff, 0xff, 0xff, 0xff, 0xe0, 0x0,
    0x0, 0x0, 0x3f, 0xff, 0xff, 0xff, 0xff, 0xf8,
    0x0, 0x0, 0x0, 0xf, 0xff, 0xff, 0xff, 0xff,
    0xfe, 0x0, 0x0, 0x0, 0x1, 0xff, 0xff, 0xff,
    0xff, 0xff, 0x80, 0x0, 0x0, 0x0, 0x7f, 0xff,
    0xff, 0xff, 0xff, 0xe0, 0x0, 0x0, 0x0, 0xf,
    0xff, 0xff, 0xff, 0xff, 0xf8, 0x0, 0x0, 0x0,
    0x1, 0xff, 0xff, 0xff, 0xff, 0xfe, 0x0, 0x0,
    0x0, 0x0, 0x7f, 0xff, 0xff, 0xff, 0xff, 0x80,
    0x0, 0x0, 0x0, 0xf, 0xff, 0xff, 0xff, 0xff,
    0xe0, 0x0, 0x0, 0x0, 0x3, 0xff, 0xff, 0xff,
    0xff, 0xf8, 0x0, 0x0, 0x0, 0x0, 0x7f, 0xff,
    0xff, 0xff, 0xfe, 0x0, 0x0, 0x0, 0x0, 0xf,
    0xff, 0xfc,

    /* U+004F "O" */
    0x0, 0x0, 0x0, 0x0, 0xff, 0xfc, 0x0, 0x0,
    0x0, 0x0, 0x0, 0x0, 0x0, 0x3f, 0xff, 0xff,
    0x0, 0x0, 0x0, 0x0, 0x0, 0x0, 0x7, 0xff,
    0xff, 0xff, 0x80, 0x0, 0x0, 0x0, 0x0, 0x0,
    0xff, 0xff, 0xff, 0xff, 0xc0, 0x0, 0x0, 0x0,
    0x0, 0xf, 0xff, 0xff, 0xff, 0xff, 0xc0, 0x0,
    0x0, 0x0, 0x0, 0x7f, 0xff, 0xff, 0xff, 0xff,
    0x80, 0x0, 0x0, 0x0, 0x7, 0xff, 0xff, 0xff,
    0xff, 0xff, 0x80, 0x0, 0x0, 0x0, 0x3f, 0xff,
    0xff, 0xff, 0xff, 0xff, 0x0, 0x0, 0x0, 0x3,
    0xff, 0xff, 0xff, 0xff, 0xff, 0xfe, 0x0, 0x0,
    0x0, 0x1f, 0xff, 0xff, 0xff, 0xff, 0xff, 0xfe,
    0x0, 0x0, 0x0, 0xff, 0xff, 0xff, 0xff, 0xff,
    0xff, 0xfc, 0x0, 0x0, 0x7, 0xff, 0xff, 0xff,
    0xff, 0xff, 0xff, 0xf8, 0x0, 0x0, 0x3f, 0xff,
    0xff, 0xff, 0xff, 0xff, 0xff, 0xf0, 0x0, 0x0,
    0xff, 0xff, 0xff, 0xff, 0xff, 0xff, 0xff, 0xc0,
    0x0, 0x7, 0xff, 0xff, 0xff, 0xff, 0xff, 0xff,
    0xff, 0x80, 0x0, 0x3f, 0xff, 0xff, 0xf0, 0x7,
    0xff, 0xff, 0xff, 0x0, 0x1, 0xff, 0xff, 0xfe,
    0x0, 0x1, 0xff, 0xff, 0xfc, 0x0, 0x7, 0xff,
    0xff, 0xe0, 0x0, 0x3, 0xff, 0xff, 0xf8, 0x0,
    0x3f, 0xff, 0xff, 0x0, 0x0, 0x3, 0xff, 0xff,
    0xf0, 0x0, 0xff, 0xff, 0xf8, 0x0, 0x0, 0x7,
    0xff, 0xff, 0xc0, 0x7, 0xff, 0xff, 0xc0, 0x0,
    0x0, 0xf, 0xff, 0xff, 0x80, 0x1f, 0xff, 0xfe,
    0x0, 0x0, 0x0, 0x1f, 0xff, 0xfe, 0x0, 0xff,
    0xff, 0xf0, 0x0, 0x0, 0x0, 0x3f, 0xff, 0xfc,
    0x3, 0xff, 0xff, 0xc0, 0x0, 0x0, 0x0, 0xff,
    0xff, 0xf0, 0x1f, 0xff, 0xfe, 0x0, 0x0, 0x0,
    0x1, 0xff, 0xff, 0xe0, 0x7f, 0xff, 0xf8, 0x0,
    0x0, 0x0, 0x7, 0xff, 0xff, 0x81, 0xff, 0xff,
    0xc0, 0x0, 0x0, 0x0, 0xf, 0xff, 0xfe, 0xf,
    0xff, 0xff, 0x0, 0x0, 0x0, 0x0, 0x3f, 0xff,
    0xfc, 0x3f, 0xff, 0xf8, 0x0, 0x0, 0x0, 0x0,
    0x7f, 0xff, 0xf0, 0xff, 0xff, 0xe0, 0x0, 0x0,
    0x0, 0x1, 0xff, 0xff, 0xc3, 0xff, 0xff, 0x80,
    0x0, 0x0, 0x0, 0x7, 0xff, 0xff, 0x1f, 0xff,
    0xfc, 0x0, 0x0, 0x0, 0x0, 0xf, 0xff, 0xfe,
    0x7f, 0xff, 0xf0, 0x0, 0x0, 0x0, 0x0, 0x3f,
    0xff, 0xf9, 0xff, 0xff, 0xc0, 0x0, 0x0, 0x0,
    0x0, 0xff, 0xff, 0xe7, 0xff, 0xff, 0x0, 0x0,
    0x0, 0x0, 0x3, 0xff, 0xff, 0x9f, 0xff, 0xfc,
    0x0, 0x0, 0x0, 0x0, 0xf, 0xff, 0xfe, 0xff,
    0xff, 0xe0, 0x0, 0x0, 0x0, 0x0, 0x3f, 0xff,
    0xfb, 0xff, 0xff, 0x80, 0x0, 0x0, 0x0, 0x0,
    0x7f, 0xff, 0xff, 0xff, 0xfe, 0x0, 0x0, 0x0,
    0x0, 0x1, 0xff, 0xff, 0xff, 0xff, 0xf8, 0x0,
    0x0, 0x0, 0x0, 0x7, 0xff, 0xff, 0xff, 0xff,
    0xe0, 0x0, 0x0, 0x0, 0x0, 0x1f, 0xff, 0xff,
    0xff, 0xff, 0x80, 0x0, 0x0, 0x0, 0x0, 0x7f,
    0xff, 0xff, 0xff, 0xfe, 0x0, 0x0, 0x0, 0x0,
    0x1, 0xff, 0xff, 0xff, 0xff, 0xf8, 0x0, 0x0,
    0x0, 0x0, 0x7, 0xff, 0xff, 0xff, 0xff, 0xe0,
    0x0, 0x0, 0x0, 0x0, 0x1f, 0xff, 0xff, 0xff,
    0xff, 0x80, 0x0, 0x0, 0x0, 0x0, 0x7f, 0xff,
    0xff, 0xff, 0xfe, 0x0, 0x0, 0x0, 0x0, 0x1,
    0xff, 0xff, 0xff, 0xff, 0xf8, 0x0, 0x0, 0x0,
    0x0, 0x7, 0xff, 0xff, 0xff, 0xff, 0xe0, 0x0,
    0x0, 0x0, 0x0, 0x1f, 0xff, 0xff, 0xff, 0xff,
    0x80, 0x0, 0x0, 0x0, 0x0, 0x7f, 0xff, 0xff,
    0xff, 0xfe, 0x0, 0x0, 0x0, 0x0, 0x1, 0xff,
    0xff, 0xff, 0xff, 0xf8, 0x0, 0x0, 0x0, 0x0,
    0x7, 0xff, 0xff, 0xff, 0xff, 0xe0, 0x0, 0x0,
    0x0, 0x0, 0x1f, 0xff, 0xff, 0xff, 0xff, 0x80,
    0x0, 0x0, 0x0, 0x0, 0x7f, 0xff, 0xff, 0xff,
    0xfe, 0x0, 0x0, 0x0, 0x0, 0x1, 0xff, 0xff,
    0xff, 0xff, 0xf8, 0x0, 0x0, 0x0, 0x0, 0x7,
    0xff, 0xff, 0xff, 0xff, 0xe0, 0x0, 0x0, 0x0,
    0x0, 0x1f, 0xff, 0xff, 0xff, 0xff, 0x80, 0x0,
    0x0, 0x0, 0x0, 0xff, 0xff, 0xe7, 0xff, 0xff,
    0x0, 0x0, 0x0, 0x0, 0x3, 0xff, 0xff, 0x9f,
    0xff, 0xfc, 0x0, 0x0, 0x0, 0x0, 0xf, 0xff,
    0xfe, 0x7f, 0xff, 0xf0, 0x0, 0x0, 0x0, 0x0,
    0x3f, 0xff, 0xf9, 0xff, 0xff, 0xc0, 0x0, 0x0,
    0x0, 0x0, 0xff, 0xff, 0xe7, 0xff, 0xff, 0x0,
    0x0, 0x0, 0x0, 0x3, 0xff, 0xff, 0x8f, 0xff,
    0xfe, 0x0, 0x0, 0x0, 0x0, 0x1f, 0xff, 0xfc,
    0x3f, 0xff, 0xf8, 0x0, 0x0, 0x0, 0x0, 0x7f,
    0xff, 0xf0, 0xff, 0xff, 0xe0, 0x0, 0x0, 0x0,
    0x1, 0xff, 0xff, 0xc3, 0xff, 0xff, 0xc0, 0x0,
    0x0, 0x0, 0xf, 0xff, 0xff, 0x7, 0xff, 0xff,
    0x0, 0x0, 0x0, 0x0, 0x3f, 0xff, 0xf8, 0x1f,
    0xff, 0xfe, 0x0, 0x0, 0x0, 0x1, 0xff, 0xff,
    0xe0, 0x7f, 0xff, 0xf8, 0x0, 0x0, 0x0, 0x7,
    0xff, 0xff, 0x80, 0xff, 0xff, 0xf0, 0x0, 0x0,
    0x0, 0x3f, 0xff, 0xfc, 0x3, 0xff, 0xff, 0xc0,
    0x0, 0x0, 0x0, 0xff, 0xff, 0xf0, 0x7, 0xff,
    0xff, 0x80, 0x0, 0x0, 0x7, 0xff, 0xff, 0x80,
    0x1f, 0xff, 0xff, 0x0, 0x0, 0x0, 0x3f, 0xff,
    0xfe, 0x0, 0x3f, 0xff, 0xfe, 0x0, 0x0, 0x1,
    0xff, 0xff, 0xf0, 0x0, 0xff, 0xff, 0xfc, 0x0,
    0x0, 0xf, 0xff, 0xff, 0xc0, 0x1, 0xff, 0xff,
    0xfc, 0x0, 0x0, 0x7f, 0xff, 0xfe, 0x0, 0x7,
    0xff, 0xff, 0xf8, 0x0, 0x7, 0xff, 0xff, 0xf8,
    0x0, 0xf, 0xff, 0xff, 0xfe, 0x0, 0xff, 0xff,
    0xff, 0xc0, 0x0, 0x1f, 0xff, 0xff, 0xff, 0xff,
    0xff, 0xff, 0xfe, 0x0, 0x0, 0x3f, 0xff, 0xff,
    0xff, 0xff, 0xff, 0xff, 0xf0, 0x0, 0x0, 0xff,
    0xff, 0xff, 0xff, 0xff, 0xff, 0xff, 0xc0, 0x0,
    0x1, 0xff, 0xff, 0xff, 0xff, 0xff, 0xff, 0xfe,
    0x0, 0x0, 0x3, 0xff, 0xff, 0xff, 0xff, 0xff,
    0xff, 0xf0, 0x0, 0x0, 0x7, 0xff, 0xff, 0xff,
    0xff, 0xff, 0xff, 0x80, 0x0, 0x0, 0xf, 0xff,
    0xff, 0xff, 0xff, 0xff, 0xfc, 0x0, 0x0, 0x0,
    0xf, 0xff, 0xff, 0xff, 0xff, 0xff, 0xc0, 0x0,
    0x0, 0x0, 0x1f, 0xff, 0xff, 0xff, 0xff, 0xfe,
    0x0, 0x0, 0x0, 0x0, 0x1f, 0xff, 0xff, 0xff,
    0xff, 0xe0, 0x0, 0x0, 0x0, 0x0, 0x3f, 0xff,
    0xff, 0xff, 0xff, 0x0, 0x0, 0x0, 0x0, 0x0,
    0x3f, 0xff, 0xff, 0xff, 0xf0, 0x0, 0x0, 0x0,
    0x0, 0x0, 0x1f, 0xff, 0xff, 0xfe, 0x0, 0x0,
    0x0, 0x0, 0x0, 0x0, 0xf, 0xff, 0xff, 0xe0,
    0x0, 0x0, 0x0, 0x0, 0x0, 0x0, 0x3, 0xff,
    0xf0, 0x0, 0x0, 0x0, 0x0,

    /* U+0050 "P" */
    0xff, 0xff, 0xff, 0xff, 0xff, 0xe0, 0x0, 0x0,
    0x3, 0xff, 0xff, 0xff, 0xff, 0xff, 0xfc, 0x0,
    0x0, 0xf, 0xff, 0xff, 0xff, 0xff, 0xff, 0xfe,
    0x0, 0x0, 0x3f, 0xff, 0xff, 0xff, 0xff, 0xff,
    0xfe, 0x0, 0x0, 0xff, 0xff, 0xff, 0xff, 0xff,
    0xff, 0xfe, 0x0, 0x3, 0xff, 0xff, 0xff, 0xff,
    0xff, 0xff, 0xfe, 0x0, 0xf, 0xff, 0xff, 0xff,
    0xff, 0xff, 0xff, 0xfe, 0x0, 0x3f, 0xff, 0xff,
    0xff, 0xff, 0xff, 0xff, 0xfc, 0x0, 0xff, 0xff,
    0xff, 0xff, 0xff, 0xff, 0xff, 0xf8, 0x3, 0xff,
    0xff, 0xff, 0xff, 0xff, 0xff, 0xff, 0xf0, 0xf,
    0xff, 0xff, 0xff, 0xff, 0xff, 0xff, 0xff, 0xe0,
    0x3f, 0xff, 0xff, 0xff, 0xff, 0xff, 0xff, 0xff,
    0xc0, 0xff, 0xff, 0xff, 0xff, 0xff, 0xff, 0xff,
    0xff, 0x83, 0xff, 0xff, 0xff, 0xff, 0xff, 0xff,
    0xff, 0xfe, 0xf, 0xff, 0xfe, 0x0, 0x0, 0xf,
    0xff, 0xff, 0xfc, 0x3f, 0xff, 0xf8, 0x0, 0x0,
    0x7, 0xff, 0xff, 0xf8, 0xff, 0xff, 0xe0, 0x0,
    0x0, 0x7, 0xff, 0xff, 0xe3, 0xff, 0xff, 0x80,
    0x0, 0x0, 0xf, 0xff, 0xff, 0xcf, 0xff, 0xfe,
    0x0, 0x0, 0x0, 0x1f, 0xff, 0xff, 0x3f, 0xff,
    0xf8, 0x0, 0x0, 0x0, 0x3f, 0xff, 0xfc, 0xff,
    0xff, 0xe0, 0x0, 0x0, 0x0, 0x7f, 0xff, 0xfb,
    0xff, 0xff, 0x80, 0x0, 0x0, 0x1, 0xff, 0xff,
    0xef, 0xff, 0xfe, 0x0, 0x0, 0x0, 0x3, 0xff,
    0xff, 0xbf, 0xff, 0xf8, 0x0, 0x0, 0x0, 0xf,
    0xff, 0xfe, 0xff, 0xff, 0xe0, 0x0, 0x0, 0x0,
    0x3f, 0xff, 0xff, 0xff, 0xff, 0x80, 0x0, 0x0,
    0x0, 0x7f, 0xff, 0xff, 0xff, 0xfe, 0x0, 0x0,
    0x0, 0x1, 0xff, 0xff, 0xff, 0xff, 0xf8, 0x0,
    0x0, 0x0, 0x7, 0xff, 0xff, 0xff, 0xff, 0xe0,
    0x0, 0x0, 0x0, 0x1f, 0xff, 0xff, 0xff, 0xff,
    0x80, 0x0, 0x0, 0x0, 0x7f, 0xff, 0xff, 0xff,
    0xfe, 0x0, 0x0, 0x0, 0x1, 0xff, 0xff, 0xff,
    0xff, 0xf8, 0x0, 0x0, 0x0, 0x7, 0xff, 0xff,
    0xff, 0xff, 0xe0, 0x0, 0x0, 0x0, 0x1f, 0xff,
    0xff, 0xff, 0xff, 0x80, 0x0, 0x0, 0x0, 0x7f,
    0xff, 0xff, 0xff, 0xfe, 0x0, 0x0, 0x0, 0x3,
    0xff, 0xff, 0xff, 0xff, 0xf8, 0x0, 0x0, 0x0,
    0xf, 0xff, 0xfe, 0xff, 0xff, 0xe0, 0x0, 0x0,
    0x0, 0x3f, 0xff, 0xfb, 0xff, 0xff, 0x80, 0x0,
    0x0, 0x1, 0xff, 0xff, 0xef, 0xff, 0xfe, 0x0,
    0x0, 0x0, 0x7, 0xff, 0xff, 0xbf, 0xff, 0xf8,
    0x0, 0x0, 0x0, 0x3f, 0xff, 0xfc, 0xff, 0xff,
    0xe0, 0x0, 0x0, 0x1, 0xff, 0xff, 0xf3, 0xff,
    0xff, 0x80, 0x0, 0x0, 0xf, 0xff, 0xff, 0xcf,
    0xff, 0xfe, 0x0, 0x0, 0x0, 0xff, 0xff, 0xfe,
    0x3f, 0xff, 0xf8, 0x0, 0x0, 0x1f, 0xff, 0xff,
    0xf8, 0xff, 0xff, 0xff, 0xff, 0xff, 0xff, 0xff,
    0xff, 0xc3, 0xff, 0xff, 0xff, 0xff, 0xff, 0xff,
    0xff, 0xfe, 0xf, 0xff, 0xff, 0xff, 0xff, 0xff,
    0xff, 0xff, 0xf8, 0x3f, 0xff, 0xff, 0xff, 0xff,
    0xff, 0xff, 0xff, 0xc0, 0xff, 0xff, 0xff, 0xff,
    0xff, 0xff, 0xff, 0xfe, 0x3, 0xff, 0xff, 0xff,
    0xff, 0xff, 0xff, 0xff, 0xf0, 0xf, 0xff, 0xff,
    0xff, 0xff, 0xff, 0xff, 0xff, 0x80, 0x3f, 0xff,
    0xff, 0xff, 0xff, 0xff, 0xff, 0xf8, 0x0, 0xff,
    0xff, 0xff, 0xff, 0xff, 0xff, 0xff, 0xc0, 0x3,
    0xff, 0xff, 0xff, 0xff, 0xff, 0xff, 0xfc, 0x0,
    0xf, 0xff, 0xff, 0xff, 0xff, 0xff, 0xff, 0xc0,
    0x0, 0x3f, 0xff, 0xff, 0xff, 0xff, 0xff, 0xfc,
    0x0, 0x0, 0xff, 0xff, 0xff, 0xff, 0xff, 0xff,
    0x0, 0x0, 0x3, 0xff, 0xff, 0xff, 0xff, 0xff,
    0x80, 0x0, 0x0, 0xf, 0xff, 0xfe, 0x0, 0x0,
    0x0, 0x0, 0x0, 0x0, 0x3f, 0xff, 0xf8, 0x0,
    0x0, 0x0, 0x0, 0x0, 0x0, 0xff, 0xff, 0xe0,
    0x0, 0x0, 0x0, 0x0, 0x0, 0x3, 0xff, 0xff,
    0x80, 0x0, 0x0, 0x0, 0x0, 0x0, 0xf, 0xff,
    0xfe, 0x0, 0x0, 0x0, 0x0, 0x0, 0x0, 0x3f,
    0xff, 0xf8, 0x0, 0x0, 0x0, 0x0, 0x0, 0x0,
    0xff, 0xff, 0xe0, 0x0, 0x0, 0x0, 0x0, 0x0,
    0x3, 0xff, 0xff, 0x80, 0x0, 0x0, 0x0, 0x0,
    0x0, 0xf, 0xff, 0xfe, 0x0, 0x0, 0x0, 0x0,
    0x0, 0x0, 0x3f, 0xff, 0xf8, 0x0, 0x0, 0x0,
    0x0, 0x0, 0x0, 0xff, 0xff, 0xe0, 0x0, 0x0,
    0x0, 0x0, 0x0, 0x3, 0xff, 0xff, 0x80, 0x0,
    0x0, 0x0, 0x0, 0x0, 0xf, 0xff, 0xfe, 0x0,
    0x0, 0x0, 0x0, 0x0, 0x0, 0x3f, 0xff, 0xf8,
    0x0, 0x0, 0x0, 0x0, 0x0, 0x0, 0xff, 0xff,
    0xe0, 0x0, 0x0, 0x0, 0x0, 0x0, 0x3, 0xff,
    0xff, 0x80, 0x0, 0x0, 0x0, 0x0, 0x0, 0xf,
    0xff, 0xfe, 0x0, 0x0, 0x0, 0x0, 0x0, 0x0,
    0x3f, 0xff, 0xf8, 0x0, 0x0, 0x0, 0x0, 0x0,
    0x0, 0xff, 0xff, 0xe0, 0x0, 0x0, 0x0, 0x0,
    0x0, 0x3, 0xff, 0xff, 0x80, 0x0, 0x0, 0x0,
    0x0, 0x0, 0xf, 0xff, 0xfe, 0x0, 0x0, 0x0,
    0x0, 0x0, 0x0, 0x3f, 0xff, 0xf8, 0x0, 0x0,
    0x0, 0x0, 0x0, 0x0, 0xff, 0xff, 0xe0, 0x0,
    0x0, 0x0, 0x0, 0x0, 0x3, 0xff, 0xff, 0x80,
    0x0, 0x0, 0x0, 0x0, 0x0, 0xf, 0xff, 0xfe,
    0x0, 0x0, 0x0, 0x0, 0x0, 0x0, 0x3f, 0xff,
    0xf8, 0x0, 0x0, 0x0, 0x0, 0x0, 0x0, 0xff,
    0xff, 0xe0, 0x0, 0x0, 0x0, 0x0, 0x0, 0x3,
    0xff, 0xff, 0x80, 0x0, 0x0, 0x0, 0x0, 0x0,
    0xf, 0xff, 0xfe, 0x0, 0x0, 0x0, 0x0, 0x0,
    0x0, 0x3f, 0xff, 0xf8, 0x0, 0x0, 0x0, 0x0,
    0x0, 0x0, 0xff, 0xff, 0xe0, 0x0, 0x0, 0x0,
    0x0, 0x0, 0x3, 0xff, 0xff, 0x80, 0x0, 0x0,
    0x0, 0x0, 0x0, 0xf, 0xff, 0xfe, 0x0, 0x0,
    0x0, 0x0, 0x0, 0x0, 0x0,

    /* U+0051 "Q" */
    0x0, 0x0, 0x0, 0x0, 0xff, 0xfc, 0x0, 0x0,
    0x0, 0x0, 0x0, 0x0, 0x0, 0x3f, 0xff, 0xff,
    0x0, 0x0, 0x0, 0x0, 0x0, 0x0, 0x7, 0xff,
    0xff, 0xff, 0x80, 0x0, 0x0, 0x0, 0x0, 0x0,
    0xff, 0xff, 0xff, 0xff, 0xc0, 0x0, 0x0, 0x0,
    0x0, 0xf, 0xff, 0xff, 0xff, 0xff, 0xc0, 0x0,
    0x0, 0x0, 0x0, 0x7f, 0xff, 0xff, 0xff, 0xff,
    0x80, 0x0, 0x0, 0x0, 0x7, 0xff, 0xff, 0xff,
    0xff, 0xff, 0x80, 0x0, 0x0, 0x0, 0x3f, 0xff,
    0xff, 0xff, 0xff, 0xff, 0x0, 0x0, 0x0, 0x3,
    0xff, 0xff, 0xff, 0xff, 0xff, 0xff, 0x0, 0x0,
    0x0, 0x1f, 0xff, 0xff, 0xff, 0xff, 0xff, 0xfe,
    0x0, 0x0, 0x0, 0xff, 0xff, 0xff, 0xff, 0xff,
    0xff, 0xfc, 0x0, 0x0, 0x7, 0xff, 0xff, 0xff,
    0xff, 0xff, 0xff, 0xf8, 0x0, 0x0, 0x3f, 0xff,
    0xff, 0xff, 0xff, 0xff, 0xff, 0xf0, 0x0, 0x0,
    0xff, 0xff, 0xff, 0xff, 0xff, 0xff, 0xff, 0xc0,
    0x0, 0x7, 0xff, 0xff, 0xff, 0xff, 0xff, 0xff,
    0xff, 0x80, 0x0, 0x3f, 0xff, 0xff, 0xf0, 0x7,
    0xff, 0xff, 0xff, 0x0, 0x1, 0xff, 0xff, 0xfe,
    0x0, 0x1, 0xff, 0xff, 0xfe, 0x0, 0x7, 0xff,
    0xff, 0xe0, 0x0, 0x3, 0xff, 0xff, 0xf8, 0x0,
    0x3f, 0xff, 0xff, 0x0, 0x0, 0x3, 0xff, 0xff,
    0xf0, 0x0, 0xff, 0xff, 0xf8, 0x0, 0x0, 0x7,
    0xff, 0xff, 0xc0, 0x7, 0xff, 0xff, 0xc0, 0x0,
    0x0, 0xf, 0xff, 0xff, 0x80, 0x1f, 0xff, 0xfe,
    0x0, 0x0, 0x0, 0x1f, 0xff, 0xfe, 0x0, 0xff,
    0xff, 0xf0, 0x0, 0x0, 0x0, 0x3f, 0xff, 0xfc,
    0x3, 0xff, 0xff, 0xc0, 0x0, 0x0, 0x0, 0xff,
    0xff, 0xf0, 0x1f, 0xff, 0xfe, 0x0, 0x0, 0x0,
    0x1, 0xff, 0xff, 0xe0, 0x7f, 0xff, 0xf8, 0x0,
    0x0, 0x0, 0x7, 0xff, 0xff, 0x81, 0xff, 0xff,
    0xc0, 0x0, 0x0, 0x0, 0xf, 0xff, 0xfe, 0xf,
    0xff, 0xff, 0x0, 0x0, 0x0, 0x0, 0x3f, 0xff,
    0xfc, 0x3f, 0xff, 0xf8, 0x0, 0x0, 0x0, 0x0,
    0x7f, 0xff, 0xf0, 0xff, 0xff, 0xe0, 0x0, 0x0,
    0x0, 0x1, 0xff, 0xff, 0xc3, 0xff, 0xff, 0x80,
    0x0, 0x0, 0x0, 0x7, 0xff, 0xff, 0x1f, 0xff,
    0xfc, 0x0, 0x0, 0x0, 0x0, 0xf, 0xff, 0xfe,
    0x7f, 0xff, 0xf0, 0x0, 0x0, 0x0, 0x0, 0x3f,
    0xff, 0xf9, 0xff, 0xff, 0xc0, 0x0, 0x0, 0x0,
    0x0, 0xff, 0xff, 0xe7, 0xff, 0xff, 0x0, 0x0,
    0x0, 0x0, 0x3, 0xff, 0xff, 0x9f, 0xff, 0xfc,
    0x0, 0x0, 0x0, 0x0, 0xf, 0xff, 0xfe, 0xff,
    0xff, 0xe0, 0x0, 0x0, 0x0, 0x0, 0x3f, 0xff,
    0xfb, 0xff, 0xff, 0x80, 0x0, 0x0, 0x0, 0x0,
    0x7f, 0xff, 0xff, 0xff, 0xfe, 0x0, 0x0, 0x0,
    0x0, 0x1, 0xff, 0xff, 0xff, 0xff, 0xf8, 0x0,
    0x0, 0x0, 0x0, 0x7, 0xff, 0xff, 0xff, 0xff,
    0xe0, 0x0, 0x0, 0x0, 0x0, 0x1f, 0xff, 0xff,
    0xff, 0xff, 0x80, 0x0, 0x0, 0x0, 0x0, 0x7f,
    0xff, 0xff, 0xff, 0xfe, 0x0, 0x0, 0x0, 0x0,
    0x1, 0xff, 0xff, 0xff, 0xff, 0xf8, 0x0, 0x0,
    0x0, 0x0, 0x7, 0xff, 0xff, 0xff, 0xff, 0xe0,
    0x0, 0x0, 0x0, 0x0, 0x1f, 0xff, 0xff, 0xff,
    0xff, 0x80, 0x0, 0x0, 0x0, 0x0, 0x7f, 0xff,
    0xff, 0xff, 0xfe, 0x0, 0x0, 0x0, 0x0, 0x1,
    0xff, 0xff, 0xff, 0xff, 0xf8, 0x0, 0x0, 0x0,
    0x0, 0x7, 0xff, 0xff, 0xff, 0xff, 0xe0, 0x0,
    0x0, 0x0, 0x0, 0x1f, 0xff, 0xff, 0xff, 0xff,
    0x80, 0x0, 0x0, 0x0, 0x0, 0x7f, 0xff, 0xff,
    0xff, 0xfe, 0x0, 0x0, 0x0, 0x0, 0x1, 0xff,
    0xff, 0xff, 0xff, 0xf8, 0x0, 0x0, 0x0, 0x0,
    0x7, 0xff, 0xff, 0xff, 0xff, 0xe0, 0x0, 0x0,
    0x0, 0x0, 0x1f, 0xff, 0xff, 0xff, 0xff, 0x80,
    0x0, 0x0, 0x0, 0x0, 0x7f, 0xff, 0xff, 0xff,
    0xfe, 0x0, 0x0, 0x0, 0x0, 0x1, 0xff, 0xff,
    0xff, 0xff, 0xf8, 0x0, 0x0, 0x0, 0x0, 0x7,
    0xff, 0xff, 0xff, 0xff, 0xe0, 0x0, 0x0, 0x0,
    0x0, 0x1f, 0xff, 0xff, 0xff, 0xff, 0x80, 0x0,
    0x0, 0x0, 0x0, 0xff, 0xff, 0xf7, 0xff, 0xff,
    0x0, 0x0, 0x0, 0x0, 0x3, 0xff, 0xff, 0x9f,
    0xff, 0xfc, 0x0, 0x0, 0x0, 0x0, 0xf, 0xff,
    0xfe, 0x7f, 0xff, 0xf0, 0x0, 0x0, 0x0, 0x0,
    0x3f, 0xff, 0xf9, 0xff, 0xff, 0xc0, 0x0, 0x0,
    0x0, 0x0, 0xff, 0xff, 0xe7, 0xff, 0xff, 0x0,
    0x0, 0x0, 0x0, 0x3, 0xff, 0xff, 0x8f, 0xff,
    0xfe, 0x0, 0x0, 0x0, 0x0, 0x1f, 0xff, 0xfc,
    0x3f, 0xff, 0xf8, 0x0, 0x0, 0x0, 0x0, 0x7f,
    0xff, 0xf0, 0xff, 0xff, 0xe0, 0x0, 0x0, 0x0,
    0x1, 0xff, 0xff, 0xc3, 0xff, 0xff, 0xc0, 0x0,
    0x0, 0x0, 0xf, 0xff, 0xff, 0x7, 0xff, 0xff,
    0x0, 0x0, 0x0, 0x0, 0x3f, 0xff, 0xf8, 0x1f,
    0xff, 0xfe, 0x0, 0x0, 0x0, 0x1, 0xff, 0xff,
    0xe0, 0x7f, 0xff, 0xf8, 0x0, 0x0, 0x0, 0x7,
    0xff, 0xff, 0x80, 0xff, 0xff, 0xf0, 0x0, 0x0,
    0x0, 0x3f, 0xff, 0xfc, 0x3, 0xff, 0xff, 0xc0,
    0x0, 0x0, 0x0, 0xff, 0xff, 0xf0, 0x7, 0xff,
    0xff, 0x80, 0x0, 0x0, 0x7, 0xff, 0xff, 0x80,
    0x1f, 0xff, 0xff, 0x0, 0x0, 0x0, 0x3f, 0xff,
    0xfe, 0x0, 0x3f, 0xff, 0xfe, 0x0, 0x0, 0x1,
    0xff, 0xff, 0xf0, 0x0, 0xff, 0xff, 0xfc, 0x0,
    0x0, 0xf, 0xff, 0xff, 0xc0, 0x1, 0xff, 0xff,
    0xfc, 0x0, 0x0, 0x7f, 0xff, 0xfe, 0x0, 0x7,
    0xff, 0xff, 0xf8, 0x0, 0x7, 0xff, 0xff, 0xf8,
    0x0, 0xf, 0xff, 0xff, 0xfe, 0x0, 0xff, 0xff,
    0xff, 0xc0, 0x0, 0x1f, 0xff, 0xff, 0xff, 0xff,
    0xff, 0xff, 0xfe, 0x0, 0x0, 0x3f, 0xff, 0xff,
    0xff, 0xff, 0xff, 0xff, 0xf8, 0x0, 0x0, 0xff,
    0xff, 0xff, 0xff, 0xff, 0xff, 0xff, 0xc0, 0x0,
    0x1, 0xff, 0xff, 0xff, 0xff, 0xff, 0xff, 0xfe,
    0x0, 0x0, 0x3, 0xff, 0xff, 0xff, 0xff, 0xff,
    0xff, 0xf0, 0x0, 0x0, 0x7, 0xff, 0xff, 0xff,
    0xff, 0xff, 0xff, 0x80, 0x0, 0x0, 0xf, 0xff,
    0xff, 0xff, 0xff, 0xff, 0xfc, 0x0, 0x0, 0x0,
    0xf, 0xff, 0xff, 0xff, 0xff, 0xff, 0xc0, 0x0,
    0x0, 0x0, 0x1f, 0xff, 0xff, 0xff, 0xff, 0xff,
    0x80, 0x0, 0x0, 0x0, 0x1f, 0xff, 0xff, 0xff,
    0xff, 0xff, 0x0, 0x0, 0x0, 0x0, 0x3f, 0xff,
    0xff, 0xff, 0xff, 0xff, 0x0, 0x0, 0x0, 0x0,
    0x3f, 0xff, 0xff, 0xff, 0xff, 0xfe, 0x0, 0x0,
    0x0, 0x0, 0x1f, 0xff, 0xff, 0xff, 0xff, 0xfc,
    0x0, 0x0, 0x0, 0x0, 0xf, 0xff, 0xff, 0xff,
    0xff, 0xf8, 0x0, 0x0, 0x0, 0x0, 0x3, 0xff,
    0xff, 0xff, 0xff, 0xf8, 0x0, 0x0, 0x0, 0x0,
    0x0, 0x0, 0x1f, 0xff, 0xff, 0xf0, 0x0, 0x0,
    0x0, 0x0, 0x0, 0x0, 0x1f, 0xff, 0xff, 0xe0,
    0x0, 0x0, 0x0, 0x0, 0x0, 0x0, 0x3f, 0xff,
    0xff, 0xe0, 0x0, 0x0, 0x0, 0x0, 0x0, 0x0,
    0x7f, 0xff, 0xff, 0xc0, 0x0, 0x0, 0x0, 0x0,
    0x0, 0x0, 0xff, 0xff, 0xff, 0x80, 0x0, 0x0,
    0x0, 0x0, 0x0, 0x0, 0xff, 0xff, 0xfe, 0x0,
    0x0, 0x0, 0x0, 0x0, 0x0, 0x1, 0xff, 0xff,
    0xe0, 0x0, 0x0, 0x0, 0x0, 0x0, 0x0, 0x3,
    0xff, 0xff, 0x0, 0x0, 0x0, 0x0, 0x0, 0x0,
    0x0, 0x7, 0xff, 0xf8, 0x0, 0x0, 0x0, 0x0,
    0x0, 0x0, 0x0, 0x7, 0xff, 0xc0, 0x0, 0x0,
    0x0, 0x0, 0x0, 0x0, 0x0, 0xf, 0xfe, 0x0,
    0x0, 0x0, 0x0, 0x0, 0x0, 0x0, 0x0, 0x1f,
    0xf0, 0x0, 0x0, 0x0, 0x0, 0x0, 0x0, 0x0,
    0x0, 0x3f, 0x0, 0x0, 0x0, 0x0, 0x0, 0x0,
    0x0, 0x0, 0x0, 0x38, 0x0, 0x0, 0x0, 0x0,
    0x0, 0x0, 0x0, 0x0, 0x0, 0x40, 0x0,

    /* U+0052 "R" */
    0xff, 0xff, 0xff, 0xff, 0xff, 0xc0, 0x0, 0x0,
    0x1, 0xff, 0xff, 0xff, 0xff, 0xff, 0xfc, 0x0,
    0x0, 0x3, 0xff, 0xff, 0xff, 0xff, 0xff, 0xff,
    0x80, 0x0, 0x7, 0xff, 0xff, 0xff, 0xff, 0xff,
    0xff, 0xc0, 0x0, 0xf, 0xff, 0xff, 0xff, 0xff,
    0xff, 0xff, 0xe0, 0x0, 0x1f, 0xff, 0xff, 0xff,
    0xff, 0xff, 0xff, 0xf0, 0x0, 0x3f, 0xff, 0xff,
    0xff, 0xff, 0xff, 0xff, 0xf0, 0x0, 0x7f, 0xff,
    0xff, 0xff, 0xff, 0xff, 0xff, 0xf8, 0x0, 0xff,
    0xff, 0xff, 0xff, 0xff, 0xff, 0xff, 0xf8, 0x1,
    0xff, 0xff, 0xff, 0xff, 0xff, 0xff, 0xff, 0xf8,
    0x3, 0xff, 0xff, 0xff, 0xff, 0xff, 0xff, 0xff,
    0xf8, 0x7, 0xff, 0xff, 0xff, 0xff, 0xff, 0xff,
    0xff, 0xf0, 0xf, 0xff, 0xff, 0xff, 0xff, 0xff,
    0xff, 0xff, 0xf0, 0x1f, 0xff, 0xff, 0xff, 0xff,
    0xff, 0xff, 0xff, 0xf0, 0x3f, 0xff, 0xf8, 0x0,
    0x0, 0x7f, 0xff, 0xff, 0xe0, 0x7f, 0xff, 0xf0,
    0x0, 0x0, 0x1f, 0xff, 0xff, 0xe0, 0xff, 0xff,
    0xe0, 0x0, 0x0, 0xf, 0xff, 0xff, 0xc1, 0xff,
    0xff, 0xc0, 0x0, 0x0, 0xf, 0xff, 0xff, 0x83,
    0xff, 0xff, 0x80, 0x0, 0x0, 0xf, 0xff, 0xff,
    0x87, 0xff, 0xff, 0x0, 0x0, 0x0, 0xf, 0xff,
    0xff, 0xf, 0xff, 0xfe, 0x0, 0x0, 0x0, 0x1f,
    0xff, 0xfe, 0x1f, 0xff, 0xfc, 0x0, 0x0, 0x0,
    0x1f, 0xff, 0xfc, 0x3f, 0xff, 0xf8, 0x0, 0x0,
    0x0, 0x3f, 0xff, 0xfc, 0x7f, 0xff, 0xf0, 0x0,
    0x0, 0x0, 0x7f, 0xff, 0xf8, 0xff, 0xff, 0xe0,
    0x0, 0x0, 0x0, 0x7f, 0xff, 0xf1, 0xff, 0xff,
    0xc0, 0x0, 0x0, 0x0, 0xff, 0xff, 0xe3, 0xff,
    0xff, 0x80, 0x0, 0x0, 0x1, 0xff, 0xff, 0xc7,
    0xff, 0xff, 0x0, 0x0, 0x0, 0x3, 0xff, 0xff,
    0x8f, 0xff, 0xfe, 0x0, 0x0, 0x0, 0x7, 0xff,
    0xff, 0x1f, 0xff, 0xfc, 0x0, 0x0, 0x0, 0xf,
    0xff, 0xfe, 0x3f, 0xff, 0xf8, 0x0, 0x0, 0x0,
    0x1f, 0xff, 0xfc, 0x7f, 0xff, 0xf0, 0x0, 0x0,
    0x0, 0x3f, 0xff, 0xf8, 0xff, 0xff, 0xe0, 0x0,
    0x0, 0x0, 0x7f, 0xff, 0xf1, 0xff, 0xff, 0xc0,
    0x0, 0x0, 0x1, 0xff, 0xff, 0xc3, 0xff, 0xff,
    0x80, 0x0, 0x0, 0x3, 0xff, 0xff, 0x87, 0xff,
    0xff, 0x0, 0x0, 0x0, 0x7, 0xff, 0xff, 0xf,
    0xff, 0xfe, 0x0, 0x0, 0x0, 0x1f, 0xff, 0xfe,
    0x1f, 0xff, 0xfc, 0x0, 0x0, 0x0, 0x3f, 0xff,
    0xf8, 0x3f, 0xff, 0xf8, 0x0, 0x0, 0x0, 0xff,
    0xff, 0xf0, 0x7f, 0xff, 0xf0, 0x0, 0x0, 0x3,
    0xff, 0xff, 0xe0, 0xff, 0xff, 0xe0, 0x0, 0x0,
    0xf, 0xff, 0xff, 0x81, 0xff, 0xff, 0xc0, 0x0,
    0x0, 0x7f, 0xff, 0xff, 0x3, 0xff, 0xff, 0x80,
    0x0, 0x7, 0xff, 0xff, 0xfc, 0x7, 0xff, 0xff,
    0xff, 0xff, 0xff, 0xff, 0xff, 0xf0, 0xf, 0xff,
    0xff, 0xff, 0xff, 0xff, 0xff, 0xff, 0xe0, 0x1f,
    0xff, 0xff, 0xff, 0xff, 0xff, 0xff, 0xff, 0x80,
    0x3f, 0xff, 0xff, 0xff, 0xff, 0xff, 0xff, 0xfe,
    0x0, 0x7f, 0xff, 0xff, 0xff, 0xff, 0xff, 0xff,
    0xf8, 0x0, 0xff, 0xff, 0xff, 0xff, 0xff, 0xff,
    0xff, 0xc0, 0x1, 0xff, 0xff, 0xff, 0xff, 0xff,
    0xff, 0xff, 0x0, 0x3, 0xff, 0xff, 0xff, 0xff,
    0xff, 0xff, 0xf8, 0x0, 0x7, 0xff, 0xff, 0xff,
    0xff, 0xff, 0xff, 0xe0, 0x0, 0xf, 0xff, 0xff,
    0xff, 0xff, 0xff, 0xfe, 0x0, 0x0, 0x1f, 0xff,
    0xff, 0xff, 0xff, 0xff, 0xfe, 0x0, 0x0, 0x3f,
    0xff, 0xff, 0xff, 0xff, 0xff, 0xfc, 0x0, 0x0,
    0x7f, 0xff, 0xff, 0xff, 0xff, 0xff, 0xfc, 0x0,
    0x0, 0xff, 0xff, 0xff, 0xff, 0xff, 0xff, 0xf8,
    0x0, 0x1, 0xff, 0xff, 0xc0, 0x0, 0x7f, 0xff,
    0xf8, 0x0, 0x3, 0xff, 0xff, 0x80, 0x0, 0x7f,
    0xff, 0xf8, 0x0, 0x7, 0xff, 0xff, 0x0, 0x0,
    0xff, 0xff, 0xf0, 0x0, 0xf, 0xff, 0xfe, 0x0,
    0x0, 0xff, 0xff, 0xf0, 0x0, 0x1f, 0xff, 0xfc,
    0x0, 0x1, 0xff, 0xff, 0xe0, 0x0, 0x3f, 0xff,
    0xf8, 0x0, 0x1, 0xff, 0xff, 0xe0, 0x0, 0x7f,
    0xff, 0xf0, 0x0, 0x3, 0xff, 0xff, 0xc0, 0x0,
    0xff, 0xff, 0xe0, 0x0, 0x3, 0xff, 0xff, 0xc0,
    0x1, 0xff, 0xff, 0xc0, 0x0, 0x7, 0xff, 0xff,
    0x80, 0x3, 0xff, 0xff, 0x80, 0x0, 0x7, 0xff,
    0xff, 0x80, 0x7, 0xff, 0xff, 0x0, 0x0, 0xf,
    0xff, 0xff, 0x0, 0xf, 0xff, 0xfe, 0x0, 0x0,
    0xf, 0xff, 0xff, 0x0, 0x1f, 0xff, 0xfc, 0x0,
    0x0, 0x1f, 0xff, 0xfe, 0x0, 0x3f, 0xff, 0xf8,
    0x0, 0x0, 0x1f, 0xff, 0xfe, 0x0, 0x7f, 0xff,
    0xf0, 0x0, 0x0, 0x3f, 0xff, 0xfc, 0x0, 0xff,
    0xff, 0xe0, 0x0, 0x0, 0x3f, 0xff, 0xfc, 0x1,
    0xff, 0xff, 0xc0, 0x0, 0x0, 0x7f, 0xff, 0xfc,
    0x3, 0xff, 0xff, 0x80, 0x0, 0x0, 0x7f, 0xff,
    0xf8, 0x7, 0xff, 0xff, 0x0, 0x0, 0x0, 0xff,
    0xff, 0xf8, 0xf, 0xff, 0xfe, 0x0, 0x0, 0x0,
    0xff, 0xff, 0xf0, 0x1f, 0xff, 0xfc, 0x0, 0x0,
    0x0, 0xff, 0xff, 0xf0, 0x3f, 0xff, 0xf8, 0x0,
    0x0, 0x1, 0xff, 0xff, 0xe0, 0x7f, 0xff, 0xf0,
    0x0, 0x0, 0x1, 0xff, 0xff, 0xe0, 0xff, 0xff,
    0xe0, 0x0, 0x0, 0x3, 0xff, 0xff, 0xc1, 0xff,
    0xff, 0xc0, 0x0, 0x0, 0x3, 0xff, 0xff, 0xc3,
    0xff, 0xff, 0x80, 0x0, 0x0, 0x7, 0xff, 0xff,
    0x87, 0xff, 0xff, 0x0, 0x0, 0x0, 0x7, 0xff,
    0xff, 0x8f, 0xff, 0xfe, 0x0, 0x0, 0x0, 0xf,
    0xff, 0xff, 0x1f, 0xff, 0xfc, 0x0, 0x0, 0x0,
    0xf, 0xff, 0xff, 0x3f, 0xff, 0xf8, 0x0, 0x0,
    0x0, 0x1f, 0xff, 0xfe, 0x7f, 0xff, 0xf0, 0x0,
    0x0, 0x0, 0x1f, 0xff, 0xfe, 0xff, 0xff, 0xe0,
    0x0, 0x0, 0x0, 0x3f, 0xff, 0xff, 0xff, 0xff,
    0xc0, 0x0, 0x0, 0x0, 0x3f, 0xff, 0xff, 0xff,
    0xff, 0x80, 0x0, 0x0, 0x0, 0x0, 0x0, 0x0,

    /* U+0053 "S" */
    0x0, 0x0, 0x0, 0x7, 0xff, 0xf0, 0x0, 0x0,
    0x0, 0x0, 0x0, 0x3, 0xff, 0xff, 0xfe, 0x0,
    0x0, 0x0, 0x0, 0x0, 0x7f, 0xff, 0xff, 0xff,
    0x0, 0x0, 0x0, 0x0, 0x7, 0xff, 0xff, 0xff,
    0xff, 0x0, 0x0, 0x0, 0x0, 0xff, 0xff, 0xff,
    0xff, 0xff, 0x0, 0x0, 0x0, 0x7, 0xff, 0xff,
    0xff, 0xff, 0xff, 0x0, 0x0, 0x0, 0x7f, 0xff,
    0xff, 0xff, 0xff, 0xfe, 0x0, 0x0, 0x3, 0xff,
    0xff, 0xff, 0xff, 0xff, 0xfc, 0x0, 0x0, 0x1f,
    0xff, 0xff, 0xff, 0xff, 0xff, 0xfc, 0x0, 0x0,
    0xff, 0xff, 0xff, 0xff, 0xff, 0xff, 0xf8, 0x0,
    0x7, 0xff, 0xff, 0xff, 0xff, 0xff, 0xff, 0xf0,
    0x0, 0x3f, 0xff, 0xff, 0xff, 0xff, 0xff, 0xff,
    0xc0, 0x1, 0xff, 0xff, 0xff, 0xff, 0xff, 0xff,
    0xff, 0x80, 0xf, 0xff, 0xff, 0xff, 0xff, 0xff,
    0xff, 0xff, 0x0, 0x3f, 0xff, 0xff, 0xf0, 0x3,
    0xff, 0xff, 0xfe, 0x1, 0xff, 0xff, 0xfe, 0x0,
    0x1, 0xff, 0xff, 0xf8, 0x7, 0xff, 0xff, 0xe0,
    0x0, 0x3, 0xff, 0xff, 0xf0, 0x3f, 0xff, 0xfe,
    0x0, 0x0, 0x3, 0xff, 0xff, 0xc0, 0xff, 0xff,
    0xf0, 0x0, 0x0, 0x7, 0xff, 0xff, 0x3, 0xff,
    0xff, 0xc0, 0x0, 0x0, 0xf, 0xff, 0xfe, 0x1f,
    0xff, 0xfe, 0x0, 0x0, 0x0, 0x3f, 0xff, 0xf8,
    0x7f, 0xff, 0xf8, 0x0, 0x0, 0x0, 0x7f, 0xff,
    0xe1, 0xff, 0xff, 0xc0, 0x0, 0x0, 0x1, 0xff,
    0xff, 0xc7, 0xff, 0xff, 0x0, 0x0, 0x0, 0x7,
    0xff, 0xff, 0x1f, 0xff, 0xfc, 0x0, 0x0, 0x0,
    0xf, 0xff, 0xfc, 0x7f, 0xff, 0xf0, 0x0, 0x0,
    0x0, 0x3f, 0xff, 0xf1, 0xff, 0xff, 0xc0, 0x0,
    0x0, 0x0, 0xff, 0xff, 0xc7, 0xff, 0xff, 0x0,
    0x0, 0x0, 0x3, 0xff, 0xff, 0x1f, 0xff, 0xfe,
    0x0, 0x0, 0x0, 0x0, 0x0, 0x0, 0x7f, 0xff,
    0xf8, 0x0, 0x0, 0x0, 0x0, 0x0, 0x0, 0xff,
    0xff, 0xf0, 0x0, 0x0, 0x0, 0x0, 0x0, 0x3,
    0xff, 0xff, 0xe0, 0x0, 0x0, 0x0, 0x0, 0x0,
    0xf, 0xff, 0xff, 0xc0, 0x0, 0x0, 0x0, 0x0,
    0x0, 0x3f, 0xff, 0xff, 0xc0, 0x0, 0x0, 0x0,
    0x0, 0x0, 0x7f, 0xff, 0xff, 0xc0, 0x0, 0x0,
    0x0, 0x0, 0x1, 0xff, 0xff, 0xff, 0xc0, 0x0,
    0x0, 0x0, 0x0, 0x3, 0xff, 0xff, 0xff, 0xc0,
    0x0, 0x0, 0x0, 0x0, 0x7, 0xff, 0xff, 0xff,
    0xe0, 0x0, 0x0, 0x0, 0x0, 0x1f, 0xff, 0xff,
    0xff, 0xf0, 0x0, 0x0, 0x0, 0x0, 0x3f, 0xff,
    0xff, 0xff, 0xf8, 0x0, 0x0, 0x0, 0x0, 0x7f,
    0xff, 0xff, 0xff, 0xfc, 0x0, 0x0, 0x0, 0x0,
    0xff, 0xff, 0xff, 0xff, 0xfe, 0x0, 0x0, 0x0,
    0x1, 0xff, 0xff, 0xff, 0xff, 0xfe, 0x0, 0x0,
    0x0, 0x3, 0xff, 0xff, 0xff, 0xff, 0xfe, 0x0,
    0x0, 0x0, 0x3, 0xff, 0xff, 0xff, 0xff, 0xfe,
    0x0, 0x0, 0x0, 0x7, 0xff, 0xff, 0xff, 0xff,
    0xfe, 0x0, 0x0, 0x0, 0x7, 0xff, 0xff, 0xff,
    0xff, 0xfc, 0x0, 0x0, 0x0, 0x7, 0xff, 0xff,
    0xff, 0xff, 0xfc, 0x0, 0x0, 0x0, 0xf, 0xff,
    0xff, 0xff, 0xff, 0xf8, 0x0, 0x0, 0x0, 0x7,
    0xff, 0xff, 0xff, 0xff, 0xf0, 0x0, 0x0, 0x0,
    0x7, 0xff, 0xff, 0xff, 0xff, 0xe0, 0x0, 0x0,
    0x0, 0x3, 0xff, 0xff, 0xff, 0xff, 0xc0, 0x0,
    0x0, 0x0, 0x3, 0xff, 0xff, 0xff, 0xff, 0x80,
    0x0, 0x0, 0x0, 0x1, 0xff, 0xff, 0xff, 0xff,
    0x0, 0x0, 0x0, 0x0, 0x0, 0xff, 0xff, 0xff,
    0xfc, 0x0, 0x0, 0x0, 0x0, 0x0, 0x7f, 0xff,
    0xff, 0xf8, 0x0, 0x0, 0x0, 0x0, 0x0, 0x3f,
    0xff, 0xff, 0xe0, 0x0, 0x0, 0x0, 0x0, 0x0,
    0x3f, 0xff, 0xff, 0xc0, 0x0, 0x0, 0x0, 0x0,
    0x0, 0x3f, 0xff, 0xff, 0x0, 0x0, 0x0, 0x0,
    0x0, 0x0, 0x7f, 0xff, 0xfe, 0x0, 0x0, 0x0,
    0x0, 0x0, 0x0, 0x7f, 0xff, 0xf8, 0x0, 0x0,
    0x0, 0x0, 0x0, 0x0, 0xff, 0xff, 0xe0, 0x0,
    0x0, 0x0, 0x0, 0x0, 0x1, 0xff, 0xff, 0xc0,
    0x0, 0x0, 0x0, 0x0, 0x0, 0x7, 0xff, 0xff,
    0xff, 0xff, 0xe0, 0x0, 0x0, 0x0, 0x1f, 0xff,
    0xff, 0xff, 0xff, 0x80, 0x0, 0x0, 0x0, 0x3f,
    0xff, 0xff, 0xff, 0xfe, 0x0, 0x0, 0x0, 0x0,
    0xff, 0xff, 0xff, 0xff, 0xf8, 0x0, 0x0, 0x0,
    0x3, 0xff, 0xff, 0xff, 0xff, 0xf0, 0x0, 0x0,
    0x0, 0xf, 0xff, 0xfd, 0xff, 0xff, 0xc0, 0x0,
    0x0, 0x0, 0x3f, 0xff, 0xf7, 0xff, 0xff, 0x0,
    0x0, 0x0, 0x0, 0xff, 0xff, 0xdf, 0xff, 0xfe,
    0x0, 0x0, 0x0, 0x3, 0xff, 0xff, 0x7f, 0xff,
    0xf8, 0x0, 0x0, 0x0, 0x1f, 0xff, 0xfc, 0xff,
    0xff, 0xf0, 0x0, 0x0, 0x0, 0x7f, 0xff, 0xe3,
    0xff, 0xff, 0xe0, 0x0, 0x0, 0x3, 0xff, 0xff,
    0x87, 0xff, 0xff, 0xc0, 0x0, 0x0, 0x1f, 0xff,
    0xfe, 0x1f, 0xff, 0xff, 0xc0, 0x0, 0x0, 0xff,
    0xff, 0xf8, 0x3f, 0xff, 0xff, 0xc0, 0x0, 0xf,
    0xff, 0xff, 0xc0, 0xff, 0xff, 0xff, 0xf0, 0x1,
    0xff, 0xff, 0xff, 0x1, 0xff, 0xff, 0xff, 0xff,
    0xff, 0xff, 0xff, 0xf8, 0x3, 0xff, 0xff, 0xff,
    0xff, 0xff, 0xff, 0xff, 0xe0, 0x7, 0xff, 0xff,
    0xff, 0xff, 0xff, 0xff, 0xff, 0x0, 0xf, 0xff,
    0xff, 0xff, 0xff, 0xff, 0xff, 0xf8, 0x0, 0x1f,
    0xff, 0xff, 0xff, 0xff, 0xff, 0xff, 0xc0, 0x0,
    0x3f, 0xff, 0xff, 0xff, 0xff, 0xff, 0xfe, 0x0,
    0x0, 0x7f, 0xff, 0xff, 0xff, 0xff, 0xff, 0xf0,
    0x0, 0x0, 0x7f, 0xff, 0xff, 0xff, 0xff, 0xff,
    0x80, 0x0, 0x0, 0xff, 0xff, 0xff, 0xff, 0xff,
    0xf8, 0x0, 0x0, 0x0, 0xff, 0xff, 0xff, 0xff,
    0xff, 0xc0, 0x0, 0x0, 0x0, 0xff, 0xff, 0xff,
    0xff, 0xfc, 0x0, 0x0, 0x0, 0x0, 0x7f, 0xff,
    0xff, 0xff, 0x80, 0x0, 0x0, 0x0, 0x0, 0x1f,
    0xff, 0xff, 0xf0, 0x0, 0x0, 0x0, 0x0, 0x0,
    0x3, 0xff, 0xf8, 0x0, 0x0, 0x0,

    /* U+0054 "T" */
    0xff, 0xff, 0xff, 0xff, 0xff, 0xff, 0xff, 0xff,
    0xff, 0xff, 0xff, 0xff, 0xff, 0xff, 0xff, 0xff,
    0xff, 0xff, 0xff, 0xff, 0xff, 0xff, 0xff, 0xff,
    0xff, 0xff, 0xff, 0xff, 0xff, 0xff, 0xff, 0xff,
    0xff, 0xff, 0xff, 0xff, 0xff, 0xff, 0xff, 0xff,
    0xff, 0xff, 0xff, 0xff, 0xff, 0xff, 0xff, 0xff,
    0xff, 0xff, 0xff, 0xff, 0xff, 0xff, 0xff, 0xff,
    0xff, 0xff, 0xff, 0xff, 0xff, 0xff, 0xff, 0xff,
    0xff, 0xff, 0xff, 0xff, 0xff, 0xff, 0xff, 0xff,
    0xff, 0xff, 0xff, 0xff, 0xff, 0xff, 0xff, 0xff,
    0xff, 0xff, 0xff, 0xff, 0xff, 0xff, 0xff, 0xff,
    0xff, 0xff, 0xff, 0xff, 0xff, 0xff, 0xff, 0xff,
    0xff, 0xff, 0xff, 0xff, 0xff, 0xff, 0xff, 0xff,
    0xff, 0xff, 0xff, 0xff, 0xff, 0xff, 0xff, 0xff,
    0xff, 0xff, 0xff, 0xff, 0xff, 0xff, 0xff, 0xff,
    0xff, 0xff, 0xff, 0xff, 0xff, 0xff, 0xff, 0xff,
    0xff, 0xff, 0xff, 0xc0, 0x0, 0x0, 0x3, 0xff,
    0xff, 0x0, 0x0, 0x0, 0x0, 0x0, 0x0, 0x0,
    0x7f, 0xff, 0xe0, 0x0, 0x0, 0x0, 0x0, 0x0,
    0x0, 0xf, 0xff, 0xfc, 0x0, 0x0, 0x0, 0x0,
    0x0, 0x0, 0x1, 0xff, 0xff, 0x80, 0x0, 0x0,
    0x0, 0x0, 0x0, 0x0, 0x3f, 0xff, 0xf0, 0x0,
    0x0, 0x0, 0x0, 0x0, 0x0, 0x7, 0xff, 0xfe,
    0x0, 0x0, 0x0, 0x0, 0x0, 0x0, 0x0, 0xff,
    0xff, 0xc0, 0x0, 0x0, 0x0, 0x0, 0x0, 0x0,
    0x1f, 0xff, 0xf8, 0x0, 0x0, 0x0, 0x0, 0x0,
    0x0, 0x3, 0xff, 0xff, 0x0, 0x0, 0x0, 0x0,
    0x0, 0x0, 0x0, 0x7f, 0xff, 0xe0, 0x0, 0x0,
    0x0, 0x0, 0x0, 0x0, 0xf, 0xff, 0xfc, 0x0,
    0x0, 0x0, 0x0, 0x0, 0x0, 0x1, 0xff, 0xff,
    0x80, 0x0, 0x0, 0x0, 0x0, 0x0, 0x0, 0x3f,
    0xff, 0xf0, 0x0, 0x0, 0x0, 0x0, 0x0, 0x0,
    0x7, 0xff, 0xfe, 0x0, 0x0, 0x0, 0x0, 0x0,
    0x0, 0x0, 0xff, 0xff, 0xc0, 0x0, 0x0, 0x0,
    0x0, 0x0, 0x0, 0x1f, 0xff, 0xf8, 0x0, 0x0,
    0x0, 0x0, 0x0, 0x0, 0x3, 0xff, 0xff, 0x0,
    0x0, 0x0, 0x0, 0x0, 0x0, 0x0, 0x7f, 0xff,
    0xe0, 0x0, 0x0, 0x0, 0x0, 0x0, 0x0, 0xf,
    0xff, 0xfc, 0x0, 0x0, 0x0, 0x0, 0x0, 0x0,
    0x1, 0xff, 0xff, 0x80, 0x0, 0x0, 0x0, 0x0,
    0x0, 0x0, 0x3f, 0xff, 0xf0, 0x0, 0x0, 0x0,
    0x0, 0x0, 0x0, 0x7, 0xff, 0xfe, 0x0, 0x0,
    0x0, 0x0, 0x0, 0x0, 0x0, 0xff, 0xff, 0xc0,
    0x0, 0x0, 0x0, 0x0, 0x0, 0x0, 0x1f, 0xff,
    0xf8, 0x0, 0x0, 0x0, 0x0, 0x0, 0x0, 0x3,
    0xff, 0xff, 0x0, 0x0, 0x0, 0x0, 0x0, 0x0,
    0x0, 0x7f, 0xff, 0xe0, 0x0, 0x0, 0x0, 0x0,
    0x0, 0x0, 0xf, 0xff, 0xfc, 0x0, 0x0, 0x0,
    0x0, 0x0, 0x0, 0x1, 0xff, 0xff, 0x80, 0x0,
    0x0, 0x0, 0x0, 0x0, 0x0, 0x3f, 0xff, 0xf0,
    0x0, 0x0, 0x0, 0x0, 0x0, 0x0, 0x7, 0xff,
    0xfe, 0x0, 0x0, 0x0, 0x0, 0x0, 0x0, 0x0,
    0xff, 0xff, 0xc0, 0x0, 0x0, 0x0, 0x0, 0x0,
    0x0, 0x1f, 0xff, 0xf8, 0x0, 0x0, 0x0, 0x0,
    0x0, 0x0, 0x3, 0xff, 0xff, 0x0, 0x0, 0x0,
    0x0, 0x0, 0x0, 0x0, 0x7f, 0xff, 0xe0, 0x0,
    0x0, 0x0, 0x0, 0x0, 0x0, 0xf, 0xff, 0xfc,
    0x0, 0x0, 0x0, 0x0, 0x0, 0x0, 0x1, 0xff,
    0xff, 0x80, 0x0, 0x0, 0x0, 0x0, 0x0, 0x0,
    0x3f, 0xff, 0xf0, 0x0, 0x0, 0x0, 0x0, 0x0,
    0x0, 0x7, 0xff, 0xfe, 0x0, 0x0, 0x0, 0x0,
    0x0, 0x0, 0x0, 0xff, 0xff, 0xc0, 0x0, 0x0,
    0x0, 0x0, 0x0, 0x0, 0x1f, 0xff, 0xf8, 0x0,
    0x0, 0x0, 0x0, 0x0, 0x0, 0x3, 0xff, 0xff,
    0x0, 0x0, 0x0, 0x0, 0x0, 0x0, 0x0, 0x7f,
    0xff, 0xe0, 0x0, 0x0, 0x0, 0x0, 0x0, 0x0,
    0xf, 0xff, 0xfc, 0x0, 0x0, 0x0, 0x0, 0x0,
    0x0, 0x1, 0xff, 0xff, 0x80, 0x0, 0x0, 0x0,
    0x0, 0x0, 0x0, 0x3f, 0xff, 0xf0, 0x0, 0x0,
    0x0, 0x0, 0x0, 0x0, 0x7, 0xff, 0xfe, 0x0,
    0x0, 0x0, 0x0, 0x0, 0x0, 0x0, 0xff, 0xff,
    0xc0, 0x0, 0x0, 0x0, 0x0, 0x0, 0x0, 0x1f,
    0xff, 0xf8, 0x0, 0x0, 0x0, 0x0, 0x0, 0x0,
    0x3, 0xff, 0xff, 0x0, 0x0, 0x0, 0x0, 0x0,
    0x0, 0x0, 0x7f, 0xff, 0xe0, 0x0, 0x0, 0x0,
    0x0, 0x0, 0x0, 0xf, 0xff, 0xfc, 0x0, 0x0,
    0x0, 0x0, 0x0, 0x0, 0x1, 0xff, 0xff, 0x80,
    0x0, 0x0, 0x0, 0x0, 0x0, 0x0, 0x3f, 0xff,
    0xf0, 0x0, 0x0, 0x0, 0x0, 0x0, 0x0, 0x7,
    0xff, 0xfe, 0x0, 0x0, 0x0, 0x0, 0x0, 0x0,
    0x0, 0xff, 0xff, 0xc0, 0x0, 0x0, 0x0, 0x0,
    0x0, 0x0, 0x1f, 0xff, 0xf8, 0x0, 0x0, 0x0,
    0x0, 0x0, 0x0, 0x3, 0xff, 0xff, 0x0, 0x0,
    0x0, 0x0, 0x0, 0x0, 0x0, 0x7f, 0xff, 0xe0,
    0x0, 0x0, 0x0, 0x0, 0x0, 0x0, 0xf, 0xff,
    0xfc, 0x0, 0x0, 0x0, 0x0, 0x0, 0x0, 0x1,
    0xff, 0xff, 0x80, 0x0, 0x0, 0x0, 0x0, 0x0,
    0x0, 0x3f, 0xff, 0xf0, 0x0, 0x0, 0x0, 0x0,
    0x0, 0x0, 0x7, 0xff, 0xfe, 0x0, 0x0, 0x0,
    0x0, 0x0, 0x0, 0x0, 0xff, 0xff, 0xc0, 0x0,
    0x0, 0x0, 0x0, 0x0, 0x0, 0x1f, 0xff, 0xf8,
    0x0, 0x0, 0x0, 0x0, 0x0, 0x0, 0x3, 0xff,
    0xff, 0x0, 0x0, 0x0, 0x0, 0x0, 0x0, 0x0,
    0x7f, 0xff, 0xe0, 0x0, 0x0, 0x0, 0x0, 0x0,
    0x0, 0xf, 0xff, 0xfc, 0x0, 0x0, 0x0, 0x0,
    0x0, 0x0, 0x1, 0xff, 0xff, 0x80, 0x0, 0x0,
    0x0, 0x0, 0x0, 0x0, 0x3f, 0xff, 0xf0, 0x0,
    0x0, 0x0, 0x0, 0x0, 0x0, 0x7, 0xff, 0xfe,
    0x0, 0x0, 0x0, 0x0, 0x0, 0x0, 0x0, 0xff,
    0xff, 0xc0, 0x0, 0x0, 0x0, 0x0, 0x0, 0x0,
    0x1f, 0xff, 0xf8, 0x0, 0x0, 0x0, 0x0, 0x0,
    0x0, 0x3, 0xff, 0xff, 0x0, 0x0, 0x0, 0x0,
    0x0, 0x0, 0x0, 0x7f, 0xff, 0xe0, 0x0, 0x0,
    0x0, 0x0, 0x0, 0x0, 0xf, 0xff, 0xfc, 0x0,
    0x0, 0x0, 0x0, 0x0, 0x0, 0x1, 0xff, 0xff,
    0x80, 0x0, 0x0, 0x0, 0x0, 0x0, 0x0, 0x3f,
    0xff, 0xf0, 0x0, 0x0, 0x0, 0x0,

    /* U+0055 "U" */
    0xff, 0xff, 0xe0, 0x0, 0x0, 0x0, 0x1f, 0xff,
    0xff, 0xff, 0xff, 0x0, 0x0, 0x0, 0x0, 0xff,
    0xff, 0xff, 0xff, 0xf8, 0x0, 0x0, 0x0, 0x7,
    0xff, 0xff, 0xff, 0xff, 0xc0, 0x0, 0x0, 0x0,
    0x3f, 0xff, 0xff, 0xff, 0xfe, 0x0, 0x0, 0x0,
    0x1, 0xff, 0xff, 0xff, 0xff, 0xf0, 0x0, 0x0,
    0x0, 0xf, 0xff, 0xff, 0xff, 0xff, 0x80, 0x0,
    0x0, 0x0, 0x7f, 0xff, 0xff, 0xff, 0xfc, 0x0,
    0x0, 0x0, 0x3, 0xff, 0xff, 0xff, 0xff, 0xe0,
    0x0, 0x0, 0x0, 0x1f, 0xff, 0xff, 0xff, 0xff,
    0x0, 0x0, 0x0, 0x0, 0xff, 0xff, 0xff, 0xff,
    0xf8, 0x0, 0x0, 0x0, 0x7, 0xff, 0xff, 0xff,
    0xff, 0xc0, 0x0, 0x0, 0x0, 0x3f, 0xff, 0xff,
    0xff, 0xfe, 0x0, 0x0, 0x0, 0x1, 0xff, 0xff,
    0xff, 0xff, 0xf0, 0x0, 0x0, 0x0, 0xf, 0xff,
    0xff, 0xff, 0xff, 0x80, 0x0, 0x0, 0x0, 0x7f,
    0xff, 0xff, 0xff, 0xfc, 0x0, 0x0, 0x0, 0x3,
    0xff, 0xff, 0xff, 0xff, 0xe0, 0x0, 0x0, 0x0,
    0x1f, 0xff, 0xff, 0xff, 0xff, 0x0, 0x0, 0x0,
    0x0, 0xff, 0xff, 0xff, 0xff, 0xf8, 0x0, 0x0,
    0x0, 0x7, 0xff, 0xff, 0xff, 0xff, 0xc0, 0x0,
    0x0, 0x0, 0x3f, 0xff, 0xff, 0xff, 0xfe, 0x0,
    0x0, 0x0, 0x1, 0xff, 0xff, 0xff, 0xff, 0xf0,
    0x0, 0x0, 0x0, 0xf, 0xff, 0xff, 0xff, 0xff,
    0x80, 0x0, 0x0, 0x0, 0x7f, 0xff, 0xff, 0xff,
    0xfc, 0x0, 0x0, 0x0, 0x3, 0xff, 0xff, 0xff,
    0xff, 0xe0, 0x0, 0x0, 0x0, 0x1f, 0xff, 0xff,
    0xff, 0xff, 0x0, 0x0, 0x0, 0x0, 0xff, 0xff,
    0xff, 0xff, 0xf8, 0x0, 0x0, 0x0, 0x7, 0xff,
    0xff, 0xff, 0xff, 0xc0, 0x0, 0x0, 0x0, 0x3f,
    0xff, 0xff, 0xff, 0xfe, 0x0, 0x0, 0x0, 0x1,
    0xff, 0xff, 0xff, 0xff, 0xf0, 0x0, 0x0, 0x0,
    0xf, 0xff, 0xff, 0xff, 0xff, 0x80, 0x0, 0x0,
    0x0, 0x7f, 0xff, 0xff, 0xff, 0xfc, 0x0, 0x0,
    0x0, 0x3, 0xff, 0xff, 0xff, 0xff, 0xe0, 0x0,
    0x0, 0x0, 0x1f, 0xff, 0xff, 0xff, 0xff, 0x0,
    0x0, 0x0, 0x0, 0xff, 0xff, 0xff, 0xff, 0xf8,
    0x0, 0x0, 0x0, 0x7, 0xff, 0xff, 0xff, 0xff,
    0xc0, 0x0, 0x0, 0x0, 0x3f, 0xff, 0xff, 0xff,
    0xfe, 0x0, 0x0, 0x0, 0x1, 0xff, 0xff, 0xff,
    0xff, 0xf0, 0x0, 0x0, 0x0, 0xf, 0xff, 0xff,
    0xff, 0xff, 0x80, 0x0, 0x0, 0x0, 0x7f, 0xff,
    0xff, 0xff, 0xfc, 0x0, 0x0, 0x0, 0x3, 0xff,
    0xff, 0xff, 0xff, 0xe0, 0x0, 0x0, 0x0, 0x1f,
    0xff, 0xff, 0xff, 0xff, 0x0, 0x0, 0x0, 0x0,
    0xff, 0xff, 0xff, 0xff, 0xf8, 0x0, 0x0, 0x0,
    0x7, 0xff, 0xff, 0xff, 0xff, 0xc0, 0x0, 0x0,
    0x0, 0x3f, 0xff, 0xff, 0xff, 0xfe, 0x0, 0x0,
    0x0, 0x1, 0xff, 0xff, 0xff, 0xff, 0xf0, 0x0,
    0x0, 0x0, 0xf, 0xff, 0xff, 0xff, 0xff, 0x80,
    0x0, 0x0, 0x0, 0x7f, 0xff, 0xff, 0xff, 0xfc,
    0x0, 0x0, 0x0, 0x3, 0xff, 0xff, 0xff, 0xff,
    0xe0, 0x0, 0x0, 0x0, 0x1f, 0xff, 0xff, 0xff,
    0xff, 0x0, 0x0, 0x0, 0x0, 0xff, 0xff, 0xff,
    0xff, 0xf8, 0x0, 0x0, 0x0, 0x7, 0xff, 0xff,
    0xff, 0xff, 0xc0, 0x0, 0x0, 0x0, 0x3f, 0xff,
    0xff, 0xff, 0xfe, 0x0, 0x0, 0x0, 0x1, 0xff,
    0xff, 0xff, 0xff, 0xf0, 0x0, 0x0, 0x0, 0xf,
    0xff, 0xff, 0xff, 0xff, 0x80, 0x0, 0x0, 0x0,
    0x7f, 0xff, 0xff, 0xff, 0xfc, 0x0, 0x0, 0x0,
    0x3, 0xff, 0xff, 0xff, 0xff, 0xe0, 0x0, 0x0,
    0x0, 0x1f, 0xff, 0xff, 0xff, 0xff, 0x0, 0x0,
    0x0, 0x0, 0xff, 0xff, 0xff, 0xff, 0xf8, 0x0,
    0x0, 0x0, 0x7, 0xff, 0xff, 0xff, 0xff, 0xc0,
    0x0, 0x0, 0x0, 0x3f, 0xff, 0xff, 0xff, 0xfe,
    0x0, 0x0, 0x0, 0x1, 0xff, 0xff, 0xff, 0xff,
    0xf0, 0x0, 0x0, 0x0, 0xf, 0xff, 0xff, 0xff,
    0xff, 0x80, 0x0, 0x0, 0x0, 0x7f, 0xff, 0xff,
    0xff, 0xfc, 0x0, 0x0, 0x0, 0x3, 0xff, 0xff,
    0xff, 0xff, 0xe0, 0x0, 0x0, 0x0, 0x1f, 0xff,
    0xff, 0xff, 0xff, 0x0, 0x0, 0x0, 0x0, 0xff,
    0xff, 0xff, 0xff, 0xf8, 0x0, 0x0, 0x0, 0x7,
    0xff, 0xff, 0xff, 0xff, 0xe0, 0x0, 0x0, 0x0,
    0x7f, 0xff, 0xe7, 0xff, 0xff, 0x0, 0x0, 0x0,
    0x3, 0xff, 0xff, 0x3f, 0xff, 0xf8, 0x0, 0x0,
    0x0, 0x1f, 0xff, 0xf9, 0xff, 0xff, 0xe0, 0x0,
    0x0, 0x1, 0xff, 0xff, 0xcf, 0xff, 0xff, 0x0,
    0x0, 0x0, 0xf, 0xff, 0xfe, 0x3f, 0xff, 0xfc,
    0x0, 0x0, 0x0, 0x7f, 0xff, 0xe1, 0xff, 0xff,
    0xe0, 0x0, 0x0, 0x7, 0xff, 0xff, 0xf, 0xff,
    0xff, 0x80, 0x0, 0x0, 0x7f, 0xff, 0xf8, 0x3f,
    0xff, 0xfe, 0x0, 0x0, 0x7, 0xff, 0xff, 0x81,
    0xff, 0xff, 0xf8, 0x0, 0x0, 0x7f, 0xff, 0xfc,
    0x7, 0xff, 0xff, 0xf0, 0x0, 0xf, 0xff, 0xff,
    0xc0, 0x3f, 0xff, 0xff, 0xf0, 0x3, 0xff, 0xff,
    0xfe, 0x0, 0xff, 0xff, 0xff, 0xff, 0xff, 0xff,
    0xff, 0xe0, 0x3, 0xff, 0xff, 0xff, 0xff, 0xff,
    0xff, 0xfe, 0x0, 0x1f, 0xff, 0xff, 0xff, 0xff,
    0xff, 0xff, 0xe0, 0x0, 0x7f, 0xff, 0xff, 0xff,
    0xff, 0xff, 0xff, 0x0, 0x1, 0xff, 0xff, 0xff,
    0xff, 0xff, 0xff, 0xf0, 0x0, 0x7, 0xff, 0xff,
    0xff, 0xff, 0xff, 0xff, 0x0, 0x0, 0x1f, 0xff,
    0xff, 0xff, 0xff, 0xff, 0xf0, 0x0, 0x0, 0x3f,
    0xff, 0xff, 0xff, 0xff, 0xfe, 0x0, 0x0, 0x0,
    0xff, 0xff, 0xff, 0xff, 0xff, 0xe0, 0x0, 0x0,
    0x1, 0xff, 0xff, 0xff, 0xff, 0xfc, 0x0, 0x0,
    0x0, 0x3, 0xff, 0xff, 0xff, 0xff, 0x80, 0x0,
    0x0, 0x0, 0x7, 0xff, 0xff, 0xff, 0xf0, 0x0,
    0x0, 0x0, 0x0, 0x7, 0xff, 0xff, 0xfc, 0x0,
    0x0, 0x0, 0x0, 0x0, 0x1, 0xff, 0xfc, 0x0,
    0x0, 0x0, 0x0,

    /* U+0056 "V" */
    0x7f, 0xff, 0xf8, 0x0, 0x0, 0x0, 0x0, 0x3,
    0xff, 0xff, 0xef, 0xff, 0xff, 0x80, 0x0, 0x0,
    0x0, 0x0, 0x7f, 0xff, 0xfd, 0xff, 0xff, 0xf0,
    0x0, 0x0, 0x0, 0x0, 0xf, 0xff, 0xff, 0x1f,
    0xff, 0xfe, 0x0, 0x0, 0x0, 0x0, 0x3, 0xff,
    0xff, 0xe3, 0xff, 0xff, 0xe0, 0x0, 0x0, 0x0,
    0x0, 0x7f, 0xff, 0xfc, 0x7f, 0xff, 0xfc, 0x0,
    0x0, 0x0, 0x0, 0xf, 0xff, 0xff, 0x7, 0xff,
    0xff, 0x80, 0x0, 0x0, 0x0, 0x3, 0xff, 0xff,
    0xe0, 0xff, 0xff, 0xf0, 0x0, 0x0, 0x0, 0x0,
    0x7f, 0xff, 0xfc, 0x1f, 0xff, 0xff, 0x0, 0x0,
    0x0, 0x0, 0xf, 0xff, 0xff, 0x1, 0xff, 0xff,
    0xe0, 0x0, 0x0, 0x0, 0x1, 0xff, 0xff, 0xe0,
    0x3f, 0xff, 0xfc, 0x0, 0x0, 0x0, 0x0, 0x7f,
    0xff, 0xfc, 0x7, 0xff, 0xff, 0xc0, 0x0, 0x0,
    0x0, 0xf, 0xff, 0xff, 0x0, 0x7f, 0xff, 0xf8,
    0x0, 0x0, 0x0, 0x1, 0xff, 0xff, 0xe0, 0xf,
    0xff, 0xff, 0x0, 0x0, 0x0, 0x0, 0x7f, 0xff,
    0xfc, 0x1, 0xff, 0xff, 0xf0, 0x0, 0x0, 0x0,
    0xf, 0xff, 0xff, 0x0, 0x1f, 0xff, 0xfe, 0x0,
    0x0, 0x0, 0x1, 0xff, 0xff, 0xe0, 0x3, 0xff,
    0xff, 0xc0, 0x0, 0x0, 0x0, 0x7f, 0xff, 0xfc,
    0x0, 0x7f, 0xff, 0xf8, 0x0, 0x0, 0x0, 0xf,
    0xff, 0xff, 0x0, 0x7, 0xff, 0xff, 0x80, 0x0,
    0x0, 0x1, 0xff, 0xff, 0xe0, 0x0, 0xff, 0xff,
    0xf0, 0x0, 0x0, 0x0, 0x3f, 0xff, 0xf8, 0x0,
    0xf, 0xff, 0xfe, 0x0, 0x0, 0x0, 0xf, 0xff,
    0xff, 0x0, 0x1, 0xff, 0xff, 0xe0, 0x0, 0x0,
    0x1, 0xff, 0xff, 0xe0, 0x0, 0x3f, 0xff, 0xfc,
    0x0, 0x0, 0x0, 0x3f, 0xff, 0xf8, 0x0, 0x3,
    0xff, 0xff, 0x80, 0x0, 0x0, 0xf, 0xff, 0xff,
    0x0, 0x0, 0x7f, 0xff, 0xf0, 0x0, 0x0, 0x1,
    0xff, 0xff, 0xe0, 0x0, 0xf, 0xff, 0xff, 0x0,
    0x0, 0x0, 0x3f, 0xff, 0xf8, 0x0, 0x0, 0xff,
    0xff, 0xe0, 0x0, 0x0, 0xf, 0xff, 0xff, 0x0,
    0x0, 0x1f, 0xff, 0xfc, 0x0, 0x0, 0x1, 0xff,
    0xff, 0xe0, 0x0, 0x3, 0xff, 0xff, 0xc0, 0x0,
    0x0, 0x3f, 0xff, 0xf8, 0x0, 0x0, 0x3f, 0xff,
    0xf8, 0x0, 0x0, 0x7, 0xff, 0xff, 0x0, 0x0,
    0x7, 0xff, 0xff, 0x0, 0x0, 0x1, 0xff, 0xff,
    0xe0, 0x0, 0x0, 0xff, 0xff, 0xf0, 0x0, 0x0,
    0x3f, 0xff, 0xf8, 0x0, 0x0, 0xf, 0xff, 0xfe,
    0x0, 0x0, 0x7, 0xff, 0xff, 0x0, 0x0, 0x1,
    0xff, 0xff, 0xc0, 0x0, 0x1, 0xff, 0xff, 0xe0,
    0x0, 0x0, 0x3f, 0xff, 0xf8, 0x0, 0x0, 0x3f,
    0xff, 0xf8, 0x0, 0x0, 0x3, 0xff, 0xff, 0x80,
    0x0, 0x7, 0xff, 0xff, 0x0, 0x0, 0x0, 0x7f,
    0xff, 0xf0, 0x0, 0x1, 0xff, 0xff, 0xe0, 0x0,
    0x0, 0xf, 0xff, 0xfe, 0x0, 0x0, 0x3f, 0xff,
    0xf8, 0x0, 0x0, 0x0, 0xff, 0xff, 0xe0, 0x0,
    0x7, 0xff, 0xff, 0x0, 0x0, 0x0, 0x1f, 0xff,
    0xfc, 0x0, 0x0, 0xff, 0xff, 0xe0, 0x0, 0x0,
    0x3, 0xff, 0xff, 0x80, 0x0, 0x3f, 0xff, 0xf8,
    0x0, 0x0, 0x0, 0x3f, 0xff, 0xf8, 0x0, 0x7,
    0xff, 0xff, 0x0, 0x0, 0x0, 0x7, 0xff, 0xff,
    0x0, 0x0, 0xff, 0xff, 0xc0, 0x0, 0x0, 0x0,
    0xff, 0xff, 0xe0, 0x0, 0x3f, 0xff, 0xf8, 0x0,
    0x0, 0x0, 0xf, 0xff, 0xfc, 0x0, 0x7, 0xff,
    0xff, 0x0, 0x0, 0x0, 0x1, 0xff, 0xff, 0xc0,
    0x0, 0xff, 0xff, 0xc0, 0x0, 0x0, 0x0, 0x1f,
    0xff, 0xf8, 0x0, 0x1f, 0xff, 0xf8, 0x0, 0x0,
    0x0, 0x3, 0xff, 0xff, 0x0, 0x7, 0xff, 0xff,
    0x0, 0x0, 0x0, 0x0, 0x7f, 0xff, 0xf0, 0x0,
    0xff, 0xff, 0xc0, 0x0, 0x0, 0x0, 0x7, 0xff,
    0xfe, 0x0, 0x1f, 0xff, 0xf8, 0x0, 0x0, 0x0,
    0x0, 0xff, 0xff, 0xc0, 0x7, 0xff, 0xff, 0x0,
    0x0, 0x0, 0x0, 0x1f, 0xff, 0xf8, 0x0, 0xff,
    0xff, 0xc0, 0x0, 0x0, 0x0, 0x1, 0xff, 0xff,
    0x80, 0x1f, 0xff, 0xf8, 0x0, 0x0, 0x0, 0x0,
    0x3f, 0xff, 0xf0, 0x7, 0xff, 0xff, 0x0, 0x0,
    0x0, 0x0, 0x7, 0xff, 0xfe, 0x0, 0xff, 0xff,
    0xc0, 0x0, 0x0, 0x0, 0x0, 0x7f, 0xff, 0xe0,
    0x1f, 0xff, 0xf8, 0x0, 0x0, 0x0, 0x0, 0xf,
    0xff, 0xfc, 0x3, 0xff, 0xff, 0x0, 0x0, 0x0,
    0x0, 0x1, 0xff, 0xff, 0x80, 0xff, 0xff, 0xc0,
    0x0, 0x0, 0x0, 0x0, 0x1f, 0xff, 0xf8, 0x1f,
    0xff, 0xf8, 0x0, 0x0, 0x0, 0x0, 0x3, 0xff,
    0xff, 0x3, 0xff, 0xff, 0x0, 0x0, 0x0, 0x0,
    0x0, 0x7f, 0xff, 0xe0, 0xff, 0xff, 0xc0, 0x0,
    0x0, 0x0, 0x0, 0x7, 0xff, 0xfc, 0x1f, 0xff,
    0xf8, 0x0, 0x0, 0x0, 0x0, 0x0, 0xff, 0xff,
    0xc3, 0xff, 0xff, 0x0, 0x0, 0x0, 0x0, 0x0,
    0x1f, 0xff, 0xf8, 0xff, 0xff, 0xc0, 0x0, 0x0,
    0x0, 0x0, 0x1, 0xff, 0xff, 0x1f, 0xff, 0xf8,
    0x0, 0x0, 0x0, 0x0, 0x0, 0x3f, 0xff, 0xf3,
    0xff, 0xfe, 0x0, 0x0, 0x0, 0x0, 0x0, 0x7,
    0xff, 0xfe, 0x7f, 0xff, 0xc0, 0x0, 0x0, 0x0,
    0x0, 0x0, 0x7f, 0xff, 0xdf, 0xff, 0xf8, 0x0,
    0x0, 0x0, 0x0, 0x0, 0xf, 0xff, 0xff, 0xff,
    0xfe, 0x0, 0x0, 0x0, 0x0, 0x0, 0x1, 0xff,
    0xff, 0xff, 0xff, 0xc0, 0x0, 0x0, 0x0, 0x0,
    0x0, 0x1f, 0xff, 0xff, 0xff, 0xf8, 0x0, 0x0,
    0x0, 0x0, 0x0, 0x3, 0xff, 0xff, 0xff, 0xfe,
    0x0, 0x0, 0x0, 0x0, 0x0, 0x0, 0x3f, 0xff,
    0xff, 0xff, 0xc0, 0x0, 0x0, 0x0, 0x0, 0x0,
    0x7, 0xff, 0xff, 0xff, 0xf8, 0x0, 0x0, 0x0,
    0x0, 0x0, 0x0, 0xff, 0xff, 0xff, 0xfe, 0x0,
    0x0, 0x0, 0x0, 0x0, 0x0, 0xf, 0xff, 0xff,
    0xff, 0xc0, 0x0, 0x0, 0x0, 0x0, 0x0, 0x1,
    0xff, 0xff, 0xff, 0xf8, 0x0, 0x0, 0x0, 0x0,
    0x0, 0x0, 0x3f, 0xff, 0xff, 0xfe, 0x0, 0x0,
    0x0, 0x0, 0x0, 0x0, 0x3, 0xff, 0xff, 0xff,
    0xc0, 0x0, 0x0, 0x0, 0x0, 0x0, 0x0, 0x7f,
    0xff, 0xff, 0xf8, 0x0, 0x0, 0x0, 0x0, 0x0,
    0x0, 0xf, 0xff, 0xff, 0xfe, 0x0, 0x0, 0x0,
    0x0, 0x0, 0x0, 0x0, 0xff, 0xff, 0xff, 0xc0,
    0x0, 0x0, 0x0, 0x0, 0x0, 0x0, 0x1f, 0xff,
    0xff, 0xf8, 0x0, 0x0, 0x0, 0x0, 0x0, 0x0,
    0x3, 0xff, 0xff, 0xfe, 0x0, 0x0, 0x0, 0x0,
    0x0, 0x0, 0x0, 0x3f, 0xff, 0xff, 0xc0, 0x0,
    0x0, 0x0, 0x0, 0x0, 0x0, 0x7, 0xff, 0xff,
    0xf0, 0x0, 0x0, 0x0, 0x0, 0x0, 0x0, 0x0,
    0xff, 0xff, 0xfe, 0x0, 0x0, 0x0, 0x0, 0x0,
    0x0, 0x0, 0xf, 0xff, 0xff, 0xc0, 0x0, 0x0,
    0x0, 0x0, 0x0, 0x0, 0x1, 0xff, 0xff, 0xf0,
    0x0, 0x0, 0x0, 0x0, 0x0, 0x0, 0x0, 0x3f,
    0xff, 0xfe, 0x0, 0x0, 0x0, 0x0, 0x0, 0x0,
    0x0, 0x3, 0xff, 0xff, 0xc0, 0x0, 0x0, 0x0,
    0x0,

    /* U+0057 "W" */
    0xff, 0xff, 0xe0, 0x0, 0x0, 0x3, 0xff, 0xfc,
    0x0, 0x0, 0x0, 0x7f, 0xff, 0xff, 0xff, 0xfe,
    0x0, 0x0, 0x0, 0x3f, 0xff, 0xc0, 0x0, 0x0,
    0x7, 0xff, 0xff, 0xff, 0xff, 0xe0, 0x0, 0x0,
    0x7, 0xff, 0xfe, 0x0, 0x0, 0x0, 0x7f, 0xff,
    0xe7, 0xff, 0xfe, 0x0, 0x0, 0x0, 0x7f, 0xff,
    0xe0, 0x0, 0x0, 0x7, 0xff, 0xfe, 0x7f, 0xff,
    0xe0, 0x0, 0x0, 0x7, 0xff, 0xfe, 0x0, 0x0,
    0x0, 0xff, 0xff, 0xe7, 0xff, 0xff, 0x0, 0x0,
    0x0, 0x7f, 0xff, 0xe0, 0x0, 0x0, 0xf, 0xff,
    0xfe, 0x7f, 0xff, 0xf0, 0x0, 0x0, 0xf, 0xff,
    0xfe, 0x0, 0x0, 0x0, 0xff, 0xff, 0xe3, 0xff,
    0xff, 0x0, 0x0, 0x0, 0xff, 0xff, 0xf0, 0x0,
    0x0, 0xf, 0xff, 0xfc, 0x3f, 0xff, 0xf0, 0x0,
    0x0, 0xf, 0xff, 0xff, 0x0, 0x0, 0x0, 0xff,
    0xff, 0xc3, 0xff, 0xff, 0x0, 0x0, 0x0, 0xff,
    0xff, 0xf0, 0x0, 0x0, 0xf, 0xff, 0xfc, 0x3f,
    0xff, 0xf8, 0x0, 0x0, 0xf, 0xff, 0xff, 0x0,
    0x0, 0x1, 0xff, 0xff, 0xc3, 0xff, 0xff, 0x80,
    0x0, 0x1, 0xff, 0xff, 0xf8, 0x0, 0x0, 0x1f,
    0xff, 0xf8, 0x1f, 0xff, 0xf8, 0x0, 0x0, 0x1f,
    0xff, 0xff, 0x80, 0x0, 0x1, 0xff, 0xff, 0x81,
    0xff, 0xff, 0x80, 0x0, 0x1, 0xff, 0xff, 0xf8,
    0x0, 0x0, 0x1f, 0xff, 0xf8, 0x1f, 0xff, 0xf8,
    0x0, 0x0, 0x1f, 0xff, 0xff, 0x80, 0x0, 0x1,
    0xff, 0xff, 0x81, 0xff, 0xff, 0xc0, 0x0, 0x3,
    0xff, 0xff, 0xfc, 0x0, 0x0, 0x3f, 0xff, 0xf8,
    0xf, 0xff, 0xfc, 0x0, 0x0, 0x3f, 0xff, 0xff,
    0xc0, 0x0, 0x3, 0xff, 0xff, 0x0, 0xff, 0xff,
    0xc0, 0x0, 0x3, 0xff, 0xff, 0xfc, 0x0, 0x0,
    0x3f, 0xff, 0xf0, 0xf, 0xff, 0xfc, 0x0, 0x0,
    0x3f, 0xff, 0xff, 0xc0, 0x0, 0x3, 0xff, 0xff,
    0x0, 0xff, 0xff, 0xc0, 0x0, 0x7, 0xff, 0xff,
    0xfe, 0x0, 0x0, 0x3f, 0xff, 0xf0, 0xf, 0xff,
    0xfe, 0x0, 0x0, 0x7f, 0xff, 0xff, 0xe0, 0x0,
    0x7, 0xff, 0xfe, 0x0, 0x7f, 0xff, 0xe0, 0x0,
    0x7, 0xff, 0xff, 0xfe, 0x0, 0x0, 0x7f, 0xff,
    0xe0, 0x7, 0xff, 0xfe, 0x0, 0x0, 0x7f, 0xff,
    0xff, 0xe0, 0x0, 0x7, 0xff, 0xfe, 0x0, 0x7f,
    0xff, 0xe0, 0x0, 0xf, 0xff, 0xff, 0xfe, 0x0,
    0x0, 0x7f, 0xff, 0xe0, 0x7, 0xff, 0xfe, 0x0,
    0x0, 0xff, 0xff, 0xff, 0xf0, 0x0, 0x7, 0xff,
    0xfe, 0x0, 0x3f, 0xff, 0xe0, 0x0, 0xf, 0xff,
    0xff, 0xff, 0x0, 0x0, 0xff, 0xff, 0xc0, 0x3,
    0xff, 0xff, 0x0, 0x0, 0xff, 0xff, 0xff, 0xf0,
    0x0, 0xf, 0xff, 0xfc, 0x0, 0x3f, 0xff, 0xf0,
    0x0, 0xf, 0xff, 0xff, 0xff, 0x0, 0x0, 0xff,
    0xff, 0xc0, 0x3, 0xff, 0xff, 0x0, 0x1, 0xff,
    0xff, 0xff, 0xf8, 0x0, 0xf, 0xff, 0xfc, 0x0,
    0x3f, 0xff, 0xf0, 0x0, 0x1f, 0xff, 0xff, 0xff,
    0x80, 0x0, 0xff, 0xff, 0x80, 0x1, 0xff, 0xff,
    0x0, 0x1, 0xff, 0xff, 0xff, 0xf8, 0x0, 0x1f,
    0xff, 0xf8, 0x0, 0x1f, 0xff, 0xf8, 0x0, 0x1f,
    0xff, 0xff, 0xff, 0x80, 0x1, 0xff, 0xff, 0x80,
    0x1, 0xff, 0xff, 0x80, 0x3, 0xff, 0xff, 0xff,
    0xfc, 0x0, 0x1f, 0xff, 0xf8, 0x0, 0x1f, 0xff,
    0xf8, 0x0, 0x3f, 0xff, 0xbf, 0xff, 0xc0, 0x1,
    0xff, 0xff, 0x80, 0x0, 0xff, 0xff, 0x80, 0x3,
    0xff, 0xf9, 0xff, 0xfc, 0x0, 0x1f, 0xff, 0xf0,
    0x0, 0xf, 0xff, 0xf8, 0x0, 0x3f, 0xff, 0x9f,
    0xff, 0xc0, 0x3, 0xff, 0xff, 0x0, 0x0, 0xff,
    0xff, 0xc0, 0x7, 0xff, 0xf9, 0xff, 0xfe, 0x0,
    0x3f, 0xff, 0xf0, 0x0, 0xf, 0xff, 0xfc, 0x0,
    0x7f, 0xff, 0x1f, 0xff, 0xe0, 0x3, 0xff, 0xff,
    0x0, 0x0, 0xff, 0xff, 0xc0, 0x7, 0xff, 0xf0,
    0xff, 0xfe, 0x0, 0x3f, 0xff, 0xe0, 0x0, 0x7,
    0xff, 0xfc, 0x0, 0x7f, 0xff, 0xf, 0xff, 0xe0,
    0x3, 0xff, 0xfe, 0x0, 0x0, 0x7f, 0xff, 0xc0,
    0xf, 0xff, 0xf0, 0xff, 0xfe, 0x0, 0x7f, 0xff,
    0xe0, 0x0, 0x7, 0xff, 0xfe, 0x0, 0xff, 0xfe,
    0xf, 0xff, 0xf0, 0x7, 0xff, 0xfe, 0x0, 0x0,
    0x7f, 0xff, 0xe0, 0xf, 0xff, 0xe0, 0x7f, 0xff,
    0x0, 0x7f, 0xff, 0xe0, 0x0, 0x3, 0xff, 0xfe,
    0x0, 0xff, 0xfe, 0x7, 0xff, 0xf0, 0x7, 0xff,
    0xfc, 0x0, 0x0, 0x3f, 0xff, 0xe0, 0xf, 0xff,
    0xe0, 0x7f, 0xff, 0x0, 0x7f, 0xff, 0xc0, 0x0,
    0x3, 0xff, 0xfe, 0x1, 0xff, 0xfc, 0x7, 0xff,
    0xf8, 0x7, 0xff, 0xfc, 0x0, 0x0, 0x3f, 0xff,
    0xf0, 0x1f, 0xff, 0xc0, 0x3f, 0xff, 0x80, 0xff,
    0xff, 0xc0, 0x0, 0x3, 0xff, 0xff, 0x1, 0xff,
    0xfc, 0x3, 0xff, 0xf8, 0xf, 0xff, 0xf8, 0x0,
    0x0, 0x1f, 0xff, 0xf0, 0x1f, 0xff, 0xc0, 0x3f,
    0xff, 0x80, 0xff, 0xff, 0x80, 0x0, 0x1, 0xff,
    0xff, 0x3, 0xff, 0xf8, 0x3, 0xff, 0xfc, 0xf,
    0xff, 0xf8, 0x0, 0x0, 0x1f, 0xff, 0xf0, 0x3f,
    0xff, 0x80, 0x1f, 0xff, 0xc0, 0xff, 0xff, 0x80,
    0x0, 0x1, 0xff, 0xff, 0x83, 0xff, 0xf8, 0x1,
    0xff, 0xfc, 0x1f, 0xff, 0xf8, 0x0, 0x0, 0xf,
    0xff, 0xf8, 0x3f, 0xff, 0x80, 0x1f, 0xff, 0xc1,
    0xff, 0xff, 0x0, 0x0, 0x0, 0xff, 0xff, 0x87,
    0xff, 0xf0, 0x1, 0xff, 0xfe, 0x1f, 0xff, 0xf0,
    0x0, 0x0, 0xf, 0xff, 0xf8, 0x7f, 0xff, 0x0,
    0xf, 0xff, 0xe1, 0xff, 0xff, 0x0, 0x0, 0x0,
    0xff, 0xff, 0x87, 0xff, 0xf0, 0x0, 0xff, 0xfe,
    0x1f, 0xff, 0xf0, 0x0, 0x0, 0xf, 0xff, 0xfc,
    0x7f, 0xff, 0x0, 0xf, 0xff, 0xe3, 0xff, 0xfe,
    0x0, 0x0, 0x0, 0x7f, 0xff, 0xcf, 0xff, 0xe0,
    0x0, 0xff, 0xfe, 0x3f, 0xff, 0xe0, 0x0, 0x0,
    0x7, 0xff, 0xfc, 0xff, 0xfe, 0x0, 0x7, 0xff,
    0xf3, 0xff, 0xfe, 0x0, 0x0, 0x0, 0x7f, 0xff,
    0xcf, 0xff, 0xe0, 0x0, 0x7f, 0xff, 0x3f, 0xff,
    0xe0, 0x0, 0x0, 0x7, 0xff, 0xfc, 0xff, 0xfe,
    0x0, 0x7, 0xff, 0xf3, 0xff, 0xfe, 0x0, 0x0,
    0x0, 0x3f, 0xff, 0xef, 0xff, 0xc0, 0x0, 0x7f,
    0xff, 0x7f, 0xff, 0xc0, 0x0, 0x0, 0x3, 0xff,
    0xff, 0xff, 0xfc, 0x0, 0x3, 0xff, 0xff, 0xff,
    0xfc, 0x0, 0x0, 0x0, 0x3f, 0xff, 0xff, 0xff,
    0xc0, 0x0, 0x3f, 0xff, 0xff, 0xff, 0xc0, 0x0,
    0x0, 0x3, 0xff, 0xff, 0xff, 0xfc, 0x0, 0x3,
    0xff, 0xff, 0xff, 0xfc, 0x0, 0x0, 0x0, 0x3f,
    0xff, 0xff, 0xff, 0x80, 0x0, 0x3f, 0xff, 0xff,
    0xff, 0x80, 0x0, 0x0, 0x1, 0xff, 0xff, 0xff,
    0xf8, 0x0, 0x1, 0xff, 0xff, 0xff, 0xf8, 0x0,
    0x0, 0x0, 0x1f, 0xff, 0xff, 0xff, 0x80, 0x0,
    0x1f, 0xff, 0xff, 0xff, 0x80, 0x0, 0x0, 0x1,
    0xff, 0xff, 0xff, 0xf8, 0x0, 0x1, 0xff, 0xff,
    0xff, 0xf8, 0x0, 0x0, 0x0, 0x1f, 0xff, 0xff,
    0xff, 0x0, 0x0, 0x1f, 0xff, 0xff, 0xff, 0x80,
    0x0, 0x0, 0x0, 0xff, 0xff, 0xff, 0xf0, 0x0,
    0x0, 0xff, 0xff, 0xff, 0xf0, 0x0, 0x0, 0x0,
    0xf, 0xff, 0xff, 0xff, 0x0, 0x0, 0xf, 0xff,
    0xff, 0xff, 0x0, 0x0, 0x0, 0x0, 0xff, 0xff,
    0xff, 0xf0, 0x0, 0x0, 0xff, 0xff, 0xff, 0xf0,
    0x0, 0x0, 0x0, 0xf, 0xff, 0xff, 0xfe, 0x0,
    0x0, 0xf, 0xff, 0xff, 0xff, 0x0, 0x0, 0x0,
    0x0, 0xff, 0xff, 0xff, 0xe0, 0x0, 0x0, 0x7f,
    0xff, 0xff, 0xe0, 0x0, 0x0, 0x0, 0x7, 0xff,
    0xff, 0xfe, 0x0, 0x0, 0x7, 0xff, 0xff, 0xfe,
    0x0, 0x0, 0x0, 0x0, 0x7f, 0xff, 0xff, 0xe0,
    0x0, 0x0, 0x7f, 0xff, 0xff, 0xe0, 0x0, 0x0,
    0x0, 0x7, 0xff, 0xff, 0xfc, 0x0, 0x0, 0x7,
    0xff, 0xff, 0xfe, 0x0, 0x0, 0x0, 0x0, 0x7f,
    0xff, 0xff, 0xc0, 0x0, 0x0, 0x3f, 0xff, 0xff,
    0xe0, 0x0, 0x0, 0x0, 0x3, 0xff, 0xff, 0xfc,
    0x0, 0x0, 0x3, 0xff, 0xff, 0xfc, 0x0, 0x0,
    0x0, 0x0, 0x3f, 0xff, 0xff, 0xc0, 0x0, 0x0,
    0x3f, 0xff, 0xff, 0xc0, 0x0, 0x0, 0x0, 0x3,
    0xff, 0xff, 0xf8, 0x0, 0x0, 0x3, 0xff, 0xff,
    0xfc, 0x0, 0x0, 0x0, 0x0, 0x3f, 0xff, 0xff,
    0x80, 0x0, 0x0, 0x1f, 0xff, 0xff, 0xc0, 0x0,
    0x0, 0x0, 0x3, 0xff, 0xff, 0xf8, 0x0, 0x0,
    0x1, 0xff, 0xff, 0xf8, 0x0, 0x0, 0x0, 0x0,
    0x1f, 0xff, 0xff, 0x80, 0x0, 0x0, 0x1f, 0xff,
    0xff, 0x80, 0x0, 0x0, 0x0, 0x1, 0xff, 0xff,
    0xf0, 0x0, 0x0, 0x1, 0xff, 0xff, 0xf8, 0x0,
    0x0, 0x0, 0x0, 0x1f, 0xff, 0xff, 0x0, 0x0,
    0x0, 0xf, 0xff, 0xff, 0x80, 0x0, 0x0, 0x0,
    0x1, 0xff, 0xff, 0xf0, 0x0, 0x0, 0x0, 0xff,
    0xff, 0xf8, 0x0, 0x0, 0x0, 0x0, 0xf, 0xff,
    0xff, 0x0, 0x0, 0x0, 0xf, 0xff, 0xff, 0x0,
    0x0, 0x0, 0x0, 0x0, 0xff, 0xff, 0xe0, 0x0,
    0x0, 0x0, 0xff, 0xff, 0xf0, 0x0, 0x0, 0x0,
    0x0, 0xf, 0xff, 0xfe, 0x0, 0x0, 0x0, 0x7,
    0xff, 0xff, 0x0, 0x0, 0x0,

    /* U+0058 "X" */
    0x7f, 0xff, 0xfe, 0x0, 0x0, 0x0, 0x0, 0x7f,
    0xff, 0xfc, 0x7f, 0xff, 0xfc, 0x0, 0x0, 0x0,
    0x1, 0xff, 0xff, 0xf0, 0xff, 0xff, 0xfc, 0x0,
    0x0, 0x0, 0x7, 0xff, 0xff, 0xe0, 0xff, 0xff,
    0xf8, 0x0, 0x0, 0x0, 0xf, 0xff, 0xff, 0x80,
    0xff, 0xff, 0xf8, 0x0, 0x0, 0x0, 0x3f, 0xff,
    0xff, 0x1, 0xff, 0xff, 0xf8, 0x0, 0x0, 0x0,
    0x7f, 0xff, 0xfc, 0x1, 0xff, 0xff, 0xf0, 0x0,
    0x0, 0x1, 0xff, 0xff, 0xf0, 0x3, 0xff, 0xff,
    0xf0, 0x0, 0x0, 0x3, 0xff, 0xff, 0xe0, 0x3,
    0xff, 0xff, 0xe0, 0x0, 0x0, 0xf, 0xff, 0xff,
    0x80, 0x3, 0xff, 0xff, 0xe0, 0x0, 0x0, 0x1f,
    0xff, 0xff, 0x0, 0x7, 0xff, 0xff, 0xc0, 0x0,
    0x0, 0x7f, 0xff, 0xfc, 0x0, 0x7, 0xff, 0xff,
    0xc0, 0x0, 0x0, 0xff, 0xff, 0xf8, 0x0, 0xf,
    0xff, 0xff, 0x80, 0x0, 0x3, 0xff, 0xff, 0xe0,
    0x0, 0xf, 0xff, 0xff, 0x80, 0x0, 0x7, 0xff,
    0xff, 0x80, 0x0, 0xf, 0xff, 0xff, 0x0, 0x0,
    0x1f, 0xff, 0xff, 0x0, 0x0, 0x1f, 0xff, 0xff,
    0x0, 0x0, 0x7f, 0xff, 0xfc, 0x0, 0x0, 0x1f,
    0xff, 0xfe, 0x0, 0x0, 0xff, 0xff, 0xf8, 0x0,
    0x0, 0x3f, 0xff, 0xfe, 0x0, 0x3, 0xff, 0xff,
    0xe0, 0x0, 0x0, 0x3f, 0xff, 0xfe, 0x0, 0x7,
    0xff, 0xff, 0x80, 0x0, 0x0, 0x7f, 0xff, 0xfc,
    0x0, 0x1f, 0xff, 0xff, 0x0, 0x0, 0x0, 0x7f,
    0xff, 0xfc, 0x0, 0x3f, 0xff, 0xfc, 0x0, 0x0,
    0x0, 0x7f, 0xff, 0xf8, 0x0, 0xff, 0xff, 0xf8,
    0x0, 0x0, 0x0, 0xff, 0xff, 0xf8, 0x1, 0xff,
    0xff, 0xe0, 0x0, 0x0, 0x0, 0xff, 0xff, 0xf0,
    0x7, 0xff, 0xff, 0x80, 0x0, 0x0, 0x1, 0xff,
    0xff, 0xf0, 0xf, 0xff, 0xff, 0x0, 0x0, 0x0,
    0x1, 0xff, 0xff, 0xe0, 0x3f, 0xff, 0xfc, 0x0,
    0x0, 0x0, 0x1, 0xff, 0xff, 0xe0, 0x7f, 0xff,
    0xf8, 0x0, 0x0, 0x0, 0x3, 0xff, 0xff, 0xc1,
    0xff, 0xff, 0xe0, 0x0, 0x0, 0x0, 0x3, 0xff,
    0xff, 0xc7, 0xff, 0xff, 0xc0, 0x0, 0x0, 0x0,
    0x7, 0xff, 0xff, 0x8f, 0xff, 0xff, 0x0, 0x0,
    0x0, 0x0, 0x7, 0xff, 0xff, 0xbf, 0xff, 0xfc,
    0x0, 0x0, 0x0, 0x0, 0x7, 0xff, 0xff, 0xff,
    0xff, 0xf8, 0x0, 0x0, 0x0, 0x0, 0xf, 0xff,
    0xff, 0xff, 0xff, 0xe0, 0x0, 0x0, 0x0, 0x0,
    0xf, 0xff, 0xff, 0xff, 0xff, 0xc0, 0x0, 0x0,
    0x0, 0x0, 0x1f, 0xff, 0xff, 0xff, 0xff, 0x0,
    0x0, 0x0, 0x0, 0x0, 0x1f, 0xff, 0xff, 0xff,
    0xfc, 0x0, 0x0, 0x0, 0x0, 0x0, 0x3f, 0xff,
    0xff, 0xff, 0xf8, 0x0, 0x0, 0x0, 0x0, 0x0,
    0x3f, 0xff, 0xff, 0xff, 0xe0, 0x0, 0x0, 0x0,
    0x0, 0x0, 0x3f, 0xff, 0xff, 0xff, 0xc0, 0x0,
    0x0, 0x0, 0x0, 0x0, 0x7f, 0xff, 0xff, 0xff,
    0x0, 0x0, 0x0, 0x0, 0x0, 0x0, 0x7f, 0xff,
    0xff, 0xfe, 0x0, 0x0, 0x0, 0x0, 0x0, 0x0,
    0xff, 0xff, 0xff, 0xf8, 0x0, 0x0, 0x0, 0x0,
    0x0, 0x0, 0xff, 0xff, 0xff, 0xe0, 0x0, 0x0,
    0x0, 0x0, 0x0, 0x0, 0xff, 0xff, 0xff, 0xc0,
    0x0, 0x0, 0x0, 0x0, 0x0, 0x1, 0xff, 0xff,
    0xff, 0x0, 0x0, 0x0, 0x0, 0x0, 0x0, 0x3,
    0xff, 0xff, 0xfe, 0x0, 0x0, 0x0, 0x0, 0x0,
    0x0, 0x7, 0xff, 0xff, 0xfe, 0x0, 0x0, 0x0,
    0x0, 0x0, 0x0, 0x1f, 0xff, 0xff, 0xfc, 0x0,
    0x0, 0x0, 0x0, 0x0, 0x0, 0x7f, 0xff, 0xff,
    0xfc, 0x0, 0x0, 0x0, 0x0, 0x0, 0x0, 0xff,
    0xff, 0xff, 0xf8, 0x0, 0x0, 0x0, 0x0, 0x0,
    0x3, 0xff, 0xff, 0xff, 0xf8, 0x0, 0x0, 0x0,
    0x0, 0x0, 0x7, 0xff, 0xff, 0xff, 0xf8, 0x0,
    0x0, 0x0, 0x0, 0x0, 0x1f, 0xff, 0xff, 0xff,
    0xf0, 0x0, 0x0, 0x0, 0x0, 0x0, 0x3f, 0xff,
    0xff, 0xff, 0xf0, 0x0, 0x0, 0x0, 0x0, 0x0,
    0xff, 0xff, 0xff, 0xff, 0xe0, 0x0, 0x0, 0x0,
    0x0, 0x3, 0xff, 0xff, 0xff, 0xff, 0xe0, 0x0,
    0x0, 0x0, 0x0, 0x7, 0xff, 0xff, 0xff, 0xff,
    0xe0, 0x0, 0x0, 0x0, 0x0, 0x1f, 0xff, 0xff,
    0xff, 0xff, 0xc0, 0x0, 0x0, 0x0, 0x0, 0x3f,
    0xff, 0xff, 0xff, 0xff, 0xc0, 0x0, 0x0, 0x0,
    0x0, 0xff, 0xff, 0xf7, 0xff, 0xff, 0x80, 0x0,
    0x0, 0x0, 0x3, 0xff, 0xff, 0xe7, 0xff, 0xff,
    0x80, 0x0, 0x0, 0x0, 0x7, 0xff, 0xff, 0x8f,
    0xff, 0xff, 0x80, 0x0, 0x0, 0x0, 0x1f, 0xff,
    0xff, 0xf, 0xff, 0xff, 0x0, 0x0, 0x0, 0x0,
    0x3f, 0xff, 0xfc, 0x1f, 0xff, 0xff, 0x0, 0x0,
    0x0, 0x0, 0xff, 0xff, 0xf8, 0x1f, 0xff, 0xfe,
    0x0, 0x0, 0x0, 0x3, 0xff, 0xff, 0xe0, 0x3f,
    0xff, 0xfe, 0x0, 0x0, 0x0, 0x7, 0xff, 0xff,
    0x80, 0x3f, 0xff, 0xfc, 0x0, 0x0, 0x0, 0x1f,
    0xff, 0xff, 0x0, 0x3f, 0xff, 0xfc, 0x0, 0x0,
    0x0, 0x3f, 0xff, 0xfc, 0x0, 0x7f, 0xff, 0xfc,
    0x0, 0x0, 0x0, 0xff, 0xff, 0xf8, 0x0, 0x7f,
    0xff, 0xf8, 0x0, 0x0, 0x3, 0xff, 0xff, 0xe0,
    0x0, 0xff, 0xff, 0xf8, 0x0, 0x0, 0x7, 0xff,
    0xff, 0xc0, 0x0, 0xff, 0xff, 0xf0, 0x0, 0x0,
    0x1f, 0xff, 0xff, 0x0, 0x1, 0xff, 0xff, 0xf0,
    0x0, 0x0, 0x3f, 0xff, 0xfe, 0x0, 0x1, 0xff,
    0xff, 0xf0, 0x0, 0x0, 0xff, 0xff, 0xf8, 0x0,
    0x3, 0xff, 0xff, 0xe0, 0x0, 0x3, 0xff, 0xff,
    0xf0, 0x0, 0x3, 0xff, 0xff, 0xe0, 0x0, 0x7,
    0xff, 0xff, 0xc0, 0x0, 0x7, 0xff, 0xff, 0xc0,
    0x0, 0x1f, 0xff, 0xff, 0x0, 0x0, 0x7, 0xff,
    0xff, 0xc0, 0x0, 0x3f, 0xff, 0xfe, 0x0, 0x0,
    0x7, 0xff, 0xff, 0xc0, 0x0, 0xff, 0xff, 0xf8,
    0x0, 0x0, 0xf, 0xff, 0xff, 0x80, 0x1, 0xff,
    0xff, 0xf0, 0x0, 0x0, 0xf, 0xff, 0xff, 0x80,
    0x7, 0xff, 0xff, 0xc0, 0x0, 0x0, 0x1f, 0xff,
    0xff, 0x0, 0x1f, 0xff, 0xff, 0x80, 0x0, 0x0,
    0x1f, 0xff, 0xff, 0x0, 0x3f, 0xff, 0xfe, 0x0,
    0x0, 0x0, 0x3f, 0xff, 0xfe, 0x0, 0xff, 0xff,
    0xfc, 0x0, 0x0, 0x0, 0x3f, 0xff, 0xfe, 0x1,
    0xff, 0xff, 0xf0, 0x0, 0x0, 0x0, 0x7f, 0xff,
    0xfe, 0x7, 0xff, 0xff, 0xe0, 0x0, 0x0, 0x0,
    0x7f, 0xff, 0xfc, 0x1f, 0xff, 0xff, 0x80, 0x0,
    0x0, 0x0, 0xff, 0xff, 0xfc, 0x3f, 0xff, 0xfe,
    0x0, 0x0, 0x0, 0x0, 0xff, 0xff, 0xf8, 0xff,
    0xff, 0xfc, 0x0, 0x0, 0x0, 0x1, 0xff, 0xff,
    0xf9, 0xff, 0xff, 0xf0, 0x0, 0x0, 0x0, 0x1,
    0xff, 0xff, 0xf8,

    /* U+0059 "Y" */
    0xff, 0xff, 0xf8, 0x0, 0x0, 0x0, 0x0, 0x3f,
    0xff, 0xfe, 0xff, 0xff, 0xf0, 0x0, 0x0, 0x0,
    0x0, 0x7f, 0xff, 0xf9, 0xff, 0xff, 0xf0, 0x0,
    0x0, 0x0, 0x1, 0xff, 0xff, 0xf1, 0xff, 0xff,
    0xe0, 0x0, 0x0, 0x0, 0x3, 0xff, 0xff, 0xc3,
    0xff, 0xff, 0xe0, 0x0, 0x0, 0x0, 0xf, 0xff,
    0xff, 0x83, 0xff, 0xff, 0xc0, 0x0, 0x0, 0x0,
    0x1f, 0xff, 0xfe, 0x7, 0xff, 0xff, 0x80, 0x0,
    0x0, 0x0, 0x3f, 0xff, 0xfc, 0x7, 0xff, 0xff,
    0x80, 0x0, 0x0, 0x0, 0xff, 0xff, 0xf0, 0xf,
    0xff, 0xff, 0x0, 0x0, 0x0, 0x1, 0xff, 0xff,
    0xe0, 0xf, 0xff, 0xff, 0x0, 0x0, 0x0, 0x7,
    0xff, 0xff, 0x80, 0x1f, 0xff, 0xfe, 0x0, 0x0,
    0x0, 0xf, 0xff, 0xff, 0x0, 0x1f, 0xff, 0xfe,
    0x0, 0x0, 0x0, 0x3f, 0xff, 0xfc, 0x0, 0x3f,
    0xff, 0xfc, 0x0, 0x0, 0x0, 0x7f, 0xff, 0xf0,
    0x0, 0x3f, 0xff, 0xfc, 0x0, 0x0, 0x1, 0xff,
    0xff, 0xe0, 0x0, 0x3f, 0xff, 0xf8, 0x0, 0x0,
    0x3, 0xff, 0xff, 0x80, 0x0, 0x7f, 0xff, 0xf8,
    0x0, 0x0, 0xf, 0xff, 0xff, 0x0, 0x0, 0x7f,
    0xff, 0xf0, 0x0, 0x0, 0x1f, 0xff, 0xfc, 0x0,
    0x0, 0xff, 0xff, 0xf0, 0x0, 0x0, 0x7f, 0xff,
    0xf8, 0x0, 0x0, 0xff, 0xff, 0xe0, 0x0, 0x0,
    0xff, 0xff, 0xe0, 0x0, 0x1, 0xff, 0xff, 0xc0,
    0x0, 0x1, 0xff, 0xff, 0xc0, 0x0, 0x1, 0xff,
    0xff, 0xc0, 0x0, 0x7, 0xff, 0xff, 0x0, 0x0,
    0x3, 0xff, 0xff, 0x80, 0x0, 0xf, 0xff, 0xfe,
    0x0, 0x0, 0x3, 0xff, 0xff, 0x80, 0x0, 0x3f,
    0xff, 0xf8, 0x0, 0x0, 0x7, 0xff, 0xff, 0x0,
    0x0, 0x7f, 0xff, 0xf0, 0x0, 0x0, 0x7, 0xff,
    0xff, 0x0, 0x1, 0xff, 0xff, 0xc0, 0x0, 0x0,
    0xf, 0xff, 0xfe, 0x0, 0x3, 0xff, 0xff, 0x80,
    0x0, 0x0, 0xf, 0xff, 0xfe, 0x0, 0xf, 0xff,
    0xfe, 0x0, 0x0, 0x0, 0x1f, 0xff, 0xfc, 0x0,
    0x1f, 0xff, 0xfc, 0x0, 0x0, 0x0, 0x1f, 0xff,
    0xfc, 0x0, 0x7f, 0xff, 0xf0, 0x0, 0x0, 0x0,
    0x3f, 0xff, 0xf8, 0x0, 0xff, 0xff, 0xe0, 0x0,
    0x0, 0x0, 0x3f, 0xff, 0xf0, 0x1, 0xff, 0xff,
    0x80, 0x0, 0x0, 0x0, 0x7f, 0xff, 0xf0, 0x7,
    0xff, 0xff, 0x0, 0x0, 0x0, 0x0, 0x7f, 0xff,
    0xe0, 0xf, 0xff, 0xfc, 0x0, 0x0, 0x0, 0x0,
    0xff, 0xff, 0xe0, 0x3f, 0xff, 0xf8, 0x0, 0x0,
    0x0, 0x0, 0xff, 0xff, 0xc0, 0x7f, 0xff, 0xe0,
    0x0, 0x0, 0x0, 0x1, 0xff, 0xff, 0xc1, 0xff,
    0xff, 0xc0, 0x0, 0x0, 0x0, 0x1, 0xff, 0xff,
    0x83, 0xff, 0xff, 0x0, 0x0, 0x0, 0x0, 0x3,
    0xff, 0xff, 0x8f, 0xff, 0xfe, 0x0, 0x0, 0x0,
    0x0, 0x3, 0xff, 0xff, 0x1f, 0xff, 0xf8, 0x0,
    0x0, 0x0, 0x0, 0x7, 0xff, 0xff, 0x7f, 0xff,
    0xf0, 0x0, 0x0, 0x0, 0x0, 0x7, 0xff, 0xfe,
    0xff, 0xff, 0xc0, 0x0, 0x0, 0x0, 0x0, 0x7,
    0xff, 0xff, 0xff, 0xff, 0x0, 0x0, 0x0, 0x0,
    0x0, 0xf, 0xff, 0xff, 0xff, 0xfe, 0x0, 0x0,
    0x0, 0x0, 0x0, 0xf, 0xff, 0xff, 0xff, 0xf8,
    0x0, 0x0, 0x0, 0x0, 0x0, 0x1f, 0xff, 0xff,
    0xff, 0xf0, 0x0, 0x0, 0x0, 0x0, 0x0, 0x1f,
    0xff, 0xff, 0xff, 0xc0, 0x0, 0x0, 0x0, 0x0,
    0x0, 0x3f, 0xff, 0xff, 0xff, 0x80, 0x0, 0x0,
    0x0, 0x0, 0x0, 0x3f, 0xff, 0xff, 0xfe, 0x0,
    0x0, 0x0, 0x0, 0x0, 0x0, 0x7f, 0xff, 0xff,
    0xfc, 0x0, 0x0, 0x0, 0x0, 0x0, 0x0, 0x7f,
    0xff, 0xff, 0xf0, 0x0, 0x0, 0x0, 0x0, 0x0,
    0x0, 0xff, 0xff, 0xff, 0xe0, 0x0, 0x0, 0x0,
    0x0, 0x0, 0x0, 0xff, 0xff, 0xff, 0x80, 0x0,
    0x0, 0x0, 0x0, 0x0, 0x1, 0xff, 0xff, 0xff,
    0x0, 0x0, 0x0, 0x0, 0x0, 0x0, 0x1, 0xff,
    0xff, 0xfc, 0x0, 0x0, 0x0, 0x0, 0x0, 0x0,
    0x3, 0xff, 0xff, 0xf8, 0x0, 0x0, 0x0, 0x0,
    0x0, 0x0, 0x3, 0xff, 0xff, 0xe0, 0x0, 0x0,
    0x0, 0x0, 0x0, 0x0, 0x7, 0xff, 0xff, 0xc0,
    0x0, 0x0, 0x0, 0x0, 0x0, 0x0, 0x7, 0xff,
    0xff, 0x0, 0x0, 0x0, 0x0, 0x0, 0x0, 0x0,
    0xf, 0xff, 0xfe, 0x0, 0x0, 0x0, 0x0, 0x0,
    0x0, 0x0, 0x1f, 0xff, 0xfc, 0x0, 0x0, 0x0,
    0x0, 0x0, 0x0, 0x0, 0x3f, 0xff, 0xf8, 0x0,
    0x0, 0x0, 0x0, 0x0, 0x0, 0x0, 0x7f, 0xff,
    0xf0, 0x0, 0x0, 0x0, 0x0, 0x0, 0x0, 0x0,
    0xff, 0xff, 0xe0, 0x0, 0x0, 0x0, 0x0, 0x0,
    0x0, 0x1, 0xff, 0xff, 0xc0, 0x0, 0x0, 0x0,
    0x0, 0x0, 0x0, 0x3, 0xff, 0xff, 0x80, 0x0,
    0x0, 0x0, 0x0, 0x0, 0x0, 0x7, 0xff, 0xff,
    0x0, 0x0, 0x0, 0x0, 0x0, 0x0, 0x0, 0xf,
    0xff, 0xfe, 0x0, 0x0, 0x0, 0x0, 0x0, 0x0,
    0x0, 0x1f, 0xff, 0xfc, 0x0, 0x0, 0x0, 0x0,
    0x0, 0x0, 0x0, 0x3f, 0xff, 0xf8, 0x0, 0x0,
    0x0, 0x0, 0x0, 0x0, 0x0, 0x7f, 0xff, 0xf0,
    0x0, 0x0, 0x0, 0x0, 0x0, 0x0, 0x0, 0xff,
    0xff, 0xe0, 0x0, 0x0, 0x0, 0x0, 0x0, 0x0,
    0x1, 0xff, 0xff, 0xc0, 0x0, 0x0, 0x0, 0x0,
    0x0, 0x0, 0x3, 0xff, 0xff, 0x80, 0x0, 0x0,
    0x0, 0x0, 0x0, 0x0, 0x7, 0xff, 0xff, 0x0,
    0x0, 0x0, 0x0, 0x0, 0x0, 0x0, 0xf, 0xff,
    0xfe, 0x0, 0x0, 0x0, 0x0, 0x0, 0x0, 0x0,
    0x1f, 0xff, 0xfc, 0x0, 0x0, 0x0, 0x0, 0x0,
    0x0, 0x0, 0x3f, 0xff, 0xf8, 0x0, 0x0, 0x0,
    0x0, 0x0, 0x0, 0x0, 0x7f, 0xff, 0xf0, 0x0,
    0x0, 0x0, 0x0, 0x0, 0x0, 0x0, 0xff, 0xff,
    0xe0, 0x0, 0x0, 0x0, 0x0, 0x0, 0x0, 0x1,
    0xff, 0xff, 0xc0, 0x0, 0x0, 0x0, 0x0, 0x0,
    0x0, 0x3, 0xff, 0xff, 0x80, 0x0, 0x0, 0x0,
    0x0, 0x0, 0x0, 0x7, 0xff, 0xff, 0x0, 0x0,
    0x0, 0x0, 0x0, 0x0, 0x0, 0xf, 0xff, 0xfe,
    0x0, 0x0, 0x0, 0x0, 0x0, 0x0, 0x0, 0x1f,
    0xff, 0xfc, 0x0, 0x0, 0x0, 0x0, 0x0, 0x0,
    0x0, 0x3f, 0xff, 0xf8, 0x0, 0x0, 0x0, 0x0,
    0x0, 0x0, 0x0, 0x7f, 0xff, 0xf0, 0x0, 0x0,
    0x0, 0x0, 0x0, 0x0, 0x0, 0xff, 0xff, 0xe0,
    0x0, 0x0, 0x0, 0x0, 0x0, 0x0, 0x1, 0xff,
    0xff, 0xc0, 0x0, 0x0, 0x0, 0x0, 0x0, 0x0,
    0x3, 0xff, 0xff, 0x80, 0x0, 0x0, 0x0, 0x0,
    0x0, 0x0, 0x7, 0xff, 0xff, 0x0, 0x0, 0x0,
    0x0, 0x0, 0x0, 0x0, 0xf, 0xff, 0xfe, 0x0,
    0x0, 0x0, 0x0,

    /* U+005A "Z" */
    0xff, 0xff, 0xff, 0xff, 0xff, 0xff, 0xff, 0xff,
    0xfb, 0xff, 0xff, 0xff, 0xff, 0xff, 0xff, 0xff,
    0xff, 0xef, 0xff, 0xff, 0xff, 0xff, 0xff, 0xff,
    0xff, 0xff, 0xbf, 0xff, 0xff, 0xff, 0xff, 0xff,
    0xff, 0xff, 0xfe, 0xff, 0xff, 0xff, 0xff, 0xff,
    0xff, 0xff, 0xff, 0xfb, 0xff, 0xff, 0xff, 0xff,
    0xff, 0xff, 0xff, 0xff, 0xef, 0xff, 0xff, 0xff,
    0xff, 0xff, 0xff, 0xff, 0xff, 0xbf, 0xff, 0xff,
    0xff, 0xff, 0xff, 0xff, 0xff, 0xfe, 0xff, 0xff,
    0xff, 0xff, 0xff, 0xff, 0xff, 0xff, 0xfb, 0xff,
    0xff, 0xff, 0xff, 0xff, 0xff, 0xff, 0xff, 0xef,
    0xff, 0xff, 0xff, 0xff, 0xff, 0xff, 0xff, 0xff,
    0xbf, 0xff, 0xff, 0xff, 0xff, 0xff, 0xff, 0xff,
    0xfc, 0xff, 0xff, 0xff, 0xff, 0xff, 0xff, 0xff,
    0xff, 0xe3, 0xff, 0xff, 0xff, 0xff, 0xff, 0xff,
    0xff, 0xff, 0x80, 0x0, 0x0, 0x0, 0x0, 0x0,
    0x3f, 0xff, 0xfc, 0x0, 0x0, 0x0, 0x0, 0x0,
    0x1, 0xff, 0xff, 0xe0, 0x0, 0x0, 0x0, 0x0,
    0x0, 0xf, 0xff, 0xff, 0x80, 0x0, 0x0, 0x0,
    0x0, 0x0, 0x3f, 0xff, 0xfc, 0x0, 0x0, 0x0,
    0x0, 0x0, 0x1, 0xff, 0xff, 0xe0, 0x0, 0x0,
    0x0, 0x0, 0x0, 0xf, 0xff, 0xff, 0x0, 0x0,
    0x0, 0x0, 0x0, 0x0, 0x3f, 0xff, 0xfc, 0x0,
    0x0, 0x0, 0x0, 0x0, 0x1, 0xff, 0xff, 0xe0,
    0x0, 0x0, 0x0, 0x0, 0x0, 0xf, 0xff, 0xff,
    0x0, 0x0, 0x0, 0x0, 0x0, 0x0, 0x7f, 0xff,
    0xfc, 0x0, 0x0, 0x0, 0x0, 0x0, 0x1, 0xff,
    0xff, 0xe0, 0x0, 0x0, 0x0, 0x0, 0x0, 0xf,
    0xff, 0xff, 0x0, 0x0, 0x0, 0x0, 0x0, 0x0,
    0x7f, 0xff, 0xfc, 0x0, 0x0, 0x0, 0x0, 0x0,
    0x1, 0xff, 0xff, 0xe0, 0x0, 0x0, 0x0, 0x0,
    0x0, 0xf, 0xff, 0xff, 0x0, 0x0, 0x0, 0x0,
    0x0, 0x0, 0x7f, 0xff, 0xfc, 0x0, 0x0, 0x0,
    0x0, 0x0, 0x1, 0xff, 0xff, 0xe0, 0x0, 0x0,
    0x0, 0x0, 0x0, 0xf, 0xff, 0xff, 0x0, 0x0,
    0x0, 0x0, 0x0, 0x0, 0x7f, 0xff, 0xfc, 0x0,
    0x0, 0x0, 0x0, 0x0, 0x1, 0xff, 0xff, 0xe0,
    0x0, 0x0, 0x0, 0x0, 0x0, 0xf, 0xff, 0xff,
    0x0, 0x0, 0x0, 0x0, 0x0, 0x0, 0x7f, 0xff,
    0xf8, 0x0, 0x0, 0x0, 0x0, 0x0, 0x3, 0xff,
    0xff, 0xe0, 0x0, 0x0, 0x0, 0x0, 0x0, 0xf,
    0xff, 0xff, 0x0, 0x0, 0x0, 0x0, 0x0, 0x0,
    0x7f, 0xff, 0xf8, 0x0, 0x0, 0x0, 0x0, 0x0,
    0x3, 0xff, 0xff, 0xe0, 0x0, 0x0, 0x0, 0x0,
    0x0, 0xf, 0xff, 0xff, 0x0, 0x0, 0x0, 0x0,
    0x0, 0x0, 0x7f, 0xff, 0xf8, 0x0, 0x0, 0x0,
    0x0, 0x0, 0x3, 0xff, 0xff, 0xe0, 0x0, 0x0,
    0x0, 0x0, 0x0, 0xf, 0xff, 0xff, 0x0, 0x0,
    0x0, 0x0, 0x0, 0x0, 0x7f, 0xff, 0xf8, 0x0,
    0x0, 0x0, 0x0, 0x0, 0x3, 0xff, 0xff, 0xe0,
    0x0, 0x0, 0x0, 0x0, 0x0, 0xf, 0xff, 0xff,
    0x0, 0x0, 0x0, 0x0, 0x0, 0x0, 0x7f, 0xff,
    0xf8, 0x0, 0x0, 0x0, 0x0, 0x0, 0x3, 0xff,
    0xff, 0xe0, 0x0, 0x0, 0x0, 0x0, 0x0, 0xf,
    0xff, 0xff, 0x0, 0x0, 0x0, 0x0, 0x0, 0x0,
    0x7f, 0xff, 0xf8, 0x0, 0x0, 0x0, 0x0, 0x0,
    0x3, 0xff, 0xff, 0xc0, 0x0, 0x0, 0x0, 0x0,
    0x0, 0x1f, 0xff, 0xff, 0x0, 0x0, 0x0, 0x0,
    0x0, 0x0, 0x7f, 0xff, 0xf8, 0x0, 0x0, 0x0,
    0x0, 0x0, 0x3, 0xff, 0xff, 0xc0, 0x0, 0x0,
    0x0, 0x0, 0x0, 0x1f, 0xff, 0xff, 0x0, 0x0,
    0x0, 0x0, 0x0, 0x0, 0x7f, 0xff, 0xf8, 0x0,
    0x0, 0x0, 0x0, 0x0, 0x3, 0xff, 0xff, 0xc0,
    0x0, 0x0, 0x0, 0x0, 0x0, 0x1f, 0xff, 0xff,
    0x0, 0x0, 0x0, 0x0, 0x0, 0x0, 0x7f, 0xff,
    0xf8, 0x0, 0x0, 0x0, 0x0, 0x0, 0x3, 0xff,
    0xff, 0xc0, 0x0, 0x0, 0x0, 0x0, 0x0, 0x1f,
    0xff, 0xff, 0x0, 0x0, 0x0, 0x0, 0x0, 0x0,
    0x7f, 0xff, 0xf8, 0x0, 0x0, 0x0, 0x0, 0x0,
    0x3, 0xff, 0xff, 0xc0, 0x0, 0x0, 0x0, 0x0,
    0x0, 0x1f, 0xff, 0xff, 0x0, 0x0, 0x0, 0x0,
    0x0, 0x0, 0xff, 0xff, 0xf8, 0x0, 0x0, 0x0,
    0x0, 0x0, 0x3, 0xff, 0xff, 0xc0, 0x0, 0x0,
    0x0, 0x0, 0x0, 0x1f, 0xff, 0xfe, 0x0, 0x0,
    0x0, 0x0, 0x0, 0x0, 0xff, 0xff, 0xf8, 0x0,
    0x0, 0x0, 0x0, 0x0, 0x3, 0xff, 0xff, 0xc0,
    0x0, 0x0, 0x0, 0x0, 0x0, 0x1f, 0xff, 0xfe,
    0x0, 0x0, 0x0, 0x0, 0x0, 0x0, 0xff, 0xff,
    0xf8, 0x0, 0x0, 0x0, 0x0, 0x0, 0x3, 0xff,
    0xff, 0xc0, 0x0, 0x0, 0x0, 0x0, 0x0, 0x1f,
    0xff, 0xfe, 0x0, 0x0, 0x0, 0x0, 0x0, 0x0,
    0xff, 0xff, 0xf8, 0x0, 0x0, 0x0, 0x0, 0x0,
    0x3, 0xff, 0xff, 0xc0, 0x0, 0x0, 0x0, 0x0,
    0x0, 0x1f, 0xff, 0xfe, 0x0, 0x0, 0x0, 0x0,
    0x0, 0x0, 0xff, 0xff, 0xff, 0xff, 0xff, 0xff,
    0xff, 0xff, 0xf3, 0xff, 0xff, 0xff, 0xff, 0xff,
    0xff, 0xff, 0xff, 0xdf, 0xff, 0xff, 0xff, 0xff,
    0xff, 0xff, 0xff, 0xff, 0xff, 0xff, 0xff, 0xff,
    0xff, 0xff, 0xff, 0xff, 0xff, 0xff, 0xff, 0xff,
    0xff, 0xff, 0xff, 0xff, 0xff, 0xff, 0xff, 0xff,
    0xff, 0xff, 0xff, 0xff, 0xff, 0xff, 0xff, 0xff,
    0xff, 0xff, 0xff, 0xff, 0xff, 0xff, 0xff, 0xff,
    0xff, 0xff, 0xff, 0xff, 0xff, 0xff, 0xff, 0xff,
    0xff, 0xff, 0xff, 0xff, 0xff, 0xff, 0xff, 0xff,
    0xff, 0xff, 0xff, 0xff, 0xff, 0xff, 0xff, 0xff,
    0xff, 0xff, 0xff, 0xff, 0xff, 0xff, 0xff, 0xff,
    0xff, 0xff, 0xff, 0xff, 0xff, 0xff, 0xff, 0xff,
    0xff, 0xff, 0xff, 0xff, 0xff, 0xff, 0xff, 0xff,
    0xff, 0xff, 0xff, 0xff, 0xff, 0xff, 0xff, 0xff,
    0xff, 0xff, 0xff, 0xff, 0xc0,

    /* U+005B "[" */
    0xff, 0xff, 0xff, 0xff, 0xff, 0xff, 0xff, 0xff,
    0xff, 0xff, 0xff, 0xff, 0xff, 0xff, 0xff, 0xff,
    0xff, 0xff, 0xff, 0xff, 0xff, 0xff, 0xff, 0xff,
    0xff, 0xff, 0xff, 0xff, 0xff, 0xff, 0xff, 0xff,
    0xff, 0xff, 0xff, 0xff, 0xff, 0xff, 0xff, 0xff,
    0xff, 0xff, 0xff, 0xff, 0xff, 0xff, 0xff, 0xff,
    0xff, 0xf0, 0x7, 0xff, 0xfe, 0x0, 0xff, 0xff,
    0xc0, 0x1f, 0xff, 0xf8, 0x3, 0xff, 0xff, 0x0,
    0x7f, 0xff, 0xe0, 0xf, 0xff, 0xfc, 0x1, 0xff,
    0xff, 0x80, 0x3f, 0xff, 0xf0, 0x7, 0xff, 0xfe,
    0x0, 0xff, 0xff, 0xc0, 0x1f, 0xff, 0xf8, 0x3,
    0xff, 0xff, 0x0, 0x7f, 0xff, 0xe0, 0xf, 0xff,
    0xfc, 0x1, 0xff, 0xff, 0x80, 0x3f, 0xff, 0xf0,
    0x7, 0xff, 0xfe, 0x0, 0xff, 0xff, 0xc0, 0x1f,
    0xff, 0xf8, 0x3, 0xff, 0xff, 0x0, 0x7f, 0xff,
    0xe0, 0xf, 0xff, 0xfc, 0x1, 0xff, 0xff, 0x80,
    0x3f, 0xff, 0xf0, 0x7, 0xff, 0xfe, 0x0, 0xff,
    0xff, 0xc0, 0x1f, 0xff, 0xf8, 0x3, 0xff, 0xff,
    0x0, 0x7f, 0xff, 0xe0, 0xf, 0xff, 0xfc, 0x1,
    0xff, 0xff, 0x80, 0x3f, 0xff, 0xf0, 0x7, 0xff,
    0xfe, 0x0, 0xff, 0xff, 0xc0, 0x1f, 0xff, 0xf8,
    0x3, 0xff, 0xff, 0x0, 0x7f, 0xff, 0xe0, 0xf,
    0xff, 0xfc, 0x1, 0xff, 0xff, 0x80, 0x3f, 0xff,
    0xf0, 0x7, 0xff, 0xfe, 0x0, 0xff, 0xff, 0xc0,
    0x1f, 0xff, 0xf8, 0x3, 0xff, 0xff, 0x0, 0x7f,
    0xff, 0xe0, 0xf, 0xff, 0xfc, 0x1, 0xff, 0xff,
    0x80, 0x3f, 0xff, 0xf0, 0x7, 0xff, 0xfe, 0x0,
    0xff, 0xff, 0xc0, 0x1f, 0xff, 0xf8, 0x3, 0xff,
    0xff, 0x0, 0x7f, 0xff, 0xe0, 0xf, 0xff, 0xfc,
    0x1, 0xff, 0xff, 0x80, 0x3f, 0xff, 0xf0, 0x7,
    0xff, 0xfe, 0x0, 0xff, 0xff, 0xc0, 0x1f, 0xff,
    0xf8, 0x3, 0xff, 0xff, 0x0, 0x7f, 0xff, 0xe0,
    0xf, 0xff, 0xfc, 0x1, 0xff, 0xff, 0x80, 0x3f,
    0xff, 0xf0, 0x7, 0xff, 0xfe, 0x0, 0xff, 0xff,
    0xc0, 0x1f, 0xff, 0xf8, 0x3, 0xff, 0xff, 0x0,
    0x7f, 0xff, 0xe0, 0xf, 0xff, 0xfc, 0x1, 0xff,
    0xff, 0x80, 0x3f, 0xff, 0xf0, 0x7, 0xff, 0xfe,
    0x0, 0xff, 0xff, 0xc0, 0x1f, 0xff, 0xf8, 0x3,
    0xff, 0xff, 0x0, 0x7f, 0xff, 0xe0, 0xf, 0xff,
    0xfc, 0x1, 0xff, 0xff, 0x80, 0x3f, 0xff, 0xf0,
    0x7, 0xff, 0xfe, 0x0, 0xff, 0xff, 0xc0, 0x1f,
    0xff, 0xf8, 0x3, 0xff, 0xff, 0x0, 0x7f, 0xff,
    0xe0, 0xf, 0xff, 0xfc, 0x1, 0xff, 0xff, 0x80,
    0x3f, 0xff, 0xf0, 0x7, 0xff, 0xfe, 0x0, 0xff,
    0xff, 0xc0, 0x1f, 0xff, 0xf8, 0x3, 0xff, 0xff,
    0x0, 0x7f, 0xff, 0xe0, 0xf, 0xff, 0xfc, 0x1,
    0xff, 0xff, 0x80, 0x3f, 0xff, 0xf0, 0x7, 0xff,
    0xfe, 0x0, 0xff, 0xff, 0xc0, 0x1f, 0xff, 0xff,
    0xff, 0xff, 0xff, 0xff, 0xff, 0xff, 0xff, 0xff,
    0xff, 0xff, 0xff, 0xff, 0xff, 0xff, 0xff, 0xff,
    0xff, 0xff, 0xff, 0xff, 0xff, 0xff, 0xff, 0xff,
    0xff, 0xff, 0xff, 0xff, 0xff, 0xff, 0xff, 0xff,
    0xff, 0xff, 0xff, 0xff, 0xff, 0xff, 0xff, 0xff,
    0xff, 0xff, 0xff, 0xff, 0xf8,

    /* U+005C "\\" */
    0xff, 0xff, 0xe0, 0x0, 0x0, 0x0, 0x0, 0x7f,
    0xff, 0xe0, 0x0, 0x0, 0x0, 0x0, 0x7f, 0xff,
    0xe0, 0x0, 0x0, 0x0, 0x0, 0x7f, 0xff, 0xf0,
    0x0, 0x0, 0x0, 0x0, 0x3f, 0xff, 0xf0, 0x0,
    0x0, 0x0, 0x0, 0x3f, 0xff, 0xf8, 0x0, 0x0,
    0x0, 0x0, 0x3f, 0xff, 0xf8, 0x0, 0x0, 0x0,
    0x0, 0x1f, 0xff, 0xf8, 0x0, 0x0, 0x0, 0x0,
    0x1f, 0xff, 0xfc, 0x0, 0x0, 0x0, 0x0, 0xf,
    0xff, 0xfc, 0x0, 0x0, 0x0, 0x0, 0xf, 0xff,
    0xfc, 0x0, 0x0, 0x0, 0x0, 0xf, 0xff, 0xfe,
    0x0, 0x0, 0x0, 0x0, 0x7, 0xff, 0xfe, 0x0,
    0x0, 0x0, 0x0, 0x7, 0xff, 0xff, 0x0, 0x0,
    0x0, 0x0, 0x7, 0xff, 0xff, 0x0, 0x0, 0x0,
    0x0, 0x3, 0xff, 0xff, 0x0, 0x0, 0x0, 0x0,
    0x3, 0xff, 0xff, 0x80, 0x0, 0x0, 0x0, 0x1,
    0xff, 0xff, 0x80, 0x0, 0x0, 0x0, 0x1, 0xff,
    0xff, 0xc0, 0x0, 0x0, 0x0, 0x1, 0xff, 0xff,
    0xc0, 0x0, 0x0, 0x0, 0x0, 0xff, 0xff, 0xc0,
    0x0, 0x0, 0x0, 0x0, 0xff, 0xff, 0xe0, 0x0,
    0x0, 0x0, 0x0, 0x7f, 0xff, 0xe0, 0x0, 0x0,
    0x0, 0x0, 0x7f, 0xff, 0xe0, 0x0, 0x0, 0x0,
    0x0, 0x7f, 0xff, 0xf0, 0x0, 0x0, 0x0, 0x0,
    0x3f, 0xff, 0xf0, 0x0, 0x0, 0x0, 0x0, 0x3f,
    0xff, 0xf8, 0x0, 0x0, 0x0, 0x0, 0x3f, 0xff,
    0xf8, 0x0, 0x0, 0x0, 0x0, 0x1f, 0xff, 0xf8,
    0x0, 0x0, 0x0, 0x0, 0x1f, 0xff, 0xfc, 0x0,
    0x0, 0x0, 0x0, 0xf, 0xff, 0xfc, 0x0, 0x0,
    0x0, 0x0, 0xf, 0xff, 0xfe, 0x0, 0x0, 0x0,
    0x0, 0xf, 0xff, 0xfe, 0x0, 0x0, 0x0, 0x0,
    0x7, 0xff, 0xfe, 0x0, 0x0, 0x0, 0x0, 0x7,
    0xff, 0xff, 0x0, 0x0, 0x0, 0x0, 0x3, 0xff,
    0xff, 0x0, 0x0, 0x0, 0x0, 0x3, 0xff, 0xff,
    0x0, 0x0, 0x0, 0x0, 0x3, 0xff, 0xff, 0x80,
    0x0, 0x0, 0x0, 0x1, 0xff, 0xff, 0x80, 0x0,
    0x0, 0x0, 0x1, 0xff, 0xff, 0xc0, 0x0, 0x0,
    0x0, 0x1, 0xff, 0xff, 0xc0, 0x0, 0x0, 0x0,
    0x0, 0xff, 0xff, 0xc0, 0x0, 0x0, 0x0, 0x0,
    0xff, 0xff, 0xe0, 0x0, 0x0, 0x0, 0x0, 0x7f,
    0xff, 0xe0, 0x0, 0x0, 0x0, 0x0, 0x7f, 0xff,
    0xf0, 0x0, 0x0, 0x0, 0x0, 0x7f, 0xff, 0xf0,
    0x0, 0x0, 0x0, 0x0, 0x3f, 0xff, 0xf0, 0x0,
    0x0, 0x0, 0x0, 0x3f, 0xff, 0xf8, 0x0, 0x0,
    0x0, 0x0, 0x1f, 0xff, 0xf8, 0x0, 0x0, 0x0,
    0x0, 0x1f, 0xff, 0xf8, 0x0, 0x0, 0x0, 0x0,
    0x1f, 0xff, 0xfc, 0x0, 0x0, 0x0, 0x0, 0xf,
    0xff, 0xfc, 0x0, 0x0, 0x0, 0x0, 0xf, 0xff,
    0xfe, 0x0, 0x0, 0x0, 0x0, 0xf, 0xff, 0xfe,
    0x0, 0x0, 0x0, 0x0, 0x7, 0xff, 0xfe, 0x0,
    0x0, 0x0, 0x0, 0x7, 0xff, 0xff, 0x0, 0x0,
    0x0, 0x0, 0x3, 0xff, 0xff, 0x0, 0x0, 0x0,
    0x0, 0x3, 0xff, 0xff, 0x80, 0x0, 0x0, 0x0,
    0x3, 0xff, 0xff, 0x80, 0x0, 0x0, 0x0, 0x1,
    0xff, 0xff, 0x80, 0x0, 0x0, 0x0, 0x1, 0xff,
    0xff, 0xc0, 0x0, 0x0, 0x0, 0x0, 0xff, 0xff,
    0xc0, 0x0, 0x0, 0x0, 0x0, 0xff, 0xff, 0xc0,
    0x0, 0x0, 0x0, 0x0, 0xff, 0xff, 0xe0, 0x0,
    0x0, 0x0, 0x0, 0x7f, 0xff, 0xe0, 0x0, 0x0,
    0x0, 0x0, 0x7f, 0xff, 0xf0, 0x0, 0x0, 0x0,
    0x0, 0x7f, 0xff, 0xf0, 0x0, 0x0, 0x0, 0x0,
    0x3f, 0xff, 0xf0, 0x0, 0x0, 0x0, 0x0, 0x3f,
    0xff, 0xf8, 0x0, 0x0, 0x0, 0x0, 0x1f, 0xff,
    0xf8, 0x0, 0x0, 0x0, 0x0, 0x1f, 0xff, 0xf8,
    0x0, 0x0, 0x0, 0x0, 0x1f, 0xff, 0xfc, 0x0,
    0x0, 0x0, 0x0, 0xf, 0xff, 0xfc, 0x0, 0x0,
    0x0, 0x0, 0xf, 0xff, 0xfe, 0x0, 0x0, 0x0,
    0x0, 0xf, 0xff, 0xfe, 0x0, 0x0, 0x0, 0x0,
    0x7, 0xff, 0xfe, 0x0, 0x0, 0x0, 0x0, 0x7,
    0xff, 0xff, 0x0, 0x0, 0x0, 0x0, 0x3, 0xff,
    0xff, 0x0, 0x0, 0x0, 0x0, 0x3, 0xff, 0xff,
    0x80, 0x0, 0x0, 0x0, 0x3, 0xff, 0xff, 0x80,
    0x0, 0x0, 0x0, 0x1, 0xff, 0xff, 0x80, 0x0,
    0x0, 0x0, 0x1, 0xff, 0xff, 0xc0, 0x0, 0x0,
    0x0, 0x0, 0xff, 0xff, 0xc0, 0x0, 0x0, 0x0,
    0x0, 0xff, 0xff, 0xc0, 0x0, 0x0, 0x0, 0x0,
    0xff, 0xff, 0xe0, 0x0, 0x0, 0x0, 0x0, 0x7f,
    0xff, 0xe0, 0x0, 0x0, 0x0, 0x0, 0x7f, 0xff,
    0xf0, 0x0, 0x0, 0x0, 0x0, 0x7f, 0xff, 0xf0,
    0x0, 0x0, 0x0, 0x0, 0x3f, 0xff, 0xf0, 0x0,
    0x0, 0x0, 0x0, 0x3f, 0xff, 0xf8, 0x0, 0x0,
    0x0, 0x0, 0x1f, 0xff, 0xf8, 0x0, 0x0, 0x0,
    0x0, 0x1f, 0xff, 0xfc, 0x0, 0x0, 0x0, 0x0,
    0x1f, 0xff, 0xfc, 0x0, 0x0, 0x0, 0x0, 0xf,
    0xff, 0xfc, 0x0, 0x0, 0x0, 0x0, 0xf, 0xff,
    0xfe, 0x0, 0x0, 0x0, 0x0, 0x7, 0xff, 0xfe,
    0x0, 0x0, 0x0, 0x0, 0x7, 0xff, 0xfe, 0x0,
    0x0, 0x0, 0x0, 0x7, 0xff, 0xff, 0x0, 0x0,
    0x0, 0x0, 0x3, 0xff, 0xff,

    /* U+005D "]" */
    0xff, 0xff, 0xff, 0xff, 0xff, 0xff, 0xff, 0xff,
    0xff, 0xff, 0xff, 0xff, 0xff, 0xff, 0xff, 0xff,
    0xff, 0xff, 0xff, 0xff, 0xff, 0xff, 0xff, 0xff,
    0xff, 0xff, 0xff, 0xff, 0xff, 0xff, 0xff, 0xff,
    0xff, 0xff, 0xff, 0xff, 0xff, 0xff, 0xff, 0xff,
    0xff, 0xff, 0xff, 0xff, 0xff, 0xff, 0xff, 0xc0,
    0x1f, 0xff, 0xf8, 0x3, 0xff, 0xff, 0x0, 0x7f,
    0xff, 0xe0, 0xf, 0xff, 0xfc, 0x1, 0xff, 0xff,
    0x80, 0x3f, 0xff, 0xf0, 0x7, 0xff, 0xfe, 0x0,
    0xff, 0xff, 0xc0, 0x1f, 0xff, 0xf8, 0x3, 0xff,
    0xff, 0x0, 0x7f, 0xff, 0xe0, 0xf, 0xff, 0xfc,
    0x1, 0xff, 0xff, 0x80, 0x3f, 0xff, 0xf0, 0x7,
    0xff, 0xfe, 0x0, 0xff, 0xff, 0xc0, 0x1f, 0xff,
    0xf8, 0x3, 0xff, 0xff, 0x0, 0x7f, 0xff, 0xe0,
    0xf, 0xff, 0xfc, 0x1, 0xff, 0xff, 0x80, 0x3f,
    0xff, 0xf0, 0x7, 0xff, 0xfe, 0x0, 0xff, 0xff,
    0xc0, 0x1f, 0xff, 0xf8, 0x3, 0xff, 0xff, 0x0,
    0x7f, 0xff, 0xe0, 0xf, 0xff, 0xfc, 0x1, 0xff,
    0xff, 0x80, 0x3f, 0xff, 0xf0, 0x7, 0xff, 0xfe,
    0x0, 0xff, 0xff, 0xc0, 0x1f, 0xff, 0xf8, 0x3,
    0xff, 0xff, 0x0, 0x7f, 0xff, 0xe0, 0xf, 0xff,
    0xfc, 0x1, 0xff, 0xff, 0x80, 0x3f, 0xff, 0xf0,
    0x7, 0xff, 0xfe, 0x0, 0xff, 0xff, 0xc0, 0x1f,
    0xff, 0xf8, 0x3, 0xff, 0xff, 0x0, 0x7f, 0xff,
    0xe0, 0xf, 0xff, 0xfc, 0x1, 0xff, 0xff, 0x80,
    0x3f, 0xff, 0xf0, 0x7, 0xff, 0xfe, 0x0, 0xff,
    0xff, 0xc0, 0x1f, 0xff, 0xf8, 0x3, 0xff, 0xff,
    0x0, 0x7f, 0xff, 0xe0, 0xf, 0xff, 0xfc, 0x1,
    0xff, 0xff, 0x80, 0x3f, 0xff, 0xf0, 0x7, 0xff,
    0xfe, 0x0, 0xff, 0xff, 0xc0, 0x1f, 0xff, 0xf8,
    0x3, 0xff, 0xff, 0x0, 0x7f, 0xff, 0xe0, 0xf,
    0xff, 0xfc, 0x1, 0xff, 0xff, 0x80, 0x3f, 0xff,
    0xf0, 0x7, 0xff, 0xfe, 0x0, 0xff, 0xff, 0xc0,
    0x1f, 0xff, 0xf8, 0x3, 0xff, 0xff, 0x0, 0x7f,
    0xff, 0xe0, 0xf, 0xff, 0xfc, 0x1, 0xff, 0xff,
    0x80, 0x3f, 0xff, 0xf0, 0x7, 0xff, 0xfe, 0x0,
    0xff, 0xff, 0xc0, 0x1f, 0xff, 0xf8, 0x3, 0xff,
    0xff, 0x0, 0x7f, 0xff, 0xe0, 0xf, 0xff, 0xfc,
    0x1, 0xff, 0xff, 0x80, 0x3f, 0xff, 0xf0, 0x7,
    0xff, 0xfe, 0x0, 0xff, 0xff, 0xc0, 0x1f, 0xff,
    0xf8, 0x3, 0xff, 0xff, 0x0, 0x7f, 0xff, 0xe0,
    0xf, 0xff, 0xfc, 0x1, 0xff, 0xff, 0x80, 0x3f,
    0xff, 0xf0, 0x7, 0xff, 0xfe, 0x0, 0xff, 0xff,
    0xc0, 0x1f, 0xff, 0xf8, 0x3, 0xff, 0xff, 0x0,
    0x7f, 0xff, 0xe0, 0xf, 0xff, 0xfc, 0x1, 0xff,
    0xff, 0x80, 0x3f, 0xff, 0xf0, 0x7, 0xff, 0xfe,
    0x0, 0xff, 0xff, 0xc0, 0x1f, 0xff, 0xf8, 0x3,
    0xff, 0xff, 0x0, 0x7f, 0xff, 0xff, 0xff, 0xff,
    0xff, 0xff, 0xff, 0xff, 0xff, 0xff, 0xff, 0xff,
    0xff, 0xff, 0xff, 0xff, 0xff, 0xff, 0xff, 0xff,
    0xff, 0xff, 0xff, 0xff, 0xff, 0xff, 0xff, 0xff,
    0xff, 0xff, 0xff, 0xff, 0xff, 0xff, 0xff, 0xff,
    0xff, 0xff, 0xff, 0xff, 0xff, 0xff, 0xff, 0xff,
    0xff, 0xff, 0xff, 0xff, 0xf8,

    /* U+005E "^" */
    0x0, 0x0, 0x3f, 0xff, 0x0, 0x0, 0x0, 0x0,
    0xf, 0xff, 0xc0, 0x0, 0x0, 0x0, 0x3, 0xff,
    0xf8, 0x0, 0x0, 0x0, 0x1, 0xff, 0xfe, 0x0,
    0x0, 0x0, 0x0, 0x7f, 0xff, 0x80, 0x0, 0x0,
    0x0, 0x3f, 0xff, 0xf0, 0x0, 0x0, 0x0, 0xf,
    0xff, 0xfc, 0x0, 0x0, 0x0, 0x3, 0xff, 0xff,
    0x80, 0x0, 0x0, 0x1, 0xff, 0xff, 0xe0, 0x0,
    0x0, 0x0, 0x7f, 0xff, 0xf8, 0x0, 0x0, 0x0,
    0x3f, 0xff, 0xff, 0x0, 0x0, 0x0, 0xf, 0xff,
    0xff, 0xc0, 0x0, 0x0, 0x3, 0xff, 0xff, 0xf8,
    0x0, 0x0, 0x1, 0xff, 0xff, 0xfe, 0x0, 0x0,
    0x0, 0x7f, 0xff, 0xff, 0x80, 0x0, 0x0, 0x3f,
    0xff, 0xff, 0xf0, 0x0, 0x0, 0xf, 0xff, 0xff,
    0xfc, 0x0, 0x0, 0x3, 0xff, 0xff, 0xff, 0x80,
    0x0, 0x1, 0xff, 0xfb, 0xff, 0xe0, 0x0, 0x0,
    0x7f, 0xfc, 0xff, 0xf8, 0x0, 0x0, 0x3f, 0xff,
    0x3f, 0xff, 0x0, 0x0, 0xf, 0xff, 0x87, 0xff,
    0xc0, 0x0, 0x7, 0xff, 0xe1, 0xff, 0xf8, 0x0,
    0x1, 0xff, 0xf8, 0x3f, 0xfe, 0x0, 0x0, 0x7f,
    0xfc, 0xf, 0xff, 0xc0, 0x0, 0x3f, 0xff, 0x3,
    0xff, 0xf0, 0x0, 0xf, 0xff, 0xc0, 0x7f, 0xfc,
    0x0, 0x7, 0xff, 0xe0, 0x1f, 0xff, 0x80, 0x1,
    0xff, 0xf8, 0x7, 0xff, 0xe0, 0x0, 0x7f, 0xfc,
    0x0, 0xff, 0xfc, 0x0, 0x3f, 0xff, 0x0, 0x3f,
    0xff, 0x0, 0xf, 0xff, 0xc0, 0x7, 0xff, 0xc0,
    0x7, 0xff, 0xe0, 0x1, 0xff, 0xf8, 0x1, 0xff,
    0xf8, 0x0, 0x7f, 0xfe, 0x0, 0x7f, 0xfc, 0x0,
    0xf, 0xff, 0xc0, 0x3f, 0xff, 0x0, 0x3, 0xff,
    0xf0, 0xf, 0xff, 0xc0, 0x0, 0x7f, 0xfc, 0x7,
    0xff, 0xe0, 0x0, 0x1f, 0xff, 0x81, 0xff, 0xf8,
    0x0, 0x7, 0xff, 0xe0, 0xff, 0xfe, 0x0, 0x0,
    0xff, 0xfc, 0x3f, 0xff, 0x0, 0x0, 0x3f, 0xff,
    0xf, 0xff, 0xc0, 0x0, 0xf, 0xff, 0xc7, 0xff,
    0xe0, 0x0, 0x1, 0xff, 0xf9, 0xff, 0xf8, 0x0,
    0x0, 0x7f, 0xfe, 0xff, 0xfe, 0x0, 0x0, 0xf,
    0xff, 0xff, 0xff, 0x0, 0x0, 0x3, 0xff, 0xf0,

    /* U+005F "_" */
    0xff, 0xff, 0xff, 0xff, 0xff, 0xff, 0xff, 0xff,
    0xff, 0xff, 0xff, 0xff, 0xff, 0xff, 0xff, 0xff,
    0xff, 0xff, 0xff, 0xff, 0xff, 0xff, 0xff, 0xff,
    0xff, 0xff, 0xff, 0xff, 0xff, 0xff, 0xff, 0xff,
    0xff, 0xff, 0xff, 0xff, 0xff, 0xff, 0xff, 0xff,
    0xff, 0xff, 0xff, 0xff, 0xff, 0xff, 0xff, 0xff,
    0xff, 0xff, 0xff, 0xff, 0xff, 0xff, 0xff, 0xff,
    0xff, 0xff, 0xff, 0xff, 0xff, 0xff, 0xff, 0xff,
    0xff, 0xff, 0xff, 0xff, 0xff, 0xff, 0xff, 0xff,
    0xff, 0xff, 0xff, 0xff, 0xff, 0xff, 0xff, 0xff,
    0xff, 0xff, 0xff, 0xff, 0xff, 0xff, 0xff, 0xff,
    0xff, 0xff, 0xff, 0xff, 0xff, 0xff, 0xff, 0xff,
    0xff, 0xff, 0xff, 0xfc,

    /* U+0060 "`" */
    0x7f, 0xff, 0xf0, 0x0, 0x3f, 0xff, 0xf8, 0x0,
    0x1f, 0xff, 0xfc, 0x0, 0xf, 0xff, 0xfc, 0x0,
    0x7, 0xff, 0xfe, 0x0, 0x7, 0xff, 0xff, 0x0,
    0x3, 0xff, 0xff, 0x0, 0x1, 0xff, 0xff, 0x80,
    0x0, 0xff, 0xff, 0xc0, 0x0, 0x7f, 0xff, 0xc0,
    0x0, 0x3f, 0xff, 0xe0, 0x0, 0x1f, 0xff, 0xf0,
    0x0, 0xf, 0xff, 0xf0, 0x0, 0x7, 0xff, 0xf8,
    0x0, 0x3, 0xff, 0xf8, 0x0, 0x3, 0xff, 0xfc,
    0x0, 0x1, 0xff, 0xfe, 0x0, 0x0, 0xff, 0xfe,
    0x0, 0x0, 0x7f, 0xff,

    /* U+0061 "a" */
    0x0, 0x0, 0x0, 0xff, 0xf8, 0x0, 0x0, 0x0,
    0x0, 0x1, 0xff, 0xff, 0xf8, 0x0, 0x0, 0x0,
    0x0, 0xff, 0xff, 0xff, 0xf0, 0x0, 0x0, 0x0,
    0x3f, 0xff, 0xff, 0xff, 0xc0, 0x0, 0x0, 0xf,
    0xff, 0xff, 0xff, 0xff, 0x0, 0x0, 0x1, 0xff,
    0xff, 0xff, 0xff, 0xf8, 0x0, 0x0, 0x3f, 0xff,
    0xff, 0xff, 0xff, 0xc0, 0x0, 0xf, 0xff, 0xff,
    0xff, 0xff, 0xfe, 0x0, 0x1, 0xff, 0xff, 0xff,
    0xff, 0xff, 0xf0, 0x0, 0x3f, 0xff, 0xff, 0xff,
    0xff, 0xff, 0x80, 0x3, 0xff, 0xff, 0xff, 0xff,
    0xff, 0xf8, 0x0, 0x7f, 0xff, 0xff, 0xff, 0xff,
    0xff, 0xc0, 0xf, 0xff, 0xff, 0xff, 0xff, 0xff,
    0xfe, 0x0, 0xff, 0xff, 0xfc, 0x7, 0xff, 0xff,
    0xe0, 0x1f, 0xff, 0xff, 0x0, 0x1f, 0xff, 0xfe,
    0x1, 0xff, 0xff, 0xc0, 0x0, 0xff, 0xff, 0xf0,
    0x1f, 0xff, 0xf8, 0x0, 0x7, 0xff, 0xff, 0x3,
    0xff, 0xff, 0x80, 0x0, 0x3f, 0xff, 0xf0, 0x3f,
    0xff, 0xf0, 0x0, 0x3, 0xff, 0xff, 0x83, 0xff,
    0xff, 0x0, 0x0, 0x1f, 0xff, 0xf8, 0x3f, 0xff,
    0xf0, 0x0, 0x1, 0xff, 0xff, 0x83, 0xff, 0xff,
    0x0, 0x0, 0x1f, 0xff, 0xf8, 0x0, 0x0, 0x0,
    0x0, 0x1, 0xff, 0xff, 0x80, 0x0, 0x0, 0x0,
    0x0, 0x1f, 0xff, 0xf8, 0x0, 0x0, 0x0, 0x0,
    0x1, 0xff, 0xff, 0x80, 0x0, 0x0, 0x0, 0x0,
    0x1f, 0xff, 0xf8, 0x0, 0x0, 0x0, 0x0, 0x1,
    0xff, 0xff, 0x80, 0x0, 0x0, 0x0, 0x0, 0x1f,
    0xff, 0xf8, 0x0, 0x0, 0x1, 0xff, 0xff, 0xff,
    0xff, 0x80, 0x0, 0x7, 0xff, 0xff, 0xff, 0xff,
    0xf8, 0x0, 0x3, 0xff, 0xff, 0xff, 0xff, 0xff,
    0x80, 0x0, 0xff, 0xff, 0xff, 0xff, 0xff, 0xf8,
    0x0, 0x3f, 0xff, 0xff, 0xff, 0xff, 0xff, 0x80,
    0xf, 0xff, 0xff, 0xff, 0xff, 0xff, 0xf8, 0x1,
    0xff, 0xff, 0xff, 0xff, 0xff, 0xff, 0x80, 0x3f,
    0xff, 0xff, 0xff, 0xff, 0xff, 0xf8, 0x7, 0xff,
    0xff, 0xff, 0xff, 0xff, 0xff, 0x80, 0xff, 0xff,
    0xff, 0xff, 0xff, 0xff, 0xf8, 0x1f, 0xff, 0xff,
    0xe0, 0x1, 0xff, 0xff, 0x81, 0xff, 0xff, 0xf0,
    0x0, 0x1f, 0xff, 0xf8, 0x3f, 0xff, 0xfc, 0x0,
    0x1, 0xff, 0xff, 0x83, 0xff, 0xff, 0x80, 0x0,
    0x1f, 0xff, 0xf8, 0x7f, 0xff, 0xf0, 0x0, 0x1,
    0xff, 0xff, 0x87, 0xff, 0xfe, 0x0, 0x0, 0x1f,
    0xff, 0xf8, 0x7f, 0xff, 0xe0, 0x0, 0x1, 0xff,
    0xff, 0x8f, 0xff, 0xfc, 0x0, 0x0, 0x1f, 0xff,
    0xf8, 0xff, 0xff, 0xc0, 0x0, 0x1, 0xff, 0xff,
    0x8f, 0xff, 0xfc, 0x0, 0x0, 0x1f, 0xff, 0xf8,
    0xff, 0xff, 0xc0, 0x0, 0x1, 0xff, 0xff, 0x8f,
    0xff, 0xfc, 0x0, 0x0, 0x1f, 0xff, 0xf8, 0xff,
    0xff, 0xc0, 0x0, 0x3, 0xff, 0xff, 0x8f, 0xff,
    0xfe, 0x0, 0x0, 0x3f, 0xff, 0xf8, 0xff, 0xff,
    0xe0, 0x0, 0xf, 0xff, 0xff, 0x8f, 0xff, 0xff,
    0x0, 0x1, 0xff, 0xff, 0xf8, 0xff, 0xff, 0xf8,
    0x0, 0x3f, 0xff, 0xff, 0x87, 0xff, 0xff, 0xe0,
    0x1f, 0xff, 0xff, 0xf8, 0x7f, 0xff, 0xff, 0xff,
    0xff, 0xff, 0xff, 0x87, 0xff, 0xff, 0xff, 0xff,
    0xff, 0xff, 0xf8, 0x3f, 0xff, 0xff, 0xff, 0xff,
    0xff, 0xff, 0x83, 0xff, 0xff, 0xff, 0xff, 0xff,
    0xff, 0xf8, 0x1f, 0xff, 0xff, 0xff, 0xff, 0xff,
    0xff, 0x80, 0xff, 0xff, 0xff, 0xff, 0xff, 0xff,
    0xfc, 0x7, 0xff, 0xff, 0xff, 0xff, 0xff, 0xff,
    0xc0, 0x3f, 0xff, 0xff, 0xff, 0xef, 0xff, 0xfc,
    0x1, 0xff, 0xff, 0xff, 0xfc, 0xff, 0xff, 0xc0,
    0xf, 0xff, 0xff, 0xff, 0x7, 0xff, 0xfe, 0x0,
    0x7f, 0xff, 0xff, 0xe0, 0x7f, 0xff, 0xe0, 0x1,
    0xff, 0xff, 0xf8, 0x7, 0xff, 0xfe, 0x0, 0x3,
    0xff, 0xfe, 0x0, 0x0, 0x0, 0x0, 0x0, 0x3,
    0xff, 0x0, 0x0, 0x0, 0x0,

    /* U+0062 "b" */
    0xff, 0xff, 0xc0, 0x0, 0x0, 0x0, 0x0, 0x7,
    0xff, 0xfe, 0x0, 0x0, 0x0, 0x0, 0x0, 0x3f,
    0xff, 0xf0, 0x0, 0x0, 0x0, 0x0, 0x1, 0xff,
    0xff, 0x80, 0x0, 0x0, 0x0, 0x0, 0xf, 0xff,
    0xfc, 0x0, 0x0, 0x0, 0x0, 0x0, 0x7f, 0xff,
    0xe0, 0x0, 0x0, 0x0, 0x0, 0x3, 0xff, 0xff,
    0x0, 0x0, 0x0, 0x0, 0x0, 0x1f, 0xff, 0xf8,
    0x0, 0x0, 0x0, 0x0, 0x0, 0xff, 0xff, 0xc0,
    0x0, 0x0, 0x0, 0x0, 0x7, 0xff, 0xfe, 0x0,
    0x0, 0x0, 0x0, 0x0, 0x3f, 0xff, 0xf0, 0x0,
    0x0, 0x0, 0x0, 0x1, 0xff, 0xff, 0x80, 0x0,
    0x0, 0x0, 0x0, 0xf, 0xff, 0xfc, 0x0, 0x0,
    0x0, 0x0, 0x0, 0x7f, 0xff, 0xe0, 0x0, 0x0,
    0x0, 0x0, 0x3, 0xff, 0xff, 0x0, 0x0, 0x0,
    0x0, 0x0, 0x1f, 0xff, 0xf8, 0x0, 0x0, 0x0,
    0x0, 0x0, 0xff, 0xff, 0xc0, 0x0, 0x0, 0x0,
    0x0, 0x7, 0xff, 0xfe, 0x0, 0x0, 0x0, 0x0,
    0x0, 0x3f, 0xff, 0xf0, 0x0, 0x0, 0x0, 0x0,
    0x1, 0xff, 0xff, 0x80, 0x0, 0x0, 0x0, 0x0,
    0xf, 0xff, 0xfc, 0x0, 0x0, 0x0, 0x0, 0x0,
    0x7f, 0xff, 0xe0, 0x0, 0x0, 0x0, 0x0, 0x3,
    0xff, 0xff, 0x0, 0x0, 0x0, 0x0, 0x0, 0x1f,
    0xff, 0xf8, 0x0, 0x0, 0x0, 0x0, 0x0, 0xff,
    0xff, 0xc0, 0x0, 0x0, 0x0, 0x0, 0x7, 0xff,
    0xfe, 0x0, 0x0, 0x0, 0x0, 0x0, 0x3f, 0xff,
    0xf0, 0x0, 0x0, 0x0, 0x0, 0x1, 0xff, 0xff,
    0x80, 0x7, 0xfe, 0x0, 0x0, 0xf, 0xff, 0xfc,
    0x3, 0xff, 0xff, 0x0, 0x0, 0x7f, 0xff, 0xe0,
    0x7f, 0xff, 0xfe, 0x0, 0x3, 0xff, 0xff, 0xf,
    0xff, 0xff, 0xfc, 0x0, 0x1f, 0xff, 0xf8, 0xff,
    0xff, 0xff, 0xf0, 0x0, 0xff, 0xff, 0xcf, 0xff,
    0xff, 0xff, 0xe0, 0x7, 0xff, 0xfe, 0xff, 0xff,
    0xff, 0xff, 0x80, 0x3f, 0xff, 0xff, 0xff, 0xff,
    0xff, 0xfe, 0x1, 0xff, 0xff, 0xff, 0xff, 0xff,
    0xff, 0xf8, 0xf, 0xff, 0xff, 0xff, 0xff, 0xff,
    0xff, 0xc0, 0x7f, 0xff, 0xff, 0xff, 0xff, 0xff,
    0xff, 0x3, 0xff, 0xff, 0xff, 0xff, 0xff, 0xff,
    0xfc, 0x1f, 0xff, 0xff, 0xff, 0xff, 0xff, 0xff,
    0xe0, 0xff, 0xff, 0xff, 0xff, 0xff, 0xff, 0xff,
    0x87, 0xff, 0xff, 0xfe, 0x1, 0xff, 0xff, 0xfc,
    0x3f, 0xff, 0xff, 0x80, 0x3, 0xff, 0xff, 0xf1,
    0xff, 0xff, 0xf8, 0x0, 0x7, 0xff, 0xff, 0x8f,
    0xff, 0xff, 0x0, 0x0, 0x1f, 0xff, 0xfc, 0x7f,
    0xff, 0xf8, 0x0, 0x0, 0xff, 0xff, 0xf3, 0xff,
    0xff, 0x80, 0x0, 0x3, 0xff, 0xff, 0x9f, 0xff,
    0xf8, 0x0, 0x0, 0xf, 0xff, 0xfc, 0xff, 0xff,
    0xc0, 0x0, 0x0, 0x7f, 0xff, 0xf7, 0xff, 0xfe,
    0x0, 0x0, 0x3, 0xff, 0xff, 0xbf, 0xff, 0xf0,
    0x0, 0x0, 0xf, 0xff, 0xfd, 0xff, 0xff, 0x80,
    0x0, 0x0, 0x7f, 0xff, 0xef, 0xff, 0xfc, 0x0,
    0x0, 0x3, 0xff, 0xff, 0x7f, 0xff, 0xe0, 0x0,
    0x0, 0x1f, 0xff, 0xff, 0xff, 0xff, 0x0, 0x0,
    0x0, 0x7f, 0xff, 0xff, 0xff, 0xf8, 0x0, 0x0,
    0x3, 0xff, 0xff, 0xff, 0xff, 0xc0, 0x0, 0x0,
    0x1f, 0xff, 0xff, 0xff, 0xfe, 0x0, 0x0, 0x0,
    0xff, 0xff, 0xff, 0xff, 0xf0, 0x0, 0x0, 0x7,
    0xff, 0xff, 0xff, 0xff, 0x80, 0x0, 0x0, 0x3f,
    0xff, 0xff, 0xff, 0xfc, 0x0, 0x0, 0x1, 0xff,
    0xff, 0xff, 0xff, 0xe0, 0x0, 0x0, 0xf, 0xff,
    0xff, 0xff, 0xff, 0x0, 0x0, 0x0, 0x7f, 0xff,
    0xff, 0xff, 0xf8, 0x0, 0x0, 0x3, 0xff, 0xff,
    0xff, 0xff, 0xc0, 0x0, 0x0, 0x1f, 0xff, 0xff,
    0xff, 0xfe, 0x0, 0x0, 0x0, 0xff, 0xff, 0xff,
    0xff, 0xf0, 0x0, 0x0, 0x7, 0xff, 0xff, 0xff,
    0xff, 0x80, 0x0, 0x0, 0x3f, 0xff, 0xff, 0xff,
    0xfc, 0x0, 0x0, 0x1, 0xff, 0xff, 0xff, 0xff,
    0xe0, 0x0, 0x0, 0xf, 0xff, 0xff, 0xff, 0xff,
    0x0, 0x0, 0x0, 0xff, 0xff, 0xff, 0xff, 0xf8,
    0x0, 0x0, 0x7, 0xff, 0xfe, 0xff, 0xff, 0xc0,
    0x0, 0x0, 0x3f, 0xff, 0xf7, 0xff, 0xfe, 0x0,
    0x0, 0x1, 0xff, 0xff, 0xbf, 0xff, 0xf0, 0x0,
    0x0, 0xf, 0xff, 0xfd, 0xff, 0xff, 0x80, 0x0,
    0x0, 0xff, 0xff, 0xef, 0xff, 0xfc, 0x0, 0x0,
    0x7, 0xff, 0xfe, 0x7f, 0xff, 0xf0, 0x0, 0x0,
    0x7f, 0xff, 0xf3, 0xff, 0xff, 0xc0, 0x0, 0x3,
    0xff, 0xff, 0x9f, 0xff, 0xff, 0x0, 0x0, 0x3f,
    0xff, 0xf8, 0xff, 0xff, 0xfc, 0x0, 0x3, 0xff,
    0xff, 0xc7, 0xff, 0xff, 0xf0, 0x0, 0x7f, 0xff,
    0xfe, 0x3f, 0xff, 0xff, 0xf0, 0xf, 0xff, 0xff,
    0xe1, 0xff, 0xff, 0xff, 0xff, 0xff, 0xff, 0xff,
    0xf, 0xff, 0xff, 0xff, 0xff, 0xff, 0xff, 0xf0,
    0x7f, 0xff, 0xff, 0xff, 0xff, 0xff, 0xff, 0x83,
    0xff, 0xff, 0xff, 0xff, 0xff, 0xff, 0xf8, 0x1f,
    0xff, 0xff, 0xff, 0xff, 0xff, 0xff, 0x80, 0xff,
    0xff, 0xff, 0xff, 0xff, 0xff, 0xfc, 0x7, 0xff,
    0xfd, 0xff, 0xff, 0xff, 0xff, 0xc0, 0x3f, 0xff,
    0xe7, 0xff, 0xff, 0xff, 0xfc, 0x1, 0xff, 0xff,
    0x1f, 0xff, 0xff, 0xff, 0xc0, 0xf, 0xff, 0xf8,
    0x7f, 0xff, 0xff, 0xf8, 0x0, 0x7f, 0xff, 0x81,
    0xff, 0xff, 0xff, 0x80, 0x3, 0xff, 0xfc, 0x3,
    0xff, 0xff, 0xf0, 0x0, 0x1f, 0xff, 0xe0, 0x7,
    0xff, 0xfe, 0x0, 0x0, 0x0, 0x0, 0x0, 0x3,
    0xff, 0x0, 0x0, 0x0,

    /* U+0063 "c" */
    0x0, 0x0, 0x0, 0x7f, 0xf8, 0x0, 0x0, 0x0,
    0x0, 0x1, 0xff, 0xff, 0xf0, 0x0, 0x0, 0x0,
    0x0, 0xff, 0xff, 0xff, 0xc0, 0x0, 0x0, 0x0,
    0x7f, 0xff, 0xff, 0xfe, 0x0, 0x0, 0x0, 0x3f,
    0xff, 0xff, 0xff, 0xf0, 0x0, 0x0, 0x1f, 0xff,
    0xff, 0xff, 0xff, 0x0, 0x0, 0x7, 0xff, 0xff,
    0xff, 0xff, 0xf8, 0x0, 0x1, 0xff, 0xff, 0xff,
    0xff, 0xff, 0x80, 0x0, 0x7f, 0xff, 0xff, 0xff,
    0xff, 0xf8, 0x0, 0x1f, 0xff, 0xff, 0xff, 0xff,
    0xff, 0x0, 0x7, 0xff, 0xff, 0xff, 0xff, 0xff,
    0xf0, 0x1, 0xff, 0xff, 0xff, 0xff, 0xff, 0xff,
    0x0, 0x3f, 0xff, 0xff, 0xff, 0xff, 0xff, 0xf0,
    0xf, 0xff, 0xff, 0xff, 0xff, 0xff, 0xfe, 0x1,
    0xff, 0xff, 0xf8, 0xf, 0xff, 0xff, 0xe0, 0x7f,
    0xff, 0xfc, 0x0, 0x3f, 0xff, 0xfc, 0xf, 0xff,
    0xfe, 0x0, 0x3, 0xff, 0xff, 0x83, 0xff, 0xff,
    0x80, 0x0, 0x3f, 0xff, 0xf8, 0x7f, 0xff, 0xe0,
    0x0, 0x3, 0xff, 0xff, 0x1f, 0xff, 0xfc, 0x0,
    0x0, 0x7f, 0xff, 0xe3, 0xff, 0xff, 0x0, 0x0,
    0x7, 0xff, 0xfc, 0x7f, 0xff, 0xe0, 0x0, 0x0,
    0xff, 0xff, 0xdf, 0xff, 0xf8, 0x0, 0x0, 0xf,
    0xff, 0xfb, 0xff, 0xff, 0x0, 0x0, 0x1, 0xff,
    0xff, 0x7f, 0xff, 0xe0, 0x0, 0x0, 0x3f, 0xff,
    0xef, 0xff, 0xfc, 0x0, 0x0, 0x7, 0xff, 0xfd,
    0xff, 0xff, 0x80, 0x0, 0x0, 0x0, 0x0, 0x7f,
    0xff, 0xe0, 0x0, 0x0, 0x0, 0x0, 0xf, 0xff,
    0xfc, 0x0, 0x0, 0x0, 0x0, 0x1, 0xff, 0xff,
    0x80, 0x0, 0x0, 0x0, 0x0, 0x3f, 0xff, 0xf0,
    0x0, 0x0, 0x0, 0x0, 0x7, 0xff, 0xfe, 0x0,
    0x0, 0x0, 0x0, 0x0, 0xff, 0xff, 0xc0, 0x0,
    0x0, 0x0, 0x0, 0x1f, 0xff, 0xf8, 0x0, 0x0,
    0x0, 0x0, 0x3, 0xff, 0xff, 0x0, 0x0, 0x0,
    0x0, 0x0, 0x7f, 0xff, 0xe0, 0x0, 0x0, 0x0,
    0x0, 0xf, 0xff, 0xfc, 0x0, 0x0, 0x0, 0x0,
    0x1, 0xff, 0xff, 0x80, 0x0, 0x0, 0x0, 0x0,
    0x3f, 0xff, 0xf0, 0x0, 0x0, 0x0, 0x0, 0x7,
    0xff, 0xfe, 0x0, 0x0, 0x0, 0x0, 0x0, 0xff,
    0xff, 0xc0, 0x0, 0x0, 0x0, 0x0, 0x1f, 0xff,
    0xf8, 0x0, 0x0, 0x0, 0x0, 0x3, 0xff, 0xff,
    0x0, 0x0, 0x0, 0x0, 0x0, 0x3f, 0xff, 0xf0,
    0x0, 0x0, 0x0, 0x0, 0x7, 0xff, 0xfe, 0x0,
    0x0, 0x0, 0x0, 0x0, 0xff, 0xff, 0xc0, 0x0,
    0x0, 0x0, 0x0, 0x1f, 0xff, 0xf8, 0x0, 0x0,
    0xf, 0xff, 0xfb, 0xff, 0xff, 0x0, 0x0, 0x1,
    0xff, 0xff, 0x3f, 0xff, 0xf0, 0x0, 0x0, 0x3f,
    0xff, 0xe7, 0xff, 0xfe, 0x0, 0x0, 0xf, 0xff,
    0xfc, 0xff, 0xff, 0xe0, 0x0, 0x1, 0xff, 0xff,
    0x8f, 0xff, 0xfc, 0x0, 0x0, 0x7f, 0xff, 0xe1,
    0xff, 0xff, 0xc0, 0x0, 0x1f, 0xff, 0xfc, 0x1f,
    0xff, 0xfc, 0x0, 0x7, 0xff, 0xff, 0x83, 0xff,
    0xff, 0xc0, 0x1, 0xff, 0xff, 0xe0, 0x3f, 0xff,
    0xff, 0x1, 0xff, 0xff, 0xfc, 0x7, 0xff, 0xff,
    0xff, 0xff, 0xff, 0xff, 0x0, 0x7f, 0xff, 0xff,
    0xff, 0xff, 0xff, 0xe0, 0xf, 0xff, 0xff, 0xff,
    0xff, 0xff, 0xf8, 0x0, 0xff, 0xff, 0xff, 0xff,
    0xff, 0xfe, 0x0, 0xf, 0xff, 0xff, 0xff, 0xff,
    0xff, 0x80, 0x0, 0xff, 0xff, 0xff, 0xff, 0xff,
    0xf0, 0x0, 0xf, 0xff, 0xff, 0xff, 0xff, 0xfc,
    0x0, 0x0, 0xff, 0xff, 0xff, 0xff, 0xfe, 0x0,
    0x0, 0xf, 0xff, 0xff, 0xff, 0xff, 0x80, 0x0,
    0x0, 0x7f, 0xff, 0xff, 0xff, 0xe0, 0x0, 0x0,
    0x3, 0xff, 0xff, 0xff, 0xf0, 0x0, 0x0, 0x0,
    0x1f, 0xff, 0xff, 0xf8, 0x0, 0x0, 0x0, 0x0,
    0xff, 0xff, 0xf8, 0x0, 0x0, 0x0, 0x0, 0x0,
    0xff, 0xf0, 0x0, 0x0, 0x0,

    /* U+0064 "d" */
    0x0, 0x0, 0x0, 0x0, 0x0, 0x1f, 0xff, 0xf8,
    0x0, 0x0, 0x0, 0x0, 0x0, 0xff, 0xff, 0xc0,
    0x0, 0x0, 0x0, 0x0, 0x7, 0xff, 0xfe, 0x0,
    0x0, 0x0, 0x0, 0x0, 0x3f, 0xff, 0xf0, 0x0,
    0x0, 0x0, 0x0, 0x1, 0xff, 0xff, 0x80, 0x0,
    0x0, 0x0, 0x0, 0xf, 0xff, 0xfc, 0x0, 0x0,
    0x0, 0x0, 0x0, 0x7f, 0xff, 0xe0, 0x0, 0x0,
    0x0, 0x0, 0x3, 0xff, 0xff, 0x0, 0x0, 0x0,
    0x0, 0x0, 0x1f, 0xff, 0xf8, 0x0, 0x0, 0x0,
    0x0, 0x0, 0xff, 0xff, 0xc0, 0x0, 0x0, 0x0,
    0x0, 0x7, 0xff, 0xfe, 0x0, 0x0, 0x0, 0x0,
    0x0, 0x3f, 0xff, 0xf0, 0x0, 0x0, 0x0, 0x0,
    0x1, 0xff, 0xff, 0x80, 0x0, 0x0, 0x0, 0x0,
    0xf, 0xff, 0xfc, 0x0, 0x0, 0x0, 0x0, 0x0,
    0x7f, 0xff, 0xe0, 0x0, 0x0, 0x0, 0x0, 0x3,
    0xff, 0xff, 0x0, 0x0, 0x0, 0x0, 0x0, 0x1f,
    0xff, 0xf8, 0x0, 0x0, 0x0, 0x0, 0x0, 0xff,
    0xff, 0xc0, 0x0, 0x0, 0x0, 0x0, 0x7, 0xff,
    0xfe, 0x0, 0x0, 0x0, 0x0, 0x0, 0x3f, 0xff,
    0xf0, 0x0, 0x0, 0x0, 0x0, 0x1, 0xff, 0xff,
    0x80, 0x0, 0x0, 0x0, 0x0, 0xf, 0xff, 0xfc,
    0x0, 0x0, 0x0, 0x0, 0x0, 0x7f, 0xff, 0xe0,
    0x0, 0x0, 0x0, 0x0, 0x3, 0xff, 0xff, 0x0,
    0x0, 0x0, 0x0, 0x0, 0x1f, 0xff, 0xf8, 0x0,
    0x0, 0x0, 0x0, 0x0, 0xff, 0xff, 0xc0, 0x0,
    0x0, 0x0, 0x0, 0x7, 0xff, 0xfe, 0x0, 0x0,
    0xf, 0xfc, 0x0, 0x3f, 0xff, 0xf0, 0x0, 0x3,
    0xff, 0xfe, 0x1, 0xff, 0xff, 0x80, 0x0, 0xff,
    0xff, 0xfc, 0xf, 0xff, 0xfc, 0x0, 0x1f, 0xff,
    0xff, 0xf8, 0x7f, 0xff, 0xe0, 0x1, 0xff, 0xff,
    0xff, 0xe3, 0xff, 0xff, 0x0, 0x1f, 0xff, 0xff,
    0xff, 0x9f, 0xff, 0xf8, 0x1, 0xff, 0xff, 0xff,
    0xfe, 0xff, 0xff, 0xc0, 0x1f, 0xff, 0xff, 0xff,
    0xff, 0xff, 0xfe, 0x1, 0xff, 0xff, 0xff, 0xff,
    0xff, 0xff, 0xf0, 0x1f, 0xff, 0xff, 0xff, 0xff,
    0xff, 0xff, 0x81, 0xff, 0xff, 0xff, 0xff, 0xff,
    0xff, 0xfc, 0xf, 0xff, 0xff, 0xff, 0xff, 0xff,
    0xff, 0xe0, 0xff, 0xff, 0xff, 0xff, 0xff, 0xff,
    0xff, 0xf, 0xff, 0xff, 0xff, 0xff, 0xff, 0xff,
    0xf8, 0x7f, 0xff, 0xff, 0x0, 0xff, 0xff, 0xff,
    0xc7, 0xff, 0xff, 0xe0, 0x0, 0xff, 0xff, 0xfe,
    0x3f, 0xff, 0xfe, 0x0, 0x3, 0xff, 0xff, 0xf1,
    0xff, 0xff, 0xe0, 0x0, 0xf, 0xff, 0xff, 0x9f,
    0xff, 0xfe, 0x0, 0x0, 0x3f, 0xff, 0xfc, 0xff,
    0xff, 0xe0, 0x0, 0x0, 0xff, 0xff, 0xe7, 0xff,
    0xff, 0x0, 0x0, 0x3, 0xff, 0xff, 0x7f, 0xff,
    0xf0, 0x0, 0x0, 0x1f, 0xff, 0xfb, 0xff, 0xff,
    0x80, 0x0, 0x0, 0xff, 0xff, 0xdf, 0xff, 0xf8,
    0x0, 0x0, 0x7, 0xff, 0xfe, 0xff, 0xff, 0xc0,
    0x0, 0x0, 0x3f, 0xff, 0xf7, 0xff, 0xfe, 0x0,
    0x0, 0x1, 0xff, 0xff, 0xff, 0xff, 0xf0, 0x0,
    0x0, 0xf, 0xff, 0xff, 0xff, 0xff, 0x80, 0x0,
    0x0, 0x7f, 0xff, 0xff, 0xff, 0xf8, 0x0, 0x0,
    0x3, 0xff, 0xff, 0xff, 0xff, 0xc0, 0x0, 0x0,
    0x1f, 0xff, 0xff, 0xff, 0xfe, 0x0, 0x0, 0x0,
    0xff, 0xff, 0xff, 0xff, 0xf0, 0x0, 0x0, 0x7,
    0xff, 0xff, 0xff, 0xff, 0x80, 0x0, 0x0, 0x3f,
    0xff, 0xff, 0xff, 0xfc, 0x0, 0x0, 0x1, 0xff,
    0xff, 0xff, 0xff, 0xe0, 0x0, 0x0, 0xf, 0xff,
    0xff, 0xff, 0xff, 0x0, 0x0, 0x0, 0x7f, 0xff,
    0xff, 0xff, 0xf8, 0x0, 0x0, 0x3, 0xff, 0xff,
    0xff, 0xff, 0xc0, 0x0, 0x0, 0x1f, 0xff, 0xff,
    0xff, 0xfe, 0x0, 0x0, 0x0, 0xff, 0xff, 0xff,
    0xff, 0xf0, 0x0, 0x0, 0x7, 0xff, 0xff, 0xff,
    0xff, 0x80, 0x0, 0x0, 0x3f, 0xff, 0xff, 0xff,
    0xfc, 0x0, 0x0, 0x1, 0xff, 0xff, 0xff, 0xff,
    0xe0, 0x0, 0x0, 0xf, 0xff, 0xfd, 0xff, 0xff,
    0x80, 0x0, 0x0, 0x7f, 0xff, 0xef, 0xff, 0xfc,
    0x0, 0x0, 0x3, 0xff, 0xff, 0x7f, 0xff, 0xe0,
    0x0, 0x0, 0x1f, 0xff, 0xfb, 0xff, 0xff, 0x0,
    0x0, 0x0, 0xff, 0xff, 0xdf, 0xff, 0xfc, 0x0,
    0x0, 0x7, 0xff, 0xfe, 0xff, 0xff, 0xe0, 0x0,
    0x0, 0x3f, 0xff, 0xf3, 0xff, 0xff, 0x80, 0x0,
    0x1, 0xff, 0xff, 0x9f, 0xff, 0xfc, 0x0, 0x0,
    0x1f, 0xff, 0xfc, 0xff, 0xff, 0xf0, 0x0, 0x1,
    0xff, 0xff, 0xe3, 0xff, 0xff, 0xc0, 0x0, 0x1f,
    0xff, 0xff, 0x1f, 0xff, 0xff, 0x0, 0x1, 0xff,
    0xff, 0xf8, 0x7f, 0xff, 0xfc, 0x0, 0x1f, 0xff,
    0xff, 0xc3, 0xff, 0xff, 0xf8, 0x7, 0xff, 0xff,
    0xfe, 0xf, 0xff, 0xff, 0xff, 0xff, 0xff, 0xff,
    0xf0, 0x7f, 0xff, 0xff, 0xff, 0xff, 0xff, 0xff,
    0x81, 0xff, 0xff, 0xff, 0xff, 0xff, 0xff, 0xfc,
    0xf, 0xff, 0xff, 0xff, 0xff, 0xff, 0xff, 0xe0,
    0x3f, 0xff, 0xff, 0xff, 0xff, 0xff, 0xff, 0x0,
    0xff, 0xff, 0xff, 0xff, 0xff, 0xff, 0xf8, 0x3,
    0xff, 0xff, 0xff, 0xff, 0x7f, 0xff, 0xc0, 0xf,
    0xff, 0xff, 0xff, 0xf3, 0xff, 0xfe, 0x0, 0x3f,
    0xff, 0xff, 0xff, 0x1f, 0xff, 0xf0, 0x0, 0xff,
    0xff, 0xff, 0xf0, 0xff, 0xff, 0x80, 0x3, 0xff,
    0xff, 0xff, 0x7, 0xff, 0xfc, 0x0, 0x7, 0xff,
    0xff, 0xe0, 0x1f, 0xff, 0xe0, 0x0, 0xf, 0xff,
    0xfc, 0x0, 0xff, 0xff, 0x0, 0x0, 0x7, 0xfe,
    0x0, 0x0, 0x0, 0x0,

    /* U+0065 "e" */
    0x0, 0x0, 0x0, 0x3f, 0xfc, 0x0, 0x0, 0x0,
    0x0, 0x0, 0x1f, 0xff, 0xff, 0x80, 0x0, 0x0,
    0x0, 0x1, 0xff, 0xff, 0xff, 0x80, 0x0, 0x0,
    0x0, 0x1f, 0xff, 0xff, 0xff, 0x80, 0x0, 0x0,
    0x1, 0xff, 0xff, 0xff, 0xff, 0x80, 0x0, 0x0,
    0x1f, 0xff, 0xff, 0xff, 0xff, 0x0, 0x0, 0x0,
    0xff, 0xff, 0xff, 0xff, 0xff, 0x0, 0x0, 0x7,
    0xff, 0xff, 0xff, 0xff, 0xfe, 0x0, 0x0, 0x3f,
    0xff, 0xff, 0xff, 0xff, 0xfc, 0x0, 0x1, 0xff,
    0xff, 0xff, 0xff, 0xff, 0xf8, 0x0, 0xf, 0xff,
    0xff, 0xff, 0xff, 0xff, 0xe0, 0x0, 0x7f, 0xff,
    0xff, 0xff, 0xff, 0xff, 0xc0, 0x3, 0xff, 0xff,
    0xff, 0xff, 0xff, 0xff, 0x80, 0xf, 0xff, 0xff,
    0xff, 0xff, 0xff, 0xfe, 0x0, 0x7f, 0xff, 0xff,
    0x0, 0xff, 0xff, 0xfc, 0x1, 0xff, 0xff, 0xf0,
    0x0, 0xff, 0xff, 0xf8, 0xf, 0xff, 0xff, 0x0,
    0x0, 0xff, 0xff, 0xe0, 0x3f, 0xff, 0xf8, 0x0,
    0x1, 0xff, 0xff, 0x81, 0xff, 0xff, 0xc0, 0x0,
    0x3, 0xff, 0xff, 0x7, 0xff, 0xfe, 0x0, 0x0,
    0xf, 0xff, 0xfc, 0x3f, 0xff, 0xf8, 0x0, 0x0,
    0x1f, 0xff, 0xf0, 0xff, 0xff, 0xc0, 0x0, 0x0,
    0x7f, 0xff, 0xe3, 0xff, 0xff, 0x0, 0x0, 0x1,
    0xff, 0xff, 0x9f, 0xff, 0xfc, 0x0, 0x0, 0x3,
    0xff, 0xfe, 0x7f, 0xff, 0xe0, 0x0, 0x0, 0xf,
    0xff, 0xf9, 0xff, 0xff, 0x80, 0x0, 0x0, 0x3f,
    0xff, 0xe7, 0xff, 0xfe, 0x0, 0x0, 0x0, 0xff,
    0xff, 0xdf, 0xff, 0xf8, 0x0, 0x0, 0x3, 0xff,
    0xff, 0xff, 0xff, 0xff, 0xff, 0xff, 0xff, 0xff,
    0xff, 0xff, 0xff, 0xff, 0xff, 0xff, 0xff, 0xff,
    0xff, 0xff, 0xff, 0xff, 0xff, 0xff, 0xff, 0xff,
    0xff, 0xff, 0xff, 0xff, 0xff, 0xff, 0xff, 0xff,
    0xff, 0xff, 0xff, 0xff, 0xff, 0xff, 0xff, 0xff,
    0xff, 0xff, 0xff, 0xff, 0xff, 0xff, 0xff, 0xff,
    0xff, 0xff, 0xff, 0xff, 0xff, 0xff, 0xff, 0xff,
    0xff, 0xff, 0xff, 0xff, 0xff, 0xff, 0xff, 0xff,
    0xff, 0xff, 0xff, 0xff, 0xff, 0xff, 0xff, 0xff,
    0xff, 0xff, 0xff, 0xff, 0xff, 0xff, 0xff, 0xff,
    0xff, 0xff, 0xff, 0xff, 0xff, 0xff, 0xff, 0xff,
    0xff, 0xff, 0xff, 0xff, 0xff, 0xff, 0xff, 0xff,
    0xc0, 0x0, 0x0, 0x0, 0x0, 0x3, 0xff, 0xff,
    0x0, 0x0, 0x0, 0x0, 0x0, 0xf, 0xff, 0xfe,
    0x0, 0x0, 0x0, 0x0, 0x0, 0x1f, 0xff, 0xf8,
    0x0, 0x0, 0x0, 0x0, 0x0, 0x7f, 0xff, 0xe0,
    0x0, 0x0, 0x0, 0x0, 0x1, 0xff, 0xff, 0x80,
    0x0, 0x0, 0x0, 0x0, 0x7, 0xff, 0xff, 0x0,
    0x0, 0x0, 0x0, 0x0, 0x1f, 0xff, 0xfc, 0x0,
    0x0, 0x0, 0x0, 0x0, 0x3f, 0xff, 0xf8, 0x0,
    0x0, 0x0, 0x10, 0x0, 0xff, 0xff, 0xf0, 0x0,
    0x0, 0x0, 0xe0, 0x1, 0xff, 0xff, 0xc0, 0x0,
    0x0, 0x7, 0xc0, 0x7, 0xff, 0xff, 0x80, 0x0,
    0x0, 0x3f, 0x80, 0x1f, 0xff, 0xff, 0x0, 0x0,
    0x1, 0xff, 0x0, 0x3f, 0xff, 0xff, 0x0, 0x0,
    0x1f, 0xfe, 0x0, 0xff, 0xff, 0xff, 0x0, 0x1,
    0xff, 0xf8, 0x1, 0xff, 0xff, 0xff, 0x80, 0x3f,
    0xff, 0xf0, 0x3, 0xff, 0xff, 0xff, 0xff, 0xff,
    0xff, 0xe0, 0xf, 0xff, 0xff, 0xff, 0xff, 0xff,
    0xff, 0xc0, 0x1f, 0xff, 0xff, 0xff, 0xff, 0xff,
    0xff, 0x0, 0x3f, 0xff, 0xff, 0xff, 0xff, 0xff,
    0xf8, 0x0, 0x7f, 0xff, 0xff, 0xff, 0xff, 0xff,
    0xc0, 0x0, 0xff, 0xff, 0xff, 0xff, 0xff, 0xfe,
    0x0, 0x1, 0xff, 0xff, 0xff, 0xff, 0xff, 0xf0,
    0x0, 0x1, 0xff, 0xff, 0xff, 0xff, 0xff, 0x80,
    0x0, 0x3, 0xff, 0xff, 0xff, 0xff, 0xf8, 0x0,
    0x0, 0x3, 0xff, 0xff, 0xff, 0xff, 0xc0, 0x0,
    0x0, 0x7, 0xff, 0xff, 0xff, 0xfc, 0x0, 0x0,
    0x0, 0x3, 0xff, 0xff, 0xff, 0xc0, 0x0, 0x0,
    0x0, 0x1, 0xff, 0xff, 0xf8, 0x0, 0x0, 0x0,
    0x0, 0x0, 0x7f, 0xfe, 0x0, 0x0, 0x0,

    /* U+0066 "f" */
    0x0, 0x0, 0x0, 0x7, 0xff, 0x80, 0x0, 0x0,
    0x7, 0xff, 0xff, 0x0, 0x0, 0x3, 0xff, 0xff,
    0xf0, 0x0, 0x0, 0xff, 0xff, 0xff, 0x0, 0x0,
    0x1f, 0xff, 0xff, 0xf0, 0x0, 0x7, 0xff, 0xff,
    0xff, 0x0, 0x0, 0xff, 0xff, 0xff, 0xf0, 0x0,
    0x1f, 0xff, 0xff, 0xff, 0x0, 0x3, 0xff, 0xff,
    0xff, 0xf0, 0x0, 0x3f, 0xff, 0xff, 0xff, 0x0,
    0x7, 0xff, 0xff, 0xff, 0xf0, 0x0, 0x7f, 0xff,
    0xff, 0xff, 0x0, 0xf, 0xff, 0xff, 0xff, 0xf0,
    0x0, 0xff, 0xff, 0xff, 0xff, 0x0, 0x1f, 0xff,
    0xff, 0xc0, 0x0, 0x1, 0xff, 0xff, 0xf0, 0x0,
    0x0, 0x1f, 0xff, 0xfe, 0x0, 0x0, 0x1, 0xff,
    0xff, 0xc0, 0x0, 0x0, 0x3f, 0xff, 0xf8, 0x0,
    0x0, 0x3, 0xff, 0xff, 0x80, 0x0, 0x0, 0x3f,
    0xff, 0xf0, 0x0, 0x0, 0x3, 0xff, 0xff, 0x0,
    0x0, 0x0, 0x3f, 0xff, 0xf0, 0x0, 0x0, 0x3,
    0xff, 0xff, 0x0, 0x0, 0x0, 0x3f, 0xff, 0xf0,
    0x0, 0x0, 0x3, 0xff, 0xff, 0x0, 0x0, 0x0,
    0x3f, 0xff, 0xf0, 0x0, 0x0, 0x3, 0xff, 0xff,
    0x0, 0x0, 0x0, 0x3f, 0xff, 0xf0, 0x0, 0xf,
    0xff, 0xff, 0xff, 0xff, 0xfc, 0xff, 0xff, 0xff,
    0xff, 0xff, 0xcf, 0xff, 0xff, 0xff, 0xff, 0xfc,
    0xff, 0xff, 0xff, 0xff, 0xff, 0xcf, 0xff, 0xff,
    0xff, 0xff, 0xfc, 0xff, 0xff, 0xff, 0xff, 0xff,
    0xcf, 0xff, 0xff, 0xff, 0xff, 0xfc, 0xff, 0xff,
    0xff, 0xff, 0xff, 0xcf, 0xff, 0xff, 0xff, 0xff,
    0xfc, 0xff, 0xff, 0xff, 0xff, 0xff, 0xcf, 0xff,
    0xff, 0xff, 0xff, 0xfc, 0xff, 0xff, 0xff, 0xff,
    0xff, 0xcf, 0xff, 0xff, 0xff, 0xff, 0xfc, 0x0,
    0x3f, 0xff, 0xf0, 0x0, 0x0, 0x3, 0xff, 0xff,
    0x0, 0x0, 0x0, 0x3f, 0xff, 0xf0, 0x0, 0x0,
    0x3, 0xff, 0xff, 0x0, 0x0, 0x0, 0x3f, 0xff,
    0xf0, 0x0, 0x0, 0x3, 0xff, 0xff, 0x0, 0x0,
    0x0, 0x3f, 0xff, 0xf0, 0x0, 0x0, 0x3, 0xff,
    0xff, 0x0, 0x0, 0x0, 0x3f, 0xff, 0xf0, 0x0,
    0x0, 0x3, 0xff, 0xff, 0x0, 0x0, 0x0, 0x3f,
    0xff, 0xf0, 0x0, 0x0, 0x3, 0xff, 0xff, 0x0,
    0x0, 0x0, 0x3f, 0xff, 0xf0, 0x0, 0x0, 0x3,
    0xff, 0xff, 0x0, 0x0, 0x0, 0x3f, 0xff, 0xf0,
    0x0, 0x0, 0x3, 0xff, 0xff, 0x0, 0x0, 0x0,
    0x3f, 0xff, 0xf0, 0x0, 0x0, 0x3, 0xff, 0xff,
    0x0, 0x0, 0x0, 0x3f, 0xff, 0xf0, 0x0, 0x0,
    0x3, 0xff, 0xff, 0x0, 0x0, 0x0, 0x3f, 0xff,
    0xf0, 0x0, 0x0, 0x3, 0xff, 0xff, 0x0, 0x0,
    0x0, 0x3f, 0xff, 0xf0, 0x0, 0x0, 0x3, 0xff,
    0xff, 0x0, 0x0, 0x0, 0x3f, 0xff, 0xf0, 0x0,
    0x0, 0x3, 0xff, 0xff, 0x0, 0x0, 0x0, 0x3f,
    0xff, 0xf0, 0x0, 0x0, 0x3, 0xff, 0xff, 0x0,
    0x0, 0x0, 0x3f, 0xff, 0xf0, 0x0, 0x0, 0x3,
    0xff, 0xff, 0x0, 0x0, 0x0, 0x3f, 0xff, 0xf0,
    0x0, 0x0, 0x3, 0xff, 0xff, 0x0, 0x0, 0x0,
    0x3f, 0xff, 0xf0, 0x0, 0x0, 0x3, 0xff, 0xff,
    0x0, 0x0, 0x0, 0x3f, 0xff, 0xf0, 0x0, 0x0,
    0x3, 0xff, 0xff, 0x0, 0x0, 0x0, 0x3f, 0xff,
    0xf0, 0x0, 0x0, 0x3, 0xff, 0xff, 0x0, 0x0,
    0x0, 0x3f, 0xff, 0xf0, 0x0, 0x0, 0x3, 0xff,
    0xff, 0x0, 0x0, 0x0, 0x3f, 0xff, 0xf0, 0x0,
    0x0, 0x3, 0xff, 0xff, 0x0, 0x0, 0x0, 0x3f,
    0xff, 0xf0, 0x0, 0x0, 0x3, 0xff, 0xff, 0x0,
    0x0, 0x0, 0x3f, 0xff, 0xf0, 0x0, 0x0, 0x3,
    0xff, 0xff, 0x0, 0x0, 0x0, 0x3f, 0xff, 0xf0,
    0x0, 0x0, 0x3, 0xff, 0xff, 0x0, 0x0, 0x0,
    0x3f, 0xff, 0xf0, 0x0, 0x0, 0x3, 0xff, 0xff,
    0x0, 0x0, 0x0, 0x3f, 0xff, 0xf0, 0x0, 0x0,
    0x3, 0xff, 0xff, 0x0, 0x0, 0x0, 0x3f, 0xff,
    0xf0, 0x0, 0x0, 0x3, 0xff, 0xff, 0x0, 0x0,
    0x0, 0x3f, 0xff, 0xf0, 0x0, 0x0,

    /* U+0067 "g" */
    0x0, 0x0, 0x3, 0xff, 0x80, 0x0, 0x0, 0x0,
    0x0, 0x0, 0xff, 0xff, 0xe0, 0xf, 0xff, 0xf0,
    0x0, 0xf, 0xff, 0xff, 0xe0, 0x3f, 0xff, 0xc0,
    0x0, 0xff, 0xff, 0xff, 0xc1, 0xff, 0xff, 0x0,
    0x7, 0xff, 0xff, 0xff, 0xc7, 0xff, 0xfc, 0x0,
    0x7f, 0xff, 0xff, 0xff, 0x9f, 0xff, 0xf0, 0x3,
    0xff, 0xff, 0xff, 0xff, 0x7f, 0xff, 0xc0, 0x1f,
    0xff, 0xff, 0xff, 0xff, 0xff, 0xff, 0x0, 0xff,
    0xff, 0xff, 0xff, 0xff, 0xff, 0xfc, 0x7, 0xff,
    0xff, 0xff, 0xff, 0xff, 0xff, 0xf0, 0x1f, 0xff,
    0xff, 0xff, 0xff, 0xff, 0xff, 0xc0, 0xff, 0xff,
    0xff, 0xff, 0xff, 0xff, 0xff, 0x7, 0xff, 0xff,
    0xff, 0xff, 0xff, 0xff, 0xfc, 0x1f, 0xff, 0xff,
    0xff, 0xff, 0xff, 0xff, 0xf0, 0xff, 0xff, 0xff,
    0x0, 0xff, 0xff, 0xff, 0xc3, 0xff, 0xff, 0xf0,
    0x0, 0x7f, 0xff, 0xff, 0x1f, 0xff, 0xff, 0x80,
    0x0, 0x7f, 0xff, 0xfc, 0x7f, 0xff, 0xf8, 0x0,
    0x0, 0xff, 0xff, 0xf1, 0xff, 0xff, 0xe0, 0x0,
    0x1, 0xff, 0xff, 0xcf, 0xff, 0xff, 0x0, 0x0,
    0x7, 0xff, 0xff, 0x3f, 0xff, 0xf8, 0x0, 0x0,
    0xf, 0xff, 0xfc, 0xff, 0xff, 0xe0, 0x0, 0x0,
    0x3f, 0xff, 0xf7, 0xff, 0xff, 0x0, 0x0, 0x0,
    0xff, 0xff, 0xdf, 0xff, 0xfc, 0x0, 0x0, 0x3,
    0xff, 0xff, 0x7f, 0xff, 0xe0, 0x0, 0x0, 0xf,
    0xff, 0xfd, 0xff, 0xff, 0x80, 0x0, 0x0, 0x3f,
    0xff, 0xf7, 0xff, 0xfe, 0x0, 0x0, 0x0, 0xff,
    0xff, 0xff, 0xff, 0xf8, 0x0, 0x0, 0x3, 0xff,
    0xff, 0xff, 0xff, 0xc0, 0x0, 0x0, 0xf, 0xff,
    0xff, 0xff, 0xff, 0x0, 0x0, 0x0, 0x3f, 0xff,
    0xff, 0xff, 0xfc, 0x0, 0x0, 0x0, 0xff, 0xff,
    0xff, 0xff, 0xf0, 0x0, 0x0, 0x3, 0xff, 0xff,
    0xff, 0xff, 0xc0, 0x0, 0x0, 0xf, 0xff, 0xff,
    0xff, 0xff, 0x0, 0x0, 0x0, 0x3f, 0xff, 0xff,
    0xff, 0xfc, 0x0, 0x0, 0x0, 0xff, 0xff, 0xff,
    0xff, 0xf0, 0x0, 0x0, 0x3, 0xff, 0xff, 0xff,
    0xff, 0xc0, 0x0, 0x0, 0xf, 0xff, 0xff, 0xff,
    0xff, 0x0, 0x0, 0x0, 0x3f, 0xff, 0xff, 0xff,
    0xfc, 0x0, 0x0, 0x0, 0xff, 0xff, 0xff, 0xff,
    0xf0, 0x0, 0x0, 0x3, 0xff, 0xff, 0xff, 0xff,
    0xc0, 0x0, 0x0, 0xf, 0xff, 0xff, 0xff, 0xff,
    0x0, 0x0, 0x0, 0x3f, 0xff, 0xff, 0xff, 0xfe,
    0x0, 0x0, 0x0, 0xff, 0xff, 0xdf, 0xff, 0xf8,
    0x0, 0x0, 0x3, 0xff, 0xff, 0x7f, 0xff, 0xe0,
    0x0, 0x0, 0xf, 0xff, 0xfd, 0xff, 0xff, 0x80,
    0x0, 0x0, 0x3f, 0xff, 0xf7, 0xff, 0xff, 0x0,
    0x0, 0x0, 0xff, 0xff, 0xdf, 0xff, 0xfc, 0x0,
    0x0, 0x3, 0xff, 0xff, 0x3f, 0xff, 0xf0, 0x0,
    0x0, 0xf, 0xff, 0xfc, 0xff, 0xff, 0xe0, 0x0,
    0x0, 0x3f, 0xff, 0xf3, 0xff, 0xff, 0xc0, 0x0,
    0x0, 0xff, 0xff, 0xc7, 0xff, 0xff, 0x0, 0x0,
    0x7, 0xff, 0xff, 0x1f, 0xff, 0xfe, 0x0, 0x0,
    0x3f, 0xff, 0xfc, 0x7f, 0xff, 0xfc, 0x0, 0x1,
    0xff, 0xff, 0xf0, 0xff, 0xff, 0xfc, 0x0, 0x1f,
    0xff, 0xff, 0xc3, 0xff, 0xff, 0xfc, 0x3, 0xff,
    0xff, 0xff, 0x7, 0xff, 0xff, 0xff, 0xff, 0xff,
    0xff, 0xfc, 0x1f, 0xff, 0xff, 0xff, 0xff, 0xff,
    0xff, 0xf0, 0x3f, 0xff, 0xff, 0xff, 0xff, 0xff,
    0xff, 0xc0, 0x7f, 0xff, 0xff, 0xff, 0xff, 0xff,
    0xff, 0x0, 0xff, 0xff, 0xff, 0xff, 0xff, 0xff,
    0xfc, 0x3, 0xff, 0xff, 0xff, 0xff, 0xff, 0xff,
    0xf0, 0x7, 0xff, 0xff, 0xff, 0xff, 0xff, 0xff,
    0xc0, 0xf, 0xff, 0xff, 0xff, 0xfb, 0xff, 0xff,
    0x0, 0x1f, 0xff, 0xff, 0xff, 0xcf, 0xff, 0xfc,
    0x0, 0x1f, 0xff, 0xff, 0xfe, 0x3f, 0xff, 0xf0,
    0x0, 0x3f, 0xff, 0xff, 0xf0, 0xff, 0xff, 0xc0,
    0x0, 0x3f, 0xff, 0xff, 0x3, 0xff, 0xff, 0x0,
    0x0, 0x3f, 0xff, 0xf0, 0xf, 0xff, 0xfc, 0x0,
    0x0, 0xf, 0xfc, 0x0, 0x3f, 0xff, 0xf0, 0x0,
    0x0, 0x0, 0x0, 0x0, 0xff, 0xff, 0xc0, 0x0,
    0x0, 0x0, 0x0, 0x7, 0xff, 0xff, 0x0, 0x0,
    0x0, 0x0, 0x0, 0x1f, 0xff, 0xfc, 0x0, 0x0,
    0x0, 0x0, 0x0, 0x7f, 0xff, 0xe0, 0x0, 0x0,
    0x0, 0x0, 0x3, 0xff, 0xff, 0x80, 0x6, 0x0,
    0x0, 0x0, 0xf, 0xff, 0xfe, 0x0, 0x3c, 0x0,
    0x0, 0x0, 0x7f, 0xff, 0xf8, 0x0, 0xfc, 0x0,
    0x0, 0x3, 0xff, 0xff, 0xc0, 0x7, 0xf8, 0x0,
    0x0, 0x1f, 0xff, 0xff, 0x0, 0x3f, 0xf8, 0x0,
    0x0, 0xff, 0xff, 0xfc, 0x1, 0xff, 0xf8, 0x0,
    0xf, 0xff, 0xff, 0xe0, 0x7, 0xff, 0xfc, 0x1,
    0xff, 0xff, 0xff, 0x80, 0x3f, 0xff, 0xff, 0xff,
    0xff, 0xff, 0xfc, 0x1, 0xff, 0xff, 0xff, 0xff,
    0xff, 0xff, 0xe0, 0x7, 0xff, 0xff, 0xff, 0xff,
    0xff, 0xff, 0x80, 0x1f, 0xff, 0xff, 0xff, 0xff,
    0xff, 0xfc, 0x0, 0x7f, 0xff, 0xff, 0xff, 0xff,
    0xff, 0xe0, 0x0, 0xff, 0xff, 0xff, 0xff, 0xff,
    0xff, 0x0, 0x1, 0xff, 0xff, 0xff, 0xff, 0xff,
    0xf8, 0x0, 0x1, 0xff, 0xff, 0xff, 0xff, 0xff,
    0xc0, 0x0, 0x3, 0xff, 0xff, 0xff, 0xff, 0xfc,
    0x0, 0x0, 0x3, 0xff, 0xff, 0xff, 0xff, 0xe0,
    0x0, 0x0, 0x3, 0xff, 0xff, 0xff, 0xfe, 0x0,
    0x0, 0x0, 0x3, 0xff, 0xff, 0xff, 0xc0, 0x0,
    0x0, 0x0, 0x1, 0xff, 0xff, 0xf8, 0x0, 0x0,
    0x0, 0x0, 0x0, 0x7f, 0xfc, 0x0, 0x0, 0x0,

    /* U+0068 "h" */
    0xff, 0xff, 0xc0, 0x0, 0x0, 0x0, 0x0, 0x3f,
    0xff, 0xf0, 0x0, 0x0, 0x0, 0x0, 0xf, 0xff,
    0xfc, 0x0, 0x0, 0x0, 0x0, 0x3, 0xff, 0xff,
    0x0, 0x0, 0x0, 0x0, 0x0, 0xff, 0xff, 0xc0,
    0x0, 0x0, 0x0, 0x0, 0x3f, 0xff, 0xf0, 0x0,
    0x0, 0x0, 0x0, 0xf, 0xff, 0xfc, 0x0, 0x0,
    0x0, 0x0, 0x3, 0xff, 0xff, 0x0, 0x0, 0x0,
    0x0, 0x0, 0xff, 0xff, 0xc0, 0x0, 0x0, 0x0,
    0x0, 0x3f, 0xff, 0xf0, 0x0, 0x0, 0x0, 0x0,
    0xf, 0xff, 0xfc, 0x0, 0x0, 0x0, 0x0, 0x3,
    0xff, 0xff, 0x0, 0x0, 0x0, 0x0, 0x0, 0xff,
    0xff, 0xc0, 0x0, 0x0, 0x0, 0x0, 0x3f, 0xff,
    0xf0, 0x0, 0x0, 0x0, 0x0, 0xf, 0xff, 0xfc,
    0x0, 0x0, 0x0, 0x0, 0x3, 0xff, 0xff, 0x0,
    0x0, 0x0, 0x0, 0x0, 0xff, 0xff, 0xc0, 0x0,
    0x0, 0x0, 0x0, 0x3f, 0xff, 0xf0, 0x0, 0x0,
    0x0, 0x0, 0xf, 0xff, 0xfc, 0x0, 0x0, 0x0,
    0x0, 0x3, 0xff, 0xff, 0x0, 0x0, 0x0, 0x0,
    0x0, 0xff, 0xff, 0xc0, 0x0, 0x0, 0x0, 0x0,
    0x3f, 0xff, 0xf0, 0x0, 0x0, 0x0, 0x0, 0xf,
    0xff, 0xfc, 0x0, 0x0, 0x0, 0x0, 0x3, 0xff,
    0xff, 0x0, 0x0, 0x0, 0x0, 0x0, 0xff, 0xff,
    0xc0, 0x0, 0x0, 0x0, 0x0, 0x3f, 0xff, 0xf0,
    0x0, 0x0, 0x0, 0x0, 0xf, 0xff, 0xfc, 0x0,
    0x0, 0x0, 0x0, 0x3, 0xff, 0xff, 0x0, 0x7,
    0xfe, 0x0, 0x0, 0xff, 0xff, 0xc0, 0xf, 0xff,
    0xf8, 0x0, 0x3f, 0xff, 0xf0, 0x1f, 0xff, 0xff,
    0x80, 0xf, 0xff, 0xfc, 0xf, 0xff, 0xff, 0xf8,
    0x3, 0xff, 0xff, 0xf, 0xff, 0xff, 0xff, 0x0,
    0xff, 0xff, 0xc7, 0xff, 0xff, 0xff, 0xe0, 0x3f,
    0xff, 0xf3, 0xff, 0xff, 0xff, 0xfc, 0xf, 0xff,
    0xfd, 0xff, 0xff, 0xff, 0xff, 0x83, 0xff, 0xff,
    0xff, 0xff, 0xff, 0xff, 0xf0, 0xff, 0xff, 0xff,
    0xff, 0xff, 0xff, 0xfc, 0x3f, 0xff, 0xff, 0xff,
    0xff, 0xff, 0xff, 0x8f, 0xff, 0xff, 0xff, 0xff,
    0xff, 0xff, 0xe3, 0xff, 0xff, 0xff, 0xff, 0xff,
    0xff, 0xfc, 0xff, 0xff, 0xff, 0xff, 0xff, 0xff,
    0xff, 0x3f, 0xff, 0xff, 0xe0, 0x1f, 0xff, 0xff,
    0xef, 0xff, 0xff, 0xe0, 0x0, 0xff, 0xff, 0xfb,
    0xff, 0xff, 0xe0, 0x0, 0x1f, 0xff, 0xfe, 0xff,
    0xff, 0xf0, 0x0, 0x3, 0xff, 0xff, 0xbf, 0xff,
    0xf8, 0x0, 0x0, 0x7f, 0xff, 0xef, 0xff, 0xfe,
    0x0, 0x0, 0x1f, 0xff, 0xff, 0xff, 0xff, 0x0,
    0x0, 0x7, 0xff, 0xff, 0xff, 0xff, 0xc0, 0x0,
    0x0, 0xff, 0xff, 0xff, 0xff, 0xf0, 0x0, 0x0,
    0x3f, 0xff, 0xff, 0xff, 0xfc, 0x0, 0x0, 0xf,
    0xff, 0xff, 0xff, 0xff, 0x0, 0x0, 0x3, 0xff,
    0xff, 0xff, 0xff, 0xc0, 0x0, 0x0, 0xff, 0xff,
    0xff, 0xff, 0xf0, 0x0, 0x0, 0x3f, 0xff, 0xff,
    0xff, 0xfc, 0x0, 0x0, 0xf, 0xff, 0xff, 0xff,
    0xff, 0x0, 0x0, 0x3, 0xff, 0xff, 0xff, 0xff,
    0xc0, 0x0, 0x0, 0xff, 0xff, 0xff, 0xff, 0xf0,
    0x0, 0x0, 0x3f, 0xff, 0xff, 0xff, 0xfc, 0x0,
    0x0, 0xf, 0xff, 0xff, 0xff, 0xff, 0x0, 0x0,
    0x3, 0xff, 0xff, 0xff, 0xff, 0xc0, 0x0, 0x0,
    0xff, 0xff, 0xff, 0xff, 0xf0, 0x0, 0x0, 0x3f,
    0xff, 0xff, 0xff, 0xfc, 0x0, 0x0, 0xf, 0xff,
    0xff, 0xff, 0xff, 0x0, 0x0, 0x3, 0xff, 0xff,
    0xff, 0xff, 0xc0, 0x0, 0x0, 0xff, 0xff, 0xff,
    0xff, 0xf0, 0x0, 0x0, 0x3f, 0xff, 0xff, 0xff,
    0xfc, 0x0, 0x0, 0xf, 0xff, 0xff, 0xff, 0xff,
    0x0, 0x0, 0x3, 0xff, 0xff, 0xff, 0xff, 0xc0,
    0x0, 0x0, 0xff, 0xff, 0xff, 0xff, 0xf0, 0x0,
    0x0, 0x3f, 0xff, 0xff, 0xff, 0xfc, 0x0, 0x0,
    0xf, 0xff, 0xff, 0xff, 0xff, 0x0, 0x0, 0x3,
    0xff, 0xff, 0xff, 0xff, 0xc0, 0x0, 0x0, 0xff,
    0xff, 0xff, 0xff, 0xf0, 0x0, 0x0, 0x3f, 0xff,
    0xff, 0xff, 0xfc, 0x0, 0x0, 0xf, 0xff, 0xff,
    0xff, 0xff, 0x0, 0x0, 0x3, 0xff, 0xff, 0xff,
    0xff, 0xc0, 0x0, 0x0, 0xff, 0xff, 0xff, 0xff,
    0xf0, 0x0, 0x0, 0x3f, 0xff, 0xff, 0xff, 0xfc,
    0x0, 0x0, 0xf, 0xff, 0xff, 0xff, 0xff, 0x0,
    0x0, 0x3, 0xff, 0xff, 0xff, 0xff, 0xc0, 0x0,
    0x0, 0xff, 0xff, 0xff, 0xff, 0xf0, 0x0, 0x0,
    0x3f, 0xff, 0xff, 0xff, 0xfc, 0x0, 0x0, 0xf,
    0xff, 0xff, 0xff, 0xff, 0x0, 0x0, 0x3, 0xff,
    0xff, 0xff, 0xff, 0xc0, 0x0, 0x0, 0xff, 0xff,
    0xff, 0xff, 0xf0, 0x0, 0x0, 0x3f, 0xff, 0xff,
    0xff, 0xfc, 0x0, 0x0, 0xf, 0xff, 0xff, 0xff,
    0xff, 0x0, 0x0, 0x3, 0xff, 0xff, 0xff, 0xff,
    0xc0, 0x0, 0x0, 0xff, 0xff, 0xff, 0xff, 0xf0,
    0x0, 0x0, 0x3f, 0xff, 0xff, 0xff, 0xfc, 0x0,
    0x0, 0xf, 0xff, 0xff, 0xff, 0xff, 0x0, 0x0,
    0x3, 0xff, 0xff, 0xff, 0xff, 0xc0, 0x0, 0x0,
    0xff, 0xff, 0xff, 0xff, 0xf0, 0x0, 0x0, 0x3f,
    0xff, 0xff, 0xff, 0xfc, 0x0, 0x0, 0xf, 0xff,
    0xff, 0xff, 0xff, 0x0, 0x0, 0x3, 0xff, 0xff,

    /* U+0069 "i" */
    0x3, 0xfc, 0x0, 0xff, 0xf0, 0x1f, 0xff, 0x83,
    0xff, 0xfc, 0x7f, 0xff, 0xe7, 0xff, 0xfe, 0xff,
    0xff, 0xff, 0xff, 0xff, 0xff, 0xff, 0xff, 0xff,
    0xff, 0xff, 0xff, 0xff, 0xff, 0xff, 0x7f, 0xff,
    0xe7, 0xff, 0xfe, 0x3f, 0xff, 0xc1, 0xff, 0xf8,
    0xf, 0xff, 0x0, 0x3f, 0xc0, 0x0, 0x0, 0x0,
    0x0, 0x0, 0x0, 0x0, 0x0, 0x0, 0x0, 0x0,
    0x0, 0x0, 0x0, 0x0, 0x0, 0x0, 0x0, 0x0,
    0x0, 0x7f, 0xff, 0xe7, 0xff, 0xfe, 0x7f, 0xff,
    0xe7, 0xff, 0xfe, 0x7f, 0xff, 0xe7, 0xff, 0xfe,
    0x7f, 0xff, 0xe7, 0xff, 0xfe, 0x7f, 0xff, 0xe7,
    0xff, 0xfe, 0x7f, 0xff, 0xe7, 0xff, 0xfe, 0x7f,
    0xff, 0xe7, 0xff, 0xfe, 0x7f, 0xff, 0xe7, 0xff,
    0xfe, 0x7f, 0xff, 0xe7, 0xff, 0xfe, 0x7f, 0xff,
    0xe7, 0xff, 0xfe, 0x7f, 0xff, 0xe7, 0xff, 0xfe,
    0x7f, 0xff, 0xe7, 0xff, 0xfe, 0x7f, 0xff, 0xe7,
    0xff, 0xfe, 0x7f, 0xff, 0xe7, 0xff, 0xfe, 0x7f,
    0xff, 0xe7, 0xff, 0xfe, 0x7f, 0xff, 0xe7, 0xff,
    0xfe, 0x7f, 0xff, 0xe7, 0xff, 0xfe, 0x7f, 0xff,
    0xe7, 0xff, 0xfe, 0x7f, 0xff, 0xe7, 0xff, 0xfe,
    0x7f, 0xff, 0xe7, 0xff, 0xfe, 0x7f, 0xff, 0xe7,
    0xff, 0xfe, 0x7f, 0xff, 0xe7, 0xff, 0xfe, 0x7f,
    0xff, 0xe7, 0xff, 0xfe, 0x7f, 0xff, 0xe7, 0xff,
    0xfe, 0x7f, 0xff, 0xe7, 0xff, 0xfe, 0x7f, 0xff,
    0xe7, 0xff, 0xfe, 0x7f, 0xff, 0xe7, 0xff, 0xfe,
    0x7f, 0xff, 0xe7, 0xff, 0xfe, 0x7f, 0xff, 0xe7,
    0xff, 0xfe, 0x7f, 0xff, 0xe7, 0xff, 0xfe, 0x7f,
    0xff, 0xe7, 0xff, 0xfe, 0x7f, 0xff, 0xe7, 0xff,
    0xfe, 0x7f, 0xff, 0xe7, 0xff, 0xfe, 0x7f, 0xff,
    0xe7, 0xff, 0xfe,

    /* U+006A "j" */
    0x0, 0x0, 0x1f, 0xe0, 0x0, 0x0, 0x3f, 0xfc,
    0x0, 0x0, 0x3f, 0xff, 0x0, 0x0, 0x3f, 0xff,
    0xc0, 0x0, 0x3f, 0xff, 0xf0, 0x0, 0x1f, 0xff,
    0xf8, 0x0, 0x1f, 0xff, 0xfe, 0x0, 0xf, 0xff,
    0xff, 0x0, 0x7, 0xff, 0xff, 0x80, 0x3, 0xff,
    0xff, 0xc0, 0x1, 0xff, 0xff, 0xe0, 0x0, 0xff,
    0xff, 0xf0, 0x0, 0x3f, 0xff, 0xf0, 0x0, 0x1f,
    0xff, 0xf8, 0x0, 0x7, 0xff, 0xf8, 0x0, 0x1,
    0xff, 0xf8, 0x0, 0x0, 0x7f, 0xf8, 0x0, 0x0,
    0xf, 0xf0, 0x0, 0x0, 0x0, 0x0, 0x0, 0x0,
    0x0, 0x0, 0x0, 0x0, 0x0, 0x0, 0x0, 0x0,
    0x0, 0x0, 0x0, 0x0, 0x0, 0x0, 0x0, 0x0,
    0x0, 0x0, 0x0, 0x0, 0x0, 0x0, 0x0, 0x0,
    0x0, 0x0, 0x0, 0x0, 0x0, 0x0, 0x0, 0x0,
    0x0, 0x7f, 0xff, 0xe0, 0x0, 0x3f, 0xff, 0xf0,
    0x0, 0x1f, 0xff, 0xf8, 0x0, 0xf, 0xff, 0xfc,
    0x0, 0x7, 0xff, 0xfe, 0x0, 0x3, 0xff, 0xff,
    0x0, 0x1, 0xff, 0xff, 0x80, 0x0, 0xff, 0xff,
    0xc0, 0x0, 0x7f, 0xff, 0xe0, 0x0, 0x3f, 0xff,
    0xf0, 0x0, 0x1f, 0xff, 0xf8, 0x0, 0xf, 0xff,
    0xfc, 0x0, 0x7, 0xff, 0xfe, 0x0, 0x3, 0xff,
    0xff, 0x0, 0x1, 0xff, 0xff, 0x80, 0x0, 0xff,
    0xff, 0xc0, 0x0, 0x7f, 0xff, 0xe0, 0x0, 0x3f,
    0xff, 0xf0, 0x0, 0x1f, 0xff, 0xf8, 0x0, 0xf,
    0xff, 0xfc, 0x0, 0x7, 0xff, 0xfe, 0x0, 0x3,
    0xff, 0xff, 0x0, 0x1, 0xff, 0xff, 0x80, 0x0,
    0xff, 0xff, 0xc0, 0x0, 0x7f, 0xff, 0xe0, 0x0,
    0x3f, 0xff, 0xf0, 0x0, 0x1f, 0xff, 0xf8, 0x0,
    0xf, 0xff, 0xfc, 0x0, 0x7, 0xff, 0xfe, 0x0,
    0x3, 0xff, 0xff, 0x0, 0x1, 0xff, 0xff, 0x80,
    0x0, 0xff, 0xff, 0xc0, 0x0, 0x7f, 0xff, 0xe0,
    0x0, 0x3f, 0xff, 0xf0, 0x0, 0x1f, 0xff, 0xf8,
    0x0, 0xf, 0xff, 0xfc, 0x0, 0x7, 0xff, 0xfe,
    0x0, 0x3, 0xff, 0xff, 0x0, 0x1, 0xff, 0xff,
    0x80, 0x0, 0xff, 0xff, 0xc0, 0x0, 0x7f, 0xff,
    0xe0, 0x0, 0x3f, 0xff, 0xf0, 0x0, 0x1f, 0xff,
    0xf8, 0x0, 0xf, 0xff, 0xfc, 0x0, 0x7, 0xff,
    0xfe, 0x0, 0x3, 0xff, 0xff, 0x0, 0x1, 0xff,
    0xff, 0x80, 0x0, 0xff, 0xff, 0xc0, 0x0, 0x7f,
    0xff, 0xe0, 0x0, 0x3f, 0xff, 0xf0, 0x0, 0x1f,
    0xff, 0xf8, 0x0, 0xf, 0xff, 0xfc, 0x0, 0x7,
    0xff, 0xfe, 0x0, 0x3, 0xff, 0xff, 0x0, 0x1,
    0xff, 0xff, 0x80, 0x0, 0xff, 0xff, 0xc0, 0x0,
    0x7f, 0xff, 0xe0, 0x0, 0x3f, 0xff, 0xf0, 0x0,
    0x1f, 0xff, 0xf8, 0x0, 0xf, 0xff, 0xfc, 0x0,
    0x7, 0xff, 0xfe, 0x0, 0x3, 0xff, 0xff, 0x0,
    0x1, 0xff, 0xff, 0x80, 0x0, 0xff, 0xff, 0xc0,
    0x0, 0x7f, 0xff, 0xe0, 0x0, 0x3f, 0xff, 0xf0,
    0x0, 0x1f, 0xff, 0xf8, 0x0, 0xf, 0xff, 0xfc,
    0x0, 0x7, 0xff, 0xfe, 0x0, 0x3, 0xff, 0xff,
    0x0, 0x1, 0xff, 0xff, 0x80, 0x0, 0xff, 0xff,
    0xc0, 0x0, 0x7f, 0xff, 0xe0, 0x0, 0x3f, 0xff,
    0xf0, 0x0, 0x1f, 0xff, 0xf8, 0x0, 0xf, 0xff,
    0xfc, 0x0, 0xf, 0xff, 0xfe, 0x0, 0x7, 0xff,
    0xff, 0x0, 0x7, 0xff, 0xff, 0x0, 0x7, 0xff,
    0xff, 0x80, 0xf, 0xff, 0xff, 0xcf, 0xff, 0xff,
    0xff, 0xe7, 0xff, 0xff, 0xff, 0xe3, 0xff, 0xff,
    0xff, 0xf1, 0xff, 0xff, 0xff, 0xf0, 0xff, 0xff,
    0xff, 0xf8, 0x7f, 0xff, 0xff, 0xf8, 0x3f, 0xff,
    0xff, 0xf8, 0x1f, 0xff, 0xff, 0xf8, 0xf, 0xff,
    0xff, 0xf8, 0x7, 0xff, 0xff, 0xf8, 0x3, 0xff,
    0xff, 0xf8, 0x1, 0xff, 0xff, 0xf0, 0x0, 0xff,
    0xff, 0xe0, 0x0, 0xf, 0xff, 0x0, 0x0, 0x0,

    /* U+006B "k" */
    0xff, 0xff, 0xc0, 0x0, 0x0, 0x0, 0x0, 0x1,
    0xff, 0xff, 0x80, 0x0, 0x0, 0x0, 0x0, 0x3,
    0xff, 0xff, 0x0, 0x0, 0x0, 0x0, 0x0, 0x7,
    0xff, 0xfe, 0x0, 0x0, 0x0, 0x0, 0x0, 0xf,
    0xff, 0xfc, 0x0, 0x0, 0x0, 0x0, 0x0, 0x1f,
    0xff, 0xf8, 0x0, 0x0, 0x0, 0x0, 0x0, 0x3f,
    0xff, 0xf0, 0x0, 0x0, 0x0, 0x0, 0x0, 0x7f,
    0xff, 0xe0, 0x0, 0x0, 0x0, 0x0, 0x0, 0xff,
    0xff, 0xc0, 0x0, 0x0, 0x0, 0x0, 0x1, 0xff,
    0xff, 0x80, 0x0, 0x0, 0x0, 0x0, 0x3, 0xff,
    0xff, 0x0, 0x0, 0x0, 0x0, 0x0, 0x7, 0xff,
    0xfe, 0x0, 0x0, 0x0, 0x0, 0x0, 0xf, 0xff,
    0xfc, 0x0, 0x0, 0x0, 0x0, 0x0, 0x1f, 0xff,
    0xf8, 0x0, 0x0, 0x0, 0x0, 0x0, 0x3f, 0xff,
    0xf0, 0x0, 0x0, 0x0, 0x0, 0x0, 0x7f, 0xff,
    0xe0, 0x0, 0x0, 0x0, 0x0, 0x0, 0xff, 0xff,
    0xc0, 0x0, 0x0, 0x0, 0x0, 0x1, 0xff, 0xff,
    0x80, 0x0, 0x0, 0x0, 0x0, 0x3, 0xff, 0xff,
    0x0, 0x0, 0x0, 0x0, 0x0, 0x7, 0xff, 0xfe,
    0x0, 0x0, 0x0, 0x0, 0x0, 0xf, 0xff, 0xfc,
    0x0, 0x0, 0x0, 0x0, 0x0, 0x1f, 0xff, 0xf8,
    0x0, 0x0, 0x0, 0x0, 0x0, 0x3f, 0xff, 0xf0,
    0x0, 0x0, 0x0, 0x0, 0x0, 0x7f, 0xff, 0xe0,
    0x0, 0x0, 0x0, 0x0, 0x0, 0xff, 0xff, 0xc0,
    0x0, 0x0, 0x0, 0x0, 0x1, 0xff, 0xff, 0x80,
    0x0, 0x0, 0x0, 0x0, 0x3, 0xff, 0xff, 0x0,
    0x0, 0x0, 0x0, 0x0, 0x7, 0xff, 0xfe, 0x0,
    0x0, 0x0, 0x0, 0x0, 0xf, 0xff, 0xfc, 0x0,
    0x0, 0x1f, 0xff, 0xff, 0x1f, 0xff, 0xf8, 0x0,
    0x0, 0x7f, 0xff, 0xfc, 0x3f, 0xff, 0xf0, 0x0,
    0x1, 0xff, 0xff, 0xf0, 0x7f, 0xff, 0xe0, 0x0,
    0x7, 0xff, 0xff, 0xe0, 0xff, 0xff, 0xc0, 0x0,
    0x1f, 0xff, 0xff, 0x81, 0xff, 0xff, 0x80, 0x0,
    0x7f, 0xff, 0xfe, 0x3, 0xff, 0xff, 0x0, 0x1,
    0xff, 0xff, 0xf8, 0x7, 0xff, 0xfe, 0x0, 0x3,
    0xff, 0xff, 0xe0, 0xf, 0xff, 0xfc, 0x0, 0xf,
    0xff, 0xff, 0x80, 0x1f, 0xff, 0xf8, 0x0, 0x3f,
    0xff, 0xfe, 0x0, 0x3f, 0xff, 0xf0, 0x0, 0xff,
    0xff, 0xf8, 0x0, 0x7f, 0xff, 0xe0, 0x3, 0xff,
    0xff, 0xf0, 0x0, 0xff, 0xff, 0xc0, 0xf, 0xff,
    0xff, 0xc0, 0x1, 0xff, 0xff, 0x80, 0x1f, 0xff,
    0xff, 0x0, 0x3, 0xff, 0xff, 0x0, 0x7f, 0xff,
    0xfc, 0x0, 0x7, 0xff, 0xfe, 0x1, 0xff, 0xff,
    0xf0, 0x0, 0xf, 0xff, 0xfc, 0x7, 0xff, 0xff,
    0xc0, 0x0, 0x1f, 0xff, 0xf8, 0x1f, 0xff, 0xff,
    0x0, 0x0, 0x3f, 0xff, 0xf0, 0x7f, 0xff, 0xfe,
    0x0, 0x0, 0x7f, 0xff, 0xe1, 0xff, 0xff, 0xf8,
    0x0, 0x0, 0xff, 0xff, 0xc3, 0xff, 0xff, 0xe0,
    0x0, 0x1, 0xff, 0xff, 0x8f, 0xff, 0xff, 0x80,
    0x0, 0x3, 0xff, 0xff, 0x3f, 0xff, 0xfe, 0x0,
    0x0, 0x7, 0xff, 0xfe, 0xff, 0xff, 0xf8, 0x0,
    0x0, 0xf, 0xff, 0xff, 0xff, 0xff, 0xe0, 0x0,
    0x0, 0x1f, 0xff, 0xff, 0xff, 0xff, 0x80, 0x0,
    0x0, 0x3f, 0xff, 0xff, 0xff, 0xff, 0x0, 0x0,
    0x0, 0x7f, 0xff, 0xff, 0xff, 0xfc, 0x0, 0x0,
    0x0, 0xff, 0xff, 0xff, 0xff, 0xf0, 0x0, 0x0,
    0x1, 0xff, 0xff, 0xff, 0xff, 0xf0, 0x0, 0x0,
    0x3, 0xff, 0xff, 0xff, 0xff, 0xf0, 0x0, 0x0,
    0x7, 0xff, 0xff, 0xff, 0xff, 0xe0, 0x0, 0x0,
    0xf, 0xff, 0xff, 0xff, 0xff, 0xe0, 0x0, 0x0,
    0x1f, 0xff, 0xff, 0xff, 0xff, 0xe0, 0x0, 0x0,
    0x3f, 0xff, 0xff, 0xff, 0xff, 0xc0, 0x0, 0x0,
    0x7f, 0xff, 0xff, 0xff, 0xff, 0xc0, 0x0, 0x0,
    0xff, 0xff, 0xff, 0xff, 0xff, 0xc0, 0x0, 0x1,
    0xff, 0xff, 0xff, 0xff, 0xff, 0x80, 0x0, 0x3,
    0xff, 0xff, 0xff, 0xff, 0xff, 0x80, 0x0, 0x7,
    0xff, 0xff, 0xff, 0xff, 0xff, 0x80, 0x0, 0xf,
    0xff, 0xff, 0xff, 0xff, 0xff, 0x0, 0x0, 0x1f,
    0xff, 0xff, 0xef, 0xff, 0xff, 0x0, 0x0, 0x3f,
    0xff, 0xff, 0x8f, 0xff, 0xff, 0x0, 0x0, 0x7f,
    0xff, 0xfe, 0x1f, 0xff, 0xfe, 0x0, 0x0, 0xff,
    0xff, 0xf8, 0x1f, 0xff, 0xfe, 0x0, 0x1, 0xff,
    0xff, 0xe0, 0x1f, 0xff, 0xfe, 0x0, 0x3, 0xff,
    0xff, 0x80, 0x3f, 0xff, 0xfc, 0x0, 0x7, 0xff,
    0xfe, 0x0, 0x3f, 0xff, 0xfc, 0x0, 0xf, 0xff,
    0xfc, 0x0, 0x3f, 0xff, 0xfc, 0x0, 0x1f, 0xff,
    0xf8, 0x0, 0x7f, 0xff, 0xf8, 0x0, 0x3f, 0xff,
    0xf0, 0x0, 0x7f, 0xff, 0xf8, 0x0, 0x7f, 0xff,
    0xe0, 0x0, 0xff, 0xff, 0xf8, 0x0, 0xff, 0xff,
    0xc0, 0x0, 0xff, 0xff, 0xf0, 0x1, 0xff, 0xff,
    0x80, 0x0, 0xff, 0xff, 0xf0, 0x3, 0xff, 0xff,
    0x0, 0x1, 0xff, 0xff, 0xf0, 0x7, 0xff, 0xfe,
    0x0, 0x1, 0xff, 0xff, 0xe0, 0xf, 0xff, 0xfc,
    0x0, 0x1, 0xff, 0xff, 0xe0, 0x1f, 0xff, 0xf8,
    0x0, 0x3, 0xff, 0xff, 0xe0, 0x3f, 0xff, 0xf0,
    0x0, 0x3, 0xff, 0xff, 0xc0, 0x7f, 0xff, 0xe0,
    0x0, 0x3, 0xff, 0xff, 0xc0, 0xff, 0xff, 0xc0,
    0x0, 0x7, 0xff, 0xff, 0xc1, 0xff, 0xff, 0x80,
    0x0, 0x7, 0xff, 0xff, 0x83, 0xff, 0xff, 0x0,
    0x0, 0xf, 0xff, 0xff, 0x87, 0xff, 0xfe, 0x0,
    0x0, 0xf, 0xff, 0xff, 0x8f, 0xff, 0xfc, 0x0,
    0x0, 0xf, 0xff, 0xff, 0x1f, 0xff, 0xf8, 0x0,
    0x0, 0x1f, 0xff, 0xff, 0x3f, 0xff, 0xf0, 0x0,
    0x0, 0x1f, 0xff, 0xff, 0x7f, 0xff, 0xe0, 0x0,
    0x0, 0x1f, 0xff, 0xfe,

    /* U+006C "l" */
    0xff, 0xff, 0xff, 0xff, 0xff, 0xff, 0xff, 0xff,
    0xff, 0xff, 0xff, 0xff, 0xff, 0xff, 0xff, 0xff,
    0xff, 0xff, 0xff, 0xff, 0xff, 0xff, 0xff, 0xff,
    0xff, 0xff, 0xff, 0xff, 0xff, 0xff, 0xff, 0xff,
    0xff, 0xff, 0xff, 0xff, 0xff, 0xff, 0xff, 0xff,
    0xff, 0xff, 0xff, 0xff, 0xff, 0xff, 0xff, 0xff,
    0xff, 0xff, 0xff, 0xff, 0xff, 0xff, 0xff, 0xff,
    0xff, 0xff, 0xff, 0xff, 0xff, 0xff, 0xff, 0xff,
    0xff, 0xff, 0xff, 0xff, 0xff, 0xff, 0xff, 0xff,
    0xff, 0xff, 0xff, 0xff, 0xff, 0xff, 0xff, 0xff,
    0xff, 0xff, 0xff, 0xff, 0xff, 0xff, 0xff, 0xff,
    0xff, 0xff, 0xff, 0xff, 0xff, 0xff, 0xff, 0xff,
    0xff, 0xff, 0xff, 0xff, 0xff, 0xff, 0xff, 0xff,
    0xff, 0xff, 0xff, 0xff, 0xff, 0xff, 0xff, 0xff,
    0xff, 0xff, 0xff, 0xff, 0xff, 0xff, 0xff, 0xff,
    0xff, 0xff, 0xff, 0xff, 0xff, 0xff, 0xff, 0xff,
    0xff, 0xff, 0xff, 0xff, 0xff, 0xff, 0xff, 0xff,
    0xff, 0xff, 0xff, 0xff, 0xff, 0xff, 0xff, 0xff,
    0xff, 0xff, 0xff, 0xff, 0xff, 0xff, 0xff, 0xff,
    0xff, 0xff, 0xff, 0xff, 0xff, 0xff, 0xff, 0xff,
    0xff, 0xff, 0xff, 0xff, 0xff, 0xff, 0xff, 0xff,
    0xff, 0xff, 0xff, 0xff, 0xff, 0xff, 0xff, 0xff,
    0xff, 0xff, 0xff, 0xff, 0xff, 0xff, 0xff, 0xff,
    0xff, 0xff, 0xff, 0xff, 0xff, 0xff, 0xff, 0xff,
    0xff, 0xff, 0xff, 0xff, 0xff, 0xff, 0xff, 0xff,
    0xff, 0xff, 0xff, 0xff, 0xff, 0xff, 0xff, 0xff,
    0xff, 0xff, 0xff, 0xff, 0xff, 0xff, 0xff, 0xff,

    /* U+006D "m" */
    0x0, 0x0, 0x0, 0x0, 0xff, 0xe0, 0x0, 0x0,
    0x3, 0xff, 0x80, 0x0, 0x0, 0x0, 0x0, 0x7,
    0xff, 0xfe, 0x0, 0x0, 0xf, 0xff, 0xfc, 0x0,
    0x3f, 0xff, 0xe0, 0xf, 0xff, 0xff, 0xc0, 0x0,
    0x3f, 0xff, 0xff, 0x80, 0x1f, 0xff, 0xf0, 0x1f,
    0xff, 0xff, 0xf8, 0x0, 0x3f, 0xff, 0xff, 0xe0,
    0xf, 0xff, 0xf8, 0x3f, 0xff, 0xff, 0xfe, 0x0,
    0x7f, 0xff, 0xff, 0xfc, 0x7, 0xff, 0xfc, 0x3f,
    0xff, 0xff, 0xff, 0x80, 0x7f, 0xff, 0xff, 0xff,
    0x3, 0xff, 0xfe, 0x3f, 0xff, 0xff, 0xff, 0xe0,
    0x7f, 0xff, 0xff, 0xff, 0xc1, 0xff, 0xff, 0x3f,
    0xff, 0xff, 0xff, 0xf8, 0x7f, 0xff, 0xff, 0xff,
    0xe0, 0xff, 0xff, 0xbf, 0xff, 0xff, 0xff, 0xfc,
    0x7f, 0xff, 0xff, 0xff, 0xf8, 0x7f, 0xff, 0xff,
    0xff, 0xff, 0xff, 0xff, 0x7f, 0xff, 0xff, 0xff,
    0xfe, 0x3f, 0xff, 0xff, 0xff, 0xff, 0xff, 0xff,
    0xff, 0xff, 0xff, 0xff, 0xff, 0x1f, 0xff, 0xff,
    0xff, 0xff, 0xff, 0xff, 0xff, 0xff, 0xff, 0xff,
    0xff, 0xcf, 0xff, 0xff, 0xff, 0xff, 0xff, 0xff,
    0xff, 0xff, 0xff, 0xff, 0xff, 0xe7, 0xff, 0xff,
    0xff, 0xff, 0xff, 0xff, 0xff, 0xff, 0xff, 0xff,
    0xff, 0xf3, 0xff, 0xff, 0xff, 0x0, 0xff, 0xff,
    0xff, 0xff, 0x1, 0xff, 0xff, 0xfd, 0xff, 0xff,
    0xfc, 0x0, 0x1f, 0xff, 0xff, 0xfc, 0x0, 0x3f,
    0xff, 0xfe, 0xff, 0xff, 0xfc, 0x0, 0x7, 0xff,
    0xff, 0xfc, 0x0, 0xf, 0xff, 0xff, 0x7f, 0xff,
    0xfc, 0x0, 0x1, 0xff, 0xff, 0xfc, 0x0, 0x3,
    0xff, 0xff, 0xbf, 0xff, 0xfc, 0x0, 0x0, 0x7f,
    0xff, 0xfc, 0x0, 0x0, 0xff, 0xff, 0xff, 0xff,
    0xfc, 0x0, 0x0, 0x3f, 0xff, 0xfc, 0x0, 0x0,
    0x7f, 0xff, 0xff, 0xff, 0xfc, 0x0, 0x0, 0x1f,
    0xff, 0xfe, 0x0, 0x0, 0x3f, 0xff, 0xff, 0xff,
    0xfe, 0x0, 0x0, 0x7, 0xff, 0xfe, 0x0, 0x0,
    0xf, 0xff, 0xff, 0xff, 0xff, 0x0, 0x0, 0x3,
    0xff, 0xff, 0x0, 0x0, 0x7, 0xff, 0xff, 0xff,
    0xff, 0x80, 0x0, 0x1, 0xff, 0xff, 0x80, 0x0,
    0x3, 0xff, 0xff, 0xff, 0xff, 0xc0, 0x0, 0x0,
    0xff, 0xff, 0xc0, 0x0, 0x1, 0xff, 0xff, 0xff,
    0xff, 0xe0, 0x0, 0x0, 0x7f, 0xff, 0xe0, 0x0,
    0x0, 0xff, 0xff, 0xff, 0xff, 0xf0, 0x0, 0x0,
    0x3f, 0xff, 0xf0, 0x0, 0x0, 0x7f, 0xff, 0xff,
    0xff, 0xf8, 0x0, 0x0, 0x1f, 0xff, 0xf8, 0x0,
    0x0, 0x3f, 0xff, 0xff, 0xff, 0xfc, 0x0, 0x0,
    0xf, 0xff, 0xfc, 0x0, 0x0, 0x1f, 0xff, 0xff,
    0xff, 0xfe, 0x0, 0x0, 0x7, 0xff, 0xfe, 0x0,
    0x0, 0xf, 0xff, 0xff, 0xff, 0xff, 0x0, 0x0,
    0x3, 0xff, 0xff, 0x0, 0x0, 0x7, 0xff, 0xff,
    0xff, 0xff, 0x80, 0x0, 0x1, 0xff, 0xff, 0x80,
    0x0, 0x3, 0xff, 0xff, 0xff, 0xff, 0xc0, 0x0,
    0x0, 0xff, 0xff, 0xc0, 0x0, 0x1, 0xff, 0xff,
    0xff, 0xff, 0xe0, 0x0, 0x0, 0x7f, 0xff, 0xe0,
    0x0, 0x0, 0xff, 0xff, 0xff, 0xff, 0xf0, 0x0,
    0x0, 0x3f, 0xff, 0xf0, 0x0, 0x0, 0x7f, 0xff,
    0xff, 0xff, 0xf8, 0x0, 0x0, 0x1f, 0xff, 0xf8,
    0x0, 0x0, 0x3f, 0xff, 0xff, 0xff, 0xfc, 0x0,
    0x0, 0xf, 0xff, 0xfc, 0x0, 0x0, 0x1f, 0xff,
    0xff, 0xff, 0xfe, 0x0, 0x0, 0x7, 0xff, 0xfe,
    0x0, 0x0, 0xf, 0xff, 0xff, 0xff, 0xff, 0x0,
    0x0, 0x3, 0xff, 0xff, 0x0, 0x0, 0x7, 0xff,
    0xff, 0xff, 0xff, 0x80, 0x0, 0x1, 0xff, 0xff,
    0x80, 0x0, 0x3, 0xff, 0xff, 0xff, 0xff, 0xc0,
    0x0, 0x0, 0xff, 0xff, 0xc0, 0x0, 0x1, 0xff,
    0xff, 0xff, 0xff, 0xe0, 0x0, 0x0, 0x7f, 0xff,
    0xe0, 0x0, 0x0, 0xff, 0xff, 0xff, 0xff, 0xf0,
    0x0, 0x0, 0x3f, 0xff, 0xf0, 0x0, 0x0, 0x7f,
    0xff, 0xff, 0xff, 0xf8, 0x0, 0x0, 0x1f, 0xff,
    0xf8, 0x0, 0x0, 0x3f, 0xff, 0xff, 0xff, 0xfc,
    0x0, 0x0, 0xf, 0xff, 0xfc, 0x0, 0x0, 0x1f,
    0xff, 0xff, 0xff, 0xfe, 0x0, 0x0, 0x7, 0xff,
    0xfe, 0x0, 0x0, 0xf, 0xff, 0xff, 0xff, 0xff,
    0x0, 0x0, 0x3, 0xff, 0xff, 0x0, 0x0, 0x7,
    0xff, 0xff, 0xff, 0xff, 0x80, 0x0, 0x1, 0xff,
    0xff, 0x80, 0x0, 0x3, 0xff, 0xff, 0xff, 0xff,
    0xc0, 0x0, 0x0, 0xff, 0xff, 0xc0, 0x0, 0x1,
    0xff, 0xff, 0xff, 0xff, 0xe0, 0x0, 0x0, 0x7f,
    0xff, 0xe0, 0x0, 0x0, 0xff, 0xff, 0xff, 0xff,
    0xf0, 0x0, 0x0, 0x3f, 0xff, 0xf0, 0x0, 0x0,
    0x7f, 0xff, 0xff, 0xff, 0xf8, 0x0, 0x0, 0x1f,
    0xff, 0xf8, 0x0, 0x0, 0x3f, 0xff, 0xff, 0xff,
    0xfc, 0x0, 0x0, 0xf, 0xff, 0xfc, 0x0, 0x0,
    0x1f, 0xff, 0xff, 0xff, 0xfe, 0x0, 0x0, 0x7,
    0xff, 0xfe, 0x0, 0x0, 0xf, 0xff, 0xff, 0xff,
    0xff, 0x0, 0x0, 0x3, 0xff, 0xff, 0x0, 0x0,
    0x7, 0xff, 0xff, 0xff, 0xff, 0x80, 0x0, 0x1,
    0xff, 0xff, 0x80, 0x0, 0x3, 0xff, 0xff, 0xff,
    0xff, 0xc0, 0x0, 0x0, 0xff, 0xff, 0xc0, 0x0,
    0x1, 0xff, 0xff, 0xff, 0xff, 0xe0, 0x0, 0x0,
    0x7f, 0xff, 0xe0, 0x0, 0x0, 0xff, 0xff, 0xff,
    0xff, 0xf0, 0x0, 0x0, 0x3f, 0xff, 0xf0, 0x0,
    0x0, 0x7f, 0xff, 0xff, 0xff, 0xf8, 0x0, 0x0,
    0x1f, 0xff, 0xf8, 0x0, 0x0, 0x3f, 0xff, 0xff,
    0xff, 0xfc, 0x0, 0x0, 0xf, 0xff, 0xfc, 0x0,
    0x0, 0x1f, 0xff, 0xff, 0xff, 0xfe, 0x0, 0x0,
    0x7, 0xff, 0xfe, 0x0, 0x0, 0xf, 0xff, 0xff,
    0xff, 0xff, 0x0, 0x0, 0x3, 0xff, 0xff, 0x0,
    0x0, 0x7, 0xff, 0xff, 0xff, 0xff, 0x80, 0x0,
    0x1, 0xff, 0xff, 0x80, 0x0, 0x3, 0xff, 0xff,
    0xff, 0xff, 0xc0, 0x0, 0x0, 0xff, 0xff, 0xc0,
    0x0, 0x1, 0xff, 0xff, 0xff, 0xff, 0xe0, 0x0,
    0x0, 0x7f, 0xff, 0xe0, 0x0, 0x0, 0xff, 0xff,
    0xff, 0xff, 0xf0, 0x0, 0x0, 0x3f, 0xff, 0xf0,
    0x0, 0x0, 0x7f, 0xff, 0xff, 0xff, 0xf8, 0x0,
    0x0, 0x1f, 0xff, 0xf8, 0x0, 0x0, 0x3f, 0xff,
    0xff, 0xff, 0xfc, 0x0, 0x0, 0xf, 0xff, 0xfc,
    0x0, 0x0, 0x1f, 0xff, 0xf8,

    /* U+006E "n" */
    0x0, 0x0, 0x0, 0x0, 0xff, 0xc0, 0x0, 0x0,
    0x0, 0x0, 0x3, 0xff, 0xff, 0x0, 0xf, 0xff,
    0xf8, 0x3, 0xff, 0xff, 0xf0, 0x3, 0xff, 0xfe,
    0x3, 0xff, 0xff, 0xff, 0x0, 0xff, 0xff, 0x83,
    0xff, 0xff, 0xff, 0xe0, 0x3f, 0xff, 0xe1, 0xff,
    0xff, 0xff, 0xfc, 0xf, 0xff, 0xf8, 0xff, 0xff,
    0xff, 0xff, 0x83, 0xff, 0xfe, 0x7f, 0xff, 0xff,
    0xff, 0xf0, 0xff, 0xff, 0xbf, 0xff, 0xff, 0xff,
    0xfc, 0x3f, 0xff, 0xff, 0xff, 0xff, 0xff, 0xff,
    0x8f, 0xff, 0xff, 0xff, 0xff, 0xff, 0xff, 0xe3,
    0xff, 0xff, 0xff, 0xff, 0xff, 0xff, 0xfc, 0xff,
    0xff, 0xff, 0xff, 0xff, 0xff, 0xff, 0x3f, 0xff,
    0xff, 0xff, 0xff, 0xff, 0xff, 0xcf, 0xff, 0xff,
    0xfc, 0x7, 0xff, 0xff, 0xfb, 0xff, 0xff, 0xf8,
    0x0, 0x3f, 0xff, 0xfe, 0xff, 0xff, 0xfc, 0x0,
    0x7, 0xff, 0xff, 0xbf, 0xff, 0xfc, 0x0, 0x0,
    0xff, 0xff, 0xef, 0xff, 0xff, 0x0, 0x0, 0x1f,
    0xff, 0xff, 0xff, 0xff, 0x80, 0x0, 0x7, 0xff,
    0xff, 0xff, 0xff, 0xc0, 0x0, 0x1, 0xff, 0xff,
    0xff, 0xff, 0xf0, 0x0, 0x0, 0x3f, 0xff, 0xff,
    0xff, 0xfc, 0x0, 0x0, 0xf, 0xff, 0xff, 0xff,
    0xff, 0x0, 0x0, 0x3, 0xff, 0xff, 0xff, 0xff,
    0xc0, 0x0, 0x0, 0xff, 0xff, 0xff, 0xff, 0xf0,
    0x0, 0x0, 0x3f, 0xff, 0xff, 0xff, 0xfc, 0x0,
    0x0, 0xf, 0xff, 0xff, 0xff, 0xff, 0x0, 0x0,
    0x3, 0xff, 0xff, 0xff, 0xff, 0xc0, 0x0, 0x0,
    0xff, 0xff, 0xff, 0xff, 0xf0, 0x0, 0x0, 0x3f,
    0xff, 0xff, 0xff, 0xfc, 0x0, 0x0, 0xf, 0xff,
    0xff, 0xff, 0xff, 0x0, 0x0, 0x3, 0xff, 0xff,
    0xff, 0xff, 0xc0, 0x0, 0x0, 0xff, 0xff, 0xff,
    0xff, 0xf0, 0x0, 0x0, 0x3f, 0xff, 0xff, 0xff,
    0xfc, 0x0, 0x0, 0xf, 0xff, 0xff, 0xff, 0xff,
    0x0, 0x0, 0x3, 0xff, 0xff, 0xff, 0xff, 0xc0,
    0x0, 0x0, 0xff, 0xff, 0xff, 0xff, 0xf0, 0x0,
    0x0, 0x3f, 0xff, 0xff, 0xff, 0xfc, 0x0, 0x0,
    0xf, 0xff, 0xff, 0xff, 0xff, 0x0, 0x0, 0x3,
    0xff, 0xff, 0xff, 0xff, 0xc0, 0x0, 0x0, 0xff,
    0xff, 0xff, 0xff, 0xf0, 0x0, 0x0, 0x3f, 0xff,
    0xff, 0xff, 0xfc, 0x0, 0x0, 0xf, 0xff, 0xff,
    0xff, 0xff, 0x0, 0x0, 0x3, 0xff, 0xff, 0xff,
    0xff, 0xc0, 0x0, 0x0, 0xff, 0xff, 0xff, 0xff,
    0xf0, 0x0, 0x0, 0x3f, 0xff, 0xff, 0xff, 0xfc,
    0x0, 0x0, 0xf, 0xff, 0xff, 0xff, 0xff, 0x0,
    0x0, 0x3, 0xff, 0xff, 0xff, 0xff, 0xc0, 0x0,
    0x0, 0xff, 0xff, 0xff, 0xff, 0xf0, 0x0, 0x0,
    0x3f, 0xff, 0xff, 0xff, 0xfc, 0x0, 0x0, 0xf,
    0xff, 0xff, 0xff, 0xff, 0x0, 0x0, 0x3, 0xff,
    0xff, 0xff, 0xff, 0xc0, 0x0, 0x0, 0xff, 0xff,
    0xff, 0xff, 0xf0, 0x0, 0x0, 0x3f, 0xff, 0xff,
    0xff, 0xfc, 0x0, 0x0, 0xf, 0xff, 0xff, 0xff,
    0xff, 0x0, 0x0, 0x3, 0xff, 0xff, 0xff, 0xff,
    0xc0, 0x0, 0x0, 0xff, 0xff, 0xff, 0xff, 0xf0,
    0x0, 0x0, 0x3f, 0xff, 0xff, 0xff, 0xfc, 0x0,
    0x0, 0xf, 0xff, 0xff, 0xff, 0xff, 0x0, 0x0,
    0x3, 0xff, 0xff, 0xff, 0xff, 0xc0, 0x0, 0x0,
    0xff, 0xff, 0xff, 0xff, 0xf0, 0x0, 0x0, 0x3f,
    0xff, 0xff, 0xff, 0xfc, 0x0, 0x0, 0xf, 0xff,
    0xff, 0xff, 0xff, 0x0, 0x0, 0x3, 0xff, 0xff,
    0xff, 0xff, 0xc0, 0x0, 0x0, 0xff, 0xff, 0xff,
    0xff, 0xf0, 0x0, 0x0, 0x3f, 0xff, 0xff, 0xff,
    0xfc, 0x0, 0x0, 0xf, 0xff, 0xff, 0xff, 0xff,
    0x0, 0x0, 0x3, 0xff, 0xff, 0xff, 0xff, 0xc0,
    0x0, 0x0, 0xff, 0xff, 0xc0,

    /* U+006F "o" */
    0x0, 0x0, 0x0, 0x3f, 0xfc, 0x0, 0x0, 0x0,
    0x0, 0x0, 0x7, 0xff, 0xff, 0xe0, 0x0, 0x0,
    0x0, 0x0, 0x3f, 0xff, 0xff, 0xf8, 0x0, 0x0,
    0x0, 0x0, 0xff, 0xff, 0xff, 0xff, 0x0, 0x0,
    0x0, 0x1, 0xff, 0xff, 0xff, 0xff, 0x80, 0x0,
    0x0, 0x7, 0xff, 0xff, 0xff, 0xff, 0xe0, 0x0,
    0x0, 0xf, 0xff, 0xff, 0xff, 0xff, 0xf0, 0x0,
    0x0, 0x1f, 0xff, 0xff, 0xff, 0xff, 0xf8, 0x0,
    0x0, 0x3f, 0xff, 0xff, 0xff, 0xff, 0xfc, 0x0,
    0x0, 0x7f, 0xff, 0xff, 0xff, 0xff, 0xfe, 0x0,
    0x0, 0xff, 0xff, 0xff, 0xff, 0xff, 0xff, 0x0,
    0x1, 0xff, 0xff, 0xff, 0xff, 0xff, 0xff, 0x80,
    0x3, 0xff, 0xff, 0xff, 0xff, 0xff, 0xff, 0xc0,
    0x3, 0xff, 0xff, 0xff, 0xff, 0xff, 0xff, 0xc0,
    0x7, 0xff, 0xff, 0xf0, 0xf, 0xff, 0xff, 0xe0,
    0xf, 0xff, 0xff, 0xc0, 0x3, 0xff, 0xff, 0xf0,
    0xf, 0xff, 0xff, 0x0, 0x0, 0xff, 0xff, 0xf0,
    0x1f, 0xff, 0xfe, 0x0, 0x0, 0x7f, 0xff, 0xf8,
    0x1f, 0xff, 0xfc, 0x0, 0x0, 0x3f, 0xff, 0xf8,
    0x1f, 0xff, 0xfc, 0x0, 0x0, 0x3f, 0xff, 0xf8,
    0x3f, 0xff, 0xf8, 0x0, 0x0, 0x1f, 0xff, 0xfc,
    0x3f, 0xff, 0xf0, 0x0, 0x0, 0xf, 0xff, 0xfc,
    0x3f, 0xff, 0xf0, 0x0, 0x0, 0xf, 0xff, 0xfc,
    0x7f, 0xff, 0xf0, 0x0, 0x0, 0xf, 0xff, 0xfe,
    0x7f, 0xff, 0xe0, 0x0, 0x0, 0x7, 0xff, 0xfe,
    0x7f, 0xff, 0xe0, 0x0, 0x0, 0x7, 0xff, 0xfe,
    0x7f, 0xff, 0xe0, 0x0, 0x0, 0x7, 0xff, 0xfe,
    0xff, 0xff, 0xe0, 0x0, 0x0, 0x7, 0xff, 0xfe,
    0xff, 0xff, 0xc0, 0x0, 0x0, 0x3, 0xff, 0xff,
    0xff, 0xff, 0xc0, 0x0, 0x0, 0x3, 0xff, 0xff,
    0xff, 0xff, 0xc0, 0x0, 0x0, 0x3, 0xff, 0xff,
    0xff, 0xff, 0xc0, 0x0, 0x0, 0x3, 0xff, 0xff,
    0xff, 0xff, 0xc0, 0x0, 0x0, 0x3, 0xff, 0xff,
    0xff, 0xff, 0xc0, 0x0, 0x0, 0x3, 0xff, 0xff,
    0xff, 0xff, 0xc0, 0x0, 0x0, 0x3, 0xff, 0xff,
    0xff, 0xff, 0xc0, 0x0, 0x0, 0x3, 0xff, 0xff,
    0xff, 0xff, 0xc0, 0x0, 0x0, 0x3, 0xff, 0xff,
    0xff, 0xff, 0xc0, 0x0, 0x0, 0x3, 0xff, 0xff,
    0xff, 0xff, 0xc0, 0x0, 0x0, 0x3, 0xff, 0xff,
    0xff, 0xff, 0xc0, 0x0, 0x0, 0x3, 0xff, 0xff,
    0xff, 0xff, 0xc0, 0x0, 0x0, 0x3, 0xff, 0xff,
    0xff, 0xff, 0xc0, 0x0, 0x0, 0x3, 0xff, 0xff,
    0xff, 0xff, 0xe0, 0x0, 0x0, 0x7, 0xff, 0xff,
    0x7f, 0xff, 0xe0, 0x0, 0x0, 0x7, 0xff, 0xfe,
    0x7f, 0xff, 0xe0, 0x0, 0x0, 0x7, 0xff, 0xfe,
    0x7f, 0xff, 0xe0, 0x0, 0x0, 0x7, 0xff, 0xfe,
    0x7f, 0xff, 0xf0, 0x0, 0x0, 0xf, 0xff, 0xfe,
    0x3f, 0xff, 0xf0, 0x0, 0x0, 0xf, 0xff, 0xfc,
    0x3f, 0xff, 0xf0, 0x0, 0x0, 0xf, 0xff, 0xfc,
    0x3f, 0xff, 0xf8, 0x0, 0x0, 0x1f, 0xff, 0xfc,
    0x1f, 0xff, 0xf8, 0x0, 0x0, 0x1f, 0xff, 0xf8,
    0x1f, 0xff, 0xfc, 0x0, 0x0, 0x3f, 0xff, 0xf8,
    0x1f, 0xff, 0xfe, 0x0, 0x0, 0x7f, 0xff, 0xf8,
    0xf, 0xff, 0xff, 0x0, 0x0, 0xff, 0xff, 0xf0,
    0xf, 0xff, 0xff, 0xc0, 0x3, 0xff, 0xff, 0xf0,
    0x7, 0xff, 0xff, 0xf0, 0xf, 0xff, 0xff, 0xe0,
    0x3, 0xff, 0xff, 0xff, 0xff, 0xff, 0xff, 0xc0,
    0x3, 0xff, 0xff, 0xff, 0xff, 0xff, 0xff, 0xc0,
    0x1, 0xff, 0xff, 0xff, 0xff, 0xff, 0xff, 0x80,
    0x0, 0xff, 0xff, 0xff, 0xff, 0xff, 0xff, 0x0,
    0x0, 0x7f, 0xff, 0xff, 0xff, 0xff, 0xfe, 0x0,
    0x0, 0x7f, 0xff, 0xff, 0xff, 0xff, 0xfe, 0x0,
    0x0, 0x1f, 0xff, 0xff, 0xff, 0xff, 0xf8, 0x0,
    0x0, 0xf, 0xff, 0xff, 0xff, 0xff, 0xf0, 0x0,
    0x0, 0x7, 0xff, 0xff, 0xff, 0xff, 0xe0, 0x0,
    0x0, 0x1, 0xff, 0xff, 0xff, 0xff, 0x80, 0x0,
    0x0, 0x0, 0xff, 0xff, 0xff, 0xff, 0x0, 0x0,
    0x0, 0x0, 0x3f, 0xff, 0xff, 0xfc, 0x0, 0x0,
    0x0, 0x0, 0x7, 0xff, 0xff, 0xe0, 0x0, 0x0,
    0x0, 0x0, 0x0, 0x3f, 0xfc, 0x0, 0x0, 0x0,

    /* U+0070 "p" */
    0x0, 0x0, 0x0, 0x3, 0xff, 0x0, 0x0, 0x7,
    0xff, 0xfc, 0x1, 0xff, 0xff, 0x80, 0x0, 0x3f,
    0xff, 0xe0, 0x3f, 0xff, 0xff, 0x0, 0x1, 0xff,
    0xff, 0x7, 0xff, 0xff, 0xfe, 0x0, 0xf, 0xff,
    0xf8, 0x7f, 0xff, 0xff, 0xf8, 0x0, 0x7f, 0xff,
    0xc7, 0xff, 0xff, 0xff, 0xf0, 0x3, 0xff, 0xfe,
    0x7f, 0xff, 0xff, 0xff, 0xc0, 0x1f, 0xff, 0xf7,
    0xff, 0xff, 0xff, 0xff, 0x0, 0xff, 0xff, 0xff,
    0xff, 0xff, 0xff, 0xf8, 0x7, 0xff, 0xff, 0xff,
    0xff, 0xff, 0xff, 0xe0, 0x3f, 0xff, 0xff, 0xff,
    0xff, 0xff, 0xff, 0x81, 0xff, 0xff, 0xff, 0xff,
    0xff, 0xff, 0xfe, 0xf, 0xff, 0xff, 0xff, 0xff,
    0xff, 0xff, 0xf0, 0x7f, 0xff, 0xff, 0xff, 0xff,
    0xff, 0xff, 0xc3, 0xff, 0xff, 0xff, 0x0, 0xff,
    0xff, 0xfe, 0x1f, 0xff, 0xff, 0xc0, 0x1, 0xff,
    0xff, 0xf8, 0xff, 0xff, 0xf8, 0x0, 0x7, 0xff,
    0xff, 0xc7, 0xff, 0xff, 0x80, 0x0, 0x1f, 0xff,
    0xfe, 0x3f, 0xff, 0xf8, 0x0, 0x0, 0x7f, 0xff,
    0xf9, 0xff, 0xff, 0xc0, 0x0, 0x1, 0xff, 0xff,
    0xcf, 0xff, 0xfc, 0x0, 0x0, 0xf, 0xff, 0xfe,
    0x7f, 0xff, 0xe0, 0x0, 0x0, 0x3f, 0xff, 0xfb,
    0xff, 0xff, 0x0, 0x0, 0x1, 0xff, 0xff, 0xdf,
    0xff, 0xf8, 0x0, 0x0, 0x7, 0xff, 0xfe, 0xff,
    0xff, 0xc0, 0x0, 0x0, 0x3f, 0xff, 0xf7, 0xff,
    0xfe, 0x0, 0x0, 0x1, 0xff, 0xff, 0xbf, 0xff,
    0xf0, 0x0, 0x0, 0xf, 0xff, 0xff, 0xff, 0xff,
    0x80, 0x0, 0x0, 0x7f, 0xff, 0xff, 0xff, 0xfc,
    0x0, 0x0, 0x1, 0xff, 0xff, 0xff, 0xff, 0xe0,
    0x0, 0x0, 0xf, 0xff, 0xff, 0xff, 0xff, 0x0,
    0x0, 0x0, 0x7f, 0xff, 0xff, 0xff, 0xf8, 0x0,
    0x0, 0x3, 0xff, 0xff, 0xff, 0xff, 0xc0, 0x0,
    0x0, 0x1f, 0xff, 0xff, 0xff, 0xfe, 0x0, 0x0,
    0x0, 0xff, 0xff, 0xff, 0xff, 0xf0, 0x0, 0x0,
    0x7, 0xff, 0xff, 0xff, 0xff, 0x80, 0x0, 0x0,
    0x3f, 0xff, 0xff, 0xff, 0xfc, 0x0, 0x0, 0x1,
    0xff, 0xff, 0xff, 0xff, 0xe0, 0x0, 0x0, 0xf,
    0xff, 0xff, 0xff, 0xff, 0x0, 0x0, 0x0, 0x7f,
    0xff, 0xff, 0xff, 0xf8, 0x0, 0x0, 0x3, 0xff,
    0xff, 0xff, 0xff, 0xc0, 0x0, 0x0, 0x1f, 0xff,
    0xff, 0xff, 0xfe, 0x0, 0x0, 0x0, 0xff, 0xff,
    0xff, 0xff, 0xf0, 0x0, 0x0, 0xf, 0xff, 0xff,
    0xff, 0xff, 0x80, 0x0, 0x0, 0x7f, 0xff, 0xef,
    0xff, 0xfc, 0x0, 0x0, 0x3, 0xff, 0xff, 0x7f,
    0xff, 0xe0, 0x0, 0x0, 0x1f, 0xff, 0xfb, 0xff,
    0xff, 0x0, 0x0, 0x0, 0xff, 0xff, 0xdf, 0xff,
    0xf8, 0x0, 0x0, 0xf, 0xff, 0xfe, 0xff, 0xff,
    0xc0, 0x0, 0x0, 0x7f, 0xff, 0xe7, 0xff, 0xfe,
    0x0, 0x0, 0x7, 0xff, 0xff, 0x3f, 0xff, 0xf8,
    0x0, 0x0, 0x3f, 0xff, 0xf9, 0xff, 0xff, 0xc0,
    0x0, 0x3, 0xff, 0xff, 0xcf, 0xff, 0xff, 0x0,
    0x0, 0x3f, 0xff, 0xfc, 0x7f, 0xff, 0xfc, 0x0,
    0x3, 0xff, 0xff, 0xe3, 0xff, 0xff, 0xf8, 0x0,
    0x3f, 0xff, 0xfe, 0x1f, 0xff, 0xff, 0xf8, 0x7,
    0xff, 0xff, 0xf0, 0xff, 0xff, 0xff, 0xff, 0xff,
    0xff, 0xff, 0x7, 0xff, 0xff, 0xff, 0xff, 0xff,
    0xff, 0xf8, 0x3f, 0xff, 0xff, 0xff, 0xff, 0xff,
    0xff, 0x81, 0xff, 0xff, 0xff, 0xff, 0xff, 0xff,
    0xfc, 0xf, 0xff, 0xff, 0xff, 0xff, 0xff, 0xff,
    0xc0, 0x7f, 0xff, 0xff, 0xff, 0xff, 0xff, 0xfc,
    0x3, 0xff, 0xff, 0xff, 0xff, 0xff, 0xff, 0xc0,
    0x1f, 0xff, 0xfb, 0xff, 0xff, 0xff, 0xfc, 0x0,
    0xff, 0xff, 0xcf, 0xff, 0xff, 0xff, 0xc0, 0x7,
    0xff, 0xfe, 0x3f, 0xff, 0xff, 0xfc, 0x0, 0x3f,
    0xff, 0xf0, 0xff, 0xff, 0xff, 0xc0, 0x1, 0xff,
    0xff, 0x81, 0xff, 0xff, 0xf8, 0x0, 0xf, 0xff,
    0xfc, 0x3, 0xff, 0xff, 0x0, 0x0, 0x7f, 0xff,
    0xe0, 0x3, 0xff, 0x80, 0x0, 0x3, 0xff, 0xff,
    0x0, 0x0, 0x0, 0x0, 0x0, 0x1f, 0xff, 0xf8,
    0x0, 0x0, 0x0, 0x0, 0x0, 0xff, 0xff, 0xc0,
    0x0, 0x0, 0x0, 0x0, 0x7, 0xff, 0xfe, 0x0,
    0x0, 0x0, 0x0, 0x0, 0x3f, 0xff, 0xf0, 0x0,
    0x0, 0x0, 0x0, 0x1, 0xff, 0xff, 0x80, 0x0,
    0x0, 0x0, 0x0, 0xf, 0xff, 0xfc, 0x0, 0x0,
    0x0, 0x0, 0x0, 0x7f, 0xff, 0xe0, 0x0, 0x0,
    0x0, 0x0, 0x3, 0xff, 0xff, 0x0, 0x0, 0x0,
    0x0, 0x0, 0x1f, 0xff, 0xf8, 0x0, 0x0, 0x0,
    0x0, 0x0, 0xff, 0xff, 0xc0, 0x0, 0x0, 0x0,
    0x0, 0x7, 0xff, 0xfe, 0x0, 0x0, 0x0, 0x0,
    0x0, 0x3f, 0xff, 0xf0, 0x0, 0x0, 0x0, 0x0,
    0x1, 0xff, 0xff, 0x80, 0x0, 0x0, 0x0, 0x0,
    0xf, 0xff, 0xfc, 0x0, 0x0, 0x0, 0x0, 0x0,
    0x7f, 0xff, 0xe0, 0x0, 0x0, 0x0, 0x0, 0x3,
    0xff, 0xff, 0x0, 0x0, 0x0, 0x0, 0x0, 0x1f,
    0xff, 0xf8, 0x0, 0x0, 0x0, 0x0, 0x0, 0xff,
    0xff, 0xc0, 0x0, 0x0, 0x0, 0x0, 0x7, 0xff,
    0xfe, 0x0, 0x0, 0x0, 0x0, 0x0, 0x3f, 0xff,
    0xf0, 0x0, 0x0, 0x0, 0x0, 0x1, 0xff, 0xff,
    0x80, 0x0, 0x0, 0x0, 0x0, 0xf, 0xff, 0xfc,
    0x0, 0x0, 0x0, 0x0, 0x0, 0x7f, 0xff, 0xe0,
    0x0, 0x0, 0x0, 0x0, 0x3, 0xff, 0xff, 0x0,
    0x0, 0x0, 0x0, 0x0, 0x0,

    /* U+0071 "q" */
    0x0, 0x0, 0x7, 0xff, 0x0, 0x0, 0x0, 0x0,
    0x0, 0x3, 0xff, 0xff, 0x0, 0x3f, 0xff, 0xc0,
    0x0, 0x7f, 0xff, 0xfe, 0x1, 0xff, 0xfe, 0x0,
    0xf, 0xff, 0xff, 0xfc, 0xf, 0xff, 0xf0, 0x0,
    0xff, 0xff, 0xff, 0xf0, 0x7f, 0xff, 0x80, 0xf,
    0xff, 0xff, 0xff, 0xc3, 0xff, 0xfc, 0x1, 0xff,
    0xff, 0xff, 0xff, 0x3f, 0xff, 0xe0, 0x1f, 0xff,
    0xff, 0xff, 0xfd, 0xff, 0xff, 0x0, 0xff, 0xff,
    0xff, 0xff, 0xff, 0xff, 0xf8, 0xf, 0xff, 0xff,
    0xff, 0xff, 0xff, 0xff, 0xc0, 0xff, 0xff, 0xff,
    0xff, 0xff, 0xff, 0xfe, 0xf, 0xff, 0xff, 0xff,
    0xff, 0xff, 0xff, 0xf0, 0x7f, 0xff, 0xff, 0xff,
    0xff, 0xff, 0xff, 0x87, 0xff, 0xff, 0xff, 0xff,
    0xff, 0xff, 0xfc, 0x3f, 0xff, 0xff, 0xc0, 0x7f,
    0xff, 0xff, 0xe3, 0xff, 0xff, 0xf0, 0x0, 0x7f,
    0xff, 0xff, 0x1f, 0xff, 0xff, 0x0, 0x0, 0xff,
    0xff, 0xf8, 0xff, 0xff, 0xf0, 0x0, 0x3, 0xff,
    0xff, 0xcf, 0xff, 0xff, 0x0, 0x0, 0xf, 0xff,
    0xfe, 0x7f, 0xff, 0xf0, 0x0, 0x0, 0x7f, 0xff,
    0xf3, 0xff, 0xff, 0x80, 0x0, 0x1, 0xff, 0xff,
    0xbf, 0xff, 0xf8, 0x0, 0x0, 0xf, 0xff, 0xfd,
    0xff, 0xff, 0xc0, 0x0, 0x0, 0x7f, 0xff, 0xef,
    0xff, 0xfc, 0x0, 0x0, 0x3, 0xff, 0xff, 0x7f,
    0xff, 0xe0, 0x0, 0x0, 0x1f, 0xff, 0xfb, 0xff,
    0xff, 0x0, 0x0, 0x0, 0xff, 0xff, 0xff, 0xff,
    0xf8, 0x0, 0x0, 0x7, 0xff, 0xff, 0xff, 0xff,
    0xc0, 0x0, 0x0, 0x3f, 0xff, 0xff, 0xff, 0xfc,
    0x0, 0x0, 0x1, 0xff, 0xff, 0xff, 0xff, 0xe0,
    0x0, 0x0, 0xf, 0xff, 0xff, 0xff, 0xff, 0x0,
    0x0, 0x0, 0x7f, 0xff, 0xff, 0xff, 0xf8, 0x0,
    0x0, 0x3, 0xff, 0xff, 0xff, 0xff, 0xc0, 0x0,
    0x0, 0x1f, 0xff, 0xff, 0xff, 0xfe, 0x0, 0x0,
    0x0, 0xff, 0xff, 0xff, 0xff, 0xf0, 0x0, 0x0,
    0x7, 0xff, 0xff, 0xff, 0xff, 0x80, 0x0, 0x0,
    0x3f, 0xff, 0xff, 0xff, 0xfc, 0x0, 0x0, 0x1,
    0xff, 0xff, 0xff, 0xff, 0xe0, 0x0, 0x0, 0xf,
    0xff, 0xff, 0xff, 0xff, 0x0, 0x0, 0x0, 0x7f,
    0xff, 0xff, 0xff, 0xf8, 0x0, 0x0, 0x3, 0xff,
    0xff, 0xff, 0xff, 0xc0, 0x0, 0x0, 0x1f, 0xff,
    0xff, 0xff, 0xfe, 0x0, 0x0, 0x0, 0xff, 0xff,
    0xff, 0xff, 0xf8, 0x0, 0x0, 0x7, 0xff, 0xfe,
    0xff, 0xff, 0xc0, 0x0, 0x0, 0x3f, 0xff, 0xf7,
    0xff, 0xfe, 0x0, 0x0, 0x1, 0xff, 0xff, 0xbf,
    0xff, 0xf0, 0x0, 0x0, 0xf, 0xff, 0xfd, 0xff,
    0xff, 0x80, 0x0, 0x0, 0x7f, 0xff, 0xef, 0xff,
    0xfe, 0x0, 0x0, 0x3, 0xff, 0xff, 0x7f, 0xff,
    0xf0, 0x0, 0x0, 0x1f, 0xff, 0xf9, 0xff, 0xff,
    0xc0, 0x0, 0x0, 0xff, 0xff, 0xcf, 0xff, 0xfe,
    0x0, 0x0, 0xf, 0xff, 0xfe, 0x7f, 0xff, 0xf8,
    0x0, 0x0, 0x7f, 0xff, 0xf1, 0xff, 0xff, 0xe0,
    0x0, 0x7, 0xff, 0xff, 0x8f, 0xff, 0xff, 0x80,
    0x0, 0x7f, 0xff, 0xfc, 0x3f, 0xff, 0xfe, 0x0,
    0xf, 0xff, 0xff, 0xe1, 0xff, 0xff, 0xfc, 0x3,
    0xff, 0xff, 0xff, 0x7, 0xff, 0xff, 0xff, 0xff,
    0xff, 0xff, 0xf8, 0x3f, 0xff, 0xff, 0xff, 0xff,
    0xff, 0xff, 0xc0, 0xff, 0xff, 0xff, 0xff, 0xff,
    0xff, 0xfe, 0x7, 0xff, 0xff, 0xff, 0xff, 0xff,
    0xff, 0xf0, 0x1f, 0xff, 0xff, 0xff, 0xff, 0xff,
    0xff, 0x80, 0x7f, 0xff, 0xff, 0xff, 0xff, 0xff,
    0xfc, 0x1, 0xff, 0xff, 0xff, 0xff, 0xff, 0xff,
    0xe0, 0x7, 0xff, 0xff, 0xff, 0xfb, 0xff, 0xff,
    0x0, 0x1f, 0xff, 0xff, 0xff, 0x9f, 0xff, 0xf8,
    0x0, 0x7f, 0xff, 0xff, 0xf8, 0xff, 0xff, 0xc0,
    0x0, 0xff, 0xff, 0xff, 0x87, 0xff, 0xfe, 0x0,
    0x3, 0xff, 0xff, 0xf0, 0x3f, 0xff, 0xf0, 0x0,
    0x7, 0xff, 0xfe, 0x1, 0xff, 0xff, 0x80, 0x0,
    0x3, 0xff, 0x0, 0xf, 0xff, 0xfc, 0x0, 0x0,
    0x0, 0x0, 0x0, 0x7f, 0xff, 0xe0, 0x0, 0x0,
    0x0, 0x0, 0x3, 0xff, 0xff, 0x0, 0x0, 0x0,
    0x0, 0x0, 0x1f, 0xff, 0xf8, 0x0, 0x0, 0x0,
    0x0, 0x0, 0xff, 0xff, 0xc0, 0x0, 0x0, 0x0,
    0x0, 0x7, 0xff, 0xfe, 0x0, 0x0, 0x0, 0x0,
    0x0, 0x3f, 0xff, 0xf0, 0x0, 0x0, 0x0, 0x0,
    0x1, 0xff, 0xff, 0x80, 0x0, 0x0, 0x0, 0x0,
    0xf, 0xff, 0xfc, 0x0, 0x0, 0x0, 0x0, 0x0,
    0x7f, 0xff, 0xe0, 0x0, 0x0, 0x0, 0x0, 0x3,
    0xff, 0xff, 0x0, 0x0, 0x0, 0x0, 0x0, 0x1f,
    0xff, 0xf8, 0x0, 0x0, 0x0, 0x0, 0x0, 0xff,
    0xff, 0xc0, 0x0, 0x0, 0x0, 0x0, 0x7, 0xff,
    0xfe, 0x0, 0x0, 0x0, 0x0, 0x0, 0x3f, 0xff,
    0xf0, 0x0, 0x0, 0x0, 0x0, 0x1, 0xff, 0xff,
    0x80, 0x0, 0x0, 0x0, 0x0, 0xf, 0xff, 0xfc,
    0x0, 0x0, 0x0, 0x0, 0x0, 0x7f, 0xff, 0xe0,
    0x0, 0x0, 0x0, 0x0, 0x3, 0xff, 0xff, 0x0,
    0x0, 0x0, 0x0, 0x0, 0x1f, 0xff, 0xf8, 0x0,
    0x0, 0x0, 0x0, 0x0, 0xff, 0xff, 0xc0, 0x0,
    0x0, 0x0, 0x0, 0x7, 0xff, 0xfe, 0x0, 0x0,
    0x0, 0x0, 0x0, 0x3f, 0xff, 0xf0, 0x0, 0x0,
    0x0, 0x0, 0x1, 0xff, 0xff, 0x80, 0x0, 0x0,
    0x0, 0x0, 0xf, 0xff, 0xfc, 0x0, 0x0, 0x0,
    0x0, 0x0, 0x7f, 0xff, 0xe0,

    /* U+0072 "r" */
    0x0, 0x0, 0x0, 0xf, 0xfb, 0xff, 0xfe, 0x0,
    0xff, 0xff, 0xff, 0xf8, 0xf, 0xff, 0xff, 0xff,
    0xe0, 0xff, 0xff, 0xff, 0xff, 0x87, 0xff, 0xff,
    0xff, 0xfe, 0x3f, 0xff, 0xff, 0xff, 0xf9, 0xff,
    0xff, 0xff, 0xff, 0xe7, 0xff, 0xff, 0xff, 0xff,
    0xbf, 0xff, 0xff, 0xff, 0xff, 0xff, 0xff, 0xff,
    0xff, 0xff, 0xff, 0xff, 0xff, 0xff, 0xff, 0xff,
    0xff, 0xff, 0xff, 0xff, 0xff, 0xff, 0xff, 0xff,
    0xff, 0xff, 0xff, 0xff, 0xff, 0xff, 0xff, 0xff,
    0xff, 0xff, 0xff, 0xff, 0xff, 0xff, 0xff, 0xff,
    0xff, 0xff, 0xff, 0xff, 0x80, 0xf, 0xff, 0xff,
    0xf0, 0x0, 0x3f, 0xff, 0xff, 0x0, 0x0, 0xff,
    0xff, 0xf8, 0x0, 0x3, 0xff, 0xff, 0xc0, 0x0,
    0xf, 0xff, 0xfe, 0x0, 0x0, 0x3f, 0xff, 0xf0,
    0x0, 0x0, 0xff, 0xff, 0xc0, 0x0, 0x3, 0xff,
    0xff, 0x0, 0x0, 0xf, 0xff, 0xfc, 0x0, 0x0,
    0x3f, 0xff, 0xf0, 0x0, 0x0, 0xff, 0xff, 0xc0,
    0x0, 0x3, 0xff, 0xff, 0x0, 0x0, 0xf, 0xff,
    0xfc, 0x0, 0x0, 0x3f, 0xff, 0xf0, 0x0, 0x0,
    0xff, 0xff, 0xc0, 0x0, 0x3, 0xff, 0xff, 0x0,
    0x0, 0xf, 0xff, 0xfc, 0x0, 0x0, 0x3f, 0xff,
    0xf0, 0x0, 0x0, 0xff, 0xff, 0xc0, 0x0, 0x3,
    0xff, 0xff, 0x0, 0x0, 0xf, 0xff, 0xfc, 0x0,
    0x0, 0x3f, 0xff, 0xf0, 0x0, 0x0, 0xff, 0xff,
    0xc0, 0x0, 0x3, 0xff, 0xff, 0x0, 0x0, 0xf,
    0xff, 0xfc, 0x0, 0x0, 0x3f, 0xff, 0xf0, 0x0,
    0x0, 0xff, 0xff, 0xc0, 0x0, 0x3, 0xff, 0xff,
    0x0, 0x0, 0xf, 0xff, 0xfc, 0x0, 0x0, 0x3f,
    0xff, 0xf0, 0x0, 0x0, 0xff, 0xff, 0xc0, 0x0,
    0x3, 0xff, 0xff, 0x0, 0x0, 0xf, 0xff, 0xfc,
    0x0, 0x0, 0x3f, 0xff, 0xf0, 0x0, 0x0, 0xff,
    0xff, 0xc0, 0x0, 0x3, 0xff, 0xff, 0x0, 0x0,
    0xf, 0xff, 0xfc, 0x0, 0x0, 0x3f, 0xff, 0xf0,
    0x0, 0x0, 0xff, 0xff, 0xc0, 0x0, 0x3, 0xff,
    0xff, 0x0, 0x0, 0xf, 0xff, 0xfc, 0x0, 0x0,
    0x3f, 0xff, 0xf0, 0x0, 0x0, 0xff, 0xff, 0xc0,
    0x0, 0x3, 0xff, 0xff, 0x0, 0x0, 0xf, 0xff,
    0xfc, 0x0, 0x0, 0x3f, 0xff, 0xf0, 0x0, 0x0,
    0xff, 0xff, 0xc0, 0x0, 0x3, 0xff, 0xff, 0x0,
    0x0, 0xf, 0xff, 0xfc, 0x0, 0x0, 0x3f, 0xff,
    0xf0, 0x0, 0x0, 0xff, 0xff, 0xc0, 0x0, 0x0,

    /* U+0073 "s" */
    0x0, 0x0, 0x3, 0xff, 0xf0, 0x0, 0x0, 0x0,
    0x0, 0x1f, 0xff, 0xff, 0x80, 0x0, 0x0, 0x0,
    0x7f, 0xff, 0xff, 0xf8, 0x0, 0x0, 0x0, 0xff,
    0xff, 0xff, 0xff, 0x0, 0x0, 0x0, 0xff, 0xff,
    0xff, 0xff, 0xe0, 0x0, 0x1, 0xff, 0xff, 0xff,
    0xff, 0xfc, 0x0, 0x1, 0xff, 0xff, 0xff, 0xff,
    0xff, 0x0, 0x1, 0xff, 0xff, 0xff, 0xff, 0xff,
    0xc0, 0x1, 0xff, 0xff, 0xff, 0xff, 0xff, 0xf0,
    0x1, 0xff, 0xff, 0xff, 0xff, 0xff, 0xfc, 0x1,
    0xff, 0xff, 0xff, 0xff, 0xff, 0xff, 0x0, 0xff,
    0xff, 0xff, 0xff, 0xff, 0xff, 0x80, 0xff, 0xff,
    0xf8, 0x7, 0xff, 0xff, 0xe0, 0x7f, 0xff, 0xf0,
    0x0, 0xff, 0xff, 0xf0, 0x7f, 0xff, 0xe0, 0x0,
    0x3f, 0xff, 0xfc, 0x3f, 0xff, 0xe0, 0x0, 0xf,
    0xff, 0xfe, 0x1f, 0xff, 0xf0, 0x0, 0x3, 0xff,
    0xff, 0x1f, 0xff, 0xf0, 0x0, 0x1, 0xff, 0xff,
    0xcf, 0xff, 0xf8, 0x0, 0x0, 0x7f, 0xff, 0xe7,
    0xff, 0xfc, 0x0, 0x0, 0x3f, 0xff, 0xf3, 0xff,
    0xfe, 0x0, 0x0, 0x1f, 0xff, 0xf9, 0xff, 0xff,
    0x0, 0x0, 0x0, 0x0, 0x0, 0xff, 0xff, 0xc0,
    0x0, 0x0, 0x0, 0x0, 0x7f, 0xff, 0xe0, 0x0,
    0x0, 0x0, 0x0, 0x3f, 0xff, 0xfc, 0x0, 0x0,
    0x0, 0x0, 0xf, 0xff, 0xff, 0x0, 0x0, 0x0,
    0x0, 0x7, 0xff, 0xff, 0xf0, 0x0, 0x0, 0x0,
    0x3, 0xff, 0xff, 0xff, 0x0, 0x0, 0x0, 0x0,
    0xff, 0xff, 0xff, 0xfc, 0x0, 0x0, 0x0, 0x7f,
    0xff, 0xff, 0xff, 0xe0, 0x0, 0x0, 0x1f, 0xff,
    0xff, 0xff, 0xfe, 0x0, 0x0, 0x7, 0xff, 0xff,
    0xff, 0xff, 0xc0, 0x0, 0x3, 0xff, 0xff, 0xff,
    0xff, 0xfc, 0x0, 0x0, 0xff, 0xff, 0xff, 0xff,
    0xff, 0x80, 0x0, 0x1f, 0xff, 0xff, 0xff, 0xff,
    0xe0, 0x0, 0x7, 0xff, 0xff, 0xff, 0xff, 0xfc,
    0x0, 0x0, 0xff, 0xff, 0xff, 0xff, 0xff, 0x0,
    0x0, 0x3f, 0xff, 0xff, 0xff, 0xff, 0xc0, 0x0,
    0x7, 0xff, 0xff, 0xff, 0xff, 0xf0, 0x0, 0x0,
    0x7f, 0xff, 0xff, 0xff, 0xf8, 0x0, 0x0, 0x7,
    0xff, 0xff, 0xff, 0xfe, 0x0, 0x0, 0x0, 0x3f,
    0xff, 0xff, 0xff, 0x0, 0x0, 0x0, 0x1, 0xff,
    0xff, 0xff, 0xc0, 0x0, 0x0, 0x0, 0x1f, 0xff,
    0xff, 0xe0, 0x0, 0x0, 0x0, 0x1, 0xff, 0xff,
    0xf0, 0x0, 0x0, 0x0, 0x0, 0x7f, 0xff, 0xfc,
    0x0, 0x0, 0x0, 0x0, 0x1f, 0xff, 0xfe, 0x0,
    0x0, 0x0, 0x0, 0x7, 0xff, 0xff, 0xff, 0xff,
    0x80, 0x0, 0x1, 0xff, 0xff, 0xff, 0xff, 0xc0,
    0x0, 0x0, 0xff, 0xff, 0xff, 0xff, 0xe0, 0x0,
    0x0, 0x7f, 0xff, 0xff, 0xff, 0xf8, 0x0, 0x0,
    0x3f, 0xff, 0xf7, 0xff, 0xfc, 0x0, 0x0, 0x1f,
    0xff, 0xfb, 0xff, 0xff, 0x0, 0x0, 0x1f, 0xff,
    0xfd, 0xff, 0xff, 0x80, 0x0, 0xf, 0xff, 0xfc,
    0x7f, 0xff, 0xe0, 0x0, 0xf, 0xff, 0xfe, 0x3f,
    0xff, 0xfc, 0x0, 0x1f, 0xff, 0xff, 0xf, 0xff,
    0xff, 0xc0, 0x3f, 0xff, 0xff, 0x7, 0xff, 0xff,
    0xff, 0xff, 0xff, 0xff, 0x81, 0xff, 0xff, 0xff,
    0xff, 0xff, 0xff, 0x80, 0x7f, 0xff, 0xff, 0xff,
    0xff, 0xff, 0x80, 0x1f, 0xff, 0xff, 0xff, 0xff,
    0xff, 0x80, 0x7, 0xff, 0xff, 0xff, 0xff, 0xff,
    0x80, 0x1, 0xff, 0xff, 0xff, 0xff, 0xff, 0x80,
    0x0, 0x7f, 0xff, 0xff, 0xff, 0xff, 0x80, 0x0,
    0xf, 0xff, 0xff, 0xff, 0xff, 0x0, 0x0, 0x1,
    0xff, 0xff, 0xff, 0xff, 0x0, 0x0, 0x0, 0x3f,
    0xff, 0xff, 0xfc, 0x0, 0x0, 0x0, 0x3, 0xff,
    0xff, 0xf0, 0x0, 0x0, 0x0, 0x0, 0x1f, 0xff,
    0x80, 0x0, 0x0,

    /* U+0074 "t" */
    0x0, 0x3f, 0xff, 0xf0, 0x0, 0x0, 0x3f, 0xff,
    0xf0, 0x0, 0x0, 0x3f, 0xff, 0xf0, 0x0, 0x0,
    0x3f, 0xff, 0xf0, 0x0, 0x0, 0x3f, 0xff, 0xf0,
    0x0, 0x0, 0x3f, 0xff, 0xf0, 0x0, 0x0, 0x3f,
    0xff, 0xf0, 0x0, 0x0, 0x3f, 0xff, 0xf0, 0x0,
    0x0, 0x3f, 0xff, 0xf0, 0x0, 0x0, 0x3f, 0xff,
    0xf0, 0x0, 0x0, 0x3f, 0xff, 0xf0, 0x0, 0x0,
    0x3f, 0xff, 0xf0, 0x0, 0x0, 0x3f, 0xff, 0xf0,
    0x0, 0x0, 0x3f, 0xff, 0xf0, 0x0, 0x0, 0x3f,
    0xff, 0xf0, 0x0, 0x0, 0x3f, 0xff, 0xf0, 0x0,
    0x0, 0x3f, 0xff, 0xf0, 0x0, 0xff, 0xff, 0xff,
    0xff, 0xff, 0xff, 0xff, 0xff, 0xff, 0xff, 0xff,
    0xff, 0xff, 0xff, 0xff, 0xff, 0xff, 0xff, 0xff,
    0xff, 0xff, 0xff, 0xff, 0xff, 0xff, 0xff, 0xff,
    0xff, 0xff, 0xff, 0xff, 0xff, 0xff, 0xff, 0xff,
    0xff, 0xff, 0xff, 0xff, 0xff, 0xff, 0xff, 0xff,
    0xff, 0xff, 0xff, 0xff, 0xff, 0xff, 0xff, 0xff,
    0xff, 0xff, 0xff, 0xff, 0xff, 0xff, 0xff, 0xff,
    0xff, 0xff, 0xff, 0xff, 0xff, 0xff, 0x0, 0x3f,
    0xff, 0xf0, 0x0, 0x0, 0x3f, 0xff, 0xf0, 0x0,
    0x0, 0x3f, 0xff, 0xf0, 0x0, 0x0, 0x3f, 0xff,
    0xf0, 0x0, 0x0, 0x3f, 0xff, 0xf0, 0x0, 0x0,
    0x3f, 0xff, 0xf0, 0x0, 0x0, 0x3f, 0xff, 0xf0,
    0x0, 0x0, 0x3f, 0xff, 0xf0, 0x0, 0x0, 0x3f,
    0xff, 0xf0, 0x0, 0x0, 0x3f, 0xff, 0xf0, 0x0,
    0x0, 0x3f, 0xff, 0xf0, 0x0, 0x0, 0x3f, 0xff,
    0xf0, 0x0, 0x0, 0x3f, 0xff, 0xf0, 0x0, 0x0,
    0x3f, 0xff, 0xf0, 0x0, 0x0, 0x3f, 0xff, 0xf0,
    0x0, 0x0, 0x3f, 0xff, 0xf0, 0x0, 0x0, 0x3f,
    0xff, 0xf0, 0x0, 0x0, 0x3f, 0xff, 0xf0, 0x0,
    0x0, 0x3f, 0xff, 0xf0, 0x0, 0x0, 0x3f, 0xff,
    0xf0, 0x0, 0x0, 0x3f, 0xff, 0xf0, 0x0, 0x0,
    0x3f, 0xff, 0xf0, 0x0, 0x0, 0x3f, 0xff, 0xf0,
    0x0, 0x0, 0x3f, 0xff, 0xf0, 0x0, 0x0, 0x3f,
    0xff, 0xf0, 0x0, 0x0, 0x3f, 0xff, 0xf0, 0x0,
    0x0, 0x3f, 0xff, 0xf0, 0x0, 0x0, 0x3f, 0xff,
    0xf0, 0x0, 0x0, 0x3f, 0xff, 0xf0, 0x0, 0x0,
    0x3f, 0xff, 0xf0, 0x0, 0x0, 0x3f, 0xff, 0xf0,
    0x0, 0x0, 0x3f, 0xff, 0xf0, 0x0, 0x0, 0x3f,
    0xff, 0xf0, 0x0, 0x0, 0x3f, 0xff, 0xf0, 0x0,
    0x0, 0x3f, 0xff, 0xf0, 0x0, 0x0, 0x3f, 0xff,
    0xf0, 0x0, 0x0, 0x3f, 0xff, 0xf0, 0x0, 0x0,
    0x3f, 0xff, 0xf0, 0x0, 0x0, 0x3f, 0xff, 0xf8,
    0x0, 0x0, 0x3f, 0xff, 0xf8, 0x0, 0x0, 0x3f,
    0xff, 0xfc, 0x0, 0x0, 0x3f, 0xff, 0xff, 0x83,
    0x0, 0x1f, 0xff, 0xff, 0xff, 0x0, 0x1f, 0xff,
    0xff, 0xff, 0x0, 0x1f, 0xff, 0xff, 0xff, 0x0,
    0x1f, 0xff, 0xff, 0xff, 0x0, 0xf, 0xff, 0xff,
    0xff, 0x0, 0xf, 0xff, 0xff, 0xff, 0x0, 0x7,
    0xff, 0xff, 0xff, 0x0, 0x7, 0xff, 0xff, 0xff,
    0x0, 0x3, 0xff, 0xff, 0xff, 0x0, 0x1, 0xff,
    0xff, 0xff, 0x0, 0x0, 0xff, 0xff, 0xff, 0x0,
    0x0, 0x3f, 0xff, 0xff, 0x0, 0x0, 0xf, 0xff,
    0xff, 0x0, 0x0, 0x0, 0xff, 0xf0,

    /* U+0075 "u" */
    0xff, 0xff, 0xc0, 0x0, 0x0, 0x7f, 0xff, 0xff,
    0xff, 0xf8, 0x0, 0x0, 0xf, 0xff, 0xff, 0xff,
    0xff, 0x0, 0x0, 0x1, 0xff, 0xff, 0xff, 0xff,
    0xe0, 0x0, 0x0, 0x3f, 0xff, 0xff, 0xff, 0xfc,
    0x0, 0x0, 0x7, 0xff, 0xff, 0xff, 0xff, 0x80,
    0x0, 0x0, 0xff, 0xff, 0xff, 0xff, 0xf0, 0x0,
    0x0, 0x1f, 0xff, 0xff, 0xff, 0xfe, 0x0, 0x0,
    0x3, 0xff, 0xff, 0xff, 0xff, 0xc0, 0x0, 0x0,
    0x7f, 0xff, 0xff, 0xff, 0xf8, 0x0, 0x0, 0xf,
    0xff, 0xff, 0xff, 0xff, 0x0, 0x0, 0x1, 0xff,
    0xff, 0xff, 0xff, 0xe0, 0x0, 0x0, 0x3f, 0xff,
    0xff, 0xff, 0xfc, 0x0, 0x0, 0x7, 0xff, 0xff,
    0xff, 0xff, 0x80, 0x0, 0x0, 0xff, 0xff, 0xff,
    0xff, 0xf0, 0x0, 0x0, 0x1f, 0xff, 0xff, 0xff,
    0xfe, 0x0, 0x0, 0x3, 0xff, 0xff, 0xff, 0xff,
    0xc0, 0x0, 0x0, 0x7f, 0xff, 0xff, 0xff, 0xf8,
    0x0, 0x0, 0xf, 0xff, 0xff, 0xff, 0xff, 0x0,
    0x0, 0x1, 0xff, 0xff, 0xff, 0xff, 0xe0, 0x0,
    0x0, 0x3f, 0xff, 0xff, 0xff, 0xfc, 0x0, 0x0,
    0x7, 0xff, 0xff, 0xff, 0xff, 0x80, 0x0, 0x0,
    0xff, 0xff, 0xff, 0xff, 0xf0, 0x0, 0x0, 0x1f,
    0xff, 0xff, 0xff, 0xfe, 0x0, 0x0, 0x3, 0xff,
    0xff, 0xff, 0xff, 0xc0, 0x0, 0x0, 0x7f, 0xff,
    0xff, 0xff, 0xf8, 0x0, 0x0, 0xf, 0xff, 0xff,
    0xff, 0xff, 0x0, 0x0, 0x1, 0xff, 0xff, 0xff,
    0xff, 0xe0, 0x0, 0x0, 0x3f, 0xff, 0xff, 0xff,
    0xfc, 0x0, 0x0, 0x7, 0xff, 0xff, 0xff, 0xff,
    0x80, 0x0, 0x0, 0xff, 0xff, 0xff, 0xff, 0xf0,
    0x0, 0x0, 0x1f, 0xff, 0xff, 0xff, 0xfe, 0x0,
    0x0, 0x3, 0xff, 0xff, 0xff, 0xff, 0xc0, 0x0,
    0x0, 0x7f, 0xff, 0xff, 0xff, 0xf8, 0x0, 0x0,
    0xf, 0xff, 0xff, 0xff, 0xff, 0x0, 0x0, 0x1,
    0xff, 0xff, 0xff, 0xff, 0xe0, 0x0, 0x0, 0x3f,
    0xff, 0xff, 0xff, 0xfc, 0x0, 0x0, 0x7, 0xff,
    0xff, 0xff, 0xff, 0x80, 0x0, 0x0, 0xff, 0xff,
    0xff, 0xff, 0xf0, 0x0, 0x0, 0x1f, 0xff, 0xff,
    0xff, 0xfe, 0x0, 0x0, 0x3, 0xff, 0xff, 0xff,
    0xff, 0xc0, 0x0, 0x0, 0x7f, 0xff, 0xff, 0xff,
    0xf8, 0x0, 0x0, 0xf, 0xff, 0xff, 0xff, 0xff,
    0x0, 0x0, 0x1, 0xff, 0xff, 0xff, 0xff, 0xe0,
    0x0, 0x0, 0x3f, 0xff, 0xff, 0xff, 0xfc, 0x0,
    0x0, 0x7, 0xff, 0xff, 0xff, 0xff, 0x80, 0x0,
    0x0, 0xff, 0xff, 0xff, 0xff, 0xf0, 0x0, 0x0,
    0x1f, 0xff, 0xff, 0xff, 0xfe, 0x0, 0x0, 0x3,
    0xff, 0xff, 0xff, 0xff, 0xc0, 0x0, 0x0, 0xff,
    0xff, 0xff, 0xff, 0xfc, 0x0, 0x0, 0x1f, 0xff,
    0xff, 0xff, 0xff, 0x80, 0x0, 0x7, 0xff, 0xff,
    0xbf, 0xff, 0xf8, 0x0, 0x1, 0xff, 0xff, 0xf7,
    0xff, 0xff, 0x80, 0x0, 0x7f, 0xff, 0xfe, 0xff,
    0xff, 0xf8, 0x0, 0x3f, 0xff, 0xff, 0xdf, 0xff,
    0xff, 0xc0, 0x1f, 0xff, 0xff, 0xf9, 0xff, 0xff,
    0xff, 0xff, 0xff, 0xff, 0xff, 0x3f, 0xff, 0xff,
    0xff, 0xff, 0xff, 0xff, 0xe3, 0xff, 0xff, 0xff,
    0xff, 0xff, 0xff, 0xfc, 0x7f, 0xff, 0xff, 0xff,
    0xff, 0xff, 0xff, 0x87, 0xff, 0xff, 0xff, 0xff,
    0xff, 0xff, 0xf0, 0xff, 0xff, 0xff, 0xff, 0xff,
    0xff, 0xfe, 0xf, 0xff, 0xff, 0xff, 0xff, 0xff,
    0xff, 0xc0, 0xff, 0xff, 0xff, 0xff, 0xdf, 0xff,
    0xf8, 0xf, 0xff, 0xff, 0xff, 0xf3, 0xff, 0xff,
    0x0, 0xff, 0xff, 0xff, 0xf8, 0x7f, 0xff, 0xe0,
    0xf, 0xff, 0xff, 0xfe, 0xf, 0xff, 0xfc, 0x0,
    0x7f, 0xff, 0xff, 0x1, 0xff, 0xff, 0x80, 0x3,
    0xff, 0xff, 0x80, 0x3f, 0xff, 0xf0, 0x0, 0x7,
    0xff, 0x0, 0x0, 0x0, 0x0,

    /* U+0076 "v" */
    0xff, 0xff, 0xe0, 0x0, 0x0, 0xf, 0xff, 0xff,
    0xff, 0xff, 0xc0, 0x0, 0x0, 0x1f, 0xff, 0xf9,
    0xff, 0xff, 0xc0, 0x0, 0x0, 0x7f, 0xff, 0xf3,
    0xff, 0xff, 0x80, 0x0, 0x0, 0xff, 0xff, 0xe3,
    0xff, 0xff, 0x0, 0x0, 0x1, 0xff, 0xff, 0x87,
    0xff, 0xfe, 0x0, 0x0, 0x3, 0xff, 0xff, 0xf,
    0xff, 0xfe, 0x0, 0x0, 0xf, 0xff, 0xfe, 0xf,
    0xff, 0xfc, 0x0, 0x0, 0x1f, 0xff, 0xf8, 0x1f,
    0xff, 0xf8, 0x0, 0x0, 0x3f, 0xff, 0xf0, 0x3f,
    0xff, 0xf0, 0x0, 0x0, 0xff, 0xff, 0xe0, 0x3f,
    0xff, 0xf0, 0x0, 0x1, 0xff, 0xff, 0x80, 0x7f,
    0xff, 0xe0, 0x0, 0x3, 0xff, 0xff, 0x0, 0xff,
    0xff, 0xc0, 0x0, 0x7, 0xff, 0xfe, 0x0, 0xff,
    0xff, 0xc0, 0x0, 0x1f, 0xff, 0xf8, 0x1, 0xff,
    0xff, 0x80, 0x0, 0x3f, 0xff, 0xf0, 0x3, 0xff,
    0xff, 0x0, 0x0, 0x7f, 0xff, 0xe0, 0x3, 0xff,
    0xfe, 0x0, 0x0, 0xff, 0xff, 0x80, 0x7, 0xff,
    0xfe, 0x0, 0x3, 0xff, 0xff, 0x0, 0xf, 0xff,
    0xfc, 0x0, 0x7, 0xff, 0xfe, 0x0, 0xf, 0xff,
    0xf8, 0x0, 0xf, 0xff, 0xf8, 0x0, 0x1f, 0xff,
    0xf8, 0x0, 0x3f, 0xff, 0xf0, 0x0, 0x3f, 0xff,
    0xf0, 0x0, 0x7f, 0xff, 0xe0, 0x0, 0x3f, 0xff,
    0xe0, 0x0, 0xff, 0xff, 0x80, 0x0, 0x7f, 0xff,
    0xc0, 0x1, 0xff, 0xff, 0x0, 0x0, 0xff, 0xff,
    0xc0, 0x7, 0xff, 0xfe, 0x0, 0x0, 0xff, 0xff,
    0x80, 0xf, 0xff, 0xf8, 0x0, 0x1, 0xff, 0xff,
    0x0, 0x1f, 0xff, 0xf0, 0x0, 0x3, 0xff, 0xfe,
    0x0, 0x3f, 0xff, 0xe0, 0x0, 0x3, 0xff, 0xfe,
    0x0, 0xff, 0xff, 0x80, 0x0, 0x7, 0xff, 0xfc,
    0x1, 0xff, 0xff, 0x0, 0x0, 0xf, 0xff, 0xf8,
    0x3, 0xff, 0xfe, 0x0, 0x0, 0xf, 0xff, 0xf8,
    0xf, 0xff, 0xf8, 0x0, 0x0, 0x1f, 0xff, 0xf0,
    0x1f, 0xff, 0xf0, 0x0, 0x0, 0x3f, 0xff, 0xe0,
    0x3f, 0xff, 0xe0, 0x0, 0x0, 0x3f, 0xff, 0xc0,
    0x7f, 0xff, 0x80, 0x0, 0x0, 0x7f, 0xff, 0xc1,
    0xff, 0xff, 0x0, 0x0, 0x0, 0xff, 0xff, 0x83,
    0xff, 0xfe, 0x0, 0x0, 0x0, 0xff, 0xff, 0x7,
    0xff, 0xf8, 0x0, 0x0, 0x1, 0xff, 0xfe, 0x1f,
    0xff, 0xf0, 0x0, 0x0, 0x3, 0xff, 0xfe, 0x3f,
    0xff, 0xe0, 0x0, 0x0, 0x3, 0xff, 0xfc, 0x7f,
    0xff, 0x80, 0x0, 0x0, 0x7, 0xff, 0xf8, 0xff,
    0xff, 0x0, 0x0, 0x0, 0xf, 0xff, 0xfb, 0xff,
    0xfe, 0x0, 0x0, 0x0, 0xf, 0xff, 0xf7, 0xff,
    0xf8, 0x0, 0x0, 0x0, 0x1f, 0xff, 0xef, 0xff,
    0xf0, 0x0, 0x0, 0x0, 0x3f, 0xff, 0xdf, 0xff,
    0xe0, 0x0, 0x0, 0x0, 0x3f, 0xff, 0xff, 0xff,
    0x80, 0x0, 0x0, 0x0, 0x7f, 0xff, 0xff, 0xff,
    0x0, 0x0, 0x0, 0x0, 0xff, 0xff, 0xff, 0xfe,
    0x0, 0x0, 0x0, 0x0, 0xff, 0xff, 0xff, 0xf8,
    0x0, 0x0, 0x0, 0x1, 0xff, 0xff, 0xff, 0xf0,
    0x0, 0x0, 0x0, 0x3, 0xff, 0xff, 0xff, 0xe0,
    0x0, 0x0, 0x0, 0x3, 0xff, 0xff, 0xff, 0x80,
    0x0, 0x0, 0x0, 0x7, 0xff, 0xff, 0xff, 0x0,
    0x0, 0x0, 0x0, 0xf, 0xff, 0xff, 0xfe, 0x0,
    0x0, 0x0, 0x0, 0xf, 0xff, 0xff, 0xf8, 0x0,
    0x0, 0x0, 0x0, 0x1f, 0xff, 0xff, 0xf0, 0x0,
    0x0, 0x0, 0x0, 0x3f, 0xff, 0xff, 0xe0, 0x0,
    0x0, 0x0, 0x0, 0x3f, 0xff, 0xff, 0x80, 0x0,
    0x0, 0x0, 0x0, 0x7f, 0xff, 0xff, 0x0, 0x0,
    0x0, 0x0, 0x0, 0xff, 0xff, 0xfe, 0x0, 0x0,
    0x0, 0x0, 0x0, 0xff, 0xff, 0xf8, 0x0, 0x0,
    0x0, 0x0, 0x1, 0xff, 0xff, 0xf0, 0x0, 0x0,
    0x0, 0x0, 0x3, 0xff, 0xff, 0xe0, 0x0, 0x0,
    0x0, 0x0, 0x3, 0xff, 0xff, 0x80, 0x0, 0x0,
    0x0, 0x0, 0x7, 0xff, 0xff, 0x0, 0x0, 0x0,
    0x0, 0x0, 0xf, 0xff, 0xfe, 0x0, 0x0, 0x0,
    0x0, 0x0, 0xf, 0xff, 0xf8, 0x0, 0x0, 0x0,

    /* U+0077 "w" */
    0xff, 0xff, 0xc0, 0x0, 0x1, 0xff, 0xf0, 0x0,
    0x0, 0x7f, 0xff, 0xdf, 0xff, 0xf0, 0x0, 0x0,
    0xff, 0xfc, 0x0, 0x0, 0x1f, 0xff, 0xf7, 0xff,
    0xfc, 0x0, 0x0, 0x3f, 0xff, 0x0, 0x0, 0xf,
    0xff, 0xfd, 0xff, 0xff, 0x0, 0x0, 0xf, 0xff,
    0xe0, 0x0, 0x3, 0xff, 0xfe, 0x7f, 0xff, 0xc0,
    0x0, 0x7, 0xff, 0xf8, 0x0, 0x0, 0xff, 0xff,
    0x8f, 0xff, 0xf8, 0x0, 0x1, 0xff, 0xfe, 0x0,
    0x0, 0x3f, 0xff, 0xe3, 0xff, 0xfe, 0x0, 0x0,
    0x7f, 0xff, 0xc0, 0x0, 0x1f, 0xff, 0xf8, 0xff,
    0xff, 0x80, 0x0, 0x1f, 0xff, 0xf0, 0x0, 0x7,
    0xff, 0xfc, 0x3f, 0xff, 0xe0, 0x0, 0xf, 0xff,
    0xfc, 0x0, 0x1, 0xff, 0xff, 0x7, 0xff, 0xf8,
    0x0, 0x3, 0xff, 0xff, 0x0, 0x0, 0x7f, 0xff,
    0xc1, 0xff, 0xff, 0x0, 0x0, 0xff, 0xff, 0xe0,
    0x0, 0x1f, 0xff, 0xf0, 0x7f, 0xff, 0xc0, 0x0,
    0x7f, 0xff, 0xf8, 0x0, 0xf, 0xff, 0xf8, 0x1f,
    0xff, 0xf0, 0x0, 0x1f, 0xff, 0xfe, 0x0, 0x3,
    0xff, 0xfe, 0x3, 0xff, 0xfc, 0x0, 0x7, 0xff,
    0xff, 0xc0, 0x0, 0xff, 0xff, 0x80, 0xff, 0xff,
    0x80, 0x1, 0xff, 0xff, 0xf0, 0x0, 0x3f, 0xff,
    0xe0, 0x3f, 0xff, 0xe0, 0x0, 0xff, 0xff, 0xfc,
    0x0, 0xf, 0xff, 0xf0, 0xf, 0xff, 0xf8, 0x0,
    0x3f, 0xff, 0xff, 0x0, 0x7, 0xff, 0xfc, 0x1,
    0xff, 0xfe, 0x0, 0xf, 0xff, 0xff, 0xe0, 0x1,
    0xff, 0xff, 0x0, 0x7f, 0xff, 0x80, 0x3, 0xff,
    0xff, 0xf8, 0x0, 0x7f, 0xff, 0xc0, 0x1f, 0xff,
    0xf0, 0x1, 0xff, 0xff, 0xfe, 0x0, 0x1f, 0xff,
    0xe0, 0x7, 0xff, 0xfc, 0x0, 0x7f, 0xff, 0xff,
    0x80, 0x7, 0xff, 0xf8, 0x0, 0xff, 0xff, 0x0,
    0x1f, 0xff, 0xff, 0xf0, 0x3, 0xff, 0xfe, 0x0,
    0x3f, 0xff, 0xc0, 0xf, 0xff, 0xff, 0xfc, 0x0,
    0xff, 0xff, 0x80, 0xf, 0xff, 0xf0, 0x3, 0xff,
    0xff, 0xff, 0x0, 0x3f, 0xff, 0xc0, 0x3, 0xff,
    0xfe, 0x0, 0xff, 0xff, 0xff, 0xe0, 0xf, 0xff,
    0xf0, 0x0, 0x7f, 0xff, 0x80, 0x3f, 0xfe, 0xff,
    0xf8, 0x3, 0xff, 0xfc, 0x0, 0x1f, 0xff, 0xe0,
    0x1f, 0xff, 0xbf, 0xfe, 0x1, 0xff, 0xff, 0x0,
    0x7, 0xff, 0xf8, 0x7, 0xff, 0xcf, 0xff, 0x80,
    0x7f, 0xff, 0x80, 0x1, 0xff, 0xfe, 0x1, 0xff,
    0xf3, 0xff, 0xf0, 0x1f, 0xff, 0xe0, 0x0, 0x3f,
    0xff, 0xc0, 0xff, 0xfc, 0x7f, 0xfc, 0x7, 0xff,
    0xf8, 0x0, 0xf, 0xff, 0xf0, 0x3f, 0xfe, 0x1f,
    0xff, 0x3, 0xff, 0xfe, 0x0, 0x3, 0xff, 0xfc,
    0xf, 0xff, 0x87, 0xff, 0xe0, 0xff, 0xff, 0x0,
    0x0, 0xff, 0xff, 0x3, 0xff, 0xe0, 0xff, 0xf8,
    0x3f, 0xff, 0xc0, 0x0, 0x1f, 0xff, 0xc1, 0xff,
    0xf0, 0x3f, 0xfe, 0xf, 0xff, 0xf0, 0x0, 0x7,
    0xff, 0xf8, 0x7f, 0xfc, 0xf, 0xff, 0x83, 0xff,
    0xfc, 0x0, 0x1, 0xff, 0xfe, 0x1f, 0xff, 0x1,
    0xff, 0xf1, 0xff, 0xfe, 0x0, 0x0, 0x7f, 0xff,
    0x8f, 0xff, 0xc0, 0x7f, 0xfc, 0x7f, 0xff, 0x80,
    0x0, 0xf, 0xff, 0xe3, 0xff, 0xe0, 0x1f, 0xff,
    0x1f, 0xff, 0xe0, 0x0, 0x3, 0xff, 0xfc, 0xff,
    0xf8, 0x7, 0xff, 0xe7, 0xff, 0xf8, 0x0, 0x0,
    0xff, 0xff, 0x3f, 0xfe, 0x0, 0xff, 0xf9, 0xff,
    0xfc, 0x0, 0x0, 0x3f, 0xff, 0xdf, 0xff, 0x0,
    0x3f, 0xfe, 0xff, 0xff, 0x0, 0x0, 0x7, 0xff,
    0xf7, 0xff, 0xc0, 0xf, 0xff, 0xbf, 0xff, 0xc0,
    0x0, 0x1, 0xff, 0xfd, 0xff, 0xf0, 0x1, 0xff,
    0xff, 0xff, 0xf0, 0x0, 0x0, 0x7f, 0xff, 0xff,
    0xfc, 0x0, 0x7f, 0xff, 0xff, 0xf8, 0x0, 0x0,
    0x1f, 0xff, 0xff, 0xfe, 0x0, 0x1f, 0xff, 0xff,
    0xfe, 0x0, 0x0, 0x3, 0xff, 0xff, 0xff, 0x80,
    0x7, 0xff, 0xff, 0xff, 0x80, 0x0, 0x0, 0xff,
    0xff, 0xff, 0xe0, 0x0, 0xff, 0xff, 0xff, 0xe0,
    0x0, 0x0, 0x3f, 0xff, 0xff, 0xf0, 0x0, 0x3f,
    0xff, 0xff, 0xf0, 0x0, 0x0, 0xf, 0xff, 0xff,
    0xfc, 0x0, 0xf, 0xff, 0xff, 0xfc, 0x0, 0x0,
    0x1, 0xff, 0xff, 0xff, 0x0, 0x1, 0xff, 0xff,
    0xff, 0x0, 0x0, 0x0, 0x7f, 0xff, 0xff, 0xc0,
    0x0, 0x7f, 0xff, 0xff, 0xc0, 0x0, 0x0, 0x1f,
    0xff, 0xff, 0xe0, 0x0, 0x1f, 0xff, 0xff, 0xe0,
    0x0, 0x0, 0x7, 0xff, 0xff, 0xf8, 0x0, 0x3,
    0xff, 0xff, 0xf8, 0x0, 0x0, 0x0, 0xff, 0xff,
    0xfe, 0x0, 0x0, 0xff, 0xff, 0xfe, 0x0, 0x0,
    0x0, 0x3f, 0xff, 0xff, 0x0, 0x0, 0x3f, 0xff,
    0xff, 0x80, 0x0, 0x0, 0xf, 0xff, 0xff, 0xc0,
    0x0, 0xf, 0xff, 0xff, 0xc0, 0x0, 0x0, 0x3,
    0xff, 0xff, 0xf0, 0x0, 0x1, 0xff, 0xff, 0xf0,
    0x0, 0x0, 0x0, 0x7f, 0xff, 0xf8, 0x0, 0x0,
    0x7f, 0xff, 0xfc, 0x0, 0x0, 0x0, 0x1f, 0xff,
    0xfe, 0x0, 0x0, 0x1f, 0xff, 0xff, 0x0, 0x0,
    0x0, 0x7, 0xff, 0xff, 0x80, 0x0, 0x3, 0xff,
    0xff, 0x80, 0x0, 0x0, 0x1, 0xff, 0xff, 0xe0,
    0x0, 0x0, 0xff, 0xff, 0xe0, 0x0, 0x0, 0x0,
    0x3f, 0xff, 0xf0, 0x0, 0x0, 0x3f, 0xff, 0xf8,
    0x0, 0x0, 0x0, 0xf, 0xff, 0xfc, 0x0, 0x0,
    0xf, 0xff, 0xfe, 0x0, 0x0, 0x0, 0x3, 0xff,
    0xff, 0x0, 0x0, 0x1, 0xff, 0xff, 0x0, 0x0,
    0x0, 0x0, 0xff, 0xff, 0x80, 0x0, 0x0, 0x7f,
    0xff, 0xc0, 0x0, 0x0, 0x0, 0x1f, 0xff, 0xe0,
    0x0, 0x0, 0x1f, 0xff, 0xf0, 0x0, 0x0, 0x0,
    0x7, 0xff, 0xf8, 0x0, 0x0, 0x3, 0xff, 0xfc,
    0x0, 0x0, 0x0, 0x1, 0xff, 0xfe, 0x0, 0x0,
    0x0, 0xff, 0xfe, 0x0, 0x0,

    /* U+0078 "x" */
    0x3f, 0xff, 0xf8, 0x0, 0x0, 0x1f, 0xff, 0xfc,
    0x7f, 0xff, 0xf0, 0x0, 0x0, 0x7f, 0xff, 0xf8,
    0x7f, 0xff, 0xf0, 0x0, 0x0, 0xff, 0xff, 0xe0,
    0xff, 0xff, 0xe0, 0x0, 0x3, 0xff, 0xff, 0x80,
    0xff, 0xff, 0xe0, 0x0, 0x7, 0xff, 0xff, 0x1,
    0xff, 0xff, 0xc0, 0x0, 0x1f, 0xff, 0xfc, 0x1,
    0xff, 0xff, 0xc0, 0x0, 0x3f, 0xff, 0xf8, 0x1,
    0xff, 0xff, 0xc0, 0x0, 0xff, 0xff, 0xe0, 0x3,
    0xff, 0xff, 0x80, 0x3, 0xff, 0xff, 0xc0, 0x3,
    0xff, 0xff, 0x80, 0x7, 0xff, 0xff, 0x0, 0x7,
    0xff, 0xff, 0x0, 0x1f, 0xff, 0xfc, 0x0, 0x7,
    0xff, 0xff, 0x0, 0x3f, 0xff, 0xf8, 0x0, 0xf,
    0xff, 0xfe, 0x0, 0xff, 0xff, 0xe0, 0x0, 0xf,
    0xff, 0xfe, 0x1, 0xff, 0xff, 0xc0, 0x0, 0xf,
    0xff, 0xfc, 0x7, 0xff, 0xff, 0x0, 0x0, 0x1f,
    0xff, 0xfc, 0xf, 0xff, 0xfc, 0x0, 0x0, 0x1f,
    0xff, 0xf8, 0x3f, 0xff, 0xf8, 0x0, 0x0, 0x3f,
    0xff, 0xf8, 0xff, 0xff, 0xe0, 0x0, 0x0, 0x3f,
    0xff, 0xf9, 0xff, 0xff, 0xc0, 0x0, 0x0, 0x7f,
    0xff, 0xf7, 0xff, 0xff, 0x0, 0x0, 0x0, 0x7f,
    0xff, 0xff, 0xff, 0xfe, 0x0, 0x0, 0x0, 0x7f,
    0xff, 0xff, 0xff, 0xf8, 0x0, 0x0, 0x0, 0xff,
    0xff, 0xff, 0xff, 0xe0, 0x0, 0x0, 0x0, 0xff,
    0xff, 0xff, 0xff, 0xc0, 0x0, 0x0, 0x1, 0xff,
    0xff, 0xff, 0xff, 0x0, 0x0, 0x0, 0x1, 0xff,
    0xff, 0xff, 0xfe, 0x0, 0x0, 0x0, 0x3, 0xff,
    0xff, 0xff, 0xf8, 0x0, 0x0, 0x0, 0x3, 0xff,
    0xff, 0xff, 0xf0, 0x0, 0x0, 0x0, 0x3, 0xff,
    0xff, 0xff, 0xc0, 0x0, 0x0, 0x0, 0x7, 0xff,
    0xff, 0xff, 0x0, 0x0, 0x0, 0x0, 0x7, 0xff,
    0xff, 0xfe, 0x0, 0x0, 0x0, 0x0, 0xf, 0xff,
    0xff, 0xf8, 0x0, 0x0, 0x0, 0x0, 0xf, 0xff,
    0xff, 0xf0, 0x0, 0x0, 0x0, 0x0, 0x1f, 0xff,
    0xff, 0xc0, 0x0, 0x0, 0x0, 0x0, 0x3f, 0xff,
    0xff, 0xc0, 0x0, 0x0, 0x0, 0x0, 0xff, 0xff,
    0xff, 0xc0, 0x0, 0x0, 0x0, 0x3, 0xff, 0xff,
    0xff, 0x80, 0x0, 0x0, 0x0, 0x7, 0xff, 0xff,
    0xff, 0x80, 0x0, 0x0, 0x0, 0x1f, 0xff, 0xff,
    0xff, 0x0, 0x0, 0x0, 0x0, 0x3f, 0xff, 0xff,
    0xff, 0x0, 0x0, 0x0, 0x0, 0xff, 0xff, 0xff,
    0xfe, 0x0, 0x0, 0x0, 0x1, 0xff, 0xff, 0xff,
    0xfe, 0x0, 0x0, 0x0, 0x7, 0xff, 0xff, 0xff,
    0xfe, 0x0, 0x0, 0x0, 0x1f, 0xff, 0xff, 0xff,
    0xfc, 0x0, 0x0, 0x0, 0x3f, 0xff, 0xff, 0xff,
    0xfc, 0x0, 0x0, 0x0, 0xff, 0xff, 0xff, 0xff,
    0xf8, 0x0, 0x0, 0x1, 0xff, 0xff, 0xff, 0xff,
    0xf8, 0x0, 0x0, 0x7, 0xff, 0xff, 0x3f, 0xff,
    0xf0, 0x0, 0x0, 0xf, 0xff, 0xfe, 0x7f, 0xff,
    0xf0, 0x0, 0x0, 0x3f, 0xff, 0xf8, 0x7f, 0xff,
    0xf0, 0x0, 0x0, 0xff, 0xff, 0xe0, 0xff, 0xff,
    0xe0, 0x0, 0x1, 0xff, 0xff, 0xc0, 0xff, 0xff,
    0xe0, 0x0, 0x7, 0xff, 0xff, 0x1, 0xff, 0xff,
    0xc0, 0x0, 0xf, 0xff, 0xfe, 0x1, 0xff, 0xff,
    0xc0, 0x0, 0x3f, 0xff, 0xf8, 0x3, 0xff, 0xff,
    0x80, 0x0, 0x7f, 0xff, 0xf0, 0x3, 0xff, 0xff,
    0x80, 0x1, 0xff, 0xff, 0xc0, 0x3, 0xff, 0xff,
    0x80, 0x7, 0xff, 0xff, 0x0, 0x7, 0xff, 0xff,
    0x0, 0xf, 0xff, 0xfe, 0x0, 0x7, 0xff, 0xff,
    0x0, 0x3f, 0xff, 0xf8, 0x0, 0xf, 0xff, 0xfe,
    0x0, 0x7f, 0xff, 0xf0, 0x0, 0xf, 0xff, 0xfe,
    0x1, 0xff, 0xff, 0xc0, 0x0, 0x1f, 0xff, 0xfe,
    0x3, 0xff, 0xff, 0x80, 0x0, 0x1f, 0xff, 0xfc,
    0xf, 0xff, 0xfe, 0x0, 0x0, 0x3f, 0xff, 0xfc,
    0x3f, 0xff, 0xfc, 0x0, 0x0, 0x3f, 0xff, 0xf8,
    0x7f, 0xff, 0xf0, 0x0, 0x0, 0x3f, 0xff, 0xf9,
    0xff, 0xff, 0xc0, 0x0, 0x0, 0x7f, 0xff, 0xf3,
    0xff, 0xff, 0x80, 0x0, 0x0, 0x7f, 0xff, 0xf0,

    /* U+0079 "y" */
    0xff, 0xff, 0xe0, 0x0, 0x0, 0xf, 0xff, 0xff,
    0xff, 0xff, 0xf0, 0x0, 0x0, 0xf, 0xff, 0xfe,
    0x7f, 0xff, 0xf0, 0x0, 0x0, 0xf, 0xff, 0xfe,
    0x7f, 0xff, 0xf0, 0x0, 0x0, 0x1f, 0xff, 0xfe,
    0x7f, 0xff, 0xf0, 0x0, 0x0, 0x1f, 0xff, 0xfc,
    0x3f, 0xff, 0xf8, 0x0, 0x0, 0x1f, 0xff, 0xfc,
    0x3f, 0xff, 0xf8, 0x0, 0x0, 0x1f, 0xff, 0xfc,
    0x3f, 0xff, 0xf8, 0x0, 0x0, 0x3f, 0xff, 0xf8,
    0x1f, 0xff, 0xfc, 0x0, 0x0, 0x3f, 0xff, 0xf8,
    0x1f, 0xff, 0xfc, 0x0, 0x0, 0x3f, 0xff, 0xf8,
    0x1f, 0xff, 0xfc, 0x0, 0x0, 0x7f, 0xff, 0xf0,
    0xf, 0xff, 0xfe, 0x0, 0x0, 0x7f, 0xff, 0xf0,
    0xf, 0xff, 0xfe, 0x0, 0x0, 0x7f, 0xff, 0xe0,
    0xf, 0xff, 0xfe, 0x0, 0x0, 0xff, 0xff, 0xe0,
    0x7, 0xff, 0xfe, 0x0, 0x0, 0xff, 0xff, 0xe0,
    0x7, 0xff, 0xff, 0x0, 0x0, 0xff, 0xff, 0xc0,
    0x7, 0xff, 0xff, 0x0, 0x0, 0xff, 0xff, 0xc0,
    0x3, 0xff, 0xff, 0x0, 0x1, 0xff, 0xff, 0xc0,
    0x3, 0xff, 0xff, 0x80, 0x1, 0xff, 0xff, 0x80,
    0x1, 0xff, 0xff, 0x80, 0x1, 0xff, 0xff, 0x80,
    0x1, 0xff, 0xff, 0x80, 0x3, 0xff, 0xff, 0x80,
    0x1, 0xff, 0xff, 0x80, 0x3, 0xff, 0xff, 0x0,
    0x0, 0xff, 0xff, 0xc0, 0x3, 0xff, 0xff, 0x0,
    0x0, 0xff, 0xff, 0xc0, 0x7, 0xff, 0xff, 0x0,
    0x0, 0xff, 0xff, 0xc0, 0x7, 0xff, 0xfe, 0x0,
    0x0, 0x7f, 0xff, 0xe0, 0x7, 0xff, 0xfe, 0x0,
    0x0, 0x7f, 0xff, 0xe0, 0x7, 0xff, 0xfe, 0x0,
    0x0, 0x7f, 0xff, 0xe0, 0xf, 0xff, 0xfc, 0x0,
    0x0, 0x3f, 0xff, 0xf0, 0xf, 0xff, 0xfc, 0x0,
    0x0, 0x3f, 0xff, 0xf0, 0xf, 0xff, 0xfc, 0x0,
    0x0, 0x3f, 0xff, 0xf0, 0x1f, 0xff, 0xf8, 0x0,
    0x0, 0x1f, 0xff, 0xf0, 0x1f, 0xff, 0xf8, 0x0,
    0x0, 0x1f, 0xff, 0xf8, 0x1f, 0xff, 0xf0, 0x0,
    0x0, 0x1f, 0xff, 0xf8, 0x1f, 0xff, 0xf0, 0x0,
    0x0, 0xf, 0xff, 0xf8, 0x3f, 0xff, 0xf0, 0x0,
    0x0, 0xf, 0xff, 0xfc, 0x3f, 0xff, 0xe0, 0x0,
    0x0, 0xf, 0xff, 0xfc, 0x3f, 0xff, 0xe0, 0x0,
    0x0, 0x7, 0xff, 0xfc, 0x7f, 0xff, 0xe0, 0x0,
    0x0, 0x7, 0xff, 0xfe, 0x7f, 0xff, 0xc0, 0x0,
    0x0, 0x3, 0xff, 0xfe, 0x7f, 0xff, 0xc0, 0x0,
    0x0, 0x3, 0xff, 0xfe, 0xff, 0xff, 0xc0, 0x0,
    0x0, 0x3, 0xff, 0xfe, 0xff, 0xff, 0x80, 0x0,
    0x0, 0x1, 0xff, 0xff, 0xff, 0xff, 0x80, 0x0,
    0x0, 0x1, 0xff, 0xff, 0xff, 0xff, 0x80, 0x0,
    0x0, 0x1, 0xff, 0xff, 0xff, 0xff, 0x0, 0x0,
    0x0, 0x0, 0xff, 0xff, 0xff, 0xff, 0x0, 0x0,
    0x0, 0x0, 0xff, 0xff, 0xff, 0xff, 0x0, 0x0,
    0x0, 0x0, 0xff, 0xff, 0xff, 0xfe, 0x0, 0x0,
    0x0, 0x0, 0x7f, 0xff, 0xff, 0xfe, 0x0, 0x0,
    0x0, 0x0, 0x7f, 0xff, 0xff, 0xfe, 0x0, 0x0,
    0x0, 0x0, 0x7f, 0xff, 0xff, 0xfc, 0x0, 0x0,
    0x0, 0x0, 0x3f, 0xff, 0xff, 0xfc, 0x0, 0x0,
    0x0, 0x0, 0x3f, 0xff, 0xff, 0xf8, 0x0, 0x0,
    0x0, 0x0, 0x3f, 0xff, 0xff, 0xf8, 0x0, 0x0,
    0x0, 0x0, 0x1f, 0xff, 0xff, 0xf8, 0x0, 0x0,
    0x0, 0x0, 0x1f, 0xff, 0xff, 0xf0, 0x0, 0x0,
    0x0, 0x0, 0x1f, 0xff, 0xff, 0xf0, 0x0, 0x0,
    0x0, 0x0, 0xf, 0xff, 0xff, 0xf0, 0x0, 0x0,
    0x0, 0x0, 0xf, 0xff, 0xff, 0xe0, 0x0, 0x0,
    0x0, 0x0, 0xf, 0xff, 0xff, 0xe0, 0x0, 0x0,
    0x0, 0x0, 0x7, 0xff, 0xff, 0xe0, 0x0, 0x0,
    0x0, 0x0, 0x7, 0xff, 0xff, 0xc0, 0x0, 0x0,
    0x0, 0x0, 0x3, 0xff, 0xff, 0xc0, 0x0, 0x0,
    0x0, 0x0, 0x3, 0xff, 0xff, 0xc0, 0x0, 0x0,
    0x0, 0x0, 0x3, 0xff, 0xff, 0x80, 0x0, 0x0,
    0x0, 0x0, 0x1, 0xff, 0xff, 0x80, 0x0, 0x0,
    0x0, 0x0, 0x1, 0xff, 0xff, 0x80, 0x0, 0x0,
    0x0, 0x0, 0x1, 0xff, 0xff, 0x0, 0x0, 0x0,
    0x0, 0x0, 0x1, 0xff, 0xff, 0x0, 0x0, 0x0,
    0x0, 0x0, 0x1, 0xff, 0xff, 0x0, 0x0, 0x0,
    0x0, 0x0, 0x1, 0xff, 0xfe, 0x0, 0x0, 0x0,
    0x0, 0x0, 0x3, 0xff, 0xfe, 0x0, 0x0, 0x0,
    0x0, 0x0, 0x3, 0xff, 0xfe, 0x0, 0x0, 0x0,
    0x0, 0x0, 0x7, 0xff, 0xfc, 0x0, 0x0, 0x0,
    0x0, 0x0, 0x7, 0xff, 0xfc, 0x0, 0x0, 0x0,
    0x0, 0x0, 0x7, 0xff, 0xf8, 0x0, 0x0, 0x0,
    0x0, 0x0, 0xf, 0xff, 0xf8, 0x0, 0x0, 0x0,
    0x0, 0x0, 0x1f, 0xff, 0xf8, 0x0, 0x0, 0x0,
    0x0, 0x0, 0x1f, 0xff, 0xf0, 0x0, 0x0, 0x0,
    0x0, 0x0, 0x7f, 0xff, 0xf0, 0x0, 0x0, 0x0,
    0x0, 0x1, 0xff, 0xff, 0xf0, 0x0, 0x0, 0x0,
    0x1, 0xff, 0xff, 0xff, 0xe0, 0x0, 0x0, 0x0,
    0x1, 0xff, 0xff, 0xff, 0xe0, 0x0, 0x0, 0x0,
    0x1, 0xff, 0xff, 0xff, 0xc0, 0x0, 0x0, 0x0,
    0x1, 0xff, 0xff, 0xff, 0xc0, 0x0, 0x0, 0x0,
    0x1, 0xff, 0xff, 0xff, 0x80, 0x0, 0x0, 0x0,
    0x1, 0xff, 0xff, 0xff, 0x0, 0x0, 0x0, 0x0,
    0x1, 0xff, 0xff, 0xff, 0x0, 0x0, 0x0, 0x0,
    0x1, 0xff, 0xff, 0xfe, 0x0, 0x0, 0x0, 0x0,
    0x1, 0xff, 0xff, 0xfc, 0x0, 0x0, 0x0, 0x0,
    0x1, 0xff, 0xff, 0xf8, 0x0, 0x0, 0x0, 0x0,
    0x1, 0xff, 0xff, 0xe0, 0x0, 0x0, 0x0, 0x0,
    0x1, 0xff, 0xff, 0xc0, 0x0, 0x0, 0x0, 0x0,
    0x1, 0xff, 0xff, 0x0, 0x0, 0x0, 0x0, 0x0,
    0x0, 0x3f, 0xf8, 0x0, 0x0, 0x0, 0x0, 0x0,

    /* U+007A "z" */
    0x7f, 0xff, 0xff, 0xff, 0xff, 0xff, 0xfe, 0x7f,
    0xff, 0xff, 0xff, 0xff, 0xff, 0xfe, 0x7f, 0xff,
    0xff, 0xff, 0xff, 0xff, 0xfe, 0x7f, 0xff, 0xff,
    0xff, 0xff, 0xff, 0xfe, 0x7f, 0xff, 0xff, 0xff,
    0xff, 0xff, 0xfe, 0x7f, 0xff, 0xff, 0xff, 0xff,
    0xff, 0xfe, 0x7f, 0xff, 0xff, 0xff, 0xff, 0xff,
    0xfe, 0x7f, 0xff, 0xff, 0xff, 0xff, 0xff, 0xfe,
    0x7f, 0xff, 0xff, 0xff, 0xff, 0xff, 0xfe, 0x7f,
    0xff, 0xff, 0xff, 0xff, 0xff, 0xfe, 0x7f, 0xff,
    0xff, 0xff, 0xff, 0xff, 0xfe, 0x7f, 0xff, 0xff,
    0xff, 0xff, 0xff, 0xfc, 0x7f, 0xff, 0xff, 0xff,
    0xff, 0xff, 0xf8, 0x7f, 0xff, 0xff, 0xff, 0xff,
    0xff, 0xf8, 0x0, 0x0, 0x0, 0x0, 0xff, 0xff,
    0xf0, 0x0, 0x0, 0x0, 0x1, 0xff, 0xff, 0xe0,
    0x0, 0x0, 0x0, 0x1, 0xff, 0xff, 0xc0, 0x0,
    0x0, 0x0, 0x3, 0xff, 0xff, 0xc0, 0x0, 0x0,
    0x0, 0x7, 0xff, 0xff, 0x80, 0x0, 0x0, 0x0,
    0xf, 0xff, 0xff, 0x0, 0x0, 0x0, 0x0, 0xf,
    0xff, 0xfe, 0x0, 0x0, 0x0, 0x0, 0x1f, 0xff,
    0xfe, 0x0, 0x0, 0x0, 0x0, 0x3f, 0xff, 0xfc,
    0x0, 0x0, 0x0, 0x0, 0x7f, 0xff, 0xf8, 0x0,
    0x0, 0x0, 0x0, 0x7f, 0xff, 0xf8, 0x0, 0x0,
    0x0, 0x0, 0xff, 0xff, 0xf0, 0x0, 0x0, 0x0,
    0x1, 0xff, 0xff, 0xe0, 0x0, 0x0, 0x0, 0x3,
    0xff, 0xff, 0xc0, 0x0, 0x0, 0x0, 0x3, 0xff,
    0xff, 0xc0, 0x0, 0x0, 0x0, 0x7, 0xff, 0xff,
    0x80, 0x0, 0x0, 0x0, 0xf, 0xff, 0xff, 0x0,
    0x0, 0x0, 0x0, 0x1f, 0xff, 0xfe, 0x0, 0x0,
    0x0, 0x0, 0x1f, 0xff, 0xfe, 0x0, 0x0, 0x0,
    0x0, 0x3f, 0xff, 0xfc, 0x0, 0x0, 0x0, 0x0,
    0x7f, 0xff, 0xf8, 0x0, 0x0, 0x0, 0x0, 0xff,
    0xff, 0xf0, 0x0, 0x0, 0x0, 0x0, 0xff, 0xff,
    0xf0, 0x0, 0x0, 0x0, 0x1, 0xff, 0xff, 0xe0,
    0x0, 0x0, 0x0, 0x3, 0xff, 0xff, 0xc0, 0x0,
    0x0, 0x0, 0x7, 0xff, 0xff, 0x80, 0x0, 0x0,
    0x0, 0x7, 0xff, 0xff, 0x80, 0x0, 0x0, 0x0,
    0xf, 0xff, 0xff, 0x0, 0x0, 0x0, 0x0, 0x1f,
    0xff, 0xfe, 0x0, 0x0, 0x0, 0x0, 0x3f, 0xff,
    0xfc, 0x0, 0x0, 0x0, 0x0, 0x3f, 0xff, 0xfc,
    0x0, 0x0, 0x0, 0x0, 0x7f, 0xff, 0xf8, 0x0,
    0x0, 0x0, 0x0, 0xff, 0xff, 0xf0, 0x0, 0x0,
    0x0, 0x1, 0xff, 0xff, 0xe0, 0x0, 0x0, 0x0,
    0x1, 0xff, 0xff, 0xe0, 0x0, 0x0, 0x0, 0x3,
    0xff, 0xff, 0xc0, 0x0, 0x0, 0x0, 0x7, 0xff,
    0xff, 0x80, 0x0, 0x0, 0x0, 0xf, 0xff, 0xff,
    0x80, 0x0, 0x0, 0x0, 0xf, 0xff, 0xff, 0x0,
    0x0, 0x0, 0x0, 0x1f, 0xff, 0xfe, 0x0, 0x0,
    0x0, 0x0, 0x3f, 0xff, 0xff, 0xff, 0xff, 0xff,
    0xff, 0x7f, 0xff, 0xff, 0xff, 0xff, 0xff, 0xff,
    0x7f, 0xff, 0xff, 0xff, 0xff, 0xff, 0xff, 0xff,
    0xff, 0xff, 0xff, 0xff, 0xff, 0xff, 0xff, 0xff,
    0xff, 0xff, 0xff, 0xff, 0xff, 0xff, 0xff, 0xff,
    0xff, 0xff, 0xff, 0xff, 0xff, 0xff, 0xff, 0xff,
    0xff, 0xff, 0xff, 0xff, 0xff, 0xff, 0xff, 0xff,
    0xff, 0xff, 0xff, 0xff, 0xff, 0xff, 0xff, 0xff,
    0xff, 0xff, 0xff, 0xff, 0xff, 0xff, 0xff, 0xff,
    0xff, 0xff, 0xff, 0xff, 0xff, 0xff, 0xff, 0xff,
    0xff, 0xff, 0xff, 0xff, 0xff, 0xff, 0xff, 0xff,
    0xff, 0xff, 0xff, 0xff, 0xff, 0xff, 0xff, 0xff,
    0xff, 0xff, 0xff, 0xff,

    /* U+007B "{" */
    0x0, 0x0, 0x0, 0x0, 0x0, 0x0, 0x0, 0x0,
    0x1e, 0x0, 0x0, 0x0, 0x7, 0xf0, 0x0, 0x0,
    0x0, 0xff, 0x80, 0x0, 0x0, 0xf, 0xfe, 0x0,
    0x0, 0x1, 0xff, 0xf0, 0x0, 0x0, 0x1f, 0xff,
    0x80, 0x0, 0x1, 0xff, 0xfe, 0x0, 0x0, 0x1f,
    0xff, 0xf0, 0x0, 0x1, 0xff, 0xff, 0xc0, 0x0,
    0x1f, 0xff, 0xfc, 0x0, 0x1, 0xff, 0xff, 0x80,
    0x0, 0x1f, 0xff, 0xf8, 0x0, 0x0, 0xff, 0xff,
    0x80, 0x0, 0xf, 0xff, 0xf8, 0x0, 0x0, 0x7f,
    0xff, 0x80, 0x0, 0x7, 0xff, 0xfc, 0x0, 0x0,
    0x3f, 0xff, 0xc0, 0x0, 0x1, 0xff, 0xfe, 0x0,
    0x0, 0x1f, 0xff, 0xe0, 0x0, 0x0, 0xff, 0xff,
    0x0, 0x0, 0x7, 0xff, 0xf8, 0x0, 0x0, 0x3f,
    0xff, 0xc0, 0x0, 0x3, 0xff, 0xfc, 0x0, 0x0,
    0x1f, 0xff, 0xe0, 0x0, 0x0, 0xff, 0xff, 0x0,
    0x0, 0x7, 0xff, 0xf8, 0x0, 0x0, 0x3f, 0xff,
    0xc0, 0x0, 0x1, 0xff, 0xfe, 0x0, 0x0, 0xf,
    0xff, 0xf0, 0x0, 0x0, 0x7f, 0xff, 0x80, 0x0,
    0x3, 0xff, 0xfc, 0x0, 0x0, 0x1f, 0xff, 0xe0,
    0x0, 0x0, 0xff, 0xff, 0x0, 0x0, 0x7, 0xff,
    0xf8, 0x0, 0x0, 0x3f, 0xff, 0xc0, 0x0, 0x1,
    0xff, 0xfe, 0x0, 0x0, 0xf, 0xff, 0xf0, 0x0,
    0x0, 0x7f, 0xff, 0x80, 0x0, 0x3, 0xff, 0xfc,
    0x0, 0x0, 0x1f, 0xff, 0xe0, 0x0, 0x0, 0xff,
    0xff, 0x0, 0x0, 0x7, 0xff, 0xf8, 0x0, 0x0,
    0x3f, 0xff, 0xc0, 0x0, 0x1, 0xff, 0xfe, 0x0,
    0x0, 0xf, 0xff, 0xf0, 0x0, 0x0, 0x7f, 0xff,
    0x80, 0x0, 0x7, 0xff, 0xf8, 0x0, 0x0, 0x3f,
    0xff, 0xc0, 0x0, 0x1, 0xff, 0xfe, 0x0, 0x0,
    0x1f, 0xff, 0xf0, 0x0, 0x0, 0xff, 0xff, 0x0,
    0x0, 0xf, 0xff, 0xf8, 0x0, 0x0, 0xff, 0xff,
    0x80, 0x0, 0x1f, 0xff, 0xfc, 0x0, 0x1f, 0xff,
    0xff, 0xc0, 0x0, 0xff, 0xff, 0xfc, 0x0, 0x7,
    0xff, 0xff, 0xe0, 0x0, 0x3f, 0xff, 0xfe, 0x0,
    0x1, 0xff, 0xff, 0xc0, 0x0, 0xf, 0xff, 0xfc,
    0x0, 0x0, 0x7f, 0xff, 0x80, 0x0, 0x3, 0xff,
    0xfc, 0x0, 0x0, 0x1f, 0xff, 0xf8, 0x0, 0x0,
    0xff, 0xff, 0xe0, 0x0, 0x7, 0xff, 0xff, 0xc0,
    0x0, 0x3f, 0xff, 0xff, 0x0, 0x1, 0xff, 0xff,
    0xf8, 0x0, 0x0, 0xff, 0xff, 0xe0, 0x0, 0x1,
    0xff, 0xff, 0x80, 0x0, 0x7, 0xff, 0xfc, 0x0,
    0x0, 0x1f, 0xff, 0xf0, 0x0, 0x0, 0x7f, 0xff,
    0x80, 0x0, 0x1, 0xff, 0xfe, 0x0, 0x0, 0xf,
    0xff, 0xf0, 0x0, 0x0, 0x7f, 0xff, 0x80, 0x0,
    0x1, 0xff, 0xfe, 0x0, 0x0, 0xf, 0xff, 0xf0,
    0x0, 0x0, 0x7f, 0xff, 0x80, 0x0, 0x3, 0xff,
    0xfc, 0x0, 0x0, 0x1f, 0xff, 0xe0, 0x0, 0x0,
    0xff, 0xff, 0x0, 0x0, 0x7, 0xff, 0xf8, 0x0,
    0x0, 0x3f, 0xff, 0xc0, 0x0, 0x1, 0xff, 0xfe,
    0x0, 0x0, 0xf, 0xff, 0xf0, 0x0, 0x0, 0x7f,
    0xff, 0x80, 0x0, 0x3, 0xff, 0xfc, 0x0, 0x0,
    0x1f, 0xff, 0xe0, 0x0, 0x0, 0xff, 0xff, 0x0,
    0x0, 0x7, 0xff, 0xf8, 0x0, 0x0, 0x3f, 0xff,
    0xc0, 0x0, 0x1, 0xff, 0xfe, 0x0, 0x0, 0xf,
    0xff, 0xf0, 0x0, 0x0, 0x7f, 0xff, 0x80, 0x0,
    0x3, 0xff, 0xfc, 0x0, 0x0, 0x1f, 0xff, 0xe0,
    0x0, 0x0, 0xff, 0xff, 0x0, 0x0, 0x7, 0xff,
    0xf8, 0x0, 0x0, 0x3f, 0xff, 0xc0, 0x0, 0x0,
    0xff, 0xfe, 0x0, 0x0, 0x7, 0xff, 0xf8, 0x0,
    0x0, 0x3f, 0xff, 0xc0, 0x0, 0x1, 0xff, 0xfe,
    0x0, 0x0, 0xf, 0xff, 0xf0, 0x0, 0x0, 0x3f,
    0xff, 0xc0, 0x0, 0x1, 0xff, 0xfe, 0x0, 0x0,
    0x7, 0xff, 0xf8, 0x0, 0x0, 0x3f, 0xff, 0xc0,
    0x0, 0x1, 0xff, 0xff, 0x0, 0x0, 0x7, 0xff,
    0xfc, 0x0, 0x0, 0x1f, 0xff, 0xf0, 0x0, 0x0,
    0xff, 0xff, 0xe0, 0x0, 0x3, 0xff, 0xff, 0xc0,
    0x0, 0xf, 0xff, 0xfc, 0x0, 0x0, 0x3f, 0xff,
    0xe0, 0x0, 0x0, 0xff, 0xff, 0x0, 0x0, 0x3,
    0xff, 0xf0, 0x0, 0x0, 0x7, 0xff, 0x80, 0x0,
    0x0, 0xf, 0xfc, 0x0, 0x0, 0x0, 0x3f, 0xc0,
    0x0, 0x0, 0x0, 0x3e, 0x0, 0x0, 0x0, 0x0,
    0x70,

    /* U+007C "|" */
    0xff, 0xff, 0xff, 0xff, 0xff, 0xff, 0xff, 0xff,
    0xff, 0xff, 0xff, 0xff, 0xff, 0xff, 0xff, 0xff,
    0xff, 0xff, 0xff, 0xff, 0xff, 0xff, 0xff, 0xff,
    0xff, 0xff, 0xff, 0xff, 0xff, 0xff, 0xff, 0xff,
    0xff, 0xff, 0xff, 0xff, 0xff, 0xff, 0xff, 0xff,
    0xff, 0xff, 0xff, 0xff, 0xff, 0xff, 0xff, 0xff,
    0xff, 0xff, 0xff, 0xff, 0xff, 0xff, 0xff, 0xff,
    0xff, 0xff, 0xff, 0xff, 0xff, 0xff, 0xff, 0xff,
    0xff, 0xff, 0xff, 0xff, 0xff, 0xff, 0xff, 0xff,
    0xff, 0xff, 0xff, 0xff, 0xff, 0xff, 0xff, 0xff,
    0xff, 0xff, 0xff, 0xff, 0xff, 0xff, 0xff, 0xff,
    0xff, 0xff, 0xff, 0xff, 0xff, 0xff, 0xff, 0xff,
    0xff, 0xff, 0xff, 0xff, 0xff, 0xff, 0xff, 0xff,
    0xff, 0xff, 0xff, 0xff, 0xff, 0xff, 0xff, 0xff,
    0xff, 0xff, 0xff, 0xff, 0xff, 0xff, 0xff, 0xff,
    0xff, 0xff, 0xff, 0xff, 0xff, 0xff, 0xff, 0xff,
    0xff, 0xff, 0xff, 0xff, 0xff, 0xff, 0xff, 0xff,
    0xff, 0xff, 0xff, 0xff, 0xff, 0xff, 0xff, 0xff,
    0xff, 0xff, 0xff, 0xff, 0xf0,

    /* U+007D "}" */
    0x0, 0x0, 0x0, 0x0, 0x0, 0x78, 0x0, 0x0,
    0x0, 0x1, 0xfc, 0x0, 0x0, 0x0, 0x7, 0xfc,
    0x0, 0x0, 0x0, 0x3f, 0xf8, 0x0, 0x0, 0x0,
    0xff, 0xf8, 0x0, 0x0, 0x3, 0xff, 0xf0, 0x0,
    0x0, 0x1f, 0xff, 0xe0, 0x0, 0x0, 0x7f, 0xff,
    0xc0, 0x0, 0x1, 0xff, 0xff, 0x80, 0x0, 0x7,
    0xff, 0xff, 0x0, 0x0, 0x7, 0xff, 0xfe, 0x0,
    0x0, 0xf, 0xff, 0xfc, 0x0, 0x0, 0x1f, 0xff,
    0xf0, 0x0, 0x0, 0x3f, 0xff, 0xe0, 0x0, 0x0,
    0x7f, 0xff, 0x80, 0x0, 0x1, 0xff, 0xff, 0x0,
    0x0, 0x3, 0xff, 0xfc, 0x0, 0x0, 0xf, 0xff,
    0xf0, 0x0, 0x0, 0x1f, 0xff, 0xe0, 0x0, 0x0,
    0x7f, 0xff, 0x80, 0x0, 0x1, 0xff, 0xfe, 0x0,
    0x0, 0x7, 0xff, 0xf8, 0x0, 0x0, 0xf, 0xff,
    0xf0, 0x0, 0x0, 0x3f, 0xff, 0xc0, 0x0, 0x0,
    0xff, 0xff, 0x0, 0x0, 0x3, 0xff, 0xfc, 0x0,
    0x0, 0xf, 0xff, 0xf0, 0x0, 0x0, 0x3f, 0xff,
    0xc0, 0x0, 0x0, 0xff, 0xff, 0x0, 0x0, 0x3,
    0xff, 0xfc, 0x0, 0x0, 0xf, 0xff, 0xf0, 0x0,
    0x0, 0x3f, 0xff, 0xc0, 0x0, 0x0, 0xff, 0xff,
    0x0, 0x0, 0x3, 0xff, 0xfc, 0x0, 0x0, 0xf,
    0xff, 0xf0, 0x0, 0x0, 0x3f, 0xff, 0xc0, 0x0,
    0x0, 0xff, 0xff, 0x0, 0x0, 0x3, 0xff, 0xfc,
    0x0, 0x0, 0xf, 0xff, 0xf0, 0x0, 0x0, 0x3f,
    0xff, 0xc0, 0x0, 0x0, 0xff, 0xff, 0x0, 0x0,
    0x3, 0xff, 0xfc, 0x0, 0x0, 0xf, 0xff, 0xf0,
    0x0, 0x0, 0x3f, 0xff, 0xc0, 0x0, 0x0, 0xff,
    0xff, 0x0, 0x0, 0x3, 0xff, 0xfc, 0x0, 0x0,
    0xf, 0xff, 0xf8, 0x0, 0x0, 0x1f, 0xff, 0xe0,
    0x0, 0x0, 0x7f, 0xff, 0x80, 0x0, 0x1, 0xff,
    0xff, 0x0, 0x0, 0x3, 0xff, 0xfc, 0x0, 0x0,
    0xf, 0xff, 0xf8, 0x0, 0x0, 0x1f, 0xff, 0xf0,
    0x0, 0x0, 0x7f, 0xff, 0xf0, 0x0, 0x0, 0xff,
    0xff, 0xff, 0x0, 0x1, 0xff, 0xff, 0xfc, 0x0,
    0x7, 0xff, 0xff, 0xf0, 0x0, 0xf, 0xff, 0xff,
    0xc0, 0x0, 0xf, 0xff, 0xff, 0x0, 0x0, 0x1f,
    0xff, 0xfc, 0x0, 0x0, 0x1f, 0xff, 0xf0, 0x0,
    0x0, 0x7f, 0xff, 0xc0, 0x0, 0x7, 0xff, 0xff,
    0x0, 0x0, 0x3f, 0xff, 0xfc, 0x0, 0x3, 0xff,
    0xff, 0xf0, 0x0, 0x1f, 0xff, 0xff, 0xc0, 0x0,
    0x7f, 0xff, 0xff, 0x0, 0x3, 0xff, 0xff, 0xfc,
    0x0, 0x1f, 0xff, 0xfc, 0x0, 0x0, 0x7f, 0xff,
    0xc0, 0x0, 0x3, 0xff, 0xfe, 0x0, 0x0, 0xf,
    0xff, 0xf0, 0x0, 0x0, 0x7f, 0xff, 0xc0, 0x0,
    0x1, 0xff, 0xfe, 0x0, 0x0, 0x7, 0xff, 0xf8,
    0x0, 0x0, 0x3f, 0xff, 0xe0, 0x0, 0x0, 0xff,
    0xff, 0x0, 0x0, 0x3, 0xff, 0xfc, 0x0, 0x0,
    0xf, 0xff, 0xf0, 0x0, 0x0, 0x3f, 0xff, 0xc0,
    0x0, 0x0, 0xff, 0xff, 0x0, 0x0, 0x3, 0xff,
    0xfc, 0x0, 0x0, 0xf, 0xff, 0xf0, 0x0, 0x0,
    0x3f, 0xff, 0xc0, 0x0, 0x0, 0xff, 0xff, 0x0,
    0x0, 0x3, 0xff, 0xfc, 0x0, 0x0, 0xf, 0xff,
    0xf0, 0x0, 0x0, 0x3f, 0xff, 0xc0, 0x0, 0x0,
    0xff, 0xff, 0x0, 0x0, 0x3, 0xff, 0xfc, 0x0,
    0x0, 0xf, 0xff, 0xf0, 0x0, 0x0, 0x3f, 0xff,
    0xc0, 0x0, 0x0, 0xff, 0xff, 0x0, 0x0, 0x3,
    0xff, 0xfc, 0x0, 0x0, 0xf, 0xff, 0xf0, 0x0,
    0x0, 0x3f, 0xff, 0xc0, 0x0, 0x0, 0xff, 0xff,
    0x0, 0x0, 0x3, 0xff, 0xfc, 0x0, 0x0, 0xf,
    0xff, 0xf0, 0x0, 0x0, 0x3f, 0xff, 0xc0, 0x0,
    0x1, 0xff, 0xfe, 0x0, 0x0, 0x7, 0xff, 0xf8,
    0x0, 0x0, 0x1f, 0xff, 0xe0, 0x0, 0x0, 0x7f,
    0xff, 0x80, 0x0, 0x3, 0xff, 0xfc, 0x0, 0x0,
    0xf, 0xff, 0xf0, 0x0, 0x0, 0x7f, 0xff, 0xc0,
    0x0, 0x1, 0xff, 0xfe, 0x0, 0x0, 0xf, 0xff,
    0xf8, 0x0, 0x0, 0x7f, 0xff, 0xc0, 0x0, 0x3,
    0xff, 0xff, 0x0, 0x0, 0x1f, 0xff, 0xf8, 0x0,
    0x1, 0xff, 0xff, 0xc0, 0x0, 0x7, 0xff, 0xfe,
    0x0, 0x0, 0x1f, 0xff, 0xf0, 0x0, 0x0, 0x7f,
    0xff, 0x80, 0x0, 0x0, 0xff, 0xfc, 0x0, 0x0,
    0x3, 0xff, 0xe0, 0x0, 0x0, 0xf, 0xfe, 0x0,
    0x0, 0x0, 0x1f, 0xf0, 0x0, 0x0, 0x0, 0x7e,
    0x0, 0x0, 0x0, 0x1, 0xe0, 0x0, 0x0, 0x0,
    0x0, 0x0, 0x0, 0x0, 0x0,

    /* U+007E "~" */
    0x0, 0x0, 0xff, 0x80, 0x0, 0x0, 0x0, 0x0,
    0x0, 0x0, 0x3f, 0xff, 0x80, 0x0, 0x0, 0x0,
    0x0, 0x0, 0x7, 0xff, 0xff, 0x0, 0x0, 0x0,
    0x3f, 0xfe, 0x0, 0xff, 0xff, 0xfe, 0x0, 0x0,
    0x1, 0xff, 0xf0, 0xf, 0xff, 0xff, 0xf8, 0x0,
    0x0, 0xf, 0xff, 0x80, 0xff, 0xff, 0xff, 0xf0,
    0x0, 0x0, 0x7f, 0xfc, 0xf, 0xff, 0xff, 0xff,
    0xc0, 0x0, 0x7, 0xff, 0xe0, 0xff, 0xff, 0xff,
    0xff, 0x0, 0x0, 0x3f, 0xff, 0xf, 0xff, 0xff,
    0xff, 0xfc, 0x0, 0x1, 0xff, 0xf0, 0x7f, 0xff,
    0xff, 0xff, 0xf0, 0x0, 0x1f, 0xff, 0x87, 0xff,
    0xff, 0xff, 0xff, 0xc0, 0x0, 0xff, 0xfc, 0x3f,
    0xff, 0xff, 0xff, 0xff, 0x0, 0xf, 0xff, 0xe3,
    0xff, 0xff, 0xff, 0xff, 0xfe, 0x0, 0xff, 0xff,
    0x1f, 0xff, 0xff, 0xff, 0xff, 0xfc, 0x1f, 0xff,
    0xf0, 0xff, 0xff, 0x83, 0xff, 0xff, 0xff, 0xff,
    0xff, 0x8f, 0xff, 0xf0, 0x7, 0xff, 0xff, 0xff,
    0xff, 0xf8, 0x7f, 0xff, 0x0, 0xf, 0xff, 0xff,
    0xff, 0xff, 0xc3, 0xff, 0xf0, 0x0, 0x3f, 0xff,
    0xff, 0xff, 0xfc, 0x1f, 0xff, 0x80, 0x0, 0xff,
    0xff, 0xff, 0xff, 0xe1, 0xff, 0xf8, 0x0, 0x3,
    0xff, 0xff, 0xff, 0xfe, 0xf, 0xff, 0xc0, 0x0,
    0xf, 0xff, 0xff, 0xff, 0xf0, 0x7f, 0xfc, 0x0,
    0x0, 0x3f, 0xff, 0xff, 0xff, 0x3, 0xff, 0xe0,
    0x0, 0x0, 0xff, 0xff, 0xff, 0xf0, 0x1f, 0xff,
    0x0, 0x0, 0x1, 0xff, 0xff, 0xff, 0x0, 0xff,
    0xf8, 0x0, 0x0, 0x7, 0xff, 0xff, 0xe0, 0x7,
    0xff, 0xc0, 0x0, 0x0, 0xf, 0xff, 0xfe, 0x0,
    0x0, 0x0, 0x0, 0x0, 0x0, 0x1f, 0xff, 0xc0,
    0x0, 0x0, 0x0, 0x0, 0x0, 0x0, 0x1f, 0xf0,
    0x0, 0x0,

    /* U+00A0 " " */
    0x0,

    /* U+00A1 "¡" */
    0x1, 0xfc, 0x0, 0xff, 0xf0, 0x1f, 0xff, 0x83,
    0xff, 0xfc, 0x7f, 0xff, 0xe7, 0xff, 0xfe, 0xff,
    0xff, 0xff, 0xff, 0xff, 0xff, 0xff, 0xff, 0xff,
    0xff, 0xff, 0xff, 0xff, 0xff, 0xff, 0x7f, 0xff,
    0xe7, 0xff, 0xfe, 0x3f, 0xff, 0xc1, 0xff, 0xf8,
    0xf, 0xff, 0x0, 0x3f, 0xc0, 0x0, 0x0, 0x0,
    0x0, 0x0, 0x0, 0x0, 0x0, 0x0, 0x0, 0x0,
    0x0, 0x0, 0x0, 0x0, 0x0, 0x0, 0x0, 0x0,
    0x0, 0x0, 0x0, 0x0, 0x0, 0x0, 0x0, 0x0,
    0x1, 0xff, 0xf8, 0x1f, 0xff, 0xc1, 0xff, 0xfc,
    0x1f, 0xff, 0xc3, 0xff, 0xfc, 0x3f, 0xff, 0xc3,
    0xff, 0xfc, 0x3f, 0xff, 0xc3, 0xff, 0xfc, 0x3f,
    0xff, 0xc3, 0xff, 0xfc, 0x3f, 0xff, 0xc3, 0xff,
    0xfc, 0x3f, 0xff, 0xc3, 0xff, 0xfc, 0x3f, 0xff,
    0xc3, 0xff, 0xfc, 0x3f, 0xff, 0xc3, 0xff, 0xfc,
    0x3f, 0xff, 0xc3, 0xff, 0xfc, 0x3f, 0xff, 0xc3,
    0xff, 0xfc, 0x3f, 0xff, 0xc3, 0xff, 0xfc, 0x3f,
    0xff, 0xc3, 0xff, 0xfc, 0x3f, 0xff, 0xc3, 0xff,
    0xfc, 0x3f, 0xff, 0xc3, 0xff, 0xfc, 0x3f, 0xff,
    0xc3, 0xff, 0xfe, 0x3f, 0xff, 0xe7, 0xff, 0xfe,
    0x7f, 0xff, 0xe7, 0xff, 0xfe, 0x7f, 0xff, 0xe7,
    0xff, 0xfe, 0x7f, 0xff, 0xe7, 0xff, 0xfe, 0x7f,
    0xff, 0xe7, 0xff, 0xfe, 0x7f, 0xff, 0xe7, 0xff,
    0xfe, 0x7f, 0xff, 0xe7, 0xff, 0xfe, 0x7f, 0xff,
    0xe7, 0xff, 0xfe, 0x7f, 0xff, 0xe7, 0xff, 0xfe,
    0x7f, 0xff, 0xe7, 0xff, 0xfe, 0x7f, 0xff, 0xe7,
    0xff, 0xfe, 0x7f, 0xff, 0xe7, 0xff, 0xfe, 0x7f,
    0xff, 0xe7, 0xff, 0xfe, 0x7f, 0xff, 0xe7, 0xff,
    0xfe, 0x7f, 0xff, 0xe7, 0xff, 0xfe,

    /* U+00A2 "¢" */
    0x0, 0x0, 0x0, 0x7f, 0xf8, 0x0, 0x0, 0x0,
    0x0, 0x0, 0xf, 0xff, 0x0, 0x0, 0x0, 0x0,
    0x0, 0x1, 0xff, 0xe0, 0x0, 0x0, 0x0, 0x0,
    0x0, 0x3f, 0xfc, 0x0, 0x0, 0x0, 0x0, 0x0,
    0x7, 0xff, 0x80, 0x0, 0x0, 0x0, 0x0, 0x0,
    0xff, 0xf0, 0x0, 0x0, 0x0, 0x0, 0x0, 0x1f,
    0xfe, 0x0, 0x0, 0x0, 0x0, 0x0, 0x3, 0xff,
    0xc0, 0x0, 0x0, 0x0, 0x0, 0x0, 0x7f, 0xf8,
    0x0, 0x0, 0x0, 0x0, 0x0, 0xf, 0xff, 0x0,
    0x0, 0x0, 0x0, 0x0, 0x1, 0xff, 0xe0, 0x0,
    0x0, 0x0, 0x0, 0x0, 0x3f, 0xfc, 0x0, 0x0,
    0x0, 0x0, 0x0, 0x7, 0xff, 0x80, 0x0, 0x0,
    0x0, 0x0, 0x0, 0xff, 0xf0, 0x0, 0x0, 0x0,
    0x0, 0x0, 0x1f, 0xfe, 0x0, 0x0, 0x0, 0x0,
    0x0, 0x7f, 0xff, 0xfc, 0x0, 0x0, 0x0, 0x0,
    0x3f, 0xff, 0xff, 0xf0, 0x0, 0x0, 0x0, 0x1f,
    0xff, 0xff, 0xff, 0x80, 0x0, 0x0, 0xf, 0xff,
    0xff, 0xff, 0xfc, 0x0, 0x0, 0x7, 0xff, 0xff,
    0xff, 0xff, 0xc0, 0x0, 0x1, 0xff, 0xff, 0xff,
    0xff, 0xfe, 0x0, 0x0, 0x7f, 0xff, 0xff, 0xff,
    0xff, 0xe0, 0x0, 0x1f, 0xff, 0xff, 0xff, 0xff,
    0xfe, 0x0, 0x7, 0xff, 0xff, 0xff, 0xff, 0xff,
    0xe0, 0x1, 0xff, 0xff, 0xff, 0xff, 0xff, 0xfc,
    0x0, 0x7f, 0xff, 0xff, 0xff, 0xff, 0xff, 0xc0,
    0xf, 0xff, 0xff, 0xff, 0xff, 0xff, 0xfc, 0x3,
    0xff, 0xff, 0xfe, 0xff, 0xff, 0xff, 0x80, 0x7f,
    0xff, 0xf8, 0x0, 0xff, 0xff, 0xf8, 0x1f, 0xff,
    0xfe, 0x0, 0xf, 0xff, 0xff, 0x3, 0xff, 0xff,
    0x80, 0x0, 0xff, 0xff, 0xf0, 0xff, 0xff, 0xe0,
    0x0, 0xf, 0xff, 0xfe, 0x1f, 0xff, 0xf8, 0x0,
    0x0, 0xff, 0xff, 0xc7, 0xff, 0xff, 0x0, 0x0,
    0xf, 0xff, 0xf8, 0xff, 0xff, 0xc0, 0x0, 0x1,
    0xff, 0xff, 0x9f, 0xff, 0xf8, 0x0, 0x0, 0x3f,
    0xff, 0xf7, 0xff, 0xfe, 0x0, 0x0, 0x3, 0xff,
    0xfe, 0xff, 0xff, 0xc0, 0x0, 0x0, 0x7f, 0xff,
    0xdf, 0xff, 0xf8, 0x0, 0x0, 0xf, 0xff, 0xfb,
    0xff, 0xff, 0x0, 0x0, 0x1, 0xff, 0xff, 0x7f,
    0xff, 0xc0, 0x0, 0x0, 0x0, 0x0, 0x1f, 0xff,
    0xf8, 0x0, 0x0, 0x0, 0x0, 0x3, 0xff, 0xff,
    0x0, 0x0, 0x0, 0x0, 0x0, 0x7f, 0xff, 0xe0,
    0x0, 0x0, 0x0, 0x0, 0xf, 0xff, 0xfc, 0x0,
    0x0, 0x0, 0x0, 0x1, 0xff, 0xff, 0x80, 0x0,
    0x0, 0x0, 0x0, 0x3f, 0xff, 0xf0, 0x0, 0x0,
    0x0, 0x0, 0x7, 0xff, 0xfe, 0x0, 0x0, 0x0,
    0x0, 0x0, 0xff, 0xff, 0xc0, 0x0, 0x0, 0x0,
    0x0, 0x1f, 0xff, 0xf8, 0x0, 0x0, 0x0, 0x0,
    0x3, 0xff, 0xff, 0x0, 0x0, 0x0, 0x0, 0x0,
    0x7f, 0xff, 0xe0, 0x0, 0x0, 0x0, 0x0, 0xf,
    0xff, 0xfc, 0x0, 0x0, 0x0, 0x0, 0x1, 0xff,
    0xff, 0x80, 0x0, 0x0, 0x0, 0x0, 0x3f, 0xff,
    0xf0, 0x0, 0x0, 0x0, 0x0, 0x7, 0xff, 0xfe,
    0x0, 0x0, 0x0, 0x0, 0x0, 0xff, 0xff, 0xc0,
    0x0, 0x0, 0x0, 0x0, 0xf, 0xff, 0xfc, 0x0,
    0x0, 0x0, 0x0, 0x1, 0xff, 0xff, 0x80, 0x0,
    0x0, 0x0, 0x0, 0x3f, 0xff, 0xf0, 0x0, 0x0,
    0x1f, 0xff, 0xf7, 0xff, 0xfe, 0x0, 0x0, 0x3,
    0xff, 0xfe, 0xff, 0xff, 0xc0, 0x0, 0x0, 0x7f,
    0xff, 0xcf, 0xff, 0xfc, 0x0, 0x0, 0xf, 0xff,
    0xf9, 0xff, 0xff, 0x80, 0x0, 0x3, 0xff, 0xff,
    0x3f, 0xff, 0xf8, 0x0, 0x0, 0x7f, 0xff, 0xc3,
    0xff, 0xff, 0x0, 0x0, 0x1f, 0xff, 0xf8, 0x7f,
    0xff, 0xf0, 0x0, 0x7, 0xff, 0xff, 0x7, 0xff,
    0xff, 0x0, 0x1, 0xff, 0xff, 0xe0, 0xff, 0xff,
    0xf8, 0x0, 0x7f, 0xff, 0xf8, 0xf, 0xff, 0xff,
    0xc0, 0x7f, 0xff, 0xff, 0x1, 0xff, 0xff, 0xff,
    0xff, 0xff, 0xff, 0xc0, 0x1f, 0xff, 0xff, 0xff,
    0xff, 0xff, 0xf8, 0x3, 0xff, 0xff, 0xff, 0xff,
    0xff, 0xfe, 0x0, 0x3f, 0xff, 0xff, 0xff, 0xff,
    0xff, 0x80, 0x3, 0xff, 0xff, 0xff, 0xff, 0xff,
    0xe0, 0x0, 0x3f, 0xff, 0xff, 0xff, 0xff, 0xfc,
    0x0, 0x3, 0xff, 0xff, 0xff, 0xff, 0xfe, 0x0,
    0x0, 0x3f, 0xff, 0xff, 0xff, 0xff, 0x80, 0x0,
    0x3, 0xff, 0xff, 0xff, 0xff, 0xe0, 0x0, 0x0,
    0x1f, 0xff, 0xff, 0xff, 0xf0, 0x0, 0x0, 0x0,
    0xff, 0xff, 0xff, 0xfc, 0x0, 0x0, 0x0, 0x7,
    0xff, 0xff, 0xfe, 0x0, 0x0, 0x0, 0x0, 0x3f,
    0xff, 0xfe, 0x0, 0x0, 0x0, 0x0, 0x0, 0x3f,
    0xfc, 0x0, 0x0, 0x0, 0x0, 0x0, 0x7, 0xff,
    0x80, 0x0, 0x0, 0x0, 0x0, 0x0, 0xff, 0xf0,
    0x0, 0x0, 0x0, 0x0, 0x0, 0x1f, 0xfe, 0x0,
    0x0, 0x0, 0x0, 0x0, 0x3, 0xff, 0xc0, 0x0,
    0x0, 0x0, 0x0, 0x0, 0x7f, 0xf8, 0x0, 0x0,
    0x0, 0x0, 0x0, 0xf, 0xff, 0x0, 0x0, 0x0,
    0x0, 0x0, 0x1, 0xff, 0xe0, 0x0, 0x0, 0x0,
    0x0, 0x0, 0x3f, 0xfc, 0x0, 0x0, 0x0, 0x0,
    0x0, 0x7, 0xff, 0x80, 0x0, 0x0, 0x0, 0x0,
    0x0, 0xff, 0xf0, 0x0, 0x0, 0x0, 0x0, 0x0,
    0x1f, 0xfe, 0x0, 0x0, 0x0, 0x0, 0x0, 0x3,
    0xff, 0xc0, 0x0, 0x0, 0x0, 0x0, 0x0, 0x7f,
    0xf8, 0x0, 0x0, 0x0, 0x0, 0x0, 0xf, 0xff,
    0x0, 0x0, 0x0,

    /* U+00A3 "£" */
    0x0, 0x0, 0x0, 0x1, 0xff, 0xf0, 0x0, 0x0,
    0x0, 0x0, 0x0, 0x7, 0xff, 0xff, 0xe0, 0x0,
    0x0, 0x0, 0x0, 0xf, 0xff, 0xff, 0xfe, 0x0,
    0x0, 0x0, 0x0, 0xf, 0xff, 0xff, 0xff, 0xf0,
    0x0, 0x0, 0x0, 0xf, 0xff, 0xff, 0xff, 0xfe,
    0x0, 0x0, 0x0, 0x7, 0xff, 0xff, 0xff, 0xff,
    0xe0, 0x0, 0x0, 0x3, 0xff, 0xff, 0xff, 0xff,
    0xfc, 0x0, 0x0, 0x1, 0xff, 0xff, 0xff, 0xff,
    0xff, 0x80, 0x0, 0x0, 0xff, 0xff, 0xff, 0xff,
    0xff, 0xf0, 0x0, 0x0, 0x7f, 0xff, 0xff, 0xff,
    0xff, 0xfe, 0x0, 0x0, 0x3f, 0xff, 0xff, 0xff,
    0xff, 0xff, 0xc0, 0x0, 0x1f, 0xff, 0xff, 0xff,
    0xff, 0xff, 0xf0, 0x0, 0x7, 0xff, 0xff, 0xff,
    0xff, 0xff, 0xfe, 0x0, 0x3, 0xff, 0xff, 0xff,
    0xff, 0xff, 0xff, 0x80, 0x0, 0xff, 0xff, 0xfe,
    0x7, 0xff, 0xff, 0xf0, 0x0, 0x7f, 0xff, 0xfe,
    0x0, 0x3f, 0xff, 0xfc, 0x0, 0x1f, 0xff, 0xfe,
    0x0, 0x7, 0xff, 0xff, 0x80, 0x7, 0xff, 0xff,
    0x80, 0x0, 0xff, 0xff, 0xe0, 0x3, 0xff, 0xff,
    0xc0, 0x0, 0x1f, 0xff, 0xf8, 0x0, 0xff, 0xff,
    0xe0, 0x0, 0x7, 0xff, 0xfe, 0x0, 0x3f, 0xff,
    0xf8, 0x0, 0x0, 0xff, 0xff, 0xc0, 0xf, 0xff,
    0xfe, 0x0, 0x0, 0x3f, 0xff, 0xf0, 0x3, 0xff,
    0xff, 0x0, 0x0, 0xf, 0xff, 0xfc, 0x1, 0xff,
    0xff, 0xc0, 0x0, 0x3, 0xff, 0xff, 0x0, 0x7f,
    0xff, 0xf0, 0x0, 0x0, 0xff, 0xff, 0xc0, 0x1f,
    0xff, 0xfc, 0x0, 0x0, 0x3f, 0xff, 0xf0, 0x7,
    0xff, 0xff, 0x0, 0x0, 0x0, 0x0, 0x0, 0x1,
    0xff, 0xff, 0xc0, 0x0, 0x0, 0x0, 0x0, 0x0,
    0x7f, 0xff, 0xf0, 0x0, 0x0, 0x0, 0x0, 0x0,
    0x1f, 0xff, 0xfc, 0x0, 0x0, 0x0, 0x0, 0x0,
    0x7, 0xff, 0xff, 0x0, 0x0, 0x0, 0x0, 0x0,
    0x1, 0xff, 0xff, 0xc0, 0x0, 0x0, 0x0, 0x0,
    0x0, 0x7f, 0xff, 0xf0, 0x0, 0x0, 0x0, 0x0,
    0x0, 0x1f, 0xff, 0xfc, 0x0, 0x0, 0x0, 0x0,
    0x0, 0x7, 0xff, 0xff, 0x0, 0x0, 0x0, 0x0,
    0x0, 0x1, 0xff, 0xff, 0xc0, 0x0, 0x0, 0x0,
    0x0, 0x0, 0x3f, 0xff, 0xf0, 0x0, 0x0, 0x0,
    0x0, 0x0, 0xf, 0xff, 0xfc, 0x0, 0x0, 0x0,
    0x0, 0x0, 0x3, 0xff, 0xff, 0x0, 0x0, 0x0,
    0x0, 0x0, 0x0, 0xff, 0xff, 0xe0, 0x0, 0x0,
    0x0, 0x0, 0x0, 0x3f, 0xff, 0xf8, 0x0, 0x0,
    0x0, 0x0, 0x0, 0xf, 0xff, 0xfe, 0x0, 0x0,
    0x0, 0x0, 0xf, 0xff, 0xff, 0xff, 0xff, 0xff,
    0xf0, 0x0, 0x3, 0xff, 0xff, 0xff, 0xff, 0xff,
    0xfc, 0x0, 0x0, 0xff, 0xff, 0xff, 0xff, 0xff,
    0xff, 0x0, 0x0, 0x3f, 0xff, 0xff, 0xff, 0xff,
    0xff, 0xc0, 0x0, 0xf, 0xff, 0xff, 0xff, 0xff,
    0xff, 0xf0, 0x0, 0x3, 0xff, 0xff, 0xff, 0xff,
    0xff, 0xfc, 0x0, 0x0, 0xff, 0xff, 0xff, 0xff,
    0xff, 0xff, 0x0, 0x0, 0x3f, 0xff, 0xff, 0xff,
    0xff, 0xff, 0xc0, 0x0, 0xf, 0xff, 0xff, 0xff,
    0xff, 0xff, 0xf0, 0x0, 0x3, 0xff, 0xff, 0xff,
    0xff, 0xff, 0xfc, 0x0, 0x0, 0xff, 0xff, 0xff,
    0xff, 0xff, 0xff, 0x0, 0x0, 0x3f, 0xff, 0xff,
    0xff, 0xff, 0xff, 0xc0, 0x0, 0xf, 0xff, 0xff,
    0xff, 0xff, 0xff, 0xf0, 0x0, 0x3, 0xff, 0xff,
    0xff, 0xff, 0xff, 0xfc, 0x0, 0x0, 0x0, 0x3f,
    0xff, 0xf8, 0x0, 0x0, 0x0, 0x0, 0x0, 0xf,
    0xff, 0xfe, 0x0, 0x0, 0x0, 0x0, 0x0, 0x3,
    0xff, 0xff, 0x80, 0x0, 0x0, 0x0, 0x0, 0x0,
    0xff, 0xff, 0xe0, 0x0, 0x0, 0x0, 0x0, 0x0,
    0x3f, 0xff, 0xf8, 0x0, 0x0, 0x0, 0x0, 0x0,
    0xf, 0xff, 0xfe, 0x0, 0x0, 0x0, 0x0, 0x0,
    0x3, 0xff, 0xff, 0x80, 0x0, 0x0, 0x0, 0x0,
    0x0, 0xff, 0xff, 0xf0, 0x0, 0x0, 0x0, 0x0,
    0x0, 0x3f, 0xff, 0xfc, 0x0, 0x0, 0x0, 0x0,
    0x0, 0xf, 0xff, 0xff, 0x0, 0x0, 0x0, 0x0,
    0x0, 0x3, 0xff, 0xff, 0xc0, 0x0, 0x0, 0x0,
    0x0, 0x0, 0xff, 0xff, 0xe0, 0x0, 0x0, 0x0,
    0x0, 0x0, 0x3f, 0xff, 0xf8, 0x0, 0x0, 0x0,
    0x0, 0x0, 0xf, 0xff, 0xfe, 0x0, 0x0, 0x0,
    0x0, 0x0, 0x3, 0xff, 0xff, 0x80, 0x0, 0x0,
    0x0, 0x0, 0x0, 0xff, 0xff, 0xe0, 0x0, 0x0,
    0x0, 0x0, 0x0, 0x3f, 0xff, 0xf0, 0x0, 0x0,
    0x0, 0x0, 0x0, 0xf, 0xff, 0xfc, 0x0, 0x0,
    0x0, 0x0, 0x0, 0x7, 0xff, 0xff, 0x0, 0x0,
    0x0, 0x0, 0x0, 0x1, 0xff, 0xff, 0x80, 0x0,
    0x0, 0x0, 0x0, 0x0, 0xff, 0xff, 0xe0, 0x0,
    0x0, 0x0, 0x0, 0x0, 0x7f, 0xff, 0xf0, 0x0,
    0x0, 0x0, 0x0, 0xf, 0xff, 0xff, 0xff, 0xff,
    0xff, 0xff, 0xff, 0xff, 0xff, 0xff, 0xff, 0xff,
    0xff, 0xff, 0xff, 0xff, 0xff, 0xff, 0xff, 0xff,
    0xff, 0xff, 0xff, 0xff, 0xff, 0xff, 0xff, 0xff,
    0xff, 0xff, 0xff, 0xff, 0xff, 0xff, 0xff, 0xff,
    0xff, 0xff, 0xff, 0xff, 0xff, 0xff, 0xff, 0xff,
    0xff, 0xff, 0xff, 0xff, 0xff, 0xff, 0xff, 0xff,
    0xff, 0xff, 0xff, 0xff, 0xff, 0xff, 0xff, 0xff,
    0xff, 0xff, 0xff, 0xff, 0xff, 0xff, 0xff, 0xff,
    0xff, 0xff, 0xff, 0xff, 0xff, 0xff, 0xff, 0xff,
    0xff, 0xff, 0xff, 0xff, 0xff, 0xff, 0xff, 0xff,
    0xff, 0xff, 0xff, 0xff, 0xff, 0xff, 0xff, 0xff,
    0xff, 0xff, 0xff, 0xff, 0xff, 0xff, 0xff, 0xff,
    0xff, 0xff, 0xff, 0xff, 0xff, 0xff, 0xff, 0xff,
    0xff, 0xff, 0xff, 0xff, 0xff, 0xff, 0xff,

    /* U+00A4 "¤" */
    0x0, 0x80, 0x0, 0x0, 0x0, 0x0, 0x0, 0x0,
    0x2, 0x0, 0x3, 0x80, 0x0, 0x0, 0x0, 0x0,
    0x0, 0x0, 0xe, 0x0, 0xf, 0x80, 0x0, 0x1,
    0xff, 0xe0, 0x0, 0x0, 0x3e, 0x0, 0x3f, 0x80,
    0x0, 0x3f, 0xff, 0xfc, 0x0, 0x0, 0xfe, 0x0,
    0xff, 0x80, 0x3, 0xff, 0xff, 0xff, 0x0, 0x3,
    0xfe, 0x3, 0xff, 0x80, 0x3f, 0xff, 0xff, 0xff,
    0xc0, 0xf, 0xfe, 0xf, 0xff, 0x80, 0xff, 0xff,
    0xff, 0xff, 0xc0, 0x3f, 0xfe, 0x3f, 0xff, 0x87,
    0xff, 0xff, 0xff, 0xff, 0xe0, 0xff, 0xfe, 0xff,
    0xff, 0xbf, 0xff, 0xff, 0xff, 0xff, 0xf3, 0xff,
    0xfe, 0xff, 0xff, 0xff, 0xff, 0xff, 0xff, 0xff,
    0xff, 0xff, 0xf8, 0xff, 0xff, 0xff, 0xff, 0xff,
    0xff, 0xff, 0xff, 0xff, 0xe0, 0xff, 0xff, 0xff,
    0xff, 0xff, 0xff, 0xff, 0xff, 0xff, 0x80, 0xff,
    0xff, 0xff, 0xff, 0xff, 0xff, 0xff, 0xff, 0xfe,
    0x0, 0xff, 0xff, 0xff, 0xf8, 0x1, 0xff, 0xff,
    0xff, 0xf8, 0x0, 0xff, 0xff, 0xff, 0x0, 0x0,
    0x3f, 0xff, 0xff, 0xe0, 0x0, 0xff, 0xff, 0xf8,
    0x0, 0x0, 0x1f, 0xff, 0xff, 0x80, 0x0, 0xff,
    0xff, 0xc0, 0x0, 0x0, 0xf, 0xff, 0xfe, 0x0,
    0x0, 0xff, 0xff, 0x0, 0x0, 0x0, 0xf, 0xff,
    0xf8, 0x0, 0x1, 0xff, 0xf8, 0x0, 0x0, 0x0,
    0x7, 0xff, 0xe0, 0x0, 0x7, 0xff, 0xe0, 0x0,
    0x0, 0x0, 0x7, 0xff, 0xe0, 0x0, 0x1f, 0xff,
    0x80, 0x0, 0x0, 0x0, 0x7, 0xff, 0xe0, 0x0,
    0x3f, 0xfe, 0x0, 0x0, 0x0, 0x0, 0x7, 0xff,
    0xc0, 0x0, 0xff, 0xf8, 0x0, 0x0, 0x0, 0x0,
    0x7, 0xff, 0xc0, 0x1, 0xff, 0xf0, 0x0, 0x0,
    0x0, 0x0, 0xf, 0xff, 0x80, 0x7, 0xff, 0xc0,
    0x0, 0x0, 0x0, 0x0, 0xf, 0xff, 0x80, 0xf,
    0xff, 0x0, 0x0, 0x0, 0x0, 0x0, 0xf, 0xff,
    0x0, 0x1f, 0xfe, 0x0, 0x0, 0x0, 0x0, 0x0,
    0x1f, 0xfe, 0x0, 0x7f, 0xf8, 0x0, 0x0, 0x0,
    0x0, 0x0, 0x1f, 0xfe, 0x0, 0xff, 0xf0, 0x0,
    0x0, 0x0, 0x0, 0x0, 0x3f, 0xfc, 0x1, 0xff,
    0xc0, 0x0, 0x0, 0x0, 0x0, 0x0, 0x3f, 0xf8,
    0x7, 0xff, 0x80, 0x0, 0x0, 0x0, 0x0, 0x0,
    0x7f, 0xf8, 0xf, 0xfe, 0x0, 0x0, 0x0, 0x0,
    0x0, 0x0, 0x7f, 0xf0, 0x1f, 0xfc, 0x0, 0x0,
    0x0, 0x0, 0x0, 0x0, 0xff, 0xe0, 0x3f, 0xf8,
    0x0, 0x0, 0x0, 0x0, 0x0, 0x1, 0xff, 0xc0,
    0xff, 0xf0, 0x0, 0x0, 0x0, 0x0, 0x0, 0x3,
    0xff, 0xc1, 0xff, 0xc0, 0x0, 0x0, 0x0, 0x0,
    0x0, 0x3, 0xff, 0x83, 0xff, 0x80, 0x0, 0x0,
    0x0, 0x0, 0x0, 0x7, 0xff, 0x7, 0xff, 0x0,
    0x0, 0x0, 0x0, 0x0, 0x0, 0xf, 0xfe, 0xf,
    0xfe, 0x0, 0x0, 0x0, 0x0, 0x0, 0x0, 0x1f,
    0xfc, 0x1f, 0xfc, 0x0, 0x0, 0x0, 0x0, 0x0,
    0x0, 0x3f, 0xf8, 0x3f, 0xf8, 0x0, 0x0, 0x0,
    0x0, 0x0, 0x0, 0x7f, 0xf0, 0x7f, 0xf0, 0x0,
    0x0, 0x0, 0x0, 0x0, 0x0, 0xff, 0xe0, 0xff,
    0xe0, 0x0, 0x0, 0x0, 0x0, 0x0, 0x1, 0xff,
    0xc1, 0xff, 0xc0, 0x0, 0x0, 0x0, 0x0, 0x0,
    0x3, 0xff, 0x83, 0xff, 0x80, 0x0, 0x0, 0x0,
    0x0, 0x0, 0x7, 0xff, 0x7, 0xff, 0x0, 0x0,
    0x0, 0x0, 0x0, 0x0, 0xf, 0xfe, 0xf, 0xfe,
    0x0, 0x0, 0x0, 0x0, 0x0, 0x0, 0x3f, 0xfc,
    0x1f, 0xfe, 0x0, 0x0, 0x0, 0x0, 0x0, 0x0,
    0x7f, 0xf8, 0x1f, 0xfc, 0x0, 0x0, 0x0, 0x0,
    0x0, 0x0, 0xff, 0xe0, 0x3f, 0xf8, 0x0, 0x0,
    0x0, 0x0, 0x0, 0x1, 0xff, 0xc0, 0x7f, 0xf0,
    0x0, 0x0, 0x0, 0x0, 0x0, 0x7, 0xff, 0x80,
    0xff, 0xf0, 0x0, 0x0, 0x0, 0x0, 0x0, 0xf,
    0xff, 0x0, 0xff, 0xe0, 0x0, 0x0, 0x0, 0x0,
    0x0, 0x1f, 0xfc, 0x1, 0xff, 0xe0, 0x0, 0x0,
    0x0, 0x0, 0x0, 0x7f, 0xf8, 0x3, 0xff, 0xc0,
    0x0, 0x0, 0x0, 0x0, 0x0, 0xff, 0xf0, 0x3,
    0xff, 0xc0, 0x0, 0x0, 0x0, 0x0, 0x3, 0xff,
    0xc0, 0x7, 0xff, 0x80, 0x0, 0x0, 0x0, 0x0,
    0x7, 0xff, 0x80, 0xf, 0xff, 0x80, 0x0, 0x0,
    0x0, 0x0, 0x1f, 0xff, 0x0, 0xf, 0xff, 0x80,
    0x0, 0x0, 0x0, 0x0, 0x7f, 0xfc, 0x0, 0x1f,
    0xff, 0x0, 0x0, 0x0, 0x0, 0x0, 0xff, 0xf8,
    0x0, 0x1f, 0xff, 0x0, 0x0, 0x0, 0x0, 0x3,
    0xff, 0xe0, 0x0, 0x3f, 0xff, 0x0, 0x0, 0x0,
    0x0, 0xf, 0xff, 0xc0, 0x0, 0x3f, 0xff, 0x0,
    0x0, 0x0, 0x0, 0x3f, 0xff, 0x0, 0x0, 0x7f,
    0xff, 0x0, 0x0, 0x0, 0x0, 0xff, 0xfe, 0x0,
    0x1, 0xff, 0xff, 0x80, 0x0, 0x0, 0x7, 0xff,
    0xfe, 0x0, 0x7, 0xff, 0xff, 0x80, 0x0, 0x0,
    0x1f, 0xff, 0xfe, 0x0, 0x1f, 0xff, 0xff, 0xc0,
    0x0, 0x0, 0xff, 0xff, 0xfe, 0x0, 0x7f, 0xff,
    0xff, 0xf0, 0x0, 0x7, 0xff, 0xff, 0xfe, 0x1,
    0xff, 0xff, 0xff, 0xfc, 0x0, 0xff, 0xff, 0xff,
    0xfe, 0x7, 0xff, 0xff, 0xff, 0xff, 0xff, 0xff,
    0xff, 0xff, 0xfe, 0x1f, 0xff, 0xff, 0xff, 0xff,
    0xff, 0xff, 0xff, 0xff, 0xfe, 0x7f, 0xff, 0xff,
    0xff, 0xff, 0xff, 0xff, 0xff, 0xff, 0xfe, 0xff,
    0xff, 0x7f, 0xff, 0xff, 0xff, 0xff, 0xfb, 0xff,
    0xfc, 0xff, 0xfc, 0x7f, 0xff, 0xff, 0xff, 0xff,
    0xe3, 0xff, 0xf0, 0xff, 0xf0, 0x3f, 0xff, 0xff,
    0xff, 0xff, 0x3, 0xff, 0xc0, 0xff, 0xc0, 0x1f,
    0xff, 0xff, 0xff, 0xf8, 0x3, 0xff, 0x0, 0xff,
    0x0, 0x1f, 0xff, 0xff, 0xff, 0xe0, 0x3, 0xfc,
    0x0, 0xfc, 0x0, 0x7, 0xff, 0xff, 0xfe, 0x0,
    0x3, 0xf0, 0x0, 0xf0, 0x0, 0x1, 0xff, 0xff,
    0xe0, 0x0, 0x3, 0xc0, 0x0, 0xc0, 0x0, 0x0,
    0x3f, 0xfc, 0x0, 0x0, 0x3, 0x0, 0x0, 0x0,
    0x0, 0x0, 0x0, 0x0, 0x0, 0x0, 0x0, 0x0,

    /* U+00A5 "¥" */
    0xff, 0xff, 0xf0, 0x0, 0x0, 0x1, 0xff, 0xff,
    0xef, 0xff, 0xfe, 0x0, 0x0, 0x0, 0x3f, 0xff,
    0xfd, 0xff, 0xff, 0xc0, 0x0, 0x0, 0xf, 0xff,
    0xff, 0x1f, 0xff, 0xfc, 0x0, 0x0, 0x1, 0xff,
    0xff, 0xe3, 0xff, 0xff, 0x80, 0x0, 0x0, 0x3f,
    0xff, 0xfc, 0x7f, 0xff, 0xf0, 0x0, 0x0, 0xf,
    0xff, 0xff, 0x7, 0xff, 0xff, 0x0, 0x0, 0x1,
    0xff, 0xff, 0xe0, 0xff, 0xff, 0xe0, 0x0, 0x0,
    0x3f, 0xff, 0xf8, 0xf, 0xff, 0xfe, 0x0, 0x0,
    0xf, 0xff, 0xff, 0x1, 0xff, 0xff, 0xc0, 0x0,
    0x1, 0xff, 0xff, 0xc0, 0x1f, 0xff, 0xf8, 0x0,
    0x0, 0x7f, 0xff, 0xf8, 0x3, 0xff, 0xff, 0x80,
    0x0, 0xf, 0xff, 0xfe, 0x0, 0x3f, 0xff, 0xf0,
    0x0, 0x1, 0xff, 0xff, 0xc0, 0x7, 0xff, 0xff,
    0x0, 0x0, 0x7f, 0xff, 0xf0, 0x0, 0xff, 0xff,
    0xe0, 0x0, 0xf, 0xff, 0xfe, 0x0, 0xf, 0xff,
    0xfc, 0x0, 0x3, 0xff, 0xff, 0x80, 0x1, 0xff,
    0xff, 0xc0, 0x0, 0x7f, 0xff, 0xf0, 0x0, 0x1f,
    0xff, 0xf8, 0x0, 0xf, 0xff, 0xfc, 0x0, 0x3,
    0xff, 0xff, 0x0, 0x3, 0xff, 0xff, 0x80, 0x0,
    0x3f, 0xff, 0xf0, 0x0, 0x7f, 0xff, 0xf0, 0x0,
    0x7, 0xff, 0xfe, 0x0, 0x1f, 0xff, 0xfc, 0x0,
    0x0, 0x7f, 0xff, 0xe0, 0x3, 0xff, 0xff, 0x80,
    0x0, 0xf, 0xff, 0xfc, 0x0, 0x7f, 0xff, 0xe0,
    0x0, 0x0, 0xff, 0xff, 0x80, 0x1f, 0xff, 0xfc,
    0x0, 0x0, 0x1f, 0xff, 0xf8, 0x3, 0xff, 0xff,
    0x0, 0x0, 0x3, 0xff, 0xff, 0x0, 0x7f, 0xff,
    0xe0, 0x0, 0x0, 0x3f, 0xff, 0xf0, 0x1f, 0xff,
    0xf8, 0x0, 0x0, 0x7, 0xff, 0xfe, 0x3, 0xff,
    0xff, 0x0, 0x0, 0x0, 0x7f, 0xff, 0xc0, 0xff,
    0xff, 0xc0, 0x0, 0x0, 0xf, 0xff, 0xfc, 0x1f,
    0xff, 0xf8, 0x0, 0x0, 0x0, 0xff, 0xff, 0x83,
    0xff, 0xfe, 0x0, 0x0, 0x0, 0x1f, 0xff, 0xf0,
    0xff, 0xff, 0xc0, 0x0, 0x0, 0x1, 0xff, 0xff,
    0x1f, 0xff, 0xf0, 0x0, 0x0, 0x0, 0x3f, 0xff,
    0xe7, 0xff, 0xfe, 0x0, 0x0, 0x0, 0x7, 0xff,
    0xfe, 0xff, 0xff, 0xc0, 0x0, 0x0, 0x0, 0x7f,
    0xff, 0xdf, 0xff, 0xf0, 0x0, 0x0, 0x0, 0xf,
    0xff, 0xff, 0xff, 0xfe, 0x0, 0x0, 0x0, 0x0,
    0xff, 0xff, 0xff, 0xff, 0x80, 0x0, 0x0, 0x0,
    0x1f, 0xff, 0xff, 0xff, 0xf0, 0x0, 0x0, 0x0,
    0x1, 0xff, 0xff, 0xff, 0xfc, 0x0, 0x0, 0x0,
    0x0, 0x3f, 0xff, 0xff, 0xff, 0x80, 0x0, 0x0,
    0x0, 0x3, 0xff, 0xff, 0xff, 0xe0, 0x0, 0x0,
    0x0, 0x0, 0x7f, 0xff, 0xff, 0xfc, 0x0, 0x0,
    0x0, 0x0, 0xf, 0xff, 0xff, 0xff, 0x0, 0x0,
    0x0, 0x0, 0x0, 0xff, 0xff, 0xff, 0xe0, 0x0,
    0x0, 0x0, 0x0, 0x1f, 0xff, 0xff, 0xf8, 0x0,
    0x0, 0x1, 0xff, 0xff, 0xff, 0xff, 0xff, 0xff,
    0xfe, 0x0, 0x3f, 0xff, 0xff, 0xff, 0xff, 0xff,
    0xff, 0xc0, 0x7, 0xff, 0xff, 0xff, 0xff, 0xff,
    0xff, 0xf8, 0x0, 0xff, 0xff, 0xff, 0xff, 0xff,
    0xff, 0xff, 0x0, 0x1f, 0xff, 0xff, 0xff, 0xff,
    0xff, 0xff, 0xe0, 0x3, 0xff, 0xff, 0xff, 0xff,
    0xff, 0xff, 0xfc, 0x0, 0x7f, 0xff, 0xff, 0xff,
    0xff, 0xff, 0xff, 0x80, 0xf, 0xff, 0xff, 0xff,
    0xff, 0xff, 0xff, 0xf0, 0x1, 0xff, 0xff, 0xff,
    0xff, 0xff, 0xff, 0xfe, 0x0, 0x3f, 0xff, 0xff,
    0xff, 0xff, 0xff, 0xff, 0xc0, 0x0, 0x0, 0x0,
    0xff, 0xff, 0xc0, 0x0, 0x0, 0x0, 0x0, 0x0,
    0x1f, 0xff, 0xf8, 0x0, 0x0, 0x0, 0x0, 0x0,
    0x3, 0xff, 0xff, 0x0, 0x0, 0x0, 0x0, 0x0,
    0x0, 0x7f, 0xff, 0xe0, 0x0, 0x0, 0x0, 0x0,
    0x0, 0xf, 0xff, 0xfc, 0x0, 0x0, 0x0, 0x0,
    0x0, 0x1, 0xff, 0xff, 0x80, 0x0, 0x0, 0x0,
    0x0, 0x0, 0x3f, 0xff, 0xf0, 0x0, 0x0, 0x0,
    0x0, 0x0, 0x7, 0xff, 0xfe, 0x0, 0x0, 0x0,
    0x7, 0xff, 0xff, 0xff, 0xff, 0xff, 0xff, 0xf8,
    0x0, 0xff, 0xff, 0xff, 0xff, 0xff, 0xff, 0xff,
    0x0, 0x1f, 0xff, 0xff, 0xff, 0xff, 0xff, 0xff,
    0xe0, 0x3, 0xff, 0xff, 0xff, 0xff, 0xff, 0xff,
    0xfc, 0x0, 0x7f, 0xff, 0xff, 0xff, 0xff, 0xff,
    0xff, 0x80, 0xf, 0xff, 0xff, 0xff, 0xff, 0xff,
    0xff, 0xf0, 0x1, 0xff, 0xff, 0xff, 0xff, 0xff,
    0xff, 0xfe, 0x0, 0x3f, 0xff, 0xff, 0xff, 0xff,
    0xff, 0xff, 0xc0, 0x7, 0xff, 0xff, 0xff, 0xff,
    0xff, 0xff, 0xf8, 0x0, 0xff, 0xff, 0xff, 0xff,
    0xff, 0xff, 0xff, 0x0, 0x0, 0x0, 0x3, 0xff,
    0xff, 0x0, 0x0, 0x0, 0x0, 0x0, 0x0, 0x7f,
    0xff, 0xe0, 0x0, 0x0, 0x0, 0x0, 0x0, 0xf,
    0xff, 0xfc, 0x0, 0x0, 0x0, 0x0, 0x0, 0x1,
    0xff, 0xff, 0x80, 0x0, 0x0, 0x0, 0x0, 0x0,
    0x3f, 0xff, 0xf0, 0x0, 0x0, 0x0, 0x0, 0x0,
    0x7, 0xff, 0xfe, 0x0, 0x0, 0x0, 0x0, 0x0,
    0x0, 0xff, 0xff, 0xc0, 0x0, 0x0, 0x0, 0x0,
    0x0, 0x1f, 0xff, 0xf8, 0x0, 0x0, 0x0, 0x0,
    0x0, 0x3, 0xff, 0xff, 0x0, 0x0, 0x0, 0x0,
    0x0, 0x0, 0x7f, 0xff, 0xe0, 0x0, 0x0, 0x0,
    0x0, 0x0, 0xf, 0xff, 0xfc, 0x0, 0x0, 0x0,
    0x0, 0x0, 0x1, 0xff, 0xff, 0x80, 0x0, 0x0,
    0x0, 0x0, 0x0, 0x3f, 0xff, 0xf0, 0x0, 0x0,
    0x0, 0x0, 0x0, 0x7, 0xff, 0xfe, 0x0, 0x0,
    0x0, 0x0, 0x0, 0x0, 0xff, 0xff, 0xc0, 0x0,
    0x0, 0x0, 0x0, 0x0, 0x1f, 0xff, 0xf8, 0x0,
    0x0, 0x0, 0x0, 0x0, 0x3, 0xff, 0xff, 0x0,
    0x0, 0x0, 0x0, 0x0, 0x0, 0x7f, 0xff, 0xe0,
    0x0, 0x0, 0x0,

    /* U+00A6 "¦" */
    0xff, 0xff, 0xff, 0xff, 0xff, 0xff, 0xff, 0xff,
    0xff, 0xff, 0xff, 0xff, 0xff, 0xff, 0xff, 0xff,
    0xff, 0xff, 0xff, 0xff, 0xff, 0xff, 0xff, 0xff,
    0xff, 0xff, 0xff, 0xff, 0xff, 0xff, 0xff, 0xff,
    0xff, 0xff, 0xff, 0xff, 0xff, 0xff, 0xff, 0xff,
    0xff, 0xff, 0xff, 0xff, 0xff, 0xff, 0xff, 0xff,
    0xff, 0xff, 0xff, 0xff, 0xff, 0xff, 0xff, 0xff,
    0xff, 0xff, 0xff, 0xff, 0xff, 0xff, 0xff, 0xff,
    0xff, 0xff, 0xff, 0xff, 0xff, 0xff, 0xff, 0xff,
    0xff, 0xff, 0xff, 0xff, 0xff, 0xff, 0xff, 0xff,
    0xff, 0xff, 0xff, 0xff, 0xff, 0xff, 0xff, 0xff,
    0xff, 0xff, 0xff, 0xff, 0xff, 0xff, 0x0, 0x0,
    0x0, 0x0, 0x0, 0x0, 0x0, 0x0, 0x0, 0x0,
    0x0, 0x0, 0x0, 0x0, 0x0, 0x0, 0x0, 0x0,
    0x0, 0x0, 0x0, 0x0, 0x0, 0x0, 0xff, 0xff,
    0xff, 0xff, 0xff, 0xff, 0xff, 0xff, 0xff, 0xff,
    0xff, 0xff, 0xff, 0xff, 0xff, 0xff, 0xff, 0xff,
    0xff, 0xff, 0xff, 0xff, 0xff, 0xff, 0xff, 0xff,
    0xff, 0xff, 0xff, 0xff, 0xff, 0xff, 0xff, 0xff,
    0xff, 0xff, 0xff, 0xff, 0xff, 0xff, 0xff, 0xff,
    0xff, 0xff, 0xff, 0xff, 0xff, 0xff, 0xff, 0xff,
    0xff, 0xff, 0xff, 0xff, 0xff, 0xff, 0xff, 0xff,
    0xff, 0xff, 0xff, 0xff, 0xff, 0xff, 0xff, 0xff,
    0xff, 0xff, 0xff, 0xff, 0xff, 0xff, 0xff, 0xff,
    0xff, 0xff, 0xff, 0xff, 0xff, 0xff, 0xff, 0xff,
    0xff, 0xff, 0xff, 0xff, 0xff, 0xff, 0xff, 0xff,
    0xff, 0xff, 0xff, 0xff, 0xff, 0xff, 0xff, 0xff,

    /* U+00A7 "§" */
    0x0, 0x0, 0x0, 0x1f, 0xff, 0xc0, 0x0, 0x0,
    0x0, 0x0, 0x0, 0x3f, 0xff, 0xff, 0xe0, 0x0,
    0x0, 0x0, 0x0, 0x1f, 0xff, 0xff, 0xff, 0xc0,
    0x0, 0x0, 0x0, 0xf, 0xff, 0xff, 0xff, 0xff,
    0x80, 0x0, 0x0, 0x3, 0xff, 0xff, 0xff, 0xff,
    0xfe, 0x0, 0x0, 0x0, 0xff, 0xff, 0xff, 0xff,
    0xff, 0xf0, 0x0, 0x0, 0x1f, 0xff, 0xff, 0xff,
    0xff, 0xff, 0xc0, 0x0, 0x3, 0xff, 0xff, 0xff,
    0xff, 0xff, 0xfe, 0x0, 0x0, 0xff, 0xff, 0xff,
    0xff, 0xff, 0xff, 0xf0, 0x0, 0x1f, 0xff, 0xff,
    0xff, 0xff, 0xff, 0xff, 0x80, 0x1, 0xff, 0xff,
    0xff, 0xff, 0xff, 0xff, 0xfc, 0x0, 0x3f, 0xff,
    0xff, 0xff, 0xff, 0xff, 0xff, 0xe0, 0x7, 0xff,
    0xff, 0xff, 0xff, 0xff, 0xff, 0xfe, 0x0, 0x7f,
    0xff, 0xff, 0xff, 0xff, 0xff, 0xff, 0xf0, 0xf,
    0xff, 0xff, 0xf8, 0x1, 0xff, 0xff, 0xff, 0x0,
    0xff, 0xff, 0xfc, 0x0, 0x3, 0xff, 0xff, 0xf8,
    0x1f, 0xff, 0xff, 0x0, 0x0, 0xf, 0xff, 0xff,
    0x81, 0xff, 0xff, 0xe0, 0x0, 0x0, 0x7f, 0xff,
    0xfc, 0x1f, 0xff, 0xfc, 0x0, 0x0, 0x3, 0xff,
    0xff, 0xc3, 0xff, 0xff, 0x80, 0x0, 0x0, 0x1f,
    0xff, 0xfc, 0x3f, 0xff, 0xf8, 0x0, 0x0, 0x1,
    0xff, 0xff, 0xc3, 0xff, 0xff, 0x0, 0x0, 0x0,
    0xf, 0xff, 0xfe, 0x3f, 0xff, 0xf0, 0x0, 0x0,
    0x0, 0xff, 0xff, 0xe3, 0xff, 0xff, 0x0, 0x0,
    0x0, 0x7, 0xff, 0xfe, 0x3f, 0xff, 0xf0, 0x0,
    0x0, 0x0, 0x7f, 0xff, 0xe3, 0xff, 0xff, 0x0,
    0x0, 0x0, 0x7, 0xff, 0xfe, 0x3f, 0xff, 0xf0,
    0x0, 0x0, 0x0, 0x7f, 0xff, 0xe3, 0xff, 0xff,
    0x80, 0x0, 0x0, 0x0, 0x0, 0x0, 0x3f, 0xff,
    0xf8, 0x0, 0x0, 0x0, 0x0, 0x0, 0x1, 0xff,
    0xff, 0xc0, 0x0, 0x0, 0x0, 0x0, 0x0, 0x1f,
    0xff, 0xfe, 0x0, 0x0, 0x0, 0x0, 0x0, 0x1,
    0xff, 0xff, 0xf8, 0x0, 0x0, 0x0, 0x0, 0x0,
    0x1f, 0xff, 0xff, 0xe0, 0x0, 0x0, 0x0, 0x0,
    0x0, 0xff, 0xff, 0xff, 0x80, 0x0, 0x0, 0x0,
    0x0, 0xf, 0xff, 0xff, 0xff, 0x0, 0x0, 0x0,
    0x0, 0x0, 0x7f, 0xff, 0xff, 0xff, 0x0, 0x0,
    0x0, 0x0, 0x7, 0xff, 0xff, 0xff, 0xfe, 0x0,
    0x0, 0x0, 0x0, 0x3f, 0xff, 0xff, 0xff, 0xfe,
    0x0, 0x0, 0x0, 0x1, 0xff, 0xff, 0xff, 0xff,
    0xfc, 0x0, 0x0, 0x0, 0xf, 0xff, 0xff, 0xff,
    0xff, 0xf8, 0x0, 0x0, 0x0, 0x7f, 0xff, 0xff,
    0xff, 0xff, 0xe0, 0x0, 0x0, 0x3, 0xff, 0xff,
    0xff, 0xff, 0xff, 0xc0, 0x0, 0x0, 0x3f, 0xff,
    0xff, 0xff, 0xff, 0xff, 0x0, 0x0, 0xf, 0xff,
    0xff, 0xff, 0xff, 0xff, 0xf8, 0x0, 0x1, 0xff,
    0xff, 0xff, 0xff, 0xff, 0xff, 0xe0, 0x0, 0x3f,
    0xff, 0xff, 0xff, 0xff, 0xff, 0xff, 0x0, 0x7,
    0xff, 0xff, 0xff, 0xff, 0xff, 0xff, 0xf8, 0x0,
    0xff, 0xff, 0xff, 0xff, 0xff, 0xff, 0xff, 0xc0,
    0x1f, 0xff, 0xfe, 0xff, 0xff, 0xff, 0xff, 0xfe,
    0x1, 0xff, 0xff, 0xc1, 0xff, 0xff, 0xff, 0xff,
    0xf0, 0x3f, 0xff, 0xf0, 0x1, 0xff, 0xff, 0xff,
    0xff, 0x83, 0xff, 0xff, 0x0, 0x3, 0xff, 0xff,
    0xff, 0xf8, 0x7f, 0xff, 0xe0, 0x0, 0x7, 0xff,
    0xff, 0xff, 0xc7, 0xff, 0xfe, 0x0, 0x0, 0xf,
    0xff, 0xff, 0xfc, 0x7f, 0xff, 0xc0, 0x0, 0x0,
    0x3f, 0xff, 0xff, 0xef, 0xff, 0xfc, 0x0, 0x0,
    0x0, 0xff, 0xff, 0xfe, 0xff, 0xff, 0xc0, 0x0,
    0x0, 0x3, 0xff, 0xff, 0xef, 0xff, 0xfc, 0x0,
    0x0, 0x0, 0x1f, 0xff, 0xff, 0xff, 0xff, 0xc0,
    0x0, 0x0, 0x0, 0xff, 0xff, 0xff, 0xff, 0xfc,
    0x0, 0x0, 0x0, 0x7, 0xff, 0xff, 0xff, 0xff,
    0xc0, 0x0, 0x0, 0x0, 0x7f, 0xff, 0xff, 0xff,
    0xfe, 0x0, 0x0, 0x0, 0x3, 0xff, 0xff, 0xff,
    0xff, 0xe0, 0x0, 0x0, 0x0, 0x3f, 0xff, 0xff,
    0xff, 0xff, 0x0, 0x0, 0x0, 0x3, 0xff, 0xff,
    0xff, 0xff, 0xf8, 0x0, 0x0, 0x0, 0x3f, 0xff,
    0xf7, 0xff, 0xff, 0xc0, 0x0, 0x0, 0x3, 0xff,
    0xff, 0x7f, 0xff, 0xff, 0x0, 0x0, 0x0, 0x3f,
    0xff, 0xf7, 0xff, 0xff, 0xfc, 0x0, 0x0, 0x7,
    0xff, 0xfe, 0x3f, 0xff, 0xff, 0xf8, 0x0, 0x0,
    0x7f, 0xff, 0xe3, 0xff, 0xff, 0xff, 0xe0, 0x0,
    0x7, 0xff, 0xfe, 0x1f, 0xff, 0xff, 0xff, 0xe0,
    0x0, 0xff, 0xff, 0xc1, 0xff, 0xff, 0xff, 0xff,
    0xc0, 0x1f, 0xff, 0xfc, 0xf, 0xff, 0xff, 0xff,
    0xff, 0x83, 0xff, 0xff, 0x80, 0x7f, 0xff, 0xff,
    0xff, 0xff, 0xff, 0xff, 0xf8, 0x3, 0xff, 0xff,
    0xff, 0xff, 0xff, 0xff, 0xff, 0x0, 0x1f, 0xff,
    0xff, 0xff, 0xff, 0xff, 0xff, 0xe0, 0x0, 0xff,
    0xff, 0xff, 0xff, 0xff, 0xff, 0xfc, 0x0, 0x3,
    0xff, 0xff, 0xff, 0xff, 0xff, 0xff, 0x80, 0x0,
    0x1f, 0xff, 0xff, 0xff, 0xff, 0xff, 0xe0, 0x0,
    0x0, 0x7f, 0xff, 0xff, 0xff, 0xff, 0xfc, 0x0,
    0x0, 0x1, 0xff, 0xff, 0xff, 0xff, 0xff, 0xc0,
    0x0, 0x0, 0x7, 0xff, 0xff, 0xff, 0xff, 0xff,
    0x0, 0x0, 0x0, 0xf, 0xff, 0xff, 0xff, 0xff,
    0xf8, 0x0, 0x0, 0x0, 0x1f, 0xff, 0xff, 0xff,
    0xff, 0x80, 0x0, 0x0, 0x0, 0x3f, 0xff, 0xff,
    0xff, 0xfc, 0x0, 0x0, 0x0, 0x0, 0x3f, 0xff,
    0xff, 0xff, 0xe0, 0x0, 0x0, 0x0, 0x0, 0x7f,
    0xff, 0xff, 0xfe, 0x0, 0x0, 0x0, 0x0, 0x0,
    0xff, 0xff, 0xff, 0xf0, 0x0, 0x0, 0x0, 0x0,
    0x1, 0xff, 0xff, 0xff, 0x0, 0x0, 0x0, 0x0,
    0x0, 0x7, 0xff, 0xff, 0xf8, 0x0, 0x0, 0x0,
    0x0, 0x0, 0x1f, 0xff, 0xff, 0x80, 0x0, 0x0,
    0x0, 0x0, 0x0, 0x7f, 0xff, 0xf8, 0x0, 0x0,
    0x0, 0x0, 0x0, 0x3, 0xff, 0xff, 0xc0, 0x0,
    0x0, 0x0, 0x0, 0x0, 0x1f, 0xff, 0xfc, 0x0,
    0x0, 0x0, 0x0, 0x0, 0x1, 0xff, 0xff, 0xcf,
    0xff, 0xfc, 0x0, 0x0, 0x0, 0xf, 0xff, 0xfc,
    0xff, 0xff, 0xc0, 0x0, 0x0, 0x0, 0xff, 0xff,
    0xcf, 0xff, 0xfc, 0x0, 0x0, 0x0, 0xf, 0xff,
    0xfc, 0xff, 0xff, 0xc0, 0x0, 0x0, 0x0, 0xff,
    0xff, 0xcf, 0xff, 0xfe, 0x0, 0x0, 0x0, 0xf,
    0xff, 0xfc, 0xff, 0xff, 0xe0, 0x0, 0x0, 0x0,
    0xff, 0xff, 0xc7, 0xff, 0xff, 0x0, 0x0, 0x0,
    0x1f, 0xff, 0xfc, 0x7f, 0xff, 0xf0, 0x0, 0x0,
    0x3, 0xff, 0xff, 0xc7, 0xff, 0xff, 0x80, 0x0,
    0x0, 0x3f, 0xff, 0xf8, 0x7f, 0xff, 0xfe, 0x0,
    0x0, 0xf, 0xff, 0xff, 0x83, 0xff, 0xff, 0xf8,
    0x0, 0x3, 0xff, 0xff, 0xf8, 0x3f, 0xff, 0xff,
    0xf8, 0x1, 0xff, 0xff, 0xff, 0x1, 0xff, 0xff,
    0xff, 0xff, 0xff, 0xff, 0xff, 0xf0, 0x1f, 0xff,
    0xff, 0xff, 0xff, 0xff, 0xff, 0xfe, 0x0, 0xff,
    0xff, 0xff, 0xff, 0xff, 0xff, 0xff, 0xe0, 0x7,
    0xff, 0xff, 0xff, 0xff, 0xff, 0xff, 0xfc, 0x0,
    0x3f, 0xff, 0xff, 0xff, 0xff, 0xff, 0xff, 0x80,
    0x1, 0xff, 0xff, 0xff, 0xff, 0xff, 0xff, 0xf0,
    0x0, 0xf, 0xff, 0xff, 0xff, 0xff, 0xff, 0xfe,
    0x0, 0x0, 0x7f, 0xff, 0xff, 0xff, 0xff, 0xff,
    0xc0, 0x0, 0x1, 0xff, 0xff, 0xff, 0xff, 0xff,
    0xf0, 0x0, 0x0, 0xf, 0xff, 0xff, 0xff, 0xff,
    0xfe, 0x0, 0x0, 0x0, 0x1f, 0xff, 0xff, 0xff,
    0xff, 0x80, 0x0, 0x0, 0x0, 0x7f, 0xff, 0xff,
    0xff, 0xc0, 0x0, 0x0, 0x0, 0x0, 0xff, 0xff,
    0xff, 0xe0, 0x0, 0x0, 0x0, 0x0, 0x0, 0x3f,
    0xff, 0xc0, 0x0, 0x0, 0x0,

    /* U+00A8 "¨" */
    0x7, 0xf0, 0x0, 0x0, 0xf, 0xe0, 0x1f, 0xfc,
    0x0, 0x0, 0x3f, 0xf8, 0x3f, 0xfe, 0x0, 0x0,
    0x7f, 0xfc, 0x7f, 0xff, 0x0, 0x0, 0xff, 0xfe,
    0x7f, 0xff, 0x0, 0x0, 0xff, 0xfe, 0xff, 0xff,
    0x80, 0x1, 0xff, 0xff, 0xff, 0xff, 0x80, 0x1,
    0xff, 0xff, 0xff, 0xff, 0x80, 0x1, 0xff, 0xff,
    0xff, 0xff, 0x80, 0x1, 0xff, 0xff, 0xff, 0xff,
    0x80, 0x1, 0xff, 0xff, 0x7f, 0xff, 0x0, 0x0,
    0xff, 0xfe, 0x7f, 0xff, 0x0, 0x0, 0xff, 0xfe,
    0x3f, 0xfe, 0x0, 0x0, 0x7f, 0xfc, 0x1f, 0xfc,
    0x0, 0x0, 0x3f, 0xf8, 0x7, 0xf0, 0x0, 0x0,
    0xf, 0xe0,

    /* U+00A9 "©" */
    0x0, 0x0, 0x0, 0x0, 0x3, 0xff, 0xe0, 0x0,
    0x0, 0x0, 0x0, 0x0, 0x0, 0x0, 0x0, 0x3f,
    0xff, 0xff, 0x80, 0x0, 0x0, 0x0, 0x0, 0x0,
    0x0, 0x0, 0xff, 0xff, 0xff, 0xf8, 0x0, 0x0,
    0x0, 0x0, 0x0, 0x0, 0x3, 0xff, 0xff, 0xff,
    0xff, 0x80, 0x0, 0x0, 0x0, 0x0, 0x0, 0x7,
    0xff, 0xff, 0xff, 0xff, 0xf0, 0x0, 0x0, 0x0,
    0x0, 0x0, 0xf, 0xff, 0xff, 0xff, 0xff, 0xfe,
    0x0, 0x0, 0x0, 0x0, 0x0, 0xf, 0xff, 0xff,
    0xff, 0xff, 0xff, 0x80, 0x0, 0x0, 0x0, 0x0,
    0x1f, 0xff, 0xfc, 0x0, 0x7f, 0xff, 0xf0, 0x0,
    0x0, 0x0, 0x0, 0x1f, 0xff, 0xc0, 0x0, 0x1,
    0xff, 0xfc, 0x0, 0x0, 0x0, 0x0, 0x3f, 0xff,
    0x0, 0x0, 0x0, 0x3f, 0xff, 0x80, 0x0, 0x0,
    0x0, 0x3f, 0xfe, 0x0, 0x0, 0x0, 0x3, 0xff,
    0xe0, 0x0, 0x0, 0x0, 0x3f, 0xfc, 0x0, 0x0,
    0x0, 0x0, 0x7f, 0xf8, 0x0, 0x0, 0x0, 0x3f,
    0xfc, 0x0, 0x0, 0x0, 0x0, 0x1f, 0xfe, 0x0,
    0x0, 0x0, 0x3f, 0xf8, 0x0, 0x0, 0x0, 0x0,
    0x3, 0xff, 0x80, 0x0, 0x0, 0x3f, 0xf8, 0x0,
    0x0, 0x0, 0x0, 0x0, 0xff, 0xe0, 0x0, 0x0,
    0x3f, 0xf8, 0x0, 0x0, 0x0, 0x0, 0x0, 0x3f,
    0xf8, 0x0, 0x0, 0x3f, 0xf0, 0x0, 0x0, 0x0,
    0x0, 0x0, 0xf, 0xfe, 0x0, 0x0, 0x3f, 0xf0,
    0x0, 0x0, 0x0, 0x0, 0x0, 0x3, 0xff, 0x0,
    0x0, 0x1f, 0xf8, 0x0, 0x0, 0x7f, 0xf0, 0x0,
    0x0, 0xff, 0xc0, 0x0, 0x1f, 0xf8, 0x0, 0x3,
    0xff, 0xff, 0x0, 0x0, 0x3f, 0xf0, 0x0, 0x1f,
    0xf8, 0x0, 0x7, 0xff, 0xff, 0xf0, 0x0, 0xf,
    0xfc, 0x0, 0xf, 0xf8, 0x0, 0x7, 0xff, 0xff,
    0xfc, 0x0, 0x3, 0xfe, 0x0, 0xf, 0xf8, 0x0,
    0xf, 0xff, 0xff, 0xff, 0x80, 0x0, 0xff, 0x80,
    0x7, 0xfc, 0x0, 0xf, 0xff, 0xff, 0xff, 0xe0,
    0x0, 0x7f, 0xc0, 0x7, 0xfc, 0x0, 0xf, 0xff,
    0xff, 0xff, 0xf8, 0x0, 0x1f, 0xf0, 0x3, 0xfc,
    0x0, 0xf, 0xff, 0xff, 0xff, 0xfe, 0x0, 0x7,
    0xf8, 0x3, 0xfe, 0x0, 0xf, 0xff, 0xc0, 0x3f,
    0xff, 0x0, 0x3, 0xfe, 0x1, 0xfe, 0x0, 0x7,
    0xff, 0x80, 0x7, 0xff, 0xc0, 0x0, 0xff, 0x1,
    0xff, 0x0, 0x7, 0xff, 0x0, 0x0, 0xff, 0xe0,
    0x0, 0x7f, 0xc0, 0xff, 0x0, 0x3, 0xff, 0x0,
    0x0, 0x3f, 0xf8, 0x0, 0x1f, 0xe0, 0x7f, 0x80,
    0x3, 0xff, 0x0, 0x0, 0x1f, 0xfc, 0x0, 0xf,
    0xf0, 0x7f, 0xc0, 0x1, 0xff, 0x80, 0x0, 0x7,
    0xfe, 0x0, 0x7, 0xfc, 0x3f, 0xc0, 0x1, 0xff,
    0x80, 0x0, 0x3, 0xff, 0x80, 0x1, 0xfe, 0x1f,
    0xe0, 0x0, 0xff, 0xc0, 0x0, 0x0, 0xff, 0xc0,
    0x0, 0xff, 0x1f, 0xf0, 0x0, 0x7f, 0xc0, 0x0,
    0x0, 0x7f, 0xe0, 0x0, 0x7f, 0xcf, 0xf0, 0x0,
    0x3f, 0xe0, 0x0, 0x0, 0x3f, 0xf0, 0x0, 0x1f,
    0xe7, 0xf8, 0x0, 0x3f, 0xf0, 0x0, 0x0, 0x1f,
    0xf8, 0x0, 0xf, 0xf3, 0xfc, 0x0, 0x1f, 0xf0,
    0x0, 0x0, 0xf, 0xfc, 0x0, 0x7, 0xf9, 0xfe,
    0x0, 0xf, 0xf8, 0x0, 0x0, 0x0, 0x0, 0x0,
    0x3, 0xfd, 0xff, 0x0, 0x7, 0xfc, 0x0, 0x0,
    0x0, 0x0, 0x0, 0x1, 0xff, 0xff, 0x0, 0x3,
    0xfe, 0x0, 0x0, 0x0, 0x0, 0x0, 0x0, 0x7f,
    0xff, 0x80, 0x1, 0xff, 0x0, 0x0, 0x0, 0x0,
    0x0, 0x0, 0x3f, 0xff, 0xc0, 0x0, 0xff, 0x80,
    0x0, 0x0, 0x0, 0x0, 0x0, 0x1f, 0xff, 0xe0,
    0x0, 0x7f, 0xc0, 0x0, 0x0, 0x0, 0x0, 0x0,
    0xf, 0xff, 0xf0, 0x0, 0x3f, 0xe0, 0x0, 0x0,
    0x0, 0x0, 0x0, 0x7, 0xff, 0xf8, 0x0, 0x1f,
    0xf0, 0x0, 0x0, 0x0, 0x0, 0x0, 0x3, 0xff,
    0xfc, 0x0, 0xf, 0xf8, 0x0, 0x0, 0x0, 0x0,
    0x0, 0x1, 0xff, 0xfe, 0x0, 0x7, 0xfc, 0x0,
    0x0, 0x0, 0x0, 0x0, 0x0, 0xff, 0xff, 0x0,
    0x3, 0xfe, 0x0, 0x0, 0x0, 0x0, 0x0, 0x0,
    0x7f, 0xff, 0x80, 0x1, 0xff, 0x0, 0x0, 0x0,
    0x0, 0x0, 0x0, 0x3f, 0xff, 0xc0, 0x0, 0xff,
    0x80, 0x0, 0x0, 0x0, 0x0, 0x0, 0x1f, 0xff,
    0xe0, 0x0, 0x7f, 0xc0, 0x0, 0x0, 0x0, 0x0,
    0x0, 0xf, 0xff, 0xf0, 0x0, 0x3f, 0xe0, 0x0,
    0x0, 0x0, 0x0, 0x0, 0x7, 0xff, 0xfc, 0x0,
    0x1f, 0xf0, 0x0, 0x0, 0x0, 0x0, 0x0, 0x7,
    0xfd, 0xfe, 0x0, 0xf, 0xf8, 0x0, 0x0, 0x7,
    0xfe, 0x0, 0x3, 0xfc, 0xff, 0x0, 0x7, 0xfe,
    0x0, 0x0, 0x3, 0xff, 0x0, 0x1, 0xfe, 0x7f,
    0x80, 0x1, 0xff, 0x0, 0x0, 0x1, 0xff, 0x80,
    0x0, 0xff, 0x3f, 0xc0, 0x0, 0xff, 0x80, 0x0,
    0x0, 0xff, 0xc0, 0x0, 0x7f, 0x9f, 0xf0, 0x0,
    0x7f, 0xe0, 0x0, 0x0, 0x7f, 0xe0, 0x0, 0x7f,
    0xc7, 0xf8, 0x0, 0x3f, 0xf0, 0x0, 0x0, 0x7f,
    0xf0, 0x0, 0x3f, 0xc3, 0xfc, 0x0, 0xf, 0xfc,
    0x0, 0x0, 0x3f, 0xf0, 0x0, 0x1f, 0xe1, 0xff,
    0x0, 0x7, 0xfe, 0x0, 0x0, 0x3f, 0xf8, 0x0,
    0x1f, 0xf0, 0x7f, 0x80, 0x1, 0xff, 0x80, 0x0,
    0x1f, 0xfc, 0x0, 0xf, 0xf0, 0x3f, 0xc0, 0x0,
    0xff, 0xe0, 0x0, 0x1f, 0xfc, 0x0, 0x7, 0xf8,
    0x1f, 0xf0, 0x0, 0x3f, 0xf8, 0x0, 0x3f, 0xfe,
    0x0, 0x7, 0xfc, 0x7, 0xf8, 0x0, 0x1f, 0xff,
    0x80, 0x7f, 0xfe, 0x0, 0x3, 0xfc, 0x3, 0xfe,
    0x0, 0x7, 0xff, 0xff, 0xff, 0xff, 0x0, 0x3,
    0xfe, 0x0, 0xff, 0x0, 0x1, 0xff, 0xff, 0xff,
    0xff, 0x0, 0x1, 0xfe, 0x0, 0x7f, 0xc0, 0x0,
    0x7f, 0xff, 0xff, 0xff, 0x0, 0x1, 0xff, 0x0,
    0x1f, 0xf0, 0x0, 0x1f, 0xff, 0xff, 0xff, 0x0,
    0x1, 0xff, 0x0, 0xf, 0xf8, 0x0, 0x3, 0xff,
    0xff, 0xfe, 0x0, 0x0, 0xff, 0x80, 0x3, 0xfe,
    0x0, 0x0, 0xff, 0xff, 0xfe, 0x0, 0x0, 0xff,
    0x80, 0x1, 0xff, 0x80, 0x0, 0x1f, 0xff, 0xfc,
    0x0, 0x0, 0xff, 0xc0, 0x0, 0x7f, 0xe0, 0x0,
    0x0, 0xff, 0xe0, 0x0, 0x0, 0xff, 0xc0, 0x0,
    0x1f, 0xf8, 0x0, 0x0, 0x0, 0x0, 0x0, 0x0,
    0xff, 0xc0, 0x0, 0xf, 0xfe, 0x0, 0x0, 0x0,
    0x0, 0x0, 0x0, 0xff, 0xc0, 0x0, 0x3, 0xff,
    0x80, 0x0, 0x0, 0x0, 0x0, 0x0, 0xff, 0xe0,
    0x0, 0x0, 0xff, 0xe0, 0x0, 0x0, 0x0, 0x0,
    0x0, 0xff, 0xe0, 0x0, 0x0, 0x3f, 0xf8, 0x0,
    0x0, 0x0, 0x0, 0x0, 0xff, 0xe0, 0x0, 0x0,
    0xf, 0xfe, 0x0, 0x0, 0x0, 0x0, 0x0, 0xff,
    0xe0, 0x0, 0x0, 0x3, 0xff, 0xc0, 0x0, 0x0,
    0x0, 0x1, 0xff, 0xe0, 0x0, 0x0, 0x0, 0xff,
    0xf0, 0x0, 0x0, 0x0, 0x1, 0xff, 0xe0, 0x0,
    0x0, 0x0, 0x3f, 0xfe, 0x0, 0x0, 0x0, 0x3,
    0xff, 0xe0, 0x0, 0x0, 0x0, 0xf, 0xff, 0xe0,
    0x0, 0x0, 0xf, 0xff, 0xe0, 0x0, 0x0, 0x0,
    0x1, 0xff, 0xfc, 0x0, 0x0, 0x1f, 0xff, 0xc0,
    0x0, 0x0, 0x0, 0x0, 0x7f, 0xff, 0xf0, 0x1,
    0xff, 0xff, 0xc0, 0x0, 0x0, 0x0, 0x0, 0xf,
    0xff, 0xff, 0xff, 0xff, 0xff, 0x80, 0x0, 0x0,
    0x0, 0x0, 0x3, 0xff, 0xff, 0xff, 0xff, 0xff,
    0x80, 0x0, 0x0, 0x0, 0x0, 0x0, 0x7f, 0xff,
    0xff, 0xff, 0xff, 0x0, 0x0, 0x0, 0x0, 0x0,
    0x0, 0xf, 0xff, 0xff, 0xff, 0xfe, 0x0, 0x0,
    0x0, 0x0, 0x0, 0x0, 0x0, 0xff, 0xff, 0xff,
    0xf8, 0x0, 0x0, 0x0, 0x0, 0x0, 0x0, 0x0,
    0xf, 0xff, 0xff, 0xe0, 0x0, 0x0, 0x0, 0x0,
    0x0, 0x0, 0x0, 0x0, 0x3f, 0xfe, 0x0, 0x0,
    0x0, 0x0, 0x0,

    /* U+00AA "ª" */
    0x0, 0x1, 0xff, 0xc0, 0x0, 0x0, 0xf, 0xff,
    0xfc, 0x0, 0x0, 0x1f, 0xff, 0xff, 0x80, 0x0,
    0x3f, 0xff, 0xff, 0xf0, 0x0, 0x3f, 0xff, 0xff,
    0xfc, 0x0, 0x3f, 0xff, 0xff, 0xff, 0x0, 0x3f,
    0xff, 0xff, 0xff, 0xc0, 0x3f, 0xff, 0xff, 0xff,
    0xf0, 0x3f, 0xff, 0xff, 0xff, 0xf8, 0x1f, 0xff,
    0xc0, 0x7f, 0xfe, 0xf, 0xff, 0x0, 0xf, 0xff,
    0xf, 0xff, 0x0, 0x3, 0xff, 0x87, 0xff, 0x80,
    0x1, 0xff, 0xe3, 0xff, 0x80, 0x0, 0xff, 0xf0,
    0x7f, 0xc0, 0x0, 0x3f, 0xf8, 0x0, 0x0, 0x0,
    0x1f, 0xfc, 0x0, 0x0, 0x0, 0xf, 0xfe, 0x0,
    0x0, 0x0, 0x7, 0xff, 0x0, 0x0, 0x0, 0x3,
    0xff, 0x80, 0x0, 0x0, 0x1, 0xff, 0xc0, 0x0,
    0x3f, 0xff, 0xff, 0xe0, 0x1, 0xff, 0xff, 0xff,
    0xf0, 0x3, 0xff, 0xff, 0xff, 0xf8, 0x7, 0xff,
    0xff, 0xff, 0xfc, 0xf, 0xff, 0xff, 0xff, 0xfe,
    0xf, 0xff, 0xff, 0xff, 0xff, 0xf, 0xff, 0xff,
    0xff, 0xff, 0x87, 0xff, 0xf0, 0x1, 0xff, 0xc7,
    0xff, 0xe0, 0x0, 0xff, 0xe3, 0xff, 0xc0, 0x0,
    0x7f, 0xf3, 0xff, 0xc0, 0x0, 0x3f, 0xf9, 0xff,
    0xe0, 0x0, 0x1f, 0xfc, 0xff, 0xe0, 0x0, 0xf,
    0xfe, 0x7f, 0xf0, 0x0, 0x7, 0xff, 0x3f, 0xf8,
    0x0, 0x3, 0xff, 0x9f, 0xfc, 0x0, 0x1, 0xff,
    0xcf, 0xfe, 0x0, 0x1, 0xff, 0xe7, 0xff, 0x80,
    0x1, 0xff, 0xf3, 0xff, 0xe0, 0x3, 0xff, 0xf8,
    0xff, 0xfc, 0x7, 0xff, 0xfc, 0x7f, 0xff, 0xff,
    0xff, 0xfe, 0x3f, 0xff, 0xff, 0xff, 0xff, 0xf,
    0xff, 0xff, 0xff, 0xff, 0x83, 0xff, 0xff, 0xff,
    0xff, 0xe1, 0xff, 0xff, 0xff, 0x7f, 0xf0, 0x3f,
    0xff, 0xff, 0x3f, 0xf8, 0xf, 0xff, 0xfe, 0x1f,
    0xfc, 0x1, 0xff, 0xfc, 0xf, 0xfe, 0x0, 0x1f,
    0xf0, 0x0, 0x0, 0x0,

    /* U+00AB "«" */
    0x0, 0x0, 0x7f, 0xf8, 0x0, 0x7f, 0xf8, 0x0,
    0x7, 0xff, 0x80, 0x7, 0xff, 0x80, 0x0, 0x7f,
    0xf8, 0x0, 0x3f, 0xfc, 0x0, 0x3, 0xff, 0xc0,
    0x3, 0xff, 0xc0, 0x0, 0x3f, 0xfc, 0x0, 0x3f,
    0xfc, 0x0, 0x3, 0xff, 0xe0, 0x1, 0xff, 0xe0,
    0x0, 0x1f, 0xfe, 0x0, 0x1f, 0xfe, 0x0, 0x1,
    0xff, 0xe0, 0x1, 0xff, 0xf0, 0x0, 0x1f, 0xff,
    0x0, 0xf, 0xff, 0x0, 0x0, 0xff, 0xf0, 0x0,
    0xff, 0xf0, 0x0, 0xf, 0xff, 0x80, 0xf, 0xff,
    0x80, 0x0, 0xff, 0xf8, 0x0, 0xff, 0xf8, 0x0,
    0x7, 0xff, 0xc0, 0x7, 0xff, 0xc0, 0x0, 0x7f,
    0xfc, 0x0, 0x7f, 0xfc, 0x0, 0x7, 0xff, 0xc0,
    0x7, 0xff, 0xe0, 0x0, 0x7f, 0xfe, 0x0, 0x3f,
    0xfe, 0x0, 0x3, 0xff, 0xe0, 0x3, 0xff, 0xe0,
    0x0, 0x3f, 0xff, 0x0, 0x3f, 0xff, 0x0, 0x3,
    0xff, 0xf0, 0x1, 0xff, 0xf0, 0x0, 0x1f, 0xff,
    0x0, 0x1f, 0xff, 0x80, 0x1, 0xff, 0xf8, 0x1,
    0xff, 0xf8, 0x0, 0x1f, 0xff, 0x80, 0x1f, 0xff,
    0x80, 0x0, 0xff, 0xfc, 0x0, 0xff, 0xfc, 0x0,
    0xf, 0xff, 0xc0, 0xf, 0xff, 0xc0, 0x0, 0xff,
    0xfe, 0x0, 0xff, 0xfe, 0x0, 0x7, 0xff, 0xe0,
    0x7, 0xff, 0xe0, 0x0, 0x1f, 0xff, 0x80, 0x1f,
    0xff, 0x80, 0x0, 0xff, 0xfc, 0x0, 0x7f, 0xfc,
    0x0, 0x3, 0xff, 0xf0, 0x3, 0xff, 0xf0, 0x0,
    0xf, 0xff, 0x80, 0xf, 0xff, 0xc0, 0x0, 0x3f,
    0xfe, 0x0, 0x3f, 0xfe, 0x0, 0x1, 0xff, 0xf8,
    0x1, 0xff, 0xf8, 0x0, 0x7, 0xff, 0xc0, 0x7,
    0xff, 0xc0, 0x0, 0x1f, 0xff, 0x0, 0x1f, 0xff,
    0x0, 0x0, 0xff, 0xf8, 0x0, 0x7f, 0xfc, 0x0,
    0x3, 0xff, 0xe0, 0x3, 0xff, 0xe0, 0x0, 0xf,
    0xff, 0x80, 0xf, 0xff, 0x80, 0x0, 0x7f, 0xfc,
    0x0, 0x3f, 0xfc, 0x0, 0x1, 0xff, 0xf0, 0x1,
    0xff, 0xf0, 0x0, 0x7, 0xff, 0x80, 0x7, 0xff,
    0xc0, 0x0, 0x1f, 0xfe, 0x0, 0x1f, 0xfe, 0x0,
    0x0, 0xff, 0xf8, 0x0, 0xff, 0xf8, 0x0, 0x3,
    0xff, 0xc0, 0x3, 0xff, 0xc0, 0x0, 0xf, 0xff,
    0x0, 0xf, 0xff, 0x0, 0x0, 0x7f, 0xf8, 0x0,
    0x3f, 0xfc, 0x0, 0x1, 0xff, 0xe0, 0x1, 0xff,
    0xe0, 0x0, 0x7, 0xff, 0x80, 0x7, 0xff, 0x80,
    0x0, 0x3f, 0xfc, 0x0, 0x1f, 0xfc, 0x0, 0x0,
    0xff, 0xf0, 0x0, 0xff, 0xf0, 0x0, 0x3, 0xff,
    0xc0, 0x3, 0xff, 0xc0,

    /* U+00AC "¬" */
    0xff, 0xff, 0xff, 0xff, 0xff, 0xff, 0xff, 0xff,
    0xff, 0xff, 0xff, 0xff, 0xff, 0xff, 0xff, 0xff,
    0xff, 0xff, 0xff, 0xff, 0xff, 0xff, 0xff, 0xff,
    0xff, 0xff, 0xff, 0xff, 0xff, 0xff, 0xff, 0xff,
    0xff, 0xff, 0xff, 0xff, 0xff, 0xff, 0xff, 0xff,
    0xff, 0xff, 0xff, 0xff, 0xff, 0xff, 0xff, 0xff,
    0xff, 0xff, 0xff, 0xff, 0xff, 0xff, 0xff, 0xff,
    0xff, 0xff, 0xff, 0xff, 0xff, 0xff, 0xff, 0xff,
    0xff, 0x0, 0x0, 0x0, 0x0, 0x0, 0xff, 0xf0,
    0x0, 0x0, 0x0, 0x0, 0xf, 0xff, 0x0, 0x0,
    0x0, 0x0, 0x0, 0xff, 0xf0, 0x0, 0x0, 0x0,
    0x0, 0xf, 0xff, 0x0, 0x0, 0x0, 0x0, 0x0,
    0xff, 0xf0, 0x0, 0x0, 0x0, 0x0, 0xf, 0xff,
    0x0, 0x0, 0x0, 0x0, 0x0, 0xff, 0xf0, 0x0,
    0x0, 0x0, 0x0, 0xf, 0xff, 0x0, 0x0, 0x0,
    0x0, 0x0, 0xff, 0xf0, 0x0, 0x0, 0x0, 0x0,
    0xf, 0xff, 0x0, 0x0, 0x0, 0x0, 0x0, 0xff,
    0xf0, 0x0, 0x0, 0x0, 0x0, 0xf, 0xff, 0x0,
    0x0, 0x0, 0x0, 0x0, 0xff, 0xf0, 0x0, 0x0,
    0x0, 0x0, 0xf, 0xff, 0x0, 0x0, 0x0, 0x0,
    0x0, 0xff, 0xf0, 0x0, 0x0, 0x0, 0x0, 0xf,
    0xff, 0x0, 0x0, 0x0, 0x0, 0x0, 0xff, 0xf0,

    /* U+00AD "­" */
    0xff, 0xff, 0xff, 0xff, 0xff, 0xff, 0xff, 0xff,
    0xff, 0xff, 0xff, 0xff, 0xff, 0xff, 0xff, 0xff,
    0xff, 0xff, 0xff, 0xff, 0xff, 0xff, 0xff, 0xff,
    0xff, 0xff, 0xff, 0xff, 0xff, 0xff, 0xff, 0xff,
    0xff, 0xff, 0xff, 0xff, 0xff, 0xff, 0xff, 0xff,
    0xff, 0xff, 0xff, 0xff, 0xff, 0xff, 0xff, 0xff,
    0xff, 0xff, 0xff, 0xff, 0xff, 0xff, 0xff, 0xff,
    0xff, 0xff, 0xff, 0xff, 0xff, 0xc0,

    /* U+00AE "®" */
    0x0, 0x0, 0x0, 0x0, 0x3, 0xff, 0xe0, 0x0,
    0x0, 0x0, 0x0, 0x0, 0x0, 0x0, 0x0, 0x3f,
    0xff, 0xff, 0x80, 0x0, 0x0, 0x0, 0x0, 0x0,
    0x0, 0x0, 0xff, 0xff, 0xff, 0xf8, 0x0, 0x0,
    0x0, 0x0, 0x0, 0x0, 0x3, 0xff, 0xff, 0xff,
    0xff, 0x80, 0x0, 0x0, 0x0, 0x0, 0x0, 0x7,
    0xff, 0xff, 0xff, 0xff, 0xf0, 0x0, 0x0, 0x0,
    0x0, 0x0, 0xf, 0xff, 0xff, 0xff, 0xff, 0xfe,
    0x0, 0x0, 0x0, 0x0, 0x0, 0xf, 0xff, 0xff,
    0xff, 0xff, 0xff, 0xc0, 0x0, 0x0, 0x0, 0x0,
    0x1f, 0xff, 0xf8, 0x0, 0x7f, 0xff, 0xf0, 0x0,
    0x0, 0x0, 0x0, 0x1f, 0xff, 0xc0, 0x0, 0x3,
    0xff, 0xfc, 0x0, 0x0, 0x0, 0x0, 0x3f, 0xff,
    0x0, 0x0, 0x0, 0x3f, 0xff, 0x80, 0x0, 0x0,
    0x0, 0x3f, 0xfc, 0x0, 0x0, 0x0, 0x7, 0xff,
    0xe0, 0x0, 0x0, 0x0, 0x3f, 0xfc, 0x0, 0x0,
    0x0, 0x0, 0xff, 0xf8, 0x0, 0x0, 0x0, 0x3f,
    0xf8, 0x0, 0x0, 0x0, 0x0, 0x1f, 0xfe, 0x0,
    0x0, 0x0, 0x3f, 0xf0, 0x0, 0x0, 0x0, 0x0,
    0x3, 0xff, 0x80, 0x0, 0x0, 0x3f, 0xf0, 0x0,
    0x0, 0x0, 0x0, 0x0, 0xff, 0xe0, 0x0, 0x0,
    0x3f, 0xf0, 0x0, 0x0, 0x0, 0x0, 0x0, 0x3f,
    0xf8, 0x0, 0x0, 0x3f, 0xf0, 0x0, 0x0, 0x0,
    0x0, 0x0, 0xf, 0xfe, 0x0, 0x0, 0x3f, 0xf0,
    0x0, 0x0, 0x0, 0x0, 0x0, 0x3, 0xff, 0x80,
    0x0, 0x1f, 0xf0, 0x0, 0x0, 0x0, 0x0, 0x0,
    0x0, 0xff, 0xc0, 0x0, 0x1f, 0xf0, 0x7, 0xff,
    0xff, 0xf8, 0x0, 0x0, 0x3f, 0xf0, 0x0, 0x1f,
    0xf0, 0x3, 0xff, 0xff, 0xff, 0xc0, 0x0, 0xf,
    0xfc, 0x0, 0xf, 0xf0, 0x1, 0xff, 0xff, 0xff,
    0xf8, 0x0, 0x3, 0xfe, 0x0, 0xf, 0xf0, 0x0,
    0xff, 0xff, 0xff, 0xff, 0x0, 0x0, 0xff, 0x80,
    0x7, 0xf8, 0x0, 0x7f, 0xff, 0xff, 0xff, 0xc0,
    0x0, 0x7f, 0xc0, 0x7, 0xf8, 0x0, 0x3f, 0xff,
    0xff, 0xff, 0xf0, 0x0, 0x1f, 0xf0, 0x3, 0xf8,
    0x0, 0x1f, 0xff, 0xff, 0xff, 0xfc, 0x0, 0xf,
    0xf8, 0x3, 0xfc, 0x0, 0xf, 0xff, 0xff, 0xff,
    0xff, 0x0, 0x3, 0xfe, 0x1, 0xfc, 0x0, 0x7,
    0xfc, 0x0, 0xf, 0xff, 0x80, 0x0, 0xff, 0x1,
    0xfe, 0x0, 0x3, 0xfe, 0x0, 0x0, 0xff, 0xe0,
    0x0, 0x7f, 0xc0, 0xfe, 0x0, 0x1, 0xff, 0x0,
    0x0, 0x3f, 0xf0, 0x0, 0x1f, 0xe0, 0x7f, 0x0,
    0x0, 0xff, 0x80, 0x0, 0xf, 0xfc, 0x0, 0xf,
    0xf0, 0x7f, 0x80, 0x0, 0x7f, 0xc0, 0x0, 0x7,
    0xfe, 0x0, 0x7, 0xfc, 0x3f, 0x80, 0x0, 0x3f,
    0xe0, 0x0, 0x1, 0xff, 0x0, 0x1, 0xfe, 0x1f,
    0xc0, 0x0, 0x1f, 0xf0, 0x0, 0x0, 0xff, 0x80,
    0x0, 0xff, 0x1f, 0xe0, 0x0, 0xf, 0xf8, 0x0,
    0x0, 0x7f, 0xc0, 0x0, 0x7f, 0xcf, 0xe0, 0x0,
    0x7, 0xfc, 0x0, 0x0, 0x3f, 0xe0, 0x0, 0x1f,
    0xe7, 0xf0, 0x0, 0x3, 0xfe, 0x0, 0x0, 0x1f,
    0xf0, 0x0, 0xf, 0xf3, 0xf8, 0x0, 0x1, 0xff,
    0x0, 0x0, 0x1f, 0xf8, 0x0, 0x7, 0xf9, 0xfc,
    0x0, 0x0, 0xff, 0x80, 0x0, 0xf, 0xf8, 0x0,
    0x3, 0xfd, 0xfe, 0x0, 0x0, 0x7f, 0xc0, 0x0,
    0xf, 0xfc, 0x0, 0x1, 0xff, 0xfe, 0x0, 0x0,
    0x3f, 0xe0, 0x0, 0x1f, 0xfc, 0x0, 0x0, 0x7f,
    0xff, 0x0, 0x0, 0x1f, 0xf0, 0x0, 0x7f, 0xfe,
    0x0, 0x0, 0x3f, 0xff, 0x80, 0x0, 0xf, 0xff,
    0xff, 0xff, 0xfe, 0x0, 0x0, 0x1f, 0xff, 0xc0,
    0x0, 0x7, 0xff, 0xff, 0xff, 0xfe, 0x0, 0x0,
    0xf, 0xff, 0xe0, 0x0, 0x3, 0xff, 0xff, 0xff,
    0xfe, 0x0, 0x0, 0x7, 0xff, 0xf0, 0x0, 0x1,
    0xff, 0xff, 0xff, 0xfc, 0x0, 0x0, 0x3, 0xff,
    0xf8, 0x0, 0x0, 0xff, 0xff, 0xff, 0xff, 0x0,
    0x0, 0x1, 0xff, 0xfc, 0x0, 0x0, 0x7f, 0xff,
    0xff, 0xff, 0xc0, 0x0, 0x0, 0xff, 0xfe, 0x0,
    0x0, 0x3f, 0xff, 0xff, 0xff, 0xf0, 0x0, 0x0,
    0x7f, 0xff, 0x0, 0x0, 0x1f, 0xff, 0xff, 0xff,
    0xfc, 0x0, 0x0, 0x3f, 0xff, 0x80, 0x0, 0xf,
    0xf8, 0x0, 0x1f, 0xff, 0x0, 0x0, 0x1f, 0xff,
    0xc0, 0x0, 0x7, 0xfc, 0x0, 0x1, 0xff, 0x80,
    0x0, 0xf, 0xff, 0xe0, 0x0, 0x3, 0xfe, 0x0,
    0x0, 0x7f, 0xe0, 0x0, 0x7, 0xff, 0xf8, 0x0,
    0x1, 0xff, 0x0, 0x0, 0x1f, 0xf0, 0x0, 0x7,
    0xfd, 0xfc, 0x0, 0x0, 0xff, 0x80, 0x0, 0xf,
    0xf8, 0x0, 0x3, 0xfc, 0xfe, 0x0, 0x0, 0x7f,
    0xc0, 0x0, 0x3, 0xfe, 0x0, 0x1, 0xfe, 0x7f,
    0x0, 0x0, 0x3f, 0xe0, 0x0, 0x1, 0xff, 0x0,
    0x0, 0xff, 0x3f, 0x80, 0x0, 0x1f, 0xf0, 0x0,
    0x0, 0xff, 0x80, 0x0, 0x7f, 0x9f, 0xe0, 0x0,
    0xf, 0xf8, 0x0, 0x0, 0x7f, 0xc0, 0x0, 0x7f,
    0xc7, 0xf0, 0x0, 0x7, 0xfc, 0x0, 0x0, 0x3f,
    0xe0, 0x0, 0x3f, 0xc3, 0xf8, 0x0, 0x3, 0xfe,
    0x0, 0x0, 0x1f, 0xf0, 0x0, 0x1f, 0xe1, 0xfe,
    0x0, 0x1, 0xff, 0x0, 0x0, 0xf, 0xf8, 0x0,
    0x1f, 0xf0, 0x7f, 0x0, 0x0, 0xff, 0x80, 0x0,
    0x7, 0xfc, 0x0, 0xf, 0xf0, 0x3f, 0xc0, 0x0,
    0x7f, 0xc0, 0x0, 0x3, 0xfe, 0x0, 0xf, 0xf8,
    0x1f, 0xe0, 0x0, 0x3f, 0xe0, 0x0, 0x1, 0xff,
    0x0, 0x7, 0xfc, 0x7, 0xf0, 0x0, 0x1f, 0xf0,
    0x0, 0x0, 0xff, 0x80, 0x3, 0xfc, 0x3, 0xfc,
    0x0, 0xf, 0xf8, 0x0, 0x0, 0x7f, 0xc0, 0x3,
    0xfe, 0x0, 0xff, 0x0, 0x7, 0xfc, 0x0, 0x0,
    0x3f, 0xe0, 0x3, 0xfe, 0x0, 0x7f, 0x80, 0x3,
    0xfe, 0x0, 0x0, 0x1f, 0xf0, 0x1, 0xff, 0x0,
    0x1f, 0xe0, 0x1, 0xff, 0x0, 0x0, 0xf, 0xf8,
    0x1, 0xff, 0x0, 0xf, 0xf0, 0x0, 0xff, 0x80,
    0x0, 0x7, 0xfe, 0x1, 0xff, 0x80, 0x3, 0xfc,
    0x0, 0x7f, 0xc0, 0x0, 0x3, 0xff, 0x0, 0xff,
    0x80, 0x1, 0xff, 0x0, 0x0, 0x0, 0x0, 0x0,
    0x0, 0x0, 0xff, 0xc0, 0x0, 0x7f, 0xc0, 0x0,
    0x0, 0x0, 0x0, 0x0, 0x0, 0xff, 0xc0, 0x0,
    0x1f, 0xf0, 0x0, 0x0, 0x0, 0x0, 0x0, 0x0,
    0xff, 0xc0, 0x0, 0x7, 0xfc, 0x0, 0x0, 0x0,
    0x0, 0x0, 0x0, 0xff, 0xc0, 0x0, 0x3, 0xff,
    0x0, 0x0, 0x0, 0x0, 0x0, 0x0, 0xff, 0xe0,
    0x0, 0x0, 0xff, 0xc0, 0x0, 0x0, 0x0, 0x0,
    0x0, 0xff, 0xe0, 0x0, 0x0, 0x3f, 0xf0, 0x0,
    0x0, 0x0, 0x0, 0x0, 0xff, 0xe0, 0x0, 0x0,
    0xf, 0xfc, 0x0, 0x0, 0x0, 0x0, 0x0, 0xff,
    0xe0, 0x0, 0x0, 0x3, 0xff, 0x80, 0x0, 0x0,
    0x0, 0x1, 0xff, 0xe0, 0x0, 0x0, 0x0, 0xff,
    0xf0, 0x0, 0x0, 0x0, 0x3, 0xff, 0xe0, 0x0,
    0x0, 0x0, 0x3f, 0xfe, 0x0, 0x0, 0x0, 0x7,
    0xff, 0xe0, 0x0, 0x0, 0x0, 0xf, 0xff, 0xc0,
    0x0, 0x0, 0xf, 0xff, 0xe0, 0x0, 0x0, 0x0,
    0x1, 0xff, 0xfc, 0x0, 0x0, 0x3f, 0xff, 0xc0,
    0x0, 0x0, 0x0, 0x0, 0x7f, 0xff, 0xe0, 0x1,
    0xff, 0xff, 0xc0, 0x0, 0x0, 0x0, 0x0, 0xf,
    0xff, 0xff, 0xff, 0xff, 0xff, 0x80, 0x0, 0x0,
    0x0, 0x0, 0x3, 0xff, 0xff, 0xff, 0xff, 0xff,
    0x80, 0x0, 0x0, 0x0, 0x0, 0x0, 0x7f, 0xff,
    0xff, 0xff, 0xff, 0x0, 0x0, 0x0, 0x0, 0x0,
    0x0, 0xf, 0xff, 0xff, 0xff, 0xfe, 0x0, 0x0,
    0x0, 0x0, 0x0, 0x0, 0x0, 0xff, 0xff, 0xff,
    0xf8, 0x0, 0x0, 0x0, 0x0, 0x0, 0x0, 0x0,
    0xf, 0xff, 0xff, 0xe0, 0x0, 0x0, 0x0, 0x0,
    0x0, 0x0, 0x0, 0x0, 0x3f, 0xfe, 0x0, 0x0,
    0x0, 0x0, 0x0,

    /* U+00AF "¯" */
    0xff, 0xff, 0xff, 0xff, 0xff, 0xff, 0xff, 0xff,
    0xff, 0xff, 0xff, 0xff, 0xff, 0xff, 0xff, 0xff,
    0xff, 0xff, 0xff, 0xff, 0xff, 0xff, 0xff, 0xff,
    0xff, 0xff, 0xff, 0xff, 0xff, 0xff, 0xff, 0xff,
    0xff, 0xff, 0xff, 0xff, 0xff, 0xff, 0xff, 0xff,
    0xff, 0xff, 0xff, 0xff, 0xff, 0xff, 0xff, 0xff,
    0xff, 0xff, 0xff, 0xff, 0xff, 0xfc,

    /* U+00B0 "°" */
    0x0, 0x7, 0xf8, 0x0, 0x0, 0xf, 0xff, 0xc0,
    0x0, 0xf, 0xff, 0xfc, 0x0, 0x7, 0xff, 0xff,
    0x80, 0x3, 0xff, 0xff, 0xf8, 0x1, 0xff, 0xff,
    0xfe, 0x0, 0xff, 0xff, 0xff, 0xc0, 0x7f, 0xff,
    0xff, 0xf8, 0x3f, 0xff, 0xff, 0xff, 0xf, 0xff,
    0x3, 0xff, 0xc7, 0xff, 0x0, 0x3f, 0xf9, 0xff,
    0x80, 0x7, 0xfe, 0x7f, 0xc0, 0x0, 0xff, 0xbf,
    0xf0, 0x0, 0x3f, 0xff, 0xf8, 0x0, 0x7, 0xff,
    0xfe, 0x0, 0x1, 0xff, 0xff, 0x80, 0x0, 0x7f,
    0xff, 0xe0, 0x0, 0x1f, 0xff, 0xf8, 0x0, 0x7,
    0xff, 0xfe, 0x0, 0x1, 0xff, 0xff, 0xc0, 0x0,
    0xff, 0xdf, 0xf0, 0x0, 0x3f, 0xe7, 0xfe, 0x0,
    0x1f, 0xf9, 0xff, 0xc0, 0xf, 0xfe, 0x3f, 0xfc,
    0xf, 0xff, 0xf, 0xff, 0xff, 0xff, 0xc1, 0xff,
    0xff, 0xff, 0xe0, 0x3f, 0xff, 0xff, 0xf8, 0xf,
    0xff, 0xff, 0xfc, 0x1, 0xff, 0xff, 0xfe, 0x0,
    0x1f, 0xff, 0xff, 0x0, 0x3, 0xff, 0xff, 0x0,
    0x0, 0x3f, 0xff, 0x0, 0x0, 0x1, 0xfe, 0x0,
    0x0,

    /* U+00B1 "±" */
    0x0, 0x0, 0x7, 0xff, 0xf8, 0x0, 0x0, 0x0,
    0x0, 0x1, 0xff, 0xfe, 0x0, 0x0, 0x0, 0x0,
    0x0, 0x7f, 0xff, 0x80, 0x0, 0x0, 0x0, 0x0,
    0x1f, 0xff, 0xe0, 0x0, 0x0, 0x0, 0x0, 0x7,
    0xff, 0xf8, 0x0, 0x0, 0x0, 0x0, 0x1, 0xff,
    0xfe, 0x0, 0x0, 0x0, 0x0, 0x0, 0x7f, 0xff,
    0x80, 0x0, 0x0, 0x0, 0x0, 0x1f, 0xff, 0xe0,
    0x0, 0x0, 0x0, 0x0, 0x7, 0xff, 0xf8, 0x0,
    0x0, 0x0, 0x0, 0x1, 0xff, 0xfe, 0x0, 0x0,
    0x0, 0x0, 0x0, 0x7f, 0xff, 0x80, 0x0, 0x0,
    0x0, 0x0, 0x1f, 0xff, 0xe0, 0x0, 0x0, 0x0,
    0x0, 0x7, 0xff, 0xf8, 0x0, 0x0, 0x0, 0x0,
    0x1, 0xff, 0xfe, 0x0, 0x0, 0x0, 0x0, 0x0,
    0x7f, 0xff, 0x80, 0x0, 0x0, 0x0, 0x0, 0x1f,
    0xff, 0xe0, 0x0, 0x0, 0x0, 0x0, 0x7, 0xff,
    0xf8, 0x0, 0x0, 0x0, 0x0, 0x1, 0xff, 0xfe,
    0x0, 0x0, 0x0, 0x0, 0x0, 0x7f, 0xff, 0x80,
    0x0, 0x0, 0x0, 0x0, 0x1f, 0xff, 0xe0, 0x0,
    0x0, 0x0, 0x0, 0x7, 0xff, 0xf8, 0x0, 0x0,
    0x0, 0x0, 0x1, 0xff, 0xfe, 0x0, 0x0, 0x0,
    0x0, 0x0, 0x7f, 0xff, 0x80, 0x0, 0x3, 0xff,
    0xff, 0xff, 0xff, 0xff, 0xff, 0xff, 0xff, 0xff,
    0xff, 0xff, 0xff, 0xff, 0xff, 0xff, 0xff, 0xff,
    0xff, 0xff, 0xff, 0xff, 0xff, 0xff, 0xff, 0xff,
    0xff, 0xff, 0xff, 0xff, 0xff, 0xff, 0xff, 0xff,
    0xff, 0xff, 0xff, 0xff, 0xff, 0xff, 0xff, 0xff,
    0xff, 0xff, 0xff, 0xff, 0xff, 0xff, 0xff, 0xff,
    0xff, 0xff, 0xff, 0xff, 0xff, 0xff, 0xff, 0xff,
    0xff, 0xff, 0xff, 0xff, 0xff, 0xff, 0xff, 0xff,
    0xff, 0xff, 0xff, 0xff, 0xff, 0xff, 0xff, 0xff,
    0xff, 0xff, 0xff, 0xff, 0xff, 0xff, 0xff, 0xff,
    0xff, 0xff, 0xff, 0xff, 0xff, 0xff, 0xff, 0xff,
    0xff, 0xff, 0xff, 0xff, 0xff, 0xff, 0xff, 0xff,
    0xff, 0xff, 0xff, 0xff, 0xc0, 0x0, 0x1, 0xff,
    0xfe, 0x0, 0x0, 0x0, 0x0, 0x0, 0x7f, 0xff,
    0x80, 0x0, 0x0, 0x0, 0x0, 0x1f, 0xff, 0xe0,
    0x0, 0x0, 0x0, 0x0, 0x7, 0xff, 0xf8, 0x0,
    0x0, 0x0, 0x0, 0x1, 0xff, 0xfe, 0x0, 0x0,
    0x0, 0x0, 0x0, 0x7f, 0xff, 0x80, 0x0, 0x0,
    0x0, 0x0, 0x1f, 0xff, 0xe0, 0x0, 0x0, 0x0,
    0x0, 0x7, 0xff, 0xf8, 0x0, 0x0, 0x0, 0x0,
    0x1, 0xff, 0xfe, 0x0, 0x0, 0x0, 0x0, 0x0,
    0x7f, 0xff, 0x80, 0x0, 0x0, 0x0, 0x0, 0x1f,
    0xff, 0xe0, 0x0, 0x0, 0x0, 0x0, 0x7, 0xff,
    0xf8, 0x0, 0x0, 0x0, 0x0, 0x1, 0xff, 0xfe,
    0x0, 0x0, 0x0, 0x0, 0x0, 0x7f, 0xff, 0x80,
    0x0, 0x0, 0x0, 0x0, 0x1f, 0xff, 0xe0, 0x0,
    0x0, 0x0, 0x0, 0x7, 0xff, 0xf8, 0x0, 0x0,
    0x0, 0x0, 0x1, 0xff, 0xfe, 0x0, 0x0, 0x0,
    0x0, 0x0, 0x7f, 0xff, 0x80, 0x0, 0x0, 0x0,
    0x0, 0x1f, 0xff, 0xe0, 0x0, 0x0, 0x0, 0x0,
    0x7, 0xff, 0xf8, 0x0, 0x0, 0x0, 0x0, 0x1,
    0xff, 0xfe, 0x0, 0x0, 0x0, 0x0, 0x0, 0x7f,
    0xff, 0x80, 0x0, 0x0, 0x0, 0x0, 0x1f, 0xff,
    0xe0, 0x0, 0x0, 0x0, 0x0, 0x0, 0x0, 0x0,
    0x0, 0x0, 0x0, 0x0, 0x0, 0x0, 0x0, 0x0,
    0x0, 0x0, 0x0, 0x0, 0x0, 0x0, 0x0, 0x0,
    0x0, 0x0, 0x0, 0x0, 0x0, 0x0, 0x0, 0x0,
    0x0, 0x0, 0x0, 0x0, 0x0, 0x0, 0x0, 0x0,
    0x0, 0x0, 0x0, 0x0, 0x0, 0x0, 0x0, 0x0,
    0x0, 0x0, 0x0, 0x0, 0x0, 0x0, 0xff, 0xff,
    0xff, 0xff, 0xff, 0xff, 0xfc, 0x3f, 0xff, 0xff,
    0xff, 0xff, 0xff, 0xff, 0xf, 0xff, 0xff, 0xff,
    0xff, 0xff, 0xff, 0xc3, 0xff, 0xff, 0xff, 0xff,
    0xff, 0xff, 0xf0, 0xff, 0xff, 0xff, 0xff, 0xff,
    0xff, 0xfc, 0x3f, 0xff, 0xff, 0xff, 0xff, 0xff,
    0xff, 0xf, 0xff, 0xff, 0xff, 0xff, 0xff, 0xff,
    0xc3, 0xff, 0xff, 0xff, 0xff, 0xff, 0xff, 0xf0,
    0xff, 0xff, 0xff, 0xff, 0xff, 0xff, 0xfc, 0x3f,
    0xff, 0xff, 0xff, 0xff, 0xff, 0xff, 0xf, 0xff,
    0xff, 0xff, 0xff, 0xff, 0xff, 0xc3, 0xff, 0xff,
    0xff, 0xff, 0xff, 0xff, 0xf0, 0xff, 0xff, 0xff,
    0xff, 0xff, 0xff, 0xfc, 0x3f, 0xff, 0xff, 0xff,
    0xff, 0xff, 0xff, 0x0,

    /* U+00B2 "²" */
    0x0, 0x3, 0xff, 0x80, 0x0, 0x0, 0x1f, 0xff,
    0xf0, 0x0, 0x0, 0x7f, 0xff, 0xfe, 0x0, 0x1,
    0xff, 0xff, 0xff, 0x0, 0x3, 0xff, 0xff, 0xff,
    0x80, 0x7, 0xff, 0xff, 0xff, 0xc0, 0xf, 0xff,
    0xff, 0xff, 0xe0, 0x1f, 0xff, 0xff, 0xff, 0xf0,
    0x3f, 0xff, 0xff, 0xff, 0xf8, 0x3f, 0xff, 0xff,
    0xff, 0xf8, 0x7f, 0xff, 0x83, 0xff, 0xf8, 0x7f,
    0xfe, 0x0, 0xff, 0xfc, 0x7f, 0xfc, 0x0, 0xff,
    0xfc, 0xff, 0xfc, 0x0, 0x7f, 0xfc, 0xff, 0xf8,
    0x0, 0x7f, 0xfc, 0xff, 0xf8, 0x0, 0x7f, 0xfc,
    0xff, 0xf8, 0x0, 0x7f, 0xfc, 0x0, 0x0, 0x0,
    0xff, 0xfc, 0x0, 0x0, 0x0, 0xff, 0xfc, 0x0,
    0x0, 0x1, 0xff, 0xf8, 0x0, 0x0, 0x1, 0xff,
    0xf8, 0x0, 0x0, 0x3, 0xff, 0xf8, 0x0, 0x0,
    0x7, 0xff, 0xf0, 0x0, 0x0, 0xf, 0xff, 0xf0,
    0x0, 0x0, 0x1f, 0xff, 0xe0, 0x0, 0x0, 0x3f,
    0xff, 0xc0, 0x0, 0x0, 0x7f, 0xff, 0x80, 0x0,
    0x0, 0xff, 0xff, 0x0, 0x0, 0x1, 0xff, 0xfe,
    0x0, 0x0, 0x3, 0xff, 0xfc, 0x0, 0x0, 0x7,
    0xff, 0xf8, 0x0, 0x0, 0xf, 0xff, 0xf0, 0x0,
    0x0, 0x1f, 0xff, 0xe0, 0x0, 0x0, 0x3f, 0xff,
    0x80, 0x0, 0x0, 0x7f, 0xff, 0x0, 0x0, 0x0,
    0xff, 0xfe, 0x0, 0x0, 0x1, 0xff, 0xfc, 0x0,
    0x0, 0x7, 0xff, 0xf8, 0x0, 0x0, 0xf, 0xff,
    0xe0, 0x0, 0x0, 0x1f, 0xff, 0xc0, 0x0, 0x0,
    0x3f, 0xff, 0xff, 0xff, 0xff, 0x7f, 0xff, 0xff,
    0xff, 0xff, 0x7f, 0xff, 0xff, 0xff, 0xff, 0x7f,
    0xff, 0xff, 0xff, 0xff, 0x7f, 0xff, 0xff, 0xff,
    0xff, 0x7f, 0xff, 0xff, 0xff, 0xff, 0x7f, 0xff,
    0xff, 0xff, 0xff, 0x7f, 0xff, 0xff, 0xff, 0xff,
    0x7f, 0xff, 0xff, 0xff, 0xff, 0x7f, 0xff, 0xff,
    0xff, 0xff,

    /* U+00B3 "³" */
    0x0, 0x1, 0xff, 0xc0, 0x0, 0x0, 0x1f, 0xff,
    0xfc, 0x0, 0x0, 0x7f, 0xff, 0xff, 0x80, 0x1,
    0xff, 0xff, 0xff, 0xc0, 0x3, 0xff, 0xff, 0xff,
    0xf0, 0xf, 0xff, 0xff, 0xff, 0xf8, 0xf, 0xff,
    0xff, 0xff, 0xfc, 0x1f, 0xff, 0xff, 0xff, 0xfc,
    0x3f, 0xff, 0xff, 0xff, 0xfe, 0x3f, 0xff, 0xff,
    0xff, 0xfe, 0x7f, 0xff, 0x80, 0xff, 0xff, 0x7f,
    0xfe, 0x0, 0x7f, 0xff, 0x7f, 0xfc, 0x0, 0x3f,
    0xff, 0x7f, 0xfc, 0x0, 0x1f, 0xff, 0x0, 0x0,
    0x0, 0x1f, 0xff, 0x0, 0x0, 0x0, 0x1f, 0xff,
    0x0, 0x0, 0x0, 0x1f, 0xff, 0x0, 0x0, 0x0,
    0x1f, 0xfe, 0x0, 0x0, 0x0, 0x3f, 0xfe, 0x0,
    0x0, 0x0, 0x7f, 0xfc, 0x0, 0x0, 0x1, 0xff,
    0xfc, 0x0, 0x3, 0xff, 0xff, 0xf8, 0x0, 0x3,
    0xff, 0xff, 0xe0, 0x0, 0x3, 0xff, 0xff, 0xc0,
    0x0, 0x3, 0xff, 0xff, 0x0, 0x0, 0x3, 0xff,
    0xff, 0x0, 0x0, 0x3, 0xff, 0xff, 0xe0, 0x0,
    0x3, 0xff, 0xff, 0xf0, 0x0, 0x3, 0xff, 0xff,
    0xf8, 0x0, 0x0, 0x0, 0xff, 0xfc, 0x0, 0x0,
    0x0, 0x7f, 0xfe, 0x0, 0x0, 0x0, 0x3f, 0xfe,
    0x0, 0x0, 0x0, 0x1f, 0xff, 0x0, 0x0, 0x0,
    0x1f, 0xff, 0x0, 0x0, 0x0, 0x1f, 0xff, 0xff,
    0xf8, 0x0, 0x1f, 0xff, 0xff, 0xf8, 0x0, 0x1f,
    0xff, 0xff, 0xfc, 0x0, 0x3f, 0xff, 0xff, 0xfe,
    0x0, 0x3f, 0xff, 0x7f, 0xff, 0x0, 0x7f, 0xff,
    0x7f, 0xff, 0xff, 0xff, 0xfe, 0x7f, 0xff, 0xff,
    0xff, 0xfe, 0x3f, 0xff, 0xff, 0xff, 0xfc, 0x3f,
    0xff, 0xff, 0xff, 0xfc, 0x1f, 0xff, 0xff, 0xff,
    0xf8, 0xf, 0xff, 0xff, 0xff, 0xf0, 0x7, 0xff,
    0xff, 0xff, 0xe0, 0x1, 0xff, 0xff, 0xff, 0x80,
    0x0, 0x7f, 0xff, 0xfe, 0x0, 0x0, 0xf, 0xff,
    0xf0, 0x0, 0x0, 0x0, 0x38, 0x0, 0x0,

    /* U+00B4 "´" */
    0x0, 0xf, 0xff, 0xff, 0x0, 0xf, 0xff, 0xfe,
    0x0, 0x1f, 0xff, 0xfc, 0x0, 0x3f, 0xff, 0xf8,
    0x0, 0x3f, 0xff, 0xf0, 0x0, 0x7f, 0xff, 0xe0,
    0x0, 0xff, 0xff, 0xc0, 0x0, 0xff, 0xff, 0x80,
    0x1, 0xff, 0xff, 0x0, 0x3, 0xff, 0xff, 0x0,
    0x3, 0xff, 0xfe, 0x0, 0x7, 0xff, 0xfc, 0x0,
    0xf, 0xff, 0xf8, 0x0, 0xf, 0xff, 0xf0, 0x0,
    0x1f, 0xff, 0xe0, 0x0, 0x1f, 0xff, 0xc0, 0x0,
    0x3f, 0xff, 0x80, 0x0, 0x7f, 0xff, 0x0, 0x0,
    0x7f, 0xfe, 0x0, 0x0,

    /* U+00B5 "µ" */
    0xff, 0xff, 0xc0, 0x0, 0x0, 0x3f, 0xff, 0xff,
    0xff, 0xfc, 0x0, 0x0, 0x3, 0xff, 0xff, 0xff,
    0xff, 0xc0, 0x0, 0x0, 0x3f, 0xff, 0xff, 0xff,
    0xfc, 0x0, 0x0, 0x3, 0xff, 0xff, 0xff, 0xff,
    0xc0, 0x0, 0x0, 0x3f, 0xff, 0xff, 0xff, 0xfc,
    0x0, 0x0, 0x3, 0xff, 0xff, 0xff, 0xff, 0xc0,
    0x0, 0x0, 0x3f, 0xff, 0xff, 0xff, 0xfc, 0x0,
    0x0, 0x3, 0xff, 0xff, 0xff, 0xff, 0xc0, 0x0,
    0x0, 0x3f, 0xff, 0xff, 0xff, 0xfc, 0x0, 0x0,
    0x3, 0xff, 0xff, 0xff, 0xff, 0xc0, 0x0, 0x0,
    0x3f, 0xff, 0xff, 0xff, 0xfc, 0x0, 0x0, 0x3,
    0xff, 0xff, 0xff, 0xff, 0xc0, 0x0, 0x0, 0x3f,
    0xff, 0xff, 0xff, 0xfc, 0x0, 0x0, 0x3, 0xff,
    0xff, 0xff, 0xff, 0xc0, 0x0, 0x0, 0x3f, 0xff,
    0xff, 0xff, 0xfc, 0x0, 0x0, 0x3, 0xff, 0xff,
    0xff, 0xff, 0xc0, 0x0, 0x0, 0x3f, 0xff, 0xff,
    0xff, 0xfc, 0x0, 0x0, 0x3, 0xff, 0xff, 0xff,
    0xff, 0xc0, 0x0, 0x0, 0x3f, 0xff, 0xff, 0xff,
    0xfc, 0x0, 0x0, 0x3, 0xff, 0xff, 0xff, 0xff,
    0xc0, 0x0, 0x0, 0x3f, 0xff, 0xff, 0xff, 0xfc,
    0x0, 0x0, 0x3, 0xff, 0xff, 0xff, 0xff, 0xc0,
    0x0, 0x0, 0x3f, 0xff, 0xff, 0xff, 0xfc, 0x0,
    0x0, 0x3, 0xff, 0xff, 0xff, 0xff, 0xc0, 0x0,
    0x0, 0x3f, 0xff, 0xff, 0xff, 0xfc, 0x0, 0x0,
    0x3, 0xff, 0xff, 0xff, 0xff, 0xc0, 0x0, 0x0,
    0x3f, 0xff, 0xff, 0xff, 0xfc, 0x0, 0x0, 0x3,
    0xff, 0xff, 0xff, 0xff, 0xc0, 0x0, 0x0, 0x3f,
    0xff, 0xff, 0xff, 0xfc, 0x0, 0x0, 0x3, 0xff,
    0xff, 0xff, 0xff, 0xc0, 0x0, 0x0, 0x3f, 0xff,
    0xff, 0xff, 0xfc, 0x0, 0x0, 0x3, 0xff, 0xff,
    0xff, 0xff, 0xc0, 0x0, 0x0, 0x3f, 0xff, 0xff,
    0xff, 0xfc, 0x0, 0x0, 0x3, 0xff, 0xff, 0xff,
    0xff, 0xc0, 0x0, 0x0, 0x3f, 0xff, 0xff, 0xff,
    0xfc, 0x0, 0x0, 0x3, 0xff, 0xff, 0xff, 0xff,
    0xc0, 0x0, 0x0, 0x3f, 0xff, 0xff, 0xff, 0xfc,
    0x0, 0x0, 0x3, 0xff, 0xff, 0xff, 0xff, 0xc0,
    0x0, 0x0, 0x3f, 0xff, 0xff, 0xff, 0xfc, 0x0,
    0x0, 0x3, 0xff, 0xff, 0xff, 0xff, 0xc0, 0x0,
    0x0, 0x3f, 0xff, 0xff, 0xff, 0xfc, 0x0, 0x0,
    0x3, 0xff, 0xff, 0xff, 0xff, 0xc0, 0x0, 0x0,
    0x3f, 0xff, 0xff, 0xff, 0xfc, 0x0, 0x0, 0x3,
    0xff, 0xff, 0xff, 0xff, 0xc0, 0x0, 0x0, 0x3f,
    0xff, 0xff, 0xff, 0xfc, 0x0, 0x0, 0x3, 0xff,
    0xff, 0xff, 0xff, 0xe0, 0x0, 0x0, 0x3f, 0xff,
    0xff, 0xff, 0xfe, 0x0, 0x0, 0x3, 0xff, 0xff,
    0xff, 0xff, 0xe0, 0x0, 0x0, 0x3f, 0xff, 0xff,
    0xff, 0xff, 0x0, 0x0, 0x7, 0xff, 0xff, 0xff,
    0xff, 0xf0, 0x0, 0x0, 0x7f, 0xff, 0xff, 0xff,
    0xff, 0x80, 0x0, 0xf, 0xff, 0xff, 0xff, 0xff,
    0xfc, 0x0, 0x3, 0xff, 0xff, 0xff, 0xff, 0xff,
    0xe0, 0x0, 0x7f, 0xff, 0xff, 0xff, 0xff, 0xff,
    0x80, 0x3f, 0xff, 0xff, 0xff, 0xff, 0xff, 0xff,
    0xff, 0xff, 0xff, 0xff, 0xff, 0xff, 0xff, 0xff,
    0xff, 0xff, 0xff, 0xff, 0xff, 0xff, 0xff, 0xff,
    0xff, 0xff, 0xff, 0xff, 0xff, 0xff, 0xff, 0xff,
    0xff, 0xff, 0xff, 0xff, 0xff, 0xff, 0xff, 0xff,
    0xff, 0xff, 0xff, 0xff, 0xff, 0xff, 0xff, 0xff,
    0xff, 0xff, 0xff, 0xff, 0xff, 0xff, 0xff, 0xff,
    0xff, 0xff, 0xff, 0xff, 0xff, 0xff, 0xff, 0xff,
    0xff, 0xff, 0xff, 0xff, 0xff, 0xff, 0xff, 0xff,
    0xff, 0xff, 0xff, 0xff, 0xff, 0xdf, 0xff, 0xff,
    0xff, 0xff, 0xff, 0xff, 0xf9, 0xff, 0xff, 0xff,
    0xff, 0xff, 0xff, 0xfe, 0x1f, 0xff, 0xff, 0xff,
    0xfc, 0xff, 0xff, 0x81, 0xff, 0xff, 0xff, 0xff,
    0xc0, 0xff, 0xc0, 0x0, 0x0, 0xf, 0xff, 0xfc,
    0x0, 0x0, 0x0, 0x0, 0x0, 0xff, 0xff, 0xc0,
    0x0, 0x0, 0x0, 0x0, 0xf, 0xff, 0xfc, 0x0,
    0x0, 0x0, 0x0, 0x0, 0xff, 0xff, 0xc0, 0x0,
    0x0, 0x0, 0x0, 0xf, 0xff, 0xfc, 0x0, 0x0,
    0x0, 0x0, 0x0, 0xff, 0xff, 0xc0, 0x0, 0x0,
    0x0, 0x0, 0xf, 0xff, 0xfc, 0x0, 0x0, 0x0,
    0x0, 0x0, 0xff, 0xff, 0xc0, 0x0, 0x0, 0x0,
    0x0, 0xf, 0xff, 0xfc, 0x0, 0x0, 0x0, 0x0,
    0x0, 0xff, 0xff, 0xc0, 0x0, 0x0, 0x0, 0x0,
    0xf, 0xff, 0xfc, 0x0, 0x0, 0x0, 0x0, 0x0,
    0xff, 0xff, 0xc0, 0x0, 0x0, 0x0, 0x0, 0xf,
    0xff, 0xfc, 0x0, 0x0, 0x0, 0x0, 0x0, 0xff,
    0xff, 0xc0, 0x0, 0x0, 0x0, 0x0, 0xf, 0xff,
    0xfc, 0x0, 0x0, 0x0, 0x0, 0x0, 0xff, 0xff,
    0xc0, 0x0, 0x0, 0x0, 0x0, 0xf, 0xff, 0xfc,
    0x0, 0x0, 0x0, 0x0, 0x0, 0xff, 0xff, 0xc0,
    0x0, 0x0, 0x0, 0x0, 0xf, 0xff, 0xfc, 0x0,
    0x0, 0x0, 0x0, 0x0, 0xff, 0xff, 0xc0, 0x0,
    0x0, 0x0, 0x0, 0xf, 0xff, 0xfc, 0x0, 0x0,
    0x0, 0x0, 0x0, 0xff, 0xff, 0xc0, 0x0, 0x0,
    0x0, 0x0, 0xf, 0xff, 0xfc, 0x0, 0x0, 0x0,
    0x0, 0x0, 0xff, 0xff, 0xc0, 0x0, 0x0, 0x0,
    0x0, 0xf, 0xff, 0xfc, 0x0, 0x0, 0x0, 0x0,
    0x0,

    /* U+00B6 "¶" */
    0x0, 0x0, 0x0, 0xff, 0xff, 0xff, 0x80, 0x0,
    0xf, 0xff, 0xff, 0xff, 0xc0, 0x0, 0x3f, 0xff,
    0xff, 0xff, 0xe0, 0x0, 0x7f, 0xff, 0xff, 0xff,
    0xf0, 0x0, 0x7f, 0xff, 0xff, 0xff, 0xf8, 0x0,
    0xff, 0xff, 0xff, 0xff, 0xfc, 0x0, 0xff, 0xff,
    0xff, 0xff, 0xfe, 0x0, 0xff, 0xff, 0xff, 0xff,
    0xff, 0x0, 0xff, 0xff, 0xff, 0xff, 0xff, 0x80,
    0xff, 0xff, 0xff, 0xff, 0xff, 0xc0, 0xff, 0xff,
    0xff, 0xff, 0xff, 0xe0, 0xff, 0xff, 0xff, 0xff,
    0xff, 0xf0, 0xff, 0xff, 0xff, 0xff, 0xff, 0xf8,
    0x7f, 0xff, 0xff, 0xff, 0xff, 0xfc, 0x7f, 0xff,
    0xff, 0xff, 0xff, 0xfe, 0x3f, 0xff, 0xff, 0xff,
    0xff, 0xff, 0x3f, 0xff, 0xff, 0xff, 0xff, 0xff,
    0x9f, 0xff, 0xff, 0xff, 0xff, 0xff, 0xcf, 0xff,
    0xff, 0xff, 0xff, 0xff, 0xef, 0xff, 0xff, 0xff,
    0xff, 0xff, 0xf7, 0xff, 0xff, 0xff, 0xff, 0xff,
    0xfb, 0xff, 0xff, 0xff, 0xff, 0xff, 0xfd, 0xff,
    0xff, 0xff, 0xff, 0xff, 0xff, 0xff, 0xff, 0xff,
    0xff, 0xff, 0xff, 0xff, 0xff, 0xff, 0xff, 0xff,
    0xff, 0xff, 0xff, 0xff, 0xff, 0xff, 0xff, 0xff,
    0xff, 0xff, 0xff, 0xff, 0xff, 0xff, 0xff, 0xff,
    0xff, 0xff, 0xff, 0xff, 0xff, 0xff, 0xff, 0xff,
    0xff, 0xff, 0xff, 0xff, 0xff, 0xff, 0xff, 0xff,
    0xff, 0xff, 0xff, 0xff, 0xff, 0xff, 0xff, 0xff,
    0xff, 0xff, 0xff, 0xff, 0xff, 0xff, 0xff, 0xff,
    0xff, 0xff, 0xff, 0xff, 0xff, 0xff, 0xff, 0xff,
    0xff, 0xff, 0xff, 0xff, 0xff, 0xff, 0xef, 0xff,
    0xff, 0xff, 0xff, 0xff, 0xf7, 0xff, 0xff, 0xff,
    0xff, 0xff, 0xfb, 0xff, 0xff, 0xff, 0xff, 0xff,
    0xfd, 0xff, 0xff, 0xff, 0xff, 0xff, 0xfe, 0x7f,
    0xff, 0xff, 0xff, 0xff, 0xff, 0x3f, 0xff, 0xff,
    0xff, 0xff, 0xff, 0x9f, 0xff, 0xff, 0xff, 0xff,
    0xff, 0xc7, 0xff, 0xff, 0xff, 0xff, 0xff, 0xe3,
    0xff, 0xff, 0xff, 0xff, 0xff, 0xf0, 0xff, 0xff,
    0xff, 0xff, 0xff, 0xf8, 0x7f, 0xff, 0xff, 0xff,
    0xff, 0xfc, 0x1f, 0xff, 0xff, 0xff, 0xff, 0xfe,
    0x7, 0xff, 0xff, 0xff, 0xff, 0xff, 0x1, 0xff,
    0xff, 0xff, 0xff, 0xff, 0x80, 0x7f, 0xff, 0xff,
    0xff, 0xff, 0xc0, 0x1f, 0xff, 0xff, 0xff, 0xff,
    0xe0, 0x7, 0xff, 0xff, 0xff, 0xff, 0xf0, 0x1,
    0xff, 0xff, 0xff, 0xff, 0xf8, 0x0, 0x3f, 0xff,
    0xff, 0xff, 0xfc, 0x0, 0xf, 0xff, 0xff, 0xff,
    0xfe, 0x0, 0x0, 0xff, 0xff, 0xff, 0xff, 0x0,
    0x0, 0x1f, 0xff, 0xff, 0xff, 0x80, 0x0, 0x0,
    0x7f, 0xff, 0xff, 0xc0, 0x0, 0x0, 0x0, 0x3,
    0xff, 0xe0, 0x0, 0x0, 0x0, 0x1, 0xff, 0xf0,
    0x0, 0x0, 0x0, 0x0, 0xff, 0xf8, 0x0, 0x0,
    0x0, 0x0, 0x7f, 0xfc, 0x0, 0x0, 0x0, 0x0,
    0x3f, 0xfe, 0x0, 0x0, 0x0, 0x0, 0x1f, 0xff,
    0x0, 0x0, 0x0, 0x0, 0xf, 0xff, 0x80, 0x0,
    0x0, 0x0, 0x7, 0xff, 0xc0, 0x0, 0x0, 0x0,
    0x3, 0xff, 0xe0, 0x0, 0x0, 0x0, 0x1, 0xff,
    0xf0, 0x0, 0x0, 0x0, 0x0, 0xff, 0xf8, 0x0,
    0x0, 0x0, 0x0, 0x7f, 0xfc, 0x0, 0x0, 0x0,
    0x0, 0x3f, 0xfe, 0x0, 0x0, 0x0, 0x0, 0x1f,
    0xff, 0x0, 0x0, 0x0, 0x0, 0xf, 0xff, 0x80,
    0x0, 0x0, 0x0, 0x7, 0xff, 0xc0, 0x0, 0x0,
    0x0, 0x3, 0xff, 0xe0, 0x0, 0x0, 0x0, 0x1,
    0xff, 0xf0, 0x0, 0x0, 0x0, 0x0, 0xff, 0xf8,
    0x0, 0x0, 0x0, 0x0, 0x7f, 0xfc, 0x0, 0x0,
    0x0, 0x0, 0x3f, 0xfe, 0x0, 0x0, 0x0, 0x0,
    0x1f, 0xff, 0x0, 0x0, 0x0, 0x0, 0xf, 0xff,
    0x80, 0x0, 0x0, 0x0, 0x7, 0xff, 0xc0, 0x0,
    0x0, 0x0, 0x3, 0xff, 0xe0, 0x0, 0x0, 0x0,
    0x1, 0xff, 0xf0, 0x0, 0x0, 0x0, 0x0, 0xff,
    0xf8, 0x0, 0x0, 0x0, 0x0, 0x7f, 0xfc, 0x0,
    0x0, 0x0, 0x0, 0x3f, 0xfe, 0x0, 0x0, 0x0,
    0x0, 0x1f, 0xff, 0x0, 0x0, 0x0, 0x0, 0xf,
    0xff, 0x80, 0x0, 0x0, 0x0, 0x7, 0xff, 0xc0,
    0x0, 0x0, 0x0, 0x3, 0xff, 0xe0,

    /* U+00B7 "·" */
    0x3, 0xfc, 0x0, 0xff, 0xf0, 0x1f, 0xff, 0x83,
    0xff, 0xfc, 0x7f, 0xff, 0xe7, 0xff, 0xfe, 0xff,
    0xff, 0xff, 0xff, 0xff, 0xff, 0xff, 0xff, 0xff,
    0xff, 0xff, 0xff, 0xff, 0xff, 0xff, 0xff, 0xff,
    0xf7, 0xff, 0xfe, 0x7f, 0xff, 0xe3, 0xff, 0xfc,
    0x1f, 0xff, 0x80, 0xff, 0xf0, 0x3, 0xfc, 0x0,

    /* U+00B8 "¸" */
    0x3f, 0xfe, 0x0, 0x3f, 0xfe, 0x0, 0x7f, 0xfe,
    0x0, 0x7f, 0xfe, 0x0, 0x7f, 0xff, 0xc0, 0x7f,
    0xff, 0xf0, 0xff, 0xff, 0xf8, 0xff, 0xff, 0xfc,
    0xff, 0xff, 0xfe, 0x7, 0xff, 0xfe, 0x1, 0xff,
    0xff, 0x0, 0xff, 0xff, 0x0, 0x7f, 0xff, 0x0,
    0x7f, 0xff, 0x0, 0x7f, 0xff, 0x0, 0x7f, 0xff,
    0x0, 0xff, 0xff, 0x1, 0xff, 0xff, 0x7, 0xff,
    0xfe, 0x3f, 0xff, 0xfe, 0x3f, 0xff, 0xfe, 0x3f,
    0xff, 0xfc, 0x3f, 0xff, 0xf8, 0x3f, 0xff, 0xf0,
    0x3f, 0xff, 0xe0, 0x3f, 0xff, 0xc0, 0x3f, 0xff,
    0x0, 0x3f, 0xf8, 0x0, 0x3f, 0x80, 0x0,

    /* U+00B9 "¹" */
    0x0, 0x0, 0x7, 0x80, 0x0, 0x1f, 0xc0, 0x0,
    0x7f, 0xe0, 0x1, 0xff, 0xf0, 0x7, 0xff, 0xf8,
    0x1f, 0xff, 0xfc, 0x7f, 0xff, 0xff, 0xff, 0xff,
    0xff, 0xff, 0xff, 0xff, 0xff, 0xff, 0xff, 0xff,
    0xff, 0xff, 0xff, 0xff, 0xff, 0xff, 0xff, 0xff,
    0xff, 0xff, 0xff, 0xff, 0xff, 0xbf, 0xff, 0xfc,
    0x1f, 0xff, 0xc0, 0xf, 0xff, 0x80, 0x7, 0xff,
    0xc0, 0x3, 0xff, 0xe0, 0x1, 0xff, 0xf0, 0x0,
    0xff, 0xf8, 0x0, 0x7f, 0xfc, 0x0, 0x3f, 0xfe,
    0x0, 0x1f, 0xff, 0x0, 0xf, 0xff, 0x80, 0x7,
    0xff, 0xc0, 0x3, 0xff, 0xe0, 0x1, 0xff, 0xf0,
    0x0, 0xff, 0xf8, 0x0, 0x7f, 0xfc, 0x0, 0x3f,
    0xfe, 0x0, 0x1f, 0xff, 0x0, 0xf, 0xff, 0x80,
    0x7, 0xff, 0xc0, 0x3, 0xff, 0xe0, 0x1, 0xff,
    0xf0, 0x0, 0xff, 0xf8, 0x0, 0x7f, 0xfc, 0x0,
    0x3f, 0xfe, 0x0, 0x1f, 0xff, 0x0, 0xf, 0xff,
    0x80, 0x7, 0xff, 0xc0, 0x3, 0xff, 0xe0, 0x1,
    0xff, 0xf0, 0x0, 0xff, 0xf8, 0x0, 0x7f, 0xfc,
    0x0, 0x3f, 0xfe, 0x0, 0x1f, 0xff, 0x0, 0xf,
    0xff, 0x80,

    /* U+00BA "º" */
    0x0, 0x0, 0xff, 0xe0, 0x0, 0x0, 0x0, 0xff,
    0xff, 0x80, 0x0, 0x0, 0x7f, 0xff, 0xfc, 0x0,
    0x0, 0x3f, 0xff, 0xff, 0xe0, 0x0, 0xf, 0xff,
    0xff, 0xfe, 0x0, 0x7, 0xff, 0xff, 0xff, 0xf0,
    0x0, 0xff, 0xff, 0xff, 0xfe, 0x0, 0x3f, 0xff,
    0xff, 0xff, 0xe0, 0xf, 0xff, 0xff, 0xff, 0xfe,
    0x3, 0xff, 0xf8, 0xf, 0xff, 0xe0, 0x7f, 0xfc,
    0x0, 0x7f, 0xfc, 0x1f, 0xff, 0x0, 0x7, 0xff,
    0xc3, 0xff, 0xc0, 0x0, 0x7f, 0xf8, 0xff, 0xf0,
    0x0, 0x7, 0xff, 0x9f, 0xfe, 0x0, 0x0, 0xff,
    0xf3, 0xff, 0x80, 0x0, 0xf, 0xfe, 0xff, 0xf0,
    0x0, 0x1, 0xff, 0xdf, 0xfc, 0x0, 0x0, 0x3f,
    0xff, 0xff, 0x80, 0x0, 0x3, 0xff, 0xff, 0xf0,
    0x0, 0x0, 0x7f, 0xff, 0xfe, 0x0, 0x0, 0xf,
    0xff, 0xff, 0xc0, 0x0, 0x1, 0xff, 0xff, 0xf8,
    0x0, 0x0, 0x3f, 0xff, 0xff, 0x0, 0x0, 0x7,
    0xff, 0xff, 0xe0, 0x0, 0x0, 0xff, 0xff, 0xfc,
    0x0, 0x0, 0x1f, 0xff, 0xff, 0x80, 0x0, 0x3,
    0xff, 0xff, 0xf0, 0x0, 0x0, 0x7f, 0xff, 0xfe,
    0x0, 0x0, 0xf, 0xff, 0xff, 0xc0, 0x0, 0x1,
    0xff, 0xff, 0xf8, 0x0, 0x0, 0x3f, 0xff, 0xff,
    0x0, 0x0, 0xf, 0xff, 0x7f, 0xf0, 0x0, 0x1,
    0xff, 0xcf, 0xfe, 0x0, 0x0, 0x3f, 0xf9, 0xff,
    0xe0, 0x0, 0xf, 0xff, 0x3f, 0xfc, 0x0, 0x1,
    0xff, 0xe3, 0xff, 0xc0, 0x0, 0x7f, 0xf8, 0x7f,
    0xfc, 0x0, 0x1f, 0xff, 0x7, 0xff, 0xc0, 0x7,
    0xff, 0xc0, 0xff, 0xfe, 0x3, 0xff, 0xf8, 0xf,
    0xff, 0xff, 0xff, 0xfe, 0x0, 0xff, 0xff, 0xff,
    0xff, 0x80, 0x1f, 0xff, 0xff, 0xff, 0xe0, 0x1,
    0xff, 0xff, 0xff, 0xf8, 0x0, 0xf, 0xff, 0xff,
    0xfe, 0x0, 0x0, 0xff, 0xff, 0xff, 0x80, 0x0,
    0x7, 0xff, 0xff, 0xc0, 0x0, 0x0, 0x3f, 0xff,
    0xe0, 0x0, 0x0, 0x0, 0xff, 0xe0, 0x0, 0x0,

    /* U+00BB "»" */
    0x7f, 0xf0, 0x0, 0x7f, 0xf8, 0x0, 0x1, 0xff,
    0xe0, 0x0, 0xff, 0xf0, 0x0, 0x3, 0xff, 0xc0,
    0x3, 0xff, 0xc0, 0x0, 0xf, 0xff, 0x0, 0x7,
    0xff, 0x80, 0x0, 0x1f, 0xfe, 0x0, 0xf, 0xff,
    0x0, 0x0, 0x3f, 0xfc, 0x0, 0x3f, 0xfc, 0x0,
    0x0, 0xff, 0xf8, 0x0, 0x7f, 0xf8, 0x0, 0x1,
    0xff, 0xe0, 0x1, 0xff, 0xf0, 0x0, 0x3, 0xff,
    0xc0, 0x3, 0xff, 0xc0, 0x0, 0xf, 0xff, 0x80,
    0x7, 0xff, 0x80, 0x0, 0x1f, 0xfe, 0x0, 0x1f,
    0xff, 0x0, 0x0, 0x7f, 0xfc, 0x0, 0x3f, 0xfe,
    0x0, 0x0, 0xff, 0xf8, 0x0, 0xff, 0xf8, 0x0,
    0x1, 0xff, 0xe0, 0x1, 0xff, 0xf0, 0x0, 0x7,
    0xff, 0xc0, 0x3, 0xff, 0xe0, 0x0, 0xf, 0xff,
    0x80, 0xf, 0xff, 0x80, 0x0, 0x3f, 0xff, 0x0,
    0x1f, 0xff, 0x0, 0x0, 0x7f, 0xfc, 0x0, 0x7f,
    0xfe, 0x0, 0x0, 0xff, 0xf8, 0x0, 0xff, 0xf8,
    0x0, 0x3, 0xff, 0xf0, 0x1, 0xff, 0xf0, 0x0,
    0x7, 0xff, 0xc0, 0x7, 0xff, 0xe0, 0x0, 0x1f,
    0xff, 0x80, 0xf, 0xff, 0xc0, 0x0, 0x3f, 0xff,
    0x0, 0x1f, 0xff, 0x0, 0x0, 0x7f, 0xfc, 0x0,
    0x7f, 0xfe, 0x0, 0x1, 0xff, 0xfc, 0x0, 0xff,
    0xfc, 0x0, 0x7, 0xff, 0xe0, 0x7, 0xff, 0xf0,
    0x0, 0x3f, 0xff, 0x0, 0x1f, 0xff, 0x80, 0x0,
    0xff, 0xfc, 0x0, 0xff, 0xfc, 0x0, 0x7, 0xff,
    0xe0, 0x7, 0xff, 0xe0, 0x0, 0x3f, 0xff, 0x0,
    0x1f, 0xff, 0x80, 0x0, 0xff, 0xfc, 0x0, 0xff,
    0xfc, 0x0, 0x7, 0xff, 0xe0, 0x3, 0xff, 0xe0,
    0x0, 0x1f, 0xff, 0x0, 0x1f, 0xff, 0x80, 0x0,
    0xff, 0xf8, 0x0, 0x7f, 0xfc, 0x0, 0x7, 0xff,
    0xe0, 0x3, 0xff, 0xe0, 0x0, 0x1f, 0xff, 0x0,
    0x1f, 0xff, 0x80, 0x0, 0xff, 0xf8, 0x0, 0x7f,
    0xfc, 0x0, 0x3, 0xff, 0xe0, 0x3, 0xff, 0xe0,
    0x0, 0x1f, 0xff, 0x0, 0xf, 0xff, 0x80, 0x0,
    0xff, 0xf8, 0x0, 0x7f, 0xfc, 0x0, 0x3, 0xff,
    0xe0, 0x3, 0xff, 0xe0, 0x0, 0x1f, 0xff, 0x0,
    0xf, 0xff, 0x0, 0x0, 0x7f, 0xf8, 0x0, 0x7f,
    0xfc, 0x0, 0x3, 0xff, 0xe0, 0x1, 0xff, 0xe0,
    0x0, 0xf, 0xff, 0x0, 0xf, 0xff, 0x0, 0x0,
    0x7f, 0xf8, 0x0, 0x7f, 0xfc, 0x0, 0x3, 0xff,
    0xc0, 0x1, 0xff, 0xe0, 0x0, 0xf, 0xff, 0x0,
    0xf, 0xff, 0x0, 0x0, 0x7f, 0xf8, 0x0, 0x3f,
    0xfc, 0x0, 0x1, 0xff, 0xc0, 0x1, 0xff, 0xe0,
    0x0, 0x0,

    /* U+00BC "¼" */
    0x0, 0x0, 0x3, 0x0, 0x0, 0x0, 0x0, 0x0,
    0x0, 0x0, 0x0, 0x0, 0xf, 0x80, 0x0, 0x0,
    0x0, 0x0, 0x0, 0x0, 0x0, 0x0, 0x3f, 0xc0,
    0x0, 0x0, 0x0, 0x0, 0x0, 0x0, 0x0, 0x0,
    0xff, 0xe0, 0x0, 0x0, 0x0, 0x0, 0x0, 0x0,
    0x0, 0x7, 0xff, 0xf0, 0x0, 0x0, 0x0, 0x0,
    0x0, 0x0, 0x0, 0x1f, 0xff, 0xf8, 0x0, 0x0,
    0x0, 0x0, 0x0, 0x0, 0x0, 0x7f, 0xff, 0xfc,
    0x0, 0x0, 0x0, 0x0, 0x0, 0x0, 0x1, 0xff,
    0xff, 0xfe, 0x0, 0x0, 0x0, 0x0, 0x0, 0x0,
    0x0, 0xff, 0xff, 0xff, 0x0, 0x0, 0x0, 0x0,
    0x60, 0x0, 0x0, 0x7f, 0xff, 0xff, 0x80, 0x0,
    0x0, 0x0, 0x3c, 0x0, 0x0, 0x3f, 0xff, 0xff,
    0xc0, 0x0, 0x0, 0x0, 0x3f, 0x80, 0x0, 0x1f,
    0xff, 0xff, 0xe0, 0x0, 0x0, 0x0, 0x3f, 0xf0,
    0x0, 0xf, 0xff, 0xff, 0xf0, 0x0, 0x0, 0x0,
    0x1f, 0xfc, 0x0, 0x7, 0xff, 0xff, 0xf8, 0x0,
    0x0, 0x0, 0x1f, 0xfe, 0x0, 0x3, 0xff, 0xff,
    0xfc, 0x0, 0x0, 0x0, 0xf, 0xfe, 0x0, 0x1,
    0xfe, 0x1f, 0xfe, 0x0, 0x0, 0x0, 0xf, 0xff,
    0x0, 0x0, 0xe0, 0xf, 0xff, 0x0, 0x0, 0x0,
    0xf, 0xff, 0x0, 0x0, 0x0, 0x7, 0xff, 0x80,
    0x0, 0x0, 0x7, 0xff, 0x0, 0x0, 0x0, 0x3,
    0xff, 0xc0, 0x0, 0x0, 0x7, 0xff, 0x80, 0x0,
    0x0, 0x1, 0xff, 0xe0, 0x0, 0x0, 0x7, 0xff,
    0x80, 0x0, 0x0, 0x0, 0xff, 0xf0, 0x0, 0x0,
    0x3, 0xff, 0x80, 0x0, 0x0, 0x0, 0x7f, 0xf8,
    0x0, 0x0, 0x3, 0xff, 0xc0, 0x0, 0x0, 0x0,
    0x3f, 0xfc, 0x0, 0x0, 0x1, 0xff, 0xc0, 0x0,
    0x0, 0x0, 0x1f, 0xfe, 0x0, 0x0, 0x1, 0xff,
    0xe0, 0x0, 0x0, 0x0, 0xf, 0xff, 0x0, 0x0,
    0x1, 0xff, 0xe0, 0x0, 0x0, 0x0, 0x7, 0xff,
    0x80, 0x0, 0x0, 0xff, 0xe0, 0x0, 0x0, 0x0,
    0x3, 0xff, 0xc0, 0x0, 0x0, 0xff, 0xf0, 0x0,
    0x0, 0x0, 0x1, 0xff, 0xe0, 0x0, 0x0, 0xff,
    0xf0, 0x0, 0x0, 0x0, 0x0, 0xff, 0xf0, 0x0,
    0x0, 0x7f, 0xf0, 0x0, 0x0, 0x0, 0x0, 0x7f,
    0xf8, 0x0, 0x0, 0x7f, 0xf8, 0x0, 0x0, 0x0,
    0x0, 0x3f, 0xfc, 0x0, 0x0, 0x3f, 0xf8, 0x0,
    0x0, 0x0, 0x0, 0x1f, 0xfe, 0x0, 0x0, 0x3f,
    0xfc, 0x0, 0x0, 0x0, 0x0, 0xf, 0xff, 0x0,
    0x0, 0x3f, 0xfc, 0x0, 0x0, 0x0, 0x0, 0x7,
    0xff, 0x80, 0x0, 0x1f, 0xfc, 0x0, 0x0, 0x0,
    0x0, 0x3, 0xff, 0xc0, 0x0, 0x1f, 0xfe, 0x0,
    0x0, 0x0, 0x0, 0x1, 0xff, 0xe0, 0x0, 0x1f,
    0xfe, 0x0, 0x0, 0x0, 0x0, 0x0, 0xff, 0xf0,
    0x0, 0xf, 0xfe, 0x0, 0x0, 0x0, 0x0, 0x0,
    0x7f, 0xf8, 0x0, 0xf, 0xff, 0x0, 0x0, 0x0,
    0x0, 0x0, 0x3f, 0xfc, 0x0, 0x7, 0xff, 0x0,
    0x0, 0x0, 0x0, 0x0, 0x1f, 0xfe, 0x0, 0x7,
    0xff, 0x80, 0x0, 0x0, 0x0, 0x0, 0xf, 0xff,
    0x0, 0x7, 0xff, 0x80, 0x0, 0x0, 0x0, 0x0,
    0x7, 0xff, 0x80, 0x3, 0xff, 0x80, 0x1, 0xff,
    0xf0, 0x0, 0x3, 0xff, 0xc0, 0x3, 0xff, 0xc0,
    0x1, 0xff, 0xf8, 0x0, 0x1, 0xff, 0xe0, 0x3,
    0xff, 0xc0, 0x1, 0xff, 0xfc, 0x0, 0x0, 0xff,
    0xf0, 0x1, 0xff, 0xc0, 0x0, 0xff, 0xfe, 0x0,
    0x0, 0x7f, 0xf8, 0x1, 0xff, 0xe0, 0x0, 0xff,
    0xff, 0x0, 0x0, 0x3f, 0xfc, 0x0, 0xff, 0xe0,
    0x0, 0xff, 0xff, 0x80, 0x0, 0x1f, 0xfe, 0x0,
    0xff, 0xf0, 0x0, 0x7f, 0xff, 0xc0, 0x0, 0xf,
    0xff, 0x0, 0xff, 0xf0, 0x0, 0x7f, 0xff, 0xe0,
    0x0, 0x7, 0xff, 0x80, 0x7f, 0xf0, 0x0, 0x7f,
    0xff, 0xf0, 0x0, 0x0, 0x0, 0x0, 0x7f, 0xf8,
    0x0, 0x7f, 0xff, 0xf8, 0x0, 0x0, 0x0, 0x0,
    0x7f, 0xf8, 0x0, 0x3f, 0xff, 0xfc, 0x0, 0x0,
    0x0, 0x0, 0x3f, 0xf8, 0x0, 0x3f, 0xff, 0xfe,
    0x0, 0x0, 0x0, 0x0, 0x3f, 0xfc, 0x0, 0x3f,
    0xff, 0xff, 0x0, 0x0, 0x0, 0x0, 0x1f, 0xfc,
    0x0, 0x1f, 0xff, 0xff, 0x80, 0x0, 0x0, 0x0,
    0x1f, 0xfe, 0x0, 0x1f, 0xff, 0xff, 0xc0, 0x0,
    0x0, 0x0, 0x1f, 0xfe, 0x0, 0x1f, 0xff, 0xff,
    0xe0, 0x0, 0x0, 0x0, 0xf, 0xfe, 0x0, 0x1f,
    0xff, 0xff, 0xf0, 0x0, 0x0, 0x0, 0xf, 0xff,
    0x0, 0xf, 0xfe, 0xff, 0xf8, 0x0, 0x0, 0x0,
    0x7, 0xff, 0x0, 0xf, 0xfe, 0x7f, 0xfc, 0x0,
    0x0, 0x0, 0x7, 0xff, 0x0, 0xf, 0xff, 0x3f,
    0xfe, 0x0, 0x0, 0x0, 0x7, 0xff, 0x80, 0x7,
    0xff, 0x1f, 0xff, 0x0, 0x0, 0x0, 0x3, 0xff,
    0x80, 0x7, 0xff, 0xf, 0xff, 0x80, 0x0, 0x0,
    0x3, 0xff, 0xc0, 0x7, 0xff, 0x7, 0xff, 0xc0,
    0x0, 0x0, 0x3, 0xff, 0xc0, 0x7, 0xff, 0x83,
    0xff, 0xe0, 0x0, 0x0, 0x1, 0xff, 0xc0, 0x3,
    0xff, 0x81, 0xff, 0xf0, 0x0, 0x0, 0x1, 0xff,
    0xe0, 0x3, 0xff, 0x80, 0xff, 0xf8, 0x0, 0x0,
    0x0, 0xff, 0xe0, 0x3, 0xff, 0x80, 0x7f, 0xfc,
    0x0, 0x0, 0x0, 0xff, 0xe0, 0x1, 0xff, 0xc0,
    0x3f, 0xfe, 0x0, 0x0, 0x0, 0xff, 0xf0, 0x1,
    0xff, 0xc0, 0x1f, 0xff, 0x0, 0x0, 0x0, 0x7f,
    0xf0, 0x1, 0xff, 0xc0, 0xf, 0xff, 0x80, 0x0,
    0x0, 0x7f, 0xf8, 0x1, 0xff, 0xff, 0xff, 0xff,
    0xff, 0x0, 0x0, 0x7f, 0xf8, 0x0, 0xff, 0xff,
    0xff, 0xff, 0xff, 0x80, 0x0, 0x3f, 0xf8, 0x0,
    0x7f, 0xff, 0xff, 0xff, 0xff, 0xc0, 0x0, 0x3f,
    0xfc, 0x0, 0x3f, 0xff, 0xff, 0xff, 0xff, 0xe0,
    0x0, 0x1f, 0xfc, 0x0, 0x1f, 0xff, 0xff, 0xff,
    0xff, 0xf0, 0x0, 0x1f, 0xfe, 0x0, 0xf, 0xff,
    0xff, 0xff, 0xff, 0xf8, 0x0, 0x1f, 0xfe, 0x0,
    0x7, 0xff, 0xff, 0xff, 0xff, 0xfc, 0x0, 0xf,
    0xfe, 0x0, 0x3, 0xff, 0xff, 0xff, 0xff, 0xfe,
    0x0, 0x7, 0xff, 0x0, 0x1, 0xff, 0xff, 0xff,
    0xff, 0xff, 0x0, 0x0, 0xff, 0x0, 0x0, 0xff,
    0xff, 0xff, 0xff, 0xff, 0x80, 0x0, 0x1f, 0x0,
    0x0, 0x0, 0x0, 0x1, 0xff, 0xf0, 0x0, 0x0,
    0x3, 0x80, 0x0, 0x0, 0x0, 0x0, 0xff, 0xf8,
    0x0, 0x0, 0x0, 0x0, 0x0, 0x0, 0x0, 0x0,
    0x7f, 0xfc, 0x0, 0x0, 0x0, 0x0, 0x0, 0x0,
    0x0, 0x0, 0x3f, 0xfe, 0x0, 0x0, 0x0, 0x0,
    0x0, 0x0, 0x0, 0x0, 0x1f, 0xff, 0x0, 0x0,
    0x0, 0x0, 0x0, 0x0, 0x0, 0x0, 0xf, 0xff,
    0x80, 0x0, 0x0, 0x0, 0x0, 0x0, 0x0, 0x0,
    0x7, 0xff, 0xc0, 0x0, 0x0, 0x0, 0x0, 0x0,
    0x0, 0x0, 0x3, 0xff, 0xe0, 0x0, 0x0, 0x0,
    0x0, 0x0, 0x0, 0x0, 0x1, 0xff, 0xf0, 0x0,
    0x0, 0x0, 0x0, 0x0, 0x0, 0x0, 0x0, 0xff,
    0xf8, 0x0,

    /* U+00BD "½" */
    0x0, 0x0, 0x3, 0x0, 0x0, 0x0, 0x0, 0x0,
    0x0, 0x0, 0x0, 0x0, 0x0, 0x3e, 0x0, 0x0,
    0x0, 0x0, 0x0, 0x0, 0x0, 0x0, 0x0, 0x7,
    0xfc, 0x0, 0x0, 0x0, 0x0, 0x0, 0x0, 0x0,
    0x0, 0x0, 0x7f, 0xf8, 0x0, 0x0, 0x0, 0x0,
    0x0, 0x0, 0x0, 0x0, 0x7, 0xff, 0xf0, 0x0,
    0x0, 0x0, 0x0, 0x0, 0x0, 0x0, 0x0, 0x7f,
    0xff, 0xe0, 0x0, 0x0, 0x0, 0x0, 0x0, 0x0,
    0x0, 0x7, 0xff, 0xff, 0xc0, 0x0, 0x0, 0x0,
    0x0, 0x0, 0x0, 0x0, 0x7f, 0xff, 0xff, 0x80,
    0x0, 0x0, 0x0, 0x0, 0x0, 0x0, 0x0, 0xff,
    0xff, 0xff, 0x0, 0x0, 0x0, 0x0, 0xc0, 0x0,
    0x0, 0x1, 0xff, 0xff, 0xfe, 0x0, 0x0, 0x0,
    0x3, 0xe0, 0x0, 0x0, 0x3, 0xff, 0xff, 0xfc,
    0x0, 0x0, 0x0, 0x7, 0xe0, 0x0, 0x0, 0x7,
    0xff, 0xff, 0xf8, 0x0, 0x0, 0x0, 0x1f, 0xf0,
    0x0, 0x0, 0xf, 0xff, 0xff, 0xf0, 0x0, 0x0,
    0x0, 0x3f, 0xf8, 0x0, 0x0, 0x1f, 0xff, 0xff,
    0xe0, 0x0, 0x0, 0x0, 0xff, 0xf0, 0x0, 0x0,
    0x3f, 0xff, 0xff, 0xc0, 0x0, 0x0, 0x3, 0xff,
    0xc0, 0x0, 0x0, 0x7f, 0x7, 0xff, 0x80, 0x0,
    0x0, 0x7, 0xff, 0x0, 0x0, 0x0, 0xe0, 0xf,
    0xff, 0x0, 0x0, 0x0, 0x1f, 0xfe, 0x0, 0x0,
    0x0, 0x0, 0x1f, 0xfe, 0x0, 0x0, 0x0, 0x7f,
    0xf8, 0x0, 0x0, 0x0, 0x0, 0x3f, 0xfc, 0x0,
    0x0, 0x0, 0xff, 0xe0, 0x0, 0x0, 0x0, 0x0,
    0x7f, 0xf8, 0x0, 0x0, 0x3, 0xff, 0xc0, 0x0,
    0x0, 0x0, 0x0, 0xff, 0xf0, 0x0, 0x0, 0xf,
    0xff, 0x0, 0x0, 0x0, 0x0, 0x1, 0xff, 0xe0,
    0x0, 0x0, 0x1f, 0xfc, 0x0, 0x0, 0x0, 0x0,
    0x3, 0xff, 0xc0, 0x0, 0x0, 0x7f, 0xf8, 0x0,
    0x0, 0x0, 0x0, 0x7, 0xff, 0x80, 0x0, 0x0,
    0xff, 0xe0, 0x0, 0x0, 0x0, 0x0, 0xf, 0xff,
    0x0, 0x0, 0x3, 0xff, 0xc0, 0x0, 0x0, 0x0,
    0x0, 0x1f, 0xfe, 0x0, 0x0, 0xf, 0xff, 0x0,
    0x0, 0x0, 0x0, 0x0, 0x3f, 0xfc, 0x0, 0x0,
    0x1f, 0xfc, 0x0, 0x0, 0x0, 0x0, 0x0, 0x7f,
    0xf8, 0x0, 0x0, 0x7f, 0xf8, 0x0, 0x0, 0x0,
    0x0, 0x0, 0xff, 0xf0, 0x0, 0x1, 0xff, 0xe0,
    0x0, 0x0, 0x0, 0x0, 0x1, 0xff, 0xe0, 0x0,
    0x3, 0xff, 0x80, 0x0, 0x0, 0x0, 0x0, 0x3,
    0xff, 0xc0, 0x0, 0xf, 0xff, 0x0, 0x0, 0x0,
    0x0, 0x0, 0x7, 0xff, 0x80, 0x0, 0x1f, 0xfc,
    0x0, 0x0, 0x0, 0x0, 0x0, 0xf, 0xff, 0x0,
    0x0, 0x7f, 0xf8, 0x0, 0x0, 0x0, 0x0, 0x0,
    0x1f, 0xfe, 0x0, 0x1, 0xff, 0xe0, 0x0, 0x0,
    0x0, 0x0, 0x0, 0x3f, 0xfc, 0x0, 0x3, 0xff,
    0x80, 0x0, 0x0, 0x0, 0x0, 0x0, 0x7f, 0xf8,
    0x0, 0xf, 0xff, 0x0, 0x0, 0x0, 0x0, 0x0,
    0x0, 0xff, 0xf0, 0x0, 0x3f, 0xfc, 0x0, 0x0,
    0x0, 0x0, 0x0, 0x1, 0xff, 0xe0, 0x0, 0x7f,
    0xf0, 0x0, 0x0, 0x0, 0x0, 0x0, 0x3, 0xff,
    0xc0, 0x1, 0xff, 0xe0, 0x0, 0x0, 0x0, 0x0,
    0x0, 0x7, 0xff, 0x80, 0x3, 0xff, 0x80, 0x0,
    0x0, 0x0, 0x0, 0x0, 0xf, 0xff, 0x0, 0xf,
    0xff, 0x0, 0x0, 0x0, 0x0, 0x0, 0x0, 0x1f,
    0xfe, 0x0, 0x3f, 0xfc, 0x0, 0xf, 0xfe, 0x0,
    0x0, 0x0, 0x3f, 0xfc, 0x0, 0x7f, 0xf0, 0x0,
    0xff, 0xff, 0x80, 0x0, 0x0, 0x7f, 0xf8, 0x1,
    0xff, 0xe0, 0x7, 0xff, 0xff, 0xe0, 0x0, 0x0,
    0xff, 0xf0, 0x7, 0xff, 0x80, 0x3f, 0xff, 0xff,
    0xe0, 0x0, 0x1, 0xff, 0xe0, 0xf, 0xfe, 0x0,
    0xff, 0xff, 0xff, 0xe0, 0x0, 0x3, 0xff, 0xc0,
    0x3f, 0xfc, 0x3, 0xff, 0xff, 0xff, 0xe0, 0x0,
    0x7, 0xff, 0x80, 0x7f, 0xf0, 0xf, 0xff, 0xff,
    0xff, 0xe0, 0x0, 0xf, 0xff, 0x1, 0xff, 0xe0,
    0x3f, 0xff, 0xff, 0xff, 0xe0, 0x0, 0x0, 0x0,
    0x7, 0xff, 0x80, 0xff, 0xff, 0xff, 0xff, 0xe0,
    0x0, 0x0, 0x0, 0xf, 0xfe, 0x1, 0xff, 0xff,
    0xff, 0xff, 0xc0, 0x0, 0x0, 0x0, 0x3f, 0xfc,
    0x7, 0xff, 0xf8, 0x3f, 0xff, 0x80, 0x0, 0x0,
    0x0, 0xff, 0xf0, 0xf, 0xff, 0xc0, 0x1f, 0xff,
    0x80, 0x0, 0x0, 0x1, 0xff, 0xc0, 0x1f, 0xff,
    0x0, 0x3f, 0xff, 0x0, 0x0, 0x0, 0x7, 0xff,
    0x80, 0x7f, 0xfe, 0x0, 0x3f, 0xfe, 0x0, 0x0,
    0x0, 0xf, 0xfe, 0x0, 0xff, 0xf8, 0x0, 0x7f,
    0xfc, 0x0, 0x0, 0x0, 0x3f, 0xfc, 0x1, 0xff,
    0xf0, 0x0, 0xff, 0xf8, 0x0, 0x0, 0x0, 0xff,
    0xf0, 0x3, 0xff, 0xe0, 0x1, 0xff, 0xf0, 0x0,
    0x0, 0x1, 0xff, 0xc0, 0x0, 0x0, 0x0, 0x7,
    0xff, 0xe0, 0x0, 0x0, 0x7, 0xff, 0x80, 0x0,
    0x0, 0x0, 0xf, 0xff, 0xc0, 0x0, 0x0, 0x1f,
    0xfe, 0x0, 0x0, 0x0, 0x0, 0x3f, 0xff, 0x0,
    0x0, 0x0, 0x3f, 0xf8, 0x0, 0x0, 0x0, 0x0,
    0x7f, 0xfe, 0x0, 0x0, 0x0, 0xff, 0xf0, 0x0,
    0x0, 0x0, 0x1, 0xff, 0xfc, 0x0, 0x0, 0x1,
    0xff, 0xc0, 0x0, 0x0, 0x0, 0x7, 0xff, 0xf0,
    0x0, 0x0, 0x7, 0xff, 0x80, 0x0, 0x0, 0x0,
    0x1f, 0xff, 0xe0, 0x0, 0x0, 0x1f, 0xfe, 0x0,
    0x0, 0x0, 0x0, 0x7f, 0xff, 0x80, 0x0, 0x0,
    0x3f, 0xf8, 0x0, 0x0, 0x0, 0x1, 0xff, 0xfe,
    0x0, 0x0, 0x0, 0xff, 0xf0, 0x0, 0x0, 0x0,
    0x7, 0xff, 0xf8, 0x0, 0x0, 0x3, 0xff, 0xc0,
    0x0, 0x0, 0x0, 0x1f, 0xff, 0xe0, 0x0, 0x0,
    0x7, 0xff, 0x0, 0x0, 0x0, 0x0, 0x7f, 0xff,
    0x80, 0x0, 0x0, 0x1f, 0xfe, 0x0, 0x0, 0x0,
    0x1, 0xff, 0xfe, 0x0, 0x0, 0x0, 0x3f, 0xf8,
    0x0, 0x0, 0x0, 0x7, 0xff, 0xf8, 0x0, 0x0,
    0x0, 0xff, 0xe0, 0x0, 0x0, 0x0, 0x1f, 0xff,
    0xe0, 0x0, 0x0, 0x3, 0xff, 0xc0, 0x0, 0x0,
    0x0, 0x7f, 0xff, 0x80, 0x0, 0x0, 0x7, 0xff,
    0x0, 0x0, 0x0, 0x1, 0xff, 0xfc, 0x0, 0x0,
    0x0, 0x1f, 0xfe, 0x0, 0x0, 0x0, 0x7, 0xff,
    0xf0, 0x0, 0x0, 0x0, 0x7f, 0xf8, 0x0, 0x0,
    0x0, 0x1f, 0xff, 0xc0, 0x0, 0x0, 0x0, 0xff,
    0xe0, 0x0, 0x0, 0x0, 0x7f, 0xff, 0x0, 0x0,
    0x0, 0x3, 0xff, 0xc0, 0x0, 0x0, 0x3, 0xff,
    0xfc, 0x0, 0x0, 0x0, 0x3, 0xff, 0x0, 0x0,
    0x0, 0xf, 0xff, 0xe0, 0x0, 0x0, 0x0, 0x1,
    0xfc, 0x0, 0x0, 0x0, 0x3f, 0xff, 0x80, 0x0,
    0x0, 0x0, 0x1, 0xf8, 0x0, 0x0, 0x0, 0xff,
    0xff, 0xff, 0xff, 0xfc, 0x0, 0x0, 0xe0, 0x0,
    0x0, 0x3, 0xff, 0xff, 0xff, 0xff, 0xf8, 0x0,
    0x0, 0x40, 0x0, 0x0, 0x7, 0xff, 0xff, 0xff,
    0xff, 0xf0, 0x0, 0x0, 0x0, 0x0, 0x0, 0xf,
    0xff, 0xff, 0xff, 0xff, 0xe0, 0x0, 0x0, 0x0,
    0x0, 0x0, 0x1f, 0xff, 0xff, 0xff, 0xff, 0xc0,
    0x0, 0x0, 0x0, 0x0, 0x0, 0x3f, 0xff, 0xff,
    0xff, 0xff, 0x80, 0x0, 0x0, 0x0, 0x0, 0x0,
    0x7f, 0xff, 0xff, 0xff, 0xff, 0x0, 0x0, 0x0,
    0x0, 0x0, 0x0, 0xff, 0xff, 0xff, 0xff, 0xfe,
    0x0, 0x0, 0x0, 0x0, 0x0, 0x1, 0xff, 0xff,
    0xff, 0xff, 0xfc, 0x0, 0x0, 0x0, 0x0, 0x0,
    0x3, 0xff, 0xff, 0xff, 0xff, 0xf8,

    /* U+00BE "¾" */
    0x0, 0x1, 0xff, 0xc0, 0x0, 0x0, 0x0, 0x0,
    0x0, 0x0, 0x0, 0x0, 0x3, 0xff, 0xff, 0x80,
    0x0, 0x0, 0x0, 0x0, 0x0, 0x0, 0x0, 0x1,
    0xff, 0xff, 0xfe, 0x0, 0x0, 0x0, 0x0, 0x0,
    0x0, 0x0, 0x0, 0xff, 0xff, 0xff, 0xe0, 0x0,
    0x0, 0x0, 0x0, 0x0, 0x0, 0x0, 0x3f, 0xff,
    0xff, 0xff, 0x0, 0x0, 0x0, 0x0, 0x0, 0x0,
    0x0, 0x1f, 0xff, 0xff, 0xff, 0xf0, 0x0, 0x0,
    0x0, 0x0, 0x0, 0x0, 0x3, 0xff, 0xff, 0xff,
    0xff, 0x0, 0x0, 0x0, 0x0, 0x0, 0x0, 0x0,
    0xff, 0xff, 0xff, 0xff, 0xe0, 0x0, 0x0, 0x0,
    0x0, 0x0, 0x0, 0x3f, 0xff, 0xff, 0xff, 0xfe,
    0x0, 0x0, 0x0, 0x0, 0x0, 0x0, 0x7, 0xff,
    0xff, 0xff, 0xff, 0xc0, 0x0, 0x0, 0x1, 0x80,
    0x0, 0x1, 0xff, 0xfe, 0x3, 0xff, 0xfc, 0x0,
    0x0, 0x0, 0x3c, 0x0, 0x0, 0x3f, 0xff, 0x0,
    0x3f, 0xff, 0x80, 0x0, 0x0, 0xf, 0xe0, 0x0,
    0x7, 0xff, 0xc0, 0x3, 0xff, 0xf0, 0x0, 0x0,
    0x3, 0xff, 0x0, 0x0, 0xff, 0xf8, 0x0, 0x3f,
    0xfe, 0x0, 0x0, 0x0, 0x7f, 0xf0, 0x0, 0x0,
    0x0, 0x0, 0x7, 0xff, 0xc0, 0x0, 0x0, 0x1f,
    0xfe, 0x0, 0x0, 0x0, 0x0, 0x0, 0xff, 0xf8,
    0x0, 0x0, 0x7, 0xff, 0x80, 0x0, 0x0, 0x0,
    0x0, 0x1f, 0xff, 0x0, 0x0, 0x0, 0xff, 0xe0,
    0x0, 0x0, 0x0, 0x0, 0x3, 0xff, 0xc0, 0x0,
    0x0, 0x3f, 0xfc, 0x0, 0x0, 0x0, 0x0, 0x0,
    0xff, 0xf8, 0x0, 0x0, 0x7, 0xff, 0x0, 0x0,
    0x0, 0x0, 0x0, 0x3f, 0xfe, 0x0, 0x0, 0x1,
    0xff, 0xe0, 0x0, 0x0, 0x0, 0x0, 0x1f, 0xff,
    0xc0, 0x0, 0x0, 0x7f, 0xf8, 0x0, 0x0, 0x0,
    0x7, 0xff, 0xff, 0xf0, 0x0, 0x0, 0xf, 0xfe,
    0x0, 0x0, 0x0, 0x0, 0xff, 0xff, 0xf8, 0x0,
    0x0, 0x3, 0xff, 0xc0, 0x0, 0x0, 0x0, 0x1f,
    0xff, 0xfe, 0x0, 0x0, 0x0, 0x7f, 0xf0, 0x0,
    0x0, 0x0, 0x3, 0xff, 0xff, 0x0, 0x0, 0x0,
    0x1f, 0xfc, 0x0, 0x0, 0x0, 0x0, 0x7f, 0xff,
    0xe0, 0x0, 0x0, 0x7, 0xff, 0x80, 0x0, 0x0,
    0x0, 0xf, 0xff, 0xff, 0x0, 0x0, 0x0, 0xff,
    0xe0, 0x0, 0x0, 0x0, 0x1, 0xff, 0xff, 0xf8,
    0x0, 0x0, 0x3f, 0xfc, 0x0, 0x0, 0x0, 0x0,
    0x3f, 0xff, 0xff, 0x80, 0x0, 0xf, 0xff, 0x0,
    0x0, 0x0, 0x0, 0x0, 0x3, 0xff, 0xf8, 0x0,
    0x1, 0xff, 0xc0, 0x0, 0x0, 0x0, 0x0, 0x0,
    0x1f, 0xff, 0x80, 0x0, 0x7f, 0xf8, 0x0, 0x0,
    0x0, 0x0, 0x0, 0x1, 0xff, 0xf0, 0x0, 0xf,
    0xfe, 0x0, 0x0, 0x0, 0x0, 0x0, 0x0, 0x1f,
    0xfe, 0x0, 0x3, 0xff, 0x80, 0x0, 0x0, 0x0,
    0x0, 0x0, 0x3, 0xff, 0xe0, 0x0, 0xff, 0xf0,
    0x0, 0x0, 0x0, 0x0, 0x0, 0x0, 0x7f, 0xfc,
    0x0, 0x1f, 0xfc, 0x0, 0x0, 0x0, 0x7f, 0xfc,
    0x0, 0xf, 0xff, 0x80, 0x7, 0xff, 0x80, 0x0,
    0x0, 0xf, 0xff, 0x80, 0x1, 0xff, 0xf0, 0x1,
    0xff, 0xe0, 0x0, 0x0, 0x1, 0xff, 0xf0, 0x0,
    0x3f, 0xfe, 0x0, 0x3f, 0xf8, 0x0, 0x0, 0x0,
    0x3f, 0xff, 0x0, 0xf, 0xff, 0xc0, 0xf, 0xff,
    0x0, 0x0, 0x0, 0x7, 0xff, 0xf0, 0x3, 0xff,
    0xf8, 0x1, 0xff, 0xc0, 0x0, 0x0, 0x0, 0x7f,
    0xff, 0x81, 0xff, 0xfe, 0x0, 0x7f, 0xf0, 0x0,
    0x0, 0x0, 0xf, 0xff, 0xff, 0xff, 0xff, 0xc0,
    0x1f, 0xfe, 0x0, 0x0, 0x0, 0x0, 0xff, 0xff,
    0xff, 0xff, 0xf8, 0x3, 0xff, 0x80, 0x0, 0x0,
    0x0, 0x1f, 0xff, 0xff, 0xff, 0xfe, 0x0, 0xff,
    0xf0, 0x0, 0x7f, 0xfe, 0x1, 0xff, 0xff, 0xff,
    0xff, 0x80, 0x3f, 0xfc, 0x0, 0xf, 0xff, 0xc0,
    0x1f, 0xff, 0xff, 0xff, 0xe0, 0x7, 0xff, 0x0,
    0x3, 0xff, 0xf8, 0x1, 0xff, 0xff, 0xff, 0xf8,
    0x1, 0xff, 0xe0, 0x0, 0xff, 0xff, 0x0, 0x1f,
    0xff, 0xff, 0xfe, 0x0, 0x3f, 0xf8, 0x0, 0x3f,
    0xff, 0xe0, 0x0, 0xff, 0xff, 0xff, 0x0, 0xf,
    0xfe, 0x0, 0x7, 0xff, 0xfc, 0x0, 0x7, 0xff,
    0xff, 0x0, 0x3, 0xff, 0xc0, 0x1, 0xff, 0xff,
    0x80, 0x0, 0xf, 0xfe, 0x0, 0x0, 0x7f, 0xf0,
    0x0, 0x7f, 0xff, 0xf0, 0x0, 0x0, 0x0, 0x0,
    0x0, 0x1f, 0xfe, 0x0, 0xf, 0xff, 0xfe, 0x0,
    0x0, 0x0, 0x0, 0x0, 0x3, 0xff, 0x80, 0x3,
    0xff, 0xff, 0xc0, 0x0, 0x0, 0x0, 0x0, 0x0,
    0xff, 0xe0, 0x0, 0xff, 0xff, 0xf8, 0x0, 0x0,
    0x0, 0x0, 0x0, 0x3f, 0xfc, 0x0, 0x3f, 0xff,
    0xff, 0x0, 0x0, 0x0, 0x0, 0x0, 0x7, 0xff,
    0x0, 0x7, 0xff, 0xff, 0xe0, 0x0, 0x0, 0x0,
    0x0, 0x1, 0xff, 0xc0, 0x1, 0xff, 0xff, 0xfc,
    0x0, 0x0, 0x0, 0x0, 0x0, 0x7f, 0xf8, 0x0,
    0x7f, 0xff, 0xff, 0x80, 0x0, 0x0, 0x0, 0x0,
    0xf, 0xfe, 0x0, 0x1f, 0xff, 0xff, 0xf0, 0x0,
    0x0, 0x0, 0x0, 0x3, 0xff, 0xc0, 0x3, 0xff,
    0xbf, 0xfe, 0x0, 0x0, 0x0, 0x0, 0x0, 0x7f,
    0xf0, 0x0, 0xff, 0xe7, 0xff, 0xc0, 0x0, 0x0,
    0x0, 0x0, 0x1f, 0xfc, 0x0, 0x3f, 0xfc, 0xff,
    0xf8, 0x0, 0x0, 0x0, 0x0, 0x7, 0xff, 0x80,
    0xf, 0xff, 0x1f, 0xff, 0x0, 0x0, 0x0, 0x0,
    0x0, 0xff, 0xe0, 0x1, 0xff, 0xc3, 0xff, 0xe0,
    0x0, 0x0, 0x0, 0x0, 0x3f, 0xf8, 0x0, 0x7f,
    0xf0, 0x7f, 0xfc, 0x0, 0x0, 0x0, 0x0, 0xf,
    0xff, 0x0, 0x1f, 0xfe, 0xf, 0xff, 0x80, 0x0,
    0x0, 0x0, 0x1, 0xff, 0xc0, 0x3, 0xff, 0x81,
    0xff, 0xf0, 0x0, 0x0, 0x0, 0x0, 0x7f, 0xf8,
    0x0, 0xff, 0xe0, 0x3f, 0xfe, 0x0, 0x0, 0x0,
    0x0, 0xf, 0xfe, 0x0, 0x3f, 0xf8, 0x7, 0xff,
    0xc0, 0x0, 0x0, 0x0, 0x3, 0xff, 0x80, 0xf,
    0xfe, 0x0, 0xff, 0xf8, 0x0, 0x0, 0x0, 0x0,
    0xff, 0xf0, 0x1, 0xff, 0xc0, 0x1f, 0xff, 0x0,
    0x0, 0x0, 0x0, 0x1f, 0xfc, 0x0, 0x7f, 0xf0,
    0x3, 0xff, 0xe0, 0x0, 0x0, 0x0, 0x7, 0xff,
    0x0, 0x1f, 0xff, 0xff, 0xff, 0xff, 0xe0, 0x0,
    0x0, 0x0, 0xff, 0xe0, 0x7, 0xff, 0xff, 0xff,
    0xff, 0xfc, 0x0, 0x0, 0x0, 0x3f, 0xf8, 0x0,
    0xff, 0xff, 0xff, 0xff, 0xff, 0x80, 0x0, 0x0,
    0xf, 0xff, 0x0, 0x1f, 0xff, 0xff, 0xff, 0xff,
    0xf0, 0x0, 0x0, 0x1, 0xff, 0xc0, 0x3, 0xff,
    0xff, 0xff, 0xff, 0xfe, 0x0, 0x0, 0x0, 0x7f,
    0xf0, 0x0, 0x3f, 0xff, 0xff, 0xff, 0xff, 0xc0,
    0x0, 0x0, 0x1f, 0xfe, 0x0, 0x7, 0xff, 0xff,
    0xff, 0xff, 0xf8, 0x0, 0x0, 0x3, 0xff, 0x80,
    0x0, 0xff, 0xff, 0xff, 0xff, 0xff, 0x0, 0x0,
    0x0, 0x7f, 0xe0, 0x0, 0x1f, 0xff, 0xff, 0xff,
    0xff, 0xe0, 0x0, 0x0, 0x3, 0xfc, 0x0, 0x3,
    0xff, 0xff, 0xff, 0xff, 0xfc, 0x0, 0x0, 0x0,
    0x1f, 0x0, 0x0, 0x0, 0x0, 0x1, 0xff, 0xf0,
    0x0, 0x0, 0x0, 0x0, 0xe0, 0x0, 0x0, 0x0,
    0x0, 0x3f, 0xfe, 0x0, 0x0, 0x0, 0x0, 0x8,
    0x0, 0x0, 0x0, 0x0, 0x7, 0xff, 0xc0, 0x0,
    0x0, 0x0, 0x0, 0x0, 0x0, 0x0, 0x0, 0x0,
    0xff, 0xf8, 0x0, 0x0, 0x0, 0x0, 0x0, 0x0,
    0x0, 0x0, 0x0, 0x1f, 0xff, 0x0, 0x0, 0x0,
    0x0, 0x0, 0x0, 0x0, 0x0, 0x0, 0x3, 0xff,
    0xe0, 0x0, 0x0, 0x0, 0x0, 0x0, 0x0, 0x0,
    0x0, 0x0, 0x7f, 0xfc, 0x0, 0x0, 0x0, 0x0,
    0x0, 0x0, 0x0, 0x0, 0x0, 0xf, 0xff, 0x80,
    0x0, 0x0, 0x0, 0x0, 0x0, 0x0, 0x0, 0x0,
    0x1, 0xff, 0xf0, 0x0, 0x0, 0x0, 0x0, 0x0,
    0x0, 0x0, 0x0, 0x0, 0x3f, 0xfe, 0x0,

    /* U+00BF "¿" */
    0x0, 0x0, 0x0, 0x1f, 0xc0, 0x0, 0x0, 0x0,
    0x0, 0x0, 0xff, 0xf0, 0x0, 0x0, 0x0, 0x0,
    0x1, 0xff, 0xf8, 0x0, 0x0, 0x0, 0x0, 0x3,
    0xff, 0xfc, 0x0, 0x0, 0x0, 0x0, 0x7, 0xff,
    0xfe, 0x0, 0x0, 0x0, 0x0, 0x7, 0xff, 0xfe,
    0x0, 0x0, 0x0, 0x0, 0xf, 0xff, 0xff, 0x0,
    0x0, 0x0, 0x0, 0xf, 0xff, 0xff, 0x0, 0x0,
    0x0, 0x0, 0xf, 0xff, 0xff, 0x0, 0x0, 0x0,
    0x0, 0xf, 0xff, 0xff, 0x0, 0x0, 0x0, 0x0,
    0xf, 0xff, 0xff, 0x0, 0x0, 0x0, 0x0, 0xf,
    0xff, 0xff, 0x0, 0x0, 0x0, 0x0, 0x7, 0xff,
    0xfe, 0x0, 0x0, 0x0, 0x0, 0x7, 0xff, 0xfe,
    0x0, 0x0, 0x0, 0x0, 0x3, 0xff, 0xfc, 0x0,
    0x0, 0x0, 0x0, 0x1, 0xff, 0xf8, 0x0, 0x0,
    0x0, 0x0, 0x0, 0xff, 0xf0, 0x0, 0x0, 0x0,
    0x0, 0x0, 0x3f, 0xc0, 0x0, 0x0, 0x0, 0x0,
    0x0, 0x0, 0x0, 0x0, 0x0, 0x0, 0x0, 0x0,
    0x0, 0x0, 0x0, 0x0, 0x0, 0x0, 0x0, 0x0,
    0x0, 0x0, 0x0, 0x0, 0x0, 0x0, 0x0, 0x0,
    0x0, 0x0, 0x0, 0x0, 0x0, 0x0, 0x0, 0x0,
    0x0, 0x0, 0x0, 0x0, 0x0, 0x0, 0x0, 0x0,
    0x0, 0x0, 0x0, 0x0, 0x0, 0x0, 0x0, 0x0,
    0x0, 0x0, 0x0, 0x0, 0x0, 0x0, 0x0, 0x0,
    0x0, 0x0, 0x0, 0x0, 0x0, 0x0, 0x0, 0x0,
    0x0, 0x0, 0x0, 0x0, 0x0, 0x0, 0x7, 0xff,
    0xf8, 0x0, 0x0, 0x0, 0x0, 0x7, 0xff, 0xf8,
    0x0, 0x0, 0x0, 0x0, 0x7, 0xff, 0xf8, 0x0,
    0x0, 0x0, 0x0, 0x7, 0xff, 0xf8, 0x0, 0x0,
    0x0, 0x0, 0x7, 0xff, 0xf8, 0x0, 0x0, 0x0,
    0x0, 0x7, 0xff, 0xf8, 0x0, 0x0, 0x0, 0x0,
    0xf, 0xff, 0xf8, 0x0, 0x0, 0x0, 0x0, 0xf,
    0xff, 0xf8, 0x0, 0x0, 0x0, 0x0, 0xf, 0xff,
    0xf0, 0x0, 0x0, 0x0, 0x0, 0x1f, 0xff, 0xf0,
    0x0, 0x0, 0x0, 0x0, 0x1f, 0xff, 0xf0, 0x0,
    0x0, 0x0, 0x0, 0x3f, 0xff, 0xf0, 0x0, 0x0,
    0x0, 0x0, 0x3f, 0xff, 0xf0, 0x0, 0x0, 0x0,
    0x0, 0x7f, 0xff, 0xe0, 0x0, 0x0, 0x0, 0x0,
    0xff, 0xff, 0xe0, 0x0, 0x0, 0x0, 0x1, 0xff,
    0xff, 0xc0, 0x0, 0x0, 0x0, 0x3, 0xff, 0xff,
    0xc0, 0x0, 0x0, 0x0, 0x7, 0xff, 0xff, 0x80,
    0x0, 0x0, 0x0, 0xf, 0xff, 0xff, 0x80, 0x0,
    0x0, 0x0, 0x1f, 0xff, 0xff, 0x0, 0x0, 0x0,
    0x0, 0x3f, 0xff, 0xfe, 0x0, 0x0, 0x0, 0x0,
    0x7f, 0xff, 0xfc, 0x0, 0x0, 0x0, 0x0, 0xff,
    0xff, 0xf8, 0x0, 0x0, 0x0, 0x1, 0xff, 0xff,
    0xf0, 0x0, 0x0, 0x0, 0x3, 0xff, 0xff, 0xe0,
    0x0, 0x0, 0x0, 0x7, 0xff, 0xff, 0xc0, 0x0,
    0x0, 0x0, 0x7, 0xff, 0xff, 0x80, 0x0, 0x0,
    0x0, 0xf, 0xff, 0xff, 0x0, 0x0, 0x0, 0x0,
    0x1f, 0xff, 0xfe, 0x0, 0x0, 0x0, 0x0, 0x1f,
    0xff, 0xfe, 0x0, 0x0, 0x0, 0x0, 0x3f, 0xff,
    0xfc, 0x0, 0x0, 0x0, 0x0, 0x3f, 0xff, 0xf8,
    0x0, 0x0, 0x0, 0x0, 0x7f, 0xff, 0xf0, 0x0,
    0x0, 0x0, 0x0, 0x7f, 0xff, 0xf0, 0x0, 0x0,
    0x0, 0x0, 0x7f, 0xff, 0xe0, 0x0, 0x0, 0x0,
    0x0, 0xff, 0xff, 0xe0, 0x0, 0x0, 0x0, 0x0,
    0xff, 0xff, 0xc0, 0x0, 0x0, 0x0, 0x0, 0xff,
    0xff, 0xc0, 0x0, 0x0, 0x0, 0x0, 0xff, 0xff,
    0xc0, 0x0, 0x0, 0x0, 0x0, 0xff, 0xff, 0xc0,
    0x0, 0x0, 0x0, 0x0, 0xff, 0xff, 0xc0, 0x0,
    0x3, 0xff, 0xff, 0xff, 0xff, 0xc0, 0x0, 0x3,
    0xff, 0xff, 0xff, 0xff, 0xc0, 0x0, 0x3, 0xff,
    0xff, 0xff, 0xff, 0xc0, 0x0, 0x3, 0xff, 0xff,
    0xff, 0xff, 0xc0, 0x0, 0x7, 0xff, 0xff, 0xff,
    0xff, 0xe0, 0x0, 0x7, 0xff, 0xff, 0x7f, 0xff,
    0xe0, 0x0, 0xf, 0xff, 0xfe, 0x7f, 0xff, 0xf0,
    0x0, 0xf, 0xff, 0xfe, 0x7f, 0xff, 0xf8, 0x0,
    0x1f, 0xff, 0xfe, 0x7f, 0xff, 0xfc, 0x0, 0x7f,
    0xff, 0xfe, 0x3f, 0xff, 0xff, 0x1, 0xff, 0xff,
    0xfc, 0x3f, 0xff, 0xff, 0xff, 0xff, 0xff, 0xfc,
    0x1f, 0xff, 0xff, 0xff, 0xff, 0xff, 0xf8, 0x1f,
    0xff, 0xff, 0xff, 0xff, 0xff, 0xf8, 0xf, 0xff,
    0xff, 0xff, 0xff, 0xff, 0xf0, 0xf, 0xff, 0xff,
    0xff, 0xff, 0xff, 0xe0, 0x7, 0xff, 0xff, 0xff,
    0xff, 0xff, 0xc0, 0x3, 0xff, 0xff, 0xff, 0xff,
    0xff, 0x80, 0x1, 0xff, 0xff, 0xff, 0xff, 0xff,
    0x0, 0x0, 0xff, 0xff, 0xff, 0xff, 0xfe, 0x0,
    0x0, 0x3f, 0xff, 0xff, 0xff, 0xfc, 0x0, 0x0,
    0xf, 0xff, 0xff, 0xff, 0xf0, 0x0, 0x0, 0x3,
    0xff, 0xff, 0xff, 0xc0, 0x0, 0x0, 0x0, 0x7f,
    0xff, 0xfe, 0x0, 0x0, 0x0, 0x0, 0x7, 0xff,
    0xe0, 0x0, 0x0,

    /* U+00C0 "À" */
    0x0, 0x0, 0xf, 0xff, 0xfe, 0x0, 0x0, 0x0,
    0x0, 0x0, 0x0, 0x0, 0x0, 0x3f, 0xff, 0xf8,
    0x0, 0x0, 0x0, 0x0, 0x0, 0x0, 0x0, 0x0,
    0xff, 0xff, 0xe0, 0x0, 0x0, 0x0, 0x0, 0x0,
    0x0, 0x0, 0x3, 0xff, 0xff, 0x0, 0x0, 0x0,
    0x0, 0x0, 0x0, 0x0, 0x0, 0xf, 0xff, 0xfc,
    0x0, 0x0, 0x0, 0x0, 0x0, 0x0, 0x0, 0x0,
    0x3f, 0xff, 0xf0, 0x0, 0x0, 0x0, 0x0, 0x0,
    0x0, 0x0, 0x1, 0xff, 0xff, 0x80, 0x0, 0x0,
    0x0, 0x0, 0x0, 0x0, 0x0, 0x7, 0xff, 0xfe,
    0x0, 0x0, 0x0, 0x0, 0x0, 0x0, 0x0, 0x0,
    0x1f, 0xff, 0xf8, 0x0, 0x0, 0x0, 0x0, 0x0,
    0x0, 0x0, 0x0, 0x7f, 0xff, 0xc0, 0x0, 0x0,
    0x0, 0x0, 0x0, 0x0, 0x0, 0x1, 0xff, 0xff,
    0x0, 0x0, 0x0, 0x0, 0x0, 0x0, 0x0, 0x0,
    0x7, 0xff, 0xfc, 0x0, 0x0, 0x0, 0x0, 0x0,
    0x0, 0x0, 0x0, 0x1f, 0xff, 0xe0, 0x0, 0x0,
    0x0, 0x0, 0x0, 0x0, 0x0, 0x0, 0x7f, 0xff,
    0x80, 0x0, 0x0, 0x0, 0x0, 0x0, 0x0, 0x0,
    0x1, 0xff, 0xfe, 0x0, 0x0, 0x0, 0x0, 0x0,
    0x0, 0x0, 0x0, 0x7, 0xff, 0xf0, 0x0, 0x0,
    0x0, 0x0, 0x0, 0x0, 0x0, 0x0, 0x3f, 0xff,
    0xc0, 0x0, 0x0, 0x0, 0x0, 0x0, 0x0, 0x0,
    0x0, 0xff, 0xfe, 0x0, 0x0, 0x0, 0x0, 0x0,
    0x0, 0x0, 0x0, 0x3, 0xff, 0xf8, 0x0, 0x0,
    0x0, 0x0, 0x0, 0x0, 0x0, 0x0, 0x0, 0x0,
    0x0, 0x0, 0x0, 0x0, 0x0, 0x0, 0x0, 0x0,
    0x0, 0x0, 0x0, 0x0, 0x0, 0x0, 0x0, 0x0,
    0x0, 0x0, 0x0, 0x0, 0x0, 0x0, 0x0, 0x0,
    0x0, 0x0, 0x0, 0x0, 0x0, 0x0, 0x0, 0x0,
    0x0, 0x0, 0x0, 0x0, 0x0, 0x0, 0x0, 0x0,
    0x0, 0x0, 0x0, 0x0, 0x0, 0x0, 0x0, 0x0,
    0x0, 0x0, 0x0, 0x3f, 0xff, 0xe0, 0x0, 0x0,
    0x0, 0x0, 0x0, 0x0, 0x0, 0x3, 0xff, 0xff,
    0x80, 0x0, 0x0, 0x0, 0x0, 0x0, 0x0, 0x0,
    0x1f, 0xff, 0xfc, 0x0, 0x0, 0x0, 0x0, 0x0,
    0x0, 0x0, 0x1, 0xff, 0xff, 0xe0, 0x0, 0x0,
    0x0, 0x0, 0x0, 0x0, 0x0, 0xf, 0xff, 0xff,
    0x80, 0x0, 0x0, 0x0, 0x0, 0x0, 0x0, 0x0,
    0x7f, 0xff, 0xfc, 0x0, 0x0, 0x0, 0x0, 0x0,
    0x0, 0x0, 0x7, 0xff, 0xff, 0xf0, 0x0, 0x0,
    0x0, 0x0, 0x0, 0x0, 0x0, 0x3f, 0xff, 0xff,
    0x80, 0x0, 0x0, 0x0, 0x0, 0x0, 0x0, 0x1,
    0xff, 0xff, 0xfc, 0x0, 0x0, 0x0, 0x0, 0x0,
    0x0, 0x0, 0x1f, 0xff, 0xff, 0xf0, 0x0, 0x0,
    0x0, 0x0, 0x0, 0x0, 0x0, 0xff, 0xff, 0xff,
    0x80, 0x0, 0x0, 0x0, 0x0, 0x0, 0x0, 0x7,
    0xff, 0xff, 0xfc, 0x0, 0x0, 0x0, 0x0, 0x0,
    0x0, 0x0, 0x7f, 0xff, 0xff, 0xf0, 0x0, 0x0,
    0x0, 0x0, 0x0, 0x0, 0x3, 0xff, 0xff, 0xff,
    0x80, 0x0, 0x0, 0x0, 0x0, 0x0, 0x0, 0x3f,
    0xff, 0xff, 0xfe, 0x0, 0x0, 0x0, 0x0, 0x0,
    0x0, 0x1, 0xff, 0xff, 0xff, 0xf0, 0x0, 0x0,
    0x0, 0x0, 0x0, 0x0, 0xf, 0xff, 0xff, 0xff,
    0x80, 0x0, 0x0, 0x0, 0x0, 0x0, 0x0, 0xff,
    0xff, 0xff, 0xfe, 0x0, 0x0, 0x0, 0x0, 0x0,
    0x0, 0x7, 0xff, 0xff, 0xff, 0xf0, 0x0, 0x0,
    0x0, 0x0, 0x0, 0x0, 0x3f, 0xff, 0xff, 0xff,
    0x80, 0x0, 0x0, 0x0, 0x0, 0x0, 0x3, 0xff,
    0xff, 0xff, 0xfe, 0x0, 0x0, 0x0, 0x0, 0x0,
    0x0, 0x1f, 0xff, 0xff, 0xff, 0xf0, 0x0, 0x0,
    0x0, 0x0, 0x0, 0x1, 0xff, 0xff, 0x7f, 0xff,
    0xc0, 0x0, 0x0, 0x0, 0x0, 0x0, 0xf, 0xff,
    0xfb, 0xff, 0xfe, 0x0, 0x0, 0x0, 0x0, 0x0,
    0x0, 0x7f, 0xff, 0xdf, 0xff, 0xf0, 0x0, 0x0,
    0x0, 0x0, 0x0, 0x7, 0xff, 0xfc, 0x7f, 0xff,
    0xc0, 0x0, 0x0, 0x0, 0x0, 0x0, 0x3f, 0xff,
    0xe3, 0xff, 0xfe, 0x0, 0x0, 0x0, 0x0, 0x0,
    0x1, 0xff, 0xff, 0x1f, 0xff, 0xf0, 0x0, 0x0,
    0x0, 0x0, 0x0, 0x1f, 0xff, 0xf0, 0x7f, 0xff,
    0xc0, 0x0, 0x0, 0x0, 0x0, 0x0, 0xff, 0xff,
    0x83, 0xff, 0xfe, 0x0, 0x0, 0x0, 0x0, 0x0,
    0xf, 0xff, 0xfc, 0x1f, 0xff, 0xf0, 0x0, 0x0,
    0x0, 0x0, 0x0, 0x7f, 0xff, 0xc0, 0x7f, 0xff,
    0xc0, 0x0, 0x0, 0x0, 0x0, 0x3, 0xff, 0xfe,
    0x3, 0xff, 0xfe, 0x0, 0x0, 0x0, 0x0, 0x0,
    0x3f, 0xff, 0xf0, 0x1f, 0xff, 0xf8, 0x0, 0x0,
    0x0, 0x0, 0x1, 0xff, 0xff, 0x0, 0x7f, 0xff,
    0xc0, 0x0, 0x0, 0x0, 0x0, 0xf, 0xff, 0xf8,
    0x3, 0xff, 0xfe, 0x0, 0x0, 0x0, 0x0, 0x0,
    0xff, 0xff, 0xc0, 0x1f, 0xff, 0xf8, 0x0, 0x0,
    0x0, 0x0, 0x7, 0xff, 0xfc, 0x0, 0x7f, 0xff,
    0xc0, 0x0, 0x0, 0x0, 0x0, 0x7f, 0xff, 0xe0,
    0x3, 0xff, 0xfe, 0x0, 0x0, 0x0, 0x0, 0x3,
    0xff, 0xff, 0x0, 0x1f, 0xff, 0xf8, 0x0, 0x0,
    0x0, 0x0, 0x1f, 0xff, 0xf0, 0x0, 0xff, 0xff,
    0xc0, 0x0, 0x0, 0x0, 0x1, 0xff, 0xff, 0x80,
    0x3, 0xff, 0xff, 0x0, 0x0, 0x0, 0x0, 0xf,
    0xff, 0xfc, 0x0, 0x1f, 0xff, 0xf8, 0x0, 0x0,
    0x0, 0x0, 0x7f, 0xff, 0xc0, 0x0, 0xff, 0xff,
    0xc0, 0x0, 0x0, 0x0, 0x7, 0xff, 0xfe, 0x0,
    0x3, 0xff, 0xff, 0x0, 0x0, 0x0, 0x0, 0x3f,
    0xff, 0xf0, 0x0, 0x1f, 0xff, 0xf8, 0x0, 0x0,
    0x0, 0x3, 0xff, 0xff, 0x0, 0x0, 0xff, 0xff,
    0xc0, 0x0, 0x0, 0x0, 0x1f, 0xff, 0xf8, 0x0,
    0x3, 0xff, 0xff, 0x0, 0x0, 0x0, 0x0, 0xff,
    0xff, 0xc0, 0x0, 0x1f, 0xff, 0xf8, 0x0, 0x0,
    0x0, 0xf, 0xff, 0xfe, 0x0, 0x0, 0xff, 0xff,
    0xe0, 0x0, 0x0, 0x0, 0x7f, 0xff, 0xe0, 0x0,
    0x3, 0xff, 0xff, 0x0, 0x0, 0x0, 0x3, 0xff,
    0xff, 0x0, 0x0, 0x1f, 0xff, 0xf8, 0x0, 0x0,
    0x0, 0x3f, 0xff, 0xf8, 0x0, 0x0, 0xff, 0xff,
    0xe0, 0x0, 0x0, 0x1, 0xff, 0xff, 0x80, 0x0,
    0x3, 0xff, 0xff, 0x0, 0x0, 0x0, 0xf, 0xff,
    0xfc, 0x0, 0x0, 0x1f, 0xff, 0xf8, 0x0, 0x0,
    0x0, 0xff, 0xff, 0xe0, 0x0, 0x0, 0xff, 0xff,
    0xe0, 0x0, 0x0, 0x7, 0xff, 0xfe, 0x0, 0x0,
    0x3, 0xff, 0xff, 0x0, 0x0, 0x0, 0x7f, 0xff,
    0xf0, 0x0, 0x0, 0x1f, 0xff, 0xfc, 0x0, 0x0,
    0x3, 0xff, 0xff, 0xff, 0xff, 0xff, 0xff, 0xff,
    0xe0, 0x0, 0x0, 0x1f, 0xff, 0xff, 0xff, 0xff,
    0xff, 0xff, 0xff, 0x0, 0x0, 0x1, 0xff, 0xff,
    0xff, 0xff, 0xff, 0xff, 0xff, 0xfc, 0x0, 0x0,
    0xf, 0xff, 0xff, 0xff, 0xff, 0xff, 0xff, 0xff,
    0xe0, 0x0, 0x0, 0x7f, 0xff, 0xff, 0xff, 0xff,
    0xff, 0xff, 0xff, 0x0, 0x0, 0x7, 0xff, 0xff,
    0xff, 0xff, 0xff, 0xff, 0xff, 0xfc, 0x0, 0x0,
    0x3f, 0xff, 0xff, 0xff, 0xff, 0xff, 0xff, 0xff,
    0xe0, 0x0, 0x3, 0xff, 0xff, 0xff, 0xff, 0xff,
    0xff, 0xff, 0xff, 0x80, 0x0, 0x1f, 0xff, 0xff,
    0xff, 0xff, 0xff, 0xff, 0xff, 0xfc, 0x0, 0x0,
    0xff, 0xff, 0xff, 0xff, 0xff, 0xff, 0xff, 0xff,
    0xe0, 0x0, 0xf, 0xff, 0xff, 0xff, 0xff, 0xff,
    0xff, 0xff, 0xff, 0x80, 0x0, 0x7f, 0xff, 0xff,
    0xff, 0xff, 0xff, 0xff, 0xff, 0xfc, 0x0, 0x3,
    0xff, 0xff, 0xff, 0xff, 0xff, 0xff, 0xff, 0xff,
    0xe0, 0x0, 0x3f, 0xff, 0xff, 0xff, 0xff, 0xff,
    0xff, 0xff, 0xff, 0x80, 0x1, 0xff, 0xff, 0xc0,
    0x0, 0x0, 0x0, 0x1f, 0xff, 0xfc, 0x0, 0x1f,
    0xff, 0xfe, 0x0, 0x0, 0x0, 0x0, 0xff, 0xff,
    0xf0, 0x0, 0xff, 0xff, 0xe0, 0x0, 0x0, 0x0,
    0x3, 0xff, 0xff, 0x80, 0x7, 0xff, 0xff, 0x0,
    0x0, 0x0, 0x0, 0x1f, 0xff, 0xfc, 0x0, 0x7f,
    0xff, 0xf8, 0x0, 0x0, 0x0, 0x0, 0xff, 0xff,
    0xf0, 0x3, 0xff, 0xff, 0x80, 0x0, 0x0, 0x0,
    0x3, 0xff, 0xff, 0x80, 0x1f, 0xff, 0xfc, 0x0,
    0x0, 0x0, 0x0, 0x1f, 0xff, 0xfc, 0x1, 0xff,
    0xff, 0xe0, 0x0, 0x0, 0x0, 0x0, 0xff, 0xff,
    0xf0, 0xf, 0xff, 0xfe, 0x0, 0x0, 0x0, 0x0,
    0x3, 0xff, 0xff, 0x80, 0xff, 0xff, 0xf0, 0x0,
    0x0, 0x0, 0x0, 0x1f, 0xff, 0xfe, 0x7, 0xff,
    0xff, 0x80, 0x0, 0x0, 0x0, 0x0, 0xff, 0xff,
    0xf0, 0x3f, 0xff, 0xf8, 0x0, 0x0, 0x0, 0x0,
    0x3, 0xff, 0xff, 0x83, 0xff, 0xff, 0xc0, 0x0,
    0x0, 0x0, 0x0, 0x1f, 0xff, 0xfe, 0x1f, 0xff,
    0xfe, 0x0, 0x0, 0x0, 0x0, 0x0, 0xff, 0xff,
    0xf0, 0xff, 0xff, 0xe0, 0x0, 0x0, 0x0, 0x0,
    0x3, 0xff, 0xff, 0x8f, 0xff, 0xff, 0x0, 0x0,
    0x0, 0x0, 0x0, 0x1f, 0xff, 0xfe, 0x7f, 0xff,
    0xf8, 0x0, 0x0, 0x0, 0x0, 0x0, 0xff, 0xff,
    0xf7, 0xff, 0xff, 0x80, 0x0, 0x0, 0x0, 0x0,
    0x3, 0xff, 0xff, 0xff, 0xff, 0xfc, 0x0, 0x0,
    0x0, 0x0, 0x0, 0x1f, 0xff, 0xfe,

    /* U+00C1 "Á" */
    0x0, 0x0, 0x0, 0x0, 0x0, 0x3, 0xff, 0xff,
    0x80, 0x0, 0x0, 0x0, 0x0, 0x0, 0x0, 0x0,
    0x3f, 0xff, 0xf8, 0x0, 0x0, 0x0, 0x0, 0x0,
    0x0, 0x0, 0x1, 0xff, 0xff, 0xc0, 0x0, 0x0,
    0x0, 0x0, 0x0, 0x0, 0x0, 0x1f, 0xff, 0xfc,
    0x0, 0x0, 0x0, 0x0, 0x0, 0x0, 0x0, 0x1,
    0xff, 0xff, 0xc0, 0x0, 0x0, 0x0, 0x0, 0x0,
    0x0, 0x0, 0xf, 0xff, 0xfc, 0x0, 0x0, 0x0,
    0x0, 0x0, 0x0, 0x0, 0x0, 0xff, 0xff, 0xc0,
    0x0, 0x0, 0x0, 0x0, 0x0, 0x0, 0x0, 0xf,
    0xff, 0xfc, 0x0, 0x0, 0x0, 0x0, 0x0, 0x0,
    0x0, 0x0, 0x7f, 0xff, 0xc0, 0x0, 0x0, 0x0,
    0x0, 0x0, 0x0, 0x0, 0x7, 0xff, 0xfc, 0x0,
    0x0, 0x0, 0x0, 0x0, 0x0, 0x0, 0x0, 0x7f,
    0xff, 0xc0, 0x0, 0x0, 0x0, 0x0, 0x0, 0x0,
    0x0, 0x3, 0xff, 0xfc, 0x0, 0x0, 0x0, 0x0,
    0x0, 0x0, 0x0, 0x0, 0x3f, 0xff, 0xe0, 0x0,
    0x0, 0x0, 0x0, 0x0, 0x0, 0x0, 0x1, 0xff,
    0xfe, 0x0, 0x0, 0x0, 0x0, 0x0, 0x0, 0x0,
    0x0, 0x1f, 0xff, 0xe0, 0x0, 0x0, 0x0, 0x0,
    0x0, 0x0, 0x0, 0x1, 0xff, 0xfe, 0x0, 0x0,
    0x0, 0x0, 0x0, 0x0, 0x0, 0x0, 0xf, 0xff,
    0xe0, 0x0, 0x0, 0x0, 0x0, 0x0, 0x0, 0x0,
    0x0, 0xff, 0xfe, 0x0, 0x0, 0x0, 0x0, 0x0,
    0x0, 0x0, 0x0, 0xf, 0xff, 0xe0, 0x0, 0x0,
    0x0, 0x0, 0x0, 0x0, 0x0, 0x0, 0x0, 0x0,
    0x0, 0x0, 0x0, 0x0, 0x0, 0x0, 0x0, 0x0,
    0x0, 0x0, 0x0, 0x0, 0x0, 0x0, 0x0, 0x0,
    0x0, 0x0, 0x0, 0x0, 0x0, 0x0, 0x0, 0x0,
    0x0, 0x0, 0x0, 0x0, 0x0, 0x0, 0x0, 0x0,
    0x0, 0x0, 0x0, 0x0, 0x0, 0x0, 0x0, 0x0,
    0x0, 0x0, 0x0, 0x0, 0x0, 0x0, 0x0, 0x0,
    0x0, 0x0, 0x0, 0x3f, 0xff, 0xe0, 0x0, 0x0,
    0x0, 0x0, 0x0, 0x0, 0x0, 0x3, 0xff, 0xff,
    0x80, 0x0, 0x0, 0x0, 0x0, 0x0, 0x0, 0x0,
    0x1f, 0xff, 0xfc, 0x0, 0x0, 0x0, 0x0, 0x0,
    0x0, 0x0, 0x1, 0xff, 0xff, 0xe0, 0x0, 0x0,
    0x0, 0x0, 0x0, 0x0, 0x0, 0xf, 0xff, 0xff,
    0x80, 0x0, 0x0, 0x0, 0x0, 0x0, 0x0, 0x0,
    0x7f, 0xff, 0xfc, 0x0, 0x0, 0x0, 0x0, 0x0,
    0x0, 0x0, 0x7, 0xff, 0xff, 0xf0, 0x0, 0x0,
    0x0, 0x0, 0x0, 0x0, 0x0, 0x3f, 0xff, 0xff,
    0x80, 0x0, 0x0, 0x0, 0x0, 0x0, 0x0, 0x1,
    0xff, 0xff, 0xfc, 0x0, 0x0, 0x0, 0x0, 0x0,
    0x0, 0x0, 0x1f, 0xff, 0xff, 0xf0, 0x0, 0x0,
    0x0, 0x0, 0x0, 0x0, 0x0, 0xff, 0xff, 0xff,
    0x80, 0x0, 0x0, 0x0, 0x0, 0x0, 0x0, 0x7,
    0xff, 0xff, 0xfc, 0x0, 0x0, 0x0, 0x0, 0x0,
    0x0, 0x0, 0x7f, 0xff, 0xff, 0xf0, 0x0, 0x0,
    0x0, 0x0, 0x0, 0x0, 0x3, 0xff, 0xff, 0xff,
    0x80, 0x0, 0x0, 0x0, 0x0, 0x0, 0x0, 0x3f,
    0xff, 0xff, 0xfe, 0x0, 0x0, 0x0, 0x0, 0x0,
    0x0, 0x1, 0xff, 0xff, 0xff, 0xf0, 0x0, 0x0,
    0x0, 0x0, 0x0, 0x0, 0xf, 0xff, 0xff, 0xff,
    0x80, 0x0, 0x0, 0x0, 0x0, 0x0, 0x0, 0xff,
    0xff, 0xff, 0xfe, 0x0, 0x0, 0x0, 0x0, 0x0,
    0x0, 0x7, 0xff, 0xff, 0xff, 0xf0, 0x0, 0x0,
    0x0, 0x0, 0x0, 0x0, 0x3f, 0xff, 0xff, 0xff,
    0x80, 0x0, 0x0, 0x0, 0x0, 0x0, 0x3, 0xff,
    0xff, 0xff, 0xfe, 0x0, 0x0, 0x0, 0x0, 0x0,
    0x0, 0x1f, 0xff, 0xff, 0xff, 0xf0, 0x0, 0x0,
    0x0, 0x0, 0x0, 0x1, 0xff, 0xff, 0x7f, 0xff,
    0xc0, 0x0, 0x0, 0x0, 0x0, 0x0, 0xf, 0xff,
    0xfb, 0xff, 0xfe, 0x0, 0x0, 0x0, 0x0, 0x0,
    0x0, 0x7f, 0xff, 0xdf, 0xff, 0xf0, 0x0, 0x0,
    0x0, 0x0, 0x0, 0x7, 0xff, 0xfc, 0x7f, 0xff,
    0xc0, 0x0, 0x0, 0x0, 0x0, 0x0, 0x3f, 0xff,
    0xe3, 0xff, 0xfe, 0x0, 0x0, 0x0, 0x0, 0x0,
    0x1, 0xff, 0xff, 0x1f, 0xff, 0xf0, 0x0, 0x0,
    0x0, 0x0, 0x0, 0x1f, 0xff, 0xf0, 0x7f, 0xff,
    0xc0, 0x0, 0x0, 0x0, 0x0, 0x0, 0xff, 0xff,
    0x83, 0xff, 0xfe, 0x0, 0x0, 0x0, 0x0, 0x0,
    0xf, 0xff, 0xfc, 0x1f, 0xff, 0xf0, 0x0, 0x0,
    0x0, 0x0, 0x0, 0x7f, 0xff, 0xc0, 0x7f, 0xff,
    0xc0, 0x0, 0x0, 0x0, 0x0, 0x3, 0xff, 0xfe,
    0x3, 0xff, 0xfe, 0x0, 0x0, 0x0, 0x0, 0x0,
    0x3f, 0xff, 0xf0, 0x1f, 0xff, 0xf8, 0x0, 0x0,
    0x0, 0x0, 0x1, 0xff, 0xff, 0x0, 0x7f, 0xff,
    0xc0, 0x0, 0x0, 0x0, 0x0, 0xf, 0xff, 0xf8,
    0x3, 0xff, 0xfe, 0x0, 0x0, 0x0, 0x0, 0x0,
    0xff, 0xff, 0xc0, 0x1f, 0xff, 0xf8, 0x0, 0x0,
    0x0, 0x0, 0x7, 0xff, 0xfc, 0x0, 0x7f, 0xff,
    0xc0, 0x0, 0x0, 0x0, 0x0, 0x7f, 0xff, 0xe0,
    0x3, 0xff, 0xfe, 0x0, 0x0, 0x0, 0x0, 0x3,
    0xff, 0xff, 0x0, 0x1f, 0xff, 0xf8, 0x0, 0x0,
    0x0, 0x0, 0x1f, 0xff, 0xf0, 0x0, 0xff, 0xff,
    0xc0, 0x0, 0x0, 0x0, 0x1, 0xff, 0xff, 0x80,
    0x3, 0xff, 0xff, 0x0, 0x0, 0x0, 0x0, 0xf,
    0xff, 0xfc, 0x0, 0x1f, 0xff, 0xf8, 0x0, 0x0,
    0x0, 0x0, 0x7f, 0xff, 0xc0, 0x0, 0xff, 0xff,
    0xc0, 0x0, 0x0, 0x0, 0x7, 0xff, 0xfe, 0x0,
    0x3, 0xff, 0xff, 0x0, 0x0, 0x0, 0x0, 0x3f,
    0xff, 0xf0, 0x0, 0x1f, 0xff, 0xf8, 0x0, 0x0,
    0x0, 0x3, 0xff, 0xff, 0x0, 0x0, 0xff, 0xff,
    0xc0, 0x0, 0x0, 0x0, 0x1f, 0xff, 0xf8, 0x0,
    0x3, 0xff, 0xff, 0x0, 0x0, 0x0, 0x0, 0xff,
    0xff, 0xc0, 0x0, 0x1f, 0xff, 0xf8, 0x0, 0x0,
    0x0, 0xf, 0xff, 0xfe, 0x0, 0x0, 0xff, 0xff,
    0xe0, 0x0, 0x0, 0x0, 0x7f, 0xff, 0xe0, 0x0,
    0x3, 0xff, 0xff, 0x0, 0x0, 0x0, 0x3, 0xff,
    0xff, 0x0, 0x0, 0x1f, 0xff, 0xf8, 0x0, 0x0,
    0x0, 0x3f, 0xff, 0xf8, 0x0, 0x0, 0xff, 0xff,
    0xe0, 0x0, 0x0, 0x1, 0xff, 0xff, 0x80, 0x0,
    0x3, 0xff, 0xff, 0x0, 0x0, 0x0, 0xf, 0xff,
    0xfc, 0x0, 0x0, 0x1f, 0xff, 0xf8, 0x0, 0x0,
    0x0, 0xff, 0xff, 0xe0, 0x0, 0x0, 0xff, 0xff,
    0xe0, 0x0, 0x0, 0x7, 0xff, 0xfe, 0x0, 0x0,
    0x3, 0xff, 0xff, 0x0, 0x0, 0x0, 0x7f, 0xff,
    0xf0, 0x0, 0x0, 0x1f, 0xff, 0xfc, 0x0, 0x0,
    0x3, 0xff, 0xff, 0xff, 0xff, 0xff, 0xff, 0xff,
    0xe0, 0x0, 0x0, 0x1f, 0xff, 0xff, 0xff, 0xff,
    0xff, 0xff, 0xff, 0x0, 0x0, 0x1, 0xff, 0xff,
    0xff, 0xff, 0xff, 0xff, 0xff, 0xfc, 0x0, 0x0,
    0xf, 0xff, 0xff, 0xff, 0xff, 0xff, 0xff, 0xff,
    0xe0, 0x0, 0x0, 0x7f, 0xff, 0xff, 0xff, 0xff,
    0xff, 0xff, 0xff, 0x0, 0x0, 0x7, 0xff, 0xff,
    0xff, 0xff, 0xff, 0xff, 0xff, 0xfc, 0x0, 0x0,
    0x3f, 0xff, 0xff, 0xff, 0xff, 0xff, 0xff, 0xff,
    0xe0, 0x0, 0x3, 0xff, 0xff, 0xff, 0xff, 0xff,
    0xff, 0xff, 0xff, 0x80, 0x0, 0x1f, 0xff, 0xff,
    0xff, 0xff, 0xff, 0xff, 0xff, 0xfc, 0x0, 0x0,
    0xff, 0xff, 0xff, 0xff, 0xff, 0xff, 0xff, 0xff,
    0xe0, 0x0, 0xf, 0xff, 0xff, 0xff, 0xff, 0xff,
    0xff, 0xff, 0xff, 0x80, 0x0, 0x7f, 0xff, 0xff,
    0xff, 0xff, 0xff, 0xff, 0xff, 0xfc, 0x0, 0x3,
    0xff, 0xff, 0xff, 0xff, 0xff, 0xff, 0xff, 0xff,
    0xe0, 0x0, 0x3f, 0xff, 0xff, 0xff, 0xff, 0xff,
    0xff, 0xff, 0xff, 0x80, 0x1, 0xff, 0xff, 0xc0,
    0x0, 0x0, 0x0, 0x1f, 0xff, 0xfc, 0x0, 0x1f,
    0xff, 0xfe, 0x0, 0x0, 0x0, 0x0, 0xff, 0xff,
    0xf0, 0x0, 0xff, 0xff, 0xe0, 0x0, 0x0, 0x0,
    0x3, 0xff, 0xff, 0x80, 0x7, 0xff, 0xff, 0x0,
    0x0, 0x0, 0x0, 0x1f, 0xff, 0xfc, 0x0, 0x7f,
    0xff, 0xf8, 0x0, 0x0, 0x0, 0x0, 0xff, 0xff,
    0xf0, 0x3, 0xff, 0xff, 0x80, 0x0, 0x0, 0x0,
    0x3, 0xff, 0xff, 0x80, 0x1f, 0xff, 0xfc, 0x0,
    0x0, 0x0, 0x0, 0x1f, 0xff, 0xfc, 0x1, 0xff,
    0xff, 0xe0, 0x0, 0x0, 0x0, 0x0, 0xff, 0xff,
    0xf0, 0xf, 0xff, 0xfe, 0x0, 0x0, 0x0, 0x0,
    0x3, 0xff, 0xff, 0x80, 0xff, 0xff, 0xf0, 0x0,
    0x0, 0x0, 0x0, 0x1f, 0xff, 0xfe, 0x7, 0xff,
    0xff, 0x80, 0x0, 0x0, 0x0, 0x0, 0xff, 0xff,
    0xf0, 0x3f, 0xff, 0xf8, 0x0, 0x0, 0x0, 0x0,
    0x3, 0xff, 0xff, 0x83, 0xff, 0xff, 0xc0, 0x0,
    0x0, 0x0, 0x0, 0x1f, 0xff, 0xfe, 0x1f, 0xff,
    0xfe, 0x0, 0x0, 0x0, 0x0, 0x0, 0xff, 0xff,
    0xf0, 0xff, 0xff, 0xe0, 0x0, 0x0, 0x0, 0x0,
    0x3, 0xff, 0xff, 0x8f, 0xff, 0xff, 0x0, 0x0,
    0x0, 0x0, 0x0, 0x1f, 0xff, 0xfe, 0x7f, 0xff,
    0xf8, 0x0, 0x0, 0x0, 0x0, 0x0, 0xff, 0xff,
    0xf7, 0xff, 0xff, 0x80, 0x0, 0x0, 0x0, 0x0,
    0x3, 0xff, 0xff, 0xff, 0xff, 0xfc, 0x0, 0x0,
    0x0, 0x0, 0x0, 0x1f, 0xff, 0xfe,

    /* U+00C2 "Â" */
    0x0, 0x0, 0x0, 0x0, 0x7, 0xff, 0x0, 0x0,
    0x0, 0x0, 0x0, 0x0, 0x0, 0x0, 0x0, 0x7f,
    0xfc, 0x0, 0x0, 0x0, 0x0, 0x0, 0x0, 0x0,
    0x0, 0x7, 0xff, 0xf0, 0x0, 0x0, 0x0, 0x0,
    0x0, 0x0, 0x0, 0x0, 0x7f, 0xff, 0xc0, 0x0,
    0x0, 0x0, 0x0, 0x0, 0x0, 0x0, 0x7, 0xff,
    0xff, 0x0, 0x0, 0x0, 0x0, 0x0, 0x0, 0x0,
    0x0, 0x7f, 0xff, 0xfc, 0x0, 0x0, 0x0, 0x0,
    0x0, 0x0, 0x0, 0x7, 0xff, 0xff, 0xf0, 0x0,
    0x0, 0x0, 0x0, 0x0, 0x0, 0x0, 0x7f, 0xff,
    0xff, 0xc0, 0x0, 0x0, 0x0, 0x0, 0x0, 0x0,
    0x7, 0xff, 0xff, 0xff, 0x0, 0x0, 0x0, 0x0,
    0x0, 0x0, 0x0, 0x7f, 0xff, 0xff, 0xfc, 0x0,
    0x0, 0x0, 0x0, 0x0, 0x0, 0x7, 0xff, 0xf3,
    0xff, 0xf0, 0x0, 0x0, 0x0, 0x0, 0x0, 0x0,
    0x7f, 0xff, 0xf, 0xff, 0xc0, 0x0, 0x0, 0x0,
    0x0, 0x0, 0x7, 0xff, 0xf0, 0x3f, 0xff, 0x0,
    0x0, 0x0, 0x0, 0x0, 0x0, 0x7f, 0xff, 0x0,
    0xff, 0xfc, 0x0, 0x0, 0x0, 0x0, 0x0, 0x7,
    0xff, 0xf0, 0x3, 0xff, 0xf8, 0x0, 0x0, 0x0,
    0x0, 0x0, 0x7f, 0xff, 0x0, 0xf, 0xff, 0xe0,
    0x0, 0x0, 0x0, 0x0, 0xf, 0xff, 0xf0, 0x0,
    0x3f, 0xff, 0x80, 0x0, 0x0, 0x0, 0x0, 0xff,
    0xfe, 0x0, 0x0, 0xff, 0xfe, 0x0, 0x0, 0x0,
    0x0, 0x7, 0xff, 0xe0, 0x0, 0x3, 0xff, 0xf8,
    0x0, 0x0, 0x0, 0x0, 0x0, 0x0, 0x0, 0x0,
    0x0, 0x0, 0x0, 0x0, 0x0, 0x0, 0x0, 0x0,
    0x0, 0x0, 0x0, 0x0, 0x0, 0x0, 0x0, 0x0,
    0x0, 0x0, 0x0, 0x0, 0x0, 0x0, 0x0, 0x0,
    0x0, 0x0, 0x0, 0x0, 0x0, 0x0, 0x0, 0x0,
    0x0, 0x0, 0x0, 0x0, 0x0, 0x0, 0x0, 0x0,
    0x0, 0x0, 0x0, 0x0, 0x0, 0x0, 0x0, 0x0,
    0x0, 0x0, 0x0, 0x0, 0x0, 0x0, 0x0, 0x0,
    0x0, 0x0, 0x0, 0x0, 0x0, 0x1, 0xff, 0xff,
    0x0, 0x0, 0x0, 0x0, 0x0, 0x0, 0x0, 0x0,
    0x1f, 0xff, 0xfc, 0x0, 0x0, 0x0, 0x0, 0x0,
    0x0, 0x0, 0x0, 0xff, 0xff, 0xe0, 0x0, 0x0,
    0x0, 0x0, 0x0, 0x0, 0x0, 0xf, 0xff, 0xff,
    0x0, 0x0, 0x0, 0x0, 0x0, 0x0, 0x0, 0x0,
    0x7f, 0xff, 0xfc, 0x0, 0x0, 0x0, 0x0, 0x0,
    0x0, 0x0, 0x3, 0xff, 0xff, 0xe0, 0x0, 0x0,
    0x0, 0x0, 0x0, 0x0, 0x0, 0x3f, 0xff, 0xff,
    0x80, 0x0, 0x0, 0x0, 0x0, 0x0, 0x0, 0x1,
    0xff, 0xff, 0xfc, 0x0, 0x0, 0x0, 0x0, 0x0,
    0x0, 0x0, 0xf, 0xff, 0xff, 0xe0, 0x0, 0x0,
    0x0, 0x0, 0x0, 0x0, 0x0, 0xff, 0xff, 0xff,
    0x80, 0x0, 0x0, 0x0, 0x0, 0x0, 0x0, 0x7,
    0xff, 0xff, 0xfc, 0x0, 0x0, 0x0, 0x0, 0x0,
    0x0, 0x0, 0x7f, 0xff, 0xff, 0xe0, 0x0, 0x0,
    0x0, 0x0, 0x0, 0x0, 0x3, 0xff, 0xff, 0xff,
    0x80, 0x0, 0x0, 0x0, 0x0, 0x0, 0x0, 0x1f,
    0xff, 0xff, 0xfc, 0x0, 0x0, 0x0, 0x0, 0x0,
    0x0, 0x1, 0xff, 0xff, 0xff, 0xf0, 0x0, 0x0,
    0x0, 0x0, 0x0, 0x0, 0xf, 0xff, 0xff, 0xff,
    0x80, 0x0, 0x0, 0x0, 0x0, 0x0, 0x0, 0x7f,
    0xff, 0xff, 0xfc, 0x0, 0x0, 0x0, 0x0, 0x0,
    0x0, 0x7, 0xff, 0xff, 0xff, 0xf0, 0x0, 0x0,
    0x0, 0x0, 0x0, 0x0, 0x3f, 0xff, 0xff, 0xff,
    0x80, 0x0, 0x0, 0x0, 0x0, 0x0, 0x3, 0xff,
    0xff, 0xff, 0xfc, 0x0, 0x0, 0x0, 0x0, 0x0,
    0x0, 0x1f, 0xff, 0xff, 0xff, 0xf0, 0x0, 0x0,
    0x0, 0x0, 0x0, 0x0, 0xff, 0xff, 0xff, 0xff,
    0x80, 0x0, 0x0, 0x0, 0x0, 0x0, 0xf, 0xff,
    0xfb, 0xff, 0xfe, 0x0, 0x0, 0x0, 0x0, 0x0,
    0x0, 0x7f, 0xff, 0xdf, 0xff, 0xf0, 0x0, 0x0,
    0x0, 0x0, 0x0, 0x3, 0xff, 0xfe, 0xff, 0xff,
    0x80, 0x0, 0x0, 0x0, 0x0, 0x0, 0x3f, 0xff,
    0xe3, 0xff, 0xfe, 0x0, 0x0, 0x0, 0x0, 0x0,
    0x1, 0xff, 0xff, 0x1f, 0xff, 0xf0, 0x0, 0x0,
    0x0, 0x0, 0x0, 0xf, 0xff, 0xf8, 0xff, 0xff,
    0x80, 0x0, 0x0, 0x0, 0x0, 0x0, 0xff, 0xff,
    0x83, 0xff, 0xfe, 0x0, 0x0, 0x0, 0x0, 0x0,
    0x7, 0xff, 0xfc, 0x1f, 0xff, 0xf0, 0x0, 0x0,
    0x0, 0x0, 0x0, 0x7f, 0xff, 0xe0, 0xff, 0xff,
    0xc0, 0x0, 0x0, 0x0, 0x0, 0x3, 0xff, 0xfe,
    0x3, 0xff, 0xfe, 0x0, 0x0, 0x0, 0x0, 0x0,
    0x1f, 0xff, 0xf0, 0x1f, 0xff, 0xf0, 0x0, 0x0,
    0x0, 0x0, 0x1, 0xff, 0xff, 0x80, 0xff, 0xff,
    0xc0, 0x0, 0x0, 0x0, 0x0, 0xf, 0xff, 0xf8,
    0x3, 0xff, 0xfe, 0x0, 0x0, 0x0, 0x0, 0x0,
    0x7f, 0xff, 0xc0, 0x1f, 0xff, 0xf0, 0x0, 0x0,
    0x0, 0x0, 0x7, 0xff, 0xfe, 0x0, 0xff, 0xff,
    0xc0, 0x0, 0x0, 0x0, 0x0, 0x3f, 0xff, 0xe0,
    0x3, 0xff, 0xfe, 0x0, 0x0, 0x0, 0x0, 0x3,
    0xff, 0xff, 0x0, 0x1f, 0xff, 0xf8, 0x0, 0x0,
    0x0, 0x0, 0x1f, 0xff, 0xf8, 0x0, 0xff, 0xff,
    0xc0, 0x0, 0x0, 0x0, 0x0, 0xff, 0xff, 0x80,
    0x3, 0xff, 0xfe, 0x0, 0x0, 0x0, 0x0, 0xf,
    0xff, 0xfc, 0x0, 0x1f, 0xff, 0xf8, 0x0, 0x0,
    0x0, 0x0, 0x7f, 0xff, 0xe0, 0x0, 0xff, 0xff,
    0xc0, 0x0, 0x0, 0x0, 0x3, 0xff, 0xfe, 0x0,
    0x3, 0xff, 0xfe, 0x0, 0x0, 0x0, 0x0, 0x3f,
    0xff, 0xf0, 0x0, 0x1f, 0xff, 0xf8, 0x0, 0x0,
    0x0, 0x1, 0xff, 0xff, 0x80, 0x0, 0xff, 0xff,
    0xc0, 0x0, 0x0, 0x0, 0x1f, 0xff, 0xf8, 0x0,
    0x7, 0xff, 0xff, 0x0, 0x0, 0x0, 0x0, 0xff,
    0xff, 0xc0, 0x0, 0x1f, 0xff, 0xf8, 0x0, 0x0,
    0x0, 0x7, 0xff, 0xfe, 0x0, 0x0, 0xff, 0xff,
    0xc0, 0x0, 0x0, 0x0, 0x7f, 0xff, 0xe0, 0x0,
    0x7, 0xff, 0xff, 0x0, 0x0, 0x0, 0x3, 0xff,
    0xff, 0x0, 0x0, 0x1f, 0xff, 0xf8, 0x0, 0x0,
    0x0, 0x1f, 0xff, 0xf8, 0x0, 0x0, 0xff, 0xff,
    0xc0, 0x0, 0x0, 0x1, 0xff, 0xff, 0x80, 0x0,
    0x7, 0xff, 0xff, 0x0, 0x0, 0x0, 0xf, 0xff,
    0xfc, 0x0, 0x0, 0x1f, 0xff, 0xf8, 0x0, 0x0,
    0x0, 0xff, 0xff, 0xe0, 0x0, 0x0, 0xff, 0xff,
    0xc0, 0x0, 0x0, 0x7, 0xff, 0xff, 0x0, 0x0,
    0x7, 0xff, 0xff, 0x0, 0x0, 0x0, 0x3f, 0xff,
    0xf0, 0x0, 0x0, 0x1f, 0xff, 0xf8, 0x0, 0x0,
    0x3, 0xff, 0xff, 0x80, 0x0, 0x0, 0xff, 0xff,
    0xe0, 0x0, 0x0, 0x1f, 0xff, 0xff, 0xff, 0xff,
    0xff, 0xff, 0xff, 0x0, 0x0, 0x0, 0xff, 0xff,
    0xff, 0xff, 0xff, 0xff, 0xff, 0xf8, 0x0, 0x0,
    0xf, 0xff, 0xff, 0xff, 0xff, 0xff, 0xff, 0xff,
    0xe0, 0x0, 0x0, 0x7f, 0xff, 0xff, 0xff, 0xff,
    0xff, 0xff, 0xff, 0x0, 0x0, 0x3, 0xff, 0xff,
    0xff, 0xff, 0xff, 0xff, 0xff, 0xf8, 0x0, 0x0,
    0x3f, 0xff, 0xff, 0xff, 0xff, 0xff, 0xff, 0xff,
    0xe0, 0x0, 0x1, 0xff, 0xff, 0xff, 0xff, 0xff,
    0xff, 0xff, 0xff, 0x0, 0x0, 0x1f, 0xff, 0xff,
    0xff, 0xff, 0xff, 0xff, 0xff, 0xfc, 0x0, 0x0,
    0xff, 0xff, 0xff, 0xff, 0xff, 0xff, 0xff, 0xff,
    0xe0, 0x0, 0x7, 0xff, 0xff, 0xff, 0xff, 0xff,
    0xff, 0xff, 0xff, 0x0, 0x0, 0x7f, 0xff, 0xff,
    0xff, 0xff, 0xff, 0xff, 0xff, 0xfc, 0x0, 0x3,
    0xff, 0xff, 0xff, 0xff, 0xff, 0xff, 0xff, 0xff,
    0xe0, 0x0, 0x1f, 0xff, 0xff, 0xff, 0xff, 0xff,
    0xff, 0xff, 0xff, 0x0, 0x1, 0xff, 0xff, 0xff,
    0xff, 0xff, 0xff, 0xff, 0xff, 0xfc, 0x0, 0xf,
    0xff, 0xfe, 0x0, 0x0, 0x0, 0x0, 0xff, 0xff,
    0xe0, 0x0, 0xff, 0xff, 0xf0, 0x0, 0x0, 0x0,
    0x7, 0xff, 0xff, 0x80, 0x7, 0xff, 0xff, 0x0,
    0x0, 0x0, 0x0, 0x1f, 0xff, 0xfc, 0x0, 0x3f,
    0xff, 0xf8, 0x0, 0x0, 0x0, 0x0, 0xff, 0xff,
    0xe0, 0x3, 0xff, 0xff, 0xc0, 0x0, 0x0, 0x0,
    0x7, 0xff, 0xff, 0x80, 0x1f, 0xff, 0xfc, 0x0,
    0x0, 0x0, 0x0, 0x1f, 0xff, 0xfc, 0x0, 0xff,
    0xff, 0xe0, 0x0, 0x0, 0x0, 0x0, 0xff, 0xff,
    0xe0, 0xf, 0xff, 0xff, 0x0, 0x0, 0x0, 0x0,
    0x7, 0xff, 0xff, 0x80, 0x7f, 0xff, 0xf0, 0x0,
    0x0, 0x0, 0x0, 0x1f, 0xff, 0xfc, 0x7, 0xff,
    0xff, 0x80, 0x0, 0x0, 0x0, 0x0, 0xff, 0xff,
    0xf0, 0x3f, 0xff, 0xfc, 0x0, 0x0, 0x0, 0x0,
    0x7, 0xff, 0xff, 0x81, 0xff, 0xff, 0xc0, 0x0,
    0x0, 0x0, 0x0, 0x1f, 0xff, 0xfc, 0x1f, 0xff,
    0xfe, 0x0, 0x0, 0x0, 0x0, 0x0, 0xff, 0xff,
    0xf0, 0xff, 0xff, 0xf0, 0x0, 0x0, 0x0, 0x0,
    0x7, 0xff, 0xff, 0x87, 0xff, 0xff, 0x0, 0x0,
    0x0, 0x0, 0x0, 0x1f, 0xff, 0xfc, 0x7f, 0xff,
    0xf8, 0x0, 0x0, 0x0, 0x0, 0x0, 0xff, 0xff,
    0xf3, 0xff, 0xff, 0xc0, 0x0, 0x0, 0x0, 0x0,
    0x7, 0xff, 0xff, 0xbf, 0xff, 0xfc, 0x0, 0x0,
    0x0, 0x0, 0x0, 0x1f, 0xff, 0xff, 0xff, 0xff,
    0xe0, 0x0, 0x0, 0x0, 0x0, 0x0, 0xff, 0xff,
    0xf0,

    /* U+00C3 "Ã" */
    0x0, 0x0, 0x0, 0x0, 0x0, 0x0, 0x0, 0xff,
    0xc0, 0x0, 0x0, 0x0, 0x0, 0x0, 0x1f, 0xc0,
    0x0, 0x7, 0xfe, 0x0, 0x0, 0x0, 0x0, 0x0,
    0x7, 0xff, 0xc0, 0x0, 0x3f, 0xf0, 0x0, 0x0,
    0x0, 0x0, 0x0, 0x7f, 0xff, 0x80, 0x3, 0xff,
    0x80, 0x0, 0x0, 0x0, 0x0, 0xf, 0xff, 0xff,
    0x0, 0x3f, 0xfc, 0x0, 0x0, 0x0, 0x0, 0x0,
    0xff, 0xff, 0xff, 0x3, 0xff, 0xc0, 0x0, 0x0,
    0x0, 0x0, 0xf, 0xff, 0xff, 0xff, 0xff, 0xfe,
    0x0, 0x0, 0x0, 0x0, 0x0, 0x7f, 0xff, 0xff,
    0xff, 0xff, 0xf0, 0x0, 0x0, 0x0, 0x0, 0x7,
    0xff, 0xff, 0xff, 0xff, 0xff, 0x0, 0x0, 0x0,
    0x0, 0x0, 0x3f, 0xff, 0xff, 0xff, 0xff, 0xf8,
    0x0, 0x0, 0x0, 0x0, 0x3, 0xff, 0xff, 0xff,
    0xff, 0xff, 0x80, 0x0, 0x0, 0x0, 0x0, 0x1f,
    0xff, 0xff, 0xff, 0xff, 0xf8, 0x0, 0x0, 0x0,
    0x0, 0x0, 0xff, 0xf0, 0x3f, 0xff, 0xff, 0xc0,
    0x0, 0x0, 0x0, 0x0, 0xf, 0xfe, 0x0, 0x7f,
    0xff, 0xfc, 0x0, 0x0, 0x0, 0x0, 0x0, 0x7f,
    0xf0, 0x0, 0xff, 0xff, 0xc0, 0x0, 0x0, 0x0,
    0x0, 0x3, 0xff, 0x0, 0x0, 0xff, 0xf8, 0x0,
    0x0, 0x0, 0x0, 0x0, 0x1f, 0xf8, 0x0, 0x1,
    0xfe, 0x0, 0x0, 0x0, 0x0, 0x0, 0x0, 0x0,
    0x0, 0x0, 0x0, 0x0, 0x0, 0x0, 0x0, 0x0,
    0x0, 0x0, 0x0, 0x0, 0x0, 0x0, 0x0, 0x0,
    0x0, 0x0, 0x0, 0x0, 0x0, 0x0, 0x0, 0x0,
    0x0, 0x0, 0x0, 0x0, 0x0, 0x0, 0x0, 0x0,
    0x0, 0x0, 0x0, 0x0, 0x0, 0x0, 0x0, 0x0,
    0x0, 0x0, 0x0, 0x0, 0x0, 0x0, 0x0, 0x0,
    0x0, 0x0, 0x0, 0x0, 0x0, 0x0, 0x0, 0x0,
    0x0, 0x0, 0x0, 0x0, 0x0, 0x0, 0x0, 0x0,
    0x0, 0x0, 0x0, 0x0, 0x0, 0x0, 0x0, 0x0,
    0x0, 0x0, 0x0, 0x7f, 0xff, 0xe0, 0x0, 0x0,
    0x0, 0x0, 0x0, 0x0, 0x0, 0x3, 0xff, 0xff,
    0x80, 0x0, 0x0, 0x0, 0x0, 0x0, 0x0, 0x0,
    0x3f, 0xff, 0xfc, 0x0, 0x0, 0x0, 0x0, 0x0,
    0x0, 0x0, 0x1, 0xff, 0xff, 0xf0, 0x0, 0x0,
    0x0, 0x0, 0x0, 0x0, 0x0, 0xf, 0xff, 0xff,
    0x80, 0x0, 0x0, 0x0, 0x0, 0x0, 0x0, 0x0,
    0xff, 0xff, 0xfc, 0x0, 0x0, 0x0, 0x0, 0x0,
    0x0, 0x0, 0x7, 0xff, 0xff, 0xf0, 0x0, 0x0,
    0x0, 0x0, 0x0, 0x0, 0x0, 0x3f, 0xff, 0xff,
    0x80, 0x0, 0x0, 0x0, 0x0, 0x0, 0x0, 0x3,
    0xff, 0xff, 0xfc, 0x0, 0x0, 0x0, 0x0, 0x0,
    0x0, 0x0, 0x1f, 0xff, 0xff, 0xf0, 0x0, 0x0,
    0x0, 0x0, 0x0, 0x0, 0x1, 0xff, 0xff, 0xff,
    0x80, 0x0, 0x0, 0x0, 0x0, 0x0, 0x0, 0xf,
    0xff, 0xff, 0xfe, 0x0, 0x0, 0x0, 0x0, 0x0,
    0x0, 0x0, 0x7f, 0xff, 0xff, 0xf0, 0x0, 0x0,
    0x0, 0x0, 0x0, 0x0, 0x7, 0xff, 0xff, 0xff,
    0x80, 0x0, 0x0, 0x0, 0x0, 0x0, 0x0, 0x3f,
    0xff, 0xff, 0xfe, 0x0, 0x0, 0x0, 0x0, 0x0,
    0x0, 0x1, 0xff, 0xff, 0xff, 0xf0, 0x0, 0x0,
    0x0, 0x0, 0x0, 0x0, 0x1f, 0xff, 0xff, 0xff,
    0x80, 0x0, 0x0, 0x0, 0x0, 0x0, 0x0, 0xff,
    0xff, 0xff, 0xfe, 0x0, 0x0, 0x0, 0x0, 0x0,
    0x0, 0x7, 0xff, 0xff, 0xff, 0xf0, 0x0, 0x0,
    0x0, 0x0, 0x0, 0x0, 0x7f, 0xff, 0xff, 0xff,
    0xc0, 0x0, 0x0, 0x0, 0x0, 0x0, 0x3, 0xff,
    0xff, 0xff, 0xfe, 0x0, 0x0, 0x0, 0x0, 0x0,
    0x0, 0x3f, 0xff, 0xff, 0xff, 0xf0, 0x0, 0x0,
    0x0, 0x0, 0x0, 0x1, 0xff, 0xff, 0xff, 0xff,
    0xc0, 0x0, 0x0, 0x0, 0x0, 0x0, 0xf, 0xff,
    0xfb, 0xff, 0xfe, 0x0, 0x0, 0x0, 0x0, 0x0,
    0x0, 0xff, 0xff, 0xdf, 0xff, 0xf0, 0x0, 0x0,
    0x0, 0x0, 0x0, 0x7, 0xff, 0xfc, 0xff, 0xff,
    0xc0, 0x0, 0x0, 0x0, 0x0, 0x0, 0x3f, 0xff,
    0xe3, 0xff, 0xfe, 0x0, 0x0, 0x0, 0x0, 0x0,
    0x3, 0xff, 0xff, 0x1f, 0xff, 0xf0, 0x0, 0x0,
    0x0, 0x0, 0x0, 0x1f, 0xff, 0xf0, 0xff, 0xff,
    0xc0, 0x0, 0x0, 0x0, 0x0, 0x1, 0xff, 0xff,
    0x83, 0xff, 0xfe, 0x0, 0x0, 0x0, 0x0, 0x0,
    0xf, 0xff, 0xfc, 0x1f, 0xff, 0xf8, 0x0, 0x0,
    0x0, 0x0, 0x0, 0x7f, 0xff, 0xc0, 0xff, 0xff,
    0xc0, 0x0, 0x0, 0x0, 0x0, 0x7, 0xff, 0xfe,
    0x3, 0xff, 0xfe, 0x0, 0x0, 0x0, 0x0, 0x0,
    0x3f, 0xff, 0xf0, 0x1f, 0xff, 0xf8, 0x0, 0x0,
    0x0, 0x0, 0x1, 0xff, 0xff, 0x0, 0xff, 0xff,
    0xc0, 0x0, 0x0, 0x0, 0x0, 0x1f, 0xff, 0xf8,
    0x3, 0xff, 0xfe, 0x0, 0x0, 0x0, 0x0, 0x0,
    0xff, 0xff, 0xc0, 0x1f, 0xff, 0xf8, 0x0, 0x0,
    0x0, 0x0, 0x7, 0xff, 0xfc, 0x0, 0xff, 0xff,
    0xc0, 0x0, 0x0, 0x0, 0x0, 0x7f, 0xff, 0xe0,
    0x3, 0xff, 0xff, 0x0, 0x0, 0x0, 0x0, 0x3,
    0xff, 0xff, 0x0, 0x1f, 0xff, 0xf8, 0x0, 0x0,
    0x0, 0x0, 0x3f, 0xff, 0xf0, 0x0, 0xff, 0xff,
    0xc0, 0x0, 0x0, 0x0, 0x1, 0xff, 0xff, 0x80,
    0x3, 0xff, 0xff, 0x0, 0x0, 0x0, 0x0, 0xf,
    0xff, 0xfc, 0x0, 0x1f, 0xff, 0xf8, 0x0, 0x0,
    0x0, 0x0, 0xff, 0xff, 0xc0, 0x0, 0xff, 0xff,
    0xc0, 0x0, 0x0, 0x0, 0x7, 0xff, 0xfe, 0x0,
    0x3, 0xff, 0xff, 0x0, 0x0, 0x0, 0x0, 0x3f,
    0xff, 0xf0, 0x0, 0x1f, 0xff, 0xf8, 0x0, 0x0,
    0x0, 0x3, 0xff, 0xff, 0x0, 0x0, 0xff, 0xff,
    0xe0, 0x0, 0x0, 0x0, 0x1f, 0xff, 0xf8, 0x0,
    0x3, 0xff, 0xff, 0x0, 0x0, 0x0, 0x0, 0xff,
    0xff, 0xc0, 0x0, 0x1f, 0xff, 0xf8, 0x0, 0x0,
    0x0, 0xf, 0xff, 0xfc, 0x0, 0x0, 0xff, 0xff,
    0xe0, 0x0, 0x0, 0x0, 0x7f, 0xff, 0xe0, 0x0,
    0x3, 0xff, 0xff, 0x0, 0x0, 0x0, 0x7, 0xff,
    0xff, 0x0, 0x0, 0x1f, 0xff, 0xf8, 0x0, 0x0,
    0x0, 0x3f, 0xff, 0xf0, 0x0, 0x0, 0xff, 0xff,
    0xe0, 0x0, 0x0, 0x1, 0xff, 0xff, 0x80, 0x0,
    0x3, 0xff, 0xff, 0x0, 0x0, 0x0, 0x1f, 0xff,
    0xfc, 0x0, 0x0, 0x1f, 0xff, 0xfc, 0x0, 0x0,
    0x0, 0xff, 0xff, 0xc0, 0x0, 0x0, 0xff, 0xff,
    0xe0, 0x0, 0x0, 0x7, 0xff, 0xfe, 0x0, 0x0,
    0x3, 0xff, 0xff, 0x0, 0x0, 0x0, 0x7f, 0xff,
    0xf0, 0x0, 0x0, 0x1f, 0xff, 0xfc, 0x0, 0x0,
    0x3, 0xff, 0xff, 0xff, 0xff, 0xff, 0xff, 0xff,
    0xe0, 0x0, 0x0, 0x3f, 0xff, 0xff, 0xff, 0xff,
    0xff, 0xff, 0xff, 0x0, 0x0, 0x1, 0xff, 0xff,
    0xff, 0xff, 0xff, 0xff, 0xff, 0xfc, 0x0, 0x0,
    0xf, 0xff, 0xff, 0xff, 0xff, 0xff, 0xff, 0xff,
    0xe0, 0x0, 0x0, 0xff, 0xff, 0xff, 0xff, 0xff,
    0xff, 0xff, 0xff, 0x0, 0x0, 0x7, 0xff, 0xff,
    0xff, 0xff, 0xff, 0xff, 0xff, 0xfc, 0x0, 0x0,
    0x3f, 0xff, 0xff, 0xff, 0xff, 0xff, 0xff, 0xff,
    0xe0, 0x0, 0x3, 0xff, 0xff, 0xff, 0xff, 0xff,
    0xff, 0xff, 0xff, 0x80, 0x0, 0x1f, 0xff, 0xff,
    0xff, 0xff, 0xff, 0xff, 0xff, 0xfc, 0x0, 0x0,
    0xff, 0xff, 0xff, 0xff, 0xff, 0xff, 0xff, 0xff,
    0xe0, 0x0, 0xf, 0xff, 0xff, 0xff, 0xff, 0xff,
    0xff, 0xff, 0xff, 0x80, 0x0, 0x7f, 0xff, 0xff,
    0xff, 0xff, 0xff, 0xff, 0xff, 0xfc, 0x0, 0x7,
    0xff, 0xff, 0xff, 0xff, 0xff, 0xff, 0xff, 0xff,
    0xe0, 0x0, 0x3f, 0xff, 0xff, 0xff, 0xff, 0xff,
    0xff, 0xff, 0xff, 0x80, 0x1, 0xff, 0xff, 0xc0,
    0x0, 0x0, 0x0, 0x1f, 0xff, 0xfc, 0x0, 0x1f,
    0xff, 0xfe, 0x0, 0x0, 0x0, 0x0, 0xff, 0xff,
    0xf0, 0x0, 0xff, 0xff, 0xe0, 0x0, 0x0, 0x0,
    0x3, 0xff, 0xff, 0x80, 0x7, 0xff, 0xff, 0x0,
    0x0, 0x0, 0x0, 0x1f, 0xff, 0xfc, 0x0, 0x7f,
    0xff, 0xf8, 0x0, 0x0, 0x0, 0x0, 0xff, 0xff,
    0xf0, 0x3, 0xff, 0xff, 0x80, 0x0, 0x0, 0x0,
    0x3, 0xff, 0xff, 0x80, 0x1f, 0xff, 0xfc, 0x0,
    0x0, 0x0, 0x0, 0x1f, 0xff, 0xfc, 0x1, 0xff,
    0xff, 0xe0, 0x0, 0x0, 0x0, 0x0, 0xff, 0xff,
    0xf0, 0xf, 0xff, 0xfe, 0x0, 0x0, 0x0, 0x0,
    0x3, 0xff, 0xff, 0x80, 0xff, 0xff, 0xf0, 0x0,
    0x0, 0x0, 0x0, 0x1f, 0xff, 0xfe, 0x7, 0xff,
    0xff, 0x80, 0x0, 0x0, 0x0, 0x0, 0xff, 0xff,
    0xf0, 0x3f, 0xff, 0xf8, 0x0, 0x0, 0x0, 0x0,
    0x3, 0xff, 0xff, 0x83, 0xff, 0xff, 0xc0, 0x0,
    0x0, 0x0, 0x0, 0x1f, 0xff, 0xfe, 0x1f, 0xff,
    0xfe, 0x0, 0x0, 0x0, 0x0, 0x0, 0xff, 0xff,
    0xf0, 0xff, 0xff, 0xe0, 0x0, 0x0, 0x0, 0x0,
    0x3, 0xff, 0xff, 0x8f, 0xff, 0xff, 0x0, 0x0,
    0x0, 0x0, 0x0, 0x1f, 0xff, 0xfe, 0x7f, 0xff,
    0xf8, 0x0, 0x0, 0x0, 0x0, 0x0, 0xff, 0xff,
    0xf7, 0xff, 0xff, 0x80, 0x0, 0x0, 0x0, 0x0,
    0x3, 0xff, 0xff, 0xff, 0xff, 0xfc, 0x0, 0x0,
    0x0, 0x0, 0x0, 0x1f, 0xff, 0xfe,

    /* U+00C4 "Ä" */
    0x0, 0x0, 0x0, 0xfe, 0x0, 0x0, 0x3, 0xf8,
    0x0, 0x0, 0x0, 0x0, 0x0, 0x1f, 0xfc, 0x0,
    0x0, 0x7f, 0xf0, 0x0, 0x0, 0x0, 0x0, 0x1,
    0xff, 0xf0, 0x0, 0x7, 0xff, 0xc0, 0x0, 0x0,
    0x0, 0x0, 0x1f, 0xff, 0xc0, 0x0, 0x7f, 0xff,
    0x0, 0x0, 0x0, 0x0, 0x0, 0xff, 0xfe, 0x0,
    0x3, 0xff, 0xf8, 0x0, 0x0, 0x0, 0x0, 0xf,
    0xff, 0xf8, 0x0, 0x3f, 0xff, 0xe0, 0x0, 0x0,
    0x0, 0x0, 0x7f, 0xff, 0xc0, 0x1, 0xff, 0xff,
    0x0, 0x0, 0x0, 0x0, 0x3, 0xff, 0xfe, 0x0,
    0xf, 0xff, 0xf8, 0x0, 0x0, 0x0, 0x0, 0x1f,
    0xff, 0xf0, 0x0, 0x7f, 0xff, 0xc0, 0x0, 0x0,
    0x0, 0x0, 0xff, 0xff, 0x80, 0x3, 0xff, 0xfe,
    0x0, 0x0, 0x0, 0x0, 0x3, 0xff, 0xf8, 0x0,
    0xf, 0xff, 0xe0, 0x0, 0x0, 0x0, 0x0, 0x1f,
    0xff, 0xc0, 0x0, 0x7f, 0xff, 0x0, 0x0, 0x0,
    0x0, 0x0, 0x7f, 0xfc, 0x0, 0x1, 0xff, 0xf0,
    0x0, 0x0, 0x0, 0x0, 0x1, 0xff, 0xc0, 0x0,
    0x7, 0xff, 0x0, 0x0, 0x0, 0x0, 0x0, 0x3,
    0xf8, 0x0, 0x0, 0xf, 0xe0, 0x0, 0x0, 0x0,
    0x0, 0x0, 0x0, 0x0, 0x0, 0x0, 0x0, 0x0,
    0x0, 0x0, 0x0, 0x0, 0x0, 0x0, 0x0, 0x0,
    0x0, 0x0, 0x0, 0x0, 0x0, 0x0, 0x0, 0x0,
    0x0, 0x0, 0x0, 0x0, 0x0, 0x0, 0x0, 0x0,
    0x0, 0x0, 0x0, 0x0, 0x0, 0x0, 0x0, 0x0,
    0x0, 0x0, 0x0, 0x0, 0x0, 0x0, 0x0, 0x0,
    0x0, 0x0, 0x0, 0x0, 0x0, 0x0, 0x0, 0x0,
    0x0, 0x0, 0x0, 0x0, 0x0, 0x0, 0x0, 0x0,
    0x0, 0x0, 0x0, 0x1f, 0xff, 0xf0, 0x0, 0x0,
    0x0, 0x0, 0x0, 0x0, 0x0, 0x1, 0xff, 0xff,
    0x80, 0x0, 0x0, 0x0, 0x0, 0x0, 0x0, 0x0,
    0xf, 0xff, 0xfe, 0x0, 0x0, 0x0, 0x0, 0x0,
    0x0, 0x0, 0x0, 0x7f, 0xff, 0xf0, 0x0, 0x0,
    0x0, 0x0, 0x0, 0x0, 0x0, 0x7, 0xff, 0xff,
    0x80, 0x0, 0x0, 0x0, 0x0, 0x0, 0x0, 0x0,
    0x3f, 0xff, 0xfe, 0x0, 0x0, 0x0, 0x0, 0x0,
    0x0, 0x0, 0x3, 0xff, 0xff, 0xf0, 0x0, 0x0,
    0x0, 0x0, 0x0, 0x0, 0x0, 0x1f, 0xff, 0xff,
    0xc0, 0x0, 0x0, 0x0, 0x0, 0x0, 0x0, 0x0,
    0xff, 0xff, 0xfe, 0x0, 0x0, 0x0, 0x0, 0x0,
    0x0, 0x0, 0xf, 0xff, 0xff, 0xf0, 0x0, 0x0,
    0x0, 0x0, 0x0, 0x0, 0x0, 0x7f, 0xff, 0xff,
    0xc0, 0x0, 0x0, 0x0, 0x0, 0x0, 0x0, 0x3,
    0xff, 0xff, 0xfe, 0x0, 0x0, 0x0, 0x0, 0x0,
    0x0, 0x0, 0x3f, 0xff, 0xff, 0xf0, 0x0, 0x0,
    0x0, 0x0, 0x0, 0x0, 0x1, 0xff, 0xff, 0xff,
    0xc0, 0x0, 0x0, 0x0, 0x0, 0x0, 0x0, 0xf,
    0xff, 0xff, 0xfe, 0x0, 0x0, 0x0, 0x0, 0x0,
    0x0, 0x0, 0xff, 0xff, 0xff, 0xf8, 0x0, 0x0,
    0x0, 0x0, 0x0, 0x0, 0x7, 0xff, 0xff, 0xff,
    0xc0, 0x0, 0x0, 0x0, 0x0, 0x0, 0x0, 0x7f,
    0xff, 0xff, 0xfe, 0x0, 0x0, 0x0, 0x0, 0x0,
    0x0, 0x3, 0xff, 0xff, 0xff, 0xf8, 0x0, 0x0,
    0x0, 0x0, 0x0, 0x0, 0x1f, 0xff, 0xff, 0xff,
    0xc0, 0x0, 0x0, 0x0, 0x0, 0x0, 0x1, 0xff,
    0xff, 0xff, 0xfe, 0x0, 0x0, 0x0, 0x0, 0x0,
    0x0, 0xf, 0xff, 0xff, 0xff, 0xf8, 0x0, 0x0,
    0x0, 0x0, 0x0, 0x0, 0x7f, 0xff, 0xbf, 0xff,
    0xc0, 0x0, 0x0, 0x0, 0x0, 0x0, 0x7, 0xff,
    0xfd, 0xff, 0xff, 0x0, 0x0, 0x0, 0x0, 0x0,
    0x0, 0x3f, 0xff, 0xef, 0xff, 0xf8, 0x0, 0x0,
    0x0, 0x0, 0x0, 0x3, 0xff, 0xfe, 0x3f, 0xff,
    0xc0, 0x0, 0x0, 0x0, 0x0, 0x0, 0x1f, 0xff,
    0xf1, 0xff, 0xff, 0x0, 0x0, 0x0, 0x0, 0x0,
    0x0, 0xff, 0xff, 0x8f, 0xff, 0xf8, 0x0, 0x0,
    0x0, 0x0, 0x0, 0xf, 0xff, 0xf8, 0x3f, 0xff,
    0xc0, 0x0, 0x0, 0x0, 0x0, 0x0, 0x7f, 0xff,
    0xc1, 0xff, 0xff, 0x0, 0x0, 0x0, 0x0, 0x0,
    0x3, 0xff, 0xfe, 0xf, 0xff, 0xf8, 0x0, 0x0,
    0x0, 0x0, 0x0, 0x3f, 0xff, 0xe0, 0x3f, 0xff,
    0xe0, 0x0, 0x0, 0x0, 0x0, 0x1, 0xff, 0xff,
    0x1, 0xff, 0xff, 0x0, 0x0, 0x0, 0x0, 0x0,
    0x1f, 0xff, 0xf8, 0xf, 0xff, 0xf8, 0x0, 0x0,
    0x0, 0x0, 0x0, 0xff, 0xff, 0x80, 0x3f, 0xff,
    0xe0, 0x0, 0x0, 0x0, 0x0, 0x7, 0xff, 0xfc,
    0x1, 0xff, 0xff, 0x0, 0x0, 0x0, 0x0, 0x0,
    0x7f, 0xff, 0xe0, 0xf, 0xff, 0xf8, 0x0, 0x0,
    0x0, 0x0, 0x3, 0xff, 0xfe, 0x0, 0x3f, 0xff,
    0xe0, 0x0, 0x0, 0x0, 0x0, 0x1f, 0xff, 0xf0,
    0x1, 0xff, 0xff, 0x0, 0x0, 0x0, 0x0, 0x1,
    0xff, 0xff, 0x80, 0xf, 0xff, 0xf8, 0x0, 0x0,
    0x0, 0x0, 0xf, 0xff, 0xf8, 0x0, 0x7f, 0xff,
    0xe0, 0x0, 0x0, 0x0, 0x0, 0xff, 0xff, 0xc0,
    0x1, 0xff, 0xff, 0x0, 0x0, 0x0, 0x0, 0x7,
    0xff, 0xfe, 0x0, 0xf, 0xff, 0xfc, 0x0, 0x0,
    0x0, 0x0, 0x3f, 0xff, 0xe0, 0x0, 0x7f, 0xff,
    0xe0, 0x0, 0x0, 0x0, 0x3, 0xff, 0xff, 0x0,
    0x1, 0xff, 0xff, 0x0, 0x0, 0x0, 0x0, 0x1f,
    0xff, 0xf8, 0x0, 0xf, 0xff, 0xfc, 0x0, 0x0,
    0x0, 0x0, 0xff, 0xff, 0x80, 0x0, 0x7f, 0xff,
    0xe0, 0x0, 0x0, 0x0, 0xf, 0xff, 0xfc, 0x0,
    0x1, 0xff, 0xff, 0x0, 0x0, 0x0, 0x0, 0x7f,
    0xff, 0xe0, 0x0, 0xf, 0xff, 0xfc, 0x0, 0x0,
    0x0, 0x7, 0xff, 0xff, 0x0, 0x0, 0x7f, 0xff,
    0xe0, 0x0, 0x0, 0x0, 0x3f, 0xff, 0xf0, 0x0,
    0x1, 0xff, 0xff, 0x80, 0x0, 0x0, 0x1, 0xff,
    0xff, 0x80, 0x0, 0xf, 0xff, 0xfc, 0x0, 0x0,
    0x0, 0x1f, 0xff, 0xfc, 0x0, 0x0, 0x7f, 0xff,
    0xe0, 0x0, 0x0, 0x0, 0xff, 0xff, 0xc0, 0x0,
    0x1, 0xff, 0xff, 0x80, 0x0, 0x0, 0x7, 0xff,
    0xfe, 0x0, 0x0, 0xf, 0xff, 0xfc, 0x0, 0x0,
    0x0, 0x7f, 0xff, 0xf0, 0x0, 0x0, 0x7f, 0xff,
    0xe0, 0x0, 0x0, 0x3, 0xff, 0xff, 0x0, 0x0,
    0x1, 0xff, 0xff, 0x80, 0x0, 0x0, 0x3f, 0xff,
    0xf8, 0x0, 0x0, 0xf, 0xff, 0xfc, 0x0, 0x0,
    0x1, 0xff, 0xff, 0xff, 0xff, 0xff, 0xff, 0xff,
    0xf0, 0x0, 0x0, 0xf, 0xff, 0xff, 0xff, 0xff,
    0xff, 0xff, 0xff, 0x80, 0x0, 0x0, 0xff, 0xff,
    0xff, 0xff, 0xff, 0xff, 0xff, 0xfc, 0x0, 0x0,
    0x7, 0xff, 0xff, 0xff, 0xff, 0xff, 0xff, 0xff,
    0xf0, 0x0, 0x0, 0x3f, 0xff, 0xff, 0xff, 0xff,
    0xff, 0xff, 0xff, 0x80, 0x0, 0x3, 0xff, 0xff,
    0xff, 0xff, 0xff, 0xff, 0xff, 0xfc, 0x0, 0x0,
    0x1f, 0xff, 0xff, 0xff, 0xff, 0xff, 0xff, 0xff,
    0xf0, 0x0, 0x1, 0xff, 0xff, 0xff, 0xff, 0xff,
    0xff, 0xff, 0xff, 0x80, 0x0, 0xf, 0xff, 0xff,
    0xff, 0xff, 0xff, 0xff, 0xff, 0xfe, 0x0, 0x0,
    0x7f, 0xff, 0xff, 0xff, 0xff, 0xff, 0xff, 0xff,
    0xf0, 0x0, 0x7, 0xff, 0xff, 0xff, 0xff, 0xff,
    0xff, 0xff, 0xff, 0x80, 0x0, 0x3f, 0xff, 0xff,
    0xff, 0xff, 0xff, 0xff, 0xff, 0xfe, 0x0, 0x1,
    0xff, 0xff, 0xff, 0xff, 0xff, 0xff, 0xff, 0xff,
    0xf0, 0x0, 0x1f, 0xff, 0xff, 0xff, 0xff, 0xff,
    0xff, 0xff, 0xff, 0x80, 0x0, 0xff, 0xff, 0xe0,
    0x0, 0x0, 0x0, 0xf, 0xff, 0xfe, 0x0, 0xf,
    0xff, 0xff, 0x0, 0x0, 0x0, 0x0, 0x7f, 0xff,
    0xf0, 0x0, 0x7f, 0xff, 0xf0, 0x0, 0x0, 0x0,
    0x1, 0xff, 0xff, 0x80, 0x3, 0xff, 0xff, 0x80,
    0x0, 0x0, 0x0, 0xf, 0xff, 0xfe, 0x0, 0x3f,
    0xff, 0xfc, 0x0, 0x0, 0x0, 0x0, 0x7f, 0xff,
    0xf0, 0x1, 0xff, 0xff, 0xe0, 0x0, 0x0, 0x0,
    0x1, 0xff, 0xff, 0xc0, 0xf, 0xff, 0xfe, 0x0,
    0x0, 0x0, 0x0, 0xf, 0xff, 0xfe, 0x0, 0xff,
    0xff, 0xf0, 0x0, 0x0, 0x0, 0x0, 0x7f, 0xff,
    0xf0, 0x7, 0xff, 0xff, 0x80, 0x0, 0x0, 0x0,
    0x3, 0xff, 0xff, 0xc0, 0x7f, 0xff, 0xf8, 0x0,
    0x0, 0x0, 0x0, 0xf, 0xff, 0xfe, 0x3, 0xff,
    0xff, 0xc0, 0x0, 0x0, 0x0, 0x0, 0x7f, 0xff,
    0xf0, 0x1f, 0xff, 0xfe, 0x0, 0x0, 0x0, 0x0,
    0x3, 0xff, 0xff, 0xc1, 0xff, 0xff, 0xe0, 0x0,
    0x0, 0x0, 0x0, 0xf, 0xff, 0xfe, 0xf, 0xff,
    0xff, 0x0, 0x0, 0x0, 0x0, 0x0, 0x7f, 0xff,
    0xf8, 0x7f, 0xff, 0xf8, 0x0, 0x0, 0x0, 0x0,
    0x3, 0xff, 0xff, 0xc7, 0xff, 0xff, 0x80, 0x0,
    0x0, 0x0, 0x0, 0xf, 0xff, 0xfe, 0x3f, 0xff,
    0xfc, 0x0, 0x0, 0x0, 0x0, 0x0, 0x7f, 0xff,
    0xfb, 0xff, 0xff, 0xe0, 0x0, 0x0, 0x0, 0x0,
    0x3, 0xff, 0xff, 0xdf, 0xff, 0xfe, 0x0, 0x0,
    0x0, 0x0, 0x0, 0xf, 0xff, 0xfe,

    /* U+00C5 "Å" */
    0x0, 0x0, 0x0, 0x0, 0x1, 0xfe, 0x0, 0x0,
    0x0, 0x0, 0x0, 0x0, 0x0, 0x0, 0x0, 0x7f,
    0xfe, 0x0, 0x0, 0x0, 0x0, 0x0, 0x0, 0x0,
    0x0, 0x7, 0xff, 0xf8, 0x0, 0x0, 0x0, 0x0,
    0x0, 0x0, 0x0, 0x0, 0xff, 0xff, 0xf0, 0x0,
    0x0, 0x0, 0x0, 0x0, 0x0, 0x0, 0xf, 0xff,
    0xff, 0xc0, 0x0, 0x0, 0x0, 0x0, 0x0, 0x0,
    0x0, 0x7f, 0xff, 0xfe, 0x0, 0x0, 0x0, 0x0,
    0x0, 0x0, 0x0, 0x7, 0xfc, 0xf, 0xf8, 0x0,
    0x0, 0x0, 0x0, 0x0, 0x0, 0x0, 0x7f, 0xc0,
    0x3f, 0xe0, 0x0, 0x0, 0x0, 0x0, 0x0, 0x0,
    0x3, 0xfc, 0x0, 0xff, 0x0, 0x0, 0x0, 0x0,
    0x0, 0x0, 0x0, 0x3f, 0xc0, 0x3, 0xf8, 0x0,
    0x0, 0x0, 0x0, 0x0, 0x0, 0x1, 0xfc, 0x0,
    0xf, 0xe0, 0x0, 0x0, 0x0, 0x0, 0x0, 0x0,
    0xf, 0xe0, 0x0, 0x7f, 0x0, 0x0, 0x0, 0x0,
    0x0, 0x0, 0x0, 0x7f, 0x0, 0x3, 0xf8, 0x0,
    0x0, 0x0, 0x0, 0x0, 0x0, 0x3, 0xf8, 0x0,
    0x1f, 0xc0, 0x0, 0x0, 0x0, 0x0, 0x0, 0x0,
    0x1f, 0xc0, 0x0, 0xfe, 0x0, 0x0, 0x0, 0x0,
    0x0, 0x0, 0x0, 0xfe, 0x0, 0x7, 0xf0, 0x0,
    0x0, 0x0, 0x0, 0x0, 0x0, 0x7, 0xf8, 0x0,
    0x7f, 0x80, 0x0, 0x0, 0x0, 0x0, 0x0, 0x0,
    0x1f, 0xe0, 0x7, 0xf8, 0x0, 0x0, 0x0, 0x0,
    0x0, 0x0, 0x0, 0xff, 0x0, 0x7f, 0xc0, 0x0,
    0x0, 0x0, 0x0, 0x0, 0x0, 0x3, 0xfe, 0x7,
    0xfc, 0x0, 0x0, 0x0, 0x0, 0x0, 0x0, 0x0,
    0x1f, 0xff, 0xff, 0xe0, 0x0, 0x0, 0x0, 0x0,
    0x0, 0x0, 0x0, 0x7f, 0xff, 0xfe, 0x0, 0x0,
    0x0, 0x0, 0x0, 0x0, 0x0, 0x1, 0xff, 0xff,
    0xe0, 0x0, 0x0, 0x0, 0x0, 0x0, 0x0, 0x0,
    0x7, 0xff, 0xfc, 0x0, 0x0, 0x0, 0x0, 0x0,
    0x0, 0x0, 0x0, 0xf, 0xff, 0xc0, 0x0, 0x0,
    0x0, 0x0, 0x0, 0x0, 0x0, 0x0, 0xf, 0xf0,
    0x0, 0x0, 0x0, 0x0, 0x0, 0x0, 0x0, 0x0,
    0x0, 0x0, 0x0, 0x0, 0x0, 0x0, 0x0, 0x0,
    0x0, 0x0, 0x0, 0x0, 0x0, 0x0, 0x0, 0x0,
    0x0, 0x0, 0x0, 0x0, 0x0, 0x0, 0x0, 0x0,
    0x0, 0x0, 0x0, 0x0, 0x0, 0x0, 0x0, 0x0,
    0x0, 0x0, 0x0, 0x0, 0x0, 0x0, 0x0, 0x0,
    0x0, 0x0, 0x0, 0x0, 0x0, 0x0, 0x0, 0x0,
    0x0, 0x0, 0x0, 0x0, 0x0, 0xf, 0xff, 0xfe,
    0x0, 0x0, 0x0, 0x0, 0x0, 0x0, 0x0, 0x0,
    0x7f, 0xff, 0xf0, 0x0, 0x0, 0x0, 0x0, 0x0,
    0x0, 0x0, 0x3, 0xff, 0xff, 0xc0, 0x0, 0x0,
    0x0, 0x0, 0x0, 0x0, 0x0, 0x3f, 0xff, 0xfe,
    0x0, 0x0, 0x0, 0x0, 0x0, 0x0, 0x0, 0x1,
    0xff, 0xff, 0xf0, 0x0, 0x0, 0x0, 0x0, 0x0,
    0x0, 0x0, 0xf, 0xff, 0xff, 0xc0, 0x0, 0x0,
    0x0, 0x0, 0x0, 0x0, 0x0, 0xff, 0xff, 0xfe,
    0x0, 0x0, 0x0, 0x0, 0x0, 0x0, 0x0, 0x7,
    0xff, 0xff, 0xf8, 0x0, 0x0, 0x0, 0x0, 0x0,
    0x0, 0x0, 0x7f, 0xff, 0xff, 0xc0, 0x0, 0x0,
    0x0, 0x0, 0x0, 0x0, 0x3, 0xff, 0xff, 0xfe,
    0x0, 0x0, 0x0, 0x0, 0x0, 0x0, 0x0, 0x1f,
    0xff, 0xff, 0xf8, 0x0, 0x0, 0x0, 0x0, 0x0,
    0x0, 0x1, 0xff, 0xff, 0xff, 0xc0, 0x0, 0x0,
    0x0, 0x0, 0x0, 0x0, 0xf, 0xff, 0xff, 0xfe,
    0x0, 0x0, 0x0, 0x0, 0x0, 0x0, 0x0, 0x7f,
    0xff, 0xff, 0xf8, 0x0, 0x0, 0x0, 0x0, 0x0,
    0x0, 0x7, 0xff, 0xff, 0xff, 0xc0, 0x0, 0x0,
    0x0, 0x0, 0x0, 0x0, 0x3f, 0xff, 0xff, 0xff,
    0x0, 0x0, 0x0, 0x0, 0x0, 0x0, 0x3, 0xff,
    0xff, 0xff, 0xf8, 0x0, 0x0, 0x0, 0x0, 0x0,
    0x0, 0x1f, 0xff, 0xff, 0xff, 0xc0, 0x0, 0x0,
    0x0, 0x0, 0x0, 0x0, 0xff, 0xff, 0xff, 0xff,
    0x0, 0x0, 0x0, 0x0, 0x0, 0x0, 0xf, 0xff,
    0xff, 0xff, 0xf8, 0x0, 0x0, 0x0, 0x0, 0x0,
    0x0, 0x7f, 0xff, 0xff, 0xff, 0xc0, 0x0, 0x0,
    0x0, 0x0, 0x0, 0x3, 0xff, 0xff, 0xff, 0xff,
    0x0, 0x0, 0x0, 0x0, 0x0, 0x0, 0x3f, 0xff,
    0xef, 0xff, 0xf8, 0x0, 0x0, 0x0, 0x0, 0x0,
    0x1, 0xff, 0xff, 0x7f, 0xff, 0xe0, 0x0, 0x0,
    0x0, 0x0, 0x0, 0x1f, 0xff, 0xf9, 0xff, 0xff,
    0x0, 0x0, 0x0, 0x0, 0x0, 0x0, 0xff, 0xff,
    0x8f, 0xff, 0xf8, 0x0, 0x0, 0x0, 0x0, 0x0,
    0x7, 0xff, 0xfc, 0x7f, 0xff, 0xe0, 0x0, 0x0,
    0x0, 0x0, 0x0, 0x7f, 0xff, 0xe1, 0xff, 0xff,
    0x0, 0x0, 0x0, 0x0, 0x0, 0x3, 0xff, 0xfe,
    0xf, 0xff, 0xf8, 0x0, 0x0, 0x0, 0x0, 0x0,
    0x1f, 0xff, 0xf0, 0x7f, 0xff, 0xe0, 0x0, 0x0,
    0x0, 0x0, 0x1, 0xff, 0xff, 0x83, 0xff, 0xff,
    0x0, 0x0, 0x0, 0x0, 0x0, 0xf, 0xff, 0xf8,
    0xf, 0xff, 0xf8, 0x0, 0x0, 0x0, 0x0, 0x0,
    0xff, 0xff, 0xc0, 0x7f, 0xff, 0xe0, 0x0, 0x0,
    0x0, 0x0, 0x7, 0xff, 0xfe, 0x3, 0xff, 0xff,
    0x0, 0x0, 0x0, 0x0, 0x0, 0x3f, 0xff, 0xe0,
    0xf, 0xff, 0xfc, 0x0, 0x0, 0x0, 0x0, 0x3,
    0xff, 0xff, 0x0, 0x7f, 0xff, 0xe0, 0x0, 0x0,
    0x0, 0x0, 0x1f, 0xff, 0xf8, 0x3, 0xff, 0xff,
    0x0, 0x0, 0x0, 0x0, 0x0, 0xff, 0xff, 0x80,
    0xf, 0xff, 0xfc, 0x0, 0x0, 0x0, 0x0, 0xf,
    0xff, 0xfc, 0x0, 0x7f, 0xff, 0xe0, 0x0, 0x0,
    0x0, 0x0, 0x7f, 0xff, 0xe0, 0x3, 0xff, 0xff,
    0x0, 0x0, 0x0, 0x0, 0x7, 0xff, 0xfe, 0x0,
    0xf, 0xff, 0xfc, 0x0, 0x0, 0x0, 0x0, 0x3f,
    0xff, 0xf0, 0x0, 0x7f, 0xff, 0xe0, 0x0, 0x0,
    0x0, 0x1, 0xff, 0xff, 0x80, 0x3, 0xff, 0xff,
    0x80, 0x0, 0x0, 0x0, 0x1f, 0xff, 0xf8, 0x0,
    0xf, 0xff, 0xfc, 0x0, 0x0, 0x0, 0x0, 0xff,
    0xff, 0xc0, 0x0, 0x7f, 0xff, 0xe0, 0x0, 0x0,
    0x0, 0x7, 0xff, 0xfe, 0x0, 0x3, 0xff, 0xff,
    0x80, 0x0, 0x0, 0x0, 0x7f, 0xff, 0xe0, 0x0,
    0xf, 0xff, 0xfc, 0x0, 0x0, 0x0, 0x3, 0xff,
    0xff, 0x0, 0x0, 0x7f, 0xff, 0xe0, 0x0, 0x0,
    0x0, 0x3f, 0xff, 0xf8, 0x0, 0x3, 0xff, 0xff,
    0x80, 0x0, 0x0, 0x1, 0xff, 0xff, 0x80, 0x0,
    0xf, 0xff, 0xfc, 0x0, 0x0, 0x0, 0xf, 0xff,
    0xfc, 0x0, 0x0, 0x7f, 0xff, 0xf0, 0x0, 0x0,
    0x0, 0xff, 0xff, 0xe0, 0x0, 0x3, 0xff, 0xff,
    0x80, 0x0, 0x0, 0x7, 0xff, 0xfe, 0x0, 0x0,
    0xf, 0xff, 0xfc, 0x0, 0x0, 0x0, 0x3f, 0xff,
    0xf0, 0x0, 0x0, 0x7f, 0xff, 0xf0, 0x0, 0x0,
    0x3, 0xff, 0xff, 0x80, 0x0, 0x3, 0xff, 0xff,
    0x80, 0x0, 0x0, 0x1f, 0xff, 0xf8, 0x0, 0x0,
    0xf, 0xff, 0xfc, 0x0, 0x0, 0x1, 0xff, 0xff,
    0xc0, 0x0, 0x0, 0x7f, 0xff, 0xf0, 0x0, 0x0,
    0xf, 0xff, 0xff, 0xff, 0xff, 0xff, 0xff, 0xff,
    0x80, 0x0, 0x0, 0x7f, 0xff, 0xff, 0xff, 0xff,
    0xff, 0xff, 0xfc, 0x0, 0x0, 0x7, 0xff, 0xff,
    0xff, 0xff, 0xff, 0xff, 0xff, 0xf0, 0x0, 0x0,
    0x3f, 0xff, 0xff, 0xff, 0xff, 0xff, 0xff, 0xff,
    0x80, 0x0, 0x1, 0xff, 0xff, 0xff, 0xff, 0xff,
    0xff, 0xff, 0xfe, 0x0, 0x0, 0x1f, 0xff, 0xff,
    0xff, 0xff, 0xff, 0xff, 0xff, 0xf0, 0x0, 0x0,
    0xff, 0xff, 0xff, 0xff, 0xff, 0xff, 0xff, 0xff,
    0x80, 0x0, 0xf, 0xff, 0xff, 0xff, 0xff, 0xff,
    0xff, 0xff, 0xfe, 0x0, 0x0, 0x7f, 0xff, 0xff,
    0xff, 0xff, 0xff, 0xff, 0xff, 0xf0, 0x0, 0x3,
    0xff, 0xff, 0xff, 0xff, 0xff, 0xff, 0xff, 0xff,
    0x80, 0x0, 0x3f, 0xff, 0xff, 0xff, 0xff, 0xff,
    0xff, 0xff, 0xfe, 0x0, 0x1, 0xff, 0xff, 0xff,
    0xff, 0xff, 0xff, 0xff, 0xff, 0xf0, 0x0, 0xf,
    0xff, 0xff, 0xff, 0xff, 0xff, 0xff, 0xff, 0xff,
    0xc0, 0x0, 0xff, 0xff, 0xff, 0xff, 0xff, 0xff,
    0xff, 0xff, 0xfe, 0x0, 0x7, 0xff, 0xff, 0x0,
    0x0, 0x0, 0x0, 0x7f, 0xff, 0xf0, 0x0, 0x7f,
    0xff, 0xf8, 0x0, 0x0, 0x0, 0x3, 0xff, 0xff,
    0xc0, 0x3, 0xff, 0xff, 0x80, 0x0, 0x0, 0x0,
    0xf, 0xff, 0xfe, 0x0, 0x1f, 0xff, 0xfc, 0x0,
    0x0, 0x0, 0x0, 0x7f, 0xff, 0xf0, 0x1, 0xff,
    0xff, 0xe0, 0x0, 0x0, 0x0, 0x3, 0xff, 0xff,
    0xc0, 0xf, 0xff, 0xfe, 0x0, 0x0, 0x0, 0x0,
    0xf, 0xff, 0xfe, 0x0, 0x7f, 0xff, 0xf0, 0x0,
    0x0, 0x0, 0x0, 0x7f, 0xff, 0xf8, 0x7, 0xff,
    0xff, 0x80, 0x0, 0x0, 0x0, 0x3, 0xff, 0xff,
    0xc0, 0x3f, 0xff, 0xf8, 0x0, 0x0, 0x0, 0x0,
    0xf, 0xff, 0xfe, 0x3, 0xff, 0xff, 0xc0, 0x0,
    0x0, 0x0, 0x0, 0x7f, 0xff, 0xf8, 0x1f, 0xff,
    0xfe, 0x0, 0x0, 0x0, 0x0, 0x3, 0xff, 0xff,
    0xc0, 0xff, 0xff, 0xe0, 0x0, 0x0, 0x0, 0x0,
    0xf, 0xff, 0xfe, 0xf, 0xff, 0xff, 0x0, 0x0,
    0x0, 0x0, 0x0, 0x7f, 0xff, 0xf8, 0x7f, 0xff,
    0xf8, 0x0, 0x0, 0x0, 0x0, 0x3, 0xff, 0xff,
    0xc3, 0xff, 0xff, 0x80, 0x0, 0x0, 0x0, 0x0,
    0xf, 0xff, 0xfe, 0x3f, 0xff, 0xfc, 0x0, 0x0,
    0x0, 0x0, 0x0, 0x7f, 0xff, 0xf9, 0xff, 0xff,
    0xe0, 0x0, 0x0, 0x0, 0x0, 0x3, 0xff, 0xff,
    0xdf, 0xff, 0xfe, 0x0, 0x0, 0x0, 0x0, 0x0,
    0xf, 0xff, 0xff, 0xff, 0xff, 0xf0, 0x0, 0x0,
    0x0, 0x0, 0x0, 0x7f, 0xff, 0xf8,

    /* U+00C6 "Æ" */
    0x0, 0x0, 0x0, 0x0, 0x0, 0x0, 0xff, 0xff,
    0xff, 0xff, 0xff, 0xff, 0xff, 0xff, 0x0, 0x0,
    0x0, 0x0, 0x0, 0x0, 0xf, 0xff, 0xff, 0xff,
    0xff, 0xff, 0xff, 0xff, 0xf0, 0x0, 0x0, 0x0,
    0x0, 0x0, 0x1, 0xff, 0xff, 0xff, 0xff, 0xff,
    0xff, 0xff, 0xff, 0x0, 0x0, 0x0, 0x0, 0x0,
    0x0, 0x1f, 0xff, 0xff, 0xff, 0xff, 0xff, 0xff,
    0xff, 0xf0, 0x0, 0x0, 0x0, 0x0, 0x0, 0x3,
    0xff, 0xff, 0xff, 0xff, 0xff, 0xff, 0xff, 0xff,
    0x0, 0x0, 0x0, 0x0, 0x0, 0x0, 0x3f, 0xff,
    0xff, 0xff, 0xff, 0xff, 0xff, 0xff, 0xf0, 0x0,
    0x0, 0x0, 0x0, 0x0, 0x7, 0xff, 0xff, 0xff,
    0xff, 0xff, 0xff, 0xff, 0xff, 0x0, 0x0, 0x0,
    0x0, 0x0, 0x0, 0xff, 0xff, 0xff, 0xff, 0xff,
    0xff, 0xff, 0xff, 0xf0, 0x0, 0x0, 0x0, 0x0,
    0x0, 0xf, 0xff, 0xff, 0xff, 0xff, 0xff, 0xff,
    0xff, 0xff, 0x0, 0x0, 0x0, 0x0, 0x0, 0x1,
    0xff, 0xff, 0xff, 0xff, 0xff, 0xff, 0xff, 0xff,
    0xf0, 0x0, 0x0, 0x0, 0x0, 0x0, 0x1f, 0xff,
    0xff, 0xff, 0xff, 0xff, 0xff, 0xff, 0xff, 0x0,
    0x0, 0x0, 0x0, 0x0, 0x3, 0xff, 0xff, 0xff,
    0xff, 0xff, 0xff, 0xff, 0xff, 0xf0, 0x0, 0x0,
    0x0, 0x0, 0x0, 0x3f, 0xff, 0xff, 0xff, 0xff,
    0xff, 0xff, 0xff, 0xff, 0x0, 0x0, 0x0, 0x0,
    0x0, 0x7, 0xff, 0xff, 0xff, 0xff, 0xff, 0xff,
    0xff, 0xff, 0xf0, 0x0, 0x0, 0x0, 0x0, 0x0,
    0x7f, 0xff, 0xff, 0xff, 0xe0, 0x0, 0x0, 0x0,
    0x0, 0x0, 0x0, 0x0, 0x0, 0x0, 0xf, 0xff,
    0xff, 0xff, 0xfe, 0x0, 0x0, 0x0, 0x0, 0x0,
    0x0, 0x0, 0x0, 0x0, 0x0, 0xff, 0xff, 0xff,
    0xff, 0xe0, 0x0, 0x0, 0x0, 0x0, 0x0, 0x0,
    0x0, 0x0, 0x0, 0x1f, 0xff, 0xff, 0xff, 0xfe,
    0x0, 0x0, 0x0, 0x0, 0x0, 0x0, 0x0, 0x0,
    0x0, 0x1, 0xff, 0xff, 0xff, 0xff, 0xe0, 0x0,
    0x0, 0x0, 0x0, 0x0, 0x0, 0x0, 0x0, 0x0,
    0x3f, 0xff, 0xff, 0xff, 0xfe, 0x0, 0x0, 0x0,
    0x0, 0x0, 0x0, 0x0, 0x0, 0x0, 0x3, 0xff,
    0xff, 0x7f, 0xff, 0xe0, 0x0, 0x0, 0x0, 0x0,
    0x0, 0x0, 0x0, 0x0, 0x0, 0x7f, 0xff, 0xf7,
    0xff, 0xfe, 0x0, 0x0, 0x0, 0x0, 0x0, 0x0,
    0x0, 0x0, 0x0, 0xf, 0xff, 0xfe, 0x7f, 0xff,
    0xe0, 0x0, 0x0, 0x0, 0x0, 0x0, 0x0, 0x0,
    0x0, 0x0, 0xff, 0xff, 0xe7, 0xff, 0xfe, 0x0,
    0x0, 0x0, 0x0, 0x0, 0x0, 0x0, 0x0, 0x0,
    0x1f, 0xff, 0xfc, 0x7f, 0xff, 0xe0, 0x0, 0x0,
    0x0, 0x0, 0x0, 0x0, 0x0, 0x0, 0x1, 0xff,
    0xff, 0xc7, 0xff, 0xfe, 0x0, 0x0, 0x0, 0x0,
    0x0, 0x0, 0x0, 0x0, 0x0, 0x3f, 0xff, 0xf8,
    0x7f, 0xff, 0xe0, 0x0, 0x0, 0x0, 0x0, 0x0,
    0x0, 0x0, 0x0, 0x3, 0xff, 0xff, 0x87, 0xff,
    0xfe, 0x0, 0x0, 0x0, 0x0, 0x0, 0x0, 0x0,
    0x0, 0x0, 0x7f, 0xff, 0xf0, 0x7f, 0xff, 0xe0,
    0x0, 0x0, 0x0, 0x0, 0x0, 0x0, 0x0, 0x0,
    0x7, 0xff, 0xff, 0x7, 0xff, 0xfe, 0x0, 0x0,
    0x0, 0x0, 0x0, 0x0, 0x0, 0x0, 0x0, 0xff,
    0xff, 0xe0, 0x7f, 0xff, 0xe0, 0x0, 0x0, 0x0,
    0x0, 0x0, 0x0, 0x0, 0x0, 0xf, 0xff, 0xfe,
    0x7, 0xff, 0xff, 0x0, 0x0, 0x0, 0x0, 0x0,
    0x0, 0x0, 0x0, 0x1, 0xff, 0xff, 0xc0, 0x7f,
    0xff, 0xf0, 0x0, 0x0, 0x0, 0x0, 0x0, 0x0,
    0x0, 0x0, 0x1f, 0xff, 0xfc, 0x7, 0xff, 0xff,
    0x0, 0x0, 0x0, 0x0, 0x0, 0x0, 0x0, 0x0,
    0x3, 0xff, 0xff, 0x80, 0x7f, 0xff, 0xf0, 0x0,
    0x0, 0x0, 0x0, 0x0, 0x0, 0x0, 0x0, 0x7f,
    0xff, 0xf8, 0x7, 0xff, 0xff, 0x0, 0x0, 0x0,
    0x0, 0x0, 0x0, 0x0, 0x0, 0x7, 0xff, 0xff,
    0x0, 0x7f, 0xff, 0xf0, 0x0, 0x0, 0x0, 0x0,
    0x0, 0x0, 0x0, 0x0, 0xff, 0xff, 0xf0, 0x3,
    0xff, 0xff, 0xff, 0xff, 0xff, 0xfe, 0x0, 0x0,
    0x0, 0x0, 0xf, 0xff, 0xfe, 0x0, 0x3f, 0xff,
    0xff, 0xff, 0xff, 0xff, 0xe0, 0x0, 0x0, 0x0,
    0x1, 0xff, 0xff, 0xe0, 0x3, 0xff, 0xff, 0xff,
    0xff, 0xff, 0xfe, 0x0, 0x0, 0x0, 0x0, 0x1f,
    0xff, 0xfc, 0x0, 0x3f, 0xff, 0xff, 0xff, 0xff,
    0xff, 0xe0, 0x0, 0x0, 0x0, 0x3, 0xff, 0xff,
    0xc0, 0x3, 0xff, 0xff, 0xff, 0xff, 0xff, 0xfe,
    0x0, 0x0, 0x0, 0x0, 0x3f, 0xff, 0xf8, 0x0,
    0x3f, 0xff, 0xff, 0xff, 0xff, 0xff, 0xe0, 0x0,
    0x0, 0x0, 0x7, 0xff, 0xff, 0x80, 0x3, 0xff,
    0xff, 0xff, 0xff, 0xff, 0xfe, 0x0, 0x0, 0x0,
    0x0, 0x7f, 0xff, 0xf0, 0x0, 0x3f, 0xff, 0xff,
    0xff, 0xff, 0xff, 0xe0, 0x0, 0x0, 0x0, 0xf,
    0xff, 0xff, 0x0, 0x3, 0xff, 0xff, 0xff, 0xff,
    0xff, 0xfe, 0x0, 0x0, 0x0, 0x0, 0xff, 0xff,
    0xe0, 0x0, 0x3f, 0xff, 0xff, 0xff, 0xff, 0xff,
    0xe0, 0x0, 0x0, 0x0, 0x1f, 0xff, 0xfe, 0x0,
    0x3, 0xff, 0xff, 0xff, 0xff, 0xff, 0xfe, 0x0,
    0x0, 0x0, 0x3, 0xff, 0xff, 0xc0, 0x0, 0x3f,
    0xff, 0xff, 0xff, 0xff, 0xff, 0xe0, 0x0, 0x0,
    0x0, 0x3f, 0xff, 0xfc, 0x0, 0x3, 0xff, 0xff,
    0xff, 0xff, 0xff, 0xfe, 0x0, 0x0, 0x0, 0x7,
    0xff, 0xff, 0x80, 0x0, 0x3f, 0xff, 0xff, 0xff,
    0xff, 0xff, 0xe0, 0x0, 0x0, 0x0, 0x7f, 0xff,
    0xf8, 0x0, 0x3, 0xff, 0xff, 0x0, 0x0, 0x0,
    0x0, 0x0, 0x0, 0x0, 0xf, 0xff, 0xff, 0x0,
    0x0, 0x3f, 0xff, 0xf0, 0x0, 0x0, 0x0, 0x0,
    0x0, 0x0, 0x0, 0xff, 0xff, 0xf0, 0x0, 0x3,
    0xff, 0xff, 0x0, 0x0, 0x0, 0x0, 0x0, 0x0,
    0x0, 0x1f, 0xff, 0xfe, 0x0, 0x0, 0x3f, 0xff,
    0xf0, 0x0, 0x0, 0x0, 0x0, 0x0, 0x0, 0x1,
    0xff, 0xff, 0xff, 0xff, 0xff, 0xff, 0xff, 0x80,
    0x0, 0x0, 0x0, 0x0, 0x0, 0x0, 0x3f, 0xff,
    0xff, 0xff, 0xff, 0xff, 0xff, 0xf8, 0x0, 0x0,
    0x0, 0x0, 0x0, 0x0, 0x3, 0xff, 0xff, 0xff,
    0xff, 0xff, 0xff, 0xff, 0x80, 0x0, 0x0, 0x0,
    0x0, 0x0, 0x0, 0x7f, 0xff, 0xff, 0xff, 0xff,
    0xff, 0xff, 0xf8, 0x0, 0x0, 0x0, 0x0, 0x0,
    0x0, 0x7, 0xff, 0xff, 0xff, 0xff, 0xff, 0xff,
    0xff, 0x80, 0x0, 0x0, 0x0, 0x0, 0x0, 0x0,
    0xff, 0xff, 0xff, 0xff, 0xff, 0xff, 0xff, 0xf8,
    0x0, 0x0, 0x0, 0x0, 0x0, 0x0, 0xf, 0xff,
    0xff, 0xff, 0xff, 0xff, 0xff, 0xff, 0x80, 0x0,
    0x0, 0x0, 0x0, 0x0, 0x1, 0xff, 0xff, 0xff,
    0xff, 0xff, 0xff, 0xff, 0xf8, 0x0, 0x0, 0x0,
    0x0, 0x0, 0x0, 0x3f, 0xff, 0xff, 0xff, 0xff,
    0xff, 0xff, 0xff, 0x80, 0x0, 0x0, 0x0, 0x0,
    0x0, 0x3, 0xff, 0xff, 0xff, 0xff, 0xff, 0xff,
    0xff, 0xf8, 0x0, 0x0, 0x0, 0x0, 0x0, 0x0,
    0x7f, 0xff, 0xff, 0xff, 0xff, 0xff, 0xff, 0xff,
    0x80, 0x0, 0x0, 0x0, 0x0, 0x0, 0x7, 0xff,
    0xff, 0xff, 0xff, 0xff, 0xff, 0xff, 0xf8, 0x0,
    0x0, 0x0, 0x0, 0x0, 0x0, 0xff, 0xff, 0xff,
    0xff, 0xff, 0xff, 0xff, 0xff, 0x80, 0x0, 0x0,
    0x0, 0x0, 0x0, 0xf, 0xff, 0xff, 0xff, 0xff,
    0xff, 0xff, 0xff, 0xf8, 0x0, 0x0, 0x0, 0x0,
    0x0, 0x1, 0xff, 0xff, 0xff, 0xff, 0xff, 0xff,
    0xff, 0xff, 0x80, 0x0, 0x0, 0x0, 0x0, 0x0,
    0x1f, 0xff, 0xfe, 0x0, 0x0, 0x0, 0x1f, 0xff,
    0xf8, 0x0, 0x0, 0x0, 0x0, 0x0, 0x3, 0xff,
    0xff, 0xe0, 0x0, 0x0, 0x1, 0xff, 0xff, 0x80,
    0x0, 0x0, 0x0, 0x0, 0x0, 0x3f, 0xff, 0xfc,
    0x0, 0x0, 0x0, 0x1f, 0xff, 0xf8, 0x0, 0x0,
    0x0, 0x0, 0x0, 0x7, 0xff, 0xff, 0xc0, 0x0,
    0x0, 0x1, 0xff, 0xff, 0x80, 0x0, 0x0, 0x0,
    0x0, 0x0, 0x7f, 0xff, 0xf8, 0x0, 0x0, 0x0,
    0x1f, 0xff, 0xf8, 0x0, 0x0, 0x0, 0x0, 0x0,
    0xf, 0xff, 0xff, 0x80, 0x0, 0x0, 0x1, 0xff,
    0xff, 0x80, 0x0, 0x0, 0x0, 0x0, 0x1, 0xff,
    0xff, 0xf0, 0x0, 0x0, 0x0, 0x1f, 0xff, 0xf8,
    0x0, 0x0, 0x0, 0x0, 0x0, 0x1f, 0xff, 0xff,
    0x0, 0x0, 0x0, 0x1, 0xff, 0xff, 0xff, 0xff,
    0xff, 0xff, 0xff, 0x3, 0xff, 0xff, 0xe0, 0x0,
    0x0, 0x0, 0x1f, 0xff, 0xff, 0xff, 0xff, 0xff,
    0xff, 0xf0, 0x3f, 0xff, 0xfe, 0x0, 0x0, 0x0,
    0x1, 0xff, 0xff, 0xff, 0xff, 0xff, 0xff, 0xff,
    0x7, 0xff, 0xff, 0xc0, 0x0, 0x0, 0x0, 0x1f,
    0xff, 0xff, 0xff, 0xff, 0xff, 0xff, 0xf0, 0x7f,
    0xff, 0xfc, 0x0, 0x0, 0x0, 0x1, 0xff, 0xff,
    0xff, 0xff, 0xff, 0xff, 0xff, 0xf, 0xff, 0xff,
    0x80, 0x0, 0x0, 0x0, 0x1f, 0xff, 0xff, 0xff,
    0xff, 0xff, 0xff, 0xf0, 0xff, 0xff, 0xf8, 0x0,
    0x0, 0x0, 0x1, 0xff, 0xff, 0xff, 0xff, 0xff,
    0xff, 0xff, 0x1f, 0xff, 0xff, 0x0, 0x0, 0x0,
    0x0, 0x1f, 0xff, 0xff, 0xff, 0xff, 0xff, 0xff,
    0xf1, 0xff, 0xff, 0xf0, 0x0, 0x0, 0x0, 0x0,
    0xff, 0xff, 0xff, 0xff, 0xff, 0xff, 0xff, 0x3f,
    0xff, 0xfe, 0x0, 0x0, 0x0, 0x0, 0xf, 0xff,
    0xff, 0xff, 0xff, 0xff, 0xff, 0xf3, 0xff, 0xff,
    0xe0, 0x0, 0x0, 0x0, 0x0, 0xff, 0xff, 0xff,
    0xff, 0xff, 0xff, 0xff, 0x7f, 0xff, 0xfc, 0x0,
    0x0, 0x0, 0x0, 0xf, 0xff, 0xff, 0xff, 0xff,
    0xff, 0xff, 0xff, 0xff, 0xff, 0xc0, 0x0, 0x0,
    0x0, 0x0, 0xff, 0xff, 0xff, 0xff, 0xff, 0xff,
    0xff, 0xff, 0xff, 0xf8, 0x0, 0x0, 0x0, 0x0,
    0xf, 0xff, 0xff, 0xff, 0xff, 0xff, 0xff, 0xf0,

    /* U+00C7 "Ç" */
    0x0, 0x0, 0x0, 0x1, 0xff, 0xf8, 0x0, 0x0,
    0x0, 0x0, 0x0, 0x0, 0x7, 0xff, 0xff, 0xf0,
    0x0, 0x0, 0x0, 0x0, 0x0, 0xf, 0xff, 0xff,
    0xff, 0x80, 0x0, 0x0, 0x0, 0x0, 0x1f, 0xff,
    0xff, 0xff, 0xfc, 0x0, 0x0, 0x0, 0x0, 0x1f,
    0xff, 0xff, 0xff, 0xff, 0xc0, 0x0, 0x0, 0x0,
    0xf, 0xff, 0xff, 0xff, 0xff, 0xf8, 0x0, 0x0,
    0x0, 0xf, 0xff, 0xff, 0xff, 0xff, 0xff, 0x80,
    0x0, 0x0, 0x7, 0xff, 0xff, 0xff, 0xff, 0xff,
    0xf0, 0x0, 0x0, 0x3, 0xff, 0xff, 0xff, 0xff,
    0xff, 0xfe, 0x0, 0x0, 0x1, 0xff, 0xff, 0xff,
    0xff, 0xff, 0xff, 0xc0, 0x0, 0x0, 0xff, 0xff,
    0xff, 0xff, 0xff, 0xff, 0xf8, 0x0, 0x0, 0x7f,
    0xff, 0xff, 0xff, 0xff, 0xff, 0xff, 0x0, 0x0,
    0x3f, 0xff, 0xff, 0xff, 0xff, 0xff, 0xff, 0xe0,
    0x0, 0x1f, 0xff, 0xff, 0xff, 0xff, 0xff, 0xff,
    0xfc, 0x0, 0xf, 0xff, 0xff, 0xff, 0xff, 0xff,
    0xff, 0xff, 0x0, 0x3, 0xff, 0xff, 0xfe, 0x0,
    0x3f, 0xff, 0xff, 0xe0, 0x1, 0xff, 0xff, 0xfc,
    0x0, 0x1, 0xff, 0xff, 0xfc, 0x0, 0xff, 0xff,
    0xfe, 0x0, 0x0, 0x1f, 0xff, 0xff, 0x0, 0x3f,
    0xff, 0xfe, 0x0, 0x0, 0x1, 0xff, 0xff, 0xe0,
    0x1f, 0xff, 0xff, 0x0, 0x0, 0x0, 0x3f, 0xff,
    0xf8, 0x7, 0xff, 0xff, 0x80, 0x0, 0x0, 0x7,
    0xff, 0xff, 0x3, 0xff, 0xff, 0xc0, 0x0, 0x0,
    0x1, 0xff, 0xff, 0xc0, 0xff, 0xff, 0xf0, 0x0,
    0x0, 0x0, 0x3f, 0xff, 0xf0, 0x7f, 0xff, 0xf8,
    0x0, 0x0, 0x0, 0xf, 0xff, 0xfe, 0x1f, 0xff,
    0xfc, 0x0, 0x0, 0x0, 0x1, 0xff, 0xff, 0x87,
    0xff, 0xff, 0x0, 0x0, 0x0, 0x0, 0x7f, 0xff,
    0xe3, 0xff, 0xff, 0xc0, 0x0, 0x0, 0x0, 0x1f,
    0xff, 0xfc, 0xff, 0xff, 0xe0, 0x0, 0x0, 0x0,
    0x3, 0xff, 0xff, 0x3f, 0xff, 0xf8, 0x0, 0x0,
    0x0, 0x0, 0xff, 0xff, 0xcf, 0xff, 0xfe, 0x0,
    0x0, 0x0, 0x0, 0x3f, 0xff, 0xf7, 0xff, 0xff,
    0x0, 0x0, 0x0, 0x0, 0xf, 0xff, 0xfd, 0xff,
    0xff, 0xc0, 0x0, 0x0, 0x0, 0x3, 0xff, 0xff,
    0x7f, 0xff, 0xf0, 0x0, 0x0, 0x0, 0x0, 0x0,
    0x0, 0x1f, 0xff, 0xfc, 0x0, 0x0, 0x0, 0x0,
    0x0, 0x0, 0x7, 0xff, 0xff, 0x0, 0x0, 0x0,
    0x0, 0x0, 0x0, 0x3, 0xff, 0xff, 0x80, 0x0,
    0x0, 0x0, 0x0, 0x0, 0x0, 0xff, 0xff, 0xe0,
    0x0, 0x0, 0x0, 0x0, 0x0, 0x0, 0x3f, 0xff,
    0xf8, 0x0, 0x0, 0x0, 0x0, 0x0, 0x0, 0xf,
    0xff, 0xfe, 0x0, 0x0, 0x0, 0x0, 0x0, 0x0,
    0x3, 0xff, 0xff, 0x80, 0x0, 0x0, 0x0, 0x0,
    0x0, 0x0, 0xff, 0xff, 0xe0, 0x0, 0x0, 0x0,
    0x0, 0x0, 0x0, 0x3f, 0xff, 0xf8, 0x0, 0x0,
    0x0, 0x0, 0x0, 0x0, 0xf, 0xff, 0xfe, 0x0,
    0x0, 0x0, 0x0, 0x0, 0x0, 0x3, 0xff, 0xff,
    0x80, 0x0, 0x0, 0x0, 0x0, 0x0, 0x0, 0xff,
    0xff, 0xe0, 0x0, 0x0, 0x0, 0x0, 0x0, 0x0,
    0x3f, 0xff, 0xf8, 0x0, 0x0, 0x0, 0x0, 0x0,
    0x0, 0xf, 0xff, 0xfe, 0x0, 0x0, 0x0, 0x0,
    0x0, 0x0, 0x3, 0xff, 0xff, 0x80, 0x0, 0x0,
    0x0, 0x0, 0x0, 0x0, 0xff, 0xff, 0xe0, 0x0,
    0x0, 0x0, 0x0, 0x0, 0x0, 0x3f, 0xff, 0xf8,
    0x0, 0x0, 0x0, 0x0, 0x0, 0x0, 0xf, 0xff,
    0xfe, 0x0, 0x0, 0x0, 0x0, 0x0, 0x0, 0x3,
    0xff, 0xff, 0x80, 0x0, 0x0, 0x0, 0x0, 0x0,
    0x0, 0xff, 0xff, 0xe0, 0x0, 0x0, 0x0, 0x0,
    0x0, 0x0, 0x3f, 0xff, 0xf8, 0x0, 0x0, 0x0,
    0x0, 0x0, 0x0, 0xf, 0xff, 0xfe, 0x0, 0x0,
    0x0, 0x0, 0x0, 0x0, 0x3, 0xff, 0xff, 0x80,
    0x0, 0x0, 0x0, 0x0, 0x0, 0x0, 0xff, 0xff,
    0xe0, 0x0, 0x0, 0x0, 0x0, 0x0, 0x0, 0x3f,
    0xff, 0xf8, 0x0, 0x0, 0x0, 0x0, 0x0, 0x0,
    0xf, 0xff, 0xfe, 0x0, 0x0, 0x0, 0x0, 0x0,
    0x0, 0x1, 0xff, 0xff, 0x80, 0x0, 0x0, 0x0,
    0x0, 0x0, 0x0, 0x7f, 0xff, 0xf0, 0x0, 0x0,
    0x0, 0x0, 0x0, 0x0, 0x1f, 0xff, 0xfc, 0x0,
    0x0, 0x0, 0x0, 0x0, 0x0, 0x7, 0xff, 0xff,
    0x0, 0x0, 0x0, 0x0, 0x0, 0x0, 0x1, 0xff,
    0xff, 0xc0, 0x0, 0x0, 0x0, 0x3, 0xff, 0xff,
    0x7f, 0xff, 0xf0, 0x0, 0x0, 0x0, 0x0, 0xff,
    0xff, 0xcf, 0xff, 0xfe, 0x0, 0x0, 0x0, 0x0,
    0x3f, 0xff, 0xf3, 0xff, 0xff, 0x80, 0x0, 0x0,
    0x0, 0xf, 0xff, 0xfc, 0xff, 0xff, 0xe0, 0x0,
    0x0, 0x0, 0x3, 0xff, 0xff, 0x1f, 0xff, 0xfc,
    0x0, 0x0, 0x0, 0x1, 0xff, 0xff, 0xc7, 0xff,
    0xff, 0x0, 0x0, 0x0, 0x0, 0x7f, 0xff, 0xe1,
    0xff, 0xff, 0xe0, 0x0, 0x0, 0x0, 0x1f, 0xff,
    0xf8, 0x3f, 0xff, 0xf8, 0x0, 0x0, 0x0, 0xf,
    0xff, 0xfe, 0xf, 0xff, 0xff, 0x0, 0x0, 0x0,
    0x3, 0xff, 0xff, 0x81, 0xff, 0xff, 0xc0, 0x0,
    0x0, 0x1, 0xff, 0xff, 0xc0, 0x7f, 0xff, 0xf8,
    0x0, 0x0, 0x0, 0xff, 0xff, 0xf0, 0xf, 0xff,
    0xff, 0x0, 0x0, 0x0, 0x7f, 0xff, 0xf8, 0x3,
    0xff, 0xff, 0xe0, 0x0, 0x0, 0x3f, 0xff, 0xfe,
    0x0, 0x7f, 0xff, 0xfe, 0x0, 0x0, 0x3f, 0xff,
    0xff, 0x0, 0x1f, 0xff, 0xff, 0xe0, 0x0, 0x3f,
    0xff, 0xff, 0xc0, 0x3, 0xff, 0xff, 0xff, 0xf7,
    0xff, 0xff, 0xff, 0xe0, 0x0, 0x7f, 0xff, 0xff,
    0xff, 0xff, 0xff, 0xff, 0xf0, 0x0, 0x1f, 0xff,
    0xff, 0xff, 0xff, 0xff, 0xff, 0xfc, 0x0, 0x3,
    0xff, 0xff, 0xff, 0xff, 0xff, 0xff, 0xfe, 0x0,
    0x0, 0x7f, 0xff, 0xff, 0xff, 0xff, 0xff, 0xff,
    0x0, 0x0, 0xf, 0xff, 0xff, 0xff, 0xff, 0xff,
    0xff, 0x80, 0x0, 0x1, 0xff, 0xff, 0xff, 0xff,
    0xff, 0xff, 0xc0, 0x0, 0x0, 0x1f, 0xff, 0xff,
    0xff, 0xff, 0xff, 0xe0, 0x0, 0x0, 0x3, 0xff,
    0xff, 0xff, 0xff, 0xff, 0xe0, 0x0, 0x0, 0x0,
    0x7f, 0xff, 0xff, 0xff, 0xff, 0xf0, 0x0, 0x0,
    0x0, 0x7, 0xff, 0xff, 0xff, 0xff, 0xf0, 0x0,
    0x0, 0x0, 0x0, 0x7f, 0xff, 0xff, 0xff, 0xf0,
    0x0, 0x0, 0x0, 0x0, 0x7, 0xff, 0xff, 0xff,
    0xf0, 0x0, 0x0, 0x0, 0x0, 0x0, 0x3f, 0xff,
    0xff, 0xc0, 0x0, 0x0, 0x0, 0x0, 0x0, 0x0,
    0x7f, 0xfe, 0x0, 0x0, 0x0, 0x0, 0x0, 0x0,
    0x0, 0x1f, 0xff, 0x0, 0x0, 0x0, 0x0, 0x0,
    0x0, 0x0, 0xf, 0xff, 0xc0, 0x0, 0x0, 0x0,
    0x0, 0x0, 0x0, 0x3, 0xff, 0xf8, 0x0, 0x0,
    0x0, 0x0, 0x0, 0x0, 0x0, 0xff, 0xff, 0x80,
    0x0, 0x0, 0x0, 0x0, 0x0, 0x0, 0x3f, 0xff,
    0xf8, 0x0, 0x0, 0x0, 0x0, 0x0, 0x0, 0x1f,
    0xff, 0xff, 0x0, 0x0, 0x0, 0x0, 0x0, 0x0,
    0x7, 0xff, 0xff, 0xe0, 0x0, 0x0, 0x0, 0x0,
    0x0, 0x1, 0xff, 0xff, 0xfc, 0x0, 0x0, 0x0,
    0x0, 0x0, 0x0, 0x1, 0xff, 0xff, 0x0, 0x0,
    0x0, 0x0, 0x0, 0x0, 0x0, 0x1f, 0xff, 0xe0,
    0x0, 0x0, 0x0, 0x0, 0x0, 0x0, 0x3, 0xff,
    0xf8, 0x0, 0x0, 0x0, 0x0, 0x0, 0x0, 0x0,
    0xff, 0xfe, 0x0, 0x0, 0x0, 0x0, 0x0, 0x0,
    0x0, 0x3f, 0xff, 0x80, 0x0, 0x0, 0x0, 0x0,
    0x0, 0x0, 0xf, 0xff, 0xe0, 0x0, 0x0, 0x0,
    0x0, 0x0, 0x0, 0x3, 0xff, 0xf8, 0x0, 0x0,
    0x0, 0x0, 0x0, 0x0, 0x1, 0xff, 0xfe, 0x0,
    0x0, 0x0, 0x0, 0x0, 0x0, 0x0, 0xff, 0xff,
    0x80, 0x0, 0x0, 0x0, 0x0, 0x0, 0x0, 0xff,
    0xff, 0xc0, 0x0, 0x0, 0x0, 0x0, 0x0, 0x1,
    0xff, 0xff, 0xf0, 0x0, 0x0, 0x0, 0x0, 0x0,
    0x0, 0x7f, 0xff, 0xf8, 0x0, 0x0, 0x0, 0x0,
    0x0, 0x0, 0x1f, 0xff, 0xfe, 0x0, 0x0, 0x0,
    0x0, 0x0, 0x0, 0x7, 0xff, 0xff, 0x0, 0x0,
    0x0, 0x0, 0x0, 0x0, 0x1, 0xff, 0xff, 0x80,
    0x0, 0x0, 0x0, 0x0, 0x0, 0x0, 0x7f, 0xff,
    0xc0, 0x0, 0x0, 0x0, 0x0, 0x0, 0x0, 0x1f,
    0xff, 0xe0, 0x0, 0x0, 0x0, 0x0, 0x0, 0x0,
    0x7, 0xff, 0xe0, 0x0, 0x0, 0x0, 0x0, 0x0,
    0x0, 0x1, 0xff, 0xc0, 0x0, 0x0, 0x0, 0x0,
    0x0, 0x0, 0x0, 0x7f, 0x0, 0x0, 0x0, 0x0,
    0x0,

    /* U+00C8 "È" */
    0x0, 0x7f, 0xff, 0xf8, 0x0, 0x0, 0x0, 0x0,
    0x1, 0xff, 0xff, 0xc0, 0x0, 0x0, 0x0, 0x0,
    0x7, 0xff, 0xff, 0x0, 0x0, 0x0, 0x0, 0x0,
    0x1f, 0xff, 0xfc, 0x0, 0x0, 0x0, 0x0, 0x0,
    0x7f, 0xff, 0xe0, 0x0, 0x0, 0x0, 0x0, 0x1,
    0xff, 0xff, 0x80, 0x0, 0x0, 0x0, 0x0, 0x7,
    0xff, 0xfe, 0x0, 0x0, 0x0, 0x0, 0x0, 0x1f,
    0xff, 0xf0, 0x0, 0x0, 0x0, 0x0, 0x0, 0xff,
    0xff, 0xc0, 0x0, 0x0, 0x0, 0x0, 0x3, 0xff,
    0xff, 0x0, 0x0, 0x0, 0x0, 0x0, 0xf, 0xff,
    0xf8, 0x0, 0x0, 0x0, 0x0, 0x0, 0x3f, 0xff,
    0xe0, 0x0, 0x0, 0x0, 0x0, 0x0, 0xff, 0xff,
    0x80, 0x0, 0x0, 0x0, 0x0, 0x3, 0xff, 0xfc,
    0x0, 0x0, 0x0, 0x0, 0x0, 0xf, 0xff, 0xf0,
    0x0, 0x0, 0x0, 0x0, 0x0, 0x3f, 0xff, 0x80,
    0x0, 0x0, 0x0, 0x0, 0x0, 0xff, 0xfe, 0x0,
    0x0, 0x0, 0x0, 0x0, 0x3, 0xff, 0xf8, 0x0,
    0x0, 0x0, 0x0, 0x0, 0xf, 0xff, 0xc0, 0x0,
    0x0, 0x0, 0x0, 0x0, 0x0, 0x0, 0x0, 0x0,
    0x0, 0x0, 0x0, 0x0, 0x0, 0x0, 0x0, 0x0,
    0x0, 0x0, 0x0, 0x0, 0x0, 0x0, 0x0, 0x0,
    0x0, 0x0, 0x0, 0x0, 0x0, 0x0, 0x0, 0x0,
    0x0, 0x0, 0x0, 0x0, 0x0, 0x0, 0x0, 0x0,
    0x0, 0x0, 0x0, 0x0, 0x0, 0x0, 0x7, 0xff,
    0xff, 0xff, 0xff, 0xff, 0xff, 0xff, 0xff, 0xff,
    0xff, 0xff, 0xff, 0xff, 0xff, 0xff, 0xff, 0xff,
    0xff, 0xff, 0xff, 0xff, 0xff, 0xff, 0xff, 0xff,
    0xff, 0xff, 0xff, 0xff, 0xff, 0xff, 0xff, 0xff,
    0xff, 0xff, 0xff, 0xff, 0xff, 0xff, 0xff, 0xff,
    0xff, 0xff, 0xff, 0xff, 0xff, 0xff, 0xff, 0xff,
    0xff, 0xff, 0xff, 0xff, 0xff, 0xff, 0xff, 0xff,
    0xff, 0xff, 0xff, 0xff, 0xff, 0xff, 0xff, 0xff,
    0xff, 0xff, 0xff, 0xff, 0xff, 0xff, 0xff, 0xff,
    0xff, 0xff, 0xff, 0xff, 0xff, 0xff, 0xff, 0xff,
    0xff, 0xff, 0xff, 0xff, 0xff, 0xff, 0xff, 0xff,
    0xff, 0xff, 0xff, 0xff, 0xff, 0xff, 0xff, 0xff,
    0xff, 0xff, 0xff, 0xff, 0xff, 0xff, 0xff, 0xff,
    0xff, 0xff, 0xff, 0xfc, 0x0, 0x0, 0x0, 0x0,
    0x0, 0xff, 0xff, 0xe0, 0x0, 0x0, 0x0, 0x0,
    0x7, 0xff, 0xff, 0x0, 0x0, 0x0, 0x0, 0x0,
    0x3f, 0xff, 0xf8, 0x0, 0x0, 0x0, 0x0, 0x1,
    0xff, 0xff, 0xc0, 0x0, 0x0, 0x0, 0x0, 0xf,
    0xff, 0xfe, 0x0, 0x0, 0x0, 0x0, 0x0, 0x7f,
    0xff, 0xf0, 0x0, 0x0, 0x0, 0x0, 0x3, 0xff,
    0xff, 0x80, 0x0, 0x0, 0x0, 0x0, 0x1f, 0xff,
    0xfc, 0x0, 0x0, 0x0, 0x0, 0x0, 0xff, 0xff,
    0xe0, 0x0, 0x0, 0x0, 0x0, 0x7, 0xff, 0xff,
    0x0, 0x0, 0x0, 0x0, 0x0, 0x3f, 0xff, 0xf8,
    0x0, 0x0, 0x0, 0x0, 0x1, 0xff, 0xff, 0xc0,
    0x0, 0x0, 0x0, 0x0, 0xf, 0xff, 0xfe, 0x0,
    0x0, 0x0, 0x0, 0x0, 0x7f, 0xff, 0xf0, 0x0,
    0x0, 0x0, 0x0, 0x3, 0xff, 0xff, 0x80, 0x0,
    0x0, 0x0, 0x0, 0x1f, 0xff, 0xfc, 0x0, 0x0,
    0x0, 0x0, 0x0, 0xff, 0xff, 0xe0, 0x0, 0x0,
    0x0, 0x0, 0x7, 0xff, 0xff, 0x0, 0x0, 0x0,
    0x0, 0x0, 0x3f, 0xff, 0xf8, 0x0, 0x0, 0x0,
    0x0, 0x1, 0xff, 0xff, 0xc0, 0x0, 0x0, 0x0,
    0x0, 0xf, 0xff, 0xfe, 0x0, 0x0, 0x0, 0x0,
    0x0, 0x7f, 0xff, 0xf0, 0x0, 0x0, 0x0, 0x0,
    0x3, 0xff, 0xff, 0xff, 0xff, 0xff, 0xff, 0xf8,
    0x1f, 0xff, 0xff, 0xff, 0xff, 0xff, 0xff, 0xc0,
    0xff, 0xff, 0xff, 0xff, 0xff, 0xff, 0xfe, 0x7,
    0xff, 0xff, 0xff, 0xff, 0xff, 0xff, 0xf0, 0x3f,
    0xff, 0xff, 0xff, 0xff, 0xff, 0xff, 0x81, 0xff,
    0xff, 0xff, 0xff, 0xff, 0xff, 0xfc, 0xf, 0xff,
    0xff, 0xff, 0xff, 0xff, 0xff, 0xe0, 0x7f, 0xff,
    0xff, 0xff, 0xff, 0xff, 0xff, 0x3, 0xff, 0xff,
    0xff, 0xff, 0xff, 0xff, 0xf8, 0x1f, 0xff, 0xff,
    0xff, 0xff, 0xff, 0xff, 0xc0, 0xff, 0xff, 0xff,
    0xff, 0xff, 0xff, 0xfe, 0x7, 0xff, 0xff, 0xff,
    0xff, 0xff, 0xff, 0xf0, 0x3f, 0xff, 0xff, 0xff,
    0xff, 0xff, 0xff, 0x81, 0xff, 0xff, 0xff, 0xff,
    0xff, 0xff, 0xfc, 0xf, 0xff, 0xfe, 0x0, 0x0,
    0x0, 0x0, 0x0, 0x7f, 0xff, 0xf0, 0x0, 0x0,
    0x0, 0x0, 0x3, 0xff, 0xff, 0x80, 0x0, 0x0,
    0x0, 0x0, 0x1f, 0xff, 0xfc, 0x0, 0x0, 0x0,
    0x0, 0x0, 0xff, 0xff, 0xe0, 0x0, 0x0, 0x0,
    0x0, 0x7, 0xff, 0xff, 0x0, 0x0, 0x0, 0x0,
    0x0, 0x3f, 0xff, 0xf8, 0x0, 0x0, 0x0, 0x0,
    0x1, 0xff, 0xff, 0xc0, 0x0, 0x0, 0x0, 0x0,
    0xf, 0xff, 0xfe, 0x0, 0x0, 0x0, 0x0, 0x0,
    0x7f, 0xff, 0xf0, 0x0, 0x0, 0x0, 0x0, 0x3,
    0xff, 0xff, 0x80, 0x0, 0x0, 0x0, 0x0, 0x1f,
    0xff, 0xfc, 0x0, 0x0, 0x0, 0x0, 0x0, 0xff,
    0xff, 0xe0, 0x0, 0x0, 0x0, 0x0, 0x7, 0xff,
    0xff, 0x0, 0x0, 0x0, 0x0, 0x0, 0x3f, 0xff,
    0xf8, 0x0, 0x0, 0x0, 0x0, 0x1, 0xff, 0xff,
    0xc0, 0x0, 0x0, 0x0, 0x0, 0xf, 0xff, 0xfe,
    0x0, 0x0, 0x0, 0x0, 0x0, 0x7f, 0xff, 0xf0,
    0x0, 0x0, 0x0, 0x0, 0x3, 0xff, 0xff, 0x80,
    0x0, 0x0, 0x0, 0x0, 0x1f, 0xff, 0xfc, 0x0,
    0x0, 0x0, 0x0, 0x0, 0xff, 0xff, 0xe0, 0x0,
    0x0, 0x0, 0x0, 0x7, 0xff, 0xff, 0x0, 0x0,
    0x0, 0x0, 0x0, 0x3f, 0xff, 0xf8, 0x0, 0x0,
    0x0, 0x0, 0x1, 0xff, 0xff, 0xc0, 0x0, 0x0,
    0x0, 0x0, 0xf, 0xff, 0xfe, 0x0, 0x0, 0x0,
    0x0, 0x0, 0x7f, 0xff, 0xf0, 0x0, 0x0, 0x0,
    0x0, 0x3, 0xff, 0xff, 0xff, 0xff, 0xff, 0xff,
    0xff, 0xff, 0xff, 0xff, 0xff, 0xff, 0xff, 0xff,
    0xff, 0xff, 0xff, 0xff, 0xff, 0xff, 0xff, 0xff,
    0xff, 0xff, 0xff, 0xff, 0xff, 0xff, 0xff, 0xff,
    0xff, 0xff, 0xff, 0xff, 0xff, 0xff, 0xff, 0xff,
    0xff, 0xff, 0xff, 0xff, 0xff, 0xff, 0xff, 0xff,
    0xff, 0xff, 0xff, 0xff, 0xff, 0xff, 0xff, 0xff,
    0xff, 0xff, 0xff, 0xff, 0xff, 0xff, 0xff, 0xff,
    0xff, 0xff, 0xff, 0xff, 0xff, 0xff, 0xff, 0xff,
    0xff, 0xff, 0xff, 0xff, 0xff, 0xff, 0xff, 0xff,
    0xff, 0xff, 0xff, 0xff, 0xff, 0xff, 0xff, 0xff,
    0xff, 0xff, 0xff, 0xff, 0xff, 0xff, 0xff, 0xff,
    0xff, 0xff, 0xff, 0xff, 0xff, 0xff, 0xff, 0xff,
    0xff, 0xff, 0xff, 0xff, 0xf0,

    /* U+00C9 "É" */
    0x0, 0x0, 0x0, 0x0, 0x1f, 0xff, 0xfe, 0x0,
    0x0, 0x0, 0x0, 0x0, 0xff, 0xff, 0xe0, 0x0,
    0x0, 0x0, 0x0, 0xf, 0xff, 0xfe, 0x0, 0x0,
    0x0, 0x0, 0x0, 0xff, 0xff, 0xe0, 0x0, 0x0,
    0x0, 0x0, 0x7, 0xff, 0xfe, 0x0, 0x0, 0x0,
    0x0, 0x0, 0x7f, 0xff, 0xe0, 0x0, 0x0, 0x0,
    0x0, 0x7, 0xff, 0xfe, 0x0, 0x0, 0x0, 0x0,
    0x0, 0x3f, 0xff, 0xe0, 0x0, 0x0, 0x0, 0x0,
    0x3, 0xff, 0xfe, 0x0, 0x0, 0x0, 0x0, 0x0,
    0x3f, 0xff, 0xf0, 0x0, 0x0, 0x0, 0x0, 0x1,
    0xff, 0xff, 0x0, 0x0, 0x0, 0x0, 0x0, 0x1f,
    0xff, 0xf0, 0x0, 0x0, 0x0, 0x0, 0x1, 0xff,
    0xff, 0x0, 0x0, 0x0, 0x0, 0x0, 0xf, 0xff,
    0xf0, 0x0, 0x0, 0x0, 0x0, 0x0, 0xff, 0xff,
    0x0, 0x0, 0x0, 0x0, 0x0, 0x7, 0xff, 0xf0,
    0x0, 0x0, 0x0, 0x0, 0x0, 0x7f, 0xff, 0x0,
    0x0, 0x0, 0x0, 0x0, 0x7, 0xff, 0xf0, 0x0,
    0x0, 0x0, 0x0, 0x0, 0x3f, 0xff, 0x0, 0x0,
    0x0, 0x0, 0x0, 0x0, 0x0, 0x0, 0x0, 0x0,
    0x0, 0x0, 0x0, 0x0, 0x0, 0x0, 0x0, 0x0,
    0x0, 0x0, 0x0, 0x0, 0x0, 0x0, 0x0, 0x0,
    0x0, 0x0, 0x0, 0x0, 0x0, 0x0, 0x0, 0x0,
    0x0, 0x0, 0x0, 0x0, 0x0, 0x0, 0x0, 0x0,
    0x0, 0x0, 0x0, 0x0, 0x0, 0x0, 0x7, 0xff,
    0xff, 0xff, 0xff, 0xff, 0xff, 0xff, 0xff, 0xff,
    0xff, 0xff, 0xff, 0xff, 0xff, 0xff, 0xff, 0xff,
    0xff, 0xff, 0xff, 0xff, 0xff, 0xff, 0xff, 0xff,
    0xff, 0xff, 0xff, 0xff, 0xff, 0xff, 0xff, 0xff,
    0xff, 0xff, 0xff, 0xff, 0xff, 0xff, 0xff, 0xff,
    0xff, 0xff, 0xff, 0xff, 0xff, 0xff, 0xff, 0xff,
    0xff, 0xff, 0xff, 0xff, 0xff, 0xff, 0xff, 0xff,
    0xff, 0xff, 0xff, 0xff, 0xff, 0xff, 0xff, 0xff,
    0xff, 0xff, 0xff, 0xff, 0xff, 0xff, 0xff, 0xff,
    0xff, 0xff, 0xff, 0xff, 0xff, 0xff, 0xff, 0xff,
    0xff, 0xff, 0xff, 0xff, 0xff, 0xff, 0xff, 0xff,
    0xff, 0xff, 0xff, 0xff, 0xff, 0xff, 0xff, 0xff,
    0xff, 0xff, 0xff, 0xff, 0xff, 0xff, 0xff, 0xff,
    0xff, 0xff, 0xff, 0xfc, 0x0, 0x0, 0x0, 0x0,
    0x0, 0xff, 0xff, 0xe0, 0x0, 0x0, 0x0, 0x0,
    0x7, 0xff, 0xff, 0x0, 0x0, 0x0, 0x0, 0x0,
    0x3f, 0xff, 0xf8, 0x0, 0x0, 0x0, 0x0, 0x1,
    0xff, 0xff, 0xc0, 0x0, 0x0, 0x0, 0x0, 0xf,
    0xff, 0xfe, 0x0, 0x0, 0x0, 0x0, 0x0, 0x7f,
    0xff, 0xf0, 0x0, 0x0, 0x0, 0x0, 0x3, 0xff,
    0xff, 0x80, 0x0, 0x0, 0x0, 0x0, 0x1f, 0xff,
    0xfc, 0x0, 0x0, 0x0, 0x0, 0x0, 0xff, 0xff,
    0xe0, 0x0, 0x0, 0x0, 0x0, 0x7, 0xff, 0xff,
    0x0, 0x0, 0x0, 0x0, 0x0, 0x3f, 0xff, 0xf8,
    0x0, 0x0, 0x0, 0x0, 0x1, 0xff, 0xff, 0xc0,
    0x0, 0x0, 0x0, 0x0, 0xf, 0xff, 0xfe, 0x0,
    0x0, 0x0, 0x0, 0x0, 0x7f, 0xff, 0xf0, 0x0,
    0x0, 0x0, 0x0, 0x3, 0xff, 0xff, 0x80, 0x0,
    0x0, 0x0, 0x0, 0x1f, 0xff, 0xfc, 0x0, 0x0,
    0x0, 0x0, 0x0, 0xff, 0xff, 0xe0, 0x0, 0x0,
    0x0, 0x0, 0x7, 0xff, 0xff, 0x0, 0x0, 0x0,
    0x0, 0x0, 0x3f, 0xff, 0xf8, 0x0, 0x0, 0x0,
    0x0, 0x1, 0xff, 0xff, 0xc0, 0x0, 0x0, 0x0,
    0x0, 0xf, 0xff, 0xfe, 0x0, 0x0, 0x0, 0x0,
    0x0, 0x7f, 0xff, 0xf0, 0x0, 0x0, 0x0, 0x0,
    0x3, 0xff, 0xff, 0xff, 0xff, 0xff, 0xff, 0xf8,
    0x1f, 0xff, 0xff, 0xff, 0xff, 0xff, 0xff, 0xc0,
    0xff, 0xff, 0xff, 0xff, 0xff, 0xff, 0xfe, 0x7,
    0xff, 0xff, 0xff, 0xff, 0xff, 0xff, 0xf0, 0x3f,
    0xff, 0xff, 0xff, 0xff, 0xff, 0xff, 0x81, 0xff,
    0xff, 0xff, 0xff, 0xff, 0xff, 0xfc, 0xf, 0xff,
    0xff, 0xff, 0xff, 0xff, 0xff, 0xe0, 0x7f, 0xff,
    0xff, 0xff, 0xff, 0xff, 0xff, 0x3, 0xff, 0xff,
    0xff, 0xff, 0xff, 0xff, 0xf8, 0x1f, 0xff, 0xff,
    0xff, 0xff, 0xff, 0xff, 0xc0, 0xff, 0xff, 0xff,
    0xff, 0xff, 0xff, 0xfe, 0x7, 0xff, 0xff, 0xff,
    0xff, 0xff, 0xff, 0xf0, 0x3f, 0xff, 0xff, 0xff,
    0xff, 0xff, 0xff, 0x81, 0xff, 0xff, 0xff, 0xff,
    0xff, 0xff, 0xfc, 0xf, 0xff, 0xfe, 0x0, 0x0,
    0x0, 0x0, 0x0, 0x7f, 0xff, 0xf0, 0x0, 0x0,
    0x0, 0x0, 0x3, 0xff, 0xff, 0x80, 0x0, 0x0,
    0x0, 0x0, 0x1f, 0xff, 0xfc, 0x0, 0x0, 0x0,
    0x0, 0x0, 0xff, 0xff, 0xe0, 0x0, 0x0, 0x0,
    0x0, 0x7, 0xff, 0xff, 0x0, 0x0, 0x0, 0x0,
    0x0, 0x3f, 0xff, 0xf8, 0x0, 0x0, 0x0, 0x0,
    0x1, 0xff, 0xff, 0xc0, 0x0, 0x0, 0x0, 0x0,
    0xf, 0xff, 0xfe, 0x0, 0x0, 0x0, 0x0, 0x0,
    0x7f, 0xff, 0xf0, 0x0, 0x0, 0x0, 0x0, 0x3,
    0xff, 0xff, 0x80, 0x0, 0x0, 0x0, 0x0, 0x1f,
    0xff, 0xfc, 0x0, 0x0, 0x0, 0x0, 0x0, 0xff,
    0xff, 0xe0, 0x0, 0x0, 0x0, 0x0, 0x7, 0xff,
    0xff, 0x0, 0x0, 0x0, 0x0, 0x0, 0x3f, 0xff,
    0xf8, 0x0, 0x0, 0x0, 0x0, 0x1, 0xff, 0xff,
    0xc0, 0x0, 0x0, 0x0, 0x0, 0xf, 0xff, 0xfe,
    0x0, 0x0, 0x0, 0x0, 0x0, 0x7f, 0xff, 0xf0,
    0x0, 0x0, 0x0, 0x0, 0x3, 0xff, 0xff, 0x80,
    0x0, 0x0, 0x0, 0x0, 0x1f, 0xff, 0xfc, 0x0,
    0x0, 0x0, 0x0, 0x0, 0xff, 0xff, 0xe0, 0x0,
    0x0, 0x0, 0x0, 0x7, 0xff, 0xff, 0x0, 0x0,
    0x0, 0x0, 0x0, 0x3f, 0xff, 0xf8, 0x0, 0x0,
    0x0, 0x0, 0x1, 0xff, 0xff, 0xc0, 0x0, 0x0,
    0x0, 0x0, 0xf, 0xff, 0xfe, 0x0, 0x0, 0x0,
    0x0, 0x0, 0x7f, 0xff, 0xf0, 0x0, 0x0, 0x0,
    0x0, 0x3, 0xff, 0xff, 0xff, 0xff, 0xff, 0xff,
    0xff, 0xff, 0xff, 0xff, 0xff, 0xff, 0xff, 0xff,
    0xff, 0xff, 0xff, 0xff, 0xff, 0xff, 0xff, 0xff,
    0xff, 0xff, 0xff, 0xff, 0xff, 0xff, 0xff, 0xff,
    0xff, 0xff, 0xff, 0xff, 0xff, 0xff, 0xff, 0xff,
    0xff, 0xff, 0xff, 0xff, 0xff, 0xff, 0xff, 0xff,
    0xff, 0xff, 0xff, 0xff, 0xff, 0xff, 0xff, 0xff,
    0xff, 0xff, 0xff, 0xff, 0xff, 0xff, 0xff, 0xff,
    0xff, 0xff, 0xff, 0xff, 0xff, 0xff, 0xff, 0xff,
    0xff, 0xff, 0xff, 0xff, 0xff, 0xff, 0xff, 0xff,
    0xff, 0xff, 0xff, 0xff, 0xff, 0xff, 0xff, 0xff,
    0xff, 0xff, 0xff, 0xff, 0xff, 0xff, 0xff, 0xff,
    0xff, 0xff, 0xff, 0xff, 0xff, 0xff, 0xff, 0xff,
    0xff, 0xff, 0xff, 0xff, 0xf0,

    /* U+00CA "Ê" */
    0x0, 0x0, 0x0, 0x3f, 0xfc, 0x0, 0x0, 0x0,
    0x0, 0x0, 0x3, 0xff, 0xf0, 0x0, 0x0, 0x0,
    0x0, 0x0, 0x3f, 0xff, 0xc0, 0x0, 0x0, 0x0,
    0x0, 0x3, 0xff, 0xff, 0x0, 0x0, 0x0, 0x0,
    0x0, 0x3f, 0xff, 0xfc, 0x0, 0x0, 0x0, 0x0,
    0x3, 0xff, 0xff, 0xf0, 0x0, 0x0, 0x0, 0x0,
    0x3f, 0xff, 0xff, 0xc0, 0x0, 0x0, 0x0, 0x3,
    0xff, 0xff, 0xff, 0x0, 0x0, 0x0, 0x0, 0x3f,
    0xff, 0xff, 0xfc, 0x0, 0x0, 0x0, 0x7, 0xff,
    0xf7, 0xff, 0xf0, 0x0, 0x0, 0x0, 0x7f, 0xff,
    0x1f, 0xff, 0xc0, 0x0, 0x0, 0x7, 0xff, 0xf0,
    0x7f, 0xff, 0x0, 0x0, 0x0, 0x7f, 0xff, 0x0,
    0xff, 0xfc, 0x0, 0x0, 0x7, 0xff, 0xf0, 0x3,
    0xff, 0xf0, 0x0, 0x0, 0x7f, 0xff, 0x0, 0xf,
    0xff, 0xc0, 0x0, 0x7, 0xff, 0xf0, 0x0, 0x3f,
    0xff, 0x0, 0x0, 0x7f, 0xff, 0x0, 0x0, 0xff,
    0xfc, 0x0, 0x7, 0xff, 0xf0, 0x0, 0x3, 0xff,
    0xf0, 0x0, 0x3f, 0xff, 0x0, 0x0, 0x0, 0x0,
    0x0, 0x0, 0x0, 0x0, 0x0, 0x0, 0x0, 0x0,
    0x0, 0x0, 0x0, 0x0, 0x0, 0x0, 0x0, 0x0,
    0x0, 0x0, 0x0, 0x0, 0x0, 0x0, 0x0, 0x0,
    0x0, 0x0, 0x0, 0x0, 0x0, 0x0, 0x0, 0x0,
    0x0, 0x0, 0x0, 0x0, 0x0, 0x0, 0x0, 0x0,
    0x0, 0x0, 0x0, 0x0, 0x0, 0x0, 0x7, 0xff,
    0xff, 0xff, 0xff, 0xff, 0xff, 0xff, 0xff, 0xff,
    0xff, 0xff, 0xff, 0xff, 0xff, 0xff, 0xff, 0xff,
    0xff, 0xff, 0xff, 0xff, 0xff, 0xff, 0xff, 0xff,
    0xff, 0xff, 0xff, 0xff, 0xff, 0xff, 0xff, 0xff,
    0xff, 0xff, 0xff, 0xff, 0xff, 0xff, 0xff, 0xff,
    0xff, 0xff, 0xff, 0xff, 0xff, 0xff, 0xff, 0xff,
    0xff, 0xff, 0xff, 0xff, 0xff, 0xff, 0xff, 0xff,
    0xff, 0xff, 0xff, 0xff, 0xff, 0xff, 0xff, 0xff,
    0xff, 0xff, 0xff, 0xff, 0xff, 0xff, 0xff, 0xff,
    0xff, 0xff, 0xff, 0xff, 0xff, 0xff, 0xff, 0xff,
    0xff, 0xff, 0xff, 0xff, 0xff, 0xff, 0xff, 0xff,
    0xff, 0xff, 0xff, 0xff, 0xff, 0xff, 0xff, 0xff,
    0xff, 0xff, 0xff, 0xff, 0xff, 0xff, 0xff, 0xff,
    0xff, 0xff, 0xff, 0xfc, 0x0, 0x0, 0x0, 0x0,
    0x0, 0xff, 0xff, 0xe0, 0x0, 0x0, 0x0, 0x0,
    0x7, 0xff, 0xff, 0x0, 0x0, 0x0, 0x0, 0x0,
    0x3f, 0xff, 0xf8, 0x0, 0x0, 0x0, 0x0, 0x1,
    0xff, 0xff, 0xc0, 0x0, 0x0, 0x0, 0x0, 0xf,
    0xff, 0xfe, 0x0, 0x0, 0x0, 0x0, 0x0, 0x7f,
    0xff, 0xf0, 0x0, 0x0, 0x0, 0x0, 0x3, 0xff,
    0xff, 0x80, 0x0, 0x0, 0x0, 0x0, 0x1f, 0xff,
    0xfc, 0x0, 0x0, 0x0, 0x0, 0x0, 0xff, 0xff,
    0xe0, 0x0, 0x0, 0x0, 0x0, 0x7, 0xff, 0xff,
    0x0, 0x0, 0x0, 0x0, 0x0, 0x3f, 0xff, 0xf8,
    0x0, 0x0, 0x0, 0x0, 0x1, 0xff, 0xff, 0xc0,
    0x0, 0x0, 0x0, 0x0, 0xf, 0xff, 0xfe, 0x0,
    0x0, 0x0, 0x0, 0x0, 0x7f, 0xff, 0xf0, 0x0,
    0x0, 0x0, 0x0, 0x3, 0xff, 0xff, 0x80, 0x0,
    0x0, 0x0, 0x0, 0x1f, 0xff, 0xfc, 0x0, 0x0,
    0x0, 0x0, 0x0, 0xff, 0xff, 0xe0, 0x0, 0x0,
    0x0, 0x0, 0x7, 0xff, 0xff, 0x0, 0x0, 0x0,
    0x0, 0x0, 0x3f, 0xff, 0xf8, 0x0, 0x0, 0x0,
    0x0, 0x1, 0xff, 0xff, 0xc0, 0x0, 0x0, 0x0,
    0x0, 0xf, 0xff, 0xfe, 0x0, 0x0, 0x0, 0x0,
    0x0, 0x7f, 0xff, 0xf0, 0x0, 0x0, 0x0, 0x0,
    0x3, 0xff, 0xff, 0xff, 0xff, 0xff, 0xff, 0xf8,
    0x1f, 0xff, 0xff, 0xff, 0xff, 0xff, 0xff, 0xc0,
    0xff, 0xff, 0xff, 0xff, 0xff, 0xff, 0xfe, 0x7,
    0xff, 0xff, 0xff, 0xff, 0xff, 0xff, 0xf0, 0x3f,
    0xff, 0xff, 0xff, 0xff, 0xff, 0xff, 0x81, 0xff,
    0xff, 0xff, 0xff, 0xff, 0xff, 0xfc, 0xf, 0xff,
    0xff, 0xff, 0xff, 0xff, 0xff, 0xe0, 0x7f, 0xff,
    0xff, 0xff, 0xff, 0xff, 0xff, 0x3, 0xff, 0xff,
    0xff, 0xff, 0xff, 0xff, 0xf8, 0x1f, 0xff, 0xff,
    0xff, 0xff, 0xff, 0xff, 0xc0, 0xff, 0xff, 0xff,
    0xff, 0xff, 0xff, 0xfe, 0x7, 0xff, 0xff, 0xff,
    0xff, 0xff, 0xff, 0xf0, 0x3f, 0xff, 0xff, 0xff,
    0xff, 0xff, 0xff, 0x81, 0xff, 0xff, 0xff, 0xff,
    0xff, 0xff, 0xfc, 0xf, 0xff, 0xfe, 0x0, 0x0,
    0x0, 0x0, 0x0, 0x7f, 0xff, 0xf0, 0x0, 0x0,
    0x0, 0x0, 0x3, 0xff, 0xff, 0x80, 0x0, 0x0,
    0x0, 0x0, 0x1f, 0xff, 0xfc, 0x0, 0x0, 0x0,
    0x0, 0x0, 0xff, 0xff, 0xe0, 0x0, 0x0, 0x0,
    0x0, 0x7, 0xff, 0xff, 0x0, 0x0, 0x0, 0x0,
    0x0, 0x3f, 0xff, 0xf8, 0x0, 0x0, 0x0, 0x0,
    0x1, 0xff, 0xff, 0xc0, 0x0, 0x0, 0x0, 0x0,
    0xf, 0xff, 0xfe, 0x0, 0x0, 0x0, 0x0, 0x0,
    0x7f, 0xff, 0xf0, 0x0, 0x0, 0x0, 0x0, 0x3,
    0xff, 0xff, 0x80, 0x0, 0x0, 0x0, 0x0, 0x1f,
    0xff, 0xfc, 0x0, 0x0, 0x0, 0x0, 0x0, 0xff,
    0xff, 0xe0, 0x0, 0x0, 0x0, 0x0, 0x7, 0xff,
    0xff, 0x0, 0x0, 0x0, 0x0, 0x0, 0x3f, 0xff,
    0xf8, 0x0, 0x0, 0x0, 0x0, 0x1, 0xff, 0xff,
    0xc0, 0x0, 0x0, 0x0, 0x0, 0xf, 0xff, 0xfe,
    0x0, 0x0, 0x0, 0x0, 0x0, 0x7f, 0xff, 0xf0,
    0x0, 0x0, 0x0, 0x0, 0x3, 0xff, 0xff, 0x80,
    0x0, 0x0, 0x0, 0x0, 0x1f, 0xff, 0xfc, 0x0,
    0x0, 0x0, 0x0, 0x0, 0xff, 0xff, 0xe0, 0x0,
    0x0, 0x0, 0x0, 0x7, 0xff, 0xff, 0x0, 0x0,
    0x0, 0x0, 0x0, 0x3f, 0xff, 0xf8, 0x0, 0x0,
    0x0, 0x0, 0x1, 0xff, 0xff, 0xc0, 0x0, 0x0,
    0x0, 0x0, 0xf, 0xff, 0xfe, 0x0, 0x0, 0x0,
    0x0, 0x0, 0x7f, 0xff, 0xf0, 0x0, 0x0, 0x0,
    0x0, 0x3, 0xff, 0xff, 0xff, 0xff, 0xff, 0xff,
    0xff, 0xff, 0xff, 0xff, 0xff, 0xff, 0xff, 0xff,
    0xff, 0xff, 0xff, 0xff, 0xff, 0xff, 0xff, 0xff,
    0xff, 0xff, 0xff, 0xff, 0xff, 0xff, 0xff, 0xff,
    0xff, 0xff, 0xff, 0xff, 0xff, 0xff, 0xff, 0xff,
    0xff, 0xff, 0xff, 0xff, 0xff, 0xff, 0xff, 0xff,
    0xff, 0xff, 0xff, 0xff, 0xff, 0xff, 0xff, 0xff,
    0xff, 0xff, 0xff, 0xff, 0xff, 0xff, 0xff, 0xff,
    0xff, 0xff, 0xff, 0xff, 0xff, 0xff, 0xff, 0xff,
    0xff, 0xff, 0xff, 0xff, 0xff, 0xff, 0xff, 0xff,
    0xff, 0xff, 0xff, 0xff, 0xff, 0xff, 0xff, 0xff,
    0xff, 0xff, 0xff, 0xff, 0xff, 0xff, 0xff, 0xff,
    0xff, 0xff, 0xff, 0xff, 0xff, 0xff, 0xff, 0xff,
    0xff, 0xff, 0xff, 0xff, 0xf0,

    /* U+00CB "Ë" */
    0x0, 0x7, 0xf0, 0x0, 0x0, 0x1f, 0xc0, 0x0,
    0x0, 0xff, 0xe0, 0x0, 0x3, 0xff, 0x80, 0x0,
    0xf, 0xff, 0x80, 0x0, 0x3f, 0xfe, 0x0, 0x0,
    0xff, 0xfe, 0x0, 0x3, 0xff, 0xf8, 0x0, 0x7,
    0xff, 0xf0, 0x0, 0x1f, 0xff, 0xc0, 0x0, 0x7f,
    0xff, 0xc0, 0x1, 0xff, 0xff, 0x0, 0x3, 0xff,
    0xfe, 0x0, 0xf, 0xff, 0xf8, 0x0, 0x1f, 0xff,
    0xf0, 0x0, 0x7f, 0xff, 0xc0, 0x0, 0xff, 0xff,
    0x80, 0x3, 0xff, 0xfe, 0x0, 0x7, 0xff, 0xfc,
    0x0, 0x1f, 0xff, 0xf0, 0x0, 0x1f, 0xff, 0xc0,
    0x0, 0x7f, 0xff, 0x0, 0x0, 0xff, 0xfe, 0x0,
    0x3, 0xff, 0xf8, 0x0, 0x3, 0xff, 0xe0, 0x0,
    0xf, 0xff, 0x80, 0x0, 0xf, 0xfe, 0x0, 0x0,
    0x3f, 0xf8, 0x0, 0x0, 0x1f, 0xc0, 0x0, 0x0,
    0x7f, 0x0, 0x0, 0x0, 0x0, 0x0, 0x0, 0x0,
    0x0, 0x0, 0x0, 0x0, 0x0, 0x0, 0x0, 0x0,
    0x0, 0x0, 0x0, 0x0, 0x0, 0x0, 0x0, 0x0,
    0x0, 0x0, 0x0, 0x0, 0x0, 0x0, 0x0, 0x0,
    0x0, 0x0, 0x0, 0x0, 0x0, 0x0, 0x0, 0x0,
    0x0, 0x0, 0x0, 0x0, 0x0, 0x0, 0x0, 0x0,
    0x0, 0x0, 0x0, 0x0, 0x0, 0x0, 0x0, 0x3,
    0xff, 0xff, 0xff, 0xff, 0xff, 0xff, 0xff, 0xff,
    0xff, 0xff, 0xff, 0xff, 0xff, 0xff, 0xff, 0xff,
    0xff, 0xff, 0xff, 0xff, 0xff, 0xff, 0xff, 0xff,
    0xff, 0xff, 0xff, 0xff, 0xff, 0xff, 0xff, 0xff,
    0xff, 0xff, 0xff, 0xff, 0xff, 0xff, 0xff, 0xff,
    0xff, 0xff, 0xff, 0xff, 0xff, 0xff, 0xff, 0xff,
    0xff, 0xff, 0xff, 0xff, 0xff, 0xff, 0xff, 0xff,
    0xff, 0xff, 0xff, 0xff, 0xff, 0xff, 0xff, 0xff,
    0xff, 0xff, 0xff, 0xff, 0xff, 0xff, 0xff, 0xff,
    0xff, 0xff, 0xff, 0xff, 0xff, 0xff, 0xff, 0xff,
    0xff, 0xff, 0xff, 0xff, 0xff, 0xff, 0xff, 0xff,
    0xff, 0xff, 0xff, 0xff, 0xff, 0xff, 0xff, 0xff,
    0xff, 0xff, 0xff, 0xff, 0xff, 0xff, 0xff, 0xff,
    0xff, 0xff, 0xff, 0xff, 0xfe, 0x0, 0x0, 0x0,
    0x0, 0x0, 0x7f, 0xff, 0xf0, 0x0, 0x0, 0x0,
    0x0, 0x3, 0xff, 0xff, 0x80, 0x0, 0x0, 0x0,
    0x0, 0x1f, 0xff, 0xfc, 0x0, 0x0, 0x0, 0x0,
    0x0, 0xff, 0xff, 0xe0, 0x0, 0x0, 0x0, 0x0,
    0x7, 0xff, 0xff, 0x0, 0x0, 0x0, 0x0, 0x0,
    0x3f, 0xff, 0xf8, 0x0, 0x0, 0x0, 0x0, 0x1,
    0xff, 0xff, 0xc0, 0x0, 0x0, 0x0, 0x0, 0xf,
    0xff, 0xfe, 0x0, 0x0, 0x0, 0x0, 0x0, 0x7f,
    0xff, 0xf0, 0x0, 0x0, 0x0, 0x0, 0x3, 0xff,
    0xff, 0x80, 0x0, 0x0, 0x0, 0x0, 0x1f, 0xff,
    0xfc, 0x0, 0x0, 0x0, 0x0, 0x0, 0xff, 0xff,
    0xe0, 0x0, 0x0, 0x0, 0x0, 0x7, 0xff, 0xff,
    0x0, 0x0, 0x0, 0x0, 0x0, 0x3f, 0xff, 0xf8,
    0x0, 0x0, 0x0, 0x0, 0x1, 0xff, 0xff, 0xc0,
    0x0, 0x0, 0x0, 0x0, 0xf, 0xff, 0xfe, 0x0,
    0x0, 0x0, 0x0, 0x0, 0x7f, 0xff, 0xf0, 0x0,
    0x0, 0x0, 0x0, 0x3, 0xff, 0xff, 0x80, 0x0,
    0x0, 0x0, 0x0, 0x1f, 0xff, 0xfc, 0x0, 0x0,
    0x0, 0x0, 0x0, 0xff, 0xff, 0xe0, 0x0, 0x0,
    0x0, 0x0, 0x7, 0xff, 0xff, 0x0, 0x0, 0x0,
    0x0, 0x0, 0x3f, 0xff, 0xf8, 0x0, 0x0, 0x0,
    0x0, 0x1, 0xff, 0xff, 0xff, 0xff, 0xff, 0xff,
    0xf8, 0xf, 0xff, 0xff, 0xff, 0xff, 0xff, 0xff,
    0xc0, 0x7f, 0xff, 0xff, 0xff, 0xff, 0xff, 0xfe,
    0x3, 0xff, 0xff, 0xff, 0xff, 0xff, 0xff, 0xf0,
    0x1f, 0xff, 0xff, 0xff, 0xff, 0xff, 0xff, 0x80,
    0xff, 0xff, 0xff, 0xff, 0xff, 0xff, 0xfc, 0x7,
    0xff, 0xff, 0xff, 0xff, 0xff, 0xff, 0xe0, 0x3f,
    0xff, 0xff, 0xff, 0xff, 0xff, 0xff, 0x1, 0xff,
    0xff, 0xff, 0xff, 0xff, 0xff, 0xf8, 0xf, 0xff,
    0xff, 0xff, 0xff, 0xff, 0xff, 0xc0, 0x7f, 0xff,
    0xff, 0xff, 0xff, 0xff, 0xfe, 0x3, 0xff, 0xff,
    0xff, 0xff, 0xff, 0xff, 0xf0, 0x1f, 0xff, 0xff,
    0xff, 0xff, 0xff, 0xff, 0x80, 0xff, 0xff, 0xff,
    0xff, 0xff, 0xff, 0xfc, 0x7, 0xff, 0xff, 0x0,
    0x0, 0x0, 0x0, 0x0, 0x3f, 0xff, 0xf8, 0x0,
    0x0, 0x0, 0x0, 0x1, 0xff, 0xff, 0xc0, 0x0,
    0x0, 0x0, 0x0, 0xf, 0xff, 0xfe, 0x0, 0x0,
    0x0, 0x0, 0x0, 0x7f, 0xff, 0xf0, 0x0, 0x0,
    0x0, 0x0, 0x3, 0xff, 0xff, 0x80, 0x0, 0x0,
    0x0, 0x0, 0x1f, 0xff, 0xfc, 0x0, 0x0, 0x0,
    0x0, 0x0, 0xff, 0xff, 0xe0, 0x0, 0x0, 0x0,
    0x0, 0x7, 0xff, 0xff, 0x0, 0x0, 0x0, 0x0,
    0x0, 0x3f, 0xff, 0xf8, 0x0, 0x0, 0x0, 0x0,
    0x1, 0xff, 0xff, 0xc0, 0x0, 0x0, 0x0, 0x0,
    0xf, 0xff, 0xfe, 0x0, 0x0, 0x0, 0x0, 0x0,
    0x7f, 0xff, 0xf0, 0x0, 0x0, 0x0, 0x0, 0x3,
    0xff, 0xff, 0x80, 0x0, 0x0, 0x0, 0x0, 0x1f,
    0xff, 0xfc, 0x0, 0x0, 0x0, 0x0, 0x0, 0xff,
    0xff, 0xe0, 0x0, 0x0, 0x0, 0x0, 0x7, 0xff,
    0xff, 0x0, 0x0, 0x0, 0x0, 0x0, 0x3f, 0xff,
    0xf8, 0x0, 0x0, 0x0, 0x0, 0x1, 0xff, 0xff,
    0xc0, 0x0, 0x0, 0x0, 0x0, 0xf, 0xff, 0xfe,
    0x0, 0x0, 0x0, 0x0, 0x0, 0x7f, 0xff, 0xf0,
    0x0, 0x0, 0x0, 0x0, 0x3, 0xff, 0xff, 0x80,
    0x0, 0x0, 0x0, 0x0, 0x1f, 0xff, 0xfc, 0x0,
    0x0, 0x0, 0x0, 0x0, 0xff, 0xff, 0xe0, 0x0,
    0x0, 0x0, 0x0, 0x7, 0xff, 0xff, 0x0, 0x0,
    0x0, 0x0, 0x0, 0x3f, 0xff, 0xf8, 0x0, 0x0,
    0x0, 0x0, 0x1, 0xff, 0xff, 0xff, 0xff, 0xff,
    0xff, 0xff, 0xff, 0xff, 0xff, 0xff, 0xff, 0xff,
    0xff, 0xff, 0xff, 0xff, 0xff, 0xff, 0xff, 0xff,
    0xff, 0xff, 0xff, 0xff, 0xff, 0xff, 0xff, 0xff,
    0xff, 0xff, 0xff, 0xff, 0xff, 0xff, 0xff, 0xff,
    0xff, 0xff, 0xff, 0xff, 0xff, 0xff, 0xff, 0xff,
    0xff, 0xff, 0xff, 0xff, 0xff, 0xff, 0xff, 0xff,
    0xff, 0xff, 0xff, 0xff, 0xff, 0xff, 0xff, 0xff,
    0xff, 0xff, 0xff, 0xff, 0xff, 0xff, 0xff, 0xff,
    0xff, 0xff, 0xff, 0xff, 0xff, 0xff, 0xff, 0xff,
    0xff, 0xff, 0xff, 0xff, 0xff, 0xff, 0xff, 0xff,
    0xff, 0xff, 0xff, 0xff, 0xff, 0xff, 0xff, 0xff,
    0xff, 0xff, 0xff, 0xff, 0xff, 0xff, 0xff, 0xff,
    0xff, 0xff, 0xff, 0xff, 0xff, 0xf8,

    /* U+00CC "Ì" */
    0x7f, 0xff, 0xf0, 0x0, 0x3f, 0xff, 0xf8, 0x0,
    0x1f, 0xff, 0xf8, 0x0, 0x1f, 0xff, 0xfc, 0x0,
    0xf, 0xff, 0xfc, 0x0, 0x7, 0xff, 0xfe, 0x0,
    0x3, 0xff, 0xff, 0x0, 0x1, 0xff, 0xff, 0x0,
    0x0, 0xff, 0xff, 0x80, 0x0, 0x7f, 0xff, 0xc0,
    0x0, 0x3f, 0xff, 0xc0, 0x0, 0x1f, 0xff, 0xe0,
    0x0, 0x1f, 0xff, 0xe0, 0x0, 0xf, 0xff, 0xf0,
    0x0, 0x7, 0xff, 0xf8, 0x0, 0x3, 0xff, 0xf8,
    0x0, 0x1, 0xff, 0xfc, 0x0, 0x0, 0xff, 0xfe,
    0x0, 0x0, 0x7f, 0xfe, 0x0, 0x0, 0x0, 0x0,
    0x0, 0x0, 0x0, 0x0, 0x0, 0x0, 0x0, 0x0,
    0x0, 0x0, 0x0, 0x0, 0x0, 0x0, 0x0, 0x0,
    0x0, 0x0, 0x0, 0x0, 0x0, 0x3, 0xff, 0xff,
    0x0, 0x3, 0xff, 0xff, 0x0, 0x3, 0xff, 0xff,
    0x0, 0x3, 0xff, 0xff, 0x0, 0x3, 0xff, 0xff,
    0x0, 0x3, 0xff, 0xff, 0x0, 0x3, 0xff, 0xff,
    0x0, 0x3, 0xff, 0xff, 0x0, 0x3, 0xff, 0xff,
    0x0, 0x3, 0xff, 0xff, 0x0, 0x3, 0xff, 0xff,
    0x0, 0x3, 0xff, 0xff, 0x0, 0x3, 0xff, 0xff,
    0x0, 0x3, 0xff, 0xff, 0x0, 0x3, 0xff, 0xff,
    0x0, 0x3, 0xff, 0xff, 0x0, 0x3, 0xff, 0xff,
    0x0, 0x3, 0xff, 0xff, 0x0, 0x3, 0xff, 0xff,
    0x0, 0x3, 0xff, 0xff, 0x0, 0x3, 0xff, 0xff,
    0x0, 0x3, 0xff, 0xff, 0x0, 0x3, 0xff, 0xff,
    0x0, 0x3, 0xff, 0xff, 0x0, 0x3, 0xff, 0xff,
    0x0, 0x3, 0xff, 0xff, 0x0, 0x3, 0xff, 0xff,
    0x0, 0x3, 0xff, 0xff, 0x0, 0x3, 0xff, 0xff,
    0x0, 0x3, 0xff, 0xff, 0x0, 0x3, 0xff, 0xff,
    0x0, 0x3, 0xff, 0xff, 0x0, 0x3, 0xff, 0xff,
    0x0, 0x3, 0xff, 0xff, 0x0, 0x3, 0xff, 0xff,
    0x0, 0x3, 0xff, 0xff, 0x0, 0x3, 0xff, 0xff,
    0x0, 0x3, 0xff, 0xff, 0x0, 0x3, 0xff, 0xff,
    0x0, 0x3, 0xff, 0xff, 0x0, 0x3, 0xff, 0xff,
    0x0, 0x3, 0xff, 0xff, 0x0, 0x3, 0xff, 0xff,
    0x0, 0x3, 0xff, 0xff, 0x0, 0x3, 0xff, 0xff,
    0x0, 0x3, 0xff, 0xff, 0x0, 0x3, 0xff, 0xff,
    0x0, 0x3, 0xff, 0xff, 0x0, 0x3, 0xff, 0xff,
    0x0, 0x3, 0xff, 0xff, 0x0, 0x3, 0xff, 0xff,
    0x0, 0x3, 0xff, 0xff, 0x0, 0x3, 0xff, 0xff,
    0x0, 0x3, 0xff, 0xff, 0x0, 0x3, 0xff, 0xff,
    0x0, 0x3, 0xff, 0xff, 0x0, 0x3, 0xff, 0xff,
    0x0, 0x3, 0xff, 0xff, 0x0, 0x3, 0xff, 0xff,
    0x0, 0x3, 0xff, 0xff, 0x0, 0x3, 0xff, 0xff,
    0x0, 0x3, 0xff, 0xff, 0x0, 0x3, 0xff, 0xff,
    0x0, 0x3, 0xff, 0xff, 0x0, 0x3, 0xff, 0xff,
    0x0, 0x3, 0xff, 0xff, 0x0, 0x3, 0xff, 0xff,
    0x0, 0x3, 0xff, 0xff, 0x0, 0x3, 0xff, 0xff,
    0x0, 0x3, 0xff, 0xff, 0x0, 0x3, 0xff, 0xff,
    0x0, 0x3, 0xff, 0xff, 0x0, 0x3, 0xff, 0xff,
    0x0, 0x3, 0xff, 0xff, 0x0, 0x3, 0xff, 0xff,
    0x0, 0x3, 0xff, 0xff, 0x0, 0x3, 0xff, 0xff,
    0x0, 0x3, 0xff, 0xff, 0x0, 0x3, 0xff, 0xff,
    0x0, 0x3, 0xff, 0xff, 0x0, 0x3, 0xff, 0xff,
    0x0, 0x3, 0xff, 0xff, 0x0, 0x3, 0xff, 0xff,
    0x0, 0x3, 0xff, 0xff, 0x0, 0x3, 0xff, 0xff,
    0x0, 0x3, 0xff, 0xff, 0x0, 0x3, 0xff, 0xff,
    0x0, 0x3, 0xff, 0xff, 0x0, 0x3, 0xff, 0xff,
    0x0, 0x3, 0xff, 0xff, 0x0, 0x3, 0xff, 0xff,

    /* U+00CD "Í" */
    0x0, 0xf, 0xff, 0xfe, 0x0, 0xf, 0xff, 0xfe,
    0x0, 0x1f, 0xff, 0xfc, 0x0, 0x3f, 0xff, 0xf8,
    0x0, 0x3f, 0xff, 0xf0, 0x0, 0x7f, 0xff, 0xe0,
    0x0, 0xff, 0xff, 0xc0, 0x0, 0xff, 0xff, 0x80,
    0x1, 0xff, 0xff, 0x0, 0x1, 0xff, 0xfe, 0x0,
    0x3, 0xff, 0xfc, 0x0, 0x7, 0xff, 0xfc, 0x0,
    0x7, 0xff, 0xf8, 0x0, 0xf, 0xff, 0xf0, 0x0,
    0x1f, 0xff, 0xe0, 0x0, 0x1f, 0xff, 0xc0, 0x0,
    0x3f, 0xff, 0x80, 0x0, 0x3f, 0xff, 0x0, 0x0,
    0x7f, 0xfe, 0x0, 0x0, 0x0, 0x0, 0x0, 0x0,
    0x0, 0x0, 0x0, 0x0, 0x0, 0x0, 0x0, 0x0,
    0x0, 0x0, 0x0, 0x0, 0x0, 0x0, 0x0, 0x0,
    0x0, 0x0, 0x0, 0x0, 0xff, 0xff, 0xc0, 0x0,
    0xff, 0xff, 0xc0, 0x0, 0xff, 0xff, 0xc0, 0x0,
    0xff, 0xff, 0xc0, 0x0, 0xff, 0xff, 0xc0, 0x0,
    0xff, 0xff, 0xc0, 0x0, 0xff, 0xff, 0xc0, 0x0,
    0xff, 0xff, 0xc0, 0x0, 0xff, 0xff, 0xc0, 0x0,
    0xff, 0xff, 0xc0, 0x0, 0xff, 0xff, 0xc0, 0x0,
    0xff, 0xff, 0xc0, 0x0, 0xff, 0xff, 0xc0, 0x0,
    0xff, 0xff, 0xc0, 0x0, 0xff, 0xff, 0xc0, 0x0,
    0xff, 0xff, 0xc0, 0x0, 0xff, 0xff, 0xc0, 0x0,
    0xff, 0xff, 0xc0, 0x0, 0xff, 0xff, 0xc0, 0x0,
    0xff, 0xff, 0xc0, 0x0, 0xff, 0xff, 0xc0, 0x0,
    0xff, 0xff, 0xc0, 0x0, 0xff, 0xff, 0xc0, 0x0,
    0xff, 0xff, 0xc0, 0x0, 0xff, 0xff, 0xc0, 0x0,
    0xff, 0xff, 0xc0, 0x0, 0xff, 0xff, 0xc0, 0x0,
    0xff, 0xff, 0xc0, 0x0, 0xff, 0xff, 0xc0, 0x0,
    0xff, 0xff, 0xc0, 0x0, 0xff, 0xff, 0xc0, 0x0,
    0xff, 0xff, 0xc0, 0x0, 0xff, 0xff, 0xc0, 0x0,
    0xff, 0xff, 0xc0, 0x0, 0xff, 0xff, 0xc0, 0x0,
    0xff, 0xff, 0xc0, 0x0, 0xff, 0xff, 0xc0, 0x0,
    0xff, 0xff, 0xc0, 0x0, 0xff, 0xff, 0xc0, 0x0,
    0xff, 0xff, 0xc0, 0x0, 0xff, 0xff, 0xc0, 0x0,
    0xff, 0xff, 0xc0, 0x0, 0xff, 0xff, 0xc0, 0x0,
    0xff, 0xff, 0xc0, 0x0, 0xff, 0xff, 0xc0, 0x0,
    0xff, 0xff, 0xc0, 0x0, 0xff, 0xff, 0xc0, 0x0,
    0xff, 0xff, 0xc0, 0x0, 0xff, 0xff, 0xc0, 0x0,
    0xff, 0xff, 0xc0, 0x0, 0xff, 0xff, 0xc0, 0x0,
    0xff, 0xff, 0xc0, 0x0, 0xff, 0xff, 0xc0, 0x0,
    0xff, 0xff, 0xc0, 0x0, 0xff, 0xff, 0xc0, 0x0,
    0xff, 0xff, 0xc0, 0x0, 0xff, 0xff, 0xc0, 0x0,
    0xff, 0xff, 0xc0, 0x0, 0xff, 0xff, 0xc0, 0x0,
    0xff, 0xff, 0xc0, 0x0, 0xff, 0xff, 0xc0, 0x0,
    0xff, 0xff, 0xc0, 0x0, 0xff, 0xff, 0xc0, 0x0,
    0xff, 0xff, 0xc0, 0x0, 0xff, 0xff, 0xc0, 0x0,
    0xff, 0xff, 0xc0, 0x0, 0xff, 0xff, 0xc0, 0x0,
    0xff, 0xff, 0xc0, 0x0, 0xff, 0xff, 0xc0, 0x0,
    0xff, 0xff, 0xc0, 0x0, 0xff, 0xff, 0xc0, 0x0,
    0xff, 0xff, 0xc0, 0x0, 0xff, 0xff, 0xc0, 0x0,
    0xff, 0xff, 0xc0, 0x0, 0xff, 0xff, 0xc0, 0x0,
    0xff, 0xff, 0xc0, 0x0, 0xff, 0xff, 0xc0, 0x0,
    0xff, 0xff, 0xc0, 0x0, 0xff, 0xff, 0xc0, 0x0,
    0xff, 0xff, 0xc0, 0x0, 0xff, 0xff, 0xc0, 0x0,
    0xff, 0xff, 0xc0, 0x0, 0xff, 0xff, 0xc0, 0x0,
    0xff, 0xff, 0xc0, 0x0, 0xff, 0xff, 0xc0, 0x0,
    0xff, 0xff, 0xc0, 0x0, 0xff, 0xff, 0xc0, 0x0,
    0xff, 0xff, 0xc0, 0x0, 0xff, 0xff, 0xc0, 0x0,
    0xff, 0xff, 0xc0, 0x0, 0xff, 0xff, 0xc0, 0x0,

    /* U+00CE "Î" */
    0x0, 0x0, 0x3f, 0xf8, 0x0, 0x0, 0x0, 0x0,
    0x7f, 0xfe, 0x0, 0x0, 0x0, 0x0, 0xff, 0xff,
    0x0, 0x0, 0x0, 0x1, 0xff, 0xff, 0x80, 0x0,
    0x0, 0x3, 0xff, 0xff, 0xc0, 0x0, 0x0, 0x7,
    0xff, 0xff, 0xe0, 0x0, 0x0, 0xf, 0xff, 0xff,
    0xf0, 0x0, 0x0, 0x1f, 0xff, 0xff, 0xf8, 0x0,
    0x0, 0x3f, 0xff, 0xff, 0xfc, 0x0, 0x0, 0x7f,
    0xff, 0xff, 0xfe, 0x0, 0x0, 0xff, 0xfe, 0x7f,
    0xff, 0x0, 0x1, 0xff, 0xfc, 0x3f, 0xff, 0x80,
    0x3, 0xff, 0xf8, 0xf, 0xff, 0xc0, 0x7, 0xff,
    0xf0, 0x7, 0xff, 0xe0, 0xf, 0xff, 0xe0, 0x3,
    0xff, 0xf0, 0x1f, 0xff, 0xc0, 0x1, 0xff, 0xf8,
    0x3f, 0xff, 0x80, 0x0, 0xff, 0xfc, 0x7f, 0xff,
    0x0, 0x0, 0x7f, 0xfe, 0xff, 0xfe, 0x0, 0x0,
    0x0, 0x0, 0x0, 0x0, 0x0, 0x0, 0x0, 0x0,
    0x0, 0x0, 0x0, 0x0, 0x0, 0x0, 0x0, 0x0,
    0x0, 0x0, 0x0, 0x0, 0x0, 0x0, 0x0, 0x0,
    0x0, 0x0, 0x0, 0x0, 0x0, 0x0, 0x0, 0x0,
    0x0, 0x0, 0x0, 0x0, 0x0, 0x0, 0x0, 0x1,
    0xff, 0xff, 0x80, 0x0, 0x0, 0x1, 0xff, 0xff,
    0x80, 0x0, 0x0, 0x1, 0xff, 0xff, 0x80, 0x0,
    0x0, 0x1, 0xff, 0xff, 0x80, 0x0, 0x0, 0x1,
    0xff, 0xff, 0x80, 0x0, 0x0, 0x1, 0xff, 0xff,
    0x80, 0x0, 0x0, 0x1, 0xff, 0xff, 0x80, 0x0,
    0x0, 0x1, 0xff, 0xff, 0x80, 0x0, 0x0, 0x1,
    0xff, 0xff, 0x80, 0x0, 0x0, 0x1, 0xff, 0xff,
    0x80, 0x0, 0x0, 0x1, 0xff, 0xff, 0x80, 0x0,
    0x0, 0x1, 0xff, 0xff, 0x80, 0x0, 0x0, 0x1,
    0xff, 0xff, 0x80, 0x0, 0x0, 0x1, 0xff, 0xff,
    0x80, 0x0, 0x0, 0x1, 0xff, 0xff, 0x80, 0x0,
    0x0, 0x1, 0xff, 0xff, 0x80, 0x0, 0x0, 0x1,
    0xff, 0xff, 0x80, 0x0, 0x0, 0x1, 0xff, 0xff,
    0x80, 0x0, 0x0, 0x1, 0xff, 0xff, 0x80, 0x0,
    0x0, 0x1, 0xff, 0xff, 0x80, 0x0, 0x0, 0x1,
    0xff, 0xff, 0x80, 0x0, 0x0, 0x1, 0xff, 0xff,
    0x80, 0x0, 0x0, 0x1, 0xff, 0xff, 0x80, 0x0,
    0x0, 0x1, 0xff, 0xff, 0x80, 0x0, 0x0, 0x1,
    0xff, 0xff, 0x80, 0x0, 0x0, 0x1, 0xff, 0xff,
    0x80, 0x0, 0x0, 0x1, 0xff, 0xff, 0x80, 0x0,
    0x0, 0x1, 0xff, 0xff, 0x80, 0x0, 0x0, 0x1,
    0xff, 0xff, 0x80, 0x0, 0x0, 0x1, 0xff, 0xff,
    0x80, 0x0, 0x0, 0x1, 0xff, 0xff, 0x80, 0x0,
    0x0, 0x1, 0xff, 0xff, 0x80, 0x0, 0x0, 0x1,
    0xff, 0xff, 0x80, 0x0, 0x0, 0x1, 0xff, 0xff,
    0x80, 0x0, 0x0, 0x1, 0xff, 0xff, 0x80, 0x0,
    0x0, 0x1, 0xff, 0xff, 0x80, 0x0, 0x0, 0x1,
    0xff, 0xff, 0x80, 0x0, 0x0, 0x1, 0xff, 0xff,
    0x80, 0x0, 0x0, 0x1, 0xff, 0xff, 0x80, 0x0,
    0x0, 0x1, 0xff, 0xff, 0x80, 0x0, 0x0, 0x1,
    0xff, 0xff, 0x80, 0x0, 0x0, 0x1, 0xff, 0xff,
    0x80, 0x0, 0x0, 0x1, 0xff, 0xff, 0x80, 0x0,
    0x0, 0x1, 0xff, 0xff, 0x80, 0x0, 0x0, 0x1,
    0xff, 0xff, 0x80, 0x0, 0x0, 0x1, 0xff, 0xff,
    0x80, 0x0, 0x0, 0x1, 0xff, 0xff, 0x80, 0x0,
    0x0, 0x1, 0xff, 0xff, 0x80, 0x0, 0x0, 0x1,
    0xff, 0xff, 0x80, 0x0, 0x0, 0x1, 0xff, 0xff,
    0x80, 0x0, 0x0, 0x1, 0xff, 0xff, 0x80, 0x0,
    0x0, 0x1, 0xff, 0xff, 0x80, 0x0, 0x0, 0x1,
    0xff, 0xff, 0x80, 0x0, 0x0, 0x1, 0xff, 0xff,
    0x80, 0x0, 0x0, 0x1, 0xff, 0xff, 0x80, 0x0,
    0x0, 0x1, 0xff, 0xff, 0x80, 0x0, 0x0, 0x1,
    0xff, 0xff, 0x80, 0x0, 0x0, 0x1, 0xff, 0xff,
    0x80, 0x0, 0x0, 0x1, 0xff, 0xff, 0x80, 0x0,
    0x0, 0x1, 0xff, 0xff, 0x80, 0x0, 0x0, 0x1,
    0xff, 0xff, 0x80, 0x0, 0x0, 0x1, 0xff, 0xff,
    0x80, 0x0, 0x0, 0x1, 0xff, 0xff, 0x80, 0x0,
    0x0, 0x1, 0xff, 0xff, 0x80, 0x0, 0x0, 0x1,
    0xff, 0xff, 0x80, 0x0, 0x0, 0x1, 0xff, 0xff,
    0x80, 0x0, 0x0, 0x1, 0xff, 0xff, 0x80, 0x0,
    0x0, 0x1, 0xff, 0xff, 0x80, 0x0, 0x0, 0x1,
    0xff, 0xff, 0x80, 0x0, 0x0, 0x1, 0xff, 0xff,
    0x80, 0x0, 0x0, 0x1, 0xff, 0xff, 0x80, 0x0,
    0x0, 0x1, 0xff, 0xff, 0x80, 0x0, 0x0, 0x1,
    0xff, 0xff, 0x80, 0x0, 0x0, 0x1, 0xff, 0xff,
    0x80, 0x0, 0x0, 0x1, 0xff, 0xff, 0x80, 0x0,
    0x0, 0x1, 0xff, 0xff, 0x80, 0x0, 0x0, 0x1,
    0xff, 0xff, 0x80, 0x0, 0x0, 0x1, 0xff, 0xff,
    0x80, 0x0, 0x0, 0x1, 0xff, 0xff, 0x80, 0x0,
    0x0, 0x1, 0xff, 0xff, 0x80, 0x0, 0x0, 0x1,
    0xff, 0xff, 0x80, 0x0, 0x0, 0x1, 0xff, 0xff,
    0x80, 0x0, 0x0, 0x1, 0xff, 0xff, 0x80, 0x0,
    0x0, 0x1, 0xff, 0xff, 0x80, 0x0, 0x0, 0x1,
    0xff, 0xff, 0x80, 0x0, 0x0, 0x1, 0xff, 0xff,
    0x80, 0x0, 0x0, 0x1, 0xff, 0xff, 0x80, 0x0,
    0x0, 0x1, 0xff, 0xff, 0x80, 0x0, 0x0, 0x1,
    0xff, 0xff, 0x80, 0x0, 0x0, 0x1, 0xff, 0xff,
    0x80, 0x0, 0x0, 0x1, 0xff, 0xff, 0x80, 0x0,

    /* U+00CF "Ï" */
    0x7, 0xf0, 0x0, 0x0, 0xf, 0xe0, 0x1f, 0xfc,
    0x0, 0x0, 0x3f, 0xf8, 0x3f, 0xfe, 0x0, 0x0,
    0x7f, 0xfc, 0x7f, 0xff, 0x0, 0x0, 0xff, 0xfe,
    0x7f, 0xff, 0x0, 0x0, 0xff, 0xfe, 0xff, 0xff,
    0x80, 0x1, 0xff, 0xff, 0xff, 0xff, 0x80, 0x1,
    0xff, 0xff, 0xff, 0xff, 0x80, 0x1, 0xff, 0xff,
    0xff, 0xff, 0x80, 0x1, 0xff, 0xff, 0xff, 0xff,
    0x80, 0x1, 0xff, 0xff, 0x7f, 0xff, 0x0, 0x0,
    0xff, 0xfe, 0x7f, 0xff, 0x0, 0x0, 0xff, 0xfe,
    0x3f, 0xfe, 0x0, 0x0, 0x7f, 0xfc, 0x1f, 0xfc,
    0x0, 0x0, 0x3f, 0xf8, 0x7, 0xf0, 0x0, 0x0,
    0xf, 0xe0, 0x0, 0x0, 0x0, 0x0, 0x0, 0x0,
    0x0, 0x0, 0x0, 0x0, 0x0, 0x0, 0x0, 0x0,
    0x0, 0x0, 0x0, 0x0, 0x0, 0x0, 0x0, 0x0,
    0x0, 0x0, 0x0, 0x0, 0x0, 0x0, 0x0, 0x0,
    0x0, 0x0, 0x0, 0x0, 0x0, 0x0, 0x0, 0x0,
    0x0, 0x0, 0x0, 0x0, 0x0, 0x1, 0xff, 0xff,
    0x80, 0x0, 0x0, 0x1, 0xff, 0xff, 0x80, 0x0,
    0x0, 0x1, 0xff, 0xff, 0x80, 0x0, 0x0, 0x1,
    0xff, 0xff, 0x80, 0x0, 0x0, 0x1, 0xff, 0xff,
    0x80, 0x0, 0x0, 0x1, 0xff, 0xff, 0x80, 0x0,
    0x0, 0x1, 0xff, 0xff, 0x80, 0x0, 0x0, 0x1,
    0xff, 0xff, 0x80, 0x0, 0x0, 0x1, 0xff, 0xff,
    0x80, 0x0, 0x0, 0x1, 0xff, 0xff, 0x80, 0x0,
    0x0, 0x1, 0xff, 0xff, 0x80, 0x0, 0x0, 0x1,
    0xff, 0xff, 0x80, 0x0, 0x0, 0x1, 0xff, 0xff,
    0x80, 0x0, 0x0, 0x1, 0xff, 0xff, 0x80, 0x0,
    0x0, 0x1, 0xff, 0xff, 0x80, 0x0, 0x0, 0x1,
    0xff, 0xff, 0x80, 0x0, 0x0, 0x1, 0xff, 0xff,
    0x80, 0x0, 0x0, 0x1, 0xff, 0xff, 0x80, 0x0,
    0x0, 0x1, 0xff, 0xff, 0x80, 0x0, 0x0, 0x1,
    0xff, 0xff, 0x80, 0x0, 0x0, 0x1, 0xff, 0xff,
    0x80, 0x0, 0x0, 0x1, 0xff, 0xff, 0x80, 0x0,
    0x0, 0x1, 0xff, 0xff, 0x80, 0x0, 0x0, 0x1,
    0xff, 0xff, 0x80, 0x0, 0x0, 0x1, 0xff, 0xff,
    0x80, 0x0, 0x0, 0x1, 0xff, 0xff, 0x80, 0x0,
    0x0, 0x1, 0xff, 0xff, 0x80, 0x0, 0x0, 0x1,
    0xff, 0xff, 0x80, 0x0, 0x0, 0x1, 0xff, 0xff,
    0x80, 0x0, 0x0, 0x1, 0xff, 0xff, 0x80, 0x0,
    0x0, 0x1, 0xff, 0xff, 0x80, 0x0, 0x0, 0x1,
    0xff, 0xff, 0x80, 0x0, 0x0, 0x1, 0xff, 0xff,
    0x80, 0x0, 0x0, 0x1, 0xff, 0xff, 0x80, 0x0,
    0x0, 0x1, 0xff, 0xff, 0x80, 0x0, 0x0, 0x1,
    0xff, 0xff, 0x80, 0x0, 0x0, 0x1, 0xff, 0xff,
    0x80, 0x0, 0x0, 0x1, 0xff, 0xff, 0x80, 0x0,
    0x0, 0x1, 0xff, 0xff, 0x80, 0x0, 0x0, 0x1,
    0xff, 0xff, 0x80, 0x0, 0x0, 0x1, 0xff, 0xff,
    0x80, 0x0, 0x0, 0x1, 0xff, 0xff, 0x80, 0x0,
    0x0, 0x1, 0xff, 0xff, 0x80, 0x0, 0x0, 0x1,
    0xff, 0xff, 0x80, 0x0, 0x0, 0x1, 0xff, 0xff,
    0x80, 0x0, 0x0, 0x1, 0xff, 0xff, 0x80, 0x0,
    0x0, 0x1, 0xff, 0xff, 0x80, 0x0, 0x0, 0x1,
    0xff, 0xff, 0x80, 0x0, 0x0, 0x1, 0xff, 0xff,
    0x80, 0x0, 0x0, 0x1, 0xff, 0xff, 0x80, 0x0,
    0x0, 0x1, 0xff, 0xff, 0x80, 0x0, 0x0, 0x1,
    0xff, 0xff, 0x80, 0x0, 0x0, 0x1, 0xff, 0xff,
    0x80, 0x0, 0x0, 0x1, 0xff, 0xff, 0x80, 0x0,
    0x0, 0x1, 0xff, 0xff, 0x80, 0x0, 0x0, 0x1,
    0xff, 0xff, 0x80, 0x0, 0x0, 0x1, 0xff, 0xff,
    0x80, 0x0, 0x0, 0x1, 0xff, 0xff, 0x80, 0x0,
    0x0, 0x1, 0xff, 0xff, 0x80, 0x0, 0x0, 0x1,
    0xff, 0xff, 0x80, 0x0, 0x0, 0x1, 0xff, 0xff,
    0x80, 0x0, 0x0, 0x1, 0xff, 0xff, 0x80, 0x0,
    0x0, 0x1, 0xff, 0xff, 0x80, 0x0, 0x0, 0x1,
    0xff, 0xff, 0x80, 0x0, 0x0, 0x1, 0xff, 0xff,
    0x80, 0x0, 0x0, 0x1, 0xff, 0xff, 0x80, 0x0,
    0x0, 0x1, 0xff, 0xff, 0x80, 0x0, 0x0, 0x1,
    0xff, 0xff, 0x80, 0x0, 0x0, 0x1, 0xff, 0xff,
    0x80, 0x0, 0x0, 0x1, 0xff, 0xff, 0x80, 0x0,
    0x0, 0x1, 0xff, 0xff, 0x80, 0x0, 0x0, 0x1,
    0xff, 0xff, 0x80, 0x0, 0x0, 0x1, 0xff, 0xff,
    0x80, 0x0, 0x0, 0x1, 0xff, 0xff, 0x80, 0x0,
    0x0, 0x1, 0xff, 0xff, 0x80, 0x0, 0x0, 0x1,
    0xff, 0xff, 0x80, 0x0, 0x0, 0x1, 0xff, 0xff,
    0x80, 0x0, 0x0, 0x1, 0xff, 0xff, 0x80, 0x0,
    0x0, 0x1, 0xff, 0xff, 0x80, 0x0, 0x0, 0x1,
    0xff, 0xff, 0x80, 0x0, 0x0, 0x1, 0xff, 0xff,
    0x80, 0x0, 0x0, 0x1, 0xff, 0xff, 0x80, 0x0,
    0x0, 0x1, 0xff, 0xff, 0x80, 0x0, 0x0, 0x1,
    0xff, 0xff, 0x80, 0x0, 0x0, 0x1, 0xff, 0xff,
    0x80, 0x0, 0x0, 0x1, 0xff, 0xff, 0x80, 0x0,
    0x0, 0x1, 0xff, 0xff, 0x80, 0x0, 0x0, 0x1,
    0xff, 0xff, 0x80, 0x0, 0x0, 0x1, 0xff, 0xff,
    0x80, 0x0, 0x0, 0x1, 0xff, 0xff, 0x80, 0x0,
    0x0, 0x1, 0xff, 0xff, 0x80, 0x0,

    /* U+00D0 "Ð" */
    0x0, 0x3f, 0xff, 0xff, 0xff, 0xf8, 0x0, 0x0,
    0x0, 0x0, 0x0, 0x3f, 0xff, 0xff, 0xff, 0xff,
    0xc0, 0x0, 0x0, 0x0, 0x0, 0x3f, 0xff, 0xff,
    0xff, 0xff, 0xfc, 0x0, 0x0, 0x0, 0x0, 0x3f,
    0xff, 0xff, 0xff, 0xff, 0xff, 0x0, 0x0, 0x0,
    0x0, 0x3f, 0xff, 0xff, 0xff, 0xff, 0xff, 0xc0,
    0x0, 0x0, 0x0, 0x3f, 0xff, 0xff, 0xff, 0xff,
    0xff, 0xf0, 0x0, 0x0, 0x0, 0x3f, 0xff, 0xff,
    0xff, 0xff, 0xff, 0xfc, 0x0, 0x0, 0x0, 0x3f,
    0xff, 0xff, 0xff, 0xff, 0xff, 0xfe, 0x0, 0x0,
    0x0, 0x3f, 0xff, 0xff, 0xff, 0xff, 0xff, 0xff,
    0x80, 0x0, 0x0, 0x3f, 0xff, 0xff, 0xff, 0xff,
    0xff, 0xff, 0xc0, 0x0, 0x0, 0x3f, 0xff, 0xff,
    0xff, 0xff, 0xff, 0xff, 0xe0, 0x0, 0x0, 0x3f,
    0xff, 0xff, 0xff, 0xff, 0xff, 0xff, 0xf0, 0x0,
    0x0, 0x3f, 0xff, 0xff, 0xff, 0xff, 0xff, 0xff,
    0xf8, 0x0, 0x0, 0x3f, 0xff, 0xff, 0xff, 0xff,
    0xff, 0xff, 0xfc, 0x0, 0x0, 0x3f, 0xff, 0xf8,
    0x0, 0xf, 0xff, 0xff, 0xfe, 0x0, 0x0, 0x3f,
    0xff, 0xf8, 0x0, 0x1, 0xff, 0xff, 0xfe, 0x0,
    0x0, 0x3f, 0xff, 0xf8, 0x0, 0x0, 0x7f, 0xff,
    0xff, 0x0, 0x0, 0x3f, 0xff, 0xf8, 0x0, 0x0,
    0x1f, 0xff, 0xff, 0x80, 0x0, 0x3f, 0xff, 0xf8,
    0x0, 0x0, 0xf, 0xff, 0xff, 0x80, 0x0, 0x3f,
    0xff, 0xf8, 0x0, 0x0, 0x7, 0xff, 0xff, 0xc0,
    0x0, 0x3f, 0xff, 0xf8, 0x0, 0x0, 0x3, 0xff,
    0xff, 0xe0, 0x0, 0x3f, 0xff, 0xf8, 0x0, 0x0,
    0x1, 0xff, 0xff, 0xe0, 0x0, 0x3f, 0xff, 0xf8,
    0x0, 0x0, 0x0, 0xff, 0xff, 0xf0, 0x0, 0x3f,
    0xff, 0xf8, 0x0, 0x0, 0x0, 0x7f, 0xff, 0xf0,
    0x0, 0x3f, 0xff, 0xf8, 0x0, 0x0, 0x0, 0x7f,
    0xff, 0xf0, 0x0, 0x3f, 0xff, 0xf8, 0x0, 0x0,
    0x0, 0x3f, 0xff, 0xf8, 0x0, 0x3f, 0xff, 0xf8,
    0x0, 0x0, 0x0, 0x3f, 0xff, 0xf8, 0x0, 0x3f,
    0xff, 0xf8, 0x0, 0x0, 0x0, 0x3f, 0xff, 0xfc,
    0x0, 0x3f, 0xff, 0xf8, 0x0, 0x0, 0x0, 0x1f,
    0xff, 0xfc, 0x0, 0x3f, 0xff, 0xf8, 0x0, 0x0,
    0x0, 0x1f, 0xff, 0xfc, 0x0, 0x3f, 0xff, 0xf8,
    0x0, 0x0, 0x0, 0x1f, 0xff, 0xfc, 0x0, 0x3f,
    0xff, 0xf8, 0x0, 0x0, 0x0, 0xf, 0xff, 0xfe,
    0x0, 0x3f, 0xff, 0xf8, 0x0, 0x0, 0x0, 0xf,
    0xff, 0xfe, 0x0, 0x3f, 0xff, 0xf8, 0x0, 0x0,
    0x0, 0xf, 0xff, 0xfe, 0x0, 0x3f, 0xff, 0xf8,
    0x0, 0x0, 0x0, 0xf, 0xff, 0xfe, 0x0, 0x3f,
    0xff, 0xf8, 0x0, 0x0, 0x0, 0xf, 0xff, 0xfe,
    0x0, 0x3f, 0xff, 0xf8, 0x0, 0x0, 0x0, 0x7,
    0xff, 0xff, 0x0, 0x3f, 0xff, 0xf8, 0x0, 0x0,
    0x0, 0x7, 0xff, 0xff, 0x0, 0x3f, 0xff, 0xf8,
    0x0, 0x0, 0x0, 0x7, 0xff, 0xff, 0x0, 0x3f,
    0xff, 0xf8, 0x0, 0x0, 0x0, 0x7, 0xff, 0xff,
    0xff, 0xff, 0xff, 0xff, 0xff, 0xf8, 0x0, 0x7,
    0xff, 0xff, 0xff, 0xff, 0xff, 0xff, 0xff, 0xf8,
    0x0, 0x7, 0xff, 0xff, 0xff, 0xff, 0xff, 0xff,
    0xff, 0xf8, 0x0, 0x7, 0xff, 0xff, 0xff, 0xff,
    0xff, 0xff, 0xff, 0xf8, 0x0, 0x7, 0xff, 0xff,
    0xff, 0xff, 0xff, 0xff, 0xff, 0xf8, 0x0, 0x7,
    0xff, 0xff, 0xff, 0xff, 0xff, 0xff, 0xff, 0xf8,
    0x0, 0x7, 0xff, 0xff, 0xff, 0xff, 0xff, 0xff,
    0xff, 0xf8, 0x0, 0x7, 0xff, 0xff, 0xff, 0xff,
    0xff, 0xff, 0xff, 0xf8, 0x0, 0x7, 0xff, 0xff,
    0xff, 0xff, 0xff, 0xff, 0xff, 0xf8, 0x0, 0x7,
    0xff, 0xff, 0xff, 0xff, 0xff, 0xff, 0xff, 0xf8,
    0x0, 0x7, 0xff, 0xff, 0xff, 0xff, 0xff, 0xff,
    0xff, 0xf8, 0x0, 0x7, 0xff, 0xff, 0x0, 0x3f,
    0xff, 0xf8, 0x0, 0x0, 0x0, 0x7, 0xff, 0xff,
    0x0, 0x3f, 0xff, 0xf8, 0x0, 0x0, 0x0, 0x7,
    0xff, 0xff, 0x0, 0x3f, 0xff, 0xf8, 0x0, 0x0,
    0x0, 0x7, 0xff, 0xff, 0x0, 0x3f, 0xff, 0xf8,
    0x0, 0x0, 0x0, 0x7, 0xff, 0xff, 0x0, 0x3f,
    0xff, 0xf8, 0x0, 0x0, 0x0, 0xf, 0xff, 0xfe,
    0x0, 0x3f, 0xff, 0xf8, 0x0, 0x0, 0x0, 0xf,
    0xff, 0xfe, 0x0, 0x3f, 0xff, 0xf8, 0x0, 0x0,
    0x0, 0xf, 0xff, 0xfe, 0x0, 0x3f, 0xff, 0xf8,
    0x0, 0x0, 0x0, 0xf, 0xff, 0xfe, 0x0, 0x3f,
    0xff, 0xf8, 0x0, 0x0, 0x0, 0xf, 0xff, 0xfe,
    0x0, 0x3f, 0xff, 0xf8, 0x0, 0x0, 0x0, 0x1f,
    0xff, 0xfc, 0x0, 0x3f, 0xff, 0xf8, 0x0, 0x0,
    0x0, 0x1f, 0xff, 0xfc, 0x0, 0x3f, 0xff, 0xf8,
    0x0, 0x0, 0x0, 0x1f, 0xff, 0xfc, 0x0, 0x3f,
    0xff, 0xf8, 0x0, 0x0, 0x0, 0x3f, 0xff, 0xfc,
    0x0, 0x3f, 0xff, 0xf8, 0x0, 0x0, 0x0, 0x3f,
    0xff, 0xf8, 0x0, 0x3f, 0xff, 0xf8, 0x0, 0x0,
    0x0, 0x3f, 0xff, 0xf8, 0x0, 0x3f, 0xff, 0xf8,
    0x0, 0x0, 0x0, 0x7f, 0xff, 0xf8, 0x0, 0x3f,
    0xff, 0xf8, 0x0, 0x0, 0x0, 0xff, 0xff, 0xf0,
    0x0, 0x3f, 0xff, 0xf8, 0x0, 0x0, 0x0, 0xff,
    0xff, 0xf0, 0x0, 0x3f, 0xff, 0xf8, 0x0, 0x0,
    0x1, 0xff, 0xff, 0xe0, 0x0, 0x3f, 0xff, 0xf8,
    0x0, 0x0, 0x3, 0xff, 0xff, 0xe0, 0x0, 0x3f,
    0xff, 0xf8, 0x0, 0x0, 0x7, 0xff, 0xff, 0xc0,
    0x0, 0x3f, 0xff, 0xf8, 0x0, 0x0, 0xf, 0xff,
    0xff, 0xc0, 0x0, 0x3f, 0xff, 0xf8, 0x0, 0x0,
    0x1f, 0xff, 0xff, 0x80, 0x0, 0x3f, 0xff, 0xf8,
    0x0, 0x0, 0x7f, 0xff, 0xff, 0x0, 0x0, 0x3f,
    0xff, 0xf8, 0x0, 0x1, 0xff, 0xff, 0xfe, 0x0,
    0x0, 0x3f, 0xff, 0xf8, 0x0, 0x1f, 0xff, 0xff,
    0xfe, 0x0, 0x0, 0x3f, 0xff, 0xff, 0xff, 0xff,
    0xff, 0xff, 0xfc, 0x0, 0x0, 0x3f, 0xff, 0xff,
    0xff, 0xff, 0xff, 0xff, 0xf8, 0x0, 0x0, 0x3f,
    0xff, 0xff, 0xff, 0xff, 0xff, 0xff, 0xf0, 0x0,
    0x0, 0x3f, 0xff, 0xff, 0xff, 0xff, 0xff, 0xff,
    0xe0, 0x0, 0x0, 0x3f, 0xff, 0xff, 0xff, 0xff,
    0xff, 0xff, 0xc0, 0x0, 0x0, 0x3f, 0xff, 0xff,
    0xff, 0xff, 0xff, 0xff, 0x80, 0x0, 0x0, 0x3f,
    0xff, 0xff, 0xff, 0xff, 0xff, 0xfe, 0x0, 0x0,
    0x0, 0x3f, 0xff, 0xff, 0xff, 0xff, 0xff, 0xfc,
    0x0, 0x0, 0x0, 0x3f, 0xff, 0xff, 0xff, 0xff,
    0xff, 0xf0, 0x0, 0x0, 0x0, 0x3f, 0xff, 0xff,
    0xff, 0xff, 0xff, 0xc0, 0x0, 0x0, 0x0, 0x3f,
    0xff, 0xff, 0xff, 0xff, 0xff, 0x0, 0x0, 0x0,
    0x0, 0x3f, 0xff, 0xff, 0xff, 0xff, 0xfc, 0x0,
    0x0, 0x0, 0x0, 0x3f, 0xff, 0xff, 0xff, 0xff,
    0xc0, 0x0, 0x0, 0x0, 0x0, 0x3f, 0xff, 0xff,
    0xff, 0xfc, 0x0, 0x0, 0x0, 0x0,

    /* U+00D1 "Ñ" */
    0x0, 0x0, 0x0, 0x7f, 0x0, 0x0, 0x1f, 0xf8,
    0x0, 0x0, 0x0, 0x0, 0xff, 0xf0, 0x0, 0x7,
    0xfe, 0x0, 0x0, 0x0, 0x0, 0x7f, 0xff, 0x0,
    0x1, 0xff, 0x80, 0x0, 0x0, 0x0, 0x3f, 0xff,
    0xf0, 0x0, 0xff, 0xe0, 0x0, 0x0, 0x0, 0x1f,
    0xff, 0xff, 0x0, 0x7f, 0xf8, 0x0, 0x0, 0x0,
    0xf, 0xff, 0xff, 0xf0, 0x3f, 0xfc, 0x0, 0x0,
    0x0, 0x7, 0xff, 0xff, 0xff, 0xff, 0xff, 0x0,
    0x0, 0x0, 0x3, 0xff, 0xff, 0xff, 0xff, 0xff,
    0xc0, 0x0, 0x0, 0x0, 0xff, 0xff, 0xff, 0xff,
    0xff, 0xe0, 0x0, 0x0, 0x0, 0x7f, 0xff, 0xff,
    0xff, 0xff, 0xf8, 0x0, 0x0, 0x0, 0x1f, 0xff,
    0xff, 0xff, 0xff, 0xfc, 0x0, 0x0, 0x0, 0x7,
    0xff, 0x81, 0xff, 0xff, 0xfe, 0x0, 0x0, 0x0,
    0x1, 0xff, 0xc0, 0x1f, 0xff, 0xff, 0x80, 0x0,
    0x0, 0x0, 0xff, 0xe0, 0x1, 0xff, 0xff, 0xc0,
    0x0, 0x0, 0x0, 0x3f, 0xf0, 0x0, 0x3f, 0xff,
    0xc0, 0x0, 0x0, 0x0, 0xf, 0xfc, 0x0, 0x3,
    0xff, 0xe0, 0x0, 0x0, 0x0, 0x3, 0xff, 0x0,
    0x0, 0x1f, 0xc0, 0x0, 0x0, 0x0, 0x0, 0x0,
    0x0, 0x0, 0x0, 0x0, 0x0, 0x0, 0x0, 0x0,
    0x0, 0x0, 0x0, 0x0, 0x0, 0x0, 0x0, 0x0,
    0x0, 0x0, 0x0, 0x0, 0x0, 0x0, 0x0, 0x0,
    0x0, 0x0, 0x0, 0x0, 0x0, 0x0, 0x0, 0x0,
    0x0, 0x0, 0x0, 0x0, 0x0, 0x0, 0x0, 0x0,
    0x0, 0x0, 0x0, 0x0, 0x0, 0x0, 0x0, 0x0,
    0x0, 0x0, 0x0, 0x0, 0x0, 0x0, 0x0, 0x0,
    0x0, 0x0, 0x0, 0x0, 0x0, 0x0, 0xff, 0xff,
    0xe0, 0x0, 0x0, 0x0, 0x0, 0xff, 0xff, 0xff,
    0xff, 0xfc, 0x0, 0x0, 0x0, 0x0, 0x3f, 0xff,
    0xff, 0xff, 0xff, 0x80, 0x0, 0x0, 0x0, 0xf,
    0xff, 0xff, 0xff, 0xff, 0xe0, 0x0, 0x0, 0x0,
    0x3, 0xff, 0xff, 0xff, 0xff, 0xfc, 0x0, 0x0,
    0x0, 0x0, 0xff, 0xff, 0xff, 0xff, 0xff, 0x0,
    0x0, 0x0, 0x0, 0x3f, 0xff, 0xff, 0xff, 0xff,
    0xe0, 0x0, 0x0, 0x0, 0xf, 0xff, 0xff, 0xff,
    0xff, 0xfc, 0x0, 0x0, 0x0, 0x3, 0xff, 0xff,
    0xff, 0xff, 0xff, 0x0, 0x0, 0x0, 0x0, 0xff,
    0xff, 0xff, 0xff, 0xff, 0xe0, 0x0, 0x0, 0x0,
    0x3f, 0xff, 0xff, 0xff, 0xff, 0xf8, 0x0, 0x0,
    0x0, 0xf, 0xff, 0xff, 0xff, 0xff, 0xff, 0x0,
    0x0, 0x0, 0x3, 0xff, 0xff, 0xff, 0xff, 0xff,
    0xe0, 0x0, 0x0, 0x0, 0xff, 0xff, 0xff, 0xff,
    0xff, 0xf8, 0x0, 0x0, 0x0, 0x3f, 0xff, 0xff,
    0xff, 0xff, 0xff, 0x0, 0x0, 0x0, 0xf, 0xff,
    0xff, 0xff, 0xff, 0xff, 0xc0, 0x0, 0x0, 0x3,
    0xff, 0xff, 0xff, 0xff, 0xff, 0xf8, 0x0, 0x0,
    0x0, 0xff, 0xff, 0xff, 0xff, 0xff, 0xff, 0x0,
    0x0, 0x0, 0x3f, 0xff, 0xff, 0xff, 0xff, 0xff,
    0xc0, 0x0, 0x0, 0xf, 0xff, 0xff, 0xff, 0xff,
    0xff, 0xf8, 0x0, 0x0, 0x3, 0xff, 0xff, 0xff,
    0xff, 0xff, 0xfe, 0x0, 0x0, 0x0, 0xff, 0xff,
    0xff, 0xff, 0xff, 0xff, 0xc0, 0x0, 0x0, 0x3f,
    0xff, 0xff, 0xff, 0xff, 0xff, 0xf8, 0x0, 0x0,
    0xf, 0xff, 0xff, 0xff, 0xff, 0xff, 0xfe, 0x0,
    0x0, 0x3, 0xff, 0xff, 0xff, 0xff, 0xff, 0xff,
    0xc0, 0x0, 0x0, 0xff, 0xff, 0xff, 0xff, 0xff,
    0xff, 0xf0, 0x0, 0x0, 0x3f, 0xff, 0xff, 0xff,
    0xff, 0xff, 0xfe, 0x0, 0x0, 0xf, 0xff, 0xff,
    0xff, 0xff, 0xff, 0xff, 0xc0, 0x0, 0x3, 0xff,
    0xff, 0xff, 0xff, 0xff, 0xff, 0xf0, 0x0, 0x0,
    0xff, 0xff, 0xff, 0xff, 0xff, 0xff, 0xfe, 0x0,
    0x0, 0x3f, 0xff, 0xff, 0xff, 0xff, 0xff, 0xff,
    0x80, 0x0, 0xf, 0xff, 0xff, 0xff, 0xff, 0xbf,
    0xff, 0xf0, 0x0, 0x3, 0xff, 0xff, 0xff, 0xff,
    0xe7, 0xff, 0xfe, 0x0, 0x0, 0xff, 0xff, 0xff,
    0xff, 0xf9, 0xff, 0xff, 0x80, 0x0, 0x3f, 0xff,
    0xff, 0xff, 0xfe, 0x3f, 0xff, 0xf0, 0x0, 0xf,
    0xff, 0xff, 0xff, 0xff, 0x8f, 0xff, 0xfe, 0x0,
    0x3, 0xff, 0xff, 0xff, 0xff, 0xe1, 0xff, 0xff,
    0x80, 0x0, 0xff, 0xff, 0xff, 0xff, 0xf8, 0x3f,
    0xff, 0xf0, 0x0, 0x3f, 0xff, 0xff, 0xff, 0xfe,
    0xf, 0xff, 0xfc, 0x0, 0xf, 0xff, 0xff, 0xff,
    0xff, 0x81, 0xff, 0xff, 0x80, 0x3, 0xff, 0xff,
    0xff, 0xff, 0xe0, 0x7f, 0xff, 0xf0, 0x0, 0xff,
    0xff, 0xff, 0xff, 0xf8, 0xf, 0xff, 0xfc, 0x0,
    0x3f, 0xff, 0xff, 0xff, 0xfe, 0x1, 0xff, 0xff,
    0x80, 0xf, 0xff, 0xff, 0xff, 0xff, 0x80, 0x7f,
    0xff, 0xe0, 0x3, 0xff, 0xff, 0xff, 0xff, 0xe0,
    0xf, 0xff, 0xfc, 0x0, 0xff, 0xff, 0xff, 0xff,
    0xf8, 0x3, 0xff, 0xff, 0x80, 0x3f, 0xff, 0xff,
    0xff, 0xfe, 0x0, 0x7f, 0xff, 0xe0, 0xf, 0xff,
    0xff, 0xff, 0xff, 0x80, 0xf, 0xff, 0xfc, 0x3,
    0xff, 0xff, 0xff, 0xff, 0xe0, 0x3, 0xff, 0xff,
    0x0, 0xff, 0xff, 0xff, 0xff, 0xf8, 0x0, 0x7f,
    0xff, 0xe0, 0x3f, 0xff, 0xff, 0xff, 0xfe, 0x0,
    0x1f, 0xff, 0xfc, 0xf, 0xff, 0xff, 0xff, 0xff,
    0x80, 0x3, 0xff, 0xff, 0x3, 0xff, 0xff, 0xff,
    0xff, 0xe0, 0x0, 0x7f, 0xff, 0xe0, 0xff, 0xff,
    0xff, 0xff, 0xf8, 0x0, 0x1f, 0xff, 0xf8, 0x3f,
    0xff, 0xff, 0xff, 0xfe, 0x0, 0x3, 0xff, 0xff,
    0xf, 0xff, 0xff, 0xff, 0xff, 0x80, 0x0, 0xff,
    0xff, 0xe3, 0xff, 0xff, 0xff, 0xff, 0xe0, 0x0,
    0x1f, 0xff, 0xf8, 0xff, 0xff, 0xff, 0xff, 0xf8,
    0x0, 0x3, 0xff, 0xff, 0x3f, 0xff, 0xff, 0xff,
    0xfe, 0x0, 0x0, 0xff, 0xff, 0xcf, 0xff, 0xff,
    0xff, 0xff, 0x80, 0x0, 0x1f, 0xff, 0xfb, 0xff,
    0xff, 0xff, 0xff, 0xe0, 0x0, 0x7, 0xff, 0xff,
    0xff, 0xff, 0xff, 0xff, 0xf8, 0x0, 0x0, 0xff,
    0xff, 0xff, 0xff, 0xff, 0xff, 0xfe, 0x0, 0x0,
    0x1f, 0xff, 0xff, 0xff, 0xff, 0xff, 0xff, 0x80,
    0x0, 0x7, 0xff, 0xff, 0xff, 0xff, 0xff, 0xff,
    0xe0, 0x0, 0x0, 0xff, 0xff, 0xff, 0xff, 0xff,
    0xff, 0xf8, 0x0, 0x0, 0x1f, 0xff, 0xff, 0xff,
    0xff, 0xff, 0xfe, 0x0, 0x0, 0x7, 0xff, 0xff,
    0xff, 0xff, 0xff, 0xff, 0x80, 0x0, 0x0, 0xff,
    0xff, 0xff, 0xff, 0xff, 0xff, 0xe0, 0x0, 0x0,
    0x3f, 0xff, 0xff, 0xff, 0xff, 0xff, 0xf8, 0x0,
    0x0, 0x7, 0xff, 0xff, 0xff, 0xff, 0xff, 0xfe,
    0x0, 0x0, 0x0, 0xff, 0xff, 0xff, 0xff, 0xff,
    0xff, 0x80, 0x0, 0x0, 0x3f, 0xff, 0xff, 0xff,
    0xff, 0xff, 0xe0, 0x0, 0x0, 0x7, 0xff, 0xff,
    0xff, 0xff, 0xff, 0xf8, 0x0, 0x0, 0x1, 0xff,
    0xff, 0xff, 0xff, 0xff, 0xfe, 0x0, 0x0, 0x0,
    0x3f, 0xff, 0xff, 0xff, 0xff, 0xff, 0x80, 0x0,
    0x0, 0x7, 0xff, 0xff, 0xff, 0xff, 0xff, 0xe0,
    0x0, 0x0, 0x1, 0xff, 0xff, 0xff, 0xff, 0xff,
    0xf8, 0x0, 0x0, 0x0, 0x3f, 0xff, 0xff, 0xff,
    0xff, 0xfe, 0x0, 0x0, 0x0, 0xf, 0xff, 0xff,
    0xff, 0xff, 0xff, 0x80, 0x0, 0x0, 0x1, 0xff,
    0xff, 0xff, 0xff, 0xff, 0xe0, 0x0, 0x0, 0x0,
    0x3f, 0xff, 0xff, 0xff, 0xff, 0xf8, 0x0, 0x0,
    0x0, 0xf, 0xff, 0xff, 0xff, 0xff, 0xfe, 0x0,
    0x0, 0x0, 0x1, 0xff, 0xff, 0xff, 0xff, 0xff,
    0x80, 0x0, 0x0, 0x0, 0x7f, 0xff, 0xff, 0xff,
    0xff, 0xe0, 0x0, 0x0, 0x0, 0xf, 0xff, 0xff,
    0xff, 0xff, 0xf8, 0x0, 0x0, 0x0, 0x1, 0xff,
    0xff, 0xff, 0xff, 0xfe, 0x0, 0x0, 0x0, 0x0,
    0x7f, 0xff, 0xff, 0xff, 0xff, 0x80, 0x0, 0x0,
    0x0, 0xf, 0xff, 0xff, 0xff, 0xff, 0xe0, 0x0,
    0x0, 0x0, 0x3, 0xff, 0xff, 0xff, 0xff, 0xf8,
    0x0, 0x0, 0x0, 0x0, 0x7f, 0xff, 0xff, 0xff,
    0xfe, 0x0, 0x0, 0x0, 0x0, 0xf, 0xff, 0xfc,

    /* U+00D2 "Ò" */
    0x0, 0x0, 0xff, 0xff, 0xf0, 0x0, 0x0, 0x0,
    0x0, 0x0, 0x0, 0x1, 0xff, 0xff, 0xc0, 0x0,
    0x0, 0x0, 0x0, 0x0, 0x0, 0x3, 0xff, 0xff,
    0x80, 0x0, 0x0, 0x0, 0x0, 0x0, 0x0, 0x7,
    0xff, 0xff, 0x0, 0x0, 0x0, 0x0, 0x0, 0x0,
    0x0, 0xf, 0xff, 0xfc, 0x0, 0x0, 0x0, 0x0,
    0x0, 0x0, 0x0, 0x1f, 0xff, 0xf8, 0x0, 0x0,
    0x0, 0x0, 0x0, 0x0, 0x0, 0x3f, 0xff, 0xf0,
    0x0, 0x0, 0x0, 0x0, 0x0, 0x0, 0x0, 0x7f,
    0xff, 0xc0, 0x0, 0x0, 0x0, 0x0, 0x0, 0x0,
    0x1, 0xff, 0xff, 0x80, 0x0, 0x0, 0x0, 0x0,
    0x0, 0x0, 0x3, 0xff, 0xff, 0x0, 0x0, 0x0,
    0x0, 0x0, 0x0, 0x0, 0x7, 0xff, 0xfc, 0x0,
    0x0, 0x0, 0x0, 0x0, 0x0, 0x0, 0xf, 0xff,
    0xf8, 0x0, 0x0, 0x0, 0x0, 0x0, 0x0, 0x0,
    0x1f, 0xff, 0xf0, 0x0, 0x0, 0x0, 0x0, 0x0,
    0x0, 0x0, 0x3f, 0xff, 0xc0, 0x0, 0x0, 0x0,
    0x0, 0x0, 0x0, 0x0, 0x7f, 0xff, 0x80, 0x0,
    0x0, 0x0, 0x0, 0x0, 0x0, 0x0, 0xff, 0xff,
    0x0, 0x0, 0x0, 0x0, 0x0, 0x0, 0x0, 0x1,
    0xff, 0xfc, 0x0, 0x0, 0x0, 0x0, 0x0, 0x0,
    0x0, 0x3, 0xff, 0xf8, 0x0, 0x0, 0x0, 0x0,
    0x0, 0x0, 0x0, 0x7, 0xff, 0xf0, 0x0, 0x0,
    0x0, 0x0, 0x0, 0x0, 0x0, 0x0, 0x0, 0x0,
    0x0, 0x0, 0x0, 0x0, 0x0, 0x0, 0x0, 0x0,
    0x0, 0x0, 0x0, 0x0, 0x0, 0x0, 0x0, 0x0,
    0x0, 0x0, 0x0, 0x0, 0x0, 0x0, 0x0, 0x0,
    0x0, 0x0, 0x0, 0x0, 0x0, 0x0, 0x0, 0x0,
    0x0, 0x0, 0x0, 0x0, 0x3f, 0xff, 0x0, 0x0,
    0x0, 0x0, 0x0, 0x0, 0x0, 0xf, 0xff, 0xff,
    0xc0, 0x0, 0x0, 0x0, 0x0, 0x0, 0x1, 0xff,
    0xff, 0xff, 0xe0, 0x0, 0x0, 0x0, 0x0, 0x0,
    0x3f, 0xff, 0xff, 0xff, 0xf0, 0x0, 0x0, 0x0,
    0x0, 0x3, 0xff, 0xff, 0xff, 0xff, 0xf0, 0x0,
    0x0, 0x0, 0x0, 0x1f, 0xff, 0xff, 0xff, 0xff,
    0xe0, 0x0, 0x0, 0x0, 0x1, 0xff, 0xff, 0xff,
    0xff, 0xff, 0xe0, 0x0, 0x0, 0x0, 0xf, 0xff,
    0xff, 0xff, 0xff, 0xff, 0xc0, 0x0, 0x0, 0x0,
    0xff, 0xff, 0xff, 0xff, 0xff, 0xff, 0x80, 0x0,
    0x0, 0x7, 0xff, 0xff, 0xff, 0xff, 0xff, 0xff,
    0x80, 0x0, 0x0, 0x3f, 0xff, 0xff, 0xff, 0xff,
    0xff, 0xff, 0x0, 0x0, 0x1, 0xff, 0xff, 0xff,
    0xff, 0xff, 0xff, 0xfe, 0x0, 0x0, 0xf, 0xff,
    0xff, 0xff, 0xff, 0xff, 0xff, 0xfc, 0x0, 0x0,
    0x3f, 0xff, 0xff, 0xff, 0xff, 0xff, 0xff, 0xf0,
    0x0, 0x1, 0xff, 0xff, 0xff, 0xff, 0xff, 0xff,
    0xff, 0xe0, 0x0, 0xf, 0xff, 0xff, 0xfc, 0x1,
    0xff, 0xff, 0xff, 0xc0, 0x0, 0x7f, 0xff, 0xff,
    0x80, 0x0, 0x7f, 0xff, 0xff, 0x0, 0x1, 0xff,
    0xff, 0xf8, 0x0, 0x0, 0xff, 0xff, 0xfe, 0x0,
    0xf, 0xff, 0xff, 0xc0, 0x0, 0x0, 0xff, 0xff,
    0xfc, 0x0, 0x3f, 0xff, 0xfe, 0x0, 0x0, 0x1,
    0xff, 0xff, 0xf0, 0x1, 0xff, 0xff, 0xf0, 0x0,
    0x0, 0x3, 0xff, 0xff, 0xe0, 0x7, 0xff, 0xff,
    0x80, 0x0, 0x0, 0x7, 0xff, 0xff, 0x80, 0x3f,
    0xff, 0xfc, 0x0, 0x0, 0x0, 0xf, 0xff, 0xff,
    0x0, 0xff, 0xff, 0xf0, 0x0, 0x0, 0x0, 0x3f,
    0xff, 0xfc, 0x7, 0xff, 0xff, 0x80, 0x0, 0x0,
    0x0, 0x7f, 0xff, 0xf8, 0x1f, 0xff, 0xfe, 0x0,
    0x0, 0x0, 0x1, 0xff, 0xff, 0xe0, 0x7f, 0xff,
    0xf0, 0x0, 0x0, 0x0, 0x3, 0xff, 0xff, 0x83,
    0xff, 0xff, 0xc0, 0x0, 0x0, 0x0, 0xf, 0xff,
    0xff, 0xf, 0xff, 0xfe, 0x0, 0x0, 0x0, 0x0,
    0x1f, 0xff, 0xfc, 0x3f, 0xff, 0xf8, 0x0, 0x0,
    0x0, 0x0, 0x7f, 0xff, 0xf0, 0xff, 0xff, 0xe0,
    0x0, 0x0, 0x0, 0x1, 0xff, 0xff, 0xc7, 0xff,
    0xff, 0x0, 0x0, 0x0, 0x0, 0x3, 0xff, 0xff,
    0x9f, 0xff, 0xfc, 0x0, 0x0, 0x0, 0x0, 0xf,
    0xff, 0xfe, 0x7f, 0xff, 0xf0, 0x0, 0x0, 0x0,
    0x0, 0x3f, 0xff, 0xf9, 0xff, 0xff, 0xc0, 0x0,
    0x0, 0x0, 0x0, 0xff, 0xff, 0xe7, 0xff, 0xff,
    0x0, 0x0, 0x0, 0x0, 0x3, 0xff, 0xff, 0xbf,
    0xff, 0xf8, 0x0, 0x0, 0x0, 0x0, 0xf, 0xff,
    0xfe, 0xff, 0xff, 0xe0, 0x0, 0x0, 0x0, 0x0,
    0x1f, 0xff, 0xff, 0xff, 0xff, 0x80, 0x0, 0x0,
    0x0, 0x0, 0x7f, 0xff, 0xff, 0xff, 0xfe, 0x0,
    0x0, 0x0, 0x0, 0x1, 0xff, 0xff, 0xff, 0xff,
    0xf8, 0x0, 0x0, 0x0, 0x0, 0x7, 0xff, 0xff,
    0xff, 0xff, 0xe0, 0x0, 0x0, 0x0, 0x0, 0x1f,
    0xff, 0xff, 0xff, 0xff, 0x80, 0x0, 0x0, 0x0,
    0x0, 0x7f, 0xff, 0xff, 0xff, 0xfe, 0x0, 0x0,
    0x0, 0x0, 0x1, 0xff, 0xff, 0xff, 0xff, 0xf8,
    0x0, 0x0, 0x0, 0x0, 0x7, 0xff, 0xff, 0xff,
    0xff, 0xe0, 0x0, 0x0, 0x0, 0x0, 0x1f, 0xff,
    0xff, 0xff, 0xff, 0x80, 0x0, 0x0, 0x0, 0x0,
    0x7f, 0xff, 0xff, 0xff, 0xfe, 0x0, 0x0, 0x0,
    0x0, 0x1, 0xff, 0xff, 0xff, 0xff, 0xf8, 0x0,
    0x0, 0x0, 0x0, 0x7, 0xff, 0xff, 0xff, 0xff,
    0xe0, 0x0, 0x0, 0x0, 0x0, 0x1f, 0xff, 0xff,
    0xff, 0xff, 0x80, 0x0, 0x0, 0x0, 0x0, 0x7f,
    0xff, 0xff, 0xff, 0xfe, 0x0, 0x0, 0x0, 0x0,
    0x1, 0xff, 0xff, 0xff, 0xff, 0xf8, 0x0, 0x0,
    0x0, 0x0, 0x7, 0xff, 0xff, 0xff, 0xff, 0xe0,
    0x0, 0x0, 0x0, 0x0, 0x1f, 0xff, 0xff, 0xff,
    0xff, 0x80, 0x0, 0x0, 0x0, 0x0, 0x7f, 0xff,
    0xff, 0xff, 0xfe, 0x0, 0x0, 0x0, 0x0, 0x1,
    0xff, 0xff, 0xff, 0xff, 0xf8, 0x0, 0x0, 0x0,
    0x0, 0x7, 0xff, 0xff, 0xff, 0xff, 0xe0, 0x0,
    0x0, 0x0, 0x0, 0x3f, 0xff, 0xf9, 0xff, 0xff,
    0xc0, 0x0, 0x0, 0x0, 0x0, 0xff, 0xff, 0xe7,
    0xff, 0xff, 0x0, 0x0, 0x0, 0x0, 0x3, 0xff,
    0xff, 0x9f, 0xff, 0xfc, 0x0, 0x0, 0x0, 0x0,
    0xf, 0xff, 0xfe, 0x7f, 0xff, 0xf0, 0x0, 0x0,
    0x0, 0x0, 0x3f, 0xff, 0xf9, 0xff, 0xff, 0xc0,
    0x0, 0x0, 0x0, 0x0, 0xff, 0xff, 0xe3, 0xff,
    0xff, 0x80, 0x0, 0x0, 0x0, 0x7, 0xff, 0xff,
    0xf, 0xff, 0xfe, 0x0, 0x0, 0x0, 0x0, 0x1f,
    0xff, 0xfc, 0x3f, 0xff, 0xf8, 0x0, 0x0, 0x0,
    0x0, 0x7f, 0xff, 0xf0, 0xff, 0xff, 0xf0, 0x0,
    0x0, 0x0, 0x3, 0xff, 0xff, 0xc1, 0xff, 0xff,
    0xc0, 0x0, 0x0, 0x0, 0xf, 0xff, 0xfe, 0x7,
    0xff, 0xff, 0x80, 0x0, 0x0, 0x0, 0x7f, 0xff,
    0xf8, 0x1f, 0xff, 0xfe, 0x0, 0x0, 0x0, 0x1,
    0xff, 0xff, 0xe0, 0x3f, 0xff, 0xfc, 0x0, 0x0,
    0x0, 0xf, 0xff, 0xff, 0x0, 0xff, 0xff, 0xf0,
    0x0, 0x0, 0x0, 0x3f, 0xff, 0xfc, 0x1, 0xff,
    0xff, 0xe0, 0x0, 0x0, 0x1, 0xff, 0xff, 0xe0,
    0x7, 0xff, 0xff, 0xc0, 0x0, 0x0, 0xf, 0xff,
    0xff, 0x80, 0xf, 0xff, 0xff, 0x80, 0x0, 0x0,
    0x7f, 0xff, 0xfc, 0x0, 0x3f, 0xff, 0xff, 0x0,
    0x0, 0x3, 0xff, 0xff, 0xf0, 0x0, 0x7f, 0xff,
    0xff, 0x0, 0x0, 0x1f, 0xff, 0xff, 0x80, 0x1,
    0xff, 0xff, 0xfe, 0x0, 0x1, 0xff, 0xff, 0xfe,
    0x0, 0x3, 0xff, 0xff, 0xff, 0x80, 0x3f, 0xff,
    0xff, 0xf0, 0x0, 0x7, 0xff, 0xff, 0xff, 0xff,
    0xff, 0xff, 0xff, 0x80, 0x0, 0xf, 0xff, 0xff,
    0xff, 0xff, 0xff, 0xff, 0xfc, 0x0, 0x0, 0x3f,
    0xff, 0xff, 0xff, 0xff, 0xff, 0xff, 0xf0, 0x0,
    0x0, 0x7f, 0xff, 0xff, 0xff, 0xff, 0xff, 0xff,
    0x80, 0x0, 0x0, 0xff, 0xff, 0xff, 0xff, 0xff,
    0xff, 0xfc, 0x0, 0x0, 0x1, 0xff, 0xff, 0xff,
    0xff, 0xff, 0xff, 0xe0, 0x0, 0x0, 0x3, 0xff,
    0xff, 0xff, 0xff, 0xff, 0xff, 0x0, 0x0, 0x0,
    0x3, 0xff, 0xff, 0xff, 0xff, 0xff, 0xf0, 0x0,
    0x0, 0x0, 0x7, 0xff, 0xff, 0xff, 0xff, 0xff,
    0x80, 0x0, 0x0, 0x0, 0x7, 0xff, 0xff, 0xff,
    0xff, 0xf8, 0x0, 0x0, 0x0, 0x0, 0xf, 0xff,
    0xff, 0xff, 0xff, 0xc0, 0x0, 0x0, 0x0, 0x0,
    0xf, 0xff, 0xff, 0xff, 0xfc, 0x0, 0x0, 0x0,
    0x0, 0x0, 0x7, 0xff, 0xff, 0xff, 0x80, 0x0,
    0x0, 0x0, 0x0, 0x0, 0x3, 0xff, 0xff, 0xf8,
    0x0, 0x0, 0x0, 0x0, 0x0, 0x0, 0x0, 0xff,
    0xfc, 0x0, 0x0, 0x0, 0x0,

    /* U+00D3 "Ó" */
    0x0, 0x0, 0x0, 0x0, 0x0, 0x3f, 0xff, 0xfc,
    0x0, 0x0, 0x0, 0x0, 0x0, 0x0, 0x0, 0xff,
    0xff, 0xe0, 0x0, 0x0, 0x0, 0x0, 0x0, 0x0,
    0x7, 0xff, 0xff, 0x0, 0x0, 0x0, 0x0, 0x0,
    0x0, 0x0, 0x3f, 0xff, 0xf8, 0x0, 0x0, 0x0,
    0x0, 0x0, 0x0, 0x0, 0xff, 0xff, 0xc0, 0x0,
    0x0, 0x0, 0x0, 0x0, 0x0, 0x7, 0xff, 0xfe,
    0x0, 0x0, 0x0, 0x0, 0x0, 0x0, 0x0, 0x3f,
    0xff, 0xf0, 0x0, 0x0, 0x0, 0x0, 0x0, 0x0,
    0x0, 0xff, 0xff, 0xc0, 0x0, 0x0, 0x0, 0x0,
    0x0, 0x0, 0x7, 0xff, 0xfe, 0x0, 0x0, 0x0,
    0x0, 0x0, 0x0, 0x0, 0x3f, 0xff, 0xf0, 0x0,
    0x0, 0x0, 0x0, 0x0, 0x0, 0x0, 0xff, 0xff,
    0x80, 0x0, 0x0, 0x0, 0x0, 0x0, 0x0, 0x7,
    0xff, 0xfc, 0x0, 0x0, 0x0, 0x0, 0x0, 0x0,
    0x0, 0x1f, 0xff, 0xe0, 0x0, 0x0, 0x0, 0x0,
    0x0, 0x0, 0x0, 0xff, 0xff, 0x0, 0x0, 0x0,
    0x0, 0x0, 0x0, 0x0, 0x7, 0xff, 0xf8, 0x0,
    0x0, 0x0, 0x0, 0x0, 0x0, 0x0, 0x1f, 0xff,
    0xc0, 0x0, 0x0, 0x0, 0x0, 0x0, 0x0, 0x0,
    0xff, 0xfe, 0x0, 0x0, 0x0, 0x0, 0x0, 0x0,
    0x0, 0x7, 0xff, 0xf0, 0x0, 0x0, 0x0, 0x0,
    0x0, 0x0, 0x0, 0x1f, 0xff, 0xc0, 0x0, 0x0,
    0x0, 0x0, 0x0, 0x0, 0x0, 0x0, 0x0, 0x0,
    0x0, 0x0, 0x0, 0x0, 0x0, 0x0, 0x0, 0x0,
    0x0, 0x0, 0x0, 0x0, 0x0, 0x0, 0x0, 0x0,
    0x0, 0x0, 0x0, 0x0, 0x0, 0x0, 0x0, 0x0,
    0x0, 0x0, 0x0, 0x0, 0x0, 0x0, 0x0, 0x0,
    0x0, 0x0, 0x0, 0x0, 0x3f, 0xff, 0x0, 0x0,
    0x0, 0x0, 0x0, 0x0, 0x0, 0xf, 0xff, 0xff,
    0xc0, 0x0, 0x0, 0x0, 0x0, 0x0, 0x1, 0xff,
    0xff, 0xff, 0xe0, 0x0, 0x0, 0x0, 0x0, 0x0,
    0x3f, 0xff, 0xff, 0xff, 0xf0, 0x0, 0x0, 0x0,
    0x0, 0x3, 0xff, 0xff, 0xff, 0xff, 0xf0, 0x0,
    0x0, 0x0, 0x0, 0x1f, 0xff, 0xff, 0xff, 0xff,
    0xe0, 0x0, 0x0, 0x0, 0x1, 0xff, 0xff, 0xff,
    0xff, 0xff, 0xe0, 0x0, 0x0, 0x0, 0xf, 0xff,
    0xff, 0xff, 0xff, 0xff, 0xc0, 0x0, 0x0, 0x0,
    0xff, 0xff, 0xff, 0xff, 0xff, 0xff, 0x80, 0x0,
    0x0, 0x7, 0xff, 0xff, 0xff, 0xff, 0xff, 0xff,
    0x80, 0x0, 0x0, 0x3f, 0xff, 0xff, 0xff, 0xff,
    0xff, 0xff, 0x0, 0x0, 0x1, 0xff, 0xff, 0xff,
    0xff, 0xff, 0xff, 0xfe, 0x0, 0x0, 0xf, 0xff,
    0xff, 0xff, 0xff, 0xff, 0xff, 0xfc, 0x0, 0x0,
    0x3f, 0xff, 0xff, 0xff, 0xff, 0xff, 0xff, 0xf0,
    0x0, 0x1, 0xff, 0xff, 0xff, 0xff, 0xff, 0xff,
    0xff, 0xe0, 0x0, 0xf, 0xff, 0xff, 0xfc, 0x1,
    0xff, 0xff, 0xff, 0xc0, 0x0, 0x7f, 0xff, 0xff,
    0x80, 0x0, 0x7f, 0xff, 0xff, 0x0, 0x1, 0xff,
    0xff, 0xf8, 0x0, 0x0, 0xff, 0xff, 0xfe, 0x0,
    0xf, 0xff, 0xff, 0xc0, 0x0, 0x0, 0xff, 0xff,
    0xfc, 0x0, 0x3f, 0xff, 0xfe, 0x0, 0x0, 0x1,
    0xff, 0xff, 0xf0, 0x1, 0xff, 0xff, 0xf0, 0x0,
    0x0, 0x3, 0xff, 0xff, 0xe0, 0x7, 0xff, 0xff,
    0x80, 0x0, 0x0, 0x7, 0xff, 0xff, 0x80, 0x3f,
    0xff, 0xfc, 0x0, 0x0, 0x0, 0xf, 0xff, 0xff,
    0x0, 0xff, 0xff, 0xf0, 0x0, 0x0, 0x0, 0x3f,
    0xff, 0xfc, 0x7, 0xff, 0xff, 0x80, 0x0, 0x0,
    0x0, 0x7f, 0xff, 0xf8, 0x1f, 0xff, 0xfe, 0x0,
    0x0, 0x0, 0x1, 0xff, 0xff, 0xe0, 0x7f, 0xff,
    0xf0, 0x0, 0x0, 0x0, 0x3, 0xff, 0xff, 0x83,
    0xff, 0xff, 0xc0, 0x0, 0x0, 0x0, 0xf, 0xff,
    0xff, 0xf, 0xff, 0xfe, 0x0, 0x0, 0x0, 0x0,
    0x1f, 0xff, 0xfc, 0x3f, 0xff, 0xf8, 0x0, 0x0,
    0x0, 0x0, 0x7f, 0xff, 0xf0, 0xff, 0xff, 0xe0,
    0x0, 0x0, 0x0, 0x1, 0xff, 0xff, 0xc7, 0xff,
    0xff, 0x0, 0x0, 0x0, 0x0, 0x3, 0xff, 0xff,
    0x9f, 0xff, 0xfc, 0x0, 0x0, 0x0, 0x0, 0xf,
    0xff, 0xfe, 0x7f, 0xff, 0xf0, 0x0, 0x0, 0x0,
    0x0, 0x3f, 0xff, 0xf9, 0xff, 0xff, 0xc0, 0x0,
    0x0, 0x0, 0x0, 0xff, 0xff, 0xe7, 0xff, 0xff,
    0x0, 0x0, 0x0, 0x0, 0x3, 0xff, 0xff, 0xbf,
    0xff, 0xf8, 0x0, 0x0, 0x0, 0x0, 0xf, 0xff,
    0xfe, 0xff, 0xff, 0xe0, 0x0, 0x0, 0x0, 0x0,
    0x1f, 0xff, 0xff, 0xff, 0xff, 0x80, 0x0, 0x0,
    0x0, 0x0, 0x7f, 0xff, 0xff, 0xff, 0xfe, 0x0,
    0x0, 0x0, 0x0, 0x1, 0xff, 0xff, 0xff, 0xff,
    0xf8, 0x0, 0x0, 0x0, 0x0, 0x7, 0xff, 0xff,
    0xff, 0xff, 0xe0, 0x0, 0x0, 0x0, 0x0, 0x1f,
    0xff, 0xff, 0xff, 0xff, 0x80, 0x0, 0x0, 0x0,
    0x0, 0x7f, 0xff, 0xff, 0xff, 0xfe, 0x0, 0x0,
    0x0, 0x0, 0x1, 0xff, 0xff, 0xff, 0xff, 0xf8,
    0x0, 0x0, 0x0, 0x0, 0x7, 0xff, 0xff, 0xff,
    0xff, 0xe0, 0x0, 0x0, 0x0, 0x0, 0x1f, 0xff,
    0xff, 0xff, 0xff, 0x80, 0x0, 0x0, 0x0, 0x0,
    0x7f, 0xff, 0xff, 0xff, 0xfe, 0x0, 0x0, 0x0,
    0x0, 0x1, 0xff, 0xff, 0xff, 0xff, 0xf8, 0x0,
    0x0, 0x0, 0x0, 0x7, 0xff, 0xff, 0xff, 0xff,
    0xe0, 0x0, 0x0, 0x0, 0x0, 0x1f, 0xff, 0xff,
    0xff, 0xff, 0x80, 0x0, 0x0, 0x0, 0x0, 0x7f,
    0xff, 0xff, 0xff, 0xfe, 0x0, 0x0, 0x0, 0x0,
    0x1, 0xff, 0xff, 0xff, 0xff, 0xf8, 0x0, 0x0,
    0x0, 0x0, 0x7, 0xff, 0xff, 0xff, 0xff, 0xe0,
    0x0, 0x0, 0x0, 0x0, 0x1f, 0xff, 0xff, 0xff,
    0xff, 0x80, 0x0, 0x0, 0x0, 0x0, 0x7f, 0xff,
    0xff, 0xff, 0xfe, 0x0, 0x0, 0x0, 0x0, 0x1,
    0xff, 0xff, 0xff, 0xff, 0xf8, 0x0, 0x0, 0x0,
    0x0, 0x7, 0xff, 0xff, 0xff, 0xff, 0xe0, 0x0,
    0x0, 0x0, 0x0, 0x3f, 0xff, 0xf9, 0xff, 0xff,
    0xc0, 0x0, 0x0, 0x0, 0x0, 0xff, 0xff, 0xe7,
    0xff, 0xff, 0x0, 0x0, 0x0, 0x0, 0x3, 0xff,
    0xff, 0x9f, 0xff, 0xfc, 0x0, 0x0, 0x0, 0x0,
    0xf, 0xff, 0xfe, 0x7f, 0xff, 0xf0, 0x0, 0x0,
    0x0, 0x0, 0x3f, 0xff, 0xf9, 0xff, 0xff, 0xc0,
    0x0, 0x0, 0x0, 0x0, 0xff, 0xff, 0xe3, 0xff,
    0xff, 0x80, 0x0, 0x0, 0x0, 0x7, 0xff, 0xff,
    0xf, 0xff, 0xfe, 0x0, 0x0, 0x0, 0x0, 0x1f,
    0xff, 0xfc, 0x3f, 0xff, 0xf8, 0x0, 0x0, 0x0,
    0x0, 0x7f, 0xff, 0xf0, 0xff, 0xff, 0xf0, 0x0,
    0x0, 0x0, 0x3, 0xff, 0xff, 0xc1, 0xff, 0xff,
    0xc0, 0x0, 0x0, 0x0, 0xf, 0xff, 0xfe, 0x7,
    0xff, 0xff, 0x80, 0x0, 0x0, 0x0, 0x7f, 0xff,
    0xf8, 0x1f, 0xff, 0xfe, 0x0, 0x0, 0x0, 0x1,
    0xff, 0xff, 0xe0, 0x3f, 0xff, 0xfc, 0x0, 0x0,
    0x0, 0xf, 0xff, 0xff, 0x0, 0xff, 0xff, 0xf0,
    0x0, 0x0, 0x0, 0x3f, 0xff, 0xfc, 0x1, 0xff,
    0xff, 0xe0, 0x0, 0x0, 0x1, 0xff, 0xff, 0xe0,
    0x7, 0xff, 0xff, 0xc0, 0x0, 0x0, 0xf, 0xff,
    0xff, 0x80, 0xf, 0xff, 0xff, 0x80, 0x0, 0x0,
    0x7f, 0xff, 0xfc, 0x0, 0x3f, 0xff, 0xff, 0x0,
    0x0, 0x3, 0xff, 0xff, 0xf0, 0x0, 0x7f, 0xff,
    0xff, 0x0, 0x0, 0x1f, 0xff, 0xff, 0x80, 0x1,
    0xff, 0xff, 0xfe, 0x0, 0x1, 0xff, 0xff, 0xfe,
    0x0, 0x3, 0xff, 0xff, 0xff, 0x80, 0x3f, 0xff,
    0xff, 0xf0, 0x0, 0x7, 0xff, 0xff, 0xff, 0xff,
    0xff, 0xff, 0xff, 0x80, 0x0, 0xf, 0xff, 0xff,
    0xff, 0xff, 0xff, 0xff, 0xfc, 0x0, 0x0, 0x3f,
    0xff, 0xff, 0xff, 0xff, 0xff, 0xff, 0xf0, 0x0,
    0x0, 0x7f, 0xff, 0xff, 0xff, 0xff, 0xff, 0xff,
    0x80, 0x0, 0x0, 0xff, 0xff, 0xff, 0xff, 0xff,
    0xff, 0xfc, 0x0, 0x0, 0x1, 0xff, 0xff, 0xff,
    0xff, 0xff, 0xff, 0xe0, 0x0, 0x0, 0x3, 0xff,
    0xff, 0xff, 0xff, 0xff, 0xff, 0x0, 0x0, 0x0,
    0x3, 0xff, 0xff, 0xff, 0xff, 0xff, 0xf0, 0x0,
    0x0, 0x0, 0x7, 0xff, 0xff, 0xff, 0xff, 0xff,
    0x80, 0x0, 0x0, 0x0, 0x7, 0xff, 0xff, 0xff,
    0xff, 0xf8, 0x0, 0x0, 0x0, 0x0, 0xf, 0xff,
    0xff, 0xff, 0xff, 0xc0, 0x0, 0x0, 0x0, 0x0,
    0xf, 0xff, 0xff, 0xff, 0xfc, 0x0, 0x0, 0x0,
    0x0, 0x0, 0x7, 0xff, 0xff, 0xff, 0x80, 0x0,
    0x0, 0x0, 0x0, 0x0, 0x3, 0xff, 0xff, 0xf8,
    0x0, 0x0, 0x0, 0x0, 0x0, 0x0, 0x0, 0xff,
    0xfc, 0x0, 0x0, 0x0, 0x0,

    /* U+00D4 "Ô" */
    0x0, 0x0, 0x0, 0x0, 0x7f, 0xf8, 0x0, 0x0,
    0x0, 0x0, 0x0, 0x0, 0x0, 0x3, 0xff, 0xf0,
    0x0, 0x0, 0x0, 0x0, 0x0, 0x0, 0x0, 0x1f,
    0xff, 0xe0, 0x0, 0x0, 0x0, 0x0, 0x0, 0x0,
    0x0, 0xff, 0xff, 0xc0, 0x0, 0x0, 0x0, 0x0,
    0x0, 0x0, 0x7, 0xff, 0xff, 0x80, 0x0, 0x0,
    0x0, 0x0, 0x0, 0x0, 0x3f, 0xff, 0xff, 0x0,
    0x0, 0x0, 0x0, 0x0, 0x0, 0x1, 0xff, 0xff,
    0xfe, 0x0, 0x0, 0x0, 0x0, 0x0, 0x0, 0xf,
    0xff, 0xff, 0xfc, 0x0, 0x0, 0x0, 0x0, 0x0,
    0x0, 0x7f, 0xff, 0xff, 0xf8, 0x0, 0x0, 0x0,
    0x0, 0x0, 0x7, 0xff, 0xf7, 0xff, 0xf0, 0x0,
    0x0, 0x0, 0x0, 0x0, 0x3f, 0xff, 0x8f, 0xff,
    0xe0, 0x0, 0x0, 0x0, 0x0, 0x1, 0xff, 0xfc,
    0xf, 0xff, 0xc0, 0x0, 0x0, 0x0, 0x0, 0xf,
    0xff, 0xe0, 0x1f, 0xff, 0x80, 0x0, 0x0, 0x0,
    0x0, 0x7f, 0xff, 0x0, 0x3f, 0xff, 0x0, 0x0,
    0x0, 0x0, 0x3, 0xff, 0xf8, 0x0, 0x7f, 0xff,
    0x0, 0x0, 0x0, 0x0, 0x1f, 0xff, 0xc0, 0x0,
    0xff, 0xfe, 0x0, 0x0, 0x0, 0x0, 0xff, 0xfe,
    0x0, 0x1, 0xff, 0xfc, 0x0, 0x0, 0x0, 0x7,
    0xff, 0xf0, 0x0, 0x3, 0xff, 0xf8, 0x0, 0x0,
    0x0, 0x1f, 0xff, 0x80, 0x0, 0x0, 0x0, 0x0,
    0x0, 0x0, 0x0, 0x0, 0x0, 0x0, 0x0, 0x0,
    0x0, 0x0, 0x0, 0x0, 0x0, 0x0, 0x0, 0x0,
    0x0, 0x0, 0x0, 0x0, 0x0, 0x0, 0x0, 0x0,
    0x0, 0x0, 0x0, 0x0, 0x0, 0x0, 0x0, 0x0,
    0x0, 0x0, 0x0, 0x0, 0x0, 0x0, 0x0, 0x0,
    0x0, 0x0, 0x0, 0x0, 0x3f, 0xff, 0x0, 0x0,
    0x0, 0x0, 0x0, 0x0, 0x0, 0xf, 0xff, 0xff,
    0xc0, 0x0, 0x0, 0x0, 0x0, 0x0, 0x1, 0xff,
    0xff, 0xff, 0xe0, 0x0, 0x0, 0x0, 0x0, 0x0,
    0x3f, 0xff, 0xff, 0xff, 0xf0, 0x0, 0x0, 0x0,
    0x0, 0x3, 0xff, 0xff, 0xff, 0xff, 0xf0, 0x0,
    0x0, 0x0, 0x0, 0x1f, 0xff, 0xff, 0xff, 0xff,
    0xe0, 0x0, 0x0, 0x0, 0x1, 0xff, 0xff, 0xff,
    0xff, 0xff, 0xe0, 0x0, 0x0, 0x0, 0xf, 0xff,
    0xff, 0xff, 0xff, 0xff, 0xc0, 0x0, 0x0, 0x0,
    0xff, 0xff, 0xff, 0xff, 0xff, 0xff, 0x80, 0x0,
    0x0, 0x7, 0xff, 0xff, 0xff, 0xff, 0xff, 0xff,
    0x80, 0x0, 0x0, 0x3f, 0xff, 0xff, 0xff, 0xff,
    0xff, 0xff, 0x0, 0x0, 0x1, 0xff, 0xff, 0xff,
    0xff, 0xff, 0xff, 0xfe, 0x0, 0x0, 0xf, 0xff,
    0xff, 0xff, 0xff, 0xff, 0xff, 0xfc, 0x0, 0x0,
    0x3f, 0xff, 0xff, 0xff, 0xff, 0xff, 0xff, 0xf0,
    0x0, 0x1, 0xff, 0xff, 0xff, 0xff, 0xff, 0xff,
    0xff, 0xe0, 0x0, 0xf, 0xff, 0xff, 0xfc, 0x1,
    0xff, 0xff, 0xff, 0xc0, 0x0, 0x7f, 0xff, 0xff,
    0x80, 0x0, 0x7f, 0xff, 0xff, 0x0, 0x1, 0xff,
    0xff, 0xf8, 0x0, 0x0, 0xff, 0xff, 0xfe, 0x0,
    0xf, 0xff, 0xff, 0xc0, 0x0, 0x0, 0xff, 0xff,
    0xfc, 0x0, 0x3f, 0xff, 0xfe, 0x0, 0x0, 0x1,
    0xff, 0xff, 0xf0, 0x1, 0xff, 0xff, 0xf0, 0x0,
    0x0, 0x3, 0xff, 0xff, 0xe0, 0x7, 0xff, 0xff,
    0x80, 0x0, 0x0, 0x7, 0xff, 0xff, 0x80, 0x3f,
    0xff, 0xfc, 0x0, 0x0, 0x0, 0xf, 0xff, 0xff,
    0x0, 0xff, 0xff, 0xf0, 0x0, 0x0, 0x0, 0x3f,
    0xff, 0xfc, 0x7, 0xff, 0xff, 0x80, 0x0, 0x0,
    0x0, 0x7f, 0xff, 0xf8, 0x1f, 0xff, 0xfe, 0x0,
    0x0, 0x0, 0x1, 0xff, 0xff, 0xe0, 0x7f, 0xff,
    0xf0, 0x0, 0x0, 0x0, 0x3, 0xff, 0xff, 0x83,
    0xff, 0xff, 0xc0, 0x0, 0x0, 0x0, 0xf, 0xff,
    0xff, 0xf, 0xff, 0xfe, 0x0, 0x0, 0x0, 0x0,
    0x1f, 0xff, 0xfc, 0x3f, 0xff, 0xf8, 0x0, 0x0,
    0x0, 0x0, 0x7f, 0xff, 0xf0, 0xff, 0xff, 0xe0,
    0x0, 0x0, 0x0, 0x1, 0xff, 0xff, 0xc7, 0xff,
    0xff, 0x0, 0x0, 0x0, 0x0, 0x3, 0xff, 0xff,
    0x9f, 0xff, 0xfc, 0x0, 0x0, 0x0, 0x0, 0xf,
    0xff, 0xfe, 0x7f, 0xff, 0xf0, 0x0, 0x0, 0x0,
    0x0, 0x3f, 0xff, 0xf9, 0xff, 0xff, 0xc0, 0x0,
    0x0, 0x0, 0x0, 0xff, 0xff, 0xe7, 0xff, 0xff,
    0x0, 0x0, 0x0, 0x0, 0x3, 0xff, 0xff, 0xbf,
    0xff, 0xf8, 0x0, 0x0, 0x0, 0x0, 0xf, 0xff,
    0xfe, 0xff, 0xff, 0xe0, 0x0, 0x0, 0x0, 0x0,
    0x1f, 0xff, 0xff, 0xff, 0xff, 0x80, 0x0, 0x0,
    0x0, 0x0, 0x7f, 0xff, 0xff, 0xff, 0xfe, 0x0,
    0x0, 0x0, 0x0, 0x1, 0xff, 0xff, 0xff, 0xff,
    0xf8, 0x0, 0x0, 0x0, 0x0, 0x7, 0xff, 0xff,
    0xff, 0xff, 0xe0, 0x0, 0x0, 0x0, 0x0, 0x1f,
    0xff, 0xff, 0xff, 0xff, 0x80, 0x0, 0x0, 0x0,
    0x0, 0x7f, 0xff, 0xff, 0xff, 0xfe, 0x0, 0x0,
    0x0, 0x0, 0x1, 0xff, 0xff, 0xff, 0xff, 0xf8,
    0x0, 0x0, 0x0, 0x0, 0x7, 0xff, 0xff, 0xff,
    0xff, 0xe0, 0x0, 0x0, 0x0, 0x0, 0x1f, 0xff,
    0xff, 0xff, 0xff, 0x80, 0x0, 0x0, 0x0, 0x0,
    0x7f, 0xff, 0xff, 0xff, 0xfe, 0x0, 0x0, 0x0,
    0x0, 0x1, 0xff, 0xff, 0xff, 0xff, 0xf8, 0x0,
    0x0, 0x0, 0x0, 0x7, 0xff, 0xff, 0xff, 0xff,
    0xe0, 0x0, 0x0, 0x0, 0x0, 0x1f, 0xff, 0xff,
    0xff, 0xff, 0x80, 0x0, 0x0, 0x0, 0x0, 0x7f,
    0xff, 0xff, 0xff, 0xfe, 0x0, 0x0, 0x0, 0x0,
    0x1, 0xff, 0xff, 0xff, 0xff, 0xf8, 0x0, 0x0,
    0x0, 0x0, 0x7, 0xff, 0xff, 0xff, 0xff, 0xe0,
    0x0, 0x0, 0x0, 0x0, 0x1f, 0xff, 0xff, 0xff,
    0xff, 0x80, 0x0, 0x0, 0x0, 0x0, 0x7f, 0xff,
    0xff, 0xff, 0xfe, 0x0, 0x0, 0x0, 0x0, 0x1,
    0xff, 0xff, 0xff, 0xff, 0xf8, 0x0, 0x0, 0x0,
    0x0, 0x7, 0xff, 0xff, 0xff, 0xff, 0xe0, 0x0,
    0x0, 0x0, 0x0, 0x3f, 0xff, 0xf9, 0xff, 0xff,
    0xc0, 0x0, 0x0, 0x0, 0x0, 0xff, 0xff, 0xe7,
    0xff, 0xff, 0x0, 0x0, 0x0, 0x0, 0x3, 0xff,
    0xff, 0x9f, 0xff, 0xfc, 0x0, 0x0, 0x0, 0x0,
    0xf, 0xff, 0xfe, 0x7f, 0xff, 0xf0, 0x0, 0x0,
    0x0, 0x0, 0x3f, 0xff, 0xf9, 0xff, 0xff, 0xc0,
    0x0, 0x0, 0x0, 0x0, 0xff, 0xff, 0xe3, 0xff,
    0xff, 0x80, 0x0, 0x0, 0x0, 0x7, 0xff, 0xff,
    0xf, 0xff, 0xfe, 0x0, 0x0, 0x0, 0x0, 0x1f,
    0xff, 0xfc, 0x3f, 0xff, 0xf8, 0x0, 0x0, 0x0,
    0x0, 0x7f, 0xff, 0xf0, 0xff, 0xff, 0xf0, 0x0,
    0x0, 0x0, 0x3, 0xff, 0xff, 0xc1, 0xff, 0xff,
    0xc0, 0x0, 0x0, 0x0, 0xf, 0xff, 0xfe, 0x7,
    0xff, 0xff, 0x80, 0x0, 0x0, 0x0, 0x7f, 0xff,
    0xf8, 0x1f, 0xff, 0xfe, 0x0, 0x0, 0x0, 0x1,
    0xff, 0xff, 0xe0, 0x3f, 0xff, 0xfc, 0x0, 0x0,
    0x0, 0xf, 0xff, 0xff, 0x0, 0xff, 0xff, 0xf0,
    0x0, 0x0, 0x0, 0x3f, 0xff, 0xfc, 0x1, 0xff,
    0xff, 0xe0, 0x0, 0x0, 0x1, 0xff, 0xff, 0xe0,
    0x7, 0xff, 0xff, 0xc0, 0x0, 0x0, 0xf, 0xff,
    0xff, 0x80, 0xf, 0xff, 0xff, 0x80, 0x0, 0x0,
    0x7f, 0xff, 0xfc, 0x0, 0x3f, 0xff, 0xff, 0x0,
    0x0, 0x3, 0xff, 0xff, 0xf0, 0x0, 0x7f, 0xff,
    0xff, 0x0, 0x0, 0x1f, 0xff, 0xff, 0x80, 0x1,
    0xff, 0xff, 0xfe, 0x0, 0x1, 0xff, 0xff, 0xfe,
    0x0, 0x3, 0xff, 0xff, 0xff, 0x80, 0x3f, 0xff,
    0xff, 0xf0, 0x0, 0x7, 0xff, 0xff, 0xff, 0xff,
    0xff, 0xff, 0xff, 0x80, 0x0, 0xf, 0xff, 0xff,
    0xff, 0xff, 0xff, 0xff, 0xfc, 0x0, 0x0, 0x3f,
    0xff, 0xff, 0xff, 0xff, 0xff, 0xff, 0xf0, 0x0,
    0x0, 0x7f, 0xff, 0xff, 0xff, 0xff, 0xff, 0xff,
    0x80, 0x0, 0x0, 0xff, 0xff, 0xff, 0xff, 0xff,
    0xff, 0xfc, 0x0, 0x0, 0x1, 0xff, 0xff, 0xff,
    0xff, 0xff, 0xff, 0xe0, 0x0, 0x0, 0x3, 0xff,
    0xff, 0xff, 0xff, 0xff, 0xff, 0x0, 0x0, 0x0,
    0x3, 0xff, 0xff, 0xff, 0xff, 0xff, 0xf0, 0x0,
    0x0, 0x0, 0x7, 0xff, 0xff, 0xff, 0xff, 0xff,
    0x80, 0x0, 0x0, 0x0, 0x7, 0xff, 0xff, 0xff,
    0xff, 0xf8, 0x0, 0x0, 0x0, 0x0, 0xf, 0xff,
    0xff, 0xff, 0xff, 0xc0, 0x0, 0x0, 0x0, 0x0,
    0xf, 0xff, 0xff, 0xff, 0xfc, 0x0, 0x0, 0x0,
    0x0, 0x0, 0x7, 0xff, 0xff, 0xff, 0x80, 0x0,
    0x0, 0x0, 0x0, 0x0, 0x3, 0xff, 0xff, 0xf8,
    0x0, 0x0, 0x0, 0x0, 0x0, 0x0, 0x0, 0xff,
    0xfc, 0x0, 0x0, 0x0, 0x0,

    /* U+00D5 "Õ" */
    0x0, 0x0, 0x0, 0x3f, 0x80, 0x0, 0xf, 0xfc,
    0x0, 0x0, 0x0, 0x0, 0x7, 0xff, 0x80, 0x0,
    0x3f, 0xf0, 0x0, 0x0, 0x0, 0x0, 0x3f, 0xff,
    0x80, 0x0, 0xff, 0xc0, 0x0, 0x0, 0x0, 0x1,
    0xff, 0xff, 0x80, 0x7, 0xff, 0x0, 0x0, 0x0,
    0x0, 0xf, 0xff, 0xff, 0x80, 0x3f, 0xfc, 0x0,
    0x0, 0x0, 0x0, 0x7f, 0xff, 0xff, 0x81, 0xff,
    0xe0, 0x0, 0x0, 0x0, 0x3, 0xff, 0xff, 0xff,
    0xff, 0xff, 0x80, 0x0, 0x0, 0x0, 0x1f, 0xff,
    0xff, 0xff, 0xff, 0xfe, 0x0, 0x0, 0x0, 0x0,
    0x7f, 0xff, 0xff, 0xff, 0xff, 0xf0, 0x0, 0x0,
    0x0, 0x3, 0xff, 0xff, 0xff, 0xff, 0xff, 0xc0,
    0x0, 0x0, 0x0, 0xf, 0xff, 0xff, 0xff, 0xff,
    0xfe, 0x0, 0x0, 0x0, 0x0, 0x3f, 0xfc, 0xf,
    0xff, 0xff, 0xf0, 0x0, 0x0, 0x0, 0x1, 0xff,
    0xe0, 0xf, 0xff, 0xff, 0xc0, 0x0, 0x0, 0x0,
    0x7, 0xff, 0x0, 0xf, 0xff, 0xfe, 0x0, 0x0,
    0x0, 0x0, 0x1f, 0xf8, 0x0, 0x1f, 0xff, 0xe0,
    0x0, 0x0, 0x0, 0x0, 0x7f, 0xe0, 0x0, 0x1f,
    0xff, 0x0, 0x0, 0x0, 0x0, 0x1, 0xff, 0x80,
    0x0, 0xf, 0xe0, 0x0, 0x0, 0x0, 0x0, 0x0,
    0x0, 0x0, 0x0, 0x0, 0x0, 0x0, 0x0, 0x0,
    0x0, 0x0, 0x0, 0x0, 0x0, 0x0, 0x0, 0x0,
    0x0, 0x0, 0x0, 0x0, 0x0, 0x0, 0x0, 0x0,
    0x0, 0x0, 0x0, 0x0, 0x0, 0x0, 0x0, 0x0,
    0x0, 0x0, 0x0, 0x0, 0x0, 0x0, 0x0, 0x0,
    0x0, 0x0, 0x0, 0x0, 0x0, 0x0, 0x0, 0x0,
    0x0, 0x0, 0xf, 0xff, 0xc0, 0x0, 0x0, 0x0,
    0x0, 0x0, 0x0, 0x3, 0xff, 0xff, 0xf0, 0x0,
    0x0, 0x0, 0x0, 0x0, 0x0, 0x7f, 0xff, 0xff,
    0xf8, 0x0, 0x0, 0x0, 0x0, 0x0, 0xf, 0xff,
    0xff, 0xff, 0xfc, 0x0, 0x0, 0x0, 0x0, 0x0,
    0xff, 0xff, 0xff, 0xff, 0xfc, 0x0, 0x0, 0x0,
    0x0, 0x7, 0xff, 0xff, 0xff, 0xff, 0xf8, 0x0,
    0x0, 0x0, 0x0, 0x7f, 0xff, 0xff, 0xff, 0xff,
    0xf8, 0x0, 0x0, 0x0, 0x3, 0xff, 0xff, 0xff,
    0xff, 0xff, 0xf0, 0x0, 0x0, 0x0, 0x3f, 0xff,
    0xff, 0xff, 0xff, 0xff, 0xe0, 0x0, 0x0, 0x1,
    0xff, 0xff, 0xff, 0xff, 0xff, 0xff, 0xe0, 0x0,
    0x0, 0xf, 0xff, 0xff, 0xff, 0xff, 0xff, 0xff,
    0xc0, 0x0, 0x0, 0x7f, 0xff, 0xff, 0xff, 0xff,
    0xff, 0xff, 0x80, 0x0, 0x3, 0xff, 0xff, 0xff,
    0xff, 0xff, 0xff, 0xff, 0x0, 0x0, 0xf, 0xff,
    0xff, 0xff, 0xff, 0xff, 0xff, 0xfc, 0x0, 0x0,
    0x7f, 0xff, 0xff, 0xff, 0xff, 0xff, 0xff, 0xf8,
    0x0, 0x3, 0xff, 0xff, 0xff, 0x0, 0x7f, 0xff,
    0xff, 0xf0, 0x0, 0x1f, 0xff, 0xff, 0xe0, 0x0,
    0x1f, 0xff, 0xff, 0xc0, 0x0, 0x7f, 0xff, 0xfe,
    0x0, 0x0, 0x3f, 0xff, 0xff, 0x80, 0x3, 0xff,
    0xff, 0xf0, 0x0, 0x0, 0x3f, 0xff, 0xff, 0x0,
    0xf, 0xff, 0xff, 0x80, 0x0, 0x0, 0x7f, 0xff,
    0xfc, 0x0, 0x7f, 0xff, 0xfc, 0x0, 0x0, 0x0,
    0xff, 0xff, 0xf8, 0x1, 0xff, 0xff, 0xe0, 0x0,
    0x0, 0x1, 0xff, 0xff, 0xe0, 0xf, 0xff, 0xff,
    0x0, 0x0, 0x0, 0x3, 0xff, 0xff, 0xc0, 0x3f,
    0xff, 0xfc, 0x0, 0x0, 0x0, 0xf, 0xff, 0xff,
    0x1, 0xff, 0xff, 0xe0, 0x0, 0x0, 0x0, 0x1f,
    0xff, 0xfe, 0x7, 0xff, 0xff, 0x80, 0x0, 0x0,
    0x0, 0x7f, 0xff, 0xf8, 0x1f, 0xff, 0xfc, 0x0,
    0x0, 0x0, 0x0, 0xff, 0xff, 0xe0, 0xff, 0xff,
    0xf0, 0x0, 0x0, 0x0, 0x3, 0xff, 0xff, 0xc3,
    0xff, 0xff, 0x80, 0x0, 0x0, 0x0, 0x7, 0xff,
    0xff, 0xf, 0xff, 0xfe, 0x0, 0x0, 0x0, 0x0,
    0x1f, 0xff, 0xfc, 0x3f, 0xff, 0xf8, 0x0, 0x0,
    0x0, 0x0, 0x7f, 0xff, 0xf1, 0xff, 0xff, 0xc0,
    0x0, 0x0, 0x0, 0x0, 0xff, 0xff, 0xe7, 0xff,
    0xff, 0x0, 0x0, 0x0, 0x0, 0x3, 0xff, 0xff,
    0x9f, 0xff, 0xfc, 0x0, 0x0, 0x0, 0x0, 0xf,
    0xff, 0xfe, 0x7f, 0xff, 0xf0, 0x0, 0x0, 0x0,
    0x0, 0x3f, 0xff, 0xf9, 0xff, 0xff, 0xc0, 0x0,
    0x0, 0x0, 0x0, 0xff, 0xff, 0xef, 0xff, 0xfe,
    0x0, 0x0, 0x0, 0x0, 0x3, 0xff, 0xff, 0xbf,
    0xff, 0xf8, 0x0, 0x0, 0x0, 0x0, 0x7, 0xff,
    0xff, 0xff, 0xff, 0xe0, 0x0, 0x0, 0x0, 0x0,
    0x1f, 0xff, 0xff, 0xff, 0xff, 0x80, 0x0, 0x0,
    0x0, 0x0, 0x7f, 0xff, 0xff, 0xff, 0xfe, 0x0,
    0x0, 0x0, 0x0, 0x1, 0xff, 0xff, 0xff, 0xff,
    0xf8, 0x0, 0x0, 0x0, 0x0, 0x7, 0xff, 0xff,
    0xff, 0xff, 0xe0, 0x0, 0x0, 0x0, 0x0, 0x1f,
    0xff, 0xff, 0xff, 0xff, 0x80, 0x0, 0x0, 0x0,
    0x0, 0x7f, 0xff, 0xff, 0xff, 0xfe, 0x0, 0x0,
    0x0, 0x0, 0x1, 0xff, 0xff, 0xff, 0xff, 0xf8,
    0x0, 0x0, 0x0, 0x0, 0x7, 0xff, 0xff, 0xff,
    0xff, 0xe0, 0x0, 0x0, 0x0, 0x0, 0x1f, 0xff,
    0xff, 0xff, 0xff, 0x80, 0x0, 0x0, 0x0, 0x0,
    0x7f, 0xff, 0xff, 0xff, 0xfe, 0x0, 0x0, 0x0,
    0x0, 0x1, 0xff, 0xff, 0xff, 0xff, 0xf8, 0x0,
    0x0, 0x0, 0x0, 0x7, 0xff, 0xff, 0xff, 0xff,
    0xe0, 0x0, 0x0, 0x0, 0x0, 0x1f, 0xff, 0xff,
    0xff, 0xff, 0x80, 0x0, 0x0, 0x0, 0x0, 0x7f,
    0xff, 0xff, 0xff, 0xfe, 0x0, 0x0, 0x0, 0x0,
    0x1, 0xff, 0xff, 0xff, 0xff, 0xf8, 0x0, 0x0,
    0x0, 0x0, 0x7, 0xff, 0xff, 0xff, 0xff, 0xe0,
    0x0, 0x0, 0x0, 0x0, 0x1f, 0xff, 0xff, 0xff,
    0xff, 0x80, 0x0, 0x0, 0x0, 0x0, 0x7f, 0xff,
    0xff, 0xff, 0xfe, 0x0, 0x0, 0x0, 0x0, 0x1,
    0xff, 0xff, 0xff, 0xff, 0xf8, 0x0, 0x0, 0x0,
    0x0, 0xf, 0xff, 0xfe, 0x7f, 0xff, 0xf0, 0x0,
    0x0, 0x0, 0x0, 0x3f, 0xff, 0xf9, 0xff, 0xff,
    0xc0, 0x0, 0x0, 0x0, 0x0, 0xff, 0xff, 0xe7,
    0xff, 0xff, 0x0, 0x0, 0x0, 0x0, 0x3, 0xff,
    0xff, 0x9f, 0xff, 0xfc, 0x0, 0x0, 0x0, 0x0,
    0xf, 0xff, 0xfe, 0x7f, 0xff, 0xf0, 0x0, 0x0,
    0x0, 0x0, 0x3f, 0xff, 0xf8, 0xff, 0xff, 0xe0,
    0x0, 0x0, 0x0, 0x1, 0xff, 0xff, 0xc3, 0xff,
    0xff, 0x80, 0x0, 0x0, 0x0, 0x7, 0xff, 0xff,
    0xf, 0xff, 0xfe, 0x0, 0x0, 0x0, 0x0, 0x1f,
    0xff, 0xfc, 0x3f, 0xff, 0xfc, 0x0, 0x0, 0x0,
    0x0, 0xff, 0xff, 0xf0, 0x7f, 0xff, 0xf0, 0x0,
    0x0, 0x0, 0x3, 0xff, 0xff, 0x81, 0xff, 0xff,
    0xe0, 0x0, 0x0, 0x0, 0x1f, 0xff, 0xfe, 0x7,
    0xff, 0xff, 0x80, 0x0, 0x0, 0x0, 0x7f, 0xff,
    0xf8, 0xf, 0xff, 0xff, 0x0, 0x0, 0x0, 0x3,
    0xff, 0xff, 0xc0, 0x3f, 0xff, 0xfc, 0x0, 0x0,
    0x0, 0xf, 0xff, 0xff, 0x0, 0x7f, 0xff, 0xf8,
    0x0, 0x0, 0x0, 0x7f, 0xff, 0xf8, 0x1, 0xff,
    0xff, 0xf0, 0x0, 0x0, 0x3, 0xff, 0xff, 0xe0,
    0x3, 0xff, 0xff, 0xe0, 0x0, 0x0, 0x1f, 0xff,
    0xff, 0x0, 0xf, 0xff, 0xff, 0xc0, 0x0, 0x0,
    0xff, 0xff, 0xfc, 0x0, 0x1f, 0xff, 0xff, 0xc0,
    0x0, 0x7, 0xff, 0xff, 0xe0, 0x0, 0x7f, 0xff,
    0xff, 0x80, 0x0, 0x7f, 0xff, 0xff, 0x80, 0x0,
    0xff, 0xff, 0xff, 0xe0, 0xf, 0xff, 0xff, 0xfc,
    0x0, 0x1, 0xff, 0xff, 0xff, 0xff, 0xff, 0xff,
    0xff, 0xe0, 0x0, 0x3, 0xff, 0xff, 0xff, 0xff,
    0xff, 0xff, 0xff, 0x0, 0x0, 0xf, 0xff, 0xff,
    0xff, 0xff, 0xff, 0xff, 0xfc, 0x0, 0x0, 0x1f,
    0xff, 0xff, 0xff, 0xff, 0xff, 0xff, 0xe0, 0x0,
    0x0, 0x3f, 0xff, 0xff, 0xff, 0xff, 0xff, 0xff,
    0x0, 0x0, 0x0, 0x7f, 0xff, 0xff, 0xff, 0xff,
    0xff, 0xf8, 0x0, 0x0, 0x0, 0xff, 0xff, 0xff,
    0xff, 0xff, 0xff, 0xc0, 0x0, 0x0, 0x0, 0xff,
    0xff, 0xff, 0xff, 0xff, 0xfc, 0x0, 0x0, 0x0,
    0x1, 0xff, 0xff, 0xff, 0xff, 0xff, 0xe0, 0x0,
    0x0, 0x0, 0x1, 0xff, 0xff, 0xff, 0xff, 0xfe,
    0x0, 0x0, 0x0, 0x0, 0x3, 0xff, 0xff, 0xff,
    0xff, 0xf0, 0x0, 0x0, 0x0, 0x0, 0x3, 0xff,
    0xff, 0xff, 0xff, 0x0, 0x0, 0x0, 0x0, 0x0,
    0x1, 0xff, 0xff, 0xff, 0xe0, 0x0, 0x0, 0x0,
    0x0, 0x0, 0x0, 0xff, 0xff, 0xfe, 0x0, 0x0,
    0x0, 0x0, 0x0, 0x0, 0x0, 0x3f, 0xff, 0x0,
    0x0, 0x0, 0x0,

    /* U+00D6 "Ö" */
    0x0, 0x0, 0xf, 0xe0, 0x0, 0x0, 0x3f, 0x80,
    0x0, 0x0, 0x0, 0x0, 0xff, 0xe0, 0x0, 0x3,
    0xff, 0x80, 0x0, 0x0, 0x0, 0x7, 0xff, 0xc0,
    0x0, 0x1f, 0xff, 0x0, 0x0, 0x0, 0x0, 0x3f,
    0xff, 0x80, 0x0, 0xff, 0xfe, 0x0, 0x0, 0x0,
    0x0, 0xff, 0xfe, 0x0, 0x3, 0xff, 0xf8, 0x0,
    0x0, 0x0, 0x7, 0xff, 0xfc, 0x0, 0x1f, 0xff,
    0xf0, 0x0, 0x0, 0x0, 0x1f, 0xff, 0xf0, 0x0,
    0x7f, 0xff, 0xc0, 0x0, 0x0, 0x0, 0x7f, 0xff,
    0xc0, 0x1, 0xff, 0xff, 0x0, 0x0, 0x0, 0x1,
    0xff, 0xff, 0x0, 0x7, 0xff, 0xfc, 0x0, 0x0,
    0x0, 0x7, 0xff, 0xfc, 0x0, 0x1f, 0xff, 0xf0,
    0x0, 0x0, 0x0, 0xf, 0xff, 0xe0, 0x0, 0x3f,
    0xff, 0x80, 0x0, 0x0, 0x0, 0x3f, 0xff, 0x80,
    0x0, 0xff, 0xfe, 0x0, 0x0, 0x0, 0x0, 0x7f,
    0xfc, 0x0, 0x1, 0xff, 0xf0, 0x0, 0x0, 0x0,
    0x0, 0xff, 0xe0, 0x0, 0x3, 0xff, 0x80, 0x0,
    0x0, 0x0, 0x0, 0xfe, 0x0, 0x0, 0x3, 0xf8,
    0x0, 0x0, 0x0, 0x0, 0x0, 0x0, 0x0, 0x0,
    0x0, 0x0, 0x0, 0x0, 0x0, 0x0, 0x0, 0x0,
    0x0, 0x0, 0x0, 0x0, 0x0, 0x0, 0x0, 0x0,
    0x0, 0x0, 0x0, 0x0, 0x0, 0x0, 0x0, 0x0,
    0x0, 0x0, 0x0, 0x0, 0x0, 0x0, 0x0, 0x0,
    0x0, 0x0, 0x0, 0x0, 0x0, 0x0, 0x0, 0x0,
    0x0, 0x0, 0x0, 0x0, 0x0, 0x0, 0x0, 0xff,
    0xfc, 0x0, 0x0, 0x0, 0x0, 0x0, 0x0, 0x0,
    0x3f, 0xff, 0xff, 0x0, 0x0, 0x0, 0x0, 0x0,
    0x0, 0x7, 0xff, 0xff, 0xff, 0x80, 0x0, 0x0,
    0x0, 0x0, 0x0, 0xff, 0xff, 0xff, 0xff, 0xc0,
    0x0, 0x0, 0x0, 0x0, 0xf, 0xff, 0xff, 0xff,
    0xff, 0xc0, 0x0, 0x0, 0x0, 0x0, 0x7f, 0xff,
    0xff, 0xff, 0xff, 0x80, 0x0, 0x0, 0x0, 0x7,
    0xff, 0xff, 0xff, 0xff, 0xff, 0x80, 0x0, 0x0,
    0x0, 0x3f, 0xff, 0xff, 0xff, 0xff, 0xff, 0x0,
    0x0, 0x0, 0x3, 0xff, 0xff, 0xff, 0xff, 0xff,
    0xfe, 0x0, 0x0, 0x0, 0x1f, 0xff, 0xff, 0xff,
    0xff, 0xff, 0xfe, 0x0, 0x0, 0x0, 0xff, 0xff,
    0xff, 0xff, 0xff, 0xff, 0xfc, 0x0, 0x0, 0x7,
    0xff, 0xff, 0xff, 0xff, 0xff, 0xff, 0xf8, 0x0,
    0x0, 0x3f, 0xff, 0xff, 0xff, 0xff, 0xff, 0xff,
    0xf0, 0x0, 0x0, 0xff, 0xff, 0xff, 0xff, 0xff,
    0xff, 0xff, 0xc0, 0x0, 0x7, 0xff, 0xff, 0xff,
    0xff, 0xff, 0xff, 0xff, 0x80, 0x0, 0x3f, 0xff,
    0xff, 0xf0, 0x7, 0xff, 0xff, 0xff, 0x0, 0x1,
    0xff, 0xff, 0xfe, 0x0, 0x1, 0xff, 0xff, 0xfc,
    0x0, 0x7, 0xff, 0xff, 0xe0, 0x0, 0x3, 0xff,
    0xff, 0xf8, 0x0, 0x3f, 0xff, 0xff, 0x0, 0x0,
    0x3, 0xff, 0xff, 0xf0, 0x0, 0xff, 0xff, 0xf8,
    0x0, 0x0, 0x7, 0xff, 0xff, 0xc0, 0x7, 0xff,
    0xff, 0xc0, 0x0, 0x0, 0xf, 0xff, 0xff, 0x80,
    0x1f, 0xff, 0xfe, 0x0, 0x0, 0x0, 0x1f, 0xff,
    0xfe, 0x0, 0xff, 0xff, 0xf0, 0x0, 0x0, 0x0,
    0x3f, 0xff, 0xfc, 0x3, 0xff, 0xff, 0xc0, 0x0,
    0x0, 0x0, 0xff, 0xff, 0xf0, 0x1f, 0xff, 0xfe,
    0x0, 0x0, 0x0, 0x1, 0xff, 0xff, 0xe0, 0x7f,
    0xff, 0xf8, 0x0, 0x0, 0x0, 0x7, 0xff, 0xff,
    0x81, 0xff, 0xff, 0xc0, 0x0, 0x0, 0x0, 0xf,
    0xff, 0xfe, 0xf, 0xff, 0xff, 0x0, 0x0, 0x0,
    0x0, 0x3f, 0xff, 0xfc, 0x3f, 0xff, 0xf8, 0x0,
    0x0, 0x0, 0x0, 0x7f, 0xff, 0xf0, 0xff, 0xff,
    0xe0, 0x0, 0x0, 0x0, 0x1, 0xff, 0xff, 0xc3,
    0xff, 0xff, 0x80, 0x0, 0x0, 0x0, 0x7, 0xff,
    0xff, 0x1f, 0xff, 0xfc, 0x0, 0x0, 0x0, 0x0,
    0xf, 0xff, 0xfe, 0x7f, 0xff, 0xf0, 0x0, 0x0,
    0x0, 0x0, 0x3f, 0xff, 0xf9, 0xff, 0xff, 0xc0,
    0x0, 0x0, 0x0, 0x0, 0xff, 0xff, 0xe7, 0xff,
    0xff, 0x0, 0x0, 0x0, 0x0, 0x3, 0xff, 0xff,
    0x9f, 0xff, 0xfc, 0x0, 0x0, 0x0, 0x0, 0xf,
    0xff, 0xfe, 0xff, 0xff, 0xe0, 0x0, 0x0, 0x0,
    0x0, 0x3f, 0xff, 0xfb, 0xff, 0xff, 0x80, 0x0,
    0x0, 0x0, 0x0, 0x7f, 0xff, 0xff, 0xff, 0xfe,
    0x0, 0x0, 0x0, 0x0, 0x1, 0xff, 0xff, 0xff,
    0xff, 0xf8, 0x0, 0x0, 0x0, 0x0, 0x7, 0xff,
    0xff, 0xff, 0xff, 0xe0, 0x0, 0x0, 0x0, 0x0,
    0x1f, 0xff, 0xff, 0xff, 0xff, 0x80, 0x0, 0x0,
    0x0, 0x0, 0x7f, 0xff, 0xff, 0xff, 0xfe, 0x0,
    0x0, 0x0, 0x0, 0x1, 0xff, 0xff, 0xff, 0xff,
    0xf8, 0x0, 0x0, 0x0, 0x0, 0x7, 0xff, 0xff,
    0xff, 0xff, 0xe0, 0x0, 0x0, 0x0, 0x0, 0x1f,
    0xff, 0xff, 0xff, 0xff, 0x80, 0x0, 0x0, 0x0,
    0x0, 0x7f, 0xff, 0xff, 0xff, 0xfe, 0x0, 0x0,
    0x0, 0x0, 0x1, 0xff, 0xff, 0xff, 0xff, 0xf8,
    0x0, 0x0, 0x0, 0x0, 0x7, 0xff, 0xff, 0xff,
    0xff, 0xe0, 0x0, 0x0, 0x0, 0x0, 0x1f, 0xff,
    0xff, 0xff, 0xff, 0x80, 0x0, 0x0, 0x0, 0x0,
    0x7f, 0xff, 0xff, 0xff, 0xfe, 0x0, 0x0, 0x0,
    0x0, 0x1, 0xff, 0xff, 0xff, 0xff, 0xf8, 0x0,
    0x0, 0x0, 0x0, 0x7, 0xff, 0xff, 0xff, 0xff,
    0xe0, 0x0, 0x0, 0x0, 0x0, 0x1f, 0xff, 0xff,
    0xff, 0xff, 0x80, 0x0, 0x0, 0x0, 0x0, 0x7f,
    0xff, 0xff, 0xff, 0xfe, 0x0, 0x0, 0x0, 0x0,
    0x1, 0xff, 0xff, 0xff, 0xff, 0xf8, 0x0, 0x0,
    0x0, 0x0, 0x7, 0xff, 0xff, 0xff, 0xff, 0xe0,
    0x0, 0x0, 0x0, 0x0, 0x1f, 0xff, 0xff, 0xff,
    0xff, 0x80, 0x0, 0x0, 0x0, 0x0, 0xff, 0xff,
    0xe7, 0xff, 0xff, 0x0, 0x0, 0x0, 0x0, 0x3,
    0xff, 0xff, 0x9f, 0xff, 0xfc, 0x0, 0x0, 0x0,
    0x0, 0xf, 0xff, 0xfe, 0x7f, 0xff, 0xf0, 0x0,
    0x0, 0x0, 0x0, 0x3f, 0xff, 0xf9, 0xff, 0xff,
    0xc0, 0x0, 0x0, 0x0, 0x0, 0xff, 0xff, 0xe7,
    0xff, 0xff, 0x0, 0x0, 0x0, 0x0, 0x3, 0xff,
    0xff, 0x8f, 0xff, 0xfe, 0x0, 0x0, 0x0, 0x0,
    0x1f, 0xff, 0xfc, 0x3f, 0xff, 0xf8, 0x0, 0x0,
    0x0, 0x0, 0x7f, 0xff, 0xf0, 0xff, 0xff, 0xe0,
    0x0, 0x0, 0x0, 0x1, 0xff, 0xff, 0xc3, 0xff,
    0xff, 0xc0, 0x0, 0x0, 0x0, 0xf, 0xff, 0xff,
    0x7, 0xff, 0xff, 0x0, 0x0, 0x0, 0x0, 0x3f,
    0xff, 0xf8, 0x1f, 0xff, 0xfe, 0x0, 0x0, 0x0,
    0x1, 0xff, 0xff, 0xe0, 0x7f, 0xff, 0xf8, 0x0,
    0x0, 0x0, 0x7, 0xff, 0xff, 0x80, 0xff, 0xff,
    0xf0, 0x0, 0x0, 0x0, 0x3f, 0xff, 0xfc, 0x3,
    0xff, 0xff, 0xc0, 0x0, 0x0, 0x0, 0xff, 0xff,
    0xf0, 0x7, 0xff, 0xff, 0x80, 0x0, 0x0, 0x7,
    0xff, 0xff, 0x80, 0x1f, 0xff, 0xff, 0x0, 0x0,
    0x0, 0x3f, 0xff, 0xfe, 0x0, 0x3f, 0xff, 0xfe,
    0x0, 0x0, 0x1, 0xff, 0xff, 0xf0, 0x0, 0xff,
    0xff, 0xfc, 0x0, 0x0, 0xf, 0xff, 0xff, 0xc0,
    0x1, 0xff, 0xff, 0xfc, 0x0, 0x0, 0x7f, 0xff,
    0xfe, 0x0, 0x7, 0xff, 0xff, 0xf8, 0x0, 0x7,
    0xff, 0xff, 0xf8, 0x0, 0xf, 0xff, 0xff, 0xfe,
    0x0, 0xff, 0xff, 0xff, 0xc0, 0x0, 0x1f, 0xff,
    0xff, 0xff, 0xff, 0xff, 0xff, 0xfe, 0x0, 0x0,
    0x3f, 0xff, 0xff, 0xff, 0xff, 0xff, 0xff, 0xf0,
    0x0, 0x0, 0xff, 0xff, 0xff, 0xff, 0xff, 0xff,
    0xff, 0xc0, 0x0, 0x1, 0xff, 0xff, 0xff, 0xff,
    0xff, 0xff, 0xfe, 0x0, 0x0, 0x3, 0xff, 0xff,
    0xff, 0xff, 0xff, 0xff, 0xf0, 0x0, 0x0, 0x7,
    0xff, 0xff, 0xff, 0xff, 0xff, 0xff, 0x80, 0x0,
    0x0, 0xf, 0xff, 0xff, 0xff, 0xff, 0xff, 0xfc,
    0x0, 0x0, 0x0, 0xf, 0xff, 0xff, 0xff, 0xff,
    0xff, 0xc0, 0x0, 0x0, 0x0, 0x1f, 0xff, 0xff,
    0xff, 0xff, 0xfe, 0x0, 0x0, 0x0, 0x0, 0x1f,
    0xff, 0xff, 0xff, 0xff, 0xe0, 0x0, 0x0, 0x0,
    0x0, 0x3f, 0xff, 0xff, 0xff, 0xff, 0x0, 0x0,
    0x0, 0x0, 0x0, 0x3f, 0xff, 0xff, 0xff, 0xf0,
    0x0, 0x0, 0x0, 0x0, 0x0, 0x1f, 0xff, 0xff,
    0xfe, 0x0, 0x0, 0x0, 0x0, 0x0, 0x0, 0xf,
    0xff, 0xff, 0xe0, 0x0, 0x0, 0x0, 0x0, 0x0,
    0x0, 0x3, 0xff, 0xf0, 0x0, 0x0, 0x0, 0x0,

    /* U+00D7 "×" */
    0x0, 0x0, 0x0, 0x0, 0x0, 0x0, 0x0, 0x0,
    0x6, 0x0, 0x0, 0x0, 0x0, 0x18, 0x0, 0x1,
    0xe0, 0x0, 0x0, 0x0, 0x7, 0x80, 0x0, 0x7e,
    0x0, 0x0, 0x0, 0x1, 0xf8, 0x0, 0x3f, 0xe0,
    0x0, 0x0, 0x0, 0x7f, 0x80, 0xf, 0xfe, 0x0,
    0x0, 0x0, 0x1f, 0xf8, 0x3, 0xff, 0xe0, 0x0,
    0x0, 0x7, 0xff, 0x80, 0xff, 0xfe, 0x0, 0x0,
    0x1, 0xff, 0xf8, 0x3f, 0xff, 0xe0, 0x0, 0x0,
    0x7f, 0xff, 0x8f, 0xff, 0xfe, 0x0, 0x0, 0x1f,
    0xff, 0xfb, 0xff, 0xff, 0xe0, 0x0, 0x7, 0xff,
    0xff, 0xbf, 0xff, 0xfe, 0x0, 0x1, 0xff, 0xff,
    0xf3, 0xff, 0xff, 0xe0, 0x0, 0x7f, 0xff, 0xfc,
    0x3f, 0xff, 0xfc, 0x0, 0x1f, 0xff, 0xff, 0x3,
    0xff, 0xff, 0xc0, 0x7, 0xff, 0xff, 0xc0, 0x3f,
    0xff, 0xfc, 0x1, 0xff, 0xff, 0xf0, 0x3, 0xff,
    0xff, 0xc0, 0x7f, 0xff, 0xfc, 0x0, 0x3f, 0xff,
    0xfc, 0x1f, 0xff, 0xff, 0x0, 0x3, 0xff, 0xff,
    0xc7, 0xff, 0xff, 0xc0, 0x0, 0x3f, 0xff, 0xfd,
    0xff, 0xff, 0xf0, 0x0, 0x3, 0xff, 0xff, 0xff,
    0xff, 0xfc, 0x0, 0x0, 0x3f, 0xff, 0xff, 0xff,
    0xff, 0x0, 0x0, 0x3, 0xff, 0xff, 0xff, 0xff,
    0xc0, 0x0, 0x0, 0x3f, 0xff, 0xff, 0xff, 0xf0,
    0x0, 0x0, 0x3, 0xff, 0xff, 0xff, 0xfc, 0x0,
    0x0, 0x0, 0x3f, 0xff, 0xff, 0xff, 0x0, 0x0,
    0x0, 0x3, 0xff, 0xff, 0xff, 0xc0, 0x0, 0x0,
    0x0, 0x3f, 0xff, 0xff, 0xf0, 0x0, 0x0, 0x0,
    0x3, 0xff, 0xff, 0xfc, 0x0, 0x0, 0x0, 0x0,
    0x3f, 0xff, 0xff, 0x0, 0x0, 0x0, 0x0, 0x7,
    0xff, 0xff, 0xc0, 0x0, 0x0, 0x0, 0x1, 0xff,
    0xff, 0xfc, 0x0, 0x0, 0x0, 0x0, 0x7f, 0xff,
    0xff, 0xc0, 0x0, 0x0, 0x0, 0x1f, 0xff, 0xff,
    0xfc, 0x0, 0x0, 0x0, 0x7, 0xff, 0xff, 0xff,
    0xc0, 0x0, 0x0, 0x1, 0xff, 0xff, 0xff, 0xfc,
    0x0, 0x0, 0x0, 0x7f, 0xff, 0xff, 0xff, 0xc0,
    0x0, 0x0, 0x1f, 0xff, 0xff, 0xff, 0xfc, 0x0,
    0x0, 0x7, 0xff, 0xff, 0xff, 0xff, 0xc0, 0x0,
    0x0, 0xff, 0xff, 0xff, 0xff, 0xfc, 0x0, 0x0,
    0x3f, 0xff, 0xff, 0xff, 0xff, 0xc0, 0x0, 0xf,
    0xff, 0xff, 0x7f, 0xff, 0xfc, 0x0, 0x3, 0xff,
    0xff, 0xc7, 0xff, 0xff, 0xc0, 0x0, 0xff, 0xff,
    0xf0, 0x7f, 0xff, 0xfc, 0x0, 0x3f, 0xff, 0xfc,
    0x7, 0xff, 0xff, 0xc0, 0xf, 0xff, 0xff, 0x0,
    0x7f, 0xff, 0xfc, 0x3, 0xff, 0xff, 0xc0, 0x7,
    0xff, 0xff, 0xc0, 0xff, 0xff, 0xf0, 0x0, 0x7f,
    0xff, 0xfc, 0x3f, 0xff, 0xfc, 0x0, 0x7, 0xff,
    0xff, 0xcf, 0xff, 0xff, 0x0, 0x0, 0x7f, 0xff,
    0xff, 0xff, 0xff, 0xc0, 0x0, 0x7, 0xff, 0xff,
    0xbf, 0xff, 0xf0, 0x0, 0x0, 0x7f, 0xff, 0xe3,
    0xff, 0xfc, 0x0, 0x0, 0x7, 0xff, 0xf8, 0x3f,
    0xff, 0x0, 0x0, 0x0, 0x7f, 0xfe, 0x3, 0xff,
    0xc0, 0x0, 0x0, 0x7, 0xff, 0x80, 0x1f, 0xf0,
    0x0, 0x0, 0x0, 0x7f, 0xe0, 0x1, 0xfc, 0x0,
    0x0, 0x0, 0x7, 0xf8, 0x0, 0x1f, 0x80, 0x0,
    0x0, 0x0, 0x7e, 0x0, 0x1, 0xe0, 0x0, 0x0,
    0x0, 0x7, 0x80, 0x0, 0x18, 0x0, 0x0, 0x0,
    0x0, 0x60, 0x0,

    /* U+00D8 "Ø" */
    0x0, 0x0, 0x0, 0x0, 0x0, 0x0, 0x0, 0x1,
    0xff, 0xe0, 0x0, 0x0, 0x0, 0x0, 0x0, 0x0,
    0x0, 0xf, 0xff, 0x0, 0x0, 0x0, 0x0, 0x0,
    0x0, 0x0, 0x0, 0x3f, 0xf8, 0x0, 0x0, 0x0,
    0x0, 0x3f, 0xff, 0x0, 0x1, 0xff, 0xe0, 0x0,
    0x0, 0x0, 0xf, 0xff, 0xff, 0xc0, 0x7, 0xff,
    0x0, 0x0, 0x0, 0x1, 0xff, 0xff, 0xff, 0xe0,
    0x3f, 0xfc, 0x0, 0x0, 0x0, 0x3f, 0xff, 0xff,
    0xff, 0xf1, 0xff, 0xe0, 0x0, 0x0, 0x3, 0xff,
    0xff, 0xff, 0xff, 0xf7, 0xff, 0x0, 0x0, 0x0,
    0x3f, 0xff, 0xff, 0xff, 0xff, 0xff, 0xfc, 0x0,
    0x0, 0x1, 0xff, 0xff, 0xff, 0xff, 0xff, 0xff,
    0xe0, 0x0, 0x0, 0xf, 0xff, 0xff, 0xff, 0xff,
    0xff, 0xff, 0x80, 0x0, 0x0, 0xff, 0xff, 0xff,
    0xff, 0xff, 0xff, 0xfc, 0x0, 0x0, 0x7, 0xff,
    0xff, 0xff, 0xff, 0xff, 0xff, 0xf0, 0x0, 0x0,
    0x3f, 0xff, 0xff, 0xff, 0xff, 0xff, 0xff, 0x80,
    0x0, 0x1, 0xff, 0xff, 0xff, 0xff, 0xff, 0xff,
    0xfe, 0x0, 0x0, 0xf, 0xff, 0xff, 0xff, 0xff,
    0xff, 0xff, 0xfc, 0x0, 0x0, 0x7f, 0xff, 0xff,
    0xff, 0xff, 0xff, 0xff, 0xf0, 0x0, 0x1, 0xff,
    0xff, 0xff, 0xff, 0xff, 0xff, 0xff, 0xe0, 0x0,
    0xf, 0xff, 0xff, 0xfc, 0x1, 0xff, 0xff, 0xff,
    0xc0, 0x0, 0x7f, 0xff, 0xff, 0x80, 0x0, 0xff,
    0xff, 0xff, 0x80, 0x1, 0xff, 0xff, 0xf8, 0x0,
    0x0, 0xff, 0xff, 0xfe, 0x0, 0xf, 0xff, 0xff,
    0xc0, 0x0, 0x0, 0xff, 0xff, 0xfc, 0x0, 0x3f,
    0xff, 0xfe, 0x0, 0x0, 0x3, 0xff, 0xff, 0xf0,
    0x1, 0xff, 0xff, 0xf0, 0x0, 0x0, 0x1f, 0xff,
    0xff, 0xe0, 0x7, 0xff, 0xff, 0x80, 0x0, 0x0,
    0x7f, 0xff, 0xff, 0x80, 0x3f, 0xff, 0xfc, 0x0,
    0x0, 0x3, 0xff, 0xff, 0xff, 0x0, 0xff, 0xff,
    0xf0, 0x0, 0x0, 0xf, 0xff, 0xff, 0xfc, 0x7,
    0xff, 0xff, 0x80, 0x0, 0x0, 0x7f, 0xff, 0xff,
    0xf8, 0x1f, 0xff, 0xfc, 0x0, 0x0, 0x3, 0xff,
    0xff, 0xff, 0xe0, 0x7f, 0xff, 0xf0, 0x0, 0x0,
    0xf, 0xff, 0xff, 0xff, 0x83, 0xff, 0xff, 0xc0,
    0x0, 0x0, 0x7f, 0xff, 0xff, 0xff, 0xf, 0xff,
    0xfe, 0x0, 0x0, 0x1, 0xff, 0xdf, 0xff, 0xfc,
    0x3f, 0xff, 0xf8, 0x0, 0x0, 0xf, 0xff, 0x7f,
    0xff, 0xf1, 0xff, 0xff, 0xe0, 0x0, 0x0, 0x7f,
    0xf9, 0xff, 0xff, 0xc7, 0xff, 0xff, 0x0, 0x0,
    0x1, 0xff, 0xc3, 0xff, 0xff, 0x9f, 0xff, 0xfc,
    0x0, 0x0, 0xf, 0xff, 0xf, 0xff, 0xfe, 0x7f,
    0xff, 0xf0, 0x0, 0x0, 0x3f, 0xf8, 0x3f, 0xff,
    0xf9, 0xff, 0xff, 0xc0, 0x0, 0x1, 0xff, 0xe0,
    0xff, 0xff, 0xe7, 0xff, 0xff, 0x0, 0x0, 0xf,
    0xff, 0x3, 0xff, 0xff, 0xbf, 0xff, 0xf8, 0x0,
    0x0, 0x3f, 0xfc, 0x7, 0xff, 0xff, 0xff, 0xff,
    0xe0, 0x0, 0x1, 0xff, 0xe0, 0x1f, 0xff, 0xff,
    0xff, 0xff, 0x80, 0x0, 0x7, 0xff, 0x0, 0x7f,
    0xff, 0xff, 0xff, 0xfe, 0x0, 0x0, 0x3f, 0xfc,
    0x1, 0xff, 0xff, 0xff, 0xff, 0xf8, 0x0, 0x1,
    0xff, 0xe0, 0x7, 0xff, 0xff, 0xff, 0xff, 0xe0,
    0x0, 0x7, 0xff, 0x80, 0x1f, 0xff, 0xff, 0xff,
    0xff, 0x80, 0x0, 0x3f, 0xfc, 0x0, 0x7f, 0xff,
    0xff, 0xff, 0xfe, 0x0, 0x0, 0xff, 0xe0, 0x1,
    0xff, 0xff, 0xff, 0xff, 0xf8, 0x0, 0x7, 0xff,
    0x80, 0x7, 0xff, 0xff, 0xff, 0xff, 0xe0, 0x0,
    0x3f, 0xfc, 0x0, 0x1f, 0xff, 0xff, 0xff, 0xff,
    0x80, 0x0, 0xff, 0xf0, 0x0, 0x7f, 0xff, 0xff,
    0xff, 0xfe, 0x0, 0x7, 0xff, 0x80, 0x1, 0xff,
    0xff, 0xff, 0xff, 0xf8, 0x0, 0x1f, 0xfc, 0x0,
    0x7, 0xff, 0xff, 0xff, 0xff, 0xe0, 0x0, 0xff,
    0xf0, 0x0, 0x1f, 0xff, 0xff, 0xff, 0xff, 0x80,
    0x3, 0xff, 0x80, 0x0, 0x7f, 0xff, 0xff, 0xff,
    0xfe, 0x0, 0x1f, 0xfe, 0x0, 0x1, 0xff, 0xff,
    0xff, 0xff, 0xf8, 0x0, 0xff, 0xf0, 0x0, 0x7,
    0xff, 0xff, 0xff, 0xff, 0xe0, 0x3, 0xff, 0x80,
    0x0, 0x1f, 0xff, 0xff, 0xff, 0xff, 0x80, 0x1f,
    0xfe, 0x0, 0x0, 0x7f, 0xff, 0xff, 0xff, 0xfe,
    0x0, 0x7f, 0xf0, 0x0, 0x1, 0xff, 0xff, 0xff,
    0xff, 0xf8, 0x3, 0xff, 0xc0, 0x0, 0xf, 0xff,
    0xff, 0x7f, 0xff, 0xf0, 0x1f, 0xfe, 0x0, 0x0,
    0x3f, 0xff, 0xf9, 0xff, 0xff, 0xc0, 0x7f, 0xf0,
    0x0, 0x0, 0xff, 0xff, 0xe7, 0xff, 0xff, 0x3,
    0xff, 0xc0, 0x0, 0x3, 0xff, 0xff, 0x9f, 0xff,
    0xfc, 0xf, 0xfe, 0x0, 0x0, 0xf, 0xff, 0xfe,
    0x7f, 0xff, 0xf0, 0x7f, 0xf8, 0x0, 0x0, 0x3f,
    0xff, 0xf9, 0xff, 0xff, 0xe3, 0xff, 0xc0, 0x0,
    0x1, 0xff, 0xff, 0xe3, 0xff, 0xff, 0x8f, 0xff,
    0x0, 0x0, 0x7, 0xff, 0xff, 0xf, 0xff, 0xfe,
    0x7f, 0xf8, 0x0, 0x0, 0x1f, 0xff, 0xfc, 0x3f,
    0xff, 0xfd, 0xff, 0xc0, 0x0, 0x0, 0xff, 0xff,
    0xf0, 0x7f, 0xff, 0xff, 0xff, 0x0, 0x0, 0x3,
    0xff, 0xff, 0x81, 0xff, 0xff, 0xff, 0xf8, 0x0,
    0x0, 0x1f, 0xff, 0xfe, 0x7, 0xff, 0xff, 0xff,
    0xe0, 0x0, 0x0, 0x7f, 0xff, 0xf8, 0xf, 0xff,
    0xff, 0xff, 0x0, 0x0, 0x3, 0xff, 0xff, 0xc0,
    0x3f, 0xff, 0xff, 0xf8, 0x0, 0x0, 0xf, 0xff,
    0xff, 0x0, 0x7f, 0xff, 0xff, 0xe0, 0x0, 0x0,
    0x7f, 0xff, 0xf8, 0x1, 0xff, 0xff, 0xff, 0x0,
    0x0, 0x3, 0xff, 0xff, 0xe0, 0x3, 0xff, 0xff,
    0xfc, 0x0, 0x0, 0x1f, 0xff, 0xff, 0x0, 0xf,
    0xff, 0xff, 0xe0, 0x0, 0x0, 0xff, 0xff, 0xfc,
    0x0, 0x1f, 0xff, 0xff, 0xc0, 0x0, 0x7, 0xff,
    0xff, 0xe0, 0x0, 0x7f, 0xff, 0xff, 0x80, 0x0,
    0x7f, 0xff, 0xff, 0x80, 0x0, 0xff, 0xff, 0xff,
    0xe0, 0xf, 0xff, 0xff, 0xfc, 0x0, 0x1, 0xff,
    0xff, 0xff, 0xff, 0xff, 0xff, 0xff, 0xe0, 0x0,
    0x3, 0xff, 0xff, 0xff, 0xff, 0xff, 0xff, 0xff,
    0x80, 0x0, 0xf, 0xff, 0xff, 0xff, 0xff, 0xff,
    0xff, 0xfc, 0x0, 0x0, 0x1f, 0xff, 0xff, 0xff,
    0xff, 0xff, 0xff, 0xe0, 0x0, 0x0, 0x3f, 0xff,
    0xff, 0xff, 0xff, 0xff, 0xff, 0x0, 0x0, 0x0,
    0xff, 0xff, 0xff, 0xff, 0xff, 0xff, 0xf8, 0x0,
    0x0, 0x7, 0xff, 0xff, 0xff, 0xff, 0xff, 0xff,
    0xc0, 0x0, 0x0, 0x1f, 0xff, 0xff, 0xff, 0xff,
    0xff, 0xfc, 0x0, 0x0, 0x0, 0xff, 0xff, 0xff,
    0xff, 0xff, 0xff, 0xe0, 0x0, 0x0, 0x3, 0xff,
    0xff, 0xff, 0xff, 0xff, 0xff, 0x0, 0x0, 0x0,
    0x1f, 0xff, 0xff, 0xff, 0xff, 0xff, 0xf0, 0x0,
    0x0, 0x0, 0xff, 0xf3, 0xff, 0xff, 0xff, 0xff,
    0x0, 0x0, 0x0, 0x3, 0xff, 0xc1, 0xff, 0xff,
    0xff, 0xe0, 0x0, 0x0, 0x0, 0x1f, 0xfe, 0x0,
    0xff, 0xff, 0xfc, 0x0, 0x0, 0x0, 0x0, 0x7f,
    0xf0, 0x0, 0x3f, 0xff, 0x0, 0x0, 0x0, 0x0,
    0x3, 0xff, 0xc0, 0x0, 0x0, 0x0, 0x0, 0x0,
    0x0, 0x0, 0x1f, 0xfe, 0x0, 0x0, 0x0, 0x0,
    0x0, 0x0, 0x0, 0x0, 0x7f, 0xf8, 0x0, 0x0,
    0x0, 0x0, 0x0, 0x0, 0x0, 0x3, 0xff, 0xc0,
    0x0, 0x0, 0x0, 0x0, 0x0, 0x0, 0x0, 0xf,
    0xfe, 0x0, 0x0, 0x0, 0x0, 0x0, 0x0, 0x0,
    0x0,

    /* U+00D9 "Ù" */
    0x0, 0xf, 0xff, 0xff, 0x0, 0x0, 0x0, 0x0,
    0x0, 0x0, 0x3f, 0xff, 0xf8, 0x0, 0x0, 0x0,
    0x0, 0x0, 0x0, 0xff, 0xff, 0xe0, 0x0, 0x0,
    0x0, 0x0, 0x0, 0x3, 0xff, 0xff, 0x80, 0x0,
    0x0, 0x0, 0x0, 0x0, 0xf, 0xff, 0xfc, 0x0,
    0x0, 0x0, 0x0, 0x0, 0x0, 0x3f, 0xff, 0xf0,
    0x0, 0x0, 0x0, 0x0, 0x0, 0x0, 0xff, 0xff,
    0xc0, 0x0, 0x0, 0x0, 0x0, 0x0, 0x3, 0xff,
    0xfe, 0x0, 0x0, 0x0, 0x0, 0x0, 0x0, 0x1f,
    0xff, 0xf8, 0x0, 0x0, 0x0, 0x0, 0x0, 0x0,
    0x7f, 0xff, 0xc0, 0x0, 0x0, 0x0, 0x0, 0x0,
    0x1, 0xff, 0xff, 0x0, 0x0, 0x0, 0x0, 0x0,
    0x0, 0x7, 0xff, 0xfc, 0x0, 0x0, 0x0, 0x0,
    0x0, 0x0, 0x1f, 0xff, 0xe0, 0x0, 0x0, 0x0,
    0x0, 0x0, 0x0, 0x7f, 0xff, 0x80, 0x0, 0x0,
    0x0, 0x0, 0x0, 0x1, 0xff, 0xfe, 0x0, 0x0,
    0x0, 0x0, 0x0, 0x0, 0x7, 0xff, 0xf0, 0x0,
    0x0, 0x0, 0x0, 0x0, 0x0, 0x1f, 0xff, 0xc0,
    0x0, 0x0, 0x0, 0x0, 0x0, 0x0, 0x7f, 0xff,
    0x0, 0x0, 0x0, 0x0, 0x0, 0x0, 0x1, 0xff,
    0xf8, 0x0, 0x0, 0x0, 0x0, 0x0, 0x0, 0x0,
    0x0, 0x0, 0x0, 0x0, 0x0, 0x0, 0x0, 0x0,
    0x0, 0x0, 0x0, 0x0, 0x0, 0x0, 0x0, 0x0,
    0x0, 0x0, 0x0, 0x0, 0x0, 0x0, 0x0, 0x0,
    0x0, 0x0, 0x0, 0x0, 0x0, 0x0, 0x0, 0x0,
    0x0, 0x0, 0x0, 0x0, 0x0, 0x0, 0x0, 0xff,
    0xff, 0xe0, 0x0, 0x0, 0x0, 0x1f, 0xff, 0xff,
    0xff, 0xff, 0x0, 0x0, 0x0, 0x0, 0xff, 0xff,
    0xff, 0xff, 0xf8, 0x0, 0x0, 0x0, 0x7, 0xff,
    0xff, 0xff, 0xff, 0xc0, 0x0, 0x0, 0x0, 0x3f,
    0xff, 0xff, 0xff, 0xfe, 0x0, 0x0, 0x0, 0x1,
    0xff, 0xff, 0xff, 0xff, 0xf0, 0x0, 0x0, 0x0,
    0xf, 0xff, 0xff, 0xff, 0xff, 0x80, 0x0, 0x0,
    0x0, 0x7f, 0xff, 0xff, 0xff, 0xfc, 0x0, 0x0,
    0x0, 0x3, 0xff, 0xff, 0xff, 0xff, 0xe0, 0x0,
    0x0, 0x0, 0x1f, 0xff, 0xff, 0xff, 0xff, 0x0,
    0x0, 0x0, 0x0, 0xff, 0xff, 0xff, 0xff, 0xf8,
    0x0, 0x0, 0x0, 0x7, 0xff, 0xff, 0xff, 0xff,
    0xc0, 0x0, 0x0, 0x0, 0x3f, 0xff, 0xff, 0xff,
    0xfe, 0x0, 0x0, 0x0, 0x1, 0xff, 0xff, 0xff,
    0xff, 0xf0, 0x0, 0x0, 0x0, 0xf, 0xff, 0xff,
    0xff, 0xff, 0x80, 0x0, 0x0, 0x0, 0x7f, 0xff,
    0xff, 0xff, 0xfc, 0x0, 0x0, 0x0, 0x3, 0xff,
    0xff, 0xff, 0xff, 0xe0, 0x0, 0x0, 0x0, 0x1f,
    0xff, 0xff, 0xff, 0xff, 0x0, 0x0, 0x0, 0x0,
    0xff, 0xff, 0xff, 0xff, 0xf8, 0x0, 0x0, 0x0,
    0x7, 0xff, 0xff, 0xff, 0xff, 0xc0, 0x0, 0x0,
    0x0, 0x3f, 0xff, 0xff, 0xff, 0xfe, 0x0, 0x0,
    0x0, 0x1, 0xff, 0xff, 0xff, 0xff, 0xf0, 0x0,
    0x0, 0x0, 0xf, 0xff, 0xff, 0xff, 0xff, 0x80,
    0x0, 0x0, 0x0, 0x7f, 0xff, 0xff, 0xff, 0xfc,
    0x0, 0x0, 0x0, 0x3, 0xff, 0xff, 0xff, 0xff,
    0xe0, 0x0, 0x0, 0x0, 0x1f, 0xff, 0xff, 0xff,
    0xff, 0x0, 0x0, 0x0, 0x0, 0xff, 0xff, 0xff,
    0xff, 0xf8, 0x0, 0x0, 0x0, 0x7, 0xff, 0xff,
    0xff, 0xff, 0xc0, 0x0, 0x0, 0x0, 0x3f, 0xff,
    0xff, 0xff, 0xfe, 0x0, 0x0, 0x0, 0x1, 0xff,
    0xff, 0xff, 0xff, 0xf0, 0x0, 0x0, 0x0, 0xf,
    0xff, 0xff, 0xff, 0xff, 0x80, 0x0, 0x0, 0x0,
    0x7f, 0xff, 0xff, 0xff, 0xfc, 0x0, 0x0, 0x0,
    0x3, 0xff, 0xff, 0xff, 0xff, 0xe0, 0x0, 0x0,
    0x0, 0x1f, 0xff, 0xff, 0xff, 0xff, 0x0, 0x0,
    0x0, 0x0, 0xff, 0xff, 0xff, 0xff, 0xf8, 0x0,
    0x0, 0x0, 0x7, 0xff, 0xff, 0xff, 0xff, 0xc0,
    0x0, 0x0, 0x0, 0x3f, 0xff, 0xff, 0xff, 0xfe,
    0x0, 0x0, 0x0, 0x1, 0xff, 0xff, 0xff, 0xff,
    0xf0, 0x0, 0x0, 0x0, 0xf, 0xff, 0xff, 0xff,
    0xff, 0x80, 0x0, 0x0, 0x0, 0x7f, 0xff, 0xff,
    0xff, 0xfc, 0x0, 0x0, 0x0, 0x3, 0xff, 0xff,
    0xff, 0xff, 0xe0, 0x0, 0x0, 0x0, 0x1f, 0xff,
    0xff, 0xff, 0xff, 0x0, 0x0, 0x0, 0x0, 0xff,
    0xff, 0xff, 0xff, 0xf8, 0x0, 0x0, 0x0, 0x7,
    0xff, 0xff, 0xff, 0xff, 0xc0, 0x0, 0x0, 0x0,
    0x3f, 0xff, 0xff, 0xff, 0xfe, 0x0, 0x0, 0x0,
    0x1, 0xff, 0xff, 0xff, 0xff, 0xf0, 0x0, 0x0,
    0x0, 0xf, 0xff, 0xff, 0xff, 0xff, 0x80, 0x0,
    0x0, 0x0, 0x7f, 0xff, 0xff, 0xff, 0xfc, 0x0,
    0x0, 0x0, 0x3, 0xff, 0xff, 0xff, 0xff, 0xe0,
    0x0, 0x0, 0x0, 0x1f, 0xff, 0xff, 0xff, 0xff,
    0x0, 0x0, 0x0, 0x0, 0xff, 0xff, 0xff, 0xff,
    0xf8, 0x0, 0x0, 0x0, 0x7, 0xff, 0xff, 0xff,
    0xff, 0xc0, 0x0, 0x0, 0x0, 0x3f, 0xff, 0xff,
    0xff, 0xfe, 0x0, 0x0, 0x0, 0x1, 0xff, 0xff,
    0xff, 0xff, 0xf0, 0x0, 0x0, 0x0, 0xf, 0xff,
    0xff, 0xff, 0xff, 0x80, 0x0, 0x0, 0x0, 0x7f,
    0xff, 0xff, 0xff, 0xfc, 0x0, 0x0, 0x0, 0x3,
    0xff, 0xff, 0xff, 0xff, 0xe0, 0x0, 0x0, 0x0,
    0x1f, 0xff, 0xff, 0xff, 0xff, 0x0, 0x0, 0x0,
    0x0, 0xff, 0xff, 0xff, 0xff, 0xf8, 0x0, 0x0,
    0x0, 0x7, 0xff, 0xff, 0xff, 0xff, 0xc0, 0x0,
    0x0, 0x0, 0x3f, 0xff, 0xff, 0xff, 0xfe, 0x0,
    0x0, 0x0, 0x1, 0xff, 0xff, 0xff, 0xff, 0xf0,
    0x0, 0x0, 0x0, 0xf, 0xff, 0xff, 0xff, 0xff,
    0x80, 0x0, 0x0, 0x0, 0x7f, 0xff, 0xff, 0xff,
    0xfc, 0x0, 0x0, 0x0, 0x3, 0xff, 0xff, 0xff,
    0xff, 0xe0, 0x0, 0x0, 0x0, 0x1f, 0xff, 0xff,
    0xff, 0xff, 0x0, 0x0, 0x0, 0x0, 0xff, 0xff,
    0xff, 0xff, 0xf8, 0x0, 0x0, 0x0, 0x7, 0xff,
    0xff, 0xff, 0xff, 0xe0, 0x0, 0x0, 0x0, 0x7f,
    0xff, 0xe7, 0xff, 0xff, 0x0, 0x0, 0x0, 0x3,
    0xff, 0xff, 0x3f, 0xff, 0xf8, 0x0, 0x0, 0x0,
    0x1f, 0xff, 0xf9, 0xff, 0xff, 0xe0, 0x0, 0x0,
    0x1, 0xff, 0xff, 0xcf, 0xff, 0xff, 0x0, 0x0,
    0x0, 0xf, 0xff, 0xfe, 0x3f, 0xff, 0xfc, 0x0,
    0x0, 0x0, 0xff, 0xff, 0xe1, 0xff, 0xff, 0xe0,
    0x0, 0x0, 0x7, 0xff, 0xff, 0xf, 0xff, 0xff,
    0x80, 0x0, 0x0, 0x7f, 0xff, 0xf8, 0x3f, 0xff,
    0xfe, 0x0, 0x0, 0x7, 0xff, 0xff, 0x81, 0xff,
    0xff, 0xf8, 0x0, 0x0, 0x7f, 0xff, 0xfc, 0x7,
    0xff, 0xff, 0xf0, 0x0, 0xf, 0xff, 0xff, 0xc0,
    0x3f, 0xff, 0xff, 0xf0, 0x3, 0xff, 0xff, 0xfe,
    0x0, 0xff, 0xff, 0xff, 0xff, 0xff, 0xff, 0xff,
    0xe0, 0x3, 0xff, 0xff, 0xff, 0xff, 0xff, 0xff,
    0xfe, 0x0, 0xf, 0xff, 0xff, 0xff, 0xff, 0xff,
    0xff, 0xe0, 0x0, 0x7f, 0xff, 0xff, 0xff, 0xff,
    0xff, 0xff, 0x0, 0x1, 0xff, 0xff, 0xff, 0xff,
    0xff, 0xff, 0xf0, 0x0, 0x7, 0xff, 0xff, 0xff,
    0xff, 0xff, 0xff, 0x0, 0x0, 0x1f, 0xff, 0xff,
    0xff, 0xff, 0xff, 0xf0, 0x0, 0x0, 0x3f, 0xff,
    0xff, 0xff, 0xff, 0xfe, 0x0, 0x0, 0x0, 0xff,
    0xff, 0xff, 0xff, 0xff, 0xe0, 0x0, 0x0, 0x1,
    0xff, 0xff, 0xff, 0xff, 0xfc, 0x0, 0x0, 0x0,
    0x3, 0xff, 0xff, 0xff, 0xff, 0x80, 0x0, 0x0,
    0x0, 0x7, 0xff, 0xff, 0xff, 0xf0, 0x0, 0x0,
    0x0, 0x0, 0x7, 0xff, 0xff, 0xf8, 0x0, 0x0,
    0x0, 0x0, 0x0, 0x1, 0xff, 0xfc, 0x0, 0x0,
    0x0, 0x0,

    /* U+00DA "Ú" */
    0x0, 0x0, 0x0, 0x0, 0x3, 0xff, 0xff, 0x80,
    0x0, 0x0, 0x0, 0x0, 0x0, 0x3f, 0xff, 0xf8,
    0x0, 0x0, 0x0, 0x0, 0x0, 0x1, 0xff, 0xff,
    0x80, 0x0, 0x0, 0x0, 0x0, 0x0, 0x1f, 0xff,
    0xfc, 0x0, 0x0, 0x0, 0x0, 0x0, 0x0, 0xff,
    0xff, 0xc0, 0x0, 0x0, 0x0, 0x0, 0x0, 0xf,
    0xff, 0xfc, 0x0, 0x0, 0x0, 0x0, 0x0, 0x0,
    0xff, 0xff, 0xc0, 0x0, 0x0, 0x0, 0x0, 0x0,
    0x7, 0xff, 0xfc, 0x0, 0x0, 0x0, 0x0, 0x0,
    0x0, 0x7f, 0xff, 0xc0, 0x0, 0x0, 0x0, 0x0,
    0x0, 0x7, 0xff, 0xfc, 0x0, 0x0, 0x0, 0x0,
    0x0, 0x0, 0x3f, 0xff, 0xc0, 0x0, 0x0, 0x0,
    0x0, 0x0, 0x3, 0xff, 0xfc, 0x0, 0x0, 0x0,
    0x0, 0x0, 0x0, 0x3f, 0xff, 0xe0, 0x0, 0x0,
    0x0, 0x0, 0x0, 0x1, 0xff, 0xfe, 0x0, 0x0,
    0x0, 0x0, 0x0, 0x0, 0x1f, 0xff, 0xe0, 0x0,
    0x0, 0x0, 0x0, 0x0, 0x0, 0xff, 0xfe, 0x0,
    0x0, 0x0, 0x0, 0x0, 0x0, 0xf, 0xff, 0xe0,
    0x0, 0x0, 0x0, 0x0, 0x0, 0x0, 0xff, 0xfe,
    0x0, 0x0, 0x0, 0x0, 0x0, 0x0, 0x7, 0xff,
    0xe0, 0x0, 0x0, 0x0, 0x0, 0x0, 0x0, 0x0,
    0x0, 0x0, 0x0, 0x0, 0x0, 0x0, 0x0, 0x0,
    0x0, 0x0, 0x0, 0x0, 0x0, 0x0, 0x0, 0x0,
    0x0, 0x0, 0x0, 0x0, 0x0, 0x0, 0x0, 0x0,
    0x0, 0x0, 0x0, 0x0, 0x0, 0x0, 0x0, 0x0,
    0x0, 0x0, 0x0, 0x0, 0x0, 0x0, 0x0, 0xff,
    0xff, 0xe0, 0x0, 0x0, 0x0, 0x1f, 0xff, 0xff,
    0xff, 0xff, 0x0, 0x0, 0x0, 0x0, 0xff, 0xff,
    0xff, 0xff, 0xf8, 0x0, 0x0, 0x0, 0x7, 0xff,
    0xff, 0xff, 0xff, 0xc0, 0x0, 0x0, 0x0, 0x3f,
    0xff, 0xff, 0xff, 0xfe, 0x0, 0x0, 0x0, 0x1,
    0xff, 0xff, 0xff, 0xff, 0xf0, 0x0, 0x0, 0x0,
    0xf, 0xff, 0xff, 0xff, 0xff, 0x80, 0x0, 0x0,
    0x0, 0x7f, 0xff, 0xff, 0xff, 0xfc, 0x0, 0x0,
    0x0, 0x3, 0xff, 0xff, 0xff, 0xff, 0xe0, 0x0,
    0x0, 0x0, 0x1f, 0xff, 0xff, 0xff, 0xff, 0x0,
    0x0, 0x0, 0x0, 0xff, 0xff, 0xff, 0xff, 0xf8,
    0x0, 0x0, 0x0, 0x7, 0xff, 0xff, 0xff, 0xff,
    0xc0, 0x0, 0x0, 0x0, 0x3f, 0xff, 0xff, 0xff,
    0xfe, 0x0, 0x0, 0x0, 0x1, 0xff, 0xff, 0xff,
    0xff, 0xf0, 0x0, 0x0, 0x0, 0xf, 0xff, 0xff,
    0xff, 0xff, 0x80, 0x0, 0x0, 0x0, 0x7f, 0xff,
    0xff, 0xff, 0xfc, 0x0, 0x0, 0x0, 0x3, 0xff,
    0xff, 0xff, 0xff, 0xe0, 0x0, 0x0, 0x0, 0x1f,
    0xff, 0xff, 0xff, 0xff, 0x0, 0x0, 0x0, 0x0,
    0xff, 0xff, 0xff, 0xff, 0xf8, 0x0, 0x0, 0x0,
    0x7, 0xff, 0xff, 0xff, 0xff, 0xc0, 0x0, 0x0,
    0x0, 0x3f, 0xff, 0xff, 0xff, 0xfe, 0x0, 0x0,
    0x0, 0x1, 0xff, 0xff, 0xff, 0xff, 0xf0, 0x0,
    0x0, 0x0, 0xf, 0xff, 0xff, 0xff, 0xff, 0x80,
    0x0, 0x0, 0x0, 0x7f, 0xff, 0xff, 0xff, 0xfc,
    0x0, 0x0, 0x0, 0x3, 0xff, 0xff, 0xff, 0xff,
    0xe0, 0x0, 0x0, 0x0, 0x1f, 0xff, 0xff, 0xff,
    0xff, 0x0, 0x0, 0x0, 0x0, 0xff, 0xff, 0xff,
    0xff, 0xf8, 0x0, 0x0, 0x0, 0x7, 0xff, 0xff,
    0xff, 0xff, 0xc0, 0x0, 0x0, 0x0, 0x3f, 0xff,
    0xff, 0xff, 0xfe, 0x0, 0x0, 0x0, 0x1, 0xff,
    0xff, 0xff, 0xff, 0xf0, 0x0, 0x0, 0x0, 0xf,
    0xff, 0xff, 0xff, 0xff, 0x80, 0x0, 0x0, 0x0,
    0x7f, 0xff, 0xff, 0xff, 0xfc, 0x0, 0x0, 0x0,
    0x3, 0xff, 0xff, 0xff, 0xff, 0xe0, 0x0, 0x0,
    0x0, 0x1f, 0xff, 0xff, 0xff, 0xff, 0x0, 0x0,
    0x0, 0x0, 0xff, 0xff, 0xff, 0xff, 0xf8, 0x0,
    0x0, 0x0, 0x7, 0xff, 0xff, 0xff, 0xff, 0xc0,
    0x0, 0x0, 0x0, 0x3f, 0xff, 0xff, 0xff, 0xfe,
    0x0, 0x0, 0x0, 0x1, 0xff, 0xff, 0xff, 0xff,
    0xf0, 0x0, 0x0, 0x0, 0xf, 0xff, 0xff, 0xff,
    0xff, 0x80, 0x0, 0x0, 0x0, 0x7f, 0xff, 0xff,
    0xff, 0xfc, 0x0, 0x0, 0x0, 0x3, 0xff, 0xff,
    0xff, 0xff, 0xe0, 0x0, 0x0, 0x0, 0x1f, 0xff,
    0xff, 0xff, 0xff, 0x0, 0x0, 0x0, 0x0, 0xff,
    0xff, 0xff, 0xff, 0xf8, 0x0, 0x0, 0x0, 0x7,
    0xff, 0xff, 0xff, 0xff, 0xc0, 0x0, 0x0, 0x0,
    0x3f, 0xff, 0xff, 0xff, 0xfe, 0x0, 0x0, 0x0,
    0x1, 0xff, 0xff, 0xff, 0xff, 0xf0, 0x0, 0x0,
    0x0, 0xf, 0xff, 0xff, 0xff, 0xff, 0x80, 0x0,
    0x0, 0x0, 0x7f, 0xff, 0xff, 0xff, 0xfc, 0x0,
    0x0, 0x0, 0x3, 0xff, 0xff, 0xff, 0xff, 0xe0,
    0x0, 0x0, 0x0, 0x1f, 0xff, 0xff, 0xff, 0xff,
    0x0, 0x0, 0x0, 0x0, 0xff, 0xff, 0xff, 0xff,
    0xf8, 0x0, 0x0, 0x0, 0x7, 0xff, 0xff, 0xff,
    0xff, 0xc0, 0x0, 0x0, 0x0, 0x3f, 0xff, 0xff,
    0xff, 0xfe, 0x0, 0x0, 0x0, 0x1, 0xff, 0xff,
    0xff, 0xff, 0xf0, 0x0, 0x0, 0x0, 0xf, 0xff,
    0xff, 0xff, 0xff, 0x80, 0x0, 0x0, 0x0, 0x7f,
    0xff, 0xff, 0xff, 0xfc, 0x0, 0x0, 0x0, 0x3,
    0xff, 0xff, 0xff, 0xff, 0xe0, 0x0, 0x0, 0x0,
    0x1f, 0xff, 0xff, 0xff, 0xff, 0x0, 0x0, 0x0,
    0x0, 0xff, 0xff, 0xff, 0xff, 0xf8, 0x0, 0x0,
    0x0, 0x7, 0xff, 0xff, 0xff, 0xff, 0xc0, 0x0,
    0x0, 0x0, 0x3f, 0xff, 0xff, 0xff, 0xfe, 0x0,
    0x0, 0x0, 0x1, 0xff, 0xff, 0xff, 0xff, 0xf0,
    0x0, 0x0, 0x0, 0xf, 0xff, 0xff, 0xff, 0xff,
    0x80, 0x0, 0x0, 0x0, 0x7f, 0xff, 0xff, 0xff,
    0xfc, 0x0, 0x0, 0x0, 0x3, 0xff, 0xff, 0xff,
    0xff, 0xe0, 0x0, 0x0, 0x0, 0x1f, 0xff, 0xff,
    0xff, 0xff, 0x0, 0x0, 0x0, 0x0, 0xff, 0xff,
    0xff, 0xff, 0xf8, 0x0, 0x0, 0x0, 0x7, 0xff,
    0xff, 0xff, 0xff, 0xe0, 0x0, 0x0, 0x0, 0x7f,
    0xff, 0xe7, 0xff, 0xff, 0x0, 0x0, 0x0, 0x3,
    0xff, 0xff, 0x3f, 0xff, 0xf8, 0x0, 0x0, 0x0,
    0x1f, 0xff, 0xf9, 0xff, 0xff, 0xe0, 0x0, 0x0,
    0x1, 0xff, 0xff, 0xcf, 0xff, 0xff, 0x0, 0x0,
    0x0, 0xf, 0xff, 0xfe, 0x3f, 0xff, 0xfc, 0x0,
    0x0, 0x0, 0xff, 0xff, 0xe1, 0xff, 0xff, 0xe0,
    0x0, 0x0, 0x7, 0xff, 0xff, 0xf, 0xff, 0xff,
    0x80, 0x0, 0x0, 0x7f, 0xff, 0xf8, 0x3f, 0xff,
    0xfe, 0x0, 0x0, 0x7, 0xff, 0xff, 0x81, 0xff,
    0xff, 0xf8, 0x0, 0x0, 0x7f, 0xff, 0xfc, 0x7,
    0xff, 0xff, 0xf0, 0x0, 0xf, 0xff, 0xff, 0xc0,
    0x3f, 0xff, 0xff, 0xf0, 0x3, 0xff, 0xff, 0xfe,
    0x0, 0xff, 0xff, 0xff, 0xff, 0xff, 0xff, 0xff,
    0xe0, 0x3, 0xff, 0xff, 0xff, 0xff, 0xff, 0xff,
    0xfe, 0x0, 0xf, 0xff, 0xff, 0xff, 0xff, 0xff,
    0xff, 0xe0, 0x0, 0x7f, 0xff, 0xff, 0xff, 0xff,
    0xff, 0xff, 0x0, 0x1, 0xff, 0xff, 0xff, 0xff,
    0xff, 0xff, 0xf0, 0x0, 0x7, 0xff, 0xff, 0xff,
    0xff, 0xff, 0xff, 0x0, 0x0, 0x1f, 0xff, 0xff,
    0xff, 0xff, 0xff, 0xf0, 0x0, 0x0, 0x3f, 0xff,
    0xff, 0xff, 0xff, 0xfe, 0x0, 0x0, 0x0, 0xff,
    0xff, 0xff, 0xff, 0xff, 0xe0, 0x0, 0x0, 0x1,
    0xff, 0xff, 0xff, 0xff, 0xfc, 0x0, 0x0, 0x0,
    0x3, 0xff, 0xff, 0xff, 0xff, 0x80, 0x0, 0x0,
    0x0, 0x7, 0xff, 0xff, 0xff, 0xf0, 0x0, 0x0,
    0x0, 0x0, 0x7, 0xff, 0xff, 0xf8, 0x0, 0x0,
    0x0, 0x0, 0x0, 0x1, 0xff, 0xfc, 0x0, 0x0,
    0x0, 0x0,

    /* U+00DB "Û" */
    0x0, 0x0, 0x0, 0x7, 0xff, 0x0, 0x0, 0x0,
    0x0, 0x0, 0x0, 0x0, 0x7f, 0xfc, 0x0, 0x0,
    0x0, 0x0, 0x0, 0x0, 0x7, 0xff, 0xf8, 0x0,
    0x0, 0x0, 0x0, 0x0, 0x0, 0x7f, 0xff, 0xe0,
    0x0, 0x0, 0x0, 0x0, 0x0, 0x7, 0xff, 0xff,
    0x80, 0x0, 0x0, 0x0, 0x0, 0x0, 0x7f, 0xff,
    0xfe, 0x0, 0x0, 0x0, 0x0, 0x0, 0x7, 0xff,
    0xff, 0xf8, 0x0, 0x0, 0x0, 0x0, 0x0, 0x7f,
    0xff, 0xff, 0xe0, 0x0, 0x0, 0x0, 0x0, 0x7,
    0xff, 0xff, 0xff, 0x80, 0x0, 0x0, 0x0, 0x0,
    0x7f, 0xfe, 0xff, 0xfe, 0x0, 0x0, 0x0, 0x0,
    0xf, 0xff, 0xe3, 0xff, 0xf8, 0x0, 0x0, 0x0,
    0x0, 0xff, 0xfe, 0xf, 0xff, 0xe0, 0x0, 0x0,
    0x0, 0xf, 0xff, 0xe0, 0x3f, 0xff, 0x80, 0x0,
    0x0, 0x0, 0xff, 0xfe, 0x0, 0xff, 0xfe, 0x0,
    0x0, 0x0, 0xf, 0xff, 0xe0, 0x1, 0xff, 0xf8,
    0x0, 0x0, 0x0, 0xff, 0xfe, 0x0, 0x7, 0xff,
    0xe0, 0x0, 0x0, 0xf, 0xff, 0xe0, 0x0, 0x1f,
    0xff, 0x80, 0x0, 0x0, 0xff, 0xfe, 0x0, 0x0,
    0x7f, 0xfe, 0x0, 0x0, 0x7, 0xff, 0xe0, 0x0,
    0x0, 0x0, 0x0, 0x0, 0x0, 0x0, 0x0, 0x0,
    0x0, 0x0, 0x0, 0x0, 0x0, 0x0, 0x0, 0x0,
    0x0, 0x0, 0x0, 0x0, 0x0, 0x0, 0x0, 0x0,
    0x0, 0x0, 0x0, 0x0, 0x0, 0x0, 0x0, 0x0,
    0x0, 0x0, 0x0, 0x0, 0x0, 0x0, 0x0, 0x0,
    0x0, 0x0, 0x0, 0x0, 0x0, 0x0, 0x0, 0xff,
    0xff, 0xe0, 0x0, 0x0, 0x0, 0x1f, 0xff, 0xff,
    0xff, 0xff, 0x0, 0x0, 0x0, 0x0, 0xff, 0xff,
    0xff, 0xff, 0xf8, 0x0, 0x0, 0x0, 0x7, 0xff,
    0xff, 0xff, 0xff, 0xc0, 0x0, 0x0, 0x0, 0x3f,
    0xff, 0xff, 0xff, 0xfe, 0x0, 0x0, 0x0, 0x1,
    0xff, 0xff, 0xff, 0xff, 0xf0, 0x0, 0x0, 0x0,
    0xf, 0xff, 0xff, 0xff, 0xff, 0x80, 0x0, 0x0,
    0x0, 0x7f, 0xff, 0xff, 0xff, 0xfc, 0x0, 0x0,
    0x0, 0x3, 0xff, 0xff, 0xff, 0xff, 0xe0, 0x0,
    0x0, 0x0, 0x1f, 0xff, 0xff, 0xff, 0xff, 0x0,
    0x0, 0x0, 0x0, 0xff, 0xff, 0xff, 0xff, 0xf8,
    0x0, 0x0, 0x0, 0x7, 0xff, 0xff, 0xff, 0xff,
    0xc0, 0x0, 0x0, 0x0, 0x3f, 0xff, 0xff, 0xff,
    0xfe, 0x0, 0x0, 0x0, 0x1, 0xff, 0xff, 0xff,
    0xff, 0xf0, 0x0, 0x0, 0x0, 0xf, 0xff, 0xff,
    0xff, 0xff, 0x80, 0x0, 0x0, 0x0, 0x7f, 0xff,
    0xff, 0xff, 0xfc, 0x0, 0x0, 0x0, 0x3, 0xff,
    0xff, 0xff, 0xff, 0xe0, 0x0, 0x0, 0x0, 0x1f,
    0xff, 0xff, 0xff, 0xff, 0x0, 0x0, 0x0, 0x0,
    0xff, 0xff, 0xff, 0xff, 0xf8, 0x0, 0x0, 0x0,
    0x7, 0xff, 0xff, 0xff, 0xff, 0xc0, 0x0, 0x0,
    0x0, 0x3f, 0xff, 0xff, 0xff, 0xfe, 0x0, 0x0,
    0x0, 0x1, 0xff, 0xff, 0xff, 0xff, 0xf0, 0x0,
    0x0, 0x0, 0xf, 0xff, 0xff, 0xff, 0xff, 0x80,
    0x0, 0x0, 0x0, 0x7f, 0xff, 0xff, 0xff, 0xfc,
    0x0, 0x0, 0x0, 0x3, 0xff, 0xff, 0xff, 0xff,
    0xe0, 0x0, 0x0, 0x0, 0x1f, 0xff, 0xff, 0xff,
    0xff, 0x0, 0x0, 0x0, 0x0, 0xff, 0xff, 0xff,
    0xff, 0xf8, 0x0, 0x0, 0x0, 0x7, 0xff, 0xff,
    0xff, 0xff, 0xc0, 0x0, 0x0, 0x0, 0x3f, 0xff,
    0xff, 0xff, 0xfe, 0x0, 0x0, 0x0, 0x1, 0xff,
    0xff, 0xff, 0xff, 0xf0, 0x0, 0x0, 0x0, 0xf,
    0xff, 0xff, 0xff, 0xff, 0x80, 0x0, 0x0, 0x0,
    0x7f, 0xff, 0xff, 0xff, 0xfc, 0x0, 0x0, 0x0,
    0x3, 0xff, 0xff, 0xff, 0xff, 0xe0, 0x0, 0x0,
    0x0, 0x1f, 0xff, 0xff, 0xff, 0xff, 0x0, 0x0,
    0x0, 0x0, 0xff, 0xff, 0xff, 0xff, 0xf8, 0x0,
    0x0, 0x0, 0x7, 0xff, 0xff, 0xff, 0xff, 0xc0,
    0x0, 0x0, 0x0, 0x3f, 0xff, 0xff, 0xff, 0xfe,
    0x0, 0x0, 0x0, 0x1, 0xff, 0xff, 0xff, 0xff,
    0xf0, 0x0, 0x0, 0x0, 0xf, 0xff, 0xff, 0xff,
    0xff, 0x80, 0x0, 0x0, 0x0, 0x7f, 0xff, 0xff,
    0xff, 0xfc, 0x0, 0x0, 0x0, 0x3, 0xff, 0xff,
    0xff, 0xff, 0xe0, 0x0, 0x0, 0x0, 0x1f, 0xff,
    0xff, 0xff, 0xff, 0x0, 0x0, 0x0, 0x0, 0xff,
    0xff, 0xff, 0xff, 0xf8, 0x0, 0x0, 0x0, 0x7,
    0xff, 0xff, 0xff, 0xff, 0xc0, 0x0, 0x0, 0x0,
    0x3f, 0xff, 0xff, 0xff, 0xfe, 0x0, 0x0, 0x0,
    0x1, 0xff, 0xff, 0xff, 0xff, 0xf0, 0x0, 0x0,
    0x0, 0xf, 0xff, 0xff, 0xff, 0xff, 0x80, 0x0,
    0x0, 0x0, 0x7f, 0xff, 0xff, 0xff, 0xfc, 0x0,
    0x0, 0x0, 0x3, 0xff, 0xff, 0xff, 0xff, 0xe0,
    0x0, 0x0, 0x0, 0x1f, 0xff, 0xff, 0xff, 0xff,
    0x0, 0x0, 0x0, 0x0, 0xff, 0xff, 0xff, 0xff,
    0xf8, 0x0, 0x0, 0x0, 0x7, 0xff, 0xff, 0xff,
    0xff, 0xc0, 0x0, 0x0, 0x0, 0x3f, 0xff, 0xff,
    0xff, 0xfe, 0x0, 0x0, 0x0, 0x1, 0xff, 0xff,
    0xff, 0xff, 0xf0, 0x0, 0x0, 0x0, 0xf, 0xff,
    0xff, 0xff, 0xff, 0x80, 0x0, 0x0, 0x0, 0x7f,
    0xff, 0xff, 0xff, 0xfc, 0x0, 0x0, 0x0, 0x3,
    0xff, 0xff, 0xff, 0xff, 0xe0, 0x0, 0x0, 0x0,
    0x1f, 0xff, 0xff, 0xff, 0xff, 0x0, 0x0, 0x0,
    0x0, 0xff, 0xff, 0xff, 0xff, 0xf8, 0x0, 0x0,
    0x0, 0x7, 0xff, 0xff, 0xff, 0xff, 0xc0, 0x0,
    0x0, 0x0, 0x3f, 0xff, 0xff, 0xff, 0xfe, 0x0,
    0x0, 0x0, 0x1, 0xff, 0xff, 0xff, 0xff, 0xf0,
    0x0, 0x0, 0x0, 0xf, 0xff, 0xff, 0xff, 0xff,
    0x80, 0x0, 0x0, 0x0, 0x7f, 0xff, 0xff, 0xff,
    0xfc, 0x0, 0x0, 0x0, 0x3, 0xff, 0xff, 0xff,
    0xff, 0xe0, 0x0, 0x0, 0x0, 0x1f, 0xff, 0xff,
    0xff, 0xff, 0x0, 0x0, 0x0, 0x0, 0xff, 0xff,
    0xff, 0xff, 0xf8, 0x0, 0x0, 0x0, 0x7, 0xff,
    0xff, 0xff, 0xff, 0xe0, 0x0, 0x0, 0x0, 0x7f,
    0xff, 0xe7, 0xff, 0xff, 0x0, 0x0, 0x0, 0x3,
    0xff, 0xff, 0x3f, 0xff, 0xf8, 0x0, 0x0, 0x0,
    0x1f, 0xff, 0xf9, 0xff, 0xff, 0xe0, 0x0, 0x0,
    0x1, 0xff, 0xff, 0xcf, 0xff, 0xff, 0x0, 0x0,
    0x0, 0xf, 0xff, 0xfe, 0x3f, 0xff, 0xfc, 0x0,
    0x0, 0x0, 0x7f, 0xff, 0xe1, 0xff, 0xff, 0xe0,
    0x0, 0x0, 0x7, 0xff, 0xff, 0xf, 0xff, 0xff,
    0x80, 0x0, 0x0, 0x7f, 0xff, 0xf8, 0x3f, 0xff,
    0xfe, 0x0, 0x0, 0x7, 0xff, 0xff, 0x81, 0xff,
    0xff, 0xf8, 0x0, 0x0, 0x7f, 0xff, 0xfc, 0x7,
    0xff, 0xff, 0xf0, 0x0, 0xf, 0xff, 0xff, 0xc0,
    0x3f, 0xff, 0xff, 0xf0, 0x3, 0xff, 0xff, 0xfe,
    0x0, 0xff, 0xff, 0xff, 0xff, 0xff, 0xff, 0xff,
    0xe0, 0x3, 0xff, 0xff, 0xff, 0xff, 0xff, 0xff,
    0xfe, 0x0, 0x1f, 0xff, 0xff, 0xff, 0xff, 0xff,
    0xff, 0xe0, 0x0, 0x7f, 0xff, 0xff, 0xff, 0xff,
    0xff, 0xff, 0x0, 0x1, 0xff, 0xff, 0xff, 0xff,
    0xff, 0xff, 0xf0, 0x0, 0x7, 0xff, 0xff, 0xff,
    0xff, 0xff, 0xff, 0x0, 0x0, 0x1f, 0xff, 0xff,
    0xff, 0xff, 0xff, 0xf0, 0x0, 0x0, 0x3f, 0xff,
    0xff, 0xff, 0xff, 0xfe, 0x0, 0x0, 0x0, 0xff,
    0xff, 0xff, 0xff, 0xff, 0xe0, 0x0, 0x0, 0x1,
    0xff, 0xff, 0xff, 0xff, 0xfc, 0x0, 0x0, 0x0,
    0x3, 0xff, 0xff, 0xff, 0xff, 0x80, 0x0, 0x0,
    0x0, 0x7, 0xff, 0xff, 0xff, 0xf0, 0x0, 0x0,
    0x0, 0x0, 0x7, 0xff, 0xff, 0xfc, 0x0, 0x0,
    0x0, 0x0, 0x0, 0x1, 0xff, 0xfc, 0x0, 0x0,
    0x0, 0x0,

    /* U+00DC "Ü" */
    0x0, 0x0, 0xfe, 0x0, 0x0, 0x3, 0xf8, 0x0,
    0x0, 0x0, 0x1f, 0xfc, 0x0, 0x0, 0x7f, 0xf0,
    0x0, 0x0, 0x1, 0xff, 0xf0, 0x0, 0x7, 0xff,
    0xc0, 0x0, 0x0, 0x1f, 0xff, 0xc0, 0x0, 0x7f,
    0xff, 0x0, 0x0, 0x0, 0xff, 0xfe, 0x0, 0x3,
    0xff, 0xf8, 0x0, 0x0, 0xf, 0xff, 0xf8, 0x0,
    0x3f, 0xff, 0xe0, 0x0, 0x0, 0x7f, 0xff, 0xc0,
    0x1, 0xff, 0xff, 0x0, 0x0, 0x3, 0xff, 0xfe,
    0x0, 0xf, 0xff, 0xf8, 0x0, 0x0, 0x1f, 0xff,
    0xf0, 0x0, 0x7f, 0xff, 0xc0, 0x0, 0x0, 0xff,
    0xff, 0x80, 0x3, 0xff, 0xfe, 0x0, 0x0, 0x3,
    0xff, 0xf8, 0x0, 0xf, 0xff, 0xe0, 0x0, 0x0,
    0x1f, 0xff, 0xc0, 0x0, 0x7f, 0xff, 0x0, 0x0,
    0x0, 0x7f, 0xfc, 0x0, 0x1, 0xff, 0xf0, 0x0,
    0x0, 0x1, 0xff, 0xc0, 0x0, 0x7, 0xff, 0x0,
    0x0, 0x0, 0x3, 0xf8, 0x0, 0x0, 0xf, 0xe0,
    0x0, 0x0, 0x0, 0x0, 0x0, 0x0, 0x0, 0x0,
    0x0, 0x0, 0x0, 0x0, 0x0, 0x0, 0x0, 0x0,
    0x0, 0x0, 0x0, 0x0, 0x0, 0x0, 0x0, 0x0,
    0x0, 0x0, 0x0, 0x0, 0x0, 0x0, 0x0, 0x0,
    0x0, 0x0, 0x0, 0x0, 0x0, 0x0, 0x0, 0x0,
    0x0, 0x0, 0x0, 0x0, 0x0, 0x0, 0x0, 0x0,
    0x0, 0x0, 0x0, 0x0, 0x0, 0x7f, 0xff, 0xf0,
    0x0, 0x0, 0x0, 0xf, 0xff, 0xff, 0xff, 0xff,
    0x80, 0x0, 0x0, 0x0, 0x7f, 0xff, 0xff, 0xff,
    0xfc, 0x0, 0x0, 0x0, 0x3, 0xff, 0xff, 0xff,
    0xff, 0xe0, 0x0, 0x0, 0x0, 0x1f, 0xff, 0xff,
    0xff, 0xff, 0x0, 0x0, 0x0, 0x0, 0xff, 0xff,
    0xff, 0xff, 0xf8, 0x0, 0x0, 0x0, 0x7, 0xff,
    0xff, 0xff, 0xff, 0xc0, 0x0, 0x0, 0x0, 0x3f,
    0xff, 0xff, 0xff, 0xfe, 0x0, 0x0, 0x0, 0x1,
    0xff, 0xff, 0xff, 0xff, 0xf0, 0x0, 0x0, 0x0,
    0xf, 0xff, 0xff, 0xff, 0xff, 0x80, 0x0, 0x0,
    0x0, 0x7f, 0xff, 0xff, 0xff, 0xfc, 0x0, 0x0,
    0x0, 0x3, 0xff, 0xff, 0xff, 0xff, 0xe0, 0x0,
    0x0, 0x0, 0x1f, 0xff, 0xff, 0xff, 0xff, 0x0,
    0x0, 0x0, 0x0, 0xff, 0xff, 0xff, 0xff, 0xf8,
    0x0, 0x0, 0x0, 0x7, 0xff, 0xff, 0xff, 0xff,
    0xc0, 0x0, 0x0, 0x0, 0x3f, 0xff, 0xff, 0xff,
    0xfe, 0x0, 0x0, 0x0, 0x1, 0xff, 0xff, 0xff,
    0xff, 0xf0, 0x0, 0x0, 0x0, 0xf, 0xff, 0xff,
    0xff, 0xff, 0x80, 0x0, 0x0, 0x0, 0x7f, 0xff,
    0xff, 0xff, 0xfc, 0x0, 0x0, 0x0, 0x3, 0xff,
    0xff, 0xff, 0xff, 0xe0, 0x0, 0x0, 0x0, 0x1f,
    0xff, 0xff, 0xff, 0xff, 0x0, 0x0, 0x0, 0x0,
    0xff, 0xff, 0xff, 0xff, 0xf8, 0x0, 0x0, 0x0,
    0x7, 0xff, 0xff, 0xff, 0xff, 0xc0, 0x0, 0x0,
    0x0, 0x3f, 0xff, 0xff, 0xff, 0xfe, 0x0, 0x0,
    0x0, 0x1, 0xff, 0xff, 0xff, 0xff, 0xf0, 0x0,
    0x0, 0x0, 0xf, 0xff, 0xff, 0xff, 0xff, 0x80,
    0x0, 0x0, 0x0, 0x7f, 0xff, 0xff, 0xff, 0xfc,
    0x0, 0x0, 0x0, 0x3, 0xff, 0xff, 0xff, 0xff,
    0xe0, 0x0, 0x0, 0x0, 0x1f, 0xff, 0xff, 0xff,
    0xff, 0x0, 0x0, 0x0, 0x0, 0xff, 0xff, 0xff,
    0xff, 0xf8, 0x0, 0x0, 0x0, 0x7, 0xff, 0xff,
    0xff, 0xff, 0xc0, 0x0, 0x0, 0x0, 0x3f, 0xff,
    0xff, 0xff, 0xfe, 0x0, 0x0, 0x0, 0x1, 0xff,
    0xff, 0xff, 0xff, 0xf0, 0x0, 0x0, 0x0, 0xf,
    0xff, 0xff, 0xff, 0xff, 0x80, 0x0, 0x0, 0x0,
    0x7f, 0xff, 0xff, 0xff, 0xfc, 0x0, 0x0, 0x0,
    0x3, 0xff, 0xff, 0xff, 0xff, 0xe0, 0x0, 0x0,
    0x0, 0x1f, 0xff, 0xff, 0xff, 0xff, 0x0, 0x0,
    0x0, 0x0, 0xff, 0xff, 0xff, 0xff, 0xf8, 0x0,
    0x0, 0x0, 0x7, 0xff, 0xff, 0xff, 0xff, 0xc0,
    0x0, 0x0, 0x0, 0x3f, 0xff, 0xff, 0xff, 0xfe,
    0x0, 0x0, 0x0, 0x1, 0xff, 0xff, 0xff, 0xff,
    0xf0, 0x0, 0x0, 0x0, 0xf, 0xff, 0xff, 0xff,
    0xff, 0x80, 0x0, 0x0, 0x0, 0x7f, 0xff, 0xff,
    0xff, 0xfc, 0x0, 0x0, 0x0, 0x3, 0xff, 0xff,
    0xff, 0xff, 0xe0, 0x0, 0x0, 0x0, 0x1f, 0xff,
    0xff, 0xff, 0xff, 0x0, 0x0, 0x0, 0x0, 0xff,
    0xff, 0xff, 0xff, 0xf8, 0x0, 0x0, 0x0, 0x7,
    0xff, 0xff, 0xff, 0xff, 0xc0, 0x0, 0x0, 0x0,
    0x3f, 0xff, 0xff, 0xff, 0xfe, 0x0, 0x0, 0x0,
    0x1, 0xff, 0xff, 0xff, 0xff, 0xf0, 0x0, 0x0,
    0x0, 0xf, 0xff, 0xff, 0xff, 0xff, 0x80, 0x0,
    0x0, 0x0, 0x7f, 0xff, 0xff, 0xff, 0xfc, 0x0,
    0x0, 0x0, 0x3, 0xff, 0xff, 0xff, 0xff, 0xe0,
    0x0, 0x0, 0x0, 0x1f, 0xff, 0xff, 0xff, 0xff,
    0x0, 0x0, 0x0, 0x0, 0xff, 0xff, 0xff, 0xff,
    0xf8, 0x0, 0x0, 0x0, 0x7, 0xff, 0xff, 0xff,
    0xff, 0xc0, 0x0, 0x0, 0x0, 0x3f, 0xff, 0xff,
    0xff, 0xfe, 0x0, 0x0, 0x0, 0x1, 0xff, 0xff,
    0xff, 0xff, 0xf0, 0x0, 0x0, 0x0, 0xf, 0xff,
    0xff, 0xff, 0xff, 0x80, 0x0, 0x0, 0x0, 0x7f,
    0xff, 0xff, 0xff, 0xfc, 0x0, 0x0, 0x0, 0x3,
    0xff, 0xff, 0xff, 0xff, 0xe0, 0x0, 0x0, 0x0,
    0x1f, 0xff, 0xff, 0xff, 0xff, 0x0, 0x0, 0x0,
    0x0, 0xff, 0xff, 0xff, 0xff, 0xf8, 0x0, 0x0,
    0x0, 0x7, 0xff, 0xff, 0xff, 0xff, 0xc0, 0x0,
    0x0, 0x0, 0x3f, 0xff, 0xff, 0xff, 0xfe, 0x0,
    0x0, 0x0, 0x1, 0xff, 0xff, 0xff, 0xff, 0xf0,
    0x0, 0x0, 0x0, 0xf, 0xff, 0xff, 0xff, 0xff,
    0x80, 0x0, 0x0, 0x0, 0x7f, 0xff, 0xff, 0xff,
    0xfc, 0x0, 0x0, 0x0, 0x3, 0xff, 0xff, 0xff,
    0xff, 0xf0, 0x0, 0x0, 0x0, 0x3f, 0xff, 0xf3,
    0xff, 0xff, 0x80, 0x0, 0x0, 0x1, 0xff, 0xff,
    0x9f, 0xff, 0xfc, 0x0, 0x0, 0x0, 0xf, 0xff,
    0xfc, 0xff, 0xff, 0xf0, 0x0, 0x0, 0x0, 0xff,
    0xff, 0xe7, 0xff, 0xff, 0x80, 0x0, 0x0, 0x7,
    0xff, 0xff, 0x1f, 0xff, 0xfe, 0x0, 0x0, 0x0,
    0x7f, 0xff, 0xf0, 0xff, 0xff, 0xf0, 0x0, 0x0,
    0x3, 0xff, 0xff, 0x87, 0xff, 0xff, 0xc0, 0x0,
    0x0, 0x3f, 0xff, 0xfc, 0x1f, 0xff, 0xff, 0x0,
    0x0, 0x3, 0xff, 0xff, 0xc0, 0xff, 0xff, 0xfc,
    0x0, 0x0, 0x3f, 0xff, 0xfe, 0x3, 0xff, 0xff,
    0xf8, 0x0, 0x7, 0xff, 0xff, 0xe0, 0x1f, 0xff,
    0xff, 0xf8, 0x1, 0xff, 0xff, 0xff, 0x0, 0x7f,
    0xff, 0xff, 0xff, 0xff, 0xff, 0xff, 0xf0, 0x1,
    0xff, 0xff, 0xff, 0xff, 0xff, 0xff, 0xff, 0x0,
    0x7, 0xff, 0xff, 0xff, 0xff, 0xff, 0xff, 0xf0,
    0x0, 0x3f, 0xff, 0xff, 0xff, 0xff, 0xff, 0xff,
    0x80, 0x0, 0xff, 0xff, 0xff, 0xff, 0xff, 0xff,
    0xf8, 0x0, 0x3, 0xff, 0xff, 0xff, 0xff, 0xff,
    0xff, 0x80, 0x0, 0xf, 0xff, 0xff, 0xff, 0xff,
    0xff, 0xf0, 0x0, 0x0, 0x1f, 0xff, 0xff, 0xff,
    0xff, 0xff, 0x0, 0x0, 0x0, 0x7f, 0xff, 0xff,
    0xff, 0xff, 0xf0, 0x0, 0x0, 0x0, 0xff, 0xff,
    0xff, 0xff, 0xfe, 0x0, 0x0, 0x0, 0x1, 0xff,
    0xff, 0xff, 0xff, 0xc0, 0x0, 0x0, 0x0, 0x3,
    0xff, 0xff, 0xff, 0xf8, 0x0, 0x0, 0x0, 0x0,
    0x3, 0xff, 0xff, 0xfc, 0x0, 0x0, 0x0, 0x0,
    0x0, 0x0, 0xff, 0xfe, 0x0, 0x0, 0x0, 0x0,

    /* U+00DD "Ý" */
    0x0, 0x0, 0x0, 0x0, 0x0, 0x1f, 0xff, 0xfc,
    0x0, 0x0, 0x0, 0x0, 0x0, 0x0, 0x0, 0x7f,
    0xff, 0xf8, 0x0, 0x0, 0x0, 0x0, 0x0, 0x0,
    0x0, 0xff, 0xff, 0xe0, 0x0, 0x0, 0x0, 0x0,
    0x0, 0x0, 0x3, 0xff, 0xff, 0x80, 0x0, 0x0,
    0x0, 0x0, 0x0, 0x0, 0xf, 0xff, 0xfe, 0x0,
    0x0, 0x0, 0x0, 0x0, 0x0, 0x0, 0x1f, 0xff,
    0xf8, 0x0, 0x0, 0x0, 0x0, 0x0, 0x0, 0x0,
    0x7f, 0xff, 0xe0, 0x0, 0x0, 0x0, 0x0, 0x0,
    0x0, 0x1, 0xff, 0xff, 0x80, 0x0, 0x0, 0x0,
    0x0, 0x0, 0x0, 0x3, 0xff, 0xfe, 0x0, 0x0,
    0x0, 0x0, 0x0, 0x0, 0x0, 0xf, 0xff, 0xf8,
    0x0, 0x0, 0x0, 0x0, 0x0, 0x0, 0x0, 0x1f,
    0xff, 0xe0, 0x0, 0x0, 0x0, 0x0, 0x0, 0x0,
    0x0, 0x7f, 0xff, 0x80, 0x0, 0x0, 0x0, 0x0,
    0x0, 0x0, 0x1, 0xff, 0xff, 0x0, 0x0, 0x0,
    0x0, 0x0, 0x0, 0x0, 0x3, 0xff, 0xfc, 0x0,
    0x0, 0x0, 0x0, 0x0, 0x0, 0x0, 0xf, 0xff,
    0xf0, 0x0, 0x0, 0x0, 0x0, 0x0, 0x0, 0x0,
    0x3f, 0xff, 0xc0, 0x0, 0x0, 0x0, 0x0, 0x0,
    0x0, 0x0, 0x7f, 0xff, 0x0, 0x0, 0x0, 0x0,
    0x0, 0x0, 0x0, 0x1, 0xff, 0xfc, 0x0, 0x0,
    0x0, 0x0, 0x0, 0x0, 0x0, 0x7, 0xff, 0xf0,
    0x0, 0x0, 0x0, 0x0, 0x0, 0x0, 0x0, 0x0,
    0x0, 0x0, 0x0, 0x0, 0x0, 0x0, 0x0, 0x0,
    0x0, 0x0, 0x0, 0x0, 0x0, 0x0, 0x0, 0x0,
    0x0, 0x0, 0x0, 0x0, 0x0, 0x0, 0x0, 0x0,
    0x0, 0x0, 0x0, 0x0, 0x0, 0x0, 0x0, 0x0,
    0x0, 0x0, 0x0, 0x0, 0x0, 0x0, 0x0, 0x0,
    0x0, 0x0, 0x0, 0x0, 0x0, 0xff, 0xff, 0xf8,
    0x0, 0x0, 0x0, 0x0, 0x3f, 0xff, 0xfe, 0xff,
    0xff, 0xf0, 0x0, 0x0, 0x0, 0x0, 0x7f, 0xff,
    0xf9, 0xff, 0xff, 0xf0, 0x0, 0x0, 0x0, 0x1,
    0xff, 0xff, 0xf1, 0xff, 0xff, 0xe0, 0x0, 0x0,
    0x0, 0x3, 0xff, 0xff, 0xc3, 0xff, 0xff, 0xc0,
    0x0, 0x0, 0x0, 0x7, 0xff, 0xff, 0x83, 0xff,
    0xff, 0xc0, 0x0, 0x0, 0x0, 0x1f, 0xff, 0xfe,
    0x7, 0xff, 0xff, 0x80, 0x0, 0x0, 0x0, 0x3f,
    0xff, 0xfc, 0x7, 0xff, 0xff, 0x80, 0x0, 0x0,
    0x0, 0xff, 0xff, 0xf0, 0xf, 0xff, 0xff, 0x0,
    0x0, 0x0, 0x1, 0xff, 0xff, 0xe0, 0xf, 0xff,
    0xff, 0x0, 0x0, 0x0, 0x7, 0xff, 0xff, 0x80,
    0x1f, 0xff, 0xfe, 0x0, 0x0, 0x0, 0xf, 0xff,
    0xff, 0x0, 0x1f, 0xff, 0xfe, 0x0, 0x0, 0x0,
    0x3f, 0xff, 0xfc, 0x0, 0x3f, 0xff, 0xfc, 0x0,
    0x0, 0x0, 0x7f, 0xff, 0xf8, 0x0, 0x3f, 0xff,
    0xfc, 0x0, 0x0, 0x1, 0xff, 0xff, 0xe0, 0x0,
    0x7f, 0xff, 0xf8, 0x0, 0x0, 0x3, 0xff, 0xff,
    0xc0, 0x0, 0x7f, 0xff, 0xf0, 0x0, 0x0, 0xf,
    0xff, 0xff, 0x0, 0x0, 0xff, 0xff, 0xf0, 0x0,
    0x0, 0x1f, 0xff, 0xfe, 0x0, 0x0, 0xff, 0xff,
    0xe0, 0x0, 0x0, 0x3f, 0xff, 0xf8, 0x0, 0x1,
    0xff, 0xff, 0xe0, 0x0, 0x0, 0xff, 0xff, 0xe0,
    0x0, 0x1, 0xff, 0xff, 0xc0, 0x0, 0x1, 0xff,
    0xff, 0xc0, 0x0, 0x1, 0xff, 0xff, 0xc0, 0x0,
    0x7, 0xff, 0xff, 0x0, 0x0, 0x3, 0xff, 0xff,
    0x80, 0x0, 0xf, 0xff, 0xfe, 0x0, 0x0, 0x3,
    0xff, 0xff, 0x80, 0x0, 0x3f, 0xff, 0xf8, 0x0,
    0x0, 0x7, 0xff, 0xff, 0x0, 0x0, 0x7f, 0xff,
    0xf0, 0x0, 0x0, 0x7, 0xff, 0xff, 0x0, 0x1,
    0xff, 0xff, 0xc0, 0x0, 0x0, 0xf, 0xff, 0xfe,
    0x0, 0x3, 0xff, 0xff, 0x80, 0x0, 0x0, 0xf,
    0xff, 0xfe, 0x0, 0xf, 0xff, 0xfe, 0x0, 0x0,
    0x0, 0x1f, 0xff, 0xfc, 0x0, 0x1f, 0xff, 0xfc,
    0x0, 0x0, 0x0, 0x1f, 0xff, 0xf8, 0x0, 0x3f,
    0xff, 0xf0, 0x0, 0x0, 0x0, 0x3f, 0xff, 0xf8,
    0x0, 0xff, 0xff, 0xe0, 0x0, 0x0, 0x0, 0x3f,
    0xff, 0xf0, 0x1, 0xff, 0xff, 0x80, 0x0, 0x0,
    0x0, 0x7f, 0xff, 0xf0, 0x7, 0xff, 0xff, 0x0,
    0x0, 0x0, 0x0, 0x7f, 0xff, 0xe0, 0xf, 0xff,
    0xfc, 0x0, 0x0, 0x0, 0x0, 0xff, 0xff, 0xe0,
    0x3f, 0xff, 0xf8, 0x0, 0x0, 0x0, 0x0, 0xff,
    0xff, 0xc0, 0x7f, 0xff, 0xe0, 0x0, 0x0, 0x0,
    0x1, 0xff, 0xff, 0xc1, 0xff, 0xff, 0xc0, 0x0,
    0x0, 0x0, 0x1, 0xff, 0xff, 0x83, 0xff, 0xff,
    0x0, 0x0, 0x0, 0x0, 0x3, 0xff, 0xff, 0x8f,
    0xff, 0xfe, 0x0, 0x0, 0x0, 0x0, 0x3, 0xff,
    0xff, 0x1f, 0xff, 0xf8, 0x0, 0x0, 0x0, 0x0,
    0x7, 0xff, 0xfe, 0x3f, 0xff, 0xf0, 0x0, 0x0,
    0x0, 0x0, 0x7, 0xff, 0xfe, 0xff, 0xff, 0xc0,
    0x0, 0x0, 0x0, 0x0, 0xf, 0xff, 0xfd, 0xff,
    0xff, 0x80, 0x0, 0x0, 0x0, 0x0, 0xf, 0xff,
    0xff, 0xff, 0xfe, 0x0, 0x0, 0x0, 0x0, 0x0,
    0x1f, 0xff, 0xff, 0xff, 0xfc, 0x0, 0x0, 0x0,
    0x0, 0x0, 0x1f, 0xff, 0xff, 0xff, 0xf0, 0x0,
    0x0, 0x0, 0x0, 0x0, 0x3f, 0xff, 0xff, 0xff,
    0xe0, 0x0, 0x0, 0x0, 0x0, 0x0, 0x3f, 0xff,
    0xff, 0xff, 0x80, 0x0, 0x0, 0x0, 0x0, 0x0,
    0x7f, 0xff, 0xff, 0xff, 0x0, 0x0, 0x0, 0x0,
    0x0, 0x0, 0x7f, 0xff, 0xff, 0xfc, 0x0, 0x0,
    0x0, 0x0, 0x0, 0x0, 0xff, 0xff, 0xff, 0xf8,
    0x0, 0x0, 0x0, 0x0, 0x0, 0x0, 0xff, 0xff,
    0xff, 0xe0, 0x0, 0x0, 0x0, 0x0, 0x0, 0x0,
    0xff, 0xff, 0xff, 0x80, 0x0, 0x0, 0x0, 0x0,
    0x0, 0x1, 0xff, 0xff, 0xff, 0x0, 0x0, 0x0,
    0x0, 0x0, 0x0, 0x1, 0xff, 0xff, 0xfc, 0x0,
    0x0, 0x0, 0x0, 0x0, 0x0, 0x3, 0xff, 0xff,
    0xf8, 0x0, 0x0, 0x0, 0x0, 0x0, 0x0, 0x3,
    0xff, 0xff, 0xe0, 0x0, 0x0, 0x0, 0x0, 0x0,
    0x0, 0x7, 0xff, 0xff, 0xc0, 0x0, 0x0, 0x0,
    0x0, 0x0, 0x0, 0x7, 0xff, 0xff, 0x0, 0x0,
    0x0, 0x0, 0x0, 0x0, 0x0, 0xf, 0xff, 0xfe,
    0x0, 0x0, 0x0, 0x0, 0x0, 0x0, 0x0, 0x1f,
    0xff, 0xfc, 0x0, 0x0, 0x0, 0x0, 0x0, 0x0,
    0x0, 0x3f, 0xff, 0xf8, 0x0, 0x0, 0x0, 0x0,
    0x0, 0x0, 0x0, 0x7f, 0xff, 0xf0, 0x0, 0x0,
    0x0, 0x0, 0x0, 0x0, 0x0, 0xff, 0xff, 0xe0,
    0x0, 0x0, 0x0, 0x0, 0x0, 0x0, 0x1, 0xff,
    0xff, 0xc0, 0x0, 0x0, 0x0, 0x0, 0x0, 0x0,
    0x3, 0xff, 0xff, 0x80, 0x0, 0x0, 0x0, 0x0,
    0x0, 0x0, 0x7, 0xff, 0xff, 0x0, 0x0, 0x0,
    0x0, 0x0, 0x0, 0x0, 0xf, 0xff, 0xfe, 0x0,
    0x0, 0x0, 0x0, 0x0, 0x0, 0x0, 0x1f, 0xff,
    0xfc, 0x0, 0x0, 0x0, 0x0, 0x0, 0x0, 0x0,
    0x3f, 0xff, 0xf8, 0x0, 0x0, 0x0, 0x0, 0x0,
    0x0, 0x0, 0x7f, 0xff, 0xf0, 0x0, 0x0, 0x0,
    0x0, 0x0, 0x0, 0x0, 0xff, 0xff, 0xe0, 0x0,
    0x0, 0x0, 0x0, 0x0, 0x0, 0x1, 0xff, 0xff,
    0xc0, 0x0, 0x0, 0x0, 0x0, 0x0, 0x0, 0x3,
    0xff, 0xff, 0x80, 0x0, 0x0, 0x0, 0x0, 0x0,
    0x0, 0x7, 0xff, 0xff, 0x0, 0x0, 0x0, 0x0,
    0x0, 0x0, 0x0, 0xf, 0xff, 0xfe, 0x0, 0x0,
    0x0, 0x0, 0x0, 0x0, 0x0, 0x1f, 0xff, 0xfc,
    0x0, 0x0, 0x0, 0x0, 0x0, 0x0, 0x0, 0x3f,
    0xff, 0xf8, 0x0, 0x0, 0x0, 0x0, 0x0, 0x0,
    0x0, 0x7f, 0xff, 0xf0, 0x0, 0x0, 0x0, 0x0,
    0x0, 0x0, 0x0, 0xff, 0xff, 0xe0, 0x0, 0x0,
    0x0, 0x0, 0x0, 0x0, 0x1, 0xff, 0xff, 0xc0,
    0x0, 0x0, 0x0, 0x0, 0x0, 0x0, 0x3, 0xff,
    0xff, 0x80, 0x0, 0x0, 0x0, 0x0, 0x0, 0x0,
    0x7, 0xff, 0xff, 0x0, 0x0, 0x0, 0x0, 0x0,
    0x0, 0x0, 0xf, 0xff, 0xfe, 0x0, 0x0, 0x0,
    0x0, 0x0, 0x0, 0x0, 0x1f, 0xff, 0xfc, 0x0,
    0x0, 0x0, 0x0, 0x0, 0x0, 0x0, 0x3f, 0xff,
    0xf8, 0x0, 0x0, 0x0, 0x0, 0x0, 0x0, 0x0,
    0x7f, 0xff, 0xf0, 0x0, 0x0, 0x0, 0x0, 0x0,
    0x0, 0x0, 0xff, 0xff, 0xe0, 0x0, 0x0, 0x0,
    0x0, 0x0, 0x0, 0x1, 0xff, 0xff, 0xc0, 0x0,
    0x0, 0x0, 0x0, 0x0, 0x0, 0x3, 0xff, 0xff,
    0x80, 0x0, 0x0, 0x0, 0x0, 0x0, 0x0, 0x7,
    0xff, 0xff, 0x0, 0x0, 0x0, 0x0, 0x0, 0x0,
    0x0, 0xf, 0xff, 0xfe, 0x0, 0x0, 0x0, 0x0,
    0x0, 0x0, 0x0, 0x1f, 0xff, 0xfc, 0x0, 0x0,
    0x0, 0x0,

    /* U+00DE "Þ" */
    0xff, 0xff, 0xc0, 0x0, 0x0, 0x0, 0x0, 0x0,
    0x3f, 0xff, 0xf0, 0x0, 0x0, 0x0, 0x0, 0x0,
    0xf, 0xff, 0xfc, 0x0, 0x0, 0x0, 0x0, 0x0,
    0x3, 0xff, 0xff, 0x0, 0x0, 0x0, 0x0, 0x0,
    0x0, 0xff, 0xff, 0xc0, 0x0, 0x0, 0x0, 0x0,
    0x0, 0x3f, 0xff, 0xf0, 0x0, 0x0, 0x0, 0x0,
    0x0, 0xf, 0xff, 0xfc, 0x0, 0x0, 0x0, 0x0,
    0x0, 0x3, 0xff, 0xff, 0x0, 0x0, 0x0, 0x0,
    0x0, 0x0, 0xff, 0xff, 0xc0, 0x0, 0x0, 0x0,
    0x0, 0x0, 0x3f, 0xff, 0xf0, 0x0, 0x0, 0x0,
    0x0, 0x0, 0xf, 0xff, 0xfc, 0x0, 0x0, 0x0,
    0x0, 0x0, 0x3, 0xff, 0xff, 0x0, 0x0, 0x0,
    0x0, 0x0, 0x0, 0xff, 0xff, 0xc0, 0x0, 0x0,
    0x0, 0x0, 0x0, 0x3f, 0xff, 0xf0, 0x0, 0x0,
    0x0, 0x0, 0x0, 0xf, 0xff, 0xfc, 0x0, 0x0,
    0x0, 0x0, 0x0, 0x3, 0xff, 0xff, 0x0, 0x0,
    0x0, 0x0, 0x0, 0x0, 0xff, 0xff, 0xc0, 0x0,
    0x0, 0x0, 0x0, 0x0, 0x3f, 0xff, 0xff, 0xff,
    0xff, 0xc0, 0x0, 0x0, 0xf, 0xff, 0xff, 0xff,
    0xff, 0xff, 0x80, 0x0, 0x3, 0xff, 0xff, 0xff,
    0xff, 0xff, 0xfc, 0x0, 0x0, 0xff, 0xff, 0xff,
    0xff, 0xff, 0xff, 0xc0, 0x0, 0x3f, 0xff, 0xff,
    0xff, 0xff, 0xff, 0xfc, 0x0, 0xf, 0xff, 0xff,
    0xff, 0xff, 0xff, 0xff, 0xc0, 0x3, 0xff, 0xff,
    0xff, 0xff, 0xff, 0xff, 0xfc, 0x0, 0xff, 0xff,
    0xff, 0xff, 0xff, 0xff, 0xff, 0x80, 0x3f, 0xff,
    0xff, 0xff, 0xff, 0xff, 0xff, 0xf0, 0xf, 0xff,
    0xff, 0xff, 0xff, 0xff, 0xff, 0xfe, 0x3, 0xff,
    0xff, 0xff, 0xff, 0xff, 0xff, 0xff, 0xc0, 0xff,
    0xff, 0xff, 0xff, 0xff, 0xff, 0xff, 0xf8, 0x3f,
    0xff, 0xff, 0xff, 0xff, 0xff, 0xff, 0xfe, 0xf,
    0xff, 0xff, 0xff, 0xff, 0xff, 0xff, 0xff, 0xc3,
    0xff, 0xff, 0x0, 0x0, 0x1f, 0xff, 0xff, 0xf8,
    0xff, 0xff, 0xc0, 0x0, 0x0, 0xff, 0xff, 0xfe,
    0x3f, 0xff, 0xf0, 0x0, 0x0, 0xf, 0xff, 0xff,
    0xcf, 0xff, 0xfc, 0x0, 0x0, 0x1, 0xff, 0xff,
    0xf3, 0xff, 0xff, 0x0, 0x0, 0x0, 0x3f, 0xff,
    0xfc, 0xff, 0xff, 0xc0, 0x0, 0x0, 0x7, 0xff,
    0xff, 0xbf, 0xff, 0xf0, 0x0, 0x0, 0x0, 0xff,
    0xff, 0xef, 0xff, 0xfc, 0x0, 0x0, 0x0, 0x3f,
    0xff, 0xfb, 0xff, 0xff, 0x0, 0x0, 0x0, 0x7,
    0xff, 0xfe, 0xff, 0xff, 0xc0, 0x0, 0x0, 0x1,
    0xff, 0xff, 0xff, 0xff, 0xf0, 0x0, 0x0, 0x0,
    0x3f, 0xff, 0xff, 0xff, 0xfc, 0x0, 0x0, 0x0,
    0xf, 0xff, 0xff, 0xff, 0xff, 0x0, 0x0, 0x0,
    0x3, 0xff, 0xff, 0xff, 0xff, 0xc0, 0x0, 0x0,
    0x0, 0xff, 0xff, 0xff, 0xff, 0xf0, 0x0, 0x0,
    0x0, 0x3f, 0xff, 0xff, 0xff, 0xfc, 0x0, 0x0,
    0x0, 0xf, 0xff, 0xff, 0xff, 0xff, 0x0, 0x0,
    0x0, 0x3, 0xff, 0xff, 0xff, 0xff, 0xc0, 0x0,
    0x0, 0x0, 0xff, 0xff, 0xff, 0xff, 0xf0, 0x0,
    0x0, 0x0, 0x7f, 0xff, 0xff, 0xff, 0xfc, 0x0,
    0x0, 0x0, 0x1f, 0xff, 0xff, 0xff, 0xff, 0x0,
    0x0, 0x0, 0x7, 0xff, 0xfe, 0xff, 0xff, 0xc0,
    0x0, 0x0, 0x3, 0xff, 0xff, 0xbf, 0xff, 0xf0,
    0x0, 0x0, 0x1, 0xff, 0xff, 0xef, 0xff, 0xfc,
    0x0, 0x0, 0x0, 0x7f, 0xff, 0xf3, 0xff, 0xff,
    0x0, 0x0, 0x0, 0x7f, 0xff, 0xfc, 0xff, 0xff,
    0xc0, 0x0, 0x0, 0x3f, 0xff, 0xff, 0x3f, 0xff,
    0xf0, 0x0, 0x0, 0x3f, 0xff, 0xff, 0x8f, 0xff,
    0xfc, 0x0, 0x0, 0x7f, 0xff, 0xff, 0xe3, 0xff,
    0xff, 0xff, 0xff, 0xff, 0xff, 0xff, 0xf0, 0xff,
    0xff, 0xff, 0xff, 0xff, 0xff, 0xff, 0xf8, 0x3f,
    0xff, 0xff, 0xff, 0xff, 0xff, 0xff, 0xfe, 0xf,
    0xff, 0xff, 0xff, 0xff, 0xff, 0xff, 0xff, 0x3,
    0xff, 0xff, 0xff, 0xff, 0xff, 0xff, 0xff, 0x80,
    0xff, 0xff, 0xff, 0xff, 0xff, 0xff, 0xff, 0xc0,
    0x3f, 0xff, 0xff, 0xff, 0xff, 0xff, 0xff, 0xe0,
    0xf, 0xff, 0xff, 0xff, 0xff, 0xff, 0xff, 0xf0,
    0x3, 0xff, 0xff, 0xff, 0xff, 0xff, 0xff, 0xf0,
    0x0, 0xff, 0xff, 0xff, 0xff, 0xff, 0xff, 0xf0,
    0x0, 0x3f, 0xff, 0xff, 0xff, 0xff, 0xff, 0xf8,
    0x0, 0xf, 0xff, 0xff, 0xff, 0xff, 0xff, 0xf0,
    0x0, 0x3, 0xff, 0xff, 0xff, 0xff, 0xff, 0xe0,
    0x0, 0x0, 0xff, 0xff, 0xff, 0xff, 0xff, 0x0,
    0x0, 0x0, 0x3f, 0xff, 0xf0, 0x0, 0x0, 0x0,
    0x0, 0x0, 0xf, 0xff, 0xfc, 0x0, 0x0, 0x0,
    0x0, 0x0, 0x3, 0xff, 0xff, 0x0, 0x0, 0x0,
    0x0, 0x0, 0x0, 0xff, 0xff, 0xc0, 0x0, 0x0,
    0x0, 0x0, 0x0, 0x3f, 0xff, 0xf0, 0x0, 0x0,
    0x0, 0x0, 0x0, 0xf, 0xff, 0xfc, 0x0, 0x0,
    0x0, 0x0, 0x0, 0x3, 0xff, 0xff, 0x0, 0x0,
    0x0, 0x0, 0x0, 0x0, 0xff, 0xff, 0xc0, 0x0,
    0x0, 0x0, 0x0, 0x0, 0x3f, 0xff, 0xf0, 0x0,
    0x0, 0x0, 0x0, 0x0, 0xf, 0xff, 0xfc, 0x0,
    0x0, 0x0, 0x0, 0x0, 0x3, 0xff, 0xff, 0x0,
    0x0, 0x0, 0x0, 0x0, 0x0, 0xff, 0xff, 0xc0,
    0x0, 0x0, 0x0, 0x0, 0x0, 0x3f, 0xff, 0xf0,
    0x0, 0x0, 0x0, 0x0, 0x0, 0xf, 0xff, 0xfc,
    0x0, 0x0, 0x0, 0x0, 0x0, 0x3, 0xff, 0xff,
    0x0, 0x0, 0x0, 0x0, 0x0, 0x0, 0xff, 0xff,
    0xc0, 0x0, 0x0, 0x0, 0x0, 0x0, 0x3f, 0xff,
    0xf0, 0x0, 0x0, 0x0, 0x0, 0x0, 0xf, 0xff,
    0xfc, 0x0, 0x0, 0x0, 0x0, 0x0, 0x0,

    /* U+00DF "ß" */
    0x0, 0x0, 0x1, 0xff, 0xf0, 0x0, 0x0, 0x0,
    0x0, 0x0, 0x3, 0xff, 0xff, 0xf0, 0x0, 0x0,
    0x0, 0x0, 0x1, 0xff, 0xff, 0xff, 0xe0, 0x0,
    0x0, 0x0, 0x0, 0x7f, 0xff, 0xff, 0xff, 0x80,
    0x0, 0x0, 0x0, 0xf, 0xff, 0xff, 0xff, 0xfe,
    0x0, 0x0, 0x0, 0x3, 0xff, 0xff, 0xff, 0xff,
    0xf0, 0x0, 0x0, 0x0, 0x7f, 0xff, 0xff, 0xff,
    0xff, 0x80, 0x0, 0x0, 0xf, 0xff, 0xff, 0xff,
    0xff, 0xfc, 0x0, 0x0, 0x1, 0xff, 0xff, 0xff,
    0xff, 0xff, 0xe0, 0x0, 0x0, 0x3f, 0xff, 0xff,
    0xff, 0xff, 0xff, 0x0, 0x0, 0x7, 0xff, 0xff,
    0xff, 0xff, 0xff, 0xf8, 0x0, 0x0, 0xff, 0xff,
    0xff, 0xff, 0xff, 0xff, 0x80, 0x0, 0xf, 0xff,
    0xff, 0xff, 0xff, 0xff, 0xfc, 0x0, 0x1, 0xff,
    0xff, 0xff, 0xff, 0xff, 0xff, 0xc0, 0x0, 0x1f,
    0xff, 0xff, 0x80, 0xff, 0xff, 0xfe, 0x0, 0x3,
    0xff, 0xff, 0xe0, 0x3, 0xff, 0xff, 0xe0, 0x0,
    0x3f, 0xff, 0xf8, 0x0, 0x1f, 0xff, 0xfe, 0x0,
    0x3, 0xff, 0xff, 0x80, 0x0, 0xff, 0xff, 0xe0,
    0x0, 0x7f, 0xff, 0xf0, 0x0, 0x7, 0xff, 0xff,
    0x0, 0x7, 0xff, 0xff, 0x0, 0x0, 0x7f, 0xff,
    0xf0, 0x0, 0x7f, 0xff, 0xe0, 0x0, 0x3, 0xff,
    0xff, 0x0, 0x7, 0xff, 0xfe, 0x0, 0x0, 0x3f,
    0xff, 0xf0, 0x0, 0xff, 0xff, 0xe0, 0x0, 0x3,
    0xff, 0xff, 0x0, 0xf, 0xff, 0xfc, 0x0, 0x0,
    0x3f, 0xff, 0xf0, 0x0, 0xff, 0xff, 0xc0, 0x0,
    0x3, 0xff, 0xff, 0x0, 0xf, 0xff, 0xfc, 0x0,
    0x0, 0x3f, 0xff, 0xf0, 0x0, 0xff, 0xff, 0xc0,
    0x0, 0x3, 0xff, 0xff, 0x0, 0xf, 0xff, 0xfc,
    0x0, 0x0, 0x3f, 0xff, 0xf0, 0x0, 0xff, 0xff,
    0xc0, 0x0, 0x7, 0xff, 0xfe, 0x0, 0xf, 0xff,
    0xfc, 0x0, 0x0, 0x7f, 0xff, 0xe0, 0x0, 0xff,
    0xff, 0xc0, 0x0, 0x7, 0xff, 0xfe, 0x0, 0xf,
    0xff, 0xfc, 0x0, 0x0, 0xff, 0xff, 0xc0, 0x0,
    0xff, 0xff, 0xc0, 0x0, 0xf, 0xff, 0xfc, 0x0,
    0xf, 0xff, 0xfc, 0x0, 0x1, 0xff, 0xff, 0xc0,
    0x0, 0xff, 0xff, 0xc0, 0x0, 0x1f, 0xff, 0xf8,
    0x0, 0xf, 0xff, 0xfc, 0x0, 0x3, 0xff, 0xff,
    0x0, 0x0, 0xff, 0xff, 0xc0, 0x0, 0x7f, 0xff,
    0xf0, 0x0, 0xf, 0xff, 0xfc, 0x0, 0x7, 0xff,
    0xfe, 0x0, 0x0, 0xff, 0xff, 0xc0, 0x0, 0xff,
    0xff, 0xe0, 0x0, 0xf, 0xff, 0xfc, 0x0, 0xf,
    0xff, 0xfc, 0x0, 0x0, 0xff, 0xff, 0xc0, 0x0,
    0xff, 0xff, 0xc0, 0x0, 0xf, 0xff, 0xfc, 0x0,
    0x1f, 0xff, 0xf8, 0x0, 0x0, 0xff, 0xff, 0xc0,
    0x1, 0xff, 0xff, 0x80, 0x0, 0xf, 0xff, 0xfc,
    0x0, 0x1f, 0xff, 0xf8, 0x0, 0x0, 0xff, 0xff,
    0xc0, 0x1, 0xff, 0xff, 0x80, 0x0, 0xf, 0xff,
    0xfc, 0x0, 0x1f, 0xff, 0xf8, 0x0, 0x0, 0xff,
    0xff, 0xc0, 0x1, 0xff, 0xff, 0x80, 0x0, 0xf,
    0xff, 0xfc, 0x0, 0x1f, 0xff, 0xf8, 0x0, 0x0,
    0xff, 0xff, 0xc0, 0x1, 0xff, 0xff, 0xc0, 0x0,
    0xf, 0xff, 0xfc, 0x0, 0x1f, 0xff, 0xfc, 0x0,
    0x0, 0xff, 0xff, 0xc0, 0x1, 0xff, 0xff, 0xe0,
    0x0, 0xf, 0xff, 0xfc, 0x0, 0xf, 0xff, 0xff,
    0x0, 0x0, 0xff, 0xff, 0xc0, 0x0, 0xff, 0xff,
    0xf8, 0x0, 0xf, 0xff, 0xfc, 0x0, 0xf, 0xff,
    0xff, 0x80, 0x0, 0xff, 0xff, 0xc0, 0x0, 0x7f,
    0xff, 0xfe, 0x0, 0xf, 0xff, 0xfc, 0x0, 0x7,
    0xff, 0xff, 0xf0, 0x0, 0xff, 0xff, 0xc0, 0x0,
    0x3f, 0xff, 0xff, 0x80, 0xf, 0xff, 0xfc, 0x0,
    0x1, 0xff, 0xff, 0xfc, 0x0, 0xff, 0xff, 0xc0,
    0x0, 0x1f, 0xff, 0xff, 0xe0, 0xf, 0xff, 0xfc,
    0x0, 0x0, 0xff, 0xff, 0xff, 0x0, 0xff, 0xff,
    0xc0, 0x0, 0x7, 0xff, 0xff, 0xf8, 0xf, 0xff,
    0xfc, 0x0, 0x0, 0x3f, 0xff, 0xff, 0xc0, 0xff,
    0xff, 0xc0, 0x0, 0x1, 0xff, 0xff, 0xfe, 0xf,
    0xff, 0xfc, 0x0, 0x0, 0x7, 0xff, 0xff, 0xf0,
    0xff, 0xff, 0xc0, 0x0, 0x0, 0x3f, 0xff, 0xff,
    0xf, 0xff, 0xfc, 0x0, 0x0, 0x1, 0xff, 0xff,
    0xf8, 0xff, 0xff, 0xc0, 0x0, 0x0, 0xf, 0xff,
    0xff, 0xcf, 0xff, 0xfc, 0x0, 0x0, 0x0, 0x7f,
    0xff, 0xfc, 0xff, 0xff, 0xc0, 0x0, 0x0, 0x3,
    0xff, 0xff, 0xef, 0xff, 0xfc, 0x0, 0x0, 0x0,
    0x1f, 0xff, 0xfe, 0xff, 0xff, 0xc0, 0x0, 0x0,
    0x0, 0xff, 0xff, 0xef, 0xff, 0xfc, 0x0, 0x0,
    0x0, 0x7, 0xff, 0xff, 0xff, 0xff, 0xc0, 0x0,
    0x0, 0x0, 0x7f, 0xff, 0xff, 0xff, 0xfc, 0x0,
    0x0, 0x0, 0x3, 0xff, 0xff, 0xff, 0xff, 0xc0,
    0x0, 0x0, 0x0, 0x3f, 0xff, 0xff, 0xff, 0xfc,
    0x0, 0x0, 0x0, 0x3, 0xff, 0xff, 0xff, 0xff,
    0xc0, 0x0, 0x0, 0x0, 0x3f, 0xff, 0xff, 0xff,
    0xfc, 0x0, 0x0, 0x0, 0x3, 0xff, 0xff, 0xff,
    0xff, 0xc0, 0x0, 0x0, 0x0, 0x3f, 0xff, 0xff,
    0xff, 0xfc, 0x0, 0x0, 0x0, 0x7, 0xff, 0xff,
    0xff, 0xff, 0xc0, 0x0, 0x0, 0x0, 0x7f, 0xff,
    0xff, 0xff, 0xfc, 0x0, 0x0, 0x0, 0xf, 0xff,
    0xfe, 0xff, 0xff, 0xc0, 0x30, 0x0, 0x1, 0xff,
    0xff, 0xef, 0xff, 0xfc, 0x7, 0xc0, 0x0, 0x3f,
    0xff, 0xfe, 0xff, 0xff, 0xc0, 0x7f, 0xc0, 0xf,
    0xff, 0xff, 0xef, 0xff, 0xfc, 0x7, 0xff, 0xff,
    0xff, 0xff, 0xfc, 0xff, 0xff, 0xc0, 0x7f, 0xff,
    0xff, 0xff, 0xff, 0xcf, 0xff, 0xfc, 0xf, 0xff,
    0xff, 0xff, 0xff, 0xf8, 0xff, 0xff, 0xc0, 0xff,
    0xff, 0xff, 0xff, 0xff, 0x8f, 0xff, 0xfc, 0xf,
    0xff, 0xff, 0xff, 0xff, 0xf0, 0xff, 0xff, 0xc0,
    0xff, 0xff, 0xff, 0xff, 0xfe, 0xf, 0xff, 0xfc,
    0xf, 0xff, 0xff, 0xff, 0xff, 0xc0, 0xff, 0xff,
    0xc1, 0xff, 0xff, 0xff, 0xff, 0xf8, 0xf, 0xff,
    0xfc, 0x1f, 0xff, 0xff, 0xff, 0xff, 0x0, 0xff,
    0xff, 0xc1, 0xff, 0xff, 0xff, 0xff, 0xe0, 0xf,
    0xff, 0xfc, 0x1f, 0xff, 0xff, 0xff, 0xf8, 0x0,
    0xff, 0xff, 0xc0, 0x7f, 0xff, 0xff, 0xfe, 0x0,
    0xf, 0xff, 0xfc, 0x0, 0xff, 0xff, 0xff, 0x0,
    0x0, 0x0, 0x0, 0x0, 0x0, 0x7f, 0xfe, 0x0,
    0x0, 0x0,

    /* U+00E0 "à" */
    0x0, 0xff, 0xff, 0xe0, 0x0, 0x0, 0x0, 0x0,
    0x7, 0xff, 0xff, 0x0, 0x0, 0x0, 0x0, 0x0,
    0x3f, 0xff, 0xf8, 0x0, 0x0, 0x0, 0x0, 0x1,
    0xff, 0xff, 0x80, 0x0, 0x0, 0x0, 0x0, 0xf,
    0xff, 0xfc, 0x0, 0x0, 0x0, 0x0, 0x0, 0xff,
    0xff, 0xc0, 0x0, 0x0, 0x0, 0x0, 0x7, 0xff,
    0xfe, 0x0, 0x0, 0x0, 0x0, 0x0, 0x3f, 0xff,
    0xf0, 0x0, 0x0, 0x0, 0x0, 0x1, 0xff, 0xff,
    0x0, 0x0, 0x0, 0x0, 0x0, 0xf, 0xff, 0xf8,
    0x0, 0x0, 0x0, 0x0, 0x0, 0x7f, 0xff, 0x80,
    0x0, 0x0, 0x0, 0x0, 0x3, 0xff, 0xfc, 0x0,
    0x0, 0x0, 0x0, 0x0, 0x1f, 0xff, 0xe0, 0x0,
    0x0, 0x0, 0x0, 0x0, 0xff, 0xfe, 0x0, 0x0,
    0x0, 0x0, 0x0, 0x7, 0xff, 0xf0, 0x0, 0x0,
    0x0, 0x0, 0x0, 0x7f, 0xff, 0x80, 0x0, 0x0,
    0x0, 0x0, 0x3, 0xff, 0xf8, 0x0, 0x0, 0x0,
    0x0, 0x0, 0x1f, 0xff, 0xc0, 0x0, 0x0, 0x0,
    0x0, 0x0, 0xff, 0xfc, 0x0, 0x0, 0x0, 0x0,
    0x0, 0x0, 0x0, 0x0, 0x0, 0x0, 0x0, 0x0,
    0x0, 0x0, 0x0, 0x0, 0x0, 0x0, 0x0, 0x0,
    0x0, 0x0, 0x0, 0x0, 0x0, 0x0, 0x0, 0x0,
    0x0, 0x0, 0x0, 0x0, 0x0, 0x0, 0x0, 0x0,
    0x0, 0x0, 0x0, 0x0, 0x0, 0x0, 0x0, 0x0,
    0x0, 0x0, 0x0, 0x0, 0x0, 0x0, 0x0, 0x0,
    0x0, 0x0, 0x0, 0x0, 0x0, 0x0, 0x0, 0x0,
    0x0, 0x0, 0x0, 0x0, 0x0, 0xf, 0xff, 0x80,
    0x0, 0x0, 0x0, 0x0, 0x1f, 0xff, 0xff, 0x80,
    0x0, 0x0, 0x0, 0xf, 0xff, 0xff, 0xff, 0x0,
    0x0, 0x0, 0x3, 0xff, 0xff, 0xff, 0xfc, 0x0,
    0x0, 0x0, 0xff, 0xff, 0xff, 0xff, 0xf0, 0x0,
    0x0, 0x1f, 0xff, 0xff, 0xff, 0xff, 0x80, 0x0,
    0x3, 0xff, 0xff, 0xff, 0xff, 0xfc, 0x0, 0x0,
    0xff, 0xff, 0xff, 0xff, 0xff, 0xe0, 0x0, 0x1f,
    0xff, 0xff, 0xff, 0xff, 0xff, 0x0, 0x3, 0xff,
    0xff, 0xff, 0xff, 0xff, 0xf8, 0x0, 0x3f, 0xff,
    0xff, 0xff, 0xff, 0xff, 0x80, 0x7, 0xff, 0xff,
    0xff, 0xff, 0xff, 0xfc, 0x0, 0xff, 0xff, 0xff,
    0xff, 0xff, 0xff, 0xe0, 0xf, 0xff, 0xff, 0xc0,
    0x7f, 0xff, 0xfe, 0x1, 0xff, 0xff, 0xf0, 0x1,
    0xff, 0xff, 0xe0, 0x1f, 0xff, 0xfc, 0x0, 0xf,
    0xff, 0xff, 0x1, 0xff, 0xff, 0x80, 0x0, 0x7f,
    0xff, 0xf0, 0x3f, 0xff, 0xf8, 0x0, 0x3, 0xff,
    0xff, 0x3, 0xff, 0xff, 0x0, 0x0, 0x3f, 0xff,
    0xf8, 0x3f, 0xff, 0xf0, 0x0, 0x1, 0xff, 0xff,
    0x83, 0xff, 0xff, 0x0, 0x0, 0x1f, 0xff, 0xf8,
    0x3f, 0xff, 0xf0, 0x0, 0x1, 0xff, 0xff, 0x80,
    0x0, 0x0, 0x0, 0x0, 0x1f, 0xff, 0xf8, 0x0,
    0x0, 0x0, 0x0, 0x1, 0xff, 0xff, 0x80, 0x0,
    0x0, 0x0, 0x0, 0x1f, 0xff, 0xf8, 0x0, 0x0,
    0x0, 0x0, 0x1, 0xff, 0xff, 0x80, 0x0, 0x0,
    0x0, 0x0, 0x1f, 0xff, 0xf8, 0x0, 0x0, 0x0,
    0x0, 0x1, 0xff, 0xff, 0x80, 0x0, 0x0, 0x1f,
    0xff, 0xff, 0xff, 0xf8, 0x0, 0x0, 0x7f, 0xff,
    0xff, 0xff, 0xff, 0x80, 0x0, 0x3f, 0xff, 0xff,
    0xff, 0xff, 0xf8, 0x0, 0xf, 0xff, 0xff, 0xff,
    0xff, 0xff, 0x80, 0x3, 0xff, 0xff, 0xff, 0xff,
    0xff, 0xf8, 0x0, 0xff, 0xff, 0xff, 0xff, 0xff,
    0xff, 0x80, 0x1f, 0xff, 0xff, 0xff, 0xff, 0xff,
    0xf8, 0x3, 0xff, 0xff, 0xff, 0xff, 0xff, 0xff,
    0x80, 0x7f, 0xff, 0xff, 0xff, 0xff, 0xff, 0xf8,
    0xf, 0xff, 0xff, 0xff, 0xff, 0xff, 0xff, 0x81,
    0xff, 0xff, 0xfe, 0x0, 0x1f, 0xff, 0xf8, 0x1f,
    0xff, 0xff, 0x0, 0x1, 0xff, 0xff, 0x83, 0xff,
    0xff, 0xc0, 0x0, 0x1f, 0xff, 0xf8, 0x3f, 0xff,
    0xf8, 0x0, 0x1, 0xff, 0xff, 0x87, 0xff, 0xff,
    0x0, 0x0, 0x1f, 0xff, 0xf8, 0x7f, 0xff, 0xe0,
    0x0, 0x1, 0xff, 0xff, 0x87, 0xff, 0xfe, 0x0,
    0x0, 0x1f, 0xff, 0xf8, 0xff, 0xff, 0xc0, 0x0,
    0x1, 0xff, 0xff, 0x8f, 0xff, 0xfc, 0x0, 0x0,
    0x1f, 0xff, 0xf8, 0xff, 0xff, 0xc0, 0x0, 0x1,
    0xff, 0xff, 0x8f, 0xff, 0xfc, 0x0, 0x0, 0x1f,
    0xff, 0xf8, 0xff, 0xff, 0xc0, 0x0, 0x1, 0xff,
    0xff, 0x8f, 0xff, 0xfc, 0x0, 0x0, 0x3f, 0xff,
    0xf8, 0xff, 0xff, 0xe0, 0x0, 0x3, 0xff, 0xff,
    0x8f, 0xff, 0xfe, 0x0, 0x0, 0xff, 0xff, 0xf8,
    0xff, 0xff, 0xf0, 0x0, 0x1f, 0xff, 0xff, 0x8f,
    0xff, 0xff, 0x80, 0x3, 0xff, 0xff, 0xf8, 0x7f,
    0xff, 0xfe, 0x1, 0xff, 0xff, 0xff, 0x87, 0xff,
    0xff, 0xff, 0xff, 0xff, 0xff, 0xf8, 0x7f, 0xff,
    0xff, 0xff, 0xff, 0xff, 0xff, 0x83, 0xff, 0xff,
    0xff, 0xff, 0xff, 0xff, 0xf8, 0x3f, 0xff, 0xff,
    0xff, 0xff, 0xff, 0xff, 0x81, 0xff, 0xff, 0xff,
    0xff, 0xff, 0xff, 0xf8, 0xf, 0xff, 0xff, 0xff,
    0xff, 0xff, 0xff, 0xc0, 0x7f, 0xff, 0xff, 0xff,
    0xff, 0xff, 0xfc, 0x3, 0xff, 0xff, 0xff, 0xfe,
    0xff, 0xff, 0xc0, 0x1f, 0xff, 0xff, 0xff, 0xcf,
    0xff, 0xfc, 0x0, 0xff, 0xff, 0xff, 0xf0, 0x7f,
    0xff, 0xe0, 0x7, 0xff, 0xff, 0xfe, 0x7, 0xff,
    0xfe, 0x0, 0x1f, 0xff, 0xff, 0x80, 0x7f, 0xff,
    0xe0, 0x0, 0x3f, 0xff, 0xe0, 0x0, 0x0, 0x0,
    0x0, 0x0, 0x3f, 0xf0, 0x0, 0x0, 0x0, 0x0,

    /* U+00E1 "á" */
    0x0, 0x0, 0x0, 0x0, 0x7f, 0xff, 0xf8, 0x0,
    0x0, 0x0, 0x0, 0x7, 0xff, 0xff, 0x0, 0x0,
    0x0, 0x0, 0x0, 0xff, 0xff, 0xe0, 0x0, 0x0,
    0x0, 0x0, 0xf, 0xff, 0xfc, 0x0, 0x0, 0x0,
    0x0, 0x1, 0xff, 0xff, 0x80, 0x0, 0x0, 0x0,
    0x0, 0x3f, 0xff, 0xf0, 0x0, 0x0, 0x0, 0x0,
    0x3, 0xff, 0xfe, 0x0, 0x0, 0x0, 0x0, 0x0,
    0x7f, 0xff, 0xc0, 0x0, 0x0, 0x0, 0x0, 0x7,
    0xff, 0xf8, 0x0, 0x0, 0x0, 0x0, 0x0, 0xff,
    0xff, 0x80, 0x0, 0x0, 0x0, 0x0, 0x1f, 0xff,
    0xf0, 0x0, 0x0, 0x0, 0x0, 0x1, 0xff, 0xfe,
    0x0, 0x0, 0x0, 0x0, 0x0, 0x3f, 0xff, 0xc0,
    0x0, 0x0, 0x0, 0x0, 0x7, 0xff, 0xf8, 0x0,
    0x0, 0x0, 0x0, 0x0, 0x7f, 0xff, 0x0, 0x0,
    0x0, 0x0, 0x0, 0xf, 0xff, 0xe0, 0x0, 0x0,
    0x0, 0x0, 0x0, 0xff, 0xfc, 0x0, 0x0, 0x0,
    0x0, 0x0, 0x1f, 0xff, 0x80, 0x0, 0x0, 0x0,
    0x0, 0x3, 0xff, 0xf8, 0x0, 0x0, 0x0, 0x0,
    0x0, 0x0, 0x0, 0x0, 0x0, 0x0, 0x0, 0x0,
    0x0, 0x0, 0x0, 0x0, 0x0, 0x0, 0x0, 0x0,
    0x0, 0x0, 0x0, 0x0, 0x0, 0x0, 0x0, 0x0,
    0x0, 0x0, 0x0, 0x0, 0x0, 0x0, 0x0, 0x0,
    0x0, 0x0, 0x0, 0x0, 0x0, 0x0, 0x0, 0x0,
    0x0, 0x0, 0x0, 0x0, 0x0, 0x0, 0x0, 0x0,
    0x0, 0x0, 0x0, 0x0, 0x0, 0x0, 0x0, 0x0,
    0x0, 0x0, 0x0, 0x0, 0x0, 0xf, 0xff, 0x80,
    0x0, 0x0, 0x0, 0x0, 0x1f, 0xff, 0xff, 0x80,
    0x0, 0x0, 0x0, 0xf, 0xff, 0xff, 0xff, 0x0,
    0x0, 0x0, 0x3, 0xff, 0xff, 0xff, 0xfc, 0x0,
    0x0, 0x0, 0xff, 0xff, 0xff, 0xff, 0xf0, 0x0,
    0x0, 0x1f, 0xff, 0xff, 0xff, 0xff, 0x80, 0x0,
    0x3, 0xff, 0xff, 0xff, 0xff, 0xfc, 0x0, 0x0,
    0xff, 0xff, 0xff, 0xff, 0xff, 0xe0, 0x0, 0x1f,
    0xff, 0xff, 0xff, 0xff, 0xff, 0x0, 0x3, 0xff,
    0xff, 0xff, 0xff, 0xff, 0xf8, 0x0, 0x3f, 0xff,
    0xff, 0xff, 0xff, 0xff, 0x80, 0x7, 0xff, 0xff,
    0xff, 0xff, 0xff, 0xfc, 0x0, 0xff, 0xff, 0xff,
    0xff, 0xff, 0xff, 0xe0, 0xf, 0xff, 0xff, 0xc0,
    0x7f, 0xff, 0xfe, 0x1, 0xff, 0xff, 0xf0, 0x1,
    0xff, 0xff, 0xe0, 0x1f, 0xff, 0xfc, 0x0, 0xf,
    0xff, 0xff, 0x1, 0xff, 0xff, 0x80, 0x0, 0x7f,
    0xff, 0xf0, 0x3f, 0xff, 0xf8, 0x0, 0x3, 0xff,
    0xff, 0x3, 0xff, 0xff, 0x0, 0x0, 0x3f, 0xff,
    0xf8, 0x3f, 0xff, 0xf0, 0x0, 0x1, 0xff, 0xff,
    0x83, 0xff, 0xff, 0x0, 0x0, 0x1f, 0xff, 0xf8,
    0x3f, 0xff, 0xf0, 0x0, 0x1, 0xff, 0xff, 0x80,
    0x0, 0x0, 0x0, 0x0, 0x1f, 0xff, 0xf8, 0x0,
    0x0, 0x0, 0x0, 0x1, 0xff, 0xff, 0x80, 0x0,
    0x0, 0x0, 0x0, 0x1f, 0xff, 0xf8, 0x0, 0x0,
    0x0, 0x0, 0x1, 0xff, 0xff, 0x80, 0x0, 0x0,
    0x0, 0x0, 0x1f, 0xff, 0xf8, 0x0, 0x0, 0x0,
    0x0, 0x1, 0xff, 0xff, 0x80, 0x0, 0x0, 0x1f,
    0xff, 0xff, 0xff, 0xf8, 0x0, 0x0, 0x7f, 0xff,
    0xff, 0xff, 0xff, 0x80, 0x0, 0x3f, 0xff, 0xff,
    0xff, 0xff, 0xf8, 0x0, 0xf, 0xff, 0xff, 0xff,
    0xff, 0xff, 0x80, 0x3, 0xff, 0xff, 0xff, 0xff,
    0xff, 0xf8, 0x0, 0xff, 0xff, 0xff, 0xff, 0xff,
    0xff, 0x80, 0x1f, 0xff, 0xff, 0xff, 0xff, 0xff,
    0xf8, 0x3, 0xff, 0xff, 0xff, 0xff, 0xff, 0xff,
    0x80, 0x7f, 0xff, 0xff, 0xff, 0xff, 0xff, 0xf8,
    0xf, 0xff, 0xff, 0xff, 0xff, 0xff, 0xff, 0x81,
    0xff, 0xff, 0xfe, 0x0, 0x1f, 0xff, 0xf8, 0x1f,
    0xff, 0xff, 0x0, 0x1, 0xff, 0xff, 0x83, 0xff,
    0xff, 0xc0, 0x0, 0x1f, 0xff, 0xf8, 0x3f, 0xff,
    0xf8, 0x0, 0x1, 0xff, 0xff, 0x87, 0xff, 0xff,
    0x0, 0x0, 0x1f, 0xff, 0xf8, 0x7f, 0xff, 0xe0,
    0x0, 0x1, 0xff, 0xff, 0x87, 0xff, 0xfe, 0x0,
    0x0, 0x1f, 0xff, 0xf8, 0xff, 0xff, 0xc0, 0x0,
    0x1, 0xff, 0xff, 0x8f, 0xff, 0xfc, 0x0, 0x0,
    0x1f, 0xff, 0xf8, 0xff, 0xff, 0xc0, 0x0, 0x1,
    0xff, 0xff, 0x8f, 0xff, 0xfc, 0x0, 0x0, 0x1f,
    0xff, 0xf8, 0xff, 0xff, 0xc0, 0x0, 0x1, 0xff,
    0xff, 0x8f, 0xff, 0xfc, 0x0, 0x0, 0x3f, 0xff,
    0xf8, 0xff, 0xff, 0xe0, 0x0, 0x3, 0xff, 0xff,
    0x8f, 0xff, 0xfe, 0x0, 0x0, 0xff, 0xff, 0xf8,
    0xff, 0xff, 0xf0, 0x0, 0x1f, 0xff, 0xff, 0x8f,
    0xff, 0xff, 0x80, 0x3, 0xff, 0xff, 0xf8, 0x7f,
    0xff, 0xfe, 0x1, 0xff, 0xff, 0xff, 0x87, 0xff,
    0xff, 0xff, 0xff, 0xff, 0xff, 0xf8, 0x7f, 0xff,
    0xff, 0xff, 0xff, 0xff, 0xff, 0x83, 0xff, 0xff,
    0xff, 0xff, 0xff, 0xff, 0xf8, 0x3f, 0xff, 0xff,
    0xff, 0xff, 0xff, 0xff, 0x81, 0xff, 0xff, 0xff,
    0xff, 0xff, 0xff, 0xf8, 0xf, 0xff, 0xff, 0xff,
    0xff, 0xff, 0xff, 0xc0, 0x7f, 0xff, 0xff, 0xff,
    0xff, 0xff, 0xfc, 0x3, 0xff, 0xff, 0xff, 0xfe,
    0xff, 0xff, 0xc0, 0x1f, 0xff, 0xff, 0xff, 0xcf,
    0xff, 0xfc, 0x0, 0xff, 0xff, 0xff, 0xf0, 0x7f,
    0xff, 0xe0, 0x7, 0xff, 0xff, 0xfe, 0x7, 0xff,
    0xfe, 0x0, 0x1f, 0xff, 0xff, 0x80, 0x7f, 0xff,
    0xe0, 0x0, 0x3f, 0xff, 0xe0, 0x0, 0x0, 0x0,
    0x0, 0x0, 0x3f, 0xf0, 0x0, 0x0, 0x0, 0x0,

    /* U+00E2 "â" */
    0x0, 0x0, 0x0, 0x7f, 0xe0, 0x0, 0x0, 0x0,
    0x0, 0x0, 0xf, 0xff, 0x0, 0x0, 0x0, 0x0,
    0x0, 0x1, 0xff, 0xf8, 0x0, 0x0, 0x0, 0x0,
    0x0, 0x3f, 0xff, 0xc0, 0x0, 0x0, 0x0, 0x0,
    0x7, 0xff, 0xfe, 0x0, 0x0, 0x0, 0x0, 0x0,
    0xff, 0xff, 0xf0, 0x0, 0x0, 0x0, 0x0, 0x1f,
    0xff, 0xff, 0x80, 0x0, 0x0, 0x0, 0x3, 0xff,
    0xff, 0xfe, 0x0, 0x0, 0x0, 0x0, 0x7f, 0xff,
    0xff, 0xf0, 0x0, 0x0, 0x0, 0xf, 0xff, 0xff,
    0xff, 0x80, 0x0, 0x0, 0x3, 0xff, 0xf9, 0xff,
    0xfc, 0x0, 0x0, 0x0, 0x7f, 0xff, 0xf, 0xff,
    0xe0, 0x0, 0x0, 0xf, 0xff, 0xe0, 0x7f, 0xff,
    0x0, 0x0, 0x1, 0xff, 0xfc, 0x3, 0xff, 0xf8,
    0x0, 0x0, 0x3f, 0xff, 0x80, 0x1f, 0xff, 0xc0,
    0x0, 0x7, 0xff, 0xf0, 0x0, 0xff, 0xfe, 0x0,
    0x0, 0xff, 0xfe, 0x0, 0x3, 0xff, 0xf0, 0x0,
    0x1f, 0xff, 0xc0, 0x0, 0x1f, 0xff, 0x80, 0x1,
    0xff, 0xf8, 0x0, 0x0, 0xff, 0xfc, 0x0, 0x0,
    0x0, 0x0, 0x0, 0x0, 0x0, 0x0, 0x0, 0x0,
    0x0, 0x0, 0x0, 0x0, 0x0, 0x0, 0x0, 0x0,
    0x0, 0x0, 0x0, 0x0, 0x0, 0x0, 0x0, 0x0,
    0x0, 0x0, 0x0, 0x0, 0x0, 0x0, 0x0, 0x0,
    0x0, 0x0, 0x0, 0x0, 0x0, 0x0, 0x0, 0x0,
    0x0, 0x0, 0x0, 0x0, 0x0, 0x0, 0x0, 0x0,
    0x0, 0x0, 0x0, 0x0, 0x0, 0x0, 0x0, 0x0,
    0x0, 0x0, 0x0, 0x0, 0x0, 0x0, 0x0, 0x0,
    0x0, 0x0, 0x0, 0x0, 0x0, 0xff, 0xf8, 0x0,
    0x0, 0x0, 0x0, 0x1, 0xff, 0xff, 0xf8, 0x0,
    0x0, 0x0, 0x0, 0xff, 0xff, 0xff, 0xf0, 0x0,
    0x0, 0x0, 0x3f, 0xff, 0xff, 0xff, 0xc0, 0x0,
    0x0, 0xf, 0xff, 0xff, 0xff, 0xff, 0x0, 0x0,
    0x1, 0xff, 0xff, 0xff, 0xff, 0xf8, 0x0, 0x0,
    0x3f, 0xff, 0xff, 0xff, 0xff, 0xc0, 0x0, 0xf,
    0xff, 0xff, 0xff, 0xff, 0xfe, 0x0, 0x1, 0xff,
    0xff, 0xff, 0xff, 0xff, 0xf0, 0x0, 0x3f, 0xff,
    0xff, 0xff, 0xff, 0xff, 0x80, 0x3, 0xff, 0xff,
    0xff, 0xff, 0xff, 0xf8, 0x0, 0x7f, 0xff, 0xff,
    0xff, 0xff, 0xff, 0xc0, 0xf, 0xff, 0xff, 0xff,
    0xff, 0xff, 0xfe, 0x0, 0xff, 0xff, 0xfc, 0x7,
    0xff, 0xff, 0xe0, 0x1f, 0xff, 0xff, 0x0, 0x1f,
    0xff, 0xfe, 0x1, 0xff, 0xff, 0xc0, 0x0, 0xff,
    0xff, 0xf0, 0x1f, 0xff, 0xf8, 0x0, 0x7, 0xff,
    0xff, 0x3, 0xff, 0xff, 0x80, 0x0, 0x3f, 0xff,
    0xf0, 0x3f, 0xff, 0xf0, 0x0, 0x3, 0xff, 0xff,
    0x83, 0xff, 0xff, 0x0, 0x0, 0x1f, 0xff, 0xf8,
    0x3f, 0xff, 0xf0, 0x0, 0x1, 0xff, 0xff, 0x83,
    0xff, 0xff, 0x0, 0x0, 0x1f, 0xff, 0xf8, 0x0,
    0x0, 0x0, 0x0, 0x1, 0xff, 0xff, 0x80, 0x0,
    0x0, 0x0, 0x0, 0x1f, 0xff, 0xf8, 0x0, 0x0,
    0x0, 0x0, 0x1, 0xff, 0xff, 0x80, 0x0, 0x0,
    0x0, 0x0, 0x1f, 0xff, 0xf8, 0x0, 0x0, 0x0,
    0x0, 0x1, 0xff, 0xff, 0x80, 0x0, 0x0, 0x0,
    0x0, 0x1f, 0xff, 0xf8, 0x0, 0x0, 0x1, 0xff,
    0xff, 0xff, 0xff, 0x80, 0x0, 0x7, 0xff, 0xff,
    0xff, 0xff, 0xf8, 0x0, 0x3, 0xff, 0xff, 0xff,
    0xff, 0xff, 0x80, 0x0, 0xff, 0xff, 0xff, 0xff,
    0xff, 0xf8, 0x0, 0x3f, 0xff, 0xff, 0xff, 0xff,
    0xff, 0x80, 0xf, 0xff, 0xff, 0xff, 0xff, 0xff,
    0xf8, 0x1, 0xff, 0xff, 0xff, 0xff, 0xff, 0xff,
    0x80, 0x3f, 0xff, 0xff, 0xff, 0xff, 0xff, 0xf8,
    0x7, 0xff, 0xff, 0xff, 0xff, 0xff, 0xff, 0x80,
    0xff, 0xff, 0xff, 0xff, 0xff, 0xff, 0xf8, 0x1f,
    0xff, 0xff, 0xe0, 0x1, 0xff, 0xff, 0x81, 0xff,
    0xff, 0xf0, 0x0, 0x1f, 0xff, 0xf8, 0x3f, 0xff,
    0xfc, 0x0, 0x1, 0xff, 0xff, 0x83, 0xff, 0xff,
    0x80, 0x0, 0x1f, 0xff, 0xf8, 0x7f, 0xff, 0xf0,
    0x0, 0x1, 0xff, 0xff, 0x87, 0xff, 0xfe, 0x0,
    0x0, 0x1f, 0xff, 0xf8, 0x7f, 0xff, 0xe0, 0x0,
    0x1, 0xff, 0xff, 0x8f, 0xff, 0xfc, 0x0, 0x0,
    0x1f, 0xff, 0xf8, 0xff, 0xff, 0xc0, 0x0, 0x1,
    0xff, 0xff, 0x8f, 0xff, 0xfc, 0x0, 0x0, 0x1f,
    0xff, 0xf8, 0xff, 0xff, 0xc0, 0x0, 0x1, 0xff,
    0xff, 0x8f, 0xff, 0xfc, 0x0, 0x0, 0x1f, 0xff,
    0xf8, 0xff, 0xff, 0xc0, 0x0, 0x3, 0xff, 0xff,
    0x8f, 0xff, 0xfe, 0x0, 0x0, 0x3f, 0xff, 0xf8,
    0xff, 0xff, 0xe0, 0x0, 0xf, 0xff, 0xff, 0x8f,
    0xff, 0xff, 0x0, 0x1, 0xff, 0xff, 0xf8, 0xff,
    0xff, 0xf8, 0x0, 0x3f, 0xff, 0xff, 0x87, 0xff,
    0xff, 0xe0, 0x1f, 0xff, 0xff, 0xf8, 0x7f, 0xff,
    0xff, 0xff, 0xff, 0xff, 0xff, 0x87, 0xff, 0xff,
    0xff, 0xff, 0xff, 0xff, 0xf8, 0x3f, 0xff, 0xff,
    0xff, 0xff, 0xff, 0xff, 0x83, 0xff, 0xff, 0xff,
    0xff, 0xff, 0xff, 0xf8, 0x1f, 0xff, 0xff, 0xff,
    0xff, 0xff, 0xff, 0x80, 0xff, 0xff, 0xff, 0xff,
    0xff, 0xff, 0xfc, 0x7, 0xff, 0xff, 0xff, 0xff,
    0xff, 0xff, 0xc0, 0x3f, 0xff, 0xff, 0xff, 0xef,
    0xff, 0xfc, 0x1, 0xff, 0xff, 0xff, 0xfc, 0xff,
    0xff, 0xc0, 0xf, 0xff, 0xff, 0xff, 0x7, 0xff,
    0xfe, 0x0, 0x7f, 0xff, 0xff, 0xe0, 0x7f, 0xff,
    0xe0, 0x1, 0xff, 0xff, 0xf8, 0x7, 0xff, 0xfe,
    0x0, 0x3, 0xff, 0xfe, 0x0, 0x0, 0x0, 0x0,
    0x0, 0x3, 0xff, 0x0, 0x0, 0x0, 0x0,

    /* U+00E3 "ã" */
    0x0, 0x0, 0x3f, 0x80, 0x0, 0xf, 0xfc, 0x0,
    0x0, 0x1f, 0xfe, 0x0, 0x0, 0xff, 0xc0, 0x0,
    0x3, 0xff, 0xf8, 0x0, 0xf, 0xfc, 0x0, 0x0,
    0xff, 0xff, 0xe0, 0x1, 0xff, 0xc0, 0x0, 0x1f,
    0xff, 0xff, 0x80, 0x3f, 0xfc, 0x0, 0x1, 0xff,
    0xff, 0xfe, 0x7, 0xff, 0x80, 0x0, 0x3f, 0xff,
    0xff, 0xff, 0xff, 0xf8, 0x0, 0x7, 0xff, 0xff,
    0xff, 0xff, 0xff, 0x80, 0x0, 0x7f, 0xff, 0xff,
    0xff, 0xff, 0xf0, 0x0, 0xf, 0xff, 0xff, 0xff,
    0xff, 0xff, 0x0, 0x0, 0xff, 0xff, 0xff, 0xff,
    0xff, 0xe0, 0x0, 0xf, 0xff, 0x3, 0xff, 0xff,
    0xfc, 0x0, 0x1, 0xff, 0xe0, 0xf, 0xff, 0xff,
    0x80, 0x0, 0x1f, 0xfc, 0x0, 0x3f, 0xff, 0xf0,
    0x0, 0x1, 0xff, 0x80, 0x0, 0xff, 0xfe, 0x0,
    0x0, 0x1f, 0xf8, 0x0, 0x3, 0xff, 0x80, 0x0,
    0x1, 0xff, 0x80, 0x0, 0x7, 0xc0, 0x0, 0x0,
    0x0, 0x0, 0x0, 0x0, 0x0, 0x0, 0x0, 0x0,
    0x0, 0x0, 0x0, 0x0, 0x0, 0x0, 0x0, 0x0,
    0x0, 0x0, 0x0, 0x0, 0x0, 0x0, 0x0, 0x0,
    0x0, 0x0, 0x0, 0x0, 0x0, 0x0, 0x0, 0x0,
    0x0, 0x0, 0x0, 0x0, 0x0, 0x0, 0x0, 0x0,
    0x0, 0x0, 0x0, 0x0, 0x0, 0x0, 0x0, 0x0,
    0x0, 0x0, 0x0, 0x0, 0x0, 0x0, 0x0, 0x0,
    0x0, 0x0, 0x0, 0x0, 0x0, 0x0, 0x0, 0x0,
    0x0, 0x0, 0x0, 0x0, 0x0, 0x0, 0xff, 0xf8,
    0x0, 0x0, 0x0, 0x0, 0x1, 0xff, 0xff, 0xf8,
    0x0, 0x0, 0x0, 0x0, 0xff, 0xff, 0xff, 0xf0,
    0x0, 0x0, 0x0, 0x3f, 0xff, 0xff, 0xff, 0xc0,
    0x0, 0x0, 0xf, 0xff, 0xff, 0xff, 0xfe, 0x0,
    0x0, 0x1, 0xff, 0xff, 0xff, 0xff, 0xf8, 0x0,
    0x0, 0x3f, 0xff, 0xff, 0xff, 0xff, 0xc0, 0x0,
    0xf, 0xff, 0xff, 0xff, 0xff, 0xfe, 0x0, 0x1,
    0xff, 0xff, 0xff, 0xff, 0xff, 0xf0, 0x0, 0x3f,
    0xff, 0xff, 0xff, 0xff, 0xff, 0x80, 0x3, 0xff,
    0xff, 0xff, 0xff, 0xff, 0xf8, 0x0, 0x7f, 0xff,
    0xff, 0xff, 0xff, 0xff, 0xc0, 0xf, 0xff, 0xff,
    0xff, 0xff, 0xff, 0xfe, 0x0, 0xff, 0xff, 0xfc,
    0x7, 0xff, 0xff, 0xe0, 0x1f, 0xff, 0xff, 0x0,
    0x1f, 0xff, 0xfe, 0x1, 0xff, 0xff, 0xc0, 0x0,
    0xff, 0xff, 0xf0, 0x1f, 0xff, 0xf8, 0x0, 0x7,
    0xff, 0xff, 0x3, 0xff, 0xff, 0x80, 0x0, 0x3f,
    0xff, 0xf0, 0x3f, 0xff, 0xf0, 0x0, 0x3, 0xff,
    0xff, 0x83, 0xff, 0xff, 0x0, 0x0, 0x3f, 0xff,
    0xf8, 0x3f, 0xff, 0xf0, 0x0, 0x1, 0xff, 0xff,
    0x83, 0xff, 0xff, 0x0, 0x0, 0x1f, 0xff, 0xf8,
    0x0, 0x0, 0x0, 0x0, 0x1, 0xff, 0xff, 0x80,
    0x0, 0x0, 0x0, 0x0, 0x1f, 0xff, 0xf8, 0x0,
    0x0, 0x0, 0x0, 0x1, 0xff, 0xff, 0x80, 0x0,
    0x0, 0x0, 0x0, 0x1f, 0xff, 0xf8, 0x0, 0x0,
    0x0, 0x0, 0x1, 0xff, 0xff, 0x80, 0x0, 0x0,
    0x0, 0x0, 0x1f, 0xff, 0xf8, 0x0, 0x0, 0x1,
    0xff, 0xff, 0xff, 0xff, 0x80, 0x0, 0x3, 0xff,
    0xff, 0xff, 0xff, 0xf8, 0x0, 0x3, 0xff, 0xff,
    0xff, 0xff, 0xff, 0x80, 0x0, 0xff, 0xff, 0xff,
    0xff, 0xff, 0xf8, 0x0, 0x3f, 0xff, 0xff, 0xff,
    0xff, 0xff, 0x80, 0xf, 0xff, 0xff, 0xff, 0xff,
    0xff, 0xf8, 0x1, 0xff, 0xff, 0xff, 0xff, 0xff,
    0xff, 0x80, 0x3f, 0xff, 0xff, 0xff, 0xff, 0xff,
    0xf8, 0x7, 0xff, 0xff, 0xff, 0xff, 0xff, 0xff,
    0x80, 0xff, 0xff, 0xff, 0xff, 0xff, 0xff, 0xf8,
    0x1f, 0xff, 0xff, 0xe0, 0x1, 0xff, 0xff, 0x81,
    0xff, 0xff, 0xf0, 0x0, 0x1f, 0xff, 0xf8, 0x3f,
    0xff, 0xfc, 0x0, 0x1, 0xff, 0xff, 0x83, 0xff,
    0xff, 0x80, 0x0, 0x1f, 0xff, 0xf8, 0x7f, 0xff,
    0xf0, 0x0, 0x1, 0xff, 0xff, 0x87, 0xff, 0xfe,
    0x0, 0x0, 0x1f, 0xff, 0xf8, 0x7f, 0xff, 0xe0,
    0x0, 0x1, 0xff, 0xff, 0x8f, 0xff, 0xfc, 0x0,
    0x0, 0x1f, 0xff, 0xf8, 0xff, 0xff, 0xc0, 0x0,
    0x1, 0xff, 0xff, 0x8f, 0xff, 0xfc, 0x0, 0x0,
    0x1f, 0xff, 0xf8, 0xff, 0xff, 0xc0, 0x0, 0x1,
    0xff, 0xff, 0x8f, 0xff, 0xfc, 0x0, 0x0, 0x1f,
    0xff, 0xf8, 0xff, 0xff, 0xc0, 0x0, 0x1, 0xff,
    0xff, 0x8f, 0xff, 0xfc, 0x0, 0x0, 0x3f, 0xff,
    0xf8, 0xff, 0xff, 0xe0, 0x0, 0x7, 0xff, 0xff,
    0x8f, 0xff, 0xfe, 0x0, 0x0, 0xff, 0xff, 0xf8,
    0xff, 0xff, 0xf0, 0x0, 0x1f, 0xff, 0xff, 0x87,
    0xff, 0xff, 0x80, 0x7, 0xff, 0xff, 0xf8, 0x7f,
    0xff, 0xfe, 0x1, 0xff, 0xff, 0xff, 0x87, 0xff,
    0xff, 0xff, 0xff, 0xff, 0xff, 0xf8, 0x3f, 0xff,
    0xff, 0xff, 0xff, 0xff, 0xff, 0x83, 0xff, 0xff,
    0xff, 0xff, 0xff, 0xff, 0xf8, 0x1f, 0xff, 0xff,
    0xff, 0xff, 0xff, 0xff, 0x81, 0xff, 0xff, 0xff,
    0xff, 0xff, 0xff, 0xf8, 0xf, 0xff, 0xff, 0xff,
    0xff, 0xff, 0xff, 0xc0, 0x7f, 0xff, 0xff, 0xff,
    0xff, 0xff, 0xfc, 0x3, 0xff, 0xff, 0xff, 0xfe,
    0xff, 0xff, 0xc0, 0x1f, 0xff, 0xff, 0xff, 0xc7,
    0xff, 0xfc, 0x0, 0xff, 0xff, 0xff, 0xf8, 0x7f,
    0xff, 0xe0, 0x3, 0xff, 0xff, 0xff, 0x7, 0xff,
    0xfe, 0x0, 0xf, 0xff, 0xff, 0xc0, 0x3f, 0xff,
    0xe0, 0x0, 0x3f, 0xff, 0xf0, 0x0, 0x0, 0x0,
    0x0, 0x0, 0x3f, 0xf0, 0x0, 0x0, 0x0, 0x0,

    /* U+00E4 "ä" */
    0x0, 0x1f, 0xc0, 0x0, 0x0, 0x3f, 0x80, 0x0,
    0x7, 0xff, 0x0, 0x0, 0xf, 0xfe, 0x0, 0x0,
    0xff, 0xf8, 0x0, 0x1, 0xff, 0xf0, 0x0, 0x1f,
    0xff, 0xc0, 0x0, 0x3f, 0xff, 0x80, 0x1, 0xff,
    0xfc, 0x0, 0x3, 0xff, 0xf8, 0x0, 0x3f, 0xff,
    0xe0, 0x0, 0x7f, 0xff, 0xc0, 0x3, 0xff, 0xfe,
    0x0, 0x7, 0xff, 0xfc, 0x0, 0x3f, 0xff, 0xe0,
    0x0, 0x7f, 0xff, 0xc0, 0x3, 0xff, 0xfe, 0x0,
    0x7, 0xff, 0xfc, 0x0, 0x3f, 0xff, 0xe0, 0x0,
    0x7f, 0xff, 0xc0, 0x1, 0xff, 0xfc, 0x0, 0x3,
    0xff, 0xf8, 0x0, 0x1f, 0xff, 0xc0, 0x0, 0x3f,
    0xff, 0x80, 0x0, 0xff, 0xf8, 0x0, 0x1, 0xff,
    0xf0, 0x0, 0x7, 0xff, 0x0, 0x0, 0xf, 0xfe,
    0x0, 0x0, 0x1f, 0xc0, 0x0, 0x0, 0x3f, 0x80,
    0x0, 0x0, 0x0, 0x0, 0x0, 0x0, 0x0, 0x0,
    0x0, 0x0, 0x0, 0x0, 0x0, 0x0, 0x0, 0x0,
    0x0, 0x0, 0x0, 0x0, 0x0, 0x0, 0x0, 0x0,
    0x0, 0x0, 0x0, 0x0, 0x0, 0x0, 0x0, 0x0,
    0x0, 0x0, 0x0, 0x0, 0x0, 0x0, 0x0, 0x0,
    0x0, 0x0, 0x0, 0x0, 0x0, 0x0, 0x0, 0x0,
    0x0, 0x0, 0x0, 0x0, 0x0, 0x0, 0x0, 0x0,
    0x0, 0x0, 0x0, 0x0, 0x0, 0x0, 0x0, 0x0,
    0x0, 0x0, 0x0, 0x0, 0x0, 0x0, 0x0, 0xff,
    0xf8, 0x0, 0x0, 0x0, 0x0, 0x1, 0xff, 0xff,
    0xf8, 0x0, 0x0, 0x0, 0x0, 0xff, 0xff, 0xff,
    0xf0, 0x0, 0x0, 0x0, 0x3f, 0xff, 0xff, 0xff,
    0xc0, 0x0, 0x0, 0xf, 0xff, 0xff, 0xff, 0xff,
    0x0, 0x0, 0x1, 0xff, 0xff, 0xff, 0xff, 0xf8,
    0x0, 0x0, 0x3f, 0xff, 0xff, 0xff, 0xff, 0xc0,
    0x0, 0xf, 0xff, 0xff, 0xff, 0xff, 0xfe, 0x0,
    0x1, 0xff, 0xff, 0xff, 0xff, 0xff, 0xf0, 0x0,
    0x3f, 0xff, 0xff, 0xff, 0xff, 0xff, 0x80, 0x3,
    0xff, 0xff, 0xff, 0xff, 0xff, 0xf8, 0x0, 0x7f,
    0xff, 0xff, 0xff, 0xff, 0xff, 0xc0, 0xf, 0xff,
    0xff, 0xff, 0xff, 0xff, 0xfe, 0x0, 0xff, 0xff,
    0xfc, 0x7, 0xff, 0xff, 0xe0, 0x1f, 0xff, 0xff,
    0x0, 0x1f, 0xff, 0xfe, 0x1, 0xff, 0xff, 0xc0,
    0x0, 0xff, 0xff, 0xf0, 0x1f, 0xff, 0xf8, 0x0,
    0x7, 0xff, 0xff, 0x3, 0xff, 0xff, 0x80, 0x0,
    0x3f, 0xff, 0xf0, 0x3f, 0xff, 0xf0, 0x0, 0x3,
    0xff, 0xff, 0x83, 0xff, 0xff, 0x0, 0x0, 0x1f,
    0xff, 0xf8, 0x3f, 0xff, 0xf0, 0x0, 0x1, 0xff,
    0xff, 0x83, 0xff, 0xff, 0x0, 0x0, 0x1f, 0xff,
    0xf8, 0x0, 0x0, 0x0, 0x0, 0x1, 0xff, 0xff,
    0x80, 0x0, 0x0, 0x0, 0x0, 0x1f, 0xff, 0xf8,
    0x0, 0x0, 0x0, 0x0, 0x1, 0xff, 0xff, 0x80,
    0x0, 0x0, 0x0, 0x0, 0x1f, 0xff, 0xf8, 0x0,
    0x0, 0x0, 0x0, 0x1, 0xff, 0xff, 0x80, 0x0,
    0x0, 0x0, 0x0, 0x1f, 0xff, 0xf8, 0x0, 0x0,
    0x1, 0xff, 0xff, 0xff, 0xff, 0x80, 0x0, 0x7,
    0xff, 0xff, 0xff, 0xff, 0xf8, 0x0, 0x3, 0xff,
    0xff, 0xff, 0xff, 0xff, 0x80, 0x0, 0xff, 0xff,
    0xff, 0xff, 0xff, 0xf8, 0x0, 0x3f, 0xff, 0xff,
    0xff, 0xff, 0xff, 0x80, 0xf, 0xff, 0xff, 0xff,
    0xff, 0xff, 0xf8, 0x1, 0xff, 0xff, 0xff, 0xff,
    0xff, 0xff, 0x80, 0x3f, 0xff, 0xff, 0xff, 0xff,
    0xff, 0xf8, 0x7, 0xff, 0xff, 0xff, 0xff, 0xff,
    0xff, 0x80, 0xff, 0xff, 0xff, 0xff, 0xff, 0xff,
    0xf8, 0x1f, 0xff, 0xff, 0xe0, 0x1, 0xff, 0xff,
    0x81, 0xff, 0xff, 0xf0, 0x0, 0x1f, 0xff, 0xf8,
    0x3f, 0xff, 0xfc, 0x0, 0x1, 0xff, 0xff, 0x83,
    0xff, 0xff, 0x80, 0x0, 0x1f, 0xff, 0xf8, 0x7f,
    0xff, 0xf0, 0x0, 0x1, 0xff, 0xff, 0x87, 0xff,
    0xfe, 0x0, 0x0, 0x1f, 0xff, 0xf8, 0x7f, 0xff,
    0xe0, 0x0, 0x1, 0xff, 0xff, 0x8f, 0xff, 0xfc,
    0x0, 0x0, 0x1f, 0xff, 0xf8, 0xff, 0xff, 0xc0,
    0x0, 0x1, 0xff, 0xff, 0x8f, 0xff, 0xfc, 0x0,
    0x0, 0x1f, 0xff, 0xf8, 0xff, 0xff, 0xc0, 0x0,
    0x1, 0xff, 0xff, 0x8f, 0xff, 0xfc, 0x0, 0x0,
    0x1f, 0xff, 0xf8, 0xff, 0xff, 0xc0, 0x0, 0x3,
    0xff, 0xff, 0x8f, 0xff, 0xfe, 0x0, 0x0, 0x3f,
    0xff, 0xf8, 0xff, 0xff, 0xe0, 0x0, 0xf, 0xff,
    0xff, 0x8f, 0xff, 0xff, 0x0, 0x1, 0xff, 0xff,
    0xf8, 0xff, 0xff, 0xf8, 0x0, 0x3f, 0xff, 0xff,
    0x87, 0xff, 0xff, 0xe0, 0x1f, 0xff, 0xff, 0xf8,
    0x7f, 0xff, 0xff, 0xff, 0xff, 0xff, 0xff, 0x87,
    0xff, 0xff, 0xff, 0xff, 0xff, 0xff, 0xf8, 0x3f,
    0xff, 0xff, 0xff, 0xff, 0xff, 0xff, 0x83, 0xff,
    0xff, 0xff, 0xff, 0xff, 0xff, 0xf8, 0x1f, 0xff,
    0xff, 0xff, 0xff, 0xff, 0xff, 0x80, 0xff, 0xff,
    0xff, 0xff, 0xff, 0xff, 0xfc, 0x7, 0xff, 0xff,
    0xff, 0xff, 0xff, 0xff, 0xc0, 0x3f, 0xff, 0xff,
    0xff, 0xef, 0xff, 0xfc, 0x1, 0xff, 0xff, 0xff,
    0xfc, 0xff, 0xff, 0xc0, 0xf, 0xff, 0xff, 0xff,
    0x7, 0xff, 0xfe, 0x0, 0x7f, 0xff, 0xff, 0xe0,
    0x7f, 0xff, 0xe0, 0x1, 0xff, 0xff, 0xf8, 0x7,
    0xff, 0xfe, 0x0, 0x3, 0xff, 0xfe, 0x0, 0x0,
    0x0, 0x0, 0x0, 0x3, 0xff, 0x0, 0x0, 0x0,
    0x0,

    /* U+00E5 "å" */
    0x0, 0x0, 0x0, 0x1f, 0xc0, 0x0, 0x0, 0x0,
    0x0, 0x0, 0xf, 0xff, 0x80, 0x0, 0x0, 0x0,
    0x0, 0x3, 0xff, 0xfe, 0x0, 0x0, 0x0, 0x0,
    0x0, 0x7f, 0xff, 0xf0, 0x0, 0x0, 0x0, 0x0,
    0xf, 0xff, 0xff, 0x80, 0x0, 0x0, 0x0, 0x1,
    0xff, 0xff, 0xfc, 0x0, 0x0, 0x0, 0x0, 0x1f,
    0xf0, 0x7f, 0xc0, 0x0, 0x0, 0x0, 0x3, 0xfc,
    0x1, 0xfe, 0x0, 0x0, 0x0, 0x0, 0x3f, 0x80,
    0xf, 0xe0, 0x0, 0x0, 0x0, 0x7, 0xf8, 0x0,
    0xff, 0x0, 0x0, 0x0, 0x0, 0x7f, 0x0, 0x7,
    0xf0, 0x0, 0x0, 0x0, 0x7, 0xf0, 0x0, 0x7f,
    0x0, 0x0, 0x0, 0x0, 0x7f, 0x0, 0x7, 0xf0,
    0x0, 0x0, 0x0, 0x7, 0xf0, 0x0, 0x7f, 0x0,
    0x0, 0x0, 0x0, 0x7f, 0x0, 0x7, 0xf0, 0x0,
    0x0, 0x0, 0x7, 0xf0, 0x0, 0x7f, 0x0, 0x0,
    0x0, 0x0, 0x7f, 0x80, 0xf, 0xf0, 0x0, 0x0,
    0x0, 0x3, 0xf8, 0x0, 0xfe, 0x0, 0x0, 0x0,
    0x0, 0x3f, 0xc0, 0x1f, 0xe0, 0x0, 0x0, 0x0,
    0x1, 0xff, 0x7, 0xfc, 0x0, 0x0, 0x0, 0x0,
    0x1f, 0xff, 0xff, 0xc0, 0x0, 0x0, 0x0, 0x0,
    0xff, 0xff, 0xf8, 0x0, 0x0, 0x0, 0x0, 0x7,
    0xff, 0xff, 0x0, 0x0, 0x0, 0x0, 0x0, 0x3f,
    0xff, 0xe0, 0x0, 0x0, 0x0, 0x0, 0x0, 0xff,
    0xf8, 0x0, 0x0, 0x0, 0x0, 0x0, 0x3, 0xfc,
    0x0, 0x0, 0x0, 0x0, 0x0, 0x0, 0x0, 0x0,
    0x0, 0x0, 0x0, 0x0, 0x0, 0x0, 0x0, 0x0,
    0x0, 0x0, 0x0, 0x0, 0x0, 0x0, 0x0, 0x0,
    0x0, 0x0, 0x0, 0x0, 0x0, 0x0, 0x0, 0x0,
    0x0, 0x0, 0x0, 0x0, 0x0, 0x0, 0x0, 0x0,
    0x0, 0x0, 0x0, 0x0, 0x0, 0x0, 0x0, 0x0,
    0x0, 0x0, 0x0, 0x0, 0x0, 0x0, 0x0, 0x0,
    0x0, 0x0, 0xf, 0xff, 0x80, 0x0, 0x0, 0x0,
    0x0, 0x1f, 0xff, 0xff, 0x80, 0x0, 0x0, 0x0,
    0xf, 0xff, 0xff, 0xff, 0x0, 0x0, 0x0, 0x3,
    0xff, 0xff, 0xff, 0xfc, 0x0, 0x0, 0x0, 0xff,
    0xff, 0xff, 0xff, 0xf0, 0x0, 0x0, 0x1f, 0xff,
    0xff, 0xff, 0xff, 0x80, 0x0, 0x3, 0xff, 0xff,
    0xff, 0xff, 0xfc, 0x0, 0x0, 0xff, 0xff, 0xff,
    0xff, 0xff, 0xe0, 0x0, 0x1f, 0xff, 0xff, 0xff,
    0xff, 0xff, 0x0, 0x3, 0xff, 0xff, 0xff, 0xff,
    0xff, 0xf8, 0x0, 0x3f, 0xff, 0xff, 0xff, 0xff,
    0xff, 0x80, 0x7, 0xff, 0xff, 0xff, 0xff, 0xff,
    0xfc, 0x0, 0xff, 0xff, 0xff, 0xff, 0xff, 0xff,
    0xe0, 0xf, 0xff, 0xff, 0xc0, 0x7f, 0xff, 0xfe,
    0x1, 0xff, 0xff, 0xf0, 0x1, 0xff, 0xff, 0xe0,
    0x1f, 0xff, 0xfc, 0x0, 0xf, 0xff, 0xff, 0x1,
    0xff, 0xff, 0x80, 0x0, 0x7f, 0xff, 0xf0, 0x3f,
    0xff, 0xf8, 0x0, 0x3, 0xff, 0xff, 0x3, 0xff,
    0xff, 0x0, 0x0, 0x3f, 0xff, 0xf8, 0x3f, 0xff,
    0xf0, 0x0, 0x1, 0xff, 0xff, 0x83, 0xff, 0xff,
    0x0, 0x0, 0x1f, 0xff, 0xf8, 0x3f, 0xff, 0xf0,
    0x0, 0x1, 0xff, 0xff, 0x80, 0x0, 0x0, 0x0,
    0x0, 0x1f, 0xff, 0xf8, 0x0, 0x0, 0x0, 0x0,
    0x1, 0xff, 0xff, 0x80, 0x0, 0x0, 0x0, 0x0,
    0x1f, 0xff, 0xf8, 0x0, 0x0, 0x0, 0x0, 0x1,
    0xff, 0xff, 0x80, 0x0, 0x0, 0x0, 0x0, 0x1f,
    0xff, 0xf8, 0x0, 0x0, 0x0, 0x0, 0x1, 0xff,
    0xff, 0x80, 0x0, 0x0, 0x1f, 0xff, 0xff, 0xff,
    0xf8, 0x0, 0x0, 0x7f, 0xff, 0xff, 0xff, 0xff,
    0x80, 0x0, 0x3f, 0xff, 0xff, 0xff, 0xff, 0xf8,
    0x0, 0xf, 0xff, 0xff, 0xff, 0xff, 0xff, 0x80,
    0x3, 0xff, 0xff, 0xff, 0xff, 0xff, 0xf8, 0x0,
    0xff, 0xff, 0xff, 0xff, 0xff, 0xff, 0x80, 0x1f,
    0xff, 0xff, 0xff, 0xff, 0xff, 0xf8, 0x3, 0xff,
    0xff, 0xff, 0xff, 0xff, 0xff, 0x80, 0x7f, 0xff,
    0xff, 0xff, 0xff, 0xff, 0xf8, 0xf, 0xff, 0xff,
    0xff, 0xff, 0xff, 0xff, 0x81, 0xff, 0xff, 0xfe,
    0x0, 0x1f, 0xff, 0xf8, 0x1f, 0xff, 0xff, 0x0,
    0x1, 0xff, 0xff, 0x83, 0xff, 0xff, 0xc0, 0x0,
    0x1f, 0xff, 0xf8, 0x3f, 0xff, 0xf8, 0x0, 0x1,
    0xff, 0xff, 0x87, 0xff, 0xff, 0x0, 0x0, 0x1f,
    0xff, 0xf8, 0x7f, 0xff, 0xe0, 0x0, 0x1, 0xff,
    0xff, 0x87, 0xff, 0xfe, 0x0, 0x0, 0x1f, 0xff,
    0xf8, 0xff, 0xff, 0xc0, 0x0, 0x1, 0xff, 0xff,
    0x8f, 0xff, 0xfc, 0x0, 0x0, 0x1f, 0xff, 0xf8,
    0xff, 0xff, 0xc0, 0x0, 0x1, 0xff, 0xff, 0x8f,
    0xff, 0xfc, 0x0, 0x0, 0x1f, 0xff, 0xf8, 0xff,
    0xff, 0xc0, 0x0, 0x1, 0xff, 0xff, 0x8f, 0xff,
    0xfc, 0x0, 0x0, 0x3f, 0xff, 0xf8, 0xff, 0xff,
    0xe0, 0x0, 0x3, 0xff, 0xff, 0x8f, 0xff, 0xfe,
    0x0, 0x0, 0xff, 0xff, 0xf8, 0xff, 0xff, 0xf0,
    0x0, 0x1f, 0xff, 0xff, 0x8f, 0xff, 0xff, 0x80,
    0x3, 0xff, 0xff, 0xf8, 0x7f, 0xff, 0xfe, 0x1,
    0xff, 0xff, 0xff, 0x87, 0xff, 0xff, 0xff, 0xff,
    0xff, 0xff, 0xf8, 0x7f, 0xff, 0xff, 0xff, 0xff,
    0xff, 0xff, 0x83, 0xff, 0xff, 0xff, 0xff, 0xff,
    0xff, 0xf8, 0x3f, 0xff, 0xff, 0xff, 0xff, 0xff,
    0xff, 0x81, 0xff, 0xff, 0xff, 0xff, 0xff, 0xff,
    0xf8, 0xf, 0xff, 0xff, 0xff, 0xff, 0xff, 0xff,
    0xc0, 0x7f, 0xff, 0xff, 0xff, 0xff, 0xff, 0xfc,
    0x3, 0xff, 0xff, 0xff, 0xfe, 0xff, 0xff, 0xc0,
    0x1f, 0xff, 0xff, 0xff, 0xcf, 0xff, 0xfc, 0x0,
    0xff, 0xff, 0xff, 0xf0, 0x7f, 0xff, 0xe0, 0x7,
    0xff, 0xff, 0xfe, 0x7, 0xff, 0xfe, 0x0, 0x1f,
    0xff, 0xff, 0x80, 0x7f, 0xff, 0xe0, 0x0, 0x3f,
    0xff, 0xe0, 0x0, 0x0, 0x0, 0x0, 0x0, 0x3f,
    0xf0, 0x0, 0x0, 0x0, 0x0,

    /* U+00E6 "æ" */
    0x0, 0x0, 0x0, 0xff, 0xfc, 0x0, 0x0, 0x0,
    0x3f, 0xfe, 0x0, 0x0, 0x0, 0x0, 0x0, 0x7f,
    0xff, 0xff, 0x0, 0x0, 0x1f, 0xff, 0xff, 0x0,
    0x0, 0x0, 0x0, 0x3f, 0xff, 0xff, 0xfe, 0x0,
    0x7, 0xff, 0xff, 0xfe, 0x0, 0x0, 0x0, 0x7,
    0xff, 0xff, 0xff, 0xfe, 0x0, 0xff, 0xff, 0xff,
    0xfc, 0x0, 0x0, 0x0, 0xff, 0xff, 0xff, 0xff,
    0xf8, 0x1f, 0xff, 0xff, 0xff, 0xf8, 0x0, 0x0,
    0xf, 0xff, 0xff, 0xff, 0xff, 0xf3, 0xff, 0xff,
    0xff, 0xff, 0xe0, 0x0, 0x1, 0xff, 0xff, 0xff,
    0xff, 0xff, 0xff, 0xff, 0xff, 0xff, 0xff, 0xc0,
    0x0, 0x1f, 0xff, 0xff, 0xff, 0xff, 0xff, 0xff,
    0xff, 0xff, 0xff, 0xff, 0x0, 0x1, 0xff, 0xff,
    0xff, 0xff, 0xff, 0xff, 0xff, 0xff, 0xff, 0xff,
    0xfc, 0x0, 0x1f, 0xff, 0xff, 0xff, 0xff, 0xff,
    0xff, 0xff, 0xff, 0xff, 0xff, 0xf0, 0x1, 0xff,
    0xff, 0xff, 0xff, 0xff, 0xff, 0xff, 0xff, 0xff,
    0xff, 0xff, 0x80, 0xf, 0xff, 0xff, 0xff, 0xff,
    0xff, 0xff, 0xff, 0xff, 0xff, 0xff, 0xfe, 0x0,
    0xff, 0xff, 0xff, 0xff, 0xff, 0xff, 0xff, 0xff,
    0xff, 0xff, 0xff, 0xf8, 0x7, 0xff, 0xff, 0xff,
    0xff, 0xff, 0xff, 0xff, 0xff, 0xff, 0xff, 0xff,
    0xc0, 0x7f, 0xff, 0xff, 0x80, 0x7f, 0xff, 0xff,
    0xff, 0xe0, 0x3f, 0xff, 0xff, 0x3, 0xff, 0xff,
    0xe0, 0x0, 0xff, 0xff, 0xff, 0xf8, 0x0, 0x7f,
    0xff, 0xf8, 0x1f, 0xff, 0xfe, 0x0, 0x3, 0xff,
    0xff, 0xff, 0x80, 0x0, 0xff, 0xff, 0xe1, 0xff,
    0xff, 0xe0, 0x0, 0xf, 0xff, 0xff, 0xf8, 0x0,
    0x7, 0xff, 0xff, 0xf, 0xff, 0xfe, 0x0, 0x0,
    0x3f, 0xff, 0xff, 0x80, 0x0, 0x1f, 0xff, 0xf8,
    0x7f, 0xff, 0xe0, 0x0, 0x1, 0xff, 0xff, 0xf8,
    0x0, 0x0, 0x7f, 0xff, 0xe3, 0xff, 0xff, 0x0,
    0x0, 0xf, 0xff, 0xff, 0xc0, 0x0, 0x3, 0xff,
    0xff, 0x0, 0xf, 0xf8, 0x0, 0x0, 0x3f, 0xff,
    0xfc, 0x0, 0x0, 0x1f, 0xff, 0xf8, 0x0, 0x0,
    0x0, 0x0, 0x1, 0xff, 0xff, 0xe0, 0x0, 0x0,
    0x7f, 0xff, 0xc0, 0x0, 0x0, 0x0, 0x0, 0xf,
    0xff, 0xfe, 0x0, 0x0, 0x3, 0xff, 0xfe, 0x0,
    0x0, 0x0, 0x0, 0x0, 0x7f, 0xff, 0xf0, 0x0,
    0x0, 0x1f, 0xff, 0xf8, 0x0, 0x0, 0x0, 0x0,
    0x3, 0xff, 0xff, 0x80, 0x0, 0x0, 0xff, 0xff,
    0xc0, 0x0, 0x0, 0x0, 0x0, 0x1f, 0xff, 0xfc,
    0x0, 0x0, 0x7, 0xff, 0xfe, 0x0, 0x0, 0x0,
    0x0, 0x0, 0xff, 0xff, 0xc0, 0x0, 0x0, 0x3f,
    0xff, 0xf0, 0x0, 0x0, 0x1f, 0xff, 0xff, 0xff,
    0xff, 0xff, 0xff, 0xff, 0xff, 0xff, 0x80, 0x0,
    0x3f, 0xff, 0xff, 0xff, 0xff, 0xff, 0xff, 0xff,
    0xff, 0xff, 0xfc, 0x0, 0xf, 0xff, 0xff, 0xff,
    0xff, 0xff, 0xff, 0xff, 0xff, 0xff, 0xff, 0xe0,
    0x3, 0xff, 0xff, 0xff, 0xff, 0xff, 0xff, 0xff,
    0xff, 0xff, 0xff, 0xff, 0x0, 0x7f, 0xff, 0xff,
    0xff, 0xff, 0xff, 0xff, 0xff, 0xff, 0xff, 0xff,
    0xf8, 0x7, 0xff, 0xff, 0xff, 0xff, 0xff, 0xff,
    0xff, 0xff, 0xff, 0xff, 0xff, 0xc0, 0xff, 0xff,
    0xff, 0xff, 0xff, 0xff, 0xff, 0xff, 0xff, 0xff,
    0xff, 0xfe, 0xf, 0xff, 0xff, 0xff, 0xff, 0xff,
    0xff, 0xff, 0xff, 0xff, 0xff, 0xff, 0xf0, 0xff,
    0xff, 0xff, 0xff, 0xff, 0xff, 0xff, 0xff, 0xff,
    0xff, 0xff, 0xff, 0x87, 0xff, 0xff, 0xff, 0xff,
    0xff, 0xff, 0xff, 0xff, 0xff, 0xff, 0xff, 0xfc,
    0x7f, 0xff, 0xff, 0xff, 0xff, 0xff, 0xff, 0xff,
    0xff, 0xff, 0xff, 0xff, 0xe7, 0xff, 0xff, 0xfc,
    0x0, 0xf, 0xff, 0xff, 0xff, 0xff, 0xff, 0xff,
    0xff, 0x3f, 0xff, 0xff, 0x0, 0x0, 0x7f, 0xff,
    0xe0, 0x0, 0x0, 0x0, 0x0, 0x3, 0xff, 0xff,
    0xe0, 0x0, 0x3, 0xff, 0xff, 0x0, 0x0, 0x0,
    0x0, 0x0, 0x1f, 0xff, 0xfe, 0x0, 0x0, 0x1f,
    0xff, 0xf8, 0x0, 0x0, 0x0, 0x0, 0x0, 0xff,
    0xff, 0xe0, 0x0, 0x0, 0xff, 0xff, 0xe0, 0x0,
    0x0, 0x0, 0x0, 0xf, 0xff, 0xfe, 0x0, 0x0,
    0x7, 0xff, 0xff, 0x0, 0x0, 0x0, 0x0, 0x0,
    0x7f, 0xff, 0xf0, 0x0, 0x0, 0x3f, 0xff, 0xf8,
    0x0, 0x0, 0x0, 0x0, 0x3, 0xff, 0xff, 0x0,
    0x0, 0x1, 0xff, 0xff, 0xc0, 0x0, 0x0, 0x0,
    0x0, 0x1f, 0xff, 0xf8, 0x0, 0x0, 0xf, 0xff,
    0xff, 0x0, 0x0, 0x0, 0x0, 0x0, 0xff, 0xff,
    0xc0, 0x0, 0x0, 0x7f, 0xff, 0xf8, 0x0, 0x0,
    0x0, 0x0, 0x7, 0xff, 0xfe, 0x0, 0x0, 0x3,
    0xff, 0xff, 0xe0, 0x0, 0x0, 0x0, 0x0, 0x3f,
    0xff, 0xf0, 0x0, 0x0, 0x1f, 0xff, 0xff, 0x80,
    0x0, 0x0, 0x0, 0x1, 0xff, 0xff, 0x80, 0x0,
    0x0, 0xff, 0xff, 0xfe, 0x0, 0x0, 0x0, 0xc,
    0xf, 0xff, 0xfe, 0x0, 0x0, 0xf, 0xff, 0xff,
    0xf8, 0x0, 0x0, 0x1, 0xe0, 0x7f, 0xff, 0xf0,
    0x0, 0x0, 0xff, 0xff, 0xff, 0xe0, 0x0, 0x0,
    0x3f, 0x1, 0xff, 0xff, 0xc0, 0x0, 0x1f, 0xff,
    0xff, 0xff, 0xc0, 0x0, 0xf, 0xfc, 0xf, 0xff,
    0xff, 0x80, 0x3, 0xff, 0xff, 0xff, 0xff, 0xc0,
    0x7, 0xff, 0xe0, 0x7f, 0xff, 0xff, 0x0, 0xff,
    0xff, 0xff, 0xff, 0xff, 0xff, 0xff, 0xff, 0x81,
    0xff, 0xff, 0xff, 0xff, 0xff, 0xff, 0xff, 0xff,
    0xff, 0xff, 0xff, 0xfc, 0xf, 0xff, 0xff, 0xff,
    0xff, 0xff, 0xff, 0xff, 0xff, 0xff, 0xff, 0xff,
    0xe0, 0x3f, 0xff, 0xff, 0xff, 0xff, 0xff, 0xff,
    0xff, 0xff, 0xff, 0xff, 0xff, 0x81, 0xff, 0xff,
    0xff, 0xff, 0xff, 0xff, 0xff, 0xff, 0xff, 0xff,
    0xff, 0xfc, 0x7, 0xff, 0xff, 0xff, 0xff, 0xff,
    0xdf, 0xff, 0xff, 0xff, 0xff, 0xff, 0xf0, 0x1f,
    0xff, 0xff, 0xff, 0xff, 0xfc, 0x7f, 0xff, 0xff,
    0xff, 0xff, 0xff, 0x80, 0x7f, 0xff, 0xff, 0xff,
    0xff, 0xc1, 0xff, 0xff, 0xff, 0xff, 0xff, 0xf0,
    0x1, 0xff, 0xff, 0xff, 0xff, 0xf8, 0x3, 0xff,
    0xff, 0xff, 0xff, 0xff, 0x0, 0x7, 0xff, 0xff,
    0xff, 0xff, 0x80, 0xf, 0xff, 0xff, 0xff, 0xff,
    0xe0, 0x0, 0xf, 0xff, 0xff, 0xff, 0xf0, 0x0,
    0x1f, 0xff, 0xff, 0xff, 0xfc, 0x0, 0x0, 0x1f,
    0xff, 0xff, 0xfc, 0x0, 0x0, 0x3f, 0xff, 0xff,
    0xff, 0x0, 0x0, 0x0, 0x3f, 0xff, 0xff, 0x80,
    0x0, 0x0, 0x3f, 0xff, 0xff, 0xc0, 0x0, 0x0,
    0x0, 0xf, 0xff, 0x80, 0x0, 0x0, 0x0, 0xf,
    0xff, 0xc0, 0x0, 0x0,

    /* U+00E7 "ç" */
    0x0, 0x0, 0x0, 0x7f, 0xf8, 0x0, 0x0, 0x0,
    0x0, 0x1, 0xff, 0xff, 0xf0, 0x0, 0x0, 0x0,
    0x0, 0xff, 0xff, 0xff, 0xc0, 0x0, 0x0, 0x0,
    0x7f, 0xff, 0xff, 0xfe, 0x0, 0x0, 0x0, 0x3f,
    0xff, 0xff, 0xff, 0xf0, 0x0, 0x0, 0x1f, 0xff,
    0xff, 0xff, 0xff, 0x0, 0x0, 0x7, 0xff, 0xff,
    0xff, 0xff, 0xf8, 0x0, 0x1, 0xff, 0xff, 0xff,
    0xff, 0xff, 0x80, 0x0, 0x7f, 0xff, 0xff, 0xff,
    0xff, 0xf8, 0x0, 0x1f, 0xff, 0xff, 0xff, 0xff,
    0xff, 0x0, 0x7, 0xff, 0xff, 0xff, 0xff, 0xff,
    0xf0, 0x1, 0xff, 0xff, 0xff, 0xff, 0xff, 0xff,
    0x0, 0x3f, 0xff, 0xff, 0xff, 0xff, 0xff, 0xf0,
    0xf, 0xff, 0xff, 0xff, 0xff, 0xff, 0xfe, 0x1,
    0xff, 0xff, 0xf8, 0xf, 0xff, 0xff, 0xe0, 0x7f,
    0xff, 0xfc, 0x0, 0x3f, 0xff, 0xfc, 0xf, 0xff,
    0xfe, 0x0, 0x3, 0xff, 0xff, 0x83, 0xff, 0xff,
    0x80, 0x0, 0x3f, 0xff, 0xf8, 0x7f, 0xff, 0xe0,
    0x0, 0x3, 0xff, 0xff, 0x1f, 0xff, 0xfc, 0x0,
    0x0, 0x7f, 0xff, 0xe3, 0xff, 0xff, 0x0, 0x0,
    0x7, 0xff, 0xfc, 0x7f, 0xff, 0xe0, 0x0, 0x0,
    0xff, 0xff, 0xdf, 0xff, 0xf8, 0x0, 0x0, 0xf,
    0xff, 0xfb, 0xff, 0xff, 0x0, 0x0, 0x1, 0xff,
    0xff, 0x7f, 0xff, 0xe0, 0x0, 0x0, 0x3f, 0xff,
    0xef, 0xff, 0xfc, 0x0, 0x0, 0x7, 0xff, 0xfd,
    0xff, 0xff, 0x80, 0x0, 0x0, 0x0, 0x0, 0x7f,
    0xff, 0xe0, 0x0, 0x0, 0x0, 0x0, 0xf, 0xff,
    0xfc, 0x0, 0x0, 0x0, 0x0, 0x1, 0xff, 0xff,
    0x80, 0x0, 0x0, 0x0, 0x0, 0x3f, 0xff, 0xf0,
    0x0, 0x0, 0x0, 0x0, 0x7, 0xff, 0xfe, 0x0,
    0x0, 0x0, 0x0, 0x0, 0xff, 0xff, 0xc0, 0x0,
    0x0, 0x0, 0x0, 0x1f, 0xff, 0xf8, 0x0, 0x0,
    0x0, 0x0, 0x3, 0xff, 0xff, 0x0, 0x0, 0x0,
    0x0, 0x0, 0x7f, 0xff, 0xe0, 0x0, 0x0, 0x0,
    0x0, 0xf, 0xff, 0xfc, 0x0, 0x0, 0x0, 0x0,
    0x1, 0xff, 0xff, 0x80, 0x0, 0x0, 0x0, 0x0,
    0x3f, 0xff, 0xf0, 0x0, 0x0, 0x0, 0x0, 0x7,
    0xff, 0xfe, 0x0, 0x0, 0x0, 0x0, 0x0, 0xff,
    0xff, 0xc0, 0x0, 0x0, 0x0, 0x0, 0x1f, 0xff,
    0xf8, 0x0, 0x0, 0x0, 0x0, 0x3, 0xff, 0xff,
    0x0, 0x0, 0x0, 0x0, 0x0, 0x3f, 0xff, 0xe0,
    0x0, 0x0, 0x0, 0x0, 0x7, 0xff, 0xfe, 0x0,
    0x0, 0x0, 0x0, 0x0, 0xff, 0xff, 0xc0, 0x0,
    0x0, 0x0, 0x0, 0x1f, 0xff, 0xf8, 0x0, 0x0,
    0xf, 0xff, 0xfb, 0xff, 0xff, 0x0, 0x0, 0x1,
    0xff, 0xff, 0x3f, 0xff, 0xf0, 0x0, 0x0, 0x3f,
    0xff, 0xe7, 0xff, 0xfe, 0x0, 0x0, 0xf, 0xff,
    0xfc, 0xff, 0xff, 0xe0, 0x0, 0x1, 0xff, 0xff,
    0x8f, 0xff, 0xfc, 0x0, 0x0, 0x7f, 0xff, 0xe1,
    0xff, 0xff, 0xc0, 0x0, 0xf, 0xff, 0xfc, 0x1f,
    0xff, 0xfc, 0x0, 0x3, 0xff, 0xff, 0x83, 0xff,
    0xff, 0xc0, 0x1, 0xff, 0xff, 0xe0, 0x3f, 0xff,
    0xfe, 0x0, 0x7f, 0xff, 0xfc, 0x7, 0xff, 0xff,
    0xff, 0xff, 0xff, 0xff, 0x0, 0x7f, 0xff, 0xff,
    0xff, 0xff, 0xff, 0xe0, 0xf, 0xff, 0xff, 0xff,
    0xff, 0xff, 0xf8, 0x0, 0xff, 0xff, 0xff, 0xff,
    0xff, 0xfe, 0x0, 0xf, 0xff, 0xff, 0xff, 0xff,
    0xff, 0xc0, 0x0, 0xff, 0xff, 0xff, 0xff, 0xff,
    0xf0, 0x0, 0xf, 0xff, 0xff, 0xff, 0xff, 0xfc,
    0x0, 0x0, 0xff, 0xff, 0xff, 0xff, 0xfe, 0x0,
    0x0, 0xf, 0xff, 0xff, 0xff, 0xff, 0x80, 0x0,
    0x0, 0x7f, 0xff, 0xff, 0xff, 0xe0, 0x0, 0x0,
    0x3, 0xff, 0xff, 0xff, 0xf0, 0x0, 0x0, 0x0,
    0x1f, 0xff, 0xff, 0xf8, 0x0, 0x0, 0x0, 0x0,
    0xff, 0xff, 0xf8, 0x0, 0x0, 0x0, 0x0, 0x1,
    0xff, 0xf0, 0x0, 0x0, 0x0, 0x0, 0x0, 0x3f,
    0xfe, 0x0, 0x0, 0x0, 0x0, 0x0, 0xf, 0xff,
    0xc0, 0x0, 0x0, 0x0, 0x0, 0x1, 0xff, 0xfc,
    0x0, 0x0, 0x0, 0x0, 0x0, 0x3f, 0xff, 0xe0,
    0x0, 0x0, 0x0, 0x0, 0x7, 0xff, 0xff, 0x0,
    0x0, 0x0, 0x0, 0x0, 0xff, 0xff, 0xf0, 0x0,
    0x0, 0x0, 0x0, 0x3f, 0xff, 0xff, 0x0, 0x0,
    0x0, 0x0, 0x7, 0xff, 0xff, 0xf0, 0x0, 0x0,
    0x0, 0x0, 0x3, 0xff, 0xfe, 0x0, 0x0, 0x0,
    0x0, 0x0, 0x1f, 0xff, 0xe0, 0x0, 0x0, 0x0,
    0x0, 0x1, 0xff, 0xfc, 0x0, 0x0, 0x0, 0x0,
    0x0, 0x3f, 0xff, 0x80, 0x0, 0x0, 0x0, 0x0,
    0x7, 0xff, 0xf0, 0x0, 0x0, 0x0, 0x0, 0x0,
    0xff, 0xfe, 0x0, 0x0, 0x0, 0x0, 0x0, 0x1f,
    0xff, 0xc0, 0x0, 0x0, 0x0, 0x0, 0x7, 0xff,
    0xf8, 0x0, 0x0, 0x0, 0x0, 0x1, 0xff, 0xff,
    0x0, 0x0, 0x0, 0x0, 0x0, 0xff, 0xff, 0xc0,
    0x0, 0x0, 0x0, 0x0, 0xff, 0xff, 0xf8, 0x0,
    0x0, 0x0, 0x0, 0x1f, 0xff, 0xfe, 0x0, 0x0,
    0x0, 0x0, 0x3, 0xff, 0xff, 0xc0, 0x0, 0x0,
    0x0, 0x0, 0x7f, 0xff, 0xf0, 0x0, 0x0, 0x0,
    0x0, 0xf, 0xff, 0xfc, 0x0, 0x0, 0x0, 0x0,
    0x1, 0xff, 0xff, 0x0, 0x0, 0x0, 0x0, 0x0,
    0x3f, 0xff, 0xc0, 0x0, 0x0, 0x0, 0x0, 0x7,
    0xff, 0xe0, 0x0, 0x0, 0x0, 0x0, 0x0, 0xff,
    0xe0, 0x0, 0x0, 0x0, 0x0, 0x0, 0x1f, 0xc0,
    0x0, 0x0, 0x0,

    /* U+00E8 "è" */
    0x1, 0xff, 0xff, 0xc0, 0x0, 0x0, 0x0, 0x0,
    0x3, 0xff, 0xff, 0x80, 0x0, 0x0, 0x0, 0x0,
    0x7, 0xff, 0xff, 0x0, 0x0, 0x0, 0x0, 0x0,
    0xf, 0xff, 0xfc, 0x0, 0x0, 0x0, 0x0, 0x0,
    0x1f, 0xff, 0xf8, 0x0, 0x0, 0x0, 0x0, 0x0,
    0x7f, 0xff, 0xf0, 0x0, 0x0, 0x0, 0x0, 0x0,
    0xff, 0xff, 0xc0, 0x0, 0x0, 0x0, 0x0, 0x1,
    0xff, 0xff, 0x80, 0x0, 0x0, 0x0, 0x0, 0x3,
    0xff, 0xff, 0x0, 0x0, 0x0, 0x0, 0x0, 0x7,
    0xff, 0xfc, 0x0, 0x0, 0x0, 0x0, 0x0, 0xf,
    0xff, 0xf8, 0x0, 0x0, 0x0, 0x0, 0x0, 0x1f,
    0xff, 0xf0, 0x0, 0x0, 0x0, 0x0, 0x0, 0x3f,
    0xff, 0xc0, 0x0, 0x0, 0x0, 0x0, 0x0, 0x7f,
    0xff, 0x80, 0x0, 0x0, 0x0, 0x0, 0x0, 0xff,
    0xff, 0x0, 0x0, 0x0, 0x0, 0x0, 0x1, 0xff,
    0xfc, 0x0, 0x0, 0x0, 0x0, 0x0, 0x7, 0xff,
    0xf8, 0x0, 0x0, 0x0, 0x0, 0x0, 0xf, 0xff,
    0xf0, 0x0, 0x0, 0x0, 0x0, 0x0, 0x1f, 0xff,
    0xc0, 0x0, 0x0, 0x0, 0x0, 0x0, 0x0, 0x0,
    0x0, 0x0, 0x0, 0x0, 0x0, 0x0, 0x0, 0x0,
    0x0, 0x0, 0x0, 0x0, 0x0, 0x0, 0x0, 0x0,
    0x0, 0x0, 0x0, 0x0, 0x0, 0x0, 0x0, 0x0,
    0x0, 0x0, 0x0, 0x0, 0x0, 0x0, 0x0, 0x0,
    0x0, 0x0, 0x0, 0x0, 0x0, 0x0, 0x0, 0x0,
    0x0, 0x0, 0x0, 0x0, 0x0, 0x0, 0x0, 0x0,
    0x0, 0x0, 0x0, 0x0, 0x0, 0x0, 0x0, 0x0,
    0x0, 0x0, 0x0, 0x0, 0xf, 0xff, 0x0, 0x0,
    0x0, 0x0, 0x0, 0x7, 0xff, 0xff, 0xe0, 0x0,
    0x0, 0x0, 0x0, 0x7f, 0xff, 0xff, 0xe0, 0x0,
    0x0, 0x0, 0x7, 0xff, 0xff, 0xff, 0xe0, 0x0,
    0x0, 0x0, 0x7f, 0xff, 0xff, 0xff, 0xe0, 0x0,
    0x0, 0x7, 0xff, 0xff, 0xff, 0xff, 0xc0, 0x0,
    0x0, 0x3f, 0xff, 0xff, 0xff, 0xff, 0xc0, 0x0,
    0x1, 0xff, 0xff, 0xff, 0xff, 0xff, 0x80, 0x0,
    0xf, 0xff, 0xff, 0xff, 0xff, 0xff, 0x0, 0x0,
    0x7f, 0xff, 0xff, 0xff, 0xff, 0xfe, 0x0, 0x3,
    0xff, 0xff, 0xff, 0xff, 0xff, 0xf8, 0x0, 0x1f,
    0xff, 0xff, 0xff, 0xff, 0xff, 0xf0, 0x0, 0xff,
    0xff, 0xff, 0xff, 0xff, 0xff, 0xe0, 0x3, 0xff,
    0xff, 0xff, 0xff, 0xff, 0xff, 0x80, 0x1f, 0xff,
    0xff, 0xc0, 0x3f, 0xff, 0xff, 0x0, 0x7f, 0xff,
    0xfc, 0x0, 0x3f, 0xff, 0xfe, 0x3, 0xff, 0xff,
    0xc0, 0x0, 0x3f, 0xff, 0xf8, 0xf, 0xff, 0xfe,
    0x0, 0x0, 0x7f, 0xff, 0xe0, 0x7f, 0xff, 0xf0,
    0x0, 0x0, 0xff, 0xff, 0xc1, 0xff, 0xff, 0x80,
    0x0, 0x3, 0xff, 0xff, 0xf, 0xff, 0xfe, 0x0,
    0x0, 0x7, 0xff, 0xfc, 0x3f, 0xff, 0xf0, 0x0,
    0x0, 0x1f, 0xff, 0xf8, 0xff, 0xff, 0xc0, 0x0,
    0x0, 0x7f, 0xff, 0xe7, 0xff, 0xff, 0x0, 0x0,
    0x0, 0xff, 0xff, 0x9f, 0xff, 0xf8, 0x0, 0x0,
    0x3, 0xff, 0xfe, 0x7f, 0xff, 0xe0, 0x0, 0x0,
    0xf, 0xff, 0xf9, 0xff, 0xff, 0x80, 0x0, 0x0,
    0x3f, 0xff, 0xf7, 0xff, 0xfe, 0x0, 0x0, 0x0,
    0xff, 0xff, 0xff, 0xff, 0xff, 0xff, 0xff, 0xff,
    0xff, 0xff, 0xff, 0xff, 0xff, 0xff, 0xff, 0xff,
    0xff, 0xff, 0xff, 0xff, 0xff, 0xff, 0xff, 0xff,
    0xff, 0xff, 0xff, 0xff, 0xff, 0xff, 0xff, 0xff,
    0xff, 0xff, 0xff, 0xff, 0xff, 0xff, 0xff, 0xff,
    0xff, 0xff, 0xff, 0xff, 0xff, 0xff, 0xff, 0xff,
    0xff, 0xff, 0xff, 0xff, 0xff, 0xff, 0xff, 0xff,
    0xff, 0xff, 0xff, 0xff, 0xff, 0xff, 0xff, 0xff,
    0xff, 0xff, 0xff, 0xff, 0xff, 0xff, 0xff, 0xff,
    0xff, 0xff, 0xff, 0xff, 0xff, 0xff, 0xff, 0xff,
    0xff, 0xff, 0xff, 0xff, 0xff, 0xff, 0xff, 0xff,
    0xff, 0xff, 0xff, 0xff, 0xff, 0xff, 0xff, 0xff,
    0xff, 0xf0, 0x0, 0x0, 0x0, 0x0, 0x0, 0xff,
    0xff, 0xc0, 0x0, 0x0, 0x0, 0x0, 0x3, 0xff,
    0xff, 0x80, 0x0, 0x0, 0x0, 0x0, 0x7, 0xff,
    0xfe, 0x0, 0x0, 0x0, 0x0, 0x0, 0x1f, 0xff,
    0xf8, 0x0, 0x0, 0x0, 0x0, 0x0, 0x7f, 0xff,
    0xe0, 0x0, 0x0, 0x0, 0x0, 0x1, 0xff, 0xff,
    0xc0, 0x0, 0x0, 0x0, 0x0, 0x7, 0xff, 0xff,
    0x0, 0x0, 0x0, 0x0, 0x0, 0xf, 0xff, 0xfe,
    0x0, 0x0, 0x0, 0x4, 0x0, 0x3f, 0xff, 0xfc,
    0x0, 0x0, 0x0, 0x38, 0x0, 0x7f, 0xff, 0xf0,
    0x0, 0x0, 0x1, 0xf0, 0x1, 0xff, 0xff, 0xe0,
    0x0, 0x0, 0xf, 0xe0, 0x7, 0xff, 0xff, 0xc0,
    0x0, 0x0, 0x7f, 0xc0, 0xf, 0xff, 0xff, 0xc0,
    0x0, 0x7, 0xff, 0x80, 0x3f, 0xff, 0xff, 0xc0,
    0x0, 0x7f, 0xfe, 0x0, 0x7f, 0xff, 0xff, 0xe0,
    0xf, 0xff, 0xfc, 0x0, 0xff, 0xff, 0xff, 0xff,
    0xff, 0xff, 0xf8, 0x3, 0xff, 0xff, 0xff, 0xff,
    0xff, 0xff, 0xf0, 0x7, 0xff, 0xff, 0xff, 0xff,
    0xff, 0xff, 0xc0, 0xf, 0xff, 0xff, 0xff, 0xff,
    0xff, 0xfe, 0x0, 0x1f, 0xff, 0xff, 0xff, 0xff,
    0xff, 0xf0, 0x0, 0x3f, 0xff, 0xff, 0xff, 0xff,
    0xff, 0x80, 0x0, 0x7f, 0xff, 0xff, 0xff, 0xff,
    0xfc, 0x0, 0x0, 0x7f, 0xff, 0xff, 0xff, 0xff,
    0xe0, 0x0, 0x0, 0xff, 0xff, 0xff, 0xff, 0xfe,
    0x0, 0x0, 0x0, 0xff, 0xff, 0xff, 0xff, 0xf0,
    0x0, 0x0, 0x1, 0xff, 0xff, 0xff, 0xff, 0x0,
    0x0, 0x0, 0x0, 0xff, 0xff, 0xff, 0xf0, 0x0,
    0x0, 0x0, 0x0, 0x7f, 0xff, 0xfe, 0x0, 0x0,
    0x0, 0x0, 0x0, 0x1f, 0xff, 0x80, 0x0, 0x0,

    /* U+00E9 "é" */
    0x0, 0x0, 0x0, 0x0, 0x7f, 0xff, 0xf8, 0x0,
    0x0, 0x0, 0x0, 0x3, 0xff, 0xff, 0xc0, 0x0,
    0x0, 0x0, 0x0, 0xf, 0xff, 0xfe, 0x0, 0x0,
    0x0, 0x0, 0x0, 0x7f, 0xff, 0xf0, 0x0, 0x0,
    0x0, 0x0, 0x3, 0xff, 0xff, 0x80, 0x0, 0x0,
    0x0, 0x0, 0xf, 0xff, 0xfc, 0x0, 0x0, 0x0,
    0x0, 0x0, 0x7f, 0xff, 0xe0, 0x0, 0x0, 0x0,
    0x0, 0x3, 0xff, 0xff, 0x0, 0x0, 0x0, 0x0,
    0x0, 0xf, 0xff, 0xf8, 0x0, 0x0, 0x0, 0x0,
    0x0, 0x7f, 0xff, 0xe0, 0x0, 0x0, 0x0, 0x0,
    0x1, 0xff, 0xff, 0x0, 0x0, 0x0, 0x0, 0x0,
    0xf, 0xff, 0xf8, 0x0, 0x0, 0x0, 0x0, 0x0,
    0x7f, 0xff, 0xc0, 0x0, 0x0, 0x0, 0x0, 0x1,
    0xff, 0xfe, 0x0, 0x0, 0x0, 0x0, 0x0, 0xf,
    0xff, 0xf0, 0x0, 0x0, 0x0, 0x0, 0x0, 0x7f,
    0xff, 0x80, 0x0, 0x0, 0x0, 0x0, 0x1, 0xff,
    0xfc, 0x0, 0x0, 0x0, 0x0, 0x0, 0xf, 0xff,
    0xe0, 0x0, 0x0, 0x0, 0x0, 0x0, 0x7f, 0xff,
    0x0, 0x0, 0x0, 0x0, 0x0, 0x0, 0x0, 0x0,
    0x0, 0x0, 0x0, 0x0, 0x0, 0x0, 0x0, 0x0,
    0x0, 0x0, 0x0, 0x0, 0x0, 0x0, 0x0, 0x0,
    0x0, 0x0, 0x0, 0x0, 0x0, 0x0, 0x0, 0x0,
    0x0, 0x0, 0x0, 0x0, 0x0, 0x0, 0x0, 0x0,
    0x0, 0x0, 0x0, 0x0, 0x0, 0x0, 0x0, 0x0,
    0x0, 0x0, 0x0, 0x0, 0x0, 0x0, 0x0, 0x0,
    0x0, 0x0, 0x0, 0x0, 0x0, 0x0, 0x0, 0x0,
    0x0, 0x0, 0x0, 0x0, 0xf, 0xff, 0x0, 0x0,
    0x0, 0x0, 0x0, 0x7, 0xff, 0xff, 0xe0, 0x0,
    0x0, 0x0, 0x0, 0x7f, 0xff, 0xff, 0xe0, 0x0,
    0x0, 0x0, 0x7, 0xff, 0xff, 0xff, 0xe0, 0x0,
    0x0, 0x0, 0x7f, 0xff, 0xff, 0xff, 0xe0, 0x0,
    0x0, 0x7, 0xff, 0xff, 0xff, 0xff, 0xc0, 0x0,
    0x0, 0x3f, 0xff, 0xff, 0xff, 0xff, 0xc0, 0x0,
    0x1, 0xff, 0xff, 0xff, 0xff, 0xff, 0x80, 0x0,
    0xf, 0xff, 0xff, 0xff, 0xff, 0xff, 0x0, 0x0,
    0x7f, 0xff, 0xff, 0xff, 0xff, 0xfe, 0x0, 0x3,
    0xff, 0xff, 0xff, 0xff, 0xff, 0xf8, 0x0, 0x1f,
    0xff, 0xff, 0xff, 0xff, 0xff, 0xf0, 0x0, 0xff,
    0xff, 0xff, 0xff, 0xff, 0xff, 0xe0, 0x3, 0xff,
    0xff, 0xff, 0xff, 0xff, 0xff, 0x80, 0x1f, 0xff,
    0xff, 0xc0, 0x3f, 0xff, 0xff, 0x0, 0x7f, 0xff,
    0xfc, 0x0, 0x3f, 0xff, 0xfe, 0x3, 0xff, 0xff,
    0xc0, 0x0, 0x3f, 0xff, 0xf8, 0xf, 0xff, 0xfe,
    0x0, 0x0, 0x7f, 0xff, 0xe0, 0x7f, 0xff, 0xf0,
    0x0, 0x0, 0xff, 0xff, 0xc1, 0xff, 0xff, 0x80,
    0x0, 0x3, 0xff, 0xff, 0xf, 0xff, 0xfe, 0x0,
    0x0, 0x7, 0xff, 0xfc, 0x3f, 0xff, 0xf0, 0x0,
    0x0, 0x1f, 0xff, 0xf8, 0xff, 0xff, 0xc0, 0x0,
    0x0, 0x7f, 0xff, 0xe7, 0xff, 0xff, 0x0, 0x0,
    0x0, 0xff, 0xff, 0x9f, 0xff, 0xf8, 0x0, 0x0,
    0x3, 0xff, 0xfe, 0x7f, 0xff, 0xe0, 0x0, 0x0,
    0xf, 0xff, 0xf9, 0xff, 0xff, 0x80, 0x0, 0x0,
    0x3f, 0xff, 0xf7, 0xff, 0xfe, 0x0, 0x0, 0x0,
    0xff, 0xff, 0xff, 0xff, 0xff, 0xff, 0xff, 0xff,
    0xff, 0xff, 0xff, 0xff, 0xff, 0xff, 0xff, 0xff,
    0xff, 0xff, 0xff, 0xff, 0xff, 0xff, 0xff, 0xff,
    0xff, 0xff, 0xff, 0xff, 0xff, 0xff, 0xff, 0xff,
    0xff, 0xff, 0xff, 0xff, 0xff, 0xff, 0xff, 0xff,
    0xff, 0xff, 0xff, 0xff, 0xff, 0xff, 0xff, 0xff,
    0xff, 0xff, 0xff, 0xff, 0xff, 0xff, 0xff, 0xff,
    0xff, 0xff, 0xff, 0xff, 0xff, 0xff, 0xff, 0xff,
    0xff, 0xff, 0xff, 0xff, 0xff, 0xff, 0xff, 0xff,
    0xff, 0xff, 0xff, 0xff, 0xff, 0xff, 0xff, 0xff,
    0xff, 0xff, 0xff, 0xff, 0xff, 0xff, 0xff, 0xff,
    0xff, 0xff, 0xff, 0xff, 0xff, 0xff, 0xff, 0xff,
    0xff, 0xf0, 0x0, 0x0, 0x0, 0x0, 0x0, 0xff,
    0xff, 0xc0, 0x0, 0x0, 0x0, 0x0, 0x3, 0xff,
    0xff, 0x80, 0x0, 0x0, 0x0, 0x0, 0x7, 0xff,
    0xfe, 0x0, 0x0, 0x0, 0x0, 0x0, 0x1f, 0xff,
    0xf8, 0x0, 0x0, 0x0, 0x0, 0x0, 0x7f, 0xff,
    0xe0, 0x0, 0x0, 0x0, 0x0, 0x1, 0xff, 0xff,
    0xc0, 0x0, 0x0, 0x0, 0x0, 0x7, 0xff, 0xff,
    0x0, 0x0, 0x0, 0x0, 0x0, 0xf, 0xff, 0xfe,
    0x0, 0x0, 0x0, 0x4, 0x0, 0x3f, 0xff, 0xfc,
    0x0, 0x0, 0x0, 0x38, 0x0, 0x7f, 0xff, 0xf0,
    0x0, 0x0, 0x1, 0xf0, 0x1, 0xff, 0xff, 0xe0,
    0x0, 0x0, 0xf, 0xe0, 0x7, 0xff, 0xff, 0xc0,
    0x0, 0x0, 0x7f, 0xc0, 0xf, 0xff, 0xff, 0xc0,
    0x0, 0x7, 0xff, 0x80, 0x3f, 0xff, 0xff, 0xc0,
    0x0, 0x7f, 0xfe, 0x0, 0x7f, 0xff, 0xff, 0xe0,
    0xf, 0xff, 0xfc, 0x0, 0xff, 0xff, 0xff, 0xff,
    0xff, 0xff, 0xf8, 0x3, 0xff, 0xff, 0xff, 0xff,
    0xff, 0xff, 0xf0, 0x7, 0xff, 0xff, 0xff, 0xff,
    0xff, 0xff, 0xc0, 0xf, 0xff, 0xff, 0xff, 0xff,
    0xff, 0xfe, 0x0, 0x1f, 0xff, 0xff, 0xff, 0xff,
    0xff, 0xf0, 0x0, 0x3f, 0xff, 0xff, 0xff, 0xff,
    0xff, 0x80, 0x0, 0x7f, 0xff, 0xff, 0xff, 0xff,
    0xfc, 0x0, 0x0, 0x7f, 0xff, 0xff, 0xff, 0xff,
    0xe0, 0x0, 0x0, 0xff, 0xff, 0xff, 0xff, 0xfe,
    0x0, 0x0, 0x0, 0xff, 0xff, 0xff, 0xff, 0xf0,
    0x0, 0x0, 0x1, 0xff, 0xff, 0xff, 0xff, 0x0,
    0x0, 0x0, 0x0, 0xff, 0xff, 0xff, 0xf0, 0x0,
    0x0, 0x0, 0x0, 0x7f, 0xff, 0xfe, 0x0, 0x0,
    0x0, 0x0, 0x0, 0x1f, 0xff, 0x80, 0x0, 0x0,

    /* U+00EA "ê" */
    0x0, 0x0, 0x0, 0xff, 0xe0, 0x0, 0x0, 0x0,
    0x0, 0x0, 0x7, 0xff, 0xc0, 0x0, 0x0, 0x0,
    0x0, 0x0, 0x3f, 0xff, 0x80, 0x0, 0x0, 0x0,
    0x0, 0x1, 0xff, 0xff, 0x0, 0x0, 0x0, 0x0,
    0x0, 0xf, 0xff, 0xfe, 0x0, 0x0, 0x0, 0x0,
    0x0, 0x7f, 0xff, 0xfc, 0x0, 0x0, 0x0, 0x0,
    0x3, 0xff, 0xff, 0xf8, 0x0, 0x0, 0x0, 0x0,
    0x1f, 0xff, 0xff, 0xf0, 0x0, 0x0, 0x0, 0x0,
    0xff, 0xff, 0xff, 0xe0, 0x0, 0x0, 0x0, 0x7,
    0xff, 0xff, 0xff, 0xe0, 0x0, 0x0, 0x0, 0x7f,
    0xff, 0x9f, 0xff, 0xc0, 0x0, 0x0, 0x3, 0xff,
    0xfc, 0x3f, 0xff, 0x80, 0x0, 0x0, 0x1f, 0xff,
    0xc0, 0x7f, 0xff, 0x0, 0x0, 0x0, 0xff, 0xfe,
    0x0, 0xff, 0xfe, 0x0, 0x0, 0x7, 0xff, 0xf0,
    0x1, 0xff, 0xfc, 0x0, 0x0, 0x3f, 0xff, 0x80,
    0x3, 0xff, 0xf8, 0x0, 0x1, 0xff, 0xfc, 0x0,
    0x7, 0xff, 0xf0, 0x0, 0xf, 0xff, 0xe0, 0x0,
    0xf, 0xff, 0xe0, 0x0, 0x3f, 0xff, 0x0, 0x0,
    0xf, 0xff, 0xc0, 0x0, 0x0, 0x0, 0x0, 0x0,
    0x0, 0x0, 0x0, 0x0, 0x0, 0x0, 0x0, 0x0,
    0x0, 0x0, 0x0, 0x0, 0x0, 0x0, 0x0, 0x0,
    0x0, 0x0, 0x0, 0x0, 0x0, 0x0, 0x0, 0x0,
    0x0, 0x0, 0x0, 0x0, 0x0, 0x0, 0x0, 0x0,
    0x0, 0x0, 0x0, 0x0, 0x0, 0x0, 0x0, 0x0,
    0x0, 0x0, 0x0, 0x0, 0x0, 0x0, 0x0, 0x0,
    0x0, 0x0, 0x0, 0x0, 0x0, 0x0, 0x0, 0x0,
    0x0, 0x0, 0x0, 0x0, 0x0, 0x0, 0x0, 0x0,
    0x0, 0x0, 0x0, 0x0, 0x3f, 0xfc, 0x0, 0x0,
    0x0, 0x0, 0x0, 0x1f, 0xff, 0xff, 0x80, 0x0,
    0x0, 0x0, 0x1, 0xff, 0xff, 0xff, 0x80, 0x0,
    0x0, 0x0, 0x1f, 0xff, 0xff, 0xff, 0x80, 0x0,
    0x0, 0x1, 0xff, 0xff, 0xff, 0xff, 0x80, 0x0,
    0x0, 0x1f, 0xff, 0xff, 0xff, 0xff, 0x0, 0x0,
    0x0, 0xff, 0xff, 0xff, 0xff, 0xff, 0x0, 0x0,
    0x7, 0xff, 0xff, 0xff, 0xff, 0xfe, 0x0, 0x0,
    0x3f, 0xff, 0xff, 0xff, 0xff, 0xfc, 0x0, 0x1,
    0xff, 0xff, 0xff, 0xff, 0xff, 0xf8, 0x0, 0xf,
    0xff, 0xff, 0xff, 0xff, 0xff, 0xe0, 0x0, 0x7f,
    0xff, 0xff, 0xff, 0xff, 0xff, 0xc0, 0x3, 0xff,
    0xff, 0xff, 0xff, 0xff, 0xff, 0x80, 0xf, 0xff,
    0xff, 0xff, 0xff, 0xff, 0xfe, 0x0, 0x7f, 0xff,
    0xff, 0x0, 0xff, 0xff, 0xfc, 0x1, 0xff, 0xff,
    0xf0, 0x0, 0xff, 0xff, 0xf8, 0xf, 0xff, 0xff,
    0x0, 0x0, 0xff, 0xff, 0xe0, 0x3f, 0xff, 0xf8,
    0x0, 0x1, 0xff, 0xff, 0x81, 0xff, 0xff, 0xc0,
    0x0, 0x3, 0xff, 0xff, 0x7, 0xff, 0xfe, 0x0,
    0x0, 0xf, 0xff, 0xfc, 0x3f, 0xff, 0xf8, 0x0,
    0x0, 0x1f, 0xff, 0xf0, 0xff, 0xff, 0xc0, 0x0,
    0x0, 0x7f, 0xff, 0xe3, 0xff, 0xff, 0x0, 0x0,
    0x1, 0xff, 0xff, 0x9f, 0xff, 0xfc, 0x0, 0x0,
    0x3, 0xff, 0xfe, 0x7f, 0xff, 0xe0, 0x0, 0x0,
    0xf, 0xff, 0xf9, 0xff, 0xff, 0x80, 0x0, 0x0,
    0x3f, 0xff, 0xe7, 0xff, 0xfe, 0x0, 0x0, 0x0,
    0xff, 0xff, 0xdf, 0xff, 0xf8, 0x0, 0x0, 0x3,
    0xff, 0xff, 0xff, 0xff, 0xff, 0xff, 0xff, 0xff,
    0xff, 0xff, 0xff, 0xff, 0xff, 0xff, 0xff, 0xff,
    0xff, 0xff, 0xff, 0xff, 0xff, 0xff, 0xff, 0xff,
    0xff, 0xff, 0xff, 0xff, 0xff, 0xff, 0xff, 0xff,
    0xff, 0xff, 0xff, 0xff, 0xff, 0xff, 0xff, 0xff,
    0xff, 0xff, 0xff, 0xff, 0xff, 0xff, 0xff, 0xff,
    0xff, 0xff, 0xff, 0xff, 0xff, 0xff, 0xff, 0xff,
    0xff, 0xff, 0xff, 0xff, 0xff, 0xff, 0xff, 0xff,
    0xff, 0xff, 0xff, 0xff, 0xff, 0xff, 0xff, 0xff,
    0xff, 0xff, 0xff, 0xff, 0xff, 0xff, 0xff, 0xff,
    0xff, 0xff, 0xff, 0xff, 0xff, 0xff, 0xff, 0xff,
    0xff, 0xff, 0xff, 0xff, 0xff, 0xff, 0xff, 0xff,
    0xff, 0xc0, 0x0, 0x0, 0x0, 0x0, 0x3, 0xff,
    0xff, 0x0, 0x0, 0x0, 0x0, 0x0, 0xf, 0xff,
    0xfe, 0x0, 0x0, 0x0, 0x0, 0x0, 0x1f, 0xff,
    0xf8, 0x0, 0x0, 0x0, 0x0, 0x0, 0x7f, 0xff,
    0xe0, 0x0, 0x0, 0x0, 0x0, 0x1, 0xff, 0xff,
    0x80, 0x0, 0x0, 0x0, 0x0, 0x7, 0xff, 0xff,
    0x0, 0x0, 0x0, 0x0, 0x0, 0x1f, 0xff, 0xfc,
    0x0, 0x0, 0x0, 0x0, 0x0, 0x3f, 0xff, 0xf8,
    0x0, 0x0, 0x0, 0x10, 0x0, 0xff, 0xff, 0xf0,
    0x0, 0x0, 0x0, 0xe0, 0x1, 0xff, 0xff, 0xc0,
    0x0, 0x0, 0x7, 0xc0, 0x7, 0xff, 0xff, 0x80,
    0x0, 0x0, 0x3f, 0x80, 0x1f, 0xff, 0xff, 0x0,
    0x0, 0x1, 0xff, 0x0, 0x3f, 0xff, 0xff, 0x0,
    0x0, 0x1f, 0xfe, 0x0, 0xff, 0xff, 0xff, 0x0,
    0x1, 0xff, 0xf8, 0x1, 0xff, 0xff, 0xff, 0x80,
    0x3f, 0xff, 0xf0, 0x3, 0xff, 0xff, 0xff, 0xff,
    0xff, 0xff, 0xe0, 0xf, 0xff, 0xff, 0xff, 0xff,
    0xff, 0xff, 0xc0, 0x1f, 0xff, 0xff, 0xff, 0xff,
    0xff, 0xff, 0x0, 0x3f, 0xff, 0xff, 0xff, 0xff,
    0xff, 0xf8, 0x0, 0x7f, 0xff, 0xff, 0xff, 0xff,
    0xff, 0xc0, 0x0, 0xff, 0xff, 0xff, 0xff, 0xff,
    0xfe, 0x0, 0x1, 0xff, 0xff, 0xff, 0xff, 0xff,
    0xf0, 0x0, 0x1, 0xff, 0xff, 0xff, 0xff, 0xff,
    0x80, 0x0, 0x3, 0xff, 0xff, 0xff, 0xff, 0xf8,
    0x0, 0x0, 0x3, 0xff, 0xff, 0xff, 0xff, 0xc0,
    0x0, 0x0, 0x7, 0xff, 0xff, 0xff, 0xfc, 0x0,
    0x0, 0x0, 0x3, 0xff, 0xff, 0xff, 0xc0, 0x0,
    0x0, 0x0, 0x1, 0xff, 0xff, 0xf8, 0x0, 0x0,
    0x0, 0x0, 0x0, 0x7f, 0xfe, 0x0, 0x0, 0x0,

    /* U+00EB "ë" */
    0x0, 0x1f, 0xc0, 0x0, 0x0, 0x7f, 0x0, 0x0,
    0x1, 0xff, 0xc0, 0x0, 0x7, 0xff, 0x0, 0x0,
    0xf, 0xff, 0x80, 0x0, 0x3f, 0xfe, 0x0, 0x0,
    0x7f, 0xff, 0x0, 0x1, 0xff, 0xfc, 0x0, 0x1,
    0xff, 0xfc, 0x0, 0x7, 0xff, 0xf0, 0x0, 0xf,
    0xff, 0xf8, 0x0, 0x3f, 0xff, 0xe0, 0x0, 0x3f,
    0xff, 0xe0, 0x0, 0xff, 0xff, 0x80, 0x0, 0xff,
    0xff, 0x80, 0x3, 0xff, 0xfe, 0x0, 0x3, 0xff,
    0xfe, 0x0, 0xf, 0xff, 0xf8, 0x0, 0xf, 0xff,
    0xf8, 0x0, 0x3f, 0xff, 0xe0, 0x0, 0x1f, 0xff,
    0xc0, 0x0, 0x7f, 0xff, 0x0, 0x0, 0x7f, 0xff,
    0x0, 0x1, 0xff, 0xfc, 0x0, 0x0, 0xff, 0xf8,
    0x0, 0x3, 0xff, 0xe0, 0x0, 0x1, 0xff, 0xc0,
    0x0, 0x7, 0xff, 0x0, 0x0, 0x1, 0xfc, 0x0,
    0x0, 0x7, 0xf0, 0x0, 0x0, 0x0, 0x0, 0x0,
    0x0, 0x0, 0x0, 0x0, 0x0, 0x0, 0x0, 0x0,
    0x0, 0x0, 0x0, 0x0, 0x0, 0x0, 0x0, 0x0,
    0x0, 0x0, 0x0, 0x0, 0x0, 0x0, 0x0, 0x0,
    0x0, 0x0, 0x0, 0x0, 0x0, 0x0, 0x0, 0x0,
    0x0, 0x0, 0x0, 0x0, 0x0, 0x0, 0x0, 0x0,
    0x0, 0x0, 0x0, 0x0, 0x0, 0x0, 0x0, 0x0,
    0x0, 0x0, 0x0, 0x0, 0x0, 0x0, 0x0, 0x0,
    0x0, 0x0, 0x0, 0x0, 0x0, 0x0, 0x0, 0x0,
    0x0, 0x0, 0x0, 0x0, 0x0, 0x3f, 0xfc, 0x0,
    0x0, 0x0, 0x0, 0x0, 0x1f, 0xff, 0xff, 0x80,
    0x0, 0x0, 0x0, 0x1, 0xff, 0xff, 0xff, 0x80,
    0x0, 0x0, 0x0, 0x1f, 0xff, 0xff, 0xff, 0x80,
    0x0, 0x0, 0x1, 0xff, 0xff, 0xff, 0xff, 0x80,
    0x0, 0x0, 0x1f, 0xff, 0xff, 0xff, 0xff, 0x0,
    0x0, 0x0, 0xff, 0xff, 0xff, 0xff, 0xff, 0x0,
    0x0, 0x7, 0xff, 0xff, 0xff, 0xff, 0xfe, 0x0,
    0x0, 0x3f, 0xff, 0xff, 0xff, 0xff, 0xfc, 0x0,
    0x1, 0xff, 0xff, 0xff, 0xff, 0xff, 0xf8, 0x0,
    0xf, 0xff, 0xff, 0xff, 0xff, 0xff, 0xe0, 0x0,
    0x7f, 0xff, 0xff, 0xff, 0xff, 0xff, 0xc0, 0x3,
    0xff, 0xff, 0xff, 0xff, 0xff, 0xff, 0x80, 0xf,
    0xff, 0xff, 0xff, 0xff, 0xff, 0xfe, 0x0, 0x7f,
    0xff, 0xff, 0x0, 0xff, 0xff, 0xfc, 0x1, 0xff,
    0xff, 0xf0, 0x0, 0xff, 0xff, 0xf8, 0xf, 0xff,
    0xff, 0x0, 0x0, 0xff, 0xff, 0xe0, 0x3f, 0xff,
    0xf8, 0x0, 0x1, 0xff, 0xff, 0x81, 0xff, 0xff,
    0xc0, 0x0, 0x3, 0xff, 0xff, 0x7, 0xff, 0xfe,
    0x0, 0x0, 0xf, 0xff, 0xfc, 0x3f, 0xff, 0xf8,
    0x0, 0x0, 0x1f, 0xff, 0xf0, 0xff, 0xff, 0xc0,
    0x0, 0x0, 0x7f, 0xff, 0xe3, 0xff, 0xff, 0x0,
    0x0, 0x1, 0xff, 0xff, 0x9f, 0xff, 0xfc, 0x0,
    0x0, 0x3, 0xff, 0xfe, 0x7f, 0xff, 0xe0, 0x0,
    0x0, 0xf, 0xff, 0xf9, 0xff, 0xff, 0x80, 0x0,
    0x0, 0x3f, 0xff, 0xe7, 0xff, 0xfe, 0x0, 0x0,
    0x0, 0xff, 0xff, 0xdf, 0xff, 0xf8, 0x0, 0x0,
    0x3, 0xff, 0xff, 0xff, 0xff, 0xff, 0xff, 0xff,
    0xff, 0xff, 0xff, 0xff, 0xff, 0xff, 0xff, 0xff,
    0xff, 0xff, 0xff, 0xff, 0xff, 0xff, 0xff, 0xff,
    0xff, 0xff, 0xff, 0xff, 0xff, 0xff, 0xff, 0xff,
    0xff, 0xff, 0xff, 0xff, 0xff, 0xff, 0xff, 0xff,
    0xff, 0xff, 0xff, 0xff, 0xff, 0xff, 0xff, 0xff,
    0xff, 0xff, 0xff, 0xff, 0xff, 0xff, 0xff, 0xff,
    0xff, 0xff, 0xff, 0xff, 0xff, 0xff, 0xff, 0xff,
    0xff, 0xff, 0xff, 0xff, 0xff, 0xff, 0xff, 0xff,
    0xff, 0xff, 0xff, 0xff, 0xff, 0xff, 0xff, 0xff,
    0xff, 0xff, 0xff, 0xff, 0xff, 0xff, 0xff, 0xff,
    0xff, 0xff, 0xff, 0xff, 0xff, 0xff, 0xff, 0xff,
    0xff, 0xff, 0xc0, 0x0, 0x0, 0x0, 0x0, 0x3,
    0xff, 0xff, 0x0, 0x0, 0x0, 0x0, 0x0, 0xf,
    0xff, 0xfe, 0x0, 0x0, 0x0, 0x0, 0x0, 0x1f,
    0xff, 0xf8, 0x0, 0x0, 0x0, 0x0, 0x0, 0x7f,
    0xff, 0xe0, 0x0, 0x0, 0x0, 0x0, 0x1, 0xff,
    0xff, 0x80, 0x0, 0x0, 0x0, 0x0, 0x7, 0xff,
    0xff, 0x0, 0x0, 0x0, 0x0, 0x0, 0x1f, 0xff,
    0xfc, 0x0, 0x0, 0x0, 0x0, 0x0, 0x3f, 0xff,
    0xf8, 0x0, 0x0, 0x0, 0x0, 0x0, 0xff, 0xff,
    0xe0, 0x0, 0x0, 0x0, 0xc0, 0x1, 0xff, 0xff,
    0xc0, 0x0, 0x0, 0x7, 0x80, 0x7, 0xff, 0xff,
    0x80, 0x0, 0x0, 0x3f, 0x0, 0x1f, 0xff, 0xff,
    0x0, 0x0, 0x3, 0xfe, 0x0, 0x3f, 0xff, 0xff,
    0x0, 0x0, 0x1f, 0xfc, 0x0, 0xff, 0xff, 0xfe,
    0x0, 0x1, 0xff, 0xf8, 0x1, 0xff, 0xff, 0xff,
    0x0, 0x7f, 0xff, 0xf0, 0x3, 0xff, 0xff, 0xff,
    0xff, 0xff, 0xff, 0xe0, 0xf, 0xff, 0xff, 0xff,
    0xff, 0xff, 0xff, 0xc0, 0x1f, 0xff, 0xff, 0xff,
    0xff, 0xff, 0xff, 0x0, 0x3f, 0xff, 0xff, 0xff,
    0xff, 0xff, 0xf8, 0x0, 0x7f, 0xff, 0xff, 0xff,
    0xff, 0xff, 0xc0, 0x0, 0xff, 0xff, 0xff, 0xff,
    0xff, 0xfe, 0x0, 0x1, 0xff, 0xff, 0xff, 0xff,
    0xff, 0xf0, 0x0, 0x3, 0xff, 0xff, 0xff, 0xff,
    0xff, 0x80, 0x0, 0x3, 0xff, 0xff, 0xff, 0xff,
    0xf8, 0x0, 0x0, 0x3, 0xff, 0xff, 0xff, 0xff,
    0xc0, 0x0, 0x0, 0x7, 0xff, 0xff, 0xff, 0xfc,
    0x0, 0x0, 0x0, 0x3, 0xff, 0xff, 0xff, 0xc0,
    0x0, 0x0, 0x0, 0x1, 0xff, 0xff, 0xf8, 0x0,
    0x0, 0x0, 0x0, 0x0, 0x7f, 0xfc, 0x0, 0x0,
    0x0,

    /* U+00EC "ì" */
    0x7f, 0xff, 0xf0, 0x0, 0x7f, 0xff, 0xf8, 0x0,
    0x3f, 0xff, 0xf8, 0x0, 0x1f, 0xff, 0xfc, 0x0,
    0xf, 0xff, 0xfe, 0x0, 0x7, 0xff, 0xfe, 0x0,
    0x3, 0xff, 0xff, 0x0, 0x1, 0xff, 0xff, 0x80,
    0x0, 0xff, 0xff, 0x80, 0x0, 0x7f, 0xff, 0xc0,
    0x0, 0x3f, 0xff, 0xc0, 0x0, 0x3f, 0xff, 0xe0,
    0x0, 0x1f, 0xff, 0xf0, 0x0, 0xf, 0xff, 0xf0,
    0x0, 0x7, 0xff, 0xf8, 0x0, 0x3, 0xff, 0xfc,
    0x0, 0x1, 0xff, 0xfc, 0x0, 0x0, 0xff, 0xfe,
    0x0, 0x0, 0x7f, 0xff, 0x0, 0x0, 0x0, 0x0,
    0x0, 0x0, 0x0, 0x0, 0x0, 0x0, 0x0, 0x0,
    0x0, 0x0, 0x0, 0x0, 0x0, 0x0, 0x0, 0x0,
    0x0, 0x0, 0x0, 0x0, 0x0, 0x0, 0x0, 0x0,
    0x0, 0x0, 0x0, 0x0, 0x0, 0x3, 0xff, 0xff,
    0x0, 0x3, 0xff, 0xff, 0x0, 0x3, 0xff, 0xff,
    0x0, 0x3, 0xff, 0xff, 0x0, 0x3, 0xff, 0xff,
    0x0, 0x3, 0xff, 0xff, 0x0, 0x3, 0xff, 0xff,
    0x0, 0x3, 0xff, 0xff, 0x0, 0x3, 0xff, 0xff,
    0x0, 0x3, 0xff, 0xff, 0x0, 0x3, 0xff, 0xff,
    0x0, 0x3, 0xff, 0xff, 0x0, 0x3, 0xff, 0xff,
    0x0, 0x3, 0xff, 0xff, 0x0, 0x3, 0xff, 0xff,
    0x0, 0x3, 0xff, 0xff, 0x0, 0x3, 0xff, 0xff,
    0x0, 0x3, 0xff, 0xff, 0x0, 0x3, 0xff, 0xff,
    0x0, 0x3, 0xff, 0xff, 0x0, 0x3, 0xff, 0xff,
    0x0, 0x3, 0xff, 0xff, 0x0, 0x3, 0xff, 0xff,
    0x0, 0x3, 0xff, 0xff, 0x0, 0x3, 0xff, 0xff,
    0x0, 0x3, 0xff, 0xff, 0x0, 0x3, 0xff, 0xff,
    0x0, 0x3, 0xff, 0xff, 0x0, 0x3, 0xff, 0xff,
    0x0, 0x3, 0xff, 0xff, 0x0, 0x3, 0xff, 0xff,
    0x0, 0x3, 0xff, 0xff, 0x0, 0x3, 0xff, 0xff,
    0x0, 0x3, 0xff, 0xff, 0x0, 0x3, 0xff, 0xff,
    0x0, 0x3, 0xff, 0xff, 0x0, 0x3, 0xff, 0xff,
    0x0, 0x3, 0xff, 0xff, 0x0, 0x3, 0xff, 0xff,
    0x0, 0x3, 0xff, 0xff, 0x0, 0x3, 0xff, 0xff,
    0x0, 0x3, 0xff, 0xff, 0x0, 0x3, 0xff, 0xff,
    0x0, 0x3, 0xff, 0xff, 0x0, 0x3, 0xff, 0xff,
    0x0, 0x3, 0xff, 0xff, 0x0, 0x3, 0xff, 0xff,
    0x0, 0x3, 0xff, 0xff, 0x0, 0x3, 0xff, 0xff,
    0x0, 0x3, 0xff, 0xff, 0x0, 0x3, 0xff, 0xff,
    0x0, 0x3, 0xff, 0xff, 0x0, 0x3, 0xff, 0xff,
    0x0, 0x3, 0xff, 0xff, 0x0, 0x3, 0xff, 0xff,
    0x0, 0x3, 0xff, 0xff, 0x0, 0x3, 0xff, 0xff,
    0x0, 0x3, 0xff, 0xff, 0x0, 0x3, 0xff, 0xff,
    0x0, 0x3, 0xff, 0xff, 0x0, 0x3, 0xff, 0xff,
    0x0, 0x3, 0xff, 0xff, 0x0, 0x3, 0xff, 0xff,
    0x0, 0x3, 0xff, 0xff, 0x0, 0x3, 0xff, 0xff,
    0x0, 0x3, 0xff, 0xff, 0x0, 0x3, 0xff, 0xff,
    0x0, 0x3, 0xff, 0xff,

    /* U+00ED "í" */
    0x0, 0xf, 0xff, 0xff, 0x0, 0xf, 0xff, 0xfe,
    0x0, 0x1f, 0xff, 0xfc, 0x0, 0x1f, 0xff, 0xf8,
    0x0, 0x3f, 0xff, 0xf0, 0x0, 0x7f, 0xff, 0xe0,
    0x0, 0x7f, 0xff, 0xc0, 0x0, 0xff, 0xff, 0xc0,
    0x1, 0xff, 0xff, 0x80, 0x1, 0xff, 0xff, 0x0,
    0x3, 0xff, 0xfe, 0x0, 0x7, 0xff, 0xfc, 0x0,
    0x7, 0xff, 0xf8, 0x0, 0xf, 0xff, 0xf0, 0x0,
    0x1f, 0xff, 0xe0, 0x0, 0x1f, 0xff, 0xc0, 0x0,
    0x3f, 0xff, 0x80, 0x0, 0x3f, 0xff, 0x80, 0x0,
    0x7f, 0xff, 0x0, 0x0, 0x0, 0x0, 0x0, 0x0,
    0x0, 0x0, 0x0, 0x0, 0x0, 0x0, 0x0, 0x0,
    0x0, 0x0, 0x0, 0x0, 0x0, 0x0, 0x0, 0x0,
    0x0, 0x0, 0x0, 0x0, 0x0, 0x0, 0x0, 0x0,
    0x0, 0x0, 0x0, 0x0, 0xff, 0xff, 0xc0, 0x0,
    0xff, 0xff, 0xc0, 0x0, 0xff, 0xff, 0xc0, 0x0,
    0xff, 0xff, 0xc0, 0x0, 0xff, 0xff, 0xc0, 0x0,
    0xff, 0xff, 0xc0, 0x0, 0xff, 0xff, 0xc0, 0x0,
    0xff, 0xff, 0xc0, 0x0, 0xff, 0xff, 0xc0, 0x0,
    0xff, 0xff, 0xc0, 0x0, 0xff, 0xff, 0xc0, 0x0,
    0xff, 0xff, 0xc0, 0x0, 0xff, 0xff, 0xc0, 0x0,
    0xff, 0xff, 0xc0, 0x0, 0xff, 0xff, 0xc0, 0x0,
    0xff, 0xff, 0xc0, 0x0, 0xff, 0xff, 0xc0, 0x0,
    0xff, 0xff, 0xc0, 0x0, 0xff, 0xff, 0xc0, 0x0,
    0xff, 0xff, 0xc0, 0x0, 0xff, 0xff, 0xc0, 0x0,
    0xff, 0xff, 0xc0, 0x0, 0xff, 0xff, 0xc0, 0x0,
    0xff, 0xff, 0xc0, 0x0, 0xff, 0xff, 0xc0, 0x0,
    0xff, 0xff, 0xc0, 0x0, 0xff, 0xff, 0xc0, 0x0,
    0xff, 0xff, 0xc0, 0x0, 0xff, 0xff, 0xc0, 0x0,
    0xff, 0xff, 0xc0, 0x0, 0xff, 0xff, 0xc0, 0x0,
    0xff, 0xff, 0xc0, 0x0, 0xff, 0xff, 0xc0, 0x0,
    0xff, 0xff, 0xc0, 0x0, 0xff, 0xff, 0xc0, 0x0,
    0xff, 0xff, 0xc0, 0x0, 0xff, 0xff, 0xc0, 0x0,
    0xff, 0xff, 0xc0, 0x0, 0xff, 0xff, 0xc0, 0x0,
    0xff, 0xff, 0xc0, 0x0, 0xff, 0xff, 0xc0, 0x0,
    0xff, 0xff, 0xc0, 0x0, 0xff, 0xff, 0xc0, 0x0,
    0xff, 0xff, 0xc0, 0x0, 0xff, 0xff, 0xc0, 0x0,
    0xff, 0xff, 0xc0, 0x0, 0xff, 0xff, 0xc0, 0x0,
    0xff, 0xff, 0xc0, 0x0, 0xff, 0xff, 0xc0, 0x0,
    0xff, 0xff, 0xc0, 0x0, 0xff, 0xff, 0xc0, 0x0,
    0xff, 0xff, 0xc0, 0x0, 0xff, 0xff, 0xc0, 0x0,
    0xff, 0xff, 0xc0, 0x0, 0xff, 0xff, 0xc0, 0x0,
    0xff, 0xff, 0xc0, 0x0, 0xff, 0xff, 0xc0, 0x0,
    0xff, 0xff, 0xc0, 0x0, 0xff, 0xff, 0xc0, 0x0,
    0xff, 0xff, 0xc0, 0x0, 0xff, 0xff, 0xc0, 0x0,
    0xff, 0xff, 0xc0, 0x0, 0xff, 0xff, 0xc0, 0x0,
    0xff, 0xff, 0xc0, 0x0, 0xff, 0xff, 0xc0, 0x0,
    0xff, 0xff, 0xc0, 0x0, 0xff, 0xff, 0xc0, 0x0,
    0xff, 0xff, 0xc0, 0x0,

    /* U+00EE "î" */
    0x0, 0x0, 0x3f, 0xfc, 0x0, 0x0, 0x0, 0x0,
    0x7f, 0xfe, 0x0, 0x0, 0x0, 0x0, 0xff, 0xff,
    0x0, 0x0, 0x0, 0x1, 0xff, 0xff, 0x80, 0x0,
    0x0, 0x3, 0xff, 0xff, 0xc0, 0x0, 0x0, 0x7,
    0xff, 0xff, 0xe0, 0x0, 0x0, 0xf, 0xff, 0xff,
    0xf0, 0x0, 0x0, 0x1f, 0xff, 0xff, 0xf8, 0x0,
    0x0, 0x3f, 0xff, 0xff, 0xfc, 0x0, 0x0, 0xff,
    0xfe, 0x7f, 0xff, 0x0, 0x1, 0xff, 0xfc, 0x3f,
    0xff, 0x80, 0x3, 0xff, 0xf8, 0x1f, 0xff, 0xc0,
    0x7, 0xff, 0xf0, 0xf, 0xff, 0xe0, 0xf, 0xff,
    0xe0, 0x7, 0xff, 0xf0, 0x1f, 0xff, 0xc0, 0x3,
    0xff, 0xf8, 0x3f, 0xff, 0x80, 0x0, 0xff, 0xfc,
    0x7f, 0xff, 0x0, 0x0, 0x7f, 0xfe, 0xff, 0xfe,
    0x0, 0x0, 0x0, 0x1, 0x0, 0x0, 0x0, 0x0,
    0x0, 0x0, 0x0, 0x0, 0x0, 0x0, 0x0, 0x0,
    0x0, 0x0, 0x0, 0x0, 0x0, 0x0, 0x0, 0x0,
    0x0, 0x0, 0x0, 0x0, 0x0, 0x0, 0x0, 0x0,
    0x0, 0x0, 0x0, 0x0, 0x0, 0x0, 0x0, 0x0,
    0x0, 0x0, 0x0, 0x0, 0x0, 0x0, 0x0, 0x0,
    0x0, 0x0, 0x0, 0x0, 0x0, 0x0, 0x0, 0x0,
    0x0, 0x0, 0x0, 0x1, 0xff, 0xff, 0x80, 0x0,
    0x0, 0x1, 0xff, 0xff, 0x80, 0x0, 0x0, 0x1,
    0xff, 0xff, 0x80, 0x0, 0x0, 0x1, 0xff, 0xff,
    0x80, 0x0, 0x0, 0x1, 0xff, 0xff, 0x80, 0x0,
    0x0, 0x1, 0xff, 0xff, 0x80, 0x0, 0x0, 0x1,
    0xff, 0xff, 0x80, 0x0, 0x0, 0x1, 0xff, 0xff,
    0x80, 0x0, 0x0, 0x1, 0xff, 0xff, 0x80, 0x0,
    0x0, 0x1, 0xff, 0xff, 0x80, 0x0, 0x0, 0x1,
    0xff, 0xff, 0x80, 0x0, 0x0, 0x1, 0xff, 0xff,
    0x80, 0x0, 0x0, 0x1, 0xff, 0xff, 0x80, 0x0,
    0x0, 0x1, 0xff, 0xff, 0x80, 0x0, 0x0, 0x1,
    0xff, 0xff, 0x80, 0x0, 0x0, 0x1, 0xff, 0xff,
    0x80, 0x0, 0x0, 0x1, 0xff, 0xff, 0x80, 0x0,
    0x0, 0x1, 0xff, 0xff, 0x80, 0x0, 0x0, 0x1,
    0xff, 0xff, 0x80, 0x0, 0x0, 0x1, 0xff, 0xff,
    0x80, 0x0, 0x0, 0x1, 0xff, 0xff, 0x80, 0x0,
    0x0, 0x1, 0xff, 0xff, 0x80, 0x0, 0x0, 0x1,
    0xff, 0xff, 0x80, 0x0, 0x0, 0x1, 0xff, 0xff,
    0x80, 0x0, 0x0, 0x1, 0xff, 0xff, 0x80, 0x0,
    0x0, 0x1, 0xff, 0xff, 0x80, 0x0, 0x0, 0x1,
    0xff, 0xff, 0x80, 0x0, 0x0, 0x1, 0xff, 0xff,
    0x80, 0x0, 0x0, 0x1, 0xff, 0xff, 0x80, 0x0,
    0x0, 0x1, 0xff, 0xff, 0x80, 0x0, 0x0, 0x1,
    0xff, 0xff, 0x80, 0x0, 0x0, 0x1, 0xff, 0xff,
    0x80, 0x0, 0x0, 0x1, 0xff, 0xff, 0x80, 0x0,
    0x0, 0x1, 0xff, 0xff, 0x80, 0x0, 0x0, 0x1,
    0xff, 0xff, 0x80, 0x0, 0x0, 0x1, 0xff, 0xff,
    0x80, 0x0, 0x0, 0x1, 0xff, 0xff, 0x80, 0x0,
    0x0, 0x1, 0xff, 0xff, 0x80, 0x0, 0x0, 0x1,
    0xff, 0xff, 0x80, 0x0, 0x0, 0x1, 0xff, 0xff,
    0x80, 0x0, 0x0, 0x1, 0xff, 0xff, 0x80, 0x0,
    0x0, 0x1, 0xff, 0xff, 0x80, 0x0, 0x0, 0x1,
    0xff, 0xff, 0x80, 0x0, 0x0, 0x1, 0xff, 0xff,
    0x80, 0x0, 0x0, 0x1, 0xff, 0xff, 0x80, 0x0,
    0x0, 0x1, 0xff, 0xff, 0x80, 0x0, 0x0, 0x1,
    0xff, 0xff, 0x80, 0x0, 0x0, 0x1, 0xff, 0xff,
    0x80, 0x0, 0x0, 0x1, 0xff, 0xff, 0x80, 0x0,
    0x0, 0x1, 0xff, 0xff, 0x80, 0x0, 0x0, 0x1,
    0xff, 0xff, 0x80, 0x0, 0x0, 0x1, 0xff, 0xff,
    0x80, 0x0, 0x0, 0x1, 0xff, 0xff, 0x80, 0x0,
    0x0, 0x1, 0xff, 0xff, 0x80, 0x0, 0x0, 0x1,
    0xff, 0xff, 0x80, 0x0, 0x0, 0x1, 0xff, 0xff,
    0x80, 0x0, 0x0, 0x1, 0xff, 0xff, 0x80, 0x0,
    0x0, 0x1, 0xff, 0xff, 0x80, 0x0, 0x0, 0x1,
    0xff, 0xff, 0x80, 0x0, 0x0, 0x1, 0xff, 0xff,
    0x80, 0x0, 0x0, 0x1, 0xff, 0xff, 0x80, 0x0,
    0x0, 0x1, 0xff, 0xff, 0x80, 0x0, 0x0, 0x1,
    0xff, 0xff, 0x80, 0x0, 0x0, 0x1, 0xff, 0xff,
    0x80, 0x0, 0x0, 0x1, 0xff, 0xff, 0x80, 0x0,
    0x0, 0x1, 0xff, 0xff, 0x80, 0x0, 0x0, 0x1,
    0xff, 0xff, 0x80, 0x0, 0x0, 0x1, 0xff, 0xff,
    0x80, 0x0,

    /* U+00EF "ï" */
    0x7, 0xf0, 0x0, 0x0, 0xf, 0xe0, 0x1f, 0xfc,
    0x0, 0x0, 0x3f, 0xf8, 0x3f, 0xfe, 0x0, 0x0,
    0x7f, 0xfc, 0x7f, 0xff, 0x0, 0x0, 0xff, 0xfe,
    0x7f, 0xff, 0x0, 0x0, 0xff, 0xfe, 0xff, 0xff,
    0x80, 0x1, 0xff, 0xff, 0xff, 0xff, 0x80, 0x1,
    0xff, 0xff, 0xff, 0xff, 0x80, 0x1, 0xff, 0xff,
    0xff, 0xff, 0x80, 0x1, 0xff, 0xff, 0xff, 0xff,
    0x80, 0x1, 0xff, 0xff, 0x7f, 0xff, 0x0, 0x0,
    0xff, 0xfe, 0x7f, 0xff, 0x0, 0x0, 0xff, 0xfe,
    0x3f, 0xfe, 0x0, 0x0, 0x7f, 0xfc, 0x1f, 0xfc,
    0x0, 0x0, 0x3f, 0xf8, 0x7, 0xf0, 0x0, 0x0,
    0xf, 0xe0, 0x0, 0x0, 0x0, 0x0, 0x0, 0x0,
    0x0, 0x0, 0x0, 0x0, 0x0, 0x0, 0x0, 0x0,
    0x0, 0x0, 0x0, 0x0, 0x0, 0x0, 0x0, 0x0,
    0x0, 0x0, 0x0, 0x0, 0x0, 0x0, 0x0, 0x0,
    0x0, 0x0, 0x0, 0x0, 0x0, 0x0, 0x0, 0x0,
    0x0, 0x0, 0x0, 0x0, 0x0, 0x0, 0x0, 0x0,
    0x0, 0x0, 0x0, 0x0, 0x0, 0x0, 0x0, 0x0,
    0x0, 0x1, 0xff, 0xff, 0x80, 0x0, 0x0, 0x1,
    0xff, 0xff, 0x80, 0x0, 0x0, 0x1, 0xff, 0xff,
    0x80, 0x0, 0x0, 0x1, 0xff, 0xff, 0x80, 0x0,
    0x0, 0x1, 0xff, 0xff, 0x80, 0x0, 0x0, 0x1,
    0xff, 0xff, 0x80, 0x0, 0x0, 0x1, 0xff, 0xff,
    0x80, 0x0, 0x0, 0x1, 0xff, 0xff, 0x80, 0x0,
    0x0, 0x1, 0xff, 0xff, 0x80, 0x0, 0x0, 0x1,
    0xff, 0xff, 0x80, 0x0, 0x0, 0x1, 0xff, 0xff,
    0x80, 0x0, 0x0, 0x1, 0xff, 0xff, 0x80, 0x0,
    0x0, 0x1, 0xff, 0xff, 0x80, 0x0, 0x0, 0x1,
    0xff, 0xff, 0x80, 0x0, 0x0, 0x1, 0xff, 0xff,
    0x80, 0x0, 0x0, 0x1, 0xff, 0xff, 0x80, 0x0,
    0x0, 0x1, 0xff, 0xff, 0x80, 0x0, 0x0, 0x1,
    0xff, 0xff, 0x80, 0x0, 0x0, 0x1, 0xff, 0xff,
    0x80, 0x0, 0x0, 0x1, 0xff, 0xff, 0x80, 0x0,
    0x0, 0x1, 0xff, 0xff, 0x80, 0x0, 0x0, 0x1,
    0xff, 0xff, 0x80, 0x0, 0x0, 0x1, 0xff, 0xff,
    0x80, 0x0, 0x0, 0x1, 0xff, 0xff, 0x80, 0x0,
    0x0, 0x1, 0xff, 0xff, 0x80, 0x0, 0x0, 0x1,
    0xff, 0xff, 0x80, 0x0, 0x0, 0x1, 0xff, 0xff,
    0x80, 0x0, 0x0, 0x1, 0xff, 0xff, 0x80, 0x0,
    0x0, 0x1, 0xff, 0xff, 0x80, 0x0, 0x0, 0x1,
    0xff, 0xff, 0x80, 0x0, 0x0, 0x1, 0xff, 0xff,
    0x80, 0x0, 0x0, 0x1, 0xff, 0xff, 0x80, 0x0,
    0x0, 0x1, 0xff, 0xff, 0x80, 0x0, 0x0, 0x1,
    0xff, 0xff, 0x80, 0x0, 0x0, 0x1, 0xff, 0xff,
    0x80, 0x0, 0x0, 0x1, 0xff, 0xff, 0x80, 0x0,
    0x0, 0x1, 0xff, 0xff, 0x80, 0x0, 0x0, 0x1,
    0xff, 0xff, 0x80, 0x0, 0x0, 0x1, 0xff, 0xff,
    0x80, 0x0, 0x0, 0x1, 0xff, 0xff, 0x80, 0x0,
    0x0, 0x1, 0xff, 0xff, 0x80, 0x0, 0x0, 0x1,
    0xff, 0xff, 0x80, 0x0, 0x0, 0x1, 0xff, 0xff,
    0x80, 0x0, 0x0, 0x1, 0xff, 0xff, 0x80, 0x0,
    0x0, 0x1, 0xff, 0xff, 0x80, 0x0, 0x0, 0x1,
    0xff, 0xff, 0x80, 0x0, 0x0, 0x1, 0xff, 0xff,
    0x80, 0x0, 0x0, 0x1, 0xff, 0xff, 0x80, 0x0,
    0x0, 0x1, 0xff, 0xff, 0x80, 0x0, 0x0, 0x1,
    0xff, 0xff, 0x80, 0x0, 0x0, 0x1, 0xff, 0xff,
    0x80, 0x0, 0x0, 0x1, 0xff, 0xff, 0x80, 0x0,
    0x0, 0x1, 0xff, 0xff, 0x80, 0x0, 0x0, 0x1,
    0xff, 0xff, 0x80, 0x0, 0x0, 0x1, 0xff, 0xff,
    0x80, 0x0, 0x0, 0x1, 0xff, 0xff, 0x80, 0x0,
    0x0, 0x1, 0xff, 0xff, 0x80, 0x0, 0x0, 0x1,
    0xff, 0xff, 0x80, 0x0, 0x0, 0x1, 0xff, 0xff,
    0x80, 0x0, 0x0, 0x1, 0xff, 0xff, 0x80, 0x0,
    0x0, 0x1, 0xff, 0xff, 0x80, 0x0, 0x0, 0x1,
    0xff, 0xff, 0x80, 0x0, 0x0, 0x1, 0xff, 0xff,
    0x80, 0x0, 0x0, 0x1, 0xff, 0xff, 0x80, 0x0,
    0x0, 0x1, 0xff, 0xff, 0x80, 0x0, 0x0, 0x1,
    0xff, 0xff, 0x80, 0x0, 0x0, 0x1, 0xff, 0xff,
    0x80, 0x0, 0x0, 0x1, 0xff, 0xff, 0x80, 0x0,

    /* U+00F0 "ð" */
    0x0, 0x1, 0xe0, 0x0, 0x0, 0x0, 0x0, 0x0,
    0x0, 0x3, 0xfc, 0x0, 0x0, 0x0, 0x0, 0x0,
    0x0, 0x3, 0xff, 0x80, 0x0, 0x0, 0x0, 0x0,
    0x0, 0x7, 0xff, 0xf0, 0x0, 0x0, 0x0, 0x0,
    0x0, 0x7, 0xff, 0xfc, 0x0, 0x0, 0x10, 0x0,
    0x0, 0x7, 0xff, 0xff, 0x0, 0x0, 0x38, 0x0,
    0x0, 0xf, 0xff, 0xff, 0xc0, 0x0, 0xfc, 0x0,
    0x0, 0xf, 0xff, 0xff, 0xf0, 0x1, 0xfc, 0x0,
    0x0, 0x1f, 0xff, 0xff, 0xfc, 0x7, 0xfe, 0x0,
    0x0, 0x1f, 0xff, 0xff, 0xfe, 0x1f, 0xff, 0x0,
    0x0, 0x1f, 0xff, 0xff, 0xff, 0xbf, 0xff, 0x0,
    0x0, 0x3f, 0xff, 0xff, 0xff, 0xff, 0xff, 0x0,
    0x0, 0x3f, 0xff, 0xff, 0xff, 0xff, 0xfc, 0x0,
    0x0, 0x3f, 0xff, 0xff, 0xff, 0xff, 0xf8, 0x0,
    0x0, 0x3, 0xff, 0xff, 0xff, 0xff, 0xe0, 0x0,
    0x0, 0x0, 0xff, 0xff, 0xff, 0xff, 0xc0, 0x0,
    0x0, 0x0, 0x1f, 0xff, 0xff, 0xff, 0x0, 0x0,
    0x0, 0x0, 0x7, 0xff, 0xff, 0xff, 0x80, 0x0,
    0x0, 0x0, 0x1, 0xff, 0xff, 0xff, 0xc0, 0x0,
    0x0, 0x0, 0x0, 0x7f, 0xff, 0xff, 0xc0, 0x0,
    0x0, 0x0, 0x0, 0x3f, 0xff, 0xff, 0xe0, 0x0,
    0x0, 0x0, 0x0, 0xff, 0xff, 0xff, 0xf0, 0x0,
    0x0, 0x0, 0x1, 0xff, 0xff, 0xff, 0xf8, 0x0,
    0x0, 0x0, 0x7, 0xff, 0xff, 0xff, 0xfc, 0x0,
    0x0, 0x0, 0xf, 0xff, 0xff, 0xff, 0xfc, 0x0,
    0x0, 0x0, 0x3f, 0xff, 0xff, 0xff, 0xfe, 0x0,
    0x0, 0x0, 0x7f, 0xff, 0x3f, 0xff, 0xff, 0x0,
    0x0, 0x0, 0x7f, 0xfe, 0x1f, 0xff, 0xff, 0x0,
    0x0, 0x0, 0x3f, 0xf8, 0xf, 0xff, 0xff, 0x80,
    0x0, 0x0, 0x1f, 0xf0, 0x7, 0xff, 0xff, 0x80,
    0x0, 0x0, 0x1f, 0xc0, 0x7, 0xff, 0xff, 0xc0,
    0x0, 0x0, 0xf, 0x80, 0x3, 0xff, 0xff, 0xc0,
    0x0, 0x0, 0x6, 0x0, 0x1, 0xff, 0xff, 0xe0,
    0x0, 0x0, 0x0, 0x0, 0x1, 0xff, 0xff, 0xe0,
    0x0, 0x0, 0x0, 0x0, 0x0, 0xff, 0xff, 0xf0,
    0x0, 0x0, 0x0, 0x0, 0x0, 0x7f, 0xff, 0xf0,
    0x0, 0x0, 0x0, 0x0, 0x0, 0x7f, 0xff, 0xf0,
    0x0, 0x0, 0x0, 0x0, 0x0, 0x3f, 0xff, 0xf8,
    0x0, 0x0, 0x3, 0xff, 0xc0, 0x3f, 0xff, 0xf8,
    0x0, 0x0, 0x3f, 0xff, 0xfc, 0x1f, 0xff, 0xf8,
    0x0, 0x0, 0xff, 0xff, 0xff, 0x1f, 0xff, 0xfc,
    0x0, 0x3, 0xff, 0xff, 0xff, 0xdf, 0xff, 0xfc,
    0x0, 0xf, 0xff, 0xff, 0xff, 0xef, 0xff, 0xfc,
    0x0, 0x1f, 0xff, 0xff, 0xff, 0xff, 0xff, 0xfc,
    0x0, 0x7f, 0xff, 0xff, 0xff, 0xff, 0xff, 0xfe,
    0x0, 0xff, 0xff, 0xff, 0xff, 0xff, 0xff, 0xfe,
    0x0, 0xff, 0xff, 0xff, 0xff, 0xff, 0xff, 0xfe,
    0x1, 0xff, 0xff, 0xff, 0xff, 0xff, 0xff, 0xfe,
    0x3, 0xff, 0xff, 0xff, 0xff, 0xff, 0xff, 0xfe,
    0x7, 0xff, 0xff, 0xff, 0xff, 0xff, 0xff, 0xfe,
    0x7, 0xff, 0xff, 0xff, 0xff, 0xff, 0xff, 0xff,
    0xf, 0xff, 0xff, 0xff, 0xff, 0xff, 0xff, 0xff,
    0xf, 0xff, 0xff, 0xf0, 0x7, 0xff, 0xff, 0xff,
    0x1f, 0xff, 0xff, 0xc0, 0x0, 0x7f, 0xff, 0xff,
    0x1f, 0xff, 0xff, 0x0, 0x0, 0x1f, 0xff, 0xff,
    0x3f, 0xff, 0xfe, 0x0, 0x0, 0xf, 0xff, 0xff,
    0x3f, 0xff, 0xfc, 0x0, 0x0, 0x7, 0xff, 0xff,
    0x3f, 0xff, 0xf8, 0x0, 0x0, 0x3, 0xff, 0xff,
    0x7f, 0xff, 0xf0, 0x0, 0x0, 0x3, 0xff, 0xff,
    0x7f, 0xff, 0xf0, 0x0, 0x0, 0x3, 0xff, 0xff,
    0x7f, 0xff, 0xf0, 0x0, 0x0, 0x3, 0xff, 0xff,
    0x7f, 0xff, 0xe0, 0x0, 0x0, 0x3, 0xff, 0xff,
    0xff, 0xff, 0xe0, 0x0, 0x0, 0x3, 0xff, 0xff,
    0xff, 0xff, 0xe0, 0x0, 0x0, 0x3, 0xff, 0xff,
    0xff, 0xff, 0xc0, 0x0, 0x0, 0x3, 0xff, 0xff,
    0xff, 0xff, 0xc0, 0x0, 0x0, 0x3, 0xff, 0xff,
    0xff, 0xff, 0xc0, 0x0, 0x0, 0x3, 0xff, 0xff,
    0xff, 0xff, 0xc0, 0x0, 0x0, 0x3, 0xff, 0xff,
    0xff, 0xff, 0xc0, 0x0, 0x0, 0x3, 0xff, 0xff,
    0xff, 0xff, 0xc0, 0x0, 0x0, 0x3, 0xff, 0xff,
    0xff, 0xff, 0xc0, 0x0, 0x0, 0x3, 0xff, 0xfe,
    0xff, 0xff, 0xc0, 0x0, 0x0, 0x7, 0xff, 0xfe,
    0xff, 0xff, 0xc0, 0x0, 0x0, 0x7, 0xff, 0xfe,
    0xff, 0xff, 0xc0, 0x0, 0x0, 0x7, 0xff, 0xfe,
    0xff, 0xff, 0xe0, 0x0, 0x0, 0x7, 0xff, 0xfe,
    0x7f, 0xff, 0xe0, 0x0, 0x0, 0xf, 0xff, 0xfc,
    0x7f, 0xff, 0xe0, 0x0, 0x0, 0xf, 0xff, 0xfc,
    0x7f, 0xff, 0xe0, 0x0, 0x0, 0xf, 0xff, 0xfc,
    0x7f, 0xff, 0xf0, 0x0, 0x0, 0x1f, 0xff, 0xf8,
    0x3f, 0xff, 0xf0, 0x0, 0x0, 0x1f, 0xff, 0xf8,
    0x3f, 0xff, 0xf8, 0x0, 0x0, 0x3f, 0xff, 0xf0,
    0x3f, 0xff, 0xfc, 0x0, 0x0, 0x7f, 0xff, 0xf0,
    0x1f, 0xff, 0xfe, 0x0, 0x0, 0xff, 0xff, 0xf0,
    0x1f, 0xff, 0xff, 0x0, 0x1, 0xff, 0xff, 0xe0,
    0xf, 0xff, 0xff, 0xc0, 0x3, 0xff, 0xff, 0xc0,
    0xf, 0xff, 0xff, 0xf0, 0x1f, 0xff, 0xff, 0xc0,
    0x7, 0xff, 0xff, 0xff, 0xff, 0xff, 0xff, 0x80,
    0x3, 0xff, 0xff, 0xff, 0xff, 0xff, 0xff, 0x0,
    0x3, 0xff, 0xff, 0xff, 0xff, 0xff, 0xff, 0x0,
    0x1, 0xff, 0xff, 0xff, 0xff, 0xff, 0xfe, 0x0,
    0x0, 0xff, 0xff, 0xff, 0xff, 0xff, 0xfc, 0x0,
    0x0, 0x7f, 0xff, 0xff, 0xff, 0xff, 0xf8, 0x0,
    0x0, 0x3f, 0xff, 0xff, 0xff, 0xff, 0xf0, 0x0,
    0x0, 0x1f, 0xff, 0xff, 0xff, 0xff, 0xe0, 0x0,
    0x0, 0x7, 0xff, 0xff, 0xff, 0xff, 0x80, 0x0,
    0x0, 0x3, 0xff, 0xff, 0xff, 0xff, 0x0, 0x0,
    0x0, 0x0, 0xff, 0xff, 0xff, 0xfc, 0x0, 0x0,
    0x0, 0x0, 0x3f, 0xff, 0xff, 0xf0, 0x0, 0x0,
    0x0, 0x0, 0x7, 0xff, 0xff, 0x80, 0x0, 0x0,
    0x0, 0x0, 0x0, 0x7f, 0xfc, 0x0, 0x0, 0x0,

    /* U+00F1 "ñ" */
    0x0, 0x0, 0x7f, 0x0, 0x0, 0x1f, 0xf8, 0x0,
    0x0, 0xff, 0xf8, 0x0, 0x7, 0xfe, 0x0, 0x0,
    0x7f, 0xff, 0x80, 0x3, 0xff, 0x80, 0x0, 0x7f,
    0xff, 0xf8, 0x0, 0xff, 0xe0, 0x0, 0x3f, 0xff,
    0xff, 0xc0, 0xff, 0xf0, 0x0, 0x1f, 0xff, 0xff,
    0xff, 0xff, 0xfc, 0x0, 0x7, 0xff, 0xff, 0xff,
    0xff, 0xff, 0x0, 0x3, 0xff, 0xff, 0xff, 0xff,
    0xff, 0x80, 0x0, 0xff, 0xff, 0xff, 0xff, 0xff,
    0xe0, 0x0, 0x7f, 0xff, 0xff, 0xff, 0xff, 0xf0,
    0x0, 0x1f, 0xff, 0xff, 0xff, 0xff, 0xfc, 0x0,
    0x7, 0xff, 0x81, 0xff, 0xff, 0xfe, 0x0, 0x3,
    0xff, 0x80, 0x1f, 0xff, 0xff, 0x0, 0x0, 0xff,
    0xe0, 0x1, 0xff, 0xff, 0x80, 0x0, 0x3f, 0xf0,
    0x0, 0x1f, 0xff, 0x80, 0x0, 0xf, 0xfc, 0x0,
    0x0, 0xff, 0x80, 0x0, 0x0, 0x0, 0x0, 0x0,
    0x0, 0x0, 0x0, 0x0, 0x0, 0x0, 0x0, 0x0,
    0x0, 0x0, 0x0, 0x0, 0x0, 0x0, 0x0, 0x0,
    0x0, 0x0, 0x0, 0x0, 0x0, 0x0, 0x0, 0x0,
    0x0, 0x0, 0x0, 0x0, 0x0, 0x0, 0x0, 0x0,
    0x0, 0x0, 0x0, 0x0, 0x0, 0x0, 0x0, 0x0,
    0x0, 0x0, 0x0, 0x0, 0x0, 0x0, 0x0, 0x0,
    0x0, 0x0, 0x0, 0x0, 0x0, 0x0, 0x0, 0x0,
    0x0, 0x0, 0x0, 0x0, 0x0, 0x0, 0x0, 0x0,
    0x0, 0x0, 0x0, 0x0, 0x0, 0x0, 0x0, 0x0,
    0xf, 0xfc, 0x0, 0x0, 0x0, 0x0, 0x0, 0x3f,
    0xff, 0xf0, 0x0, 0xff, 0xff, 0x80, 0x3f, 0xff,
    0xff, 0x0, 0x3f, 0xff, 0xe0, 0x3f, 0xff, 0xff,
    0xf0, 0xf, 0xff, 0xf8, 0x3f, 0xff, 0xff, 0xfe,
    0x3, 0xff, 0xfe, 0x1f, 0xff, 0xff, 0xff, 0xc0,
    0xff, 0xff, 0x8f, 0xff, 0xff, 0xff, 0xf8, 0x3f,
    0xff, 0xe7, 0xff, 0xff, 0xff, 0xff, 0xf, 0xff,
    0xfb, 0xff, 0xff, 0xff, 0xff, 0xc3, 0xff, 0xff,
    0xff, 0xff, 0xff, 0xff, 0xf8, 0xff, 0xff, 0xff,
    0xff, 0xff, 0xff, 0xfe, 0x3f, 0xff, 0xff, 0xff,
    0xff, 0xff, 0xff, 0xcf, 0xff, 0xff, 0xff, 0xff,
    0xff, 0xff, 0xf3, 0xff, 0xff, 0xff, 0xff, 0xff,
    0xff, 0xfc, 0xff, 0xff, 0xff, 0x80, 0x7f, 0xff,
    0xff, 0xbf, 0xff, 0xff, 0x80, 0x3, 0xff, 0xff,
    0xef, 0xff, 0xff, 0x80, 0x0, 0x7f, 0xff, 0xfb,
    0xff, 0xff, 0xc0, 0x0, 0xf, 0xff, 0xfe, 0xff,
    0xff, 0xe0, 0x0, 0x1, 0xff, 0xff, 0xff, 0xff,
    0xf8, 0x0, 0x0, 0x7f, 0xff, 0xff, 0xff, 0xfc,
    0x0, 0x0, 0x1f, 0xff, 0xff, 0xff, 0xff, 0x0,
    0x0, 0x3, 0xff, 0xff, 0xff, 0xff, 0xc0, 0x0,
    0x0, 0xff, 0xff, 0xff, 0xff, 0xf0, 0x0, 0x0,
    0x3f, 0xff, 0xff, 0xff, 0xfc, 0x0, 0x0, 0xf,
    0xff, 0xff, 0xff, 0xff, 0x0, 0x0, 0x3, 0xff,
    0xff, 0xff, 0xff, 0xc0, 0x0, 0x0, 0xff, 0xff,
    0xff, 0xff, 0xf0, 0x0, 0x0, 0x3f, 0xff, 0xff,
    0xff, 0xfc, 0x0, 0x0, 0xf, 0xff, 0xff, 0xff,
    0xff, 0x0, 0x0, 0x3, 0xff, 0xff, 0xff, 0xff,
    0xc0, 0x0, 0x0, 0xff, 0xff, 0xff, 0xff, 0xf0,
    0x0, 0x0, 0x3f, 0xff, 0xff, 0xff, 0xfc, 0x0,
    0x0, 0xf, 0xff, 0xff, 0xff, 0xff, 0x0, 0x0,
    0x3, 0xff, 0xff, 0xff, 0xff, 0xc0, 0x0, 0x0,
    0xff, 0xff, 0xff, 0xff, 0xf0, 0x0, 0x0, 0x3f,
    0xff, 0xff, 0xff, 0xfc, 0x0, 0x0, 0xf, 0xff,
    0xff, 0xff, 0xff, 0x0, 0x0, 0x3, 0xff, 0xff,
    0xff, 0xff, 0xc0, 0x0, 0x0, 0xff, 0xff, 0xff,
    0xff, 0xf0, 0x0, 0x0, 0x3f, 0xff, 0xff, 0xff,
    0xfc, 0x0, 0x0, 0xf, 0xff, 0xff, 0xff, 0xff,
    0x0, 0x0, 0x3, 0xff, 0xff, 0xff, 0xff, 0xc0,
    0x0, 0x0, 0xff, 0xff, 0xff, 0xff, 0xf0, 0x0,
    0x0, 0x3f, 0xff, 0xff, 0xff, 0xfc, 0x0, 0x0,
    0xf, 0xff, 0xff, 0xff, 0xff, 0x0, 0x0, 0x3,
    0xff, 0xff, 0xff, 0xff, 0xc0, 0x0, 0x0, 0xff,
    0xff, 0xff, 0xff, 0xf0, 0x0, 0x0, 0x3f, 0xff,
    0xff, 0xff, 0xfc, 0x0, 0x0, 0xf, 0xff, 0xff,
    0xff, 0xff, 0x0, 0x0, 0x3, 0xff, 0xff, 0xff,
    0xff, 0xc0, 0x0, 0x0, 0xff, 0xff, 0xff, 0xff,
    0xf0, 0x0, 0x0, 0x3f, 0xff, 0xff, 0xff, 0xfc,
    0x0, 0x0, 0xf, 0xff, 0xff, 0xff, 0xff, 0x0,
    0x0, 0x3, 0xff, 0xff, 0xff, 0xff, 0xc0, 0x0,
    0x0, 0xff, 0xff, 0xff, 0xff, 0xf0, 0x0, 0x0,
    0x3f, 0xff, 0xff, 0xff, 0xfc, 0x0, 0x0, 0xf,
    0xff, 0xff, 0xff, 0xff, 0x0, 0x0, 0x3, 0xff,
    0xff, 0xff, 0xff, 0xc0, 0x0, 0x0, 0xff, 0xff,
    0xff, 0xff, 0xf0, 0x0, 0x0, 0x3f, 0xff, 0xff,
    0xff, 0xfc, 0x0, 0x0, 0xf, 0xff, 0xff, 0xff,
    0xff, 0x0, 0x0, 0x3, 0xff, 0xff, 0xff, 0xff,
    0xc0, 0x0, 0x0, 0xff, 0xff, 0xff, 0xff, 0xf0,
    0x0, 0x0, 0x3f, 0xff, 0xff, 0xff, 0xfc, 0x0,
    0x0, 0xf, 0xff, 0xff, 0xff, 0xff, 0x0, 0x0,
    0x3, 0xff, 0xff, 0xff, 0xff, 0xc0, 0x0, 0x0,
    0xff, 0xff, 0xff, 0xff, 0xf0, 0x0, 0x0, 0x3f,
    0xff, 0xff, 0xff, 0xfc, 0x0, 0x0, 0xf, 0xff,
    0xfc,

    /* U+00F2 "ò" */
    0x0, 0x7f, 0xff, 0xf8, 0x0, 0x0, 0x0, 0x0,
    0x0, 0x3f, 0xff, 0xf8, 0x0, 0x0, 0x0, 0x0,
    0x0, 0x1f, 0xff, 0xfc, 0x0, 0x0, 0x0, 0x0,
    0x0, 0xf, 0xff, 0xfe, 0x0, 0x0, 0x0, 0x0,
    0x0, 0x7, 0xff, 0xfe, 0x0, 0x0, 0x0, 0x0,
    0x0, 0x3, 0xff, 0xff, 0x0, 0x0, 0x0, 0x0,
    0x0, 0x1, 0xff, 0xff, 0x80, 0x0, 0x0, 0x0,
    0x0, 0x0, 0xff, 0xff, 0x80, 0x0, 0x0, 0x0,
    0x0, 0x0, 0x7f, 0xff, 0xc0, 0x0, 0x0, 0x0,
    0x0, 0x0, 0x7f, 0xff, 0xe0, 0x0, 0x0, 0x0,
    0x0, 0x0, 0x3f, 0xff, 0xe0, 0x0, 0x0, 0x0,
    0x0, 0x0, 0x1f, 0xff, 0xf0, 0x0, 0x0, 0x0,
    0x0, 0x0, 0xf, 0xff, 0xf8, 0x0, 0x0, 0x0,
    0x0, 0x0, 0x7, 0xff, 0xf8, 0x0, 0x0, 0x0,
    0x0, 0x0, 0x3, 0xff, 0xfc, 0x0, 0x0, 0x0,
    0x0, 0x0, 0x1, 0xff, 0xfc, 0x0, 0x0, 0x0,
    0x0, 0x0, 0x0, 0xff, 0xfe, 0x0, 0x0, 0x0,
    0x0, 0x0, 0x0, 0x7f, 0xff, 0x0, 0x0, 0x0,
    0x0, 0x0, 0x0, 0x3f, 0xff, 0x0, 0x0, 0x0,
    0x0, 0x0, 0x0, 0x0, 0x0, 0x0, 0x0, 0x0,
    0x0, 0x0, 0x0, 0x0, 0x0, 0x0, 0x0, 0x0,
    0x0, 0x0, 0x0, 0x0, 0x0, 0x0, 0x0, 0x0,
    0x0, 0x0, 0x0, 0x0, 0x0, 0x0, 0x0, 0x0,
    0x0, 0x0, 0x0, 0x0, 0x0, 0x0, 0x0, 0x0,
    0x0, 0x0, 0x0, 0x0, 0x0, 0x0, 0x0, 0x0,
    0x0, 0x0, 0x0, 0x0, 0x0, 0x0, 0x0, 0x0,
    0x0, 0x0, 0x0, 0x0, 0x0, 0x0, 0x0, 0x0,
    0x0, 0x0, 0x0, 0x3f, 0xfc, 0x0, 0x0, 0x0,
    0x0, 0x0, 0x7, 0xff, 0xff, 0xe0, 0x0, 0x0,
    0x0, 0x0, 0x3f, 0xff, 0xff, 0xf8, 0x0, 0x0,
    0x0, 0x0, 0xff, 0xff, 0xff, 0xff, 0x0, 0x0,
    0x0, 0x1, 0xff, 0xff, 0xff, 0xff, 0x80, 0x0,
    0x0, 0x7, 0xff, 0xff, 0xff, 0xff, 0xe0, 0x0,
    0x0, 0xf, 0xff, 0xff, 0xff, 0xff, 0xf0, 0x0,
    0x0, 0x1f, 0xff, 0xff, 0xff, 0xff, 0xf8, 0x0,
    0x0, 0x3f, 0xff, 0xff, 0xff, 0xff, 0xfc, 0x0,
    0x0, 0x7f, 0xff, 0xff, 0xff, 0xff, 0xfe, 0x0,
    0x0, 0xff, 0xff, 0xff, 0xff, 0xff, 0xff, 0x0,
    0x1, 0xff, 0xff, 0xff, 0xff, 0xff, 0xff, 0x80,
    0x3, 0xff, 0xff, 0xff, 0xff, 0xff, 0xff, 0xc0,
    0x3, 0xff, 0xff, 0xff, 0xff, 0xff, 0xff, 0xc0,
    0x7, 0xff, 0xff, 0xf0, 0xf, 0xff, 0xff, 0xe0,
    0xf, 0xff, 0xff, 0xc0, 0x3, 0xff, 0xff, 0xf0,
    0xf, 0xff, 0xff, 0x0, 0x0, 0xff, 0xff, 0xf0,
    0x1f, 0xff, 0xfe, 0x0, 0x0, 0x7f, 0xff, 0xf8,
    0x1f, 0xff, 0xfc, 0x0, 0x0, 0x3f, 0xff, 0xf8,
    0x1f, 0xff, 0xfc, 0x0, 0x0, 0x3f, 0xff, 0xf8,
    0x3f, 0xff, 0xf8, 0x0, 0x0, 0x1f, 0xff, 0xfc,
    0x3f, 0xff, 0xf0, 0x0, 0x0, 0xf, 0xff, 0xfc,
    0x3f, 0xff, 0xf0, 0x0, 0x0, 0xf, 0xff, 0xfc,
    0x7f, 0xff, 0xf0, 0x0, 0x0, 0xf, 0xff, 0xfe,
    0x7f, 0xff, 0xe0, 0x0, 0x0, 0x7, 0xff, 0xfe,
    0x7f, 0xff, 0xe0, 0x0, 0x0, 0x7, 0xff, 0xfe,
    0x7f, 0xff, 0xe0, 0x0, 0x0, 0x7, 0xff, 0xfe,
    0xff, 0xff, 0xe0, 0x0, 0x0, 0x7, 0xff, 0xfe,
    0xff, 0xff, 0xc0, 0x0, 0x0, 0x3, 0xff, 0xff,
    0xff, 0xff, 0xc0, 0x0, 0x0, 0x3, 0xff, 0xff,
    0xff, 0xff, 0xc0, 0x0, 0x0, 0x3, 0xff, 0xff,
    0xff, 0xff, 0xc0, 0x0, 0x0, 0x3, 0xff, 0xff,
    0xff, 0xff, 0xc0, 0x0, 0x0, 0x3, 0xff, 0xff,
    0xff, 0xff, 0xc0, 0x0, 0x0, 0x3, 0xff, 0xff,
    0xff, 0xff, 0xc0, 0x0, 0x0, 0x3, 0xff, 0xff,
    0xff, 0xff, 0xc0, 0x0, 0x0, 0x3, 0xff, 0xff,
    0xff, 0xff, 0xc0, 0x0, 0x0, 0x3, 0xff, 0xff,
    0xff, 0xff, 0xc0, 0x0, 0x0, 0x3, 0xff, 0xff,
    0xff, 0xff, 0xc0, 0x0, 0x0, 0x3, 0xff, 0xff,
    0xff, 0xff, 0xc0, 0x0, 0x0, 0x3, 0xff, 0xff,
    0xff, 0xff, 0xc0, 0x0, 0x0, 0x3, 0xff, 0xff,
    0xff, 0xff, 0xc0, 0x0, 0x0, 0x3, 0xff, 0xff,
    0xff, 0xff, 0xe0, 0x0, 0x0, 0x7, 0xff, 0xff,
    0x7f, 0xff, 0xe0, 0x0, 0x0, 0x7, 0xff, 0xfe,
    0x7f, 0xff, 0xe0, 0x0, 0x0, 0x7, 0xff, 0xfe,
    0x7f, 0xff, 0xe0, 0x0, 0x0, 0x7, 0xff, 0xfe,
    0x7f, 0xff, 0xf0, 0x0, 0x0, 0xf, 0xff, 0xfe,
    0x3f, 0xff, 0xf0, 0x0, 0x0, 0xf, 0xff, 0xfc,
    0x3f, 0xff, 0xf0, 0x0, 0x0, 0xf, 0xff, 0xfc,
    0x3f, 0xff, 0xf8, 0x0, 0x0, 0x1f, 0xff, 0xfc,
    0x1f, 0xff, 0xf8, 0x0, 0x0, 0x1f, 0xff, 0xf8,
    0x1f, 0xff, 0xfc, 0x0, 0x0, 0x3f, 0xff, 0xf8,
    0x1f, 0xff, 0xfe, 0x0, 0x0, 0x7f, 0xff, 0xf8,
    0xf, 0xff, 0xff, 0x0, 0x0, 0xff, 0xff, 0xf0,
    0xf, 0xff, 0xff, 0xc0, 0x3, 0xff, 0xff, 0xf0,
    0x7, 0xff, 0xff, 0xf0, 0xf, 0xff, 0xff, 0xe0,
    0x3, 0xff, 0xff, 0xff, 0xff, 0xff, 0xff, 0xc0,
    0x3, 0xff, 0xff, 0xff, 0xff, 0xff, 0xff, 0xc0,
    0x1, 0xff, 0xff, 0xff, 0xff, 0xff, 0xff, 0x80,
    0x0, 0xff, 0xff, 0xff, 0xff, 0xff, 0xff, 0x0,
    0x0, 0x7f, 0xff, 0xff, 0xff, 0xff, 0xfe, 0x0,
    0x0, 0x7f, 0xff, 0xff, 0xff, 0xff, 0xfe, 0x0,
    0x0, 0x1f, 0xff, 0xff, 0xff, 0xff, 0xf8, 0x0,
    0x0, 0xf, 0xff, 0xff, 0xff, 0xff, 0xf0, 0x0,
    0x0, 0x7, 0xff, 0xff, 0xff, 0xff, 0xe0, 0x0,
    0x0, 0x1, 0xff, 0xff, 0xff, 0xff, 0x80, 0x0,
    0x0, 0x0, 0xff, 0xff, 0xff, 0xff, 0x0, 0x0,
    0x0, 0x0, 0x3f, 0xff, 0xff, 0xfc, 0x0, 0x0,
    0x0, 0x0, 0x7, 0xff, 0xff, 0xe0, 0x0, 0x0,
    0x0, 0x0, 0x0, 0x3f, 0xfc, 0x0, 0x0, 0x0,

    /* U+00F3 "ó" */
    0x0, 0x0, 0x0, 0x0, 0x1f, 0xff, 0xfe, 0x0,
    0x0, 0x0, 0x0, 0x0, 0x1f, 0xff, 0xfc, 0x0,
    0x0, 0x0, 0x0, 0x0, 0x3f, 0xff, 0xf8, 0x0,
    0x0, 0x0, 0x0, 0x0, 0x7f, 0xff, 0xf0, 0x0,
    0x0, 0x0, 0x0, 0x0, 0x7f, 0xff, 0xe0, 0x0,
    0x0, 0x0, 0x0, 0x0, 0xff, 0xff, 0xc0, 0x0,
    0x0, 0x0, 0x0, 0x1, 0xff, 0xff, 0x80, 0x0,
    0x0, 0x0, 0x0, 0x1, 0xff, 0xff, 0x0, 0x0,
    0x0, 0x0, 0x0, 0x3, 0xff, 0xfe, 0x0, 0x0,
    0x0, 0x0, 0x0, 0x7, 0xff, 0xfe, 0x0, 0x0,
    0x0, 0x0, 0x0, 0x7, 0xff, 0xfc, 0x0, 0x0,
    0x0, 0x0, 0x0, 0xf, 0xff, 0xf8, 0x0, 0x0,
    0x0, 0x0, 0x0, 0x1f, 0xff, 0xf0, 0x0, 0x0,
    0x0, 0x0, 0x0, 0x1f, 0xff, 0xe0, 0x0, 0x0,
    0x0, 0x0, 0x0, 0x3f, 0xff, 0xc0, 0x0, 0x0,
    0x0, 0x0, 0x0, 0x3f, 0xff, 0x80, 0x0, 0x0,
    0x0, 0x0, 0x0, 0x7f, 0xff, 0x0, 0x0, 0x0,
    0x0, 0x0, 0x0, 0xff, 0xfe, 0x0, 0x0, 0x0,
    0x0, 0x0, 0x0, 0xff, 0xfc, 0x0, 0x0, 0x0,
    0x0, 0x0, 0x0, 0x0, 0x0, 0x0, 0x0, 0x0,
    0x0, 0x0, 0x0, 0x0, 0x0, 0x0, 0x0, 0x0,
    0x0, 0x0, 0x0, 0x0, 0x0, 0x0, 0x0, 0x0,
    0x0, 0x0, 0x0, 0x0, 0x0, 0x0, 0x0, 0x0,
    0x0, 0x0, 0x0, 0x0, 0x0, 0x0, 0x0, 0x0,
    0x0, 0x0, 0x0, 0x0, 0x0, 0x0, 0x0, 0x0,
    0x0, 0x0, 0x0, 0x0, 0x0, 0x0, 0x0, 0x0,
    0x0, 0x0, 0x0, 0x0, 0x0, 0x0, 0x0, 0x0,
    0x0, 0x0, 0x0, 0x3f, 0xfc, 0x0, 0x0, 0x0,
    0x0, 0x0, 0x7, 0xff, 0xff, 0xe0, 0x0, 0x0,
    0x0, 0x0, 0x3f, 0xff, 0xff, 0xf8, 0x0, 0x0,
    0x0, 0x0, 0xff, 0xff, 0xff, 0xff, 0x0, 0x0,
    0x0, 0x1, 0xff, 0xff, 0xff, 0xff, 0x80, 0x0,
    0x0, 0x7, 0xff, 0xff, 0xff, 0xff, 0xe0, 0x0,
    0x0, 0xf, 0xff, 0xff, 0xff, 0xff, 0xf0, 0x0,
    0x0, 0x1f, 0xff, 0xff, 0xff, 0xff, 0xf8, 0x0,
    0x0, 0x3f, 0xff, 0xff, 0xff, 0xff, 0xfc, 0x0,
    0x0, 0x7f, 0xff, 0xff, 0xff, 0xff, 0xfe, 0x0,
    0x0, 0xff, 0xff, 0xff, 0xff, 0xff, 0xff, 0x0,
    0x1, 0xff, 0xff, 0xff, 0xff, 0xff, 0xff, 0x80,
    0x3, 0xff, 0xff, 0xff, 0xff, 0xff, 0xff, 0xc0,
    0x3, 0xff, 0xff, 0xff, 0xff, 0xff, 0xff, 0xc0,
    0x7, 0xff, 0xff, 0xf0, 0xf, 0xff, 0xff, 0xe0,
    0xf, 0xff, 0xff, 0xc0, 0x3, 0xff, 0xff, 0xf0,
    0xf, 0xff, 0xff, 0x0, 0x0, 0xff, 0xff, 0xf0,
    0x1f, 0xff, 0xfe, 0x0, 0x0, 0x7f, 0xff, 0xf8,
    0x1f, 0xff, 0xfc, 0x0, 0x0, 0x3f, 0xff, 0xf8,
    0x1f, 0xff, 0xfc, 0x0, 0x0, 0x3f, 0xff, 0xf8,
    0x3f, 0xff, 0xf8, 0x0, 0x0, 0x1f, 0xff, 0xfc,
    0x3f, 0xff, 0xf0, 0x0, 0x0, 0xf, 0xff, 0xfc,
    0x3f, 0xff, 0xf0, 0x0, 0x0, 0xf, 0xff, 0xfc,
    0x7f, 0xff, 0xf0, 0x0, 0x0, 0xf, 0xff, 0xfe,
    0x7f, 0xff, 0xe0, 0x0, 0x0, 0x7, 0xff, 0xfe,
    0x7f, 0xff, 0xe0, 0x0, 0x0, 0x7, 0xff, 0xfe,
    0x7f, 0xff, 0xe0, 0x0, 0x0, 0x7, 0xff, 0xfe,
    0xff, 0xff, 0xe0, 0x0, 0x0, 0x7, 0xff, 0xfe,
    0xff, 0xff, 0xc0, 0x0, 0x0, 0x3, 0xff, 0xff,
    0xff, 0xff, 0xc0, 0x0, 0x0, 0x3, 0xff, 0xff,
    0xff, 0xff, 0xc0, 0x0, 0x0, 0x3, 0xff, 0xff,
    0xff, 0xff, 0xc0, 0x0, 0x0, 0x3, 0xff, 0xff,
    0xff, 0xff, 0xc0, 0x0, 0x0, 0x3, 0xff, 0xff,
    0xff, 0xff, 0xc0, 0x0, 0x0, 0x3, 0xff, 0xff,
    0xff, 0xff, 0xc0, 0x0, 0x0, 0x3, 0xff, 0xff,
    0xff, 0xff, 0xc0, 0x0, 0x0, 0x3, 0xff, 0xff,
    0xff, 0xff, 0xc0, 0x0, 0x0, 0x3, 0xff, 0xff,
    0xff, 0xff, 0xc0, 0x0, 0x0, 0x3, 0xff, 0xff,
    0xff, 0xff, 0xc0, 0x0, 0x0, 0x3, 0xff, 0xff,
    0xff, 0xff, 0xc0, 0x0, 0x0, 0x3, 0xff, 0xff,
    0xff, 0xff, 0xc0, 0x0, 0x0, 0x3, 0xff, 0xff,
    0xff, 0xff, 0xc0, 0x0, 0x0, 0x3, 0xff, 0xff,
    0xff, 0xff, 0xe0, 0x0, 0x0, 0x7, 0xff, 0xff,
    0x7f, 0xff, 0xe0, 0x0, 0x0, 0x7, 0xff, 0xfe,
    0x7f, 0xff, 0xe0, 0x0, 0x0, 0x7, 0xff, 0xfe,
    0x7f, 0xff, 0xe0, 0x0, 0x0, 0x7, 0xff, 0xfe,
    0x7f, 0xff, 0xf0, 0x0, 0x0, 0xf, 0xff, 0xfe,
    0x3f, 0xff, 0xf0, 0x0, 0x0, 0xf, 0xff, 0xfc,
    0x3f, 0xff, 0xf0, 0x0, 0x0, 0xf, 0xff, 0xfc,
    0x3f, 0xff, 0xf8, 0x0, 0x0, 0x1f, 0xff, 0xfc,
    0x1f, 0xff, 0xf8, 0x0, 0x0, 0x1f, 0xff, 0xf8,
    0x1f, 0xff, 0xfc, 0x0, 0x0, 0x3f, 0xff, 0xf8,
    0x1f, 0xff, 0xfe, 0x0, 0x0, 0x7f, 0xff, 0xf8,
    0xf, 0xff, 0xff, 0x0, 0x0, 0xff, 0xff, 0xf0,
    0xf, 0xff, 0xff, 0xc0, 0x3, 0xff, 0xff, 0xf0,
    0x7, 0xff, 0xff, 0xf0, 0xf, 0xff, 0xff, 0xe0,
    0x3, 0xff, 0xff, 0xff, 0xff, 0xff, 0xff, 0xc0,
    0x3, 0xff, 0xff, 0xff, 0xff, 0xff, 0xff, 0xc0,
    0x1, 0xff, 0xff, 0xff, 0xff, 0xff, 0xff, 0x80,
    0x0, 0xff, 0xff, 0xff, 0xff, 0xff, 0xff, 0x0,
    0x0, 0x7f, 0xff, 0xff, 0xff, 0xff, 0xfe, 0x0,
    0x0, 0x7f, 0xff, 0xff, 0xff, 0xff, 0xfe, 0x0,
    0x0, 0x1f, 0xff, 0xff, 0xff, 0xff, 0xf8, 0x0,
    0x0, 0xf, 0xff, 0xff, 0xff, 0xff, 0xf0, 0x0,
    0x0, 0x7, 0xff, 0xff, 0xff, 0xff, 0xe0, 0x0,
    0x0, 0x1, 0xff, 0xff, 0xff, 0xff, 0x80, 0x0,
    0x0, 0x0, 0xff, 0xff, 0xff, 0xff, 0x0, 0x0,
    0x0, 0x0, 0x3f, 0xff, 0xff, 0xfc, 0x0, 0x0,
    0x0, 0x0, 0x7, 0xff, 0xff, 0xe0, 0x0, 0x0,
    0x0, 0x0, 0x0, 0x3f, 0xfc, 0x0, 0x0, 0x0,

    /* U+00F4 "ô" */
    0x0, 0x0, 0x0, 0x1f, 0xf8, 0x0, 0x0, 0x0,
    0x0, 0x0, 0x0, 0x3f, 0xfc, 0x0, 0x0, 0x0,
    0x0, 0x0, 0x0, 0xff, 0xfe, 0x0, 0x0, 0x0,
    0x0, 0x0, 0x1, 0xff, 0xff, 0x0, 0x0, 0x0,
    0x0, 0x0, 0x3, 0xff, 0xff, 0x80, 0x0, 0x0,
    0x0, 0x0, 0x7, 0xff, 0xff, 0xc0, 0x0, 0x0,
    0x0, 0x0, 0xf, 0xff, 0xff, 0xe0, 0x0, 0x0,
    0x0, 0x0, 0x1f, 0xff, 0xff, 0xf0, 0x0, 0x0,
    0x0, 0x0, 0x3f, 0xff, 0xff, 0xf8, 0x0, 0x0,
    0x0, 0x0, 0x7f, 0xff, 0xff, 0xfc, 0x0, 0x0,
    0x0, 0x0, 0xff, 0xfe, 0x7f, 0xff, 0x0, 0x0,
    0x0, 0x1, 0xff, 0xfc, 0x3f, 0xff, 0x80, 0x0,
    0x0, 0x3, 0xff, 0xf8, 0x1f, 0xff, 0xc0, 0x0,
    0x0, 0xf, 0xff, 0xf0, 0xf, 0xff, 0xe0, 0x0,
    0x0, 0x1f, 0xff, 0xe0, 0x7, 0xff, 0xf0, 0x0,
    0x0, 0x3f, 0xff, 0x80, 0x3, 0xff, 0xf8, 0x0,
    0x0, 0x7f, 0xff, 0x0, 0x1, 0xff, 0xfc, 0x0,
    0x0, 0xff, 0xfe, 0x0, 0x0, 0xff, 0xfe, 0x0,
    0x0, 0xff, 0xfc, 0x0, 0x0, 0x3f, 0xff, 0x0,
    0x0, 0x0, 0x0, 0x0, 0x0, 0x0, 0x0, 0x0,
    0x0, 0x0, 0x0, 0x0, 0x0, 0x0, 0x0, 0x0,
    0x0, 0x0, 0x0, 0x0, 0x0, 0x0, 0x0, 0x0,
    0x0, 0x0, 0x0, 0x0, 0x0, 0x0, 0x0, 0x0,
    0x0, 0x0, 0x0, 0x0, 0x0, 0x0, 0x0, 0x0,
    0x0, 0x0, 0x0, 0x0, 0x0, 0x0, 0x0, 0x0,
    0x0, 0x0, 0x0, 0x0, 0x0, 0x0, 0x0, 0x0,
    0x0, 0x0, 0x0, 0x0, 0x0, 0x0, 0x0, 0x0,
    0x0, 0x0, 0x0, 0x0, 0x0, 0x0, 0x0, 0x0,
    0x0, 0x0, 0x0, 0x3f, 0xfc, 0x0, 0x0, 0x0,
    0x0, 0x0, 0x7, 0xff, 0xff, 0xe0, 0x0, 0x0,
    0x0, 0x0, 0x3f, 0xff, 0xff, 0xf8, 0x0, 0x0,
    0x0, 0x0, 0xff, 0xff, 0xff, 0xff, 0x0, 0x0,
    0x0, 0x1, 0xff, 0xff, 0xff, 0xff, 0x80, 0x0,
    0x0, 0x7, 0xff, 0xff, 0xff, 0xff, 0xe0, 0x0,
    0x0, 0xf, 0xff, 0xff, 0xff, 0xff, 0xf0, 0x0,
    0x0, 0x1f, 0xff, 0xff, 0xff, 0xff, 0xf8, 0x0,
    0x0, 0x3f, 0xff, 0xff, 0xff, 0xff, 0xfc, 0x0,
    0x0, 0x7f, 0xff, 0xff, 0xff, 0xff, 0xfe, 0x0,
    0x0, 0xff, 0xff, 0xff, 0xff, 0xff, 0xff, 0x0,
    0x1, 0xff, 0xff, 0xff, 0xff, 0xff, 0xff, 0x80,
    0x3, 0xff, 0xff, 0xff, 0xff, 0xff, 0xff, 0xc0,
    0x3, 0xff, 0xff, 0xff, 0xff, 0xff, 0xff, 0xc0,
    0x7, 0xff, 0xff, 0xf0, 0xf, 0xff, 0xff, 0xe0,
    0xf, 0xff, 0xff, 0xc0, 0x3, 0xff, 0xff, 0xf0,
    0xf, 0xff, 0xff, 0x0, 0x0, 0xff, 0xff, 0xf0,
    0x1f, 0xff, 0xfe, 0x0, 0x0, 0x7f, 0xff, 0xf8,
    0x1f, 0xff, 0xfc, 0x0, 0x0, 0x3f, 0xff, 0xf8,
    0x1f, 0xff, 0xfc, 0x0, 0x0, 0x3f, 0xff, 0xf8,
    0x3f, 0xff, 0xf8, 0x0, 0x0, 0x1f, 0xff, 0xfc,
    0x3f, 0xff, 0xf0, 0x0, 0x0, 0xf, 0xff, 0xfc,
    0x3f, 0xff, 0xf0, 0x0, 0x0, 0xf, 0xff, 0xfc,
    0x7f, 0xff, 0xf0, 0x0, 0x0, 0xf, 0xff, 0xfe,
    0x7f, 0xff, 0xe0, 0x0, 0x0, 0x7, 0xff, 0xfe,
    0x7f, 0xff, 0xe0, 0x0, 0x0, 0x7, 0xff, 0xfe,
    0x7f, 0xff, 0xe0, 0x0, 0x0, 0x7, 0xff, 0xfe,
    0xff, 0xff, 0xe0, 0x0, 0x0, 0x7, 0xff, 0xfe,
    0xff, 0xff, 0xc0, 0x0, 0x0, 0x3, 0xff, 0xff,
    0xff, 0xff, 0xc0, 0x0, 0x0, 0x3, 0xff, 0xff,
    0xff, 0xff, 0xc0, 0x0, 0x0, 0x3, 0xff, 0xff,
    0xff, 0xff, 0xc0, 0x0, 0x0, 0x3, 0xff, 0xff,
    0xff, 0xff, 0xc0, 0x0, 0x0, 0x3, 0xff, 0xff,
    0xff, 0xff, 0xc0, 0x0, 0x0, 0x3, 0xff, 0xff,
    0xff, 0xff, 0xc0, 0x0, 0x0, 0x3, 0xff, 0xff,
    0xff, 0xff, 0xc0, 0x0, 0x0, 0x3, 0xff, 0xff,
    0xff, 0xff, 0xc0, 0x0, 0x0, 0x3, 0xff, 0xff,
    0xff, 0xff, 0xc0, 0x0, 0x0, 0x3, 0xff, 0xff,
    0xff, 0xff, 0xc0, 0x0, 0x0, 0x3, 0xff, 0xff,
    0xff, 0xff, 0xc0, 0x0, 0x0, 0x3, 0xff, 0xff,
    0xff, 0xff, 0xc0, 0x0, 0x0, 0x3, 0xff, 0xff,
    0xff, 0xff, 0xc0, 0x0, 0x0, 0x3, 0xff, 0xff,
    0xff, 0xff, 0xe0, 0x0, 0x0, 0x7, 0xff, 0xff,
    0x7f, 0xff, 0xe0, 0x0, 0x0, 0x7, 0xff, 0xfe,
    0x7f, 0xff, 0xe0, 0x0, 0x0, 0x7, 0xff, 0xfe,
    0x7f, 0xff, 0xe0, 0x0, 0x0, 0x7, 0xff, 0xfe,
    0x7f, 0xff, 0xf0, 0x0, 0x0, 0xf, 0xff, 0xfe,
    0x3f, 0xff, 0xf0, 0x0, 0x0, 0xf, 0xff, 0xfc,
    0x3f, 0xff, 0xf0, 0x0, 0x0, 0xf, 0xff, 0xfc,
    0x3f, 0xff, 0xf8, 0x0, 0x0, 0x1f, 0xff, 0xfc,
    0x1f, 0xff, 0xf8, 0x0, 0x0, 0x1f, 0xff, 0xf8,
    0x1f, 0xff, 0xfc, 0x0, 0x0, 0x3f, 0xff, 0xf8,
    0x1f, 0xff, 0xfe, 0x0, 0x0, 0x7f, 0xff, 0xf8,
    0xf, 0xff, 0xff, 0x0, 0x0, 0xff, 0xff, 0xf0,
    0xf, 0xff, 0xff, 0xc0, 0x3, 0xff, 0xff, 0xf0,
    0x7, 0xff, 0xff, 0xf0, 0xf, 0xff, 0xff, 0xe0,
    0x3, 0xff, 0xff, 0xff, 0xff, 0xff, 0xff, 0xc0,
    0x3, 0xff, 0xff, 0xff, 0xff, 0xff, 0xff, 0xc0,
    0x1, 0xff, 0xff, 0xff, 0xff, 0xff, 0xff, 0x80,
    0x0, 0xff, 0xff, 0xff, 0xff, 0xff, 0xff, 0x0,
    0x0, 0x7f, 0xff, 0xff, 0xff, 0xff, 0xfe, 0x0,
    0x0, 0x7f, 0xff, 0xff, 0xff, 0xff, 0xfe, 0x0,
    0x0, 0x1f, 0xff, 0xff, 0xff, 0xff, 0xf8, 0x0,
    0x0, 0xf, 0xff, 0xff, 0xff, 0xff, 0xf0, 0x0,
    0x0, 0x7, 0xff, 0xff, 0xff, 0xff, 0xe0, 0x0,
    0x0, 0x1, 0xff, 0xff, 0xff, 0xff, 0x80, 0x0,
    0x0, 0x0, 0xff, 0xff, 0xff, 0xff, 0x0, 0x0,
    0x0, 0x0, 0x3f, 0xff, 0xff, 0xfc, 0x0, 0x0,
    0x0, 0x0, 0x7, 0xff, 0xff, 0xe0, 0x0, 0x0,
    0x0, 0x0, 0x0, 0x3f, 0xfc, 0x0, 0x0, 0x0,

    /* U+00F5 "õ" */
    0x0, 0x0, 0x1f, 0xe0, 0x0, 0x7, 0xfe, 0x0,
    0x0, 0x0, 0x7f, 0xf8, 0x0, 0x7, 0xfe, 0x0,
    0x0, 0x1, 0xff, 0xfe, 0x0, 0xf, 0xfe, 0x0,
    0x0, 0x3, 0xff, 0xff, 0xc0, 0xf, 0xfe, 0x0,
    0x0, 0x7, 0xff, 0xff, 0xf0, 0x3f, 0xfc, 0x0,
    0x0, 0xf, 0xff, 0xff, 0xff, 0xff, 0xfc, 0x0,
    0x0, 0xf, 0xff, 0xff, 0xff, 0xff, 0xfc, 0x0,
    0x0, 0x1f, 0xff, 0xff, 0xff, 0xff, 0xf8, 0x0,
    0x0, 0x1f, 0xff, 0xff, 0xff, 0xff, 0xf8, 0x0,
    0x0, 0x3f, 0xff, 0xff, 0xff, 0xff, 0xf0, 0x0,
    0x0, 0x3f, 0xff, 0xff, 0xff, 0xff, 0xf0, 0x0,
    0x0, 0x3f, 0xfc, 0xf, 0xff, 0xff, 0xe0, 0x0,
    0x0, 0x7f, 0xf0, 0x3, 0xff, 0xff, 0xc0, 0x0,
    0x0, 0x7f, 0xf0, 0x0, 0xff, 0xff, 0x80, 0x0,
    0x0, 0x7f, 0xe0, 0x0, 0x3f, 0xfe, 0x0, 0x0,
    0x0, 0x7f, 0xe0, 0x0, 0x7, 0xf8, 0x0, 0x0,
    0x0, 0x0, 0x0, 0x0, 0x0, 0x0, 0x0, 0x0,
    0x0, 0x0, 0x0, 0x0, 0x0, 0x0, 0x0, 0x0,
    0x0, 0x0, 0x0, 0x0, 0x0, 0x0, 0x0, 0x0,
    0x0, 0x0, 0x0, 0x0, 0x0, 0x0, 0x0, 0x0,
    0x0, 0x0, 0x0, 0x0, 0x0, 0x0, 0x0, 0x0,
    0x0, 0x0, 0x0, 0x0, 0x0, 0x0, 0x0, 0x0,
    0x0, 0x0, 0x0, 0x0, 0x0, 0x0, 0x0, 0x0,
    0x0, 0x0, 0x0, 0x0, 0x0, 0x0, 0x0, 0x0,
    0x0, 0x0, 0x0, 0x0, 0x0, 0x0, 0x0, 0x0,
    0x0, 0x0, 0x0, 0x0, 0x0, 0x0, 0x0, 0x0,
    0x0, 0x0, 0x0, 0x3f, 0xfc, 0x0, 0x0, 0x0,
    0x0, 0x0, 0x7, 0xff, 0xff, 0xe0, 0x0, 0x0,
    0x0, 0x0, 0x3f, 0xff, 0xff, 0xf8, 0x0, 0x0,
    0x0, 0x0, 0xff, 0xff, 0xff, 0xff, 0x0, 0x0,
    0x0, 0x1, 0xff, 0xff, 0xff, 0xff, 0x80, 0x0,
    0x0, 0x7, 0xff, 0xff, 0xff, 0xff, 0xe0, 0x0,
    0x0, 0xf, 0xff, 0xff, 0xff, 0xff, 0xf0, 0x0,
    0x0, 0x1f, 0xff, 0xff, 0xff, 0xff, 0xf8, 0x0,
    0x0, 0x3f, 0xff, 0xff, 0xff, 0xff, 0xfc, 0x0,
    0x0, 0x7f, 0xff, 0xff, 0xff, 0xff, 0xfe, 0x0,
    0x0, 0xff, 0xff, 0xff, 0xff, 0xff, 0xff, 0x0,
    0x1, 0xff, 0xff, 0xff, 0xff, 0xff, 0xff, 0x80,
    0x3, 0xff, 0xff, 0xff, 0xff, 0xff, 0xff, 0xc0,
    0x3, 0xff, 0xff, 0xff, 0xff, 0xff, 0xff, 0xc0,
    0x7, 0xff, 0xff, 0xf0, 0xf, 0xff, 0xff, 0xe0,
    0xf, 0xff, 0xff, 0xc0, 0x3, 0xff, 0xff, 0xf0,
    0xf, 0xff, 0xff, 0x0, 0x0, 0xff, 0xff, 0xf0,
    0x1f, 0xff, 0xfe, 0x0, 0x0, 0x7f, 0xff, 0xf8,
    0x1f, 0xff, 0xfc, 0x0, 0x0, 0x3f, 0xff, 0xf8,
    0x1f, 0xff, 0xfc, 0x0, 0x0, 0x3f, 0xff, 0xf8,
    0x3f, 0xff, 0xf8, 0x0, 0x0, 0x1f, 0xff, 0xfc,
    0x3f, 0xff, 0xf0, 0x0, 0x0, 0xf, 0xff, 0xfc,
    0x3f, 0xff, 0xf0, 0x0, 0x0, 0xf, 0xff, 0xfc,
    0x7f, 0xff, 0xf0, 0x0, 0x0, 0xf, 0xff, 0xfe,
    0x7f, 0xff, 0xe0, 0x0, 0x0, 0x7, 0xff, 0xfe,
    0x7f, 0xff, 0xe0, 0x0, 0x0, 0x7, 0xff, 0xfe,
    0x7f, 0xff, 0xe0, 0x0, 0x0, 0x7, 0xff, 0xfe,
    0xff, 0xff, 0xe0, 0x0, 0x0, 0x7, 0xff, 0xfe,
    0xff, 0xff, 0xc0, 0x0, 0x0, 0x3, 0xff, 0xff,
    0xff, 0xff, 0xc0, 0x0, 0x0, 0x3, 0xff, 0xff,
    0xff, 0xff, 0xc0, 0x0, 0x0, 0x3, 0xff, 0xff,
    0xff, 0xff, 0xc0, 0x0, 0x0, 0x3, 0xff, 0xff,
    0xff, 0xff, 0xc0, 0x0, 0x0, 0x3, 0xff, 0xff,
    0xff, 0xff, 0xc0, 0x0, 0x0, 0x3, 0xff, 0xff,
    0xff, 0xff, 0xc0, 0x0, 0x0, 0x3, 0xff, 0xff,
    0xff, 0xff, 0xc0, 0x0, 0x0, 0x3, 0xff, 0xff,
    0xff, 0xff, 0xc0, 0x0, 0x0, 0x3, 0xff, 0xff,
    0xff, 0xff, 0xc0, 0x0, 0x0, 0x3, 0xff, 0xff,
    0xff, 0xff, 0xc0, 0x0, 0x0, 0x3, 0xff, 0xff,
    0xff, 0xff, 0xc0, 0x0, 0x0, 0x3, 0xff, 0xff,
    0xff, 0xff, 0xc0, 0x0, 0x0, 0x3, 0xff, 0xff,
    0xff, 0xff, 0xc0, 0x0, 0x0, 0x3, 0xff, 0xff,
    0xff, 0xff, 0xe0, 0x0, 0x0, 0x7, 0xff, 0xff,
    0x7f, 0xff, 0xe0, 0x0, 0x0, 0x7, 0xff, 0xfe,
    0x7f, 0xff, 0xe0, 0x0, 0x0, 0x7, 0xff, 0xfe,
    0x7f, 0xff, 0xe0, 0x0, 0x0, 0x7, 0xff, 0xfe,
    0x7f, 0xff, 0xf0, 0x0, 0x0, 0xf, 0xff, 0xfe,
    0x3f, 0xff, 0xf0, 0x0, 0x0, 0xf, 0xff, 0xfc,
    0x3f, 0xff, 0xf0, 0x0, 0x0, 0xf, 0xff, 0xfc,
    0x3f, 0xff, 0xf8, 0x0, 0x0, 0x1f, 0xff, 0xfc,
    0x1f, 0xff, 0xf8, 0x0, 0x0, 0x1f, 0xff, 0xf8,
    0x1f, 0xff, 0xfc, 0x0, 0x0, 0x3f, 0xff, 0xf8,
    0x1f, 0xff, 0xfe, 0x0, 0x0, 0x7f, 0xff, 0xf8,
    0xf, 0xff, 0xff, 0x0, 0x0, 0xff, 0xff, 0xf0,
    0xf, 0xff, 0xff, 0xc0, 0x3, 0xff, 0xff, 0xf0,
    0x7, 0xff, 0xff, 0xf0, 0xf, 0xff, 0xff, 0xe0,
    0x3, 0xff, 0xff, 0xff, 0xff, 0xff, 0xff, 0xc0,
    0x3, 0xff, 0xff, 0xff, 0xff, 0xff, 0xff, 0xc0,
    0x1, 0xff, 0xff, 0xff, 0xff, 0xff, 0xff, 0x80,
    0x0, 0xff, 0xff, 0xff, 0xff, 0xff, 0xff, 0x0,
    0x0, 0x7f, 0xff, 0xff, 0xff, 0xff, 0xfe, 0x0,
    0x0, 0x7f, 0xff, 0xff, 0xff, 0xff, 0xfe, 0x0,
    0x0, 0x1f, 0xff, 0xff, 0xff, 0xff, 0xf8, 0x0,
    0x0, 0xf, 0xff, 0xff, 0xff, 0xff, 0xf0, 0x0,
    0x0, 0x7, 0xff, 0xff, 0xff, 0xff, 0xe0, 0x0,
    0x0, 0x1, 0xff, 0xff, 0xff, 0xff, 0x80, 0x0,
    0x0, 0x0, 0xff, 0xff, 0xff, 0xff, 0x0, 0x0,
    0x0, 0x0, 0x3f, 0xff, 0xff, 0xfc, 0x0, 0x0,
    0x0, 0x0, 0x7, 0xff, 0xff, 0xe0, 0x0, 0x0,
    0x0, 0x0, 0x0, 0x3f, 0xfc, 0x0, 0x0, 0x0,

    /* U+00F6 "ö" */
    0x0, 0x7, 0xf0, 0x0, 0x0, 0xf, 0xe0, 0x0,
    0x0, 0x1f, 0xfc, 0x0, 0x0, 0x3f, 0xf8, 0x0,
    0x0, 0x3f, 0xfe, 0x0, 0x0, 0x7f, 0xfc, 0x0,
    0x0, 0x7f, 0xff, 0x0, 0x0, 0xff, 0xfe, 0x0,
    0x0, 0x7f, 0xff, 0x0, 0x0, 0xff, 0xfe, 0x0,
    0x0, 0xff, 0xff, 0x80, 0x1, 0xff, 0xff, 0x0,
    0x0, 0xff, 0xff, 0x80, 0x1, 0xff, 0xff, 0x0,
    0x0, 0xff, 0xff, 0x80, 0x1, 0xff, 0xff, 0x0,
    0x0, 0xff, 0xff, 0x80, 0x1, 0xff, 0xff, 0x0,
    0x0, 0xff, 0xff, 0x80, 0x1, 0xff, 0xff, 0x0,
    0x0, 0x7f, 0xff, 0x0, 0x0, 0xff, 0xfe, 0x0,
    0x0, 0x7f, 0xff, 0x0, 0x0, 0xff, 0xfe, 0x0,
    0x0, 0x3f, 0xfe, 0x0, 0x0, 0x7f, 0xfc, 0x0,
    0x0, 0x1f, 0xfc, 0x0, 0x0, 0x3f, 0xf8, 0x0,
    0x0, 0x7, 0xf0, 0x0, 0x0, 0xf, 0xe0, 0x0,
    0x0, 0x0, 0x0, 0x0, 0x0, 0x0, 0x0, 0x0,
    0x0, 0x0, 0x0, 0x0, 0x0, 0x0, 0x0, 0x0,
    0x0, 0x0, 0x0, 0x0, 0x0, 0x0, 0x0, 0x0,
    0x0, 0x0, 0x0, 0x0, 0x0, 0x0, 0x0, 0x0,
    0x0, 0x0, 0x0, 0x0, 0x0, 0x0, 0x0, 0x0,
    0x0, 0x0, 0x0, 0x0, 0x0, 0x0, 0x0, 0x0,
    0x0, 0x0, 0x0, 0x0, 0x0, 0x0, 0x0, 0x0,
    0x0, 0x0, 0x0, 0x0, 0x0, 0x0, 0x0, 0x0,
    0x0, 0x0, 0x0, 0x0, 0x0, 0x0, 0x0, 0x0,
    0x0, 0x0, 0x0, 0x3f, 0xfc, 0x0, 0x0, 0x0,
    0x0, 0x0, 0x7, 0xff, 0xff, 0xe0, 0x0, 0x0,
    0x0, 0x0, 0x3f, 0xff, 0xff, 0xf8, 0x0, 0x0,
    0x0, 0x0, 0xff, 0xff, 0xff, 0xff, 0x0, 0x0,
    0x0, 0x1, 0xff, 0xff, 0xff, 0xff, 0x80, 0x0,
    0x0, 0x7, 0xff, 0xff, 0xff, 0xff, 0xe0, 0x0,
    0x0, 0xf, 0xff, 0xff, 0xff, 0xff, 0xf0, 0x0,
    0x0, 0x1f, 0xff, 0xff, 0xff, 0xff, 0xf8, 0x0,
    0x0, 0x3f, 0xff, 0xff, 0xff, 0xff, 0xfc, 0x0,
    0x0, 0x7f, 0xff, 0xff, 0xff, 0xff, 0xfe, 0x0,
    0x0, 0xff, 0xff, 0xff, 0xff, 0xff, 0xff, 0x0,
    0x1, 0xff, 0xff, 0xff, 0xff, 0xff, 0xff, 0x80,
    0x3, 0xff, 0xff, 0xff, 0xff, 0xff, 0xff, 0xc0,
    0x3, 0xff, 0xff, 0xff, 0xff, 0xff, 0xff, 0xc0,
    0x7, 0xff, 0xff, 0xf0, 0xf, 0xff, 0xff, 0xe0,
    0xf, 0xff, 0xff, 0xc0, 0x3, 0xff, 0xff, 0xf0,
    0xf, 0xff, 0xff, 0x0, 0x0, 0xff, 0xff, 0xf0,
    0x1f, 0xff, 0xfe, 0x0, 0x0, 0x7f, 0xff, 0xf8,
    0x1f, 0xff, 0xfc, 0x0, 0x0, 0x3f, 0xff, 0xf8,
    0x1f, 0xff, 0xfc, 0x0, 0x0, 0x3f, 0xff, 0xf8,
    0x3f, 0xff, 0xf8, 0x0, 0x0, 0x1f, 0xff, 0xfc,
    0x3f, 0xff, 0xf0, 0x0, 0x0, 0xf, 0xff, 0xfc,
    0x3f, 0xff, 0xf0, 0x0, 0x0, 0xf, 0xff, 0xfc,
    0x7f, 0xff, 0xf0, 0x0, 0x0, 0xf, 0xff, 0xfe,
    0x7f, 0xff, 0xe0, 0x0, 0x0, 0x7, 0xff, 0xfe,
    0x7f, 0xff, 0xe0, 0x0, 0x0, 0x7, 0xff, 0xfe,
    0x7f, 0xff, 0xe0, 0x0, 0x0, 0x7, 0xff, 0xfe,
    0xff, 0xff, 0xe0, 0x0, 0x0, 0x7, 0xff, 0xfe,
    0xff, 0xff, 0xc0, 0x0, 0x0, 0x3, 0xff, 0xff,
    0xff, 0xff, 0xc0, 0x0, 0x0, 0x3, 0xff, 0xff,
    0xff, 0xff, 0xc0, 0x0, 0x0, 0x3, 0xff, 0xff,
    0xff, 0xff, 0xc0, 0x0, 0x0, 0x3, 0xff, 0xff,
    0xff, 0xff, 0xc0, 0x0, 0x0, 0x3, 0xff, 0xff,
    0xff, 0xff, 0xc0, 0x0, 0x0, 0x3, 0xff, 0xff,
    0xff, 0xff, 0xc0, 0x0, 0x0, 0x3, 0xff, 0xff,
    0xff, 0xff, 0xc0, 0x0, 0x0, 0x3, 0xff, 0xff,
    0xff, 0xff, 0xc0, 0x0, 0x0, 0x3, 0xff, 0xff,
    0xff, 0xff, 0xc0, 0x0, 0x0, 0x3, 0xff, 0xff,
    0xff, 0xff, 0xc0, 0x0, 0x0, 0x3, 0xff, 0xff,
    0xff, 0xff, 0xc0, 0x0, 0x0, 0x3, 0xff, 0xff,
    0xff, 0xff, 0xc0, 0x0, 0x0, 0x3, 0xff, 0xff,
    0xff, 0xff, 0xc0, 0x0, 0x0, 0x3, 0xff, 0xff,
    0xff, 0xff, 0xe0, 0x0, 0x0, 0x7, 0xff, 0xff,
    0x7f, 0xff, 0xe0, 0x0, 0x0, 0x7, 0xff, 0xfe,
    0x7f, 0xff, 0xe0, 0x0, 0x0, 0x7, 0xff, 0xfe,
    0x7f, 0xff, 0xe0, 0x0, 0x0, 0x7, 0xff, 0xfe,
    0x7f, 0xff, 0xf0, 0x0, 0x0, 0xf, 0xff, 0xfe,
    0x3f, 0xff, 0xf0, 0x0, 0x0, 0xf, 0xff, 0xfc,
    0x3f, 0xff, 0xf0, 0x0, 0x0, 0xf, 0xff, 0xfc,
    0x3f, 0xff, 0xf8, 0x0, 0x0, 0x1f, 0xff, 0xfc,
    0x1f, 0xff, 0xf8, 0x0, 0x0, 0x1f, 0xff, 0xf8,
    0x1f, 0xff, 0xfc, 0x0, 0x0, 0x3f, 0xff, 0xf8,
    0x1f, 0xff, 0xfe, 0x0, 0x0, 0x7f, 0xff, 0xf8,
    0xf, 0xff, 0xff, 0x0, 0x0, 0xff, 0xff, 0xf0,
    0xf, 0xff, 0xff, 0xc0, 0x3, 0xff, 0xff, 0xf0,
    0x7, 0xff, 0xff, 0xf0, 0xf, 0xff, 0xff, 0xe0,
    0x3, 0xff, 0xff, 0xff, 0xff, 0xff, 0xff, 0xc0,
    0x3, 0xff, 0xff, 0xff, 0xff, 0xff, 0xff, 0xc0,
    0x1, 0xff, 0xff, 0xff, 0xff, 0xff, 0xff, 0x80,
    0x0, 0xff, 0xff, 0xff, 0xff, 0xff, 0xff, 0x0,
    0x0, 0x7f, 0xff, 0xff, 0xff, 0xff, 0xfe, 0x0,
    0x0, 0x7f, 0xff, 0xff, 0xff, 0xff, 0xfe, 0x0,
    0x0, 0x1f, 0xff, 0xff, 0xff, 0xff, 0xf8, 0x0,
    0x0, 0xf, 0xff, 0xff, 0xff, 0xff, 0xf0, 0x0,
    0x0, 0x7, 0xff, 0xff, 0xff, 0xff, 0xe0, 0x0,
    0x0, 0x1, 0xff, 0xff, 0xff, 0xff, 0x80, 0x0,
    0x0, 0x0, 0xff, 0xff, 0xff, 0xff, 0x0, 0x0,
    0x0, 0x0, 0x3f, 0xff, 0xff, 0xfc, 0x0, 0x0,
    0x0, 0x0, 0x7, 0xff, 0xff, 0xe0, 0x0, 0x0,
    0x0, 0x0, 0x0, 0x3f, 0xfc, 0x0, 0x0, 0x0,

    /* U+00F7 "÷" */
    0x0, 0x0, 0x0, 0xf, 0xf0, 0x0, 0x0, 0x0,
    0x0, 0x0, 0x0, 0x3f, 0xfc, 0x0, 0x0, 0x0,
    0x0, 0x0, 0x0, 0x7f, 0xfe, 0x0, 0x0, 0x0,
    0x0, 0x0, 0x0, 0xff, 0xff, 0x0, 0x0, 0x0,
    0x0, 0x0, 0x1, 0xff, 0xff, 0x80, 0x0, 0x0,
    0x0, 0x0, 0x1, 0xff, 0xff, 0x80, 0x0, 0x0,
    0x0, 0x0, 0x3, 0xff, 0xff, 0xc0, 0x0, 0x0,
    0x0, 0x0, 0x3, 0xff, 0xff, 0xc0, 0x0, 0x0,
    0x0, 0x0, 0x3, 0xff, 0xff, 0xc0, 0x0, 0x0,
    0x0, 0x0, 0x3, 0xff, 0xff, 0xc0, 0x0, 0x0,
    0x0, 0x0, 0x3, 0xff, 0xff, 0xc0, 0x0, 0x0,
    0x0, 0x0, 0x3, 0xff, 0xff, 0xc0, 0x0, 0x0,
    0x0, 0x0, 0x1, 0xff, 0xff, 0x80, 0x0, 0x0,
    0x0, 0x0, 0x1, 0xff, 0xff, 0x80, 0x0, 0x0,
    0x0, 0x0, 0x0, 0xff, 0xff, 0x0, 0x0, 0x0,
    0x0, 0x0, 0x0, 0x7f, 0xfe, 0x0, 0x0, 0x0,
    0x0, 0x0, 0x0, 0x3f, 0xfc, 0x0, 0x0, 0x0,
    0x0, 0x0, 0x0, 0xf, 0xf0, 0x0, 0x0, 0x0,
    0x0, 0x0, 0x0, 0x0, 0x0, 0x0, 0x0, 0x0,
    0x0, 0x0, 0x0, 0x0, 0x0, 0x0, 0x0, 0x0,
    0x0, 0x0, 0x0, 0x0, 0x0, 0x0, 0x0, 0x0,
    0x0, 0x0, 0x0, 0x0, 0x0, 0x0, 0x0, 0x0,
    0x0, 0x0, 0x0, 0x0, 0x0, 0x0, 0x0, 0x0,
    0x0, 0x0, 0x0, 0x0, 0x0, 0x0, 0x0, 0x0,
    0x0, 0x0, 0x0, 0x0, 0x0, 0x0, 0x0, 0x0,
    0x0, 0x0, 0x0, 0x0, 0x0, 0x0, 0x0, 0x0,
    0x0, 0x0, 0x0, 0x0, 0x0, 0x0, 0x0, 0x0,
    0xff, 0xff, 0xff, 0xff, 0xff, 0xff, 0xff, 0xff,
    0xff, 0xff, 0xff, 0xff, 0xff, 0xff, 0xff, 0xff,
    0xff, 0xff, 0xff, 0xff, 0xff, 0xff, 0xff, 0xff,
    0xff, 0xff, 0xff, 0xff, 0xff, 0xff, 0xff, 0xff,
    0xff, 0xff, 0xff, 0xff, 0xff, 0xff, 0xff, 0xff,
    0xff, 0xff, 0xff, 0xff, 0xff, 0xff, 0xff, 0xff,
    0xff, 0xff, 0xff, 0xff, 0xff, 0xff, 0xff, 0xff,
    0xff, 0xff, 0xff, 0xff, 0xff, 0xff, 0xff, 0xff,
    0xff, 0xff, 0xff, 0xff, 0xff, 0xff, 0xff, 0xff,
    0xff, 0xff, 0xff, 0xff, 0xff, 0xff, 0xff, 0xff,
    0xff, 0xff, 0xff, 0xff, 0xff, 0xff, 0xff, 0xff,
    0xff, 0xff, 0xff, 0xff, 0xff, 0xff, 0xff, 0xff,
    0xff, 0xff, 0xff, 0xff, 0xff, 0xff, 0xff, 0xff,
    0xff, 0xff, 0xff, 0xff, 0xff, 0xff, 0xff, 0xff,
    0x0, 0x0, 0x0, 0x0, 0x0, 0x0, 0x0, 0x0,
    0x0, 0x0, 0x0, 0x0, 0x0, 0x0, 0x0, 0x0,
    0x0, 0x0, 0x0, 0x0, 0x0, 0x0, 0x0, 0x0,
    0x0, 0x0, 0x0, 0x0, 0x0, 0x0, 0x0, 0x0,
    0x0, 0x0, 0x0, 0x0, 0x0, 0x0, 0x0, 0x0,
    0x0, 0x0, 0x0, 0x0, 0x0, 0x0, 0x0, 0x0,
    0x0, 0x0, 0x0, 0x0, 0x0, 0x0, 0x0, 0x0,
    0x0, 0x0, 0x0, 0x0, 0x0, 0x0, 0x0, 0x0,
    0x0, 0x0, 0x0, 0x0, 0x0, 0x0, 0x0, 0x0,
    0x0, 0x0, 0x0, 0x0, 0x0, 0x0, 0x0, 0x0,
    0x0, 0x0, 0x0, 0xf, 0xf0, 0x0, 0x0, 0x0,
    0x0, 0x0, 0x0, 0x3f, 0xfc, 0x0, 0x0, 0x0,
    0x0, 0x0, 0x0, 0x7f, 0xfe, 0x0, 0x0, 0x0,
    0x0, 0x0, 0x0, 0xff, 0xff, 0x0, 0x0, 0x0,
    0x0, 0x0, 0x1, 0xff, 0xff, 0x80, 0x0, 0x0,
    0x0, 0x0, 0x1, 0xff, 0xff, 0x80, 0x0, 0x0,
    0x0, 0x0, 0x3, 0xff, 0xff, 0xc0, 0x0, 0x0,
    0x0, 0x0, 0x3, 0xff, 0xff, 0xc0, 0x0, 0x0,
    0x0, 0x0, 0x3, 0xff, 0xff, 0xc0, 0x0, 0x0,
    0x0, 0x0, 0x3, 0xff, 0xff, 0xc0, 0x0, 0x0,
    0x0, 0x0, 0x3, 0xff, 0xff, 0xc0, 0x0, 0x0,
    0x0, 0x0, 0x3, 0xff, 0xff, 0xc0, 0x0, 0x0,
    0x0, 0x0, 0x1, 0xff, 0xff, 0x80, 0x0, 0x0,
    0x0, 0x0, 0x1, 0xff, 0xff, 0x80, 0x0, 0x0,
    0x0, 0x0, 0x0, 0xff, 0xff, 0x0, 0x0, 0x0,
    0x0, 0x0, 0x0, 0x7f, 0xfe, 0x0, 0x0, 0x0,
    0x0, 0x0, 0x0, 0x3f, 0xfc, 0x0, 0x0, 0x0,
    0x0, 0x0, 0x0, 0xf, 0xf0, 0x0, 0x0, 0x0,

    /* U+00F8 "ø" */
    0x0, 0x0, 0x0, 0x0, 0x0, 0x0, 0xff, 0xc0,
    0x0, 0x0, 0x0, 0x0, 0x0, 0x1, 0xff, 0x80,
    0x0, 0x0, 0x0, 0x0, 0x0, 0x1, 0xff, 0x80,
    0x0, 0x0, 0x0, 0x0, 0x0, 0x3, 0xff, 0x0,
    0x0, 0x0, 0x0, 0x0, 0x0, 0x3, 0xff, 0x0,
    0x0, 0x0, 0x0, 0x0, 0x0, 0x7, 0xfe, 0x0,
    0x0, 0x0, 0x0, 0x0, 0x0, 0x7, 0xfe, 0x0,
    0x0, 0x0, 0x0, 0x0, 0x0, 0x7, 0xfc, 0x0,
    0x0, 0x0, 0x0, 0x3f, 0xfc, 0xf, 0xfc, 0x0,
    0x0, 0x0, 0x7, 0xff, 0xff, 0xef, 0xfc, 0x0,
    0x0, 0x0, 0x1f, 0xff, 0xff, 0xff, 0xf8, 0x0,
    0x0, 0x0, 0xff, 0xff, 0xff, 0xff, 0xf8, 0x0,
    0x0, 0x1, 0xff, 0xff, 0xff, 0xff, 0xf0, 0x0,
    0x0, 0x7, 0xff, 0xff, 0xff, 0xff, 0xf0, 0x0,
    0x0, 0xf, 0xff, 0xff, 0xff, 0xff, 0xf0, 0x0,
    0x0, 0x1f, 0xff, 0xff, 0xff, 0xff, 0xf8, 0x0,
    0x0, 0x3f, 0xff, 0xff, 0xff, 0xff, 0xfc, 0x0,
    0x0, 0x7f, 0xff, 0xff, 0xff, 0xff, 0xfe, 0x0,
    0x0, 0xff, 0xff, 0xff, 0xff, 0xff, 0xff, 0x0,
    0x1, 0xff, 0xff, 0xff, 0xff, 0xff, 0xff, 0x80,
    0x3, 0xff, 0xff, 0xff, 0xff, 0xff, 0xff, 0xc0,
    0x3, 0xff, 0xff, 0xff, 0xff, 0xff, 0xff, 0xc0,
    0x7, 0xff, 0xff, 0xf0, 0xf, 0xff, 0xff, 0xe0,
    0xf, 0xff, 0xff, 0xc0, 0x7, 0xff, 0xff, 0xf0,
    0xf, 0xff, 0xff, 0x0, 0xf, 0xff, 0xff, 0xf0,
    0x1f, 0xff, 0xfe, 0x0, 0xf, 0xff, 0xff, 0xf8,
    0x1f, 0xff, 0xfc, 0x0, 0x1f, 0xff, 0xff, 0xf8,
    0x1f, 0xff, 0xfc, 0x0, 0x1f, 0xff, 0xff, 0xf8,
    0x3f, 0xff, 0xf8, 0x0, 0x3f, 0xff, 0xff, 0xfc,
    0x3f, 0xff, 0xf0, 0x0, 0x3f, 0xff, 0xff, 0xfc,
    0x3f, 0xff, 0xf0, 0x0, 0x7f, 0xef, 0xff, 0xfc,
    0x7f, 0xff, 0xf0, 0x0, 0x7f, 0xef, 0xff, 0xfe,
    0x7f, 0xff, 0xe0, 0x0, 0xff, 0xc7, 0xff, 0xfe,
    0x7f, 0xff, 0xe0, 0x0, 0xff, 0xc7, 0xff, 0xfe,
    0x7f, 0xff, 0xe0, 0x1, 0xff, 0x87, 0xff, 0xfe,
    0xff, 0xff, 0xe0, 0x1, 0xff, 0x87, 0xff, 0xfe,
    0xff, 0xff, 0xc0, 0x3, 0xff, 0x3, 0xff, 0xff,
    0xff, 0xff, 0xc0, 0x3, 0xff, 0x3, 0xff, 0xff,
    0xff, 0xff, 0xc0, 0x7, 0xfe, 0x3, 0xff, 0xff,
    0xff, 0xff, 0xc0, 0x7, 0xfe, 0x3, 0xff, 0xff,
    0xff, 0xff, 0xc0, 0xf, 0xfc, 0x3, 0xff, 0xff,
    0xff, 0xff, 0xc0, 0xf, 0xfc, 0x3, 0xff, 0xff,
    0xff, 0xff, 0xc0, 0x1f, 0xf8, 0x3, 0xff, 0xff,
    0xff, 0xff, 0xc0, 0x1f, 0xf8, 0x3, 0xff, 0xff,
    0xff, 0xff, 0xc0, 0x3f, 0xf0, 0x3, 0xff, 0xff,
    0xff, 0xff, 0xc0, 0x3f, 0xf0, 0x3, 0xff, 0xff,
    0xff, 0xff, 0xc0, 0x7f, 0xe0, 0x3, 0xff, 0xff,
    0xff, 0xff, 0xc0, 0x7f, 0xe0, 0x3, 0xff, 0xff,
    0xff, 0xff, 0xc0, 0x7f, 0xc0, 0x3, 0xff, 0xff,
    0xff, 0xff, 0xc0, 0xff, 0xc0, 0x3, 0xff, 0xff,
    0xff, 0xff, 0xe0, 0xff, 0xc0, 0x7, 0xff, 0xff,
    0x7f, 0xff, 0xe1, 0xff, 0x80, 0x7, 0xff, 0xfe,
    0x7f, 0xff, 0xe1, 0xff, 0x80, 0x7, 0xff, 0xfe,
    0x7f, 0xff, 0xe3, 0xff, 0x0, 0x7, 0xff, 0xfe,
    0x7f, 0xff, 0xf3, 0xff, 0x0, 0xf, 0xff, 0xfe,
    0x3f, 0xff, 0xf7, 0xfe, 0x0, 0xf, 0xff, 0xfc,
    0x3f, 0xff, 0xf7, 0xfe, 0x0, 0xf, 0xff, 0xfc,
    0x3f, 0xff, 0xff, 0xfc, 0x0, 0x1f, 0xff, 0xfc,
    0x1f, 0xff, 0xff, 0xfc, 0x0, 0x1f, 0xff, 0xf8,
    0x1f, 0xff, 0xff, 0xf8, 0x0, 0x3f, 0xff, 0xf8,
    0x1f, 0xff, 0xff, 0xf8, 0x0, 0x7f, 0xff, 0xf8,
    0xf, 0xff, 0xff, 0xf0, 0x0, 0xff, 0xff, 0xf0,
    0xf, 0xff, 0xff, 0xf0, 0x3, 0xff, 0xff, 0xf0,
    0x7, 0xff, 0xff, 0xf0, 0xf, 0xff, 0xff, 0xe0,
    0x3, 0xff, 0xff, 0xff, 0xff, 0xff, 0xff, 0xc0,
    0x3, 0xff, 0xff, 0xff, 0xff, 0xff, 0xff, 0xc0,
    0x1, 0xff, 0xff, 0xff, 0xff, 0xff, 0xff, 0x80,
    0x0, 0xff, 0xff, 0xff, 0xff, 0xff, 0xff, 0x0,
    0x0, 0x7f, 0xff, 0xff, 0xff, 0xff, 0xfe, 0x0,
    0x0, 0x3f, 0xff, 0xff, 0xff, 0xff, 0xfe, 0x0,
    0x0, 0x1f, 0xff, 0xff, 0xff, 0xff, 0xf8, 0x0,
    0x0, 0xf, 0xff, 0xff, 0xff, 0xff, 0xf0, 0x0,
    0x0, 0x7, 0xff, 0xff, 0xff, 0xff, 0xe0, 0x0,
    0x0, 0xf, 0xff, 0xff, 0xff, 0xff, 0xc0, 0x0,
    0x0, 0xf, 0xff, 0xff, 0xff, 0xff, 0x0, 0x0,
    0x0, 0x1f, 0xff, 0xff, 0xff, 0xfc, 0x0, 0x0,
    0x0, 0x1f, 0xff, 0xff, 0xff, 0xe0, 0x0, 0x0,
    0x0, 0x3f, 0xf0, 0x7f, 0xfc, 0x0, 0x0, 0x0,
    0x0, 0x3f, 0xf0, 0x0, 0x0, 0x0, 0x0, 0x0,
    0x0, 0x7f, 0xe0, 0x0, 0x0, 0x0, 0x0, 0x0,
    0x0, 0x7f, 0xe0, 0x0, 0x0, 0x0, 0x0, 0x0,
    0x0, 0xff, 0xc0, 0x0, 0x0, 0x0, 0x0, 0x0,
    0x0, 0xff, 0xc0, 0x0, 0x0, 0x0, 0x0, 0x0,
    0x1, 0xff, 0x80, 0x0, 0x0, 0x0, 0x0, 0x0,
    0x1, 0xff, 0x80, 0x0, 0x0, 0x0, 0x0, 0x0,
    0x3, 0xff, 0x0, 0x0, 0x0, 0x0, 0x0, 0x0,

    /* U+00F9 "ù" */
    0x1, 0xff, 0xff, 0xc0, 0x0, 0x0, 0x0, 0x0,
    0x1f, 0xff, 0xfc, 0x0, 0x0, 0x0, 0x0, 0x1,
    0xff, 0xff, 0xc0, 0x0, 0x0, 0x0, 0x0, 0x3f,
    0xff, 0xf8, 0x0, 0x0, 0x0, 0x0, 0x3, 0xff,
    0xff, 0x80, 0x0, 0x0, 0x0, 0x0, 0x3f, 0xff,
    0xf0, 0x0, 0x0, 0x0, 0x0, 0x3, 0xff, 0xff,
    0x0, 0x0, 0x0, 0x0, 0x0, 0x3f, 0xff, 0xf0,
    0x0, 0x0, 0x0, 0x0, 0x3, 0xff, 0xfe, 0x0,
    0x0, 0x0, 0x0, 0x0, 0x3f, 0xff, 0xe0, 0x0,
    0x0, 0x0, 0x0, 0x3, 0xff, 0xfe, 0x0, 0x0,
    0x0, 0x0, 0x0, 0x3f, 0xff, 0xc0, 0x0, 0x0,
    0x0, 0x0, 0x3, 0xff, 0xfc, 0x0, 0x0, 0x0,
    0x0, 0x0, 0x7f, 0xff, 0xc0, 0x0, 0x0, 0x0,
    0x0, 0x7, 0xff, 0xf8, 0x0, 0x0, 0x0, 0x0,
    0x0, 0x7f, 0xff, 0x80, 0x0, 0x0, 0x0, 0x0,
    0x7, 0xff, 0xf8, 0x0, 0x0, 0x0, 0x0, 0x0,
    0x7f, 0xff, 0x0, 0x0, 0x0, 0x0, 0x0, 0x7,
    0xff, 0xf0, 0x0, 0x0, 0x0, 0x0, 0x0, 0x0,
    0x0, 0x0, 0x0, 0x0, 0x0, 0x0, 0x0, 0x0,
    0x0, 0x0, 0x0, 0x0, 0x0, 0x0, 0x0, 0x0,
    0x0, 0x0, 0x0, 0x0, 0x0, 0x0, 0x0, 0x0,
    0x0, 0x0, 0x0, 0x0, 0x0, 0x0, 0x0, 0x0,
    0x0, 0x0, 0x0, 0x0, 0x0, 0x0, 0x0, 0x0,
    0x0, 0x0, 0x0, 0x0, 0x0, 0x0, 0x0, 0x0,
    0x0, 0x0, 0x0, 0x0, 0x0, 0x0, 0x0, 0x0,
    0x0, 0x0, 0x0, 0x0, 0x0, 0x0, 0xf, 0xff,
    0xfc, 0x0, 0x0, 0x7, 0xff, 0xff, 0xff, 0xff,
    0x80, 0x0, 0x0, 0xff, 0xff, 0xff, 0xff, 0xf0,
    0x0, 0x0, 0x1f, 0xff, 0xff, 0xff, 0xfe, 0x0,
    0x0, 0x3, 0xff, 0xff, 0xff, 0xff, 0xc0, 0x0,
    0x0, 0x7f, 0xff, 0xff, 0xff, 0xf8, 0x0, 0x0,
    0xf, 0xff, 0xff, 0xff, 0xff, 0x0, 0x0, 0x1,
    0xff, 0xff, 0xff, 0xff, 0xe0, 0x0, 0x0, 0x3f,
    0xff, 0xff, 0xff, 0xfc, 0x0, 0x0, 0x7, 0xff,
    0xff, 0xff, 0xff, 0x80, 0x0, 0x0, 0xff, 0xff,
    0xff, 0xff, 0xf0, 0x0, 0x0, 0x1f, 0xff, 0xff,
    0xff, 0xfe, 0x0, 0x0, 0x3, 0xff, 0xff, 0xff,
    0xff, 0xc0, 0x0, 0x0, 0x7f, 0xff, 0xff, 0xff,
    0xf8, 0x0, 0x0, 0xf, 0xff, 0xff, 0xff, 0xff,
    0x0, 0x0, 0x1, 0xff, 0xff, 0xff, 0xff, 0xe0,
    0x0, 0x0, 0x3f, 0xff, 0xff, 0xff, 0xfc, 0x0,
    0x0, 0x7, 0xff, 0xff, 0xff, 0xff, 0x80, 0x0,
    0x0, 0xff, 0xff, 0xff, 0xff, 0xf0, 0x0, 0x0,
    0x1f, 0xff, 0xff, 0xff, 0xfe, 0x0, 0x0, 0x3,
    0xff, 0xff, 0xff, 0xff, 0xc0, 0x0, 0x0, 0x7f,
    0xff, 0xff, 0xff, 0xf8, 0x0, 0x0, 0xf, 0xff,
    0xff, 0xff, 0xff, 0x0, 0x0, 0x1, 0xff, 0xff,
    0xff, 0xff, 0xe0, 0x0, 0x0, 0x3f, 0xff, 0xff,
    0xff, 0xfc, 0x0, 0x0, 0x7, 0xff, 0xff, 0xff,
    0xff, 0x80, 0x0, 0x0, 0xff, 0xff, 0xff, 0xff,
    0xf0, 0x0, 0x0, 0x1f, 0xff, 0xff, 0xff, 0xfe,
    0x0, 0x0, 0x3, 0xff, 0xff, 0xff, 0xff, 0xc0,
    0x0, 0x0, 0x7f, 0xff, 0xff, 0xff, 0xf8, 0x0,
    0x0, 0xf, 0xff, 0xff, 0xff, 0xff, 0x0, 0x0,
    0x1, 0xff, 0xff, 0xff, 0xff, 0xe0, 0x0, 0x0,
    0x3f, 0xff, 0xff, 0xff, 0xfc, 0x0, 0x0, 0x7,
    0xff, 0xff, 0xff, 0xff, 0x80, 0x0, 0x0, 0xff,
    0xff, 0xff, 0xff, 0xf0, 0x0, 0x0, 0x1f, 0xff,
    0xff, 0xff, 0xfe, 0x0, 0x0, 0x3, 0xff, 0xff,
    0xff, 0xff, 0xc0, 0x0, 0x0, 0x7f, 0xff, 0xff,
    0xff, 0xf8, 0x0, 0x0, 0xf, 0xff, 0xff, 0xff,
    0xff, 0x0, 0x0, 0x1, 0xff, 0xff, 0xff, 0xff,
    0xe0, 0x0, 0x0, 0x3f, 0xff, 0xff, 0xff, 0xfc,
    0x0, 0x0, 0x7, 0xff, 0xff, 0xff, 0xff, 0x80,
    0x0, 0x0, 0xff, 0xff, 0xff, 0xff, 0xf0, 0x0,
    0x0, 0x1f, 0xff, 0xff, 0xff, 0xfe, 0x0, 0x0,
    0x3, 0xff, 0xff, 0xff, 0xff, 0xc0, 0x0, 0x0,
    0x7f, 0xff, 0xff, 0xff, 0xf8, 0x0, 0x0, 0xf,
    0xff, 0xff, 0xff, 0xff, 0x0, 0x0, 0x1, 0xff,
    0xff, 0xff, 0xff, 0xe0, 0x0, 0x0, 0x3f, 0xff,
    0xff, 0xff, 0xfc, 0x0, 0x0, 0xf, 0xff, 0xff,
    0xff, 0xff, 0xc0, 0x0, 0x1, 0xff, 0xff, 0xff,
    0xff, 0xf8, 0x0, 0x0, 0x7f, 0xff, 0xfb, 0xff,
    0xff, 0x80, 0x0, 0x1f, 0xff, 0xff, 0x7f, 0xff,
    0xf8, 0x0, 0x7, 0xff, 0xff, 0xef, 0xff, 0xff,
    0x80, 0x3, 0xff, 0xff, 0xfd, 0xff, 0xff, 0xfc,
    0x1, 0xff, 0xff, 0xff, 0x9f, 0xff, 0xff, 0xff,
    0xff, 0xff, 0xff, 0xf3, 0xff, 0xff, 0xff, 0xff,
    0xff, 0xff, 0xfe, 0x7f, 0xff, 0xff, 0xff, 0xff,
    0xff, 0xff, 0xc7, 0xff, 0xff, 0xff, 0xff, 0xff,
    0xff, 0xf8, 0x7f, 0xff, 0xff, 0xff, 0xff, 0xff,
    0xff, 0xf, 0xff, 0xff, 0xff, 0xff, 0xff, 0xff,
    0xe0, 0xff, 0xff, 0xff, 0xff, 0xff, 0xff, 0xfc,
    0xf, 0xff, 0xff, 0xff, 0xfd, 0xff, 0xff, 0x80,
    0xff, 0xff, 0xff, 0xff, 0x3f, 0xff, 0xf0, 0xf,
    0xff, 0xff, 0xff, 0x87, 0xff, 0xfe, 0x0, 0xff,
    0xff, 0xff, 0xe0, 0xff, 0xff, 0xc0, 0x7, 0xff,
    0xff, 0xf0, 0x1f, 0xff, 0xf8, 0x0, 0x3f, 0xff,
    0xf8, 0x3, 0xff, 0xff, 0x0, 0x0, 0x7f, 0xf0,
    0x0, 0x0, 0x0, 0x0,

    /* U+00FA "ú" */
    0x0, 0x0, 0x0, 0x0, 0x7f, 0xff, 0xf0, 0x0,
    0x0, 0x0, 0x0, 0x1f, 0xff, 0xfe, 0x0, 0x0,
    0x0, 0x0, 0x7, 0xff, 0xff, 0x80, 0x0, 0x0,
    0x0, 0x0, 0xff, 0xff, 0xe0, 0x0, 0x0, 0x0,
    0x0, 0x3f, 0xff, 0xf8, 0x0, 0x0, 0x0, 0x0,
    0xf, 0xff, 0xfe, 0x0, 0x0, 0x0, 0x0, 0x1,
    0xff, 0xff, 0x80, 0x0, 0x0, 0x0, 0x0, 0x7f,
    0xff, 0xe0, 0x0, 0x0, 0x0, 0x0, 0xf, 0xff,
    0xf8, 0x0, 0x0, 0x0, 0x0, 0x3, 0xff, 0xfe,
    0x0, 0x0, 0x0, 0x0, 0x0, 0xff, 0xff, 0x80,
    0x0, 0x0, 0x0, 0x0, 0x1f, 0xff, 0xe0, 0x0,
    0x0, 0x0, 0x0, 0x7, 0xff, 0xf8, 0x0, 0x0,
    0x0, 0x0, 0x1, 0xff, 0xfe, 0x0, 0x0, 0x0,
    0x0, 0x0, 0x3f, 0xff, 0xc0, 0x0, 0x0, 0x0,
    0x0, 0xf, 0xff, 0xf0, 0x0, 0x0, 0x0, 0x0,
    0x3, 0xff, 0xfc, 0x0, 0x0, 0x0, 0x0, 0x0,
    0x7f, 0xff, 0x0, 0x0, 0x0, 0x0, 0x0, 0x1f,
    0xff, 0xc0, 0x0, 0x0, 0x0, 0x0, 0x0, 0x0,
    0x0, 0x0, 0x0, 0x0, 0x0, 0x0, 0x0, 0x0,
    0x0, 0x0, 0x0, 0x0, 0x0, 0x0, 0x0, 0x0,
    0x0, 0x0, 0x0, 0x0, 0x0, 0x0, 0x0, 0x0,
    0x0, 0x0, 0x0, 0x0, 0x0, 0x0, 0x0, 0x0,
    0x0, 0x0, 0x0, 0x0, 0x0, 0x0, 0x0, 0x0,
    0x0, 0x0, 0x0, 0x0, 0x0, 0x0, 0x0, 0x0,
    0x0, 0x0, 0x0, 0x0, 0x0, 0x0, 0x0, 0x0,
    0x0, 0x0, 0x0, 0x0, 0x0, 0x0, 0xf, 0xff,
    0xfc, 0x0, 0x0, 0x7, 0xff, 0xff, 0xff, 0xff,
    0x80, 0x0, 0x0, 0xff, 0xff, 0xff, 0xff, 0xf0,
    0x0, 0x0, 0x1f, 0xff, 0xff, 0xff, 0xfe, 0x0,
    0x0, 0x3, 0xff, 0xff, 0xff, 0xff, 0xc0, 0x0,
    0x0, 0x7f, 0xff, 0xff, 0xff, 0xf8, 0x0, 0x0,
    0xf, 0xff, 0xff, 0xff, 0xff, 0x0, 0x0, 0x1,
    0xff, 0xff, 0xff, 0xff, 0xe0, 0x0, 0x0, 0x3f,
    0xff, 0xff, 0xff, 0xfc, 0x0, 0x0, 0x7, 0xff,
    0xff, 0xff, 0xff, 0x80, 0x0, 0x0, 0xff, 0xff,
    0xff, 0xff, 0xf0, 0x0, 0x0, 0x1f, 0xff, 0xff,
    0xff, 0xfe, 0x0, 0x0, 0x3, 0xff, 0xff, 0xff,
    0xff, 0xc0, 0x0, 0x0, 0x7f, 0xff, 0xff, 0xff,
    0xf8, 0x0, 0x0, 0xf, 0xff, 0xff, 0xff, 0xff,
    0x0, 0x0, 0x1, 0xff, 0xff, 0xff, 0xff, 0xe0,
    0x0, 0x0, 0x3f, 0xff, 0xff, 0xff, 0xfc, 0x0,
    0x0, 0x7, 0xff, 0xff, 0xff, 0xff, 0x80, 0x0,
    0x0, 0xff, 0xff, 0xff, 0xff, 0xf0, 0x0, 0x0,
    0x1f, 0xff, 0xff, 0xff, 0xfe, 0x0, 0x0, 0x3,
    0xff, 0xff, 0xff, 0xff, 0xc0, 0x0, 0x0, 0x7f,
    0xff, 0xff, 0xff, 0xf8, 0x0, 0x0, 0xf, 0xff,
    0xff, 0xff, 0xff, 0x0, 0x0, 0x1, 0xff, 0xff,
    0xff, 0xff, 0xe0, 0x0, 0x0, 0x3f, 0xff, 0xff,
    0xff, 0xfc, 0x0, 0x0, 0x7, 0xff, 0xff, 0xff,
    0xff, 0x80, 0x0, 0x0, 0xff, 0xff, 0xff, 0xff,
    0xf0, 0x0, 0x0, 0x1f, 0xff, 0xff, 0xff, 0xfe,
    0x0, 0x0, 0x3, 0xff, 0xff, 0xff, 0xff, 0xc0,
    0x0, 0x0, 0x7f, 0xff, 0xff, 0xff, 0xf8, 0x0,
    0x0, 0xf, 0xff, 0xff, 0xff, 0xff, 0x0, 0x0,
    0x1, 0xff, 0xff, 0xff, 0xff, 0xe0, 0x0, 0x0,
    0x3f, 0xff, 0xff, 0xff, 0xfc, 0x0, 0x0, 0x7,
    0xff, 0xff, 0xff, 0xff, 0x80, 0x0, 0x0, 0xff,
    0xff, 0xff, 0xff, 0xf0, 0x0, 0x0, 0x1f, 0xff,
    0xff, 0xff, 0xfe, 0x0, 0x0, 0x3, 0xff, 0xff,
    0xff, 0xff, 0xc0, 0x0, 0x0, 0x7f, 0xff, 0xff,
    0xff, 0xf8, 0x0, 0x0, 0xf, 0xff, 0xff, 0xff,
    0xff, 0x0, 0x0, 0x1, 0xff, 0xff, 0xff, 0xff,
    0xe0, 0x0, 0x0, 0x3f, 0xff, 0xff, 0xff, 0xfc,
    0x0, 0x0, 0x7, 0xff, 0xff, 0xff, 0xff, 0x80,
    0x0, 0x0, 0xff, 0xff, 0xff, 0xff, 0xf0, 0x0,
    0x0, 0x1f, 0xff, 0xff, 0xff, 0xfe, 0x0, 0x0,
    0x3, 0xff, 0xff, 0xff, 0xff, 0xc0, 0x0, 0x0,
    0x7f, 0xff, 0xff, 0xff, 0xf8, 0x0, 0x0, 0xf,
    0xff, 0xff, 0xff, 0xff, 0x0, 0x0, 0x1, 0xff,
    0xff, 0xff, 0xff, 0xe0, 0x0, 0x0, 0x3f, 0xff,
    0xff, 0xff, 0xfc, 0x0, 0x0, 0xf, 0xff, 0xff,
    0xff, 0xff, 0xc0, 0x0, 0x1, 0xff, 0xff, 0xff,
    0xff, 0xf8, 0x0, 0x0, 0x7f, 0xff, 0xfb, 0xff,
    0xff, 0x80, 0x0, 0x1f, 0xff, 0xff, 0x7f, 0xff,
    0xf8, 0x0, 0x7, 0xff, 0xff, 0xef, 0xff, 0xff,
    0x80, 0x3, 0xff, 0xff, 0xfd, 0xff, 0xff, 0xfc,
    0x1, 0xff, 0xff, 0xff, 0x9f, 0xff, 0xff, 0xff,
    0xff, 0xff, 0xff, 0xf3, 0xff, 0xff, 0xff, 0xff,
    0xff, 0xff, 0xfe, 0x7f, 0xff, 0xff, 0xff, 0xff,
    0xff, 0xff, 0xc7, 0xff, 0xff, 0xff, 0xff, 0xff,
    0xff, 0xf8, 0x7f, 0xff, 0xff, 0xff, 0xff, 0xff,
    0xff, 0xf, 0xff, 0xff, 0xff, 0xff, 0xff, 0xff,
    0xe0, 0xff, 0xff, 0xff, 0xff, 0xff, 0xff, 0xfc,
    0xf, 0xff, 0xff, 0xff, 0xfd, 0xff, 0xff, 0x80,
    0xff, 0xff, 0xff, 0xff, 0x3f, 0xff, 0xf0, 0xf,
    0xff, 0xff, 0xff, 0x87, 0xff, 0xfe, 0x0, 0xff,
    0xff, 0xff, 0xe0, 0xff, 0xff, 0xc0, 0x7, 0xff,
    0xff, 0xf0, 0x1f, 0xff, 0xf8, 0x0, 0x3f, 0xff,
    0xf8, 0x3, 0xff, 0xff, 0x0, 0x0, 0x7f, 0xf0,
    0x0, 0x0, 0x0, 0x0,

    /* U+00FB "û" */
    0x0, 0x0, 0x0, 0xff, 0xe0, 0x0, 0x0, 0x0,
    0x0, 0x0, 0x3f, 0xfe, 0x0, 0x0, 0x0, 0x0,
    0x0, 0xf, 0xff, 0xe0, 0x0, 0x0, 0x0, 0x0,
    0x3, 0xff, 0xfe, 0x0, 0x0, 0x0, 0x0, 0x0,
    0xff, 0xff, 0xe0, 0x0, 0x0, 0x0, 0x0, 0x3f,
    0xff, 0xfe, 0x0, 0x0, 0x0, 0x0, 0xf, 0xff,
    0xff, 0xe0, 0x0, 0x0, 0x0, 0x7, 0xff, 0xff,
    0xfe, 0x0, 0x0, 0x0, 0x1, 0xff, 0xff, 0xff,
    0xe0, 0x0, 0x0, 0x0, 0x7f, 0xff, 0xff, 0xfe,
    0x0, 0x0, 0x0, 0x1f, 0xff, 0xcf, 0xff, 0xe0,
    0x0, 0x0, 0x7, 0xff, 0xf0, 0xff, 0xfe, 0x0,
    0x0, 0x1, 0xff, 0xfc, 0xf, 0xff, 0xe0, 0x0,
    0x0, 0x7f, 0xff, 0x0, 0x7f, 0xfe, 0x0, 0x0,
    0x1f, 0xff, 0xc0, 0x7, 0xff, 0xf0, 0x0, 0x7,
    0xff, 0xf0, 0x0, 0x7f, 0xff, 0x0, 0x1, 0xff,
    0xfc, 0x0, 0x7, 0xff, 0xf0, 0x0, 0x7f, 0xff,
    0x0, 0x0, 0x7f, 0xff, 0x0, 0xf, 0xff, 0xc0,
    0x0, 0x7, 0xff, 0xf0, 0x0, 0x0, 0x0, 0x0,
    0x0, 0x0, 0x0, 0x0, 0x0, 0x0, 0x0, 0x0,
    0x0, 0x0, 0x0, 0x0, 0x0, 0x0, 0x0, 0x0,
    0x0, 0x0, 0x0, 0x0, 0x0, 0x0, 0x0, 0x0,
    0x0, 0x0, 0x0, 0x0, 0x0, 0x0, 0x0, 0x0,
    0x0, 0x0, 0x0, 0x0, 0x0, 0x0, 0x0, 0x0,
    0x0, 0x0, 0x0, 0x0, 0x0, 0x0, 0x0, 0x0,
    0x0, 0x0, 0x0, 0x0, 0x0, 0x0, 0x0, 0x0,
    0x0, 0x0, 0x0, 0x0, 0x0, 0x0, 0x0, 0x0,
    0x0, 0x0, 0x0, 0x0, 0x0, 0x1, 0xff, 0xff,
    0x80, 0x0, 0x0, 0xff, 0xff, 0xff, 0xff, 0xf0,
    0x0, 0x0, 0x1f, 0xff, 0xff, 0xff, 0xfe, 0x0,
    0x0, 0x3, 0xff, 0xff, 0xff, 0xff, 0xc0, 0x0,
    0x0, 0x7f, 0xff, 0xff, 0xff, 0xf8, 0x0, 0x0,
    0xf, 0xff, 0xff, 0xff, 0xff, 0x0, 0x0, 0x1,
    0xff, 0xff, 0xff, 0xff, 0xe0, 0x0, 0x0, 0x3f,
    0xff, 0xff, 0xff, 0xfc, 0x0, 0x0, 0x7, 0xff,
    0xff, 0xff, 0xff, 0x80, 0x0, 0x0, 0xff, 0xff,
    0xff, 0xff, 0xf0, 0x0, 0x0, 0x1f, 0xff, 0xff,
    0xff, 0xfe, 0x0, 0x0, 0x3, 0xff, 0xff, 0xff,
    0xff, 0xc0, 0x0, 0x0, 0x7f, 0xff, 0xff, 0xff,
    0xf8, 0x0, 0x0, 0xf, 0xff, 0xff, 0xff, 0xff,
    0x0, 0x0, 0x1, 0xff, 0xff, 0xff, 0xff, 0xe0,
    0x0, 0x0, 0x3f, 0xff, 0xff, 0xff, 0xfc, 0x0,
    0x0, 0x7, 0xff, 0xff, 0xff, 0xff, 0x80, 0x0,
    0x0, 0xff, 0xff, 0xff, 0xff, 0xf0, 0x0, 0x0,
    0x1f, 0xff, 0xff, 0xff, 0xfe, 0x0, 0x0, 0x3,
    0xff, 0xff, 0xff, 0xff, 0xc0, 0x0, 0x0, 0x7f,
    0xff, 0xff, 0xff, 0xf8, 0x0, 0x0, 0xf, 0xff,
    0xff, 0xff, 0xff, 0x0, 0x0, 0x1, 0xff, 0xff,
    0xff, 0xff, 0xe0, 0x0, 0x0, 0x3f, 0xff, 0xff,
    0xff, 0xfc, 0x0, 0x0, 0x7, 0xff, 0xff, 0xff,
    0xff, 0x80, 0x0, 0x0, 0xff, 0xff, 0xff, 0xff,
    0xf0, 0x0, 0x0, 0x1f, 0xff, 0xff, 0xff, 0xfe,
    0x0, 0x0, 0x3, 0xff, 0xff, 0xff, 0xff, 0xc0,
    0x0, 0x0, 0x7f, 0xff, 0xff, 0xff, 0xf8, 0x0,
    0x0, 0xf, 0xff, 0xff, 0xff, 0xff, 0x0, 0x0,
    0x1, 0xff, 0xff, 0xff, 0xff, 0xe0, 0x0, 0x0,
    0x3f, 0xff, 0xff, 0xff, 0xfc, 0x0, 0x0, 0x7,
    0xff, 0xff, 0xff, 0xff, 0x80, 0x0, 0x0, 0xff,
    0xff, 0xff, 0xff, 0xf0, 0x0, 0x0, 0x1f, 0xff,
    0xff, 0xff, 0xfe, 0x0, 0x0, 0x3, 0xff, 0xff,
    0xff, 0xff, 0xc0, 0x0, 0x0, 0x7f, 0xff, 0xff,
    0xff, 0xf8, 0x0, 0x0, 0xf, 0xff, 0xff, 0xff,
    0xff, 0x0, 0x0, 0x1, 0xff, 0xff, 0xff, 0xff,
    0xe0, 0x0, 0x0, 0x3f, 0xff, 0xff, 0xff, 0xfc,
    0x0, 0x0, 0x7, 0xff, 0xff, 0xff, 0xff, 0x80,
    0x0, 0x0, 0xff, 0xff, 0xff, 0xff, 0xf0, 0x0,
    0x0, 0x1f, 0xff, 0xff, 0xff, 0xfe, 0x0, 0x0,
    0x3, 0xff, 0xff, 0xff, 0xff, 0xc0, 0x0, 0x0,
    0x7f, 0xff, 0xff, 0xff, 0xf8, 0x0, 0x0, 0xf,
    0xff, 0xff, 0xff, 0xff, 0x0, 0x0, 0x1, 0xff,
    0xff, 0xff, 0xff, 0xe0, 0x0, 0x0, 0x3f, 0xff,
    0xff, 0xff, 0xfc, 0x0, 0x0, 0x7, 0xff, 0xff,
    0xff, 0xff, 0x80, 0x0, 0x1, 0xff, 0xff, 0xff,
    0xff, 0xf8, 0x0, 0x0, 0x3f, 0xff, 0xff, 0xff,
    0xff, 0x0, 0x0, 0xf, 0xff, 0xff, 0x7f, 0xff,
    0xf0, 0x0, 0x3, 0xff, 0xff, 0xef, 0xff, 0xff,
    0x0, 0x0, 0xff, 0xff, 0xfd, 0xff, 0xff, 0xf0,
    0x0, 0x7f, 0xff, 0xff, 0xbf, 0xff, 0xff, 0x80,
    0x3f, 0xff, 0xff, 0xf3, 0xff, 0xff, 0xff, 0xff,
    0xff, 0xff, 0xfe, 0x7f, 0xff, 0xff, 0xff, 0xff,
    0xff, 0xff, 0xc7, 0xff, 0xff, 0xff, 0xff, 0xff,
    0xff, 0xf8, 0xff, 0xff, 0xff, 0xff, 0xff, 0xff,
    0xff, 0xf, 0xff, 0xff, 0xff, 0xff, 0xff, 0xff,
    0xe1, 0xff, 0xff, 0xff, 0xff, 0xff, 0xff, 0xfc,
    0x1f, 0xff, 0xff, 0xff, 0xff, 0xff, 0xff, 0x81,
    0xff, 0xff, 0xff, 0xff, 0xbf, 0xff, 0xf0, 0x1f,
    0xff, 0xff, 0xff, 0xe7, 0xff, 0xfe, 0x1, 0xff,
    0xff, 0xff, 0xf0, 0xff, 0xff, 0xc0, 0x1f, 0xff,
    0xff, 0xfc, 0x1f, 0xff, 0xf8, 0x0, 0xff, 0xff,
    0xfe, 0x3, 0xff, 0xff, 0x0, 0x7, 0xff, 0xff,
    0x0, 0x7f, 0xff, 0xe0, 0x0, 0xf, 0xfe, 0x0,
    0x0, 0x0, 0x0,

    /* U+00FC "ü" */
    0x0, 0x3f, 0x80, 0x0, 0x0, 0x7f, 0x0, 0x0,
    0x1f, 0xfc, 0x0, 0x0, 0x3f, 0xf8, 0x0, 0x7,
    0xff, 0xc0, 0x0, 0xf, 0xff, 0x80, 0x1, 0xff,
    0xfc, 0x0, 0x3, 0xff, 0xf8, 0x0, 0x3f, 0xff,
    0x80, 0x0, 0x7f, 0xff, 0x0, 0xf, 0xff, 0xf8,
    0x0, 0x1f, 0xff, 0xf0, 0x1, 0xff, 0xff, 0x0,
    0x3, 0xff, 0xfe, 0x0, 0x3f, 0xff, 0xe0, 0x0,
    0x7f, 0xff, 0xc0, 0x7, 0xff, 0xfc, 0x0, 0xf,
    0xff, 0xf8, 0x0, 0xff, 0xff, 0x80, 0x1, 0xff,
    0xff, 0x0, 0xf, 0xff, 0xe0, 0x0, 0x1f, 0xff,
    0xc0, 0x1, 0xff, 0xfc, 0x0, 0x3, 0xff, 0xf8,
    0x0, 0x1f, 0xff, 0x0, 0x0, 0x3f, 0xfe, 0x0,
    0x1, 0xff, 0xc0, 0x0, 0x3, 0xff, 0x80, 0x0,
    0xf, 0xe0, 0x0, 0x0, 0x1f, 0xc0, 0x0, 0x0,
    0x0, 0x0, 0x0, 0x0, 0x0, 0x0, 0x0, 0x0,
    0x0, 0x0, 0x0, 0x0, 0x0, 0x0, 0x0, 0x0,
    0x0, 0x0, 0x0, 0x0, 0x0, 0x0, 0x0, 0x0,
    0x0, 0x0, 0x0, 0x0, 0x0, 0x0, 0x0, 0x0,
    0x0, 0x0, 0x0, 0x0, 0x0, 0x0, 0x0, 0x0,
    0x0, 0x0, 0x0, 0x0, 0x0, 0x0, 0x0, 0x0,
    0x0, 0x0, 0x0, 0x0, 0x0, 0x0, 0x0, 0x0,
    0x0, 0x0, 0x0, 0x0, 0x0, 0x0, 0x0, 0x0,
    0x0, 0x0, 0x0, 0x0, 0x0, 0x0, 0x0, 0x0,
    0x1f, 0xff, 0xf8, 0x0, 0x0, 0xf, 0xff, 0xff,
    0xff, 0xff, 0x0, 0x0, 0x1, 0xff, 0xff, 0xff,
    0xff, 0xe0, 0x0, 0x0, 0x3f, 0xff, 0xff, 0xff,
    0xfc, 0x0, 0x0, 0x7, 0xff, 0xff, 0xff, 0xff,
    0x80, 0x0, 0x0, 0xff, 0xff, 0xff, 0xff, 0xf0,
    0x0, 0x0, 0x1f, 0xff, 0xff, 0xff, 0xfe, 0x0,
    0x0, 0x3, 0xff, 0xff, 0xff, 0xff, 0xc0, 0x0,
    0x0, 0x7f, 0xff, 0xff, 0xff, 0xf8, 0x0, 0x0,
    0xf, 0xff, 0xff, 0xff, 0xff, 0x0, 0x0, 0x1,
    0xff, 0xff, 0xff, 0xff, 0xe0, 0x0, 0x0, 0x3f,
    0xff, 0xff, 0xff, 0xfc, 0x0, 0x0, 0x7, 0xff,
    0xff, 0xff, 0xff, 0x80, 0x0, 0x0, 0xff, 0xff,
    0xff, 0xff, 0xf0, 0x0, 0x0, 0x1f, 0xff, 0xff,
    0xff, 0xfe, 0x0, 0x0, 0x3, 0xff, 0xff, 0xff,
    0xff, 0xc0, 0x0, 0x0, 0x7f, 0xff, 0xff, 0xff,
    0xf8, 0x0, 0x0, 0xf, 0xff, 0xff, 0xff, 0xff,
    0x0, 0x0, 0x1, 0xff, 0xff, 0xff, 0xff, 0xe0,
    0x0, 0x0, 0x3f, 0xff, 0xff, 0xff, 0xfc, 0x0,
    0x0, 0x7, 0xff, 0xff, 0xff, 0xff, 0x80, 0x0,
    0x0, 0xff, 0xff, 0xff, 0xff, 0xf0, 0x0, 0x0,
    0x1f, 0xff, 0xff, 0xff, 0xfe, 0x0, 0x0, 0x3,
    0xff, 0xff, 0xff, 0xff, 0xc0, 0x0, 0x0, 0x7f,
    0xff, 0xff, 0xff, 0xf8, 0x0, 0x0, 0xf, 0xff,
    0xff, 0xff, 0xff, 0x0, 0x0, 0x1, 0xff, 0xff,
    0xff, 0xff, 0xe0, 0x0, 0x0, 0x3f, 0xff, 0xff,
    0xff, 0xfc, 0x0, 0x0, 0x7, 0xff, 0xff, 0xff,
    0xff, 0x80, 0x0, 0x0, 0xff, 0xff, 0xff, 0xff,
    0xf0, 0x0, 0x0, 0x1f, 0xff, 0xff, 0xff, 0xfe,
    0x0, 0x0, 0x3, 0xff, 0xff, 0xff, 0xff, 0xc0,
    0x0, 0x0, 0x7f, 0xff, 0xff, 0xff, 0xf8, 0x0,
    0x0, 0xf, 0xff, 0xff, 0xff, 0xff, 0x0, 0x0,
    0x1, 0xff, 0xff, 0xff, 0xff, 0xe0, 0x0, 0x0,
    0x3f, 0xff, 0xff, 0xff, 0xfc, 0x0, 0x0, 0x7,
    0xff, 0xff, 0xff, 0xff, 0x80, 0x0, 0x0, 0xff,
    0xff, 0xff, 0xff, 0xf0, 0x0, 0x0, 0x1f, 0xff,
    0xff, 0xff, 0xfe, 0x0, 0x0, 0x3, 0xff, 0xff,
    0xff, 0xff, 0xc0, 0x0, 0x0, 0x7f, 0xff, 0xff,
    0xff, 0xf8, 0x0, 0x0, 0xf, 0xff, 0xff, 0xff,
    0xff, 0x0, 0x0, 0x1, 0xff, 0xff, 0xff, 0xff,
    0xe0, 0x0, 0x0, 0x3f, 0xff, 0xff, 0xff, 0xfc,
    0x0, 0x0, 0x7, 0xff, 0xff, 0xff, 0xff, 0x80,
    0x0, 0x0, 0xff, 0xff, 0xff, 0xff, 0xf0, 0x0,
    0x0, 0x1f, 0xff, 0xff, 0xff, 0xfe, 0x0, 0x0,
    0x3, 0xff, 0xff, 0xff, 0xff, 0xc0, 0x0, 0x0,
    0x7f, 0xff, 0xff, 0xff, 0xf8, 0x0, 0x0, 0x1f,
    0xff, 0xff, 0xff, 0xff, 0x80, 0x0, 0x3, 0xff,
    0xff, 0xff, 0xff, 0xf0, 0x0, 0x0, 0xff, 0xff,
    0xf7, 0xff, 0xff, 0x0, 0x0, 0x3f, 0xff, 0xfe,
    0xff, 0xff, 0xf0, 0x0, 0xf, 0xff, 0xff, 0xdf,
    0xff, 0xff, 0x0, 0x7, 0xff, 0xff, 0xfb, 0xff,
    0xff, 0xf8, 0x7, 0xff, 0xff, 0xff, 0x3f, 0xff,
    0xff, 0xff, 0xff, 0xff, 0xff, 0xe7, 0xff, 0xff,
    0xff, 0xff, 0xff, 0xff, 0xfc, 0xff, 0xff, 0xff,
    0xff, 0xff, 0xff, 0xff, 0x8f, 0xff, 0xff, 0xff,
    0xff, 0xff, 0xff, 0xf1, 0xff, 0xff, 0xff, 0xff,
    0xff, 0xff, 0xfe, 0x1f, 0xff, 0xff, 0xff, 0xff,
    0xff, 0xff, 0xc1, 0xff, 0xff, 0xff, 0xff, 0xdf,
    0xff, 0xf8, 0x1f, 0xff, 0xff, 0xff, 0xf3, 0xff,
    0xff, 0x1, 0xff, 0xff, 0xff, 0xfc, 0x7f, 0xff,
    0xe0, 0x1f, 0xff, 0xff, 0xff, 0xf, 0xff, 0xfc,
    0x1, 0xff, 0xff, 0xff, 0xc1, 0xff, 0xff, 0x80,
    0xf, 0xff, 0xff, 0xe0, 0x3f, 0xff, 0xf0, 0x0,
    0x7f, 0xff, 0xf0, 0x7, 0xff, 0xfe, 0x0, 0x0,
    0xff, 0xe0, 0x0, 0x0, 0x0, 0x0,

    /* U+00FD "ý" */
    0x0, 0x0, 0x0, 0x0, 0x1f, 0xff, 0xfe, 0x0,
    0x0, 0x0, 0x0, 0x0, 0x1f, 0xff, 0xfc, 0x0,
    0x0, 0x0, 0x0, 0x0, 0x3f, 0xff, 0xf8, 0x0,
    0x0, 0x0, 0x0, 0x0, 0x7f, 0xff, 0xf0, 0x0,
    0x0, 0x0, 0x0, 0x0, 0x7f, 0xff, 0xe0, 0x0,
    0x0, 0x0, 0x0, 0x0, 0xff, 0xff, 0xc0, 0x0,
    0x0, 0x0, 0x0, 0x0, 0xff, 0xff, 0x80, 0x0,
    0x0, 0x0, 0x0, 0x1, 0xff, 0xff, 0x80, 0x0,
    0x0, 0x0, 0x0, 0x3, 0xff, 0xff, 0x0, 0x0,
    0x0, 0x0, 0x0, 0x3, 0xff, 0xfe, 0x0, 0x0,
    0x0, 0x0, 0x0, 0x7, 0xff, 0xfc, 0x0, 0x0,
    0x0, 0x0, 0x0, 0xf, 0xff, 0xf8, 0x0, 0x0,
    0x0, 0x0, 0x0, 0xf, 0xff, 0xf0, 0x0, 0x0,
    0x0, 0x0, 0x0, 0x1f, 0xff, 0xe0, 0x0, 0x0,
    0x0, 0x0, 0x0, 0x3f, 0xff, 0xc0, 0x0, 0x0,
    0x0, 0x0, 0x0, 0x3f, 0xff, 0x80, 0x0, 0x0,
    0x0, 0x0, 0x0, 0x7f, 0xff, 0x0, 0x0, 0x0,
    0x0, 0x0, 0x0, 0xff, 0xfe, 0x0, 0x0, 0x0,
    0x0, 0x0, 0x0, 0xff, 0xfe, 0x0, 0x0, 0x0,
    0x0, 0x0, 0x0, 0x0, 0x0, 0x0, 0x0, 0x0,
    0x0, 0x0, 0x0, 0x0, 0x0, 0x0, 0x0, 0x0,
    0x0, 0x0, 0x0, 0x0, 0x0, 0x0, 0x0, 0x0,
    0x0, 0x0, 0x0, 0x0, 0x0, 0x0, 0x0, 0x0,
    0x0, 0x0, 0x0, 0x0, 0x0, 0x0, 0x0, 0x0,
    0x0, 0x0, 0x0, 0x0, 0x0, 0x0, 0x0, 0x0,
    0x0, 0x0, 0x0, 0x0, 0x0, 0x0, 0x0, 0x0,
    0x0, 0x0, 0x0, 0x0, 0x0, 0x0, 0x0, 0x0,
    0x0, 0x0, 0x0, 0x0, 0x0, 0x0, 0x0, 0x0,
    0xff, 0xff, 0xe0, 0x0, 0x0, 0xf, 0xff, 0xff,
    0xff, 0xff, 0xe0, 0x0, 0x0, 0xf, 0xff, 0xfe,
    0x7f, 0xff, 0xf0, 0x0, 0x0, 0xf, 0xff, 0xfe,
    0x7f, 0xff, 0xf0, 0x0, 0x0, 0x1f, 0xff, 0xfe,
    0x7f, 0xff, 0xf0, 0x0, 0x0, 0x1f, 0xff, 0xfc,
    0x3f, 0xff, 0xf8, 0x0, 0x0, 0x1f, 0xff, 0xfc,
    0x3f, 0xff, 0xf8, 0x0, 0x0, 0x1f, 0xff, 0xfc,
    0x3f, 0xff, 0xf8, 0x0, 0x0, 0x3f, 0xff, 0xf8,
    0x1f, 0xff, 0xfc, 0x0, 0x0, 0x3f, 0xff, 0xf8,
    0x1f, 0xff, 0xfc, 0x0, 0x0, 0x3f, 0xff, 0xf8,
    0x1f, 0xff, 0xfc, 0x0, 0x0, 0x7f, 0xff, 0xf0,
    0xf, 0xff, 0xfc, 0x0, 0x0, 0x7f, 0xff, 0xf0,
    0xf, 0xff, 0xfe, 0x0, 0x0, 0x7f, 0xff, 0xf0,
    0xf, 0xff, 0xfe, 0x0, 0x0, 0x7f, 0xff, 0xe0,
    0x7, 0xff, 0xfe, 0x0, 0x0, 0xff, 0xff, 0xe0,
    0x7, 0xff, 0xff, 0x0, 0x0, 0xff, 0xff, 0xc0,
    0x7, 0xff, 0xff, 0x0, 0x0, 0xff, 0xff, 0xc0,
    0x3, 0xff, 0xff, 0x0, 0x1, 0xff, 0xff, 0xc0,
    0x3, 0xff, 0xff, 0x80, 0x1, 0xff, 0xff, 0x80,
    0x1, 0xff, 0xff, 0x80, 0x1, 0xff, 0xff, 0x80,
    0x1, 0xff, 0xff, 0x80, 0x3, 0xff, 0xff, 0x80,
    0x1, 0xff, 0xff, 0x80, 0x3, 0xff, 0xff, 0x0,
    0x0, 0xff, 0xff, 0xc0, 0x3, 0xff, 0xff, 0x0,
    0x0, 0xff, 0xff, 0xc0, 0x3, 0xff, 0xff, 0x0,
    0x0, 0xff, 0xff, 0xc0, 0x7, 0xff, 0xfe, 0x0,
    0x0, 0x7f, 0xff, 0xe0, 0x7, 0xff, 0xfe, 0x0,
    0x0, 0x7f, 0xff, 0xe0, 0x7, 0xff, 0xfe, 0x0,
    0x0, 0x7f, 0xff, 0xe0, 0xf, 0xff, 0xfc, 0x0,
    0x0, 0x3f, 0xff, 0xf0, 0xf, 0xff, 0xfc, 0x0,
    0x0, 0x3f, 0xff, 0xf0, 0xf, 0xff, 0xfc, 0x0,
    0x0, 0x3f, 0xff, 0xf0, 0x1f, 0xff, 0xf8, 0x0,
    0x0, 0x1f, 0xff, 0xf0, 0x1f, 0xff, 0xf8, 0x0,
    0x0, 0x1f, 0xff, 0xf8, 0x1f, 0xff, 0xf8, 0x0,
    0x0, 0x1f, 0xff, 0xf8, 0x1f, 0xff, 0xf0, 0x0,
    0x0, 0xf, 0xff, 0xf8, 0x3f, 0xff, 0xf0, 0x0,
    0x0, 0xf, 0xff, 0xfc, 0x3f, 0xff, 0xe0, 0x0,
    0x0, 0xf, 0xff, 0xfc, 0x3f, 0xff, 0xe0, 0x0,
    0x0, 0x7, 0xff, 0xfc, 0x7f, 0xff, 0xe0, 0x0,
    0x0, 0x7, 0xff, 0xfe, 0x7f, 0xff, 0xc0, 0x0,
    0x0, 0x7, 0xff, 0xfe, 0x7f, 0xff, 0xc0, 0x0,
    0x0, 0x3, 0xff, 0xfe, 0xff, 0xff, 0xc0, 0x0,
    0x0, 0x3, 0xff, 0xfe, 0xff, 0xff, 0x80, 0x0,
    0x0, 0x1, 0xff, 0xff, 0xff, 0xff, 0x80, 0x0,
    0x0, 0x1, 0xff, 0xff, 0xff, 0xff, 0x80, 0x0,
    0x0, 0x1, 0xff, 0xff, 0xff, 0xff, 0x0, 0x0,
    0x0, 0x0, 0xff, 0xff, 0xff, 0xff, 0x0, 0x0,
    0x0, 0x0, 0xff, 0xff, 0xff, 0xff, 0x0, 0x0,
    0x0, 0x0, 0xff, 0xff, 0xff, 0xfe, 0x0, 0x0,
    0x0, 0x0, 0x7f, 0xff, 0xff, 0xfe, 0x0, 0x0,
    0x0, 0x0, 0x7f, 0xff, 0xff, 0xfe, 0x0, 0x0,
    0x0, 0x0, 0x7f, 0xff, 0xff, 0xfc, 0x0, 0x0,
    0x0, 0x0, 0x3f, 0xff, 0xff, 0xfc, 0x0, 0x0,
    0x0, 0x0, 0x3f, 0xff, 0xff, 0xfc, 0x0, 0x0,
    0x0, 0x0, 0x3f, 0xff, 0xff, 0xf8, 0x0, 0x0,
    0x0, 0x0, 0x1f, 0xff, 0xff, 0xf8, 0x0, 0x0,
    0x0, 0x0, 0x1f, 0xff, 0xff, 0xf0, 0x0, 0x0,
    0x0, 0x0, 0x1f, 0xff, 0xff, 0xf0, 0x0, 0x0,
    0x0, 0x0, 0xf, 0xff, 0xff, 0xf0, 0x0, 0x0,
    0x0, 0x0, 0xf, 0xff, 0xff, 0xe0, 0x0, 0x0,
    0x0, 0x0, 0xf, 0xff, 0xff, 0xe0, 0x0, 0x0,
    0x0, 0x0, 0x7, 0xff, 0xff, 0xe0, 0x0, 0x0,
    0x0, 0x0, 0x7, 0xff, 0xff, 0xc0, 0x0, 0x0,
    0x0, 0x0, 0x3, 0xff, 0xff, 0xc0, 0x0, 0x0,
    0x0, 0x0, 0x3, 0xff, 0xff, 0xc0, 0x0, 0x0,
    0x0, 0x0, 0x3, 0xff, 0xff, 0x80, 0x0, 0x0,
    0x0, 0x0, 0x1, 0xff, 0xff, 0x80, 0x0, 0x0,
    0x0, 0x0, 0x1, 0xff, 0xff, 0x80, 0x0, 0x0,
    0x0, 0x0, 0x1, 0xff, 0xff, 0x0, 0x0, 0x0,
    0x0, 0x0, 0x1, 0xff, 0xff, 0x0, 0x0, 0x0,
    0x0, 0x0, 0x1, 0xff, 0xff, 0x0, 0x0, 0x0,
    0x0, 0x0, 0x1, 0xff, 0xfe, 0x0, 0x0, 0x0,
    0x0, 0x0, 0x3, 0xff, 0xfe, 0x0, 0x0, 0x0,
    0x0, 0x0, 0x3, 0xff, 0xfe, 0x0, 0x0, 0x0,
    0x0, 0x0, 0x7, 0xff, 0xfc, 0x0, 0x0, 0x0,
    0x0, 0x0, 0x7, 0xff, 0xfc, 0x0, 0x0, 0x0,
    0x0, 0x0, 0x7, 0xff, 0xf8, 0x0, 0x0, 0x0,
    0x0, 0x0, 0xf, 0xff, 0xf8, 0x0, 0x0, 0x0,
    0x0, 0x0, 0x1f, 0xff, 0xf8, 0x0, 0x0, 0x0,
    0x0, 0x0, 0x1f, 0xff, 0xf0, 0x0, 0x0, 0x0,
    0x0, 0x0, 0x7f, 0xff, 0xf0, 0x0, 0x0, 0x0,
    0x0, 0x1, 0xff, 0xff, 0xf0, 0x0, 0x0, 0x0,
    0x1, 0xff, 0xff, 0xff, 0xe0, 0x0, 0x0, 0x0,
    0x1, 0xff, 0xff, 0xff, 0xe0, 0x0, 0x0, 0x0,
    0x1, 0xff, 0xff, 0xff, 0xc0, 0x0, 0x0, 0x0,
    0x1, 0xff, 0xff, 0xff, 0xc0, 0x0, 0x0, 0x0,
    0x1, 0xff, 0xff, 0xff, 0x80, 0x0, 0x0, 0x0,
    0x1, 0xff, 0xff, 0xff, 0x0, 0x0, 0x0, 0x0,
    0x1, 0xff, 0xff, 0xff, 0x0, 0x0, 0x0, 0x0,
    0x1, 0xff, 0xff, 0xfe, 0x0, 0x0, 0x0, 0x0,
    0x1, 0xff, 0xff, 0xfc, 0x0, 0x0, 0x0, 0x0,
    0x1, 0xff, 0xff, 0xf8, 0x0, 0x0, 0x0, 0x0,
    0x1, 0xff, 0xff, 0xe0, 0x0, 0x0, 0x0, 0x0,
    0x1, 0xff, 0xff, 0xc0, 0x0, 0x0, 0x0, 0x0,
    0x1, 0xff, 0xff, 0x0, 0x0, 0x0, 0x0, 0x0,
    0x0, 0x3f, 0xf0, 0x0, 0x0, 0x0, 0x0, 0x0,

    /* U+00FE "þ" */
    0xff, 0xff, 0xc0, 0x0, 0x0, 0x0, 0x0, 0x7,
    0xff, 0xfe, 0x0, 0x0, 0x0, 0x0, 0x0, 0x3f,
    0xff, 0xf0, 0x0, 0x0, 0x0, 0x0, 0x1, 0xff,
    0xff, 0x80, 0x0, 0x0, 0x0, 0x0, 0xf, 0xff,
    0xfc, 0x0, 0x0, 0x0, 0x0, 0x0, 0x7f, 0xff,
    0xe0, 0x0, 0x0, 0x0, 0x0, 0x3, 0xff, 0xff,
    0x0, 0x0, 0x0, 0x0, 0x0, 0x1f, 0xff, 0xf8,
    0x0, 0x0, 0x0, 0x0, 0x0, 0xff, 0xff, 0xc0,
    0x0, 0x0, 0x0, 0x0, 0x7, 0xff, 0xfe, 0x0,
    0x0, 0x0, 0x0, 0x0, 0x3f, 0xff, 0xf0, 0x0,
    0x0, 0x0, 0x0, 0x1, 0xff, 0xff, 0x80, 0x0,
    0x0, 0x0, 0x0, 0xf, 0xff, 0xfc, 0x0, 0x0,
    0x0, 0x0, 0x0, 0x7f, 0xff, 0xe0, 0x0, 0x0,
    0x0, 0x0, 0x3, 0xff, 0xff, 0x0, 0x0, 0x0,
    0x0, 0x0, 0x1f, 0xff, 0xf8, 0x0, 0x0, 0x0,
    0x0, 0x0, 0xff, 0xff, 0xc0, 0x0, 0x0, 0x0,
    0x0, 0x7, 0xff, 0xfe, 0x0, 0x0, 0x0, 0x0,
    0x0, 0x3f, 0xff, 0xf0, 0x0, 0x0, 0x0, 0x0,
    0x1, 0xff, 0xff, 0x80, 0x0, 0x0, 0x0, 0x0,
    0xf, 0xff, 0xfc, 0x0, 0x0, 0x0, 0x0, 0x0,
    0x7f, 0xff, 0xe0, 0x0, 0x0, 0x0, 0x0, 0x3,
    0xff, 0xff, 0x0, 0x0, 0x0, 0x0, 0x0, 0x1f,
    0xff, 0xf8, 0x0, 0x0, 0x0, 0x0, 0x0, 0xff,
    0xff, 0xc0, 0x0, 0x0, 0x0, 0x0, 0x7, 0xff,
    0xfe, 0x0, 0x0, 0x0, 0x0, 0x0, 0x3f, 0xff,
    0xf0, 0x0, 0x0, 0x0, 0x0, 0x1, 0xff, 0xff,
    0x80, 0xf, 0xfe, 0x0, 0x0, 0xf, 0xff, 0xfc,
    0x3, 0xff, 0xff, 0x0, 0x0, 0x7f, 0xff, 0xe0,
    0x7f, 0xff, 0xfe, 0x0, 0x3, 0xff, 0xff, 0xf,
    0xff, 0xff, 0xfc, 0x0, 0x1f, 0xff, 0xf8, 0xff,
    0xff, 0xff, 0xf0, 0x0, 0xff, 0xff, 0xcf, 0xff,
    0xff, 0xff, 0xe0, 0x7, 0xff, 0xfe, 0xff, 0xff,
    0xff, 0xff, 0x80, 0x3f, 0xff, 0xff, 0xff, 0xff,
    0xff, 0xfe, 0x1, 0xff, 0xff, 0xff, 0xff, 0xff,
    0xff, 0xf8, 0xf, 0xff, 0xff, 0xff, 0xff, 0xff,
    0xff, 0xc0, 0x7f, 0xff, 0xff, 0xff, 0xff, 0xff,
    0xff, 0x3, 0xff, 0xff, 0xff, 0xff, 0xff, 0xff,
    0xfc, 0x1f, 0xff, 0xff, 0xff, 0xff, 0xff, 0xff,
    0xe0, 0xff, 0xff, 0xff, 0xff, 0xff, 0xff, 0xff,
    0x87, 0xff, 0xff, 0xfe, 0x3, 0xff, 0xff, 0xfc,
    0x3f, 0xff, 0xff, 0x80, 0x3, 0xff, 0xff, 0xf1,
    0xff, 0xff, 0xf0, 0x0, 0xf, 0xff, 0xff, 0x8f,
    0xff, 0xff, 0x0, 0x0, 0x3f, 0xff, 0xfc, 0x7f,
    0xff, 0xf0, 0x0, 0x0, 0xff, 0xff, 0xf3, 0xff,
    0xff, 0x80, 0x0, 0x3, 0xff, 0xff, 0x9f, 0xff,
    0xf8, 0x0, 0x0, 0x1f, 0xff, 0xfc, 0xff, 0xff,
    0xc0, 0x0, 0x0, 0x7f, 0xff, 0xf7, 0xff, 0xfe,
    0x0, 0x0, 0x3, 0xff, 0xff, 0xbf, 0xff, 0xf0,
    0x0, 0x0, 0xf, 0xff, 0xfd, 0xff, 0xff, 0x80,
    0x0, 0x0, 0x7f, 0xff, 0xef, 0xff, 0xfc, 0x0,
    0x0, 0x3, 0xff, 0xff, 0x7f, 0xff, 0xe0, 0x0,
    0x0, 0x1f, 0xff, 0xff, 0xff, 0xff, 0x0, 0x0,
    0x0, 0xff, 0xff, 0xff, 0xff, 0xf8, 0x0, 0x0,
    0x3, 0xff, 0xff, 0xff, 0xff, 0xc0, 0x0, 0x0,
    0x1f, 0xff, 0xff, 0xff, 0xfe, 0x0, 0x0, 0x0,
    0xff, 0xff, 0xff, 0xff, 0xf0, 0x0, 0x0, 0x7,
    0xff, 0xff, 0xff, 0xff, 0x80, 0x0, 0x0, 0x3f,
    0xff, 0xff, 0xff, 0xfc, 0x0, 0x0, 0x1, 0xff,
    0xff, 0xff, 0xff, 0xe0, 0x0, 0x0, 0xf, 0xff,
    0xff, 0xff, 0xff, 0x0, 0x0, 0x0, 0x7f, 0xff,
    0xff, 0xff, 0xf8, 0x0, 0x0, 0x3, 0xff, 0xff,
    0xff, 0xff, 0xc0, 0x0, 0x0, 0x1f, 0xff, 0xff,
    0xff, 0xfe, 0x0, 0x0, 0x0, 0xff, 0xff, 0xff,
    0xff, 0xf0, 0x0, 0x0, 0x7, 0xff, 0xff, 0xff,
    0xff, 0x80, 0x0, 0x0, 0x3f, 0xff, 0xff, 0xff,
    0xfc, 0x0, 0x0, 0x1, 0xff, 0xff, 0xff, 0xff,
    0xe0, 0x0, 0x0, 0x1f, 0xff, 0xff, 0xff, 0xff,
    0x0, 0x0, 0x0, 0xff, 0xff, 0xdf, 0xff, 0xf8,
    0x0, 0x0, 0x7, 0xff, 0xfe, 0xff, 0xff, 0xc0,
    0x0, 0x0, 0x3f, 0xff, 0xf7, 0xff, 0xfe, 0x0,
    0x0, 0x1, 0xff, 0xff, 0xbf, 0xff, 0xf0, 0x0,
    0x0, 0x1f, 0xff, 0xfd, 0xff, 0xff, 0x80, 0x0,
    0x0, 0xff, 0xff, 0xcf, 0xff, 0xfc, 0x0, 0x0,
    0xf, 0xff, 0xfe, 0x7f, 0xff, 0xf0, 0x0, 0x0,
    0x7f, 0xff, 0xf3, 0xff, 0xff, 0x80, 0x0, 0x7,
    0xff, 0xff, 0x9f, 0xff, 0xfe, 0x0, 0x0, 0x7f,
    0xff, 0xf8, 0xff, 0xff, 0xf8, 0x0, 0x7, 0xff,
    0xff, 0xc7, 0xff, 0xff, 0xf0, 0x0, 0x7f, 0xff,
    0xfc, 0x3f, 0xff, 0xff, 0xf0, 0xf, 0xff, 0xff,
    0xe1, 0xff, 0xff, 0xff, 0xff, 0xff, 0xff, 0xfe,
    0xf, 0xff, 0xff, 0xff, 0xff, 0xff, 0xff, 0xf0,
    0x7f, 0xff, 0xff, 0xff, 0xff, 0xff, 0xff, 0x3,
    0xff, 0xff, 0xff, 0xff, 0xff, 0xff, 0xf8, 0x1f,
    0xff, 0xff, 0xff, 0xff, 0xff, 0xff, 0x80, 0xff,
    0xff, 0xff, 0xff, 0xff, 0xff, 0xf8, 0x7, 0xff,
    0xff, 0xff, 0xff, 0xff, 0xff, 0x80, 0x3f, 0xff,
    0xf7, 0xff, 0xff, 0xff, 0xf8, 0x1, 0xff, 0xff,
    0x9f, 0xff, 0xff, 0xff, 0x80, 0xf, 0xff, 0xfc,
    0x7f, 0xff, 0xff, 0xf8, 0x0, 0x7f, 0xff, 0xe1,
    0xff, 0xff, 0xff, 0x80, 0x3, 0xff, 0xff, 0x3,
    0xff, 0xff, 0xf0, 0x0, 0x1f, 0xff, 0xf8, 0x7,
    0xff, 0xfe, 0x0, 0x0, 0xff, 0xff, 0xc0, 0x3,
    0xff, 0x0, 0x0, 0x7, 0xff, 0xfe, 0x0, 0x0,
    0x0, 0x0, 0x0, 0x3f, 0xff, 0xf0, 0x0, 0x0,
    0x0, 0x0, 0x1, 0xff, 0xff, 0x80, 0x0, 0x0,
    0x0, 0x0, 0xf, 0xff, 0xfc, 0x0, 0x0, 0x0,
    0x0, 0x0, 0x7f, 0xff, 0xe0, 0x0, 0x0, 0x0,
    0x0, 0x3, 0xff, 0xff, 0x0, 0x0, 0x0, 0x0,
    0x0, 0x1f, 0xff, 0xf8, 0x0, 0x0, 0x0, 0x0,
    0x0, 0xff, 0xff, 0xc0, 0x0, 0x0, 0x0, 0x0,
    0x7, 0xff, 0xfe, 0x0, 0x0, 0x0, 0x0, 0x0,
    0x3f, 0xff, 0xf0, 0x0, 0x0, 0x0, 0x0, 0x1,
    0xff, 0xff, 0x80, 0x0, 0x0, 0x0, 0x0, 0xf,
    0xff, 0xfc, 0x0, 0x0, 0x0, 0x0, 0x0, 0x7f,
    0xff, 0xe0, 0x0, 0x0, 0x0, 0x0, 0x3, 0xff,
    0xff, 0x0, 0x0, 0x0, 0x0, 0x0, 0x1f, 0xff,
    0xf8, 0x0, 0x0, 0x0, 0x0, 0x0, 0xff, 0xff,
    0xc0, 0x0, 0x0, 0x0, 0x0, 0x7, 0xff, 0xfe,
    0x0, 0x0, 0x0, 0x0, 0x0, 0x3f, 0xff, 0xf0,
    0x0, 0x0, 0x0, 0x0, 0x1, 0xff, 0xff, 0x80,
    0x0, 0x0, 0x0, 0x0, 0xf, 0xff, 0xfc, 0x0,
    0x0, 0x0, 0x0, 0x0, 0x7f, 0xff, 0xe0, 0x0,
    0x0, 0x0, 0x0, 0x3, 0xff, 0xff, 0x0, 0x0,
    0x0, 0x0, 0x0, 0x1f, 0xff, 0xf8, 0x0, 0x0,
    0x0, 0x0, 0x0, 0xff, 0xff, 0xc0, 0x0, 0x0,
    0x0, 0x0, 0x7, 0xff, 0xfe, 0x0, 0x0, 0x0,
    0x0, 0x0, 0x0,

    /* U+00FF "ÿ" */
    0x0, 0x7, 0xf0, 0x0, 0x0, 0xf, 0xe0, 0x0,
    0x0, 0x1f, 0xfc, 0x0, 0x0, 0x3f, 0xf8, 0x0,
    0x0, 0x3f, 0xfe, 0x0, 0x0, 0x7f, 0xfc, 0x0,
    0x0, 0x7f, 0xff, 0x0, 0x0, 0xff, 0xfe, 0x0,
    0x0, 0x7f, 0xff, 0x0, 0x0, 0xff, 0xfe, 0x0,
    0x0, 0xff, 0xff, 0x80, 0x1, 0xff, 0xff, 0x0,
    0x0, 0xff, 0xff, 0x80, 0x1, 0xff, 0xff, 0x0,
    0x0, 0xff, 0xff, 0x80, 0x1, 0xff, 0xff, 0x0,
    0x0, 0xff, 0xff, 0x80, 0x1, 0xff, 0xff, 0x0,
    0x0, 0xff, 0xff, 0x80, 0x1, 0xff, 0xff, 0x0,
    0x0, 0x7f, 0xff, 0x0, 0x0, 0xff, 0xfe, 0x0,
    0x0, 0x7f, 0xff, 0x0, 0x0, 0xff, 0xfe, 0x0,
    0x0, 0x3f, 0xfe, 0x0, 0x0, 0x7f, 0xfc, 0x0,
    0x0, 0x1f, 0xfc, 0x0, 0x0, 0x3f, 0xf8, 0x0,
    0x0, 0x7, 0xf0, 0x0, 0x0, 0xf, 0xe0, 0x0,
    0x0, 0x0, 0x0, 0x0, 0x0, 0x0, 0x0, 0x0,
    0x0, 0x0, 0x0, 0x0, 0x0, 0x0, 0x0, 0x0,
    0x0, 0x0, 0x0, 0x0, 0x0, 0x0, 0x0, 0x0,
    0x0, 0x0, 0x0, 0x0, 0x0, 0x0, 0x0, 0x0,
    0x0, 0x0, 0x0, 0x0, 0x0, 0x0, 0x0, 0x0,
    0x0, 0x0, 0x0, 0x0, 0x0, 0x0, 0x0, 0x0,
    0x0, 0x0, 0x0, 0x0, 0x0, 0x0, 0x0, 0x0,
    0x0, 0x0, 0x0, 0x0, 0x0, 0x0, 0x0, 0x0,
    0x0, 0x0, 0x0, 0x0, 0x0, 0x0, 0x0, 0x0,
    0x0, 0x0, 0x0, 0x0, 0x0, 0x0, 0x0, 0x0,
    0xff, 0xff, 0xe0, 0x0, 0x0, 0xf, 0xff, 0xff,
    0xff, 0xff, 0xe0, 0x0, 0x0, 0xf, 0xff, 0xfe,
    0x7f, 0xff, 0xf0, 0x0, 0x0, 0xf, 0xff, 0xfe,
    0x7f, 0xff, 0xf0, 0x0, 0x0, 0xf, 0xff, 0xfe,
    0x7f, 0xff, 0xf0, 0x0, 0x0, 0x1f, 0xff, 0xfc,
    0x3f, 0xff, 0xf0, 0x0, 0x0, 0x1f, 0xff, 0xfc,
    0x3f, 0xff, 0xf8, 0x0, 0x0, 0x1f, 0xff, 0xfc,
    0x3f, 0xff, 0xf8, 0x0, 0x0, 0x3f, 0xff, 0xf8,
    0x1f, 0xff, 0xf8, 0x0, 0x0, 0x3f, 0xff, 0xf8,
    0x1f, 0xff, 0xfc, 0x0, 0x0, 0x3f, 0xff, 0xf8,
    0x1f, 0xff, 0xfc, 0x0, 0x0, 0x7f, 0xff, 0xf0,
    0xf, 0xff, 0xfc, 0x0, 0x0, 0x7f, 0xff, 0xf0,
    0xf, 0xff, 0xfe, 0x0, 0x0, 0x7f, 0xff, 0xe0,
    0xf, 0xff, 0xfe, 0x0, 0x0, 0x7f, 0xff, 0xe0,
    0x7, 0xff, 0xfe, 0x0, 0x0, 0xff, 0xff, 0xe0,
    0x7, 0xff, 0xff, 0x0, 0x0, 0xff, 0xff, 0xc0,
    0x7, 0xff, 0xff, 0x0, 0x0, 0xff, 0xff, 0xc0,
    0x3, 0xff, 0xff, 0x0, 0x1, 0xff, 0xff, 0xc0,
    0x3, 0xff, 0xff, 0x0, 0x1, 0xff, 0xff, 0x80,
    0x3, 0xff, 0xff, 0x80, 0x1, 0xff, 0xff, 0x80,
    0x1, 0xff, 0xff, 0x80, 0x1, 0xff, 0xff, 0x80,
    0x1, 0xff, 0xff, 0x80, 0x3, 0xff, 0xff, 0x0,
    0x1, 0xff, 0xff, 0xc0, 0x3, 0xff, 0xff, 0x0,
    0x0, 0xff, 0xff, 0xc0, 0x3, 0xff, 0xff, 0x0,
    0x0, 0xff, 0xff, 0xc0, 0x7, 0xff, 0xfe, 0x0,
    0x0, 0x7f, 0xff, 0xe0, 0x7, 0xff, 0xfe, 0x0,
    0x0, 0x7f, 0xff, 0xe0, 0x7, 0xff, 0xfe, 0x0,
    0x0, 0x7f, 0xff, 0xe0, 0xf, 0xff, 0xfc, 0x0,
    0x0, 0x3f, 0xff, 0xe0, 0xf, 0xff, 0xfc, 0x0,
    0x0, 0x3f, 0xff, 0xf0, 0xf, 0xff, 0xfc, 0x0,
    0x0, 0x3f, 0xff, 0xf0, 0xf, 0xff, 0xf8, 0x0,
    0x0, 0x1f, 0xff, 0xf0, 0x1f, 0xff, 0xf8, 0x0,
    0x0, 0x1f, 0xff, 0xf8, 0x1f, 0xff, 0xf8, 0x0,
    0x0, 0x1f, 0xff, 0xf8, 0x1f, 0xff, 0xf0, 0x0,
    0x0, 0xf, 0xff, 0xf8, 0x3f, 0xff, 0xf0, 0x0,
    0x0, 0xf, 0xff, 0xfc, 0x3f, 0xff, 0xe0, 0x0,
    0x0, 0xf, 0xff, 0xfc, 0x3f, 0xff, 0xe0, 0x0,
    0x0, 0x7, 0xff, 0xfc, 0x7f, 0xff, 0xe0, 0x0,
    0x0, 0x7, 0xff, 0xfe, 0x7f, 0xff, 0xc0, 0x0,
    0x0, 0x7, 0xff, 0xfe, 0x7f, 0xff, 0xc0, 0x0,
    0x0, 0x3, 0xff, 0xfe, 0x7f, 0xff, 0xc0, 0x0,
    0x0, 0x3, 0xff, 0xfe, 0xff, 0xff, 0x80, 0x0,
    0x0, 0x3, 0xff, 0xff, 0xff, 0xff, 0x80, 0x0,
    0x0, 0x1, 0xff, 0xff, 0xff, 0xff, 0x80, 0x0,
    0x0, 0x1, 0xff, 0xff, 0xff, 0xff, 0x0, 0x0,
    0x0, 0x1, 0xff, 0xff, 0xff, 0xff, 0x0, 0x0,
    0x0, 0x0, 0xff, 0xff, 0xff, 0xff, 0x0, 0x0,
    0x0, 0x0, 0xff, 0xff, 0xff, 0xfe, 0x0, 0x0,
    0x0, 0x0, 0xff, 0xff, 0xff, 0xfe, 0x0, 0x0,
    0x0, 0x0, 0x7f, 0xff, 0xff, 0xfe, 0x0, 0x0,
    0x0, 0x0, 0x7f, 0xff, 0xff, 0xfc, 0x0, 0x0,
    0x0, 0x0, 0x7f, 0xff, 0xff, 0xfc, 0x0, 0x0,
    0x0, 0x0, 0x3f, 0xff, 0xff, 0xfc, 0x0, 0x0,
    0x0, 0x0, 0x3f, 0xff, 0xff, 0xf8, 0x0, 0x0,
    0x0, 0x0, 0x1f, 0xff, 0xff, 0xf8, 0x0, 0x0,
    0x0, 0x0, 0x1f, 0xff, 0xff, 0xf0, 0x0, 0x0,
    0x0, 0x0, 0x1f, 0xff, 0xff, 0xf0, 0x0, 0x0,
    0x0, 0x0, 0xf, 0xff, 0xff, 0xf0, 0x0, 0x0,
    0x0, 0x0, 0xf, 0xff, 0xff, 0xe0, 0x0, 0x0,
    0x0, 0x0, 0xf, 0xff, 0xff, 0xe0, 0x0, 0x0,
    0x0, 0x0, 0x7, 0xff, 0xff, 0xe0, 0x0, 0x0,
    0x0, 0x0, 0x7, 0xff, 0xff, 0xc0, 0x0, 0x0,
    0x0, 0x0, 0x7, 0xff, 0xff, 0xc0, 0x0, 0x0,
    0x0, 0x0, 0x3, 0xff, 0xff, 0xc0, 0x0, 0x0,
    0x0, 0x0, 0x3, 0xff, 0xff, 0x80, 0x0, 0x0,
    0x0, 0x0, 0x3, 0xff, 0xff, 0x80, 0x0, 0x0,
    0x0, 0x0, 0x1, 0xff, 0xff, 0x80, 0x0, 0x0,
    0x0, 0x0, 0x1, 0xff, 0xff, 0x0, 0x0, 0x0,
    0x0, 0x0, 0x1, 0xff, 0xff, 0x0, 0x0, 0x0,
    0x0, 0x0, 0x1, 0xff, 0xff, 0x0, 0x0, 0x0,
    0x0, 0x0, 0x1, 0xff, 0xfe, 0x0, 0x0, 0x0,
    0x0, 0x0, 0x3, 0xff, 0xfe, 0x0, 0x0, 0x0,
    0x0, 0x0, 0x3, 0xff, 0xfe, 0x0, 0x0, 0x0,
    0x0, 0x0, 0x3, 0xff, 0xfc, 0x0, 0x0, 0x0,
    0x0, 0x0, 0x7, 0xff, 0xfc, 0x0, 0x0, 0x0,
    0x0, 0x0, 0x7, 0xff, 0xf8, 0x0, 0x0, 0x0,
    0x0, 0x0, 0xf, 0xff, 0xf8, 0x0, 0x0, 0x0,
    0x0, 0x0, 0x1f, 0xff, 0xf8, 0x0, 0x0, 0x0,
    0x0, 0x0, 0x1f, 0xff, 0xf0, 0x0, 0x0, 0x0,
    0x0, 0x0, 0x7f, 0xff, 0xf0, 0x0, 0x0, 0x0,
    0x0, 0x1, 0xff, 0xff, 0xf0, 0x0, 0x0, 0x0,
    0x1, 0xff, 0xff, 0xff, 0xe0, 0x0, 0x0, 0x0,
    0x1, 0xff, 0xff, 0xff, 0xe0, 0x0, 0x0, 0x0,
    0x1, 0xff, 0xff, 0xff, 0xc0, 0x0, 0x0, 0x0,
    0x1, 0xff, 0xff, 0xff, 0xc0, 0x0, 0x0, 0x0,
    0x1, 0xff, 0xff, 0xff, 0x80, 0x0, 0x0, 0x0,
    0x1, 0xff, 0xff, 0xff, 0x0, 0x0, 0x0, 0x0,
    0x1, 0xff, 0xff, 0xff, 0x0, 0x0, 0x0, 0x0,
    0x1, 0xff, 0xff, 0xfe, 0x0, 0x0, 0x0, 0x0,
    0x1, 0xff, 0xff, 0xfc, 0x0, 0x0, 0x0, 0x0,
    0x1, 0xff, 0xff, 0xf8, 0x0, 0x0, 0x0, 0x0,
    0x1, 0xff, 0xff, 0xe0, 0x0, 0x0, 0x0, 0x0,
    0x1, 0xff, 0xff, 0xc0, 0x0, 0x0, 0x0, 0x0,
    0x1, 0xff, 0xff, 0x0, 0x0, 0x0, 0x0, 0x0,
    0x0, 0x3f, 0xf8, 0x0, 0x0, 0x0, 0x0, 0x0,

    /* U+2000 " " */
    0x0,

    /* U+2001 " " */
    0x0,

    /* U+2002 " " */
    0x0,

    /* U+2003 " " */
    0x0,

    /* U+2004 " " */
    0x0,

    /* U+2005 " " */
    0x0,

    /* U+2006 " " */
    0x0,

    /* U+2007 " " */
    0x0,

    /* U+2008 " " */
    0x0,

    /* U+2009 " " */
    0x0,

    /* U+200A " " */
    0x0,

    /* U+200B "​" */
    0x0,

    /* U+2010 "‐" */
    0xff, 0xff, 0xff, 0xff, 0xff, 0xff, 0xff, 0xff,
    0xff, 0xff, 0xff, 0xff, 0xff, 0xff, 0xff, 0xff,
    0xff, 0xff, 0xff, 0xff, 0xff, 0xff, 0xff, 0xff,
    0xff, 0xff, 0xff, 0xff, 0xff, 0xff, 0xff, 0xff,
    0xff, 0xff, 0xff, 0xff, 0xff, 0xff, 0xff, 0xff,
    0xff, 0xff, 0xff, 0xff, 0xff, 0xff, 0xff, 0xff,
    0xff, 0xff, 0xff, 0xff, 0xff, 0xff, 0xff, 0xff,
    0xff, 0xff, 0xff, 0xff, 0xff, 0xc0,

    /* U+2011 "‑" */
    0xff, 0xff, 0xff, 0xff, 0xff, 0xff, 0xff, 0xff,
    0xff, 0xff, 0xff, 0xff, 0xff, 0xff, 0xff, 0xff,
    0xff, 0xff, 0xff, 0xff, 0xff, 0xff, 0xff, 0xff,
    0xff, 0xff, 0xff, 0xff, 0xff, 0xff, 0xff, 0xff,
    0xff, 0xff, 0xff, 0xff, 0xff, 0xff, 0xff, 0xff,
    0xff, 0xff, 0xff, 0xff, 0xff, 0xff, 0xff, 0xff,
    0xff, 0xff, 0xff, 0xff, 0xff, 0xff, 0xff, 0xff,
    0xff, 0xff, 0xff, 0xff, 0xff, 0xc0,

    /* U+2013 "–" */
    0xff, 0xff, 0xff, 0xff, 0xff, 0xff, 0xff, 0xff,
    0xff, 0xff, 0xff, 0xff, 0xff, 0xff, 0xff, 0xff,
    0xff, 0xff, 0xff, 0xff, 0xff, 0xff, 0xff, 0xff,
    0xff, 0xff, 0xff, 0xff, 0xff, 0xff, 0xff, 0xff,
    0xff, 0xff, 0xff, 0xff, 0xff, 0xff, 0xff, 0xff,
    0xff, 0xff, 0xff, 0xff, 0xff, 0xff, 0xff, 0xff,
    0xff, 0xff, 0xff, 0xff, 0xff, 0xff, 0xff, 0xff,
    0xff, 0xff, 0xff, 0xff, 0xff, 0xff, 0xff, 0xff,
    0xff, 0xff, 0xff, 0xff, 0xff, 0xff, 0xff, 0xff,
    0xff, 0xff, 0xff, 0xff, 0xff, 0xff, 0xff, 0xff,
    0xff, 0xff, 0xff, 0xff, 0xff, 0xff, 0xff, 0xff,
    0xff, 0xff, 0xff, 0xff, 0xff, 0xff, 0xff, 0xff,
    0xff, 0xff, 0xff, 0xff, 0xff, 0xff, 0xff, 0xff,
    0xff, 0xff, 0xff, 0xff, 0xff, 0xff, 0xff, 0xff,
    0xff, 0xfc,

    /* U+2014 "—" */
    0xff, 0xff, 0xff, 0xff, 0xff, 0xff, 0xff, 0xff,
    0xff, 0xff, 0xff, 0xff, 0xff, 0xff, 0xff, 0xff,
    0xff, 0xff, 0xff, 0xff, 0xff, 0xff, 0xff, 0xff,
    0xff, 0xff, 0xff, 0xff, 0xff, 0xff, 0xff, 0xff,
    0xff, 0xff, 0xff, 0xff, 0xff, 0xff, 0xff, 0xff,
    0xff, 0xff, 0xff, 0xff, 0xff, 0xff, 0xff, 0xff,
    0xff, 0xff, 0xff, 0xff, 0xff, 0xff, 0xff, 0xff,
    0xff, 0xff, 0xff, 0xff, 0xff, 0xff, 0xff, 0xff,
    0xff, 0xff, 0xff, 0xff, 0xff, 0xff, 0xff, 0xff,
    0xff, 0xff, 0xff, 0xff, 0xff, 0xff, 0xff, 0xff,
    0xff, 0xff, 0xff, 0xff, 0xff, 0xff, 0xff, 0xff,
    0xff, 0xff, 0xff, 0xff, 0xff, 0xff, 0xff, 0xff,
    0xff, 0xff, 0xff, 0xff, 0xff, 0xff, 0xff, 0xff,
    0xff, 0xff, 0xff, 0xff, 0xff, 0xff, 0xff, 0xff,
    0xff, 0xff, 0xff, 0xff, 0xff, 0xff, 0xff, 0xff,
    0xff, 0xff, 0xff, 0xff, 0xff, 0xff, 0xff, 0xff,
    0xff, 0xff, 0xff, 0xff, 0xff, 0xff, 0xff, 0xff,
    0xff, 0xff, 0xff, 0xff, 0xff, 0xff, 0xff, 0xff,
    0xff, 0xff, 0xff, 0xff, 0xff, 0xff, 0xf0,

    /* U+2015 "―" */
    0xff, 0xff, 0xff, 0xff, 0xff, 0xff, 0xff, 0xff,
    0xff, 0xff, 0xff, 0xff, 0xff, 0xff, 0xff, 0xff,
    0xff, 0xff, 0xff, 0xff, 0xff, 0xff, 0xff, 0xff,
    0xff, 0xff, 0xff, 0xff, 0xff, 0xff, 0xff, 0xff,
    0xff, 0xff, 0xff, 0xff, 0xff, 0xff, 0xff, 0xff,
    0xff, 0xff, 0xff, 0xff, 0xff, 0xff, 0xff, 0xff,
    0xff, 0xff, 0xff, 0xff, 0xff, 0xff, 0xff, 0xff,
    0xff, 0xff, 0xff, 0xff, 0xff, 0xff, 0xff, 0xff,
    0xff, 0xff, 0xff, 0xff, 0xff, 0xff, 0xff, 0xff,
    0xff, 0xff, 0xff, 0xff, 0xff, 0xff, 0xff, 0xff,
    0xff, 0xff, 0xff, 0xff, 0xff, 0xff, 0xff, 0xff,
    0xff, 0xff, 0xff, 0xff, 0xff, 0xff, 0xff, 0xff,
    0xff, 0xff, 0xff, 0xff, 0xff, 0xff, 0xff, 0xff,
    0xff, 0xff, 0xff, 0xff, 0xff, 0xff, 0xff, 0xff,
    0xff, 0xff, 0xff, 0xff, 0xff, 0xff, 0xff, 0xff,
    0xff, 0xff, 0xff, 0xff, 0xff, 0xff, 0xff, 0xff,
    0xff, 0xff, 0xff, 0xff, 0xff, 0xff, 0xff, 0xff,
    0xff, 0xff, 0xff, 0xff, 0xff, 0xff, 0xff, 0xff,
    0xff, 0xff, 0xff, 0xff, 0xff, 0xff, 0xf0,

    /* U+2017 "‗" */
    0xff, 0xff, 0xff, 0xff, 0xff, 0xff, 0xff, 0xff,
    0xff, 0xff, 0xff, 0xff, 0xff, 0xff, 0xff, 0xff,
    0xff, 0xff, 0xff, 0xff, 0xff, 0xff, 0xff, 0xff,
    0xff, 0xff, 0xff, 0xff, 0xff, 0xff, 0xff, 0xff,
    0xff, 0xff, 0xff, 0xff, 0xff, 0xff, 0xff, 0xff,
    0xff, 0xff, 0xff, 0xff, 0xff, 0xff, 0xff, 0xff,
    0xff, 0xff, 0xff, 0xff, 0xff, 0xff, 0xff, 0xff,
    0xff, 0xff, 0xff, 0xff, 0xff, 0xff, 0xff, 0xff,
    0x80, 0x0, 0x0, 0x0, 0x0, 0x0, 0x0, 0x0,
    0x0, 0x0, 0x0, 0x0, 0x0, 0x0, 0x0, 0x0,
    0x0, 0x0, 0x0, 0x0, 0x0, 0x0, 0x0, 0x0,
    0x0, 0x0, 0x0, 0x0, 0x0, 0x0, 0x0, 0x0,
    0x0, 0x0, 0x0, 0x0, 0x0, 0x0, 0x0, 0x0,
    0x0, 0x0, 0x0, 0x0, 0x0, 0x0, 0x0, 0x0,
    0x0, 0x0, 0x0, 0x0, 0x0, 0x0, 0x0, 0x0,
    0x0, 0x7f, 0xff, 0xff, 0xff, 0xff, 0xff, 0xff,
    0xff, 0xff, 0xff, 0xff, 0xff, 0xff, 0xff, 0xff,
    0xff, 0xff, 0xff, 0xff, 0xff, 0xff, 0xff, 0xff,
    0xff, 0xff, 0xff, 0xff, 0xff, 0xff, 0xff, 0xff,
    0xff, 0xff, 0xff, 0xff, 0xff, 0xff, 0xff, 0xff,
    0xff, 0xff, 0xff, 0xff, 0xff, 0xff, 0xff, 0xff,
    0xff, 0xff, 0xff, 0xff, 0xff, 0xff, 0xff, 0xff,
    0xff, 0xff, 0xff, 0xff, 0xff, 0xff, 0xff, 0xff,
    0xff, 0xc0,

    /* U+2018 "‘" */
    0x0, 0x38, 0x0, 0x7, 0xc0, 0x0, 0xff, 0x0,
    0x1f, 0xfc, 0x1, 0xff, 0xe0, 0x3f, 0xfe, 0x7,
    0xff, 0xc0, 0x7f, 0xfc, 0xf, 0xff, 0x80, 0xff,
    0xf8, 0x1f, 0xff, 0x1, 0xff, 0xf0, 0x3f, 0xff,
    0x3, 0xff, 0xe0, 0x7f, 0xfe, 0x7, 0xff, 0xe0,
    0x7f, 0xfe, 0x7, 0xff, 0xc0, 0xff, 0xfc, 0xf,
    0xff, 0xc0, 0xff, 0xfc, 0xf, 0xff, 0xc0, 0xff,
    0xfc, 0xf, 0xff, 0xc0, 0xff, 0xfc, 0xf, 0xff,
    0xc0, 0xff, 0xfc, 0xf, 0xff, 0xc0, 0xff, 0xfc,
    0xf, 0xff, 0xc0, 0xff, 0xfc, 0xf, 0xff, 0xc0,

    /* U+2019 "’" */
    0x3, 0xff, 0xf0, 0x3f, 0xff, 0x3, 0xff, 0xf0,
    0x3f, 0xff, 0x3, 0xff, 0xf0, 0x3f, 0xff, 0x3,
    0xff, 0xf0, 0x3f, 0xff, 0x3, 0xff, 0xf0, 0x3f,
    0xff, 0x3, 0xff, 0xf0, 0x3f, 0xff, 0x3, 0xff,
    0xf0, 0x3f, 0xff, 0x3, 0xff, 0xe0, 0x7f, 0xfe,
    0x7, 0xff, 0xe0, 0x7f, 0xfe, 0x7, 0xff, 0xc0,
    0xff, 0xfc, 0xf, 0xff, 0x80, 0xff, 0xf8, 0x1f,
    0xff, 0x1, 0xff, 0xf0, 0x3f, 0xfe, 0x3, 0xff,
    0xe0, 0x7f, 0xfc, 0x7, 0xff, 0x80, 0x3f, 0xf8,
    0x1, 0xff, 0x0, 0x7, 0xe0, 0x0, 0x1c, 0x0,
    0x0, 0x0, 0x0,

    /* U+201A "‚" */
    0x7, 0xff, 0xf0, 0x7f, 0xff, 0x7, 0xff, 0xf0,
    0x7f, 0xff, 0x7, 0xff, 0xf0, 0x7f, 0xff, 0x7,
    0xff, 0xf0, 0x7f, 0xff, 0x7, 0xff, 0xf0, 0x7f,
    0xff, 0x7, 0xff, 0xf0, 0x7f, 0xff, 0x7, 0xff,
    0xf0, 0x7f, 0xff, 0x7, 0xff, 0xf0, 0x7f, 0xfe,
    0xf, 0xff, 0xe0, 0xff, 0xfe, 0xf, 0xff, 0xc0,
    0xff, 0xfc, 0x1f, 0xff, 0xc1, 0xff, 0xf8, 0x1f,
    0xff, 0x83, 0xff, 0xf0, 0x3f, 0xff, 0x7, 0xff,
    0xe0, 0x7f, 0xfc, 0xf, 0xff, 0xc0, 0xff, 0xf8,
    0x3, 0xff, 0x0, 0xf, 0xe0, 0x0, 0x3c, 0x0,
    0x1, 0x80, 0x0,

    /* U+201B "‛" */
    0xff, 0xfc, 0xf, 0xff, 0xc0, 0xff, 0xfc, 0xf,
    0xff, 0xc0, 0xff, 0xfc, 0xf, 0xff, 0xc0, 0xff,
    0xfc, 0xf, 0xff, 0xc0, 0xff, 0xfc, 0xf, 0xff,
    0xc0, 0xff, 0xfc, 0xf, 0xff, 0xc0, 0xff, 0xfc,
    0xf, 0xff, 0xc0, 0x7f, 0xfc, 0x7, 0xff, 0xc0,
    0x7f, 0xfe, 0x7, 0xff, 0xe0, 0x3f, 0xfe, 0x3,
    0xff, 0xf0, 0x3f, 0xff, 0x1, 0xff, 0xf0, 0x1f,
    0xff, 0x80, 0xff, 0xf8, 0x7, 0xff, 0xc0, 0x7f,
    0xfc, 0x3, 0xff, 0xe0, 0x1f, 0xfe, 0x1, 0xff,
    0xc0, 0xf, 0xf0, 0x0, 0x7e, 0x0, 0x3, 0x80,
    0x0, 0x0, 0x0,

    /* U+201C "“" */
    0x0, 0x38, 0x0, 0x1, 0xc0, 0x0, 0x3e, 0x0,
    0x1, 0xf0, 0x0, 0x3f, 0xc0, 0x1, 0xfe, 0x0,
    0x3f, 0xf8, 0x1, 0xff, 0xc0, 0x1f, 0xfe, 0x0,
    0xff, 0xf0, 0x1f, 0xff, 0x0, 0xff, 0xf8, 0x1f,
    0xff, 0x0, 0xff, 0xf8, 0xf, 0xff, 0x80, 0x7f,
    0xfc, 0xf, 0xff, 0x80, 0x7f, 0xfc, 0x7, 0xff,
    0xc0, 0x3f, 0xfe, 0x7, 0xff, 0xc0, 0x3f, 0xfe,
    0x3, 0xff, 0xe0, 0x1f, 0xff, 0x3, 0xff, 0xf0,
    0x1f, 0xff, 0x81, 0xff, 0xf0, 0xf, 0xff, 0x81,
    0xff, 0xf8, 0xf, 0xff, 0xc0, 0xff, 0xfc, 0x7,
    0xff, 0xe0, 0x7f, 0xfe, 0x3, 0xff, 0xf0, 0x3f,
    0xfe, 0x1, 0xff, 0xf0, 0x3f, 0xff, 0x1, 0xff,
    0xf8, 0x1f, 0xff, 0x80, 0xff, 0xfc, 0xf, 0xff,
    0xc0, 0x7f, 0xfe, 0x7, 0xff, 0xe0, 0x3f, 0xff,
    0x3, 0xff, 0xf0, 0x1f, 0xff, 0x81, 0xff, 0xf8,
    0xf, 0xff, 0xc0, 0xff, 0xfc, 0x7, 0xff, 0xe0,
    0x7f, 0xfe, 0x3, 0xff, 0xf0, 0x3f, 0xff, 0x1,
    0xff, 0xf8, 0x1f, 0xff, 0x80, 0xff, 0xfc, 0xf,
    0xff, 0xc0, 0x7f, 0xfe, 0x7, 0xff, 0xe0, 0x3f,
    0xff, 0x3, 0xff, 0xf0, 0x1f, 0xff, 0x81, 0xff,
    0xf8, 0xf, 0xff, 0xc0,

    /* U+201D "”" */
    0x3, 0xff, 0xf0, 0xf, 0xff, 0xc0, 0xff, 0xfc,
    0x3, 0xff, 0xf0, 0x3f, 0xff, 0x0, 0xff, 0xfc,
    0xf, 0xff, 0xc0, 0x3f, 0xff, 0x3, 0xff, 0xf0,
    0xf, 0xff, 0xc0, 0xff, 0xfc, 0x3, 0xff, 0xf0,
    0x3f, 0xff, 0x0, 0xff, 0xfc, 0xf, 0xff, 0xc0,
    0x3f, 0xff, 0x3, 0xff, 0xf0, 0xf, 0xff, 0xc0,
    0xff, 0xfc, 0x3, 0xff, 0xf0, 0x3f, 0xff, 0x0,
    0xff, 0xfc, 0xf, 0xff, 0xc0, 0x3f, 0xff, 0x3,
    0xff, 0xf0, 0xf, 0xff, 0xc0, 0xff, 0xfc, 0x3,
    0xff, 0xf0, 0x3f, 0xfe, 0x0, 0xff, 0xf8, 0x1f,
    0xff, 0x80, 0x7f, 0xfe, 0x7, 0xff, 0xe0, 0x1f,
    0xff, 0x81, 0xff, 0xf8, 0x7, 0xff, 0xe0, 0x7f,
    0xfc, 0x1, 0xff, 0xf0, 0x3f, 0xff, 0x0, 0xff,
    0xfc, 0xf, 0xff, 0x80, 0x3f, 0xfe, 0x3, 0xff,
    0xe0, 0x1f, 0xff, 0x81, 0xff, 0xf0, 0x7, 0xff,
    0xc0, 0x7f, 0xfc, 0x3, 0xff, 0xf0, 0x3f, 0xfe,
    0x0, 0xff, 0xf8, 0xf, 0xff, 0x80, 0x7f, 0xfe,
    0x7, 0xff, 0xc0, 0x1f, 0xff, 0x1, 0xff, 0xe0,
    0xf, 0xff, 0x80, 0x3f, 0xf8, 0x1, 0xff, 0xe0,
    0x7, 0xfc, 0x0, 0x1f, 0xf0, 0x0, 0x7e, 0x0,
    0x1, 0xf8, 0x0, 0x7, 0x0, 0x0, 0x1c, 0x0,
    0x0, 0x0, 0x0, 0x0, 0x0, 0x0,

    /* U+201E "„" */
    0x7, 0xff, 0xf0, 0x3f, 0xff, 0x83, 0xff, 0xf8,
    0x1f, 0xff, 0xc1, 0xff, 0xfc, 0xf, 0xff, 0xe0,
    0xff, 0xfe, 0x7, 0xff, 0xf0, 0x7f, 0xff, 0x3,
    0xff, 0xf8, 0x3f, 0xff, 0x81, 0xff, 0xfc, 0x1f,
    0xff, 0xc0, 0xff, 0xfe, 0xf, 0xff, 0xe0, 0x7f,
    0xff, 0x7, 0xff, 0xf0, 0x3f, 0xff, 0x83, 0xff,
    0xf8, 0x1f, 0xff, 0xc1, 0xff, 0xfc, 0xf, 0xff,
    0xe0, 0xff, 0xfe, 0x7, 0xff, 0xf0, 0x7f, 0xff,
    0x3, 0xff, 0xf8, 0x3f, 0xff, 0x81, 0xff, 0xfc,
    0x1f, 0xff, 0xc0, 0xff, 0xfe, 0xf, 0xff, 0xe0,
    0x7f, 0xff, 0x7, 0xff, 0xf0, 0x3f, 0xff, 0x83,
    0xff, 0xf0, 0x1f, 0xff, 0x81, 0xff, 0xf8, 0xf,
    0xff, 0xc1, 0xff, 0xfc, 0xf, 0xff, 0xe0, 0xff,
    0xfe, 0x7, 0xff, 0xf0, 0x7f, 0xfe, 0x3, 0xff,
    0xf0, 0x3f, 0xff, 0x1, 0xff, 0xf8, 0x3f, 0xff,
    0x81, 0xff, 0xf8, 0x1f, 0xff, 0x80, 0xff, 0xfc,
    0xf, 0xff, 0xc0, 0x7f, 0xfe, 0xf, 0xff, 0xc0,
    0x7f, 0xfe, 0x7, 0xff, 0xe0, 0x3f, 0xff, 0x3,
    0xff, 0xe0, 0x3f, 0xff, 0x3, 0xff, 0xf0, 0x1f,
    0xff, 0x1, 0xff, 0xf0, 0xf, 0xff, 0x81, 0xff,
    0xf0, 0xf, 0xff, 0x80, 0x3f, 0xf8, 0x1, 0xff,
    0x80, 0xf, 0xf8, 0x0, 0x7f, 0x80, 0x1, 0xf8,
    0x0, 0xf, 0xc0, 0x0, 0x38, 0x0, 0x1, 0xc0,
    0x0, 0x0, 0x0, 0x0, 0x0, 0x0,

    /* U+2020 "†" */
    0x0, 0x0, 0x3, 0xff, 0xff, 0x0, 0x0, 0x0,
    0x0, 0x0, 0xf, 0xff, 0xfc, 0x0, 0x0, 0x0,
    0x0, 0x0, 0x3f, 0xff, 0xf0, 0x0, 0x0, 0x0,
    0x0, 0x0, 0xff, 0xff, 0xc0, 0x0, 0x0, 0x0,
    0x0, 0x3, 0xff, 0xff, 0x0, 0x0, 0x0, 0x0,
    0x0, 0xf, 0xff, 0xfc, 0x0, 0x0, 0x0, 0x0,
    0x0, 0x3f, 0xff, 0xf0, 0x0, 0x0, 0x0, 0x0,
    0x0, 0xff, 0xff, 0xc0, 0x0, 0x0, 0x0, 0x0,
    0x3, 0xff, 0xff, 0x0, 0x0, 0x0, 0x0, 0x0,
    0xf, 0xff, 0xfc, 0x0, 0x0, 0x0, 0x0, 0x0,
    0x3f, 0xff, 0xf0, 0x0, 0x0, 0x0, 0x0, 0x0,
    0xff, 0xff, 0xc0, 0x0, 0x0, 0x0, 0x0, 0x3,
    0xff, 0xff, 0x0, 0x0, 0x0, 0x0, 0x0, 0xf,
    0xff, 0xfc, 0x0, 0x0, 0x0, 0x0, 0x0, 0x3f,
    0xff, 0xf0, 0x0, 0x0, 0x0, 0x0, 0x0, 0xff,
    0xff, 0xc0, 0x0, 0x0, 0x0, 0x0, 0x3, 0xff,
    0xff, 0x0, 0x0, 0x0, 0x0, 0x0, 0xf, 0xff,
    0xfc, 0x0, 0x0, 0x0, 0x0, 0x0, 0x3f, 0xff,
    0xf0, 0x0, 0x0, 0x0, 0x0, 0x0, 0xff, 0xff,
    0xc0, 0x0, 0x0, 0x0, 0x0, 0x3, 0xff, 0xff,
    0x0, 0x0, 0x0, 0x0, 0x0, 0xf, 0xff, 0xfc,
    0x0, 0x0, 0x0, 0x0, 0x0, 0x3f, 0xff, 0xf0,
    0x0, 0x0, 0x0, 0x0, 0x0, 0xff, 0xff, 0xc0,
    0x0, 0x0, 0xff, 0xff, 0xff, 0xff, 0xff, 0xff,
    0xff, 0xff, 0xff, 0xff, 0xff, 0xff, 0xff, 0xff,
    0xff, 0xff, 0xff, 0xff, 0xff, 0xff, 0xff, 0xff,
    0xff, 0xff, 0xff, 0xff, 0xff, 0xff, 0xff, 0xff,
    0xff, 0xff, 0xff, 0xff, 0xff, 0xff, 0xff, 0xff,
    0xff, 0xff, 0xff, 0xff, 0xff, 0xff, 0xff, 0xff,
    0xff, 0xff, 0xff, 0xff, 0xff, 0xff, 0xff, 0xff,
    0xff, 0xff, 0xff, 0xff, 0xff, 0xff, 0xff, 0xff,
    0xff, 0xff, 0xff, 0xff, 0xff, 0xff, 0xff, 0xff,
    0xff, 0xff, 0xff, 0xff, 0xff, 0xff, 0xff, 0xff,
    0xff, 0xff, 0xff, 0xff, 0xff, 0xff, 0xff, 0xff,
    0xff, 0xff, 0xff, 0xff, 0xff, 0xff, 0xff, 0xff,
    0xff, 0xff, 0xff, 0xff, 0xff, 0xff, 0xff, 0xff,
    0xff, 0xff, 0xff, 0xff, 0xff, 0xff, 0xf0, 0x0,
    0x0, 0x3f, 0xff, 0xf0, 0x0, 0x0, 0x0, 0x0,
    0x0, 0xff, 0xff, 0xc0, 0x0, 0x0, 0x0, 0x0,
    0x3, 0xff, 0xff, 0x0, 0x0, 0x0, 0x0, 0x0,
    0xf, 0xff, 0xfc, 0x0, 0x0, 0x0, 0x0, 0x0,
    0x3f, 0xff, 0xf0, 0x0, 0x0, 0x0, 0x0, 0x0,
    0xff, 0xff, 0xc0, 0x0, 0x0, 0x0, 0x0, 0x3,
    0xff, 0xff, 0x0, 0x0, 0x0, 0x0, 0x0, 0xf,
    0xff, 0xfc, 0x0, 0x0, 0x0, 0x0, 0x0, 0x3f,
    0xff, 0xf0, 0x0, 0x0, 0x0, 0x0, 0x0, 0xff,
    0xff, 0xc0, 0x0, 0x0, 0x0, 0x0, 0x3, 0xff,
    0xff, 0x0, 0x0, 0x0, 0x0, 0x0, 0xf, 0xff,
    0xfc, 0x0, 0x0, 0x0, 0x0, 0x0, 0x3f, 0xff,
    0xf0, 0x0, 0x0, 0x0, 0x0, 0x0, 0xff, 0xff,
    0xc0, 0x0, 0x0, 0x0, 0x0, 0x3, 0xff, 0xff,
    0x0, 0x0, 0x0, 0x0, 0x0, 0xf, 0xff, 0xfc,
    0x0, 0x0, 0x0, 0x0, 0x0, 0x3f, 0xff, 0xf0,
    0x0, 0x0, 0x0, 0x0, 0x0, 0xff, 0xff, 0xc0,
    0x0, 0x0, 0x0, 0x0, 0x3, 0xff, 0xff, 0x0,
    0x0, 0x0, 0x0, 0x0, 0xf, 0xff, 0xfc, 0x0,
    0x0, 0x0, 0x0, 0x0, 0x3f, 0xff, 0xf0, 0x0,
    0x0, 0x0, 0x0, 0x0, 0xff, 0xff, 0xc0, 0x0,
    0x0, 0x0, 0x0, 0x3, 0xff, 0xff, 0x0, 0x0,
    0x0, 0x0, 0x0, 0xf, 0xff, 0xfc, 0x0, 0x0,
    0x0, 0x0, 0x0, 0x3f, 0xff, 0xf0, 0x0, 0x0,
    0x0, 0x0, 0x0, 0xff, 0xff, 0xc0, 0x0, 0x0,
    0x0, 0x0, 0x3, 0xff, 0xff, 0x0, 0x0, 0x0,
    0x0, 0x0, 0xf, 0xff, 0xfc, 0x0, 0x0, 0x0,
    0x0, 0x0, 0x3f, 0xff, 0xf0, 0x0, 0x0, 0x0,
    0x0, 0x0, 0xff, 0xff, 0xc0, 0x0, 0x0, 0x0,
    0x0, 0x3, 0xff, 0xff, 0x0, 0x0, 0x0, 0x0,
    0x0, 0xf, 0xff, 0xfc, 0x0, 0x0, 0x0, 0x0,
    0x0, 0x3f, 0xff, 0xf0, 0x0, 0x0, 0x0, 0x0,
    0x0, 0xff, 0xff, 0xc0, 0x0, 0x0, 0x0, 0x0,
    0x3, 0xff, 0xff, 0x0, 0x0, 0x0, 0x0, 0x0,
    0xf, 0xff, 0xfc, 0x0, 0x0, 0x0, 0x0, 0x0,
    0x3f, 0xff, 0xf0, 0x0, 0x0, 0x0, 0x0, 0x0,
    0xff, 0xff, 0xc0, 0x0, 0x0, 0x0, 0x0, 0x3,
    0xff, 0xff, 0x0, 0x0, 0x0, 0x0, 0x0, 0xf,
    0xff, 0xfc, 0x0, 0x0, 0x0, 0x0, 0x0, 0x3f,
    0xff, 0xf0, 0x0, 0x0, 0x0, 0x0, 0x0, 0xff,
    0xff, 0xc0, 0x0, 0x0, 0x0, 0x0, 0x3, 0xff,
    0xff, 0x0, 0x0, 0x0, 0x0, 0x0, 0xf, 0xff,
    0xfc, 0x0, 0x0, 0x0, 0x0, 0x0, 0x3f, 0xff,
    0xf0, 0x0, 0x0, 0x0, 0x0, 0x0, 0xff, 0xff,
    0xc0, 0x0, 0x0, 0x0, 0x0, 0x3, 0xff, 0xff,
    0x0, 0x0, 0x0, 0x0, 0x0, 0xf, 0xff, 0xfc,
    0x0, 0x0, 0x0, 0x0, 0x0, 0x3f, 0xff, 0xf0,
    0x0, 0x0, 0x0, 0x0, 0x0, 0xff, 0xff, 0xc0,
    0x0, 0x0, 0x0, 0x0, 0x3, 0xff, 0xff, 0x0,
    0x0, 0x0, 0x0, 0x0, 0xf, 0xff, 0xfc, 0x0,
    0x0, 0x0, 0x0, 0x0, 0x3f, 0xff, 0xf0, 0x0,
    0x0, 0x0,

    /* U+2021 "‡" */
    0x0, 0x0, 0x3, 0xff, 0xff, 0x0, 0x0, 0x0,
    0x0, 0x0, 0xf, 0xff, 0xfc, 0x0, 0x0, 0x0,
    0x0, 0x0, 0x3f, 0xff, 0xf0, 0x0, 0x0, 0x0,
    0x0, 0x0, 0xff, 0xff, 0xc0, 0x0, 0x0, 0x0,
    0x0, 0x3, 0xff, 0xff, 0x0, 0x0, 0x0, 0x0,
    0x0, 0xf, 0xff, 0xfc, 0x0, 0x0, 0x0, 0x0,
    0x0, 0x3f, 0xff, 0xf0, 0x0, 0x0, 0x0, 0x0,
    0x0, 0xff, 0xff, 0xc0, 0x0, 0x0, 0x0, 0x0,
    0x3, 0xff, 0xff, 0x0, 0x0, 0x0, 0x0, 0x0,
    0xf, 0xff, 0xfc, 0x0, 0x0, 0x0, 0x0, 0x0,
    0x3f, 0xff, 0xf0, 0x0, 0x0, 0x0, 0x0, 0x0,
    0xff, 0xff, 0xc0, 0x0, 0x0, 0x0, 0x0, 0x3,
    0xff, 0xff, 0x0, 0x0, 0x0, 0x0, 0x0, 0xf,
    0xff, 0xfc, 0x0, 0x0, 0x0, 0x0, 0x0, 0x3f,
    0xff, 0xf0, 0x0, 0x0, 0x0, 0x0, 0x0, 0xff,
    0xff, 0xc0, 0x0, 0x0, 0x0, 0x0, 0x3, 0xff,
    0xff, 0x0, 0x0, 0x0, 0x0, 0x0, 0xf, 0xff,
    0xfc, 0x0, 0x0, 0x0, 0x0, 0x0, 0x3f, 0xff,
    0xf0, 0x0, 0x0, 0x0, 0x0, 0x0, 0xff, 0xff,
    0xc0, 0x0, 0x0, 0x0, 0x0, 0x3, 0xff, 0xff,
    0x0, 0x0, 0x0, 0x0, 0x0, 0xf, 0xff, 0xfc,
    0x0, 0x0, 0x0, 0x0, 0x0, 0x3f, 0xff, 0xf0,
    0x0, 0x0, 0x3f, 0xff, 0xff, 0xff, 0xff, 0xff,
    0xff, 0xff, 0xff, 0xff, 0xff, 0xff, 0xff, 0xff,
    0xff, 0xff, 0xff, 0xff, 0xff, 0xff, 0xff, 0xff,
    0xff, 0xff, 0xff, 0xff, 0xff, 0xff, 0xff, 0xff,
    0xff, 0xff, 0xff, 0xff, 0xff, 0xff, 0xff, 0xff,
    0xff, 0xff, 0xff, 0xff, 0xff, 0xff, 0xff, 0xff,
    0xff, 0xff, 0xff, 0xff, 0xff, 0xff, 0xff, 0xff,
    0xff, 0xff, 0xff, 0xff, 0xff, 0xff, 0xff, 0xff,
    0xff, 0xff, 0xff, 0xff, 0xff, 0xff, 0xff, 0xff,
    0xff, 0xff, 0xff, 0xff, 0xff, 0xff, 0xff, 0xff,
    0xff, 0xff, 0xff, 0xff, 0xff, 0xff, 0xff, 0xff,
    0xff, 0xff, 0xff, 0xff, 0xff, 0xff, 0xff, 0xff,
    0xff, 0xff, 0xff, 0xff, 0xff, 0xff, 0xff, 0xff,
    0xff, 0xff, 0xff, 0xff, 0xff, 0xff, 0xfc, 0x0,
    0x0, 0xf, 0xff, 0xfc, 0x0, 0x0, 0x0, 0x0,
    0x0, 0x3f, 0xff, 0xf0, 0x0, 0x0, 0x0, 0x0,
    0x0, 0xff, 0xff, 0xc0, 0x0, 0x0, 0x0, 0x0,
    0x3, 0xff, 0xff, 0x0, 0x0, 0x0, 0x0, 0x0,
    0xf, 0xff, 0xfc, 0x0, 0x0, 0x0, 0x0, 0x0,
    0x3f, 0xff, 0xf0, 0x0, 0x0, 0x0, 0x0, 0x0,
    0xff, 0xff, 0xc0, 0x0, 0x0, 0x0, 0x0, 0x3,
    0xff, 0xff, 0x0, 0x0, 0x0, 0x0, 0x0, 0xf,
    0xff, 0xfc, 0x0, 0x0, 0x0, 0x0, 0x0, 0x3f,
    0xff, 0xf0, 0x0, 0x0, 0x0, 0x0, 0x0, 0xff,
    0xff, 0xc0, 0x0, 0x0, 0x0, 0x0, 0x3, 0xff,
    0xff, 0x0, 0x0, 0x0, 0x0, 0x0, 0xf, 0xff,
    0xfc, 0x0, 0x0, 0x0, 0x0, 0x0, 0x3f, 0xff,
    0xf0, 0x0, 0x0, 0x0, 0x0, 0x0, 0xff, 0xff,
    0xc0, 0x0, 0x0, 0x0, 0x0, 0x3, 0xff, 0xff,
    0x0, 0x0, 0x0, 0x0, 0x0, 0xf, 0xff, 0xfc,
    0x0, 0x0, 0x0, 0x0, 0x0, 0x3f, 0xff, 0xf0,
    0x0, 0x0, 0x0, 0x0, 0x0, 0xff, 0xff, 0xc0,
    0x0, 0x0, 0x0, 0x0, 0x3, 0xff, 0xff, 0x0,
    0x0, 0x0, 0x0, 0x0, 0xf, 0xff, 0xfc, 0x0,
    0x0, 0x0, 0x0, 0x0, 0x3f, 0xff, 0xf0, 0x0,
    0x0, 0x0, 0x0, 0x0, 0xff, 0xff, 0xc0, 0x0,
    0x0, 0x0, 0x0, 0x3, 0xff, 0xff, 0x0, 0x0,
    0x0, 0x0, 0x0, 0xf, 0xff, 0xfc, 0x0, 0x0,
    0x0, 0x0, 0x0, 0x3f, 0xff, 0xf0, 0x0, 0x0,
    0x0, 0x0, 0x0, 0xff, 0xff, 0xc0, 0x0, 0x0,
    0x0, 0x0, 0x3, 0xff, 0xff, 0x0, 0x0, 0x0,
    0x0, 0x0, 0xf, 0xff, 0xfc, 0x0, 0x0, 0x0,
    0x0, 0x0, 0x3f, 0xff, 0xf0, 0x0, 0x0, 0x0,
    0x0, 0x0, 0xff, 0xff, 0xc0, 0x0, 0x0, 0x0,
    0x0, 0x3, 0xff, 0xff, 0x0, 0x0, 0x0, 0x0,
    0x0, 0xf, 0xff, 0xfc, 0x0, 0x0, 0x0, 0x0,
    0x0, 0x3f, 0xff, 0xf0, 0x0, 0x0, 0x0, 0x0,
    0x0, 0xff, 0xff, 0xc0, 0x0, 0x0, 0x0, 0x0,
    0x3, 0xff, 0xff, 0x0, 0x0, 0x0, 0x0, 0x0,
    0xf, 0xff, 0xfc, 0x0, 0x0, 0x0, 0x0, 0x0,
    0x3f, 0xff, 0xf0, 0x0, 0x0, 0x0, 0x0, 0x0,
    0xff, 0xff, 0xc0, 0x0, 0x0, 0x0, 0x0, 0x3,
    0xff, 0xff, 0x0, 0x0, 0x3, 0xff, 0xff, 0xff,
    0xff, 0xff, 0xff, 0xff, 0xff, 0xff, 0xff, 0xff,
    0xff, 0xff, 0xff, 0xff, 0xff, 0xff, 0xff, 0xff,
    0xff, 0xff, 0xff, 0xff, 0xff, 0xff, 0xff, 0xff,
    0xff, 0xff, 0xff, 0xff, 0xff, 0xff, 0xff, 0xff,
    0xff, 0xff, 0xff, 0xff, 0xff, 0xff, 0xff, 0xff,
    0xff, 0xff, 0xff, 0xff, 0xff, 0xff, 0xff, 0xff,
    0xff, 0xff, 0xff, 0xff, 0xff, 0xff, 0xff, 0xff,
    0xff, 0xff, 0xff, 0xff, 0xff, 0xff, 0xff, 0xff,
    0xff, 0xff, 0xff, 0xff, 0xff, 0xff, 0xff, 0xff,
    0xff, 0xff, 0xff, 0xff, 0xff, 0xff, 0xff, 0xff,
    0xff, 0xff, 0xff, 0xff, 0xff, 0xff, 0xff, 0xff,
    0xff, 0xff, 0xff, 0xff, 0xff, 0xff, 0xff, 0xff,
    0xff, 0xff, 0xff, 0xff, 0xff, 0xff, 0xff, 0xff,
    0xff, 0xc0, 0x0, 0x0, 0xff, 0xff, 0xc0, 0x0,
    0x0, 0x0, 0x0, 0x3, 0xff, 0xff, 0x0, 0x0,
    0x0, 0x0, 0x0, 0xf, 0xff, 0xfc, 0x0, 0x0,
    0x0, 0x0, 0x0, 0x3f, 0xff, 0xf0, 0x0, 0x0,
    0x0, 0x0, 0x0, 0xff, 0xff, 0xc0, 0x0, 0x0,
    0x0, 0x0, 0x3, 0xff, 0xff, 0x0, 0x0, 0x0,
    0x0, 0x0, 0xf, 0xff, 0xfc, 0x0, 0x0, 0x0,
    0x0, 0x0, 0x3f, 0xff, 0xf0, 0x0, 0x0, 0x0,
    0x0, 0x0, 0xff, 0xff, 0xc0, 0x0, 0x0, 0x0,
    0x0, 0x3, 0xff, 0xff, 0x0, 0x0, 0x0, 0x0,
    0x0, 0xf, 0xff, 0xfc, 0x0, 0x0, 0x0, 0x0,
    0x0, 0x3f, 0xff, 0xf0, 0x0, 0x0, 0x0, 0x0,
    0x0, 0xff, 0xff, 0xc0, 0x0, 0x0, 0x0, 0x0,
    0x3, 0xff, 0xff, 0x0, 0x0, 0x0, 0x0, 0x0,
    0xf, 0xff, 0xfc, 0x0, 0x0, 0x0, 0x0, 0x0,
    0x3f, 0xff, 0xf0, 0x0, 0x0, 0x0, 0x0, 0x0,
    0xff, 0xff, 0xc0, 0x0, 0x0, 0x0, 0x0, 0x3,
    0xff, 0xff, 0x0, 0x0, 0x0, 0x0, 0x0, 0xf,
    0xff, 0xfc, 0x0, 0x0, 0x0, 0x0, 0x0, 0x3f,
    0xff, 0xf0, 0x0, 0x0, 0x0, 0x0, 0x0, 0xff,
    0xff, 0xc0, 0x0, 0x0, 0x0, 0x0, 0x3, 0xff,
    0xff, 0x0, 0x0, 0x0, 0x0, 0x0, 0xf, 0xff,
    0xfc, 0x0, 0x0, 0x0, 0x0, 0x0, 0x3f, 0xff,
    0xf0, 0x0, 0x0, 0x0, 0x0, 0x0, 0xff, 0xff,
    0xc0, 0x0, 0x0, 0x0, 0x0, 0x3, 0xff, 0xff,
    0x0, 0x0, 0x0,

    /* U+2022 "•" */
    0x0, 0x3f, 0xf0, 0x0, 0x7, 0xff, 0xf8, 0x0,
    0x3f, 0xff, 0xf0, 0x3, 0xff, 0xff, 0xf0, 0x1f,
    0xff, 0xff, 0xe0, 0x7f, 0xff, 0xff, 0x83, 0xff,
    0xff, 0xff, 0x1f, 0xff, 0xff, 0xfe, 0x7f, 0xff,
    0xff, 0xf9, 0xff, 0xff, 0xff, 0xef, 0xff, 0xff,
    0xff, 0xff, 0xff, 0xff, 0xff, 0xff, 0xff, 0xff,
    0xff, 0xff, 0xff, 0xff, 0xff, 0xff, 0xff, 0xff,
    0xff, 0xff, 0xff, 0xff, 0xff, 0xff, 0xff, 0xff,
    0xff, 0xff, 0xff, 0xff, 0xff, 0xff, 0xff, 0xff,
    0xff, 0xff, 0xff, 0x7f, 0xff, 0xff, 0xf9, 0xff,
    0xff, 0xff, 0xe7, 0xff, 0xff, 0xff, 0x8f, 0xff,
    0xff, 0xfc, 0x1f, 0xff, 0xff, 0xe0, 0x7f, 0xff,
    0xff, 0x80, 0xff, 0xff, 0xfc, 0x0, 0xff, 0xff,
    0xc0, 0x1, 0xff, 0xfe, 0x0, 0x0, 0xff, 0xc0,
    0x0,

    /* U+2025 "‥" */
    0x3, 0xfc, 0x0, 0x0, 0xf, 0xf0, 0x3, 0xff,
    0xc0, 0x0, 0xf, 0xff, 0x1, 0xff, 0xf8, 0x0,
    0x7, 0xff, 0xe0, 0xff, 0xff, 0x0, 0x3, 0xff,
    0xfc, 0x7f, 0xff, 0xe0, 0x1, 0xff, 0xff, 0x9f,
    0xff, 0xf8, 0x0, 0x7f, 0xff, 0xef, 0xff, 0xff,
    0x0, 0x3f, 0xff, 0xff, 0xff, 0xff, 0xc0, 0xf,
    0xff, 0xff, 0xff, 0xff, 0xf0, 0x3, 0xff, 0xff,
    0xff, 0xff, 0xfc, 0x0, 0xff, 0xff, 0xff, 0xff,
    0xff, 0x0, 0x3f, 0xff, 0xff, 0xff, 0xff, 0xc0,
    0xf, 0xff, 0xff, 0xff, 0xff, 0xf0, 0x3, 0xff,
    0xff, 0xdf, 0xff, 0xf8, 0x0, 0x7f, 0xff, 0xe7,
    0xff, 0xfe, 0x0, 0x1f, 0xff, 0xf8, 0xff, 0xff,
    0x0, 0x3, 0xff, 0xfc, 0x1f, 0xff, 0x80, 0x0,
    0x7f, 0xfe, 0x3, 0xff, 0xc0, 0x0, 0xf, 0xff,
    0x0, 0x3f, 0xc0, 0x0, 0x0, 0xff, 0x0,

    /* U+2026 "…" */
    0x3, 0xfc, 0x0, 0x0, 0xf, 0xf0, 0x0, 0x0,
    0x7f, 0x80, 0x1f, 0xfe, 0x0, 0x0, 0x7f, 0xf8,
    0x0, 0x3, 0xff, 0xc0, 0x7f, 0xfe, 0x0, 0x1,
    0xff, 0xf8, 0x0, 0xf, 0xff, 0xc1, 0xff, 0xfe,
    0x0, 0x7, 0xff, 0xf8, 0x0, 0x3f, 0xff, 0xc7,
    0xff, 0xfe, 0x0, 0x1f, 0xff, 0xf8, 0x0, 0xff,
    0xff, 0xcf, 0xff, 0xfc, 0x0, 0x3f, 0xff, 0xf0,
    0x1, 0xff, 0xff, 0xbf, 0xff, 0xfc, 0x0, 0xff,
    0xff, 0xf0, 0x7, 0xff, 0xff, 0xff, 0xff, 0xf8,
    0x1, 0xff, 0xff, 0xe0, 0xf, 0xff, 0xff, 0xff,
    0xff, 0xf0, 0x3, 0xff, 0xff, 0xc0, 0x1f, 0xff,
    0xff, 0xff, 0xff, 0xe0, 0x7, 0xff, 0xff, 0x80,
    0x3f, 0xff, 0xff, 0xff, 0xff, 0xc0, 0xf, 0xff,
    0xff, 0x0, 0x7f, 0xff, 0xff, 0xff, 0xff, 0x80,
    0x1f, 0xff, 0xfe, 0x0, 0xff, 0xff, 0xff, 0xff,
    0xff, 0x0, 0x3f, 0xff, 0xfc, 0x1, 0xff, 0xff,
    0xef, 0xff, 0xfc, 0x0, 0x3f, 0xff, 0xf0, 0x1,
    0xff, 0xff, 0x9f, 0xff, 0xf8, 0x0, 0x7f, 0xff,
    0xe0, 0x3, 0xff, 0xff, 0x1f, 0xff, 0xe0, 0x0,
    0x7f, 0xff, 0x80, 0x3, 0xff, 0xfc, 0x1f, 0xff,
    0x80, 0x0, 0x7f, 0xfe, 0x0, 0x3, 0xff, 0xf0,
    0x1f, 0xfe, 0x0, 0x0, 0x7f, 0xf8, 0x0, 0x3,
    0xff, 0xc0, 0xf, 0xf0, 0x0, 0x0, 0x3f, 0xc0,
    0x0, 0x1, 0xfe, 0x0,

    /* U+2027 "‧" */
    0x3, 0xfc, 0x0, 0xff, 0xf0, 0x1f, 0xff, 0x83,
    0xff, 0xfc, 0x7f, 0xff, 0xe7, 0xff, 0xfe, 0xff,
    0xff, 0xff, 0xff, 0xff, 0xff, 0xff, 0xff, 0xff,
    0xff, 0xff, 0xff, 0xff, 0xff, 0xff, 0x7f, 0xff,
    0xe7, 0xff, 0xfe, 0x3f, 0xff, 0xc1, 0xff, 0xf8,
    0xf, 0xff, 0x0, 0x3f, 0xc0,

    /* U+2030 "‰" */
    0x0, 0x3, 0xff, 0x0, 0x0, 0x0, 0x0, 0x0,
    0x0, 0x0, 0x0, 0x0, 0x0, 0x0, 0x0, 0xf,
    0xff, 0xf8, 0x0, 0x0, 0x0, 0x0, 0x0, 0x0,
    0x0, 0x0, 0x0, 0x0, 0x0, 0x1f, 0xff, 0xff,
    0x0, 0x0, 0x0, 0x0, 0x0, 0x0, 0x0, 0x0,
    0x0, 0x0, 0x0, 0x1f, 0xff, 0xff, 0xc0, 0x0,
    0x0, 0x0, 0x0, 0x0, 0x0, 0x0, 0x0, 0x0,
    0x0, 0x3f, 0xff, 0xff, 0xf0, 0x0, 0x0, 0x0,
    0x0, 0x0, 0x0, 0x0, 0x0, 0x0, 0x0, 0x3f,
    0xff, 0xff, 0xfe, 0x0, 0x0, 0x0, 0x0, 0x0,
    0x0, 0x0, 0x0, 0x0, 0x0, 0x3f, 0xff, 0xff,
    0xff, 0x80, 0x0, 0x0, 0x0, 0x0, 0x0, 0x0,
    0x0, 0x0, 0x0, 0x1f, 0xff, 0xff, 0xff, 0xc0,
    0x0, 0x0, 0x0, 0x0, 0x0, 0x0, 0x0, 0x0,
    0x0, 0x1f, 0xff, 0xff, 0xff, 0xf0, 0x0, 0x0,
    0x0, 0x0, 0x0, 0x0, 0x0, 0x0, 0x0, 0x1f,
    0xff, 0xff, 0xff, 0xfc, 0x0, 0x0, 0x0, 0x0,
    0x0, 0x0, 0x0, 0x0, 0x0, 0xf, 0xff, 0xc0,
    0xff, 0xfe, 0x0, 0x0, 0x6, 0x0, 0x0, 0x0,
    0x0, 0x0, 0x0, 0xf, 0xff, 0x80, 0x1f, 0xff,
    0x80, 0x0, 0x7, 0xc0, 0x0, 0x0, 0x0, 0x0,
    0x0, 0x7, 0xff, 0x80, 0x7, 0xff, 0xc0, 0x0,
    0x7, 0xf8, 0x0, 0x0, 0x0, 0x0, 0x0, 0x3,
    0xff, 0x80, 0x1, 0xff, 0xe0, 0x0, 0x3, 0xff,
    0x0, 0x0, 0x0, 0x0, 0x0, 0x3, 0xff, 0xc0,
    0x0, 0xff, 0xf0, 0x0, 0x3, 0xff, 0xc0, 0x0,
    0x0, 0x0, 0x0, 0x1, 0xff, 0xe0, 0x0, 0x7f,
    0xfc, 0x0, 0x1, 0xff, 0xc0, 0x0, 0x0, 0x0,
    0x0, 0x0, 0xff, 0xe0, 0x0, 0x1f, 0xfe, 0x0,
    0x1, 0xff, 0xe0, 0x0, 0x0, 0x0, 0x0, 0x0,
    0x7f, 0xf0, 0x0, 0xf, 0xff, 0x0, 0x1, 0xff,
    0xe0, 0x0, 0x0, 0x0, 0x0, 0x0, 0x3f, 0xf8,
    0x0, 0x7, 0xff, 0x80, 0x0, 0xff, 0xe0, 0x0,
    0x0, 0x0, 0x0, 0x0, 0x1f, 0xfc, 0x0, 0x3,
    0xff, 0xc0, 0x0, 0xff, 0xf0, 0x0, 0x0, 0x0,
    0x0, 0x0, 0xf, 0xfe, 0x0, 0x1, 0xff, 0xe0,
    0x0, 0x7f, 0xf0, 0x0, 0x0, 0x0, 0x0, 0x0,
    0x7, 0xff, 0x0, 0x0, 0xff, 0xf0, 0x0, 0x7f,
    0xf8, 0x0, 0x0, 0x0, 0x0, 0x0, 0x3, 0xff,
    0x80, 0x0, 0x7f, 0xf8, 0x0, 0x7f, 0xf8, 0x0,
    0x0, 0x0, 0x0, 0x0, 0x1, 0xff, 0xc0, 0x0,
    0x3f, 0xfc, 0x0, 0x3f, 0xf8, 0x0, 0x0, 0x0,
    0x0, 0x0, 0x0, 0xff, 0xe0, 0x0, 0x1f, 0xfe,
    0x0, 0x3f, 0xfc, 0x0, 0x0, 0x0, 0x0, 0x0,
    0x0, 0x7f, 0xf0, 0x0, 0xf, 0xff, 0x0, 0x3f,
    0xfc, 0x0, 0x0, 0x0, 0x0, 0x0, 0x0, 0x3f,
    0xf8, 0x0, 0x7, 0xff, 0x80, 0x1f, 0xfe, 0x0,
    0x0, 0x0, 0x0, 0x0, 0x0, 0x1f, 0xfe, 0x0,
    0x7, 0xff, 0xc0, 0x1f, 0xfe, 0x0, 0x0, 0x0,
    0x0, 0x0, 0x0, 0xf, 0xff, 0x0, 0x3, 0xff,
    0xe0, 0xf, 0xfe, 0x0, 0x0, 0x0, 0x0, 0x0,
    0x0, 0x3, 0xff, 0x80, 0x1, 0xff, 0xe0, 0xf,
    0xff, 0x0, 0x0, 0x0, 0x0, 0x0, 0x0, 0x1,
    0xff, 0xe0, 0x1, 0xff, 0xf0, 0xf, 0xff, 0x0,
    0x0, 0x0, 0x0, 0x0, 0x0, 0x0, 0xff, 0xf8,
    0x1, 0xff, 0xf8, 0x7, 0xff, 0x0, 0x0, 0x0,
    0x0, 0x0, 0x0, 0x0, 0x3f, 0xff, 0x3, 0xff,
    0xf8, 0x7, 0xff, 0x80, 0x0, 0x0, 0x0, 0x0,
    0x0, 0x0, 0x1f, 0xff, 0xff, 0xff, 0xfc, 0x3,
    0xff, 0x80, 0x0, 0x0, 0x0, 0x0, 0x0, 0x0,
    0x7, 0xff, 0xff, 0xff, 0xfc, 0x3, 0xff, 0xc0,
    0x0, 0x0, 0x0, 0x0, 0x0, 0x0, 0x1, 0xff,
    0xff, 0xff, 0xfc, 0x3, 0xff, 0xc0, 0x0, 0x0,
    0x0, 0x0, 0x0, 0x0, 0x0, 0xff, 0xff, 0xff,
    0xfe, 0x1, 0xff, 0xc0, 0x0, 0x0, 0x0, 0x0,
    0x0, 0x0, 0x0, 0x3f, 0xff, 0xff, 0xfe, 0x1,
    0xff, 0xe0, 0x0, 0x0, 0x0, 0x0, 0x0, 0x0,
    0x0, 0xf, 0xff, 0xff, 0xfc, 0x1, 0xff, 0xe0,
    0x0, 0x0, 0x0, 0x0, 0x0, 0x0, 0x0, 0x1,
    0xff, 0xff, 0xfc, 0x0, 0xff, 0xf0, 0x0, 0x0,
    0x0, 0x0, 0x0, 0x0, 0x0, 0x0, 0x7f, 0xff,
    0xfc, 0x0, 0xff, 0xf0, 0x0, 0x0, 0x0, 0x0,
    0x0, 0x0, 0x0, 0x0, 0xf, 0xff, 0xf8, 0x0,
    0x7f, 0xf0, 0x0, 0x0, 0x0, 0x0, 0x0, 0x0,
    0x0, 0x0, 0x0, 0xff, 0xc0, 0x0, 0x7f, 0xf8,
    0x0, 0x0, 0x0, 0x0, 0x0, 0x0, 0x0, 0x0,
    0x0, 0x0, 0x0, 0x0, 0x7f, 0xf8, 0x0, 0x0,
    0x0, 0x0, 0x0, 0x0, 0x0, 0x0, 0x0, 0x0,
    0x0, 0x0, 0x3f, 0xfc, 0x0, 0x0, 0x0, 0x0,
    0x0, 0x0, 0x0, 0x0, 0x0, 0x0, 0x0, 0x0,
    0x3f, 0xfc, 0x0, 0x0, 0x0, 0x0, 0x0, 0x0,
    0x0, 0x0, 0x0, 0x0, 0x0, 0x0, 0x1f, 0xfc,
    0x0, 0x0, 0x0, 0x0, 0x0, 0x0, 0x0, 0x0,
    0x0, 0x0, 0x0, 0x0, 0x1f, 0xfe, 0x0, 0x0,
    0x0, 0x0, 0x0, 0x0, 0x0, 0x0, 0x0, 0x0,
    0x0, 0x0, 0x1f, 0xfe, 0x0, 0x0, 0x0, 0x0,
    0x0, 0x0, 0x0, 0x0, 0x0, 0x0, 0x0, 0x0,
    0xf, 0xfe, 0x0, 0x0, 0x0, 0x0, 0x0, 0x0,
    0x0, 0x0, 0x0, 0x0, 0x0, 0x0, 0xf, 0xff,
    0x0, 0x0, 0x0, 0x0, 0x0, 0x0, 0x0, 0x0,
    0x0, 0x0, 0x0, 0x0, 0x7, 0xff, 0x0, 0x0,
    0x0, 0x0, 0x0, 0x0, 0x0, 0x0, 0x0, 0x0,
    0x0, 0x0, 0x7, 0xff, 0x80, 0x0, 0xff, 0xc0,
    0x0, 0xf, 0xfc, 0x0, 0x0, 0x0, 0x0, 0x0,
    0x7, 0xff, 0x80, 0x7, 0xff, 0xfc, 0x0, 0x3f,
    0xff, 0xe0, 0x0, 0x0, 0x0, 0x0, 0x3, 0xff,
    0x80, 0xf, 0xff, 0xff, 0x80, 0x7f, 0xff, 0xfc,
    0x0, 0x0, 0x0, 0x0, 0x3, 0xff, 0xc0, 0xf,
    0xff, 0xff, 0xe0, 0x7f, 0xff, 0xff, 0x0, 0x0,
    0x0, 0x0, 0x3, 0xff, 0xc0, 0x1f, 0xff, 0xff,
    0xf8, 0x7f, 0xff, 0xff, 0xe0, 0x0, 0x0, 0x0,
    0x1, 0xff, 0xe0, 0x1f, 0xff, 0xff, 0xfe, 0x7f,
    0xff, 0xff, 0xf8, 0x0, 0x0, 0x0, 0x1, 0xff,
    0xe0, 0x1f, 0xff, 0xff, 0xff, 0xff, 0xff, 0xff,
    0xfe, 0x0, 0x0, 0x0, 0x0, 0xff, 0xe0, 0xf,
    0xff, 0xff, 0xff, 0xff, 0xff, 0xff, 0xff, 0x0,
    0x0, 0x0, 0x0, 0xff, 0xf0, 0xf, 0xff, 0xff,
    0xff, 0xff, 0xff, 0xff, 0xff, 0xc0, 0x0, 0x0,
    0x0, 0xff, 0xf0, 0xf, 0xff, 0xff, 0xff, 0xff,
    0xff, 0xff, 0xff, 0xf0, 0x0, 0x0, 0x0, 0x7f,
    0xf8, 0x7, 0xff, 0xf0, 0x3f, 0xff, 0xff, 0x3,
    0xff, 0xf8, 0x0, 0x0, 0x0, 0x7f, 0xf8, 0x7,
    0xff, 0xe0, 0xf, 0xff, 0xff, 0x0, 0x7f, 0xfe,
    0x0, 0x0, 0x0, 0x3f, 0xf8, 0x3, 0xff, 0xe0,
    0x3, 0xff, 0xff, 0x0, 0x1f, 0xff, 0x0, 0x0,
    0x0, 0x3f, 0xfc, 0x1, 0xff, 0xe0, 0x0, 0xff,
    0xff, 0x0, 0x7, 0xff, 0x80, 0x0, 0x0, 0x3f,
    0xfc, 0x1, 0xff, 0xf0, 0x0, 0x3f, 0xff, 0x0,
    0x3, 0xff, 0xe0, 0x0, 0x0, 0x1f, 0xfe, 0x0,
    0xff, 0xf0, 0x0, 0x1f, 0xff, 0x80, 0x0, 0xff,
    0xf0, 0x0, 0x0, 0x1f, 0xfe, 0x0, 0x7f, 0xf8,
    0x0, 0xf, 0xff, 0xc0, 0x0, 0x7f, 0xf8, 0x0,
    0x0, 0x1f, 0xfe, 0x0, 0x3f, 0xfc, 0x0, 0x7,
    0xff, 0xe0, 0x0, 0x3f, 0xfc, 0x0, 0x0, 0xf,
    0xff, 0x0, 0x1f, 0xfe, 0x0, 0x3, 0xff, 0xf0,
    0x0, 0x1f, 0xfe, 0x0, 0x0, 0xf, 0xff, 0x0,
    0xf, 0xff, 0x0, 0x1, 0xff, 0xf8, 0x0, 0xf,
    0xff, 0x0, 0x0, 0x7, 0xff, 0x0, 0x7, 0xff,
    0x80, 0x0, 0xff, 0xfc, 0x0, 0x7, 0xff, 0x80,
    0x0, 0x7, 0xff, 0x80, 0x3, 0xff, 0xc0, 0x0,
    0x7f, 0xfe, 0x0, 0x3, 0xff, 0xc0, 0x0, 0x7,
    0xff, 0x80, 0x1, 0xff, 0xe0, 0x0, 0x3f, 0xff,
    0x0, 0x1, 0xff, 0xe0, 0x0, 0x3, 0xff, 0xc0,
    0x0, 0xff, 0xf0, 0x0, 0x1f, 0xff, 0x80, 0x0,
    0xff, 0xf0, 0x0, 0x3, 0xff, 0xc0, 0x0, 0x7f,
    0xf8, 0x0, 0xf, 0xff, 0xc0, 0x0, 0x7f, 0xf8,
    0x0, 0x1, 0xff, 0xc0, 0x0, 0x3f, 0xfc, 0x0,
    0x7, 0xff, 0xe0, 0x0, 0x3f, 0xfc, 0x0, 0x1,
    0xff, 0xe0, 0x0, 0x1f, 0xfe, 0x0, 0x3, 0xff,
    0xf0, 0x0, 0x1f, 0xfe, 0x0, 0x1, 0xff, 0xe0,
    0x0, 0xf, 0xff, 0x80, 0x1, 0xff, 0xfc, 0x0,
    0x1f, 0xff, 0x0, 0x0, 0xff, 0xf0, 0x0, 0x3,
    0xff, 0xc0, 0x1, 0xff, 0xfe, 0x0, 0xf, 0xff,
    0x0, 0x0, 0xff, 0xf0, 0x0, 0x1, 0xff, 0xf0,
    0x0, 0xff, 0xff, 0x80, 0xf, 0xff, 0x80, 0x0,
    0x1f, 0xf0, 0x0, 0x0, 0xff, 0xfc, 0x0, 0xff,
    0xff, 0xe0, 0xf, 0xff, 0xc0, 0x0, 0x3, 0xf8,
    0x0, 0x0, 0x3f, 0xff, 0x81, 0xff, 0xff, 0xfc,
    0xf, 0xff, 0xc0, 0x0, 0x0, 0x78, 0x0, 0x0,
    0x1f, 0xff, 0xff, 0xff, 0xff, 0xff, 0xff, 0xff,
    0xe0, 0x0, 0x0, 0xc, 0x0, 0x0, 0x7, 0xff,
    0xff, 0xff, 0xff, 0xff, 0xff, 0xff, 0xe0, 0x0,
    0x0, 0x0, 0x0, 0x0, 0x1, 0xff, 0xff, 0xff,
    0xff, 0xff, 0xff, 0xff, 0xf0, 0x0, 0x0, 0x0,
    0x0, 0x0, 0x0, 0xff, 0xff, 0xff, 0xff, 0xff,
    0xff, 0xff, 0xf0, 0x0, 0x0, 0x0, 0x0, 0x0,
    0x0, 0x3f, 0xff, 0xff, 0xfc, 0xff, 0xff, 0xff,
    0xf0, 0x0, 0x0, 0x0, 0x0, 0x0, 0x0, 0xf,
    0xff, 0xff, 0xfc, 0x3f, 0xff, 0xff, 0xf0, 0x0,
    0x0, 0x0, 0x0, 0x0, 0x0, 0x1, 0xff, 0xff,
    0xfc, 0xf, 0xff, 0xff, 0xe0, 0x0, 0x0, 0x0,
    0x0, 0x0, 0x0, 0x0, 0x7f, 0xff, 0xfc, 0x3,
    0xff, 0xff, 0xe0, 0x0, 0x0, 0x0, 0x0, 0x0,
    0x0, 0x0, 0xf, 0xff, 0xf8, 0x0, 0x7f, 0xff,
    0xc0, 0x0, 0x0, 0x0, 0x0, 0x0, 0x0, 0x0,
    0x0, 0x7f, 0xe0, 0x0, 0x3, 0xff, 0x0, 0x0,

    /* U+2032 "′" */
    0xff, 0xff, 0xff, 0xff, 0xff, 0xff, 0xff, 0xff,
    0xff, 0xff, 0xff, 0xff, 0xff, 0xff, 0xff, 0xff,
    0xff, 0xff, 0xff, 0xff, 0xff, 0xff, 0xff, 0xff,
    0xff, 0xff, 0xff, 0xf7, 0xff, 0xbf, 0xfd, 0xff,
    0xef, 0xff, 0x7f, 0xfb, 0xff, 0xdf, 0xfe, 0xff,
    0xf7, 0xff, 0xbf, 0xfd, 0xff, 0xef, 0xff, 0x7f,
    0xfb, 0xff, 0x9f, 0xfc, 0xff, 0xe7, 0xff, 0x0,

    /* U+2033 "″" */
    0xff, 0xf8, 0xf, 0xff, 0xff, 0xfc, 0x7, 0xff,
    0xff, 0xfe, 0x3, 0xff, 0xff, 0xff, 0x1, 0xff,
    0xff, 0xff, 0x80, 0xff, 0xff, 0xff, 0xc0, 0x7f,
    0xff, 0xff, 0xe0, 0x3f, 0xff, 0xff, 0xf0, 0x1f,
    0xff, 0xff, 0xf8, 0xf, 0xff, 0xff, 0xfc, 0x7,
    0xff, 0xff, 0xfe, 0x3, 0xff, 0xff, 0xff, 0x1,
    0xff, 0xff, 0xff, 0x80, 0xff, 0xff, 0xff, 0xc0,
    0x7f, 0xff, 0xff, 0xc0, 0x3f, 0xfd, 0xff, 0xe0,
    0x1f, 0xfe, 0xff, 0xf0, 0xf, 0xff, 0x7f, 0xf8,
    0x7, 0xff, 0xbf, 0xfc, 0x3, 0xff, 0xdf, 0xfe,
    0x1, 0xff, 0xef, 0xff, 0x0, 0xff, 0xf7, 0xff,
    0x80, 0x7f, 0xfb, 0xff, 0xc0, 0x3f, 0xfd, 0xff,
    0xe0, 0x1f, 0xfe, 0xff, 0xe0, 0xf, 0xfe, 0x7f,
    0xf0, 0x7, 0xff, 0x3f, 0xf8, 0x3, 0xff, 0x9f,
    0xfc, 0x1, 0xff, 0xcf, 0xfe, 0x0, 0xff, 0xe7,
    0xff, 0x0, 0x7f, 0xf3, 0xff, 0x80, 0x3f, 0xf9,
    0xff, 0xc0, 0x1f, 0xfc, 0xff, 0xe0, 0xf, 0xfe,
    0x7f, 0xf0, 0x7, 0xff, 0x0,

    /* U+2039 "‹" */
    0x0, 0x0, 0x7f, 0xf8, 0x0, 0x7, 0xff, 0x80,
    0x0, 0x7f, 0xf8, 0x0, 0x3, 0xff, 0xc0, 0x0,
    0x3f, 0xfc, 0x0, 0x3, 0xff, 0xe0, 0x0, 0x1f,
    0xfe, 0x0, 0x1, 0xff, 0xe0, 0x0, 0x1f, 0xff,
    0x0, 0x0, 0xff, 0xf0, 0x0, 0xf, 0xff, 0x80,
    0x0, 0xff, 0xf8, 0x0, 0x7, 0xff, 0xc0, 0x0,
    0x7f, 0xfc, 0x0, 0x7, 0xff, 0xc0, 0x0, 0x7f,
    0xfe, 0x0, 0x3, 0xff, 0xe0, 0x0, 0x3f, 0xff,
    0x0, 0x3, 0xff, 0xf0, 0x0, 0x1f, 0xff, 0x0,
    0x1, 0xff, 0xf8, 0x0, 0x1f, 0xff, 0x80, 0x0,
    0xff, 0xfc, 0x0, 0xf, 0xff, 0xc0, 0x0, 0xff,
    0xfe, 0x0, 0x7, 0xff, 0xe0, 0x0, 0x1f, 0xff,
    0x80, 0x0, 0xff, 0xfc, 0x0, 0x3, 0xff, 0xf0,
    0x0, 0xf, 0xff, 0x80, 0x0, 0x3f, 0xfe, 0x0,
    0x1, 0xff, 0xf8, 0x0, 0x7, 0xff, 0xc0, 0x0,
    0x1f, 0xff, 0x0, 0x0, 0xff, 0xf8, 0x0, 0x3,
    0xff, 0xe0, 0x0, 0xf, 0xff, 0x80, 0x0, 0x7f,
    0xfc, 0x0, 0x1, 0xff, 0xf0, 0x0, 0x7, 0xff,
    0x80, 0x0, 0x1f, 0xfe, 0x0, 0x0, 0xff, 0xf8,
    0x0, 0x3, 0xff, 0xc0, 0x0, 0xf, 0xff, 0x0,
    0x0, 0x7f, 0xf8, 0x0, 0x1, 0xff, 0xe0, 0x0,
    0x7, 0xff, 0x80, 0x0, 0x3f, 0xfc, 0x0, 0x0,
    0xff, 0xf0, 0x0, 0x3, 0xff, 0xc0,

    /* U+203A "›" */
    0xff, 0xf0, 0x0, 0x3, 0xff, 0xc0, 0x0, 0xf,
    0xfe, 0x0, 0x0, 0x7f, 0xf8, 0x0, 0x1, 0xff,
    0xe0, 0x0, 0xf, 0xff, 0x80, 0x0, 0x3f, 0xfc,
    0x0, 0x0, 0xff, 0xf0, 0x0, 0x7, 0xff, 0xc0,
    0x0, 0x1f, 0xfe, 0x0, 0x0, 0xff, 0xf8, 0x0,
    0x3, 0xff, 0xe0, 0x0, 0xf, 0xff, 0x0, 0x0,
    0x7f, 0xfc, 0x0, 0x1, 0xff, 0xf0, 0x0, 0xf,
    0xff, 0xc0, 0x0, 0x3f, 0xfe, 0x0, 0x0, 0xff,
    0xf8, 0x0, 0x7, 0xff, 0xe0, 0x0, 0x1f, 0xff,
    0x0, 0x0, 0x7f, 0xfc, 0x0, 0x3, 0xff, 0xf0,
    0x0, 0xf, 0xff, 0x80, 0x0, 0x7f, 0xfe, 0x0,
    0x1, 0xff, 0xf8, 0x0, 0x1f, 0xff, 0xc0, 0x0,
    0xff, 0xfc, 0x0, 0xf, 0xff, 0xc0, 0x0, 0x7f,
    0xfe, 0x0, 0x7, 0xff, 0xe0, 0x0, 0x7f, 0xfe,
    0x0, 0x3, 0xff, 0xf0, 0x0, 0x3f, 0xff, 0x0,
    0x1, 0xff, 0xf0, 0x0, 0x1f, 0xff, 0x0, 0x0,
    0xff, 0xf8, 0x0, 0xf, 0xff, 0x80, 0x0, 0xff,
    0xf8, 0x0, 0x7, 0xff, 0xc0, 0x0, 0x7f, 0xfc,
    0x0, 0x3, 0xff, 0xc0, 0x0, 0x3f, 0xfe, 0x0,
    0x3, 0xff, 0xe0, 0x0, 0x1f, 0xfe, 0x0, 0x1,
    0xff, 0xf0, 0x0, 0xf, 0xff, 0x0, 0x0, 0xff,
    0xf0, 0x0, 0x7, 0xff, 0x0, 0x0, 0x7f, 0xf8,
    0x0, 0x7, 0xff, 0x80, 0x0, 0x0,

    /* U+203C "‼" */
    0x7f, 0xff, 0xe0, 0x0, 0xf, 0xff, 0xfc, 0xff,
    0xff, 0xc0, 0x0, 0x1f, 0xff, 0xf9, 0xff, 0xff,
    0x80, 0x0, 0x3f, 0xff, 0xf3, 0xff, 0xff, 0x0,
    0x0, 0x7f, 0xff, 0xe7, 0xff, 0xfe, 0x0, 0x0,
    0xff, 0xff, 0xcf, 0xff, 0xfc, 0x0, 0x1, 0xff,
    0xff, 0x9f, 0xff, 0xf8, 0x0, 0x3, 0xff, 0xff,
    0x3f, 0xff, 0xf0, 0x0, 0x7, 0xff, 0xfe, 0x7f,
    0xff, 0xe0, 0x0, 0xf, 0xff, 0xfc, 0xff, 0xff,
    0xc0, 0x0, 0x1f, 0xff, 0xf9, 0xff, 0xff, 0x80,
    0x0, 0x3f, 0xff, 0xf3, 0xff, 0xff, 0x0, 0x0,
    0x7f, 0xff, 0xe7, 0xff, 0xfe, 0x0, 0x0, 0xff,
    0xff, 0xcf, 0xff, 0xfc, 0x0, 0x1, 0xff, 0xff,
    0x9f, 0xff, 0xf8, 0x0, 0x3, 0xff, 0xff, 0x3f,
    0xff, 0xf0, 0x0, 0x7, 0xff, 0xfe, 0x7f, 0xff,
    0xe0, 0x0, 0xf, 0xff, 0xfc, 0xff, 0xff, 0xc0,
    0x0, 0x1f, 0xff, 0xf9, 0xff, 0xff, 0x80, 0x0,
    0x3f, 0xff, 0xf3, 0xff, 0xff, 0x0, 0x0, 0x7f,
    0xff, 0xe7, 0xff, 0xfe, 0x0, 0x0, 0xff, 0xff,
    0xcf, 0xff, 0xfc, 0x0, 0x1, 0xff, 0xff, 0x9f,
    0xff, 0xf8, 0x0, 0x3, 0xff, 0xff, 0x3f, 0xff,
    0xf0, 0x0, 0x7, 0xff, 0xfe, 0x7f, 0xff, 0xe0,
    0x0, 0xf, 0xff, 0xfc, 0xff, 0xff, 0xc0, 0x0,
    0x1f, 0xff, 0xf9, 0xff, 0xff, 0x80, 0x0, 0x3f,
    0xff, 0xf3, 0xff, 0xff, 0x0, 0x0, 0x7f, 0xff,
    0xe7, 0xff, 0xfe, 0x0, 0x0, 0xff, 0xff, 0xcf,
    0xff, 0xfc, 0x0, 0x1, 0xff, 0xff, 0x8f, 0xff,
    0xf0, 0x0, 0x1, 0xff, 0xfe, 0x1f, 0xff, 0xe0,
    0x0, 0x3, 0xff, 0xfc, 0x3f, 0xff, 0xc0, 0x0,
    0x7, 0xff, 0xf8, 0x7f, 0xff, 0x80, 0x0, 0xf,
    0xff, 0xf0, 0xff, 0xff, 0x0, 0x0, 0x1f, 0xff,
    0xe1, 0xff, 0xfe, 0x0, 0x0, 0x3f, 0xff, 0xc3,
    0xff, 0xfc, 0x0, 0x0, 0x7f, 0xff, 0x87, 0xff,
    0xf8, 0x0, 0x0, 0xff, 0xff, 0xf, 0xff, 0xf0,
    0x0, 0x1, 0xff, 0xfe, 0x1f, 0xff, 0xe0, 0x0,
    0x3, 0xff, 0xfc, 0x3f, 0xff, 0xc0, 0x0, 0x7,
    0xff, 0xf8, 0x7f, 0xff, 0x80, 0x0, 0xf, 0xff,
    0xf0, 0xff, 0xff, 0x0, 0x0, 0x1f, 0xff, 0xe1,
    0xff, 0xfe, 0x0, 0x0, 0x3f, 0xff, 0xc3, 0xff,
    0xfc, 0x0, 0x0, 0x7f, 0xff, 0x87, 0xff, 0xf8,
    0x0, 0x0, 0xff, 0xff, 0xf, 0xff, 0xf0, 0x0,
    0x1, 0xff, 0xfe, 0x1f, 0xff, 0xe0, 0x0, 0x3,
    0xff, 0xfc, 0x3f, 0xff, 0xc0, 0x0, 0x7, 0xff,
    0xf8, 0x7f, 0xff, 0x80, 0x0, 0xf, 0xff, 0xf0,
    0xff, 0xff, 0x0, 0x0, 0x1f, 0xff, 0xe1, 0xff,
    0xfe, 0x0, 0x0, 0x3f, 0xff, 0xc3, 0xff, 0xfc,
    0x0, 0x0, 0x7f, 0xff, 0x87, 0xff, 0xf8, 0x0,
    0x0, 0xff, 0xff, 0xf, 0xff, 0xf0, 0x0, 0x1,
    0xff, 0xfe, 0x1f, 0xff, 0xe0, 0x0, 0x3, 0xff,
    0xfc, 0x3f, 0xff, 0xc0, 0x0, 0x7, 0xff, 0xf8,
    0x7f, 0xff, 0x80, 0x0, 0xf, 0xff, 0xf0, 0xff,
    0xff, 0x0, 0x0, 0x1f, 0xff, 0xe1, 0xff, 0xfe,
    0x0, 0x0, 0x3f, 0xff, 0xc1, 0xff, 0xfc, 0x0,
    0x0, 0x3f, 0xff, 0x83, 0xff, 0xf0, 0x0, 0x0,
    0x7f, 0xfe, 0x7, 0xff, 0xe0, 0x0, 0x0, 0xff,
    0xfc, 0x0, 0x0, 0x0, 0x0, 0x0, 0x0, 0x0,
    0x0, 0x0, 0x0, 0x0, 0x0, 0x0, 0x0, 0x0,
    0x0, 0x0, 0x0, 0x0, 0x0, 0x0, 0x0, 0x0,
    0x0, 0x0, 0x0, 0x0, 0x0, 0x0, 0x0, 0x0,
    0x0, 0x0, 0x0, 0x0, 0x0, 0x0, 0x0, 0x0,
    0x0, 0x0, 0x0, 0x0, 0x0, 0x0, 0x0, 0x0,
    0x0, 0x0, 0x0, 0x0, 0x0, 0x0, 0x0, 0x0,
    0x0, 0x0, 0x0, 0x0, 0x0, 0x0, 0x0, 0x0,
    0x0, 0x0, 0x0, 0x0, 0x0, 0x0, 0x0, 0x0,
    0x0, 0x0, 0x0, 0x0, 0x0, 0x7, 0xf0, 0x0,
    0x0, 0x0, 0xfe, 0x0, 0x7f, 0xf8, 0x0, 0x0,
    0xf, 0xff, 0x1, 0xff, 0xf8, 0x0, 0x0, 0x3f,
    0xff, 0x7, 0xff, 0xf8, 0x0, 0x0, 0xff, 0xff,
    0x1f, 0xff, 0xf8, 0x0, 0x3, 0xff, 0xff, 0x3f,
    0xff, 0xf0, 0x0, 0x7, 0xff, 0xfe, 0xff, 0xff,
    0xf0, 0x0, 0x1f, 0xff, 0xff, 0xff, 0xff, 0xe0,
    0x0, 0x3f, 0xff, 0xff, 0xff, 0xff, 0xc0, 0x0,
    0x7f, 0xff, 0xff, 0xff, 0xff, 0x80, 0x0, 0xff,
    0xff, 0xff, 0xff, 0xff, 0x0, 0x1, 0xff, 0xff,
    0xff, 0xff, 0xfe, 0x0, 0x3, 0xff, 0xff, 0xdf,
    0xff, 0xf8, 0x0, 0x3, 0xff, 0xff, 0x3f, 0xff,
    0xf0, 0x0, 0x7, 0xff, 0xfe, 0x3f, 0xff, 0xc0,
    0x0, 0x7, 0xff, 0xf8, 0x3f, 0xff, 0x0, 0x0,
    0x7, 0xff, 0xe0, 0x3f, 0xfc, 0x0, 0x0, 0x7,
    0xff, 0x80, 0x1f, 0xc0, 0x0, 0x0, 0x3, 0xf8,
    0x0,

    /* U+2044 "⁄" */
    0x0, 0x0, 0x0, 0x0, 0x0, 0x8, 0x0, 0x0,
    0x0, 0x0, 0x0, 0x0, 0xf0, 0x0, 0x0, 0x0,
    0x0, 0x0, 0x7, 0xe0, 0x0, 0x0, 0x0, 0x0,
    0x0, 0x7f, 0x80, 0x0, 0x0, 0x0, 0x0, 0x3,
    0xff, 0x0, 0x0, 0x0, 0x0, 0x0, 0x3f, 0xfc,
    0x0, 0x0, 0x0, 0x0, 0x3, 0xff, 0xc0, 0x0,
    0x0, 0x0, 0x0, 0x1f, 0xfc, 0x0, 0x0, 0x0,
    0x0, 0x1, 0xff, 0xe0, 0x0, 0x0, 0x0, 0x0,
    0xf, 0xfe, 0x0, 0x0, 0x0, 0x0, 0x0, 0xff,
    0xe0, 0x0, 0x0, 0x0, 0x0, 0xf, 0xff, 0x0,
    0x0, 0x0, 0x0, 0x0, 0x7f, 0xf0, 0x0, 0x0,
    0x0, 0x0, 0x7, 0xff, 0x80, 0x0, 0x0, 0x0,
    0x0, 0x7f, 0xf8, 0x0, 0x0, 0x0, 0x0, 0x3,
    0xff, 0x80, 0x0, 0x0, 0x0, 0x0, 0x3f, 0xfc,
    0x0, 0x0, 0x0, 0x0, 0x1, 0xff, 0xc0, 0x0,
    0x0, 0x0, 0x0, 0x1f, 0xfe, 0x0, 0x0, 0x0,
    0x0, 0x1, 0xff, 0xe0, 0x0, 0x0, 0x0, 0x0,
    0xf, 0xfe, 0x0, 0x0, 0x0, 0x0, 0x0, 0xff,
    0xf0, 0x0, 0x0, 0x0, 0x0, 0xf, 0xff, 0x0,
    0x0, 0x0, 0x0, 0x0, 0x7f, 0xf0, 0x0, 0x0,
    0x0, 0x0, 0x7, 0xff, 0x80, 0x0, 0x0, 0x0,
    0x0, 0x3f, 0xf8, 0x0, 0x0, 0x0, 0x0, 0x3,
    0xff, 0xc0, 0x0, 0x0, 0x0, 0x0, 0x3f, 0xfc,
    0x0, 0x0, 0x0, 0x0, 0x1, 0xff, 0xc0, 0x0,
    0x0, 0x0, 0x0, 0x1f, 0xfe, 0x0, 0x0, 0x0,
    0x0, 0x1, 0xff, 0xe0, 0x0, 0x0, 0x0, 0x0,
    0xf, 0xfe, 0x0, 0x0, 0x0, 0x0, 0x0, 0xff,
    0xf0, 0x0, 0x0, 0x0, 0x0, 0x7, 0xff, 0x0,
    0x0, 0x0, 0x0, 0x0, 0x7f, 0xf8, 0x0, 0x0,
    0x0, 0x0, 0x7, 0xff, 0x80, 0x0, 0x0, 0x0,
    0x0, 0x3f, 0xf8, 0x0, 0x0, 0x0, 0x0, 0x3,
    0xff, 0xc0, 0x0, 0x0, 0x0, 0x0, 0x3f, 0xfc,
    0x0, 0x0, 0x0, 0x0, 0x1, 0xff, 0xc0, 0x0,
    0x0, 0x0, 0x0, 0x1f, 0xfe, 0x0, 0x0, 0x0,
    0x0, 0x0, 0xff, 0xe0, 0x0, 0x0, 0x0, 0x0,
    0xf, 0xff, 0x0, 0x0, 0x0, 0x0, 0x0, 0xff,
    0xf0, 0x0, 0x0, 0x0, 0x0, 0x7, 0xff, 0x0,
    0x0, 0x0, 0x0, 0x0, 0x7f, 0xf8, 0x0, 0x0,
    0x0, 0x0, 0x7, 0xff, 0x80, 0x0, 0x0, 0x0,
    0x0, 0x3f, 0xf8, 0x0, 0x0, 0x0, 0x0, 0x3,
    0xff, 0xc0, 0x0, 0x0, 0x0, 0x0, 0x1f, 0xfc,
    0x0, 0x0, 0x0, 0x0, 0x1, 0xff, 0xe0, 0x0,
    0x0, 0x0, 0x0, 0x1f, 0xfe, 0x0, 0x0, 0x0,
    0x0, 0x0, 0xff, 0xe0, 0x0, 0x0, 0x0, 0x0,
    0xf, 0xff, 0x0, 0x0, 0x0, 0x0, 0x0, 0xff,
    0xf0, 0x0, 0x0, 0x0, 0x0, 0x7, 0xff, 0x0,
    0x0, 0x0, 0x0, 0x0, 0x7f, 0xf8, 0x0, 0x0,
    0x0, 0x0, 0x3, 0xff, 0x80, 0x0, 0x0, 0x0,
    0x0, 0x3f, 0xfc, 0x0, 0x0, 0x0, 0x0, 0x3,
    0xff, 0xc0, 0x0, 0x0, 0x0, 0x0, 0x1f, 0xfc,
    0x0, 0x0, 0x0, 0x0, 0x1, 0xff, 0xe0, 0x0,
    0x0, 0x0, 0x0, 0x1f, 0xfe, 0x0, 0x0, 0x0,
    0x0, 0x0, 0xff, 0xe0, 0x0, 0x0, 0x0, 0x0,
    0xf, 0xff, 0x0, 0x0, 0x0, 0x0, 0x0, 0x7f,
    0xf0, 0x0, 0x0, 0x0, 0x0, 0x7, 0xff, 0x80,
    0x0, 0x0, 0x0, 0x0, 0x7f, 0xf8, 0x0, 0x0,
    0x0, 0x0, 0x3, 0xff, 0x80, 0x0, 0x0, 0x0,
    0x0, 0x3f, 0xfc, 0x0, 0x0, 0x0, 0x0, 0x3,
    0xff, 0xc0, 0x0, 0x0, 0x0, 0x0, 0x1f, 0xfc,
    0x0, 0x0, 0x0, 0x0, 0x0, 0x3f, 0xe0, 0x0,
    0x0, 0x0, 0x0, 0x0, 0x7e, 0x0, 0x0, 0x0,
    0x0, 0x0, 0x0, 0xf0, 0x0, 0x0, 0x0, 0x0,
    0x0, 0x3, 0x0, 0x0, 0x0, 0x0, 0x0, 0x0,

    /* U+20A3 "₣" */
    0x0, 0x7f, 0xff, 0xff, 0xff, 0xff, 0xff, 0xff,
    0xf8, 0x3, 0xff, 0xff, 0xff, 0xff, 0xff, 0xff,
    0xff, 0xc0, 0x1f, 0xff, 0xff, 0xff, 0xff, 0xff,
    0xff, 0xfe, 0x0, 0xff, 0xff, 0xff, 0xff, 0xff,
    0xff, 0xff, 0xf0, 0x7, 0xff, 0xff, 0xff, 0xff,
    0xff, 0xff, 0xff, 0x80, 0x3f, 0xff, 0xff, 0xff,
    0xff, 0xff, 0xff, 0xfc, 0x1, 0xff, 0xff, 0xff,
    0xff, 0xff, 0xff, 0xff, 0xe0, 0xf, 0xff, 0xff,
    0xff, 0xff, 0xff, 0xff, 0xff, 0x0, 0x7f, 0xff,
    0xff, 0xff, 0xff, 0xff, 0xff, 0xf8, 0x3, 0xff,
    0xff, 0xff, 0xff, 0xff, 0xff, 0xff, 0xc0, 0x1f,
    0xff, 0xff, 0xff, 0xff, 0xff, 0xff, 0xfe, 0x0,
    0xff, 0xff, 0xff, 0xff, 0xff, 0xff, 0xff, 0xf0,
    0x7, 0xff, 0xff, 0xff, 0xff, 0xff, 0xff, 0xff,
    0x80, 0x3f, 0xff, 0xff, 0xff, 0xff, 0xff, 0xff,
    0xfc, 0x1, 0xff, 0xff, 0xc0, 0x0, 0x0, 0x0,
    0x0, 0x0, 0xf, 0xff, 0xfe, 0x0, 0x0, 0x0,
    0x0, 0x0, 0x0, 0x7f, 0xff, 0xf0, 0x0, 0x0,
    0x0, 0x0, 0x0, 0x3, 0xff, 0xff, 0x80, 0x0,
    0x0, 0x0, 0x0, 0x0, 0x1f, 0xff, 0xfc, 0x0,
    0x0, 0x0, 0x0, 0x0, 0x0, 0xff, 0xff, 0xe0,
    0x0, 0x0, 0x0, 0x0, 0x0, 0x7, 0xff, 0xff,
    0x0, 0x0, 0x0, 0x0, 0x0, 0x0, 0x3f, 0xff,
    0xf8, 0x0, 0x0, 0x0, 0x0, 0x0, 0x1, 0xff,
    0xff, 0xc0, 0x0, 0x0, 0x0, 0x0, 0x0, 0xf,
    0xff, 0xfe, 0x0, 0x0, 0x0, 0x0, 0x0, 0x0,
    0x7f, 0xff, 0xf0, 0x0, 0x0, 0x0, 0x0, 0x0,
    0x3, 0xff, 0xff, 0x80, 0x0, 0x0, 0x0, 0x0,
    0x0, 0x1f, 0xff, 0xfc, 0x0, 0x0, 0x0, 0x0,
    0x0, 0x0, 0xff, 0xff, 0xe0, 0x0, 0x0, 0x0,
    0x0, 0x0, 0x7, 0xff, 0xff, 0x0, 0x0, 0x0,
    0x0, 0x0, 0x0, 0x3f, 0xff, 0xf8, 0x0, 0x0,
    0x0, 0x0, 0x0, 0x1, 0xff, 0xff, 0xc0, 0x0,
    0x0, 0x0, 0x0, 0x0, 0xf, 0xff, 0xfe, 0x0,
    0x0, 0x0, 0x0, 0x0, 0x0, 0x7f, 0xff, 0xf0,
    0x0, 0x0, 0x0, 0x0, 0x0, 0x3, 0xff, 0xff,
    0x80, 0x0, 0x0, 0x0, 0x0, 0x0, 0x1f, 0xff,
    0xfc, 0x0, 0x0, 0x0, 0x0, 0x0, 0x0, 0xff,
    0xff, 0xe0, 0x0, 0x0, 0x0, 0x0, 0x0, 0x7,
    0xff, 0xff, 0x0, 0x0, 0x0, 0x0, 0x0, 0x0,
    0x3f, 0xff, 0xf8, 0x0, 0x0, 0x0, 0x0, 0x0,
    0x1, 0xff, 0xff, 0xc0, 0x0, 0x0, 0x0, 0x0,
    0x0, 0xf, 0xff, 0xff, 0xff, 0xff, 0xff, 0xff,
    0xe0, 0x0, 0x7f, 0xff, 0xff, 0xff, 0xff, 0xff,
    0xff, 0x0, 0x3, 0xff, 0xff, 0xff, 0xff, 0xff,
    0xff, 0xf8, 0x0, 0x1f, 0xff, 0xff, 0xff, 0xff,
    0xff, 0xff, 0xc0, 0x0, 0xff, 0xff, 0xff, 0xff,
    0xff, 0xff, 0xfe, 0x0, 0x7, 0xff, 0xff, 0xff,
    0xff, 0xff, 0xff, 0xf0, 0x0, 0x3f, 0xff, 0xff,
    0xff, 0xff, 0xff, 0xff, 0x80, 0x1, 0xff, 0xff,
    0xff, 0xff, 0xff, 0xff, 0xfc, 0x0, 0xf, 0xff,
    0xff, 0xff, 0xff, 0xff, 0xff, 0xe0, 0x0, 0x7f,
    0xff, 0xff, 0xff, 0xff, 0xff, 0xff, 0x0, 0x3,
    0xff, 0xff, 0xff, 0xff, 0xff, 0xff, 0xf8, 0x0,
    0x1f, 0xff, 0xff, 0xff, 0xff, 0xff, 0xff, 0xc0,
    0x0, 0xff, 0xff, 0xff, 0xff, 0xff, 0xff, 0xfe,
    0x0, 0x7, 0xff, 0xff, 0xff, 0xff, 0xff, 0xff,
    0xf0, 0x0, 0x3f, 0xff, 0xf8, 0x0, 0x0, 0x0,
    0x0, 0x0, 0x1, 0xff, 0xff, 0xc0, 0x0, 0x0,
    0x0, 0x0, 0x0, 0xf, 0xff, 0xfe, 0x0, 0x0,
    0x0, 0x0, 0x0, 0x0, 0x7f, 0xff, 0xf0, 0x0,
    0x0, 0x0, 0x0, 0x0, 0x3, 0xff, 0xff, 0x80,
    0x0, 0x0, 0x0, 0x0, 0x0, 0x1f, 0xff, 0xfc,
    0x0, 0x0, 0x0, 0x0, 0x0, 0x0, 0xff, 0xff,
    0xe0, 0x0, 0x0, 0x0, 0x0, 0x0, 0x7, 0xff,
    0xff, 0x0, 0x0, 0x0, 0x0, 0x0, 0x0, 0x3f,
    0xff, 0xf8, 0x0, 0x0, 0x0, 0x0, 0x0, 0x1,
    0xff, 0xff, 0xc0, 0x0, 0x0, 0x0, 0x0, 0x0,
    0xf, 0xff, 0xfe, 0x0, 0x0, 0x0, 0x0, 0x0,
    0x0, 0x7f, 0xff, 0xf0, 0x0, 0x0, 0x0, 0x0,
    0x0, 0x3, 0xff, 0xff, 0x80, 0x0, 0x0, 0x0,
    0x0, 0x3f, 0xff, 0xff, 0xff, 0xff, 0xfc, 0x0,
    0x0, 0x1, 0xff, 0xff, 0xff, 0xff, 0xff, 0xe0,
    0x0, 0x0, 0xf, 0xff, 0xff, 0xff, 0xff, 0xff,
    0x0, 0x0, 0x0, 0x7f, 0xff, 0xff, 0xff, 0xff,
    0xf8, 0x0, 0x0, 0x3, 0xff, 0xff, 0xff, 0xff,
    0xff, 0xc0, 0x0, 0x0, 0x1f, 0xff, 0xff, 0xff,
    0xff, 0xfe, 0x0, 0x0, 0x0, 0xff, 0xff, 0xff,
    0xff, 0xff, 0xf0, 0x0, 0x0, 0x7, 0xff, 0xff,
    0xff, 0xff, 0xff, 0x80, 0x0, 0x0, 0x3f, 0xff,
    0xff, 0xff, 0xff, 0xfc, 0x0, 0x0, 0x1, 0xff,
    0xff, 0xff, 0xff, 0xff, 0xe0, 0x0, 0x0, 0xf,
    0xff, 0xff, 0xff, 0xff, 0xff, 0x0, 0x0, 0x0,
    0x0, 0x3f, 0xff, 0xf8, 0x0, 0x0, 0x0, 0x0,
    0x0, 0x1, 0xff, 0xff, 0xc0, 0x0, 0x0, 0x0,
    0x0, 0x0, 0xf, 0xff, 0xfe, 0x0, 0x0, 0x0,
    0x0, 0x0, 0x0, 0x7f, 0xff, 0xf0, 0x0, 0x0,
    0x0, 0x0, 0x0, 0x3, 0xff, 0xff, 0x80, 0x0,
    0x0, 0x0, 0x0, 0x0, 0x1f, 0xff, 0xfc, 0x0,
    0x0, 0x0, 0x0, 0x0, 0x0, 0xff, 0xff, 0xe0,
    0x0, 0x0, 0x0, 0x0, 0x0, 0x7, 0xff, 0xff,
    0x0, 0x0, 0x0, 0x0, 0x0, 0x0, 0x3f, 0xff,
    0xf8, 0x0, 0x0, 0x0, 0x0, 0x0, 0x1, 0xff,
    0xff, 0xc0, 0x0, 0x0, 0x0, 0x0, 0x0, 0xf,
    0xff, 0xfe, 0x0, 0x0, 0x0, 0x0, 0x0, 0x0,
    0x7f, 0xff, 0xf0, 0x0, 0x0, 0x0, 0x0, 0x0,
    0x3, 0xff, 0xff, 0x80, 0x0, 0x0, 0x0, 0x0,
    0x0, 0x1f, 0xff, 0xfc, 0x0, 0x0, 0x0, 0x0,
    0x0,

    /* U+20A4 "₤" */
    0x0, 0x0, 0x0, 0x1, 0xff, 0xf0, 0x0, 0x0,
    0x0, 0x0, 0x0, 0x7, 0xff, 0xff, 0xe0, 0x0,
    0x0, 0x0, 0x0, 0xf, 0xff, 0xff, 0xfe, 0x0,
    0x0, 0x0, 0x0, 0xf, 0xff, 0xff, 0xff, 0xf0,
    0x0, 0x0, 0x0, 0xf, 0xff, 0xff, 0xff, 0xfe,
    0x0, 0x0, 0x0, 0x7, 0xff, 0xff, 0xff, 0xff,
    0xe0, 0x0, 0x0, 0x3, 0xff, 0xff, 0xff, 0xff,
    0xfc, 0x0, 0x0, 0x1, 0xff, 0xff, 0xff, 0xff,
    0xff, 0x80, 0x0, 0x0, 0xff, 0xff, 0xff, 0xff,
    0xff, 0xf0, 0x0, 0x0, 0x7f, 0xff, 0xff, 0xff,
    0xff, 0xfe, 0x0, 0x0, 0x3f, 0xff, 0xff, 0xff,
    0xff, 0xff, 0xc0, 0x0, 0x1f, 0xff, 0xff, 0xff,
    0xff, 0xff, 0xf0, 0x0, 0x7, 0xff, 0xff, 0xff,
    0xff, 0xff, 0xfe, 0x0, 0x3, 0xff, 0xff, 0xff,
    0xff, 0xff, 0xff, 0x80, 0x0, 0xff, 0xff, 0xfc,
    0x7, 0xff, 0xff, 0xf0, 0x0, 0x7f, 0xff, 0xfc,
    0x0, 0x7f, 0xff, 0xfc, 0x0, 0x1f, 0xff, 0xfe,
    0x0, 0x7, 0xff, 0xff, 0x80, 0x7, 0xff, 0xff,
    0x0, 0x0, 0xff, 0xff, 0xe0, 0x3, 0xff, 0xff,
    0xc0, 0x0, 0x3f, 0xff, 0xf8, 0x0, 0xff, 0xff,
    0xe0, 0x0, 0x7, 0xff, 0xfe, 0x0, 0x3f, 0xff,
    0xf8, 0x0, 0x1, 0xff, 0xff, 0xc0, 0xf, 0xff,
    0xfc, 0x0, 0x0, 0x3f, 0xff, 0xf0, 0x3, 0xff,
    0xff, 0x0, 0x0, 0xf, 0xff, 0xfc, 0x1, 0xff,
    0xff, 0xc0, 0x0, 0x3, 0xff, 0xff, 0x0, 0x7f,
    0xff, 0xf0, 0x0, 0x0, 0xff, 0xff, 0xc0, 0x1f,
    0xff, 0xfc, 0x0, 0x0, 0x3f, 0xff, 0xf0, 0x7,
    0xff, 0xff, 0x0, 0x0, 0x0, 0x0, 0x0, 0x1,
    0xff, 0xff, 0xc0, 0x0, 0x0, 0x0, 0x0, 0x0,
    0x7f, 0xff, 0xf0, 0x0, 0x0, 0x0, 0x0, 0x0,
    0x1f, 0xff, 0xfc, 0x0, 0x0, 0x0, 0x0, 0x0,
    0x7, 0xff, 0xff, 0x0, 0x0, 0x0, 0x0, 0x0,
    0x1, 0xff, 0xff, 0xc0, 0x0, 0x0, 0x0, 0x0,
    0x0, 0x7f, 0xff, 0xf0, 0x0, 0x0, 0x0, 0x0,
    0x0, 0x1f, 0xff, 0xfc, 0x0, 0x0, 0x0, 0x0,
    0x0, 0x7, 0xff, 0xff, 0x0, 0x0, 0x0, 0x0,
    0x0, 0x1, 0xff, 0xff, 0xc0, 0x0, 0x0, 0x0,
    0x0, 0x0, 0x7f, 0xff, 0xf0, 0x0, 0x0, 0x0,
    0x0, 0x3f, 0xff, 0xff, 0xff, 0xff, 0xff, 0x0,
    0x0, 0xf, 0xff, 0xff, 0xff, 0xff, 0xff, 0xc0,
    0x0, 0x3, 0xff, 0xff, 0xff, 0xff, 0xff, 0xf0,
    0x0, 0x0, 0xff, 0xff, 0xff, 0xff, 0xff, 0xfc,
    0x0, 0x0, 0x3f, 0xff, 0xff, 0xff, 0xff, 0xff,
    0x0, 0x0, 0xf, 0xff, 0xff, 0xff, 0xff, 0xff,
    0xc0, 0x0, 0x3, 0xff, 0xff, 0xff, 0xff, 0xff,
    0xf0, 0x0, 0x0, 0xff, 0xff, 0xff, 0xff, 0xff,
    0xfc, 0x0, 0x0, 0x3f, 0xff, 0xff, 0xff, 0xff,
    0xff, 0x0, 0x0, 0x0, 0x3, 0xff, 0xff, 0x80,
    0x0, 0x0, 0x0, 0x0, 0x0, 0xff, 0xff, 0xe0,
    0x0, 0x0, 0x0, 0x0, 0x0, 0x3f, 0xff, 0xf8,
    0x0, 0x0, 0x0, 0x0, 0x0, 0xf, 0xff, 0xfe,
    0x0, 0x0, 0x0, 0x0, 0x0, 0x3, 0xff, 0xff,
    0x80, 0x0, 0x0, 0x0, 0x0, 0x0, 0xff, 0xff,
    0xe0, 0x0, 0x0, 0x0, 0x0, 0x0, 0x3f, 0xff,
    0xf8, 0x0, 0x0, 0x0, 0x0, 0x3f, 0xff, 0xff,
    0xff, 0xff, 0xff, 0x0, 0x0, 0xf, 0xff, 0xff,
    0xff, 0xff, 0xff, 0xc0, 0x0, 0x3, 0xff, 0xff,
    0xff, 0xff, 0xff, 0xf0, 0x0, 0x0, 0xff, 0xff,
    0xff, 0xff, 0xff, 0xfc, 0x0, 0x0, 0x3f, 0xff,
    0xff, 0xff, 0xff, 0xff, 0x0, 0x0, 0xf, 0xff,
    0xff, 0xff, 0xff, 0xff, 0xc0, 0x0, 0x3, 0xff,
    0xff, 0xff, 0xff, 0xff, 0xf0, 0x0, 0x0, 0xff,
    0xff, 0xff, 0xff, 0xff, 0xfc, 0x0, 0x0, 0x3f,
    0xff, 0xff, 0xff, 0xff, 0xff, 0x0, 0x0, 0x0,
    0x3, 0xff, 0xff, 0x80, 0x0, 0x0, 0x0, 0x0,
    0x0, 0xff, 0xff, 0xe0, 0x0, 0x0, 0x0, 0x0,
    0x0, 0x3f, 0xff, 0xf8, 0x0, 0x0, 0x0, 0x0,
    0x0, 0xf, 0xff, 0xfe, 0x0, 0x0, 0x0, 0x0,
    0x0, 0x3, 0xff, 0xff, 0x80, 0x0, 0x0, 0x0,
    0x0, 0x0, 0xff, 0xff, 0xe0, 0x0, 0x0, 0x0,
    0x0, 0x0, 0x3f, 0xff, 0xf8, 0x0, 0x0, 0x0,
    0x0, 0x0, 0xf, 0xff, 0xfe, 0x0, 0x0, 0x0,
    0x0, 0x0, 0x3, 0xff, 0xff, 0x80, 0x0, 0x0,
    0x0, 0x0, 0x0, 0xff, 0xff, 0xe0, 0x0, 0x0,
    0x0, 0x0, 0x0, 0x3f, 0xff, 0xf0, 0x0, 0x0,
    0x0, 0x0, 0x0, 0xf, 0xff, 0xfc, 0x0, 0x0,
    0x0, 0x0, 0x0, 0x7, 0xff, 0xff, 0x0, 0x0,
    0x0, 0x0, 0x0, 0x1, 0xff, 0xff, 0x80, 0x0,
    0x0, 0x0, 0x0, 0x0, 0xff, 0xff, 0xc0, 0x0,
    0x0, 0x0, 0x0, 0x0, 0x7f, 0xff, 0xf0, 0x0,
    0x0, 0x0, 0x0, 0xf, 0xff, 0xff, 0xff, 0xff,
    0xff, 0xff, 0xff, 0xff, 0xff, 0xff, 0xff, 0xff,
    0xff, 0xff, 0xff, 0xff, 0xff, 0xff, 0xff, 0xff,
    0xff, 0xff, 0xff, 0xff, 0xff, 0xff, 0xff, 0xff,
    0xff, 0xff, 0xff, 0xff, 0xff, 0xff, 0xff, 0xff,
    0xff, 0xff, 0xff, 0xff, 0xff, 0xff, 0xff, 0xff,
    0xff, 0xff, 0xff, 0xff, 0xff, 0xff, 0xff, 0xff,
    0xff, 0xff, 0xff, 0xff, 0xff, 0xff, 0xff, 0xff,
    0xff, 0xff, 0xff, 0xff, 0xff, 0xff, 0xff, 0xff,
    0xff, 0xff, 0xff, 0xff, 0xff, 0xff, 0xff, 0xff,
    0xff, 0xff, 0xff, 0xff, 0xff, 0xff, 0xff, 0xff,
    0xff, 0xff, 0xff, 0xff, 0xff, 0xff, 0xff, 0xff,
    0xff, 0xff, 0xff, 0xff, 0xff, 0xff, 0xff, 0xff,
    0xff, 0xff, 0xff, 0xff, 0xff, 0xff, 0xff, 0xff,
    0xff, 0xff, 0xff, 0xff, 0xff, 0xff, 0xff,

    /* U+20A6 "₦" */
    0x0, 0x7, 0xff, 0xff, 0x0, 0x0, 0x0, 0x0,
    0x7, 0xff, 0xfe, 0x0, 0x0, 0x0, 0x7f, 0xff,
    0xf8, 0x0, 0x0, 0x0, 0x0, 0x7f, 0xff, 0xe0,
    0x0, 0x0, 0x7, 0xff, 0xff, 0x80, 0x0, 0x0,
    0x0, 0x7, 0xff, 0xfe, 0x0, 0x0, 0x0, 0x7f,
    0xff, 0xfc, 0x0, 0x0, 0x0, 0x0, 0x7f, 0xff,
    0xe0, 0x0, 0x0, 0x7, 0xff, 0xff, 0xc0, 0x0,
    0x0, 0x0, 0x7, 0xff, 0xfe, 0x0, 0x0, 0x0,
    0x7f, 0xff, 0xfe, 0x0, 0x0, 0x0, 0x0, 0x7f,
    0xff, 0xe0, 0x0, 0x0, 0x7, 0xff, 0xff, 0xf0,
    0x0, 0x0, 0x0, 0x7, 0xff, 0xfe, 0x0, 0x0,
    0x0, 0x7f, 0xff, 0xff, 0x0, 0x0, 0x0, 0x0,
    0x7f, 0xff, 0xe0, 0x0, 0x0, 0x7, 0xff, 0xff,
    0xf8, 0x0, 0x0, 0x0, 0x7, 0xff, 0xfe, 0x0,
    0x0, 0x0, 0x7f, 0xff, 0xff, 0x80, 0x0, 0x0,
    0x0, 0x7f, 0xff, 0xe0, 0x0, 0x0, 0x7, 0xff,
    0xff, 0xfc, 0x0, 0x0, 0x0, 0x7, 0xff, 0xfe,
    0x0, 0x0, 0x0, 0x7f, 0xff, 0xff, 0xe0, 0x0,
    0x0, 0x0, 0x7f, 0xff, 0xe0, 0x0, 0x0, 0x7,
    0xff, 0xff, 0xfe, 0x0, 0x0, 0x0, 0x7, 0xff,
    0xfe, 0x0, 0x0, 0x0, 0x7f, 0xff, 0xff, 0xf0,
    0x0, 0x0, 0x0, 0x7f, 0xff, 0xe0, 0x0, 0x0,
    0x7, 0xff, 0xff, 0xff, 0x0, 0x0, 0x0, 0x7,
    0xff, 0xfe, 0x0, 0x0, 0x0, 0x7f, 0xff, 0xff,
    0xf8, 0x0, 0x0, 0x0, 0x7f, 0xff, 0xe0, 0x0,
    0x0, 0x7, 0xff, 0xff, 0xff, 0xc0, 0x0, 0x0,
    0x7, 0xff, 0xfe, 0x0, 0x0, 0x0, 0x7f, 0xff,
    0xff, 0xfc, 0x0, 0x0, 0x0, 0x7f, 0xff, 0xe0,
    0x0, 0x0, 0x7, 0xff, 0xff, 0xff, 0xe0, 0x0,
    0x0, 0x7, 0xff, 0xfe, 0x0, 0x0, 0x0, 0x7f,
    0xff, 0xff, 0xff, 0x0, 0x0, 0x0, 0x7f, 0xff,
    0xe0, 0x0, 0x0, 0x7, 0xff, 0xff, 0xff, 0xf0,
    0x0, 0x0, 0x7, 0xff, 0xfe, 0x0, 0x0, 0x0,
    0x7f, 0xff, 0xff, 0xff, 0x80, 0x0, 0x0, 0x7f,
    0xff, 0xe0, 0x0, 0x0, 0x7, 0xff, 0xff, 0xff,
    0xf8, 0x0, 0x0, 0x7, 0xff, 0xfe, 0x0, 0x0,
    0x0, 0x7f, 0xff, 0xff, 0xff, 0xc0, 0x0, 0x0,
    0x7f, 0xff, 0xe0, 0x0, 0x0, 0x7, 0xff, 0xff,
    0xff, 0xfe, 0x0, 0x0, 0x7, 0xff, 0xfe, 0x0,
    0x0, 0x0, 0x7f, 0xff, 0xff, 0xff, 0xe0, 0x0,
    0x0, 0x7f, 0xff, 0xe0, 0x0, 0x0, 0x7, 0xff,
    0xff, 0xff, 0xff, 0x0, 0x0, 0x7, 0xff, 0xfe,
    0x0, 0x0, 0x0, 0x7f, 0xff, 0xff, 0xff, 0xf0,
    0x0, 0x0, 0x7f, 0xff, 0xe0, 0x0, 0x0, 0x7,
    0xff, 0xff, 0xff, 0xff, 0x80, 0x0, 0x7, 0xff,
    0xfe, 0x0, 0x0, 0x0, 0x7f, 0xff, 0xff, 0xff,
    0xfc, 0x0, 0x0, 0x7f, 0xff, 0xe0, 0x0, 0xff,
    0xff, 0xff, 0xff, 0xff, 0xff, 0xff, 0xff, 0xff,
    0xff, 0xff, 0xff, 0xff, 0xff, 0xff, 0xff, 0xff,
    0xff, 0xff, 0xff, 0xff, 0xff, 0xff, 0xff, 0xff,
    0xff, 0xff, 0xff, 0xff, 0xff, 0xff, 0xff, 0xff,
    0xff, 0xff, 0xff, 0xff, 0xff, 0xff, 0xff, 0xff,
    0xff, 0xff, 0xff, 0xff, 0xff, 0xff, 0xff, 0xff,
    0xff, 0xff, 0xff, 0xff, 0xff, 0xff, 0xff, 0xff,
    0xff, 0xff, 0xff, 0xff, 0xff, 0xff, 0xff, 0xff,
    0xff, 0xff, 0xff, 0xff, 0xff, 0xff, 0xff, 0xff,
    0xff, 0xff, 0xff, 0xff, 0xff, 0xff, 0xff, 0xff,
    0xff, 0xff, 0xff, 0xff, 0xff, 0xff, 0xff, 0xff,
    0xff, 0xff, 0xff, 0xff, 0xff, 0xff, 0xff, 0xff,
    0xff, 0xff, 0xff, 0xff, 0xff, 0xff, 0xff, 0xff,
    0xff, 0xff, 0xff, 0xff, 0xff, 0xff, 0xff, 0xff,
    0xff, 0xff, 0xff, 0xff, 0xff, 0xff, 0xff, 0xff,
    0xff, 0xff, 0xff, 0xff, 0x0, 0x7, 0xff, 0xff,
    0x3, 0xff, 0xff, 0x0, 0x7, 0xff, 0xfe, 0x0,
    0x0, 0x0, 0x7f, 0xff, 0xf0, 0x1f, 0xff, 0xf8,
    0x0, 0x7f, 0xff, 0xe0, 0x0, 0x0, 0x7, 0xff,
    0xff, 0x1, 0xff, 0xff, 0x80, 0x7, 0xff, 0xfe,
    0x0, 0x0, 0x0, 0x7f, 0xff, 0xf0, 0xf, 0xff,
    0xfc, 0x0, 0x7f, 0xff, 0xe0, 0x0, 0x0, 0x7,
    0xff, 0xff, 0x0, 0x7f, 0xff, 0xe0, 0x7, 0xff,
    0xfe, 0x0, 0x0, 0x0, 0x7f, 0xff, 0xf0, 0x7,
    0xff, 0xfe, 0x0, 0x7f, 0xff, 0xe0, 0x0, 0x0,
    0x7, 0xff, 0xff, 0x0, 0x3f, 0xff, 0xf0, 0x7,
    0xff, 0xfe, 0x0, 0x0, 0x0, 0x7f, 0xff, 0xf0,
    0x3, 0xff, 0xff, 0x0, 0x7f, 0xff, 0xe0, 0x0,
    0x0, 0x7, 0xff, 0xff, 0x0, 0x1f, 0xff, 0xf8,
    0x7, 0xff, 0xfe, 0x0, 0x0, 0x0, 0x7f, 0xff,
    0xf0, 0x0, 0xff, 0xff, 0xc0, 0x7f, 0xff, 0xe0,
    0x0, 0xff, 0xff, 0xff, 0xff, 0xff, 0xff, 0xff,
    0xff, 0xff, 0xff, 0xff, 0xff, 0xff, 0xff, 0xff,
    0xff, 0xff, 0xff, 0xff, 0xff, 0xff, 0xff, 0xff,
    0xff, 0xff, 0xff, 0xff, 0xff, 0xff, 0xff, 0xff,
    0xff, 0xff, 0xff, 0xff, 0xff, 0xff, 0xff, 0xff,
    0xff, 0xff, 0xff, 0xff, 0xff, 0xff, 0xff, 0xff,
    0xff, 0xff, 0xff, 0xff, 0xff, 0xff, 0xff, 0xff,
    0xff, 0xff, 0xff, 0xff, 0xff, 0xff, 0xff, 0xff,
    0xff, 0xff, 0xff, 0xff, 0xff, 0xff, 0xff, 0xff,
    0xff, 0xff, 0xff, 0xff, 0xff, 0xff, 0xff, 0xff,
    0xff, 0xff, 0xff, 0xff, 0xff, 0xff, 0xff, 0xff,
    0xff, 0xff, 0xff, 0xff, 0xff, 0xff, 0xff, 0xff,
    0xff, 0xff, 0xff, 0xff, 0xff, 0xff, 0xff, 0xff,
    0xff, 0xff, 0xff, 0xff, 0xff, 0xff, 0xff, 0xff,
    0xff, 0xff, 0xff, 0xff, 0xff, 0xff, 0xff, 0xff,
    0xff, 0xff, 0xff, 0xff, 0xff, 0xff, 0x0, 0x7,
    0xff, 0xff, 0x0, 0x0, 0x3f, 0xff, 0xf7, 0xff,
    0xfe, 0x0, 0x0, 0x0, 0x7f, 0xff, 0xf0, 0x0,
    0x1, 0xff, 0xff, 0xff, 0xff, 0xe0, 0x0, 0x0,
    0x7, 0xff, 0xff, 0x0, 0x0, 0x1f, 0xff, 0xff,
    0xff, 0xfe, 0x0, 0x0, 0x0, 0x7f, 0xff, 0xf0,
    0x0, 0x0, 0xff, 0xff, 0xff, 0xff, 0xe0, 0x0,
    0x0, 0x7, 0xff, 0xff, 0x0, 0x0, 0x7, 0xff,
    0xff, 0xff, 0xfe, 0x0, 0x0, 0x0, 0x7f, 0xff,
    0xf0, 0x0, 0x0, 0x7f, 0xff, 0xff, 0xff, 0xe0,
    0x0, 0x0, 0x7, 0xff, 0xff, 0x0, 0x0, 0x3,
    0xff, 0xff, 0xff, 0xfe, 0x0, 0x0, 0x0, 0x7f,
    0xff, 0xf0, 0x0, 0x0, 0x3f, 0xff, 0xff, 0xff,
    0xe0, 0x0, 0x0, 0x7, 0xff, 0xff, 0x0, 0x0,
    0x1, 0xff, 0xff, 0xff, 0xfe, 0x0, 0x0, 0x0,
    0x7f, 0xff, 0xf0, 0x0, 0x0, 0xf, 0xff, 0xff,
    0xff, 0xe0, 0x0, 0x0, 0x7, 0xff, 0xff, 0x0,
    0x0, 0x0, 0xff, 0xff, 0xff, 0xfe, 0x0, 0x0,
    0x0, 0x7f, 0xff, 0xf0, 0x0, 0x0, 0x7, 0xff,
    0xff, 0xff, 0xe0, 0x0, 0x0, 0x7, 0xff, 0xff,
    0x0, 0x0, 0x0, 0x7f, 0xff, 0xff, 0xfe, 0x0,
    0x0, 0x0, 0x7f, 0xff, 0xf0, 0x0, 0x0, 0x3,
    0xff, 0xff, 0xff, 0xe0, 0x0, 0x0, 0x7, 0xff,
    0xff, 0x0, 0x0, 0x0, 0x1f, 0xff, 0xff, 0xfe,
    0x0, 0x0, 0x0, 0x7f, 0xff, 0xf0, 0x0, 0x0,
    0x1, 0xff, 0xff, 0xff, 0xe0, 0x0, 0x0, 0x7,
    0xff, 0xff, 0x0, 0x0, 0x0, 0xf, 0xff, 0xff,
    0xfe, 0x0, 0x0, 0x0, 0x7f, 0xff, 0xf0, 0x0,
    0x0, 0x0, 0x7f, 0xff, 0xff, 0xe0, 0x0, 0x0,
    0x7, 0xff, 0xff, 0x0, 0x0, 0x0, 0x7, 0xff,
    0xff, 0xfe, 0x0, 0x0, 0x0, 0x7f, 0xff, 0xf0,
    0x0, 0x0, 0x0, 0x3f, 0xff, 0xff, 0xe0, 0x0,
    0x0, 0x7, 0xff, 0xff, 0x0, 0x0, 0x0, 0x3,
    0xff, 0xff, 0xfe, 0x0, 0x0, 0x0, 0x7f, 0xff,
    0xf0, 0x0, 0x0, 0x0, 0x1f, 0xff, 0xff, 0xe0,
    0x0, 0x0, 0x7, 0xff, 0xff, 0x0, 0x0, 0x0,
    0x0, 0xff, 0xff, 0xfe, 0x0, 0x0, 0x0, 0x7f,
    0xff, 0xf0, 0x0, 0x0, 0x0, 0xf, 0xff, 0xff,
    0xe0, 0x0, 0x0, 0x7, 0xff, 0xff, 0x0, 0x0,
    0x0, 0x0, 0x7f, 0xff, 0xfe, 0x0, 0x0, 0x0,
    0x7f, 0xff, 0xf0, 0x0, 0x0, 0x0, 0x7, 0xff,
    0xff, 0xe0, 0x0, 0x0, 0x7, 0xff, 0xff, 0x0,
    0x0, 0x0, 0x0, 0x3f, 0xff, 0xfe, 0x0, 0x0,
    0x0, 0x7f, 0xff, 0xf0, 0x0, 0x0, 0x0, 0x1,
    0xff, 0xff, 0xe0, 0x0, 0x0, 0x7, 0xff, 0xff,
    0x0, 0x0, 0x0, 0x0, 0x1f, 0xff, 0xfe, 0x0,
    0x0, 0x0, 0x7f, 0xff, 0xf0, 0x0, 0x0, 0x0,
    0x0, 0xff, 0xff, 0xe0, 0x0, 0x0, 0x7, 0xff,
    0xff, 0x0, 0x0, 0x0, 0x0, 0xf, 0xff, 0xfe,
    0x0, 0x0, 0x0, 0x7f, 0xff, 0xf0, 0x0, 0x0,
    0x0, 0x0, 0x7f, 0xff, 0xe0, 0x0,

    /* U+20A7 "₧" */
    0xff, 0xff, 0xff, 0xff, 0x80, 0x0, 0x0, 0x0,
    0x0, 0x0, 0x0, 0x3, 0xff, 0xff, 0xff, 0xff,
    0xe0, 0x0, 0x0, 0x0, 0x0, 0x0, 0x0, 0xf,
    0xff, 0xff, 0xff, 0xff, 0xf0, 0x0, 0x0, 0x0,
    0x0, 0x0, 0x0, 0x3f, 0xff, 0xff, 0xff, 0xff,
    0xf8, 0x0, 0x0, 0x0, 0x0, 0x0, 0x0, 0xff,
    0xff, 0xff, 0xff, 0xff, 0xf8, 0x0, 0x0, 0x0,
    0x0, 0x0, 0x3, 0xff, 0xff, 0xff, 0xff, 0xff,
    0xf0, 0x0, 0x0, 0x0, 0x0, 0x0, 0xf, 0xff,
    0xff, 0xff, 0xff, 0xff, 0xf0, 0x0, 0x0, 0x0,
    0x0, 0x0, 0x3f, 0xff, 0xff, 0xff, 0xff, 0xff,
    0xe0, 0x0, 0x3f, 0xff, 0xf0, 0x0, 0xff, 0xff,
    0xff, 0xff, 0xff, 0xff, 0xc0, 0x0, 0xff, 0xff,
    0xc0, 0x3, 0xff, 0xff, 0xff, 0xff, 0xff, 0xff,
    0x80, 0x3, 0xff, 0xff, 0x0, 0xf, 0xff, 0xff,
    0xff, 0xff, 0xff, 0xff, 0x0, 0xf, 0xff, 0xfc,
    0x0, 0x3f, 0xff, 0xff, 0xff, 0xff, 0xff, 0xfe,
    0x0, 0x3f, 0xff, 0xf0, 0x0, 0xff, 0xff, 0xff,
    0xff, 0xff, 0xff, 0xf8, 0x0, 0xff, 0xff, 0xc0,
    0x3, 0xff, 0xff, 0xff, 0xff, 0xff, 0xff, 0xf0,
    0x3, 0xff, 0xff, 0x0, 0xf, 0xff, 0xff, 0xff,
    0xff, 0xff, 0xff, 0xc0, 0xf, 0xff, 0xfc, 0x0,
    0x3f, 0xff, 0xf8, 0x0, 0xff, 0xff, 0xff, 0x80,
    0x3f, 0xff, 0xf0, 0x0, 0xff, 0xff, 0xe0, 0x0,
    0x7f, 0xff, 0xfe, 0x0, 0xff, 0xff, 0xc0, 0x3,
    0xff, 0xff, 0x80, 0x0, 0xff, 0xff, 0xfc, 0x3,
    0xff, 0xff, 0x0, 0xf, 0xff, 0xfe, 0x0, 0x0,
    0xff, 0xff, 0xf0, 0xf, 0xff, 0xfc, 0x0, 0x3f,
    0xff, 0xf8, 0x0, 0x3, 0xff, 0xff, 0xe0, 0x3f,
    0xff, 0xf0, 0x0, 0xff, 0xff, 0xe0, 0x0, 0x7,
    0xff, 0xff, 0x80, 0xff, 0xff, 0xc0, 0x3, 0xff,
    0xff, 0x80, 0x0, 0xf, 0xff, 0xfe, 0x3, 0xff,
    0xff, 0x0, 0xf, 0xff, 0xfe, 0x0, 0x0, 0x3f,
    0xff, 0xf8, 0xf, 0xff, 0xfc, 0x0, 0x3f, 0xff,
    0xf8, 0x0, 0x0, 0x7f, 0xff, 0xf0, 0x3f, 0xff,
    0xf0, 0x0, 0xff, 0xff, 0xe0, 0x0, 0x1, 0xff,
    0xff, 0xff, 0xff, 0xff, 0xff, 0xff, 0xff, 0xff,
    0x80, 0x0, 0x7, 0xff, 0xff, 0xff, 0xff, 0xff,
    0xff, 0xff, 0xff, 0xfe, 0x0, 0x0, 0x1f, 0xff,
    0xff, 0xff, 0xff, 0xff, 0xff, 0xff, 0xff, 0xf8,
    0x0, 0x0, 0x7f, 0xff, 0xff, 0xff, 0xff, 0xff,
    0xff, 0xff, 0xff, 0xe0, 0x0, 0x1, 0xff, 0xff,
    0xff, 0xff, 0xff, 0xff, 0xff, 0xff, 0xff, 0x80,
    0x0, 0x7, 0xff, 0xff, 0xff, 0xff, 0xff, 0xff,
    0xff, 0xff, 0xfe, 0x0, 0x0, 0x1f, 0xff, 0xff,
    0xff, 0xff, 0xff, 0xff, 0xff, 0xff, 0xf8, 0x0,
    0x0, 0x7f, 0xff, 0xff, 0xff, 0xff, 0xff, 0xff,
    0xff, 0xff, 0xe0, 0x0, 0x1, 0xff, 0xff, 0xff,
    0xff, 0xff, 0xff, 0xff, 0xff, 0xff, 0x80, 0x0,
    0x7, 0xff, 0xff, 0xff, 0xff, 0xff, 0xff, 0xff,
    0xff, 0xfe, 0x0, 0x0, 0x1f, 0xff, 0xff, 0xff,
    0xff, 0xff, 0xff, 0xff, 0xff, 0xf8, 0x0, 0x0,
    0xff, 0xff, 0xff, 0xff, 0xff, 0xff, 0xff, 0xff,
    0xff, 0xe0, 0x0, 0x3, 0xff, 0xff, 0xff, 0xff,
    0xff, 0xff, 0xff, 0xff, 0xff, 0x80, 0x0, 0xf,
    0xff, 0xfe, 0x3, 0xff, 0xff, 0x0, 0xf, 0xff,
    0xfe, 0x0, 0x0, 0x7f, 0xff, 0xf8, 0xf, 0xff,
    0xfc, 0x0, 0x3f, 0xff, 0xf8, 0x0, 0x3, 0xff,
    0xff, 0xc0, 0x3f, 0xff, 0xf0, 0x0, 0xff, 0xff,
    0xe0, 0x0, 0x1f, 0xff, 0xff, 0x0, 0xff, 0xff,
    0xc0, 0x3, 0xff, 0xff, 0x80, 0x0, 0xff, 0xff,
    0xfc, 0x3, 0xff, 0xff, 0x0, 0xf, 0xff, 0xfe,
    0x0, 0x7, 0xff, 0xff, 0xe0, 0xf, 0xff, 0xfc,
    0x0, 0x3f, 0xff, 0xf8, 0x0, 0xff, 0xff, 0xff,
    0x80, 0x3f, 0xff, 0xf0, 0x0, 0xff, 0xff, 0xff,
    0xff, 0xff, 0xff, 0xfc, 0x0, 0xff, 0xff, 0xc0,
    0x3, 0xff, 0xff, 0xff, 0xff, 0xff, 0xff, 0xf0,
    0x3, 0xff, 0xff, 0x0, 0xf, 0xff, 0xff, 0xff,
    0xff, 0xff, 0xff, 0x80, 0xf, 0xff, 0xfc, 0x0,
    0x3f, 0xff, 0xff, 0xff, 0xff, 0xff, 0xfc, 0x0,
    0x3f, 0xff, 0xf0, 0x0, 0xff, 0xff, 0xff, 0xff,
    0xff, 0xff, 0xf0, 0x0, 0xff, 0xff, 0xc0, 0x3,
    0xff, 0xff, 0xff, 0xff, 0xff, 0xff, 0x80, 0x3,
    0xff, 0xff, 0x0, 0xf, 0xff, 0xff, 0xff, 0xff,
    0xff, 0xfc, 0x0, 0xf, 0xff, 0xfc, 0x0, 0x3f,
    0xff, 0xff, 0xff, 0xff, 0xff, 0xe0, 0x0, 0x3f,
    0xff, 0xf0, 0x0, 0xff, 0xff, 0xff, 0xff, 0xff,
    0xfe, 0x0, 0x0, 0xff, 0xff, 0xc0, 0x3, 0xff,
    0xff, 0xff, 0xff, 0xff, 0xf0, 0x0, 0x3, 0xff,
    0xff, 0x0, 0xf, 0xff, 0xff, 0xff, 0xff, 0xff,
    0x0, 0x0, 0xf, 0xff, 0xfc, 0x0, 0x3f, 0xff,
    0xff, 0xff, 0xff, 0xf8, 0x0, 0x0, 0x3f, 0xff,
    0xf0, 0x0, 0xff, 0xff, 0xff, 0xff, 0xff, 0x0,
    0x0, 0x0, 0xff, 0xff, 0xc0, 0x3, 0xff, 0xff,
    0xff, 0xff, 0xe0, 0x0, 0x0, 0x3, 0xff, 0xff,
    0x0, 0xf, 0xff, 0xff, 0xff, 0xf0, 0x0, 0x0,
    0x0, 0xf, 0xff, 0xfc, 0x0, 0x3f, 0xff, 0xf8,
    0x0, 0x0, 0x0, 0x0, 0x0, 0x3f, 0xff, 0xf0,
    0x0, 0xff, 0xff, 0xe0, 0x0, 0x0, 0x0, 0x0,
    0x0, 0xff, 0xff, 0xc0, 0x3, 0xff, 0xff, 0x80,
    0x0, 0x0, 0x0, 0x0, 0x3, 0xff, 0xff, 0x0,
    0xf, 0xff, 0xfe, 0x0, 0x0, 0x0, 0x0, 0x0,
    0xf, 0xff, 0xfc, 0x0, 0x3f, 0xff, 0xf8, 0x0,
    0x0, 0x0, 0x0, 0x0, 0x3f, 0xff, 0xf0, 0x0,
    0xff, 0xff, 0xe0, 0x0, 0x0, 0x0, 0x0, 0x0,
    0xff, 0xff, 0xc0, 0x3, 0xff, 0xff, 0x80, 0x0,
    0x0, 0x0, 0x0, 0x3, 0xff, 0xff, 0x0, 0xf,
    0xff, 0xfe, 0x0, 0x0, 0x0, 0x0, 0x0, 0xf,
    0xff, 0xfc, 0x0, 0x3f, 0xff, 0xf8, 0x0, 0x0,
    0x0, 0x0, 0x0, 0x3f, 0xff, 0xf0, 0x0, 0xff,
    0xff, 0xe0, 0x0, 0x0, 0x0, 0x0, 0x0, 0xff,
    0xff, 0xc0, 0x3, 0xff, 0xff, 0x80, 0x0, 0x0,
    0x0, 0x0, 0x3, 0xff, 0xff, 0x0, 0xf, 0xff,
    0xfe, 0x0, 0x0, 0x0, 0x0, 0x0, 0xf, 0xff,
    0xfc, 0x0, 0x3f, 0xff, 0xf8, 0x0, 0x0, 0x0,
    0x0, 0x0, 0x3f, 0xff, 0xf0, 0x0, 0xff, 0xff,
    0xe0, 0x0, 0x0, 0x0, 0x0, 0x0, 0xff, 0xff,
    0xc0, 0x3, 0xff, 0xff, 0x80, 0x0, 0x0, 0x0,
    0x0, 0x3, 0xff, 0xff, 0x0, 0xf, 0xff, 0xfe,
    0x0, 0x0, 0x0, 0x0, 0x0, 0xf, 0xff, 0xfc,
    0x0, 0x3f, 0xff, 0xf8, 0x0, 0x0, 0x0, 0x0,
    0x0, 0x3f, 0xff, 0xf8, 0x0, 0xff, 0xff, 0xe0,
    0x0, 0x0, 0x0, 0x0, 0x0, 0xff, 0xff, 0xe0,
    0x3, 0xff, 0xff, 0x80, 0x0, 0x0, 0x0, 0x0,
    0x3, 0xff, 0xff, 0xc0, 0xf, 0xff, 0xfe, 0x0,
    0x0, 0x0, 0x0, 0x0, 0xf, 0xff, 0xff, 0xff,
    0xff, 0xff, 0xf8, 0x0, 0x0, 0x0, 0x0, 0x0,
    0x1f, 0xff, 0xff, 0xff, 0xff, 0xff, 0xe0, 0x0,
    0x0, 0x0, 0x0, 0x0, 0x7f, 0xff, 0xff, 0xff,
    0xff, 0xff, 0x80, 0x0, 0x0, 0x0, 0x0, 0x1,
    0xff, 0xff, 0xff, 0xff, 0xff, 0xfe, 0x0, 0x0,
    0x0, 0x0, 0x0, 0x7, 0xff, 0xff, 0xff, 0xff,
    0xff, 0xf8, 0x0, 0x0, 0x0, 0x0, 0x0, 0xf,
    0xff, 0xff, 0xff, 0xff, 0xff, 0xe0, 0x0, 0x0,
    0x0, 0x0, 0x0, 0x3f, 0xff, 0xff, 0xff, 0xff,
    0xff, 0x80, 0x0, 0x0, 0x0, 0x0, 0x0, 0x7f,
    0xff, 0xff, 0xff, 0xff, 0xfe, 0x0, 0x0, 0x0,
    0x0, 0x0, 0x0, 0xff, 0xff, 0xff, 0xff, 0xff,
    0xf8, 0x0, 0x0, 0x0, 0x0, 0x0, 0x3, 0xff,
    0xff, 0xff, 0xff, 0xff, 0xe0, 0x0, 0x0, 0x0,
    0x0, 0x0, 0x7, 0xff, 0xff, 0xff, 0xff, 0xff,
    0x80, 0x0, 0x0, 0x0, 0x0, 0x0, 0xf, 0xff,
    0xff, 0xff, 0xff, 0xfe, 0x0, 0x0, 0x0, 0x0,
    0x0, 0x0, 0xf, 0xff, 0xff, 0xff, 0xff, 0xf8,
    0x0, 0x0, 0x0, 0x0, 0x0, 0x0, 0xf, 0xff,
    0xff, 0x0, 0x0, 0x0, 0x0, 0x0, 0x0, 0x0,
    0x0, 0x0, 0x3, 0xff, 0xc0,

    /* U+20A8 "₨" */
    0xff, 0xff, 0xff, 0xff, 0xff, 0xc0, 0x0, 0x0,
    0x0, 0x0, 0x0, 0x0, 0x0, 0x0, 0x0, 0x3,
    0xff, 0xff, 0xff, 0xff, 0xff, 0xf8, 0x0, 0x0,
    0x0, 0x0, 0x0, 0x0, 0x0, 0x0, 0x0, 0xf,
    0xff, 0xff, 0xff, 0xff, 0xff, 0xfe, 0x0, 0x0,
    0x0, 0x0, 0x0, 0x0, 0x0, 0x0, 0x0, 0x3f,
    0xff, 0xff, 0xff, 0xff, 0xff, 0xfe, 0x0, 0x0,
    0x0, 0x0, 0x0, 0x0, 0x0, 0x0, 0x0, 0xff,
    0xff, 0xff, 0xff, 0xff, 0xff, 0xfe, 0x0, 0x0,
    0x0, 0x0, 0x0, 0x0, 0x0, 0x0, 0x3, 0xff,
    0xff, 0xff, 0xff, 0xff, 0xff, 0xfe, 0x0, 0x0,
    0x0, 0x0, 0x0, 0x0, 0x0, 0x0, 0xf, 0xff,
    0xff, 0xff, 0xff, 0xff, 0xff, 0xfc, 0x0, 0x0,
    0x0, 0x0, 0x0, 0x0, 0x0, 0x0, 0x3f, 0xff,
    0xff, 0xff, 0xff, 0xff, 0xff, 0xfc, 0x0, 0x0,
    0x0, 0x0, 0x0, 0x0, 0x0, 0x0, 0xff, 0xff,
    0xff, 0xff, 0xff, 0xff, 0xff, 0xf8, 0x0, 0x0,
    0x0, 0x0, 0x0, 0x0, 0x0, 0x3, 0xff, 0xff,
    0xff, 0xff, 0xff, 0xff, 0xff, 0xf0, 0x0, 0x0,
    0x0, 0x0, 0x0, 0x0, 0x0, 0xf, 0xff, 0xff,
    0xff, 0xff, 0xff, 0xff, 0xff, 0xe0, 0x0, 0x0,
    0x0, 0x0, 0x0, 0x0, 0x0, 0x3f, 0xff, 0xff,
    0xff, 0xff, 0xff, 0xff, 0xff, 0x80, 0x0, 0x0,
    0x0, 0x0, 0x0, 0x0, 0x0, 0xff, 0xff, 0xff,
    0xff, 0xff, 0xff, 0xff, 0xff, 0x0, 0x0, 0x0,
    0x0, 0x0, 0x0, 0x0, 0x3, 0xff, 0xff, 0xff,
    0xff, 0xff, 0xff, 0xff, 0xfe, 0x0, 0x0, 0x0,
    0x0, 0x0, 0x0, 0x0, 0xf, 0xff, 0xfe, 0x0,
    0x0, 0x1f, 0xff, 0xff, 0xf8, 0x0, 0x0, 0x0,
    0x0, 0x0, 0x0, 0x0, 0x3f, 0xff, 0xf8, 0x0,
    0x0, 0xf, 0xff, 0xff, 0xf0, 0x0, 0x0, 0x0,
    0x0, 0x0, 0x0, 0x0, 0xff, 0xff, 0xe0, 0x0,
    0x0, 0xf, 0xff, 0xff, 0xc0, 0x0, 0x0, 0x0,
    0x0, 0x0, 0x0, 0x3, 0xff, 0xff, 0x80, 0x0,
    0x0, 0x1f, 0xff, 0xff, 0x0, 0x0, 0x0, 0x0,
    0x0, 0x0, 0x0, 0xf, 0xff, 0xfe, 0x0, 0x0,
    0x0, 0x3f, 0xff, 0xfe, 0x0, 0x0, 0x0, 0x0,
    0x0, 0x0, 0x0, 0x3f, 0xff, 0xf8, 0x0, 0x0,
    0x0, 0x7f, 0xff, 0xf8, 0x0, 0x0, 0x0, 0x0,
    0x0, 0x0, 0x0, 0xff, 0xff, 0xe0, 0x0, 0x0,
    0x1, 0xff, 0xff, 0xe0, 0x0, 0x0, 0x0, 0x0,
    0x0, 0x0, 0x3, 0xff, 0xff, 0x80, 0x0, 0x0,
    0x3, 0xff, 0xff, 0x80, 0x0, 0x0, 0x0, 0x0,
    0x0, 0x0, 0xf, 0xff, 0xfe, 0x0, 0x0, 0x0,
    0xf, 0xff, 0xff, 0x0, 0x0, 0x1, 0xff, 0xf8,
    0x0, 0x0, 0x3f, 0xff, 0xf8, 0x0, 0x0, 0x0,
    0x3f, 0xff, 0xfc, 0x0, 0x0, 0x7f, 0xff, 0xfe,
    0x0, 0x0, 0xff, 0xff, 0xe0, 0x0, 0x0, 0x0,
    0x7f, 0xff, 0xf0, 0x0, 0xf, 0xff, 0xff, 0xff,
    0x0, 0x3, 0xff, 0xff, 0x80, 0x0, 0x0, 0x1,
    0xff, 0xff, 0xc0, 0x0, 0xff, 0xff, 0xff, 0xff,
    0x0, 0xf, 0xff, 0xfe, 0x0, 0x0, 0x0, 0x7,
    0xff, 0xff, 0x0, 0x7, 0xff, 0xff, 0xff, 0xff,
    0x0, 0x3f, 0xff, 0xf8, 0x0, 0x0, 0x0, 0x1f,
    0xff, 0xfc, 0x0, 0x7f, 0xff, 0xff, 0xff, 0xfe,
    0x0, 0xff, 0xff, 0xe0, 0x0, 0x0, 0x0, 0x7f,
    0xff, 0xf0, 0x3, 0xff, 0xff, 0xff, 0xff, 0xfe,
    0x3, 0xff, 0xff, 0x80, 0x0, 0x0, 0x1, 0xff,
    0xff, 0xc0, 0x1f, 0xff, 0xff, 0xff, 0xff, 0xfc,
    0xf, 0xff, 0xfe, 0x0, 0x0, 0x0, 0x7, 0xff,
    0xff, 0x0, 0xff, 0xff, 0xff, 0xff, 0xff, 0xf8,
    0x3f, 0xff, 0xf8, 0x0, 0x0, 0x0, 0x1f, 0xff,
    0xfc, 0x7, 0xff, 0xff, 0xff, 0xff, 0xff, 0xf0,
    0xff, 0xff, 0xe0, 0x0, 0x0, 0x0, 0x7f, 0xff,
    0xf0, 0x3f, 0xff, 0xff, 0xff, 0xff, 0xff, 0xc3,
    0xff, 0xff, 0x80, 0x0, 0x0, 0x3, 0xff, 0xff,
    0x80, 0xff, 0xff, 0xff, 0xff, 0xff, 0xff, 0x8f,
    0xff, 0xfe, 0x0, 0x0, 0x0, 0xf, 0xff, 0xfe,
    0x7, 0xff, 0xff, 0xc0, 0x7f, 0xff, 0xff, 0x3f,
    0xff, 0xf8, 0x0, 0x0, 0x0, 0x3f, 0xff, 0xf8,
    0x1f, 0xff, 0xfc, 0x0, 0x3f, 0xff, 0xfc, 0xff,
    0xff, 0xe0, 0x0, 0x0, 0x1, 0xff, 0xff, 0xe0,
    0xff, 0xff, 0xc0, 0x0, 0x7f, 0xff, 0xfb, 0xff,
    0xff, 0x80, 0x0, 0x0, 0x7, 0xff, 0xff, 0x3,
    0xff, 0xfe, 0x0, 0x0, 0xff, 0xff, 0xef, 0xff,
    0xfe, 0x0, 0x0, 0x0, 0x3f, 0xff, 0xfc, 0xf,
    0xff, 0xf8, 0x0, 0x1, 0xff, 0xff, 0xbf, 0xff,
    0xf8, 0x0, 0x0, 0x1, 0xff, 0xff, 0xf0, 0x7f,
    0xff, 0xc0, 0x0, 0x7, 0xff, 0xff, 0xff, 0xff,
    0xe0, 0x0, 0x0, 0xf, 0xff, 0xff, 0x81, 0xff,
    0xff, 0x0, 0x0, 0x1f, 0xff, 0xff, 0xff, 0xff,
    0x80, 0x0, 0x0, 0xff, 0xff, 0xfe, 0x7, 0xff,
    0xfc, 0x0, 0x0, 0x3f, 0xff, 0xff, 0xff, 0xfe,
    0x0, 0x0, 0x1f, 0xff, 0xff, 0xf0, 0x1f, 0xff,
    0xf0, 0x0, 0x0, 0xff, 0xff, 0xff, 0xff, 0xff,
    0xff, 0xff, 0xff, 0xff, 0xff, 0x80, 0x7f, 0xff,
    0xc0, 0x0, 0x3, 0xff, 0xff, 0xff, 0xff, 0xff,
    0xff, 0xff, 0xff, 0xff, 0xfe, 0x1, 0xff, 0xff,
    0x80, 0x0, 0x0, 0x0, 0x3, 0xff, 0xff, 0xff,
    0xff, 0xff, 0xff, 0xff, 0xf0, 0x7, 0xff, 0xfe,
    0x0, 0x0, 0x0, 0x0, 0xf, 0xff, 0xff, 0xff,
    0xff, 0xff, 0xff, 0xff, 0x80, 0x1f, 0xff, 0xfe,
    0x0, 0x0, 0x0, 0x0, 0x3f, 0xff, 0xff, 0xff,
    0xff, 0xff, 0xff, 0xfc, 0x0, 0x3f, 0xff, 0xfc,
    0x0, 0x0, 0x0, 0x0, 0xff, 0xff, 0xff, 0xff,
    0xff, 0xff, 0xff, 0xc0, 0x0, 0xff, 0xff, 0xfe,
    0x0, 0x0, 0x0, 0x3, 0xff, 0xff, 0xff, 0xff,
    0xff, 0xff, 0xfe, 0x0, 0x3, 0xff, 0xff, 0xff,
    0x0, 0x0, 0x0, 0xf, 0xff, 0xff, 0xff, 0xff,
    0xff, 0xff, 0xe0, 0x0, 0x7, 0xff, 0xff, 0xff,
    0xe0, 0x0, 0x0, 0x3f, 0xff, 0xff, 0xff, 0xff,
    0xff, 0xff, 0x0, 0x0, 0x1f, 0xff, 0xff, 0xff,
    0xf8, 0x0, 0x0, 0xff, 0xff, 0xff, 0xff, 0xff,
    0xff, 0xe0, 0x0, 0x0, 0x3f, 0xff, 0xff, 0xff,
    0xfc, 0x0, 0x3, 0xff, 0xff, 0xff, 0xff, 0xff,
    0xff, 0xc0, 0x0, 0x0, 0x7f, 0xff, 0xff, 0xff,
    0xfc, 0x0, 0xf, 0xff, 0xff, 0xff, 0xff, 0xff,
    0xff, 0x0, 0x0, 0x1, 0xff, 0xff, 0xff, 0xff,
    0xfe, 0x0, 0x3f, 0xff, 0xff, 0xff, 0xff, 0xff,
    0xfe, 0x0, 0x0, 0x3, 0xff, 0xff, 0xff, 0xff,
    0xfe, 0x0, 0xff, 0xff, 0xff, 0xff, 0xff, 0xff,
    0xf8, 0x0, 0x0, 0x3, 0xff, 0xff, 0xff, 0xff,
    0xfc, 0x3, 0xff, 0xff, 0x80, 0x0, 0xff, 0xff,
    0xf0, 0x0, 0x0, 0x7, 0xff, 0xff, 0xff, 0xff,
    0xfc, 0xf, 0xff, 0xfe, 0x0, 0x1, 0xff, 0xff,
    0xc0, 0x0, 0x0, 0x7, 0xff, 0xff, 0xff, 0xff,
    0xf8, 0x3f, 0xff, 0xf8, 0x0, 0x7, 0xff, 0xff,
    0x80, 0x0, 0x0, 0xf, 0xff, 0xff, 0xff, 0xff,
    0xf0, 0xff, 0xff, 0xe0, 0x0, 0xf, 0xff, 0xff,
    0x0, 0x0, 0x0, 0xf, 0xff, 0xff, 0xff, 0xff,
    0xe3, 0xff, 0xff, 0x80, 0x0, 0x3f, 0xff, 0xfc,
    0x0, 0x0, 0x0, 0x7, 0xff, 0xff, 0xff, 0xff,
    0x8f, 0xff, 0xfe, 0x0, 0x0, 0x7f, 0xff, 0xf8,
    0x0, 0x0, 0x0, 0x3, 0xff, 0xff, 0xff, 0xff,
    0x3f, 0xff, 0xf8, 0x0, 0x1, 0xff, 0xff, 0xe0,
    0x0, 0x0, 0x0, 0x0, 0xff, 0xff, 0xff, 0xfc,
    0xff, 0xff, 0xe0, 0x0, 0x3, 0xff, 0xff, 0xc0,
    0x0, 0x0, 0x0, 0x0, 0x3f, 0xff, 0xff, 0xfb,
    0xff, 0xff, 0x80, 0x0, 0xf, 0xff, 0xff, 0x0,
    0x0, 0x0, 0x0, 0x0, 0x1f, 0xff, 0xff, 0xef,
    0xff, 0xfe, 0x0, 0x0, 0x1f, 0xff, 0xfe, 0x0,
    0x0, 0x0, 0x0, 0x0, 0xf, 0xff, 0xff, 0xbf,
    0xff, 0xf8, 0x0, 0x0, 0x7f, 0xff, 0xf8, 0x0,
    0x0, 0x0, 0x0, 0x0, 0x1f, 0xff, 0xff, 0xff,
    0xff, 0xe0, 0x0, 0x0, 0xff, 0xff, 0xf0, 0x0,
    0x0, 0x0, 0x0, 0x0, 0x3f, 0xff, 0xff, 0xff,
    0xff, 0x80, 0x0, 0x3, 0xff, 0xff, 0xc0, 0x1f,
    0xff, 0xf0, 0x0, 0x0, 0x7f, 0xff, 0xff, 0xff,
    0xfe, 0x0, 0x0, 0x7, 0xff, 0xff, 0x80, 0x7f,
    0xff, 0xc0, 0x0, 0x0, 0xff, 0xff, 0xff, 0xff,
    0xf8, 0x0, 0x0, 0x1f, 0xff, 0xfe, 0x1, 0xff,
    0xff, 0x0, 0x0, 0x3, 0xff, 0xff, 0xff, 0xff,
    0xe0, 0x0, 0x0, 0x3f, 0xff, 0xfc, 0x7, 0xff,
    0xfc, 0x0, 0x0, 0xf, 0xff, 0xff, 0xff, 0xff,
    0x80, 0x0, 0x0, 0xff, 0xff, 0xf8, 0xf, 0xff,
    0xf8, 0x0, 0x0, 0x3f, 0xff, 0xff, 0xff, 0xfe,
    0x0, 0x0, 0x1, 0xff, 0xff, 0xe0, 0x3f, 0xff,
    0xe0, 0x0, 0x0, 0xff, 0xff, 0xff, 0xff, 0xf8,
    0x0, 0x0, 0x7, 0xff, 0xff, 0xc0, 0xff, 0xff,
    0xc0, 0x0, 0x7, 0xff, 0xff, 0xff, 0xff, 0xe0,
    0x0, 0x0, 0xf, 0xff, 0xff, 0x1, 0xff, 0xff,
    0x80, 0x0, 0x1f, 0xff, 0xfb, 0xff, 0xff, 0x80,
    0x0, 0x0, 0x1f, 0xff, 0xfe, 0x7, 0xff, 0xff,
    0x0, 0x0, 0xff, 0xff, 0xef, 0xff, 0xfe, 0x0,
    0x0, 0x0, 0x7f, 0xff, 0xf8, 0x1f, 0xff, 0xfe,
    0x0, 0xf, 0xff, 0xff, 0xbf, 0xff, 0xf8, 0x0,
    0x0, 0x0, 0xff, 0xff, 0xf0, 0x3f, 0xff, 0xff,
    0x0, 0xff, 0xff, 0xfc, 0xff, 0xff, 0xe0, 0x0,
    0x0, 0x3, 0xff, 0xff, 0xc0, 0x7f, 0xff, 0xff,
    0xff, 0xff, 0xff, 0xf3, 0xff, 0xff, 0x80, 0x0,
    0x0, 0x7, 0xff, 0xff, 0x81, 0xff, 0xff, 0xff,
    0xff, 0xff, 0xff, 0x8f, 0xff, 0xfe, 0x0, 0x0,
    0x0, 0x1f, 0xff, 0xfe, 0x3, 0xff, 0xff, 0xff,
    0xff, 0xff, 0xfc, 0x3f, 0xff, 0xf8, 0x0, 0x0,
    0x0, 0x3f, 0xff, 0xfc, 0x7, 0xff, 0xff, 0xff,
    0xff, 0xff, 0xe0, 0xff, 0xff, 0xe0, 0x0, 0x0,
    0x0, 0xff, 0xff, 0xf0, 0xf, 0xff, 0xff, 0xff,
    0xff, 0xff, 0x3, 0xff, 0xff, 0x80, 0x0, 0x0,
    0x1, 0xff, 0xff, 0xe0, 0x1f, 0xff, 0xff, 0xff,
    0xff, 0xf8, 0xf, 0xff, 0xfe, 0x0, 0x0, 0x0,
    0x7, 0xff, 0xff, 0x80, 0x1f, 0xff, 0xff, 0xff,
    0xff, 0xc0, 0x3f, 0xff, 0xf8, 0x0, 0x0, 0x0,
    0xf, 0xff, 0xff, 0x0, 0x3f, 0xff, 0xff, 0xff,
    0xfc, 0x0, 0xff, 0xff, 0xe0, 0x0, 0x0, 0x0,
    0x3f, 0xff, 0xfe, 0x0, 0x3f, 0xff, 0xff, 0xff,
    0xe0, 0x3, 0xff, 0xff, 0x80, 0x0, 0x0, 0x0,
    0x7f, 0xff, 0xf8, 0x0, 0x3f, 0xff, 0xff, 0xfc,
    0x0, 0xf, 0xff, 0xfe, 0x0, 0x0, 0x0, 0x0,
    0x0, 0x0, 0x0, 0x0, 0x1f, 0xff, 0xff, 0x80,
    0x0, 0x0, 0x0, 0x0, 0x0, 0x0, 0x0, 0x0,
    0x0, 0x0, 0x0, 0x0, 0x7, 0xff, 0xe0, 0x0,
    0x0,

    /* U+20A9 "₩" */
    0x7, 0xff, 0xff, 0x0, 0x0, 0x7f, 0xff, 0x80,
    0x0, 0x1f, 0xff, 0xf8, 0x0, 0xff, 0xff, 0xe0,
    0x0, 0xf, 0xff, 0xf0, 0x0, 0x3, 0xff, 0xff,
    0x0, 0xf, 0xff, 0xfc, 0x0, 0x1, 0xff, 0xff,
    0x0, 0x0, 0xff, 0xff, 0xe0, 0x1, 0xff, 0xff,
    0x80, 0x0, 0x3f, 0xff, 0xe0, 0x0, 0x1f, 0xff,
    0xfc, 0x0, 0x3f, 0xff, 0xf8, 0x0, 0x7, 0xff,
    0xfc, 0x0, 0x3, 0xff, 0xff, 0x80, 0x7, 0xff,
    0xff, 0x0, 0x0, 0xff, 0xff, 0x80, 0x0, 0x7f,
    0xff, 0xe0, 0x0, 0xff, 0xff, 0xe0, 0x0, 0x1f,
    0xff, 0xf0, 0x0, 0xf, 0xff, 0xfc, 0x0, 0xf,
    0xff, 0xfc, 0x0, 0x3, 0xff, 0xfe, 0x0, 0x1,
    0xff, 0xff, 0x80, 0x1, 0xff, 0xff, 0x80, 0x0,
    0xff, 0xff, 0xc0, 0x0, 0x3f, 0xff, 0xf0, 0x0,
    0x3f, 0xff, 0xf0, 0x0, 0x1f, 0xff, 0xfc, 0x0,
    0xf, 0xff, 0xfe, 0x0, 0x7, 0xff, 0xfe, 0x0,
    0x3, 0xff, 0xff, 0x80, 0x1, 0xff, 0xff, 0xc0,
    0x0, 0xff, 0xff, 0xe0, 0x0, 0x7f, 0xff, 0xf0,
    0x0, 0x3f, 0xff, 0xf0, 0x0, 0xf, 0xff, 0xfc,
    0x0, 0xf, 0xff, 0xfe, 0x0, 0x7, 0xff, 0xfe,
    0x0, 0x1, 0xff, 0xff, 0x80, 0x1, 0xff, 0xff,
    0xc0, 0x0, 0xff, 0xff, 0xc0, 0x0, 0x3f, 0xff,
    0xf0, 0x0, 0x3f, 0xff, 0xf8, 0x0, 0x1f, 0xff,
    0xf8, 0x0, 0x7, 0xff, 0xfe, 0x0, 0xf, 0xff,
    0xff, 0x0, 0x3, 0xff, 0xff, 0x0, 0x0, 0xff,
    0xff, 0xc0, 0x1, 0xff, 0xff, 0xf0, 0x0, 0xff,
    0xff, 0xc0, 0x0, 0x1f, 0xff, 0xf8, 0x0, 0x3f,
    0xff, 0xfe, 0x0, 0x1f, 0xff, 0xf8, 0x0, 0x1,
    0xff, 0xff, 0x80, 0x7, 0xff, 0xff, 0xc0, 0x3,
    0xff, 0xff, 0x0, 0x0, 0x3f, 0xff, 0xf0, 0x0,
    0xff, 0xff, 0xf8, 0x0, 0x7f, 0xff, 0xe0, 0xf,
    0xff, 0xff, 0xff, 0xff, 0xff, 0xff, 0xff, 0xff,
    0xff, 0xff, 0xff, 0xff, 0xff, 0xff, 0xff, 0xff,
    0xff, 0xff, 0xff, 0xff, 0xff, 0xff, 0xff, 0xff,
    0xff, 0xff, 0xff, 0xff, 0xff, 0xff, 0xff, 0xff,
    0xff, 0xff, 0xff, 0xff, 0xff, 0xff, 0xff, 0xff,
    0xff, 0xff, 0xff, 0xff, 0xff, 0xff, 0xff, 0xff,
    0xff, 0xff, 0xff, 0xff, 0xff, 0xff, 0xff, 0xff,
    0xff, 0xff, 0xff, 0xff, 0xff, 0xff, 0xff, 0xff,
    0xff, 0xff, 0xff, 0xff, 0xff, 0xff, 0xff, 0xff,
    0xff, 0xff, 0xff, 0xff, 0xff, 0xff, 0xff, 0xff,
    0xff, 0xff, 0xff, 0xff, 0xff, 0xff, 0xff, 0xff,
    0xff, 0xff, 0xff, 0xff, 0xff, 0xff, 0xff, 0xff,
    0xff, 0xff, 0xff, 0xff, 0xff, 0xff, 0xff, 0xff,
    0xff, 0xff, 0xff, 0xff, 0xff, 0xff, 0xff, 0xff,
    0xff, 0xff, 0xff, 0xff, 0xff, 0xff, 0xff, 0xff,
    0xff, 0xff, 0xff, 0xc0, 0x7, 0xff, 0xfc, 0x1,
    0xff, 0xff, 0xff, 0x0, 0xff, 0xff, 0xc0, 0x0,
    0x0, 0xff, 0xff, 0xc0, 0x3f, 0xff, 0xff, 0xe0,
    0x1f, 0xff, 0xf0, 0x0, 0x0, 0x1f, 0xff, 0xf8,
    0x7, 0xff, 0xff, 0xfc, 0x3, 0xff, 0xfe, 0x0,
    0x0, 0x1, 0xff, 0xff, 0x0, 0xff, 0xff, 0xff,
    0x80, 0x7f, 0xff, 0xc0, 0x0, 0x0, 0x3f, 0xff,
    0xe0, 0x1f, 0xff, 0xff, 0xf0, 0xf, 0xff, 0xf8,
    0x0, 0x0, 0x7, 0xff, 0xfc, 0x3, 0xff, 0xff,
    0xfe, 0x1, 0xff, 0xff, 0x0, 0x0, 0x0, 0xff,
    0xff, 0x80, 0xff, 0xff, 0xff, 0xc0, 0x3f, 0xff,
    0xc0, 0x0, 0x0, 0x1f, 0xff, 0xf0, 0x1f, 0xff,
    0xff, 0xfc, 0xf, 0xff, 0xf8, 0x0, 0x3f, 0xff,
    0xff, 0xff, 0xff, 0xff, 0xff, 0xff, 0xff, 0xff,
    0xff, 0xff, 0xff, 0xff, 0xff, 0xff, 0xff, 0xff,
    0xff, 0xff, 0xff, 0xff, 0xff, 0xff, 0xff, 0xff,
    0xff, 0xff, 0xff, 0xff, 0xff, 0xff, 0xff, 0xff,
    0xff, 0xff, 0xff, 0xff, 0xff, 0xff, 0xff, 0xff,
    0xff, 0xff, 0xff, 0xff, 0xff, 0xff, 0xff, 0xff,
    0xff, 0xff, 0xff, 0xff, 0xff, 0xff, 0xff, 0xff,
    0xff, 0xff, 0xff, 0xff, 0xff, 0xff, 0xff, 0xff,
    0xff, 0xff, 0xff, 0xff, 0xff, 0xff, 0xff, 0xff,
    0xff, 0xff, 0xff, 0xff, 0xff, 0xff, 0xff, 0xff,
    0xff, 0xff, 0xff, 0xff, 0xff, 0xff, 0xff, 0xff,
    0xff, 0xff, 0xff, 0xff, 0xff, 0xff, 0xff, 0xff,
    0xff, 0xff, 0xff, 0xff, 0xff, 0xff, 0xff, 0xff,
    0xff, 0xff, 0xff, 0xff, 0xff, 0xff, 0xff, 0xff,
    0xff, 0xff, 0xff, 0xff, 0xff, 0xff, 0xff, 0xff,
    0xff, 0xff, 0x0, 0x1, 0xff, 0xfe, 0x1f, 0xff,
    0xbf, 0xff, 0xf, 0xff, 0xf0, 0x0, 0x0, 0x0,
    0x3f, 0xff, 0xc3, 0xff, 0xe7, 0xff, 0xe1, 0xff,
    0xfe, 0x0, 0x0, 0x0, 0x7, 0xff, 0xf8, 0x7f,
    0xfc, 0x7f, 0xfc, 0x3f, 0xff, 0xc0, 0x0, 0x0,
    0x0, 0xff, 0xff, 0x1f, 0xff, 0x8f, 0xff, 0x87,
    0xff, 0xf8, 0x0, 0x0, 0x0, 0x1f, 0xff, 0xf3,
    0xff, 0xf1, 0xff, 0xf9, 0xff, 0xfe, 0x0, 0x0,
    0x0, 0x1, 0xff, 0xfe, 0x7f, 0xfe, 0x3f, 0xff,
    0x3f, 0xff, 0xc0, 0x0, 0x0, 0x0, 0x3f, 0xff,
    0xcf, 0xff, 0xc7, 0xff, 0xe7, 0xff, 0xf8, 0x0,
    0x0, 0x0, 0x7, 0xff, 0xf9, 0xff, 0xf8, 0xff,
    0xfc, 0xff, 0xff, 0x0, 0x0, 0x0, 0x0, 0xff,
    0xff, 0x3f, 0xfe, 0x1f, 0xff, 0x9f, 0xff, 0xe0,
    0x0, 0x0, 0x0, 0x1f, 0xff, 0xe7, 0xff, 0xc1,
    0xff, 0xf3, 0xff, 0xf8, 0x0, 0x0, 0x0, 0x1,
    0xff, 0xfd, 0xff, 0xf8, 0x3f, 0xfe, 0x7f, 0xff,
    0x0, 0x0, 0x0, 0x0, 0x3f, 0xff, 0xff, 0xff,
    0x7, 0xff, 0xff, 0xff, 0xe0, 0x0, 0x0, 0x0,
    0x7, 0xff, 0xff, 0xff, 0xe0, 0xff, 0xff, 0xff,
    0xfc, 0x0, 0x0, 0x0, 0x0, 0xff, 0xff, 0xff,
    0xfc, 0x1f, 0xff, 0xff, 0xff, 0x80, 0x0, 0x0,
    0x0, 0x1f, 0xff, 0xff, 0xff, 0x3, 0xff, 0xff,
    0xff, 0xe0, 0x0, 0x0, 0x0, 0x3, 0xff, 0xff,
    0xff, 0xe0, 0x3f, 0xff, 0xff, 0xfc, 0x0, 0x0,
    0x0, 0x0, 0x3f, 0xff, 0xff, 0xfc, 0x7, 0xff,
    0xff, 0xff, 0x80, 0x0, 0x0, 0x0, 0x7, 0xff,
    0xff, 0xff, 0x80, 0xff, 0xff, 0xff, 0xf0, 0x0,
    0x0, 0x0, 0x0, 0xff, 0xff, 0xff, 0xf0, 0x1f,
    0xff, 0xff, 0xfe, 0x0, 0x0, 0x0, 0x0, 0x1f,
    0xff, 0xff, 0xfe, 0x3, 0xff, 0xff, 0xff, 0x80,
    0x0, 0x0, 0x0, 0x3, 0xff, 0xff, 0xff, 0xc0,
    0x7f, 0xff, 0xff, 0xf0, 0x0, 0x0, 0x0, 0x0,
    0x3f, 0xff, 0xff, 0xf0, 0xf, 0xff, 0xff, 0xfe,
    0x0, 0x0, 0x0, 0x0, 0x7, 0xff, 0xff, 0xfe,
    0x0, 0xff, 0xff, 0xff, 0xc0, 0x0, 0x0, 0x0,
    0x0, 0xff, 0xff, 0xff, 0xc0, 0x1f, 0xff, 0xff,
    0xf8, 0x0, 0x0, 0x0, 0x0, 0x1f, 0xff, 0xff,
    0xf8, 0x3, 0xff, 0xff, 0xfe, 0x0, 0x0, 0x0,
    0x0, 0x3, 0xff, 0xff, 0xff, 0x0, 0x7f, 0xff,
    0xff, 0xc0, 0x0, 0x0, 0x0, 0x0, 0x3f, 0xff,
    0xff, 0xe0, 0xf, 0xff, 0xff, 0xf8, 0x0, 0x0,
    0x0, 0x0, 0x7, 0xff, 0xff, 0xf8, 0x1, 0xff,
    0xff, 0xff, 0x0, 0x0, 0x0, 0x0, 0x0, 0xff,
    0xff, 0xff, 0x0, 0x1f, 0xff, 0xff, 0xe0, 0x0,
    0x0, 0x0, 0x0, 0x1f, 0xff, 0xff, 0xe0, 0x3,
    0xff, 0xff, 0xfc, 0x0, 0x0, 0x0, 0x0, 0x3,
    0xff, 0xff, 0xfc, 0x0, 0x7f, 0xff, 0xff, 0x0,
    0x0, 0x0, 0x0, 0x0, 0x3f, 0xff, 0xff, 0x80,
    0xf, 0xff, 0xff, 0xe0, 0x0, 0x0, 0x0, 0x0,
    0x7, 0xff, 0xff, 0xf0, 0x1, 0xff, 0xff, 0xfc,
    0x0, 0x0, 0x0, 0x0, 0x0, 0xff, 0xff, 0xfe,
    0x0, 0x3f, 0xff, 0xff, 0x80, 0x0, 0x0, 0x0,
    0x0, 0x1f, 0xff, 0xff, 0x80, 0x3, 0xff, 0xff,
    0xf0, 0x0, 0x0, 0x0, 0x0, 0x3, 0xff, 0xff,
    0xf0, 0x0, 0x7f, 0xff, 0xfc, 0x0, 0x0, 0x0,
    0x0, 0x0, 0x3f, 0xff, 0xfe, 0x0, 0xf, 0xff,
    0xff, 0x80, 0x0, 0x0, 0x0, 0x0, 0x7, 0xff,
    0xff, 0xc0, 0x1, 0xff, 0xff, 0xf0, 0x0, 0x0,
    0x0, 0x0, 0x0, 0xff, 0xff, 0xf8, 0x0, 0x3f,
    0xff, 0xfe, 0x0, 0x0, 0x0, 0x0, 0x0, 0x1f,
    0xff, 0xff, 0x0, 0x7, 0xff, 0xff, 0xc0, 0x0,
    0x0, 0x0, 0x0, 0x3, 0xff, 0xff, 0xc0, 0x0,
    0xff, 0xff, 0xf0, 0x0, 0x0, 0x0, 0x0, 0x0,
    0x3f, 0xff, 0xf8, 0x0, 0xf, 0xff, 0xfe, 0x0,
    0x0, 0x0, 0x0, 0x0, 0x7, 0xff, 0xff, 0x0,
    0x1, 0xff, 0xff, 0xc0, 0x0, 0x0, 0x0, 0x0,
    0x0, 0xff, 0xff, 0xe0, 0x0, 0x3f, 0xff, 0xf8,
    0x0, 0x0, 0x0,

    /* U+20AA "₪" */
    0xff, 0xff, 0xff, 0xff, 0xff, 0xff, 0xfc, 0x0,
    0x0, 0x0, 0xff, 0xff, 0xff, 0xff, 0xff, 0xff,
    0xff, 0xff, 0xff, 0xf0, 0x0, 0x0, 0x3f, 0xff,
    0xff, 0xff, 0xff, 0xff, 0xff, 0xff, 0xff, 0xff,
    0x80, 0x0, 0xf, 0xff, 0xff, 0xff, 0xff, 0xff,
    0xff, 0xff, 0xff, 0xff, 0xf8, 0x0, 0x3, 0xff,
    0xff, 0xff, 0xff, 0xff, 0xff, 0xff, 0xff, 0xff,
    0xff, 0x0, 0x0, 0xff, 0xff, 0xff, 0xff, 0xff,
    0xff, 0xff, 0xff, 0xff, 0xff, 0xe0, 0x0, 0x3f,
    0xff, 0xff, 0xff, 0xff, 0xff, 0xff, 0xff, 0xff,
    0xff, 0xfc, 0x0, 0xf, 0xff, 0xff, 0xff, 0xff,
    0xff, 0xff, 0xff, 0xff, 0xff, 0xff, 0x80, 0x3,
    0xff, 0xff, 0xff, 0xff, 0xff, 0xff, 0xff, 0xff,
    0xff, 0xff, 0xe0, 0x0, 0xff, 0xff, 0xff, 0xff,
    0xff, 0xff, 0xff, 0xff, 0xff, 0xff, 0xfc, 0x0,
    0x3f, 0xff, 0xff, 0xff, 0xff, 0xff, 0xff, 0xff,
    0xff, 0xff, 0xff, 0x0, 0xf, 0xff, 0xff, 0xff,
    0xff, 0xff, 0xff, 0xff, 0xff, 0xff, 0xff, 0xe0,
    0x3, 0xff, 0xff, 0xff, 0xff, 0xff, 0xff, 0xff,
    0xff, 0xff, 0xff, 0xf8, 0x0, 0xff, 0xff, 0xff,
    0xff, 0xff, 0xff, 0xff, 0xff, 0xff, 0xff, 0xff,
    0x0, 0x3f, 0xff, 0xff, 0xff, 0xfc, 0x0, 0x0,
    0x0, 0x3f, 0xff, 0xff, 0xc0, 0xf, 0xff, 0xff,
    0xff, 0xff, 0x0, 0x0, 0x0, 0x1, 0xff, 0xff,
    0xf0, 0x3, 0xff, 0xff, 0xff, 0xff, 0xc0, 0x0,
    0x0, 0x0, 0x3f, 0xff, 0xfc, 0x0, 0xff, 0xff,
    0xff, 0xff, 0xf0, 0x0, 0x0, 0x0, 0x7, 0xff,
    0xff, 0x0, 0x3f, 0xff, 0xff, 0xff, 0xfc, 0x0,
    0x0, 0x0, 0x0, 0xff, 0xff, 0xe0, 0xf, 0xff,
    0xff, 0xff, 0xff, 0x0, 0x0, 0x0, 0x0, 0x3f,
    0xff, 0xf8, 0x3, 0xff, 0xff, 0xff, 0xff, 0xc0,
    0x0, 0x0, 0x0, 0xf, 0xff, 0xfe, 0x0, 0xff,
    0xff, 0xff, 0xff, 0xf0, 0x0, 0x0, 0x0, 0x1,
    0xff, 0xff, 0x80, 0x3f, 0xff, 0xff, 0xff, 0xfc,
    0x0, 0x0, 0x0, 0x0, 0x7f, 0xff, 0xe0, 0xf,
    0xff, 0xff, 0xff, 0xff, 0x0, 0x7f, 0xff, 0xe0,
    0x1f, 0xff, 0xf8, 0x3, 0xff, 0xff, 0xff, 0xff,
    0xc0, 0x1f, 0xff, 0xf8, 0x7, 0xff, 0xfe, 0x0,
    0xff, 0xff, 0xff, 0xff, 0xf0, 0x7, 0xff, 0xfe,
    0x1, 0xff, 0xff, 0x80, 0x3f, 0xff, 0xff, 0xff,
    0xfc, 0x1, 0xff, 0xff, 0x80, 0x7f, 0xff, 0xe0,
    0xf, 0xff, 0xff, 0xff, 0xff, 0x0, 0x7f, 0xff,
    0xe0, 0x1f, 0xff, 0xf8, 0x3, 0xff, 0xff, 0xff,
    0xff, 0xc0, 0x1f, 0xff, 0xf8, 0x7, 0xff, 0xfe,
    0x0, 0xff, 0xff, 0xff, 0xff, 0xf0, 0x7, 0xff,
    0xfe, 0x1, 0xff, 0xff, 0x80, 0x3f, 0xff, 0xff,
    0xff, 0xfc, 0x1, 0xff, 0xff, 0x80, 0x7f, 0xff,
    0xe0, 0xf, 0xff, 0xff, 0xff, 0xff, 0x0, 0x7f,
    0xff, 0xe0, 0x1f, 0xff, 0xf8, 0x3, 0xff, 0xff,
    0xff, 0xff, 0xc0, 0x1f, 0xff, 0xf8, 0x7, 0xff,
    0xfe, 0x0, 0xff, 0xff, 0xff, 0xff, 0xf0, 0x7,
    0xff, 0xfe, 0x1, 0xff, 0xff, 0x80, 0x3f, 0xff,
    0xff, 0xff, 0xfc, 0x1, 0xff, 0xff, 0x80, 0x7f,
    0xff, 0xe0, 0xf, 0xff, 0xff, 0xff, 0xff, 0x0,
    0x7f, 0xff, 0xe0, 0x1f, 0xff, 0xf8, 0x3, 0xff,
    0xff, 0xff, 0xff, 0xc0, 0x1f, 0xff, 0xf8, 0x7,
    0xff, 0xfe, 0x0, 0xff, 0xff, 0xff, 0xff, 0xf0,
    0x7, 0xff, 0xfe, 0x1, 0xff, 0xff, 0x80, 0x3f,
    0xff, 0xff, 0xff, 0xfc, 0x1, 0xff, 0xff, 0x80,
    0x7f, 0xff, 0xe0, 0xf, 0xff, 0xff, 0xff, 0xff,
    0x0, 0x7f, 0xff, 0xe0, 0x1f, 0xff, 0xf8, 0x3,
    0xff, 0xff, 0xff, 0xff, 0xc0, 0x1f, 0xff, 0xf8,
    0x7, 0xff, 0xfe, 0x0, 0xff, 0xff, 0xff, 0xff,
    0xf0, 0x7, 0xff, 0xfe, 0x1, 0xff, 0xff, 0x80,
    0x3f, 0xff, 0xff, 0xff, 0xfc, 0x1, 0xff, 0xff,
    0x80, 0x7f, 0xff, 0xe0, 0xf, 0xff, 0xff, 0xff,
    0xff, 0x0, 0x7f, 0xff, 0xe0, 0x1f, 0xff, 0xf8,
    0x3, 0xff, 0xff, 0xff, 0xff, 0xc0, 0x1f, 0xff,
    0xf8, 0x7, 0xff, 0xfe, 0x0, 0xff, 0xff, 0xff,
    0xff, 0xf0, 0x7, 0xff, 0xfe, 0x0, 0x0, 0x0,
    0x0, 0x3f, 0xff, 0xff, 0xff, 0xfc, 0x1, 0xff,
    0xff, 0x80, 0x0, 0x0, 0x0, 0xf, 0xff, 0xff,
    0xff, 0xff, 0x0, 0x7f, 0xff, 0xe0, 0x0, 0x0,
    0x0, 0x7, 0xff, 0xfe, 0xff, 0xff, 0xc0, 0x1f,
    0xff, 0xf8, 0x0, 0x0, 0x0, 0x1, 0xff, 0xff,
    0xbf, 0xff, 0xf0, 0x7, 0xff, 0xfe, 0x0, 0x0,
    0x0, 0x0, 0x7f, 0xff, 0xef, 0xff, 0xfc, 0x1,
    0xff, 0xff, 0x80, 0x0, 0x0, 0x0, 0x3f, 0xff,
    0xfb, 0xff, 0xff, 0x0, 0x7f, 0xff, 0xe0, 0x0,
    0x0, 0x0, 0x1f, 0xff, 0xfc, 0xff, 0xff, 0xc0,
    0x1f, 0xff, 0xf8, 0x0, 0x0, 0x0, 0xf, 0xff,
    0xff, 0x3f, 0xff, 0xf0, 0x7, 0xff, 0xfe, 0x0,
    0x0, 0x0, 0x1f, 0xff, 0xff, 0x8f, 0xff, 0xfc,
    0x1, 0xff, 0xff, 0xff, 0xff, 0xff, 0xff, 0xff,
    0xff, 0xc3, 0xff, 0xff, 0x0, 0x7f, 0xff, 0xff,
    0xff, 0xff, 0xff, 0xff, 0xff, 0xf0, 0xff, 0xff,
    0xc0, 0x1f, 0xff, 0xff, 0xff, 0xff, 0xff, 0xff,
    0xff, 0xf8, 0x3f, 0xff, 0xf0, 0x7, 0xff, 0xff,
    0xff, 0xff, 0xff, 0xff, 0xff, 0xfc, 0xf, 0xff,
    0xfc, 0x1, 0xff, 0xff, 0xff, 0xff, 0xff, 0xff,
    0xff, 0xfe, 0x3, 0xff, 0xff, 0x0, 0x7f, 0xff,
    0xff, 0xff, 0xff, 0xff, 0xff, 0xff, 0x0, 0xff,
    0xff, 0xc0, 0x1f, 0xff, 0xff, 0xff, 0xff, 0xff,
    0xff, 0xff, 0x0, 0x3f, 0xff, 0xf0, 0x7, 0xff,
    0xff, 0xff, 0xff, 0xff, 0xff, 0xff, 0x80, 0xf,
    0xff, 0xfc, 0x1, 0xff, 0xff, 0xff, 0xff, 0xff,
    0xff, 0xff, 0x80, 0x3, 0xff, 0xff, 0x0, 0x7f,
    0xff, 0xff, 0xff, 0xff, 0xff, 0xff, 0x80, 0x0,
    0xff, 0xff, 0xc0, 0x1f, 0xff, 0xff, 0xff, 0xff,
    0xff, 0xff, 0x80, 0x0, 0x3f, 0xff, 0xf0, 0x7,
    0xff, 0xff, 0xff, 0xff, 0xff, 0xff, 0x80, 0x0,
    0xf, 0xff, 0xfc, 0x1, 0xff, 0xff, 0xff, 0xff,
    0xff, 0xfe, 0x0, 0x0, 0x3, 0xff, 0xff, 0x0,
    0x7f, 0xff, 0xff, 0xff, 0xff, 0xe0, 0x0, 0x0,
    0x0,

    /* U+20AB "₫" */
    0x0, 0x0, 0x0, 0x0, 0x0, 0x1f, 0xff, 0xf8,
    0x0, 0x0, 0x0, 0x0, 0x0, 0x0, 0x3f, 0xff,
    0xf0, 0x0, 0x0, 0x0, 0x0, 0x0, 0x0, 0x7f,
    0xff, 0xe0, 0x0, 0x0, 0x0, 0x0, 0x0, 0x0,
    0xff, 0xff, 0xc0, 0x0, 0x0, 0x0, 0x0, 0x0,
    0x1, 0xff, 0xff, 0x80, 0x0, 0x0, 0x0, 0x0,
    0x0, 0x3, 0xff, 0xff, 0x0, 0x0, 0x0, 0x0,
    0x0, 0x0, 0x7, 0xff, 0xfe, 0x0, 0x0, 0x0,
    0x0, 0x0, 0x0, 0xf, 0xff, 0xfc, 0x0, 0x0,
    0x0, 0x0, 0x0, 0x0, 0x1f, 0xff, 0xf8, 0x0,
    0x0, 0x0, 0x0, 0x3f, 0xff, 0xff, 0xff, 0xff,
    0xfc, 0x0, 0x0, 0x0, 0x7f, 0xff, 0xff, 0xff,
    0xff, 0xf8, 0x0, 0x0, 0x0, 0xff, 0xff, 0xff,
    0xff, 0xff, 0xf0, 0x0, 0x0, 0x1, 0xff, 0xff,
    0xff, 0xff, 0xff, 0xe0, 0x0, 0x0, 0x3, 0xff,
    0xff, 0xff, 0xff, 0xff, 0xc0, 0x0, 0x0, 0x7,
    0xff, 0xff, 0xff, 0xff, 0xff, 0x80, 0x0, 0x0,
    0xf, 0xff, 0xff, 0xff, 0xff, 0xff, 0x0, 0x0,
    0x0, 0x1f, 0xff, 0xff, 0xff, 0xff, 0xfe, 0x0,
    0x0, 0x0, 0x3f, 0xff, 0xff, 0xff, 0xff, 0xfc,
    0x0, 0x0, 0x0, 0x7f, 0xff, 0xff, 0xff, 0xff,
    0xf8, 0x0, 0x0, 0x0, 0xff, 0xff, 0xff, 0xff,
    0xff, 0xf0, 0x0, 0x0, 0x0, 0x0, 0x1, 0xff,
    0xff, 0x80, 0x0, 0x0, 0x0, 0x0, 0x0, 0x3,
    0xff, 0xff, 0x0, 0x0, 0x0, 0x0, 0x0, 0x0,
    0x7, 0xff, 0xfe, 0x0, 0x0, 0x0, 0x0, 0x0,
    0x0, 0xf, 0xff, 0xfc, 0x0, 0x0, 0x0, 0x0,
    0x0, 0x0, 0x1f, 0xff, 0xf8, 0x0, 0x0, 0x0,
    0x0, 0x0, 0x0, 0x3f, 0xff, 0xf0, 0x0, 0x0,
    0x0, 0x0, 0x0, 0x0, 0x7f, 0xff, 0xe0, 0x0,
    0x0, 0x0, 0x0, 0x0, 0x0, 0xff, 0xff, 0xc0,
    0x0, 0x0, 0x0, 0x7f, 0xe0, 0x1, 0xff, 0xff,
    0x80, 0x0, 0x0, 0x7, 0xff, 0xfc, 0x3, 0xff,
    0xff, 0x0, 0x0, 0x0, 0x7f, 0xff, 0xfe, 0x7,
    0xff, 0xfe, 0x0, 0x0, 0x3, 0xff, 0xff, 0xff,
    0xf, 0xff, 0xfc, 0x0, 0x0, 0xf, 0xff, 0xff,
    0xff, 0x1f, 0xff, 0xf8, 0x0, 0x0, 0x3f, 0xff,
    0xff, 0xff, 0x3f, 0xff, 0xf0, 0x0, 0x0, 0xff,
    0xff, 0xff, 0xff, 0x7f, 0xff, 0xe0, 0x0, 0x3,
    0xff, 0xff, 0xff, 0xff, 0xff, 0xff, 0xc0, 0x0,
    0xf, 0xff, 0xff, 0xff, 0xff, 0xff, 0xff, 0x80,
    0x0, 0x3f, 0xff, 0xff, 0xff, 0xff, 0xff, 0xff,
    0x0, 0x0, 0xff, 0xff, 0xff, 0xff, 0xff, 0xff,
    0xfe, 0x0, 0x1, 0xff, 0xff, 0xff, 0xff, 0xff,
    0xff, 0xfc, 0x0, 0x7, 0xff, 0xff, 0xff, 0xff,
    0xff, 0xff, 0xf8, 0x0, 0x1f, 0xff, 0xff, 0xff,
    0xff, 0xff, 0xff, 0xf0, 0x0, 0x3f, 0xff, 0xff,
    0x80, 0x7f, 0xff, 0xff, 0xe0, 0x0, 0xff, 0xff,
    0xfc, 0x0, 0x1f, 0xff, 0xff, 0xc0, 0x1, 0xff,
    0xff, 0xf0, 0x0, 0x1f, 0xff, 0xff, 0x80, 0x3,
    0xff, 0xff, 0xc0, 0x0, 0x1f, 0xff, 0xff, 0x0,
    0xf, 0xff, 0xff, 0x0, 0x0, 0x1f, 0xff, 0xfe,
    0x0, 0x1f, 0xff, 0xfc, 0x0, 0x0, 0x1f, 0xff,
    0xfc, 0x0, 0x3f, 0xff, 0xf8, 0x0, 0x0, 0x1f,
    0xff, 0xf8, 0x0, 0xff, 0xff, 0xe0, 0x0, 0x0,
    0x3f, 0xff, 0xf0, 0x1, 0xff, 0xff, 0xc0, 0x0,
    0x0, 0x7f, 0xff, 0xe0, 0x3, 0xff, 0xff, 0x0,
    0x0, 0x0, 0xff, 0xff, 0xc0, 0x7, 0xff, 0xfe,
    0x0, 0x0, 0x1, 0xff, 0xff, 0x80, 0xf, 0xff,
    0xfc, 0x0, 0x0, 0x3, 0xff, 0xff, 0x0, 0x3f,
    0xff, 0xf8, 0x0, 0x0, 0x7, 0xff, 0xfe, 0x0,
    0x7f, 0xff, 0xf0, 0x0, 0x0, 0xf, 0xff, 0xfc,
    0x0, 0xff, 0xff, 0xc0, 0x0, 0x0, 0x1f, 0xff,
    0xf8, 0x1, 0xff, 0xff, 0x80, 0x0, 0x0, 0x3f,
    0xff, 0xf0, 0x3, 0xff, 0xff, 0x0, 0x0, 0x0,
    0x7f, 0xff, 0xe0, 0x7, 0xff, 0xfe, 0x0, 0x0,
    0x0, 0xff, 0xff, 0xc0, 0xf, 0xff, 0xfc, 0x0,
    0x0, 0x1, 0xff, 0xff, 0x80, 0x1f, 0xff, 0xf8,
    0x0, 0x0, 0x3, 0xff, 0xff, 0x0, 0x3f, 0xff,
    0xf0, 0x0, 0x0, 0x7, 0xff, 0xfe, 0x0, 0x7f,
    0xff, 0xe0, 0x0, 0x0, 0xf, 0xff, 0xfc, 0x0,
    0xff, 0xff, 0xc0, 0x0, 0x0, 0x1f, 0xff, 0xf8,
    0x1, 0xff, 0xff, 0x80, 0x0, 0x0, 0x3f, 0xff,
    0xf0, 0x3, 0xff, 0xff, 0x0, 0x0, 0x0, 0x7f,
    0xff, 0xe0, 0x7, 0xff, 0xfe, 0x0, 0x0, 0x0,
    0xff, 0xff, 0xc0, 0xf, 0xff, 0xfc, 0x0, 0x0,
    0x1, 0xff, 0xff, 0x80, 0x1f, 0xff, 0xf8, 0x0,
    0x0, 0x3, 0xff, 0xff, 0x0, 0x3f, 0xff, 0xf0,
    0x0, 0x0, 0x7, 0xff, 0xfe, 0x0, 0x3f, 0xff,
    0xf0, 0x0, 0x0, 0xf, 0xff, 0xfc, 0x0, 0x7f,
    0xff, 0xe0, 0x0, 0x0, 0x1f, 0xff, 0xf8, 0x0,
    0xff, 0xff, 0xc0, 0x0, 0x0, 0x3f, 0xff, 0xf0,
    0x1, 0xff, 0xff, 0x80, 0x0, 0x0, 0x7f, 0xff,
    0xe0, 0x3, 0xff, 0xff, 0x80, 0x0, 0x0, 0xff,
    0xff, 0xc0, 0x7, 0xff, 0xff, 0x0, 0x0, 0x1,
    0xff, 0xff, 0x80, 0x7, 0xff, 0xff, 0x0, 0x0,
    0x3, 0xff, 0xff, 0x0, 0xf, 0xff, 0xfe, 0x0,
    0x0, 0xf, 0xff, 0xfe, 0x0, 0x1f, 0xff, 0xfe,
    0x0, 0x0, 0x3f, 0xff, 0xfc, 0x0, 0x1f, 0xff,
    0xfe, 0x0, 0x0, 0xff, 0xff, 0xf8, 0x0, 0x3f,
    0xff, 0xfe, 0x0, 0x3, 0xff, 0xff, 0xf0, 0x0,
    0x3f, 0xff, 0xfe, 0x0, 0xf, 0xff, 0xff, 0xe0,
    0x0, 0x7f, 0xff, 0xff, 0x0, 0xff, 0xff, 0xff,
    0xc0, 0x0, 0x7f, 0xff, 0xff, 0xff, 0xff, 0xff,
    0xff, 0x80, 0x0, 0xff, 0xff, 0xff, 0xff, 0xff,
    0xff, 0xff, 0x0, 0x0, 0xff, 0xff, 0xff, 0xff,
    0xff, 0xff, 0xfe, 0x0, 0x1, 0xff, 0xff, 0xff,
    0xff, 0xff, 0xff, 0xfc, 0x0, 0x1, 0xff, 0xff,
    0xff, 0xff, 0xff, 0xff, 0xf8, 0x0, 0x1, 0xff,
    0xff, 0xff, 0xff, 0xff, 0xff, 0xf0, 0x0, 0x1,
    0xff, 0xff, 0xff, 0xff, 0xbf, 0xff, 0xe0, 0x0,
    0x1, 0xff, 0xff, 0xff, 0xfe, 0x7f, 0xff, 0xc0,
    0x0, 0x1, 0xff, 0xff, 0xff, 0xf8, 0xff, 0xff,
    0x80, 0x0, 0x1, 0xff, 0xff, 0xff, 0xe1, 0xff,
    0xff, 0x0, 0x0, 0x1, 0xff, 0xff, 0xff, 0x81,
    0xff, 0xfe, 0x0, 0x0, 0x0, 0xff, 0xff, 0xfc,
    0x3, 0xff, 0xfc, 0x0, 0x0, 0x0, 0x7f, 0xff,
    0xe0, 0x7, 0xff, 0xf8, 0x0, 0x0, 0x0, 0xf,
    0xfc, 0x0, 0x0, 0x0, 0x0, 0x0, 0x0, 0x0,
    0x0, 0x0, 0x0, 0x0, 0x0, 0x0, 0x0, 0x0,
    0x0, 0x0, 0x0, 0x0, 0x0, 0x0, 0x0, 0x0,
    0x0, 0x0, 0x0, 0x0, 0x0, 0x0, 0x0, 0x0,
    0x0, 0x0, 0x0, 0x0, 0x0, 0x0, 0x0, 0x0,
    0x0, 0x0, 0x0, 0x0, 0x0, 0x0, 0x0, 0x0,
    0x0, 0x0, 0x0, 0x0, 0x0, 0x0, 0x0, 0x0,
    0x0, 0x0, 0x0, 0x0, 0x0, 0x0, 0x0, 0x0,
    0x0, 0x0, 0x0, 0x0, 0xf, 0xff, 0xff, 0xff,
    0xff, 0xff, 0xff, 0xf8, 0x0, 0x1f, 0xff, 0xff,
    0xff, 0xff, 0xff, 0xff, 0xf0, 0x0, 0x3f, 0xff,
    0xff, 0xff, 0xff, 0xff, 0xff, 0xe0, 0x0, 0x7f,
    0xff, 0xff, 0xff, 0xff, 0xff, 0xff, 0xc0, 0x0,
    0xff, 0xff, 0xff, 0xff, 0xff, 0xff, 0xff, 0x80,
    0x1, 0xff, 0xff, 0xff, 0xff, 0xff, 0xff, 0xff,
    0x0, 0x3, 0xff, 0xff, 0xff, 0xff, 0xff, 0xff,
    0xfe, 0x0, 0x7, 0xff, 0xff, 0xff, 0xff, 0xff,
    0xff, 0xfc, 0x0, 0xf, 0xff, 0xff, 0xff, 0xff,
    0xff, 0xff, 0xf8, 0x0, 0x1f, 0xff, 0xff, 0xff,
    0xff, 0xff, 0xff, 0xf0, 0x0, 0x3f, 0xff, 0xff,
    0xff, 0xff, 0xff, 0xff, 0xe0, 0x0, 0x7f, 0xff,
    0xff, 0xff, 0xff, 0xff, 0xff, 0xc0, 0x0, 0xff,
    0xff, 0xff, 0xff, 0xff, 0xff, 0xff, 0x80, 0x1,
    0xff, 0xff, 0xff, 0xff, 0xff, 0xff, 0xff, 0x0,
    0x0,

    /* U+20AC "€" */
    0x0, 0x0, 0x0, 0x0, 0x0, 0x7f, 0xff, 0x0,
    0x0, 0x0, 0x0, 0x0, 0x1f, 0xff, 0xff, 0xf0,
    0x0, 0x0, 0x0, 0x1, 0xff, 0xff, 0xff, 0xf8,
    0x0, 0x0, 0x0, 0x1f, 0xff, 0xff, 0xff, 0xf0,
    0x0, 0x0, 0x0, 0xff, 0xff, 0xff, 0xff, 0xe0,
    0x0, 0x0, 0x7, 0xff, 0xff, 0xff, 0xff, 0x80,
    0x0, 0x0, 0x1f, 0xff, 0xff, 0xff, 0xff, 0x0,
    0x0, 0x0, 0xff, 0xff, 0xff, 0xff, 0xfe, 0x0,
    0x0, 0x3, 0xff, 0xff, 0xff, 0xff, 0xfc, 0x0,
    0x0, 0xf, 0xff, 0xff, 0xff, 0xff, 0xf8, 0x0,
    0x0, 0x3f, 0xff, 0xff, 0xff, 0xff, 0xf0, 0x0,
    0x0, 0xff, 0xff, 0xff, 0xff, 0xff, 0xc0, 0x0,
    0x3, 0xff, 0xff, 0xff, 0xff, 0xff, 0x80, 0x0,
    0x7, 0xff, 0xff, 0xff, 0xff, 0xff, 0x0, 0x0,
    0x1f, 0xff, 0xff, 0xfc, 0x0, 0x7e, 0x0, 0x0,
    0x7f, 0xff, 0xff, 0xc0, 0x0, 0xc, 0x0, 0x0,
    0xff, 0xff, 0xfe, 0x0, 0x0, 0x0, 0x0, 0x3,
    0xff, 0xff, 0xf0, 0x0, 0x0, 0x0, 0x0, 0x7,
    0xff, 0xff, 0xc0, 0x0, 0x0, 0x0, 0x0, 0x1f,
    0xff, 0xff, 0x0, 0x0, 0x0, 0x0, 0x0, 0x3f,
    0xff, 0xfc, 0x0, 0x0, 0x0, 0x0, 0x0, 0xff,
    0xff, 0xf0, 0x0, 0x0, 0x0, 0x0, 0x1, 0xff,
    0xff, 0xe0, 0x0, 0x0, 0x0, 0x0, 0x3, 0xff,
    0xff, 0x80, 0x0, 0x0, 0x0, 0x0, 0xf, 0xff,
    0xff, 0x0, 0x0, 0x0, 0x0, 0x0, 0x1f, 0xff,
    0xfe, 0x0, 0x0, 0x0, 0x0, 0x0, 0x3f, 0xff,
    0xf8, 0x0, 0x0, 0x0, 0x0, 0x0, 0x7f, 0xff,
    0xf0, 0x0, 0x0, 0x0, 0x0, 0x0, 0xff, 0xff,
    0xe0, 0x0, 0x0, 0x0, 0x0, 0x3, 0xff, 0xff,
    0xc0, 0x0, 0x0, 0x0, 0x0, 0x7, 0xff, 0xff,
    0x0, 0x0, 0x0, 0x0, 0x0, 0xf, 0xff, 0xfe,
    0x0, 0x0, 0x0, 0x0, 0x0, 0x1f, 0xff, 0xfc,
    0x0, 0x0, 0x0, 0x1, 0xff, 0xff, 0xff, 0xff,
    0xff, 0xff, 0xc0, 0x3, 0xff, 0xff, 0xff, 0xff,
    0xff, 0xff, 0x80, 0x7, 0xff, 0xff, 0xff, 0xff,
    0xff, 0xff, 0x0, 0xf, 0xff, 0xff, 0xff, 0xff,
    0xff, 0xfe, 0x0, 0x1f, 0xff, 0xff, 0xff, 0xff,
    0xff, 0xfc, 0x0, 0x3f, 0xff, 0xff, 0xff, 0xff,
    0xff, 0xf8, 0x0, 0x7f, 0xff, 0xff, 0xff, 0xff,
    0xff, 0xf0, 0x0, 0xff, 0xff, 0xff, 0xff, 0xff,
    0xff, 0xe0, 0x1, 0xff, 0xff, 0xff, 0xff, 0xff,
    0xff, 0xc0, 0x0, 0x0, 0x7f, 0xff, 0xf0, 0x0,
    0x0, 0x0, 0x0, 0x0, 0xff, 0xff, 0xe0, 0x0,
    0x0, 0x0, 0x0, 0x1, 0xff, 0xff, 0xc0, 0x0,
    0x0, 0x0, 0x0, 0x3, 0xff, 0xff, 0x80, 0x0,
    0x0, 0x0, 0x0, 0x7, 0xff, 0xff, 0x0, 0x0,
    0x0, 0x0, 0x0, 0xf, 0xff, 0xfe, 0x0, 0x0,
    0x0, 0x0, 0x0, 0x1f, 0xff, 0xfc, 0x0, 0x0,
    0x0, 0x0, 0x0, 0x3f, 0xff, 0xf8, 0x0, 0x0,
    0x0, 0x3, 0xff, 0xff, 0xff, 0xff, 0xff, 0xff,
    0x80, 0x7, 0xff, 0xff, 0xff, 0xff, 0xff, 0xff,
    0x0, 0xf, 0xff, 0xff, 0xff, 0xff, 0xff, 0xfe,
    0x0, 0x1f, 0xff, 0xff, 0xff, 0xff, 0xff, 0xfc,
    0x0, 0x3f, 0xff, 0xff, 0xff, 0xff, 0xff, 0xf8,
    0x0, 0x7f, 0xff, 0xff, 0xff, 0xff, 0xff, 0xf0,
    0x0, 0xff, 0xff, 0xff, 0xff, 0xff, 0xff, 0xe0,
    0x1, 0xff, 0xff, 0xff, 0xff, 0xff, 0xff, 0xc0,
    0x3, 0xff, 0xff, 0xff, 0xff, 0xff, 0xff, 0x80,
    0x0, 0x0, 0xff, 0xff, 0xe0, 0x0, 0x0, 0x0,
    0x0, 0x1, 0xff, 0xff, 0xc0, 0x0, 0x0, 0x0,
    0x0, 0x3, 0xff, 0xff, 0x80, 0x0, 0x0, 0x0,
    0x0, 0x7, 0xff, 0xff, 0x0, 0x0, 0x0, 0x0,
    0x0, 0xf, 0xff, 0xfe, 0x0, 0x0, 0x0, 0x0,
    0x0, 0x1f, 0xff, 0xfc, 0x0, 0x0, 0x0, 0x0,
    0x0, 0x1f, 0xff, 0xfc, 0x0, 0x0, 0x0, 0x0,
    0x0, 0x3f, 0xff, 0xf8, 0x0, 0x0, 0x0, 0x0,
    0x0, 0x7f, 0xff, 0xf0, 0x0, 0x0, 0x0, 0x0,
    0x0, 0xff, 0xff, 0xe0, 0x0, 0x0, 0x0, 0x0,
    0x1, 0xff, 0xff, 0xe0, 0x0, 0x0, 0x0, 0x0,
    0x1, 0xff, 0xff, 0xc0, 0x0, 0x0, 0x0, 0x0,
    0x3, 0xff, 0xff, 0xc0, 0x0, 0x0, 0x0, 0x0,
    0x7, 0xff, 0xff, 0xc0, 0x0, 0x0, 0x0, 0x0,
    0x7, 0xff, 0xff, 0x80, 0x0, 0x0, 0x0, 0x0,
    0xf, 0xff, 0xff, 0x80, 0x0, 0x0, 0x0, 0x0,
    0xf, 0xff, 0xff, 0x80, 0x0, 0x0, 0x0, 0x0,
    0x1f, 0xff, 0xff, 0xc0, 0x0, 0x0, 0x0, 0x0,
    0x1f, 0xff, 0xff, 0xe0, 0x0, 0x3, 0x0, 0x0,
    0x3f, 0xff, 0xff, 0xfc, 0x0, 0x7e, 0x0, 0x0,
    0x3f, 0xff, 0xff, 0xff, 0xff, 0xfc, 0x0, 0x0,
    0x3f, 0xff, 0xff, 0xff, 0xff, 0xf8, 0x0, 0x0,
    0x7f, 0xff, 0xff, 0xff, 0xff, 0xf0, 0x0, 0x0,
    0x7f, 0xff, 0xff, 0xff, 0xff, 0xf0, 0x0, 0x0,
    0x7f, 0xff, 0xff, 0xff, 0xff, 0xe0, 0x0, 0x0,
    0x7f, 0xff, 0xff, 0xff, 0xff, 0xc0, 0x0, 0x0,
    0x3f, 0xff, 0xff, 0xff, 0xff, 0x80, 0x0, 0x0,
    0x3f, 0xff, 0xff, 0xff, 0xff, 0x0, 0x0, 0x0,
    0x3f, 0xff, 0xff, 0xff, 0xfe, 0x0, 0x0, 0x0,
    0x1f, 0xff, 0xff, 0xff, 0xfe, 0x0, 0x0, 0x0,
    0xf, 0xff, 0xff, 0xff, 0xfc, 0x0, 0x0, 0x0,
    0x3, 0xff, 0xff, 0xff, 0xf8, 0x0, 0x0, 0x0,
    0x0, 0xff, 0xff, 0xff, 0xe0, 0x0, 0x0, 0x0,
    0x0, 0xf, 0xff, 0xf0, 0x0,

    /* U+20B1 "₱" */
    0x0, 0x1f, 0xff, 0xff, 0xff, 0xff, 0xfc, 0x0,
    0x0, 0x0, 0x0, 0x0, 0x1, 0xff, 0xff, 0xff,
    0xff, 0xff, 0xfe, 0x0, 0x0, 0x0, 0x0, 0x0,
    0x1f, 0xff, 0xff, 0xff, 0xff, 0xff, 0xfc, 0x0,
    0x0, 0x0, 0x0, 0x1, 0xff, 0xff, 0xff, 0xff,
    0xff, 0xff, 0xf0, 0x0, 0x0, 0x0, 0x0, 0x1f,
    0xff, 0xff, 0xff, 0xff, 0xff, 0xff, 0xc0, 0x0,
    0x0, 0x0, 0x1, 0xff, 0xff, 0xff, 0xff, 0xff,
    0xff, 0xff, 0x0, 0x0, 0x0, 0x0, 0x1f, 0xff,
    0xff, 0xff, 0xff, 0xff, 0xff, 0xfc, 0x0, 0x0,
    0x0, 0x1, 0xff, 0xff, 0xff, 0xff, 0xff, 0xff,
    0xff, 0xe0, 0x0, 0x0, 0x0, 0x1f, 0xff, 0xff,
    0xff, 0xff, 0xff, 0xff, 0xff, 0x0, 0x0, 0x0,
    0x1, 0xff, 0xff, 0xff, 0xff, 0xff, 0xff, 0xff,
    0xf8, 0x0, 0x0, 0x0, 0x1f, 0xff, 0xff, 0xff,
    0xff, 0xff, 0xff, 0xff, 0xc0, 0x0, 0x0, 0x1,
    0xff, 0xff, 0xff, 0xff, 0xff, 0xff, 0xff, 0xfe,
    0x0, 0x0, 0x0, 0x1f, 0xff, 0xff, 0xff, 0xff,
    0xff, 0xff, 0xff, 0xf0, 0x0, 0x0, 0x1, 0xff,
    0xff, 0xff, 0xff, 0xff, 0xff, 0xff, 0xff, 0x0,
    0x0, 0x0, 0x1f, 0xff, 0xfc, 0x0, 0x0, 0x1f,
    0xff, 0xff, 0xf8, 0x0, 0x0, 0x1, 0xff, 0xff,
    0xc0, 0x0, 0x0, 0x3f, 0xff, 0xff, 0xc0, 0x0,
    0x0, 0x1f, 0xff, 0xfc, 0x0, 0x0, 0x0, 0xff,
    0xff, 0xfc, 0x0, 0xf, 0xff, 0xff, 0xff, 0xff,
    0xff, 0xff, 0xff, 0xff, 0xff, 0xff, 0xff, 0xff,
    0xff, 0xff, 0xff, 0xff, 0xff, 0xff, 0xff, 0xff,
    0xff, 0xff, 0xff, 0xff, 0xff, 0xff, 0xff, 0xff,
    0xff, 0xff, 0xff, 0xff, 0xff, 0xff, 0xff, 0xff,
    0xff, 0xff, 0xff, 0xff, 0xff, 0xff, 0xff, 0xff,
    0xff, 0xff, 0xff, 0xff, 0xff, 0xff, 0xff, 0xff,
    0xff, 0xff, 0xff, 0xff, 0xff, 0xff, 0xff, 0xff,
    0xff, 0xff, 0xff, 0xff, 0xff, 0xff, 0xff, 0xff,
    0xff, 0xff, 0xff, 0xff, 0xff, 0xff, 0xff, 0xff,
    0xff, 0xff, 0xff, 0xff, 0xff, 0xff, 0xff, 0xff,
    0xff, 0xff, 0xff, 0xff, 0xff, 0xff, 0xff, 0xff,
    0xff, 0xff, 0xff, 0xff, 0xff, 0xff, 0xff, 0xff,
    0xff, 0xff, 0xff, 0xff, 0xff, 0xff, 0xff, 0xff,
    0xff, 0xff, 0xff, 0xff, 0xff, 0xff, 0xf0, 0x1,
    0xff, 0xff, 0xc0, 0x0, 0x0, 0x0, 0x3f, 0xff,
    0xf8, 0x0, 0x0, 0x1f, 0xff, 0xfc, 0x0, 0x0,
    0x0, 0x3, 0xff, 0xff, 0x80, 0x0, 0x1, 0xff,
    0xff, 0xc0, 0x0, 0x0, 0x0, 0x3f, 0xff, 0xf8,
    0x0, 0x0, 0x1f, 0xff, 0xfc, 0x0, 0x0, 0x0,
    0x3, 0xff, 0xff, 0x80, 0xf, 0xff, 0xff, 0xff,
    0xff, 0xff, 0xff, 0xff, 0xff, 0xff, 0xff, 0xff,
    0xff, 0xff, 0xff, 0xff, 0xff, 0xff, 0xff, 0xff,
    0xff, 0xff, 0xff, 0xff, 0xff, 0xff, 0xff, 0xff,
    0xff, 0xff, 0xff, 0xff, 0xff, 0xff, 0xff, 0xff,
    0xff, 0xff, 0xff, 0xff, 0xff, 0xff, 0xff, 0xff,
    0xff, 0xff, 0xff, 0xff, 0xff, 0xff, 0xff, 0xff,
    0xff, 0xff, 0xff, 0xff, 0xff, 0xff, 0xff, 0xff,
    0xff, 0xff, 0xff, 0xff, 0xff, 0xff, 0xff, 0xff,
    0xff, 0xff, 0xff, 0xff, 0xff, 0xff, 0xff, 0xff,
    0xff, 0xff, 0xff, 0xff, 0xff, 0xff, 0xff, 0xff,
    0xff, 0xff, 0xff, 0xff, 0xff, 0xff, 0xff, 0xff,
    0xff, 0xff, 0xff, 0xff, 0xff, 0xff, 0xff, 0xff,
    0xff, 0xff, 0xff, 0xff, 0xff, 0xff, 0xff, 0xff,
    0xff, 0xff, 0xff, 0xff, 0xff, 0xff, 0xff, 0xf0,
    0x1, 0xff, 0xff, 0xc0, 0x0, 0x0, 0x7, 0xff,
    0xff, 0xe0, 0x0, 0x0, 0x1f, 0xff, 0xfc, 0x0,
    0x0, 0x1, 0xff, 0xff, 0xfc, 0x0, 0x0, 0x1,
    0xff, 0xff, 0xc0, 0x0, 0x0, 0xff, 0xff, 0xff,
    0xc0, 0x0, 0x0, 0x1f, 0xff, 0xff, 0xff, 0xff,
    0xff, 0xff, 0xff, 0xf8, 0x0, 0x0, 0x1, 0xff,
    0xff, 0xff, 0xff, 0xff, 0xff, 0xff, 0xff, 0x0,
    0x0, 0x0, 0x1f, 0xff, 0xff, 0xff, 0xff, 0xff,
    0xff, 0xff, 0xf0, 0x0, 0x0, 0x1, 0xff, 0xff,
    0xff, 0xff, 0xff, 0xff, 0xff, 0xfe, 0x0, 0x0,
    0x0, 0x1f, 0xff, 0xff, 0xff, 0xff, 0xff, 0xff,
    0xff, 0xc0, 0x0, 0x0, 0x1, 0xff, 0xff, 0xff,
    0xff, 0xff, 0xff, 0xff, 0xf8, 0x0, 0x0, 0x0,
    0x1f, 0xff, 0xff, 0xff, 0xff, 0xff, 0xff, 0xff,
    0x0, 0x0, 0x0, 0x1, 0xff, 0xff, 0xff, 0xff,
    0xff, 0xff, 0xff, 0xc0, 0x0, 0x0, 0x0, 0x1f,
    0xff, 0xff, 0xff, 0xff, 0xff, 0xff, 0xf8, 0x0,
    0x0, 0x0, 0x1, 0xff, 0xff, 0xff, 0xff, 0xff,
    0xff, 0xfe, 0x0, 0x0, 0x0, 0x0, 0x1f, 0xff,
    0xff, 0xff, 0xff, 0xff, 0xff, 0x80, 0x0, 0x0,
    0x0, 0x1, 0xff, 0xff, 0xff, 0xff, 0xff, 0xff,
    0xe0, 0x0, 0x0, 0x0, 0x0, 0x1f, 0xff, 0xff,
    0xff, 0xff, 0xff, 0xe0, 0x0, 0x0, 0x0, 0x0,
    0x1, 0xff, 0xff, 0xff, 0xff, 0xff, 0xc0, 0x0,
    0x0, 0x0, 0x0, 0x0, 0x1f, 0xff, 0xfc, 0x0,
    0x0, 0x0, 0x0, 0x0, 0x0, 0x0, 0x0, 0x1,
    0xff, 0xff, 0xc0, 0x0, 0x0, 0x0, 0x0, 0x0,
    0x0, 0x0, 0x0, 0x1f, 0xff, 0xfc, 0x0, 0x0,
    0x0, 0x0, 0x0, 0x0, 0x0, 0x0, 0x1, 0xff,
    0xff, 0xc0, 0x0, 0x0, 0x0, 0x0, 0x0, 0x0,
    0x0, 0x0, 0x1f, 0xff, 0xfc, 0x0, 0x0, 0x0,
    0x0, 0x0, 0x0, 0x0, 0x0, 0x1, 0xff, 0xff,
    0xc0, 0x0, 0x0, 0x0, 0x0, 0x0, 0x0, 0x0,
    0x0, 0x1f, 0xff, 0xfc, 0x0, 0x0, 0x0, 0x0,
    0x0, 0x0, 0x0, 0x0, 0x1, 0xff, 0xff, 0xc0,
    0x0, 0x0, 0x0, 0x0, 0x0, 0x0, 0x0, 0x0,
    0x1f, 0xff, 0xfc, 0x0, 0x0, 0x0, 0x0, 0x0,
    0x0, 0x0, 0x0, 0x1, 0xff, 0xff, 0xc0, 0x0,
    0x0, 0x0, 0x0, 0x0, 0x0, 0x0, 0x0, 0x1f,
    0xff, 0xfc, 0x0, 0x0, 0x0, 0x0, 0x0, 0x0,
    0x0, 0x0, 0x1, 0xff, 0xff, 0xc0, 0x0, 0x0,
    0x0, 0x0, 0x0, 0x0, 0x0, 0x0, 0x1f, 0xff,
    0xfc, 0x0, 0x0, 0x0, 0x0, 0x0, 0x0, 0x0,
    0x0, 0x1, 0xff, 0xff, 0xc0, 0x0, 0x0, 0x0,
    0x0, 0x0, 0x0, 0x0, 0x0, 0x1f, 0xff, 0xfc,
    0x0, 0x0, 0x0, 0x0, 0x0, 0x0, 0x0, 0x0,
    0x1, 0xff, 0xff, 0xc0, 0x0, 0x0, 0x0, 0x0,
    0x0, 0x0, 0x0, 0x0, 0x1f, 0xff, 0xfc, 0x0,
    0x0, 0x0, 0x0, 0x0, 0x0, 0x0, 0x0, 0x1,
    0xff, 0xff, 0xc0, 0x0, 0x0, 0x0, 0x0, 0x0,
    0x0, 0x0, 0x0, 0x1f, 0xff, 0xfc, 0x0, 0x0,
    0x0, 0x0, 0x0, 0x0, 0x0, 0x0, 0x1, 0xff,
    0xff, 0xc0, 0x0, 0x0, 0x0, 0x0, 0x0, 0x0,
    0x0, 0x0, 0x1f, 0xff, 0xfc, 0x0, 0x0, 0x0,
    0x0, 0x0, 0x0, 0x0, 0x0, 0x1, 0xff, 0xff,
    0xc0, 0x0, 0x0, 0x0, 0x0, 0x0, 0x0, 0x0,
    0x0, 0x1f, 0xff, 0xfc, 0x0, 0x0, 0x0, 0x0,
    0x0, 0x0, 0x0, 0x0, 0x1, 0xff, 0xff, 0xc0,
    0x0, 0x0, 0x0, 0x0, 0x0, 0x0, 0x0, 0x0,
    0x1f, 0xff, 0xfc, 0x0, 0x0, 0x0, 0x0, 0x0,
    0x0, 0x0, 0x0, 0x1, 0xff, 0xff, 0xc0, 0x0,
    0x0, 0x0, 0x0, 0x0, 0x0, 0x0, 0x0, 0x1f,
    0xff, 0xfc, 0x0, 0x0, 0x0, 0x0, 0x0, 0x0,
    0x0, 0x0, 0x1, 0xff, 0xff, 0xc0, 0x0, 0x0,
    0x0, 0x0, 0x0, 0x0, 0x0, 0x0, 0x1f, 0xff,
    0xfc, 0x0, 0x0, 0x0, 0x0, 0x0, 0x0, 0x0,
    0x0, 0x1, 0xff, 0xff, 0xc0, 0x0, 0x0, 0x0,
    0x0, 0x0, 0x0, 0x0, 0x0, 0x1f, 0xff, 0xfc,
    0x0, 0x0, 0x0, 0x0, 0x0, 0x0, 0x0, 0x0,
    0x1, 0xff, 0xff, 0xc0, 0x0, 0x0, 0x0, 0x0,
    0x0, 0x0, 0x0, 0x0, 0x1f, 0xff, 0xfc, 0x0,
    0x0, 0x0, 0x0, 0x0, 0x0, 0x0, 0x0,

    /* U+20B9 "₹" */
    0x1f, 0xff, 0xff, 0xff, 0xff, 0xff, 0xff, 0xfc,
    0x7f, 0xff, 0xff, 0xff, 0xff, 0xff, 0xff, 0xe1,
    0xff, 0xff, 0xff, 0xff, 0xff, 0xff, 0xff, 0x8f,
    0xff, 0xff, 0xff, 0xff, 0xff, 0xff, 0xfe, 0x3f,
    0xff, 0xff, 0xff, 0xff, 0xff, 0xff, 0xf8, 0xff,
    0xff, 0xff, 0xff, 0xff, 0xff, 0xff, 0xc3, 0xff,
    0xff, 0xff, 0xff, 0xff, 0xff, 0xff, 0x1f, 0xff,
    0xff, 0xff, 0xff, 0xff, 0xff, 0xfc, 0x7f, 0xff,
    0xff, 0xff, 0xff, 0xff, 0xff, 0xf1, 0xff, 0xff,
    0xff, 0xff, 0xff, 0xff, 0xff, 0x87, 0xff, 0xff,
    0xff, 0xff, 0xff, 0xff, 0xfe, 0x3f, 0xff, 0xff,
    0xff, 0xff, 0xff, 0xff, 0xf8, 0xff, 0xff, 0xff,
    0xff, 0xff, 0xfc, 0x0, 0x3, 0xff, 0xff, 0xff,
    0xff, 0xff, 0xf0, 0x0, 0xf, 0xff, 0xff, 0xff,
    0xff, 0xff, 0xe0, 0x0, 0x0, 0x0, 0x0, 0xff,
    0xff, 0xff, 0x80, 0x0, 0x0, 0x0, 0x0, 0xff,
    0xff, 0xff, 0x0, 0x0, 0x0, 0x0, 0x0, 0xff,
    0xff, 0xfc, 0x0, 0x0, 0x0, 0x0, 0x1, 0xff,
    0xff, 0xf0, 0x0, 0x0, 0x0, 0x0, 0x3, 0xff,
    0xff, 0xe0, 0x0, 0x0, 0x0, 0x0, 0x7, 0xff,
    0xff, 0x80, 0x0, 0x0, 0x0, 0x0, 0x1f, 0xff,
    0xfe, 0x0, 0x0, 0x0, 0x0, 0x0, 0x3f, 0xff,
    0xf8, 0x0, 0x7, 0xff, 0xff, 0xff, 0xff, 0xff,
    0xff, 0xff, 0x3f, 0xff, 0xff, 0xff, 0xff, 0xff,
    0xff, 0xf8, 0xff, 0xff, 0xff, 0xff, 0xff, 0xff,
    0xff, 0xe3, 0xff, 0xff, 0xff, 0xff, 0xff, 0xff,
    0xff, 0x8f, 0xff, 0xff, 0xff, 0xff, 0xff, 0xff,
    0xfc, 0x7f, 0xff, 0xff, 0xff, 0xff, 0xff, 0xff,
    0xf1, 0xff, 0xff, 0xff, 0xff, 0xff, 0xff, 0xff,
    0xc7, 0xff, 0xff, 0xff, 0xff, 0xff, 0xff, 0xff,
    0x3f, 0xff, 0xff, 0xff, 0xff, 0xff, 0xff, 0xf8,
    0xff, 0xff, 0xff, 0xff, 0xff, 0xff, 0xff, 0xe3,
    0xff, 0xff, 0xff, 0xff, 0xff, 0xff, 0xff, 0x8f,
    0xff, 0xff, 0xff, 0xff, 0xff, 0xff, 0xfe, 0x0,
    0x0, 0x0, 0x0, 0xff, 0xff, 0xe0, 0x0, 0x0,
    0x0, 0x0, 0x3, 0xff, 0xff, 0x80, 0x0, 0x0,
    0x0, 0x0, 0x1f, 0xff, 0xfe, 0x0, 0x0, 0x0,
    0x0, 0x0, 0x7f, 0xff, 0xf0, 0x0, 0x0, 0x0,
    0x0, 0x3, 0xff, 0xff, 0xc0, 0x0, 0x0, 0x0,
    0x0, 0x1f, 0xff, 0xff, 0x0, 0x0, 0x0, 0x0,
    0x0, 0xff, 0xff, 0xf8, 0x0, 0x0, 0x0, 0x0,
    0x7, 0xff, 0xff, 0xe0, 0x0, 0x0, 0x0, 0x0,
    0x7f, 0xff, 0xff, 0x80, 0x0, 0x0, 0x0, 0x3f,
    0xff, 0xff, 0xfc, 0x0, 0x1, 0xff, 0xff, 0xff,
    0xff, 0xff, 0xe0, 0x0, 0x7, 0xff, 0xff, 0xff,
    0xff, 0xff, 0x80, 0x0, 0x1f, 0xff, 0xff, 0xff,
    0xff, 0xfc, 0x0, 0x0, 0x7f, 0xff, 0xff, 0xff,
    0xff, 0xe0, 0x0, 0x1, 0xff, 0xff, 0xff, 0xff,
    0xff, 0x0, 0x0, 0x7, 0xff, 0xff, 0xff, 0xff,
    0xf8, 0x0, 0x0, 0x1f, 0xff, 0xff, 0xff, 0xff,
    0xc0, 0x0, 0x0, 0x7f, 0xff, 0xff, 0xff, 0xfc,
    0x0, 0x0, 0x1, 0xff, 0xff, 0xff, 0xff, 0xe0,
    0x0, 0x0, 0x7, 0xff, 0xff, 0xff, 0xfe, 0x0,
    0x0, 0x0, 0xf, 0xff, 0xff, 0xff, 0xc0, 0x0,
    0x0, 0x0, 0x3f, 0xff, 0xff, 0xf8, 0x0, 0x0,
    0x0, 0x0, 0x7f, 0xff, 0xfe, 0x0, 0x0, 0x0,
    0x0, 0x0, 0xff, 0xff, 0xfc, 0x0, 0x0, 0x0,
    0x0, 0x1, 0xff, 0xff, 0xf8, 0x0, 0x0, 0x0,
    0x0, 0x3, 0xff, 0xff, 0xe0, 0x0, 0x0, 0x0,
    0x0, 0x7, 0xff, 0xff, 0xc0, 0x0, 0x0, 0x0,
    0x0, 0x1f, 0xff, 0xff, 0x80, 0x0, 0x0, 0x0,
    0x0, 0x3f, 0xff, 0xff, 0x0, 0x0, 0x0, 0x0,
    0x0, 0x7f, 0xff, 0xfe, 0x0, 0x0, 0x0, 0x0,
    0x0, 0xff, 0xff, 0xfc, 0x0, 0x0, 0x0, 0x0,
    0x1, 0xff, 0xff, 0xf0, 0x0, 0x0, 0x0, 0x0,
    0x3, 0xff, 0xff, 0xe0, 0x0, 0x0, 0x0, 0x0,
    0xf, 0xff, 0xff, 0xc0, 0x0, 0x0, 0x0, 0x0,
    0x1f, 0xff, 0xff, 0x80, 0x0, 0x0, 0x0, 0x0,
    0x3f, 0xff, 0xff, 0x0, 0x0, 0x0, 0x0, 0x0,
    0x7f, 0xff, 0xfe, 0x0, 0x0, 0x0, 0x0, 0x0,
    0xff, 0xff, 0xf8, 0x0, 0x0, 0x0, 0x0, 0x1,
    0xff, 0xff, 0xf0, 0x0, 0x0, 0x0, 0x0, 0x3,
    0xff, 0xff, 0xe0, 0x0, 0x0, 0x0, 0x0, 0xf,
    0xff, 0xff, 0xc0, 0x0, 0x0, 0x0, 0x0, 0x1f,
    0xff, 0xff, 0x80, 0x0, 0x0, 0x0, 0x0, 0x3f,
    0xff, 0xff, 0x0, 0x0, 0x0, 0x0, 0x0, 0x7f,
    0xff, 0xfc, 0x0, 0x0, 0x0, 0x0, 0x0, 0xff,
    0xff, 0xf8, 0x0, 0x0, 0x0, 0x0, 0x1, 0xff,
    0xff, 0xf0, 0x0, 0x0, 0x0, 0x0, 0x7, 0xff,
    0xff, 0xe0, 0x0, 0x0, 0x0, 0x0, 0xf, 0xff,
    0xff, 0xc0, 0x0, 0x0, 0x0, 0x0, 0x1f, 0xff,
    0xff, 0x0, 0x0, 0x0, 0x0, 0x0, 0x3f, 0xff,
    0xfe, 0x0, 0x0, 0x0, 0x0, 0x0, 0x7f, 0xff,
    0xfc, 0x0, 0x0, 0x0, 0x0, 0x0, 0xff, 0xff,
    0xf8, 0x0, 0x0, 0x0, 0x0, 0x1, 0xff, 0xff,
    0xf0, 0x0, 0x0, 0x0, 0x0, 0x7, 0xff, 0xff,
    0xe0, 0x0, 0x0, 0x0, 0x0, 0xf, 0xff, 0xff,
    0x80, 0x0, 0x0, 0x0, 0x0, 0x1f, 0xff, 0xff,
    0x0, 0x0,

    /* U+20BA "₺" */
    0x0, 0xf, 0xff, 0xfc, 0x0, 0x0, 0x0, 0x0,
    0x0, 0x0, 0x7f, 0xff, 0xe0, 0x0, 0x0, 0x0,
    0x0, 0x0, 0x3, 0xff, 0xff, 0x0, 0x0, 0x0,
    0x0, 0x0, 0x0, 0x1f, 0xff, 0xf8, 0x0, 0x0,
    0x0, 0x0, 0x0, 0x0, 0xff, 0xff, 0xc0, 0x0,
    0x0, 0x0, 0x0, 0x0, 0x7, 0xff, 0xfe, 0x0,
    0x0, 0x0, 0x0, 0x0, 0x0, 0x3f, 0xff, 0xf0,
    0x0, 0x0, 0x0, 0x0, 0x0, 0x1, 0xff, 0xff,
    0x80, 0x0, 0x0, 0x0, 0x0, 0x0, 0xf, 0xff,
    0xfc, 0x0, 0xc0, 0x0, 0x0, 0x0, 0x0, 0x7f,
    0xff, 0xe0, 0x3e, 0x0, 0x0, 0x0, 0x0, 0x3,
    0xff, 0xff, 0xf, 0xf0, 0x0, 0x0, 0x0, 0x0,
    0x1f, 0xff, 0xfb, 0xff, 0x80, 0x0, 0x0, 0x0,
    0x0, 0xff, 0xff, 0xff, 0xfc, 0x0, 0x0, 0x0,
    0x0, 0x7, 0xff, 0xff, 0xff, 0xe0, 0x0, 0x0,
    0x0, 0x0, 0x3f, 0xff, 0xff, 0xff, 0x0, 0x0,
    0x0, 0x0, 0x1, 0xff, 0xff, 0xff, 0xf8, 0x0,
    0x0, 0x0, 0x0, 0xf, 0xff, 0xff, 0xff, 0xc0,
    0x0, 0x0, 0x0, 0x0, 0x7f, 0xff, 0xff, 0xfe,
    0x0, 0x0, 0x0, 0x0, 0x7, 0xff, 0xff, 0xff,
    0xf0, 0x0, 0x0, 0x0, 0x1, 0xff, 0xff, 0xff,
    0xff, 0x80, 0x0, 0x0, 0x0, 0x7f, 0xff, 0xff,
    0xff, 0xfc, 0x0, 0x0, 0x0, 0x1f, 0xff, 0xff,
    0xff, 0xff, 0x80, 0x0, 0x0, 0x3, 0xff, 0xff,
    0xff, 0xff, 0xe0, 0x0, 0x0, 0x0, 0x1f, 0xff,
    0xff, 0xff, 0xf8, 0x0, 0x0, 0x0, 0x0, 0xff,
    0xff, 0xff, 0xfe, 0x0, 0x0, 0x0, 0x0, 0x7,
    0xff, 0xff, 0xff, 0xe0, 0x0, 0x0, 0x0, 0x0,
    0x3f, 0xff, 0xff, 0xff, 0x0, 0x0, 0x0, 0x0,
    0x1, 0xff, 0xff, 0xff, 0xf8, 0x0, 0x0, 0x0,
    0x0, 0xf, 0xff, 0xff, 0xff, 0xc0, 0x0, 0x0,
    0x0, 0x0, 0x7f, 0xff, 0xff, 0xfe, 0x0, 0xe0,
    0x0, 0x0, 0x3, 0xff, 0xff, 0xff, 0xf0, 0x3f,
    0x0, 0x0, 0x0, 0x1f, 0xfd, 0xff, 0xff, 0x8f,
    0xf8, 0x0, 0x0, 0x0, 0xff, 0xf, 0xff, 0xff,
    0xff, 0xc0, 0x0, 0x0, 0x7, 0xc0, 0x7f, 0xff,
    0xff, 0xfe, 0x0, 0x0, 0x0, 0x30, 0x3, 0xff,
    0xff, 0xff, 0xf0, 0x0, 0x0, 0x0, 0x0, 0x1f,
    0xff, 0xff, 0xff, 0x80, 0x0, 0x0, 0x0, 0x0,
    0xff, 0xff, 0xff, 0xfc, 0x0, 0x0, 0x0, 0x0,
    0x7, 0xff, 0xff, 0xff, 0xe0, 0x0, 0x0, 0x0,
    0x0, 0x3f, 0xff, 0xff, 0xff, 0x0, 0x0, 0x0,
    0x0, 0x7, 0xff, 0xff, 0xff, 0xf8, 0x0, 0x0,
    0x0, 0x1, 0xff, 0xff, 0xff, 0xff, 0xc0, 0x0,
    0x0, 0x0, 0x7f, 0xff, 0xff, 0xff, 0xfe, 0x0,
    0x0, 0x0, 0x1f, 0xff, 0xff, 0xff, 0xff, 0x80,
    0x0, 0x0, 0x1, 0xff, 0xff, 0xff, 0xff, 0xe0,
    0x0, 0x7f, 0xff, 0xff, 0xff, 0xff, 0xff, 0xf8,
    0x0, 0x3, 0xff, 0xff, 0xff, 0xff, 0xff, 0xfe,
    0x0, 0x0, 0x1f, 0xff, 0xff, 0xff, 0xff, 0xff,
    0xf0, 0x0, 0x0, 0xff, 0xff, 0xff, 0xff, 0xff,
    0xff, 0x80, 0x0, 0x7, 0xff, 0xff, 0xff, 0xff,
    0xff, 0xfc, 0x0, 0x0, 0x3f, 0xff, 0xff, 0xff,
    0xff, 0xff, 0xe0, 0x0, 0x1, 0xff, 0xff, 0xff,
    0xff, 0xff, 0xff, 0x0, 0x0, 0xf, 0xff, 0xff,
    0xff, 0xff, 0xff, 0xf8, 0x0, 0x0, 0x7f, 0xff,
    0xff, 0xf8, 0xff, 0xff, 0xc0, 0x0, 0x3, 0xff,
    0xff, 0xfe, 0x7, 0xff, 0xfe, 0x0, 0x0, 0x1f,
    0xff, 0xff, 0xc0, 0x3f, 0xff, 0xf0, 0x0, 0x0,
    0xff, 0xff, 0xf0, 0x1, 0xff, 0xff, 0x80, 0x0,
    0xf, 0xff, 0xff, 0x0, 0xf, 0xff, 0xfc, 0x0,
    0x0, 0x7f, 0xff, 0xf0, 0x0, 0x7f, 0xff, 0xe0,
    0x0, 0x3, 0xff, 0xff, 0x80, 0x3, 0xff, 0xff,
    0x0, 0x0, 0x1f, 0xff, 0xfc, 0x0, 0x1f, 0xff,
    0xf8, 0x0, 0x0, 0xff, 0xff, 0xe0, 0x0, 0xff,
    0xff, 0xc0, 0x0, 0x7, 0xff, 0xff, 0x0, 0x7,
    0xff, 0xfe, 0x0, 0x0, 0x7f, 0xff, 0xf0, 0x0,
    0x3f, 0xff, 0xf0, 0x0, 0x3, 0xff, 0xff, 0x80,
    0x1, 0xff, 0xff, 0x80, 0x0, 0x1f, 0xff, 0xfc,
    0x0, 0xf, 0xff, 0xfc, 0x0, 0x1, 0xff, 0xff,
    0xe0, 0x0, 0x7f, 0xff, 0xe0, 0x0, 0xf, 0xff,
    0xfe, 0x0, 0x3, 0xff, 0xff, 0x0, 0x0, 0xff,
    0xff, 0xf0, 0x0, 0x1f, 0xff, 0xf8, 0x0, 0x7,
    0xff, 0xff, 0x80, 0x0, 0xff, 0xff, 0xc0, 0x0,
    0x7f, 0xff, 0xf8, 0x0, 0x7, 0xff, 0xfe, 0x0,
    0x3, 0xff, 0xff, 0xc0, 0x0, 0x3f, 0xff, 0xf0,
    0x0, 0x3f, 0xff, 0xfc, 0x0, 0x1, 0xff, 0xff,
    0x80, 0x3, 0xff, 0xff, 0xe0, 0x0, 0xf, 0xff,
    0xfc, 0x0, 0x3f, 0xff, 0xfe, 0x0, 0x0, 0x7f,
    0xff, 0xe0, 0x3, 0xff, 0xff, 0xf0, 0x0, 0x3,
    0xff, 0xff, 0x0, 0x7f, 0xff, 0xff, 0x0, 0x0,
    0x1f, 0xff, 0xf8, 0x7, 0xff, 0xff, 0xf8, 0x0,
    0x0, 0xff, 0xff, 0xc3, 0xff, 0xff, 0xff, 0x80,
    0x0, 0x7, 0xff, 0xff, 0xff, 0xff, 0xff, 0xf8,
    0x0, 0x0, 0x3f, 0xff, 0xff, 0xff, 0xff, 0xff,
    0x80, 0x0, 0x1, 0xff, 0xff, 0xff, 0xff, 0xff,
    0xfc, 0x0, 0x0, 0xf, 0xff, 0xff, 0xff, 0xff,
    0xff, 0xc0, 0x0, 0x0, 0x7f, 0xff, 0xff, 0xff,
    0xff, 0xfc, 0x0, 0x0, 0x3, 0xff, 0xff, 0xff,
    0xff, 0xff, 0xc0, 0x0, 0x0, 0x1f, 0xff, 0xff,
    0xff, 0xff, 0xfc, 0x0, 0x0, 0x0, 0xff, 0xff,
    0xff, 0xff, 0xff, 0x80, 0x0, 0x0, 0x7, 0xff,
    0xff, 0xff, 0xff, 0xf8, 0x0, 0x0, 0x0, 0x3f,
    0xff, 0xff, 0xff, 0xff, 0x80, 0x0, 0x0, 0x1,
    0xff, 0xff, 0xff, 0xff, 0xf0, 0x0, 0x0, 0x0,
    0xf, 0xff, 0xff, 0xff, 0xfe, 0x0, 0x0, 0x0,
    0x0, 0x7f, 0xff, 0xff, 0xff, 0x80, 0x0, 0x0,
    0x0, 0x3, 0xff, 0xff, 0xff, 0xe0, 0x0, 0x0,
    0x0, 0x0, 0x0, 0xff, 0xff, 0xf0, 0x0, 0x0,
    0x0, 0x0,

    /* U+20BC "₼" */
    0x0, 0x0, 0x0, 0x3, 0xff, 0xff, 0x0, 0x0,
    0x0, 0x0, 0x0, 0x0, 0x0, 0xf, 0xff, 0xfc,
    0x0, 0x0, 0x0, 0x0, 0x0, 0x0, 0x0, 0x3f,
    0xff, 0xf0, 0x0, 0x0, 0x0, 0x0, 0x0, 0x0,
    0x0, 0xff, 0xff, 0xc0, 0x0, 0x0, 0x0, 0x0,
    0x0, 0x0, 0x3, 0xff, 0xff, 0x0, 0x0, 0x0,
    0x0, 0x0, 0x0, 0x0, 0xf, 0xff, 0xfc, 0x0,
    0x0, 0x0, 0x0, 0x0, 0x0, 0x0, 0x3f, 0xff,
    0xf0, 0x0, 0x0, 0x0, 0x0, 0x0, 0x0, 0x0,
    0xff, 0xff, 0xc0, 0x0, 0x0, 0x0, 0x0, 0x0,
    0x0, 0x3, 0xff, 0xff, 0x0, 0x0, 0x0, 0x0,
    0x0, 0x0, 0x0, 0xf, 0xff, 0xfc, 0x0, 0x0,
    0x0, 0x0, 0x0, 0x0, 0x0, 0x3f, 0xff, 0xf0,
    0x0, 0x0, 0x0, 0x0, 0x0, 0x0, 0x0, 0xff,
    0xff, 0xc0, 0x0, 0x0, 0x0, 0x0, 0x0, 0x0,
    0x3, 0xff, 0xff, 0x0, 0x0, 0x0, 0x0, 0x0,
    0x0, 0x0, 0xf, 0xff, 0xfc, 0x0, 0x0, 0x0,
    0x0, 0x0, 0x0, 0x0, 0xff, 0xff, 0xfc, 0x0,
    0x0, 0x0, 0x0, 0x0, 0x0, 0x1f, 0xff, 0xff,
    0xfe, 0x0, 0x0, 0x0, 0x0, 0x0, 0x3, 0xff,
    0xff, 0xff, 0xff, 0x0, 0x0, 0x0, 0x0, 0x0,
    0x3f, 0xff, 0xff, 0xff, 0xff, 0x0, 0x0, 0x0,
    0x0, 0x1, 0xff, 0xff, 0xff, 0xff, 0xfe, 0x0,
    0x0, 0x0, 0x0, 0x1f, 0xff, 0xff, 0xff, 0xff,
    0xfe, 0x0, 0x0, 0x0, 0x0, 0xff, 0xff, 0xff,
    0xff, 0xff, 0xfc, 0x0, 0x0, 0x0, 0x7, 0xff,
    0xff, 0xff, 0xff, 0xff, 0xf8, 0x0, 0x0, 0x0,
    0x7f, 0xff, 0xff, 0xff, 0xff, 0xff, 0xf8, 0x0,
    0x0, 0x3, 0xff, 0xff, 0xff, 0xff, 0xff, 0xff,
    0xf0, 0x0, 0x0, 0x1f, 0xff, 0xff, 0xff, 0xff,
    0xff, 0xff, 0xe0, 0x0, 0x0, 0xff, 0xff, 0xff,
    0xff, 0xff, 0xff, 0xff, 0x80, 0x0, 0x3, 0xff,
    0xff, 0xff, 0xff, 0xff, 0xff, 0xff, 0x0, 0x0,
    0x1f, 0xff, 0xff, 0xff, 0xff, 0xff, 0xff, 0xfe,
    0x0, 0x0, 0xff, 0xff, 0xff, 0xff, 0xff, 0xff,
    0xff, 0xfc, 0x0, 0x7, 0xff, 0xff, 0xef, 0xff,
    0xff, 0xff, 0xff, 0xf0, 0x0, 0x1f, 0xff, 0xff,
    0x3f, 0xff, 0xf3, 0xff, 0xff, 0xe0, 0x0, 0xff,
    0xff, 0xf8, 0xff, 0xff, 0xc7, 0xff, 0xff, 0xc0,
    0x3, 0xff, 0xff, 0xc3, 0xff, 0xff, 0xf, 0xff,
    0xff, 0x0, 0x1f, 0xff, 0xfe, 0xf, 0xff, 0xfc,
    0x1f, 0xff, 0xfe, 0x0, 0x7f, 0xff, 0xf0, 0x3f,
    0xff, 0xf0, 0x3f, 0xff, 0xf8, 0x3, 0xff, 0xff,
    0x80, 0xff, 0xff, 0xc0, 0x7f, 0xff, 0xf0, 0xf,
    0xff, 0xfe, 0x3, 0xff, 0xff, 0x1, 0xff, 0xff,
    0xc0, 0x7f, 0xff, 0xf0, 0xf, 0xff, 0xfc, 0x3,
    0xff, 0xff, 0x81, 0xff, 0xff, 0xc0, 0x3f, 0xff,
    0xf0, 0xf, 0xff, 0xfe, 0x7, 0xff, 0xfe, 0x0,
    0xff, 0xff, 0xc0, 0x1f, 0xff, 0xf8, 0x3f, 0xff,
    0xf8, 0x3, 0xff, 0xff, 0x0, 0x7f, 0xff, 0xf0,
    0xff, 0xff, 0xc0, 0xf, 0xff, 0xfc, 0x0, 0xff,
    0xff, 0xc3, 0xff, 0xff, 0x0, 0x3f, 0xff, 0xf0,
    0x3, 0xff, 0xff, 0xf, 0xff, 0xfc, 0x0, 0xff,
    0xff, 0xc0, 0xf, 0xff, 0xfc, 0x7f, 0xff, 0xe0,
    0x3, 0xff, 0xff, 0x0, 0x1f, 0xff, 0xf9, 0xff,
    0xff, 0x80, 0xf, 0xff, 0xfc, 0x0, 0x7f, 0xff,
    0xe7, 0xff, 0xfe, 0x0, 0x3f, 0xff, 0xf0, 0x1,
    0xff, 0xff, 0x9f, 0xff, 0xf8, 0x0, 0xff, 0xff,
    0xc0, 0x7, 0xff, 0xfe, 0x7f, 0xff, 0xe0, 0x3,
    0xff, 0xff, 0x0, 0x1f, 0xff, 0xfb, 0xff, 0xff,
    0x0, 0xf, 0xff, 0xfc, 0x0, 0x3f, 0xff, 0xff,
    0xff, 0xfc, 0x0, 0x3f, 0xff, 0xf0, 0x0, 0xff,
    0xff, 0xff, 0xff, 0xf0, 0x0, 0xff, 0xff, 0xc0,
    0x3, 0xff, 0xff, 0xff, 0xff, 0xc0, 0x3, 0xff,
    0xff, 0x0, 0xf, 0xff, 0xff, 0xff, 0xff, 0x0,
    0xf, 0xff, 0xfc, 0x0, 0x3f, 0xff, 0xff, 0xff,
    0xfc, 0x0, 0x3f, 0xff, 0xf0, 0x0, 0xff, 0xff,
    0xff, 0xff, 0xf0, 0x0, 0xff, 0xff, 0xc0, 0x3,
    0xff, 0xff, 0xff, 0xff, 0xc0, 0x3, 0xff, 0xff,
    0x0, 0xf, 0xff, 0xff, 0xff, 0xff, 0x0, 0xf,
    0xff, 0xfc, 0x0, 0x3f, 0xff, 0xff, 0xff, 0xfc,
    0x0, 0x3f, 0xff, 0xf0, 0x0, 0xff, 0xff, 0xff,
    0xff, 0xf0, 0x0, 0xff, 0xff, 0xc0, 0x3, 0xff,
    0xff, 0xff, 0xff, 0xc0, 0x3, 0xff, 0xff, 0x0,
    0xf, 0xff, 0xff, 0xff, 0xff, 0x0, 0xf, 0xff,
    0xfc, 0x0, 0x3f, 0xff, 0xff, 0xff, 0xfc, 0x0,
    0x3f, 0xff, 0xf0, 0x0, 0xff, 0xff, 0xff, 0xff,
    0xf0, 0x0, 0xff, 0xff, 0xc0, 0x3, 0xff, 0xff,
    0xff, 0xff, 0xc0, 0x3, 0xff, 0xff, 0x0, 0xf,
    0xff, 0xff, 0xff, 0xff, 0x0, 0xf, 0xff, 0xfc,
    0x0, 0x3f, 0xff, 0xff, 0xff, 0xfc, 0x0, 0x3f,
    0xff, 0xf0, 0x0, 0xff, 0xff, 0xff, 0xff, 0xf0,
    0x0, 0xff, 0xff, 0xc0, 0x3, 0xff, 0xff,

    /* U+20BD "₽" */
    0x0, 0x7, 0xff, 0xff, 0xff, 0xff, 0xff, 0x0,
    0x0, 0x0, 0x0, 0x0, 0xff, 0xff, 0xff, 0xff,
    0xff, 0xff, 0x0, 0x0, 0x0, 0x0, 0x1f, 0xff,
    0xff, 0xff, 0xff, 0xff, 0xfc, 0x0, 0x0, 0x0,
    0x3, 0xff, 0xff, 0xff, 0xff, 0xff, 0xff, 0xe0,
    0x0, 0x0, 0x0, 0x7f, 0xff, 0xff, 0xff, 0xff,
    0xff, 0xff, 0x0, 0x0, 0x0, 0xf, 0xff, 0xff,
    0xff, 0xff, 0xff, 0xff, 0xf8, 0x0, 0x0, 0x1,
    0xff, 0xff, 0xff, 0xff, 0xff, 0xff, 0xff, 0xc0,
    0x0, 0x0, 0x3f, 0xff, 0xff, 0xff, 0xff, 0xff,
    0xff, 0xfc, 0x0, 0x0, 0x7, 0xff, 0xff, 0xff,
    0xff, 0xff, 0xff, 0xff, 0xc0, 0x0, 0x0, 0xff,
    0xff, 0xff, 0xff, 0xff, 0xff, 0xff, 0xfc, 0x0,
    0x0, 0x1f, 0xff, 0xff, 0xff, 0xff, 0xff, 0xff,
    0xff, 0xc0, 0x0, 0x3, 0xff, 0xff, 0xff, 0xff,
    0xff, 0xff, 0xff, 0xfc, 0x0, 0x0, 0x7f, 0xff,
    0xff, 0xff, 0xff, 0xff, 0xff, 0xff, 0xc0, 0x0,
    0xf, 0xff, 0xff, 0xff, 0xff, 0xff, 0xff, 0xff,
    0xf8, 0x0, 0x1, 0xff, 0xff, 0xc0, 0x0, 0x1,
    0xff, 0xff, 0xff, 0x80, 0x0, 0x3f, 0xff, 0xf8,
    0x0, 0x0, 0x7, 0xff, 0xff, 0xf8, 0x0, 0x7,
    0xff, 0xff, 0x0, 0x0, 0x0, 0x3f, 0xff, 0xff,
    0x0, 0x0, 0xff, 0xff, 0xe0, 0x0, 0x0, 0x3,
    0xff, 0xff, 0xf0, 0x0, 0x1f, 0xff, 0xfc, 0x0,
    0x0, 0x0, 0x3f, 0xff, 0xfe, 0x0, 0x3, 0xff,
    0xff, 0x80, 0x0, 0x0, 0x3, 0xff, 0xff, 0xc0,
    0x0, 0x7f, 0xff, 0xf0, 0x0, 0x0, 0x0, 0x3f,
    0xff, 0xfc, 0x0, 0xf, 0xff, 0xfe, 0x0, 0x0,
    0x0, 0x7, 0xff, 0xff, 0x80, 0x1, 0xff, 0xff,
    0xc0, 0x0, 0x0, 0x0, 0x7f, 0xff, 0xf0, 0x0,
    0x3f, 0xff, 0xf8, 0x0, 0x0, 0x0, 0xf, 0xff,
    0xfe, 0x0, 0x7, 0xff, 0xff, 0x0, 0x0, 0x0,
    0x1, 0xff, 0xff, 0xe0, 0x0, 0xff, 0xff, 0xe0,
    0x0, 0x0, 0x0, 0x1f, 0xff, 0xfc, 0x0, 0x1f,
    0xff, 0xfc, 0x0, 0x0, 0x0, 0x3, 0xff, 0xff,
    0x80, 0x3, 0xff, 0xff, 0x80, 0x0, 0x0, 0x0,
    0x7f, 0xff, 0xf0, 0x0, 0x7f, 0xff, 0xf0, 0x0,
    0x0, 0x0, 0xf, 0xff, 0xfe, 0x0, 0xf, 0xff,
    0xfe, 0x0, 0x0, 0x0, 0x1, 0xff, 0xff, 0xc0,
    0x1, 0xff, 0xff, 0xc0, 0x0, 0x0, 0x0, 0x3f,
    0xff, 0xf8, 0x0, 0x3f, 0xff, 0xf8, 0x0, 0x0,
    0x0, 0x7, 0xff, 0xff, 0x0, 0x7, 0xff, 0xff,
    0x0, 0x0, 0x0, 0x0, 0xff, 0xff, 0xe0, 0x0,
    0xff, 0xff, 0xe0, 0x0, 0x0, 0x0, 0x1f, 0xff,
    0xfc, 0x0, 0x1f, 0xff, 0xfc, 0x0, 0x0, 0x0,
    0x7, 0xff, 0xff, 0x80, 0x3, 0xff, 0xff, 0x80,
    0x0, 0x0, 0x0, 0xff, 0xff, 0xe0, 0x0, 0x7f,
    0xff, 0xf0, 0x0, 0x0, 0x0, 0x1f, 0xff, 0xfc,
    0x0, 0xf, 0xff, 0xfe, 0x0, 0x0, 0x0, 0x7,
    0xff, 0xff, 0x80, 0x1, 0xff, 0xff, 0xc0, 0x0,
    0x0, 0x0, 0xff, 0xff, 0xf0, 0x0, 0x3f, 0xff,
    0xf8, 0x0, 0x0, 0x0, 0x3f, 0xff, 0xfc, 0x0,
    0x7, 0xff, 0xff, 0x0, 0x0, 0x0, 0xf, 0xff,
    0xff, 0x80, 0x0, 0xff, 0xff, 0xe0, 0x0, 0x0,
    0x7, 0xff, 0xff, 0xf0, 0x0, 0x1f, 0xff, 0xfc,
    0x0, 0x0, 0x1, 0xff, 0xff, 0xfc, 0x0, 0x3,
    0xff, 0xff, 0x80, 0x0, 0x1, 0xff, 0xff, 0xff,
    0x8f, 0xff, 0xff, 0xff, 0xff, 0xff, 0xff, 0xff,
    0xff, 0xff, 0xe1, 0xff, 0xff, 0xff, 0xff, 0xff,
    0xff, 0xff, 0xff, 0xff, 0xf8, 0x3f, 0xff, 0xff,
    0xff, 0xff, 0xff, 0xff, 0xff, 0xff, 0xff, 0x7,
    0xff, 0xff, 0xff, 0xff, 0xff, 0xff, 0xff, 0xff,
    0xff, 0xc0, 0xff, 0xff, 0xff, 0xff, 0xff, 0xff,
    0xff, 0xff, 0xff, 0xf0, 0x1f, 0xff, 0xff, 0xff,
    0xff, 0xff, 0xff, 0xff, 0xff, 0xfc, 0x3, 0xff,
    0xff, 0xff, 0xff, 0xff, 0xff, 0xff, 0xff, 0xff,
    0x0, 0x7f, 0xff, 0xff, 0xff, 0xff, 0xff, 0xff,
    0xff, 0xff, 0x80, 0xf, 0xff, 0xff, 0xff, 0xff,
    0xff, 0xff, 0xff, 0xff, 0xe0, 0x1, 0xff, 0xff,
    0xff, 0xff, 0xff, 0xff, 0xff, 0xff, 0xf0, 0x0,
    0x3f, 0xff, 0xff, 0xff, 0xff, 0xff, 0xff, 0xff,
    0xf8, 0x0, 0x7, 0xff, 0xff, 0xff, 0xff, 0xff,
    0xff, 0xff, 0xfc, 0x0, 0x0, 0xff, 0xff, 0xff,
    0xff, 0xff, 0xff, 0xff, 0xf8, 0x0, 0x0, 0x1f,
    0xff, 0xff, 0xff, 0xff, 0xff, 0xff, 0xe0, 0x0,
    0x0, 0x0, 0x0, 0x1f, 0xff, 0xfc, 0x0, 0x0,
    0x0, 0x0, 0x0, 0x0, 0x0, 0x3, 0xff, 0xff,
    0x80, 0x0, 0x0, 0x0, 0x0, 0x0, 0x0, 0x0,
    0x7f, 0xff, 0xf0, 0x0, 0x0, 0x0, 0x0, 0x0,
    0x0, 0x0, 0xf, 0xff, 0xfe, 0x0, 0x0, 0x0,
    0x0, 0x0, 0x0, 0x0, 0x1, 0xff, 0xff, 0xc0,
    0x0, 0x0, 0x0, 0x0, 0x0, 0x0, 0x0, 0x3f,
    0xff, 0xf8, 0x0, 0x0, 0x0, 0x0, 0x0, 0x0,
    0xff, 0xff, 0xff, 0xff, 0xff, 0xff, 0xf0, 0x0,
    0x0, 0x0, 0x1f, 0xff, 0xff, 0xff, 0xff, 0xff,
    0xfe, 0x0, 0x0, 0x0, 0x3, 0xff, 0xff, 0xff,
    0xff, 0xff, 0xff, 0xc0, 0x0, 0x0, 0x0, 0x7f,
    0xff, 0xff, 0xff, 0xff, 0xff, 0xf8, 0x0, 0x0,
    0x0, 0xf, 0xff, 0xff, 0xff, 0xff, 0xff, 0xff,
    0x0, 0x0, 0x0, 0x1, 0xff, 0xff, 0xff, 0xff,
    0xff, 0xff, 0xe0, 0x0, 0x0, 0x0, 0x3f, 0xff,
    0xff, 0xff, 0xff, 0xff, 0xfc, 0x0, 0x0, 0x0,
    0x7, 0xff, 0xff, 0xff, 0xff, 0xff, 0xff, 0x80,
    0x0, 0x0, 0x0, 0xff, 0xff, 0xff, 0xff, 0xff,
    0xff, 0xf0, 0x0, 0x0, 0x0, 0x1f, 0xff, 0xff,
    0xff, 0xff, 0xff, 0xfe, 0x0, 0x0, 0x0, 0x3,
    0xff, 0xff, 0xff, 0xff, 0xff, 0xff, 0xc0, 0x0,
    0x0, 0x0, 0x7f, 0xff, 0xff, 0xff, 0xff, 0xff,
    0xf8, 0x0, 0x0, 0x0, 0xf, 0xff, 0xff, 0xff,
    0xff, 0xff, 0xff, 0x0, 0x0, 0x0, 0x1, 0xff,
    0xff, 0xff, 0xff, 0xff, 0xff, 0xe0, 0x0, 0x0,
    0x0, 0x0, 0x1, 0xff, 0xff, 0xc0, 0x0, 0x0,
    0x0, 0x0, 0x0, 0x0, 0x0, 0x3f, 0xff, 0xf8,
    0x0, 0x0, 0x0, 0x0, 0x0, 0x0, 0x0, 0x7,
    0xff, 0xff, 0x0, 0x0, 0x0, 0x0, 0x0, 0x0,
    0x0, 0x0, 0xff, 0xff, 0xe0, 0x0, 0x0, 0x0,
    0x0, 0x0, 0x0, 0x0, 0x1f, 0xff, 0xfc, 0x0,
    0x0, 0x0, 0x0, 0x0, 0x0, 0x0, 0x3, 0xff,
    0xff, 0x80, 0x0, 0x0, 0x0, 0x0, 0x0, 0x0,
    0x0, 0x7f, 0xff, 0xf0, 0x0, 0x0, 0x0, 0x0,
    0x0, 0x0, 0x0, 0xf, 0xff, 0xfe, 0x0, 0x0,
    0x0, 0x0, 0x0, 0x0, 0x0, 0x1, 0xff, 0xff,
    0xc0, 0x0, 0x0, 0x0, 0x0, 0x0, 0x0, 0x0,
    0x3f, 0xff, 0xf8, 0x0, 0x0, 0x0, 0x0, 0x0,
    0x0, 0x0, 0x7, 0xff, 0xff, 0x0, 0x0, 0x0,
    0x0, 0x0, 0x0, 0x0, 0x0, 0xff, 0xff, 0xe0,
    0x0, 0x0, 0x0, 0x0, 0x0, 0x0, 0x0, 0x1f,
    0xff, 0xfc, 0x0, 0x0, 0x0, 0x0, 0x0, 0x0,
    0x0
};


/*---------------------
 *  GLYPH DESCRIPTION
 *--------------------*/

static const lv_font_fmt_txt_glyph_dsc_t glyph_dsc[] = {
    {.bitmap_index = 0, .adv_w = 0, .box_w = 0, .box_h = 0, .ofs_x = 0, .ofs_y = 0} /* id = 0 reserved */,
    {.bitmap_index = 0, .adv_w = 509, .box_w = 1, .box_h = 1, .ofs_x = 0, .ofs_y = 0},
    {.bitmap_index = 1, .adv_w = 554, .box_w = 20, .box_h = 92, .ofs_x = 8, .ofs_y = -1},
    {.bitmap_index = 231, .adv_w = 652, .box_w = 33, .box_h = 34, .ofs_x = 4, .ofs_y = 62},
    {.bitmap_index = 372, .adv_w = 1213, .box_w = 70, .box_h = 92, .ofs_x = 4, .ofs_y = 0},
    {.bitmap_index = 1177, .adv_w = 1175, .box_w = 62, .box_h = 119, .ofs_x = 6, .ofs_y = -13},
    {.bitmap_index = 2100, .adv_w = 1514, .box_w = 83, .box_h = 94, .ofs_x = 6, .ofs_y = -1},
    {.bitmap_index = 3076, .adv_w = 1347, .box_w = 78, .box_h = 94, .ofs_x = 4, .ofs_y = -1},
    {.bitmap_index = 3993, .adv_w = 330, .box_w = 13, .box_h = 34, .ofs_x = 4, .ofs_y = 62},
    {.bitmap_index = 4049, .adv_w = 716, .box_w = 34, .box_h = 130, .ofs_x = 8, .ofs_y = -29},
    {.bitmap_index = 4602, .adv_w = 719, .box_w = 35, .box_h = 130, .ofs_x = 3, .ofs_y = -29},
    {.bitmap_index = 5171, .adv_w = 930, .box_w = 55, .box_h = 55, .ofs_x = 2, .ofs_y = 36},
    {.bitmap_index = 5550, .adv_w = 1116, .box_w = 63, .box_h = 67, .ofs_x = 3, .ofs_y = 9},
    {.bitmap_index = 6078, .adv_w = 504, .box_w = 22, .box_h = 38, .ofs_x = 2, .ofs_y = -23},
    {.bitmap_index = 6183, .adv_w = 807, .box_w = 35, .box_h = 14, .ofs_x = 7, .ofs_y = 32},
    {.bitmap_index = 6245, .adv_w = 594, .box_w = 20, .box_h = 19, .ofs_x = 8, .ofs_y = -1},
    {.bitmap_index = 6293, .adv_w = 760, .box_w = 47, .box_h = 99, .ofs_x = -1, .ofs_y = -8},
    {.bitmap_index = 6875, .adv_w = 1175, .box_w = 62, .box_h = 94, .ofs_x = 6, .ofs_y = -1},
    {.bitmap_index = 7604, .adv_w = 1175, .box_w = 40, .box_h = 91, .ofs_x = 10, .ofs_y = 0},
    {.bitmap_index = 8059, .adv_w = 1175, .box_w = 64, .box_h = 92, .ofs_x = 4, .ofs_y = 0},
    {.bitmap_index = 8795, .adv_w = 1175, .box_w = 63, .box_h = 94, .ofs_x = 4, .ofs_y = -1},
    {.bitmap_index = 9536, .adv_w = 1175, .box_w = 67, .box_h = 92, .ofs_x = 4, .ofs_y = 0},
    {.bitmap_index = 10307, .adv_w = 1175, .box_w = 62, .box_h = 92, .ofs_x = 6, .ofs_y = -1},
    {.bitmap_index = 11020, .adv_w = 1175, .box_w = 63, .box_h = 93, .ofs_x = 6, .ofs_y = -1},
    {.bitmap_index = 11753, .adv_w = 1175, .box_w = 64, .box_h = 91, .ofs_x = 4, .ofs_y = 0},
    {.bitmap_index = 12481, .adv_w = 1175, .box_w = 62, .box_h = 94, .ofs_x = 6, .ofs_y = -1},
    {.bitmap_index = 13210, .adv_w = 1175, .box_w = 62, .box_h = 93, .ofs_x = 5, .ofs_y = -1},
    {.bitmap_index = 13931, .adv_w = 577, .box_w = 20, .box_h = 71, .ofs_x = 8, .ofs_y = -1},
    {.bitmap_index = 14109, .adv_w = 539, .box_w = 23, .box_h = 92, .ofs_x = 4, .ofs_y = -22},
    {.bitmap_index = 14374, .adv_w = 1044, .box_w = 54, .box_h = 60, .ofs_x = 3, .ofs_y = 9},
    {.bitmap_index = 14779, .adv_w = 1175, .box_w = 56, .box_h = 41, .ofs_x = 8, .ofs_y = 20},
    {.bitmap_index = 15066, .adv_w = 1057, .box_w = 55, .box_h = 60, .ofs_x = 7, .ofs_y = 9},
    {.bitmap_index = 15479, .adv_w = 1019, .box_w = 56, .box_h = 93, .ofs_x = 3, .ofs_y = -1},
    {.bitmap_index = 16130, .adv_w = 1836, .box_w = 104, .box_h = 117, .ofs_x = 5, .ofs_y = -28},
    {.bitmap_index = 17651, .adv_w = 1376, .box_w = 85, .box_h = 91, .ofs_x = 0, .ofs_y = 0},
    {.bitmap_index = 18618, .adv_w = 1307, .box_w = 67, .box_h = 91, .ofs_x = 8, .ofs_y = 0},
    {.bitmap_index = 19381, .adv_w = 1340, .box_w = 74, .box_h = 94, .ofs_x = 5, .ofs_y = -1},
    {.bitmap_index = 20251, .adv_w = 1331, .box_w = 70, .box_h = 91, .ofs_x = 8, .ofs_y = 0},
    {.bitmap_index = 21048, .adv_w = 1152, .box_w = 61, .box_h = 91, .ofs_x = 8, .ofs_y = 0},
    {.bitmap_index = 21742, .adv_w = 1124, .box_w = 60, .box_h = 91, .ofs_x = 8, .ofs_y = 0},
    {.bitmap_index = 22425, .adv_w = 1396, .box_w = 74, .box_h = 93, .ofs_x = 6, .ofs_y = -1},
    {.bitmap_index = 23286, .adv_w = 1446, .box_w = 74, .box_h = 92, .ofs_x = 8, .ofs_y = -1},
    {.bitmap_index = 24137, .adv_w = 599, .box_w = 18, .box_h = 91, .ofs_x = 9, .ofs_y = 0},
    {.bitmap_index = 24342, .adv_w = 1144, .box_w = 61, .box_h = 93, .ofs_x = 3, .ofs_y = -1},
    {.bitmap_index = 25052, .adv_w = 1302, .box_w = 74, .box_h = 91, .ofs_x = 8, .ofs_y = 0},
    {.bitmap_index = 25894, .adv_w = 1108, .box_w = 59, .box_h = 91, .ofs_x = 8, .ofs_y = 0},
    {.bitmap_index = 26566, .adv_w = 1793, .box_w = 96, .box_h = 91, .ofs_x = 8, .ofs_y = 0},
    {.bitmap_index = 27658, .adv_w = 1445, .box_w = 74, .box_h = 91, .ofs_x = 8, .ofs_y = 0},
    {.bitmap_index = 28500, .adv_w = 1412, .box_w = 78, .box_h = 94, .ofs_x = 5, .ofs_y = -1},
    {.bitmap_index = 29417, .adv_w = 1320, .box_w = 70, .box_h = 91, .ofs_x = 8, .ofs_y = 0},
    {.bitmap_index = 30214, .adv_w = 1412, .box_w = 78, .box_h = 109, .ofs_x = 5, .ofs_y = -16},
    {.bitmap_index = 31277, .adv_w = 1312, .box_w = 71, .box_h = 91, .ofs_x = 8, .ofs_y = 0},
    {.bitmap_index = 32085, .adv_w = 1261, .box_w = 70, .box_h = 93, .ofs_x = 4, .ofs_y = -1},
    {.bitmap_index = 32899, .adv_w = 1269, .box_w = 75, .box_h = 91, .ofs_x = 2, .ofs_y = -1},
    {.bitmap_index = 33753, .adv_w = 1350, .box_w = 69, .box_h = 93, .ofs_x = 7, .ofs_y = -1},
    {.bitmap_index = 34556, .adv_w = 1338, .box_w = 83, .box_h = 91, .ofs_x = 0, .ofs_y = 0},
    {.bitmap_index = 35501, .adv_w = 1792, .box_w = 108, .box_h = 91, .ofs_x = 2, .ofs_y = 0},
    {.bitmap_index = 36730, .adv_w = 1300, .box_w = 79, .box_h = 91, .ofs_x = 1, .ofs_y = 0},
    {.bitmap_index = 37629, .adv_w = 1268, .box_w = 79, .box_h = 91, .ofs_x = 0, .ofs_y = 0},
    {.bitmap_index = 38528, .adv_w = 1243, .box_w = 70, .box_h = 91, .ofs_x = 5, .ofs_y = 0},
    {.bitmap_index = 39325, .adv_w = 567, .box_w = 27, .box_h = 127, .ofs_x = 8, .ofs_y = -21},
    {.bitmap_index = 39754, .adv_w = 863, .box_w = 56, .box_h = 99, .ofs_x = 0, .ofs_y = -8},
    {.bitmap_index = 40447, .adv_w = 567, .box_w = 27, .box_h = 127, .ofs_x = 1, .ofs_y = -21},
    {.bitmap_index = 40876, .adv_w = 897, .box_w = 50, .box_h = 46, .ofs_x = 3, .ofs_y = 46},
    {.bitmap_index = 41164, .adv_w = 911, .box_w = 57, .box_h = 14, .ofs_x = 1, .ofs_y = -14},
    {.bitmap_index = 41264, .adv_w = 676, .box_w = 32, .box_h = 19, .ofs_x = 3, .ofs_y = 77},
    {.bitmap_index = 41340, .adv_w = 1096, .box_w = 60, .box_h = 70, .ofs_x = 4, .ofs_y = -1},
    {.bitmap_index = 41865, .adv_w = 1152, .box_w = 61, .box_h = 97, .ofs_x = 7, .ofs_y = -1},
    {.bitmap_index = 42605, .adv_w = 1067, .box_w = 59, .box_h = 70, .ofs_x = 4, .ofs_y = -1},
    {.bitmap_index = 43122, .adv_w = 1153, .box_w = 61, .box_h = 97, .ofs_x = 4, .ofs_y = -1},
    {.bitmap_index = 43862, .adv_w = 1106, .box_w = 62, .box_h = 70, .ofs_x = 4, .ofs_y = -1},
    {.bitmap_index = 44405, .adv_w = 733, .box_w = 44, .box_h = 97, .ofs_x = 2, .ofs_y = 0},
    {.bitmap_index = 44939, .adv_w = 1170, .box_w = 62, .box_h = 96, .ofs_x = 4, .ofs_y = -27},
    {.bitmap_index = 45683, .adv_w = 1147, .box_w = 58, .box_h = 96, .ofs_x = 7, .ofs_y = 0},
    {.bitmap_index = 46379, .adv_w = 542, .box_w = 20, .box_h = 94, .ofs_x = 7, .ofs_y = 0},
    {.bitmap_index = 46614, .adv_w = 533, .box_w = 33, .box_h = 122, .ofs_x = -6, .ofs_y = -27},
    {.bitmap_index = 47118, .adv_w = 1094, .box_w = 63, .box_h = 96, .ofs_x = 7, .ofs_y = 0},
    {.bitmap_index = 47874, .adv_w = 542, .box_w = 18, .box_h = 96, .ofs_x = 8, .ofs_y = 0},
    {.bitmap_index = 48090, .adv_w = 1774, .box_w = 97, .box_h = 69, .ofs_x = 7, .ofs_y = 0},
    {.bitmap_index = 48927, .adv_w = 1148, .box_w = 58, .box_h = 69, .ofs_x = 7, .ofs_y = 0},
    {.bitmap_index = 49428, .adv_w = 1156, .box_w = 64, .box_h = 70, .ofs_x = 4, .ofs_y = -1},
    {.bitmap_index = 49988, .adv_w = 1152, .box_w = 61, .box_h = 95, .ofs_x = 7, .ofs_y = -26},
    {.bitmap_index = 50713, .adv_w = 1155, .box_w = 61, .box_h = 95, .ofs_x = 4, .ofs_y = -26},
    {.bitmap_index = 51438, .adv_w = 750, .box_w = 38, .box_h = 69, .ofs_x = 7, .ofs_y = 0},
    {.bitmap_index = 51766, .adv_w = 1052, .box_w = 57, .box_h = 70, .ofs_x = 3, .ofs_y = -1},
    {.bitmap_index = 52265, .adv_w = 693, .box_w = 40, .box_h = 86, .ofs_x = 0, .ofs_y = -1},
    {.bitmap_index = 52695, .adv_w = 1147, .box_w = 59, .box_h = 69, .ofs_x = 6, .ofs_y = -1},
    {.bitmap_index = 53204, .adv_w = 1037, .box_w = 63, .box_h = 68, .ofs_x = 1, .ofs_y = 0},
    {.bitmap_index = 53740, .adv_w = 1504, .box_w = 90, .box_h = 68, .ofs_x = 2, .ofs_y = 0},
    {.bitmap_index = 54505, .adv_w = 1042, .box_w = 63, .box_h = 68, .ofs_x = 1, .ofs_y = 0},
    {.bitmap_index = 55041, .adv_w = 1031, .box_w = 64, .box_h = 95, .ofs_x = 1, .ofs_y = -27},
    {.bitmap_index = 55801, .adv_w = 1042, .box_w = 56, .box_h = 68, .ofs_x = 5, .ofs_y = 0},
    {.bitmap_index = 56277, .adv_w = 675, .box_w = 37, .box_h = 123, .ofs_x = 3, .ofs_y = -23},
    {.bitmap_index = 56846, .adv_w = 516, .box_w = 11, .box_h = 108, .ofs_x = 11, .ofs_y = -17},
    {.bitmap_index = 56995, .adv_w = 675, .box_w = 38, .box_h = 124, .ofs_x = 2, .ofs_y = -23},
    {.bitmap_index = 57584, .adv_w = 1327, .box_w = 69, .box_h = 28, .ofs_x = 7, .ofs_y = 24},
    {.bitmap_index = 57826, .adv_w = 509, .box_w = 1, .box_h = 1, .ofs_x = 0, .ofs_y = 0},
    {.bitmap_index = 57827, .adv_w = 579, .box_w = 20, .box_h = 92, .ofs_x = 8, .ofs_y = -23},
    {.bitmap_index = 58057, .adv_w = 1181, .box_w = 59, .box_h = 98, .ofs_x = 6, .ofs_y = -15},
    {.bitmap_index = 58780, .adv_w = 1217, .box_w = 66, .box_h = 92, .ofs_x = 6, .ofs_y = 0},
    {.bitmap_index = 59539, .adv_w = 1418, .box_w = 79, .box_h = 81, .ofs_x = 5, .ofs_y = -2},
    {.bitmap_index = 60339, .adv_w = 1098, .box_w = 67, .box_h = 92, .ofs_x = 0, .ofs_y = 0},
    {.bitmap_index = 61110, .adv_w = 514, .box_w = 16, .box_h = 108, .ofs_x = 8, .ofs_y = -17},
    {.bitmap_index = 61326, .adv_w = 1287, .box_w = 68, .box_h = 121, .ofs_x = 6, .ofs_y = -29},
    {.bitmap_index = 62355, .adv_w = 963, .box_w = 48, .box_h = 15, .ofs_x = 6, .ofs_y = 78},
    {.bitmap_index = 62445, .adv_w = 1609, .box_w = 89, .box_h = 93, .ofs_x = 5, .ofs_y = -1},
    {.bitmap_index = 63480, .adv_w = 909, .box_w = 41, .box_h = 49, .ofs_x = 9, .ofs_y = 43},
    {.bitmap_index = 63732, .adv_w = 1024, .box_w = 53, .box_h = 50, .ofs_x = 5, .ofs_y = 8},
    {.bitmap_index = 64064, .adv_w = 1128, .box_w = 52, .box_h = 27, .ofs_x = 8, .ofs_y = 23},
    {.bitmap_index = 64240, .adv_w = 807, .box_w = 35, .box_h = 14, .ofs_x = 7, .ofs_y = 32},
    {.bitmap_index = 64302, .adv_w = 1609, .box_w = 89, .box_h = 93, .ofs_x = 5, .ofs_y = -1},
    {.bitmap_index = 65337, .adv_w = 1025, .box_w = 43, .box_h = 10, .ofs_x = 11, .ofs_y = 81},
    {.bitmap_index = 65391, .adv_w = 798, .box_w = 34, .box_h = 34, .ofs_x = 8, .ofs_y = 58},
    {.bitmap_index = 65536, .adv_w = 1100, .box_w = 58, .box_h = 81, .ofs_x = 5, .ofs_y = 0},
    {.bitmap_index = 66124, .adv_w = 763, .box_w = 40, .box_h = 50, .ofs_x = 4, .ofs_y = 42},
    {.bitmap_index = 66374, .adv_w = 763, .box_w = 40, .box_h = 51, .ofs_x = 3, .ofs_y = 41},
    {.bitmap_index = 66629, .adv_w = 676, .box_w = 32, .box_h = 19, .ofs_x = 6, .ofs_y = 77},
    {.bitmap_index = 66705, .adv_w = 1265, .box_w = 60, .box_h = 94, .ofs_x = 9, .ofs_y = -26},
    {.bitmap_index = 67410, .adv_w = 1001, .box_w = 49, .box_h = 91, .ofs_x = 5, .ofs_y = 0},
    {.bitmap_index = 67968, .adv_w = 618, .box_w = 20, .box_h = 19, .ofs_x = 9, .ofs_y = 34},
    {.bitmap_index = 68016, .adv_w = 550, .box_w = 24, .box_h = 29, .ofs_x = 6, .ofs_y = -29},
    {.bitmap_index = 68103, .adv_w = 763, .box_w = 25, .box_h = 49, .ofs_x = 9, .ofs_y = 42},
    {.bitmap_index = 68257, .adv_w = 937, .box_w = 43, .box_h = 49, .ofs_x = 7, .ofs_y = 43},
    {.bitmap_index = 68521, .adv_w = 1024, .box_w = 54, .box_h = 50, .ofs_x = 5, .ofs_y = 8},
    {.bitmap_index = 68859, .adv_w = 1467, .box_w = 81, .box_h = 91, .ofs_x = 6, .ofs_y = 0},
    {.bitmap_index = 69781, .adv_w = 1554, .box_w = 87, .box_h = 91, .ofs_x = 5, .ofs_y = 0},
    {.bitmap_index = 70771, .adv_w = 1658, .box_w = 91, .box_h = 92, .ofs_x = 6, .ofs_y = 0},
    {.bitmap_index = 71818, .adv_w = 1020, .box_w = 56, .box_h = 93, .ofs_x = 4, .ofs_y = -24},
    {.bitmap_index = 72469, .adv_w = 1376, .box_w = 85, .box_h = 115, .ofs_x = 0, .ofs_y = 0},
    {.bitmap_index = 73691, .adv_w = 1376, .box_w = 85, .box_h = 115, .ofs_x = 0, .ofs_y = 0},
    {.bitmap_index = 74913, .adv_w = 1376, .box_w = 85, .box_h = 116, .ofs_x = 0, .ofs_y = 0},
    {.bitmap_index = 76146, .adv_w = 1376, .box_w = 85, .box_h = 115, .ofs_x = 0, .ofs_y = 0},
    {.bitmap_index = 77368, .adv_w = 1376, .box_w = 85, .box_h = 112, .ofs_x = 0, .ofs_y = 0},
    {.bitmap_index = 78558, .adv_w = 1376, .box_w = 85, .box_h = 121, .ofs_x = 0, .ofs_y = 0},
    {.bitmap_index = 79844, .adv_w = 1922, .box_w = 116, .box_h = 91, .ofs_x = 1, .ofs_y = 0},
    {.bitmap_index = 81164, .adv_w = 1340, .box_w = 74, .box_h = 122, .ofs_x = 5, .ofs_y = -29},
    {.bitmap_index = 82293, .adv_w = 1152, .box_w = 61, .box_h = 116, .ofs_x = 8, .ofs_y = 0},
    {.bitmap_index = 83178, .adv_w = 1152, .box_w = 61, .box_h = 116, .ofs_x = 8, .ofs_y = 0},
    {.bitmap_index = 84063, .adv_w = 1152, .box_w = 61, .box_h = 116, .ofs_x = 8, .ofs_y = 0},
    {.bitmap_index = 84948, .adv_w = 1152, .box_w = 61, .box_h = 113, .ofs_x = 8, .ofs_y = 0},
    {.bitmap_index = 85810, .adv_w = 599, .box_w = 32, .box_h = 116, .ofs_x = -5, .ofs_y = 0},
    {.bitmap_index = 86274, .adv_w = 599, .box_w = 32, .box_h = 116, .ofs_x = 9, .ofs_y = 0},
    {.bitmap_index = 86738, .adv_w = 599, .box_w = 48, .box_h = 116, .ofs_x = -6, .ofs_y = 0},
    {.bitmap_index = 87434, .adv_w = 599, .box_w = 48, .box_h = 113, .ofs_x = -5, .ofs_y = 0},
    {.bitmap_index = 88112, .adv_w = 1361, .box_w = 80, .box_h = 91, .ofs_x = 0, .ofs_y = 0},
    {.bitmap_index = 89022, .adv_w = 1445, .box_w = 74, .box_h = 115, .ofs_x = 8, .ofs_y = 0},
    {.bitmap_index = 90086, .adv_w = 1412, .box_w = 78, .box_h = 117, .ofs_x = 5, .ofs_y = -1},
    {.bitmap_index = 91227, .adv_w = 1412, .box_w = 78, .box_h = 117, .ofs_x = 5, .ofs_y = -1},
    {.bitmap_index = 92368, .adv_w = 1412, .box_w = 78, .box_h = 117, .ofs_x = 5, .ofs_y = -1},
    {.bitmap_index = 93509, .adv_w = 1412, .box_w = 78, .box_h = 116, .ofs_x = 5, .ofs_y = -1},
    {.bitmap_index = 94640, .adv_w = 1412, .box_w = 78, .box_h = 114, .ofs_x = 5, .ofs_y = -1},
    {.bitmap_index = 95752, .adv_w = 1087, .box_w = 59, .box_h = 60, .ofs_x = 4, .ofs_y = 13},
    {.bitmap_index = 96195, .adv_w = 1410, .box_w = 78, .box_h = 101, .ofs_x = 6, .ofs_y = -6},
    {.bitmap_index = 97180, .adv_w = 1350, .box_w = 69, .box_h = 117, .ofs_x = 7, .ofs_y = -1},
    {.bitmap_index = 98190, .adv_w = 1350, .box_w = 69, .box_h = 117, .ofs_x = 7, .ofs_y = -1},
    {.bitmap_index = 99200, .adv_w = 1350, .box_w = 69, .box_h = 117, .ofs_x = 7, .ofs_y = -1},
    {.bitmap_index = 100210, .adv_w = 1350, .box_w = 69, .box_h = 114, .ofs_x = 7, .ofs_y = -1},
    {.bitmap_index = 101194, .adv_w = 1268, .box_w = 79, .box_h = 116, .ofs_x = 0, .ofs_y = -1},
    {.bitmap_index = 102340, .adv_w = 1248, .box_w = 66, .box_h = 91, .ofs_x = 8, .ofs_y = 0},
    {.bitmap_index = 103091, .adv_w = 1294, .box_w = 68, .box_h = 99, .ofs_x = 9, .ofs_y = -1},
    {.bitmap_index = 103933, .adv_w = 1096, .box_w = 60, .box_h = 97, .ofs_x = 4, .ofs_y = -1},
    {.bitmap_index = 104661, .adv_w = 1096, .box_w = 60, .box_h = 97, .ofs_x = 4, .ofs_y = -1},
    {.bitmap_index = 105389, .adv_w = 1096, .box_w = 60, .box_h = 98, .ofs_x = 4, .ofs_y = -1},
    {.bitmap_index = 106124, .adv_w = 1096, .box_w = 60, .box_h = 97, .ofs_x = 4, .ofs_y = -2},
    {.bitmap_index = 106852, .adv_w = 1096, .box_w = 60, .box_h = 94, .ofs_x = 4, .ofs_y = -1},
    {.bitmap_index = 107557, .adv_w = 1096, .box_w = 60, .box_h = 103, .ofs_x = 4, .ofs_y = -1},
    {.bitmap_index = 108330, .adv_w = 1730, .box_w = 101, .box_h = 70, .ofs_x = 4, .ofs_y = -1},
    {.bitmap_index = 109214, .adv_w = 1067, .box_w = 59, .box_h = 98, .ofs_x = 4, .ofs_y = -29},
    {.bitmap_index = 109937, .adv_w = 1106, .box_w = 62, .box_h = 97, .ofs_x = 4, .ofs_y = -1},
    {.bitmap_index = 110689, .adv_w = 1106, .box_w = 62, .box_h = 97, .ofs_x = 4, .ofs_y = -1},
    {.bitmap_index = 111441, .adv_w = 1106, .box_w = 62, .box_h = 98, .ofs_x = 4, .ofs_y = -1},
    {.bitmap_index = 112201, .adv_w = 1106, .box_w = 62, .box_h = 94, .ofs_x = 4, .ofs_y = -1},
    {.bitmap_index = 112930, .adv_w = 559, .box_w = 32, .box_h = 95, .ofs_x = -6, .ofs_y = 0},
    {.bitmap_index = 113310, .adv_w = 559, .box_w = 32, .box_h = 95, .ofs_x = 8, .ofs_y = 0},
    {.bitmap_index = 113690, .adv_w = 559, .box_w = 48, .box_h = 95, .ofs_x = -7, .ofs_y = 0},
    {.bitmap_index = 114260, .adv_w = 559, .box_w = 48, .box_h = 92, .ofs_x = -6, .ofs_y = 0},
    {.bitmap_index = 114812, .adv_w = 1177, .box_w = 64, .box_h = 100, .ofs_x = 5, .ofs_y = -1},
    {.bitmap_index = 115612, .adv_w = 1148, .box_w = 58, .box_h = 95, .ofs_x = 7, .ofs_y = 0},
    {.bitmap_index = 116301, .adv_w = 1156, .box_w = 64, .box_h = 97, .ofs_x = 4, .ofs_y = -1},
    {.bitmap_index = 117077, .adv_w = 1156, .box_w = 64, .box_h = 97, .ofs_x = 4, .ofs_y = -1},
    {.bitmap_index = 117853, .adv_w = 1156, .box_w = 64, .box_h = 98, .ofs_x = 4, .ofs_y = -1},
    {.bitmap_index = 118637, .adv_w = 1156, .box_w = 64, .box_h = 96, .ofs_x = 4, .ofs_y = -1},
    {.bitmap_index = 119405, .adv_w = 1156, .box_w = 64, .box_h = 94, .ofs_x = 4, .ofs_y = -1},
    {.bitmap_index = 120157, .adv_w = 1168, .box_w = 64, .box_h = 69, .ofs_x = 4, .ofs_y = 8},
    {.bitmap_index = 120709, .adv_w = 1155, .box_w = 64, .box_h = 86, .ofs_x = 4, .ofs_y = -9},
    {.bitmap_index = 121397, .adv_w = 1147, .box_w = 59, .box_h = 97, .ofs_x = 6, .ofs_y = -1},
    {.bitmap_index = 122113, .adv_w = 1147, .box_w = 59, .box_h = 97, .ofs_x = 6, .ofs_y = -1},
    {.bitmap_index = 122829, .adv_w = 1147, .box_w = 59, .box_h = 98, .ofs_x = 6, .ofs_y = -1},
    {.bitmap_index = 123552, .adv_w = 1147, .box_w = 59, .box_h = 94, .ofs_x = 6, .ofs_y = -1},
    {.bitmap_index = 124246, .adv_w = 1031, .box_w = 64, .box_h = 123, .ofs_x = 1, .ofs_y = -27},
    {.bitmap_index = 125230, .adv_w = 1159, .box_w = 61, .box_h = 122, .ofs_x = 7, .ofs_y = -26},
    {.bitmap_index = 126161, .adv_w = 1031, .box_w = 64, .box_h = 120, .ofs_x = 0, .ofs_y = -27},
    {.bitmap_index = 127121, .adv_w = 1044, .box_w = 1, .box_h = 1, .ofs_x = 0, .ofs_y = 0},
    {.bitmap_index = 127122, .adv_w = 2089, .box_w = 1, .box_h = 1, .ofs_x = 0, .ofs_y = 0},
    {.bitmap_index = 127123, .adv_w = 1044, .box_w = 1, .box_h = 1, .ofs_x = 0, .ofs_y = 0},
    {.bitmap_index = 127124, .adv_w = 2089, .box_w = 1, .box_h = 1, .ofs_x = 0, .ofs_y = 0},
    {.bitmap_index = 127125, .adv_w = 697, .box_w = 1, .box_h = 1, .ofs_x = 0, .ofs_y = 0},
    {.bitmap_index = 127126, .adv_w = 522, .box_w = 1, .box_h = 1, .ofs_x = 0, .ofs_y = 0},
    {.bitmap_index = 127127, .adv_w = 348, .box_w = 1, .box_h = 1, .ofs_x = 0, .ofs_y = 0},
    {.bitmap_index = 127128, .adv_w = 1151, .box_w = 1, .box_h = 1, .ofs_x = 0, .ofs_y = 0},
    {.bitmap_index = 127129, .adv_w = 560, .box_w = 1, .box_h = 1, .ofs_x = 0, .ofs_y = 0},
    {.bitmap_index = 127130, .adv_w = 418, .box_w = 1, .box_h = 1, .ofs_x = 0, .ofs_y = 0},
    {.bitmap_index = 127131, .adv_w = 209, .box_w = 1, .box_h = 1, .ofs_x = 0, .ofs_y = 0},
    {.bitmap_index = 127132, .adv_w = 0, .box_w = 1, .box_h = 1, .ofs_x = 0, .ofs_y = 0},
    {.bitmap_index = 127133, .adv_w = 806, .box_w = 35, .box_h = 14, .ofs_x = 7, .ofs_y = 32},
    {.bitmap_index = 127195, .adv_w = 806, .box_w = 35, .box_h = 14, .ofs_x = 7, .ofs_y = 32},
    {.bitmap_index = 127257, .adv_w = 1291, .box_w = 65, .box_h = 14, .ofs_x = 9, .ofs_y = 38},
    {.bitmap_index = 127371, .adv_w = 1560, .box_w = 86, .box_h = 14, .ofs_x = 7, .ofs_y = 38},
    {.bitmap_index = 127522, .adv_w = 1560, .box_w = 86, .box_h = 14, .ofs_x = 7, .ofs_y = 38},
    {.bitmap_index = 127673, .adv_w = 912, .box_w = 57, .box_h = 26, .ofs_x = 1, .ofs_y = -26},
    {.bitmap_index = 127859, .adv_w = 478, .box_w = 20, .box_h = 32, .ofs_x = 6, .ofs_y = 66},
    {.bitmap_index = 127939, .adv_w = 470, .box_w = 20, .box_h = 33, .ofs_x = 3, .ofs_y = 63},
    {.bitmap_index = 128022, .adv_w = 508, .box_w = 20, .box_h = 33, .ofs_x = 4, .ofs_y = -19},
    {.bitmap_index = 128105, .adv_w = 426, .box_w = 20, .box_h = 33, .ofs_x = 4, .ofs_y = 63},
    {.bitmap_index = 128188, .adv_w = 826, .box_w = 41, .box_h = 32, .ofs_x = 7, .ofs_y = 66},
    {.bitmap_index = 128352, .adv_w = 833, .box_w = 42, .box_h = 33, .ofs_x = 4, .ofs_y = 63},
    {.bitmap_index = 128526, .adv_w = 821, .box_w = 41, .box_h = 37, .ofs_x = 4, .ofs_y = -21},
    {.bitmap_index = 128716, .adv_w = 1102, .box_w = 62, .box_h = 91, .ofs_x = 3, .ofs_y = 0},
    {.bitmap_index = 129422, .adv_w = 1186, .box_w = 62, .box_h = 117, .ofs_x = 6, .ofs_y = -26},
    {.bitmap_index = 130329, .adv_w = 736, .box_w = 30, .box_h = 30, .ofs_x = 8, .ofs_y = 32},
    {.bitmap_index = 130442, .adv_w = 1069, .box_w = 50, .box_h = 19, .ofs_x = 8, .ofs_y = -1},
    {.bitmap_index = 130561, .adv_w = 1517, .box_w = 79, .box_h = 19, .ofs_x = 8, .ofs_y = -1},
    {.bitmap_index = 130749, .adv_w = 531, .box_w = 20, .box_h = 18, .ofs_x = 6, .ofs_y = 30},
    {.bitmap_index = 130794, .adv_w = 1969, .box_w = 113, .box_h = 94, .ofs_x = 6, .ofs_y = -1},
    {.bitmap_index = 132122, .adv_w = 330, .box_w = 13, .box_h = 34, .ofs_x = 4, .ofs_y = 62},
    {.bitmap_index = 132178, .adv_w = 652, .box_w = 33, .box_h = 34, .ofs_x = 4, .ofs_y = 62},
    {.bitmap_index = 132319, .adv_w = 639, .box_w = 29, .box_h = 50, .ofs_x = 7, .ofs_y = 8},
    {.bitmap_index = 132501, .adv_w = 619, .box_w = 29, .box_h = 50, .ofs_x = 5, .ofs_y = 8},
    {.bitmap_index = 132683, .adv_w = 1107, .box_w = 55, .box_h = 92, .ofs_x = 8, .ofs_y = -1},
    {.bitmap_index = 133316, .adv_w = 912, .box_w = 53, .box_h = 76, .ofs_x = 2, .ofs_y = 7},
    {.bitmap_index = 133820, .adv_w = 1124, .box_w = 69, .box_h = 91, .ofs_x = -1, .ofs_y = 0},
    {.bitmap_index = 134605, .adv_w = 1217, .box_w = 66, .box_h = 92, .ofs_x = 6, .ofs_y = 0},
    {.bitmap_index = 135364, .adv_w = 1665, .box_w = 100, .box_h = 92, .ofs_x = 2, .ofs_y = 0},
    {.bitmap_index = 136514, .adv_w = 1765, .box_w = 94, .box_h = 93, .ofs_x = 9, .ofs_y = -1},
    {.bitmap_index = 137607, .adv_w = 2223, .box_w = 126, .box_h = 92, .ofs_x = 8, .ofs_y = -1},
    {.bitmap_index = 139056, .adv_w = 1663, .box_w = 99, .box_h = 92, .ofs_x = 2, .ofs_y = -1},
    {.bitmap_index = 140195, .adv_w = 1786, .box_w = 98, .box_h = 68, .ofs_x = 7, .ofs_y = 0},
    {.bitmap_index = 141028, .adv_w = 1183, .box_w = 71, .box_h = 119, .ofs_x = 4, .ofs_y = -22},
    {.bitmap_index = 142085, .adv_w = 1175, .box_w = 63, .box_h = 93, .ofs_x = 5, .ofs_y = -1},
    {.bitmap_index = 142818, .adv_w = 1528, .box_w = 92, .box_h = 91, .ofs_x = 2, .ofs_y = 0},
    {.bitmap_index = 143865, .adv_w = 1077, .box_w = 62, .box_h = 91, .ofs_x = 3, .ofs_y = 0},
    {.bitmap_index = 144571, .adv_w = 1213, .box_w = 69, .box_h = 92, .ofs_x = 2, .ofs_y = -1},
    {.bitmap_index = 145365, .adv_w = 1399, .box_w = 78, .box_h = 68, .ofs_x = 4, .ofs_y = 0},
    {.bitmap_index = 146028, .adv_w = 1445, .box_w = 83, .box_h = 91, .ofs_x = 3, .ofs_y = 0}
};

/*---------------------
 *  CHARACTER MAPPING
 *--------------------*/

static const uint16_t unicode_list_3[] = {
    0x0, 0x1, 0x3, 0x4, 0x5, 0x7, 0x8, 0x9,
    0xa, 0xb, 0xc, 0xd, 0xe, 0x10, 0x11, 0x12,
    0x15, 0x16, 0x17, 0x20, 0x22, 0x23, 0x29, 0x2a,
    0x2c, 0x34, 0x93, 0x94, 0x96, 0x97, 0x98, 0x99,
    0x9a, 0x9b, 0x9c, 0xa1, 0xa9, 0xaa, 0xac, 0xad
};

/*Collect the unicode lists and glyph_id offsets*/
static const lv_font_fmt_txt_cmap_t cmaps[] =
{
    {
        .range_start = 32, .range_length = 95, .glyph_id_start = 1,
        .unicode_list = NULL, .glyph_id_ofs_list = NULL, .list_length = 0, .type = LV_FONT_FMT_TXT_CMAP_FORMAT0_TINY
    },
    {
        .range_start = 160, .range_length = 96, .glyph_id_start = 96,
        .unicode_list = NULL, .glyph_id_ofs_list = NULL, .list_length = 0, .type = LV_FONT_FMT_TXT_CMAP_FORMAT0_TINY
    },
    {
        .range_start = 8192, .range_length = 12, .glyph_id_start = 192,
        .unicode_list = NULL, .glyph_id_ofs_list = NULL, .list_length = 0, .type = LV_FONT_FMT_TXT_CMAP_FORMAT0_TINY
    },
    {
        .range_start = 8208, .range_length = 174, .glyph_id_start = 204,
        .unicode_list = unicode_list_3, .glyph_id_ofs_list = NULL, .list_length = 40, .type = LV_FONT_FMT_TXT_CMAP_SPARSE_TINY
    }
};

/*-----------------
 *    KERNING
 *----------------*/


/*Pair left and right glyphs for kerning*/
static const uint8_t kern_pair_glyph_ids[] =
{
    3, 3,
    3, 8,
    3, 210,
    3, 211,
    3, 213,
    3, 214,
    3, 215,
    3, 224,
    3, 225,
    8, 3,
    8, 8,
    8, 210,
    8, 211,
    8, 213,
    8, 214,
    8, 215,
    8, 224,
    8, 225,
    13, 3,
    13, 8,
    13, 210,
    13, 211,
    13, 213,
    13, 214,
    13, 215,
    13, 224,
    13, 225,
    15, 3,
    15, 8,
    15, 210,
    15, 211,
    15, 213,
    15, 214,
    15, 215,
    15, 224,
    15, 225,
    16, 16,
    210, 3,
    210, 8,
    210, 210,
    210, 211,
    210, 213,
    210, 214,
    210, 215,
    210, 224,
    210, 225,
    211, 3,
    211, 8,
    211, 210,
    211, 211,
    211, 213,
    211, 214,
    211, 215,
    211, 224,
    211, 225,
    212, 3,
    212, 8,
    212, 210,
    212, 211,
    212, 213,
    212, 214,
    212, 215,
    212, 224,
    212, 225,
    213, 3,
    213, 8,
    213, 210,
    213, 211,
    213, 213,
    213, 214,
    213, 215,
    213, 224,
    213, 225,
    214, 3,
    214, 8,
    214, 210,
    214, 211,
    214, 213,
    214, 214,
    214, 215,
    214, 224,
    214, 225,
    215, 3,
    215, 8,
    215, 210,
    215, 211,
    215, 213,
    215, 214,
    215, 215,
    215, 224,
    215, 225,
    216, 3,
    216, 8,
    216, 210,
    216, 211,
    216, 213,
    216, 214,
    216, 215,
    216, 224,
    216, 225,
    220, 3,
    220, 8,
    220, 210,
    220, 211,
    220, 213,
    220, 214,
    220, 215,
    220, 224,
    220, 225,
    221, 3,
    221, 8,
    221, 210,
    221, 211,
    221, 213,
    221, 214,
    221, 215,
    221, 224,
    221, 225,
    224, 3,
    224, 8,
    224, 210,
    224, 211,
    224, 213,
    224, 214,
    224, 215,
    224, 224,
    224, 225,
    225, 3,
    225, 8,
    225, 210,
    225, 211,
    225, 213,
    225, 214,
    225, 215,
    225, 224,
    225, 225
};

/* Kerning between the respective left and right glyphs
 * 4.4 format which needs to scaled with `kern_scale`*/
static const int8_t kern_pair_values[] =
{
    -28, -28, -28, -28, -28, -28, -28, -28,
    -28, -28, -28, -28, -28, -28, -28, -28,
    -28, -28, -117, -117, -117, -117, -117, -117,
    -117, -117, -117, -117, -117, -117, -117, -117,
    -117, -117, -117, -117, -113, -28, -28, -28,
    -28, -28, -28, -28, -28, -28, -28, -28,
    -28, -28, -28, -28, -28, -28, -28, -117,
    -117, -117, -117, -117, -117, -117, -117, -117,
    -28, -28, -28, -28, -28, -28, -28, -28,
    -28, -28, -28, -28, -28, -28, -28, -28,
    -28, -28, -28, -28, -28, -28, -28, -28,
    -28, -28, -28, -117, -117, -117, -117, -117,
    -117, -117, -117, -117, -117, -117, -117, -117,
    -117, -117, -117, -117, -117, -117, -117, -117,
    -117, -117, -117, -117, -117, -117, -28, -28,
    -28, -28, -28, -28, -28, -28, -28, -28,
    -28, -28, -28, -28, -28, -28, -28, -28
};

/*Collect the kern pair's data in one place*/
static const lv_font_fmt_txt_kern_pair_t kern_pairs =
{
    .glyph_ids = kern_pair_glyph_ids,
    .values = kern_pair_values,
    .pair_cnt = 136,
    .glyph_ids_size = 0
};

/*--------------------
 *  ALL CUSTOM DATA
 *--------------------*/

#if LVGL_VERSION_MAJOR == 8
/*Store all the custom data of the font*/
static  lv_font_fmt_txt_glyph_cache_t cache;
#endif

#if LVGL_VERSION_MAJOR >= 8
static const lv_font_fmt_txt_dsc_t font_dsc = {
#else
static lv_font_fmt_txt_dsc_t font_dsc = {
#endif
    .glyph_bitmap = glyph_bitmap,
    .glyph_dsc = glyph_dsc,
    .cmaps = cmaps,
    .kern_dsc = &kern_pairs,
    .kern_scale = 34,
    .cmap_num = 4,
    .bpp = 1,
    .kern_classes = 0,
    .bitmap_format = 0,
#if LVGL_VERSION_MAJOR == 8
    .cache = &cache
#endif

};

extern const lv_font_t roboto_bold_128;


/*-----------------
 *  PUBLIC FONT
 *----------------*/

/*Initialize a public general font descriptor*/
#if LVGL_VERSION_MAJOR >= 8
const lv_font_t roboto_bold_128 = {
#else
lv_font_t roboto_bold_128 = {
#endif
    .get_glyph_dsc = lv_font_get_glyph_dsc_fmt_txt,    /*Function pointer to get glyph's data*/
    .get_glyph_bitmap = lv_font_get_bitmap_fmt_txt,    /*Function pointer to get glyph's bitmap*/
    .line_height = 150,          /*The maximum line height required by the font*/
    .base_line = 29,             /*Baseline measured from the bottom of the line*/
#if !(LVGL_VERSION_MAJOR == 6 && LVGL_VERSION_MINOR == 0)
    .subpx = LV_FONT_SUBPX_NONE,
#endif
#if LV_VERSION_CHECK(7, 4, 0) || LVGL_VERSION_MAJOR >= 8
    .underline_position = -9,
    .underline_thickness = 6,
#endif
    .dsc = &font_dsc,          /*The custom font data. Will be accessed by `get_glyph_bitmap/dsc` */
#if LV_VERSION_CHECK(8, 2, 0) || LVGL_VERSION_MAJOR >= 9
    .fallback = &roboto_bold_128,
#endif
    .user_data = NULL,
};



#endif /*#if ROBOTO_BOLD_128*/
