/*******************************************************************************
 * Size: 64 px
 * Bpp: 1
 * Opts: --bpp 1 --size 64 --no-compress --stride 1 --align 1 --font Roboto-Bold.ttf --range 32-127,160-255,8352-8399,8192-8303 --format lvgl -o roboto_bold_64.c
 ******************************************************************************/

#ifdef LV_LVGL_H_INCLUDE_SIMPLE
#include "lvgl.h"
#else
#include "lvgl/lvgl.h"
#endif

#ifndef ROBOTO_BOLD_64
#define ROBOTO_BOLD_64 1
#endif

#if ROBOTO_BOLD_64

/*-----------------
 *    BITMAPS
 *----------------*/

/*Store the image of the glyphs*/
static LV_ATTRIBUTE_LARGE_CONST const uint8_t glyph_bitmap[] = {
    /* U+0020 " " */
    0x0,

    /* U+0021 "!" */
    0xff, 0xbf, 0xef, 0xfb, 0xfe, 0xff, 0xbf, 0xef,
    0xfb, 0xfe, 0x7f, 0x9f, 0xe7, 0xf9, 0xfe, 0x7f,
    0x9f, 0xe7, 0xf9, 0xfe, 0x7f, 0x9f, 0xe7, 0xf9,
    0xfe, 0x7f, 0x9f, 0xe7, 0xf9, 0xfe, 0x7f, 0x9f,
    0xe7, 0xf9, 0xfe, 0x7f, 0x9f, 0xe7, 0xf9, 0xfe,
    0x0, 0x0, 0x0, 0x0, 0x0, 0x0, 0x0, 0x3,
    0xf1, 0xfe, 0xff, 0xff, 0xff, 0xff, 0xff, 0x7f,
    0x8f, 0xc0, 0x80,

    /* U+0022 "\"" */
    0xfc, 0x3f, 0xfc, 0x3f, 0xfc, 0x3f, 0xfc, 0x3f,
    0xfc, 0x3f, 0xfc, 0x3f, 0xfc, 0x3f, 0xfc, 0x3f,
    0xfc, 0x3f, 0xfc, 0x3f, 0xf8, 0x3e, 0xf8, 0x3e,
    0xf8, 0x3e, 0xf8, 0x3e, 0xf8, 0x3e, 0xf8, 0x3e,
    0xf8, 0x3e,

    /* U+0023 "#" */
    0x0, 0x7, 0xc0, 0x7e, 0x0, 0x1, 0xf8, 0xf,
    0x80, 0x0, 0x3f, 0x3, 0xf0, 0x0, 0x7, 0xe0,
    0x7e, 0x0, 0x0, 0xfc, 0xf, 0xc0, 0x0, 0x1f,
    0x81, 0xf8, 0x0, 0x3, 0xe0, 0x3f, 0x0, 0x0,
    0xfc, 0xf, 0xc0, 0x0, 0x1f, 0x81, 0xf8, 0x0,
    0x3, 0xf0, 0x3f, 0x0, 0x0, 0x7e, 0x7, 0xe0,
    0x0, 0xf, 0xc0, 0xfc, 0x0, 0x1, 0xf0, 0x1f,
    0x0, 0x7f, 0xff, 0xff, 0xff, 0xcf, 0xff, 0xff,
    0xff, 0xf9, 0xff, 0xff, 0xff, 0xff, 0x3f, 0xff,
    0xff, 0xff, 0xe7, 0xff, 0xff, 0xff, 0xfc, 0x1,
    0xf8, 0xf, 0x80, 0x0, 0x3f, 0x3, 0xf0, 0x0,
    0x7, 0xe0, 0x7e, 0x0, 0x0, 0xfc, 0xf, 0xc0,
    0x0, 0x1f, 0x81, 0xf8, 0x0, 0x3, 0xe0, 0x3e,
    0x0, 0x0, 0xfc, 0xf, 0xc0, 0x0, 0x1f, 0x81,
    0xf8, 0x0, 0x3, 0xf0, 0x3f, 0x0, 0x0, 0x7e,
    0x7, 0xe0, 0xf, 0xff, 0xff, 0xff, 0xf9, 0xff,
    0xff, 0xff, 0xff, 0x3f, 0xff, 0xff, 0xff, 0xe7,
    0xff, 0xff, 0xff, 0xfc, 0xff, 0xff, 0xff, 0xff,
    0x80, 0x3f, 0x3, 0xf0, 0x0, 0x7, 0xc0, 0x7e,
    0x0, 0x1, 0xf8, 0xf, 0x80, 0x0, 0x3f, 0x3,
    0xf0, 0x0, 0x7, 0xe0, 0x7e, 0x0, 0x0, 0xfc,
    0xf, 0xc0, 0x0, 0x1f, 0x81, 0xf8, 0x0, 0x3,
    0xe0, 0x3e, 0x0, 0x0, 0xfc, 0xf, 0xc0, 0x0,
    0x1f, 0x81, 0xf8, 0x0, 0x3, 0xf0, 0x3f, 0x0,
    0x0, 0x7e, 0x7, 0xe0, 0x0, 0xf, 0xc0, 0xfc,
    0x0, 0x0,

    /* U+0024 "$" */
    0x0, 0x3, 0xe0, 0x0, 0x0, 0x7, 0xc0, 0x0,
    0x0, 0xf, 0x80, 0x0, 0x0, 0x1f, 0x0, 0x0,
    0x0, 0x3e, 0x0, 0x0, 0x0, 0x7c, 0x0, 0x0,
    0x0, 0xf8, 0x0, 0x0, 0x1, 0xf0, 0x0, 0x0,
    0x3f, 0xfe, 0x0, 0x1, 0xff, 0xff, 0x0, 0x7,
    0xff, 0xff, 0x0, 0x3f, 0xff, 0xff, 0x0, 0x7f,
    0xff, 0xff, 0x1, 0xff, 0xff, 0xff, 0x7, 0xff,
    0x7, 0xfe, 0xf, 0xf8, 0x7, 0xfe, 0x3f, 0xf0,
    0x7, 0xfc, 0x7f, 0xc0, 0xf, 0xf8, 0xff, 0x80,
    0xf, 0xf9, 0xff, 0x0, 0x1f, 0xf3, 0xfe, 0x0,
    0x3f, 0xe7, 0xfc, 0x0, 0x7f, 0xcf, 0xfc, 0x0,
    0x0, 0x1f, 0xf8, 0x0, 0x0, 0x1f, 0xf8, 0x0,
    0x0, 0x3f, 0xfc, 0x0, 0x0, 0x7f, 0xfe, 0x0,
    0x0, 0x7f, 0xff, 0x0, 0x0, 0x7f, 0xff, 0x80,
    0x0, 0x7f, 0xff, 0xc0, 0x0, 0x7f, 0xff, 0xe0,
    0x0, 0x7f, 0xff, 0xe0, 0x0, 0x3f, 0xff, 0xe0,
    0x0, 0x1f, 0xff, 0xe0, 0x0, 0x7, 0xff, 0xe0,
    0x0, 0x3, 0xff, 0xe0, 0x0, 0x1, 0xff, 0xc0,
    0x0, 0x1, 0xff, 0x80, 0x0, 0x1, 0xff, 0x80,
    0x0, 0x1, 0xff, 0xff, 0x80, 0x3, 0xff, 0xff,
    0x0, 0x7, 0xff, 0xfe, 0x0, 0xf, 0xff, 0xfe,
    0x0, 0x1f, 0xf7, 0xfc, 0x0, 0x3f, 0xef, 0xfc,
    0x0, 0xff, 0x9f, 0xfc, 0x3, 0xff, 0x1f, 0xff,
    0x1f, 0xfe, 0x3f, 0xff, 0xff, 0xf8, 0x3f, 0xff,
    0xff, 0xe0, 0x3f, 0xff, 0xff, 0xc0, 0x3f, 0xff,
    0xfe, 0x0, 0x1f, 0xff, 0xf8, 0x0, 0x7, 0xff,
    0xc0, 0x0, 0x1, 0xf0, 0x0, 0x0, 0x3, 0xe0,
    0x0, 0x0, 0x7, 0xc0, 0x0, 0x0, 0xf, 0x80,
    0x0, 0x0, 0x1f, 0x0, 0x0, 0x0, 0x3e, 0x0,
    0x0, 0x0, 0x7c, 0x0, 0x0,

    /* U+0025 "%" */
    0x0, 0x0, 0x0, 0x0, 0x0, 0x1, 0xff, 0x80,
    0x0, 0x0, 0x1, 0xff, 0xf8, 0x0, 0x0, 0x0,
    0xff, 0xff, 0x0, 0x0, 0x0, 0x7f, 0xff, 0xe0,
    0x0, 0x0, 0x1f, 0xff, 0xf8, 0x0, 0x0, 0xf,
    0xe0, 0x7f, 0x0, 0x70, 0x3, 0xf8, 0xf, 0xc0,
    0x3f, 0x0, 0xfc, 0x3, 0xf0, 0xf, 0xc0, 0x3f,
    0x0, 0xfc, 0x7, 0xe0, 0xf, 0xc0, 0x3f, 0x1,
    0xf0, 0x3, 0xf0, 0xf, 0xc0, 0xfc, 0x0, 0xfc,
    0x3, 0xf0, 0x7e, 0x0, 0x3f, 0x0, 0xfc, 0x1f,
    0x80, 0xf, 0xe0, 0x7f, 0xf, 0xc0, 0x1, 0xfc,
    0x3f, 0x87, 0xe0, 0x0, 0x7f, 0xff, 0xe1, 0xf8,
    0x0, 0xf, 0xff, 0xf0, 0xfc, 0x0, 0x1, 0xff,
    0xf8, 0x3e, 0x0, 0x0, 0x3f, 0xfc, 0x1f, 0x80,
    0x0, 0x3, 0xfc, 0xf, 0xc0, 0x0, 0x0, 0x0,
    0x3, 0xf0, 0x0, 0x0, 0x0, 0x1, 0xf8, 0x0,
    0x0, 0x0, 0x0, 0xfc, 0x0, 0x0, 0x0, 0x0,
    0x3f, 0x0, 0x0, 0x0, 0x0, 0x1f, 0x80, 0x0,
    0x0, 0x0, 0xf, 0xc0, 0xff, 0x0, 0x0, 0x3,
    0xf0, 0xff, 0xf0, 0x0, 0x1, 0xf8, 0x7f, 0xfe,
    0x0, 0x0, 0x7e, 0x3f, 0xff, 0xc0, 0x0, 0x3f,
    0x1f, 0xff, 0xf8, 0x0, 0x1f, 0x87, 0xf0, 0xfe,
    0x0, 0x7, 0xe3, 0xf8, 0x1f, 0xc0, 0x3, 0xf0,
    0xfc, 0x3, 0xf0, 0x1, 0xf8, 0x3f, 0x0, 0xfc,
    0x0, 0x7e, 0xf, 0xc0, 0x3f, 0x0, 0x3f, 0x3,
    0xf0, 0xf, 0xc0, 0xf, 0xc0, 0xfc, 0x3, 0xf0,
    0x7, 0xe0, 0x3f, 0x0, 0xfc, 0x3, 0xf0, 0xf,
    0xc0, 0x3f, 0x0, 0xfc, 0x3, 0xf8, 0xf, 0xc0,
    0x3e, 0x0, 0x7e, 0x7, 0xe0, 0x3, 0x80, 0x1f,
    0xff, 0xf8, 0x0, 0x0, 0x3, 0xff, 0xfc, 0x0,
    0x0, 0x0, 0xff, 0xff, 0x0, 0x0, 0x0, 0x1f,
    0xff, 0x80, 0x0, 0x0, 0x1, 0xff, 0x80, 0x0,
    0x0, 0x0, 0x4, 0x0,

    /* U+0026 "&" */
    0x0, 0x0, 0x80, 0x0, 0x0, 0x0, 0x1f, 0xfc,
    0x0, 0x0, 0x0, 0x7f, 0xfe, 0x0, 0x0, 0x0,
    0xff, 0xff, 0x80, 0x0, 0x1, 0xff, 0xff, 0xc0,
    0x0, 0x3, 0xff, 0xff, 0xc0, 0x0, 0x7, 0xff,
    0xff, 0xe0, 0x0, 0x7, 0xff, 0xff, 0xe0, 0x0,
    0x7, 0xfc, 0xf, 0xf0, 0x0, 0xf, 0xf8, 0xf,
    0xf0, 0x0, 0xf, 0xf0, 0x7, 0xf0, 0x0, 0xf,
    0xf0, 0x7, 0xf0, 0x0, 0xf, 0xf0, 0x7, 0xf0,
    0x0, 0xf, 0xf0, 0x7, 0xf0, 0x0, 0xf, 0xf0,
    0xf, 0xe0, 0x0, 0xf, 0xf8, 0x1f, 0xe0, 0x0,
    0x7, 0xfc, 0x3f, 0xc0, 0x0, 0x7, 0xfc, 0xff,
    0xc0, 0x0, 0x3, 0xff, 0xff, 0x80, 0x0, 0x3,
    0xff, 0xff, 0x0, 0x0, 0x1, 0xff, 0xfe, 0x0,
    0x0, 0x0, 0xff, 0xf8, 0x0, 0x0, 0x0, 0xff,
    0xf0, 0x0, 0x0, 0x1, 0xff, 0xe0, 0x0, 0x0,
    0x3, 0xff, 0xf0, 0x0, 0x0, 0x7, 0xff, 0xf8,
    0x7, 0xf8, 0xf, 0xff, 0xfc, 0x7, 0xf8, 0x1f,
    0xff, 0xfe, 0x7, 0xf8, 0x3f, 0xf7, 0xff, 0x7,
    0xf8, 0x7f, 0xe3, 0xff, 0xf, 0xf8, 0x7f, 0xc1,
    0xff, 0x8f, 0xf8, 0xff, 0xc0, 0xff, 0xcf, 0xf0,
    0xff, 0x80, 0x7f, 0xff, 0xf0, 0xff, 0x80, 0x7f,
    0xff, 0xf0, 0xff, 0x80, 0x3f, 0xff, 0xe0, 0xff,
    0x80, 0x1f, 0xff, 0xe0, 0xff, 0x80, 0xf, 0xff,
    0xc0, 0xff, 0xc0, 0x7, 0xff, 0xc0, 0x7f, 0xe0,
    0x3, 0xff, 0x80, 0x7f, 0xf0, 0xf, 0xff, 0x80,
    0x7f, 0xff, 0xff, 0xff, 0xc0, 0x3f, 0xff, 0xff,
    0xff, 0xe0, 0x1f, 0xff, 0xff, 0xff, 0xf0, 0xf,
    0xff, 0xff, 0xff, 0xf8, 0x7, 0xff, 0xff, 0xdf,
    0xfc, 0x3, 0xff, 0xff, 0xf, 0xfc, 0x0, 0x7f,
    0xfc, 0x7, 0xfe, 0x0, 0x3, 0x0, 0x0, 0x0,

    /* U+0027 "'" */
    0xff, 0xff, 0xff, 0xff, 0xff, 0xff, 0xff, 0xff,
    0xff, 0xff, 0xef, 0xdf, 0xbf, 0x7e, 0xfc,

    /* U+0028 "(" */
    0x0, 0x3, 0x0, 0x1, 0xe0, 0x0, 0xf8, 0x0,
    0xfe, 0x0, 0x7f, 0xc0, 0x1f, 0xc0, 0xf, 0xe0,
    0x7, 0xf8, 0x3, 0xfc, 0x0, 0xfe, 0x0, 0x7f,
    0x80, 0x1f, 0xc0, 0xf, 0xf0, 0x3, 0xf8, 0x1,
    0xfe, 0x0, 0x7f, 0x0, 0x3f, 0xc0, 0xf, 0xf0,
    0x3, 0xfc, 0x0, 0xfe, 0x0, 0x7f, 0x80, 0x1f,
    0xe0, 0x7, 0xf8, 0x1, 0xfe, 0x0, 0xff, 0x0,
    0x3f, 0xc0, 0xf, 0xf0, 0x3, 0xfc, 0x0, 0xff,
    0x0, 0x3f, 0xc0, 0xf, 0xf0, 0x3, 0xfc, 0x0,
    0xff, 0x0, 0x3f, 0xc0, 0xf, 0xf0, 0x3, 0xfc,
    0x0, 0xff, 0x0, 0x3f, 0xc0, 0xf, 0xf0, 0x3,
    0xfc, 0x0, 0xff, 0x0, 0x1f, 0xe0, 0x7, 0xf8,
    0x1, 0xfe, 0x0, 0x7f, 0x80, 0xf, 0xe0, 0x3,
    0xfc, 0x0, 0xff, 0x0, 0x3f, 0xc0, 0x7, 0xf0,
    0x1, 0xfe, 0x0, 0x3f, 0x80, 0xf, 0xf0, 0x1,
    0xfc, 0x0, 0x7f, 0x80, 0xf, 0xe0, 0x3, 0xfc,
    0x0, 0x7f, 0x80, 0xf, 0xe0, 0x3, 0xfc, 0x0,
    0x7f, 0x80, 0xf, 0xe0, 0x1, 0xf8, 0x0, 0x1e,
    0x0, 0x3, 0x0,

    /* U+0029 ")" */
    0x30, 0x0, 0x1e, 0x0, 0x7, 0xc0, 0x1, 0xfc,
    0x0, 0x7f, 0x0, 0xf, 0xe0, 0x1, 0xfc, 0x0,
    0x7f, 0x80, 0xf, 0xf0, 0x1, 0xfc, 0x0, 0x7f,
    0x80, 0xf, 0xe0, 0x3, 0xfc, 0x0, 0x7f, 0x0,
    0x1f, 0xe0, 0x3, 0xf8, 0x0, 0xfe, 0x0, 0x3f,
    0xc0, 0xf, 0xf0, 0x1, 0xfc, 0x0, 0x7f, 0x80,
    0x1f, 0xe0, 0x7, 0xf8, 0x1, 0xfe, 0x0, 0x3f,
    0x80, 0xf, 0xf0, 0x3, 0xfc, 0x0, 0xff, 0x0,
    0x3f, 0xc0, 0xf, 0xf0, 0x3, 0xfc, 0x0, 0xff,
    0x0, 0x3f, 0xc0, 0xf, 0xf0, 0x3, 0xfc, 0x0,
    0xff, 0x0, 0x3f, 0xc0, 0xf, 0xf0, 0x3, 0xfc,
    0x0, 0xff, 0x0, 0x3f, 0x80, 0x1f, 0xe0, 0x7,
    0xf8, 0x1, 0xfe, 0x0, 0x7f, 0x80, 0x1f, 0xc0,
    0xf, 0xf0, 0x3, 0xfc, 0x0, 0xfe, 0x0, 0x3f,
    0x80, 0x1f, 0xe0, 0x7, 0xf0, 0x3, 0xfc, 0x0,
    0xfe, 0x0, 0x7f, 0x80, 0x1f, 0xc0, 0xf, 0xf0,
    0x3, 0xf8, 0x1, 0xfc, 0x0, 0xfe, 0x0, 0x7f,
    0x80, 0x1f, 0xc0, 0x7, 0xe0, 0x1, 0xe0, 0x0,
    0x30, 0x0, 0x0,

    /* U+002A "*" */
    0x0, 0x1f, 0x0, 0x0, 0x3, 0xe0, 0x0, 0x0,
    0x7c, 0x0, 0x0, 0xf, 0x80, 0x0, 0x1, 0xf0,
    0x0, 0x0, 0x3e, 0x0, 0x0, 0x7, 0xc0, 0x2,
    0x0, 0xf8, 0x0, 0x78, 0x1f, 0x1, 0xcf, 0xc3,
    0xe1, 0xfb, 0xff, 0x7c, 0xff, 0x7f, 0xff, 0xff,
    0xff, 0xff, 0xff, 0xfe, 0x7f, 0xff, 0xff, 0x80,
    0xff, 0xff, 0x0, 0x3, 0xff, 0x0, 0x0, 0x7f,
    0x80, 0x0, 0x1f, 0xf8, 0x0, 0x7, 0xff, 0x80,
    0x0, 0xfd, 0xf8, 0x0, 0x3f, 0x3f, 0x80, 0xf,
    0xc3, 0xf0, 0x3, 0xf8, 0x7f, 0x0, 0xfe, 0x7,
    0xf0, 0x1f, 0xc0, 0x7f, 0x0, 0xf0, 0xf, 0x80,
    0xc, 0x0, 0xe0, 0x0, 0x80, 0x10, 0x0,

    /* U+002B "+" */
    0x0, 0xf, 0xf8, 0x0, 0x0, 0xf, 0xf8, 0x0,
    0x0, 0xf, 0xf8, 0x0, 0x0, 0xf, 0xf8, 0x0,
    0x0, 0xf, 0xf8, 0x0, 0x0, 0xf, 0xf8, 0x0,
    0x0, 0xf, 0xf8, 0x0, 0x0, 0xf, 0xf8, 0x0,
    0x0, 0xf, 0xf8, 0x0, 0x0, 0xf, 0xf8, 0x0,
    0x0, 0xf, 0xf8, 0x0, 0x0, 0xf, 0xf8, 0x0,
    0x0, 0xf, 0xf8, 0x0, 0xff, 0xff, 0xff, 0xff,
    0xff, 0xff, 0xff, 0xff, 0xff, 0xff, 0xff, 0xff,
    0xff, 0xff, 0xff, 0xff, 0xff, 0xff, 0xff, 0xff,
    0xff, 0xff, 0xff, 0xff, 0xff, 0xff, 0xff, 0xff,
    0xff, 0xff, 0xff, 0xff, 0x0, 0xf, 0xf8, 0x0,
    0x0, 0xf, 0xf8, 0x0, 0x0, 0xf, 0xf8, 0x0,
    0x0, 0xf, 0xf8, 0x0, 0x0, 0xf, 0xf8, 0x0,
    0x0, 0xf, 0xf8, 0x0, 0x0, 0xf, 0xf8, 0x0,
    0x0, 0xf, 0xf8, 0x0, 0x0, 0xf, 0xf8, 0x0,
    0x0, 0xf, 0xf8, 0x0, 0x0, 0xf, 0xf8, 0x0,
    0x0, 0xf, 0xf8, 0x0, 0x0, 0xf, 0xf8, 0x0,

    /* U+002C "," */
    0x1f, 0xe3, 0xfc, 0x7f, 0x8f, 0xf1, 0xfe, 0x3f,
    0xc7, 0xf8, 0xff, 0x1f, 0xe3, 0xfc, 0xff, 0x1f,
    0xe3, 0xfc, 0xff, 0x1f, 0xc7, 0xf8, 0xfe, 0xf,
    0x80, 0x60, 0x0,

    /* U+002D "-" */
    0xff, 0xff, 0xff, 0xff, 0xff, 0xff, 0xff, 0xff,
    0xff, 0xff, 0xff, 0xff, 0xff, 0xff, 0xff, 0xfc,

    /* U+002E "." */
    0x0, 0xf, 0xc7, 0xfb, 0xff, 0xff, 0xff, 0xff,
    0xfd, 0xfe, 0x3f, 0x2, 0x0,

    /* U+002F "/" */
    0x0, 0x0, 0xfe, 0x0, 0x1, 0xf8, 0x0, 0x7,
    0xf0, 0x0, 0xf, 0xe0, 0x0, 0x1f, 0x80, 0x0,
    0x7f, 0x0, 0x0, 0xfe, 0x0, 0x1, 0xf8, 0x0,
    0x7, 0xf0, 0x0, 0xf, 0xe0, 0x0, 0x1f, 0x80,
    0x0, 0x7f, 0x0, 0x0, 0xfe, 0x0, 0x1, 0xf8,
    0x0, 0x7, 0xf0, 0x0, 0xf, 0xe0, 0x0, 0x1f,
    0x80, 0x0, 0x7f, 0x0, 0x0, 0xfe, 0x0, 0x1,
    0xf8, 0x0, 0x7, 0xf0, 0x0, 0xf, 0xe0, 0x0,
    0x1f, 0x80, 0x0, 0x7f, 0x0, 0x0, 0xfe, 0x0,
    0x1, 0xf8, 0x0, 0x7, 0xf0, 0x0, 0xf, 0xe0,
    0x0, 0x1f, 0x80, 0x0, 0x7f, 0x0, 0x0, 0xfe,
    0x0, 0x1, 0xf8, 0x0, 0x7, 0xf0, 0x0, 0xf,
    0xe0, 0x0, 0x1f, 0x80, 0x0, 0x7f, 0x0, 0x0,
    0xfe, 0x0, 0x1, 0xf8, 0x0, 0x7, 0xf0, 0x0,
    0xf, 0xe0, 0x0, 0x1f, 0x80, 0x0, 0x7f, 0x0,
    0x0, 0xfe, 0x0, 0x1, 0xf8, 0x0, 0x7, 0xf0,
    0x0, 0xf, 0xe0, 0x0, 0x1f, 0x80, 0x0, 0x7f,
    0x0, 0x0, 0xfe, 0x0, 0x1, 0xf8, 0x0, 0x0,

    /* U+0030 "0" */
    0x0, 0x1, 0x0, 0x0, 0x0, 0xff, 0xf8, 0x0,
    0x7, 0xff, 0xfc, 0x0, 0x1f, 0xff, 0xfc, 0x0,
    0x7f, 0xff, 0xfc, 0x1, 0xff, 0xff, 0xfc, 0x7,
    0xff, 0xff, 0xfc, 0xf, 0xff, 0xff, 0xf8, 0x3f,
    0xf0, 0x1f, 0xf8, 0x7f, 0xc0, 0x1f, 0xf1, 0xff,
    0x0, 0x1f, 0xf3, 0xfe, 0x0, 0x3f, 0xe7, 0xfc,
    0x0, 0x7f, 0xcf, 0xf0, 0x0, 0x7f, 0xbf, 0xe0,
    0x0, 0xff, 0xff, 0xc0, 0x1, 0xff, 0xff, 0x80,
    0x3, 0xff, 0xff, 0x0, 0x7, 0xff, 0xfe, 0x0,
    0xf, 0xff, 0xfc, 0x0, 0x1f, 0xff, 0xf8, 0x0,
    0x3f, 0xff, 0xf0, 0x0, 0x7f, 0xff, 0xe0, 0x0,
    0xff, 0xff, 0xc0, 0x1, 0xff, 0xff, 0x80, 0x3,
    0xff, 0xff, 0x0, 0x7, 0xff, 0xfe, 0x0, 0xf,
    0xff, 0xfc, 0x0, 0x1f, 0xff, 0xf8, 0x0, 0x3f,
    0xff, 0xf0, 0x0, 0x7f, 0xff, 0xe0, 0x0, 0xff,
    0xff, 0xc0, 0x1, 0xff, 0xff, 0x80, 0x3, 0xff,
    0xff, 0x0, 0x7, 0xfd, 0xfe, 0x0, 0xf, 0xf3,
    0xfe, 0x0, 0x3f, 0xe7, 0xfc, 0x0, 0x7f, 0xcf,
    0xf8, 0x0, 0xff, 0x8f, 0xf8, 0x3, 0xfe, 0x1f,
    0xf8, 0xf, 0xfc, 0x1f, 0xff, 0xff, 0xf0, 0x3f,
    0xff, 0xff, 0xe0, 0x3f, 0xff, 0xff, 0x80, 0x3f,
    0xff, 0xfe, 0x0, 0x3f, 0xff, 0xf8, 0x0, 0x3f,
    0xff, 0xe0, 0x0, 0xf, 0xfe, 0x0, 0x0, 0x0,
    0x80, 0x0,

    /* U+0031 "1" */
    0x0, 0x0, 0x30, 0x0, 0x1f, 0x0, 0xf, 0xf0,
    0x7, 0xff, 0x3, 0xff, 0xf0, 0xff, 0xff, 0x7f,
    0xff, 0xff, 0xff, 0xff, 0xff, 0xff, 0xff, 0xff,
    0xff, 0xff, 0xff, 0xff, 0xf1, 0xff, 0xf8, 0x1f,
    0xf8, 0x1, 0xff, 0x0, 0x1f, 0xf0, 0x1, 0xff,
    0x0, 0x1f, 0xf0, 0x1, 0xff, 0x0, 0x1f, 0xf0,
    0x1, 0xff, 0x0, 0x1f, 0xf0, 0x1, 0xff, 0x0,
    0x1f, 0xf0, 0x1, 0xff, 0x0, 0x1f, 0xf0, 0x1,
    0xff, 0x0, 0x1f, 0xf0, 0x1, 0xff, 0x0, 0x1f,
    0xf0, 0x1, 0xff, 0x0, 0x1f, 0xf0, 0x1, 0xff,
    0x0, 0x1f, 0xf0, 0x1, 0xff, 0x0, 0x1f, 0xf0,
    0x1, 0xff, 0x0, 0x1f, 0xf0, 0x1, 0xff, 0x0,
    0x1f, 0xf0, 0x1, 0xff, 0x0, 0x1f, 0xf0, 0x1,
    0xff, 0x0, 0x1f, 0xf0, 0x1, 0xff, 0x0, 0x1f,
    0xf0, 0x1, 0xff,

    /* U+0032 "2" */
    0x0, 0x0, 0x0, 0x0, 0x0, 0x3f, 0xfe, 0x0,
    0x0, 0xff, 0xff, 0x80, 0x3, 0xff, 0xff, 0xe0,
    0x7, 0xff, 0xff, 0xf0, 0xf, 0xff, 0xff, 0xf8,
    0x1f, 0xff, 0xff, 0xf8, 0x3f, 0xff, 0xff, 0xfc,
    0x3f, 0xf0, 0x1f, 0xfc, 0x7f, 0xe0, 0x7, 0xfc,
    0x7f, 0xc0, 0x7, 0xfe, 0xff, 0xc0, 0x3, 0xfe,
    0xff, 0x80, 0x3, 0xfe, 0xff, 0x80, 0x3, 0xfe,
    0xff, 0x80, 0x3, 0xfe, 0x0, 0x0, 0x3, 0xfe,
    0x0, 0x0, 0x3, 0xfe, 0x0, 0x0, 0x7, 0xfc,
    0x0, 0x0, 0x7, 0xfc, 0x0, 0x0, 0xf, 0xfc,
    0x0, 0x0, 0xf, 0xf8, 0x0, 0x0, 0x1f, 0xf8,
    0x0, 0x0, 0x3f, 0xf0, 0x0, 0x0, 0x7f, 0xe0,
    0x0, 0x0, 0xff, 0xe0, 0x0, 0x0, 0xff, 0xc0,
    0x0, 0x1, 0xff, 0x80, 0x0, 0x3, 0xff, 0x0,
    0x0, 0x7, 0xfe, 0x0, 0x0, 0xf, 0xfc, 0x0,
    0x0, 0x1f, 0xf8, 0x0, 0x0, 0x3f, 0xf0, 0x0,
    0x0, 0x7f, 0xe0, 0x0, 0x0, 0xff, 0xc0, 0x0,
    0x1, 0xff, 0xc0, 0x0, 0x3, 0xff, 0x80, 0x0,
    0x7, 0xff, 0x0, 0x0, 0xf, 0xfe, 0x0, 0x0,
    0x1f, 0xfc, 0x0, 0x0, 0x3f, 0xf8, 0x0, 0x0,
    0x7f, 0xff, 0xff, 0xff, 0x7f, 0xff, 0xff, 0xff,
    0x7f, 0xff, 0xff, 0xff, 0x7f, 0xff, 0xff, 0xff,
    0x7f, 0xff, 0xff, 0xff, 0x7f, 0xff, 0xff, 0xff,
    0x7f, 0xff, 0xff, 0xff,

    /* U+0033 "3" */
    0x0, 0x0, 0x0, 0x0, 0x0, 0x3f, 0xfe, 0x0,
    0x1, 0xff, 0xff, 0x80, 0x3, 0xff, 0xff, 0xe0,
    0x7, 0xff, 0xff, 0xf0, 0xf, 0xff, 0xff, 0xf8,
    0x1f, 0xff, 0xff, 0xf8, 0x3f, 0xff, 0xff, 0xfc,
    0x3f, 0xf0, 0xf, 0xfc, 0x7f, 0xe0, 0x7, 0xfe,
    0x7f, 0xe0, 0x7, 0xfe, 0x7f, 0xc0, 0x3, 0xfe,
    0x7f, 0xc0, 0x3, 0xfe, 0x0, 0x0, 0x3, 0xfe,
    0x0, 0x0, 0x3, 0xfe, 0x0, 0x0, 0x3, 0xfe,
    0x0, 0x0, 0x7, 0xfc, 0x0, 0x0, 0x7, 0xfc,
    0x0, 0x0, 0xf, 0xf8, 0x0, 0x0, 0x3f, 0xf0,
    0x0, 0x1f, 0xff, 0xe0, 0x0, 0x1f, 0xff, 0xc0,
    0x0, 0x1f, 0xff, 0x0, 0x0, 0x1f, 0xff, 0x80,
    0x0, 0x1f, 0xff, 0xe0, 0x0, 0x1f, 0xff, 0xf0,
    0x0, 0x0, 0x3f, 0xf8, 0x0, 0x0, 0xf, 0xfc,
    0x0, 0x0, 0x7, 0xfe, 0x0, 0x0, 0x3, 0xfe,
    0x0, 0x0, 0x1, 0xff, 0x0, 0x0, 0x1, 0xff,
    0x0, 0x0, 0x1, 0xff, 0x0, 0x0, 0x1, 0xff,
    0xff, 0x80, 0x1, 0xff, 0xff, 0x80, 0x1, 0xff,
    0xff, 0x80, 0x3, 0xff, 0xff, 0xc0, 0x3, 0xff,
    0x7f, 0xe0, 0x7, 0xfe, 0x7f, 0xf0, 0xf, 0xfe,
    0x3f, 0xff, 0xff, 0xfc, 0x3f, 0xff, 0xff, 0xfc,
    0x1f, 0xff, 0xff, 0xf8, 0xf, 0xff, 0xff, 0xf0,
    0x7, 0xff, 0xff, 0xe0, 0x1, 0xff, 0xff, 0x80,
    0x0, 0x7f, 0xfc, 0x0, 0x0, 0x1, 0x80, 0x0,

    /* U+0034 "4" */
    0x0, 0x0, 0x1f, 0xf0, 0x0, 0x0, 0x1f, 0xf8,
    0x0, 0x0, 0x1f, 0xfc, 0x0, 0x0, 0xf, 0xfe,
    0x0, 0x0, 0xf, 0xff, 0x0, 0x0, 0xf, 0xff,
    0x80, 0x0, 0x7, 0xff, 0xc0, 0x0, 0x7, 0xff,
    0xe0, 0x0, 0x3, 0xff, 0xf0, 0x0, 0x3, 0xff,
    0xf8, 0x0, 0x3, 0xff, 0xfc, 0x0, 0x1, 0xff,
    0xfe, 0x0, 0x1, 0xff, 0xff, 0x0, 0x1, 0xfe,
    0xff, 0x80, 0x0, 0xff, 0x7f, 0xc0, 0x0, 0xff,
    0x3f, 0xe0, 0x0, 0x7f, 0x1f, 0xf0, 0x0, 0x7f,
    0x8f, 0xf8, 0x0, 0x7f, 0x87, 0xfc, 0x0, 0x3f,
    0xc3, 0xfe, 0x0, 0x3f, 0xc1, 0xff, 0x0, 0x1f,
    0xc0, 0xff, 0x80, 0x1f, 0xe0, 0x7f, 0xc0, 0x1f,
    0xe0, 0x3f, 0xe0, 0xf, 0xf0, 0x1f, 0xf0, 0xf,
    0xf0, 0xf, 0xf8, 0xf, 0xf0, 0x7, 0xfc, 0x7,
    0xf8, 0x3, 0xfe, 0x7, 0xf8, 0x1, 0xff, 0x3,
    0xff, 0xff, 0xff, 0xff, 0xff, 0xff, 0xff, 0xff,
    0xff, 0xff, 0xff, 0xff, 0xff, 0xff, 0xff, 0xff,
    0xff, 0xff, 0xff, 0xff, 0xff, 0xff, 0xff, 0xff,
    0xff, 0xff, 0xff, 0xff, 0xf0, 0x0, 0x1, 0xff,
    0x0, 0x0, 0x0, 0xff, 0x80, 0x0, 0x0, 0x7f,
    0xc0, 0x0, 0x0, 0x3f, 0xe0, 0x0, 0x0, 0x1f,
    0xf0, 0x0, 0x0, 0xf, 0xf8, 0x0, 0x0, 0x7,
    0xfc, 0x0, 0x0, 0x3, 0xfe, 0x0, 0x0, 0x1,
    0xff, 0x0, 0x0, 0x0, 0xff, 0x80,

    /* U+0035 "5" */
    0xf, 0xff, 0xff, 0xfc, 0x1f, 0xff, 0xff, 0xf8,
    0x3f, 0xff, 0xff, 0xf0, 0x7f, 0xff, 0xff, 0xe0,
    0xff, 0xff, 0xff, 0xc1, 0xff, 0xff, 0xff, 0x87,
    0xff, 0xff, 0xff, 0xf, 0xf0, 0x0, 0x0, 0x1f,
    0xe0, 0x0, 0x0, 0x3f, 0xc0, 0x0, 0x0, 0x7f,
    0x80, 0x0, 0x0, 0xff, 0x0, 0x0, 0x1, 0xfe,
    0x0, 0x0, 0x3, 0xfc, 0x0, 0x0, 0x7, 0xf8,
    0x0, 0x0, 0x1f, 0xf1, 0xfc, 0x0, 0x3f, 0xdf,
    0xff, 0x0, 0x7f, 0xff, 0xff, 0x80, 0xff, 0xff,
    0xff, 0x81, 0xff, 0xff, 0xff, 0x83, 0xff, 0xff,
    0xff, 0x7, 0xff, 0xff, 0xff, 0xf, 0xfc, 0xf,
    0xfe, 0x7, 0xe0, 0xf, 0xfe, 0x0, 0x80, 0xf,
    0xfc, 0x0, 0x0, 0xf, 0xf8, 0x0, 0x0, 0x1f,
    0xf8, 0x0, 0x0, 0x1f, 0xf0, 0x0, 0x0, 0x3f,
    0xe0, 0x0, 0x0, 0x7f, 0xc0, 0x0, 0x0, 0xff,
    0x80, 0x0, 0x1, 0xff, 0x0, 0x0, 0x3, 0xfe,
    0xff, 0x0, 0x7, 0xfd, 0xff, 0x0, 0xf, 0xfb,
    0xfe, 0x0, 0x3f, 0xe7, 0xfc, 0x0, 0x7f, 0xcf,
    0xfc, 0x1, 0xff, 0x8f, 0xfc, 0x7, 0xfe, 0x1f,
    0xff, 0xff, 0xfc, 0x1f, 0xff, 0xff, 0xf0, 0x1f,
    0xff, 0xff, 0xc0, 0x1f, 0xff, 0xff, 0x80, 0x1f,
    0xff, 0xfc, 0x0, 0x1f, 0xff, 0xf0, 0x0, 0x7,
    0xff, 0x80, 0x0, 0x0, 0x40, 0x0, 0x0,

    /* U+0036 "6" */
    0x0, 0x0, 0x1, 0x0, 0x0, 0x1, 0xfe, 0x0,
    0x0, 0x1f, 0xfc, 0x0, 0x0, 0xff, 0xf8, 0x0,
    0x3, 0xff, 0xf0, 0x0, 0x1f, 0xff, 0xe0, 0x0,
    0x7f, 0xff, 0xc0, 0x1, 0xff, 0xff, 0x80, 0x7,
    0xff, 0xc0, 0x0, 0xf, 0xfe, 0x0, 0x0, 0x3f,
    0xf0, 0x0, 0x0, 0xff, 0xc0, 0x0, 0x1, 0xff,
    0x0, 0x0, 0x7, 0xfc, 0x0, 0x0, 0xf, 0xf8,
    0x0, 0x0, 0x1f, 0xe0, 0x0, 0x0, 0x7f, 0xc3,
    0xfc, 0x0, 0xff, 0x9f, 0xfe, 0x1, 0xfe, 0xff,
    0xff, 0x3, 0xff, 0xff, 0xff, 0xf, 0xff, 0xff,
    0xff, 0x1f, 0xff, 0xff, 0xfe, 0x3f, 0xff, 0xff,
    0xfe, 0x7f, 0xfc, 0x1f, 0xfc, 0xff, 0xe0, 0x1f,
    0xfd, 0xff, 0x80, 0x1f, 0xfb, 0xfe, 0x0, 0x1f,
    0xf7, 0xfc, 0x0, 0x3f, 0xff, 0xf8, 0x0, 0x3f,
    0xff, 0xf0, 0x0, 0x7f, 0xff, 0xe0, 0x0, 0xff,
    0xff, 0xc0, 0x1, 0xff, 0xff, 0x80, 0x3, 0xff,
    0xff, 0x0, 0x7, 0xfd, 0xfe, 0x0, 0xf, 0xfb,
    0xfe, 0x0, 0x3f, 0xf7, 0xfc, 0x0, 0x7f, 0xcf,
    0xfc, 0x0, 0xff, 0x8f, 0xf8, 0x3, 0xff, 0x1f,
    0xf8, 0xf, 0xfc, 0x1f, 0xff, 0xff, 0xf8, 0x1f,
    0xff, 0xff, 0xe0, 0x3f, 0xff, 0xff, 0x80, 0x3f,
    0xff, 0xfe, 0x0, 0x1f, 0xff, 0xf8, 0x0, 0x1f,
    0xff, 0xe0, 0x0, 0xf, 0xff, 0x0, 0x0, 0x0,
    0x80, 0x0,

    /* U+0037 "7" */
    0xff, 0xff, 0xff, 0xff, 0xff, 0xff, 0xff, 0xff,
    0xff, 0xff, 0xff, 0xff, 0xff, 0xff, 0xff, 0xff,
    0xff, 0xff, 0xff, 0xff, 0xff, 0xff, 0xff, 0xff,
    0xff, 0xff, 0xff, 0xfe, 0x0, 0x0, 0x3, 0xfe,
    0x0, 0x0, 0x3, 0xfc, 0x0, 0x0, 0x7, 0xfc,
    0x0, 0x0, 0x7, 0xfc, 0x0, 0x0, 0x7, 0xf8,
    0x0, 0x0, 0xf, 0xf8, 0x0, 0x0, 0xf, 0xf0,
    0x0, 0x0, 0x1f, 0xf0, 0x0, 0x0, 0x1f, 0xe0,
    0x0, 0x0, 0x3f, 0xe0, 0x0, 0x0, 0x3f, 0xe0,
    0x0, 0x0, 0x7f, 0xc0, 0x0, 0x0, 0x7f, 0xc0,
    0x0, 0x0, 0xff, 0x80, 0x0, 0x0, 0xff, 0x80,
    0x0, 0x0, 0xff, 0x80, 0x0, 0x1, 0xff, 0x0,
    0x0, 0x1, 0xff, 0x0, 0x0, 0x3, 0xfe, 0x0,
    0x0, 0x3, 0xfe, 0x0, 0x0, 0x7, 0xfc, 0x0,
    0x0, 0x7, 0xfc, 0x0, 0x0, 0xf, 0xfc, 0x0,
    0x0, 0xf, 0xf8, 0x0, 0x0, 0xf, 0xf8, 0x0,
    0x0, 0x1f, 0xf0, 0x0, 0x0, 0x1f, 0xf0, 0x0,
    0x0, 0x3f, 0xe0, 0x0, 0x0, 0x3f, 0xe0, 0x0,
    0x0, 0x7f, 0xe0, 0x0, 0x0, 0x7f, 0xc0, 0x0,
    0x0, 0xff, 0xc0, 0x0, 0x0, 0xff, 0x80, 0x0,
    0x1, 0xff, 0x80, 0x0, 0x1, 0xff, 0x0, 0x0,
    0x1, 0xff, 0x0, 0x0, 0x3, 0xff, 0x0, 0x0,
    0x3, 0xfe, 0x0, 0x0, 0x7, 0xfe, 0x0, 0x0,

    /* U+0038 "8" */
    0x0, 0x1, 0x0, 0x0, 0x0, 0xff, 0xf8, 0x0,
    0x7, 0xff, 0xfc, 0x0, 0x3f, 0xff, 0xfe, 0x0,
    0xff, 0xff, 0xfe, 0x3, 0xff, 0xff, 0xfe, 0x7,
    0xff, 0xff, 0xfc, 0x1f, 0xff, 0xff, 0xfc, 0x3f,
    0xf0, 0x1f, 0xf8, 0xff, 0xc0, 0x1f, 0xf9, 0xff,
    0x80, 0x3f, 0xf3, 0xfe, 0x0, 0x3f, 0xe7, 0xfc,
    0x0, 0x7f, 0xcf, 0xf8, 0x0, 0xff, 0x9f, 0xf0,
    0x1, 0xff, 0x3f, 0xe0, 0x3, 0xfe, 0x7f, 0xc0,
    0x7, 0xfc, 0x7f, 0xc0, 0x1f, 0xf0, 0xff, 0xc0,
    0x7f, 0xe0, 0xff, 0xc1, 0xff, 0x80, 0xff, 0xff,
    0xfe, 0x0, 0xff, 0xff, 0xf8, 0x0, 0xff, 0xff,
    0xe0, 0x0, 0x7f, 0xff, 0x0, 0x3, 0xff, 0xff,
    0x80, 0x1f, 0xff, 0xff, 0xc0, 0x7f, 0xff, 0xff,
    0xc1, 0xff, 0x80, 0xff, 0xc3, 0xfe, 0x0, 0xff,
    0x8f, 0xf8, 0x0, 0xff, 0x9f, 0xf0, 0x1, 0xff,
    0x7f, 0xc0, 0x1, 0xff, 0xff, 0x80, 0x3, 0xff,
    0xff, 0x0, 0x7, 0xff, 0xfe, 0x0, 0xf, 0xff,
    0xfc, 0x0, 0x1f, 0xff, 0xf8, 0x0, 0x3f, 0xff,
    0xf8, 0x0, 0xff, 0xdf, 0xf8, 0x3, 0xff, 0x3f,
    0xf8, 0xf, 0xfe, 0x7f, 0xff, 0xff, 0xfc, 0x7f,
    0xff, 0xff, 0xf0, 0x7f, 0xff, 0xff, 0xc0, 0x7f,
    0xff, 0xff, 0x0, 0x7f, 0xff, 0xfc, 0x0, 0x7f,
    0xff, 0xf0, 0x0, 0x1f, 0xff, 0x0, 0x0, 0x1,
    0x80, 0x0,

    /* U+0039 "9" */
    0x0, 0x1, 0x0, 0x0, 0x0, 0x7f, 0xf0, 0x0,
    0x3, 0xff, 0xf8, 0x0, 0x1f, 0xff, 0xf8, 0x0,
    0x7f, 0xff, 0xfc, 0x1, 0xff, 0xff, 0xfc, 0x7,
    0xff, 0xff, 0xf8, 0x1f, 0xff, 0xff, 0xf8, 0x3f,
    0xf0, 0x1f, 0xf8, 0xff, 0xc0, 0x1f, 0xf1, 0xff,
    0x0, 0x3f, 0xe3, 0xfe, 0x0, 0x3f, 0xef, 0xfc,
    0x0, 0x7f, 0xdf, 0xf0, 0x0, 0x7f, 0xbf, 0xe0,
    0x0, 0xff, 0xff, 0xc0, 0x1, 0xff, 0xff, 0x80,
    0x3, 0xff, 0xff, 0x0, 0x7, 0xff, 0xfe, 0x0,
    0xf, 0xff, 0xfc, 0x0, 0x1f, 0xff, 0xfc, 0x0,
    0x3f, 0xef, 0xf8, 0x0, 0x7f, 0xdf, 0xf8, 0x1,
    0xff, 0xbf, 0xf8, 0x7, 0xff, 0x3f, 0xf8, 0x3f,
    0xfe, 0x7f, 0xff, 0xff, 0xfc, 0x7f, 0xff, 0xff,
    0xf8, 0xff, 0xff, 0xff, 0xf0, 0xff, 0xff, 0xff,
    0xc0, 0xff, 0xff, 0x7f, 0x80, 0x7f, 0xf8, 0xff,
    0x0, 0x1f, 0xc3, 0xfe, 0x0, 0x0, 0x7, 0xfc,
    0x0, 0x0, 0xf, 0xf0, 0x0, 0x0, 0x3f, 0xe0,
    0x0, 0x0, 0x7f, 0x80, 0x0, 0x1, 0xff, 0x0,
    0x0, 0x7, 0xfc, 0x0, 0x0, 0x3f, 0xf8, 0x0,
    0x1, 0xff, 0xe0, 0x1, 0xff, 0xff, 0x80, 0x3,
    0xff, 0xfe, 0x0, 0x7, 0xff, 0xf8, 0x0, 0xf,
    0xff, 0xe0, 0x0, 0x1f, 0xff, 0x0, 0x0, 0x3f,
    0xf8, 0x0, 0x0, 0x7f, 0x80, 0x0, 0x0, 0x80,
    0x0, 0x0,

    /* U+003A ":" */
    0x0, 0xf, 0xc7, 0xfb, 0xff, 0xff, 0xff, 0xff,
    0xfd, 0xfe, 0x3f, 0x2, 0x0, 0x0, 0x0, 0x0,
    0x0, 0x0, 0x0, 0x0, 0x0, 0x0, 0x0, 0x0,
    0x0, 0x0, 0x0, 0x0, 0x0, 0x0, 0x0, 0x0,
    0x0, 0x0, 0xfc, 0x7f, 0xbf, 0xff, 0xff, 0xff,
    0xff, 0xdf, 0xe3, 0xf0, 0x20,

    /* U+003B ";" */
    0x0, 0x0, 0xfc, 0x1f, 0xe3, 0xff, 0x3f, 0xf3,
    0xff, 0x3f, 0xf1, 0xfe, 0xf, 0xc0, 0x20, 0x0,
    0x0, 0x0, 0x0, 0x0, 0x0, 0x0, 0x0, 0x0,
    0x0, 0x0, 0x0, 0x0, 0x0, 0x0, 0x0, 0x0,
    0x0, 0x0, 0x0, 0x0, 0x0, 0x0, 0x0, 0x0,
    0x0, 0xff, 0xf, 0xf0, 0xff, 0xf, 0xf0, 0xff,
    0xf, 0xf0, 0xff, 0xf, 0xf0, 0xff, 0xf, 0xf0,
    0xfe, 0x1f, 0xe1, 0xfe, 0x3f, 0xc3, 0xfc, 0x7f,
    0x87, 0xf0, 0x7f, 0x1, 0xe0, 0x4, 0x0,

    /* U+003C "<" */
    0x0, 0x0, 0x0, 0x20, 0x0, 0x0, 0x1c, 0x0,
    0x0, 0x1f, 0x80, 0x0, 0xf, 0xf0, 0x0, 0x7,
    0xfe, 0x0, 0x7, 0xff, 0xc0, 0x3, 0xff, 0xf8,
    0x1, 0xff, 0xff, 0x1, 0xff, 0xff, 0xe0, 0xff,
    0xff, 0xf0, 0x7f, 0xff, 0xf0, 0x7f, 0xff, 0xf0,
    0xf, 0xff, 0xf8, 0x1, 0xff, 0xf8, 0x0, 0x3f,
    0xf8, 0x0, 0x7, 0xfe, 0x0, 0x0, 0xff, 0xf0,
    0x0, 0x1f, 0xff, 0xc0, 0x3, 0xff, 0xff, 0x0,
    0x1f, 0xff, 0xfc, 0x0, 0xff, 0xff, 0xe0, 0x7,
    0xff, 0xff, 0x80, 0x1f, 0xff, 0xf8, 0x0, 0xff,
    0xff, 0x0, 0x7, 0xff, 0xe0, 0x0, 0x3f, 0xfc,
    0x0, 0x0, 0xff, 0x80, 0x0, 0x7, 0xf0, 0x0,
    0x0, 0x3e, 0x0, 0x0, 0x0, 0xc0,

    /* U+003D "=" */
    0xff, 0xff, 0xff, 0xff, 0xff, 0xff, 0xff, 0xff,
    0xff, 0xff, 0xff, 0xff, 0xff, 0xff, 0xff, 0xff,
    0xff, 0xff, 0xff, 0xff, 0xff, 0xff, 0xff, 0xff,
    0xf0, 0x0, 0x0, 0x0, 0x0, 0x0, 0x0, 0x0,
    0x0, 0x0, 0x0, 0x0, 0x0, 0x0, 0x0, 0x0,
    0x0, 0x0, 0x0, 0x0, 0x0, 0x0, 0x0, 0x0,
    0x0, 0xff, 0xff, 0xff, 0xff, 0xff, 0xff, 0xff,
    0xff, 0xff, 0xff, 0xff, 0xff, 0xff, 0xff, 0xff,
    0xff, 0xff, 0xff, 0xff, 0xff, 0xff, 0xff, 0xff,
    0xff, 0xf0,

    /* U+003E ">" */
    0x80, 0x0, 0x0, 0x1e, 0x0, 0x0, 0x3, 0xf0,
    0x0, 0x0, 0x7f, 0x80, 0x0, 0xf, 0xfc, 0x0,
    0x1, 0xff, 0xf0, 0x0, 0x3f, 0xff, 0x80, 0x7,
    0xff, 0xfc, 0x0, 0xff, 0xff, 0xf0, 0x3, 0xff,
    0xff, 0x80, 0x1f, 0xff, 0xfc, 0x0, 0x7f, 0xff,
    0xf0, 0x1, 0xff, 0xfe, 0x0, 0x7, 0xff, 0xc0,
    0x0, 0x3f, 0xf8, 0x0, 0x3, 0xff, 0x0, 0x3,
    0xff, 0xe0, 0x1, 0xff, 0xfc, 0x1, 0xff, 0xff,
    0x81, 0xff, 0xff, 0xc0, 0xff, 0xff, 0xe0, 0xff,
    0xff, 0xf0, 0x3f, 0xff, 0xf0, 0x7, 0xff, 0xf8,
    0x0, 0xff, 0xfc, 0x0, 0x1f, 0xfe, 0x0, 0x3,
    0xfe, 0x0, 0x0, 0x7f, 0x0, 0x0, 0xf, 0x80,
    0x0, 0x1, 0x80, 0x0, 0x0, 0x0,

    /* U+003F "?" */
    0x0, 0x0, 0x0, 0x0, 0xf, 0xff, 0x0, 0x3,
    0xff, 0xfe, 0x0, 0xff, 0xff, 0xf0, 0x1f, 0xff,
    0xff, 0x83, 0xff, 0xff, 0xfc, 0x3f, 0xff, 0xff,
    0xe7, 0xff, 0xff, 0xfe, 0x7f, 0xe0, 0x7f, 0xef,
    0xfc, 0x3, 0xff, 0xff, 0x80, 0x1f, 0xff, 0xf8,
    0x1, 0xff, 0xff, 0x80, 0x1f, 0xf0, 0x0, 0x1,
    0xff, 0x0, 0x0, 0x1f, 0xf0, 0x0, 0x1, 0xff,
    0x0, 0x0, 0x3f, 0xe0, 0x0, 0x7, 0xfe, 0x0,
    0x0, 0x7f, 0xe0, 0x0, 0xf, 0xfc, 0x0, 0x1,
    0xff, 0x80, 0x0, 0x3f, 0xf0, 0x0, 0x7, 0xfe,
    0x0, 0x0, 0xff, 0xc0, 0x0, 0x1f, 0xf8, 0x0,
    0x3, 0xff, 0x0, 0x0, 0x3f, 0xe0, 0x0, 0x3,
    0xfe, 0x0, 0x0, 0x7f, 0xc0, 0x0, 0x7, 0xfc,
    0x0, 0x0, 0x7f, 0x80, 0x0, 0x7, 0xf8, 0x0,
    0x0, 0x7f, 0x80, 0x0, 0x0, 0x0, 0x0, 0x0,
    0x0, 0x0, 0x0, 0x0, 0x0, 0x0, 0x0, 0x0,
    0x0, 0x0, 0x0, 0x0, 0x0, 0x0, 0x0, 0x0,
    0x0, 0x1, 0xf8, 0x0, 0x0, 0x3f, 0xc0, 0x0,
    0x7, 0xfe, 0x0, 0x0, 0x7f, 0xe0, 0x0, 0x7,
    0xfe, 0x0, 0x0, 0x7f, 0xe0, 0x0, 0x3, 0xfc,
    0x0, 0x0, 0x1f, 0x80, 0x0, 0x0, 0x40, 0x0,

    /* U+0040 "@" */
    0x0, 0x0, 0x3, 0xff, 0x80, 0x0, 0x0, 0x0,
    0x3, 0xff, 0xff, 0x80, 0x0, 0x0, 0x0, 0xff,
    0xff, 0xfe, 0x0, 0x0, 0x0, 0x3f, 0xff, 0xff,
    0xf8, 0x0, 0x0, 0xf, 0xff, 0xff, 0xff, 0xe0,
    0x0, 0x1, 0xff, 0xc0, 0xf, 0xff, 0x0, 0x0,
    0x3f, 0xe0, 0x0, 0x1f, 0xf8, 0x0, 0x7, 0xf8,
    0x0, 0x0, 0x7f, 0xc0, 0x0, 0xff, 0x0, 0x0,
    0x1, 0xfe, 0x0, 0x1f, 0xc0, 0x0, 0x0, 0xf,
    0xe0, 0x3, 0xf8, 0x0, 0x0, 0x0, 0x7f, 0x0,
    0x7f, 0x0, 0x0, 0x0, 0x3, 0xf8, 0x7, 0xf0,
    0x0, 0x0, 0x0, 0x1f, 0x80, 0xfe, 0x0, 0x0,
    0x0, 0x1, 0xf8, 0xf, 0xc0, 0x0, 0xff, 0x0,
    0xf, 0xc1, 0xfc, 0x0, 0x3f, 0xfe, 0x0, 0xfc,
    0x1f, 0x80, 0x7, 0xff, 0xf0, 0xf, 0xe3, 0xf8,
    0x1, 0xff, 0xff, 0x80, 0x7e, 0x3f, 0x0, 0x3f,
    0xff, 0xf8, 0x7, 0xe3, 0xf0, 0x3, 0xfc, 0x1f,
    0x80, 0x7e, 0x7e, 0x0, 0x7f, 0x1, 0xf8, 0x7,
    0xe7, 0xe0, 0xf, 0xe0, 0x1f, 0x80, 0x3f, 0x7e,
    0x0, 0xfe, 0x1, 0xf8, 0x3, 0xf7, 0xe0, 0x1f,
    0xc0, 0x1f, 0x80, 0x3f, 0xfc, 0x1, 0xfc, 0x3,
    0xf8, 0x3, 0xff, 0xc0, 0x1f, 0x80, 0x3f, 0x80,
    0x3f, 0xfc, 0x3, 0xf8, 0x3, 0xf8, 0x3, 0xff,
    0xc0, 0x3f, 0x80, 0x3f, 0x0, 0x3f, 0xfc, 0x3,
    0xf8, 0x3, 0xf0, 0x3, 0xff, 0xc0, 0x3f, 0x0,
    0x3f, 0x0, 0x3f, 0xfc, 0x7, 0xf0, 0x3, 0xf0,
    0x3, 0xff, 0xc0, 0x7f, 0x0, 0x3f, 0x0, 0x3f,
    0xfc, 0x7, 0xf0, 0x3, 0xf0, 0x3, 0xff, 0xc0,
    0x7f, 0x0, 0x3f, 0x0, 0x7e, 0xfc, 0x7, 0xf0,
    0x3, 0xf0, 0x7, 0xef, 0xc0, 0x7f, 0x0, 0x7f,
    0x0, 0x7e, 0xfc, 0x7, 0xf0, 0x7, 0xf0, 0xf,
    0xcf, 0xc0, 0x7f, 0x80, 0xff, 0x0, 0xfc, 0x7e,
    0x3, 0xf8, 0xf, 0xf0, 0x1f, 0xc7, 0xe0, 0x3f,
    0xc1, 0xff, 0x83, 0xf8, 0x7e, 0x3, 0xff, 0xff,
    0xff, 0xff, 0x7, 0xe0, 0x1f, 0xff, 0xdf, 0xff,
    0xe0, 0x3f, 0x0, 0xff, 0xf9, 0xff, 0xfe, 0x3,
    0xf0, 0x7, 0xff, 0xf, 0xff, 0x80, 0x3f, 0x80,
    0x3f, 0xe0, 0x3f, 0xe0, 0x1, 0xf8, 0x0, 0x60,
    0x0, 0x60, 0x0, 0x1f, 0xc0, 0x0, 0x0, 0x0,
    0x0, 0x0, 0xfc, 0x0, 0x0, 0x0, 0x0, 0x0,
    0xf, 0xe0, 0x0, 0x0, 0x0, 0x0, 0x0, 0x7f,
    0x0, 0x0, 0x0, 0x0, 0x0, 0x7, 0xf8, 0x0,
    0x0, 0x0, 0x0, 0x0, 0x3f, 0xe0, 0x0, 0x0,
    0x0, 0x0, 0x1, 0xff, 0x80, 0x0, 0x30, 0x0,
    0x0, 0xf, 0xff, 0x0, 0x3f, 0x0, 0x0, 0x0,
    0x7f, 0xff, 0xff, 0xf0, 0x0, 0x0, 0x1, 0xff,
    0xff, 0xff, 0x0, 0x0, 0x0, 0x7, 0xff, 0xff,
    0xf0, 0x0, 0x0, 0x0, 0x1f, 0xff, 0xfc, 0x0,
    0x0, 0x0, 0x0, 0x1f, 0xfc, 0x0, 0x0, 0x0,

    /* U+0041 "A" */
    0x0, 0x0, 0x7f, 0xc0, 0x0, 0x0, 0x0, 0x1f,
    0xf8, 0x0, 0x0, 0x0, 0x3, 0xff, 0x80, 0x0,
    0x0, 0x0, 0x7f, 0xf0, 0x0, 0x0, 0x0, 0x1f,
    0xfe, 0x0, 0x0, 0x0, 0x3, 0xff, 0xe0, 0x0,
    0x0, 0x0, 0xff, 0xfc, 0x0, 0x0, 0x0, 0x1f,
    0xff, 0x80, 0x0, 0x0, 0x3, 0xff, 0xf8, 0x0,
    0x0, 0x0, 0xff, 0xff, 0x0, 0x0, 0x0, 0x1f,
    0xff, 0xe0, 0x0, 0x0, 0x3, 0xff, 0xfe, 0x0,
    0x0, 0x0, 0xff, 0xbf, 0xc0, 0x0, 0x0, 0x1f,
    0xe7, 0xfc, 0x0, 0x0, 0x3, 0xfc, 0xff, 0x80,
    0x0, 0x0, 0xff, 0x8f, 0xf0, 0x0, 0x0, 0x1f,
    0xf1, 0xff, 0x0, 0x0, 0x7, 0xfc, 0x3f, 0xe0,
    0x0, 0x0, 0xff, 0x83, 0xfc, 0x0, 0x0, 0x1f,
    0xf0, 0x7f, 0xc0, 0x0, 0x7, 0xfc, 0xf, 0xf8,
    0x0, 0x0, 0xff, 0x80, 0xff, 0x80, 0x0, 0x1f,
    0xf0, 0x1f, 0xf0, 0x0, 0x7, 0xfc, 0x3, 0xfe,
    0x0, 0x0, 0xff, 0x80, 0x3f, 0xe0, 0x0, 0x3f,
    0xf0, 0x7, 0xfc, 0x0, 0x7, 0xfc, 0x0, 0xff,
    0x80, 0x0, 0xff, 0x80, 0xf, 0xf8, 0x0, 0x3f,
    0xf0, 0x1, 0xff, 0x0, 0x7, 0xff, 0xff, 0xff,
    0xe0, 0x0, 0xff, 0xff, 0xff, 0xfe, 0x0, 0x3f,
    0xff, 0xff, 0xff, 0xc0, 0x7, 0xff, 0xff, 0xff,
    0xfc, 0x0, 0xff, 0xff, 0xff, 0xff, 0x80, 0x3f,
    0xff, 0xff, 0xff, 0xf0, 0x7, 0xff, 0xff, 0xff,
    0xff, 0x1, 0xff, 0x80, 0x0, 0x7f, 0xe0, 0x3f,
    0xf0, 0x0, 0x7, 0xfc, 0x7, 0xfc, 0x0, 0x0,
    0xff, 0xc1, 0xff, 0x80, 0x0, 0x1f, 0xf8, 0x3f,
    0xf0, 0x0, 0x1, 0xff, 0x87, 0xfc, 0x0, 0x0,
    0x3f, 0xf1, 0xff, 0x80, 0x0, 0x7, 0xfe, 0x3f,
    0xf0, 0x0, 0x0, 0x7f, 0xe7, 0xfc, 0x0, 0x0,
    0xf, 0xfd, 0xff, 0x80, 0x0, 0x1, 0xff, 0x80,

    /* U+0042 "B" */
    0xff, 0xff, 0xfc, 0x0, 0x3f, 0xff, 0xff, 0xf0,
    0xf, 0xff, 0xff, 0xff, 0x3, 0xff, 0xff, 0xff,
    0xe0, 0xff, 0xff, 0xff, 0xfc, 0x3f, 0xff, 0xff,
    0xff, 0x8f, 0xff, 0xff, 0xff, 0xf3, 0xfe, 0x0,
    0x3f, 0xfc, 0xff, 0x80, 0x3, 0xff, 0x3f, 0xe0,
    0x0, 0x7f, 0xef, 0xf8, 0x0, 0xf, 0xfb, 0xfe,
    0x0, 0x3, 0xfe, 0xff, 0x80, 0x0, 0xff, 0xbf,
    0xe0, 0x0, 0x3f, 0xef, 0xf8, 0x0, 0xf, 0xfb,
    0xfe, 0x0, 0x3, 0xfe, 0xff, 0x80, 0x1, 0xff,
    0x3f, 0xe0, 0x0, 0xff, 0xcf, 0xf8, 0x0, 0xff,
    0xe3, 0xff, 0xff, 0xff, 0xf0, 0xff, 0xff, 0xff,
    0xf8, 0x3f, 0xff, 0xff, 0xfc, 0xf, 0xff, 0xff,
    0xfe, 0x3, 0xff, 0xff, 0xff, 0xe0, 0xff, 0xff,
    0xff, 0xfe, 0x3f, 0xff, 0xff, 0xff, 0xcf, 0xf8,
    0x0, 0x7f, 0xf3, 0xfe, 0x0, 0x7, 0xfe, 0xff,
    0x80, 0x0, 0xff, 0xbf, 0xe0, 0x0, 0x3f, 0xff,
    0xf8, 0x0, 0x7, 0xff, 0xfe, 0x0, 0x1, 0xff,
    0xff, 0x80, 0x0, 0x7f, 0xff, 0xe0, 0x0, 0x1f,
    0xff, 0xf8, 0x0, 0x7, 0xff, 0xfe, 0x0, 0x3,
    0xff, 0xff, 0x80, 0x0, 0xff, 0xff, 0xe0, 0x0,
    0x7f, 0xef, 0xf8, 0x0, 0x7f, 0xfb, 0xff, 0xff,
    0xff, 0xfc, 0xff, 0xff, 0xff, 0xff, 0x3f, 0xff,
    0xff, 0xff, 0x8f, 0xff, 0xff, 0xff, 0xc3, 0xff,
    0xff, 0xff, 0xc0, 0xff, 0xff, 0xff, 0xc0, 0x3f,
    0xff, 0xff, 0x80, 0x0,

    /* U+0043 "C" */
    0x0, 0x0, 0x0, 0x0, 0x0, 0x0, 0x3f, 0xfe,
    0x0, 0x0, 0xf, 0xff, 0xfc, 0x0, 0x1, 0xff,
    0xff, 0xf8, 0x0, 0x1f, 0xff, 0xff, 0xe0, 0x1,
    0xff, 0xff, 0xff, 0xc0, 0x1f, 0xff, 0xff, 0xfe,
    0x1, 0xff, 0xff, 0xff, 0xf8, 0xf, 0xfc, 0x0,
    0xff, 0xe0, 0xff, 0xc0, 0x3, 0xff, 0xf, 0xfc,
    0x0, 0xf, 0xfc, 0x7f, 0xc0, 0x0, 0x3f, 0xe3,
    0xfe, 0x0, 0x1, 0xff, 0x3f, 0xe0, 0x0, 0x7,
    0xfd, 0xff, 0x0, 0x0, 0x3f, 0xef, 0xf8, 0x0,
    0x1, 0xff, 0xff, 0x80, 0x0, 0x0, 0x7, 0xfc,
    0x0, 0x0, 0x0, 0x3f, 0xe0, 0x0, 0x0, 0x1,
    0xff, 0x0, 0x0, 0x0, 0xf, 0xf8, 0x0, 0x0,
    0x0, 0x7f, 0xc0, 0x0, 0x0, 0x3, 0xfe, 0x0,
    0x0, 0x0, 0x1f, 0xf0, 0x0, 0x0, 0x0, 0xff,
    0x80, 0x0, 0x0, 0x7, 0xfc, 0x0, 0x0, 0x0,
    0x3f, 0xe0, 0x0, 0x0, 0x1, 0xff, 0x0, 0x0,
    0x0, 0xf, 0xf8, 0x0, 0x0, 0x0, 0x7f, 0xc0,
    0x0, 0x0, 0x3, 0xfe, 0x0, 0x0, 0x0, 0x1f,
    0xf0, 0x0, 0x0, 0x0, 0x7f, 0xc0, 0x0, 0xf,
    0xfb, 0xfe, 0x0, 0x0, 0x7f, 0xdf, 0xf0, 0x0,
    0x3, 0xfe, 0x7f, 0xc0, 0x0, 0x3f, 0xf3, 0xfe,
    0x0, 0x1, 0xff, 0x1f, 0xf8, 0x0, 0x1f, 0xf8,
    0x7f, 0xe0, 0x1, 0xff, 0xc3, 0xff, 0x80, 0x1f,
    0xfc, 0xf, 0xff, 0xff, 0xff, 0xc0, 0x3f, 0xff,
    0xff, 0xfe, 0x0, 0xff, 0xff, 0xff, 0xe0, 0x3,
    0xff, 0xff, 0xfe, 0x0, 0xf, 0xff, 0xff, 0xc0,
    0x0, 0x1f, 0xff, 0xfc, 0x0, 0x0, 0x3f, 0xff,
    0x0, 0x0, 0x0, 0x6, 0x0, 0x0,

    /* U+0044 "D" */
    0xff, 0xff, 0xe0, 0x0, 0x1f, 0xff, 0xff, 0x80,
    0x3, 0xff, 0xff, 0xfe, 0x0, 0x7f, 0xff, 0xff,
    0xe0, 0xf, 0xff, 0xff, 0xfe, 0x1, 0xff, 0xff,
    0xff, 0xf0, 0x3f, 0xff, 0xff, 0xff, 0x7, 0xfc,
    0x1, 0xff, 0xe0, 0xff, 0x80, 0xf, 0xfe, 0x1f,
    0xf0, 0x0, 0x7f, 0xe3, 0xfe, 0x0, 0x7, 0xfc,
    0x7f, 0xc0, 0x0, 0xff, 0xcf, 0xf8, 0x0, 0xf,
    0xf9, 0xff, 0x0, 0x0, 0xff, 0xbf, 0xe0, 0x0,
    0x1f, 0xf7, 0xfc, 0x0, 0x3, 0xfe, 0xff, 0x80,
    0x0, 0x7f, 0xdf, 0xf0, 0x0, 0x7, 0xff, 0xfe,
    0x0, 0x0, 0xff, 0xff, 0xc0, 0x0, 0x1f, 0xff,
    0xf8, 0x0, 0x3, 0xff, 0xff, 0x0, 0x0, 0x7f,
    0xff, 0xe0, 0x0, 0xf, 0xff, 0xfc, 0x0, 0x1,
    0xff, 0xff, 0x80, 0x0, 0x3f, 0xff, 0xf0, 0x0,
    0x7, 0xff, 0xfe, 0x0, 0x0, 0xff, 0xff, 0xc0,
    0x0, 0x1f, 0xff, 0xf8, 0x0, 0x3, 0xff, 0xff,
    0x0, 0x0, 0xff, 0xbf, 0xe0, 0x0, 0x1f, 0xf7,
    0xfc, 0x0, 0x3, 0xfe, 0xff, 0x80, 0x0, 0xff,
    0xdf, 0xf0, 0x0, 0x1f, 0xf3, 0xfe, 0x0, 0x7,
    0xfe, 0x7f, 0xc0, 0x0, 0xff, 0x8f, 0xf8, 0x0,
    0x3f, 0xf1, 0xff, 0x0, 0x1f, 0xfc, 0x3f, 0xe0,
    0xf, 0xff, 0x7, 0xff, 0xff, 0xff, 0xe0, 0xff,
    0xff, 0xff, 0xf8, 0x1f, 0xff, 0xff, 0xfc, 0x3,
    0xff, 0xff, 0xff, 0x0, 0x7f, 0xff, 0xff, 0x80,
    0xf, 0xff, 0xff, 0xc0, 0x1, 0xff, 0xff, 0xc0,
    0x0, 0x0,

    /* U+0045 "E" */
    0xff, 0xff, 0xff, 0xff, 0xff, 0xff, 0xff, 0xff,
    0xff, 0xff, 0xff, 0xff, 0xff, 0xff, 0xff, 0xff,
    0xff, 0xff, 0xff, 0xff, 0xff, 0xff, 0xff, 0xff,
    0xff, 0xff, 0xff, 0xff, 0xc0, 0x0, 0x0, 0xff,
    0x80, 0x0, 0x1, 0xff, 0x0, 0x0, 0x3, 0xfe,
    0x0, 0x0, 0x7, 0xfc, 0x0, 0x0, 0xf, 0xf8,
    0x0, 0x0, 0x1f, 0xf0, 0x0, 0x0, 0x3f, 0xe0,
    0x0, 0x0, 0x7f, 0xc0, 0x0, 0x0, 0xff, 0x80,
    0x0, 0x1, 0xff, 0x0, 0x0, 0x3, 0xfe, 0x0,
    0x0, 0x7, 0xff, 0xff, 0xff, 0x8f, 0xff, 0xff,
    0xff, 0x1f, 0xff, 0xff, 0xfe, 0x3f, 0xff, 0xff,
    0xfc, 0x7f, 0xff, 0xff, 0xf8, 0xff, 0xff, 0xff,
    0xf1, 0xff, 0xff, 0xff, 0xe3, 0xfe, 0x0, 0x0,
    0x7, 0xfc, 0x0, 0x0, 0xf, 0xf8, 0x0, 0x0,
    0x1f, 0xf0, 0x0, 0x0, 0x3f, 0xe0, 0x0, 0x0,
    0x7f, 0xc0, 0x0, 0x0, 0xff, 0x80, 0x0, 0x1,
    0xff, 0x0, 0x0, 0x3, 0xfe, 0x0, 0x0, 0x7,
    0xfc, 0x0, 0x0, 0xf, 0xf8, 0x0, 0x0, 0x1f,
    0xf0, 0x0, 0x0, 0x3f, 0xe0, 0x0, 0x0, 0x7f,
    0xff, 0xff, 0xff, 0xff, 0xff, 0xff, 0xff, 0xff,
    0xff, 0xff, 0xff, 0xff, 0xff, 0xff, 0xff, 0xff,
    0xff, 0xff, 0xff, 0xff, 0xff, 0xff, 0xff, 0xff,
    0xff, 0xff, 0xc0,

    /* U+0046 "F" */
    0xff, 0xff, 0xff, 0xff, 0xff, 0xff, 0xff, 0xff,
    0xff, 0xff, 0xff, 0xff, 0xff, 0xff, 0xff, 0xff,
    0xff, 0xff, 0xff, 0xff, 0xff, 0xff, 0xff, 0xff,
    0xff, 0xff, 0xff, 0xe0, 0x0, 0x0, 0xff, 0x80,
    0x0, 0x3, 0xfe, 0x0, 0x0, 0xf, 0xf8, 0x0,
    0x0, 0x3f, 0xe0, 0x0, 0x0, 0xff, 0x80, 0x0,
    0x3, 0xfe, 0x0, 0x0, 0xf, 0xf8, 0x0, 0x0,
    0x3f, 0xe0, 0x0, 0x0, 0xff, 0x80, 0x0, 0x3,
    0xfe, 0x0, 0x0, 0xf, 0xf8, 0x0, 0x0, 0x3f,
    0xe0, 0x0, 0x0, 0xff, 0xff, 0xff, 0xf3, 0xff,
    0xff, 0xff, 0xcf, 0xff, 0xff, 0xff, 0x3f, 0xff,
    0xff, 0xfc, 0xff, 0xff, 0xff, 0xf3, 0xff, 0xff,
    0xff, 0xcf, 0xff, 0xff, 0xff, 0x3f, 0xe0, 0x0,
    0x0, 0xff, 0x80, 0x0, 0x3, 0xfe, 0x0, 0x0,
    0xf, 0xf8, 0x0, 0x0, 0x3f, 0xe0, 0x0, 0x0,
    0xff, 0x80, 0x0, 0x3, 0xfe, 0x0, 0x0, 0xf,
    0xf8, 0x0, 0x0, 0x3f, 0xe0, 0x0, 0x0, 0xff,
    0x80, 0x0, 0x3, 0xfe, 0x0, 0x0, 0xf, 0xf8,
    0x0, 0x0, 0x3f, 0xe0, 0x0, 0x0, 0xff, 0x80,
    0x0, 0x3, 0xfe, 0x0, 0x0, 0xf, 0xf8, 0x0,
    0x0, 0x3f, 0xe0, 0x0, 0x0, 0xff, 0x80, 0x0,
    0x3, 0xfe, 0x0, 0x0, 0x0,

    /* U+0047 "G" */
    0x0, 0x0, 0x0, 0x0, 0x0, 0x0, 0x3f, 0xfe,
    0x0, 0x0, 0xf, 0xff, 0xfe, 0x0, 0x1, 0xff,
    0xff, 0xfc, 0x0, 0x1f, 0xff, 0xff, 0xf0, 0x1,
    0xff, 0xff, 0xff, 0xc0, 0x1f, 0xff, 0xff, 0xff,
    0x1, 0xff, 0xff, 0xff, 0xf8, 0xf, 0xfe, 0x0,
    0xff, 0xe0, 0xff, 0xc0, 0x3, 0xff, 0xf, 0xfc,
    0x0, 0xf, 0xfc, 0x7f, 0xe0, 0x0, 0x3f, 0xe3,
    0xfe, 0x0, 0x1, 0xff, 0x3f, 0xf0, 0x0, 0x7,
    0xfd, 0xff, 0x0, 0x0, 0x3f, 0xef, 0xf8, 0x0,
    0x0, 0x0, 0xff, 0xc0, 0x0, 0x0, 0x7, 0xfc,
    0x0, 0x0, 0x0, 0x3f, 0xe0, 0x0, 0x0, 0x1,
    0xff, 0x0, 0x0, 0x0, 0xf, 0xf8, 0x0, 0x0,
    0x0, 0x7f, 0xc0, 0x0, 0x0, 0x3, 0xfe, 0x0,
    0x0, 0x0, 0x1f, 0xf0, 0x3, 0xff, 0xff, 0xff,
    0x80, 0x1f, 0xff, 0xff, 0xfc, 0x0, 0xff, 0xff,
    0xff, 0xe0, 0x7, 0xff, 0xff, 0xff, 0x0, 0x3f,
    0xff, 0xff, 0xf8, 0x1, 0xff, 0xff, 0xff, 0xc0,
    0xf, 0xff, 0xff, 0xfe, 0x0, 0x0, 0x3f, 0xef,
    0xf8, 0x0, 0x1, 0xff, 0x7f, 0xc0, 0x0, 0xf,
    0xfb, 0xfe, 0x0, 0x0, 0x7f, 0xdf, 0xf8, 0x0,
    0x3, 0xfe, 0x7f, 0xc0, 0x0, 0x1f, 0xf3, 0xff,
    0x0, 0x0, 0xff, 0x9f, 0xfc, 0x0, 0x7, 0xfc,
    0x7f, 0xf0, 0x0, 0x3f, 0xe1, 0xff, 0xc0, 0x7,
    0xff, 0xf, 0xff, 0xff, 0xff, 0xf8, 0x3f, 0xff,
    0xff, 0xff, 0xc0, 0xff, 0xff, 0xff, 0xfc, 0x3,
    0xff, 0xff, 0xff, 0xc0, 0x7, 0xff, 0xff, 0xf8,
    0x0, 0x1f, 0xff, 0xff, 0x0, 0x0, 0x1f, 0xff,
    0xc0, 0x0, 0x0, 0x3, 0x0, 0x0,

    /* U+0048 "H" */
    0xff, 0x80, 0x0, 0xf, 0xff, 0xfc, 0x0, 0x0,
    0x7f, 0xff, 0xe0, 0x0, 0x3, 0xff, 0xff, 0x0,
    0x0, 0x1f, 0xff, 0xf8, 0x0, 0x0, 0xff, 0xff,
    0xc0, 0x0, 0x7, 0xff, 0xfe, 0x0, 0x0, 0x3f,
    0xff, 0xf0, 0x0, 0x1, 0xff, 0xff, 0x80, 0x0,
    0xf, 0xff, 0xfc, 0x0, 0x0, 0x7f, 0xff, 0xe0,
    0x0, 0x3, 0xff, 0xff, 0x0, 0x0, 0x1f, 0xff,
    0xf8, 0x0, 0x0, 0xff, 0xff, 0xc0, 0x0, 0x7,
    0xff, 0xfe, 0x0, 0x0, 0x3f, 0xff, 0xf0, 0x0,
    0x1, 0xff, 0xff, 0x80, 0x0, 0xf, 0xff, 0xfc,
    0x0, 0x0, 0x7f, 0xff, 0xe0, 0x0, 0x3, 0xff,
    0xff, 0xff, 0xff, 0xff, 0xff, 0xff, 0xff, 0xff,
    0xff, 0xff, 0xff, 0xff, 0xff, 0xff, 0xff, 0xff,
    0xff, 0xff, 0xff, 0xff, 0xff, 0xff, 0xff, 0xff,
    0xff, 0xff, 0xff, 0xff, 0xff, 0xff, 0xff, 0xff,
    0xff, 0xe0, 0x0, 0x3, 0xff, 0xff, 0x0, 0x0,
    0x1f, 0xff, 0xf8, 0x0, 0x0, 0xff, 0xff, 0xc0,
    0x0, 0x7, 0xff, 0xfe, 0x0, 0x0, 0x3f, 0xff,
    0xf0, 0x0, 0x1, 0xff, 0xff, 0x80, 0x0, 0xf,
    0xff, 0xfc, 0x0, 0x0, 0x7f, 0xff, 0xe0, 0x0,
    0x3, 0xff, 0xff, 0x0, 0x0, 0x1f, 0xff, 0xf8,
    0x0, 0x0, 0xff, 0xff, 0xc0, 0x0, 0x7, 0xff,
    0xfe, 0x0, 0x0, 0x3f, 0xff, 0xf0, 0x0, 0x1,
    0xff, 0xff, 0x80, 0x0, 0xf, 0xff, 0xfc, 0x0,
    0x0, 0x7f, 0xff, 0xe0, 0x0, 0x3, 0xff, 0xff,
    0x0, 0x0, 0x1f, 0xff, 0xf8, 0x0, 0x0, 0xff,
    0xff, 0xc0, 0x0, 0x7, 0xfc,

    /* U+0049 "I" */
    0xff, 0xff, 0xff, 0xff, 0xff, 0xff, 0xff, 0xff,
    0xff, 0xff, 0xff, 0xff, 0xff, 0xff, 0xff, 0xff,
    0xff, 0xff, 0xff, 0xff, 0xff, 0xff, 0xff, 0xff,
    0xff, 0xff, 0xff, 0xff, 0xff, 0xff, 0xff, 0xff,
    0xff, 0xff, 0xff, 0xff, 0xff, 0xff, 0xff, 0xff,
    0xff, 0xff, 0xff, 0xff, 0xff, 0xff, 0xff, 0xff,
    0xff, 0xff, 0xff, 0xfc,

    /* U+004A "J" */
    0x0, 0x0, 0x7, 0xfc, 0x0, 0x0, 0x1f, 0xf0,
    0x0, 0x0, 0x7f, 0xc0, 0x0, 0x1, 0xff, 0x0,
    0x0, 0x7, 0xfc, 0x0, 0x0, 0x1f, 0xf0, 0x0,
    0x0, 0x7f, 0xc0, 0x0, 0x1, 0xff, 0x0, 0x0,
    0x7, 0xfc, 0x0, 0x0, 0x1f, 0xf0, 0x0, 0x0,
    0x7f, 0xc0, 0x0, 0x1, 0xff, 0x0, 0x0, 0x7,
    0xfc, 0x0, 0x0, 0x1f, 0xf0, 0x0, 0x0, 0x7f,
    0xc0, 0x0, 0x1, 0xff, 0x0, 0x0, 0x7, 0xfc,
    0x0, 0x0, 0x1f, 0xf0, 0x0, 0x0, 0x7f, 0xc0,
    0x0, 0x1, 0xff, 0x0, 0x0, 0x7, 0xfc, 0x0,
    0x0, 0x1f, 0xf0, 0x0, 0x0, 0x7f, 0xc0, 0x0,
    0x1, 0xff, 0x0, 0x0, 0x7, 0xfc, 0x0, 0x0,
    0x1f, 0xf0, 0x0, 0x0, 0x7f, 0xc0, 0x0, 0x1,
    0xff, 0x0, 0x0, 0x7, 0xfc, 0x0, 0x0, 0x1f,
    0xf0, 0x0, 0x0, 0x7f, 0xc0, 0x0, 0x1, 0xff,
    0x0, 0x0, 0x7, 0xff, 0xfe, 0x0, 0x1f, 0xff,
    0xf8, 0x0, 0x7f, 0xff, 0xe0, 0x3, 0xff, 0xff,
    0xc0, 0xf, 0xf9, 0xff, 0x0, 0x7f, 0xe7, 0xfe,
    0x3, 0xff, 0x9f, 0xff, 0xff, 0xfc, 0x3f, 0xff,
    0xff, 0xe0, 0x7f, 0xff, 0xff, 0x81, 0xff, 0xff,
    0xfc, 0x1, 0xff, 0xff, 0xe0, 0x3, 0xff, 0xfe,
    0x0, 0x3, 0xff, 0xe0, 0x0, 0x0, 0x30, 0x0,
    0x0,

    /* U+004B "K" */
    0xff, 0x80, 0x0, 0xff, 0xf7, 0xfc, 0x0, 0x7,
    0xff, 0x3f, 0xe0, 0x0, 0x7f, 0xf1, 0xff, 0x0,
    0x7, 0xff, 0xf, 0xf8, 0x0, 0x7f, 0xf8, 0x7f,
    0xc0, 0x3, 0xff, 0x83, 0xfe, 0x0, 0x3f, 0xf8,
    0x1f, 0xf0, 0x3, 0xff, 0x80, 0xff, 0x80, 0x3f,
    0xfc, 0x7, 0xfc, 0x1, 0xff, 0xc0, 0x3f, 0xe0,
    0x1f, 0xfc, 0x1, 0xff, 0x1, 0xff, 0xc0, 0xf,
    0xf8, 0x1f, 0xfc, 0x0, 0x7f, 0xc0, 0xff, 0xe0,
    0x3, 0xfe, 0xf, 0xfe, 0x0, 0x1f, 0xf0, 0xff,
    0xe0, 0x0, 0xff, 0x8f, 0xfe, 0x0, 0x7, 0xfc,
    0x7f, 0xe0, 0x0, 0x3f, 0xe7, 0xff, 0x0, 0x1,
    0xff, 0x7f, 0xf0, 0x0, 0xf, 0xff, 0xff, 0x0,
    0x0, 0x7f, 0xff, 0xfc, 0x0, 0x3, 0xff, 0xff,
    0xe0, 0x0, 0x1f, 0xff, 0xff, 0x80, 0x0, 0xff,
    0xff, 0xfe, 0x0, 0x7, 0xff, 0xff, 0xf0, 0x0,
    0x3f, 0xff, 0xff, 0xc0, 0x1, 0xff, 0xff, 0xff,
    0x0, 0xf, 0xff, 0x9f, 0xf8, 0x0, 0x7f, 0xf8,
    0xff, 0xe0, 0x3, 0xff, 0x83, 0xff, 0x80, 0x1f,
    0xf8, 0x1f, 0xfc, 0x0, 0xff, 0x80, 0x7f, 0xf0,
    0x7, 0xfc, 0x1, 0xff, 0xc0, 0x3f, 0xe0, 0xf,
    0xfe, 0x1, 0xff, 0x0, 0x3f, 0xf8, 0xf, 0xf8,
    0x0, 0xff, 0xe0, 0x7f, 0xc0, 0x7, 0xff, 0x3,
    0xfe, 0x0, 0x1f, 0xfc, 0x1f, 0xf0, 0x0, 0xff,
    0xe0, 0xff, 0x80, 0x3, 0xff, 0x87, 0xfc, 0x0,
    0xf, 0xfe, 0x3f, 0xe0, 0x0, 0x7f, 0xf1, 0xff,
    0x0, 0x1, 0xff, 0xcf, 0xf8, 0x0, 0x7, 0xff,
    0x7f, 0xc0, 0x0, 0x3f, 0xf8,

    /* U+004C "L" */
    0xff, 0x80, 0x0, 0x3, 0xfe, 0x0, 0x0, 0xf,
    0xf8, 0x0, 0x0, 0x3f, 0xe0, 0x0, 0x0, 0xff,
    0x80, 0x0, 0x3, 0xfe, 0x0, 0x0, 0xf, 0xf8,
    0x0, 0x0, 0x3f, 0xe0, 0x0, 0x0, 0xff, 0x80,
    0x0, 0x3, 0xfe, 0x0, 0x0, 0xf, 0xf8, 0x0,
    0x0, 0x3f, 0xe0, 0x0, 0x0, 0xff, 0x80, 0x0,
    0x3, 0xfe, 0x0, 0x0, 0xf, 0xf8, 0x0, 0x0,
    0x3f, 0xe0, 0x0, 0x0, 0xff, 0x80, 0x0, 0x3,
    0xfe, 0x0, 0x0, 0xf, 0xf8, 0x0, 0x0, 0x3f,
    0xe0, 0x0, 0x0, 0xff, 0x80, 0x0, 0x3, 0xfe,
    0x0, 0x0, 0xf, 0xf8, 0x0, 0x0, 0x3f, 0xe0,
    0x0, 0x0, 0xff, 0x80, 0x0, 0x3, 0xfe, 0x0,
    0x0, 0xf, 0xf8, 0x0, 0x0, 0x3f, 0xe0, 0x0,
    0x0, 0xff, 0x80, 0x0, 0x3, 0xfe, 0x0, 0x0,
    0xf, 0xf8, 0x0, 0x0, 0x3f, 0xe0, 0x0, 0x0,
    0xff, 0x80, 0x0, 0x3, 0xfe, 0x0, 0x0, 0xf,
    0xf8, 0x0, 0x0, 0x3f, 0xe0, 0x0, 0x0, 0xff,
    0x80, 0x0, 0x3, 0xfe, 0x0, 0x0, 0xf, 0xf8,
    0x0, 0x0, 0x3f, 0xff, 0xff, 0xff, 0xff, 0xff,
    0xff, 0xff, 0xff, 0xff, 0xff, 0xff, 0xff, 0xff,
    0xff, 0xff, 0xff, 0xff, 0xff, 0xff, 0xff, 0xff,
    0xff, 0xff, 0xff, 0xff, 0xf0,

    /* U+004D "M" */
    0xff, 0xf0, 0x0, 0x0, 0xf, 0xff, 0xff, 0xf8,
    0x0, 0x0, 0x1f, 0xff, 0xff, 0xf8, 0x0, 0x0,
    0x1f, 0xff, 0xff, 0xf8, 0x0, 0x0, 0x3f, 0xff,
    0xff, 0xfc, 0x0, 0x0, 0x3f, 0xff, 0xff, 0xfc,
    0x0, 0x0, 0x3f, 0xff, 0xff, 0xfe, 0x0, 0x0,
    0x7f, 0xff, 0xff, 0xfe, 0x0, 0x0, 0x7f, 0xff,
    0xff, 0xfe, 0x0, 0x0, 0x7f, 0xff, 0xff, 0xff,
    0x0, 0x0, 0xff, 0xff, 0xff, 0xff, 0x0, 0x0,
    0xff, 0xff, 0xff, 0xff, 0x0, 0x0, 0xff, 0xff,
    0xff, 0x7f, 0x80, 0x1, 0xff, 0xff, 0xff, 0xff,
    0x80, 0x1, 0xff, 0xff, 0xff, 0xbf, 0x80, 0x1,
    0xfd, 0xff, 0xff, 0xbf, 0xc0, 0x3, 0xfd, 0xff,
    0xff, 0xbf, 0xc0, 0x3, 0xfd, 0xff, 0xff, 0x9f,
    0xc0, 0x3, 0xf9, 0xff, 0xff, 0x9f, 0xe0, 0x7,
    0xf9, 0xff, 0xff, 0x9f, 0xe0, 0x7, 0xf9, 0xff,
    0xff, 0x8f, 0xe0, 0x7, 0xf1, 0xff, 0xff, 0x8f,
    0xf0, 0xf, 0xf1, 0xff, 0xff, 0x8f, 0xf0, 0xf,
    0xf1, 0xff, 0xff, 0x87, 0xf0, 0xf, 0xe1, 0xff,
    0xff, 0x87, 0xf8, 0x1f, 0xe1, 0xff, 0xff, 0x87,
    0xf8, 0x1f, 0xe1, 0xff, 0xff, 0x83, 0xf8, 0x3f,
    0xc1, 0xff, 0xff, 0x83, 0xfc, 0x3f, 0xc1, 0xff,
    0xff, 0x81, 0xfc, 0x3f, 0x81, 0xff, 0xff, 0x81,
    0xfe, 0x7f, 0x81, 0xff, 0xff, 0x81, 0xfe, 0x7f,
    0x81, 0xff, 0xff, 0x80, 0xfe, 0x7f, 0x1, 0xff,
    0xff, 0x80, 0xff, 0xff, 0x1, 0xff, 0xff, 0x80,
    0xff, 0xff, 0x1, 0xff, 0xff, 0x80, 0x7f, 0xfe,
    0x1, 0xff, 0xff, 0x80, 0x7f, 0xfe, 0x1, 0xff,
    0xff, 0x80, 0x7f, 0xfe, 0x1, 0xff, 0xff, 0x80,
    0x3f, 0xfc, 0x1, 0xff, 0xff, 0x80, 0x3f, 0xfc,
    0x1, 0xff, 0xff, 0x80, 0x3f, 0xfc, 0x1, 0xff,
    0xff, 0x80, 0x1f, 0xf8, 0x1, 0xff, 0xff, 0x80,
    0x1f, 0xf8, 0x1, 0xff, 0xff, 0x80, 0xf, 0xf0,
    0x1, 0xff, 0xff, 0x80, 0xf, 0xf0, 0x1, 0xff,
    0xff, 0x80, 0xf, 0xf0, 0x1, 0xff, 0xff, 0x80,
    0x7, 0xe0, 0x1, 0xff,

    /* U+004E "N" */
    0xff, 0x80, 0x0, 0xf, 0xff, 0xfe, 0x0, 0x0,
    0x7f, 0xff, 0xf8, 0x0, 0x3, 0xff, 0xff, 0xc0,
    0x0, 0x1f, 0xff, 0xff, 0x0, 0x0, 0xff, 0xff,
    0xf8, 0x0, 0x7, 0xff, 0xff, 0xe0, 0x0, 0x3f,
    0xff, 0xff, 0x80, 0x1, 0xff, 0xff, 0xfc, 0x0,
    0xf, 0xff, 0xff, 0xf0, 0x0, 0x7f, 0xff, 0xff,
    0x80, 0x3, 0xff, 0xff, 0xfe, 0x0, 0x1f, 0xff,
    0xff, 0xf8, 0x0, 0xff, 0xff, 0xff, 0xc0, 0x7,
    0xff, 0xff, 0xff, 0x0, 0x3f, 0xff, 0xff, 0xfc,
    0x1, 0xff, 0xff, 0xbf, 0xe0, 0xf, 0xff, 0xfd,
    0xff, 0x80, 0x7f, 0xff, 0xe7, 0xfc, 0x3, 0xff,
    0xff, 0x1f, 0xf0, 0x1f, 0xff, 0xf8, 0xff, 0xc0,
    0xff, 0xff, 0xc3, 0xfe, 0x7, 0xff, 0xfe, 0xf,
    0xf8, 0x3f, 0xff, 0xf0, 0x7f, 0xc1, 0xff, 0xff,
    0x81, 0xff, 0xf, 0xff, 0xfc, 0xf, 0xfc, 0x7f,
    0xff, 0xe0, 0x3f, 0xe3, 0xff, 0xff, 0x0, 0xff,
    0x9f, 0xff, 0xf8, 0x7, 0xfe, 0xff, 0xff, 0xc0,
    0x1f, 0xf7, 0xff, 0xfe, 0x0, 0xff, 0xff, 0xff,
    0xf0, 0x3, 0xff, 0xff, 0xff, 0x80, 0xf, 0xff,
    0xff, 0xfc, 0x0, 0x7f, 0xff, 0xff, 0xe0, 0x1,
    0xff, 0xff, 0xff, 0x0, 0x7, 0xff, 0xff, 0xf8,
    0x0, 0x3f, 0xff, 0xff, 0xc0, 0x0, 0xff, 0xff,
    0xfe, 0x0, 0x7, 0xff, 0xff, 0xf0, 0x0, 0x1f,
    0xff, 0xff, 0x80, 0x0, 0x7f, 0xff, 0xfc, 0x0,
    0x3, 0xff, 0xff, 0xe0, 0x0, 0xf, 0xff, 0xff,
    0x0, 0x0, 0x7f, 0xff, 0xf8, 0x0, 0x1, 0xff,
    0xff, 0xc0, 0x0, 0x7, 0xfc,

    /* U+004F "O" */
    0x0, 0x0, 0x10, 0x0, 0x0, 0x0, 0xf, 0xff,
    0x80, 0x0, 0x0, 0x7f, 0xff, 0xc0, 0x0, 0x3,
    0xff, 0xff, 0xe0, 0x0, 0xf, 0xff, 0xff, 0xe0,
    0x0, 0x7f, 0xff, 0xff, 0xf0, 0x1, 0xff, 0xff,
    0xff, 0xf0, 0x3, 0xff, 0xff, 0xff, 0xe0, 0xf,
    0xfe, 0x0, 0xff, 0xe0, 0x3f, 0xf8, 0x0, 0xff,
    0xe0, 0x7f, 0xc0, 0x0, 0x7f, 0xc1, 0xff, 0x80,
    0x0, 0xff, 0xc3, 0xfe, 0x0, 0x0, 0xff, 0x8f,
    0xfc, 0x0, 0x1, 0xff, 0x9f, 0xf0, 0x0, 0x1,
    0xff, 0x3f, 0xe0, 0x0, 0x3, 0xfe, 0x7f, 0xc0,
    0x0, 0x7, 0xfd, 0xff, 0x0, 0x0, 0x7, 0xff,
    0xfe, 0x0, 0x0, 0xf, 0xff, 0xfc, 0x0, 0x0,
    0x1f, 0xff, 0xf8, 0x0, 0x0, 0x3f, 0xff, 0xf0,
    0x0, 0x0, 0x7f, 0xff, 0xe0, 0x0, 0x0, 0xff,
    0xff, 0xc0, 0x0, 0x1, 0xff, 0xff, 0x80, 0x0,
    0x3, 0xff, 0xff, 0x0, 0x0, 0x7, 0xff, 0xfe,
    0x0, 0x0, 0xf, 0xff, 0xfc, 0x0, 0x0, 0x1f,
    0xff, 0xf8, 0x0, 0x0, 0x3f, 0xff, 0xf0, 0x0,
    0x0, 0x7f, 0xff, 0xe0, 0x0, 0x0, 0xff, 0xbf,
    0xe0, 0x0, 0x3, 0xfe, 0x7f, 0xc0, 0x0, 0x7,
    0xfc, 0xff, 0x80, 0x0, 0xf, 0xf9, 0xff, 0x80,
    0x0, 0x3f, 0xf1, 0xff, 0x0, 0x0, 0x7f, 0xc3,
    0xff, 0x0, 0x1, 0xff, 0x83, 0xfe, 0x0, 0x3,
    0xfe, 0x7, 0xff, 0x0, 0x1f, 0xfc, 0x7, 0xff,
    0x0, 0x7f, 0xf0, 0x7, 0xff, 0xff, 0xff, 0xc0,
    0xf, 0xff, 0xff, 0xff, 0x80, 0xf, 0xff, 0xff,
    0xfe, 0x0, 0x7, 0xff, 0xff, 0xf0, 0x0, 0x7,
    0xff, 0xff, 0xc0, 0x0, 0x3, 0xff, 0xfe, 0x0,
    0x0, 0x1, 0xff, 0xf0, 0x0, 0x0, 0x0, 0x18,
    0x0, 0x0,

    /* U+0050 "P" */
    0xff, 0xff, 0xfe, 0x0, 0x1f, 0xff, 0xff, 0xf8,
    0x3, 0xff, 0xff, 0xff, 0xc0, 0x7f, 0xff, 0xff,
    0xfe, 0xf, 0xff, 0xff, 0xff, 0xe1, 0xff, 0xff,
    0xff, 0xfe, 0x3f, 0xff, 0xff, 0xff, 0xe7, 0xfc,
    0x0, 0x3f, 0xfc, 0xff, 0x80, 0x1, 0xff, 0xdf,
    0xf0, 0x0, 0x1f, 0xfb, 0xfe, 0x0, 0x1, 0xff,
    0x7f, 0xc0, 0x0, 0x3f, 0xff, 0xf8, 0x0, 0x3,
    0xff, 0xff, 0x0, 0x0, 0x7f, 0xff, 0xe0, 0x0,
    0xf, 0xff, 0xfc, 0x0, 0x1, 0xff, 0xff, 0x80,
    0x0, 0x3f, 0xff, 0xf0, 0x0, 0x7, 0xff, 0xfe,
    0x0, 0x1, 0xff, 0xff, 0xc0, 0x0, 0x3f, 0xef,
    0xf8, 0x0, 0xf, 0xfd, 0xff, 0x0, 0x7, 0xff,
    0x3f, 0xff, 0xff, 0xff, 0xe7, 0xff, 0xff, 0xff,
    0xf8, 0xff, 0xff, 0xff, 0xfe, 0x1f, 0xff, 0xff,
    0xff, 0x83, 0xff, 0xff, 0xff, 0xc0, 0x7f, 0xff,
    0xff, 0xe0, 0xf, 0xff, 0xff, 0xe0, 0x1, 0xff,
    0x0, 0x0, 0x0, 0x3f, 0xe0, 0x0, 0x0, 0x7,
    0xfc, 0x0, 0x0, 0x0, 0xff, 0x80, 0x0, 0x0,
    0x1f, 0xf0, 0x0, 0x0, 0x3, 0xfe, 0x0, 0x0,
    0x0, 0x7f, 0xc0, 0x0, 0x0, 0xf, 0xf8, 0x0,
    0x0, 0x1, 0xff, 0x0, 0x0, 0x0, 0x3f, 0xe0,
    0x0, 0x0, 0x7, 0xfc, 0x0, 0x0, 0x0, 0xff,
    0x80, 0x0, 0x0, 0x1f, 0xf0, 0x0, 0x0, 0x3,
    0xfe, 0x0, 0x0, 0x0, 0x7f, 0xc0, 0x0, 0x0,
    0xf, 0xf8, 0x0, 0x0, 0x1, 0xff, 0x0, 0x0,
    0x0, 0x0,

    /* U+0051 "Q" */
    0x0, 0x0, 0x10, 0x0, 0x0, 0x0, 0xf, 0xff,
    0x80, 0x0, 0x0, 0x7f, 0xff, 0xc0, 0x0, 0x3,
    0xff, 0xff, 0xe0, 0x0, 0xf, 0xff, 0xff, 0xe0,
    0x0, 0x7f, 0xff, 0xff, 0xf0, 0x1, 0xff, 0xff,
    0xff, 0xf0, 0x3, 0xff, 0xff, 0xff, 0xe0, 0xf,
    0xfe, 0x0, 0xff, 0xe0, 0x3f, 0xf0, 0x0, 0xff,
    0xe0, 0x7f, 0xc0, 0x0, 0x7f, 0xc1, 0xff, 0x80,
    0x0, 0xff, 0xc3, 0xfe, 0x0, 0x0, 0xff, 0x8f,
    0xfc, 0x0, 0x1, 0xff, 0x9f, 0xf0, 0x0, 0x1,
    0xff, 0x3f, 0xe0, 0x0, 0x3, 0xfe, 0x7f, 0xc0,
    0x0, 0x7, 0xfd, 0xff, 0x0, 0x0, 0x7, 0xff,
    0xfe, 0x0, 0x0, 0xf, 0xff, 0xfc, 0x0, 0x0,
    0x1f, 0xff, 0xf8, 0x0, 0x0, 0x3f, 0xff, 0xf0,
    0x0, 0x0, 0x7f, 0xff, 0xe0, 0x0, 0x0, 0xff,
    0xff, 0xc0, 0x0, 0x1, 0xff, 0xff, 0x80, 0x0,
    0x3, 0xff, 0xff, 0x0, 0x0, 0x7, 0xff, 0xfe,
    0x0, 0x0, 0xf, 0xff, 0xfc, 0x0, 0x0, 0x1f,
    0xff, 0xf8, 0x0, 0x0, 0x3f, 0xff, 0xf0, 0x0,
    0x0, 0x7f, 0xff, 0xe0, 0x0, 0x0, 0xff, 0xbf,
    0xe0, 0x0, 0x3, 0xfe, 0x7f, 0xc0, 0x0, 0x7,
    0xfc, 0xff, 0x80, 0x0, 0xf, 0xf9, 0xff, 0x80,
    0x0, 0x3f, 0xf1, 0xff, 0x0, 0x0, 0x7f, 0xc3,
    0xff, 0x0, 0x1, 0xff, 0x83, 0xfe, 0x0, 0x3,
    0xfe, 0x7, 0xff, 0x0, 0x1f, 0xfc, 0x7, 0xff,
    0x0, 0x7f, 0xf0, 0x7, 0xff, 0xff, 0xff, 0xc0,
    0xf, 0xff, 0xff, 0xff, 0x80, 0xf, 0xff, 0xff,
    0xfe, 0x0, 0x7, 0xff, 0xff, 0xf8, 0x0, 0x7,
    0xff, 0xff, 0xf0, 0x0, 0x3, 0xff, 0xff, 0xf0,
    0x0, 0x1, 0xff, 0xff, 0xf0, 0x0, 0x0, 0x18,
    0xff, 0xf8, 0x0, 0x0, 0x0, 0x7f, 0xf8, 0x0,
    0x0, 0x0, 0x7f, 0xf8, 0x0, 0x0, 0x0, 0x7f,
    0xf0, 0x0, 0x0, 0x0, 0x7f, 0xc0, 0x0, 0x0,
    0x0, 0x3f, 0x0, 0x0, 0x0, 0x0, 0x3c, 0x0,
    0x0, 0x0, 0x0, 0x30, 0x0,

    /* U+0052 "R" */
    0xff, 0xff, 0xfe, 0x0, 0xf, 0xff, 0xff, 0xfc,
    0x0, 0xff, 0xff, 0xff, 0xf0, 0xf, 0xff, 0xff,
    0xff, 0x80, 0xff, 0xff, 0xff, 0xfe, 0xf, 0xff,
    0xff, 0xff, 0xe0, 0xff, 0xff, 0xff, 0xff, 0xf,
    0xf8, 0x0, 0xff, 0xf8, 0xff, 0x80, 0x3, 0xff,
    0x8f, 0xf8, 0x0, 0x1f, 0xf8, 0xff, 0x80, 0x0,
    0xff, 0xcf, 0xf8, 0x0, 0x7, 0xfc, 0xff, 0x80,
    0x0, 0x7f, 0xcf, 0xf8, 0x0, 0x7, 0xfc, 0xff,
    0x80, 0x0, 0x7f, 0xcf, 0xf8, 0x0, 0x7, 0xfc,
    0xff, 0x80, 0x0, 0x7f, 0xcf, 0xf8, 0x0, 0x7,
    0xfc, 0xff, 0x80, 0x0, 0xff, 0x8f, 0xf8, 0x0,
    0x1f, 0xf8, 0xff, 0x80, 0x3, 0xff, 0x8f, 0xf8,
    0x0, 0x7f, 0xf0, 0xff, 0xff, 0xff, 0xfe, 0xf,
    0xff, 0xff, 0xff, 0xe0, 0xff, 0xff, 0xff, 0xfc,
    0xf, 0xff, 0xff, 0xff, 0x0, 0xff, 0xff, 0xff,
    0xc0, 0xf, 0xff, 0xff, 0xfc, 0x0, 0xff, 0xff,
    0xff, 0xe0, 0xf, 0xf8, 0x7, 0xfe, 0x0, 0xff,
    0x80, 0x3f, 0xf0, 0xf, 0xf8, 0x3, 0xff, 0x0,
    0xff, 0x80, 0x1f, 0xf8, 0xf, 0xf8, 0x1, 0xff,
    0x80, 0xff, 0x80, 0xf, 0xfc, 0xf, 0xf8, 0x0,
    0xff, 0xc0, 0xff, 0x80, 0x7, 0xfe, 0xf, 0xf8,
    0x0, 0x7f, 0xe0, 0xff, 0x80, 0x3, 0xff, 0xf,
    0xf8, 0x0, 0x3f, 0xf0, 0xff, 0x80, 0x1, 0xff,
    0x8f, 0xf8, 0x0, 0xf, 0xf8, 0xff, 0x80, 0x0,
    0xff, 0xcf, 0xf8, 0x0, 0x7, 0xfc, 0xff, 0x80,
    0x0, 0x7f, 0xef, 0xf8, 0x0, 0x3, 0xfe,

    /* U+0053 "S" */
    0x0, 0x0, 0x0, 0x0, 0x0, 0x1, 0xff, 0xf0,
    0x0, 0x1, 0xff, 0xff, 0xc0, 0x0, 0xff, 0xff,
    0xfc, 0x0, 0x3f, 0xff, 0xff, 0xe0, 0xf, 0xff,
    0xff, 0xfe, 0x3, 0xff, 0xff, 0xff, 0xc0, 0x7f,
    0xff, 0xff, 0xfc, 0x1f, 0xfc, 0x1, 0xff, 0xc3,
    0xfe, 0x0, 0x1f, 0xf8, 0xff, 0xc0, 0x1, 0xff,
    0x1f, 0xf0, 0x0, 0x3f, 0xf3, 0xfe, 0x0, 0x3,
    0xfe, 0x7f, 0xc0, 0x0, 0x7f, 0xcf, 0xf8, 0x0,
    0x0, 0x1, 0xff, 0x80, 0x0, 0x0, 0x3f, 0xf8,
    0x0, 0x0, 0x3, 0xff, 0x80, 0x0, 0x0, 0x7f,
    0xfc, 0x0, 0x0, 0x7, 0xff, 0xf0, 0x0, 0x0,
    0x7f, 0xff, 0xc0, 0x0, 0xf, 0xff, 0xfe, 0x0,
    0x0, 0x7f, 0xff, 0xf8, 0x0, 0x7, 0xff, 0xff,
    0x80, 0x0, 0x3f, 0xff, 0xfc, 0x0, 0x1, 0xff,
    0xff, 0xc0, 0x0, 0xf, 0xff, 0xfc, 0x0, 0x0,
    0x3f, 0xff, 0xc0, 0x0, 0x1, 0xff, 0xf8, 0x0,
    0x0, 0x7, 0xff, 0x80, 0x0, 0x0, 0x3f, 0xf0,
    0x0, 0x0, 0x3, 0xff, 0x0, 0x0, 0x0, 0x7f,
    0xff, 0xf0, 0x0, 0x7, 0xff, 0xfe, 0x0, 0x0,
    0xff, 0xff, 0xc0, 0x0, 0x1f, 0xff, 0xfc, 0x0,
    0x3, 0xfe, 0xff, 0x80, 0x0, 0xff, 0xdf, 0xf8,
    0x0, 0x1f, 0xf1, 0xff, 0xc0, 0xf, 0xfe, 0x3f,
    0xff, 0xff, 0xff, 0xc3, 0xff, 0xff, 0xff, 0xf0,
    0x3f, 0xff, 0xff, 0xfc, 0x3, 0xff, 0xff, 0xff,
    0x0, 0x1f, 0xff, 0xff, 0xc0, 0x0, 0xff, 0xff,
    0xe0, 0x0, 0x7, 0xff, 0xf0, 0x0, 0x0, 0x3,
    0x0, 0x0,

    /* U+0054 "T" */
    0xff, 0xff, 0xff, 0xff, 0xff, 0xff, 0xff, 0xff,
    0xff, 0xff, 0xff, 0xff, 0xff, 0xff, 0xff, 0xff,
    0xff, 0xff, 0xff, 0xff, 0xff, 0xff, 0xff, 0xff,
    0xff, 0xff, 0xff, 0xff, 0xff, 0xff, 0xff, 0xff,
    0xff, 0xc0, 0x0, 0xff, 0x80, 0x0, 0x0, 0x3,
    0xfe, 0x0, 0x0, 0x0, 0xf, 0xf8, 0x0, 0x0,
    0x0, 0x3f, 0xe0, 0x0, 0x0, 0x0, 0xff, 0x80,
    0x0, 0x0, 0x3, 0xfe, 0x0, 0x0, 0x0, 0xf,
    0xf8, 0x0, 0x0, 0x0, 0x3f, 0xe0, 0x0, 0x0,
    0x0, 0xff, 0x80, 0x0, 0x0, 0x3, 0xfe, 0x0,
    0x0, 0x0, 0xf, 0xf8, 0x0, 0x0, 0x0, 0x3f,
    0xe0, 0x0, 0x0, 0x0, 0xff, 0x80, 0x0, 0x0,
    0x3, 0xfe, 0x0, 0x0, 0x0, 0xf, 0xf8, 0x0,
    0x0, 0x0, 0x3f, 0xe0, 0x0, 0x0, 0x0, 0xff,
    0x80, 0x0, 0x0, 0x3, 0xfe, 0x0, 0x0, 0x0,
    0xf, 0xf8, 0x0, 0x0, 0x0, 0x3f, 0xe0, 0x0,
    0x0, 0x0, 0xff, 0x80, 0x0, 0x0, 0x3, 0xfe,
    0x0, 0x0, 0x0, 0xf, 0xf8, 0x0, 0x0, 0x0,
    0x3f, 0xe0, 0x0, 0x0, 0x0, 0xff, 0x80, 0x0,
    0x0, 0x3, 0xfe, 0x0, 0x0, 0x0, 0xf, 0xf8,
    0x0, 0x0, 0x0, 0x3f, 0xe0, 0x0, 0x0, 0x0,
    0xff, 0x80, 0x0, 0x0, 0x3, 0xfe, 0x0, 0x0,
    0x0, 0xf, 0xf8, 0x0, 0x0, 0x0, 0x3f, 0xe0,
    0x0, 0x0, 0x0, 0xff, 0x80, 0x0, 0x0, 0x3,
    0xfe, 0x0, 0x0, 0x0, 0xf, 0xf8, 0x0, 0x0,
    0x0, 0x3f, 0xe0, 0x0, 0x0, 0x0, 0xff, 0x80,
    0x0, 0x0, 0x3, 0xfe, 0x0, 0x0, 0x0, 0xf,
    0xf8, 0x0, 0x0,

    /* U+0055 "U" */
    0xff, 0x80, 0x0, 0x3f, 0xff, 0xf0, 0x0, 0x7,
    0xff, 0xfe, 0x0, 0x0, 0xff, 0xff, 0xc0, 0x0,
    0x1f, 0xff, 0xf8, 0x0, 0x3, 0xff, 0xff, 0x0,
    0x0, 0x7f, 0xff, 0xe0, 0x0, 0xf, 0xff, 0xfc,
    0x0, 0x1, 0xff, 0xff, 0x80, 0x0, 0x3f, 0xff,
    0xf0, 0x0, 0x7, 0xff, 0xfe, 0x0, 0x0, 0xff,
    0xff, 0xc0, 0x0, 0x1f, 0xff, 0xf8, 0x0, 0x3,
    0xff, 0xff, 0x0, 0x0, 0x7f, 0xff, 0xe0, 0x0,
    0xf, 0xff, 0xfc, 0x0, 0x1, 0xff, 0xff, 0x80,
    0x0, 0x3f, 0xff, 0xf0, 0x0, 0x7, 0xff, 0xfe,
    0x0, 0x0, 0xff, 0xff, 0xc0, 0x0, 0x1f, 0xff,
    0xf8, 0x0, 0x3, 0xff, 0xff, 0x0, 0x0, 0x7f,
    0xff, 0xe0, 0x0, 0xf, 0xff, 0xfc, 0x0, 0x1,
    0xff, 0xff, 0x80, 0x0, 0x3f, 0xff, 0xf0, 0x0,
    0x7, 0xff, 0xfe, 0x0, 0x0, 0xff, 0xff, 0xc0,
    0x0, 0x1f, 0xff, 0xf8, 0x0, 0x3, 0xff, 0xff,
    0x0, 0x0, 0x7f, 0xff, 0xe0, 0x0, 0xf, 0xff,
    0xfc, 0x0, 0x1, 0xff, 0xff, 0x80, 0x0, 0x3f,
    0xff, 0xf0, 0x0, 0x7, 0xff, 0xff, 0x0, 0x1,
    0xff, 0xbf, 0xe0, 0x0, 0x3f, 0xe7, 0xfc, 0x0,
    0xf, 0xfc, 0xff, 0xc0, 0x1, 0xff, 0x8f, 0xfe,
    0x0, 0xff, 0xe1, 0xff, 0xff, 0xff, 0xfc, 0x1f,
    0xff, 0xff, 0xff, 0x1, 0xff, 0xff, 0xff, 0xc0,
    0x1f, 0xff, 0xff, 0xf0, 0x1, 0xff, 0xff, 0xfc,
    0x0, 0xf, 0xff, 0xfe, 0x0, 0x0, 0x3f, 0xff,
    0x0, 0x0, 0x0, 0x30, 0x0, 0x0,

    /* U+0056 "V" */
    0xff, 0xe0, 0x0, 0x1, 0xff, 0x9f, 0xf8, 0x0,
    0x0, 0x7f, 0xe7, 0xfe, 0x0, 0x0, 0x3f, 0xf9,
    0xff, 0xc0, 0x0, 0xf, 0xfc, 0x3f, 0xf0, 0x0,
    0x3, 0xff, 0xf, 0xfc, 0x0, 0x0, 0xff, 0xc3,
    0xff, 0x0, 0x0, 0x7f, 0xe0, 0x7f, 0xe0, 0x0,
    0x1f, 0xf8, 0x1f, 0xf8, 0x0, 0x7, 0xfe, 0x7,
    0xfe, 0x0, 0x3, 0xff, 0x0, 0xff, 0xc0, 0x0,
    0xff, 0xc0, 0x3f, 0xf0, 0x0, 0x3f, 0xf0, 0xf,
    0xfc, 0x0, 0x1f, 0xf8, 0x1, 0xff, 0x80, 0x7,
    0xfe, 0x0, 0x7f, 0xe0, 0x1, 0xff, 0x80, 0xf,
    0xf8, 0x0, 0x7f, 0xc0, 0x3, 0xfe, 0x0, 0x3f,
    0xf0, 0x0, 0xff, 0xc0, 0xf, 0xfc, 0x0, 0x1f,
    0xf0, 0x3, 0xfe, 0x0, 0x7, 0xfc, 0x1, 0xff,
    0x80, 0x1, 0xff, 0x80, 0x7f, 0xe0, 0x0, 0x3f,
    0xe0, 0x1f, 0xf0, 0x0, 0xf, 0xf8, 0x7, 0xfc,
    0x0, 0x3, 0xff, 0x3, 0xff, 0x0, 0x0, 0x7f,
    0xc0, 0xff, 0x80, 0x0, 0x1f, 0xf0, 0x3f, 0xe0,
    0x0, 0x7, 0xfc, 0x1f, 0xf8, 0x0, 0x0, 0xff,
    0x87, 0xfc, 0x0, 0x0, 0x3f, 0xe1, 0xff, 0x0,
    0x0, 0xf, 0xf8, 0xff, 0x80, 0x0, 0x1, 0xff,
    0x3f, 0xe0, 0x0, 0x0, 0x7f, 0xcf, 0xf8, 0x0,
    0x0, 0x1f, 0xf3, 0xfc, 0x0, 0x0, 0x3, 0xfd,
    0xff, 0x0, 0x0, 0x0, 0xff, 0xff, 0xc0, 0x0,
    0x0, 0x3f, 0xff, 0xe0, 0x0, 0x0, 0x7, 0xff,
    0xf8, 0x0, 0x0, 0x1, 0xff, 0xfe, 0x0, 0x0,
    0x0, 0x7f, 0xff, 0x0, 0x0, 0x0, 0xf, 0xff,
    0xc0, 0x0, 0x0, 0x3, 0xff, 0xf0, 0x0, 0x0,
    0x0, 0xff, 0xf8, 0x0, 0x0, 0x0, 0x1f, 0xfe,
    0x0, 0x0, 0x0, 0x7, 0xff, 0x80, 0x0, 0x0,
    0x1, 0xff, 0xc0, 0x0, 0x0, 0x0, 0x3f, 0xf0,
    0x0, 0x0,

    /* U+0057 "W" */
    0xff, 0x80, 0x1, 0xfe, 0x0, 0x7, 0xff, 0xff,
    0x0, 0x7, 0xf8, 0x0, 0x3f, 0xf7, 0xfc, 0x0,
    0x3f, 0xf0, 0x0, 0xff, 0x9f, 0xf0, 0x0, 0xff,
    0xc0, 0x3, 0xfe, 0x7f, 0xc0, 0x3, 0xff, 0x0,
    0xf, 0xf9, 0xff, 0x0, 0xf, 0xfc, 0x0, 0x3f,
    0xe7, 0xfe, 0x0, 0x7f, 0xf0, 0x1, 0xff, 0x8f,
    0xf8, 0x1, 0xff, 0xe0, 0x7, 0xfc, 0x3f, 0xe0,
    0x7, 0xff, 0x80, 0x1f, 0xf0, 0xff, 0x80, 0x1f,
    0xfe, 0x0, 0x7f, 0xc3, 0xfe, 0x0, 0x7f, 0xf8,
    0x1, 0xff, 0xf, 0xf8, 0x3, 0xff, 0xf0, 0xf,
    0xf8, 0x1f, 0xf0, 0xf, 0xff, 0xc0, 0x3f, 0xe0,
    0x7f, 0xc0, 0x3f, 0xff, 0x0, 0xff, 0x81, 0xff,
    0x0, 0xff, 0xfc, 0x3, 0xfe, 0x7, 0xfc, 0x7,
    0xff, 0xf8, 0xf, 0xf8, 0xf, 0xf0, 0x1f, 0xff,
    0xe0, 0x3f, 0xc0, 0x3f, 0xe0, 0x7f, 0xff, 0x81,
    0xff, 0x0, 0xff, 0x81, 0xfc, 0xfe, 0x7, 0xfc,
    0x3, 0xfe, 0xf, 0xf3, 0xf8, 0x1f, 0xf0, 0xf,
    0xf8, 0x3f, 0xcf, 0xf0, 0x7f, 0x80, 0x1f, 0xe0,
    0xff, 0x3f, 0xc1, 0xfe, 0x0, 0x7f, 0xc3, 0xf8,
    0x7f, 0xf, 0xf8, 0x1, 0xff, 0xf, 0xe1, 0xfc,
    0x3f, 0xe0, 0x7, 0xfc, 0x7f, 0x87, 0xf8, 0xff,
    0x80, 0xf, 0xf1, 0xfe, 0x1f, 0xe3, 0xfc, 0x0,
    0x3f, 0xc7, 0xf0, 0x3f, 0x8f, 0xf0, 0x0, 0xff,
    0x9f, 0xc0, 0xfe, 0x7f, 0xc0, 0x3, 0xfe, 0xff,
    0x3, 0xfd, 0xff, 0x0, 0xf, 0xfb, 0xfc, 0xf,
    0xf7, 0xfc, 0x0, 0x1f, 0xef, 0xe0, 0x1f, 0xdf,
    0xe0, 0x0, 0x7f, 0xbf, 0x80, 0x7f, 0x7f, 0x80,
    0x1, 0xff, 0xfe, 0x1, 0xff, 0xfe, 0x0, 0x7,
    0xff, 0xf8, 0x7, 0xff, 0xf8, 0x0, 0xf, 0xff,
    0xc0, 0xf, 0xff, 0xc0, 0x0, 0x3f, 0xff, 0x0,
    0x3f, 0xff, 0x0, 0x0, 0xff, 0xfc, 0x0, 0xff,
    0xfc, 0x0, 0x3, 0xff, 0xf0, 0x3, 0xff, 0xf0,
    0x0, 0xf, 0xff, 0x80, 0x7, 0xff, 0xc0, 0x0,
    0x1f, 0xfe, 0x0, 0x1f, 0xfe, 0x0, 0x0, 0x7f,
    0xf8, 0x0, 0x7f, 0xf8, 0x0, 0x1, 0xff, 0xe0,
    0x1, 0xff, 0xe0, 0x0, 0x7, 0xff, 0x0, 0x3,
    0xff, 0x80, 0x0, 0xf, 0xfc, 0x0, 0xf, 0xfc,
    0x0, 0x0, 0x3f, 0xf0, 0x0, 0x3f, 0xf0, 0x0,
    0x0, 0xff, 0xc0, 0x0, 0xff, 0xc0, 0x0,

    /* U+0058 "X" */
    0xff, 0xe0, 0x0, 0xf, 0xfc, 0xff, 0xe0, 0x0,
    0x3f, 0xf9, 0xff, 0xc0, 0x0, 0x7f, 0xe1, 0xff,
    0xc0, 0x1, 0xff, 0xc1, 0xff, 0x80, 0x7, 0xff,
    0x3, 0xff, 0x80, 0xf, 0xfc, 0x3, 0xff, 0x0,
    0x3f, 0xf8, 0x7, 0xff, 0x0, 0x7f, 0xe0, 0x7,
    0xfe, 0x1, 0xff, 0xc0, 0x7, 0xfe, 0x3, 0xff,
    0x0, 0xf, 0xfc, 0xf, 0xfe, 0x0, 0xf, 0xfc,
    0x1f, 0xf8, 0x0, 0x1f, 0xf8, 0x7f, 0xe0, 0x0,
    0x1f, 0xf8, 0xff, 0xc0, 0x0, 0x3f, 0xfb, 0xff,
    0x0, 0x0, 0x3f, 0xf7, 0xfe, 0x0, 0x0, 0x3f,
    0xff, 0xf8, 0x0, 0x0, 0x7f, 0xff, 0xe0, 0x0,
    0x0, 0x7f, 0xff, 0xc0, 0x0, 0x0, 0xff, 0xff,
    0x0, 0x0, 0x0, 0xff, 0xfe, 0x0, 0x0, 0x1,
    0xff, 0xf8, 0x0, 0x0, 0x1, 0xff, 0xf0, 0x0,
    0x0, 0x3, 0xff, 0xe0, 0x0, 0x0, 0xf, 0xff,
    0xc0, 0x0, 0x0, 0x1f, 0xff, 0xc0, 0x0, 0x0,
    0x7f, 0xff, 0xc0, 0x0, 0x1, 0xff, 0xff, 0x80,
    0x0, 0x3, 0xff, 0xff, 0x80, 0x0, 0xf, 0xff,
    0xff, 0x0, 0x0, 0x1f, 0xfb, 0xff, 0x0, 0x0,
    0x7f, 0xe7, 0xfe, 0x0, 0x0, 0xff, 0xc7, 0xfe,
    0x0, 0x3, 0xff, 0xf, 0xfe, 0x0, 0xf, 0xfe,
    0xf, 0xfc, 0x0, 0x1f, 0xf8, 0x1f, 0xfc, 0x0,
    0x7f, 0xf0, 0x1f, 0xf8, 0x0, 0xff, 0xc0, 0x1f,
    0xf8, 0x3, 0xff, 0x80, 0x3f, 0xf8, 0xf, 0xfe,
    0x0, 0x3f, 0xf0, 0x1f, 0xfc, 0x0, 0x7f, 0xf0,
    0x7f, 0xf0, 0x0, 0x7f, 0xe0, 0xff, 0xc0, 0x0,
    0xff, 0xe3, 0xff, 0x80, 0x0, 0xff, 0xe7, 0xfe,
    0x0, 0x1, 0xff, 0xdf, 0xfc, 0x0, 0x1, 0xff,
    0xc0,

    /* U+0059 "Y" */
    0xff, 0xc0, 0x0, 0x7, 0xfe, 0xff, 0xc0, 0x0,
    0x1f, 0xf9, 0xff, 0x80, 0x0, 0x3f, 0xf1, 0xff,
    0x80, 0x0, 0xff, 0xc3, 0xff, 0x0, 0x1, 0xff,
    0x83, 0xff, 0x0, 0x7, 0xfe, 0x7, 0xfe, 0x0,
    0xf, 0xfc, 0x7, 0xfe, 0x0, 0x3f, 0xf0, 0xf,
    0xfc, 0x0, 0x7f, 0xe0, 0xf, 0xf8, 0x0, 0xff,
    0x80, 0x1f, 0xf8, 0x3, 0xff, 0x0, 0x1f, 0xf0,
    0x7, 0xfc, 0x0, 0x3f, 0xf0, 0x1f, 0xf8, 0x0,
    0x3f, 0xe0, 0x3f, 0xe0, 0x0, 0x7f, 0xe0, 0xff,
    0xc0, 0x0, 0x7f, 0xc1, 0xff, 0x0, 0x0, 0xff,
    0xc7, 0xfe, 0x0, 0x0, 0xff, 0x8f, 0xf8, 0x0,
    0x1, 0xff, 0x1f, 0xf0, 0x0, 0x1, 0xff, 0x7f,
    0xc0, 0x0, 0x1, 0xfe, 0xff, 0x0, 0x0, 0x3,
    0xff, 0xfe, 0x0, 0x0, 0x3, 0xff, 0xf8, 0x0,
    0x0, 0x7, 0xff, 0xf0, 0x0, 0x0, 0x7, 0xff,
    0xc0, 0x0, 0x0, 0xf, 0xff, 0x80, 0x0, 0x0,
    0xf, 0xfe, 0x0, 0x0, 0x0, 0x1f, 0xfc, 0x0,
    0x0, 0x0, 0x1f, 0xf0, 0x0, 0x0, 0x0, 0x3f,
    0xe0, 0x0, 0x0, 0x0, 0x7f, 0xc0, 0x0, 0x0,
    0x0, 0xff, 0x80, 0x0, 0x0, 0x1, 0xff, 0x0,
    0x0, 0x0, 0x3, 0xfe, 0x0, 0x0, 0x0, 0x7,
    0xfc, 0x0, 0x0, 0x0, 0xf, 0xf8, 0x0, 0x0,
    0x0, 0x1f, 0xf0, 0x0, 0x0, 0x0, 0x3f, 0xe0,
    0x0, 0x0, 0x0, 0x7f, 0xc0, 0x0, 0x0, 0x0,
    0xff, 0x80, 0x0, 0x0, 0x1, 0xff, 0x0, 0x0,
    0x0, 0x3, 0xfe, 0x0, 0x0, 0x0, 0x7, 0xfc,
    0x0, 0x0, 0x0, 0xf, 0xf8, 0x0, 0x0, 0x0,
    0x1f, 0xf0, 0x0, 0x0, 0x0, 0x3f, 0xe0, 0x0,
    0x0,

    /* U+005A "Z" */
    0xff, 0xff, 0xff, 0xff, 0xdf, 0xff, 0xff, 0xff,
    0xfb, 0xff, 0xff, 0xff, 0xff, 0x7f, 0xff, 0xff,
    0xff, 0xef, 0xff, 0xff, 0xff, 0xfd, 0xff, 0xff,
    0xff, 0xff, 0xbf, 0xff, 0xff, 0xff, 0xe0, 0x0,
    0x0, 0xf, 0xfc, 0x0, 0x0, 0x3, 0xff, 0x0,
    0x0, 0x0, 0xff, 0xc0, 0x0, 0x0, 0x1f, 0xf8,
    0x0, 0x0, 0x7, 0xfe, 0x0, 0x0, 0x1, 0xff,
    0x80, 0x0, 0x0, 0x3f, 0xf0, 0x0, 0x0, 0xf,
    0xfc, 0x0, 0x0, 0x3, 0xff, 0x0, 0x0, 0x0,
    0x7f, 0xe0, 0x0, 0x0, 0x1f, 0xf8, 0x0, 0x0,
    0x7, 0xfe, 0x0, 0x0, 0x0, 0xff, 0xc0, 0x0,
    0x0, 0x3f, 0xf0, 0x0, 0x0, 0xf, 0xfc, 0x0,
    0x0, 0x1, 0xff, 0x80, 0x0, 0x0, 0x7f, 0xe0,
    0x0, 0x0, 0x1f, 0xf8, 0x0, 0x0, 0x7, 0xff,
    0x0, 0x0, 0x0, 0xff, 0xc0, 0x0, 0x0, 0x3f,
    0xf0, 0x0, 0x0, 0xf, 0xfe, 0x0, 0x0, 0x1,
    0xff, 0x80, 0x0, 0x0, 0x7f, 0xe0, 0x0, 0x0,
    0x1f, 0xfc, 0x0, 0x0, 0x3, 0xff, 0x0, 0x0,
    0x0, 0xff, 0xc0, 0x0, 0x0, 0x3f, 0xf8, 0x0,
    0x0, 0x7, 0xfe, 0x0, 0x0, 0x1, 0xff, 0x80,
    0x0, 0x0, 0x7f, 0xf0, 0x0, 0x0, 0xf, 0xfc,
    0x0, 0x0, 0x3, 0xff, 0xff, 0xff, 0xff, 0xff,
    0xff, 0xff, 0xff, 0xff, 0xff, 0xff, 0xff, 0xff,
    0xff, 0xff, 0xff, 0xff, 0xff, 0xff, 0xff, 0xff,
    0xff, 0xff, 0xff, 0xff, 0xff, 0xff, 0xff, 0xff,
    0xff, 0xc0,

    /* U+005B "[" */
    0xff, 0xff, 0xff, 0xff, 0xff, 0xff, 0xff, 0xff,
    0xff, 0xff, 0xff, 0xff, 0xff, 0xe0, 0xff, 0x83,
    0xfe, 0xf, 0xf8, 0x3f, 0xe0, 0xff, 0x83, 0xfe,
    0xf, 0xf8, 0x3f, 0xe0, 0xff, 0x83, 0xfe, 0xf,
    0xf8, 0x3f, 0xe0, 0xff, 0x83, 0xfe, 0xf, 0xf8,
    0x3f, 0xe0, 0xff, 0x83, 0xfe, 0xf, 0xf8, 0x3f,
    0xe0, 0xff, 0x83, 0xfe, 0xf, 0xf8, 0x3f, 0xe0,
    0xff, 0x83, 0xfe, 0xf, 0xf8, 0x3f, 0xe0, 0xff,
    0x83, 0xfe, 0xf, 0xf8, 0x3f, 0xe0, 0xff, 0x83,
    0xfe, 0xf, 0xf8, 0x3f, 0xe0, 0xff, 0x83, 0xfe,
    0xf, 0xf8, 0x3f, 0xe0, 0xff, 0x83, 0xfe, 0xf,
    0xf8, 0x3f, 0xe0, 0xff, 0x83, 0xfe, 0xf, 0xf8,
    0x3f, 0xe0, 0xff, 0x83, 0xfe, 0xf, 0xff, 0xff,
    0xff, 0xff, 0xff, 0xff, 0xff, 0xff, 0xff, 0xff,
    0xff, 0xfc,

    /* U+005C "\\" */
    0xff, 0x80, 0x0, 0x7, 0xfc, 0x0, 0x0, 0x7f,
    0xc0, 0x0, 0x7, 0xfe, 0x0, 0x0, 0x3f, 0xe0,
    0x0, 0x3, 0xfe, 0x0, 0x0, 0x3f, 0xf0, 0x0,
    0x1, 0xff, 0x0, 0x0, 0x1f, 0xf0, 0x0, 0x0,
    0xff, 0x80, 0x0, 0xf, 0xf8, 0x0, 0x0, 0xff,
    0xc0, 0x0, 0x7, 0xfc, 0x0, 0x0, 0x7f, 0xc0,
    0x0, 0x7, 0xfe, 0x0, 0x0, 0x3f, 0xe0, 0x0,
    0x3, 0xfe, 0x0, 0x0, 0x1f, 0xf0, 0x0, 0x1,
    0xff, 0x0, 0x0, 0x1f, 0xf8, 0x0, 0x0, 0xff,
    0x80, 0x0, 0xf, 0xf8, 0x0, 0x0, 0xff, 0xc0,
    0x0, 0x7, 0xfc, 0x0, 0x0, 0x7f, 0xe0, 0x0,
    0x3, 0xfe, 0x0, 0x0, 0x3f, 0xe0, 0x0, 0x3,
    0xff, 0x0, 0x0, 0x1f, 0xf0, 0x0, 0x1, 0xff,
    0x0, 0x0, 0xf, 0xf8, 0x0, 0x0, 0xff, 0x80,
    0x0, 0xf, 0xfc, 0x0, 0x0, 0x7f, 0xc0, 0x0,
    0x7, 0xfc, 0x0, 0x0, 0x7f, 0xe0, 0x0, 0x3,
    0xfe, 0x0, 0x0, 0x3f, 0xe0, 0x0, 0x1, 0xff,
    0x0, 0x0, 0x1f, 0xf0, 0x0, 0x1, 0xff, 0x80,
    0x0, 0xf, 0xf8, 0x0, 0x0, 0xff, 0x80, 0x0,
    0xf, 0xfc, 0x0, 0x0, 0x7f, 0xc0, 0x0, 0x7,
    0xfe, 0x0, 0x0, 0x3f, 0xe0, 0x0, 0x3, 0xfe,
    0x0, 0x0, 0x3f, 0xf0, 0x0, 0x1, 0xff,

    /* U+005D "]" */
    0xff, 0xff, 0xff, 0xff, 0xff, 0xff, 0xff, 0xff,
    0xff, 0xff, 0xff, 0xff, 0xc1, 0xff, 0x7, 0xfc,
    0x1f, 0xf0, 0x7f, 0xc1, 0xff, 0x7, 0xfc, 0x1f,
    0xf0, 0x7f, 0xc1, 0xff, 0x7, 0xfc, 0x1f, 0xf0,
    0x7f, 0xc1, 0xff, 0x7, 0xfc, 0x1f, 0xf0, 0x7f,
    0xc1, 0xff, 0x7, 0xfc, 0x1f, 0xf0, 0x7f, 0xc1,
    0xff, 0x7, 0xfc, 0x1f, 0xf0, 0x7f, 0xc1, 0xff,
    0x7, 0xfc, 0x1f, 0xf0, 0x7f, 0xc1, 0xff, 0x7,
    0xfc, 0x1f, 0xf0, 0x7f, 0xc1, 0xff, 0x7, 0xfc,
    0x1f, 0xf0, 0x7f, 0xc1, 0xff, 0x7, 0xfc, 0x1f,
    0xf0, 0x7f, 0xc1, 0xff, 0x7, 0xfc, 0x1f, 0xf0,
    0x7f, 0xc1, 0xff, 0x7, 0xfc, 0x1f, 0xf0, 0x7f,
    0xc1, 0xff, 0x7, 0xfc, 0x1f, 0xff, 0xff, 0xff,
    0xff, 0xff, 0xff, 0xff, 0xff, 0xff, 0xff, 0xff,
    0xff, 0xfc,

    /* U+005E "^" */
    0x0, 0x3f, 0x80, 0x0, 0x1f, 0xe0, 0x0, 0x7,
    0xf8, 0x0, 0x3, 0xff, 0x0, 0x0, 0xff, 0xc0,
    0x0, 0x3f, 0xf8, 0x0, 0x1f, 0xfe, 0x0, 0x7,
    0xff, 0x80, 0x3, 0xff, 0xf0, 0x0, 0xff, 0xfc,
    0x0, 0x7f, 0x3f, 0x80, 0x1f, 0xcf, 0xe0, 0x7,
    0xf1, 0xf8, 0x3, 0xf8, 0x7f, 0x0, 0xfe, 0x1f,
    0xc0, 0x7f, 0x3, 0xf8, 0x1f, 0xc0, 0xfe, 0x7,
    0xf0, 0x3f, 0x83, 0xf8, 0x7, 0xf0, 0xfe, 0x1,
    0xfc, 0x7f, 0x0, 0x3f, 0x9f, 0xc0, 0xf, 0xe7,
    0xf0, 0x3, 0xf8,

    /* U+005F "_" */
    0xff, 0xff, 0xff, 0xff, 0xff, 0xff, 0xff, 0xff,
    0xff, 0xff, 0xff, 0xff, 0xff, 0xff, 0xff, 0xff,
    0xff, 0xff, 0xff, 0xff, 0xff, 0xff, 0xff, 0xff,
    0xf0,

    /* U+0060 "`" */
    0xff, 0xc0, 0x7f, 0xc0, 0x3f, 0xe0, 0x1f, 0xf0,
    0xf, 0xf0, 0xf, 0xf8, 0x7, 0xfc, 0x3, 0xfc,
    0x1, 0xfe, 0x0, 0xfe,

    /* U+0061 "a" */
    0x0, 0x1, 0x0, 0x0, 0x1, 0xff, 0xf0, 0x0,
    0x1f, 0xff, 0xf0, 0x1, 0xff, 0xff, 0xe0, 0xf,
    0xff, 0xff, 0xc0, 0x7f, 0xff, 0xff, 0x83, 0xff,
    0xff, 0xff, 0xf, 0xff, 0xff, 0xfc, 0x7f, 0xe0,
    0x3f, 0xf1, 0xff, 0x0, 0x7f, 0xe7, 0xfc, 0x0,
    0xff, 0x80, 0x0, 0x3, 0xfe, 0x0, 0x0, 0xf,
    0xf8, 0x0, 0x0, 0x3f, 0xe0, 0x3, 0xff, 0xff,
    0x80, 0x7f, 0xff, 0xfe, 0x7, 0xff, 0xff, 0xf8,
    0x7f, 0xff, 0xff, 0xe3, 0xff, 0xff, 0xff, 0x8f,
    0xfe, 0x3, 0xfe, 0x7f, 0xe0, 0xf, 0xf9, 0xff,
    0x0, 0x3f, 0xef, 0xf8, 0x0, 0xff, 0xbf, 0xe0,
    0x3, 0xfe, 0xff, 0x80, 0xf, 0xfb, 0xfe, 0x0,
    0x3f, 0xef, 0xfc, 0x1, 0xff, 0xbf, 0xf0, 0x1f,
    0xfe, 0xff, 0xff, 0xff, 0xf9, 0xff, 0xff, 0xff,
    0xe7, 0xff, 0xff, 0xff, 0x8f, 0xff, 0xff, 0xfe,
    0x1f, 0xff, 0xef, 0xfc, 0x1f, 0xff, 0x1f, 0xf0,
    0x3f, 0xf0, 0x7f, 0xc0, 0x4, 0x0, 0x0,

    /* U+0062 "b" */
    0xff, 0x80, 0x0, 0x3, 0xfe, 0x0, 0x0, 0xf,
    0xf8, 0x0, 0x0, 0x3f, 0xe0, 0x0, 0x0, 0xff,
    0x80, 0x0, 0x3, 0xfe, 0x0, 0x0, 0xf, 0xf8,
    0x0, 0x0, 0x3f, 0xe0, 0x0, 0x0, 0xff, 0x80,
    0x0, 0x3, 0xfe, 0x0, 0x0, 0xf, 0xf8, 0x0,
    0x0, 0x3f, 0xe0, 0x0, 0x0, 0xff, 0x80, 0x0,
    0x3, 0xfe, 0x0, 0x0, 0xf, 0xf8, 0xff, 0xc0,
    0x3f, 0xe7, 0xff, 0xc0, 0xff, 0xbf, 0xff, 0x83,
    0xff, 0xff, 0xff, 0xf, 0xff, 0xff, 0xfe, 0x3f,
    0xff, 0xff, 0xfc, 0xff, 0xff, 0xff, 0xf3, 0xff,
    0x80, 0xff, 0xef, 0xfc, 0x1, 0xff, 0xbf, 0xe0,
    0x3, 0xfe, 0xff, 0x80, 0xf, 0xfb, 0xfe, 0x0,
    0x3f, 0xff, 0xf8, 0x0, 0x7f, 0xff, 0xe0, 0x1,
    0xff, 0xff, 0x80, 0x7, 0xff, 0xfe, 0x0, 0x1f,
    0xff, 0xf8, 0x0, 0x7f, 0xff, 0xe0, 0x1, 0xff,
    0xff, 0x80, 0x7, 0xff, 0xfe, 0x0, 0x1f, 0xff,
    0xf8, 0x0, 0x7f, 0xff, 0xe0, 0x1, 0xff, 0xff,
    0x80, 0xf, 0xff, 0xfe, 0x0, 0x3f, 0xef, 0xf8,
    0x0, 0xff, 0xbf, 0xf0, 0x7, 0xfe, 0xff, 0xe0,
    0x3f, 0xf3, 0xff, 0xff, 0xff, 0xcf, 0xff, 0xff,
    0xff, 0x3f, 0xff, 0xff, 0xf8, 0xff, 0xff, 0xff,
    0xc3, 0xfd, 0xff, 0xfe, 0xf, 0xf1, 0xff, 0xf0,
    0x3f, 0xc3, 0xff, 0x0, 0x0, 0x0, 0xc0, 0x0,

    /* U+0063 "c" */
    0x0, 0x0, 0x0, 0x0, 0x0, 0xff, 0xf0, 0x0,
    0x1f, 0xff, 0xf0, 0x0, 0xff, 0xff, 0xe0, 0x7,
    0xff, 0xff, 0xe0, 0x3f, 0xff, 0xff, 0x81, 0xff,
    0xff, 0xff, 0xf, 0xff, 0xff, 0xfe, 0x3f, 0xf0,
    0x1f, 0xf9, 0xff, 0x80, 0x3f, 0xe7, 0xfc, 0x0,
    0xff, 0xdf, 0xf0, 0x1, 0xff, 0x7f, 0xc0, 0x7,
    0xff, 0xfe, 0x0, 0x1f, 0xff, 0xf8, 0x0, 0x0,
    0x3f, 0xe0, 0x0, 0x0, 0xff, 0x80, 0x0, 0x3,
    0xfe, 0x0, 0x0, 0xf, 0xf8, 0x0, 0x0, 0x3f,
    0xe0, 0x0, 0x0, 0xff, 0x80, 0x0, 0x3, 0xfe,
    0x0, 0x0, 0xf, 0xf8, 0x0, 0x0, 0x1f, 0xe0,
    0x1, 0xff, 0x7f, 0xc0, 0x7, 0xfd, 0xff, 0x0,
    0x1f, 0xf7, 0xfe, 0x0, 0xff, 0xcf, 0xfc, 0x7,
    0xfe, 0x3f, 0xff, 0xff, 0xf8, 0x7f, 0xff, 0xff,
    0xc0, 0xff, 0xff, 0xfe, 0x1, 0xff, 0xff, 0xf8,
    0x3, 0xff, 0xff, 0x80, 0x7, 0xff, 0xfc, 0x0,
    0x3, 0xff, 0xc0, 0x0, 0x0, 0x40, 0x0,

    /* U+0064 "d" */
    0x0, 0x0, 0x7, 0xfc, 0x0, 0x0, 0x1f, 0xf0,
    0x0, 0x0, 0x7f, 0xc0, 0x0, 0x1, 0xff, 0x0,
    0x0, 0x7, 0xfc, 0x0, 0x0, 0x1f, 0xf0, 0x0,
    0x0, 0x7f, 0xc0, 0x0, 0x1, 0xff, 0x0, 0x0,
    0x7, 0xfc, 0x0, 0x0, 0x1f, 0xf0, 0x0, 0x0,
    0x7f, 0xc0, 0x0, 0x1, 0xff, 0x0, 0x0, 0x7,
    0xfc, 0x0, 0x0, 0x1f, 0xf0, 0xf, 0xfc, 0x7f,
    0xc0, 0xff, 0xf9, 0xff, 0x7, 0xff, 0xf7, 0xfc,
    0x3f, 0xff, 0xff, 0xf1, 0xff, 0xff, 0xff, 0xc7,
    0xff, 0xff, 0xff, 0x3f, 0xff, 0xff, 0xfc, 0xff,
    0xc0, 0x7f, 0xf7, 0xfe, 0x0, 0xff, 0xdf, 0xf0,
    0x1, 0xff, 0x7f, 0xc0, 0x7, 0xff, 0xff, 0x0,
    0x1f, 0xff, 0xf8, 0x0, 0x7f, 0xff, 0xe0, 0x1,
    0xff, 0xff, 0x80, 0x7, 0xff, 0xfe, 0x0, 0x1f,
    0xff, 0xf8, 0x0, 0x7f, 0xff, 0xe0, 0x1, 0xff,
    0xff, 0x80, 0x7, 0xff, 0xfe, 0x0, 0x1f, 0xff,
    0xf8, 0x0, 0x7f, 0xff, 0xe0, 0x1, 0xff, 0xff,
    0xc0, 0x7, 0xfd, 0xff, 0x0, 0x1f, 0xf7, 0xfc,
    0x0, 0x7f, 0xdf, 0xf8, 0x3, 0xff, 0x3f, 0xf0,
    0x1f, 0xfc, 0xff, 0xff, 0xff, 0xf1, 0xff, 0xff,
    0xff, 0xc7, 0xff, 0xff, 0xff, 0xf, 0xff, 0xff,
    0xfc, 0x1f, 0xff, 0xcf, 0xf0, 0x3f, 0xfe, 0x3f,
    0xc0, 0x3f, 0xf0, 0xff, 0x0, 0x8, 0x0, 0x0,

    /* U+0065 "e" */
    0x0, 0x0, 0x0, 0x0, 0x0, 0x7f, 0xf8, 0x0,
    0x3, 0xff, 0xfc, 0x0, 0x1f, 0xff, 0xfe, 0x0,
    0x7f, 0xff, 0xfe, 0x1, 0xff, 0xff, 0xfe, 0x7,
    0xff, 0xff, 0xfc, 0xf, 0xff, 0xff, 0xfc, 0x3f,
    0xf0, 0xf, 0xf8, 0x7f, 0xc0, 0xf, 0xf9, 0xff,
    0x80, 0x1f, 0xf3, 0xfe, 0x0, 0x1f, 0xe7, 0xfc,
    0x0, 0x3f, 0xff, 0xf0, 0x0, 0x7f, 0xff, 0xff,
    0xff, 0xff, 0xff, 0xff, 0xff, 0xff, 0xff, 0xff,
    0xff, 0xff, 0xff, 0xff, 0xff, 0xff, 0xff, 0xff,
    0xff, 0xff, 0xff, 0xff, 0xff, 0xff, 0xf8, 0x0,
    0x0, 0x1f, 0xf0, 0x0, 0x0, 0x3f, 0xe0, 0x0,
    0x0, 0x3f, 0xe0, 0x0, 0x0, 0x7f, 0xc0, 0x0,
    0x0, 0xff, 0xc0, 0x0, 0xc0, 0xff, 0xc0, 0x3,
    0xc1, 0xff, 0xc0, 0x1f, 0xc1, 0xff, 0xff, 0xff,
    0x83, 0xff, 0xff, 0xff, 0x83, 0xff, 0xff, 0xfe,
    0x3, 0xff, 0xff, 0xf8, 0x1, 0xff, 0xff, 0xe0,
    0x1, 0xff, 0xff, 0x80, 0x0, 0xff, 0xf8, 0x0,
    0x0, 0x6, 0x0, 0x0,

    /* U+0066 "f" */
    0x0, 0x7, 0xfc, 0x0, 0x7f, 0xf0, 0x7, 0xff,
    0xc0, 0x3f, 0xff, 0x1, 0xff, 0xfc, 0xf, 0xff,
    0xf0, 0x3f, 0xff, 0xc0, 0xff, 0xe0, 0x7, 0xfe,
    0x0, 0x1f, 0xf0, 0x0, 0x7f, 0xc0, 0x1, 0xff,
    0x0, 0x7, 0xfc, 0x0, 0x1f, 0xf0, 0x0, 0x7f,
    0xc0, 0x3f, 0xff, 0xfe, 0xff, 0xff, 0xfb, 0xff,
    0xff, 0xef, 0xff, 0xff, 0xbf, 0xff, 0xfe, 0xff,
    0xff, 0xfb, 0xff, 0xff, 0xe0, 0x7f, 0xc0, 0x1,
    0xff, 0x0, 0x7, 0xfc, 0x0, 0x1f, 0xf0, 0x0,
    0x7f, 0xc0, 0x1, 0xff, 0x0, 0x7, 0xfc, 0x0,
    0x1f, 0xf0, 0x0, 0x7f, 0xc0, 0x1, 0xff, 0x0,
    0x7, 0xfc, 0x0, 0x1f, 0xf0, 0x0, 0x7f, 0xc0,
    0x1, 0xff, 0x0, 0x7, 0xfc, 0x0, 0x1f, 0xf0,
    0x0, 0x7f, 0xc0, 0x1, 0xff, 0x0, 0x7, 0xfc,
    0x0, 0x1f, 0xf0, 0x0, 0x7f, 0xc0, 0x1, 0xff,
    0x0, 0x7, 0xfc, 0x0, 0x1f, 0xf0, 0x0, 0x7f,
    0xc0, 0x1, 0xff, 0x0, 0x7, 0xfc, 0x0,

    /* U+0067 "g" */
    0x0, 0x0, 0x0, 0x0, 0x0, 0xff, 0xc3, 0xfc,
    0x7, 0xff, 0xe7, 0xf8, 0x3f, 0xff, 0xef, 0xf0,
    0xff, 0xff, 0xff, 0xe3, 0xff, 0xff, 0xff, 0xc7,
    0xff, 0xff, 0xff, 0x9f, 0xff, 0xff, 0xff, 0x3f,
    0xf8, 0xf, 0xfe, 0xff, 0xc0, 0xf, 0xfd, 0xff,
    0x80, 0xf, 0xfb, 0xfe, 0x0, 0x1f, 0xff, 0xfc,
    0x0, 0x3f, 0xff, 0xf8, 0x0, 0x7f, 0xff, 0xe0,
    0x0, 0xff, 0xff, 0xc0, 0x1, 0xff, 0xff, 0x80,
    0x3, 0xff, 0xff, 0x0, 0x7, 0xff, 0xfe, 0x0,
    0xf, 0xff, 0xfc, 0x0, 0x1f, 0xff, 0xf8, 0x0,
    0x3f, 0xff, 0xf0, 0x0, 0x7f, 0xff, 0xe0, 0x0,
    0xff, 0xbf, 0xe0, 0x1, 0xff, 0x7f, 0xc0, 0x3,
    0xfe, 0xff, 0xc0, 0x7, 0xfd, 0xff, 0x80, 0x1f,
    0xf9, 0xff, 0xc0, 0x7f, 0xf3, 0xff, 0xff, 0xff,
    0xe3, 0xff, 0xff, 0xff, 0xc3, 0xff, 0xff, 0xff,
    0x87, 0xff, 0xff, 0xff, 0x7, 0xff, 0xfb, 0xfe,
    0x3, 0xff, 0xe7, 0xfc, 0x1, 0xff, 0x8f, 0xf8,
    0x0, 0x20, 0x1f, 0xf0, 0x0, 0x0, 0x3f, 0xe0,
    0x0, 0x0, 0xff, 0xc1, 0x80, 0x3, 0xff, 0x7,
    0xc0, 0xf, 0xfe, 0xf, 0xe0, 0x3f, 0xf8, 0x3f,
    0xff, 0xff, 0xf0, 0xff, 0xff, 0xff, 0xc0, 0xff,
    0xff, 0xff, 0x0, 0xff, 0xff, 0xfc, 0x0, 0xff,
    0xff, 0xf0, 0x0, 0x7f, 0xff, 0x80, 0x0, 0xf,
    0xf8, 0x0,

    /* U+0068 "h" */
    0xff, 0x80, 0x0, 0x7, 0xfc, 0x0, 0x0, 0x3f,
    0xe0, 0x0, 0x1, 0xff, 0x0, 0x0, 0xf, 0xf8,
    0x0, 0x0, 0x7f, 0xc0, 0x0, 0x3, 0xfe, 0x0,
    0x0, 0x1f, 0xf0, 0x0, 0x0, 0xff, 0x80, 0x0,
    0x7, 0xfc, 0x0, 0x0, 0x3f, 0xe0, 0x0, 0x1,
    0xff, 0x0, 0x0, 0xf, 0xf8, 0x0, 0x0, 0x7f,
    0xc0, 0x0, 0x3, 0xfe, 0x1f, 0xf8, 0x1f, 0xf3,
    0xff, 0xf0, 0xff, 0xbf, 0xff, 0xc7, 0xff, 0xff,
    0xff, 0x3f, 0xff, 0xff, 0xf9, 0xff, 0xff, 0xff,
    0xef, 0xff, 0xff, 0xff, 0x7f, 0xf0, 0x1f, 0xfb,
    0xff, 0x0, 0x7f, 0xff, 0xf0, 0x1, 0xff, 0xff,
    0x80, 0xf, 0xff, 0xfc, 0x0, 0x7f, 0xff, 0xe0,
    0x3, 0xff, 0xff, 0x0, 0x1f, 0xff, 0xf8, 0x0,
    0xff, 0xff, 0xc0, 0x7, 0xff, 0xfe, 0x0, 0x3f,
    0xff, 0xf0, 0x1, 0xff, 0xff, 0x80, 0xf, 0xff,
    0xfc, 0x0, 0x7f, 0xff, 0xe0, 0x3, 0xff, 0xff,
    0x0, 0x1f, 0xff, 0xf8, 0x0, 0xff, 0xff, 0xc0,
    0x7, 0xff, 0xfe, 0x0, 0x3f, 0xff, 0xf0, 0x1,
    0xff, 0xff, 0x80, 0xf, 0xff, 0xfc, 0x0, 0x7f,
    0xff, 0xe0, 0x3, 0xff, 0xff, 0x0, 0x1f, 0xff,
    0xf8, 0x0, 0xff, 0xff, 0xc0, 0x7, 0xff, 0xfe,
    0x0, 0x3f, 0xff, 0xf0, 0x1, 0xff,

    /* U+0069 "i" */
    0x1e, 0x1f, 0xef, 0xff, 0xff, 0xff, 0xff, 0xff,
    0xfd, 0xfe, 0x1f, 0x0, 0x0, 0x0, 0x0, 0x0,
    0x0, 0x7, 0xfd, 0xff, 0x7f, 0xdf, 0xf7, 0xfd,
    0xff, 0x7f, 0xdf, 0xf7, 0xfd, 0xff, 0x7f, 0xdf,
    0xf7, 0xfd, 0xff, 0x7f, 0xdf, 0xf7, 0xfd, 0xff,
    0x7f, 0xdf, 0xf7, 0xfd, 0xff, 0x7f, 0xdf, 0xf7,
    0xfd, 0xff, 0x7f, 0xdf, 0xf7, 0xfd, 0xff, 0x7f,
    0xdf, 0xf7, 0xfd, 0xff,

    /* U+006A "j" */
    0x0, 0x3c, 0x0, 0x7f, 0x80, 0x7f, 0xe0, 0x3f,
    0xf0, 0x1f, 0xf8, 0xf, 0xfc, 0x7, 0xfe, 0x1,
    0xfe, 0x0, 0x7c, 0x0, 0x0, 0x0, 0x0, 0x0,
    0x0, 0x0, 0x0, 0x0, 0x0, 0x0, 0x3, 0xfe,
    0x1, 0xff, 0x0, 0xff, 0x80, 0x7f, 0xc0, 0x3f,
    0xe0, 0x1f, 0xf0, 0xf, 0xf8, 0x7, 0xfc, 0x3,
    0xfe, 0x1, 0xff, 0x0, 0xff, 0x80, 0x7f, 0xc0,
    0x3f, 0xe0, 0x1f, 0xf0, 0xf, 0xf8, 0x7, 0xfc,
    0x3, 0xfe, 0x1, 0xff, 0x0, 0xff, 0x80, 0x7f,
    0xc0, 0x3f, 0xe0, 0x1f, 0xf0, 0xf, 0xf8, 0x7,
    0xfc, 0x3, 0xfe, 0x1, 0xff, 0x0, 0xff, 0x80,
    0x7f, 0xc0, 0x3f, 0xe0, 0x1f, 0xf0, 0xf, 0xf8,
    0x7, 0xfc, 0x3, 0xfe, 0x1, 0xff, 0x0, 0xff,
    0x80, 0x7f, 0xc0, 0x3f, 0xe0, 0x1f, 0xf0, 0xf,
    0xf8, 0xf, 0xff, 0xff, 0xfd, 0xff, 0xfe, 0xff,
    0xfe, 0x7f, 0xff, 0x3f, 0xff, 0x1f, 0xff, 0xf,
    0xfe, 0x0, 0x60, 0x0,

    /* U+006B "k" */
    0xff, 0x80, 0x0, 0x1, 0xff, 0x0, 0x0, 0x3,
    0xfe, 0x0, 0x0, 0x7, 0xfc, 0x0, 0x0, 0xf,
    0xf8, 0x0, 0x0, 0x1f, 0xf0, 0x0, 0x0, 0x3f,
    0xe0, 0x0, 0x0, 0x7f, 0xc0, 0x0, 0x0, 0xff,
    0x80, 0x0, 0x1, 0xff, 0x0, 0x0, 0x3, 0xfe,
    0x0, 0x0, 0x7, 0xfc, 0x0, 0x0, 0xf, 0xf8,
    0x0, 0x0, 0x1f, 0xf0, 0x0, 0x0, 0x3f, 0xe0,
    0x7, 0xff, 0x7f, 0xc0, 0x1f, 0xfc, 0xff, 0x80,
    0x7f, 0xf1, 0xff, 0x0, 0xff, 0xc3, 0xfe, 0x3,
    0xff, 0x7, 0xfc, 0xf, 0xfe, 0xf, 0xf8, 0x3f,
    0xf8, 0x1f, 0xf0, 0xff, 0xe0, 0x3f, 0xe3, 0xff,
    0x80, 0x7f, 0xcf, 0xfe, 0x0, 0xff, 0x9f, 0xf8,
    0x1, 0xff, 0x7f, 0xe0, 0x3, 0xff, 0xff, 0x80,
    0x7, 0xff, 0xff, 0x0, 0xf, 0xff, 0xfc, 0x0,
    0x1f, 0xff, 0xfc, 0x0, 0x3f, 0xff, 0xfc, 0x0,
    0x7f, 0xff, 0xf8, 0x0, 0xff, 0xff, 0xf8, 0x1,
    0xff, 0xff, 0xf8, 0x3, 0xff, 0xff, 0xf0, 0x7,
    0xff, 0x3f, 0xf0, 0xf, 0xfc, 0x3f, 0xf0, 0x1f,
    0xf0, 0x7f, 0xe0, 0x3f, 0xe0, 0x7f, 0xe0, 0x7f,
    0xc0, 0x7f, 0xe0, 0xff, 0x80, 0xff, 0xc1, 0xff,
    0x0, 0xff, 0xc3, 0xfe, 0x1, 0xff, 0xc7, 0xfc,
    0x1, 0xff, 0x8f, 0xf8, 0x1, 0xff, 0x9f, 0xf0,
    0x3, 0xff, 0xbf, 0xe0, 0x3, 0xff, 0x7f, 0xc0,
    0x3, 0xff,

    /* U+006C "l" */
    0xff, 0xff, 0xff, 0xff, 0xff, 0xff, 0xff, 0xff,
    0xff, 0xff, 0xff, 0xff, 0xff, 0xff, 0xff, 0xff,
    0xff, 0xff, 0xff, 0xff, 0xff, 0xff, 0xff, 0xff,
    0xff, 0xff, 0xff, 0xff, 0xff, 0xff, 0xff, 0xff,
    0xff, 0xff, 0xff, 0xff, 0xff, 0xff, 0xff, 0xff,
    0xff, 0xff, 0xff, 0xff, 0xff, 0xff, 0xff, 0xff,
    0xff, 0xff, 0xff, 0xff, 0xff, 0xff,

    /* U+006D "m" */
    0x0, 0x0, 0x0, 0x0, 0x0, 0x0, 0xff, 0x7,
    0xff, 0x0, 0x7f, 0xe0, 0xff, 0x8f, 0xff, 0x81,
    0xff, 0xf0, 0xff, 0xbf, 0xff, 0xc3, 0xff, 0xf8,
    0xff, 0xff, 0xff, 0xe7, 0xff, 0xfc, 0xff, 0xff,
    0xff, 0xff, 0xff, 0xfe, 0xff, 0xff, 0xff, 0xff,
    0xff, 0xfe, 0xff, 0xff, 0xff, 0xff, 0xff, 0xfe,
    0xff, 0xe0, 0x3f, 0xfe, 0x3, 0xff, 0xff, 0xc0,
    0x1f, 0xfc, 0x3, 0xff, 0xff, 0x80, 0xf, 0xf8,
    0x1, 0xff, 0xff, 0x80, 0xf, 0xf8, 0x1, 0xff,
    0xff, 0x80, 0xf, 0xf8, 0x1, 0xff, 0xff, 0x80,
    0xf, 0xf8, 0x1, 0xff, 0xff, 0x80, 0xf, 0xf8,
    0x1, 0xff, 0xff, 0x80, 0xf, 0xf8, 0x1, 0xff,
    0xff, 0x80, 0xf, 0xf8, 0x1, 0xff, 0xff, 0x80,
    0xf, 0xf8, 0x1, 0xff, 0xff, 0x80, 0xf, 0xf8,
    0x1, 0xff, 0xff, 0x80, 0xf, 0xf8, 0x1, 0xff,
    0xff, 0x80, 0xf, 0xf8, 0x1, 0xff, 0xff, 0x80,
    0xf, 0xf8, 0x1, 0xff, 0xff, 0x80, 0xf, 0xf8,
    0x1, 0xff, 0xff, 0x80, 0xf, 0xf8, 0x1, 0xff,
    0xff, 0x80, 0xf, 0xf8, 0x1, 0xff, 0xff, 0x80,
    0xf, 0xf8, 0x1, 0xff, 0xff, 0x80, 0xf, 0xf8,
    0x1, 0xff, 0xff, 0x80, 0xf, 0xf8, 0x1, 0xff,
    0xff, 0x80, 0xf, 0xf8, 0x1, 0xff, 0xff, 0x80,
    0xf, 0xf8, 0x1, 0xff, 0xff, 0x80, 0xf, 0xf8,
    0x1, 0xff, 0xff, 0x80, 0xf, 0xf8, 0x1, 0xff,
    0xff, 0x80, 0xf, 0xf8, 0x1, 0xff, 0xff, 0x80,
    0xf, 0xf8, 0x1, 0xff, 0xff, 0x80, 0xf, 0xf8,
    0x1, 0xff,

    /* U+006E "n" */
    0x0, 0x0, 0x20, 0x7, 0xf8, 0x3f, 0xf0, 0x3f,
    0xe3, 0xff, 0xe1, 0xff, 0x7f, 0xff, 0x8f, 0xff,
    0xff, 0xfe, 0x7f, 0xff, 0xff, 0xfb, 0xff, 0xff,
    0xff, 0xdf, 0xff, 0xff, 0xfe, 0xff, 0xe0, 0x3f,
    0xff, 0xfe, 0x0, 0xff, 0xff, 0xe0, 0x3, 0xff,
    0xff, 0x0, 0x1f, 0xff, 0xf8, 0x0, 0xff, 0xff,
    0xc0, 0x7, 0xff, 0xfe, 0x0, 0x3f, 0xff, 0xf0,
    0x1, 0xff, 0xff, 0x80, 0xf, 0xff, 0xfc, 0x0,
    0x7f, 0xff, 0xe0, 0x3, 0xff, 0xff, 0x0, 0x1f,
    0xff, 0xf8, 0x0, 0xff, 0xff, 0xc0, 0x7, 0xff,
    0xfe, 0x0, 0x3f, 0xff, 0xf0, 0x1, 0xff, 0xff,
    0x80, 0xf, 0xff, 0xfc, 0x0, 0x7f, 0xff, 0xe0,
    0x3, 0xff, 0xff, 0x0, 0x1f, 0xff, 0xf8, 0x0,
    0xff, 0xff, 0xc0, 0x7, 0xff, 0xfe, 0x0, 0x3f,
    0xff, 0xf0, 0x1, 0xff, 0xff, 0x80, 0xf, 0xff,
    0xfc, 0x0, 0x7f, 0xff, 0xe0, 0x3, 0xfe,

    /* U+006F "o" */
    0x0, 0x0, 0x0, 0x0, 0x0, 0x3f, 0xfc, 0x0,
    0x0, 0xff, 0xff, 0x0, 0x3, 0xff, 0xff, 0xc0,
    0x7, 0xff, 0xff, 0xe0, 0xf, 0xff, 0xff, 0xf0,
    0x1f, 0xff, 0xff, 0xf8, 0x1f, 0xff, 0xff, 0xf8,
    0x3f, 0xf0, 0x1f, 0xfc, 0x3f, 0xe0, 0x7, 0xfc,
    0x7f, 0xe0, 0x7, 0xfe, 0x7f, 0xc0, 0x3, 0xfe,
    0x7f, 0xc0, 0x3, 0xfe, 0xff, 0x80, 0x1, 0xff,
    0xff, 0x80, 0x1, 0xff, 0xff, 0x80, 0x1, 0xff,
    0xff, 0x80, 0x1, 0xff, 0xff, 0x80, 0x1, 0xff,
    0xff, 0x80, 0x1, 0xff, 0xff, 0x80, 0x1, 0xff,
    0xff, 0x80, 0x1, 0xff, 0xff, 0x80, 0x1, 0xff,
    0xff, 0x80, 0x1, 0xff, 0x7f, 0xc0, 0x3, 0xfe,
    0x7f, 0xc0, 0x3, 0xfe, 0x7f, 0xe0, 0x7, 0xfe,
    0x3f, 0xe0, 0x7, 0xfc, 0x3f, 0xf0, 0xf, 0xfc,
    0x1f, 0xff, 0xff, 0xf8, 0x1f, 0xff, 0xff, 0xf8,
    0xf, 0xff, 0xff, 0xf0, 0x7, 0xff, 0xff, 0xe0,
    0x3, 0xff, 0xff, 0xc0, 0x0, 0xff, 0xff, 0x0,
    0x0, 0x3f, 0xfc, 0x0, 0x0, 0x1, 0x80, 0x0,

    /* U+0070 "p" */
    0x0, 0x0, 0x0, 0x3, 0xfc, 0x3f, 0xf0, 0xf,
    0xf1, 0xff, 0xf0, 0x3f, 0xff, 0xff, 0xe0, 0xff,
    0xff, 0xff, 0xc3, 0xff, 0xff, 0xff, 0x8f, 0xff,
    0xff, 0xfe, 0x3f, 0xff, 0xff, 0xfc, 0xff, 0xe0,
    0x3f, 0xf3, 0xff, 0x0, 0x7f, 0xef, 0xf8, 0x0,
    0xff, 0xbf, 0xe0, 0x3, 0xfe, 0xff, 0x80, 0xf,
    0xff, 0xfe, 0x0, 0x1f, 0xff, 0xf8, 0x0, 0x7f,
    0xff, 0xe0, 0x1, 0xff, 0xff, 0x80, 0x7, 0xff,
    0xfe, 0x0, 0x1f, 0xff, 0xf8, 0x0, 0x7f, 0xff,
    0xe0, 0x1, 0xff, 0xff, 0x80, 0x7, 0xff, 0xfe,
    0x0, 0x1f, 0xff, 0xf8, 0x0, 0x7f, 0xff, 0xe0,
    0x3, 0xff, 0xff, 0x80, 0xf, 0xfb, 0xfe, 0x0,
    0x3f, 0xef, 0xfc, 0x1, 0xff, 0xbf, 0xf8, 0xf,
    0xfc, 0xff, 0xff, 0xff, 0xf3, 0xff, 0xff, 0xff,
    0x8f, 0xff, 0xff, 0xfe, 0x3f, 0xff, 0xff, 0xf0,
    0xff, 0xff, 0xff, 0x83, 0xfe, 0x7f, 0xfc, 0xf,
    0xf8, 0xff, 0xc0, 0x3f, 0xe0, 0x20, 0x0, 0xff,
    0x80, 0x0, 0x3, 0xfe, 0x0, 0x0, 0xf, 0xf8,
    0x0, 0x0, 0x3f, 0xe0, 0x0, 0x0, 0xff, 0x80,
    0x0, 0x3, 0xfe, 0x0, 0x0, 0xf, 0xf8, 0x0,
    0x0, 0x3f, 0xe0, 0x0, 0x0, 0xff, 0x80, 0x0,
    0x3, 0xfe, 0x0, 0x0, 0xf, 0xf8, 0x0, 0x0,
    0x3f, 0xe0, 0x0, 0x0,

    /* U+0071 "q" */
    0x0, 0x0, 0x0, 0x0, 0x3, 0xff, 0xf, 0xf0,
    0x3f, 0xfe, 0x3f, 0xc1, 0xff, 0xfe, 0xff, 0xf,
    0xff, 0xfb, 0xfc, 0x7f, 0xff, 0xff, 0xf1, 0xff,
    0xff, 0xff, 0xcf, 0xff, 0xff, 0xff, 0x3f, 0xf0,
    0x1f, 0xfd, 0xff, 0x80, 0x3f, 0xf7, 0xfc, 0x0,
    0x7f, 0xdf, 0xf0, 0x1, 0xff, 0xff, 0xc0, 0x7,
    0xff, 0xfe, 0x0, 0x1f, 0xff, 0xf8, 0x0, 0x7f,
    0xff, 0xe0, 0x1, 0xff, 0xff, 0x80, 0x7, 0xff,
    0xfe, 0x0, 0x1f, 0xff, 0xf8, 0x0, 0x7f, 0xff,
    0xe0, 0x1, 0xff, 0xff, 0x80, 0x7, 0xff, 0xfe,
    0x0, 0x1f, 0xff, 0xf8, 0x0, 0x7f, 0xff, 0xf0,
    0x1, 0xff, 0x7f, 0xc0, 0x7, 0xfd, 0xff, 0x0,
    0x1f, 0xf7, 0xfe, 0x0, 0xff, 0xcf, 0xfc, 0x7,
    0xff, 0x3f, 0xff, 0xff, 0xfc, 0x7f, 0xff, 0xff,
    0xf1, 0xff, 0xff, 0xff, 0xc3, 0xff, 0xff, 0xff,
    0x7, 0xff, 0xff, 0xfc, 0xf, 0xff, 0x9f, 0xf0,
    0xf, 0xfc, 0x7f, 0xc0, 0x2, 0x1, 0xff, 0x0,
    0x0, 0x7, 0xfc, 0x0, 0x0, 0x1f, 0xf0, 0x0,
    0x0, 0x7f, 0xc0, 0x0, 0x1, 0xff, 0x0, 0x0,
    0x7, 0xfc, 0x0, 0x0, 0x1f, 0xf0, 0x0, 0x0,
    0x7f, 0xc0, 0x0, 0x1, 0xff, 0x0, 0x0, 0x7,
    0xfc, 0x0, 0x0, 0x1f, 0xf0, 0x0, 0x0, 0x7f,
    0xc0, 0x0, 0x1, 0xff,

    /* U+0072 "r" */
    0x0, 0x0, 0x9f, 0xf1, 0xff, 0xfe, 0x7f, 0xff,
    0xdf, 0xff, 0xff, 0xff, 0xff, 0xff, 0xff, 0xff,
    0xff, 0xff, 0xff, 0xff, 0xff, 0xff, 0xfc, 0x3,
    0xff, 0x0, 0x7f, 0xc0, 0xf, 0xf8, 0x1, 0xff,
    0x0, 0x3f, 0xe0, 0x7, 0xfc, 0x0, 0xff, 0x80,
    0x1f, 0xf0, 0x3, 0xfe, 0x0, 0x7f, 0xc0, 0xf,
    0xf8, 0x1, 0xff, 0x0, 0x3f, 0xe0, 0x7, 0xfc,
    0x0, 0xff, 0x80, 0x1f, 0xf0, 0x3, 0xfe, 0x0,
    0x7f, 0xc0, 0xf, 0xf8, 0x1, 0xff, 0x0, 0x3f,
    0xe0, 0x7, 0xfc, 0x0, 0xff, 0x80, 0x1f, 0xf0,
    0x3, 0xfe, 0x0, 0x0,

    /* U+0073 "s" */
    0x0, 0x0, 0x0, 0x0, 0x7, 0xff, 0xc0, 0x0,
    0xff, 0xff, 0x80, 0xf, 0xff, 0xff, 0x0, 0xff,
    0xff, 0xfc, 0xf, 0xff, 0xff, 0xf0, 0xff, 0xff,
    0xff, 0xc7, 0xff, 0xff, 0xfe, 0x7f, 0xe0, 0x3f,
    0xf3, 0xff, 0x0, 0xff, 0xdf, 0xf0, 0x3, 0xfe,
    0xff, 0x80, 0x1f, 0xf7, 0xfc, 0x0, 0x0, 0x3f,
    0xf0, 0x0, 0x0, 0xff, 0xe0, 0x0, 0x3, 0xff,
    0xf0, 0x0, 0xf, 0xff, 0xf8, 0x0, 0x3f, 0xff,
    0xf8, 0x0, 0x7f, 0xff, 0xe0, 0x0, 0xff, 0xff,
    0xc0, 0x0, 0x7f, 0xfe, 0x0, 0x0, 0x3f, 0xf8,
    0x0, 0x0, 0x7f, 0xe0, 0x0, 0x1, 0xff, 0xff,
    0x80, 0xf, 0xff, 0xfc, 0x0, 0x7f, 0xff, 0xf0,
    0x3, 0xfe, 0xff, 0xc0, 0x3f, 0xf7, 0xff, 0xff,
    0xff, 0x1f, 0xff, 0xff, 0xf8, 0x7f, 0xff, 0xff,
    0x83, 0xff, 0xff, 0xfc, 0x7, 0xff, 0xff, 0x80,
    0x1f, 0xff, 0xf8, 0x0, 0x3f, 0xfe, 0x0, 0x0,
    0x6, 0x0, 0x0,

    /* U+0074 "t" */
    0x7, 0xfc, 0x0, 0x7f, 0xc0, 0x7, 0xfc, 0x0,
    0x7f, 0xc0, 0x7, 0xfc, 0x0, 0x7f, 0xc0, 0x7,
    0xfc, 0x0, 0x7f, 0xc0, 0x7, 0xfc, 0xf, 0xff,
    0xff, 0xff, 0xff, 0xff, 0xff, 0xff, 0xff, 0xff,
    0xff, 0xff, 0xff, 0xff, 0xff, 0xff, 0xff, 0xff,
    0x7, 0xfc, 0x0, 0x7f, 0xc0, 0x7, 0xfc, 0x0,
    0x7f, 0xc0, 0x7, 0xfc, 0x0, 0x7f, 0xc0, 0x7,
    0xfc, 0x0, 0x7f, 0xc0, 0x7, 0xfc, 0x0, 0x7f,
    0xc0, 0x7, 0xfc, 0x0, 0x7f, 0xc0, 0x7, 0xfc,
    0x0, 0x7f, 0xc0, 0x7, 0xfc, 0x0, 0x7f, 0xc0,
    0x7, 0xfc, 0x0, 0x7f, 0xc0, 0x7, 0xfc, 0x0,
    0x7f, 0xe0, 0x7, 0xff, 0xf0, 0x7f, 0xff, 0x3,
    0xff, 0xf0, 0x3f, 0xff, 0x1, 0xff, 0xf0, 0xf,
    0xff, 0x0, 0x3f, 0xf0, 0x0, 0x30,

    /* U+0075 "u" */
    0xff, 0x80, 0xf, 0xff, 0xfc, 0x0, 0x7f, 0xff,
    0xe0, 0x3, 0xff, 0xff, 0x0, 0x1f, 0xff, 0xf8,
    0x0, 0xff, 0xff, 0xc0, 0x7, 0xff, 0xfe, 0x0,
    0x3f, 0xff, 0xf0, 0x1, 0xff, 0xff, 0x80, 0xf,
    0xff, 0xfc, 0x0, 0x7f, 0xff, 0xe0, 0x3, 0xff,
    0xff, 0x0, 0x1f, 0xff, 0xf8, 0x0, 0xff, 0xff,
    0xc0, 0x7, 0xff, 0xfe, 0x0, 0x3f, 0xff, 0xf0,
    0x1, 0xff, 0xff, 0x80, 0xf, 0xff, 0xfc, 0x0,
    0x7f, 0xff, 0xe0, 0x3, 0xff, 0xff, 0x0, 0x1f,
    0xff, 0xf8, 0x0, 0xff, 0xff, 0xc0, 0x7, 0xff,
    0xfe, 0x0, 0x3f, 0xff, 0xf0, 0x1, 0xff, 0xff,
    0x80, 0xf, 0xff, 0xfe, 0x0, 0xff, 0xff, 0xf8,
    0xf, 0xfe, 0xff, 0xff, 0xff, 0xf7, 0xff, 0xff,
    0xff, 0x9f, 0xff, 0xff, 0xfc, 0xff, 0xff, 0xff,
    0xe3, 0xff, 0xfd, 0xff, 0xf, 0xff, 0xcf, 0xf8,
    0x1f, 0xf8, 0x7f, 0xc0, 0x8, 0x0, 0x0,

    /* U+0076 "v" */
    0x7f, 0xc0, 0x1, 0xff, 0x7f, 0xc0, 0x1, 0xff,
    0x7f, 0xe0, 0x3, 0xff, 0x3f, 0xe0, 0x3, 0xfe,
    0x3f, 0xe0, 0x3, 0xfe, 0x3f, 0xf0, 0x7, 0xfe,
    0x1f, 0xf0, 0x7, 0xfc, 0x1f, 0xf0, 0x7, 0xfc,
    0x1f, 0xf0, 0x7, 0xfc, 0xf, 0xf8, 0xf, 0xf8,
    0xf, 0xf8, 0xf, 0xf8, 0xf, 0xf8, 0xf, 0xf8,
    0x7, 0xfc, 0x1f, 0xf0, 0x7, 0xfc, 0x1f, 0xf0,
    0x7, 0xfc, 0x1f, 0xf0, 0x3, 0xfc, 0x3f, 0xe0,
    0x3, 0xfe, 0x3f, 0xe0, 0x3, 0xfe, 0x3f, 0xe0,
    0x1, 0xfe, 0x3f, 0xc0, 0x1, 0xff, 0x7f, 0xc0,
    0x1, 0xff, 0x7f, 0xc0, 0x0, 0xff, 0x7f, 0x80,
    0x0, 0xff, 0xff, 0x80, 0x0, 0xff, 0xff, 0x80,
    0x0, 0x7f, 0xff, 0x0, 0x0, 0x7f, 0xff, 0x0,
    0x0, 0x7f, 0xff, 0x0, 0x0, 0x3f, 0xfe, 0x0,
    0x0, 0x3f, 0xfe, 0x0, 0x0, 0x3f, 0xfe, 0x0,
    0x0, 0x1f, 0xfc, 0x0, 0x0, 0x1f, 0xfc, 0x0,
    0x0, 0x1f, 0xfc, 0x0, 0x0, 0xf, 0xf8, 0x0,

    /* U+0077 "w" */
    0xff, 0x80, 0x1f, 0xc0, 0xf, 0xff, 0xfc, 0x0,
    0xfe, 0x0, 0x7f, 0xdf, 0xe0, 0x7, 0xf0, 0x3,
    0xfc, 0xff, 0x0, 0x7f, 0xc0, 0x3f, 0xe7, 0xfc,
    0x3, 0xfe, 0x1, 0xff, 0x3f, 0xe0, 0x1f, 0xf0,
    0xf, 0xf8, 0xff, 0x1, 0xff, 0x80, 0x7f, 0x87,
    0xf8, 0xf, 0xfe, 0x3, 0xfc, 0x3f, 0xe0, 0x7f,
    0xf0, 0x3f, 0xe1, 0xff, 0x3, 0xff, 0x81, 0xff,
    0x7, 0xf8, 0x3f, 0xfe, 0xf, 0xf0, 0x3f, 0xc1,
    0xff, 0xf0, 0x7f, 0x81, 0xfe, 0xf, 0xdf, 0x83,
    0xfc, 0xf, 0xf8, 0x7e, 0xfc, 0x3f, 0xe0, 0x3f,
    0xc7, 0xf7, 0xf1, 0xfe, 0x1, 0xfe, 0x3f, 0x3f,
    0x8f, 0xf0, 0xf, 0xf1, 0xf8, 0xfc, 0x7f, 0x80,
    0x7f, 0x9f, 0xc7, 0xf3, 0xfc, 0x1, 0xfe, 0xfe,
    0x3f, 0xbf, 0xc0, 0xf, 0xf7, 0xe0, 0xfd, 0xfe,
    0x0, 0x7f, 0xbf, 0x7, 0xef, 0xf0, 0x3, 0xff,
    0xf8, 0x3f, 0xff, 0x80, 0xf, 0xff, 0x80, 0xff,
    0xf8, 0x0, 0x7f, 0xfc, 0x7, 0xff, 0xc0, 0x3,
    0xff, 0xe0, 0x3f, 0xfe, 0x0, 0x1f, 0xff, 0x1,
    0xff, 0xf0, 0x0, 0x7f, 0xf0, 0x7, 0xff, 0x0,
    0x3, 0xff, 0x80, 0x3f, 0xf8, 0x0, 0x1f, 0xfc,
    0x1, 0xff, 0xc0, 0x0, 0xff, 0xc0, 0x7, 0xfc,
    0x0, 0x3, 0xfe, 0x0, 0x3f, 0xe0, 0x0, 0x1f,
    0xf0, 0x1, 0xff, 0x0, 0x0, 0xff, 0x80, 0xf,
    0xf8, 0x0, 0x7, 0xf8, 0x0, 0x3f, 0x80, 0x0,

    /* U+0078 "x" */
    0xff, 0xc0, 0x7, 0xfc, 0xff, 0xc0, 0x1f, 0xf8,
    0xff, 0x80, 0x3f, 0xe1, 0xff, 0x80, 0xff, 0xc1,
    0xff, 0x1, 0xff, 0x3, 0xff, 0x7, 0xfe, 0x3,
    0xfe, 0x1f, 0xf8, 0x7, 0xfe, 0x3f, 0xe0, 0x7,
    0xfc, 0xff, 0xc0, 0x7, 0xfd, 0xff, 0x0, 0xf,
    0xff, 0xfe, 0x0, 0xf, 0xff, 0xf8, 0x0, 0x1f,
    0xff, 0xf0, 0x0, 0x1f, 0xff, 0xc0, 0x0, 0x3f,
    0xff, 0x0, 0x0, 0x3f, 0xfe, 0x0, 0x0, 0x3f,
    0xf8, 0x0, 0x0, 0xff, 0xf8, 0x0, 0x1, 0xff,
    0xf0, 0x0, 0x7, 0xff, 0xf0, 0x0, 0x1f, 0xff,
    0xe0, 0x0, 0x3f, 0xff, 0xe0, 0x0, 0xff, 0xff,
    0xe0, 0x1, 0xff, 0x7f, 0xc0, 0x7, 0xfe, 0xff,
    0xc0, 0xf, 0xf8, 0xff, 0x80, 0x3f, 0xf1, 0xff,
    0x80, 0xff, 0xc1, 0xff, 0x1, 0xff, 0x3, 0xff,
    0x7, 0xfe, 0x3, 0xff, 0xf, 0xf8, 0x3, 0xfe,
    0x3f, 0xf0, 0x7, 0xfe, 0x7f, 0xc0, 0x7, 0xfd,
    0xff, 0x80, 0xf, 0xfc,

    /* U+0079 "y" */
    0x7f, 0xc0, 0x1, 0xff, 0x7f, 0xc0, 0x3, 0xff,
    0x7f, 0xe0, 0x3, 0xff, 0x3f, 0xe0, 0x3, 0xfe,
    0x3f, 0xe0, 0x7, 0xfe, 0x3f, 0xf0, 0x7, 0xfe,
    0x1f, 0xf0, 0x7, 0xfc, 0x1f, 0xf0, 0xf, 0xfc,
    0x1f, 0xf8, 0xf, 0xf8, 0xf, 0xf8, 0xf, 0xf8,
    0xf, 0xf8, 0xf, 0xf8, 0xf, 0xf8, 0x1f, 0xf0,
    0x7, 0xfc, 0x1f, 0xf0, 0x7, 0xfc, 0x1f, 0xf0,
    0x7, 0xfc, 0x3f, 0xe0, 0x3, 0xfe, 0x3f, 0xe0,
    0x3, 0xfe, 0x3f, 0xe0, 0x3, 0xfe, 0x3f, 0xc0,
    0x1, 0xff, 0x7f, 0xc0, 0x1, 0xff, 0x7f, 0xc0,
    0x0, 0xff, 0x7f, 0x80, 0x0, 0xff, 0xff, 0x80,
    0x0, 0xff, 0xff, 0x80, 0x0, 0x7f, 0xff, 0x0,
    0x0, 0x7f, 0xff, 0x0, 0x0, 0x7f, 0xff, 0x0,
    0x0, 0x3f, 0xfe, 0x0, 0x0, 0x3f, 0xfe, 0x0,
    0x0, 0x3f, 0xfc, 0x0, 0x0, 0x1f, 0xfc, 0x0,
    0x0, 0x1f, 0xfc, 0x0, 0x0, 0x1f, 0xf8, 0x0,
    0x0, 0xf, 0xf8, 0x0, 0x0, 0xf, 0xf8, 0x0,
    0x0, 0xf, 0xf0, 0x0, 0x0, 0xf, 0xf0, 0x0,
    0x0, 0x1f, 0xf0, 0x0, 0x0, 0x1f, 0xe0, 0x0,
    0x0, 0x3f, 0xe0, 0x0, 0x0, 0x7f, 0xe0, 0x0,
    0xf, 0xff, 0xc0, 0x0, 0xf, 0xff, 0xc0, 0x0,
    0xf, 0xff, 0x80, 0x0, 0xf, 0xff, 0x80, 0x0,
    0xf, 0xff, 0x0, 0x0, 0xf, 0xfe, 0x0, 0x0,
    0xf, 0xf8, 0x0, 0x0, 0x1, 0x80, 0x0, 0x0,

    /* U+007A "z" */
    0x7f, 0xff, 0xff, 0xf3, 0xff, 0xff, 0xff, 0x9f,
    0xff, 0xff, 0xfc, 0xff, 0xff, 0xff, 0xe7, 0xff,
    0xff, 0xff, 0x3f, 0xff, 0xff, 0xf9, 0xff, 0xff,
    0xff, 0x80, 0x0, 0x1f, 0xfc, 0x0, 0x0, 0xff,
    0xc0, 0x0, 0xf, 0xfc, 0x0, 0x0, 0xff, 0xc0,
    0x0, 0xf, 0xfe, 0x0, 0x0, 0x7f, 0xe0, 0x0,
    0x7, 0xfe, 0x0, 0x0, 0x7f, 0xe0, 0x0, 0x7,
    0xff, 0x0, 0x0, 0x3f, 0xf0, 0x0, 0x3, 0xff,
    0x0, 0x0, 0x3f, 0xf0, 0x0, 0x3, 0xff, 0x80,
    0x0, 0x1f, 0xf8, 0x0, 0x1, 0xff, 0x80, 0x0,
    0x1f, 0xf8, 0x0, 0x1, 0xff, 0xc0, 0x0, 0xf,
    0xfc, 0x0, 0x0, 0xff, 0xc0, 0x0, 0xf, 0xfc,
    0x0, 0x0, 0xff, 0xff, 0xff, 0xf7, 0xff, 0xff,
    0xff, 0xff, 0xff, 0xff, 0xff, 0xff, 0xff, 0xff,
    0xff, 0xff, 0xff, 0xff, 0xff, 0xff, 0xff, 0xff,
    0xff, 0xff, 0xff, 0xc0,

    /* U+007B "{" */
    0x0, 0x0, 0x80, 0x0, 0xf8, 0x0, 0x3f, 0x0,
    0x1f, 0xe0, 0x7, 0xfe, 0x0, 0xff, 0x80, 0x3f,
    0xe0, 0xf, 0xf8, 0x1, 0xfe, 0x0, 0x3f, 0xc0,
    0xf, 0xf0, 0x1, 0xfe, 0x0, 0x3f, 0xc0, 0x7,
    0xf8, 0x0, 0xff, 0x0, 0x1f, 0xe0, 0x3, 0xfc,
    0x0, 0x7f, 0x80, 0xf, 0xf0, 0x1, 0xfe, 0x0,
    0x3f, 0xc0, 0x7, 0xf8, 0x0, 0xff, 0x0, 0x1f,
    0xe0, 0x3, 0xfc, 0x0, 0xff, 0x0, 0x3f, 0xe0,
    0xf, 0xfc, 0xf, 0xff, 0x1, 0xff, 0xc0, 0x3f,
    0xf0, 0x7, 0xf8, 0x0, 0xff, 0xc0, 0x1f, 0xfc,
    0x3, 0xff, 0xc0, 0x7, 0xfc, 0x0, 0x7f, 0x80,
    0xf, 0xf0, 0x0, 0xff, 0x0, 0x1f, 0xe0, 0x3,
    0xfc, 0x0, 0x7f, 0x80, 0xf, 0xf0, 0x1, 0xfe,
    0x0, 0x3f, 0xc0, 0x7, 0xf8, 0x0, 0xff, 0x0,
    0x1f, 0xe0, 0x3, 0xfc, 0x0, 0x7f, 0x80, 0xf,
    0xf0, 0x1, 0xfe, 0x0, 0x1f, 0xe0, 0x3, 0xfc,
    0x0, 0x7f, 0x80, 0x7, 0xf8, 0x0, 0xff, 0x80,
    0xf, 0xfc, 0x0, 0xff, 0x80, 0xf, 0xe0, 0x0,
    0x7c, 0x0, 0x7, 0x80,

    /* U+007C "|" */
    0xff, 0xff, 0xff, 0xff, 0xff, 0xff, 0xff, 0xff,
    0xff, 0xff, 0xff, 0xff, 0xff, 0xff, 0xff, 0xff,
    0xff, 0xff, 0xff, 0xff, 0xff, 0xff, 0xff, 0xff,
    0xff, 0xff, 0xff, 0xff, 0xff, 0xff, 0xff, 0xff,
    0xff, 0xff, 0xe0,

    /* U+007D "}" */
    0x38, 0x0, 0xf, 0xc0, 0x1, 0xfc, 0x0, 0x7f,
    0xc0, 0xf, 0xfc, 0x0, 0x7f, 0xc0, 0x7, 0xf8,
    0x0, 0x7f, 0x80, 0xf, 0xf0, 0x1, 0xfe, 0x0,
    0x1f, 0xe0, 0x3, 0xfc, 0x0, 0x7f, 0x80, 0xf,
    0xf0, 0x1, 0xfe, 0x0, 0x3f, 0xc0, 0x7, 0xf8,
    0x0, 0xff, 0x0, 0x1f, 0xe0, 0x3, 0xfc, 0x0,
    0x7f, 0x80, 0xf, 0xf0, 0x1, 0xfe, 0x0, 0x3f,
    0xc0, 0x3, 0xfc, 0x0, 0x7f, 0x80, 0xf, 0xf8,
    0x0, 0xff, 0xf0, 0xf, 0xfe, 0x0, 0xff, 0xc0,
    0x7, 0xf8, 0x3, 0xff, 0x0, 0xff, 0xe0, 0x3f,
    0xfc, 0xf, 0xf8, 0x1, 0xfe, 0x0, 0x3f, 0xc0,
    0xf, 0xf0, 0x1, 0xfe, 0x0, 0x3f, 0xc0, 0x7,
    0xf8, 0x0, 0xff, 0x0, 0x1f, 0xe0, 0x3, 0xfc,
    0x0, 0x7f, 0x80, 0xf, 0xf0, 0x1, 0xfe, 0x0,
    0x3f, 0xc0, 0x7, 0xf8, 0x0, 0xff, 0x0, 0x1f,
    0xe0, 0x7, 0xf8, 0x0, 0xff, 0x0, 0x1f, 0xe0,
    0x7, 0xf8, 0x1, 0xff, 0x0, 0xff, 0xc0, 0x1f,
    0xf0, 0x1, 0xfc, 0x0, 0x3e, 0x0, 0x3, 0x0,
    0x0,

    /* U+007E "~" */
    0x1, 0xf8, 0x0, 0x0, 0x0, 0xff, 0xe0, 0x1,
    0xfc, 0x3f, 0xfe, 0x0, 0x3f, 0x8f, 0xff, 0xe0,
    0x7, 0xf3, 0xff, 0xfe, 0x1, 0xfe, 0xff, 0xff,
    0xe0, 0x3f, 0x9f, 0xff, 0xff, 0xf, 0xf3, 0xfc,
    0x3f, 0xff, 0xfe, 0xff, 0x1, 0xff, 0xff, 0x9f,
    0xe0, 0x1f, 0xff, 0xf3, 0xf8, 0x1, 0xff, 0xfc,
    0x7f, 0x0, 0x1f, 0xff, 0xf, 0xe0, 0x1, 0xff,
    0xc0, 0x0, 0x0, 0xf, 0xe0, 0x0,

    /* U+00A0 " " */
    0x0,

    /* U+00A1 "¡" */
    0x0, 0xf, 0xc7, 0xfb, 0xff, 0xff, 0xff, 0xff,
    0xfd, 0xfe, 0x3f, 0x2, 0x0, 0x0, 0x0, 0x0,
    0x0, 0x0, 0x1, 0xfe, 0x7f, 0x9f, 0xe7, 0xf9,
    0xfe, 0x7f, 0x9f, 0xe7, 0xf9, 0xfe, 0x7f, 0x9f,
    0xe7, 0xf9, 0xfe, 0x7f, 0x9f, 0xe7, 0xf9, 0xfe,
    0x7f, 0x9f, 0xe7, 0xf9, 0xfe, 0x7f, 0x9f, 0xe7,
    0xf9, 0xfe, 0xff, 0xbf, 0xef, 0xfb, 0xfe, 0xff,
    0xbf, 0xef, 0xf8,

    /* U+00A2 "¢" */
    0x0, 0x7, 0xe0, 0x0, 0x0, 0x1f, 0x80, 0x0,
    0x0, 0x7e, 0x0, 0x0, 0x1, 0xf8, 0x0, 0x0,
    0x7, 0xe0, 0x0, 0x0, 0x1f, 0x80, 0x0, 0x0,
    0x7e, 0x0, 0x0, 0x1, 0xf8, 0x0, 0x0, 0x3f,
    0xfc, 0x0, 0x7, 0xff, 0xfc, 0x0, 0x3f, 0xff,
    0xf8, 0x1, 0xff, 0xff, 0xf8, 0xf, 0xff, 0xff,
    0xe0, 0x7f, 0xff, 0xff, 0xc3, 0xff, 0x87, 0xff,
    0x8f, 0xfc, 0x7, 0xfe, 0x7f, 0xe0, 0xf, 0xf9,
    0xff, 0x0, 0x3f, 0xf7, 0xfc, 0x0, 0x7f, 0xdf,
    0xe0, 0x1, 0xff, 0xff, 0x80, 0x0, 0x3, 0xfe,
    0x0, 0x0, 0xf, 0xf8, 0x0, 0x0, 0x3f, 0xe0,
    0x0, 0x0, 0xff, 0x80, 0x0, 0x3, 0xfe, 0x0,
    0x0, 0xf, 0xf8, 0x0, 0x0, 0x3f, 0xe0, 0x0,
    0x0, 0xff, 0x80, 0x0, 0x3, 0xfe, 0x0, 0x0,
    0x7, 0xfc, 0x0, 0x7f, 0xdf, 0xf0, 0x1, 0xff,
    0x7f, 0xc0, 0xf, 0xfd, 0xff, 0x80, 0x3f, 0xf3,
    0xff, 0x1, 0xff, 0x8f, 0xff, 0xff, 0xfe, 0x1f,
    0xff, 0xff, 0xf0, 0x3f, 0xff, 0xff, 0x80, 0x7f,
    0xff, 0xfc, 0x0, 0xff, 0xff, 0xe0, 0x1, 0xff,
    0xff, 0x0, 0x0, 0xff, 0xf0, 0x0, 0x0, 0x7e,
    0x0, 0x0, 0x1, 0xf8, 0x0, 0x0, 0x7, 0xe0,
    0x0, 0x0, 0x1f, 0x80, 0x0, 0x0, 0x7e, 0x0,
    0x0, 0x1, 0xf8, 0x0, 0x0, 0x7, 0xe0, 0x0,
    0x0, 0x1f, 0x80, 0x0,

    /* U+00A3 "£" */
    0x0, 0x0, 0x0, 0x0, 0x0, 0x3, 0xff, 0xc0,
    0x0, 0x7, 0xff, 0xf8, 0x0, 0x7, 0xff, 0xff,
    0x0, 0xf, 0xff, 0xff, 0xc0, 0x7, 0xff, 0xff,
    0xf0, 0x7, 0xff, 0xff, 0xf8, 0x7, 0xff, 0xff,
    0xfe, 0x3, 0xff, 0x3, 0xff, 0x1, 0xff, 0x0,
    0xff, 0xc1, 0xff, 0x80, 0x3f, 0xe0, 0xff, 0x80,
    0x1f, 0xf0, 0x7f, 0xc0, 0xf, 0xf8, 0x3f, 0xe0,
    0x0, 0x0, 0x1f, 0xf0, 0x0, 0x0, 0xf, 0xf8,
    0x0, 0x0, 0x7, 0xfc, 0x0, 0x0, 0x3, 0xfe,
    0x0, 0x0, 0x1, 0xff, 0x0, 0x0, 0x0, 0xff,
    0x80, 0x0, 0x0, 0x7f, 0xc0, 0x0, 0x7, 0xff,
    0xff, 0xf8, 0x3, 0xff, 0xff, 0xfc, 0x1, 0xff,
    0xff, 0xfe, 0x0, 0xff, 0xff, 0xff, 0x0, 0x7f,
    0xff, 0xff, 0x80, 0x3f, 0xff, 0xff, 0xc0, 0x1f,
    0xff, 0xff, 0xe0, 0x0, 0x7f, 0xc0, 0x0, 0x0,
    0x3f, 0xe0, 0x0, 0x0, 0x1f, 0xf0, 0x0, 0x0,
    0xf, 0xf8, 0x0, 0x0, 0x7, 0xfc, 0x0, 0x0,
    0x3, 0xfe, 0x0, 0x0, 0x1, 0xff, 0x0, 0x0,
    0x0, 0xff, 0x80, 0x0, 0x0, 0x7f, 0xc0, 0x0,
    0x0, 0x3f, 0xc0, 0x0, 0x0, 0x3f, 0xe0, 0x0,
    0x0, 0x1f, 0xe0, 0x0, 0x0, 0xff, 0xff, 0xff,
    0xff, 0xff, 0xff, 0xff, 0xff, 0xff, 0xff, 0xff,
    0xff, 0xff, 0xff, 0xff, 0xff, 0xff, 0xff, 0xff,
    0xff, 0xff, 0xff, 0xff, 0xff, 0xff, 0xff, 0xff,
    0xff, 0xfe,

    /* U+00A4 "¤" */
    0x8, 0x0, 0x0, 0x0, 0x20, 0x38, 0x3, 0xfe,
    0x0, 0xe0, 0xf8, 0x3f, 0xff, 0x83, 0xe3, 0xf9,
    0xff, 0xff, 0xcf, 0xef, 0xff, 0xff, 0xff, 0xff,
    0xef, 0xff, 0xff, 0xff, 0xff, 0x8f, 0xff, 0xff,
    0xff, 0xfe, 0xf, 0xff, 0x80, 0xff, 0xf8, 0xf,
    0xfc, 0x0, 0x7f, 0xe0, 0x1f, 0xe0, 0x0, 0x3f,
    0xc0, 0x3f, 0x80, 0x0, 0x3f, 0x80, 0xfe, 0x0,
    0x0, 0x3f, 0x81, 0xf8, 0x0, 0x0, 0x3f, 0x7,
    0xf0, 0x0, 0x0, 0x7f, 0xf, 0xc0, 0x0, 0x0,
    0x7e, 0x1f, 0x80, 0x0, 0x0, 0xfc, 0x7f, 0x0,
    0x0, 0x1, 0xfc, 0xfc, 0x0, 0x0, 0x1, 0xf9,
    0xf8, 0x0, 0x0, 0x3, 0xf3, 0xf0, 0x0, 0x0,
    0x7, 0xe7, 0xe0, 0x0, 0x0, 0xf, 0xcf, 0xc0,
    0x0, 0x0, 0x1f, 0x9f, 0x80, 0x0, 0x0, 0x3f,
    0x3f, 0x0, 0x0, 0x0, 0x7e, 0x7e, 0x0, 0x0,
    0x0, 0xfc, 0xfe, 0x0, 0x0, 0x3, 0xf0, 0xfc,
    0x0, 0x0, 0x7, 0xe1, 0xfc, 0x0, 0x0, 0x1f,
    0xc3, 0xf8, 0x0, 0x0, 0x3f, 0x83, 0xf8, 0x0,
    0x0, 0xfe, 0x7, 0xf8, 0x0, 0x3, 0xfc, 0x7,
    0xf8, 0x0, 0xf, 0xf0, 0xf, 0xf8, 0x0, 0x3f,
    0xf0, 0x3f, 0xfc, 0x1, 0xff, 0xf0, 0xff, 0xff,
    0xff, 0xff, 0xf3, 0xff, 0xff, 0xff, 0xff, 0xff,
    0xff, 0xff, 0xff, 0xff, 0xef, 0xe7, 0xff, 0xff,
    0x1f, 0x8f, 0x87, 0xff, 0xfc, 0x1e, 0xe, 0x1,
    0xff, 0xc0, 0x18, 0x8, 0x0, 0x10, 0x0, 0x0,

    /* U+00A5 "¥" */
    0xff, 0xc0, 0x1, 0xff, 0x9f, 0xf0, 0x0, 0x7f,
    0xe7, 0xfe, 0x0, 0x1f, 0xf8, 0xff, 0x80, 0xf,
    0xfc, 0x3f, 0xe0, 0x3, 0xff, 0x7, 0xfc, 0x1,
    0xff, 0x81, 0xff, 0x0, 0x7f, 0xe0, 0x7f, 0xe0,
    0x1f, 0xf0, 0xf, 0xf8, 0xf, 0xfc, 0x3, 0xfe,
    0x3, 0xfe, 0x0, 0x7f, 0xc0, 0xff, 0x80, 0x1f,
    0xf0, 0x7f, 0xc0, 0x3, 0xfe, 0x1f, 0xf0, 0x0,
    0xff, 0x8f, 0xf8, 0x0, 0x1f, 0xe3, 0xfe, 0x0,
    0x7, 0xfc, 0xff, 0x80, 0x1, 0xff, 0x7f, 0xc0,
    0x0, 0x3f, 0xdf, 0xf0, 0x0, 0xf, 0xff, 0xf8,
    0x0, 0x1, 0xff, 0xfe, 0x0, 0x0, 0x7f, 0xff,
    0x0, 0x0, 0xf, 0xff, 0xc0, 0x0, 0x3, 0xff,
    0xe0, 0x0, 0xff, 0xff, 0xff, 0xf8, 0x3f, 0xff,
    0xff, 0xfe, 0xf, 0xff, 0xff, 0xff, 0x83, 0xff,
    0xff, 0xff, 0xe0, 0xff, 0xff, 0xff, 0xf8, 0x0,
    0xf, 0xf8, 0x0, 0x0, 0x3, 0xfe, 0x0, 0x0,
    0x0, 0xff, 0x80, 0x0, 0x0, 0x3f, 0xe0, 0x0,
    0x3f, 0xff, 0xff, 0xfe, 0xf, 0xff, 0xff, 0xff,
    0x83, 0xff, 0xff, 0xff, 0xe0, 0xff, 0xff, 0xff,
    0xf8, 0x3f, 0xff, 0xff, 0xfe, 0x0, 0x3, 0xfe,
    0x0, 0x0, 0x0, 0xff, 0x80, 0x0, 0x0, 0x3f,
    0xe0, 0x0, 0x0, 0xf, 0xf8, 0x0, 0x0, 0x3,
    0xfe, 0x0, 0x0, 0x0, 0xff, 0x80, 0x0, 0x0,
    0x3f, 0xe0, 0x0, 0x0, 0xf, 0xf8, 0x0, 0x0,
    0x3, 0xfe, 0x0, 0x0,

    /* U+00A6 "¦" */
    0xff, 0xff, 0xff, 0xff, 0xff, 0xff, 0xff, 0xff,
    0xff, 0xff, 0xff, 0xff, 0xff, 0xff, 0xff, 0xff,
    0xff, 0xff, 0xff, 0xff, 0xff, 0xff, 0xff, 0xff,
    0x0, 0x0, 0x0, 0x0, 0x0, 0x0, 0xff, 0xff,
    0xff, 0xff, 0xff, 0xff, 0xff, 0xff, 0xff, 0xff,
    0xff, 0xff, 0xff, 0xff, 0xff, 0xff, 0xff, 0xff,
    0xff, 0xff, 0xff, 0xff, 0xff, 0xff, 0xff,

    /* U+00A7 "§" */
    0x0, 0x0, 0x0, 0x0, 0x0, 0xf, 0xff, 0xc0,
    0x0, 0x1f, 0xff, 0xfc, 0x0, 0xf, 0xff, 0xff,
    0xc0, 0x7, 0xff, 0xff, 0xf8, 0x3, 0xff, 0xff,
    0xff, 0x1, 0xff, 0xff, 0xff, 0xe0, 0xff, 0xff,
    0xff, 0xfc, 0x3f, 0xf0, 0x7, 0xff, 0x1f, 0xf8,
    0x0, 0xff, 0xc7, 0xfc, 0x0, 0x1f, 0xf9, 0xff,
    0x0, 0x7, 0xfe, 0x7f, 0xc0, 0x0, 0xff, 0x9f,
    0xf0, 0x0, 0x3f, 0xe7, 0xfc, 0x0, 0x0, 0x1,
    0xff, 0x80, 0x0, 0x0, 0x7f, 0xf8, 0x0, 0x0,
    0xf, 0xff, 0x80, 0x0, 0x3, 0xff, 0xfc, 0x0,
    0x0, 0x7f, 0xff, 0xf0, 0x0, 0xf, 0xff, 0xff,
    0x80, 0x1, 0xff, 0xff, 0xf8, 0x0, 0x7f, 0xff,
    0xff, 0x80, 0x7f, 0xff, 0xff, 0xf0, 0x3f, 0xff,
    0xff, 0xfe, 0xf, 0xfb, 0xff, 0xff, 0xc7, 0xfc,
    0xf, 0xff, 0xfb, 0xfe, 0x0, 0x7f, 0xfe, 0xff,
    0x80, 0x7, 0xff, 0xbf, 0xe0, 0x0, 0x7f, 0xff,
    0xf8, 0x0, 0xf, 0xff, 0xfe, 0x0, 0x1, 0xff,
    0xff, 0xc0, 0x0, 0x7f, 0xff, 0xf8, 0x0, 0x1f,
    0xf7, 0xff, 0x80, 0x7, 0xfd, 0xff, 0xfc, 0x1,
    0xfe, 0x7f, 0xff, 0xe0, 0xff, 0x8f, 0xff, 0xff,
    0x7f, 0xc1, 0xff, 0xff, 0xff, 0xf0, 0x3f, 0xff,
    0xff, 0xf8, 0x3, 0xff, 0xff, 0xf8, 0x0, 0x7f,
    0xff, 0xff, 0x0, 0x3, 0xff, 0xff, 0xe0, 0x0,
    0x1f, 0xff, 0xf8, 0x0, 0x0, 0xff, 0xff, 0x0,
    0x0, 0x7, 0xff, 0xc0, 0x0, 0x0, 0x7f, 0xf8,
    0x0, 0x0, 0x7, 0xfe, 0x0, 0x0, 0x0, 0xff,
    0xbf, 0xe0, 0x0, 0x3f, 0xef, 0xf8, 0x0, 0xf,
    0xfb, 0xfe, 0x0, 0x3, 0xfe, 0xff, 0xc0, 0x1,
    0xff, 0x9f, 0xf8, 0x0, 0xff, 0xe7, 0xff, 0x80,
    0xff, 0xf0, 0xff, 0xff, 0xff, 0xfc, 0x3f, 0xff,
    0xff, 0xfe, 0x7, 0xff, 0xff, 0xff, 0x0, 0xff,
    0xff, 0xff, 0x80, 0xf, 0xff, 0xff, 0xc0, 0x0,
    0xff, 0xff, 0xc0, 0x0, 0x3, 0xff, 0x0, 0x0,

    /* U+00A8 "¨" */
    0x3e, 0x0, 0x7c, 0x7f, 0x0, 0xfe, 0xff, 0x81,
    0xff, 0xff, 0x81, 0xff, 0xff, 0x81, 0xff, 0xff,
    0x81, 0xff, 0x7f, 0x0, 0xfe, 0x3e, 0x0, 0x7c,

    /* U+00A9 "©" */
    0x0, 0x0, 0x7f, 0xe0, 0x0, 0x0, 0x0, 0x3f,
    0xff, 0xc0, 0x0, 0x0, 0xf, 0xff, 0xff, 0x0,
    0x0, 0x3, 0xff, 0xff, 0xfc, 0x0, 0x0, 0x7f,
    0xc0, 0x3f, 0xe0, 0x0, 0xf, 0xe0, 0x0, 0x7f,
    0x0, 0x1, 0xf8, 0x0, 0x1, 0xf8, 0x0, 0x3f,
    0x0, 0x0, 0xf, 0xc0, 0x7, 0xc0, 0x0, 0x0,
    0x3e, 0x0, 0xf8, 0x0, 0x0, 0x1, 0xf0, 0xf,
    0x80, 0x3f, 0x80, 0x1f, 0x1, 0xf0, 0xf, 0xff,
    0x0, 0xf8, 0x1e, 0x1, 0xff, 0xf8, 0x7, 0x83,
    0xe0, 0x3f, 0xff, 0xc0, 0x7c, 0x3c, 0x7, 0xe0,
    0xfe, 0x3, 0xc7, 0xc0, 0xfc, 0x3, 0xe0, 0x3e,
    0x78, 0xf, 0x80, 0x3f, 0x1, 0xe7, 0x80, 0xf8,
    0x1, 0xf0, 0x1e, 0xf8, 0x1f, 0x0, 0x1f, 0x1,
    0xef, 0x1, 0xf0, 0x1, 0xf0, 0xf, 0xf0, 0x1f,
    0x0, 0x0, 0x0, 0xff, 0x1, 0xf0, 0x0, 0x0,
    0xf, 0xf0, 0x1f, 0x0, 0x0, 0x0, 0xff, 0x1,
    0xf0, 0x0, 0x0, 0xf, 0xf0, 0x1f, 0x0, 0x0,
    0x0, 0xff, 0x1, 0xf0, 0x0, 0x0, 0xf, 0xf0,
    0x1f, 0x0, 0x0, 0x0, 0xff, 0x1, 0xf0, 0x0,
    0x0, 0xf, 0xf0, 0x1f, 0x0, 0x1f, 0x0, 0xf7,
    0x81, 0xf0, 0x1, 0xf0, 0x1e, 0x78, 0xf, 0x80,
    0x1f, 0x1, 0xe7, 0x80, 0xf8, 0x3, 0xf0, 0x1e,
    0x7c, 0xf, 0xc0, 0x3e, 0x3, 0xe3, 0xc0, 0x7e,
    0xf, 0xe0, 0x3c, 0x3e, 0x3, 0xff, 0xfc, 0x7,
    0xc1, 0xe0, 0x1f, 0xff, 0x80, 0x78, 0x1f, 0x0,
    0xff, 0xf0, 0xf, 0x80, 0xf8, 0x3, 0xf8, 0x1,
    0xf0, 0xf, 0xc0, 0x0, 0x0, 0x3f, 0x0, 0x7e,
    0x0, 0x0, 0x7, 0xe0, 0x3, 0xf0, 0x0, 0x0,
    0xfc, 0x0, 0x1f, 0x80, 0x0, 0x1f, 0x80, 0x0,
    0xfe, 0x0, 0x7, 0xf0, 0x0, 0x7, 0xfc, 0x3,
    0xfe, 0x0, 0x0, 0x3f, 0xff, 0xff, 0x80, 0x0,
    0x0, 0xff, 0xff, 0xf0, 0x0, 0x0, 0x3, 0xff,
    0xfc, 0x0, 0x0, 0x0, 0x7, 0xfe, 0x0, 0x0,

    /* U+00AA "ª" */
    0x3, 0xfc, 0x0, 0x7f, 0xf8, 0xf, 0xff, 0xf0,
    0x7f, 0xff, 0xc7, 0xff, 0xfe, 0x7f, 0x87, 0xfb,
    0xf8, 0x1f, 0xdf, 0x80, 0x7e, 0x0, 0x3, 0xf0,
    0x0, 0x1f, 0x80, 0x0, 0xfc, 0x7, 0xff, 0xe1,
    0xff, 0xff, 0x1f, 0xff, 0xf9, 0xfc, 0xf, 0xdf,
    0xc0, 0x7e, 0xfc, 0x3, 0xf7, 0xe0, 0x1f, 0xbf,
    0x0, 0xfd, 0xfc, 0x1f, 0xef, 0xff, 0xff, 0x3f,
    0xff, 0xf9, 0xff, 0xff, 0xc7, 0xff, 0x7f, 0xf,
    0xe1, 0xf8,

    /* U+00AB "«" */
    0x0, 0x7e, 0x7, 0xe0, 0x1f, 0x81, 0xf8, 0x7,
    0xe0, 0x7f, 0x0, 0xfc, 0xf, 0xc0, 0x3f, 0x3,
    0xf0, 0xf, 0xe0, 0xfe, 0x1, 0xf8, 0x1f, 0x80,
    0x7f, 0x7, 0xf0, 0x1f, 0xc1, 0xfc, 0x7, 0xf0,
    0x3f, 0x0, 0xfe, 0xf, 0xe0, 0x3f, 0x83, 0xf8,
    0xf, 0xf0, 0x7f, 0x0, 0xfe, 0xf, 0xe0, 0xf,
    0xe0, 0xfe, 0x0, 0xfc, 0xf, 0xc0, 0x1f, 0xc1,
    0xfc, 0x1, 0xfc, 0x1f, 0xc0, 0x1f, 0x81, 0xf8,
    0x3, 0xf8, 0x1f, 0x80, 0x3f, 0x3, 0xf0, 0x3,
    0xf0, 0x3f, 0x0, 0x7e, 0x3, 0xf0, 0x7, 0xe0,
    0x7e, 0x0, 0x7e, 0x7, 0xe0,

    /* U+00AC "¬" */
    0xff, 0xff, 0xff, 0xff, 0xff, 0xff, 0xff, 0xff,
    0xff, 0xff, 0xff, 0xff, 0xff, 0xff, 0xff, 0xff,
    0xc0, 0x0, 0x3, 0xf0, 0x0, 0x0, 0xfc, 0x0,
    0x0, 0x3f, 0x0, 0x0, 0xf, 0xc0, 0x0, 0x3,
    0xf0, 0x0, 0x0, 0xfc, 0x0, 0x0, 0x3f, 0x0,
    0x0, 0xf, 0xc0, 0x0, 0x3, 0xf0,

    /* U+00AD "­" */
    0xff, 0xff, 0xff, 0xff, 0xff, 0xff, 0xff, 0xff,
    0xff, 0xff, 0xff, 0xff, 0xff, 0xff, 0xff, 0xfc,

    /* U+00AE "®" */
    0x0, 0x0, 0x7f, 0xe0, 0x0, 0x0, 0x0, 0x3f,
    0xff, 0xc0, 0x0, 0x0, 0xf, 0xff, 0xff, 0x0,
    0x0, 0x3, 0xff, 0xff, 0xfc, 0x0, 0x0, 0x7f,
    0xc0, 0x3f, 0xe0, 0x0, 0xf, 0xe0, 0x0, 0x7f,
    0x0, 0x1, 0xf8, 0x0, 0x1, 0xf8, 0x0, 0x3f,
    0x0, 0x0, 0xf, 0xc0, 0x7, 0xe0, 0x0, 0x0,
    0x7e, 0x0, 0xfc, 0x0, 0x0, 0x3, 0xf0, 0xf,
    0x87, 0xff, 0xc0, 0x1f, 0x1, 0xf0, 0x7f, 0xff,
    0x0, 0xf8, 0x1e, 0x7, 0xff, 0xfc, 0x7, 0x83,
    0xe0, 0x7f, 0xff, 0xe0, 0x7c, 0x3c, 0x7, 0xc0,
    0x7e, 0x3, 0xc7, 0xc0, 0x7c, 0x3, 0xf0, 0x3e,
    0x78, 0x7, 0xc0, 0x1f, 0x1, 0xe7, 0x80, 0x7c,
    0x1, 0xf0, 0x1e, 0xf8, 0x7, 0xc0, 0x1f, 0x1,
    0xef, 0x0, 0x7c, 0x1, 0xf0, 0xf, 0xf0, 0x7,
    0xc0, 0x3f, 0x0, 0xff, 0x0, 0x7c, 0x7, 0xe0,
    0xf, 0xf0, 0x7, 0xff, 0xfc, 0x0, 0xff, 0x0,
    0x7f, 0xff, 0x80, 0xf, 0xf0, 0x7, 0xff, 0xf8,
    0x0, 0xff, 0x0, 0x7f, 0xff, 0xc0, 0xf, 0xf0,
    0x7, 0xc0, 0x7e, 0x0, 0xff, 0x0, 0x7c, 0x3,
    0xe0, 0xf, 0xf0, 0x7, 0xc0, 0x1f, 0x0, 0xf7,
    0x80, 0x7c, 0x1, 0xf0, 0x1e, 0x78, 0x7, 0xc0,
    0x1f, 0x1, 0xe7, 0x80, 0x7c, 0x1, 0xf0, 0x1e,
    0x7c, 0x7, 0xc0, 0x1f, 0x3, 0xe3, 0xc0, 0x7c,
    0x1, 0xf0, 0x3c, 0x3e, 0x7, 0xc0, 0x1f, 0x7,
    0xc1, 0xe0, 0x7c, 0x1, 0xf0, 0x78, 0x1f, 0x7,
    0xc0, 0x1f, 0xf, 0x80, 0xf8, 0x0, 0x0, 0x1,
    0xf0, 0xf, 0xc0, 0x0, 0x0, 0x3f, 0x0, 0x7e,
    0x0, 0x0, 0x7, 0xe0, 0x3, 0xf0, 0x0, 0x0,
    0xfc, 0x0, 0x1f, 0x80, 0x0, 0x1f, 0x80, 0x0,
    0xfe, 0x0, 0x7, 0xf0, 0x0, 0x7, 0xfc, 0x3,
    0xfe, 0x0, 0x0, 0x3f, 0xff, 0xff, 0xc0, 0x0,
    0x0, 0xff, 0xff, 0xf0, 0x0, 0x0, 0x3, 0xff,
    0xfc, 0x0, 0x0, 0x0, 0x7, 0xfe, 0x0, 0x0,

    /* U+00AF "¯" */
    0xff, 0xff, 0xff, 0xff, 0xff, 0xff, 0xff, 0xff,
    0xff, 0xff, 0xff, 0xff, 0xff, 0x80,

    /* U+00B0 "°" */
    0x3, 0xe0, 0x7, 0xfc, 0x7, 0xff, 0x87, 0xff,
    0xc7, 0xe3, 0xf3, 0xe0, 0xfb, 0xe0, 0x3f, 0xf0,
    0x1f, 0xf8, 0xf, 0xfc, 0x7, 0xfe, 0x3, 0xff,
    0x83, 0xe7, 0xe3, 0xf1, 0xff, 0xf0, 0xff, 0xf8,
    0x1f, 0xf0, 0x3, 0xf0, 0x0,

    /* U+00B1 "±" */
    0x0, 0x1f, 0xe0, 0x0, 0x0, 0xff, 0x0, 0x0,
    0x7, 0xf8, 0x0, 0x0, 0x3f, 0xc0, 0x0, 0x1,
    0xfe, 0x0, 0x0, 0xf, 0xf0, 0x0, 0x0, 0x7f,
    0x80, 0x0, 0x3, 0xfc, 0x0, 0x0, 0x1f, 0xe0,
    0x0, 0x0, 0xff, 0x0, 0x0, 0x7, 0xf8, 0x1,
    0xff, 0xff, 0xff, 0xff, 0xff, 0xff, 0xff, 0xff,
    0xff, 0xff, 0xff, 0xff, 0xff, 0xff, 0xff, 0xff,
    0xff, 0xff, 0xff, 0xff, 0xff, 0xff, 0xff, 0xff,
    0xff, 0xc0, 0x7, 0xf8, 0x0, 0x0, 0x3f, 0xc0,
    0x0, 0x1, 0xfe, 0x0, 0x0, 0xf, 0xf0, 0x0,
    0x0, 0x7f, 0x80, 0x0, 0x3, 0xfc, 0x0, 0x0,
    0x1f, 0xe0, 0x0, 0x0, 0xff, 0x0, 0x0, 0x7,
    0xf8, 0x0, 0x0, 0x3f, 0xc0, 0x0, 0x1, 0xfe,
    0x0, 0x0, 0xf, 0xf0, 0x0, 0x0, 0x0, 0x0,
    0x0, 0x0, 0x0, 0x0, 0x0, 0x0, 0x0, 0x0,
    0x0, 0x0, 0x0, 0x1f, 0xff, 0xff, 0xfc, 0xff,
    0xff, 0xff, 0xe7, 0xff, 0xff, 0xff, 0x3f, 0xff,
    0xff, 0xf9, 0xff, 0xff, 0xff, 0xcf, 0xff, 0xff,
    0xfe, 0x7f, 0xff, 0xff, 0xf0,

    /* U+00B2 "²" */
    0x3, 0xf8, 0x0, 0xff, 0xf0, 0x1f, 0xff, 0x83,
    0xff, 0xfc, 0x7f, 0xff, 0xc7, 0xf0, 0xfe, 0xfe,
    0x7, 0xef, 0xc0, 0x7e, 0xfc, 0x7, 0xe0, 0x0,
    0xfe, 0x0, 0xf, 0xc0, 0x1, 0xfc, 0x0, 0x3f,
    0x80, 0x7, 0xf0, 0x0, 0xfe, 0x0, 0x1f, 0xc0,
    0x3, 0xf8, 0x0, 0x7f, 0x0, 0x1f, 0xe0, 0x3,
    0xf8, 0x0, 0x7f, 0xff, 0xf7, 0xff, 0xff, 0x7f,
    0xff, 0xf7, 0xff, 0xff, 0x7f, 0xff, 0xf0,

    /* U+00B3 "³" */
    0x1, 0xfc, 0x0, 0xff, 0xf8, 0x1f, 0xff, 0xc3,
    0xff, 0xfe, 0x7f, 0xff, 0xf7, 0xf0, 0x7f, 0x7e,
    0x3, 0xf0, 0x0, 0x3f, 0x0, 0x3, 0xf0, 0x0,
    0x7e, 0x1, 0xff, 0xe0, 0x1f, 0xf8, 0x1, 0xfe,
    0x0, 0x1f, 0xfc, 0x0, 0x1f, 0xe0, 0x0, 0x7f,
    0x0, 0x3, 0xff, 0xc0, 0x3f, 0xfc, 0x3, 0xff,
    0xf0, 0x7f, 0x7f, 0xff, 0xe7, 0xff, 0xfe, 0x3f,
    0xff, 0xc1, 0xff, 0xf0, 0x3, 0xfc, 0x0,

    /* U+00B4 "´" */
    0x3, 0xff, 0x7, 0xfe, 0x7, 0xfc, 0xf, 0xf8,
    0xf, 0xf0, 0x1f, 0xe0, 0x3f, 0xc0, 0x3f, 0xc0,
    0x7f, 0x80, 0xff, 0x0,

    /* U+00B5 "µ" */
    0xff, 0x80, 0x7, 0xff, 0xfe, 0x0, 0x1f, 0xff,
    0xf8, 0x0, 0x7f, 0xff, 0xe0, 0x1, 0xff, 0xff,
    0x80, 0x7, 0xff, 0xfe, 0x0, 0x1f, 0xff, 0xf8,
    0x0, 0x7f, 0xff, 0xe0, 0x1, 0xff, 0xff, 0x80,
    0x7, 0xff, 0xfe, 0x0, 0x1f, 0xff, 0xf8, 0x0,
    0x7f, 0xff, 0xe0, 0x1, 0xff, 0xff, 0x80, 0x7,
    0xff, 0xfe, 0x0, 0x1f, 0xff, 0xf8, 0x0, 0x7f,
    0xff, 0xe0, 0x1, 0xff, 0xff, 0x80, 0x7, 0xff,
    0xfe, 0x0, 0x1f, 0xff, 0xf8, 0x0, 0x7f, 0xff,
    0xe0, 0x1, 0xff, 0xff, 0x80, 0x7, 0xff, 0xfe,
    0x0, 0x1f, 0xff, 0xf8, 0x0, 0x7f, 0xff, 0xe0,
    0x1, 0xff, 0xff, 0xc0, 0x7, 0xff, 0xff, 0x0,
    0x3f, 0xff, 0xfe, 0x1, 0xff, 0xff, 0xff, 0xff,
    0xff, 0xff, 0xff, 0xff, 0xff, 0xff, 0xff, 0xff,
    0xff, 0xff, 0xff, 0xff, 0xff, 0xff, 0xff, 0xff,
    0xff, 0xff, 0xff, 0xff, 0xfe, 0xff, 0x8f, 0xff,
    0xf8, 0x20, 0x0, 0x3f, 0xe0, 0x0, 0x0, 0xff,
    0x80, 0x0, 0x3, 0xfe, 0x0, 0x0, 0xf, 0xf8,
    0x0, 0x0, 0x3f, 0xe0, 0x0, 0x0, 0xff, 0x80,
    0x0, 0x3, 0xfe, 0x0, 0x0, 0xf, 0xf8, 0x0,
    0x0, 0x3f, 0xe0, 0x0, 0x0, 0xff, 0x80, 0x0,
    0x3, 0xfe, 0x0, 0x0, 0xf, 0xf8, 0x0, 0x0,
    0x0,

    /* U+00B6 "¶" */
    0x0, 0x1f, 0xff, 0x80, 0x7f, 0xff, 0xc0, 0xff,
    0xff, 0xe0, 0xff, 0xff, 0xf0, 0xff, 0xff, 0xf8,
    0xff, 0xff, 0xfc, 0xff, 0xff, 0xfe, 0x7f, 0xff,
    0xff, 0x7f, 0xff, 0xff, 0xbf, 0xff, 0xff, 0xff,
    0xff, 0xff, 0xff, 0xff, 0xff, 0xff, 0xff, 0xff,
    0xff, 0xff, 0xff, 0xff, 0xff, 0xff, 0xff, 0xff,
    0xff, 0xff, 0xff, 0xff, 0xff, 0xff, 0xff, 0xff,
    0xff, 0xff, 0xff, 0xef, 0xff, 0xff, 0xf7, 0xff,
    0xff, 0xf9, 0xff, 0xff, 0xfc, 0xff, 0xff, 0xfe,
    0x3f, 0xff, 0xff, 0xf, 0xff, 0xff, 0x83, 0xff,
    0xff, 0xc0, 0xff, 0xff, 0xe0, 0x1f, 0xff, 0xf0,
    0x1, 0xff, 0xf8, 0x0, 0x1, 0xfc, 0x0, 0x0,
    0xfe, 0x0, 0x0, 0x7f, 0x0, 0x0, 0x3f, 0x80,
    0x0, 0x1f, 0xc0, 0x0, 0xf, 0xe0, 0x0, 0x7,
    0xf0, 0x0, 0x3, 0xf8, 0x0, 0x1, 0xfc, 0x0,
    0x0, 0xfe, 0x0, 0x0, 0x7f, 0x0, 0x0, 0x3f,
    0x80, 0x0, 0x1f, 0xc0, 0x0, 0xf, 0xe0, 0x0,
    0x7, 0xf0, 0x0, 0x3, 0xf8, 0x0, 0x1, 0xfc,

    /* U+00B7 "·" */
    0x1e, 0x1f, 0xef, 0xff, 0xff, 0xff, 0xff, 0xff,
    0xfd, 0xfe, 0x1e, 0x0,

    /* U+00B8 "¸" */
    0x7f, 0x3, 0xf8, 0x1f, 0xf0, 0xff, 0xe0, 0xff,
    0x3, 0xfc, 0x1f, 0xe0, 0xff, 0x7, 0xf8, 0x7f,
    0xdf, 0xfc, 0xff, 0xe7, 0xfe, 0x3f, 0xc1, 0xf0,
    0x0,

    /* U+00B9 "¹" */
    0x0, 0x0, 0xf, 0x7, 0xf3, 0xff, 0xff, 0xff,
    0xff, 0xff, 0xff, 0xff, 0xc3, 0xf0, 0x3f, 0x3,
    0xf0, 0x3f, 0x3, 0xf0, 0x3f, 0x3, 0xf0, 0x3f,
    0x3, 0xf0, 0x3f, 0x3, 0xf0, 0x3f, 0x3, 0xf0,
    0x3f, 0x3, 0xf0, 0x3f, 0x3, 0xf0,

    /* U+00BA "º" */
    0x1, 0xfe, 0x0, 0x1f, 0xfe, 0x0, 0xff, 0xfc,
    0x7, 0xff, 0xf8, 0x3f, 0xff, 0xf1, 0xfe, 0x1f,
    0xe7, 0xe0, 0x3f, 0xbf, 0x80, 0x7e, 0xfc, 0x0,
    0xff, 0xf0, 0x3, 0xff, 0xc0, 0xf, 0xff, 0x0,
    0x3f, 0xfc, 0x0, 0xff, 0xf0, 0x3, 0xff, 0xc0,
    0xf, 0xff, 0x0, 0x3f, 0xfc, 0x0, 0xff, 0xf8,
    0x7, 0xe7, 0xe0, 0x1f, 0x9f, 0xe1, 0xfe, 0x3f,
    0xff, 0xf0, 0x7f, 0xff, 0x80, 0xff, 0xfc, 0x1,
    0xff, 0xe0, 0x1, 0xfe, 0x0,

    /* U+00BB "»" */
    0xfc, 0xf, 0xc0, 0xf, 0xc0, 0xfc, 0x1, 0xf8,
    0x1f, 0x80, 0x1f, 0x81, 0xf8, 0x3, 0xf8, 0x1f,
    0x80, 0x3f, 0x3, 0xf0, 0x7, 0xf0, 0x3f, 0x0,
    0x7f, 0x7, 0xf0, 0x7, 0xe0, 0x7e, 0x0, 0xfe,
    0xf, 0xe0, 0xf, 0xe0, 0xfe, 0x1, 0xfc, 0xf,
    0xe0, 0x1f, 0xc1, 0xfc, 0x7, 0xf8, 0x3f, 0x80,
    0xfe, 0xf, 0xe0, 0x3f, 0x83, 0xf8, 0x7, 0xe0,
    0x7f, 0x1, 0xfc, 0x1f, 0xc0, 0x7f, 0x3, 0xf0,
    0xf, 0xc0, 0xfe, 0x3, 0xf8, 0x1f, 0x80, 0x7e,
    0x7, 0xe0, 0x1f, 0x81, 0xfc, 0x3, 0xf0, 0x3f,
    0x0, 0xfc, 0xf, 0xc0, 0x0,

    /* U+00BC "¼" */
    0x0, 0x30, 0x0, 0x0, 0x0, 0x1, 0xf0, 0x0,
    0x0, 0x0, 0xf, 0xf0, 0x0, 0x0, 0x0, 0x7f,
    0xf0, 0x0, 0x0, 0x0, 0xff, 0xf0, 0x0, 0xc,
    0x0, 0xff, 0xf0, 0x0, 0xf, 0x0, 0xff, 0xf0,
    0x0, 0x1f, 0x80, 0xfb, 0xf0, 0x0, 0x1f, 0x0,
    0x83, 0xf0, 0x0, 0x3f, 0x0, 0x3, 0xf0, 0x0,
    0x7e, 0x0, 0x3, 0xf0, 0x0, 0x7e, 0x0, 0x3,
    0xf0, 0x0, 0xfc, 0x0, 0x3, 0xf0, 0x0, 0xf8,
    0x0, 0x3, 0xf0, 0x1, 0xf8, 0x0, 0x3, 0xf0,
    0x3, 0xf0, 0x0, 0x3, 0xf0, 0x3, 0xf0, 0x0,
    0x3, 0xf0, 0x7, 0xe0, 0x0, 0x3, 0xf0, 0x7,
    0xc0, 0x0, 0x3, 0xf0, 0xf, 0xc0, 0x0, 0x3,
    0xf0, 0x1f, 0x80, 0x0, 0x3, 0xf0, 0x1f, 0x0,
    0x0, 0x3, 0xf0, 0x3f, 0x1, 0xf8, 0x3, 0xf0,
    0x7e, 0x3, 0xf8, 0x3, 0xf0, 0x7e, 0x7, 0xf8,
    0x3, 0xf0, 0xfc, 0xf, 0xf8, 0x0, 0x0, 0xf8,
    0xf, 0xf8, 0x0, 0x1, 0xf8, 0x1f, 0xf8, 0x0,
    0x3, 0xf0, 0x3f, 0xf8, 0x0, 0x3, 0xf0, 0x3f,
    0xf8, 0x0, 0x7, 0xe0, 0x7d, 0xf8, 0x0, 0x7,
    0xc0, 0xfd, 0xf8, 0x0, 0xf, 0xc0, 0xf9, 0xf8,
    0x0, 0x1f, 0x81, 0xf1, 0xf8, 0x0, 0x1f, 0x83,
    0xf1, 0xf8, 0x0, 0x3f, 0x7, 0xe1, 0xf8, 0x0,
    0x3e, 0x7, 0xc1, 0xf8, 0x0, 0x7e, 0xf, 0xff,
    0xff, 0x0, 0xfc, 0xf, 0xff, 0xff, 0x0, 0xf8,
    0xf, 0xff, 0xff, 0x1, 0xf8, 0xf, 0xff, 0xff,
    0x0, 0xf0, 0xf, 0xff, 0xff, 0x0, 0x70, 0x0,
    0x1, 0xf8, 0x0, 0x0, 0x0, 0x1, 0xf8, 0x0,
    0x0, 0x0, 0x1, 0xf8, 0x0, 0x0, 0x0, 0x1,
    0xf8, 0x0, 0x0, 0x0, 0x1, 0xf8,

    /* U+00BD "½" */
    0x0, 0x10, 0x0, 0x0, 0x0, 0x0, 0x1e, 0x0,
    0x0, 0x0, 0x0, 0x1f, 0xc0, 0x0, 0x0, 0x0,
    0x1f, 0xf8, 0x0, 0x0, 0x0, 0xf, 0xff, 0x0,
    0x0, 0x80, 0x1, 0xff, 0xe0, 0x0, 0x3c, 0x0,
    0x3f, 0xfc, 0x0, 0x7, 0xe0, 0x7, 0xff, 0x80,
    0x1, 0xf8, 0x0, 0xc3, 0xf0, 0x0, 0x3e, 0x0,
    0x0, 0x7e, 0x0, 0xf, 0xc0, 0x0, 0xf, 0xc0,
    0x3, 0xf0, 0x0, 0x1, 0xf8, 0x0, 0x7e, 0x0,
    0x0, 0x3f, 0x0, 0x1f, 0x80, 0x0, 0x7, 0xe0,
    0x7, 0xe0, 0x0, 0x0, 0xfc, 0x0, 0xfc, 0x0,
    0x0, 0x1f, 0x80, 0x3f, 0x0, 0x0, 0x3, 0xf0,
    0x7, 0xc0, 0x0, 0x0, 0x7e, 0x1, 0xf8, 0x0,
    0x0, 0xf, 0xc0, 0x7e, 0x0, 0x0, 0x1, 0xf8,
    0xf, 0xc0, 0x0, 0x0, 0x3f, 0x3, 0xf0, 0x0,
    0x0, 0x7, 0xe0, 0xfc, 0x7, 0xf0, 0x0, 0xfc,
    0x1f, 0x83, 0xff, 0xc0, 0x1f, 0x87, 0xe0, 0xff,
    0xfc, 0x3, 0xf0, 0xf8, 0x3f, 0xff, 0xc0, 0x0,
    0x3f, 0xf, 0xff, 0xf8, 0x0, 0xf, 0xc1, 0xfc,
    0x3f, 0x80, 0x1, 0xf8, 0x7f, 0x3, 0xf0, 0x0,
    0x7e, 0xf, 0xc0, 0x7e, 0x0, 0xf, 0x81, 0xf8,
    0xf, 0xc0, 0x3, 0xf0, 0x0, 0x3, 0xf8, 0x0,
    0xfc, 0x0, 0x0, 0x7e, 0x0, 0x1f, 0x0, 0x0,
    0x1f, 0xc0, 0x7, 0xe0, 0x0, 0x7, 0xf0, 0x1,
    0xf8, 0x0, 0x1, 0xfc, 0x0, 0x3f, 0x0, 0x0,
    0xff, 0x0, 0xf, 0xc0, 0x0, 0x3f, 0xc0, 0x1,
    0xf0, 0x0, 0xf, 0xf0, 0x0, 0x7e, 0x0, 0x3,
    0xfc, 0x0, 0x1f, 0x80, 0x0, 0xff, 0x0, 0x1,
    0xf0, 0x0, 0x3f, 0x80, 0x0, 0xc, 0x0, 0x1f,
    0xff, 0xfc, 0x0, 0x0, 0x3, 0xff, 0xff, 0x80,
    0x0, 0x0, 0x7f, 0xff, 0xf0, 0x0, 0x0, 0xf,
    0xff, 0xfe, 0x0, 0x0, 0x1, 0xff, 0xff, 0xc0,

    /* U+00BE "¾" */
    0x1, 0xfc, 0x0, 0x0, 0x0, 0x0, 0x3f, 0xfe,
    0x0, 0x0, 0x0, 0x1, 0xff, 0xfc, 0x0, 0x0,
    0x0, 0xf, 0xff, 0xf8, 0x0, 0x0, 0x0, 0x7f,
    0xff, 0xf0, 0x0, 0x0, 0x1, 0xfc, 0x1f, 0xc0,
    0x0, 0xe0, 0x7, 0xe0, 0x3f, 0x0, 0x7, 0xe0,
    0x0, 0x0, 0xfc, 0x0, 0x1f, 0x80, 0x0, 0x3,
    0xf0, 0x0, 0xfc, 0x0, 0x0, 0x1f, 0x80, 0x3,
    0xe0, 0x0, 0x1f, 0xfe, 0x0, 0x1f, 0x80, 0x0,
    0x7f, 0xe0, 0x0, 0xfc, 0x0, 0x1, 0xfe, 0x0,
    0x3, 0xe0, 0x0, 0x7, 0xff, 0x0, 0x1f, 0x80,
    0x0, 0x1, 0xfe, 0x0, 0xfc, 0x0, 0x0, 0x1,
    0xfc, 0x3, 0xf0, 0x0, 0x0, 0x3, 0xf0, 0x1f,
    0x80, 0x3, 0xf0, 0xf, 0xc0, 0x7c, 0x0, 0xf,
    0xc0, 0x3f, 0x3, 0xf0, 0x0, 0x3f, 0xc1, 0xfc,
    0x1f, 0x80, 0x0, 0x7f, 0xff, 0xe0, 0x7c, 0x0,
    0x1, 0xff, 0xff, 0x83, 0xf0, 0x3f, 0x83, 0xff,
    0xfc, 0xf, 0x80, 0xfe, 0x7, 0xff, 0xc0, 0x7e,
    0x7, 0xf8, 0x3, 0xfc, 0x3, 0xf0, 0x3f, 0xe0,
    0x0, 0x0, 0xf, 0x80, 0xff, 0x80, 0x0, 0x0,
    0x7e, 0x7, 0xfe, 0x0, 0x0, 0x3, 0xf0, 0x3f,
    0xf8, 0x0, 0x0, 0xf, 0x81, 0xff, 0xe0, 0x0,
    0x0, 0x7e, 0x7, 0xdf, 0x80, 0x0, 0x1, 0xf0,
    0x3f, 0x7e, 0x0, 0x0, 0xf, 0xc1, 0xf9, 0xf8,
    0x0, 0x0, 0x7e, 0xf, 0xc7, 0xe0, 0x0, 0x1,
    0xf0, 0x3e, 0x1f, 0x80, 0x0, 0xf, 0xc1, 0xf8,
    0x7e, 0x0, 0x0, 0x7e, 0xf, 0xc1, 0xf8, 0x0,
    0x1, 0xf0, 0x7f, 0xff, 0xfc, 0x0, 0xf, 0xc1,
    0xff, 0xff, 0xf0, 0x0, 0x3e, 0x7, 0xff, 0xff,
    0xc0, 0x1, 0xf0, 0xf, 0xff, 0xff, 0x0, 0x7,
    0xc0, 0x3f, 0xff, 0xfc, 0x0, 0x6, 0x0, 0x0,
    0x1f, 0x80, 0x0, 0x0, 0x0, 0x0, 0x7e, 0x0,
    0x0, 0x0, 0x0, 0x1, 0xf8, 0x0, 0x0, 0x0,
    0x0, 0x7, 0xe0, 0x0, 0x0, 0x0, 0x0, 0x1f,
    0x80,

    /* U+00BF "¿" */
    0x0, 0x0, 0x0, 0x0, 0x0, 0xfc, 0x0, 0x0,
    0x1f, 0xe0, 0x0, 0x3, 0xff, 0x0, 0x0, 0x3f,
    0xf0, 0x0, 0x3, 0xff, 0x0, 0x0, 0x3f, 0xf0,
    0x0, 0x1, 0xfe, 0x0, 0x0, 0xf, 0xc0, 0x0,
    0x0, 0x20, 0x0, 0x0, 0x0, 0x0, 0x0, 0x0,
    0x0, 0x0, 0x0, 0x0, 0x0, 0x0, 0x0, 0x0,
    0x0, 0x0, 0x0, 0x0, 0x0, 0x1, 0xfe, 0x0,
    0x0, 0x1f, 0xe0, 0x0, 0x1, 0xfe, 0x0, 0x0,
    0x3f, 0xe0, 0x0, 0x3, 0xfe, 0x0, 0x0, 0x7f,
    0xc0, 0x0, 0xf, 0xfc, 0x0, 0x1, 0xff, 0xc0,
    0x0, 0x3f, 0xf8, 0x0, 0x7, 0xff, 0x0, 0x0,
    0xff, 0xe0, 0x0, 0x1f, 0xfc, 0x0, 0x1, 0xff,
    0x80, 0x0, 0x3f, 0xf0, 0x0, 0x7, 0xfe, 0x0,
    0x0, 0x7f, 0xc0, 0x0, 0xf, 0xfc, 0x0, 0x0,
    0xff, 0x80, 0x0, 0xf, 0xf8, 0x0, 0x0, 0xff,
    0x80, 0x1f, 0xff, 0xf8, 0x1, 0xff, 0xff, 0x80,
    0x1f, 0xff, 0xfc, 0x3, 0xff, 0xff, 0xc0, 0x3f,
    0xe7, 0xfe, 0xf, 0xfe, 0x7f, 0xff, 0xff, 0xe3,
    0xff, 0xff, 0xfc, 0x3f, 0xff, 0xff, 0x81, 0xff,
    0xff, 0xf0, 0x7, 0xff, 0xfe, 0x0, 0x3f, 0xff,
    0x80, 0x0, 0x7f, 0xe0, 0x0,

    /* U+00C0 "À" */
    0x0, 0x3f, 0xf0, 0x0, 0x0, 0x0, 0x3, 0xff,
    0x0, 0x0, 0x0, 0x0, 0x3f, 0xe0, 0x0, 0x0,
    0x0, 0x3, 0xfe, 0x0, 0x0, 0x0, 0x0, 0x3f,
    0xc0, 0x0, 0x0, 0x0, 0x7, 0xfc, 0x0, 0x0,
    0x0, 0x0, 0x7f, 0xc0, 0x0, 0x0, 0x0, 0x7,
    0xf8, 0x0, 0x0, 0x0, 0x0, 0x7f, 0x80, 0x0,
    0x0, 0x0, 0x7, 0xf0, 0x0, 0x0, 0x0, 0x0,
    0x0, 0x0, 0x0, 0x0, 0x0, 0x0, 0x0, 0x0,
    0x0, 0x0, 0x0, 0x0, 0x0, 0x0, 0x0, 0x0,
    0xff, 0x80, 0x0, 0x0, 0x0, 0x3f, 0xf0, 0x0,
    0x0, 0x0, 0x7, 0xff, 0x0, 0x0, 0x0, 0x0,
    0xff, 0xe0, 0x0, 0x0, 0x0, 0x3f, 0xfc, 0x0,
    0x0, 0x0, 0x7, 0xff, 0xc0, 0x0, 0x0, 0x1,
    0xff, 0xf8, 0x0, 0x0, 0x0, 0x3f, 0xff, 0x0,
    0x0, 0x0, 0x7, 0xff, 0xf0, 0x0, 0x0, 0x1,
    0xff, 0xfe, 0x0, 0x0, 0x0, 0x3f, 0xff, 0xc0,
    0x0, 0x0, 0x7, 0xff, 0xfc, 0x0, 0x0, 0x1,
    0xff, 0x7f, 0x80, 0x0, 0x0, 0x3f, 0xcf, 0xf8,
    0x0, 0x0, 0x7, 0xf9, 0xff, 0x0, 0x0, 0x1,
    0xff, 0x1f, 0xe0, 0x0, 0x0, 0x3f, 0xe3, 0xfe,
    0x0, 0x0, 0xf, 0xf8, 0x7f, 0xc0, 0x0, 0x1,
    0xff, 0x7, 0xf8, 0x0, 0x0, 0x3f, 0xe0, 0xff,
    0x80, 0x0, 0xf, 0xf8, 0x1f, 0xf0, 0x0, 0x1,
    0xff, 0x1, 0xff, 0x0, 0x0, 0x3f, 0xe0, 0x3f,
    0xe0, 0x0, 0xf, 0xf8, 0x7, 0xfc, 0x0, 0x1,
    0xff, 0x0, 0x7f, 0xc0, 0x0, 0x7f, 0xe0, 0xf,
    0xf8, 0x0, 0xf, 0xf8, 0x1, 0xff, 0x0, 0x1,
    0xff, 0x0, 0x1f, 0xf0, 0x0, 0x7f, 0xe0, 0x3,
    0xfe, 0x0, 0xf, 0xff, 0xff, 0xff, 0xc0, 0x1,
    0xff, 0xff, 0xff, 0xfc, 0x0, 0x7f, 0xff, 0xff,
    0xff, 0x80, 0xf, 0xff, 0xff, 0xff, 0xf8, 0x1,
    0xff, 0xff, 0xff, 0xff, 0x0, 0x7f, 0xff, 0xff,
    0xff, 0xe0, 0xf, 0xff, 0xff, 0xff, 0xfe, 0x3,
    0xff, 0x0, 0x0, 0xff, 0xc0, 0x7f, 0xe0, 0x0,
    0xf, 0xf8, 0xf, 0xf8, 0x0, 0x1, 0xff, 0x83,
    0xff, 0x0, 0x0, 0x3f, 0xf0, 0x7f, 0xe0, 0x0,
    0x3, 0xff, 0xf, 0xf8, 0x0, 0x0, 0x7f, 0xe3,
    0xff, 0x0, 0x0, 0xf, 0xfc, 0x7f, 0xe0, 0x0,
    0x0, 0xff, 0xcf, 0xf8, 0x0, 0x0, 0x1f, 0xfb,
    0xff, 0x0, 0x0, 0x3, 0xff, 0x0,

    /* U+00C1 "Á" */
    0x0, 0x0, 0x1, 0xff, 0x0, 0x0, 0x0, 0x0,
    0x7f, 0xe0, 0x0, 0x0, 0x0, 0xf, 0xf8, 0x0,
    0x0, 0x0, 0x3, 0xfe, 0x0, 0x0, 0x0, 0x0,
    0xff, 0x80, 0x0, 0x0, 0x0, 0x1f, 0xe0, 0x0,
    0x0, 0x0, 0x7, 0xf8, 0x0, 0x0, 0x0, 0x0,
    0xfe, 0x0, 0x0, 0x0, 0x0, 0x3f, 0xc0, 0x0,
    0x0, 0x0, 0xf, 0xf0, 0x0, 0x0, 0x0, 0x0,
    0x0, 0x0, 0x0, 0x0, 0x0, 0x0, 0x0, 0x0,
    0x0, 0x0, 0x0, 0x0, 0x0, 0x0, 0x0, 0x0,
    0xff, 0x80, 0x0, 0x0, 0x0, 0x3f, 0xf0, 0x0,
    0x0, 0x0, 0x7, 0xff, 0x0, 0x0, 0x0, 0x0,
    0xff, 0xe0, 0x0, 0x0, 0x0, 0x3f, 0xfc, 0x0,
    0x0, 0x0, 0x7, 0xff, 0xc0, 0x0, 0x0, 0x1,
    0xff, 0xf8, 0x0, 0x0, 0x0, 0x3f, 0xff, 0x0,
    0x0, 0x0, 0x7, 0xff, 0xf0, 0x0, 0x0, 0x1,
    0xff, 0xfe, 0x0, 0x0, 0x0, 0x3f, 0xff, 0xc0,
    0x0, 0x0, 0x7, 0xff, 0xfc, 0x0, 0x0, 0x1,
    0xff, 0x7f, 0x80, 0x0, 0x0, 0x3f, 0xcf, 0xf8,
    0x0, 0x0, 0x7, 0xf9, 0xff, 0x0, 0x0, 0x1,
    0xff, 0x1f, 0xe0, 0x0, 0x0, 0x3f, 0xe3, 0xfe,
    0x0, 0x0, 0xf, 0xf8, 0x7f, 0xc0, 0x0, 0x1,
    0xff, 0x7, 0xf8, 0x0, 0x0, 0x3f, 0xe0, 0xff,
    0x80, 0x0, 0xf, 0xf8, 0x1f, 0xf0, 0x0, 0x1,
    0xff, 0x1, 0xff, 0x0, 0x0, 0x3f, 0xe0, 0x3f,
    0xe0, 0x0, 0xf, 0xf8, 0x7, 0xfc, 0x0, 0x1,
    0xff, 0x0, 0x7f, 0xc0, 0x0, 0x7f, 0xe0, 0xf,
    0xf8, 0x0, 0xf, 0xf8, 0x1, 0xff, 0x0, 0x1,
    0xff, 0x0, 0x1f, 0xf0, 0x0, 0x7f, 0xe0, 0x3,
    0xfe, 0x0, 0xf, 0xff, 0xff, 0xff, 0xc0, 0x1,
    0xff, 0xff, 0xff, 0xfc, 0x0, 0x7f, 0xff, 0xff,
    0xff, 0x80, 0xf, 0xff, 0xff, 0xff, 0xf8, 0x1,
    0xff, 0xff, 0xff, 0xff, 0x0, 0x7f, 0xff, 0xff,
    0xff, 0xe0, 0xf, 0xff, 0xff, 0xff, 0xfe, 0x3,
    0xff, 0x0, 0x0, 0xff, 0xc0, 0x7f, 0xe0, 0x0,
    0xf, 0xf8, 0xf, 0xf8, 0x0, 0x1, 0xff, 0x83,
    0xff, 0x0, 0x0, 0x3f, 0xf0, 0x7f, 0xe0, 0x0,
    0x3, 0xff, 0xf, 0xf8, 0x0, 0x0, 0x7f, 0xe3,
    0xff, 0x0, 0x0, 0xf, 0xfc, 0x7f, 0xe0, 0x0,
    0x0, 0xff, 0xcf, 0xf8, 0x0, 0x0, 0x1f, 0xfb,
    0xff, 0x0, 0x0, 0x3, 0xff, 0x0,

    /* U+00C2 "Â" */
    0x0, 0x0, 0x1f, 0x0, 0x0, 0x0, 0x0, 0x7,
    0xf0, 0x0, 0x0, 0x0, 0x1, 0xff, 0x0, 0x0,
    0x0, 0x0, 0xff, 0xf0, 0x0, 0x0, 0x0, 0x3f,
    0xff, 0x0, 0x0, 0x0, 0xf, 0xf7, 0xf0, 0x0,
    0x0, 0x3, 0xfc, 0x7f, 0x0, 0x0, 0x0, 0xff,
    0x7, 0xf0, 0x0, 0x0, 0x3f, 0xc0, 0x7f, 0x0,
    0x0, 0xf, 0xe0, 0x7, 0xf0, 0x0, 0x0, 0x0,
    0x0, 0x0, 0x0, 0x0, 0x0, 0x0, 0x0, 0x0,
    0x0, 0x0, 0x0, 0x0, 0x0, 0x0, 0x0, 0x0,
    0xff, 0x80, 0x0, 0x0, 0x0, 0x3f, 0xf0, 0x0,
    0x0, 0x0, 0x7, 0xff, 0x0, 0x0, 0x0, 0x0,
    0xff, 0xe0, 0x0, 0x0, 0x0, 0x3f, 0xfc, 0x0,
    0x0, 0x0, 0x7, 0xff, 0xc0, 0x0, 0x0, 0x1,
    0xff, 0xf8, 0x0, 0x0, 0x0, 0x3f, 0xff, 0x0,
    0x0, 0x0, 0x7, 0xff, 0xf0, 0x0, 0x0, 0x1,
    0xff, 0xfe, 0x0, 0x0, 0x0, 0x3f, 0xff, 0xc0,
    0x0, 0x0, 0x7, 0xff, 0xfc, 0x0, 0x0, 0x1,
    0xff, 0x7f, 0x80, 0x0, 0x0, 0x3f, 0xcf, 0xf8,
    0x0, 0x0, 0x7, 0xf9, 0xff, 0x0, 0x0, 0x1,
    0xff, 0x1f, 0xe0, 0x0, 0x0, 0x3f, 0xe3, 0xfe,
    0x0, 0x0, 0xf, 0xf8, 0x7f, 0xc0, 0x0, 0x1,
    0xff, 0x7, 0xf8, 0x0, 0x0, 0x3f, 0xe0, 0xff,
    0x80, 0x0, 0xf, 0xf8, 0x1f, 0xf0, 0x0, 0x1,
    0xff, 0x1, 0xff, 0x0, 0x0, 0x3f, 0xe0, 0x3f,
    0xe0, 0x0, 0xf, 0xf8, 0x7, 0xfc, 0x0, 0x1,
    0xff, 0x0, 0x7f, 0xc0, 0x0, 0x7f, 0xe0, 0xf,
    0xf8, 0x0, 0xf, 0xf8, 0x1, 0xff, 0x0, 0x1,
    0xff, 0x0, 0x1f, 0xf0, 0x0, 0x7f, 0xe0, 0x3,
    0xfe, 0x0, 0xf, 0xff, 0xff, 0xff, 0xc0, 0x1,
    0xff, 0xff, 0xff, 0xfc, 0x0, 0x7f, 0xff, 0xff,
    0xff, 0x80, 0xf, 0xff, 0xff, 0xff, 0xf8, 0x1,
    0xff, 0xff, 0xff, 0xff, 0x0, 0x7f, 0xff, 0xff,
    0xff, 0xe0, 0xf, 0xff, 0xff, 0xff, 0xfe, 0x3,
    0xff, 0x0, 0x0, 0xff, 0xc0, 0x7f, 0xe0, 0x0,
    0xf, 0xf8, 0xf, 0xf8, 0x0, 0x1, 0xff, 0x83,
    0xff, 0x0, 0x0, 0x3f, 0xf0, 0x7f, 0xe0, 0x0,
    0x3, 0xff, 0xf, 0xf8, 0x0, 0x0, 0x7f, 0xe3,
    0xff, 0x0, 0x0, 0xf, 0xfc, 0x7f, 0xe0, 0x0,
    0x0, 0xff, 0xcf, 0xf8, 0x0, 0x0, 0x1f, 0xfb,
    0xff, 0x0, 0x0, 0x3, 0xff, 0x0,

    /* U+00C3 "Ã" */
    0x0, 0x3, 0xe0, 0xf, 0x80, 0x0, 0x0, 0xff,
    0x1, 0xf0, 0x0, 0x0, 0x3f, 0xf8, 0x7e, 0x0,
    0x0, 0xf, 0xff, 0xff, 0x80, 0x0, 0x1, 0xff,
    0xff, 0xf0, 0x0, 0x0, 0x7f, 0xff, 0xfc, 0x0,
    0x0, 0xf, 0xc3, 0xff, 0x0, 0x0, 0x1, 0xf0,
    0xf, 0xc0, 0x0, 0x0, 0x0, 0x0, 0x0, 0x0,
    0x0, 0x0, 0x0, 0x0, 0x0, 0x0, 0x0, 0x0,
    0x0, 0x0, 0x0, 0x0, 0x0, 0x0, 0x0, 0x0,
    0x0, 0x0, 0x7, 0xfc, 0x0, 0x0, 0x0, 0x0,
    0xff, 0x80, 0x0, 0x0, 0x0, 0x3f, 0xf8, 0x0,
    0x0, 0x0, 0x7, 0xff, 0x0, 0x0, 0x0, 0x1,
    0xff, 0xe0, 0x0, 0x0, 0x0, 0x3f, 0xfe, 0x0,
    0x0, 0x0, 0x7, 0xff, 0xc0, 0x0, 0x0, 0x1,
    0xff, 0xf8, 0x0, 0x0, 0x0, 0x3f, 0xff, 0x80,
    0x0, 0x0, 0x7, 0xff, 0xf0, 0x0, 0x0, 0x1,
    0xff, 0xff, 0x0, 0x0, 0x0, 0x3f, 0xdf, 0xe0,
    0x0, 0x0, 0xf, 0xfb, 0xfc, 0x0, 0x0, 0x1,
    0xff, 0x7f, 0xc0, 0x0, 0x0, 0x3f, 0xcf, 0xf8,
    0x0, 0x0, 0xf, 0xf8, 0xff, 0x0, 0x0, 0x1,
    0xff, 0x1f, 0xf0, 0x0, 0x0, 0x3f, 0xc3, 0xfe,
    0x0, 0x0, 0xf, 0xf8, 0x3f, 0xc0, 0x0, 0x1,
    0xff, 0x7, 0xfc, 0x0, 0x0, 0x7f, 0xc0, 0xff,
    0x80, 0x0, 0xf, 0xf8, 0xf, 0xf8, 0x0, 0x1,
    0xff, 0x1, 0xff, 0x0, 0x0, 0x7f, 0xe0, 0x3f,
    0xe0, 0x0, 0xf, 0xf8, 0x3, 0xfe, 0x0, 0x1,
    0xff, 0x0, 0x7f, 0xc0, 0x0, 0x7f, 0xe0, 0xf,
    0xf8, 0x0, 0xf, 0xf8, 0x0, 0xff, 0x80, 0x3,
    0xff, 0x0, 0x1f, 0xf0, 0x0, 0x7f, 0xff, 0xff,
    0xff, 0x0, 0xf, 0xff, 0xff, 0xff, 0xe0, 0x3,
    0xff, 0xff, 0xff, 0xfc, 0x0, 0x7f, 0xff, 0xff,
    0xff, 0xc0, 0xf, 0xff, 0xff, 0xff, 0xf8, 0x3,
    0xff, 0xff, 0xff, 0xff, 0x0, 0x7f, 0xff, 0xff,
    0xff, 0xf0, 0x1f, 0xf8, 0x0, 0x3, 0xfe, 0x3,
    0xff, 0x0, 0x0, 0x7f, 0xc0, 0x7f, 0xe0, 0x0,
    0xf, 0xfc, 0x1f, 0xf8, 0x0, 0x1, 0xff, 0x83,
    0xff, 0x0, 0x0, 0x1f, 0xf8, 0x7f, 0xe0, 0x0,
    0x3, 0xff, 0x1f, 0xf8, 0x0, 0x0, 0x7f, 0xe3,
    0xff, 0x0, 0x0, 0x7, 0xfe, 0x7f, 0xe0, 0x0,
    0x0, 0xff, 0xdf, 0xfc, 0x0, 0x0, 0x1f, 0xf8,

    /* U+00C4 "Ä" */
    0x0, 0x1f, 0x0, 0x3e, 0x0, 0x0, 0xf, 0xe0,
    0x1f, 0xc0, 0x0, 0x7, 0xfc, 0xf, 0xf8, 0x0,
    0x1, 0xff, 0x3, 0xfe, 0x0, 0x0, 0x7f, 0xc0,
    0xff, 0x80, 0x0, 0x1f, 0xf0, 0x3f, 0xe0, 0x0,
    0x3, 0xf8, 0x7, 0xf0, 0x0, 0x0, 0x7c, 0x0,
    0xf8, 0x0, 0x0, 0x0, 0x0, 0x0, 0x0, 0x0,
    0x0, 0x0, 0x0, 0x0, 0x0, 0x0, 0x0, 0x0,
    0x0, 0x0, 0x0, 0x1, 0xfe, 0x0, 0x0, 0x0,
    0x0, 0xff, 0xc0, 0x0, 0x0, 0x0, 0x3f, 0xf0,
    0x0, 0x0, 0x0, 0xf, 0xfc, 0x0, 0x0, 0x0,
    0x7, 0xff, 0x80, 0x0, 0x0, 0x1, 0xff, 0xe0,
    0x0, 0x0, 0x0, 0xff, 0xf8, 0x0, 0x0, 0x0,
    0x3f, 0xff, 0x0, 0x0, 0x0, 0xf, 0xff, 0xc0,
    0x0, 0x0, 0x7, 0xff, 0xf8, 0x0, 0x0, 0x1,
    0xff, 0xfe, 0x0, 0x0, 0x0, 0x7f, 0xff, 0x80,
    0x0, 0x0, 0x3f, 0xcf, 0xf0, 0x0, 0x0, 0xf,
    0xf3, 0xfc, 0x0, 0x0, 0x3, 0xfc, 0xff, 0x0,
    0x0, 0x1, 0xfe, 0x1f, 0xe0, 0x0, 0x0, 0x7f,
    0x87, 0xf8, 0x0, 0x0, 0x3f, 0xe1, 0xff, 0x0,
    0x0, 0xf, 0xf0, 0x3f, 0xc0, 0x0, 0x3, 0xfc,
    0xf, 0xf0, 0x0, 0x1, 0xff, 0x3, 0xfe, 0x0,
    0x0, 0x7f, 0x80, 0x7f, 0x80, 0x0, 0x1f, 0xe0,
    0x1f, 0xe0, 0x0, 0xf, 0xf8, 0x7, 0xfc, 0x0,
    0x3, 0xfe, 0x1, 0xff, 0x0, 0x1, 0xff, 0x0,
    0x3f, 0xe0, 0x0, 0x7f, 0xc0, 0xf, 0xf8, 0x0,
    0x1f, 0xf0, 0x3, 0xfe, 0x0, 0xf, 0xf8, 0x0,
    0x7f, 0xc0, 0x3, 0xff, 0xff, 0xff, 0xf0, 0x0,
    0xff, 0xff, 0xff, 0xfc, 0x0, 0x7f, 0xff, 0xff,
    0xff, 0x80, 0x1f, 0xff, 0xff, 0xff, 0xe0, 0x7,
    0xff, 0xff, 0xff, 0xfc, 0x3, 0xff, 0xff, 0xff,
    0xff, 0x0, 0xff, 0xff, 0xff, 0xff, 0xc0, 0x7f,
    0xe0, 0x0, 0x1f, 0xf8, 0x1f, 0xf0, 0x0, 0x3,
    0xfe, 0x7, 0xfc, 0x0, 0x0, 0xff, 0x83, 0xff,
    0x0, 0x0, 0x3f, 0xf0, 0xff, 0x80, 0x0, 0x7,
    0xfc, 0x3f, 0xe0, 0x0, 0x1, 0xff, 0x9f, 0xf8,
    0x0, 0x0, 0x7f, 0xe7, 0xfc, 0x0, 0x0, 0xf,
    0xf9, 0xff, 0x0, 0x0, 0x3, 0xff, 0xff, 0xc0,
    0x0, 0x0, 0xff, 0xc0,

    /* U+00C5 "Å" */
    0x0, 0x0, 0x3f, 0x80, 0x0, 0x0, 0x0, 0x1f,
    0xf8, 0x0, 0x0, 0x0, 0x7, 0xff, 0xc0, 0x0,
    0x0, 0x0, 0xf0, 0xf8, 0x0, 0x0, 0x0, 0x3c,
    0x7, 0x80, 0x0, 0x0, 0x7, 0x80, 0xf0, 0x0,
    0x0, 0x0, 0xf0, 0x1e, 0x0, 0x0, 0x0, 0x1e,
    0x3, 0xc0, 0x0, 0x0, 0x1, 0xe0, 0xf0, 0x0,
    0x0, 0x0, 0x3f, 0xfe, 0x0, 0x0, 0x0, 0x3,
    0xff, 0x80, 0x0, 0x0, 0x0, 0x1f, 0xc0, 0x0,
    0x0, 0x0, 0x0, 0x0, 0x0, 0x0, 0x0, 0x0,
    0x0, 0x0, 0x0, 0x0, 0x0, 0x0, 0x0, 0x0,
    0x0, 0x0, 0x3, 0xfe, 0x0, 0x0, 0x0, 0x0,
    0xff, 0xe0, 0x0, 0x0, 0x0, 0x1f, 0xfc, 0x0,
    0x0, 0x0, 0x7, 0xff, 0x80, 0x0, 0x0, 0x0,
    0xff, 0xf8, 0x0, 0x0, 0x0, 0x1f, 0xff, 0x0,
    0x0, 0x0, 0x7, 0xff, 0xe0, 0x0, 0x0, 0x0,
    0xff, 0xfe, 0x0, 0x0, 0x0, 0x1f, 0xff, 0xc0,
    0x0, 0x0, 0x7, 0xff, 0xf8, 0x0, 0x0, 0x0,
    0xff, 0xff, 0x80, 0x0, 0x0, 0x1f, 0xff, 0xf0,
    0x0, 0x0, 0x7, 0xfd, 0xfe, 0x0, 0x0, 0x0,
    0xff, 0xbf, 0xe0, 0x0, 0x0, 0x3f, 0xe7, 0xfc,
    0x0, 0x0, 0x7, 0xfc, 0x7f, 0xc0, 0x0, 0x0,
    0xff, 0x8f, 0xf8, 0x0, 0x0, 0x3f, 0xe1, 0xff,
    0x0, 0x0, 0x7, 0xfc, 0x1f, 0xf0, 0x0, 0x0,
    0xff, 0x83, 0xfe, 0x0, 0x0, 0x3f, 0xe0, 0x7f,
    0xc0, 0x0, 0x7, 0xfc, 0x7, 0xfc, 0x0, 0x0,
    0xff, 0x80, 0xff, 0x80, 0x0, 0x3f, 0xe0, 0x1f,
    0xf0, 0x0, 0x7, 0xfc, 0x1, 0xff, 0x0, 0x1,
    0xff, 0x80, 0x3f, 0xe0, 0x0, 0x3f, 0xe0, 0x7,
    0xfe, 0x0, 0x7, 0xfc, 0x0, 0x7f, 0xc0, 0x1,
    0xff, 0x80, 0xf, 0xf8, 0x0, 0x3f, 0xff, 0xff,
    0xff, 0x80, 0x7, 0xff, 0xff, 0xff, 0xf0, 0x1,
    0xff, 0xff, 0xff, 0xfe, 0x0, 0x3f, 0xff, 0xff,
    0xff, 0xe0, 0x7, 0xff, 0xff, 0xff, 0xfc, 0x1,
    0xff, 0xff, 0xff, 0xff, 0x80, 0x3f, 0xff, 0xff,
    0xff, 0xf8, 0xf, 0xfc, 0x0, 0x3, 0xff, 0x1,
    0xff, 0x80, 0x0, 0x3f, 0xf0, 0x3f, 0xe0, 0x0,
    0x7, 0xfe, 0xf, 0xfc, 0x0, 0x0, 0xff, 0xc1,
    0xff, 0x80, 0x0, 0xf, 0xfc, 0x3f, 0xe0, 0x0,
    0x1, 0xff, 0x8f, 0xfc, 0x0, 0x0, 0x3f, 0xf1,
    0xff, 0x80, 0x0, 0x3, 0xff, 0x3f, 0xe0, 0x0,
    0x0, 0x7f, 0xef, 0xfc, 0x0, 0x0, 0xf, 0xfc,

    /* U+00C6 "Æ" */
    0x0, 0x0, 0x0, 0xff, 0xff, 0xff, 0xff, 0x80,
    0x0, 0x0, 0x1f, 0xff, 0xff, 0xff, 0xf0, 0x0,
    0x0, 0x7, 0xff, 0xff, 0xff, 0xfe, 0x0, 0x0,
    0x0, 0xff, 0xff, 0xff, 0xff, 0xc0, 0x0, 0x0,
    0x3f, 0xff, 0xff, 0xff, 0xf8, 0x0, 0x0, 0x7,
    0xff, 0xff, 0xff, 0xff, 0x0, 0x0, 0x1, 0xff,
    0xff, 0xff, 0xff, 0xe0, 0x0, 0x0, 0x3f, 0xff,
    0xe0, 0x0, 0x0, 0x0, 0x0, 0xf, 0xff, 0xfc,
    0x0, 0x0, 0x0, 0x0, 0x1, 0xff, 0xff, 0x80,
    0x0, 0x0, 0x0, 0x0, 0x7f, 0xdf, 0xf0, 0x0,
    0x0, 0x0, 0x0, 0xf, 0xfb, 0xfe, 0x0, 0x0,
    0x0, 0x0, 0x3, 0xfe, 0x7f, 0xc0, 0x0, 0x0,
    0x0, 0x0, 0x7f, 0xcf, 0xf8, 0x0, 0x0, 0x0,
    0x0, 0x1f, 0xf1, 0xff, 0x0, 0x0, 0x0, 0x0,
    0x3, 0xfe, 0x3f, 0xe0, 0x0, 0x0, 0x0, 0x0,
    0xff, 0x87, 0xfc, 0x0, 0x0, 0x0, 0x0, 0x3f,
    0xf0, 0xff, 0x80, 0x0, 0x0, 0x0, 0x7, 0xfe,
    0x1f, 0xf0, 0x0, 0x0, 0x0, 0x1, 0xff, 0x83,
    0xff, 0xff, 0xfe, 0x0, 0x0, 0x3f, 0xf0, 0x7f,
    0xff, 0xff, 0xc0, 0x0, 0xf, 0xfc, 0xf, 0xff,
    0xff, 0xf8, 0x0, 0x1, 0xff, 0x81, 0xff, 0xff,
    0xff, 0x0, 0x0, 0x7f, 0xe0, 0x3f, 0xff, 0xff,
    0xe0, 0x0, 0xf, 0xfc, 0x7, 0xff, 0xff, 0xfc,
    0x0, 0x3, 0xff, 0x0, 0x7f, 0xff, 0xff, 0x80,
    0x0, 0x7f, 0xe0, 0xf, 0xf8, 0x0, 0x0, 0x0,
    0x1f, 0xf8, 0x1, 0xff, 0x0, 0x0, 0x0, 0x3,
    0xff, 0xff, 0xff, 0xe0, 0x0, 0x0, 0x0, 0xff,
    0xff, 0xff, 0xfc, 0x0, 0x0, 0x0, 0x1f, 0xff,
    0xff, 0xff, 0x80, 0x0, 0x0, 0x7, 0xff, 0xff,
    0xff, 0xf0, 0x0, 0x0, 0x1, 0xff, 0xff, 0xff,
    0xfe, 0x0, 0x0, 0x0, 0x3f, 0xff, 0xff, 0xff,
    0xc0, 0x0, 0x0, 0xf, 0xff, 0xff, 0xff, 0xf8,
    0x0, 0x0, 0x1, 0xff, 0x80, 0x1, 0xff, 0x0,
    0x0, 0x0, 0x7f, 0xf0, 0x0, 0x3f, 0xe0, 0x0,
    0x0, 0xf, 0xfc, 0x0, 0x7, 0xfc, 0x0, 0x0,
    0x3, 0xff, 0x80, 0x0, 0xff, 0x80, 0x0, 0x0,
    0x7f, 0xe0, 0x0, 0x1f, 0xff, 0xff, 0xff, 0x1f,
    0xfc, 0x0, 0x3, 0xff, 0xff, 0xff, 0xe3, 0xff,
    0x0, 0x0, 0x7f, 0xff, 0xff, 0xfc, 0xff, 0xe0,
    0x0, 0xf, 0xff, 0xff, 0xff, 0x9f, 0xf8, 0x0,
    0x1, 0xff, 0xff, 0xff, 0xf7, 0xff, 0x0, 0x0,
    0x3f, 0xff, 0xff, 0xfe, 0xff, 0xc0, 0x0, 0x7,
    0xff, 0xff, 0xff, 0xc0,

    /* U+00C7 "Ç" */
    0x0, 0x0, 0x0, 0x0, 0x0, 0x0, 0x3f, 0xfe,
    0x0, 0x0, 0xf, 0xff, 0xfc, 0x0, 0x1, 0xff,
    0xff, 0xf8, 0x0, 0x1f, 0xff, 0xff, 0xf0, 0x1,
    0xff, 0xff, 0xff, 0xc0, 0x1f, 0xff, 0xff, 0xfe,
    0x1, 0xff, 0xff, 0xff, 0xf8, 0xf, 0xfc, 0x0,
    0xff, 0xe0, 0xff, 0xc0, 0x1, 0xff, 0xf, 0xfc,
    0x0, 0xf, 0xfc, 0x7f, 0xc0, 0x0, 0x3f, 0xe3,
    0xfe, 0x0, 0x1, 0xff, 0xbf, 0xe0, 0x0, 0x7,
    0xfd, 0xff, 0x0, 0x0, 0x3f, 0xef, 0xf8, 0x0,
    0x1, 0xff, 0xff, 0x80, 0x0, 0x0, 0x7, 0xfc,
    0x0, 0x0, 0x0, 0x3f, 0xe0, 0x0, 0x0, 0x1,
    0xff, 0x0, 0x0, 0x0, 0xf, 0xf8, 0x0, 0x0,
    0x0, 0x7f, 0xc0, 0x0, 0x0, 0x3, 0xfe, 0x0,
    0x0, 0x0, 0x1f, 0xf0, 0x0, 0x0, 0x0, 0xff,
    0x80, 0x0, 0x0, 0x7, 0xfc, 0x0, 0x0, 0x0,
    0x3f, 0xe0, 0x0, 0x0, 0x1, 0xff, 0x0, 0x0,
    0x0, 0xf, 0xf8, 0x0, 0x0, 0x0, 0x7f, 0xc0,
    0x0, 0x0, 0x3, 0xfe, 0x0, 0x0, 0x0, 0x1f,
    0xf8, 0x0, 0x1, 0xff, 0x7f, 0xc0, 0x0, 0xf,
    0xfb, 0xfe, 0x0, 0x0, 0x7f, 0xdf, 0xf0, 0x0,
    0x3, 0xfe, 0x7f, 0xc0, 0x0, 0x3f, 0xf3, 0xff,
    0x0, 0x1, 0xff, 0x1f, 0xf8, 0x0, 0x1f, 0xf8,
    0x7f, 0xf0, 0x3, 0xff, 0x83, 0xff, 0xe0, 0x7f,
    0xfc, 0xf, 0xff, 0xff, 0xff, 0xc0, 0x3f, 0xff,
    0xff, 0xfe, 0x0, 0xff, 0xff, 0xff, 0xe0, 0x3,
    0xff, 0xff, 0xfe, 0x0, 0xf, 0xff, 0xff, 0xc0,
    0x0, 0x1f, 0xff, 0xf8, 0x0, 0x0, 0x3f, 0xff,
    0x0, 0x0, 0x0, 0x3f, 0x80, 0x0, 0x0, 0x1,
    0xfc, 0x0, 0x0, 0x0, 0xf, 0xf8, 0x0, 0x0,
    0x0, 0xff, 0xf0, 0x0, 0x0, 0x7, 0xff, 0x80,
    0x0, 0x0, 0x3, 0xfe, 0x0, 0x0, 0x0, 0xf,
    0xf0, 0x0, 0x0, 0x0, 0x7f, 0x80, 0x0, 0x0,
    0x3, 0xfc, 0x0, 0x0, 0x0, 0x3f, 0xe0, 0x0,
    0x0, 0xf, 0xfe, 0x0, 0x0, 0x0, 0x7f, 0xf0,
    0x0, 0x0, 0x3, 0xff, 0x0, 0x0, 0x0, 0x1f,
    0xe0, 0x0, 0x0, 0x0, 0xf8, 0x0, 0x0,

    /* U+00C8 "È" */
    0x7, 0xfc, 0x0, 0x0, 0xf, 0xfc, 0x0, 0x0,
    0xf, 0xf8, 0x0, 0x0, 0xf, 0xf8, 0x0, 0x0,
    0xf, 0xf8, 0x0, 0x0, 0xf, 0xf0, 0x0, 0x0,
    0xf, 0xf0, 0x0, 0x0, 0x1f, 0xf0, 0x0, 0x0,
    0x1f, 0xe0, 0x0, 0x0, 0x1f, 0xe0, 0x0, 0x0,
    0x0, 0x0, 0x0, 0x0, 0x0, 0x0, 0x0, 0x0,
    0x0, 0x0, 0x1f, 0xff, 0xff, 0xff, 0xff, 0xff,
    0xff, 0xff, 0xff, 0xff, 0xff, 0xff, 0xff, 0xff,
    0xff, 0xff, 0xff, 0xff, 0xff, 0xff, 0xff, 0xff,
    0xff, 0xff, 0xff, 0xff, 0xff, 0xff, 0xf8, 0x0,
    0x0, 0x1f, 0xf0, 0x0, 0x0, 0x3f, 0xe0, 0x0,
    0x0, 0x7f, 0xc0, 0x0, 0x0, 0xff, 0x80, 0x0,
    0x1, 0xff, 0x0, 0x0, 0x3, 0xfe, 0x0, 0x0,
    0x7, 0xfc, 0x0, 0x0, 0xf, 0xf8, 0x0, 0x0,
    0x1f, 0xf0, 0x0, 0x0, 0x3f, 0xe0, 0x0, 0x0,
    0x7f, 0xc0, 0x0, 0x0, 0xff, 0xff, 0xff, 0xf1,
    0xff, 0xff, 0xff, 0xe3, 0xff, 0xff, 0xff, 0xc7,
    0xff, 0xff, 0xff, 0x8f, 0xff, 0xff, 0xff, 0x1f,
    0xff, 0xff, 0xfe, 0x3f, 0xff, 0xff, 0xfc, 0x7f,
    0xc0, 0x0, 0x0, 0xff, 0x80, 0x0, 0x1, 0xff,
    0x0, 0x0, 0x3, 0xfe, 0x0, 0x0, 0x7, 0xfc,
    0x0, 0x0, 0xf, 0xf8, 0x0, 0x0, 0x1f, 0xf0,
    0x0, 0x0, 0x3f, 0xe0, 0x0, 0x0, 0x7f, 0xc0,
    0x0, 0x0, 0xff, 0x80, 0x0, 0x1, 0xff, 0x0,
    0x0, 0x3, 0xfe, 0x0, 0x0, 0x7, 0xfc, 0x0,
    0x0, 0xf, 0xff, 0xff, 0xff, 0xff, 0xff, 0xff,
    0xff, 0xff, 0xff, 0xff, 0xff, 0xff, 0xff, 0xff,
    0xff, 0xff, 0xff, 0xff, 0xff, 0xff, 0xff, 0xff,
    0xff, 0xff, 0xff, 0xff, 0xf8,

    /* U+00C9 "É" */
    0x0, 0x0, 0x7f, 0xe0, 0x0, 0x0, 0xff, 0x80,
    0x0, 0x3, 0xfe, 0x0, 0x0, 0xf, 0xf8, 0x0,
    0x0, 0x1f, 0xf0, 0x0, 0x0, 0x7f, 0xc0, 0x0,
    0x1, 0xff, 0x0, 0x0, 0x3, 0xfc, 0x0, 0x0,
    0xf, 0xf0, 0x0, 0x0, 0x1f, 0xc0, 0x0, 0x0,
    0x0, 0x0, 0x0, 0x0, 0x0, 0x0, 0x0, 0x0,
    0x0, 0x0, 0x1f, 0xff, 0xff, 0xff, 0xff, 0xff,
    0xff, 0xff, 0xff, 0xff, 0xff, 0xff, 0xff, 0xff,
    0xff, 0xff, 0xff, 0xff, 0xff, 0xff, 0xff, 0xff,
    0xff, 0xff, 0xff, 0xff, 0xff, 0xff, 0xf8, 0x0,
    0x0, 0x1f, 0xf0, 0x0, 0x0, 0x3f, 0xe0, 0x0,
    0x0, 0x7f, 0xc0, 0x0, 0x0, 0xff, 0x80, 0x0,
    0x1, 0xff, 0x0, 0x0, 0x3, 0xfe, 0x0, 0x0,
    0x7, 0xfc, 0x0, 0x0, 0xf, 0xf8, 0x0, 0x0,
    0x1f, 0xf0, 0x0, 0x0, 0x3f, 0xe0, 0x0, 0x0,
    0x7f, 0xc0, 0x0, 0x0, 0xff, 0xff, 0xff, 0xf1,
    0xff, 0xff, 0xff, 0xe3, 0xff, 0xff, 0xff, 0xc7,
    0xff, 0xff, 0xff, 0x8f, 0xff, 0xff, 0xff, 0x1f,
    0xff, 0xff, 0xfe, 0x3f, 0xff, 0xff, 0xfc, 0x7f,
    0xc0, 0x0, 0x0, 0xff, 0x80, 0x0, 0x1, 0xff,
    0x0, 0x0, 0x3, 0xfe, 0x0, 0x0, 0x7, 0xfc,
    0x0, 0x0, 0xf, 0xf8, 0x0, 0x0, 0x1f, 0xf0,
    0x0, 0x0, 0x3f, 0xe0, 0x0, 0x0, 0x7f, 0xc0,
    0x0, 0x0, 0xff, 0x80, 0x0, 0x1, 0xff, 0x0,
    0x0, 0x3, 0xfe, 0x0, 0x0, 0x7, 0xfc, 0x0,
    0x0, 0xf, 0xff, 0xff, 0xff, 0xff, 0xff, 0xff,
    0xff, 0xff, 0xff, 0xff, 0xff, 0xff, 0xff, 0xff,
    0xff, 0xff, 0xff, 0xff, 0xff, 0xff, 0xff, 0xff,
    0xff, 0xff, 0xff, 0xff, 0xf8,

    /* U+00CA "Ê" */
    0x0, 0xf, 0xe0, 0x0, 0x0, 0x3f, 0xe0, 0x0,
    0x0, 0xff, 0xe0, 0x0, 0x3, 0xff, 0xe0, 0x0,
    0xf, 0xff, 0xe0, 0x0, 0x3f, 0xdf, 0xe0, 0x0,
    0xff, 0x1f, 0xe0, 0x3, 0xfc, 0x1f, 0xe0, 0xf,
    0xf0, 0xf, 0xe0, 0x1f, 0xc0, 0xf, 0xe0, 0x0,
    0x0, 0x0, 0x0, 0x0, 0x0, 0x0, 0x0, 0x0,
    0x0, 0x0, 0x1f, 0xff, 0xff, 0xff, 0xff, 0xff,
    0xff, 0xff, 0xff, 0xff, 0xff, 0xff, 0xff, 0xff,
    0xff, 0xff, 0xff, 0xff, 0xff, 0xff, 0xff, 0xff,
    0xff, 0xff, 0xff, 0xff, 0xff, 0xff, 0xf8, 0x0,
    0x0, 0x1f, 0xf0, 0x0, 0x0, 0x3f, 0xe0, 0x0,
    0x0, 0x7f, 0xc0, 0x0, 0x0, 0xff, 0x80, 0x0,
    0x1, 0xff, 0x0, 0x0, 0x3, 0xfe, 0x0, 0x0,
    0x7, 0xfc, 0x0, 0x0, 0xf, 0xf8, 0x0, 0x0,
    0x1f, 0xf0, 0x0, 0x0, 0x3f, 0xe0, 0x0, 0x0,
    0x7f, 0xc0, 0x0, 0x0, 0xff, 0xff, 0xff, 0xf1,
    0xff, 0xff, 0xff, 0xe3, 0xff, 0xff, 0xff, 0xc7,
    0xff, 0xff, 0xff, 0x8f, 0xff, 0xff, 0xff, 0x1f,
    0xff, 0xff, 0xfe, 0x3f, 0xff, 0xff, 0xfc, 0x7f,
    0xc0, 0x0, 0x0, 0xff, 0x80, 0x0, 0x1, 0xff,
    0x0, 0x0, 0x3, 0xfe, 0x0, 0x0, 0x7, 0xfc,
    0x0, 0x0, 0xf, 0xf8, 0x0, 0x0, 0x1f, 0xf0,
    0x0, 0x0, 0x3f, 0xe0, 0x0, 0x0, 0x7f, 0xc0,
    0x0, 0x0, 0xff, 0x80, 0x0, 0x1, 0xff, 0x0,
    0x0, 0x3, 0xfe, 0x0, 0x0, 0x7, 0xfc, 0x0,
    0x0, 0xf, 0xff, 0xff, 0xff, 0xff, 0xff, 0xff,
    0xff, 0xff, 0xff, 0xff, 0xff, 0xff, 0xff, 0xff,
    0xff, 0xff, 0xff, 0xff, 0xff, 0xff, 0xff, 0xff,
    0xff, 0xff, 0xff, 0xff, 0xf8,

    /* U+00CB "Ë" */
    0x3, 0xe0, 0x7, 0xc0, 0xf, 0xe0, 0x1f, 0xc0,
    0x3f, 0xe0, 0x7f, 0xc0, 0x7f, 0xc0, 0xff, 0x80,
    0xff, 0x81, 0xff, 0x1, 0xff, 0x3, 0xfe, 0x1,
    0xfc, 0x3, 0xf8, 0x1, 0xf0, 0x3, 0xe0, 0x0,
    0x0, 0x0, 0x0, 0x0, 0x0, 0x0, 0x0, 0x0,
    0x0, 0x0, 0x7, 0xff, 0xff, 0xff, 0xff, 0xff,
    0xff, 0xff, 0xff, 0xff, 0xff, 0xff, 0xff, 0xff,
    0xff, 0xff, 0xff, 0xff, 0xff, 0xff, 0xff, 0xff,
    0xff, 0xff, 0xff, 0xff, 0xff, 0xff, 0xfe, 0x0,
    0x0, 0x7, 0xfc, 0x0, 0x0, 0xf, 0xf8, 0x0,
    0x0, 0x1f, 0xf0, 0x0, 0x0, 0x3f, 0xe0, 0x0,
    0x0, 0x7f, 0xc0, 0x0, 0x0, 0xff, 0x80, 0x0,
    0x1, 0xff, 0x0, 0x0, 0x3, 0xfe, 0x0, 0x0,
    0x7, 0xfc, 0x0, 0x0, 0xf, 0xf8, 0x0, 0x0,
    0x1f, 0xf0, 0x0, 0x0, 0x3f, 0xff, 0xff, 0xfc,
    0x7f, 0xff, 0xff, 0xf8, 0xff, 0xff, 0xff, 0xf1,
    0xff, 0xff, 0xff, 0xe3, 0xff, 0xff, 0xff, 0xc7,
    0xff, 0xff, 0xff, 0x8f, 0xff, 0xff, 0xff, 0x1f,
    0xf0, 0x0, 0x0, 0x3f, 0xe0, 0x0, 0x0, 0x7f,
    0xc0, 0x0, 0x0, 0xff, 0x80, 0x0, 0x1, 0xff,
    0x0, 0x0, 0x3, 0xfe, 0x0, 0x0, 0x7, 0xfc,
    0x0, 0x0, 0xf, 0xf8, 0x0, 0x0, 0x1f, 0xf0,
    0x0, 0x0, 0x3f, 0xe0, 0x0, 0x0, 0x7f, 0xc0,
    0x0, 0x0, 0xff, 0x80, 0x0, 0x1, 0xff, 0x0,
    0x0, 0x3, 0xff, 0xff, 0xff, 0xff, 0xff, 0xff,
    0xff, 0xff, 0xff, 0xff, 0xff, 0xff, 0xff, 0xff,
    0xff, 0xff, 0xff, 0xff, 0xff, 0xff, 0xff, 0xff,
    0xff, 0xff, 0xff, 0xff, 0xfe,

    /* U+00CC "Ì" */
    0x7f, 0xc0, 0x7f, 0xe0, 0x3f, 0xe0, 0x1f, 0xf0,
    0xf, 0xf8, 0x7, 0xf8, 0x3, 0xfc, 0x1, 0xfc,
    0x1, 0xfe, 0x0, 0xfe, 0x0, 0x0, 0x0, 0x0,
    0x0, 0x0, 0x1, 0xff, 0x1, 0xff, 0x1, 0xff,
    0x1, 0xff, 0x1, 0xff, 0x1, 0xff, 0x1, 0xff,
    0x1, 0xff, 0x1, 0xff, 0x1, 0xff, 0x1, 0xff,
    0x1, 0xff, 0x1, 0xff, 0x1, 0xff, 0x1, 0xff,
    0x1, 0xff, 0x1, 0xff, 0x1, 0xff, 0x1, 0xff,
    0x1, 0xff, 0x1, 0xff, 0x1, 0xff, 0x1, 0xff,
    0x1, 0xff, 0x1, 0xff, 0x1, 0xff, 0x1, 0xff,
    0x1, 0xff, 0x1, 0xff, 0x1, 0xff, 0x1, 0xff,
    0x1, 0xff, 0x1, 0xff, 0x1, 0xff, 0x1, 0xff,
    0x1, 0xff, 0x1, 0xff, 0x1, 0xff, 0x1, 0xff,
    0x1, 0xff, 0x1, 0xff, 0x1, 0xff, 0x1, 0xff,
    0x1, 0xff, 0x1, 0xff, 0x1, 0xff,

    /* U+00CD "Í" */
    0x3, 0xff, 0x7, 0xfe, 0x7, 0xfc, 0xf, 0xf8,
    0xf, 0xf0, 0x1f, 0xe0, 0x3f, 0xc0, 0x3f, 0xc0,
    0x7f, 0x80, 0x7f, 0x0, 0x0, 0x0, 0x0, 0x0,
    0x0, 0x0, 0xff, 0x80, 0xff, 0x80, 0xff, 0x80,
    0xff, 0x80, 0xff, 0x80, 0xff, 0x80, 0xff, 0x80,
    0xff, 0x80, 0xff, 0x80, 0xff, 0x80, 0xff, 0x80,
    0xff, 0x80, 0xff, 0x80, 0xff, 0x80, 0xff, 0x80,
    0xff, 0x80, 0xff, 0x80, 0xff, 0x80, 0xff, 0x80,
    0xff, 0x80, 0xff, 0x80, 0xff, 0x80, 0xff, 0x80,
    0xff, 0x80, 0xff, 0x80, 0xff, 0x80, 0xff, 0x80,
    0xff, 0x80, 0xff, 0x80, 0xff, 0x80, 0xff, 0x80,
    0xff, 0x80, 0xff, 0x80, 0xff, 0x80, 0xff, 0x80,
    0xff, 0x80, 0xff, 0x80, 0xff, 0x80, 0xff, 0x80,
    0xff, 0x80, 0xff, 0x80, 0xff, 0x80, 0xff, 0x80,
    0xff, 0x80, 0xff, 0x80, 0xff, 0x80,

    /* U+00CE "Î" */
    0x0, 0xfc, 0x0, 0x3, 0xfc, 0x0, 0xf, 0xfc,
    0x0, 0x3f, 0xfc, 0x0, 0xff, 0xfc, 0x3, 0xfd,
    0xfc, 0xf, 0xf1, 0xfc, 0x3f, 0xc1, 0xfc, 0xff,
    0x1, 0xfd, 0xfc, 0x1, 0xfc, 0x0, 0x0, 0x0,
    0x0, 0x0, 0x0, 0x0, 0x0, 0x0, 0x3f, 0xe0,
    0x0, 0x7f, 0xc0, 0x0, 0xff, 0x80, 0x1, 0xff,
    0x0, 0x3, 0xfe, 0x0, 0x7, 0xfc, 0x0, 0xf,
    0xf8, 0x0, 0x1f, 0xf0, 0x0, 0x3f, 0xe0, 0x0,
    0x7f, 0xc0, 0x0, 0xff, 0x80, 0x1, 0xff, 0x0,
    0x3, 0xfe, 0x0, 0x7, 0xfc, 0x0, 0xf, 0xf8,
    0x0, 0x1f, 0xf0, 0x0, 0x3f, 0xe0, 0x0, 0x7f,
    0xc0, 0x0, 0xff, 0x80, 0x1, 0xff, 0x0, 0x3,
    0xfe, 0x0, 0x7, 0xfc, 0x0, 0xf, 0xf8, 0x0,
    0x1f, 0xf0, 0x0, 0x3f, 0xe0, 0x0, 0x7f, 0xc0,
    0x0, 0xff, 0x80, 0x1, 0xff, 0x0, 0x3, 0xfe,
    0x0, 0x7, 0xfc, 0x0, 0xf, 0xf8, 0x0, 0x1f,
    0xf0, 0x0, 0x3f, 0xe0, 0x0, 0x7f, 0xc0, 0x0,
    0xff, 0x80, 0x1, 0xff, 0x0, 0x3, 0xfe, 0x0,
    0x7, 0xfc, 0x0, 0xf, 0xf8, 0x0, 0x1f, 0xf0,
    0x0, 0x3f, 0xe0, 0x0, 0x7f, 0xc0, 0x0, 0xff,
    0x80, 0x1, 0xff, 0x0, 0x3, 0xfe, 0x0, 0x7,
    0xfc, 0x0,

    /* U+00CF "Ï" */
    0x3e, 0x0, 0x7c, 0x7f, 0x0, 0xfe, 0xff, 0x81,
    0xff, 0xff, 0x81, 0xff, 0xff, 0x81, 0xff, 0xff,
    0x81, 0xff, 0x7f, 0x0, 0xfe, 0x3e, 0x0, 0x7c,
    0x0, 0x0, 0x0, 0x0, 0x0, 0x0, 0x0, 0x0,
    0x0, 0x0, 0xff, 0x80, 0x0, 0xff, 0x80, 0x0,
    0xff, 0x80, 0x0, 0xff, 0x80, 0x0, 0xff, 0x80,
    0x0, 0xff, 0x80, 0x0, 0xff, 0x80, 0x0, 0xff,
    0x80, 0x0, 0xff, 0x80, 0x0, 0xff, 0x80, 0x0,
    0xff, 0x80, 0x0, 0xff, 0x80, 0x0, 0xff, 0x80,
    0x0, 0xff, 0x80, 0x0, 0xff, 0x80, 0x0, 0xff,
    0x80, 0x0, 0xff, 0x80, 0x0, 0xff, 0x80, 0x0,
    0xff, 0x80, 0x0, 0xff, 0x80, 0x0, 0xff, 0x80,
    0x0, 0xff, 0x80, 0x0, 0xff, 0x80, 0x0, 0xff,
    0x80, 0x0, 0xff, 0x80, 0x0, 0xff, 0x80, 0x0,
    0xff, 0x80, 0x0, 0xff, 0x80, 0x0, 0xff, 0x80,
    0x0, 0xff, 0x80, 0x0, 0xff, 0x80, 0x0, 0xff,
    0x80, 0x0, 0xff, 0x80, 0x0, 0xff, 0x80, 0x0,
    0xff, 0x80, 0x0, 0xff, 0x80, 0x0, 0xff, 0x80,
    0x0, 0xff, 0x80, 0x0, 0xff, 0x80, 0x0, 0xff,
    0x80, 0x0, 0xff, 0x80, 0x0, 0xff, 0x80, 0x0,
    0xff, 0x80, 0x0, 0xff, 0x80, 0x0, 0xff, 0x80,
    0x0, 0xff, 0x80,

    /* U+00D0 "Ð" */
    0x7, 0xff, 0xff, 0x0, 0x0, 0x7, 0xff, 0xff,
    0xe0, 0x0, 0x7, 0xff, 0xff, 0xfc, 0x0, 0x7,
    0xff, 0xff, 0xfe, 0x0, 0x7, 0xff, 0xff, 0xff,
    0x0, 0x7, 0xff, 0xff, 0xff, 0xc0, 0x7, 0xff,
    0xff, 0xff, 0xe0, 0x7, 0xfc, 0x1, 0xff, 0xe0,
    0x7, 0xfc, 0x0, 0x7f, 0xf0, 0x7, 0xfc, 0x0,
    0x1f, 0xf8, 0x7, 0xfc, 0x0, 0xf, 0xf8, 0x7,
    0xfc, 0x0, 0xf, 0xfc, 0x7, 0xfc, 0x0, 0x7,
    0xfc, 0x7, 0xfc, 0x0, 0x3, 0xfe, 0x7, 0xfc,
    0x0, 0x3, 0xfe, 0x7, 0xfc, 0x0, 0x3, 0xfe,
    0x7, 0xfc, 0x0, 0x3, 0xfe, 0x7, 0xfc, 0x0,
    0x1, 0xff, 0x7, 0xfc, 0x0, 0x1, 0xff, 0x7,
    0xfc, 0x0, 0x1, 0xff, 0xff, 0xff, 0xfc, 0x1,
    0xff, 0xff, 0xff, 0xfc, 0x1, 0xff, 0xff, 0xff,
    0xfc, 0x1, 0xff, 0xff, 0xff, 0xfc, 0x1, 0xff,
    0xff, 0xff, 0xfc, 0x1, 0xff, 0x7, 0xfc, 0x0,
    0x1, 0xff, 0x7, 0xfc, 0x0, 0x1, 0xff, 0x7,
    0xfc, 0x0, 0x1, 0xff, 0x7, 0xfc, 0x0, 0x1,
    0xff, 0x7, 0xfc, 0x0, 0x3, 0xfe, 0x7, 0xfc,
    0x0, 0x3, 0xfe, 0x7, 0xfc, 0x0, 0x3, 0xfe,
    0x7, 0xfc, 0x0, 0x7, 0xfe, 0x7, 0xfc, 0x0,
    0x7, 0xfc, 0x7, 0xfc, 0x0, 0xf, 0xfc, 0x7,
    0xfc, 0x0, 0xf, 0xf8, 0x7, 0xfc, 0x0, 0x1f,
    0xf8, 0x7, 0xfc, 0x0, 0x7f, 0xf0, 0x7, 0xfc,
    0x1, 0xff, 0xe0, 0x7, 0xff, 0xff, 0xff, 0xe0,
    0x7, 0xff, 0xff, 0xff, 0xc0, 0x7, 0xff, 0xff,
    0xff, 0x0, 0x7, 0xff, 0xff, 0xfe, 0x0, 0x7,
    0xff, 0xff, 0xf8, 0x0, 0x7, 0xff, 0xff, 0xe0,
    0x0, 0x7, 0xff, 0xff, 0x0, 0x0,

    /* U+00D1 "Ñ" */
    0x0, 0x1f, 0x0, 0x7c, 0x0, 0x1, 0xfe, 0x3,
    0xe0, 0x0, 0x1f, 0xfc, 0x3f, 0x0, 0x1, 0xff,
    0xff, 0xf0, 0x0, 0xf, 0xff, 0xff, 0x80, 0x0,
    0xff, 0xff, 0xf8, 0x0, 0x7, 0xe1, 0xff, 0x80,
    0x0, 0x3e, 0x1, 0xf8, 0x0, 0x0, 0x0, 0x0,
    0x0, 0x0, 0x0, 0x0, 0x0, 0x0, 0x0, 0x0,
    0x0, 0x0, 0x0, 0x0, 0x0, 0x0, 0x0, 0xf,
    0xf8, 0x0, 0x0, 0xff, 0xff, 0xe0, 0x0, 0x7,
    0xff, 0xff, 0x80, 0x0, 0x3f, 0xff, 0xfc, 0x0,
    0x1, 0xff, 0xff, 0xf0, 0x0, 0xf, 0xff, 0xff,
    0x80, 0x0, 0x7f, 0xff, 0xfe, 0x0, 0x3, 0xff,
    0xff, 0xf8, 0x0, 0x1f, 0xff, 0xff, 0xc0, 0x0,
    0xff, 0xff, 0xff, 0x0, 0x7, 0xff, 0xff, 0xf8,
    0x0, 0x3f, 0xff, 0xff, 0xe0, 0x1, 0xff, 0xff,
    0xff, 0x80, 0xf, 0xff, 0xff, 0xfc, 0x0, 0x7f,
    0xff, 0xff, 0xf0, 0x3, 0xff, 0xff, 0xff, 0xc0,
    0x1f, 0xff, 0xfb, 0xfe, 0x0, 0xff, 0xff, 0xdf,
    0xf8, 0x7, 0xff, 0xfe, 0x7f, 0xc0, 0x3f, 0xff,
    0xf1, 0xff, 0x1, 0xff, 0xff, 0x8f, 0xfc, 0xf,
    0xff, 0xfc, 0x3f, 0xe0, 0x7f, 0xff, 0xe0, 0xff,
    0x83, 0xff, 0xff, 0x7, 0xfc, 0x1f, 0xff, 0xf8,
    0x1f, 0xf0, 0xff, 0xff, 0xc0, 0xff, 0xc7, 0xff,
    0xfe, 0x3, 0xfe, 0x3f, 0xff, 0xf0, 0xf, 0xf9,
    0xff, 0xff, 0x80, 0x7f, 0xef, 0xff, 0xfc, 0x1,
    0xff, 0x7f, 0xff, 0xe0, 0xf, 0xff, 0xff, 0xff,
    0x0, 0x3f, 0xff, 0xff, 0xf8, 0x0, 0xff, 0xff,
    0xff, 0xc0, 0x7, 0xff, 0xff, 0xfe, 0x0, 0x1f,
    0xff, 0xff, 0xf0, 0x0, 0x7f, 0xff, 0xff, 0x80,
    0x3, 0xff, 0xff, 0xfc, 0x0, 0xf, 0xff, 0xff,
    0xe0, 0x0, 0x7f, 0xff, 0xff, 0x0, 0x1, 0xff,
    0xff, 0xf8, 0x0, 0x7, 0xff, 0xff, 0xc0, 0x0,
    0x3f, 0xff, 0xfe, 0x0, 0x0, 0xff, 0xff, 0xf0,
    0x0, 0x7, 0xff, 0xff, 0x80, 0x0, 0x1f, 0xff,
    0xfc, 0x0, 0x0, 0x7f, 0xc0,

    /* U+00D2 "Ò" */
    0x0, 0xff, 0xc0, 0x0, 0x0, 0x0, 0xff, 0xc0,
    0x0, 0x0, 0x0, 0xff, 0x80, 0x0, 0x0, 0x0,
    0xff, 0x80, 0x0, 0x0, 0x1, 0xff, 0x80, 0x0,
    0x0, 0x1, 0xff, 0x0, 0x0, 0x0, 0x1, 0xff,
    0x0, 0x0, 0x0, 0x1, 0xff, 0x0, 0x0, 0x0,
    0x1, 0xfe, 0x0, 0x0, 0x0, 0x1, 0xfe, 0x0,
    0x0, 0x0, 0x0, 0x0, 0x0, 0x0, 0x0, 0x0,
    0x0, 0x0, 0x0, 0x0, 0x1, 0x0, 0x0, 0x0,
    0x0, 0xff, 0xf8, 0x0, 0x0, 0x7, 0xff, 0xfc,
    0x0, 0x0, 0x3f, 0xff, 0xfe, 0x0, 0x0, 0xff,
    0xff, 0xfe, 0x0, 0x7, 0xff, 0xff, 0xff, 0x0,
    0x1f, 0xff, 0xff, 0xff, 0x0, 0x3f, 0xff, 0xff,
    0xfe, 0x0, 0xff, 0xe0, 0xf, 0xfe, 0x3, 0xff,
    0x80, 0xf, 0xfe, 0x7, 0xfc, 0x0, 0x7, 0xfc,
    0x1f, 0xf8, 0x0, 0xf, 0xfc, 0x3f, 0xe0, 0x0,
    0xf, 0xf8, 0xff, 0xc0, 0x0, 0x1f, 0xf9, 0xff,
    0x0, 0x0, 0x1f, 0xf3, 0xfe, 0x0, 0x0, 0x3f,
    0xe7, 0xfc, 0x0, 0x0, 0x7f, 0xdf, 0xf0, 0x0,
    0x0, 0x7f, 0xff, 0xe0, 0x0, 0x0, 0xff, 0xff,
    0xc0, 0x0, 0x1, 0xff, 0xff, 0x80, 0x0, 0x3,
    0xff, 0xff, 0x0, 0x0, 0x7, 0xff, 0xfe, 0x0,
    0x0, 0xf, 0xff, 0xfc, 0x0, 0x0, 0x1f, 0xff,
    0xf8, 0x0, 0x0, 0x3f, 0xff, 0xf0, 0x0, 0x0,
    0x7f, 0xff, 0xe0, 0x0, 0x0, 0xff, 0xff, 0xc0,
    0x0, 0x1, 0xff, 0xff, 0x80, 0x0, 0x3, 0xff,
    0xff, 0x0, 0x0, 0x7, 0xff, 0xfe, 0x0, 0x0,
    0xf, 0xfb, 0xfe, 0x0, 0x0, 0x3f, 0xe7, 0xfc,
    0x0, 0x0, 0x7f, 0xcf, 0xf8, 0x0, 0x0, 0xff,
    0x9f, 0xf8, 0x0, 0x3, 0xff, 0x1f, 0xf0, 0x0,
    0x7, 0xfc, 0x3f, 0xf0, 0x0, 0x1f, 0xf8, 0x3f,
    0xe0, 0x0, 0x3f, 0xe0, 0x7f, 0xf0, 0x1, 0xff,
    0xc0, 0x7f, 0xf0, 0x7, 0xff, 0x0, 0x7f, 0xff,
    0xff, 0xfc, 0x0, 0xff, 0xff, 0xff, 0xf8, 0x0,
    0xff, 0xff, 0xff, 0xe0, 0x0, 0x7f, 0xff, 0xff,
    0x0, 0x0, 0x7f, 0xff, 0xfc, 0x0, 0x0, 0x3f,
    0xff, 0xe0, 0x0, 0x0, 0x1f, 0xff, 0x0, 0x0,
    0x0, 0x1, 0x80, 0x0, 0x0,

    /* U+00D3 "Ó" */
    0x0, 0x0, 0x7, 0xfe, 0x0, 0x0, 0x0, 0x1f,
    0xf8, 0x0, 0x0, 0x0, 0x3f, 0xe0, 0x0, 0x0,
    0x0, 0xff, 0x80, 0x0, 0x0, 0x3, 0xff, 0x0,
    0x0, 0x0, 0x7, 0xfc, 0x0, 0x0, 0x0, 0x1f,
    0xf0, 0x0, 0x0, 0x0, 0x3f, 0xc0, 0x0, 0x0,
    0x0, 0xff, 0x0, 0x0, 0x0, 0x3, 0xfc, 0x0,
    0x0, 0x0, 0x0, 0x0, 0x0, 0x0, 0x0, 0x0,
    0x0, 0x0, 0x0, 0x0, 0x1, 0x0, 0x0, 0x0,
    0x0, 0xff, 0xf8, 0x0, 0x0, 0x7, 0xff, 0xfc,
    0x0, 0x0, 0x3f, 0xff, 0xfe, 0x0, 0x0, 0xff,
    0xff, 0xfe, 0x0, 0x7, 0xff, 0xff, 0xff, 0x0,
    0x1f, 0xff, 0xff, 0xff, 0x0, 0x3f, 0xff, 0xff,
    0xfe, 0x0, 0xff, 0xe0, 0xf, 0xfe, 0x3, 0xff,
    0x80, 0xf, 0xfe, 0x7, 0xfc, 0x0, 0x7, 0xfc,
    0x1f, 0xf8, 0x0, 0xf, 0xfc, 0x3f, 0xe0, 0x0,
    0xf, 0xf8, 0xff, 0xc0, 0x0, 0x1f, 0xf9, 0xff,
    0x0, 0x0, 0x1f, 0xf3, 0xfe, 0x0, 0x0, 0x3f,
    0xe7, 0xfc, 0x0, 0x0, 0x7f, 0xdf, 0xf0, 0x0,
    0x0, 0x7f, 0xff, 0xe0, 0x0, 0x0, 0xff, 0xff,
    0xc0, 0x0, 0x1, 0xff, 0xff, 0x80, 0x0, 0x3,
    0xff, 0xff, 0x0, 0x0, 0x7, 0xff, 0xfe, 0x0,
    0x0, 0xf, 0xff, 0xfc, 0x0, 0x0, 0x1f, 0xff,
    0xf8, 0x0, 0x0, 0x3f, 0xff, 0xf0, 0x0, 0x0,
    0x7f, 0xff, 0xe0, 0x0, 0x0, 0xff, 0xff, 0xc0,
    0x0, 0x1, 0xff, 0xff, 0x80, 0x0, 0x3, 0xff,
    0xff, 0x0, 0x0, 0x7, 0xff, 0xfe, 0x0, 0x0,
    0xf, 0xfb, 0xfe, 0x0, 0x0, 0x3f, 0xe7, 0xfc,
    0x0, 0x0, 0x7f, 0xcf, 0xf8, 0x0, 0x0, 0xff,
    0x9f, 0xf8, 0x0, 0x3, 0xff, 0x1f, 0xf0, 0x0,
    0x7, 0xfc, 0x3f, 0xf0, 0x0, 0x1f, 0xf8, 0x3f,
    0xe0, 0x0, 0x3f, 0xe0, 0x7f, 0xf0, 0x1, 0xff,
    0xc0, 0x7f, 0xf0, 0x7, 0xff, 0x0, 0x7f, 0xff,
    0xff, 0xfc, 0x0, 0xff, 0xff, 0xff, 0xf8, 0x0,
    0xff, 0xff, 0xff, 0xe0, 0x0, 0x7f, 0xff, 0xff,
    0x0, 0x0, 0x7f, 0xff, 0xfc, 0x0, 0x0, 0x3f,
    0xff, 0xe0, 0x0, 0x0, 0x1f, 0xff, 0x0, 0x0,
    0x0, 0x1, 0x80, 0x0, 0x0,

    /* U+00D4 "Ô" */
    0x0, 0x0, 0xfe, 0x0, 0x0, 0x0, 0x3, 0xfe,
    0x0, 0x0, 0x0, 0xf, 0xfe, 0x0, 0x0, 0x0,
    0x3f, 0xfe, 0x0, 0x0, 0x0, 0xff, 0xfe, 0x0,
    0x0, 0x7, 0xf8, 0xfe, 0x0, 0x0, 0x1f, 0xe0,
    0xfe, 0x0, 0x0, 0x7f, 0x80, 0xfe, 0x0, 0x1,
    0xfe, 0x0, 0xfe, 0x0, 0x0, 0x0, 0x0, 0x0,
    0x0, 0x0, 0x0, 0x0, 0x0, 0x0, 0x0, 0x0,
    0x0, 0x0, 0x0, 0x0, 0x1, 0x0, 0x0, 0x0,
    0x0, 0xff, 0xf8, 0x0, 0x0, 0x7, 0xff, 0xfc,
    0x0, 0x0, 0x3f, 0xff, 0xfe, 0x0, 0x0, 0xff,
    0xff, 0xfe, 0x0, 0x7, 0xff, 0xff, 0xff, 0x0,
    0x1f, 0xff, 0xff, 0xff, 0x0, 0x3f, 0xff, 0xff,
    0xfe, 0x0, 0xff, 0xe0, 0xf, 0xfe, 0x3, 0xff,
    0x80, 0xf, 0xfe, 0x7, 0xfc, 0x0, 0x7, 0xfc,
    0x1f, 0xf8, 0x0, 0xf, 0xfc, 0x3f, 0xe0, 0x0,
    0xf, 0xf8, 0xff, 0xc0, 0x0, 0x1f, 0xf9, 0xff,
    0x0, 0x0, 0x1f, 0xf3, 0xfe, 0x0, 0x0, 0x3f,
    0xe7, 0xfc, 0x0, 0x0, 0x7f, 0xdf, 0xf0, 0x0,
    0x0, 0x7f, 0xff, 0xe0, 0x0, 0x0, 0xff, 0xff,
    0xc0, 0x0, 0x1, 0xff, 0xff, 0x80, 0x0, 0x3,
    0xff, 0xff, 0x0, 0x0, 0x7, 0xff, 0xfe, 0x0,
    0x0, 0xf, 0xff, 0xfc, 0x0, 0x0, 0x1f, 0xff,
    0xf8, 0x0, 0x0, 0x3f, 0xff, 0xf0, 0x0, 0x0,
    0x7f, 0xff, 0xe0, 0x0, 0x0, 0xff, 0xff, 0xc0,
    0x0, 0x1, 0xff, 0xff, 0x80, 0x0, 0x3, 0xff,
    0xff, 0x0, 0x0, 0x7, 0xff, 0xfe, 0x0, 0x0,
    0xf, 0xfb, 0xfe, 0x0, 0x0, 0x3f, 0xe7, 0xfc,
    0x0, 0x0, 0x7f, 0xcf, 0xf8, 0x0, 0x0, 0xff,
    0x9f, 0xf8, 0x0, 0x3, 0xff, 0x1f, 0xf0, 0x0,
    0x7, 0xfc, 0x3f, 0xf0, 0x0, 0x1f, 0xf8, 0x3f,
    0xe0, 0x0, 0x3f, 0xe0, 0x7f, 0xf0, 0x1, 0xff,
    0xc0, 0x7f, 0xf0, 0x7, 0xff, 0x0, 0x7f, 0xff,
    0xff, 0xfc, 0x0, 0xff, 0xff, 0xff, 0xf8, 0x0,
    0xff, 0xff, 0xff, 0xe0, 0x0, 0x7f, 0xff, 0xff,
    0x0, 0x0, 0x7f, 0xff, 0xfc, 0x0, 0x0, 0x3f,
    0xff, 0xe0, 0x0, 0x0, 0x1f, 0xff, 0x0, 0x0,
    0x0, 0x1, 0x80, 0x0, 0x0,

    /* U+00D5 "Õ" */
    0x0, 0x7, 0x80, 0x3e, 0x0, 0x0, 0x3f, 0xc0,
    0x7c, 0x0, 0x0, 0xff, 0xc1, 0xf8, 0x0, 0x3,
    0xff, 0xc3, 0xe0, 0x0, 0x7, 0xff, 0xff, 0xc0,
    0x0, 0x1f, 0xff, 0xff, 0x80, 0x0, 0x3f, 0xf,
    0xfe, 0x0, 0x0, 0x7c, 0x7, 0xf8, 0x0, 0x0,
    0xf8, 0x7, 0xc0, 0x0, 0x0, 0x0, 0x0, 0x0,
    0x0, 0x0, 0x0, 0x0, 0x0, 0x0, 0x0, 0x0,
    0x0, 0x0, 0x0, 0x0, 0x1, 0x0, 0x0, 0x0,
    0x0, 0xff, 0xf8, 0x0, 0x0, 0x7, 0xff, 0xfc,
    0x0, 0x0, 0x3f, 0xff, 0xfe, 0x0, 0x0, 0xff,
    0xff, 0xfe, 0x0, 0x7, 0xff, 0xff, 0xff, 0x0,
    0x1f, 0xff, 0xff, 0xff, 0x0, 0x3f, 0xff, 0xff,
    0xfe, 0x0, 0xff, 0xe0, 0xf, 0xfe, 0x3, 0xff,
    0x80, 0xf, 0xfe, 0x7, 0xfc, 0x0, 0x7, 0xfc,
    0x1f, 0xf8, 0x0, 0xf, 0xfc, 0x3f, 0xe0, 0x0,
    0xf, 0xf8, 0xff, 0xc0, 0x0, 0x1f, 0xf9, 0xff,
    0x0, 0x0, 0x1f, 0xf3, 0xfe, 0x0, 0x0, 0x3f,
    0xe7, 0xfc, 0x0, 0x0, 0x7f, 0xdf, 0xf0, 0x0,
    0x0, 0x7f, 0xff, 0xe0, 0x0, 0x0, 0xff, 0xff,
    0xc0, 0x0, 0x1, 0xff, 0xff, 0x80, 0x0, 0x3,
    0xff, 0xff, 0x0, 0x0, 0x7, 0xff, 0xfe, 0x0,
    0x0, 0xf, 0xff, 0xfc, 0x0, 0x0, 0x1f, 0xff,
    0xf8, 0x0, 0x0, 0x3f, 0xff, 0xf0, 0x0, 0x0,
    0x7f, 0xff, 0xe0, 0x0, 0x0, 0xff, 0xff, 0xc0,
    0x0, 0x1, 0xff, 0xff, 0x80, 0x0, 0x3, 0xff,
    0xff, 0x0, 0x0, 0x7, 0xff, 0xfe, 0x0, 0x0,
    0xf, 0xfb, 0xfe, 0x0, 0x0, 0x3f, 0xe7, 0xfc,
    0x0, 0x0, 0x7f, 0xcf, 0xf8, 0x0, 0x0, 0xff,
    0x9f, 0xf8, 0x0, 0x3, 0xff, 0x1f, 0xf0, 0x0,
    0x7, 0xfc, 0x3f, 0xf0, 0x0, 0x1f, 0xf8, 0x3f,
    0xe0, 0x0, 0x3f, 0xe0, 0x7f, 0xf0, 0x1, 0xff,
    0xc0, 0x7f, 0xf0, 0x7, 0xff, 0x0, 0x7f, 0xff,
    0xff, 0xfc, 0x0, 0xff, 0xff, 0xff, 0xf8, 0x0,
    0xff, 0xff, 0xff, 0xe0, 0x0, 0x7f, 0xff, 0xff,
    0x0, 0x0, 0x7f, 0xff, 0xfc, 0x0, 0x0, 0x3f,
    0xff, 0xe0, 0x0, 0x0, 0x1f, 0xff, 0x0, 0x0,
    0x0, 0x1, 0x80, 0x0, 0x0,

    /* U+00D6 "Ö" */
    0x0, 0x7c, 0x0, 0xf8, 0x0, 0x1, 0xfc, 0x3,
    0xf8, 0x0, 0x7, 0xfc, 0xf, 0xf8, 0x0, 0xf,
    0xf8, 0x1f, 0xf0, 0x0, 0x1f, 0xf0, 0x3f, 0xe0,
    0x0, 0x3f, 0xe0, 0x7f, 0xc0, 0x0, 0x3f, 0x80,
    0x7f, 0x0, 0x0, 0x3e, 0x0, 0x7c, 0x0, 0x0,
    0x0, 0x0, 0x0, 0x0, 0x0, 0x0, 0x0, 0x0,
    0x0, 0x0, 0x0, 0x40, 0x0, 0x0, 0x0, 0x3f,
    0xfe, 0x0, 0x0, 0x1, 0xff, 0xff, 0x0, 0x0,
    0xf, 0xff, 0xff, 0x80, 0x0, 0x3f, 0xff, 0xff,
    0x80, 0x1, 0xff, 0xff, 0xff, 0xc0, 0x7, 0xff,
    0xff, 0xff, 0xc0, 0xf, 0xff, 0xff, 0xff, 0x80,
    0x3f, 0xf8, 0x3, 0xff, 0x80, 0xff, 0xe0, 0x3,
    0xff, 0x81, 0xff, 0x0, 0x1, 0xff, 0x7, 0xfe,
    0x0, 0x3, 0xff, 0xf, 0xf8, 0x0, 0x3, 0xfe,
    0x3f, 0xf0, 0x0, 0x7, 0xfe, 0x7f, 0xc0, 0x0,
    0x7, 0xfc, 0xff, 0x80, 0x0, 0xf, 0xf9, 0xff,
    0x0, 0x0, 0x1f, 0xf7, 0xfc, 0x0, 0x0, 0x1f,
    0xff, 0xf8, 0x0, 0x0, 0x3f, 0xff, 0xf0, 0x0,
    0x0, 0x7f, 0xff, 0xe0, 0x0, 0x0, 0xff, 0xff,
    0xc0, 0x0, 0x1, 0xff, 0xff, 0x80, 0x0, 0x3,
    0xff, 0xff, 0x0, 0x0, 0x7, 0xff, 0xfe, 0x0,
    0x0, 0xf, 0xff, 0xfc, 0x0, 0x0, 0x1f, 0xff,
    0xf8, 0x0, 0x0, 0x3f, 0xff, 0xf0, 0x0, 0x0,
    0x7f, 0xff, 0xe0, 0x0, 0x0, 0xff, 0xff, 0xc0,
    0x0, 0x1, 0xff, 0xff, 0x80, 0x0, 0x3, 0xfe,
    0xff, 0x80, 0x0, 0xf, 0xf9, 0xff, 0x0, 0x0,
    0x1f, 0xf3, 0xfe, 0x0, 0x0, 0x3f, 0xe7, 0xfe,
    0x0, 0x0, 0xff, 0xc7, 0xfc, 0x0, 0x1, 0xff,
    0xf, 0xfc, 0x0, 0x7, 0xfe, 0xf, 0xf8, 0x0,
    0xf, 0xf8, 0x1f, 0xfc, 0x0, 0x7f, 0xf0, 0x1f,
    0xfc, 0x1, 0xff, 0xc0, 0x1f, 0xff, 0xff, 0xff,
    0x0, 0x3f, 0xff, 0xff, 0xfe, 0x0, 0x3f, 0xff,
    0xff, 0xf8, 0x0, 0x1f, 0xff, 0xff, 0xc0, 0x0,
    0x1f, 0xff, 0xff, 0x0, 0x0, 0xf, 0xff, 0xf8,
    0x0, 0x0, 0x7, 0xff, 0xc0, 0x0, 0x0, 0x0,
    0x60, 0x0, 0x0,

    /* U+00D7 "×" */
    0x4, 0x0, 0x0, 0x80, 0x38, 0x0, 0x7, 0x1,
    0xf0, 0x0, 0x3e, 0xf, 0xe0, 0x1, 0xfc, 0x7f,
    0x80, 0xf, 0xfb, 0xff, 0x0, 0x7f, 0xf7, 0xfe,
    0x3, 0xff, 0x8f, 0xfc, 0x1f, 0xfc, 0x1f, 0xf8,
    0xff, 0xe0, 0x3f, 0xf7, 0xff, 0x0, 0x7f, 0xff,
    0xf8, 0x0, 0xff, 0xff, 0xc0, 0x1, 0xff, 0xfe,
    0x0, 0x3, 0xff, 0xf0, 0x0, 0x7, 0xff, 0x80,
    0x0, 0xf, 0xfc, 0x0, 0x0, 0x7f, 0xf8, 0x0,
    0x3, 0xff, 0xf0, 0x0, 0x1f, 0xff, 0xe0, 0x0,
    0xff, 0xff, 0xc0, 0x7, 0xff, 0xff, 0x80, 0x3f,
    0xf3, 0xff, 0x1, 0xff, 0x87, 0xfe, 0xf, 0xfc,
    0xf, 0xfc, 0x7f, 0xe0, 0x3f, 0xfb, 0xff, 0x0,
    0x7f, 0xf7, 0xf8, 0x0, 0xff, 0x8f, 0xc0, 0x1,
    0xfc, 0x1e, 0x0, 0x3, 0xe0, 0x30, 0x0, 0x7,
    0x0, 0x0, 0x0, 0x8, 0x0,

    /* U+00D8 "Ø" */
    0x0, 0x0, 0x0, 0x0, 0xf8, 0x0, 0x0, 0x20,
    0x3, 0xf0, 0x0, 0x1f, 0xff, 0x7, 0xc0, 0x0,
    0xff, 0xff, 0x9f, 0x0, 0x7, 0xff, 0xff, 0xfe,
    0x0, 0x1f, 0xff, 0xff, 0xf8, 0x0, 0xff, 0xff,
    0xff, 0xf0, 0x3, 0xff, 0xff, 0xff, 0xe0, 0x7,
    0xff, 0xff, 0xff, 0xc0, 0x1f, 0xfc, 0x1, 0xff,
    0xc0, 0x7f, 0xe0, 0x1, 0xff, 0xc0, 0xff, 0x80,
    0x3, 0xff, 0x83, 0xff, 0x0, 0x7, 0xff, 0x87,
    0xfc, 0x0, 0x1f, 0xff, 0x1f, 0xf8, 0x0, 0x7f,
    0xff, 0x3f, 0xe0, 0x0, 0xfb, 0xfe, 0x7f, 0xc0,
    0x3, 0xf7, 0xfc, 0xff, 0x80, 0x7, 0xcf, 0xfb,
    0xfe, 0x0, 0x1f, 0x8f, 0xff, 0xfc, 0x0, 0x7e,
    0x1f, 0xff, 0xf8, 0x0, 0xf8, 0x3f, 0xff, 0xf0,
    0x3, 0xf0, 0x7f, 0xff, 0xe0, 0x7, 0xc0, 0xff,
    0xff, 0xc0, 0x1f, 0x81, 0xff, 0xff, 0x80, 0x7e,
    0x3, 0xff, 0xff, 0x0, 0xf8, 0x7, 0xff, 0xfe,
    0x3, 0xf0, 0xf, 0xff, 0xfc, 0x7, 0xc0, 0x1f,
    0xff, 0xf8, 0x1f, 0x80, 0x3f, 0xff, 0xf0, 0x7e,
    0x0, 0x7f, 0xff, 0xe0, 0xf8, 0x0, 0xff, 0xff,
    0xc3, 0xf0, 0x1, 0xff, 0x7f, 0xc7, 0xc0, 0x7,
    0xfc, 0xff, 0x9f, 0x80, 0xf, 0xf9, 0xff, 0x7e,
    0x0, 0x1f, 0xf3, 0xff, 0xf8, 0x0, 0x7f, 0xe3,
    0xff, 0xf0, 0x0, 0xff, 0x87, 0xff, 0xc0, 0x3,
    0xff, 0x7, 0xff, 0x80, 0x7, 0xfc, 0xf, 0xfe,
    0x0, 0x3f, 0xf8, 0xf, 0xfe, 0x0, 0xff, 0xe0,
    0xf, 0xff, 0xff, 0xff, 0x80, 0x1f, 0xff, 0xff,
    0xff, 0x0, 0x1f, 0xff, 0xff, 0xfc, 0x0, 0x7f,
    0xff, 0xff, 0xf0, 0x0, 0xff, 0xff, 0xff, 0x80,
    0x3, 0xf7, 0xff, 0xfc, 0x0, 0x7, 0xc3, 0xff,
    0xe0, 0x0, 0x1f, 0x80, 0x30, 0x0, 0x0, 0x7e,
    0x0, 0x0, 0x0, 0x0, 0xf8, 0x0, 0x0, 0x0,
    0x0,

    /* U+00D9 "Ù" */
    0x3, 0xff, 0x0, 0x0, 0x0, 0x3f, 0xf0, 0x0,
    0x0, 0x3, 0xfe, 0x0, 0x0, 0x0, 0x3f, 0xe0,
    0x0, 0x0, 0x3, 0xfe, 0x0, 0x0, 0x0, 0x7f,
    0xc0, 0x0, 0x0, 0x7, 0xfc, 0x0, 0x0, 0x0,
    0x7f, 0x80, 0x0, 0x0, 0x7, 0xf8, 0x0, 0x0,
    0x0, 0x7f, 0x80, 0x0, 0x0, 0x0, 0x0, 0x0,
    0x0, 0x0, 0x0, 0x0, 0x0, 0x0, 0x0, 0x0,
    0x1, 0xff, 0x0, 0x0, 0x7f, 0xff, 0xe0, 0x0,
    0xf, 0xff, 0xfc, 0x0, 0x1, 0xff, 0xff, 0x80,
    0x0, 0x3f, 0xff, 0xf0, 0x0, 0x7, 0xff, 0xfe,
    0x0, 0x0, 0xff, 0xff, 0xc0, 0x0, 0x1f, 0xff,
    0xf8, 0x0, 0x3, 0xff, 0xff, 0x0, 0x0, 0x7f,
    0xff, 0xe0, 0x0, 0xf, 0xff, 0xfc, 0x0, 0x1,
    0xff, 0xff, 0x80, 0x0, 0x3f, 0xff, 0xf0, 0x0,
    0x7, 0xff, 0xfe, 0x0, 0x0, 0xff, 0xff, 0xc0,
    0x0, 0x1f, 0xff, 0xf8, 0x0, 0x3, 0xff, 0xff,
    0x0, 0x0, 0x7f, 0xff, 0xe0, 0x0, 0xf, 0xff,
    0xfc, 0x0, 0x1, 0xff, 0xff, 0x80, 0x0, 0x3f,
    0xff, 0xf0, 0x0, 0x7, 0xff, 0xfe, 0x0, 0x0,
    0xff, 0xff, 0xc0, 0x0, 0x1f, 0xff, 0xf8, 0x0,
    0x3, 0xff, 0xff, 0x0, 0x0, 0x7f, 0xff, 0xe0,
    0x0, 0xf, 0xff, 0xfc, 0x0, 0x1, 0xff, 0xff,
    0x80, 0x0, 0x3f, 0xff, 0xf0, 0x0, 0x7, 0xff,
    0xfe, 0x0, 0x0, 0xff, 0xff, 0xc0, 0x0, 0x1f,
    0xff, 0xf8, 0x0, 0x3, 0xff, 0xff, 0x0, 0x0,
    0x7f, 0xff, 0xe0, 0x0, 0xf, 0xff, 0xfe, 0x0,
    0x3, 0xff, 0x7f, 0xc0, 0x0, 0x7f, 0xcf, 0xf8,
    0x0, 0x1f, 0xf9, 0xff, 0x80, 0x3, 0xff, 0x1f,
    0xfc, 0x1, 0xff, 0xc3, 0xff, 0xff, 0xff, 0xf8,
    0x3f, 0xff, 0xff, 0xfe, 0x3, 0xff, 0xff, 0xff,
    0x80, 0x3f, 0xff, 0xff, 0xe0, 0x3, 0xff, 0xff,
    0xf8, 0x0, 0x1f, 0xff, 0xfc, 0x0, 0x0, 0x7f,
    0xfe, 0x0, 0x0, 0x0, 0x60, 0x0, 0x0,

    /* U+00DA "Ú" */
    0x0, 0x0, 0x1f, 0xf8, 0x0, 0x0, 0x7, 0xfe,
    0x0, 0x0, 0x0, 0xff, 0x80, 0x0, 0x0, 0x3f,
    0xe0, 0x0, 0x0, 0xf, 0xf8, 0x0, 0x0, 0x1,
    0xff, 0x0, 0x0, 0x0, 0x7f, 0xc0, 0x0, 0x0,
    0x1f, 0xf0, 0x0, 0x0, 0x3, 0xfc, 0x0, 0x0,
    0x0, 0xff, 0x0, 0x0, 0x0, 0x0, 0x0, 0x0,
    0x0, 0x0, 0x0, 0x0, 0x0, 0x0, 0x0, 0x0,
    0x1, 0xff, 0x0, 0x0, 0x7f, 0xff, 0xe0, 0x0,
    0xf, 0xff, 0xfc, 0x0, 0x1, 0xff, 0xff, 0x80,
    0x0, 0x3f, 0xff, 0xf0, 0x0, 0x7, 0xff, 0xfe,
    0x0, 0x0, 0xff, 0xff, 0xc0, 0x0, 0x1f, 0xff,
    0xf8, 0x0, 0x3, 0xff, 0xff, 0x0, 0x0, 0x7f,
    0xff, 0xe0, 0x0, 0xf, 0xff, 0xfc, 0x0, 0x1,
    0xff, 0xff, 0x80, 0x0, 0x3f, 0xff, 0xf0, 0x0,
    0x7, 0xff, 0xfe, 0x0, 0x0, 0xff, 0xff, 0xc0,
    0x0, 0x1f, 0xff, 0xf8, 0x0, 0x3, 0xff, 0xff,
    0x0, 0x0, 0x7f, 0xff, 0xe0, 0x0, 0xf, 0xff,
    0xfc, 0x0, 0x1, 0xff, 0xff, 0x80, 0x0, 0x3f,
    0xff, 0xf0, 0x0, 0x7, 0xff, 0xfe, 0x0, 0x0,
    0xff, 0xff, 0xc0, 0x0, 0x1f, 0xff, 0xf8, 0x0,
    0x3, 0xff, 0xff, 0x0, 0x0, 0x7f, 0xff, 0xe0,
    0x0, 0xf, 0xff, 0xfc, 0x0, 0x1, 0xff, 0xff,
    0x80, 0x0, 0x3f, 0xff, 0xf0, 0x0, 0x7, 0xff,
    0xfe, 0x0, 0x0, 0xff, 0xff, 0xc0, 0x0, 0x1f,
    0xff, 0xf8, 0x0, 0x3, 0xff, 0xff, 0x0, 0x0,
    0x7f, 0xff, 0xe0, 0x0, 0xf, 0xff, 0xfe, 0x0,
    0x3, 0xff, 0x7f, 0xc0, 0x0, 0x7f, 0xcf, 0xf8,
    0x0, 0x1f, 0xf9, 0xff, 0x80, 0x3, 0xff, 0x1f,
    0xfc, 0x1, 0xff, 0xc3, 0xff, 0xff, 0xff, 0xf8,
    0x3f, 0xff, 0xff, 0xfe, 0x3, 0xff, 0xff, 0xff,
    0x80, 0x3f, 0xff, 0xff, 0xe0, 0x3, 0xff, 0xff,
    0xf8, 0x0, 0x1f, 0xff, 0xfc, 0x0, 0x0, 0x7f,
    0xfe, 0x0, 0x0, 0x0, 0x60, 0x0, 0x0,

    /* U+00DB "Û" */
    0x0, 0x3, 0xf8, 0x0, 0x0, 0x0, 0xff, 0x80,
    0x0, 0x0, 0x3f, 0xf8, 0x0, 0x0, 0xf, 0xff,
    0x80, 0x0, 0x3, 0xff, 0xf8, 0x0, 0x0, 0xfe,
    0x7f, 0x80, 0x0, 0x7f, 0x83, 0xf8, 0x0, 0x1f,
    0xe0, 0x3f, 0x80, 0x7, 0xf8, 0x3, 0xf8, 0x0,
    0x0, 0x0, 0x0, 0x0, 0x0, 0x0, 0x0, 0x0,
    0x0, 0x0, 0x0, 0x0, 0x0, 0x0, 0x0, 0x0,
    0x1, 0xff, 0x0, 0x0, 0x7f, 0xff, 0xe0, 0x0,
    0xf, 0xff, 0xfc, 0x0, 0x1, 0xff, 0xff, 0x80,
    0x0, 0x3f, 0xff, 0xf0, 0x0, 0x7, 0xff, 0xfe,
    0x0, 0x0, 0xff, 0xff, 0xc0, 0x0, 0x1f, 0xff,
    0xf8, 0x0, 0x3, 0xff, 0xff, 0x0, 0x0, 0x7f,
    0xff, 0xe0, 0x0, 0xf, 0xff, 0xfc, 0x0, 0x1,
    0xff, 0xff, 0x80, 0x0, 0x3f, 0xff, 0xf0, 0x0,
    0x7, 0xff, 0xfe, 0x0, 0x0, 0xff, 0xff, 0xc0,
    0x0, 0x1f, 0xff, 0xf8, 0x0, 0x3, 0xff, 0xff,
    0x0, 0x0, 0x7f, 0xff, 0xe0, 0x0, 0xf, 0xff,
    0xfc, 0x0, 0x1, 0xff, 0xff, 0x80, 0x0, 0x3f,
    0xff, 0xf0, 0x0, 0x7, 0xff, 0xfe, 0x0, 0x0,
    0xff, 0xff, 0xc0, 0x0, 0x1f, 0xff, 0xf8, 0x0,
    0x3, 0xff, 0xff, 0x0, 0x0, 0x7f, 0xff, 0xe0,
    0x0, 0xf, 0xff, 0xfc, 0x0, 0x1, 0xff, 0xff,
    0x80, 0x0, 0x3f, 0xff, 0xf0, 0x0, 0x7, 0xff,
    0xfe, 0x0, 0x0, 0xff, 0xff, 0xc0, 0x0, 0x1f,
    0xff, 0xf8, 0x0, 0x3, 0xff, 0xff, 0x0, 0x0,
    0x7f, 0xff, 0xe0, 0x0, 0xf, 0xff, 0xfe, 0x0,
    0x3, 0xff, 0x7f, 0xc0, 0x0, 0x7f, 0xcf, 0xf8,
    0x0, 0x1f, 0xf9, 0xff, 0x80, 0x3, 0xff, 0x1f,
    0xfc, 0x1, 0xff, 0xc3, 0xff, 0xff, 0xff, 0xf8,
    0x3f, 0xff, 0xff, 0xfe, 0x3, 0xff, 0xff, 0xff,
    0x80, 0x3f, 0xff, 0xff, 0xe0, 0x3, 0xff, 0xff,
    0xf8, 0x0, 0x1f, 0xff, 0xfc, 0x0, 0x0, 0x7f,
    0xfe, 0x0, 0x0, 0x0, 0x60, 0x0, 0x0,

    /* U+00DC "Ü" */
    0x1, 0xf0, 0x3, 0xe0, 0x0, 0x7f, 0x0, 0xfe,
    0x0, 0x1f, 0xf0, 0x3f, 0xe0, 0x3, 0xfe, 0x7,
    0xfc, 0x0, 0x7f, 0xc0, 0xff, 0x80, 0xf, 0xf8,
    0x1f, 0xf0, 0x0, 0xfe, 0x1, 0xfc, 0x0, 0xf,
    0x80, 0x1f, 0x0, 0x0, 0x0, 0x0, 0x0, 0x0,
    0x0, 0x0, 0x0, 0x0, 0x0, 0x0, 0x0, 0x0,
    0x7f, 0xc0, 0x0, 0x1f, 0xff, 0xf8, 0x0, 0x3,
    0xff, 0xff, 0x0, 0x0, 0x7f, 0xff, 0xe0, 0x0,
    0xf, 0xff, 0xfc, 0x0, 0x1, 0xff, 0xff, 0x80,
    0x0, 0x3f, 0xff, 0xf0, 0x0, 0x7, 0xff, 0xfe,
    0x0, 0x0, 0xff, 0xff, 0xc0, 0x0, 0x1f, 0xff,
    0xf8, 0x0, 0x3, 0xff, 0xff, 0x0, 0x0, 0x7f,
    0xff, 0xe0, 0x0, 0xf, 0xff, 0xfc, 0x0, 0x1,
    0xff, 0xff, 0x80, 0x0, 0x3f, 0xff, 0xf0, 0x0,
    0x7, 0xff, 0xfe, 0x0, 0x0, 0xff, 0xff, 0xc0,
    0x0, 0x1f, 0xff, 0xf8, 0x0, 0x3, 0xff, 0xff,
    0x0, 0x0, 0x7f, 0xff, 0xe0, 0x0, 0xf, 0xff,
    0xfc, 0x0, 0x1, 0xff, 0xff, 0x80, 0x0, 0x3f,
    0xff, 0xf0, 0x0, 0x7, 0xff, 0xfe, 0x0, 0x0,
    0xff, 0xff, 0xc0, 0x0, 0x1f, 0xff, 0xf8, 0x0,
    0x3, 0xff, 0xff, 0x0, 0x0, 0x7f, 0xff, 0xe0,
    0x0, 0xf, 0xff, 0xfc, 0x0, 0x1, 0xff, 0xff,
    0x80, 0x0, 0x3f, 0xff, 0xf0, 0x0, 0x7, 0xff,
    0xfe, 0x0, 0x0, 0xff, 0xff, 0xc0, 0x0, 0x1f,
    0xff, 0xf8, 0x0, 0x3, 0xff, 0xff, 0x80, 0x0,
    0xff, 0xdf, 0xf0, 0x0, 0x1f, 0xf3, 0xfe, 0x0,
    0x7, 0xfe, 0x7f, 0xe0, 0x0, 0xff, 0xc7, 0xff,
    0x0, 0x7f, 0xf0, 0xff, 0xff, 0xff, 0xfe, 0xf,
    0xff, 0xff, 0xff, 0x80, 0xff, 0xff, 0xff, 0xe0,
    0xf, 0xff, 0xff, 0xf8, 0x0, 0xff, 0xff, 0xfe,
    0x0, 0x7, 0xff, 0xff, 0x0, 0x0, 0x1f, 0xff,
    0x80, 0x0, 0x0, 0x18, 0x0, 0x0,

    /* U+00DD "Ý" */
    0x0, 0x0, 0x7, 0xfe, 0x0, 0x0, 0x0, 0x1f,
    0xf8, 0x0, 0x0, 0x0, 0x3f, 0xe0, 0x0, 0x0,
    0x0, 0xff, 0x80, 0x0, 0x0, 0x1, 0xfe, 0x0,
    0x0, 0x0, 0x7, 0xf8, 0x0, 0x0, 0x0, 0xf,
    0xe0, 0x0, 0x0, 0x0, 0x3f, 0xc0, 0x0, 0x0,
    0x0, 0xff, 0x0, 0x0, 0x0, 0x1, 0xfc, 0x0,
    0x0, 0x0, 0x0, 0x0, 0x0, 0x0, 0x0, 0x0,
    0x0, 0x0, 0x0, 0x0, 0x0, 0x0, 0x0, 0x1f,
    0xf8, 0x0, 0x0, 0xff, 0xdf, 0xf8, 0x0, 0x3,
    0xff, 0x3f, 0xf0, 0x0, 0x7, 0xfe, 0x3f, 0xf0,
    0x0, 0x1f, 0xf8, 0x7f, 0xe0, 0x0, 0x3f, 0xf0,
    0x7f, 0xe0, 0x0, 0xff, 0xc0, 0xff, 0xc0, 0x1,
    0xff, 0x80, 0xff, 0xc0, 0x7, 0xfe, 0x1, 0xff,
    0x80, 0xf, 0xfc, 0x1, 0xff, 0x0, 0x1f, 0xf0,
    0x3, 0xff, 0x0, 0x7f, 0xe0, 0x3, 0xfe, 0x0,
    0xff, 0x80, 0x7, 0xfe, 0x3, 0xff, 0x0, 0x7,
    0xfc, 0x7, 0xfc, 0x0, 0xf, 0xfc, 0x1f, 0xf8,
    0x0, 0xf, 0xf8, 0x3f, 0xe0, 0x0, 0x1f, 0xf8,
    0xff, 0xc0, 0x0, 0x1f, 0xf1, 0xff, 0x0, 0x0,
    0x3f, 0xe3, 0xfe, 0x0, 0x0, 0x3f, 0xef, 0xf8,
    0x0, 0x0, 0x3f, 0xdf, 0xe0, 0x0, 0x0, 0x7f,
    0xff, 0xc0, 0x0, 0x0, 0x7f, 0xff, 0x0, 0x0,
    0x0, 0xff, 0xfe, 0x0, 0x0, 0x0, 0xff, 0xf8,
    0x0, 0x0, 0x1, 0xff, 0xf0, 0x0, 0x0, 0x1,
    0xff, 0xc0, 0x0, 0x0, 0x3, 0xff, 0x80, 0x0,
    0x0, 0x3, 0xfe, 0x0, 0x0, 0x0, 0x7, 0xfc,
    0x0, 0x0, 0x0, 0xf, 0xf8, 0x0, 0x0, 0x0,
    0x1f, 0xf0, 0x0, 0x0, 0x0, 0x3f, 0xe0, 0x0,
    0x0, 0x0, 0x7f, 0xc0, 0x0, 0x0, 0x0, 0xff,
    0x80, 0x0, 0x0, 0x1, 0xff, 0x0, 0x0, 0x0,
    0x3, 0xfe, 0x0, 0x0, 0x0, 0x7, 0xfc, 0x0,
    0x0, 0x0, 0xf, 0xf8, 0x0, 0x0, 0x0, 0x1f,
    0xf0, 0x0, 0x0, 0x0, 0x3f, 0xe0, 0x0, 0x0,
    0x0, 0x7f, 0xc0, 0x0, 0x0, 0x0, 0xff, 0x80,
    0x0, 0x0, 0x1, 0xff, 0x0, 0x0, 0x0, 0x3,
    0xfe, 0x0, 0x0, 0x0, 0x7, 0xfc, 0x0, 0x0,

    /* U+00DE "Þ" */
    0xff, 0x80, 0x0, 0x0, 0x7f, 0xc0, 0x0, 0x0,
    0x3f, 0xe0, 0x0, 0x0, 0x1f, 0xf0, 0x0, 0x0,
    0xf, 0xf8, 0x0, 0x0, 0x7, 0xfc, 0x0, 0x0,
    0x3, 0xfe, 0x0, 0x0, 0x1, 0xff, 0x0, 0x0,
    0x0, 0xff, 0xff, 0xf8, 0x0, 0x7f, 0xff, 0xff,
    0xc0, 0x3f, 0xff, 0xff, 0xf0, 0x1f, 0xff, 0xff,
    0xfe, 0xf, 0xff, 0xff, 0xff, 0x87, 0xff, 0xff,
    0xff, 0xe3, 0xff, 0xff, 0xff, 0xf9, 0xff, 0x0,
    0x3f, 0xfc, 0xff, 0x80, 0x7, 0xff, 0x7f, 0xc0,
    0x1, 0xff, 0xbf, 0xe0, 0x0, 0x7f, 0xdf, 0xf0,
    0x0, 0x3f, 0xff, 0xf8, 0x0, 0xf, 0xff, 0xfc,
    0x0, 0x7, 0xff, 0xfe, 0x0, 0x3, 0xff, 0xff,
    0x0, 0x1, 0xff, 0xff, 0x80, 0x0, 0xff, 0xff,
    0xc0, 0x0, 0xff, 0xff, 0xe0, 0x0, 0x7f, 0xff,
    0xf0, 0x0, 0x7f, 0xef, 0xf8, 0x0, 0x7f, 0xf7,
    0xfc, 0x0, 0xff, 0xf3, 0xff, 0xff, 0xff, 0xf9,
    0xff, 0xff, 0xff, 0xf8, 0xff, 0xff, 0xff, 0xf8,
    0x7f, 0xff, 0xff, 0xf8, 0x3f, 0xff, 0xff, 0xf0,
    0x1f, 0xff, 0xff, 0xf0, 0xf, 0xff, 0xff, 0x80,
    0x7, 0xfc, 0x0, 0x0, 0x3, 0xfe, 0x0, 0x0,
    0x1, 0xff, 0x0, 0x0, 0x0, 0xff, 0x80, 0x0,
    0x0, 0x7f, 0xc0, 0x0, 0x0, 0x3f, 0xe0, 0x0,
    0x0, 0x1f, 0xf0, 0x0, 0x0, 0xf, 0xf8, 0x0,
    0x0, 0x7, 0xfc, 0x0, 0x0, 0x0,

    /* U+00DF "ß" */
    0x0, 0x3f, 0xe0, 0x0, 0x0, 0x7f, 0xff, 0x0,
    0x0, 0x7f, 0xff, 0xf0, 0x0, 0x3f, 0xff, 0xfe,
    0x0, 0x1f, 0xff, 0xff, 0xc0, 0xf, 0xff, 0xff,
    0xf0, 0x3, 0xff, 0xff, 0xfe, 0x1, 0xff, 0xc3,
    0xff, 0x80, 0x7f, 0xe0, 0x3f, 0xf0, 0x1f, 0xf0,
    0xf, 0xfc, 0xf, 0xfc, 0x1, 0xff, 0x3, 0xfe,
    0x0, 0x7f, 0xc0, 0xff, 0x80, 0x1f, 0xf0, 0x3f,
    0xe0, 0x7, 0xfc, 0xf, 0xf8, 0x1, 0xff, 0x3,
    0xfe, 0x0, 0xff, 0xc0, 0xff, 0x80, 0x3f, 0xe0,
    0x3f, 0xe0, 0xf, 0xf8, 0xf, 0xf8, 0x7, 0xfc,
    0x3, 0xfe, 0x1, 0xff, 0x0, 0xff, 0x80, 0xff,
    0x80, 0x3f, 0xe0, 0x3f, 0xe0, 0xf, 0xf8, 0xf,
    0xf8, 0x3, 0xfe, 0x3, 0xfe, 0x0, 0xff, 0x80,
    0xff, 0x80, 0x3f, 0xe0, 0x3f, 0xf0, 0xf, 0xf8,
    0xf, 0xfc, 0x3, 0xfe, 0x1, 0xff, 0x80, 0xff,
    0x80, 0x7f, 0xf0, 0x3f, 0xe0, 0xf, 0xfe, 0xf,
    0xf8, 0x1, 0xff, 0xc3, 0xfe, 0x0, 0x3f, 0xf8,
    0xff, 0x80, 0x7, 0xff, 0x3f, 0xe0, 0x0, 0xff,
    0xef, 0xf8, 0x0, 0x1f, 0xfb, 0xfe, 0x0, 0x3,
    0xff, 0xff, 0x80, 0x0, 0xff, 0xff, 0xe0, 0x0,
    0x1f, 0xff, 0xf8, 0x0, 0x7, 0xff, 0xfe, 0x0,
    0x1, 0xff, 0xff, 0x80, 0x0, 0x7f, 0xff, 0xe0,
    0x0, 0x3f, 0xff, 0xf8, 0x60, 0x1f, 0xfb, 0xfe,
    0x1f, 0xff, 0xfe, 0xff, 0x87, 0xff, 0xff, 0xbf,
    0xe3, 0xff, 0xff, 0xcf, 0xf8, 0xff, 0xff, 0xe3,
    0xfe, 0x3f, 0xff, 0xf0, 0xff, 0x8f, 0xff, 0xf8,
    0x3f, 0xe1, 0xff, 0xf8, 0x0, 0x0, 0x1, 0x80,
    0x0,

    /* U+00E0 "à" */
    0xf, 0xfc, 0x0, 0x0, 0x1f, 0xf8, 0x0, 0x0,
    0x3f, 0xe0, 0x0, 0x0, 0x7f, 0xc0, 0x0, 0x0,
    0xff, 0x0, 0x0, 0x1, 0xfe, 0x0, 0x0, 0x7,
    0xfc, 0x0, 0x0, 0xf, 0xf0, 0x0, 0x0, 0x1f,
    0xe0, 0x0, 0x0, 0x3f, 0xc0, 0x0, 0x0, 0x0,
    0x0, 0x0, 0x0, 0x0, 0x0, 0x0, 0x0, 0x0,
    0x0, 0x0, 0x4, 0x0, 0x0, 0x7, 0xff, 0xc0,
    0x0, 0x7f, 0xff, 0xc0, 0x7, 0xff, 0xff, 0x80,
    0x3f, 0xff, 0xff, 0x1, 0xff, 0xff, 0xfe, 0xf,
    0xff, 0xff, 0xfc, 0x3f, 0xff, 0xff, 0xf1, 0xff,
    0x80, 0xff, 0xc7, 0xfc, 0x1, 0xff, 0x9f, 0xf0,
    0x3, 0xfe, 0x0, 0x0, 0xf, 0xf8, 0x0, 0x0,
    0x3f, 0xe0, 0x0, 0x0, 0xff, 0x80, 0xf, 0xff,
    0xfe, 0x1, 0xff, 0xff, 0xf8, 0x1f, 0xff, 0xff,
    0xe1, 0xff, 0xff, 0xff, 0x8f, 0xff, 0xff, 0xfe,
    0x3f, 0xf8, 0xf, 0xf9, 0xff, 0x80, 0x3f, 0xe7,
    0xfc, 0x0, 0xff, 0xbf, 0xe0, 0x3, 0xfe, 0xff,
    0x80, 0xf, 0xfb, 0xfe, 0x0, 0x3f, 0xef, 0xf8,
    0x0, 0xff, 0xbf, 0xf0, 0x7, 0xfe, 0xff, 0xc0,
    0x7f, 0xfb, 0xff, 0xff, 0xff, 0xe7, 0xff, 0xff,
    0xff, 0x9f, 0xff, 0xff, 0xfe, 0x3f, 0xff, 0xff,
    0xf8, 0x7f, 0xff, 0xbf, 0xf0, 0x7f, 0xfc, 0x7f,
    0xc0, 0xff, 0xc1, 0xff, 0x0, 0x10, 0x0, 0x0,

    /* U+00E1 "á" */
    0x0, 0x0, 0x7f, 0xe0, 0x0, 0x3, 0xff, 0x0,
    0x0, 0xf, 0xf8, 0x0, 0x0, 0x7f, 0xc0, 0x0,
    0x3, 0xfe, 0x0, 0x0, 0xf, 0xf0, 0x0, 0x0,
    0x7f, 0x80, 0x0, 0x1, 0xfe, 0x0, 0x0, 0xf,
    0xf0, 0x0, 0x0, 0x7f, 0x80, 0x0, 0x0, 0x0,
    0x0, 0x0, 0x0, 0x0, 0x0, 0x0, 0x0, 0x0,
    0x0, 0x0, 0x4, 0x0, 0x0, 0x7, 0xff, 0xc0,
    0x0, 0x7f, 0xff, 0xc0, 0x7, 0xff, 0xff, 0x80,
    0x3f, 0xff, 0xff, 0x1, 0xff, 0xff, 0xfe, 0xf,
    0xff, 0xff, 0xfc, 0x3f, 0xff, 0xff, 0xf1, 0xff,
    0x80, 0xff, 0xc7, 0xfc, 0x1, 0xff, 0x9f, 0xf0,
    0x3, 0xfe, 0x0, 0x0, 0xf, 0xf8, 0x0, 0x0,
    0x3f, 0xe0, 0x0, 0x0, 0xff, 0x80, 0xf, 0xff,
    0xfe, 0x1, 0xff, 0xff, 0xf8, 0x1f, 0xff, 0xff,
    0xe1, 0xff, 0xff, 0xff, 0x8f, 0xff, 0xff, 0xfe,
    0x3f, 0xf8, 0xf, 0xf9, 0xff, 0x80, 0x3f, 0xe7,
    0xfc, 0x0, 0xff, 0xbf, 0xe0, 0x3, 0xfe, 0xff,
    0x80, 0xf, 0xfb, 0xfe, 0x0, 0x3f, 0xef, 0xf8,
    0x0, 0xff, 0xbf, 0xf0, 0x7, 0xfe, 0xff, 0xc0,
    0x7f, 0xfb, 0xff, 0xff, 0xff, 0xe7, 0xff, 0xff,
    0xff, 0x9f, 0xff, 0xff, 0xfe, 0x3f, 0xff, 0xff,
    0xf8, 0x7f, 0xff, 0xbf, 0xf0, 0x7f, 0xfc, 0x7f,
    0xc0, 0xff, 0xc1, 0xff, 0x0, 0x10, 0x0, 0x0,

    /* U+00E2 "â" */
    0x0, 0xf, 0xe0, 0x0, 0x0, 0x7f, 0xc0, 0x0,
    0x3, 0xff, 0x80, 0x0, 0x1f, 0xff, 0x0, 0x0,
    0xff, 0xfe, 0x0, 0x7, 0xf1, 0xfc, 0x0, 0x7f,
    0x83, 0xf8, 0x3, 0xfc, 0x7, 0xf0, 0x1f, 0xe0,
    0xf, 0xe0, 0x0, 0x0, 0x0, 0x0, 0x0, 0x0,
    0x0, 0x0, 0x0, 0x0, 0x0, 0x0, 0x0, 0x0,
    0x0, 0x0, 0x4, 0x0, 0x0, 0x7, 0xff, 0xc0,
    0x0, 0x7f, 0xff, 0xc0, 0x7, 0xff, 0xff, 0x80,
    0x3f, 0xff, 0xff, 0x1, 0xff, 0xff, 0xfe, 0xf,
    0xff, 0xff, 0xfc, 0x3f, 0xff, 0xff, 0xf1, 0xff,
    0x80, 0xff, 0xc7, 0xfc, 0x1, 0xff, 0x9f, 0xf0,
    0x3, 0xfe, 0x0, 0x0, 0xf, 0xf8, 0x0, 0x0,
    0x3f, 0xe0, 0x0, 0x0, 0xff, 0x80, 0xf, 0xff,
    0xfe, 0x1, 0xff, 0xff, 0xf8, 0x1f, 0xff, 0xff,
    0xe1, 0xff, 0xff, 0xff, 0x8f, 0xff, 0xff, 0xfe,
    0x3f, 0xf8, 0xf, 0xf9, 0xff, 0x80, 0x3f, 0xe7,
    0xfc, 0x0, 0xff, 0xbf, 0xe0, 0x3, 0xfe, 0xff,
    0x80, 0xf, 0xfb, 0xfe, 0x0, 0x3f, 0xef, 0xf8,
    0x0, 0xff, 0xbf, 0xf0, 0x7, 0xfe, 0xff, 0xc0,
    0x7f, 0xfb, 0xff, 0xff, 0xff, 0xe7, 0xff, 0xff,
    0xff, 0x9f, 0xff, 0xff, 0xfe, 0x3f, 0xff, 0xff,
    0xf8, 0x7f, 0xff, 0xbf, 0xf0, 0x7f, 0xfc, 0x7f,
    0xc0, 0xff, 0xc1, 0xff, 0x0, 0x10, 0x0, 0x0,

    /* U+00E3 "ã" */
    0x0, 0xf8, 0x3, 0xe0, 0xf, 0xf8, 0xf, 0x80,
    0x7f, 0xf8, 0x7e, 0x3, 0xff, 0xff, 0xf0, 0xf,
    0xff, 0xff, 0xc0, 0x7f, 0xff, 0xfe, 0x1, 0xf8,
    0x3f, 0xf0, 0x7, 0xc0, 0x3f, 0x0, 0x0, 0x0,
    0x0, 0x0, 0x0, 0x0, 0x0, 0x0, 0x0, 0x0,
    0x0, 0x0, 0x0, 0x0, 0x0, 0x0, 0x0, 0x0,
    0x0, 0x0, 0x4, 0x0, 0x0, 0x7, 0xff, 0xc0,
    0x0, 0x7f, 0xff, 0xc0, 0x7, 0xff, 0xff, 0x80,
    0x3f, 0xff, 0xff, 0x1, 0xff, 0xff, 0xfe, 0xf,
    0xff, 0xff, 0xfc, 0x3f, 0xff, 0xff, 0xf1, 0xff,
    0x80, 0xff, 0xc7, 0xfc, 0x1, 0xff, 0x9f, 0xf0,
    0x3, 0xfe, 0x0, 0x0, 0xf, 0xf8, 0x0, 0x0,
    0x3f, 0xe0, 0x0, 0x0, 0xff, 0x80, 0xf, 0xff,
    0xfe, 0x1, 0xff, 0xff, 0xf8, 0x1f, 0xff, 0xff,
    0xe1, 0xff, 0xff, 0xff, 0x8f, 0xff, 0xff, 0xfe,
    0x3f, 0xf8, 0xf, 0xf9, 0xff, 0x80, 0x3f, 0xe7,
    0xfc, 0x0, 0xff, 0xbf, 0xe0, 0x3, 0xfe, 0xff,
    0x80, 0xf, 0xfb, 0xfe, 0x0, 0x3f, 0xef, 0xf8,
    0x0, 0xff, 0xbf, 0xf0, 0x7, 0xfe, 0xff, 0xc0,
    0x7f, 0xfb, 0xff, 0xff, 0xff, 0xe7, 0xff, 0xff,
    0xff, 0x9f, 0xff, 0xff, 0xfe, 0x3f, 0xff, 0xff,
    0xf8, 0x7f, 0xff, 0xbf, 0xf0, 0xff, 0xfc, 0x7f,
    0xc0, 0xff, 0xc1, 0xff, 0x0, 0x10, 0x0, 0x0,

    /* U+00E4 "ä" */
    0x7, 0xc0, 0xf, 0x80, 0x3f, 0x80, 0x7f, 0x1,
    0xff, 0x3, 0xfe, 0x7, 0xfc, 0xf, 0xf8, 0x1f,
    0xf0, 0x3f, 0xe0, 0x7f, 0xc0, 0xff, 0x80, 0xfe,
    0x1, 0xfc, 0x1, 0xf0, 0x3, 0xe0, 0x0, 0x0,
    0x0, 0x0, 0x0, 0x0, 0x0, 0x0, 0x0, 0x0,
    0x0, 0x0, 0x0, 0x0, 0x0, 0x0, 0x0, 0x0,
    0x0, 0x0, 0x4, 0x0, 0x0, 0x7, 0xff, 0xc0,
    0x0, 0x7f, 0xff, 0xc0, 0x7, 0xff, 0xff, 0x80,
    0x3f, 0xff, 0xff, 0x1, 0xff, 0xff, 0xfe, 0xf,
    0xff, 0xff, 0xfc, 0x3f, 0xff, 0xff, 0xf1, 0xff,
    0x80, 0xff, 0xc7, 0xfc, 0x1, 0xff, 0x9f, 0xf0,
    0x3, 0xfe, 0x0, 0x0, 0xf, 0xf8, 0x0, 0x0,
    0x3f, 0xe0, 0x0, 0x0, 0xff, 0x80, 0xf, 0xff,
    0xfe, 0x1, 0xff, 0xff, 0xf8, 0x1f, 0xff, 0xff,
    0xe1, 0xff, 0xff, 0xff, 0x8f, 0xff, 0xff, 0xfe,
    0x3f, 0xf8, 0xf, 0xf9, 0xff, 0x80, 0x3f, 0xe7,
    0xfc, 0x0, 0xff, 0xbf, 0xe0, 0x3, 0xfe, 0xff,
    0x80, 0xf, 0xfb, 0xfe, 0x0, 0x3f, 0xef, 0xf8,
    0x0, 0xff, 0xbf, 0xf0, 0x7, 0xfe, 0xff, 0xc0,
    0x7f, 0xfb, 0xff, 0xff, 0xff, 0xe7, 0xff, 0xff,
    0xff, 0x9f, 0xff, 0xff, 0xfe, 0x3f, 0xff, 0xff,
    0xf8, 0x7f, 0xff, 0xbf, 0xf0, 0xff, 0xfc, 0x7f,
    0xc0, 0xff, 0xc1, 0xff, 0x0, 0x10, 0x0, 0x0,

    /* U+00E5 "å" */
    0x0, 0xf, 0xc0, 0x0, 0x0, 0xff, 0xc0, 0x0,
    0x7, 0xff, 0x80, 0x0, 0x1e, 0x1e, 0x0, 0x0,
    0xf8, 0x7c, 0x0, 0x3, 0xc0, 0xf0, 0x0, 0xf,
    0x3, 0xc0, 0x0, 0x3c, 0xf, 0x0, 0x0, 0xf8,
    0x7c, 0x0, 0x1, 0xe1, 0xe0, 0x0, 0x7, 0xff,
    0x80, 0x0, 0xf, 0xfc, 0x0, 0x0, 0xf, 0xc0,
    0x0, 0x0, 0x0, 0x0, 0x0, 0x0, 0x0, 0x0,
    0x0, 0x0, 0x0, 0x0, 0x0, 0x0, 0x0, 0x0,
    0x0, 0x4, 0x0, 0x0, 0x7, 0xff, 0xc0, 0x0,
    0x7f, 0xff, 0xc0, 0x7, 0xff, 0xff, 0x80, 0x3f,
    0xff, 0xff, 0x1, 0xff, 0xff, 0xfe, 0xf, 0xff,
    0xff, 0xfc, 0x3f, 0xff, 0xff, 0xf1, 0xff, 0x80,
    0xff, 0xc7, 0xfc, 0x1, 0xff, 0x9f, 0xf0, 0x3,
    0xfe, 0x0, 0x0, 0xf, 0xf8, 0x0, 0x0, 0x3f,
    0xe0, 0x0, 0x0, 0xff, 0x80, 0xf, 0xff, 0xfe,
    0x1, 0xff, 0xff, 0xf8, 0x1f, 0xff, 0xff, 0xe1,
    0xff, 0xff, 0xff, 0x8f, 0xff, 0xff, 0xfe, 0x3f,
    0xf8, 0xf, 0xf9, 0xff, 0x80, 0x3f, 0xe7, 0xfc,
    0x0, 0xff, 0xbf, 0xe0, 0x3, 0xfe, 0xff, 0x80,
    0xf, 0xfb, 0xfe, 0x0, 0x3f, 0xef, 0xf8, 0x0,
    0xff, 0xbf, 0xf0, 0x7, 0xfe, 0xff, 0xc0, 0x7f,
    0xfb, 0xff, 0xff, 0xff, 0xe7, 0xff, 0xff, 0xff,
    0x9f, 0xff, 0xff, 0xfe, 0x3f, 0xff, 0xff, 0xf8,
    0x7f, 0xff, 0xbf, 0xf0, 0xff, 0xfc, 0x7f, 0xc0,
    0xff, 0xc1, 0xff, 0x0, 0x10, 0x0, 0x0,

    /* U+00E6 "æ" */
    0x0, 0x0, 0x0, 0x0, 0x0, 0x0, 0x0, 0x1f,
    0xff, 0x0, 0xff, 0xf0, 0x0, 0x1f, 0xff, 0xf1,
    0xff, 0xff, 0x0, 0x1f, 0xff, 0xfe, 0xff, 0xff,
    0xe0, 0xf, 0xff, 0xff, 0xff, 0xff, 0xfc, 0x7,
    0xff, 0xff, 0xff, 0xff, 0xff, 0x83, 0xff, 0xff,
    0xff, 0xff, 0xff, 0xf0, 0xff, 0xff, 0xff, 0xff,
    0xff, 0xfc, 0x7f, 0xe0, 0x3f, 0xff, 0x1, 0xff,
    0x9f, 0xf0, 0x7, 0xff, 0x80, 0x3f, 0xe7, 0xfc,
    0x0, 0xff, 0xc0, 0x7, 0xf8, 0x0, 0x0, 0x3f,
    0xf0, 0x1, 0xff, 0x0, 0x0, 0xf, 0xfc, 0x0,
    0x7f, 0xc0, 0x0, 0x3, 0xfe, 0x0, 0x1f, 0xf0,
    0x3, 0xff, 0xff, 0xff, 0xff, 0xfc, 0xf, 0xff,
    0xff, 0xff, 0xff, 0xff, 0xf, 0xff, 0xff, 0xff,
    0xff, 0xff, 0xc7, 0xff, 0xff, 0xff, 0xff, 0xff,
    0xf3, 0xff, 0xff, 0xff, 0xff, 0xff, 0xfd, 0xff,
    0xff, 0xff, 0xff, 0xff, 0xff, 0x7f, 0xf0, 0xf,
    0xf8, 0x0, 0x0, 0x3f, 0xf8, 0x3, 0xfe, 0x0,
    0x0, 0xf, 0xfc, 0x0, 0xff, 0x80, 0x0, 0x3,
    0xfe, 0x0, 0x3f, 0xf0, 0x0, 0x0, 0xff, 0x80,
    0xf, 0xfc, 0x0, 0x0, 0x3f, 0xe0, 0x3, 0xff,
    0x80, 0x0, 0xf, 0xf8, 0x0, 0xff, 0xf0, 0x0,
    0x63, 0xff, 0x0, 0xff, 0xfe, 0x0, 0x78, 0x7f,
    0xff, 0xff, 0xff, 0xff, 0xff, 0x1f, 0xff, 0xff,
    0xff, 0xff, 0xff, 0xc7, 0xff, 0xff, 0xff, 0xff,
    0xff, 0xf8, 0xff, 0xff, 0xfd, 0xff, 0xff, 0xfe,
    0x1f, 0xff, 0xfc, 0x3f, 0xff, 0xfe, 0x3, 0xff,
    0xfe, 0x3, 0xff, 0xff, 0x0, 0x3f, 0xfe, 0x0,
    0x3f, 0xfe, 0x0, 0x0, 0x60, 0x0, 0x0, 0x60,
    0x0,

    /* U+00E7 "ç" */
    0x0, 0x0, 0x0, 0x0, 0x0, 0xff, 0xf0, 0x0,
    0x1f, 0xff, 0xf0, 0x0, 0xff, 0xff, 0xe0, 0x7,
    0xff, 0xff, 0xe0, 0x3f, 0xff, 0xff, 0x81, 0xff,
    0xff, 0xff, 0xf, 0xff, 0xff, 0xfe, 0x3f, 0xf0,
    0x1f, 0xf9, 0xff, 0x80, 0x3f, 0xe7, 0xfc, 0x0,
    0xff, 0xdf, 0xf0, 0x1, 0xff, 0x7f, 0xc0, 0x7,
    0xff, 0xfe, 0x0, 0x1f, 0xff, 0xf8, 0x0, 0x0,
    0x3f, 0xe0, 0x0, 0x0, 0xff, 0x80, 0x0, 0x3,
    0xfe, 0x0, 0x0, 0xf, 0xf8, 0x0, 0x0, 0x3f,
    0xe0, 0x0, 0x0, 0xff, 0x80, 0x0, 0x3, 0xfe,
    0x0, 0x0, 0xf, 0xf8, 0x0, 0x0, 0x1f, 0xf0,
    0x1, 0xff, 0x7f, 0xc0, 0x7, 0xfd, 0xff, 0x0,
    0x3f, 0xf7, 0xfe, 0x0, 0xff, 0xcf, 0xfc, 0x7,
    0xfe, 0x3f, 0xff, 0xff, 0xf8, 0x7f, 0xff, 0xff,
    0xc0, 0xff, 0xff, 0xfe, 0x1, 0xff, 0xff, 0xf0,
    0x3, 0xff, 0xff, 0x80, 0x7, 0xff, 0xfc, 0x0,
    0x3, 0xff, 0xc0, 0x0, 0x3, 0xf0, 0x0, 0x0,
    0x1f, 0xc0, 0x0, 0x0, 0x7f, 0xc0, 0x0, 0x1,
    0xff, 0xc0, 0x0, 0x7, 0xff, 0x0, 0x0, 0x3,
    0xfe, 0x0, 0x0, 0x7, 0xf8, 0x0, 0x0, 0x1f,
    0xe0, 0x0, 0x0, 0x7f, 0x80, 0x0, 0x3, 0xfe,
    0x0, 0x0, 0x3f, 0xf0, 0x0, 0x0, 0xff, 0xc0,
    0x0, 0x3, 0xfe, 0x0, 0x0, 0xf, 0xe0, 0x0,
    0x0, 0x3c, 0x0, 0x0,

    /* U+00E8 "è" */
    0xf, 0xf8, 0x0, 0x0, 0xf, 0xf8, 0x0, 0x0,
    0x1f, 0xf8, 0x0, 0x0, 0x1f, 0xf0, 0x0, 0x0,
    0x1f, 0xf0, 0x0, 0x0, 0x1f, 0xf0, 0x0, 0x0,
    0x1f, 0xe0, 0x0, 0x0, 0x1f, 0xe0, 0x0, 0x0,
    0x1f, 0xc0, 0x0, 0x0, 0x3f, 0xc0, 0x0, 0x0,
    0x0, 0x0, 0x0, 0x0, 0x0, 0x0, 0x0, 0x0,
    0x0, 0x0, 0x0, 0x0, 0x0, 0x0, 0x0, 0xf,
    0xff, 0x0, 0x0, 0x7f, 0xff, 0x80, 0x3, 0xff,
    0xff, 0xc0, 0xf, 0xff, 0xff, 0xc0, 0x3f, 0xff,
    0xff, 0xc0, 0xff, 0xff, 0xff, 0x81, 0xff, 0xff,
    0xff, 0x87, 0xfe, 0x1, 0xff, 0xf, 0xf8, 0x1,
    0xff, 0x3f, 0xf0, 0x3, 0xfe, 0x7f, 0xc0, 0x3,
    0xfc, 0xff, 0x80, 0x7, 0xff, 0xfe, 0x0, 0xf,
    0xff, 0xff, 0xff, 0xff, 0xff, 0xff, 0xff, 0xff,
    0xff, 0xff, 0xff, 0xff, 0xff, 0xff, 0xff, 0xff,
    0xff, 0xff, 0xff, 0xff, 0xff, 0xff, 0xff, 0xff,
    0xff, 0x0, 0x0, 0x3, 0xfe, 0x0, 0x0, 0x7,
    0xfc, 0x0, 0x0, 0x7, 0xfc, 0x0, 0x0, 0xf,
    0xf8, 0x0, 0x0, 0x1f, 0xf8, 0x0, 0x18, 0x1f,
    0xf8, 0x0, 0x78, 0x3f, 0xf8, 0x3, 0xf8, 0x3f,
    0xff, 0xff, 0xf0, 0x7f, 0xff, 0xff, 0xf0, 0x7f,
    0xff, 0xff, 0xc0, 0x7f, 0xff, 0xff, 0x0, 0x3f,
    0xff, 0xfc, 0x0, 0x3f, 0xff, 0xf0, 0x0, 0x1f,
    0xff, 0x0, 0x0, 0x0, 0xc0, 0x0,

    /* U+00E9 "é" */
    0x0, 0x0, 0xff, 0xc0, 0x0, 0x1, 0xff, 0x0,
    0x0, 0x7, 0xfc, 0x0, 0x0, 0xf, 0xf8, 0x0,
    0x0, 0x3f, 0xe0, 0x0, 0x0, 0xff, 0x80, 0x0,
    0x1, 0xfe, 0x0, 0x0, 0x7, 0xf8, 0x0, 0x0,
    0x1f, 0xe0, 0x0, 0x0, 0x3f, 0x80, 0x0, 0x0,
    0x0, 0x0, 0x0, 0x0, 0x0, 0x0, 0x0, 0x0,
    0x0, 0x0, 0x0, 0x0, 0x0, 0x0, 0x0, 0xf,
    0xff, 0x0, 0x0, 0x7f, 0xff, 0x80, 0x3, 0xff,
    0xff, 0xc0, 0xf, 0xff, 0xff, 0xc0, 0x3f, 0xff,
    0xff, 0xc0, 0xff, 0xff, 0xff, 0x81, 0xff, 0xff,
    0xff, 0x87, 0xfe, 0x1, 0xff, 0xf, 0xf8, 0x1,
    0xff, 0x3f, 0xf0, 0x3, 0xfe, 0x7f, 0xc0, 0x3,
    0xfc, 0xff, 0x80, 0x7, 0xff, 0xfe, 0x0, 0xf,
    0xff, 0xff, 0xff, 0xff, 0xff, 0xff, 0xff, 0xff,
    0xff, 0xff, 0xff, 0xff, 0xff, 0xff, 0xff, 0xff,
    0xff, 0xff, 0xff, 0xff, 0xff, 0xff, 0xff, 0xff,
    0xff, 0x0, 0x0, 0x3, 0xfe, 0x0, 0x0, 0x7,
    0xfc, 0x0, 0x0, 0x7, 0xfc, 0x0, 0x0, 0xf,
    0xf8, 0x0, 0x0, 0x1f, 0xf8, 0x0, 0x18, 0x1f,
    0xf8, 0x0, 0x78, 0x3f, 0xf8, 0x3, 0xf8, 0x3f,
    0xff, 0xff, 0xf0, 0x7f, 0xff, 0xff, 0xf0, 0x7f,
    0xff, 0xff, 0xc0, 0x7f, 0xff, 0xff, 0x0, 0x3f,
    0xff, 0xfc, 0x0, 0x3f, 0xff, 0xf0, 0x0, 0x1f,
    0xff, 0x0, 0x0, 0x0, 0xc0, 0x0,

    /* U+00EA "ê" */
    0x0, 0xf, 0xc0, 0x0, 0x0, 0x3f, 0xc0, 0x0,
    0x1, 0xff, 0xc0, 0x0, 0x7, 0xff, 0xc0, 0x0,
    0x1f, 0xff, 0xc0, 0x0, 0x7f, 0x9f, 0xc0, 0x1,
    0xfe, 0x1f, 0xe0, 0x7, 0xf0, 0x1f, 0xe0, 0x1f,
    0xc0, 0x1f, 0xe0, 0x0, 0x0, 0x0, 0x0, 0x0,
    0x0, 0x0, 0x0, 0x0, 0x0, 0x0, 0x0, 0x0,
    0x0, 0x0, 0x0, 0x0, 0x0, 0x0, 0x0, 0xf,
    0xff, 0x0, 0x0, 0x7f, 0xff, 0x80, 0x3, 0xff,
    0xff, 0xc0, 0xf, 0xff, 0xff, 0xc0, 0x3f, 0xff,
    0xff, 0xc0, 0xff, 0xff, 0xff, 0x81, 0xff, 0xff,
    0xff, 0x87, 0xfe, 0x1, 0xff, 0xf, 0xf8, 0x1,
    0xff, 0x3f, 0xf0, 0x3, 0xfe, 0x7f, 0xc0, 0x3,
    0xfc, 0xff, 0x80, 0x7, 0xff, 0xfe, 0x0, 0xf,
    0xff, 0xff, 0xff, 0xff, 0xff, 0xff, 0xff, 0xff,
    0xff, 0xff, 0xff, 0xff, 0xff, 0xff, 0xff, 0xff,
    0xff, 0xff, 0xff, 0xff, 0xff, 0xff, 0xff, 0xff,
    0xff, 0x0, 0x0, 0x3, 0xfe, 0x0, 0x0, 0x7,
    0xfc, 0x0, 0x0, 0x7, 0xfc, 0x0, 0x0, 0xf,
    0xf8, 0x0, 0x0, 0x1f, 0xf8, 0x0, 0x18, 0x1f,
    0xf8, 0x0, 0x78, 0x3f, 0xf8, 0x3, 0xf8, 0x3f,
    0xff, 0xff, 0xf0, 0x7f, 0xff, 0xff, 0xf0, 0x7f,
    0xff, 0xff, 0xc0, 0x7f, 0xff, 0xff, 0x0, 0x3f,
    0xff, 0xfc, 0x0, 0x3f, 0xff, 0xf0, 0x0, 0x1f,
    0xff, 0x0, 0x0, 0x0, 0xc0, 0x0,

    /* U+00EB "ë" */
    0x7, 0xc0, 0xf, 0x80, 0x1f, 0xc0, 0x3f, 0x80,
    0x7f, 0xc0, 0xff, 0x80, 0xff, 0x81, 0xff, 0x1,
    0xff, 0x3, 0xfe, 0x3, 0xfe, 0x7, 0xfc, 0x3,
    0xf8, 0x7, 0xf0, 0x3, 0xe0, 0x7, 0xc0, 0x0,
    0x0, 0x0, 0x0, 0x0, 0x0, 0x0, 0x0, 0x0,
    0x0, 0x0, 0x0, 0x0, 0x0, 0x0, 0x0, 0x0,
    0x0, 0x0, 0x0, 0x0, 0x0, 0x0, 0x0, 0xf,
    0xff, 0x0, 0x0, 0x7f, 0xff, 0x80, 0x3, 0xff,
    0xff, 0xc0, 0xf, 0xff, 0xff, 0xc0, 0x3f, 0xff,
    0xff, 0xc0, 0xff, 0xff, 0xff, 0x81, 0xff, 0xff,
    0xff, 0x87, 0xfe, 0x1, 0xff, 0xf, 0xf8, 0x1,
    0xff, 0x3f, 0xf0, 0x3, 0xfe, 0x7f, 0xc0, 0x3,
    0xfc, 0xff, 0x80, 0x7, 0xff, 0xfe, 0x0, 0xf,
    0xff, 0xff, 0xff, 0xff, 0xff, 0xff, 0xff, 0xff,
    0xff, 0xff, 0xff, 0xff, 0xff, 0xff, 0xff, 0xff,
    0xff, 0xff, 0xff, 0xff, 0xff, 0xff, 0xff, 0xff,
    0xff, 0x0, 0x0, 0x3, 0xfe, 0x0, 0x0, 0x7,
    0xfc, 0x0, 0x0, 0x7, 0xfc, 0x0, 0x0, 0xf,
    0xf8, 0x0, 0x0, 0x1f, 0xf8, 0x0, 0x18, 0x1f,
    0xf8, 0x0, 0x78, 0x3f, 0xf8, 0x3, 0xf8, 0x3f,
    0xff, 0xff, 0xf0, 0x7f, 0xff, 0xff, 0xf0, 0x7f,
    0xff, 0xff, 0xc0, 0x7f, 0xff, 0xff, 0x0, 0x3f,
    0xff, 0xfc, 0x0, 0x3f, 0xff, 0xf0, 0x0, 0xf,
    0xff, 0x0, 0x0, 0x0, 0xc0, 0x0,

    /* U+00EC "ì" */
    0xff, 0xc0, 0x7f, 0xe0, 0x3f, 0xe0, 0x1f, 0xf0,
    0xf, 0xf8, 0x7, 0xf8, 0x3, 0xfc, 0x3, 0xfc,
    0x1, 0xfe, 0x0, 0xff, 0x0, 0x0, 0x0, 0x0,
    0x0, 0x0, 0x0, 0x0, 0x1, 0xff, 0x1, 0xff,
    0x1, 0xff, 0x1, 0xff, 0x1, 0xff, 0x1, 0xff,
    0x1, 0xff, 0x1, 0xff, 0x1, 0xff, 0x1, 0xff,
    0x1, 0xff, 0x1, 0xff, 0x1, 0xff, 0x1, 0xff,
    0x1, 0xff, 0x1, 0xff, 0x1, 0xff, 0x1, 0xff,
    0x1, 0xff, 0x1, 0xff, 0x1, 0xff, 0x1, 0xff,
    0x1, 0xff, 0x1, 0xff, 0x1, 0xff, 0x1, 0xff,
    0x1, 0xff, 0x1, 0xff, 0x1, 0xff, 0x1, 0xff,
    0x1, 0xff, 0x1, 0xff, 0x1, 0xff, 0x1, 0xff,

    /* U+00ED "í" */
    0x3, 0xff, 0x7, 0xfe, 0x7, 0xfc, 0xf, 0xf8,
    0xf, 0xf0, 0x1f, 0xe0, 0x3f, 0xe0, 0x3f, 0xc0,
    0x7f, 0x80, 0x7f, 0x0, 0x0, 0x0, 0x0, 0x0,
    0x0, 0x0, 0x0, 0x0, 0xff, 0x80, 0xff, 0x80,
    0xff, 0x80, 0xff, 0x80, 0xff, 0x80, 0xff, 0x80,
    0xff, 0x80, 0xff, 0x80, 0xff, 0x80, 0xff, 0x80,
    0xff, 0x80, 0xff, 0x80, 0xff, 0x80, 0xff, 0x80,
    0xff, 0x80, 0xff, 0x80, 0xff, 0x80, 0xff, 0x80,
    0xff, 0x80, 0xff, 0x80, 0xff, 0x80, 0xff, 0x80,
    0xff, 0x80, 0xff, 0x80, 0xff, 0x80, 0xff, 0x80,
    0xff, 0x80, 0xff, 0x80, 0xff, 0x80, 0xff, 0x80,
    0xff, 0x80, 0xff, 0x80, 0xff, 0x80, 0xff, 0x80,

    /* U+00EE "î" */
    0x0, 0xfe, 0x0, 0x1, 0xff, 0x0, 0x3, 0xff,
    0x80, 0x7, 0xff, 0xc0, 0xf, 0xff, 0xe0, 0x1f,
    0xef, 0xf0, 0x3f, 0x83, 0xf8, 0x7f, 0x1, 0xfc,
    0xfe, 0x0, 0xfe, 0x0, 0x0, 0x0, 0x0, 0x0,
    0x0, 0x0, 0x0, 0x0, 0x0, 0x0, 0x0, 0x0,
    0x0, 0x0, 0x1, 0xff, 0x0, 0x1, 0xff, 0x0,
    0x1, 0xff, 0x0, 0x1, 0xff, 0x0, 0x1, 0xff,
    0x0, 0x1, 0xff, 0x0, 0x1, 0xff, 0x0, 0x1,
    0xff, 0x0, 0x1, 0xff, 0x0, 0x1, 0xff, 0x0,
    0x1, 0xff, 0x0, 0x1, 0xff, 0x0, 0x1, 0xff,
    0x0, 0x1, 0xff, 0x0, 0x1, 0xff, 0x0, 0x1,
    0xff, 0x0, 0x1, 0xff, 0x0, 0x1, 0xff, 0x0,
    0x1, 0xff, 0x0, 0x1, 0xff, 0x0, 0x1, 0xff,
    0x0, 0x1, 0xff, 0x0, 0x1, 0xff, 0x0, 0x1,
    0xff, 0x0, 0x1, 0xff, 0x0, 0x1, 0xff, 0x0,
    0x1, 0xff, 0x0, 0x1, 0xff, 0x0, 0x1, 0xff,
    0x0, 0x1, 0xff, 0x0, 0x1, 0xff, 0x0, 0x1,
    0xff, 0x0, 0x1, 0xff, 0x0, 0x1, 0xff, 0x0,

    /* U+00EF "ï" */
    0x8, 0x0, 0x10, 0x7f, 0x0, 0xfe, 0x7f, 0x0,
    0xfe, 0xff, 0x81, 0xff, 0xff, 0x81, 0xff, 0xff,
    0x81, 0xff, 0x7f, 0x0, 0xfe, 0x7f, 0x0, 0xfe,
    0x8, 0x0, 0x0, 0x0, 0x0, 0x0, 0x0, 0x0,
    0x0, 0x0, 0x0, 0x0, 0x0, 0x0, 0x0, 0x1,
    0xff, 0x0, 0x1, 0xff, 0x0, 0x1, 0xff, 0x0,
    0x1, 0xff, 0x0, 0x1, 0xff, 0x0, 0x1, 0xff,
    0x0, 0x1, 0xff, 0x0, 0x1, 0xff, 0x0, 0x1,
    0xff, 0x0, 0x1, 0xff, 0x0, 0x1, 0xff, 0x0,
    0x1, 0xff, 0x0, 0x1, 0xff, 0x0, 0x1, 0xff,
    0x0, 0x1, 0xff, 0x0, 0x1, 0xff, 0x0, 0x1,
    0xff, 0x0, 0x1, 0xff, 0x0, 0x1, 0xff, 0x0,
    0x1, 0xff, 0x0, 0x1, 0xff, 0x0, 0x1, 0xff,
    0x0, 0x1, 0xff, 0x0, 0x1, 0xff, 0x0, 0x1,
    0xff, 0x0, 0x1, 0xff, 0x0, 0x1, 0xff, 0x0,
    0x1, 0xff, 0x0, 0x1, 0xff, 0x0, 0x1, 0xff,
    0x0, 0x1, 0xff, 0x0, 0x1, 0xff, 0x0, 0x1,
    0xff, 0x0, 0x1, 0xff, 0x0,

    /* U+00F0 "ð" */
    0x0, 0x0, 0x0, 0x0, 0x1, 0xe0, 0x0, 0x0,
    0x1, 0xfc, 0x0, 0x0, 0x3, 0xff, 0x0, 0x40,
    0x3, 0xff, 0xc1, 0xe0, 0x3, 0xff, 0xe3, 0xf0,
    0x7, 0xff, 0xff, 0xf0, 0x7, 0xff, 0xff, 0xe0,
    0x0, 0xff, 0xff, 0x80, 0x0, 0x3f, 0xff, 0x0,
    0x0, 0xf, 0xff, 0x80, 0x0, 0xf, 0xff, 0xc0,
    0x0, 0x1f, 0xff, 0xe0, 0x0, 0x7f, 0xff, 0xe0,
    0x0, 0xff, 0x7f, 0xf0, 0x0, 0x7c, 0x3f, 0xf0,
    0x0, 0x38, 0x1f, 0xf8, 0x0, 0x20, 0xf, 0xf8,
    0x0, 0x0, 0xf, 0xfc, 0x0, 0x0, 0x7, 0xfc,
    0x0, 0x3f, 0xc7, 0xfe, 0x1, 0xff, 0xf3, 0xfe,
    0x3, 0xff, 0xff, 0xfe, 0x7, 0xff, 0xff, 0xfe,
    0xf, 0xff, 0xff, 0xff, 0x1f, 0xff, 0xff, 0xff,
    0x3f, 0xff, 0xff, 0xff, 0x3f, 0xf8, 0xf, 0xff,
    0x7f, 0xf0, 0x3, 0xff, 0x7f, 0xe0, 0x1, 0xff,
    0x7f, 0xc0, 0x1, 0xff, 0xff, 0xc0, 0x1, 0xff,
    0xff, 0x80, 0x1, 0xff, 0xff, 0x80, 0x1, 0xff,
    0xff, 0x80, 0x1, 0xff, 0xff, 0x80, 0x1, 0xff,
    0xff, 0x80, 0x1, 0xff, 0xff, 0x80, 0x1, 0xff,
    0xff, 0x80, 0x3, 0xfe, 0xff, 0xc0, 0x3, 0xfe,
    0x7f, 0xc0, 0x3, 0xfe, 0x7f, 0xc0, 0x7, 0xfc,
    0x7f, 0xe0, 0xf, 0xfc, 0x3f, 0xf0, 0x1f, 0xf8,
    0x3f, 0xff, 0xff, 0xf8, 0x1f, 0xff, 0xff, 0xf0,
    0xf, 0xff, 0xff, 0xe0, 0x7, 0xff, 0xff, 0xc0,
    0x3, 0xff, 0xff, 0x80, 0x0, 0xff, 0xfe, 0x0,
    0x0, 0x3f, 0xf8, 0x0, 0x0, 0x1, 0x0, 0x0,

    /* U+00F1 "ñ" */
    0x1, 0xf0, 0x7, 0xc0, 0x1f, 0xe0, 0x3e, 0x1,
    0xff, 0xc3, 0xf0, 0x1f, 0xff, 0xff, 0x0, 0xff,
    0xff, 0xf8, 0xf, 0xff, 0xff, 0x80, 0x7e, 0x1f,
    0xf8, 0x3, 0xe0, 0x1f, 0x80, 0x0, 0x0, 0x0,
    0x0, 0x0, 0x0, 0x0, 0x0, 0x0, 0x0, 0x0,
    0x0, 0x0, 0x0, 0x0, 0x0, 0x0, 0x0, 0x0,
    0x0, 0x10, 0x3, 0xfc, 0x1f, 0xf8, 0x1f, 0xe1,
    0xff, 0xf0, 0xff, 0xbf, 0xff, 0xc7, 0xff, 0xff,
    0xff, 0x3f, 0xff, 0xff, 0xfd, 0xff, 0xff, 0xff,
    0xef, 0xff, 0xff, 0xff, 0x7f, 0xf0, 0x1f, 0xff,
    0xff, 0x0, 0x7f, 0xff, 0xf0, 0x1, 0xff, 0xff,
    0x80, 0xf, 0xff, 0xfc, 0x0, 0x7f, 0xff, 0xe0,
    0x3, 0xff, 0xff, 0x0, 0x1f, 0xff, 0xf8, 0x0,
    0xff, 0xff, 0xc0, 0x7, 0xff, 0xfe, 0x0, 0x3f,
    0xff, 0xf0, 0x1, 0xff, 0xff, 0x80, 0xf, 0xff,
    0xfc, 0x0, 0x7f, 0xff, 0xe0, 0x3, 0xff, 0xff,
    0x0, 0x1f, 0xff, 0xf8, 0x0, 0xff, 0xff, 0xc0,
    0x7, 0xff, 0xfe, 0x0, 0x3f, 0xff, 0xf0, 0x1,
    0xff, 0xff, 0x80, 0xf, 0xff, 0xfc, 0x0, 0x7f,
    0xff, 0xe0, 0x3, 0xff, 0xff, 0x0, 0x1f, 0xff,
    0xf8, 0x0, 0xff, 0xff, 0xc0, 0x7, 0xff, 0xfe,
    0x0, 0x3f, 0xff, 0xf0, 0x1, 0xff,

    /* U+00F2 "ò" */
    0x7, 0xfe, 0x0, 0x0, 0x3, 0xfe, 0x0, 0x0,
    0x1, 0xff, 0x0, 0x0, 0x1, 0xff, 0x0, 0x0,
    0x0, 0xff, 0x80, 0x0, 0x0, 0x7f, 0xc0, 0x0,
    0x0, 0x3f, 0xc0, 0x0, 0x0, 0x1f, 0xe0, 0x0,
    0x0, 0xf, 0xe0, 0x0, 0x0, 0x7, 0xf0, 0x0,
    0x0, 0x0, 0x0, 0x0, 0x0, 0x0, 0x0, 0x0,
    0x0, 0x0, 0x0, 0x0, 0x0, 0x0, 0x0, 0x0,
    0x0, 0x3f, 0xfc, 0x0, 0x0, 0xff, 0xff, 0x0,
    0x3, 0xff, 0xff, 0xc0, 0x7, 0xff, 0xff, 0xe0,
    0xf, 0xff, 0xff, 0xf0, 0x1f, 0xff, 0xff, 0xf8,
    0x1f, 0xff, 0xff, 0xf8, 0x3f, 0xf0, 0x1f, 0xfc,
    0x3f, 0xe0, 0x7, 0xfc, 0x7f, 0xe0, 0x7, 0xfe,
    0x7f, 0xc0, 0x3, 0xfe, 0x7f, 0xc0, 0x3, 0xfe,
    0xff, 0x80, 0x1, 0xff, 0xff, 0x80, 0x1, 0xff,
    0xff, 0x80, 0x1, 0xff, 0xff, 0x80, 0x1, 0xff,
    0xff, 0x80, 0x1, 0xff, 0xff, 0x80, 0x1, 0xff,
    0xff, 0x80, 0x1, 0xff, 0xff, 0x80, 0x1, 0xff,
    0xff, 0x80, 0x1, 0xff, 0xff, 0x80, 0x1, 0xff,
    0x7f, 0xc0, 0x3, 0xfe, 0x7f, 0xc0, 0x3, 0xfe,
    0x7f, 0xe0, 0x7, 0xfe, 0x3f, 0xe0, 0x7, 0xfc,
    0x3f, 0xf0, 0xf, 0xfc, 0x1f, 0xff, 0xff, 0xf8,
    0x1f, 0xff, 0xff, 0xf8, 0xf, 0xff, 0xff, 0xf0,
    0x7, 0xff, 0xff, 0xe0, 0x3, 0xff, 0xff, 0xc0,
    0x0, 0xff, 0xff, 0x0, 0x0, 0x3f, 0xfc, 0x0,
    0x0, 0x1, 0x80, 0x0,

    /* U+00F3 "ó" */
    0x0, 0x0, 0x7f, 0xe0, 0x0, 0x0, 0x7f, 0xc0,
    0x0, 0x0, 0xff, 0x80, 0x0, 0x0, 0xff, 0x80,
    0x0, 0x1, 0xff, 0x0, 0x0, 0x3, 0xfe, 0x0,
    0x0, 0x3, 0xfc, 0x0, 0x0, 0x7, 0xf8, 0x0,
    0x0, 0x7, 0xf0, 0x0, 0x0, 0xf, 0xe0, 0x0,
    0x0, 0x0, 0x0, 0x0, 0x0, 0x0, 0x0, 0x0,
    0x0, 0x0, 0x0, 0x0, 0x0, 0x0, 0x0, 0x0,
    0x0, 0x3f, 0xfc, 0x0, 0x0, 0xff, 0xff, 0x0,
    0x3, 0xff, 0xff, 0xc0, 0x7, 0xff, 0xff, 0xe0,
    0xf, 0xff, 0xff, 0xf0, 0x1f, 0xff, 0xff, 0xf8,
    0x1f, 0xff, 0xff, 0xf8, 0x3f, 0xf0, 0x1f, 0xfc,
    0x3f, 0xe0, 0x7, 0xfc, 0x7f, 0xe0, 0x7, 0xfe,
    0x7f, 0xc0, 0x3, 0xfe, 0x7f, 0xc0, 0x3, 0xfe,
    0xff, 0x80, 0x1, 0xff, 0xff, 0x80, 0x1, 0xff,
    0xff, 0x80, 0x1, 0xff, 0xff, 0x80, 0x1, 0xff,
    0xff, 0x80, 0x1, 0xff, 0xff, 0x80, 0x1, 0xff,
    0xff, 0x80, 0x1, 0xff, 0xff, 0x80, 0x1, 0xff,
    0xff, 0x80, 0x1, 0xff, 0xff, 0x80, 0x1, 0xff,
    0x7f, 0xc0, 0x3, 0xfe, 0x7f, 0xc0, 0x3, 0xfe,
    0x7f, 0xe0, 0x7, 0xfe, 0x3f, 0xe0, 0x7, 0xfc,
    0x3f, 0xf0, 0xf, 0xfc, 0x1f, 0xff, 0xff, 0xf8,
    0x1f, 0xff, 0xff, 0xf8, 0xf, 0xff, 0xff, 0xf0,
    0x7, 0xff, 0xff, 0xe0, 0x3, 0xff, 0xff, 0xc0,
    0x0, 0xff, 0xff, 0x0, 0x0, 0x3f, 0xfc, 0x0,
    0x0, 0x1, 0x80, 0x0,

    /* U+00F4 "ô" */
    0x0, 0x7, 0xe0, 0x0, 0x0, 0xf, 0xf0, 0x0,
    0x0, 0x1f, 0xf8, 0x0, 0x0, 0x7f, 0xfc, 0x0,
    0x0, 0xff, 0xfe, 0x0, 0x1, 0xfe, 0x7f, 0x0,
    0x3, 0xfc, 0x3f, 0x80, 0x7, 0xf8, 0x1f, 0xe0,
    0xf, 0xe0, 0xf, 0xf0, 0x0, 0x0, 0x0, 0x0,
    0x0, 0x0, 0x0, 0x0, 0x0, 0x0, 0x0, 0x0,
    0x0, 0x0, 0x0, 0x0, 0x0, 0x0, 0x0, 0x0,
    0x0, 0x3f, 0xfc, 0x0, 0x0, 0xff, 0xff, 0x0,
    0x3, 0xff, 0xff, 0xc0, 0x7, 0xff, 0xff, 0xe0,
    0xf, 0xff, 0xff, 0xf0, 0x1f, 0xff, 0xff, 0xf8,
    0x1f, 0xff, 0xff, 0xf8, 0x3f, 0xf0, 0x1f, 0xfc,
    0x3f, 0xe0, 0x7, 0xfc, 0x7f, 0xe0, 0x7, 0xfe,
    0x7f, 0xc0, 0x3, 0xfe, 0x7f, 0xc0, 0x3, 0xfe,
    0xff, 0x80, 0x1, 0xff, 0xff, 0x80, 0x1, 0xff,
    0xff, 0x80, 0x1, 0xff, 0xff, 0x80, 0x1, 0xff,
    0xff, 0x80, 0x1, 0xff, 0xff, 0x80, 0x1, 0xff,
    0xff, 0x80, 0x1, 0xff, 0xff, 0x80, 0x1, 0xff,
    0xff, 0x80, 0x1, 0xff, 0xff, 0x80, 0x1, 0xff,
    0x7f, 0xc0, 0x3, 0xfe, 0x7f, 0xc0, 0x3, 0xfe,
    0x7f, 0xe0, 0x7, 0xfe, 0x3f, 0xe0, 0x7, 0xfc,
    0x3f, 0xf0, 0xf, 0xfc, 0x1f, 0xff, 0xff, 0xf8,
    0x1f, 0xff, 0xff, 0xf8, 0xf, 0xff, 0xff, 0xf0,
    0x7, 0xff, 0xff, 0xe0, 0x3, 0xff, 0xff, 0xc0,
    0x0, 0xff, 0xff, 0x0, 0x0, 0x3f, 0xfc, 0x0,
    0x0, 0x1, 0x80, 0x0,

    /* U+00F5 "õ" */
    0x0, 0x7c, 0x1, 0xf0, 0x1, 0xff, 0x1, 0xf0,
    0x3, 0xff, 0xc3, 0xf0, 0x7, 0xff, 0xff, 0xe0,
    0x7, 0xff, 0xff, 0xe0, 0xf, 0xff, 0xff, 0xc0,
    0xf, 0xc1, 0xff, 0x80, 0xf, 0x80, 0x7e, 0x0,
    0x0, 0x0, 0x0, 0x0, 0x0, 0x0, 0x0, 0x0,
    0x0, 0x0, 0x0, 0x0, 0x0, 0x0, 0x0, 0x0,
    0x0, 0x0, 0x0, 0x0, 0x0, 0x0, 0x0, 0x0,
    0x0, 0x3f, 0xfc, 0x0, 0x0, 0xff, 0xff, 0x0,
    0x3, 0xff, 0xff, 0xc0, 0x7, 0xff, 0xff, 0xe0,
    0xf, 0xff, 0xff, 0xf0, 0x1f, 0xff, 0xff, 0xf8,
    0x1f, 0xff, 0xff, 0xf8, 0x3f, 0xf0, 0x1f, 0xfc,
    0x3f, 0xe0, 0x7, 0xfc, 0x7f, 0xe0, 0x7, 0xfe,
    0x7f, 0xc0, 0x3, 0xfe, 0x7f, 0xc0, 0x3, 0xfe,
    0xff, 0x80, 0x1, 0xff, 0xff, 0x80, 0x1, 0xff,
    0xff, 0x80, 0x1, 0xff, 0xff, 0x80, 0x1, 0xff,
    0xff, 0x80, 0x1, 0xff, 0xff, 0x80, 0x1, 0xff,
    0xff, 0x80, 0x1, 0xff, 0xff, 0x80, 0x1, 0xff,
    0xff, 0x80, 0x1, 0xff, 0xff, 0x80, 0x1, 0xff,
    0x7f, 0xc0, 0x3, 0xfe, 0x7f, 0xc0, 0x3, 0xfe,
    0x7f, 0xe0, 0x7, 0xfe, 0x3f, 0xe0, 0x7, 0xfc,
    0x3f, 0xf0, 0xf, 0xfc, 0x1f, 0xff, 0xff, 0xf8,
    0x1f, 0xff, 0xff, 0xf8, 0xf, 0xff, 0xff, 0xf0,
    0x7, 0xff, 0xff, 0xe0, 0x3, 0xff, 0xff, 0xc0,
    0x0, 0xff, 0xff, 0x0, 0x0, 0x3f, 0xfc, 0x0,
    0x0, 0x1, 0x80, 0x0,

    /* U+00F6 "ö" */
    0x3, 0xe0, 0x7, 0xc0, 0x7, 0xf0, 0xf, 0xe0,
    0xf, 0xf8, 0x1f, 0xf0, 0xf, 0xf8, 0x1f, 0xf0,
    0xf, 0xf8, 0x1f, 0xf0, 0xf, 0xf8, 0x1f, 0xf0,
    0x7, 0xf0, 0xf, 0xe0, 0x3, 0xe0, 0x7, 0xc0,
    0x0, 0x0, 0x0, 0x0, 0x0, 0x0, 0x0, 0x0,
    0x0, 0x0, 0x0, 0x0, 0x0, 0x0, 0x0, 0x0,
    0x0, 0x0, 0x0, 0x0, 0x0, 0x0, 0x0, 0x0,
    0x0, 0x3f, 0xfc, 0x0, 0x0, 0xff, 0xff, 0x0,
    0x3, 0xff, 0xff, 0xc0, 0x7, 0xff, 0xff, 0xe0,
    0xf, 0xff, 0xff, 0xf0, 0x1f, 0xff, 0xff, 0xf8,
    0x1f, 0xff, 0xff, 0xf8, 0x3f, 0xf0, 0x1f, 0xfc,
    0x3f, 0xe0, 0x7, 0xfc, 0x7f, 0xe0, 0x7, 0xfe,
    0x7f, 0xc0, 0x3, 0xfe, 0x7f, 0xc0, 0x3, 0xfe,
    0xff, 0x80, 0x1, 0xff, 0xff, 0x80, 0x1, 0xff,
    0xff, 0x80, 0x1, 0xff, 0xff, 0x80, 0x1, 0xff,
    0xff, 0x80, 0x1, 0xff, 0xff, 0x80, 0x1, 0xff,
    0xff, 0x80, 0x1, 0xff, 0xff, 0x80, 0x1, 0xff,
    0xff, 0x80, 0x1, 0xff, 0xff, 0x80, 0x1, 0xff,
    0x7f, 0xc0, 0x3, 0xfe, 0x7f, 0xc0, 0x3, 0xfe,
    0x7f, 0xe0, 0x7, 0xfe, 0x3f, 0xe0, 0x7, 0xfc,
    0x3f, 0xf0, 0xf, 0xfc, 0x1f, 0xff, 0xff, 0xf8,
    0x1f, 0xff, 0xff, 0xf8, 0xf, 0xff, 0xff, 0xf0,
    0x7, 0xff, 0xff, 0xe0, 0x3, 0xff, 0xff, 0xc0,
    0x0, 0xff, 0xff, 0x0, 0x0, 0x3f, 0xfc, 0x0,
    0x0, 0x1, 0x80, 0x0,

    /* U+00F7 "÷" */
    0x0, 0x3, 0xc0, 0x0, 0x0, 0xf, 0xf0, 0x0,
    0x0, 0x1f, 0xf8, 0x0, 0x0, 0x1f, 0xf8, 0x0,
    0x0, 0x1f, 0xf8, 0x0, 0x0, 0x1f, 0xf8, 0x0,
    0x0, 0x1f, 0xf8, 0x0, 0x0, 0xf, 0xf0, 0x0,
    0x0, 0x7, 0xc0, 0x0, 0x0, 0x0, 0x0, 0x0,
    0x0, 0x0, 0x0, 0x0, 0x0, 0x0, 0x0, 0x0,
    0x0, 0x0, 0x0, 0x0, 0x0, 0x0, 0x0, 0x0,
    0xff, 0xff, 0xff, 0xff, 0xff, 0xff, 0xff, 0xff,
    0xff, 0xff, 0xff, 0xff, 0xff, 0xff, 0xff, 0xff,
    0xff, 0xff, 0xff, 0xff, 0xff, 0xff, 0xff, 0xff,
    0xff, 0xff, 0xff, 0xff, 0x0, 0x0, 0x0, 0x0,
    0x0, 0x0, 0x0, 0x0, 0x0, 0x0, 0x0, 0x0,
    0x0, 0x0, 0x0, 0x0, 0x0, 0x0, 0x0, 0x0,
    0x0, 0x3, 0xc0, 0x0, 0x0, 0xf, 0xf0, 0x0,
    0x0, 0x1f, 0xf8, 0x0, 0x0, 0x1f, 0xf8, 0x0,
    0x0, 0x1f, 0xf8, 0x0, 0x0, 0x1f, 0xf8, 0x0,
    0x0, 0x1f, 0xf8, 0x0, 0x0, 0xf, 0xf0, 0x0,
    0x0, 0x7, 0xc0, 0x0,

    /* U+00F8 "ø" */
    0x0, 0x0, 0x0, 0xf8, 0x0, 0x0, 0x1, 0xf0,
    0x0, 0x0, 0x1, 0xf0, 0x0, 0x0, 0x3, 0xe0,
    0x0, 0x0, 0x3, 0xe0, 0x0, 0x3f, 0xff, 0xc0,
    0x0, 0xff, 0xff, 0xc0, 0x3, 0xff, 0xff, 0xc0,
    0x7, 0xff, 0xff, 0xe0, 0xf, 0xff, 0xff, 0xf0,
    0x1f, 0xff, 0xff, 0xf8, 0x1f, 0xff, 0xff, 0xf8,
    0x3f, 0xf0, 0x3f, 0xfc, 0x3f, 0xe0, 0x3f, 0xfc,
    0x7f, 0xe0, 0x7f, 0xfe, 0x7f, 0xc0, 0x7f, 0xfe,
    0x7f, 0xc0, 0xfb, 0xfe, 0xff, 0x80, 0xf9, 0xff,
    0xff, 0x81, 0xf1, 0xff, 0xff, 0x81, 0xf1, 0xff,
    0xff, 0x83, 0xe1, 0xff, 0xff, 0x83, 0xe1, 0xff,
    0xff, 0x87, 0xc1, 0xff, 0xff, 0x87, 0xc1, 0xff,
    0xff, 0x8f, 0x81, 0xff, 0xff, 0x8f, 0x81, 0xff,
    0xff, 0x9f, 0x1, 0xff, 0x7f, 0xdf, 0x3, 0xfe,
    0x7f, 0xfe, 0x3, 0xfe, 0x7f, 0xfe, 0x7, 0xfe,
    0x3f, 0xfc, 0x7, 0xfc, 0x3f, 0xfc, 0xf, 0xfc,
    0x1f, 0xff, 0xff, 0xf8, 0x1f, 0xff, 0xff, 0xf8,
    0xf, 0xff, 0xff, 0xf0, 0x7, 0xff, 0xff, 0xe0,
    0x3, 0xff, 0xff, 0xc0, 0x3, 0xff, 0xff, 0x0,
    0x3, 0xff, 0xfc, 0x0, 0x7, 0xc1, 0x80, 0x0,
    0x7, 0xc0, 0x0, 0x0, 0xf, 0x80, 0x0, 0x0,
    0xf, 0x80, 0x0, 0x0, 0x1f, 0x0, 0x0, 0x0,

    /* U+00F9 "ù" */
    0xf, 0xf8, 0x0, 0x0, 0x7f, 0xe0, 0x0, 0x1,
    0xff, 0x0, 0x0, 0x7, 0xfc, 0x0, 0x0, 0x1f,
    0xe0, 0x0, 0x0, 0x7f, 0x80, 0x0, 0x1, 0xfe,
    0x0, 0x0, 0xf, 0xf0, 0x0, 0x0, 0x3f, 0xc0,
    0x0, 0x0, 0xfe, 0x0, 0x0, 0x0, 0x0, 0x0,
    0x0, 0x0, 0x0, 0x0, 0x0, 0x0, 0x0, 0x0,
    0x0, 0x0, 0x3, 0xfe, 0x0, 0x3f, 0xff, 0xf0,
    0x1, 0xff, 0xff, 0x80, 0xf, 0xff, 0xfc, 0x0,
    0x7f, 0xff, 0xe0, 0x3, 0xff, 0xff, 0x0, 0x1f,
    0xff, 0xf8, 0x0, 0xff, 0xff, 0xc0, 0x7, 0xff,
    0xfe, 0x0, 0x3f, 0xff, 0xf0, 0x1, 0xff, 0xff,
    0x80, 0xf, 0xff, 0xfc, 0x0, 0x7f, 0xff, 0xe0,
    0x3, 0xff, 0xff, 0x0, 0x1f, 0xff, 0xf8, 0x0,
    0xff, 0xff, 0xc0, 0x7, 0xff, 0xfe, 0x0, 0x3f,
    0xff, 0xf0, 0x1, 0xff, 0xff, 0x80, 0xf, 0xff,
    0xfc, 0x0, 0x7f, 0xff, 0xe0, 0x3, 0xff, 0xff,
    0x0, 0x1f, 0xff, 0xf8, 0x0, 0xff, 0xff, 0xc0,
    0x7, 0xff, 0xfe, 0x0, 0x3f, 0xff, 0xf8, 0x3,
    0xff, 0xff, 0xe0, 0x3f, 0xfb, 0xff, 0xff, 0xff,
    0xdf, 0xff, 0xff, 0xfe, 0x7f, 0xff, 0xff, 0xf3,
    0xff, 0xff, 0xff, 0x8f, 0xff, 0xf7, 0xfc, 0x3f,
    0xff, 0x3f, 0xe0, 0x7f, 0xe1, 0xff, 0x0, 0x20,
    0x0, 0x0,

    /* U+00FA "ú" */
    0x0, 0x0, 0xff, 0xc0, 0x0, 0xf, 0xfc, 0x0,
    0x0, 0x7f, 0xc0, 0x0, 0x7, 0xfc, 0x0, 0x0,
    0x3f, 0xc0, 0x0, 0x3, 0xfc, 0x0, 0x0, 0x3f,
    0xc0, 0x0, 0x1, 0xfc, 0x0, 0x0, 0x1f, 0xe0,
    0x0, 0x0, 0xfe, 0x0, 0x0, 0x0, 0x0, 0x0,
    0x0, 0x0, 0x0, 0x0, 0x0, 0x0, 0x0, 0x0,
    0x0, 0x0, 0x3, 0xfe, 0x0, 0x3f, 0xff, 0xf0,
    0x1, 0xff, 0xff, 0x80, 0xf, 0xff, 0xfc, 0x0,
    0x7f, 0xff, 0xe0, 0x3, 0xff, 0xff, 0x0, 0x1f,
    0xff, 0xf8, 0x0, 0xff, 0xff, 0xc0, 0x7, 0xff,
    0xfe, 0x0, 0x3f, 0xff, 0xf0, 0x1, 0xff, 0xff,
    0x80, 0xf, 0xff, 0xfc, 0x0, 0x7f, 0xff, 0xe0,
    0x3, 0xff, 0xff, 0x0, 0x1f, 0xff, 0xf8, 0x0,
    0xff, 0xff, 0xc0, 0x7, 0xff, 0xfe, 0x0, 0x3f,
    0xff, 0xf0, 0x1, 0xff, 0xff, 0x80, 0xf, 0xff,
    0xfc, 0x0, 0x7f, 0xff, 0xe0, 0x3, 0xff, 0xff,
    0x0, 0x1f, 0xff, 0xf8, 0x0, 0xff, 0xff, 0xc0,
    0x7, 0xff, 0xfe, 0x0, 0x3f, 0xff, 0xf8, 0x3,
    0xff, 0xff, 0xe0, 0x3f, 0xfb, 0xff, 0xff, 0xff,
    0xdf, 0xff, 0xff, 0xfe, 0x7f, 0xff, 0xff, 0xf3,
    0xff, 0xff, 0xff, 0x8f, 0xff, 0xf7, 0xfc, 0x3f,
    0xff, 0x3f, 0xe0, 0x7f, 0xe1, 0xff, 0x0, 0x20,
    0x0, 0x0,

    /* U+00FB "û" */
    0x0, 0x1f, 0x80, 0x0, 0x1, 0xff, 0x0, 0x0,
    0x1f, 0xfc, 0x0, 0x1, 0xff, 0xf0, 0x0, 0x1f,
    0xff, 0xc0, 0x1, 0xfc, 0x7f, 0x0, 0x1f, 0xc1,
    0xfc, 0x1, 0xfc, 0x7, 0xf0, 0x1f, 0xc0, 0x1f,
    0xc0, 0x0, 0x0, 0x0, 0x0, 0x0, 0x0, 0x0,
    0x0, 0x0, 0x0, 0x0, 0x0, 0x0, 0x0, 0x0,
    0x0, 0x0, 0x3, 0xfe, 0x0, 0x3f, 0xff, 0xf0,
    0x1, 0xff, 0xff, 0x80, 0xf, 0xff, 0xfc, 0x0,
    0x7f, 0xff, 0xe0, 0x3, 0xff, 0xff, 0x0, 0x1f,
    0xff, 0xf8, 0x0, 0xff, 0xff, 0xc0, 0x7, 0xff,
    0xfe, 0x0, 0x3f, 0xff, 0xf0, 0x1, 0xff, 0xff,
    0x80, 0xf, 0xff, 0xfc, 0x0, 0x7f, 0xff, 0xe0,
    0x3, 0xff, 0xff, 0x0, 0x1f, 0xff, 0xf8, 0x0,
    0xff, 0xff, 0xc0, 0x7, 0xff, 0xfe, 0x0, 0x3f,
    0xff, 0xf0, 0x1, 0xff, 0xff, 0x80, 0xf, 0xff,
    0xfc, 0x0, 0x7f, 0xff, 0xe0, 0x3, 0xff, 0xff,
    0x0, 0x1f, 0xff, 0xf8, 0x0, 0xff, 0xff, 0xc0,
    0x7, 0xff, 0xfe, 0x0, 0x3f, 0xff, 0xf8, 0x3,
    0xff, 0xff, 0xe0, 0x3f, 0xfb, 0xff, 0xff, 0xff,
    0xdf, 0xff, 0xff, 0xfe, 0x7f, 0xff, 0xff, 0xf3,
    0xff, 0xff, 0xff, 0x8f, 0xff, 0xf7, 0xfc, 0x3f,
    0xff, 0x3f, 0xe0, 0x7f, 0xe1, 0xff, 0x0, 0x20,
    0x0, 0x0,

    /* U+00FC "ü" */
    0xf, 0x80, 0xf, 0x80, 0xfe, 0x0, 0xfe, 0xf,
    0xf8, 0xf, 0xf8, 0x7f, 0xc0, 0x7f, 0xc3, 0xfe,
    0x3, 0xfe, 0x1f, 0xf0, 0x1f, 0xf0, 0x7f, 0x0,
    0x7f, 0x1, 0xf0, 0x1, 0xf0, 0x0, 0x0, 0x0,
    0x0, 0x0, 0x0, 0x0, 0x0, 0x0, 0x0, 0x0,
    0x0, 0x0, 0x0, 0x0, 0x0, 0x0, 0x0, 0x0,
    0x0, 0x0, 0x3, 0xfe, 0x0, 0x3f, 0xff, 0xf0,
    0x1, 0xff, 0xff, 0x80, 0xf, 0xff, 0xfc, 0x0,
    0x7f, 0xff, 0xe0, 0x3, 0xff, 0xff, 0x0, 0x1f,
    0xff, 0xf8, 0x0, 0xff, 0xff, 0xc0, 0x7, 0xff,
    0xfe, 0x0, 0x3f, 0xff, 0xf0, 0x1, 0xff, 0xff,
    0x80, 0xf, 0xff, 0xfc, 0x0, 0x7f, 0xff, 0xe0,
    0x3, 0xff, 0xff, 0x0, 0x1f, 0xff, 0xf8, 0x0,
    0xff, 0xff, 0xc0, 0x7, 0xff, 0xfe, 0x0, 0x3f,
    0xff, 0xf0, 0x1, 0xff, 0xff, 0x80, 0xf, 0xff,
    0xfc, 0x0, 0x7f, 0xff, 0xe0, 0x3, 0xff, 0xff,
    0x0, 0x1f, 0xff, 0xf8, 0x0, 0xff, 0xff, 0xc0,
    0x7, 0xff, 0xfe, 0x0, 0x3f, 0xff, 0xf8, 0x3,
    0xff, 0xff, 0xe0, 0x3f, 0xfb, 0xff, 0xff, 0xff,
    0xdf, 0xff, 0xff, 0xfe, 0x7f, 0xff, 0xff, 0xf3,
    0xff, 0xff, 0xff, 0x8f, 0xff, 0xf7, 0xfc, 0x3f,
    0xff, 0x3f, 0xe0, 0x7f, 0xf1, 0xff, 0x0, 0x30,
    0x0, 0x0,

    /* U+00FD "ý" */
    0x0, 0x0, 0x3f, 0xf0, 0x0, 0x0, 0x7f, 0xe0,
    0x0, 0x0, 0x7f, 0xc0, 0x0, 0x0, 0xff, 0x80,
    0x0, 0x0, 0xff, 0x0, 0x0, 0x1, 0xfe, 0x0,
    0x0, 0x3, 0xfe, 0x0, 0x0, 0x3, 0xfc, 0x0,
    0x0, 0x7, 0xf8, 0x0, 0x0, 0x7, 0xf0, 0x0,
    0x0, 0x0, 0x0, 0x0, 0x0, 0x0, 0x0, 0x0,
    0x0, 0x0, 0x0, 0x0, 0x0, 0x0, 0x0, 0x0,
    0x7f, 0xc0, 0x1, 0xff, 0x7f, 0xc0, 0x3, 0xff,
    0x7f, 0xe0, 0x3, 0xff, 0x3f, 0xe0, 0x3, 0xfe,
    0x3f, 0xe0, 0x7, 0xfe, 0x3f, 0xf0, 0x7, 0xfe,
    0x1f, 0xf0, 0x7, 0xfc, 0x1f, 0xf0, 0xf, 0xfc,
    0x1f, 0xf8, 0xf, 0xf8, 0xf, 0xf8, 0xf, 0xf8,
    0xf, 0xf8, 0xf, 0xf8, 0xf, 0xf8, 0x1f, 0xf0,
    0x7, 0xfc, 0x1f, 0xf0, 0x7, 0xfc, 0x1f, 0xf0,
    0x7, 0xfc, 0x3f, 0xe0, 0x3, 0xfe, 0x3f, 0xe0,
    0x3, 0xfe, 0x3f, 0xe0, 0x3, 0xfe, 0x3f, 0xc0,
    0x1, 0xff, 0x7f, 0xc0, 0x1, 0xff, 0x7f, 0xc0,
    0x0, 0xff, 0x7f, 0x80, 0x0, 0xff, 0xff, 0x80,
    0x0, 0xff, 0xff, 0x80, 0x0, 0x7f, 0xff, 0x0,
    0x0, 0x7f, 0xff, 0x0, 0x0, 0x7f, 0xff, 0x0,
    0x0, 0x3f, 0xfe, 0x0, 0x0, 0x3f, 0xfe, 0x0,
    0x0, 0x3f, 0xfc, 0x0, 0x0, 0x1f, 0xfc, 0x0,
    0x0, 0x1f, 0xfc, 0x0, 0x0, 0x1f, 0xf8, 0x0,
    0x0, 0xf, 0xf8, 0x0, 0x0, 0xf, 0xf8, 0x0,
    0x0, 0xf, 0xf0, 0x0, 0x0, 0xf, 0xf0, 0x0,
    0x0, 0x1f, 0xf0, 0x0, 0x0, 0x1f, 0xe0, 0x0,
    0x0, 0x3f, 0xe0, 0x0, 0x0, 0x7f, 0xe0, 0x0,
    0xf, 0xff, 0xc0, 0x0, 0xf, 0xff, 0xc0, 0x0,
    0xf, 0xff, 0x80, 0x0, 0xf, 0xff, 0x80, 0x0,
    0xf, 0xff, 0x0, 0x0, 0xf, 0xfe, 0x0, 0x0,
    0xf, 0xf8, 0x0, 0x0, 0x1, 0x80, 0x0, 0x0,

    /* U+00FE "þ" */
    0xff, 0x80, 0x0, 0x3, 0xfe, 0x0, 0x0, 0xf,
    0xf8, 0x0, 0x0, 0x3f, 0xe0, 0x0, 0x0, 0xff,
    0x80, 0x0, 0x3, 0xfe, 0x0, 0x0, 0xf, 0xf8,
    0x0, 0x0, 0x3f, 0xe0, 0x0, 0x0, 0xff, 0x80,
    0x0, 0x3, 0xfe, 0x0, 0x0, 0xf, 0xf8, 0x0,
    0x0, 0x3f, 0xe0, 0x0, 0x0, 0xff, 0x80, 0x0,
    0x3, 0xfe, 0x0, 0x0, 0xf, 0xf8, 0xff, 0xc0,
    0x3f, 0xe7, 0xff, 0xc0, 0xff, 0xff, 0xff, 0x83,
    0xff, 0xff, 0xff, 0xf, 0xff, 0xff, 0xfe, 0x3f,
    0xff, 0xff, 0xfc, 0xff, 0xff, 0xff, 0xf3, 0xff,
    0x80, 0xff, 0xcf, 0xfc, 0x1, 0xff, 0xbf, 0xe0,
    0x3, 0xfe, 0xff, 0x80, 0xf, 0xfb, 0xfe, 0x0,
    0x3f, 0xff, 0xf8, 0x0, 0x7f, 0xff, 0xe0, 0x1,
    0xff, 0xff, 0x80, 0x7, 0xff, 0xfe, 0x0, 0x1f,
    0xff, 0xf8, 0x0, 0x7f, 0xff, 0xe0, 0x1, 0xff,
    0xff, 0x80, 0x7, 0xff, 0xfe, 0x0, 0x1f, 0xff,
    0xf8, 0x0, 0x7f, 0xff, 0xe0, 0x1, 0xff, 0xff,
    0x80, 0xf, 0xff, 0xfe, 0x0, 0x3f, 0xef, 0xf8,
    0x0, 0xff, 0xbf, 0xf0, 0x7, 0xfe, 0xff, 0xe0,
    0x3f, 0xf3, 0xff, 0xff, 0xff, 0xcf, 0xff, 0xff,
    0xfe, 0x3f, 0xff, 0xff, 0xf8, 0xff, 0xff, 0xff,
    0xc3, 0xff, 0xff, 0xfe, 0xf, 0xf9, 0xff, 0xf0,
    0x3f, 0xe3, 0xff, 0x0, 0xff, 0x80, 0x80, 0x3,
    0xfe, 0x0, 0x0, 0xf, 0xf8, 0x0, 0x0, 0x3f,
    0xe0, 0x0, 0x0, 0xff, 0x80, 0x0, 0x3, 0xfe,
    0x0, 0x0, 0xf, 0xf8, 0x0, 0x0, 0x3f, 0xe0,
    0x0, 0x0, 0xff, 0x80, 0x0, 0x3, 0xfe, 0x0,
    0x0, 0xf, 0xf8, 0x0, 0x0, 0x3f, 0xe0, 0x0,
    0x0, 0xff, 0x80, 0x0, 0x0,

    /* U+00FF "ÿ" */
    0x3, 0xe0, 0x7, 0xc0, 0x7, 0xf0, 0xf, 0xe0,
    0xf, 0xf8, 0x1f, 0xf0, 0xf, 0xf8, 0x1f, 0xf0,
    0xf, 0xf8, 0x1f, 0xf0, 0xf, 0xf8, 0x1f, 0xf0,
    0x7, 0xf0, 0xf, 0xe0, 0x3, 0xe0, 0x7, 0xc0,
    0x0, 0x0, 0x0, 0x0, 0x0, 0x0, 0x0, 0x0,
    0x0, 0x0, 0x0, 0x0, 0x0, 0x0, 0x0, 0x0,
    0x0, 0x0, 0x0, 0x0, 0x0, 0x0, 0x0, 0x0,
    0xff, 0xc0, 0x3, 0xff, 0xff, 0xc0, 0x3, 0xfe,
    0x7f, 0xc0, 0x7, 0xfe, 0x7f, 0xe0, 0x7, 0xfe,
    0x7f, 0xe0, 0x7, 0xfc, 0x3f, 0xe0, 0xf, 0xfc,
    0x3f, 0xf0, 0xf, 0xfc, 0x1f, 0xf0, 0xf, 0xf8,
    0x1f, 0xf0, 0x1f, 0xf8, 0x1f, 0xf0, 0x1f, 0xf8,
    0xf, 0xf8, 0x1f, 0xf0, 0xf, 0xf8, 0x1f, 0xf0,
    0xf, 0xf8, 0x3f, 0xf0, 0x7, 0xfc, 0x3f, 0xe0,
    0x7, 0xfc, 0x3f, 0xe0, 0x7, 0xfc, 0x7f, 0xe0,
    0x3, 0xfc, 0x7f, 0xc0, 0x3, 0xfe, 0x7f, 0xc0,
    0x3, 0xfe, 0x7f, 0x80, 0x1, 0xfe, 0xff, 0x80,
    0x1, 0xff, 0xff, 0x80, 0x0, 0xff, 0xff, 0x0,
    0x0, 0xff, 0xff, 0x0, 0x0, 0xff, 0xff, 0x0,
    0x0, 0x7f, 0xfe, 0x0, 0x0, 0x7f, 0xfe, 0x0,
    0x0, 0x7f, 0xfe, 0x0, 0x0, 0x3f, 0xfc, 0x0,
    0x0, 0x3f, 0xfc, 0x0, 0x0, 0x3f, 0xfc, 0x0,
    0x0, 0x1f, 0xf8, 0x0, 0x0, 0x1f, 0xf8, 0x0,
    0x0, 0xf, 0xf8, 0x0, 0x0, 0xf, 0xf0, 0x0,
    0x0, 0x1f, 0xf0, 0x0, 0x0, 0x1f, 0xf0, 0x0,
    0x0, 0x1f, 0xe0, 0x0, 0x0, 0x3f, 0xe0, 0x0,
    0x0, 0x3f, 0xc0, 0x0, 0x0, 0x7f, 0xc0, 0x0,
    0x1f, 0xff, 0xc0, 0x0, 0x1f, 0xff, 0x80, 0x0,
    0x1f, 0xff, 0x80, 0x0, 0x1f, 0xff, 0x0, 0x0,
    0x1f, 0xfe, 0x0, 0x0, 0x1f, 0xfc, 0x0, 0x0,
    0x1f, 0xf0, 0x0, 0x0, 0x1, 0x0, 0x0, 0x0,

    /* U+2000 " " */
    0x0,

    /* U+2001 " " */
    0x0,

    /* U+2002 " " */
    0x0,

    /* U+2003 " " */
    0x0,

    /* U+2004 " " */
    0x0,

    /* U+2005 " " */
    0x0,

    /* U+2006 " " */
    0x0,

    /* U+2007 " " */
    0x0,

    /* U+2008 " " */
    0x0,

    /* U+2009 " " */
    0x0,

    /* U+200A " " */
    0x0,

    /* U+200B "​" */
    0x0,

    /* U+2010 "‐" */
    0xff, 0xff, 0xff, 0xff, 0xff, 0xff, 0xff, 0xff,
    0xff, 0xff, 0xff, 0xff, 0xff, 0xff, 0xff, 0xfc,

    /* U+2011 "‑" */
    0xff, 0xff, 0xff, 0xff, 0xff, 0xff, 0xff, 0xff,
    0xff, 0xff, 0xff, 0xff, 0xff, 0xff, 0xff, 0xfc,

    /* U+2013 "–" */
    0xff, 0xff, 0xff, 0xff, 0xff, 0xff, 0xff, 0xff,
    0xff, 0xff, 0xff, 0xff, 0xff, 0xff, 0xff, 0xff,
    0xff, 0xff, 0xff, 0xff, 0xff, 0xff, 0xff, 0xff,
    0xff, 0xff, 0xff, 0xff,

    /* U+2014 "—" */
    0xff, 0xff, 0xff, 0xff, 0xff, 0xff, 0xff, 0xff,
    0xff, 0xff, 0xff, 0xff, 0xff, 0xff, 0xff, 0xff,
    0xff, 0xff, 0xff, 0xff, 0xff, 0xff, 0xff, 0xff,
    0xff, 0xff, 0xff, 0xff, 0xff, 0xff, 0xff, 0xff,
    0xff, 0xff, 0xff, 0xff, 0xff, 0xf8,

    /* U+2015 "―" */
    0xff, 0xff, 0xff, 0xff, 0xff, 0xff, 0xff, 0xff,
    0xff, 0xff, 0xff, 0xff, 0xff, 0xff, 0xff, 0xff,
    0xff, 0xff, 0xff, 0xff, 0xff, 0xff, 0xff, 0xff,
    0xff, 0xff, 0xff, 0xff, 0xff, 0xff, 0xff, 0xff,
    0xff, 0xff, 0xff, 0xff, 0xff, 0xf8,

    /* U+2017 "‗" */
    0xff, 0xff, 0xff, 0xff, 0xff, 0xff, 0xff, 0xff,
    0xff, 0xff, 0xff, 0xff, 0xff, 0xff, 0xff, 0xff,
    0xff, 0xf0, 0x0, 0x0, 0x0, 0x0, 0x0, 0x0,
    0x0, 0x0, 0x0, 0x0, 0xff, 0xff, 0xff, 0xff,
    0xff, 0xff, 0xff, 0xff, 0xff, 0xff, 0xff, 0xff,
    0xff, 0xff, 0xff, 0xff, 0xff, 0xf0,

    /* U+2018 "‘" */
    0x6, 0x3, 0xe1, 0xf8, 0xfe, 0x3f, 0x1f, 0xc7,
    0xf1, 0xf8, 0xfe, 0x3f, 0x8f, 0xe3, 0xf8, 0xfe,
    0x3f, 0x8f, 0xe3, 0xf8,

    /* U+2019 "’" */
    0x1f, 0xc7, 0xf1, 0xfc, 0x7f, 0x1f, 0xc7, 0xf1,
    0xfc, 0x7f, 0x1f, 0x8f, 0xe3, 0xf8, 0xfc, 0x7f,
    0x1f, 0x87, 0xc0, 0x60, 0x0, 0x0,

    /* U+201A "‚" */
    0x1f, 0xc7, 0xf1, 0xfc, 0x7f, 0x1f, 0xc7, 0xf1,
    0xfc, 0x7f, 0x1f, 0xcf, 0xe3, 0xf8, 0xfc, 0x7f,
    0x1f, 0x87, 0xe0, 0xf0, 0x8, 0x0,

    /* U+201B "‛" */
    0xfe, 0x3f, 0x8f, 0xe3, 0xf8, 0xfe, 0x3f, 0x8f,
    0xe3, 0xf8, 0x7e, 0x1f, 0xc7, 0xf0, 0xfc, 0x3f,
    0x87, 0xe0, 0xf8, 0x38, 0x0, 0x0,

    /* U+201C "“" */
    0x6, 0x0, 0xc0, 0x7c, 0xf, 0x87, 0xf0, 0xfc,
    0x7f, 0xf, 0xe3, 0xf8, 0x7e, 0x3f, 0x87, 0xf1,
    0xfc, 0x3f, 0x8f, 0xc1, 0xf8, 0xfe, 0x1f, 0xc7,
    0xf0, 0xfe, 0x3f, 0x87, 0xf1, 0xfc, 0x3f, 0x8f,
    0xe1, 0xfc, 0x7f, 0xf, 0xe3, 0xf8, 0x7f, 0x1f,
    0xc3, 0xf8,

    /* U+201D "”" */
    0x1f, 0xc3, 0xf8, 0xfe, 0x1f, 0xc7, 0xf0, 0xfe,
    0x3f, 0x87, 0xf1, 0xfc, 0x3f, 0x8f, 0xe1, 0xfc,
    0x7f, 0xf, 0xe3, 0xf8, 0x7f, 0x1f, 0x83, 0xf1,
    0xfc, 0x3f, 0x8f, 0xe1, 0xfc, 0x7e, 0x1f, 0xc7,
    0xf0, 0xfe, 0x3f, 0xf, 0xe1, 0xf0, 0x3e, 0x3,
    0x0, 0x60, 0x0, 0x0, 0x0,

    /* U+201E "„" */
    0x1f, 0xc3, 0xf8, 0xfe, 0x1f, 0xc7, 0xf0, 0xfe,
    0x3f, 0x87, 0xf1, 0xfc, 0x3f, 0x8f, 0xe1, 0xfc,
    0x7f, 0xf, 0xe3, 0xf8, 0x7f, 0x1f, 0xc3, 0xf8,
    0xfe, 0x1f, 0xc7, 0xe1, 0xfc, 0x7f, 0xf, 0xe3,
    0xf8, 0x7f, 0x1f, 0x87, 0xf1, 0xfc, 0x3f, 0x8f,
    0xc3, 0xf8, 0x7e, 0xf, 0x80, 0xe0, 0x1c, 0x0,
    0x0, 0x0,

    /* U+2020 "†" */
    0x0, 0x1f, 0xf0, 0x0, 0x0, 0x3f, 0xe0, 0x0,
    0x0, 0x7f, 0xc0, 0x0, 0x0, 0xff, 0x80, 0x0,
    0x1, 0xff, 0x0, 0x0, 0x3, 0xfe, 0x0, 0x0,
    0x7, 0xfc, 0x0, 0x0, 0xf, 0xf8, 0x0, 0x0,
    0x1f, 0xf0, 0x0, 0x0, 0x3f, 0xe0, 0x0, 0x0,
    0x7f, 0xc0, 0x0, 0x0, 0xff, 0x80, 0xf, 0xff,
    0xff, 0xff, 0xff, 0xff, 0xff, 0xff, 0xff, 0xff,
    0xff, 0xff, 0xff, 0xff, 0xff, 0xff, 0xff, 0xff,
    0xff, 0xff, 0xff, 0xff, 0xff, 0xff, 0xff, 0xff,
    0xff, 0xf8, 0x0, 0xff, 0x80, 0x0, 0x1, 0xff,
    0x0, 0x0, 0x3, 0xfe, 0x0, 0x0, 0x7, 0xfc,
    0x0, 0x0, 0xf, 0xf8, 0x0, 0x0, 0x1f, 0xf0,
    0x0, 0x0, 0x3f, 0xe0, 0x0, 0x0, 0x7f, 0xc0,
    0x0, 0x0, 0xff, 0x80, 0x0, 0x1, 0xff, 0x0,
    0x0, 0x3, 0xfe, 0x0, 0x0, 0x7, 0xfc, 0x0,
    0x0, 0xf, 0xf8, 0x0, 0x0, 0x1f, 0xf0, 0x0,
    0x0, 0x3f, 0xe0, 0x0, 0x0, 0x7f, 0xc0, 0x0,
    0x0, 0xff, 0x80, 0x0, 0x1, 0xff, 0x0, 0x0,
    0x3, 0xfe, 0x0, 0x0, 0x7, 0xfc, 0x0, 0x0,
    0xf, 0xf8, 0x0, 0x0, 0x1f, 0xf0, 0x0, 0x0,
    0x3f, 0xe0, 0x0, 0x0, 0x7f, 0xc0, 0x0, 0x0,
    0xff, 0x80, 0x0, 0x1, 0xff, 0x0, 0x0, 0x3,
    0xfe, 0x0, 0x0,

    /* U+2021 "‡" */
    0x0, 0x1f, 0xf0, 0x0, 0x0, 0x3f, 0xe0, 0x0,
    0x0, 0x7f, 0xc0, 0x0, 0x0, 0xff, 0x80, 0x0,
    0x1, 0xff, 0x0, 0x0, 0x3, 0xfe, 0x0, 0x0,
    0x7, 0xfc, 0x0, 0x0, 0xf, 0xf8, 0x0, 0x0,
    0x1f, 0xf0, 0x0, 0x0, 0x3f, 0xe0, 0x0, 0x0,
    0x7f, 0xc0, 0x0, 0x0, 0xff, 0x80, 0xf, 0xff,
    0xff, 0xff, 0xff, 0xff, 0xff, 0xff, 0xff, 0xff,
    0xff, 0xff, 0xff, 0xff, 0xff, 0xff, 0xff, 0xff,
    0xff, 0xff, 0xff, 0xff, 0xff, 0xff, 0xff, 0xff,
    0xff, 0xf8, 0x0, 0xff, 0x80, 0x0, 0x1, 0xff,
    0x0, 0x0, 0x3, 0xfe, 0x0, 0x0, 0x7, 0xfc,
    0x0, 0x0, 0xf, 0xf8, 0x0, 0x0, 0x1f, 0xf0,
    0x0, 0x0, 0x3f, 0xe0, 0x0, 0x0, 0x7f, 0xc0,
    0x0, 0x0, 0xff, 0x80, 0x0, 0x1, 0xff, 0x0,
    0x0, 0x3, 0xfe, 0x0, 0x0, 0x7, 0xfc, 0x0,
    0x0, 0xf, 0xf8, 0x0, 0x0, 0x1f, 0xf0, 0x0,
    0x0, 0x3f, 0xe0, 0x0, 0x0, 0x7f, 0xc0, 0x0,
    0x0, 0xff, 0x80, 0x0, 0x1, 0xff, 0x0, 0x0,
    0x3, 0xfe, 0x0, 0x0, 0x7, 0xfc, 0x0, 0x7f,
    0xff, 0xff, 0xff, 0xff, 0xff, 0xff, 0xff, 0xff,
    0xff, 0xff, 0xff, 0xff, 0xff, 0xff, 0xff, 0xff,
    0xff, 0xff, 0xff, 0xff, 0xff, 0xff, 0xff, 0xff,
    0xff, 0xff, 0xc0, 0x7, 0xfc, 0x0, 0x0, 0xf,
    0xf8, 0x0, 0x0, 0x1f, 0xf0, 0x0, 0x0, 0x3f,
    0xe0, 0x0, 0x0, 0x7f, 0xc0, 0x0, 0x0, 0xff,
    0x80, 0x0, 0x1, 0xff, 0x0, 0x0, 0x3, 0xfe,
    0x0, 0x0, 0x7, 0xfc, 0x0, 0x0, 0xf, 0xf8,
    0x0, 0x0, 0x1f, 0xf0, 0x0, 0x0, 0x3f, 0xe0,
    0x0, 0x0, 0x7f, 0xc0, 0x0,

    /* U+2022 "•" */
    0xf, 0xe0, 0x3f, 0xe1, 0xff, 0xe3, 0xff, 0xef,
    0xff, 0xff, 0xff, 0xff, 0xff, 0xff, 0xff, 0xff,
    0xff, 0xff, 0xff, 0xff, 0xfb, 0xff, 0xe7, 0xff,
    0xc3, 0xff, 0x3, 0xf8, 0x0,

    /* U+2025 "‥" */
    0x0, 0x0, 0x0, 0x1f, 0x80, 0x3f, 0x1f, 0xe0,
    0x3f, 0xdf, 0xf8, 0x3f, 0xff, 0xfc, 0x1f, 0xff,
    0xfe, 0xf, 0xff, 0xff, 0x7, 0xfe, 0xff, 0x1,
    0xfe, 0x3f, 0x0, 0x7e, 0x4, 0x0, 0x8, 0x0,

    /* U+2026 "…" */
    0x0, 0x0, 0x0, 0x0, 0x0, 0x7e, 0x0, 0xfc,
    0x3, 0xf1, 0xfe, 0x3, 0xfc, 0xf, 0xf7, 0xfe,
    0xf, 0xfc, 0x3f, 0xff, 0xfc, 0x1f, 0xf8, 0x7f,
    0xff, 0xf8, 0x3f, 0xf0, 0xff, 0xff, 0xf0, 0x7f,
    0xe1, 0xff, 0xbf, 0xc0, 0x7f, 0x81, 0xfe, 0x3f,
    0x0, 0x7e, 0x1, 0xf8, 0x10, 0x0, 0x20, 0x0,
    0x80,

    /* U+2027 "‧" */
    0x1e, 0x1f, 0xef, 0xff, 0xff, 0xff, 0xff, 0xff,
    0xfd, 0xfe, 0x1f, 0x0,

    /* U+2030 "‰" */
    0x0, 0x40, 0x0, 0x0, 0x0, 0x0, 0x0, 0x3,
    0xfe, 0x0, 0x0, 0x0, 0x0, 0x0, 0x7, 0xff,
    0xc0, 0x0, 0x0, 0x0, 0x0, 0x7, 0xff, 0xf0,
    0x0, 0x0, 0x0, 0x0, 0x7, 0xff, 0xfc, 0x0,
    0x0, 0x0, 0x0, 0x3, 0xff, 0xfe, 0x0, 0x10,
    0x0, 0x0, 0x3, 0xf8, 0x3f, 0x0, 0x1e, 0x0,
    0x0, 0x1, 0xf8, 0xf, 0xc0, 0xf, 0x80, 0x0,
    0x0, 0xfc, 0x7, 0xe0, 0xf, 0xc0, 0x0, 0x0,
    0x7e, 0x3, 0xf0, 0xf, 0xc0, 0x0, 0x0, 0x3f,
    0x1, 0xf8, 0x7, 0xe0, 0x0, 0x0, 0x1f, 0x80,
    0xfc, 0x7, 0xe0, 0x0, 0x0, 0xf, 0xc0, 0x7e,
    0x3, 0xe0, 0x0, 0x0, 0x7, 0xe0, 0x3f, 0x3,
    0xf0, 0x0, 0x0, 0x3, 0xf8, 0x3f, 0x83, 0xf0,
    0x0, 0x0, 0x0, 0xfe, 0x3f, 0x81, 0xf8, 0x0,
    0x0, 0x0, 0x7f, 0xff, 0xc1, 0xf8, 0x0, 0x0,
    0x0, 0x1f, 0xff, 0xc0, 0xf8, 0x0, 0x0, 0x0,
    0x7, 0xff, 0xc0, 0xfc, 0x0, 0x0, 0x0, 0x1,
    0xff, 0xc0, 0xfc, 0x0, 0x0, 0x0, 0x0, 0x3f,
    0x80, 0x7c, 0x0, 0x0, 0x0, 0x0, 0x0, 0x0,
    0x7e, 0x0, 0x0, 0x0, 0x0, 0x0, 0x0, 0x7e,
    0x0, 0x0, 0x0, 0x0, 0x0, 0x0, 0x3e, 0x0,
    0x0, 0x0, 0x0, 0x0, 0x0, 0x3f, 0x0, 0x0,
    0x0, 0x0, 0x0, 0x0, 0x1f, 0x0, 0x0, 0x0,
    0x0, 0x0, 0x0, 0x1f, 0x81, 0xfc, 0x3, 0xf8,
    0x0, 0x0, 0x1f, 0x83, 0xff, 0x87, 0xff, 0x0,
    0x0, 0xf, 0x83, 0xff, 0xe7, 0xff, 0xc0, 0x0,
    0xf, 0xc3, 0xff, 0xff, 0xff, 0xf0, 0x0, 0xf,
    0xc3, 0xff, 0xff, 0xff, 0xfc, 0x0, 0x7, 0xc1,
    0xfc, 0x3f, 0xf0, 0xfe, 0x0, 0x7, 0xe1, 0xfc,
    0xf, 0xf0, 0x3f, 0x80, 0x3, 0xe0, 0xfc, 0x7,
    0xf8, 0xf, 0xc0, 0x3, 0xe0, 0x7e, 0x1, 0xf8,
    0x7, 0xe0, 0x3, 0xf0, 0x3f, 0x0, 0xfc, 0x3,
    0xf0, 0x1, 0xf0, 0x1f, 0x80, 0x7e, 0x1, 0xf8,
    0x1, 0xf8, 0xf, 0xc0, 0x3f, 0x0, 0xfc, 0x1,
    0xf8, 0x7, 0xe0, 0x1f, 0x80, 0x7e, 0x0, 0xf8,
    0x3, 0xf0, 0xf, 0xe0, 0x3f, 0x0, 0xfc, 0x1,
    0xfc, 0xf, 0xf0, 0x1f, 0x80, 0x7c, 0x0, 0x7e,
    0x7, 0xfc, 0x1f, 0x80, 0xc, 0x0, 0x3f, 0xff,
    0xff, 0xff, 0xc0, 0x0, 0x0, 0xf, 0xff, 0xff,
    0xff, 0xc0, 0x0, 0x0, 0x7, 0xff, 0xff, 0xff,
    0xe0, 0x0, 0x0, 0x0, 0xff, 0xf3, 0xff, 0xc0,
    0x0, 0x0, 0x0, 0x3f, 0xe0, 0x7f, 0xc0, 0x0,
    0x0, 0x0, 0x1, 0x0, 0x6, 0x0,

    /* U+2032 "′" */
    0xff, 0xff, 0xff, 0xff, 0xff, 0xff, 0xff, 0xff,
    0xff, 0xff, 0xef, 0xdf, 0xbf, 0x7e, 0xfc,

    /* U+2033 "″" */
    0xfc, 0x3f, 0xfc, 0x3f, 0xfc, 0x3f, 0xfc, 0x3f,
    0xfc, 0x3f, 0xfc, 0x3f, 0xfc, 0x3f, 0xfc, 0x3f,
    0xfc, 0x3f, 0xfc, 0x3f, 0xf8, 0x3e, 0xf8, 0x3e,
    0xf8, 0x3e, 0xf8, 0x3e, 0xf8, 0x3e, 0xf8, 0x3e,
    0xf8, 0x3e,

    /* U+2039 "‹" */
    0x0, 0x7e, 0x1, 0xf8, 0x7, 0xe0, 0xf, 0xc0,
    0x3f, 0x0, 0xfe, 0x1, 0xf8, 0x7, 0xf0, 0x1f,
    0xc0, 0x7f, 0x0, 0xfe, 0x3, 0xf8, 0xf, 0xf0,
    0xf, 0xe0, 0xf, 0xe0, 0xf, 0xc0, 0x1f, 0xc0,
    0x1f, 0xc0, 0x1f, 0x80, 0x3f, 0x80, 0x3f, 0x0,
    0x3f, 0x0, 0x7e, 0x0, 0x7e, 0x0, 0x7e,

    /* U+203A "›" */
    0xfc, 0x3, 0xf0, 0x7, 0xe0, 0xf, 0xc0, 0x3f,
    0x0, 0x7e, 0x1, 0xfc, 0x3, 0xf0, 0xf, 0xe0,
    0x1f, 0xc0, 0x3f, 0x0, 0xfe, 0x1, 0xfc, 0xf,
    0xe0, 0x3f, 0x81, 0xfc, 0xf, 0xe0, 0x3f, 0x81,
    0xfc, 0x7, 0xe0, 0x3f, 0x0, 0xfc, 0x7, 0xe0,
    0x3f, 0x0, 0xfc, 0x0,

    /* U+203C "‼" */
    0xff, 0x80, 0x7f, 0xdf, 0xf0, 0xf, 0xfb, 0xfe,
    0x1, 0xff, 0x7f, 0xc0, 0x3f, 0xef, 0xf8, 0x7,
    0xfd, 0xff, 0x0, 0xff, 0xbf, 0xe0, 0x1f, 0xf7,
    0xfc, 0x3, 0xfe, 0x7f, 0x80, 0x3f, 0xcf, 0xf0,
    0x7, 0xf9, 0xfe, 0x0, 0xff, 0x3f, 0xc0, 0x1f,
    0xe7, 0xf8, 0x3, 0xfc, 0xff, 0x0, 0x7f, 0x9f,
    0xe0, 0xf, 0xf3, 0xfc, 0x1, 0xfe, 0x7f, 0x80,
    0x3f, 0xcf, 0xf0, 0x7, 0xf9, 0xfe, 0x0, 0xff,
    0x3f, 0xc0, 0x1f, 0xe7, 0xf8, 0x3, 0xfc, 0xff,
    0x0, 0x7f, 0x9f, 0xe0, 0xf, 0xf3, 0xfc, 0x1,
    0xfe, 0x7f, 0x80, 0x3f, 0xcf, 0xf0, 0x7, 0xf9,
    0xfe, 0x0, 0xff, 0x3f, 0xc0, 0x1f, 0xe7, 0xf8,
    0x3, 0xfc, 0xff, 0x0, 0x7f, 0x9f, 0xe0, 0xf,
    0xf3, 0xfc, 0x1, 0xfe, 0x0, 0x0, 0x0, 0x0,
    0x0, 0x0, 0x0, 0x0, 0x0, 0x0, 0x0, 0x0,
    0x0, 0x0, 0x0, 0x0, 0x0, 0x0, 0x0, 0x0,
    0xf, 0xc0, 0x7, 0xe3, 0xfc, 0x1, 0xfe, 0xff,
    0xc0, 0x7f, 0xff, 0xf8, 0xf, 0xff, 0xff, 0x1,
    0xff, 0xff, 0xe0, 0x3f, 0xf7, 0xf8, 0x3, 0xfc,
    0x7e, 0x0, 0x3f, 0x2, 0x0, 0x1, 0x0,

    /* U+2044 "⁄" */
    0x0, 0x0, 0x2, 0x0, 0x0, 0x0, 0xf0, 0x0,
    0x0, 0x1f, 0x0, 0x0, 0x7, 0xe0, 0x0, 0x1,
    0xf8, 0x0, 0x0, 0x3f, 0x0, 0x0, 0xf, 0xc0,
    0x0, 0x1, 0xf0, 0x0, 0x0, 0x7e, 0x0, 0x0,
    0x1f, 0x80, 0x0, 0x3, 0xf0, 0x0, 0x0, 0xfc,
    0x0, 0x0, 0x3f, 0x0, 0x0, 0x7, 0xe0, 0x0,
    0x1, 0xf8, 0x0, 0x0, 0x3e, 0x0, 0x0, 0xf,
    0xc0, 0x0, 0x3, 0xf0, 0x0, 0x0, 0x7e, 0x0,
    0x0, 0x1f, 0x80, 0x0, 0x3, 0xe0, 0x0, 0x0,
    0xfc, 0x0, 0x0, 0x3f, 0x0, 0x0, 0x7, 0xe0,
    0x0, 0x1, 0xf8, 0x0, 0x0, 0x7e, 0x0, 0x0,
    0xf, 0xc0, 0x0, 0x3, 0xf0, 0x0, 0x0, 0x7c,
    0x0, 0x0, 0x1f, 0x80, 0x0, 0x7, 0xe0, 0x0,
    0x0, 0xfc, 0x0, 0x0, 0x3f, 0x0, 0x0, 0x7,
    0xc0, 0x0, 0x1, 0xf8, 0x0, 0x0, 0x7e, 0x0,
    0x0, 0x7, 0xc0, 0x0, 0x0, 0x70, 0x0, 0x0,
    0x0, 0x0, 0x0, 0x0,

    /* U+20A3 "₣" */
    0x7, 0xff, 0xff, 0xff, 0xe0, 0xff, 0xff, 0xff,
    0xfc, 0x1f, 0xff, 0xff, 0xff, 0x83, 0xff, 0xff,
    0xff, 0xf0, 0x7f, 0xff, 0xff, 0xfe, 0xf, 0xff,
    0xff, 0xff, 0xc1, 0xff, 0xff, 0xff, 0xf8, 0x3f,
    0xe0, 0x0, 0x0, 0x7, 0xfc, 0x0, 0x0, 0x0,
    0xff, 0x80, 0x0, 0x0, 0x1f, 0xf0, 0x0, 0x0,
    0x3, 0xfe, 0x0, 0x0, 0x0, 0x7f, 0xc0, 0x0,
    0x0, 0xf, 0xf8, 0x0, 0x0, 0x1, 0xff, 0x0,
    0x0, 0x0, 0x3f, 0xe0, 0x0, 0x0, 0x7, 0xfc,
    0x0, 0x0, 0x0, 0xff, 0x80, 0x0, 0x0, 0x1f,
    0xf0, 0x0, 0x0, 0x3, 0xfe, 0x0, 0x0, 0x0,
    0x7f, 0xff, 0xff, 0xf8, 0xf, 0xff, 0xff, 0xff,
    0x1, 0xff, 0xff, 0xff, 0xe0, 0x3f, 0xff, 0xff,
    0xfc, 0x7, 0xff, 0xff, 0xff, 0x80, 0xff, 0xff,
    0xff, 0xf0, 0x1f, 0xff, 0xff, 0xfe, 0x3, 0xfe,
    0x0, 0x0, 0x0, 0x7f, 0xc0, 0x0, 0x0, 0xf,
    0xf8, 0x0, 0x0, 0x1, 0xff, 0x0, 0x0, 0x0,
    0x3f, 0xe0, 0x0, 0x0, 0x7, 0xfc, 0x0, 0x0,
    0x0, 0xff, 0x80, 0x0, 0x3, 0xff, 0xff, 0xf8,
    0x0, 0x7f, 0xff, 0xff, 0x0, 0xf, 0xff, 0xff,
    0xe0, 0x1, 0xff, 0xff, 0xfc, 0x0, 0x3f, 0xff,
    0xff, 0x80, 0x0, 0x3f, 0xe0, 0x0, 0x0, 0x7,
    0xfc, 0x0, 0x0, 0x0, 0xff, 0x80, 0x0, 0x0,
    0x1f, 0xf0, 0x0, 0x0, 0x3, 0xfe, 0x0, 0x0,
    0x0, 0x7f, 0xc0, 0x0, 0x0, 0xf, 0xf8, 0x0,
    0x0, 0x0,

    /* U+20A4 "₤" */
    0x0, 0x0, 0x0, 0x0, 0x0, 0x3, 0xff, 0xc0,
    0x0, 0x7, 0xff, 0xf8, 0x0, 0x7, 0xff, 0xff,
    0x0, 0xf, 0xff, 0xff, 0xc0, 0x7, 0xff, 0xff,
    0xf0, 0x7, 0xff, 0xff, 0xf8, 0x7, 0xff, 0xff,
    0xfe, 0x3, 0xff, 0x3, 0xff, 0x1, 0xff, 0x0,
    0xff, 0xc1, 0xff, 0x80, 0x3f, 0xe0, 0xff, 0x80,
    0x1f, 0xf0, 0x7f, 0xc0, 0xf, 0xf8, 0x3f, 0xe0,
    0x0, 0x0, 0x1f, 0xf0, 0x0, 0x0, 0xf, 0xf8,
    0x0, 0x0, 0x7, 0xfc, 0x0, 0x0, 0x3, 0xfe,
    0x0, 0x0, 0x1, 0xff, 0x0, 0x0, 0x1f, 0xff,
    0xff, 0xc0, 0xf, 0xff, 0xff, 0xe0, 0x7, 0xff,
    0xff, 0xf0, 0x3, 0xff, 0xff, 0xf8, 0x1, 0xff,
    0xff, 0xfc, 0x0, 0x7, 0xfc, 0x0, 0x0, 0x3,
    0xfe, 0x0, 0x0, 0x1, 0xff, 0x0, 0x0, 0x1f,
    0xff, 0xff, 0xc0, 0xf, 0xff, 0xff, 0xe0, 0x7,
    0xff, 0xff, 0xf0, 0x3, 0xff, 0xff, 0xf8, 0x1,
    0xff, 0xff, 0xfc, 0x0, 0x7, 0xfc, 0x0, 0x0,
    0x3, 0xfe, 0x0, 0x0, 0x1, 0xff, 0x0, 0x0,
    0x0, 0xff, 0x80, 0x0, 0x0, 0x7f, 0xc0, 0x0,
    0x0, 0x3f, 0xc0, 0x0, 0x0, 0x3f, 0xe0, 0x0,
    0x0, 0x1f, 0xe0, 0x0, 0x0, 0xff, 0xff, 0xff,
    0xff, 0xff, 0xff, 0xff, 0xff, 0xff, 0xff, 0xff,
    0xff, 0xff, 0xff, 0xff, 0xff, 0xff, 0xff, 0xff,
    0xff, 0xff, 0xff, 0xff, 0xff, 0xff, 0xff, 0xff,
    0xff, 0xfe,

    /* U+20A6 "₦" */
    0x1, 0xff, 0x0, 0x0, 0x1f, 0xf0, 0x0, 0x3f,
    0xf0, 0x0, 0x3, 0xfe, 0x0, 0x7, 0xff, 0x0,
    0x0, 0x7f, 0xc0, 0x0, 0xff, 0xe0, 0x0, 0xf,
    0xf8, 0x0, 0x1f, 0xfe, 0x0, 0x1, 0xff, 0x0,
    0x3, 0xff, 0xc0, 0x0, 0x3f, 0xe0, 0x0, 0x7f,
    0xfc, 0x0, 0x7, 0xfc, 0x0, 0xf, 0xff, 0xc0,
    0x0, 0xff, 0x80, 0x1, 0xff, 0xf8, 0x0, 0x1f,
    0xf0, 0x0, 0x3f, 0xff, 0x80, 0x3, 0xfe, 0x0,
    0x7, 0xff, 0xf0, 0x0, 0x7f, 0xc0, 0x0, 0xff,
    0xff, 0x0, 0xf, 0xf8, 0x0, 0x1f, 0xff, 0xf0,
    0x1, 0xff, 0x0, 0x3, 0xff, 0xfe, 0x0, 0x3f,
    0xe0, 0x0, 0x7f, 0xff, 0xe0, 0x7, 0xfc, 0x7,
    0xff, 0xff, 0xff, 0xff, 0xff, 0xff, 0xff, 0xff,
    0xff, 0xff, 0xff, 0xff, 0xff, 0xff, 0xff, 0xff,
    0xff, 0xff, 0xff, 0xff, 0xff, 0xff, 0xff, 0xff,
    0xff, 0xff, 0xff, 0xff, 0xff, 0xff, 0xff, 0xf0,
    0x1f, 0xf1, 0xff, 0x81, 0xff, 0x0, 0x3, 0xfe,
    0x1f, 0xf0, 0x3f, 0xe0, 0x0, 0x7f, 0xc3, 0xff,
    0x7, 0xfc, 0x0, 0xf, 0xf8, 0x3f, 0xe0, 0xff,
    0x80, 0x1, 0xff, 0x3, 0xfe, 0x1f, 0xf0, 0x1f,
    0xff, 0xff, 0xff, 0xff, 0xff, 0xff, 0xff, 0xff,
    0xff, 0xff, 0xff, 0xff, 0xff, 0xff, 0xff, 0xff,
    0xff, 0xff, 0xff, 0xff, 0xff, 0xff, 0xff, 0xff,
    0xff, 0xff, 0xff, 0xff, 0xff, 0xff, 0xff, 0xc0,
    0x7f, 0xc0, 0x1f, 0xff, 0xfc, 0x0, 0xf, 0xf8,
    0x1, 0xff, 0xff, 0x80, 0x1, 0xff, 0x0, 0x1f,
    0xff, 0xf0, 0x0, 0x3f, 0xe0, 0x3, 0xff, 0xfe,
    0x0, 0x7, 0xfc, 0x0, 0x3f, 0xff, 0xc0, 0x0,
    0xff, 0x80, 0x3, 0xff, 0xf8, 0x0, 0x1f, 0xf0,
    0x0, 0x7f, 0xff, 0x0, 0x3, 0xfe, 0x0, 0x7,
    0xff, 0xe0, 0x0, 0x7f, 0xc0, 0x0, 0xff, 0xfc,
    0x0, 0xf, 0xf8, 0x0, 0xf, 0xff, 0x80, 0x1,
    0xff, 0x0, 0x0, 0xff, 0xf0, 0x0, 0x3f, 0xe0,
    0x0, 0x1f, 0xfe, 0x0, 0x7, 0xfc, 0x0, 0x1,
    0xff, 0xc0, 0x0, 0xff, 0x80, 0x0, 0x3f, 0xf8,
    0x0, 0x1f, 0xf0, 0x0, 0x3, 0xff, 0x0, 0x3,
    0xfe, 0x0, 0x0, 0x3f, 0xe0, 0x0,

    /* U+20A7 "₧" */
    0xff, 0xff, 0xc0, 0x0, 0x0, 0x1, 0xff, 0xff,
    0xf0, 0x0, 0x0, 0x3, 0xff, 0xff, 0xf8, 0x0,
    0x0, 0x7, 0xff, 0xff, 0xf8, 0x7, 0xfc, 0xf,
    0xff, 0xff, 0xf8, 0xf, 0xf8, 0x1f, 0xff, 0xff,
    0xf8, 0x1f, 0xf0, 0x3f, 0xff, 0xff, 0xf8, 0x3f,
    0xe0, 0x7f, 0xc0, 0xff, 0xf0, 0x7f, 0xc0, 0xff,
    0x80, 0x7f, 0xf0, 0xff, 0x81, 0xff, 0x0, 0x7f,
    0xe1, 0xff, 0x3, 0xfe, 0x0, 0x7f, 0xe3, 0xfe,
    0x7, 0xfc, 0x0, 0xff, 0xc7, 0xfc, 0xf, 0xf8,
    0x1, 0xff, 0xff, 0xff, 0xff, 0xf0, 0x3, 0xff,
    0xff, 0xff, 0xff, 0xe0, 0x3, 0xff, 0xff, 0xff,
    0xff, 0xc0, 0xf, 0xff, 0xff, 0xff, 0xff, 0x80,
    0x1f, 0xff, 0xff, 0xff, 0xff, 0x0, 0x3f, 0xff,
    0xff, 0xff, 0xfe, 0x0, 0x7f, 0xff, 0xff, 0xff,
    0xfc, 0x1, 0xff, 0x87, 0xfc, 0xf, 0xf8, 0x7,
    0xff, 0xf, 0xf8, 0x1f, 0xf0, 0x3f, 0xfc, 0x1f,
    0xf0, 0x3f, 0xff, 0xff, 0xf8, 0x3f, 0xe0, 0x7f,
    0xff, 0xff, 0xe0, 0x7f, 0xc0, 0xff, 0xff, 0xff,
    0x80, 0xff, 0x81, 0xff, 0xff, 0xfe, 0x1, 0xff,
    0x3, 0xff, 0xff, 0xf8, 0x3, 0xfe, 0x7, 0xff,
    0xff, 0xc0, 0x7, 0xfc, 0xf, 0xff, 0xf8, 0x0,
    0xf, 0xf8, 0x1f, 0xf0, 0x0, 0x0, 0x1f, 0xf0,
    0x3f, 0xe0, 0x0, 0x0, 0x3f, 0xe0, 0x7f, 0xc0,
    0x0, 0x0, 0x7f, 0xc0, 0xff, 0x80, 0x0, 0x0,
    0xff, 0x81, 0xff, 0x0, 0x0, 0x1, 0xff, 0x3,
    0xfe, 0x0, 0x0, 0x3, 0xfe, 0x7, 0xfc, 0x0,
    0x0, 0x7, 0xfc, 0xf, 0xf8, 0x0, 0x0, 0xf,
    0xf8, 0x1f, 0xf0, 0x0, 0x0, 0x1f, 0xf0, 0x3f,
    0xe0, 0x0, 0x0, 0x3f, 0xf0, 0x7f, 0xc0, 0x0,
    0x0, 0x7f, 0xff, 0xff, 0x80, 0x0, 0x0, 0xff,
    0xff, 0xff, 0x0, 0x0, 0x0, 0xff, 0xff, 0xfe,
    0x0, 0x0, 0x1, 0xff, 0xff, 0xfc, 0x0, 0x0,
    0x1, 0xff, 0xff, 0xf8, 0x0, 0x0, 0x1, 0xff,
    0xff, 0xf0, 0x0, 0x0, 0x0, 0xff, 0xc0, 0x0,
    0x0, 0x0, 0x0, 0x18, 0x0,

    /* U+20A8 "₨" */
    0xff, 0xff, 0xfe, 0x0, 0x0, 0x0, 0x0, 0x1,
    0xff, 0xff, 0xff, 0x80, 0x0, 0x0, 0x0, 0x3,
    0xff, 0xff, 0xff, 0xc0, 0x0, 0x0, 0x0, 0x7,
    0xff, 0xff, 0xff, 0xc0, 0x0, 0x0, 0x0, 0xf,
    0xff, 0xff, 0xff, 0xe0, 0x0, 0x0, 0x0, 0x1f,
    0xff, 0xff, 0xff, 0xc0, 0x0, 0x0, 0x0, 0x3f,
    0xff, 0xff, 0xff, 0xc0, 0x0, 0x0, 0x0, 0x7f,
    0xc0, 0x7, 0xff, 0xc0, 0x0, 0x0, 0x0, 0xff,
    0x80, 0x3, 0xff, 0x80, 0x0, 0x0, 0x1, 0xff,
    0x0, 0x3, 0xff, 0x0, 0x0, 0x0, 0x3, 0xfe,
    0x0, 0x3, 0xff, 0x0, 0x0, 0x0, 0x7, 0xfc,
    0x0, 0x3, 0xfe, 0x0, 0x0, 0x0, 0xf, 0xf8,
    0x0, 0x7, 0xfc, 0x3, 0xff, 0xe0, 0x1f, 0xf0,
    0x0, 0xf, 0xf8, 0x1f, 0xff, 0xf0, 0x3f, 0xe0,
    0x0, 0x1f, 0xf0, 0x7f, 0xff, 0xf8, 0x7f, 0xc0,
    0x0, 0x3f, 0xe1, 0xff, 0xff, 0xf8, 0xff, 0x80,
    0x0, 0x7f, 0xc7, 0xff, 0xff, 0xf9, 0xff, 0x0,
    0x0, 0xff, 0x9f, 0xff, 0xff, 0xfb, 0xfe, 0x0,
    0x3, 0xfe, 0x3f, 0xff, 0xff, 0xf7, 0xfc, 0x0,
    0xf, 0xfc, 0xff, 0xc0, 0x3f, 0xff, 0xf8, 0x0,
    0x3f, 0xf9, 0xff, 0x80, 0x7f, 0xff, 0xf0, 0x0,
    0xff, 0xe3, 0xfe, 0x0, 0x7f, 0xff, 0xff, 0xff,
    0xff, 0x87, 0xfc, 0x0, 0xff, 0xff, 0xff, 0xff,
    0xff, 0xf, 0xf8, 0x0, 0x0, 0xff, 0xff, 0xff,
    0xfc, 0x1f, 0xf8, 0x0, 0x1, 0xff, 0xff, 0xff,
    0xe0, 0x1f, 0xfc, 0x0, 0x3, 0xff, 0xff, 0xff,
    0x0, 0x1f, 0xff, 0x80, 0x7, 0xff, 0xff, 0xfe,
    0x0, 0x1f, 0xff, 0xf0, 0xf, 0xff, 0xff, 0xfe,
    0x0, 0x1f, 0xff, 0xfc, 0x1f, 0xf0, 0xf, 0xfc,
    0x0, 0xf, 0xff, 0xfc, 0x3f, 0xe0, 0xf, 0xfc,
    0x0, 0x7, 0xff, 0xfe, 0x7f, 0xc0, 0x1f, 0xf8,
    0x0, 0x0, 0xff, 0xfc, 0xff, 0x80, 0x1f, 0xf8,
    0x0, 0x0, 0x1f, 0xfd, 0xff, 0x0, 0x3f, 0xf0,
    0x0, 0x0, 0xf, 0xff, 0xfe, 0x0, 0x3f, 0xf0,
    0x0, 0x0, 0xf, 0xff, 0xfc, 0x0, 0x7f, 0xe1,
    0xff, 0x0, 0x1f, 0xff, 0xf8, 0x0, 0x7f, 0xe3,
    0xfe, 0x0, 0x3f, 0xff, 0xf0, 0x0, 0xff, 0xc7,
    0xfe, 0x0, 0x7f, 0xff, 0xe0, 0x0, 0xff, 0xc7,
    0xfe, 0x1, 0xff, 0xff, 0xc0, 0x1, 0xff, 0x8f,
    0xff, 0xff, 0xfe, 0xff, 0x80, 0x1, 0xff, 0x8f,
    0xff, 0xff, 0xfd, 0xff, 0x0, 0x1, 0xff, 0x1f,
    0xff, 0xff, 0xf3, 0xfe, 0x0, 0x3, 0xff, 0x1f,
    0xff, 0xff, 0xe7, 0xfc, 0x0, 0x3, 0xfe, 0xf,
    0xff, 0xff, 0xf, 0xf8, 0x0, 0x7, 0xfc, 0xf,
    0xff, 0xfc, 0x1f, 0xf0, 0x0, 0x7, 0xfc, 0x7,
    0xff, 0xc0, 0x0, 0x0, 0x0, 0x0, 0x0, 0x0,
    0x30, 0x0, 0x0,

    /* U+20A9 "₩" */
    0x1f, 0xf0, 0xf, 0xf8, 0x7, 0xfe, 0x7, 0xfc,
    0x3, 0xfe, 0x1, 0xff, 0x81, 0xff, 0x0, 0xff,
    0x80, 0x7f, 0xe0, 0x7f, 0xc0, 0x3f, 0xe0, 0x1f,
    0xf0, 0x1f, 0xf0, 0xf, 0xf8, 0x7, 0xfc, 0x7,
    0xfc, 0x3, 0xfe, 0x1, 0xff, 0x0, 0xff, 0x1,
    0xff, 0x80, 0x7f, 0xc0, 0x3f, 0xe0, 0x7f, 0xf0,
    0x3f, 0xf0, 0xf, 0xf8, 0x1f, 0xfc, 0xf, 0xfc,
    0x3, 0xfe, 0x7, 0xff, 0x3, 0xfe, 0xf, 0xff,
    0xff, 0xff, 0xff, 0xff, 0xff, 0xff, 0xff, 0xff,
    0xff, 0xff, 0xff, 0xff, 0xff, 0xff, 0xff, 0xff,
    0xff, 0xff, 0xff, 0xff, 0xff, 0xff, 0xff, 0xff,
    0xff, 0xff, 0xff, 0xff, 0xff, 0xfc, 0x1f, 0xf0,
    0xff, 0xf8, 0x7f, 0xc0, 0x3, 0xfc, 0x3f, 0xfe,
    0x1f, 0xf0, 0x0, 0xff, 0xf, 0xff, 0x87, 0xfc,
    0x0, 0x3f, 0xc3, 0xff, 0xe1, 0xff, 0x3, 0xff,
    0xff, 0xff, 0xff, 0xff, 0xff, 0xff, 0xff, 0xff,
    0xff, 0xff, 0xff, 0xff, 0xff, 0xff, 0xff, 0xff,
    0xff, 0xff, 0xff, 0xff, 0xff, 0xff, 0xff, 0xff,
    0xff, 0xff, 0xff, 0xff, 0xff, 0xff, 0x1, 0xfe,
    0x7f, 0x7f, 0x3f, 0xc0, 0x0, 0x7f, 0x9f, 0xdf,
    0xcf, 0xf0, 0x0, 0x1f, 0xe7, 0xf7, 0xf3, 0xfc,
    0x0, 0x3, 0xf9, 0xfd, 0xfc, 0xff, 0x0, 0x0,
    0xff, 0xfe, 0x3f, 0xff, 0xc0, 0x0, 0x3f, 0xff,
    0x8f, 0xff, 0xe0, 0x0, 0xf, 0xff, 0xe3, 0xff,
    0xf8, 0x0, 0x3, 0xff, 0xf8, 0xff, 0xfe, 0x0,
    0x0, 0x7f, 0xfe, 0x3f, 0xff, 0x80, 0x0, 0x1f,
    0xff, 0x8f, 0xff, 0xe0, 0x0, 0x7, 0xff, 0xc1,
    0xff, 0xf0, 0x0, 0x1, 0xff, 0xf0, 0x7f, 0xfc,
    0x0, 0x0, 0x7f, 0xfc, 0x1f, 0xff, 0x0, 0x0,
    0xf, 0xff, 0x7, 0xff, 0xc0, 0x0, 0x3, 0xff,
    0xc1, 0xff, 0xf0, 0x0, 0x0, 0xff, 0xf0, 0x7f,
    0xf8, 0x0, 0x0, 0x3f, 0xf8, 0x1f, 0xfe, 0x0,
    0x0, 0xf, 0xfe, 0x3, 0xff, 0x80, 0x0, 0x3,
    0xff, 0x80, 0xff, 0xe0, 0x0, 0x0, 0x7f, 0xe0,
    0x3f, 0xf8, 0x0, 0x0, 0x1f, 0xf8, 0xf, 0xfc,
    0x0, 0x0, 0x7, 0xfe, 0x3, 0xff, 0x0, 0x0,

    /* U+20AA "₪" */
    0xff, 0xff, 0xff, 0xf0, 0x0, 0xff, 0xff, 0xff,
    0xff, 0xfe, 0x0, 0x7f, 0xff, 0xff, 0xff, 0xff,
    0xc0, 0x3f, 0xff, 0xff, 0xff, 0xff, 0xf0, 0x1f,
    0xff, 0xff, 0xff, 0xff, 0xf8, 0xf, 0xff, 0xff,
    0xff, 0xff, 0xfe, 0x7, 0xff, 0xff, 0xff, 0xff,
    0xff, 0x3, 0xff, 0xff, 0x0, 0x3, 0xff, 0x81,
    0xff, 0xff, 0x80, 0x0, 0x7f, 0xe0, 0xff, 0xff,
    0xc0, 0x0, 0x3f, 0xf0, 0x7f, 0xff, 0xe0, 0x0,
    0xf, 0xf8, 0x3f, 0xff, 0xf0, 0xff, 0x87, 0xfc,
    0x1f, 0xff, 0xf8, 0x7f, 0xc3, 0xfe, 0xf, 0xff,
    0xfc, 0x3f, 0xe1, 0xff, 0x7, 0xff, 0xfe, 0x1f,
    0xf0, 0xff, 0x83, 0xff, 0xff, 0xf, 0xf8, 0x7f,
    0xc1, 0xff, 0xff, 0x87, 0xfc, 0x3f, 0xe0, 0xff,
    0xff, 0xc3, 0xfe, 0x1f, 0xf0, 0x7f, 0xff, 0xe1,
    0xff, 0xf, 0xf8, 0x3f, 0xff, 0xf0, 0xff, 0x87,
    0xfc, 0x1f, 0xff, 0xf8, 0x7f, 0xc3, 0xfe, 0xf,
    0xff, 0xfc, 0x3f, 0xe1, 0xff, 0x7, 0xff, 0xfe,
    0x1f, 0xf0, 0xff, 0x83, 0xff, 0xff, 0xf, 0xf8,
    0x0, 0x1, 0xff, 0xff, 0x87, 0xfc, 0x0, 0x1,
    0xff, 0xff, 0xc3, 0xfe, 0x0, 0x0, 0xff, 0xbf,
    0xe1, 0xff, 0x0, 0x1, 0xff, 0xdf, 0xf0, 0xff,
    0xff, 0xff, 0xff, 0xcf, 0xf8, 0x7f, 0xff, 0xff,
    0xff, 0xc7, 0xfc, 0x3f, 0xff, 0xff, 0xff, 0xc3,
    0xfe, 0x1f, 0xff, 0xff, 0xff, 0xc1, 0xff, 0xf,
    0xff, 0xff, 0xff, 0x80, 0xff, 0x87, 0xff, 0xff,
    0xff, 0x0, 0x7f, 0xc3, 0xff, 0xff, 0xf8, 0x0,
    0x0,

    /* U+20AB "₫" */
    0x0, 0x0, 0x7, 0xfc, 0x0, 0x0, 0x0, 0x7f,
    0xc0, 0x0, 0x0, 0x7, 0xfc, 0x0, 0x0, 0x0,
    0x7f, 0xc0, 0x0, 0x7, 0xff, 0xff, 0xf0, 0x0,
    0x7f, 0xff, 0xff, 0x0, 0x7, 0xff, 0xff, 0xf0,
    0x0, 0x7f, 0xff, 0xff, 0x0, 0x7, 0xff, 0xff,
    0xf0, 0x0, 0x0, 0x7f, 0xc0, 0x0, 0x0, 0x7,
    0xfc, 0x0, 0x0, 0x0, 0x7f, 0xc0, 0x0, 0x0,
    0x7, 0xfc, 0x0, 0x0, 0x0, 0x7f, 0xc0, 0x0,
    0xff, 0xc7, 0xfc, 0x0, 0x3f, 0xfe, 0x7f, 0xc0,
    0x7, 0xff, 0xf7, 0xfc, 0x0, 0xff, 0xff, 0xff,
    0xc0, 0x1f, 0xff, 0xff, 0xfc, 0x1, 0xff, 0xff,
    0xff, 0xc0, 0x3f, 0xff, 0xff, 0xfc, 0x3, 0xff,
    0x1, 0xff, 0xc0, 0x7f, 0xe0, 0xf, 0xfc, 0x7,
    0xfc, 0x0, 0x7f, 0xc0, 0x7f, 0xc0, 0x7, 0xfc,
    0xf, 0xfc, 0x0, 0x7f, 0xc0, 0xff, 0x80, 0x7,
    0xfc, 0xf, 0xf8, 0x0, 0x7f, 0xc0, 0xff, 0x80,
    0x7, 0xfc, 0xf, 0xf8, 0x0, 0x7f, 0xc0, 0xff,
    0x80, 0x7, 0xfc, 0xf, 0xf8, 0x0, 0x7f, 0xc0,
    0xff, 0x80, 0x7, 0xfc, 0xf, 0xf8, 0x0, 0x7f,
    0xc0, 0xff, 0x80, 0x7, 0xfc, 0xf, 0xf8, 0x0,
    0x7f, 0xc0, 0xff, 0xc0, 0x7, 0xfc, 0x7, 0xfc,
    0x0, 0x7f, 0xc0, 0x7f, 0xc0, 0x7, 0xfc, 0x7,
    0xfe, 0x0, 0xff, 0xc0, 0x3f, 0xf0, 0x1f, 0xfc,
    0x3, 0xff, 0xff, 0xff, 0xc0, 0x1f, 0xff, 0xff,
    0xfc, 0x1, 0xff, 0xff, 0xff, 0xc0, 0xf, 0xff,
    0xff, 0xfc, 0x0, 0x7f, 0xff, 0x3f, 0xc0, 0x3,
    0xff, 0xe3, 0xfc, 0x0, 0xf, 0xfc, 0x3f, 0xc0,
    0x0, 0x8, 0x0, 0x0, 0x0, 0x0, 0x0, 0x0,
    0x0, 0x0, 0x0, 0x0, 0x0, 0x0, 0x0, 0x0,
    0x0, 0x0, 0x1f, 0xff, 0xff, 0xfe, 0x1, 0xff,
    0xff, 0xff, 0xe0, 0x1f, 0xff, 0xff, 0xfe, 0x1,
    0xff, 0xff, 0xff, 0xe0, 0x1f, 0xff, 0xff, 0xfe,
    0x1, 0xff, 0xff, 0xff, 0xe0, 0x1f, 0xff, 0xff,
    0xfe, 0x0,

    /* U+20AC "€" */
    0x0, 0x0, 0x0, 0x0, 0x0, 0x0, 0x3f, 0xff,
    0x0, 0x1, 0xff, 0xff, 0x0, 0x7, 0xff, 0xff,
    0x0, 0xf, 0xff, 0xff, 0x0, 0x1f, 0xff, 0xff,
    0x0, 0x3f, 0xff, 0xfe, 0x0, 0x7f, 0xff, 0xfe,
    0x0, 0x7f, 0xf0, 0x0, 0x0, 0xff, 0xc0, 0x0,
    0x0, 0xff, 0x80, 0x0, 0x1, 0xff, 0x80, 0x0,
    0x1, 0xff, 0x0, 0x0, 0x1, 0xff, 0x0, 0x0,
    0x3, 0xfe, 0x0, 0x0, 0x3, 0xfe, 0x0, 0x0,
    0x3, 0xfe, 0x0, 0x0, 0xff, 0xff, 0xff, 0xc0,
    0xff, 0xff, 0xff, 0xc0, 0xff, 0xff, 0xff, 0xc0,
    0xff, 0xff, 0xff, 0xc0, 0x3, 0xfe, 0x0, 0x0,
    0x3, 0xfe, 0x0, 0x0, 0x3, 0xfe, 0x0, 0x0,
    0x3, 0xfe, 0x0, 0x0, 0x3, 0xfe, 0x0, 0x0,
    0xff, 0xff, 0xff, 0xc0, 0xff, 0xff, 0xff, 0xc0,
    0xff, 0xff, 0xff, 0xc0, 0xff, 0xff, 0xff, 0xc0,
    0x3, 0xfe, 0x0, 0x0, 0x3, 0xfe, 0x0, 0x0,
    0x3, 0xfe, 0x0, 0x0, 0x3, 0xfe, 0x0, 0x0,
    0x3, 0xff, 0x0, 0x0, 0x1, 0xff, 0x0, 0x0,
    0x1, 0xff, 0x0, 0x0, 0x1, 0xff, 0x80, 0x0,
    0x0, 0xff, 0xc0, 0x0, 0x0, 0xff, 0xf0, 0x0,
    0x0, 0x7f, 0xff, 0xfe, 0x0, 0x3f, 0xff, 0xfe,
    0x0, 0x1f, 0xff, 0xff, 0x0, 0xf, 0xff, 0xff,
    0x0, 0x7, 0xff, 0xff, 0x0, 0x1, 0xff, 0xff,
    0x0, 0x0, 0x7f, 0xff, 0x0, 0x0, 0x1, 0xc0,

    /* U+20B1 "₱" */
    0x7, 0xff, 0xff, 0xf0, 0x0, 0x0, 0x3f, 0xff,
    0xff, 0xf0, 0x0, 0x1, 0xff, 0xff, 0xff, 0xe0,
    0x0, 0xf, 0xff, 0xff, 0xff, 0xc0, 0x0, 0x7f,
    0xff, 0xff, 0xff, 0x0, 0x3, 0xff, 0xff, 0xff,
    0xfc, 0x0, 0x1f, 0xff, 0xff, 0xff, 0xf0, 0x0,
    0xff, 0x80, 0x7, 0xff, 0x80, 0x7, 0xfc, 0x0,
    0xf, 0xfe, 0x7, 0xff, 0xff, 0xff, 0xff, 0xff,
    0xff, 0xff, 0xff, 0xff, 0xff, 0xff, 0xff, 0xff,
    0xff, 0xff, 0xff, 0xff, 0xff, 0xff, 0xff, 0xff,
    0xff, 0xff, 0xff, 0xff, 0xff, 0xff, 0xfc, 0x1f,
    0xf0, 0x0, 0x7, 0xfc, 0x0, 0xff, 0x80, 0x0,
    0x3f, 0xe0, 0xff, 0xff, 0xff, 0xff, 0xff, 0xff,
    0xff, 0xff, 0xff, 0xff, 0xff, 0xff, 0xff, 0xff,
    0xff, 0xff, 0xff, 0xff, 0xff, 0xff, 0xff, 0xff,
    0xff, 0xff, 0xff, 0xff, 0xff, 0xff, 0x83, 0xfe,
    0x0, 0xf, 0xfe, 0x0, 0x1f, 0xff, 0xff, 0xff,
    0xf0, 0x0, 0xff, 0xff, 0xff, 0xff, 0x0, 0x7,
    0xff, 0xff, 0xff, 0xf0, 0x0, 0x3f, 0xff, 0xff,
    0xff, 0x0, 0x1, 0xff, 0xff, 0xff, 0xe0, 0x0,
    0xf, 0xff, 0xff, 0xfc, 0x0, 0x0, 0x7f, 0xff,
    0xff, 0x0, 0x0, 0x3, 0xfe, 0x0, 0x0, 0x0,
    0x0, 0x1f, 0xf0, 0x0, 0x0, 0x0, 0x0, 0xff,
    0x80, 0x0, 0x0, 0x0, 0x7, 0xfc, 0x0, 0x0,
    0x0, 0x0, 0x3f, 0xe0, 0x0, 0x0, 0x0, 0x1,
    0xff, 0x0, 0x0, 0x0, 0x0, 0xf, 0xf8, 0x0,
    0x0, 0x0, 0x0, 0x7f, 0xc0, 0x0, 0x0, 0x0,
    0x3, 0xfe, 0x0, 0x0, 0x0, 0x0, 0x1f, 0xf0,
    0x0, 0x0, 0x0, 0x0, 0xff, 0x80, 0x0, 0x0,
    0x0, 0x7, 0xfc, 0x0, 0x0, 0x0, 0x0, 0x3f,
    0xe0, 0x0, 0x0, 0x0, 0x1, 0xff, 0x0, 0x0,
    0x0, 0x0, 0xf, 0xf8, 0x0, 0x0, 0x0, 0x0,
    0x7f, 0xc0, 0x0, 0x0, 0x0, 0x3, 0xfe, 0x0,
    0x0, 0x0, 0x0,

    /* U+20B9 "₹" */
    0x3f, 0xff, 0xff, 0xfe, 0x7f, 0xff, 0xff, 0xfc,
    0xff, 0xff, 0xff, 0xfb, 0xff, 0xff, 0xff, 0xf7,
    0xff, 0xff, 0xff, 0xcf, 0xff, 0xff, 0xff, 0x9f,
    0xff, 0xff, 0xff, 0x7f, 0xff, 0xff, 0x80, 0x0,
    0xf, 0xff, 0x0, 0x0, 0x7, 0xff, 0x0, 0x0,
    0x7, 0xfe, 0x0, 0x0, 0xf, 0xfc, 0x3, 0xff,
    0xff, 0xff, 0xef, 0xff, 0xff, 0xff, 0xdf, 0xff,
    0xff, 0xff, 0xbf, 0xff, 0xff, 0xfe, 0x7f, 0xff,
    0xff, 0xfd, 0xff, 0xff, 0xff, 0xf8, 0x0, 0x7,
    0xfe, 0x0, 0x0, 0xf, 0xfc, 0x0, 0x0, 0x3f,
    0xf0, 0x0, 0x0, 0xff, 0xe0, 0x0, 0x7, 0xff,
    0xc0, 0x3f, 0xff, 0xff, 0x0, 0x7f, 0xff, 0xfc,
    0x0, 0xff, 0xff, 0xf0, 0x1, 0xff, 0xff, 0xc0,
    0x3, 0xff, 0xfe, 0x0, 0x7, 0xff, 0xf0, 0x0,
    0x7, 0xff, 0x0, 0x0, 0x7, 0xff, 0x0, 0x0,
    0x7, 0xff, 0x0, 0x0, 0x7, 0xff, 0x0, 0x0,
    0x7, 0xff, 0x0, 0x0, 0x7, 0xfe, 0x0, 0x0,
    0xf, 0xfe, 0x0, 0x0, 0xf, 0xfe, 0x0, 0x0,
    0xf, 0xfe, 0x0, 0x0, 0xf, 0xfe, 0x0, 0x0,
    0xf, 0xfc, 0x0, 0x0, 0xf, 0xfc, 0x0, 0x0,
    0x1f, 0xfc, 0x0, 0x0, 0x1f, 0xfc, 0x0, 0x0,
    0x1f, 0xfc, 0x0, 0x0, 0x1f, 0xfc, 0x0, 0x0,
    0x1f, 0xf8, 0x0,

    /* U+20BA "₺" */
    0x3, 0xfe, 0x0, 0x0, 0x0, 0xff, 0x80, 0x0,
    0x0, 0x3f, 0xe0, 0x0, 0x0, 0xf, 0xf8, 0x0,
    0x0, 0x3, 0xfe, 0x8, 0x0, 0x0, 0xff, 0x9e,
    0x0, 0x0, 0x3f, 0xff, 0x80, 0x0, 0xf, 0xff,
    0xe0, 0x0, 0x3, 0xff, 0xf8, 0x0, 0x0, 0xff,
    0xfe, 0x0, 0x1, 0xff, 0xff, 0x80, 0x3, 0xff,
    0xff, 0x80, 0x0, 0xff, 0xff, 0x0, 0x0, 0x3f,
    0xff, 0x80, 0x0, 0xf, 0xff, 0xe0, 0x0, 0x3,
    0xff, 0xf8, 0x60, 0x0, 0xfb, 0xfe, 0xf8, 0x0,
    0x30, 0xff, 0xfe, 0x0, 0x0, 0x3f, 0xff, 0x80,
    0x0, 0xf, 0xff, 0xe0, 0x0, 0xf, 0xff, 0xf8,
    0x0, 0xf, 0xff, 0xfc, 0x0, 0xf, 0xff, 0xf8,
    0x7, 0xff, 0xff, 0xf8, 0x1, 0xff, 0xff, 0xfe,
    0x0, 0x7f, 0xff, 0xff, 0x80, 0x1f, 0xff, 0xff,
    0xe0, 0x7, 0xff, 0x8f, 0xf8, 0x1, 0xff, 0x3,
    0xfe, 0x0, 0x7f, 0xc0, 0xff, 0x80, 0x1f, 0xf0,
    0x3f, 0xe0, 0xf, 0xf8, 0xf, 0xf8, 0x3, 0xfe,
    0x3, 0xfe, 0x0, 0xff, 0x80, 0xff, 0x80, 0x7f,
    0xe0, 0x3f, 0xe0, 0x1f, 0xf0, 0xf, 0xf8, 0xf,
    0xfc, 0x3, 0xfe, 0x3, 0xfe, 0x0, 0xff, 0x81,
    0xff, 0x80, 0x3f, 0xe1, 0xff, 0xc0, 0xf, 0xff,
    0xff, 0xf0, 0x3, 0xff, 0xff, 0xf8, 0x0, 0xff,
    0xff, 0xfc, 0x0, 0x3f, 0xff, 0xfe, 0x0, 0xf,
    0xff, 0xfe, 0x0, 0x3, 0xff, 0xff, 0x0, 0x0,
    0xff, 0xfe, 0x0, 0x0, 0x0, 0x70, 0x0, 0x0,

    /* U+20BC "₼" */
    0x0, 0x1, 0xff, 0x0, 0x0, 0x0, 0x3, 0xfe,
    0x0, 0x0, 0x0, 0x7, 0xfc, 0x0, 0x0, 0x0,
    0xf, 0xf8, 0x0, 0x0, 0x0, 0x1f, 0xf0, 0x0,
    0x0, 0x0, 0x3f, 0xe0, 0x0, 0x0, 0x0, 0x7f,
    0xc0, 0x0, 0x0, 0x7, 0xff, 0xf0, 0x0, 0x0,
    0x3f, 0xff, 0xf8, 0x0, 0x1, 0xff, 0xff, 0xfc,
    0x0, 0x7, 0xff, 0xff, 0xfc, 0x0, 0x1f, 0xff,
    0xff, 0xfc, 0x0, 0x7f, 0xff, 0xff, 0xfc, 0x1,
    0xff, 0xff, 0xff, 0xfc, 0x3, 0xff, 0x7f, 0xdf,
    0xf8, 0xf, 0xfc, 0xff, 0x9f, 0xf8, 0x1f, 0xf1,
    0xff, 0x1f, 0xf0, 0x7f, 0xe3, 0xfe, 0x3f, 0xf0,
    0xff, 0x87, 0xfc, 0x3f, 0xe3, 0xfe, 0xf, 0xf8,
    0x7f, 0xe7, 0xfc, 0x1f, 0xf0, 0x7f, 0xcf, 0xf8,
    0x3f, 0xe0, 0xff, 0x9f, 0xf0, 0x7f, 0xc1, 0xff,
    0x7f, 0xc0, 0xff, 0x81, 0xff, 0xff, 0x81, 0xff,
    0x3, 0xff, 0xff, 0x3, 0xfe, 0x7, 0xff, 0xfe,
    0x7, 0xfc, 0xf, 0xff, 0xfc, 0xf, 0xf8, 0x1f,
    0xff, 0xf8, 0x1f, 0xf0, 0x3f, 0xff, 0xf0, 0x3f,
    0xe0, 0x7f, 0xff, 0xe0, 0x7f, 0xc0, 0xff, 0xff,
    0xc0, 0xff, 0x81, 0xff, 0xff, 0x81, 0xff, 0x3,
    0xff, 0xff, 0x3, 0xfe, 0x7, 0xfc,

    /* U+20BD "₽" */
    0x1, 0xff, 0xff, 0xfc, 0x0, 0x0, 0x7f, 0xff,
    0xff, 0xe0, 0x0, 0x1f, 0xff, 0xff, 0xfe, 0x0,
    0x7, 0xff, 0xff, 0xff, 0xe0, 0x1, 0xff, 0xff,
    0xff, 0xfc, 0x0, 0x7f, 0xff, 0xff, 0xff, 0x80,
    0x1f, 0xff, 0xff, 0xff, 0xf0, 0x7, 0xfc, 0x0,
    0x3f, 0xfc, 0x1, 0xff, 0x0, 0x3, 0xff, 0x80,
    0x7f, 0xc0, 0x0, 0x7f, 0xe0, 0x1f, 0xf0, 0x0,
    0xf, 0xf8, 0x7, 0xfc, 0x0, 0x3, 0xff, 0x1,
    0xff, 0x0, 0x0, 0x7f, 0xc0, 0x7f, 0xc0, 0x0,
    0x1f, 0xf0, 0x1f, 0xf0, 0x0, 0x7, 0xfc, 0x7,
    0xfc, 0x0, 0x1, 0xff, 0x1, 0xff, 0x0, 0x0,
    0x7f, 0xc0, 0x7f, 0xc0, 0x0, 0x1f, 0xf0, 0x1f,
    0xf0, 0x0, 0xf, 0xfc, 0x7, 0xfc, 0x0, 0x3,
    0xfe, 0x1, 0xff, 0x0, 0x1, 0xff, 0x80, 0x7f,
    0xc0, 0x1, 0xff, 0xcf, 0xff, 0xff, 0xff, 0xff,
    0xf3, 0xff, 0xff, 0xff, 0xff, 0xf8, 0xff, 0xff,
    0xff, 0xff, 0xfc, 0x3f, 0xff, 0xff, 0xff, 0xfe,
    0xf, 0xff, 0xff, 0xff, 0xfe, 0x3, 0xff, 0xff,
    0xff, 0xfe, 0x0, 0xff, 0xff, 0xff, 0xfc, 0x0,
    0x0, 0x7f, 0xc0, 0x0, 0x0, 0x0, 0x1f, 0xf0,
    0x0, 0x0, 0x0, 0x7, 0xfc, 0x0, 0x0, 0x0,
    0xff, 0xff, 0xff, 0xe0, 0x0, 0x3f, 0xff, 0xff,
    0xf8, 0x0, 0xf, 0xff, 0xff, 0xfe, 0x0, 0x3,
    0xff, 0xff, 0xff, 0x80, 0x0, 0xff, 0xff, 0xff,
    0xe0, 0x0, 0x3f, 0xff, 0xff, 0xf8, 0x0, 0xf,
    0xff, 0xff, 0xfe, 0x0, 0x0, 0x7, 0xfc, 0x0,
    0x0, 0x0, 0x1, 0xff, 0x0, 0x0, 0x0, 0x0,
    0x7f, 0xc0, 0x0, 0x0, 0x0, 0x1f, 0xf0, 0x0,
    0x0, 0x0, 0x7, 0xfc, 0x0, 0x0, 0x0, 0x1,
    0xff, 0x0, 0x0, 0x0, 0x0, 0x7f, 0xc0, 0x0,
    0x0, 0x0
};


/*---------------------
 *  GLYPH DESCRIPTION
 *--------------------*/

static const lv_font_fmt_txt_glyph_dsc_t glyph_dsc[] = {
    {.bitmap_index = 0, .adv_w = 0, .box_w = 0, .box_h = 0, .ofs_x = 0, .ofs_y = 0} /* id = 0 reserved */,
    {.bitmap_index = 0, .adv_w = 255, .box_w = 1, .box_h = 1, .ofs_x = 0, .ofs_y = 0},
    {.bitmap_index = 1, .adv_w = 277, .box_w = 10, .box_h = 47, .ofs_x = 4, .ofs_y = -1},
    {.bitmap_index = 60, .adv_w = 326, .box_w = 16, .box_h = 17, .ofs_x = 2, .ofs_y = 31},
    {.bitmap_index = 94, .adv_w = 607, .box_w = 35, .box_h = 46, .ofs_x = 2, .ofs_y = 0},
    {.bitmap_index = 296, .adv_w = 588, .box_w = 31, .box_h = 61, .ofs_x = 3, .ofs_y = -7},
    {.bitmap_index = 533, .adv_w = 757, .box_w = 42, .box_h = 48, .ofs_x = 3, .ofs_y = -1},
    {.bitmap_index = 785, .adv_w = 674, .box_w = 40, .box_h = 48, .ofs_x = 2, .ofs_y = -1},
    {.bitmap_index = 1025, .adv_w = 165, .box_w = 7, .box_h = 17, .ofs_x = 2, .ofs_y = 31},
    {.bitmap_index = 1040, .adv_w = 358, .box_w = 18, .box_h = 65, .ofs_x = 4, .ofs_y = -14},
    {.bitmap_index = 1187, .adv_w = 360, .box_w = 18, .box_h = 65, .ofs_x = 1, .ofs_y = -14},
    {.bitmap_index = 1334, .adv_w = 465, .box_w = 27, .box_h = 28, .ofs_x = 1, .ofs_y = 18},
    {.bitmap_index = 1429, .adv_w = 558, .box_w = 32, .box_h = 34, .ofs_x = 1, .ofs_y = 5},
    {.bitmap_index = 1565, .adv_w = 252, .box_w = 11, .box_h = 19, .ofs_x = 1, .ofs_y = -11},
    {.bitmap_index = 1592, .adv_w = 404, .box_w = 18, .box_h = 7, .ofs_x = 4, .ofs_y = 16},
    {.bitmap_index = 1608, .adv_w = 297, .box_w = 10, .box_h = 10, .ofs_x = 4, .ofs_y = -1},
    {.bitmap_index = 1621, .adv_w = 380, .box_w = 23, .box_h = 50, .ofs_x = 0, .ofs_y = -4},
    {.bitmap_index = 1765, .adv_w = 588, .box_w = 31, .box_h = 48, .ofs_x = 3, .ofs_y = -1},
    {.bitmap_index = 1951, .adv_w = 588, .box_w = 20, .box_h = 46, .ofs_x = 5, .ofs_y = 0},
    {.bitmap_index = 2066, .adv_w = 588, .box_w = 32, .box_h = 47, .ofs_x = 2, .ofs_y = 0},
    {.bitmap_index = 2254, .adv_w = 588, .box_w = 32, .box_h = 48, .ofs_x = 2, .ofs_y = -1},
    {.bitmap_index = 2446, .adv_w = 588, .box_w = 33, .box_h = 46, .ofs_x = 2, .ofs_y = 0},
    {.bitmap_index = 2636, .adv_w = 588, .box_w = 31, .box_h = 47, .ofs_x = 3, .ofs_y = -1},
    {.bitmap_index = 2819, .adv_w = 588, .box_w = 31, .box_h = 48, .ofs_x = 3, .ofs_y = -1},
    {.bitmap_index = 3005, .adv_w = 588, .box_w = 32, .box_h = 46, .ofs_x = 2, .ofs_y = 0},
    {.bitmap_index = 3189, .adv_w = 588, .box_w = 31, .box_h = 48, .ofs_x = 3, .ofs_y = -1},
    {.bitmap_index = 3375, .adv_w = 588, .box_w = 31, .box_h = 48, .ofs_x = 3, .ofs_y = -1},
    {.bitmap_index = 3561, .adv_w = 289, .box_w = 10, .box_h = 36, .ofs_x = 4, .ofs_y = -1},
    {.bitmap_index = 3606, .adv_w = 270, .box_w = 12, .box_h = 47, .ofs_x = 1, .ofs_y = -12},
    {.bitmap_index = 3677, .adv_w = 522, .box_w = 27, .box_h = 30, .ofs_x = 2, .ofs_y = 5},
    {.bitmap_index = 3779, .adv_w = 588, .box_w = 28, .box_h = 21, .ofs_x = 4, .ofs_y = 10},
    {.bitmap_index = 3853, .adv_w = 529, .box_w = 27, .box_h = 30, .ofs_x = 4, .ofs_y = 5},
    {.bitmap_index = 3955, .adv_w = 510, .box_w = 28, .box_h = 48, .ofs_x = 1, .ofs_y = -1},
    {.bitmap_index = 4123, .adv_w = 918, .box_w = 52, .box_h = 59, .ofs_x = 3, .ofs_y = -14},
    {.bitmap_index = 4507, .adv_w = 688, .box_w = 43, .box_h = 46, .ofs_x = 0, .ofs_y = 0},
    {.bitmap_index = 4755, .adv_w = 654, .box_w = 34, .box_h = 46, .ofs_x = 4, .ofs_y = 0},
    {.bitmap_index = 4951, .adv_w = 670, .box_w = 37, .box_h = 48, .ofs_x = 3, .ofs_y = -1},
    {.bitmap_index = 5173, .adv_w = 666, .box_w = 35, .box_h = 46, .ofs_x = 4, .ofs_y = 0},
    {.bitmap_index = 5375, .adv_w = 576, .box_w = 31, .box_h = 46, .ofs_x = 4, .ofs_y = 0},
    {.bitmap_index = 5554, .adv_w = 562, .box_w = 30, .box_h = 46, .ofs_x = 4, .ofs_y = 0},
    {.bitmap_index = 5727, .adv_w = 698, .box_w = 37, .box_h = 48, .ofs_x = 3, .ofs_y = -1},
    {.bitmap_index = 5949, .adv_w = 723, .box_w = 37, .box_h = 46, .ofs_x = 4, .ofs_y = 0},
    {.bitmap_index = 6162, .adv_w = 300, .box_w = 9, .box_h = 46, .ofs_x = 5, .ofs_y = 0},
    {.bitmap_index = 6214, .adv_w = 572, .box_w = 30, .box_h = 47, .ofs_x = 1, .ofs_y = -1},
    {.bitmap_index = 6391, .adv_w = 651, .box_w = 37, .box_h = 46, .ofs_x = 4, .ofs_y = 0},
    {.bitmap_index = 6604, .adv_w = 554, .box_w = 30, .box_h = 46, .ofs_x = 4, .ofs_y = 0},
    {.bitmap_index = 6777, .adv_w = 897, .box_w = 48, .box_h = 46, .ofs_x = 4, .ofs_y = 0},
    {.bitmap_index = 7053, .adv_w = 723, .box_w = 37, .box_h = 46, .ofs_x = 4, .ofs_y = 0},
    {.bitmap_index = 7266, .adv_w = 706, .box_w = 39, .box_h = 48, .ofs_x = 3, .ofs_y = -1},
    {.bitmap_index = 7500, .adv_w = 660, .box_w = 35, .box_h = 46, .ofs_x = 4, .ofs_y = 0},
    {.bitmap_index = 7702, .adv_w = 706, .box_w = 39, .box_h = 55, .ofs_x = 3, .ofs_y = -8},
    {.bitmap_index = 7971, .adv_w = 656, .box_w = 36, .box_h = 46, .ofs_x = 4, .ofs_y = 0},
    {.bitmap_index = 8178, .adv_w = 631, .box_w = 35, .box_h = 48, .ofs_x = 2, .ofs_y = -1},
    {.bitmap_index = 8388, .adv_w = 635, .box_w = 38, .box_h = 46, .ofs_x = 1, .ofs_y = 0},
    {.bitmap_index = 8607, .adv_w = 675, .box_w = 35, .box_h = 47, .ofs_x = 4, .ofs_y = -1},
    {.bitmap_index = 8813, .adv_w = 669, .box_w = 42, .box_h = 46, .ofs_x = 0, .ofs_y = 0},
    {.bitmap_index = 9055, .adv_w = 896, .box_w = 54, .box_h = 46, .ofs_x = 1, .ofs_y = 0},
    {.bitmap_index = 9366, .adv_w = 650, .box_w = 39, .box_h = 46, .ofs_x = 1, .ofs_y = 0},
    {.bitmap_index = 9591, .adv_w = 634, .box_w = 39, .box_h = 46, .ofs_x = 0, .ofs_y = 0},
    {.bitmap_index = 9816, .adv_w = 622, .box_w = 35, .box_h = 46, .ofs_x = 2, .ofs_y = 0},
    {.bitmap_index = 10018, .adv_w = 284, .box_w = 14, .box_h = 65, .ofs_x = 4, .ofs_y = -11},
    {.bitmap_index = 10132, .adv_w = 432, .box_w = 28, .box_h = 50, .ofs_x = 0, .ofs_y = -4},
    {.bitmap_index = 10307, .adv_w = 284, .box_w = 14, .box_h = 65, .ofs_x = 0, .ofs_y = -11},
    {.bitmap_index = 10421, .adv_w = 449, .box_w = 26, .box_h = 23, .ofs_x = 1, .ofs_y = 23},
    {.bitmap_index = 10496, .adv_w = 456, .box_w = 28, .box_h = 7, .ofs_x = 1, .ofs_y = -7},
    {.bitmap_index = 10521, .adv_w = 338, .box_w = 16, .box_h = 10, .ofs_x = 2, .ofs_y = 39},
    {.bitmap_index = 10541, .adv_w = 548, .box_w = 30, .box_h = 36, .ofs_x = 2, .ofs_y = -1},
    {.bitmap_index = 10676, .adv_w = 576, .box_w = 30, .box_h = 49, .ofs_x = 3, .ofs_y = -1},
    {.bitmap_index = 10860, .adv_w = 534, .box_w = 30, .box_h = 36, .ofs_x = 2, .ofs_y = -1},
    {.bitmap_index = 10995, .adv_w = 577, .box_w = 30, .box_h = 49, .ofs_x = 2, .ofs_y = -1},
    {.bitmap_index = 11179, .adv_w = 553, .box_w = 31, .box_h = 36, .ofs_x = 2, .ofs_y = -1},
    {.bitmap_index = 11319, .adv_w = 367, .box_w = 22, .box_h = 49, .ofs_x = 1, .ofs_y = 0},
    {.bitmap_index = 11454, .adv_w = 585, .box_w = 31, .box_h = 48, .ofs_x = 2, .ofs_y = -13},
    {.bitmap_index = 11640, .adv_w = 574, .box_w = 29, .box_h = 48, .ofs_x = 3, .ofs_y = 0},
    {.bitmap_index = 11814, .adv_w = 271, .box_w = 10, .box_h = 48, .ofs_x = 3, .ofs_y = 0},
    {.bitmap_index = 11874, .adv_w = 267, .box_w = 17, .box_h = 62, .ofs_x = -4, .ofs_y = -14},
    {.bitmap_index = 12006, .adv_w = 547, .box_w = 31, .box_h = 48, .ofs_x = 3, .ofs_y = 0},
    {.bitmap_index = 12192, .adv_w = 271, .box_w = 9, .box_h = 48, .ofs_x = 4, .ofs_y = 0},
    {.bitmap_index = 12246, .adv_w = 887, .box_w = 48, .box_h = 35, .ofs_x = 3, .ofs_y = 0},
    {.bitmap_index = 12456, .adv_w = 574, .box_w = 29, .box_h = 35, .ofs_x = 3, .ofs_y = 0},
    {.bitmap_index = 12583, .adv_w = 578, .box_w = 32, .box_h = 36, .ofs_x = 2, .ofs_y = -1},
    {.bitmap_index = 12727, .adv_w = 576, .box_w = 30, .box_h = 48, .ofs_x = 3, .ofs_y = -13},
    {.bitmap_index = 12907, .adv_w = 578, .box_w = 30, .box_h = 48, .ofs_x = 2, .ofs_y = -13},
    {.bitmap_index = 13087, .adv_w = 375, .box_w = 19, .box_h = 35, .ofs_x = 3, .ofs_y = 0},
    {.bitmap_index = 13171, .adv_w = 526, .box_w = 29, .box_h = 36, .ofs_x = 2, .ofs_y = -1},
    {.bitmap_index = 13302, .adv_w = 347, .box_w = 20, .box_h = 44, .ofs_x = 1, .ofs_y = -1},
    {.bitmap_index = 13412, .adv_w = 574, .box_w = 29, .box_h = 35, .ofs_x = 3, .ofs_y = -1},
    {.bitmap_index = 13539, .adv_w = 519, .box_w = 32, .box_h = 34, .ofs_x = 0, .ofs_y = 0},
    {.bitmap_index = 13675, .adv_w = 752, .box_w = 45, .box_h = 34, .ofs_x = 1, .ofs_y = 0},
    {.bitmap_index = 13867, .adv_w = 521, .box_w = 31, .box_h = 34, .ofs_x = 1, .ofs_y = 0},
    {.bitmap_index = 13999, .adv_w = 516, .box_w = 32, .box_h = 48, .ofs_x = 0, .ofs_y = -14},
    {.bitmap_index = 14191, .adv_w = 521, .box_w = 29, .box_h = 34, .ofs_x = 2, .ofs_y = 0},
    {.bitmap_index = 14315, .adv_w = 338, .box_w = 19, .box_h = 62, .ofs_x = 1, .ofs_y = -11},
    {.bitmap_index = 14463, .adv_w = 258, .box_w = 5, .box_h = 55, .ofs_x = 5, .ofs_y = -9},
    {.bitmap_index = 14498, .adv_w = 338, .box_w = 19, .box_h = 61, .ofs_x = 1, .ofs_y = -11},
    {.bitmap_index = 14643, .adv_w = 664, .box_w = 35, .box_h = 14, .ofs_x = 3, .ofs_y = 12},
    {.bitmap_index = 14705, .adv_w = 255, .box_w = 1, .box_h = 1, .ofs_x = 0, .ofs_y = 0},
    {.bitmap_index = 14706, .adv_w = 290, .box_w = 10, .box_h = 47, .ofs_x = 4, .ofs_y = -12},
    {.bitmap_index = 14765, .adv_w = 591, .box_w = 30, .box_h = 50, .ofs_x = 3, .ofs_y = -8},
    {.bitmap_index = 14953, .adv_w = 609, .box_w = 33, .box_h = 47, .ofs_x = 3, .ofs_y = 0},
    {.bitmap_index = 15147, .adv_w = 709, .box_w = 39, .box_h = 41, .ofs_x = 3, .ofs_y = -1},
    {.bitmap_index = 15347, .adv_w = 549, .box_w = 34, .box_h = 46, .ofs_x = 0, .ofs_y = 0},
    {.bitmap_index = 15543, .adv_w = 257, .box_w = 8, .box_h = 55, .ofs_x = 4, .ofs_y = -9},
    {.bitmap_index = 15598, .adv_w = 644, .box_w = 34, .box_h = 62, .ofs_x = 3, .ofs_y = -15},
    {.bitmap_index = 15862, .adv_w = 482, .box_w = 24, .box_h = 8, .ofs_x = 3, .ofs_y = 39},
    {.bitmap_index = 15886, .adv_w = 805, .box_w = 44, .box_h = 48, .ofs_x = 3, .ofs_y = -1},
    {.bitmap_index = 16150, .adv_w = 455, .box_w = 21, .box_h = 25, .ofs_x = 4, .ofs_y = 21},
    {.bitmap_index = 16216, .adv_w = 512, .box_w = 27, .box_h = 25, .ofs_x = 2, .ofs_y = 4},
    {.bitmap_index = 16301, .adv_w = 564, .box_w = 26, .box_h = 14, .ofs_x = 4, .ofs_y = 11},
    {.bitmap_index = 16347, .adv_w = 404, .box_w = 18, .box_h = 7, .ofs_x = 4, .ofs_y = 16},
    {.bitmap_index = 16363, .adv_w = 805, .box_w = 44, .box_h = 48, .ofs_x = 3, .ofs_y = -1},
    {.bitmap_index = 16627, .adv_w = 513, .box_w = 21, .box_h = 5, .ofs_x = 5, .ofs_y = 41},
    {.bitmap_index = 16641, .adv_w = 399, .box_w = 17, .box_h = 17, .ofs_x = 4, .ofs_y = 30},
    {.bitmap_index = 16678, .adv_w = 550, .box_w = 29, .box_h = 41, .ofs_x = 2, .ofs_y = 0},
    {.bitmap_index = 16827, .adv_w = 382, .box_w = 20, .box_h = 25, .ofs_x = 2, .ofs_y = 21},
    {.bitmap_index = 16890, .adv_w = 382, .box_w = 20, .box_h = 25, .ofs_x = 2, .ofs_y = 21},
    {.bitmap_index = 16953, .adv_w = 338, .box_w = 16, .box_h = 10, .ofs_x = 3, .ofs_y = 39},
    {.bitmap_index = 16973, .adv_w = 633, .box_w = 30, .box_h = 47, .ofs_x = 4, .ofs_y = -13},
    {.bitmap_index = 17150, .adv_w = 501, .box_w = 25, .box_h = 46, .ofs_x = 2, .ofs_y = 0},
    {.bitmap_index = 17294, .adv_w = 309, .box_w = 10, .box_h = 9, .ofs_x = 4, .ofs_y = 17},
    {.bitmap_index = 17306, .adv_w = 275, .box_w = 13, .box_h = 15, .ofs_x = 3, .ofs_y = -15},
    {.bitmap_index = 17331, .adv_w = 382, .box_w = 12, .box_h = 25, .ofs_x = 4, .ofs_y = 21},
    {.bitmap_index = 17369, .adv_w = 469, .box_w = 22, .box_h = 25, .ofs_x = 4, .ofs_y = 21},
    {.bitmap_index = 17438, .adv_w = 512, .box_w = 27, .box_h = 25, .ofs_x = 3, .ofs_y = 4},
    {.bitmap_index = 17523, .adv_w = 734, .box_w = 40, .box_h = 46, .ofs_x = 3, .ofs_y = 0},
    {.bitmap_index = 17753, .adv_w = 777, .box_w = 43, .box_h = 46, .ofs_x = 3, .ofs_y = 0},
    {.bitmap_index = 18001, .adv_w = 829, .box_w = 46, .box_h = 46, .ofs_x = 3, .ofs_y = 0},
    {.bitmap_index = 18266, .adv_w = 510, .box_w = 28, .box_h = 47, .ofs_x = 2, .ofs_y = -12},
    {.bitmap_index = 18431, .adv_w = 688, .box_w = 43, .box_h = 59, .ofs_x = 0, .ofs_y = 0},
    {.bitmap_index = 18749, .adv_w = 688, .box_w = 43, .box_h = 59, .ofs_x = 0, .ofs_y = 0},
    {.bitmap_index = 19067, .adv_w = 688, .box_w = 43, .box_h = 59, .ofs_x = 0, .ofs_y = 0},
    {.bitmap_index = 19385, .adv_w = 688, .box_w = 43, .box_h = 58, .ofs_x = 0, .ofs_y = 0},
    {.bitmap_index = 19697, .adv_w = 688, .box_w = 42, .box_h = 57, .ofs_x = 0, .ofs_y = 0},
    {.bitmap_index = 19997, .adv_w = 688, .box_w = 43, .box_h = 61, .ofs_x = 0, .ofs_y = 0},
    {.bitmap_index = 20325, .adv_w = 961, .box_w = 59, .box_h = 46, .ofs_x = 0, .ofs_y = 0},
    {.bitmap_index = 20665, .adv_w = 670, .box_w = 37, .box_h = 62, .ofs_x = 3, .ofs_y = -15},
    {.bitmap_index = 20952, .adv_w = 576, .box_w = 31, .box_h = 59, .ofs_x = 4, .ofs_y = 0},
    {.bitmap_index = 21181, .adv_w = 576, .box_w = 31, .box_h = 59, .ofs_x = 4, .ofs_y = 0},
    {.bitmap_index = 21410, .adv_w = 576, .box_w = 31, .box_h = 59, .ofs_x = 4, .ofs_y = 0},
    {.bitmap_index = 21639, .adv_w = 576, .box_w = 31, .box_h = 57, .ofs_x = 4, .ofs_y = 0},
    {.bitmap_index = 21860, .adv_w = 300, .box_w = 16, .box_h = 59, .ofs_x = -2, .ofs_y = 0},
    {.bitmap_index = 21978, .adv_w = 300, .box_w = 16, .box_h = 59, .ofs_x = 5, .ofs_y = 0},
    {.bitmap_index = 22096, .adv_w = 300, .box_w = 23, .box_h = 59, .ofs_x = -2, .ofs_y = 0},
    {.bitmap_index = 22266, .adv_w = 300, .box_w = 24, .box_h = 57, .ofs_x = -3, .ofs_y = 0},
    {.bitmap_index = 22437, .adv_w = 681, .box_w = 40, .box_h = 46, .ofs_x = 0, .ofs_y = 0},
    {.bitmap_index = 22667, .adv_w = 723, .box_w = 37, .box_h = 58, .ofs_x = 4, .ofs_y = 0},
    {.bitmap_index = 22936, .adv_w = 706, .box_w = 39, .box_h = 60, .ofs_x = 3, .ofs_y = -1},
    {.bitmap_index = 23229, .adv_w = 706, .box_w = 39, .box_h = 60, .ofs_x = 3, .ofs_y = -1},
    {.bitmap_index = 23522, .adv_w = 706, .box_w = 39, .box_h = 60, .ofs_x = 3, .ofs_y = -1},
    {.bitmap_index = 23815, .adv_w = 706, .box_w = 39, .box_h = 60, .ofs_x = 3, .ofs_y = -1},
    {.bitmap_index = 24108, .adv_w = 706, .box_w = 39, .box_h = 58, .ofs_x = 3, .ofs_y = -1},
    {.bitmap_index = 24391, .adv_w = 544, .box_w = 30, .box_h = 31, .ofs_x = 2, .ofs_y = 6},
    {.bitmap_index = 24508, .adv_w = 705, .box_w = 39, .box_h = 51, .ofs_x = 3, .ofs_y = -3},
    {.bitmap_index = 24757, .adv_w = 675, .box_w = 35, .box_h = 60, .ofs_x = 4, .ofs_y = -1},
    {.bitmap_index = 25020, .adv_w = 675, .box_w = 35, .box_h = 60, .ofs_x = 4, .ofs_y = -1},
    {.bitmap_index = 25283, .adv_w = 675, .box_w = 35, .box_h = 60, .ofs_x = 4, .ofs_y = -1},
    {.bitmap_index = 25546, .adv_w = 675, .box_w = 35, .box_h = 58, .ofs_x = 4, .ofs_y = -1},
    {.bitmap_index = 25800, .adv_w = 634, .box_w = 39, .box_h = 59, .ofs_x = 0, .ofs_y = 0},
    {.bitmap_index = 26088, .adv_w = 624, .box_w = 33, .box_h = 46, .ofs_x = 4, .ofs_y = 0},
    {.bitmap_index = 26278, .adv_w = 647, .box_w = 34, .box_h = 51, .ofs_x = 4, .ofs_y = -1},
    {.bitmap_index = 26495, .adv_w = 548, .box_w = 30, .box_h = 49, .ofs_x = 2, .ofs_y = -1},
    {.bitmap_index = 26679, .adv_w = 548, .box_w = 30, .box_h = 49, .ofs_x = 2, .ofs_y = -1},
    {.bitmap_index = 26863, .adv_w = 548, .box_w = 30, .box_h = 49, .ofs_x = 2, .ofs_y = -1},
    {.bitmap_index = 27047, .adv_w = 548, .box_w = 30, .box_h = 49, .ofs_x = 2, .ofs_y = -1},
    {.bitmap_index = 27231, .adv_w = 548, .box_w = 30, .box_h = 49, .ofs_x = 2, .ofs_y = -1},
    {.bitmap_index = 27415, .adv_w = 548, .box_w = 30, .box_h = 53, .ofs_x = 2, .ofs_y = -1},
    {.bitmap_index = 27614, .adv_w = 865, .box_w = 50, .box_h = 36, .ofs_x = 2, .ofs_y = -1},
    {.bitmap_index = 27839, .adv_w = 534, .box_w = 30, .box_h = 50, .ofs_x = 2, .ofs_y = -15},
    {.bitmap_index = 28027, .adv_w = 553, .box_w = 31, .box_h = 49, .ofs_x = 2, .ofs_y = -1},
    {.bitmap_index = 28217, .adv_w = 553, .box_w = 31, .box_h = 49, .ofs_x = 2, .ofs_y = -1},
    {.bitmap_index = 28407, .adv_w = 553, .box_w = 31, .box_h = 49, .ofs_x = 2, .ofs_y = -1},
    {.bitmap_index = 28597, .adv_w = 553, .box_w = 31, .box_h = 49, .ofs_x = 2, .ofs_y = -1},
    {.bitmap_index = 28787, .adv_w = 280, .box_w = 16, .box_h = 48, .ofs_x = -3, .ofs_y = 0},
    {.bitmap_index = 28883, .adv_w = 280, .box_w = 16, .box_h = 48, .ofs_x = 4, .ofs_y = 0},
    {.bitmap_index = 28979, .adv_w = 280, .box_w = 24, .box_h = 48, .ofs_x = -3, .ofs_y = 0},
    {.bitmap_index = 29123, .adv_w = 280, .box_w = 24, .box_h = 47, .ofs_x = -3, .ofs_y = 0},
    {.bitmap_index = 29264, .adv_w = 589, .box_w = 32, .box_h = 52, .ofs_x = 3, .ofs_y = -1},
    {.bitmap_index = 29472, .adv_w = 574, .box_w = 29, .box_h = 48, .ofs_x = 3, .ofs_y = 0},
    {.bitmap_index = 29646, .adv_w = 578, .box_w = 32, .box_h = 49, .ofs_x = 2, .ofs_y = -1},
    {.bitmap_index = 29842, .adv_w = 578, .box_w = 32, .box_h = 49, .ofs_x = 2, .ofs_y = -1},
    {.bitmap_index = 30038, .adv_w = 578, .box_w = 32, .box_h = 49, .ofs_x = 2, .ofs_y = -1},
    {.bitmap_index = 30234, .adv_w = 578, .box_w = 32, .box_h = 49, .ofs_x = 2, .ofs_y = -1},
    {.bitmap_index = 30430, .adv_w = 578, .box_w = 32, .box_h = 49, .ofs_x = 2, .ofs_y = -1},
    {.bitmap_index = 30626, .adv_w = 584, .box_w = 32, .box_h = 35, .ofs_x = 2, .ofs_y = 4},
    {.bitmap_index = 30766, .adv_w = 578, .box_w = 32, .box_h = 44, .ofs_x = 2, .ofs_y = -5},
    {.bitmap_index = 30942, .adv_w = 574, .box_w = 29, .box_h = 49, .ofs_x = 3, .ofs_y = -1},
    {.bitmap_index = 31120, .adv_w = 574, .box_w = 29, .box_h = 49, .ofs_x = 3, .ofs_y = -1},
    {.bitmap_index = 31298, .adv_w = 574, .box_w = 29, .box_h = 49, .ofs_x = 3, .ofs_y = -1},
    {.bitmap_index = 31476, .adv_w = 574, .box_w = 29, .box_h = 49, .ofs_x = 3, .ofs_y = -1},
    {.bitmap_index = 31654, .adv_w = 516, .box_w = 32, .box_h = 62, .ofs_x = 0, .ofs_y = -14},
    {.bitmap_index = 31902, .adv_w = 580, .box_w = 30, .box_h = 61, .ofs_x = 3, .ofs_y = -13},
    {.bitmap_index = 32131, .adv_w = 516, .box_w = 32, .box_h = 62, .ofs_x = 0, .ofs_y = -14},
    {.bitmap_index = 32379, .adv_w = 522, .box_w = 1, .box_h = 1, .ofs_x = 0, .ofs_y = 0},
    {.bitmap_index = 32380, .adv_w = 1045, .box_w = 1, .box_h = 1, .ofs_x = 0, .ofs_y = 0},
    {.bitmap_index = 32381, .adv_w = 522, .box_w = 1, .box_h = 1, .ofs_x = 0, .ofs_y = 0},
    {.bitmap_index = 32382, .adv_w = 1045, .box_w = 1, .box_h = 1, .ofs_x = 0, .ofs_y = 0},
    {.bitmap_index = 32383, .adv_w = 349, .box_w = 1, .box_h = 1, .ofs_x = 0, .ofs_y = 0},
    {.bitmap_index = 32384, .adv_w = 261, .box_w = 1, .box_h = 1, .ofs_x = 0, .ofs_y = 0},
    {.bitmap_index = 32385, .adv_w = 174, .box_w = 1, .box_h = 1, .ofs_x = 0, .ofs_y = 0},
    {.bitmap_index = 32386, .adv_w = 576, .box_w = 1, .box_h = 1, .ofs_x = 0, .ofs_y = 0},
    {.bitmap_index = 32387, .adv_w = 280, .box_w = 1, .box_h = 1, .ofs_x = 0, .ofs_y = 0},
    {.bitmap_index = 32388, .adv_w = 209, .box_w = 1, .box_h = 1, .ofs_x = 0, .ofs_y = 0},
    {.bitmap_index = 32389, .adv_w = 105, .box_w = 1, .box_h = 1, .ofs_x = 0, .ofs_y = 0},
    {.bitmap_index = 32390, .adv_w = 0, .box_w = 1, .box_h = 1, .ofs_x = 0, .ofs_y = 0},
    {.bitmap_index = 32391, .adv_w = 403, .box_w = 18, .box_h = 7, .ofs_x = 4, .ofs_y = 16},
    {.bitmap_index = 32407, .adv_w = 403, .box_w = 18, .box_h = 7, .ofs_x = 4, .ofs_y = 16},
    {.bitmap_index = 32423, .adv_w = 646, .box_w = 32, .box_h = 7, .ofs_x = 5, .ofs_y = 19},
    {.bitmap_index = 32451, .adv_w = 780, .box_w = 43, .box_h = 7, .ofs_x = 3, .ofs_y = 19},
    {.bitmap_index = 32489, .adv_w = 780, .box_w = 43, .box_h = 7, .ofs_x = 3, .ofs_y = 19},
    {.bitmap_index = 32527, .adv_w = 456, .box_w = 28, .box_h = 13, .ofs_x = 1, .ofs_y = -13},
    {.bitmap_index = 32573, .adv_w = 239, .box_w = 10, .box_h = 16, .ofs_x = 3, .ofs_y = 33},
    {.bitmap_index = 32593, .adv_w = 235, .box_w = 10, .box_h = 17, .ofs_x = 2, .ofs_y = 31},
    {.bitmap_index = 32615, .adv_w = 254, .box_w = 10, .box_h = 17, .ofs_x = 2, .ofs_y = -10},
    {.bitmap_index = 32637, .adv_w = 213, .box_w = 10, .box_h = 17, .ofs_x = 2, .ofs_y = 31},
    {.bitmap_index = 32659, .adv_w = 413, .box_w = 21, .box_h = 16, .ofs_x = 3, .ofs_y = 33},
    {.bitmap_index = 32701, .adv_w = 417, .box_w = 21, .box_h = 17, .ofs_x = 2, .ofs_y = 31},
    {.bitmap_index = 32746, .adv_w = 411, .box_w = 21, .box_h = 19, .ofs_x = 2, .ofs_y = -11},
    {.bitmap_index = 32796, .adv_w = 551, .box_w = 31, .box_h = 46, .ofs_x = 2, .ofs_y = 0},
    {.bitmap_index = 32975, .adv_w = 593, .box_w = 31, .box_h = 59, .ofs_x = 3, .ofs_y = -13},
    {.bitmap_index = 33204, .adv_w = 368, .box_w = 15, .box_h = 15, .ofs_x = 4, .ofs_y = 16},
    {.bitmap_index = 33233, .adv_w = 535, .box_w = 25, .box_h = 10, .ofs_x = 4, .ofs_y = -1},
    {.bitmap_index = 33265, .adv_w = 759, .box_w = 39, .box_h = 10, .ofs_x = 4, .ofs_y = -1},
    {.bitmap_index = 33314, .adv_w = 266, .box_w = 10, .box_h = 9, .ofs_x = 3, .ofs_y = 15},
    {.bitmap_index = 33326, .adv_w = 985, .box_w = 57, .box_h = 48, .ofs_x = 3, .ofs_y = -1},
    {.bitmap_index = 33668, .adv_w = 165, .box_w = 7, .box_h = 17, .ofs_x = 2, .ofs_y = 31},
    {.bitmap_index = 33683, .adv_w = 326, .box_w = 16, .box_h = 17, .ofs_x = 2, .ofs_y = 31},
    {.bitmap_index = 33717, .adv_w = 320, .box_w = 15, .box_h = 25, .ofs_x = 3, .ofs_y = 4},
    {.bitmap_index = 33764, .adv_w = 310, .box_w = 14, .box_h = 25, .ofs_x = 3, .ofs_y = 4},
    {.bitmap_index = 33808, .adv_w = 554, .box_w = 27, .box_h = 47, .ofs_x = 4, .ofs_y = -1},
    {.bitmap_index = 33967, .adv_w = 456, .box_w = 27, .box_h = 39, .ofs_x = 1, .ofs_y = 3},
    {.bitmap_index = 34099, .adv_w = 562, .box_w = 35, .box_h = 46, .ofs_x = -1, .ofs_y = 0},
    {.bitmap_index = 34301, .adv_w = 609, .box_w = 33, .box_h = 47, .ofs_x = 3, .ofs_y = 0},
    {.bitmap_index = 34495, .adv_w = 833, .box_w = 51, .box_h = 46, .ofs_x = 1, .ofs_y = 0},
    {.bitmap_index = 34789, .adv_w = 883, .box_w = 47, .box_h = 47, .ofs_x = 4, .ofs_y = -1},
    {.bitmap_index = 35066, .adv_w = 1112, .box_w = 63, .box_h = 47, .ofs_x = 4, .ofs_y = -1},
    {.bitmap_index = 35437, .adv_w = 832, .box_w = 50, .box_h = 46, .ofs_x = 1, .ofs_y = 0},
    {.bitmap_index = 35725, .adv_w = 893, .box_w = 49, .box_h = 34, .ofs_x = 3, .ofs_y = 0},
    {.bitmap_index = 35934, .adv_w = 592, .box_w = 36, .box_h = 59, .ofs_x = 2, .ofs_y = -11},
    {.bitmap_index = 36200, .adv_w = 588, .box_w = 32, .box_h = 48, .ofs_x = 2, .ofs_y = -1},
    {.bitmap_index = 36392, .adv_w = 764, .box_w = 45, .box_h = 46, .ofs_x = 1, .ofs_y = 0},
    {.bitmap_index = 36651, .adv_w = 539, .box_w = 31, .box_h = 46, .ofs_x = 1, .ofs_y = 0},
    {.bitmap_index = 36830, .adv_w = 607, .box_w = 34, .box_h = 47, .ofs_x = 1, .ofs_y = -1},
    {.bitmap_index = 37030, .adv_w = 700, .box_w = 39, .box_h = 34, .ofs_x = 2, .ofs_y = 0},
    {.bitmap_index = 37196, .adv_w = 723, .box_w = 42, .box_h = 46, .ofs_x = 1, .ofs_y = 0}
};

/*---------------------
 *  CHARACTER MAPPING
 *--------------------*/

static const uint16_t unicode_list_3[] = {
    0x0, 0x1, 0x3, 0x4, 0x5, 0x7, 0x8, 0x9,
    0xa, 0xb, 0xc, 0xd, 0xe, 0x10, 0x11, 0x12,
    0x15, 0x16, 0x17, 0x20, 0x22, 0x23, 0x29, 0x2a,
    0x2c, 0x34, 0x93, 0x94, 0x96, 0x97, 0x98, 0x99,
    0x9a, 0x9b, 0x9c, 0xa1, 0xa9, 0xaa, 0xac, 0xad
};

/*Collect the unicode lists and glyph_id offsets*/
static const lv_font_fmt_txt_cmap_t cmaps[] =
{
    {
        .range_start = 32, .range_length = 95, .glyph_id_start = 1,
        .unicode_list = NULL, .glyph_id_ofs_list = NULL, .list_length = 0, .type = LV_FONT_FMT_TXT_CMAP_FORMAT0_TINY
    },
    {
        .range_start = 160, .range_length = 96, .glyph_id_start = 96,
        .unicode_list = NULL, .glyph_id_ofs_list = NULL, .list_length = 0, .type = LV_FONT_FMT_TXT_CMAP_FORMAT0_TINY
    },
    {
        .range_start = 8192, .range_length = 12, .glyph_id_start = 192,
        .unicode_list = NULL, .glyph_id_ofs_list = NULL, .list_length = 0, .type = LV_FONT_FMT_TXT_CMAP_FORMAT0_TINY
    },
    {
        .range_start = 8208, .range_length = 174, .glyph_id_start = 204,
        .unicode_list = unicode_list_3, .glyph_id_ofs_list = NULL, .list_length = 40, .type = LV_FONT_FMT_TXT_CMAP_SPARSE_TINY
    }
};

/*-----------------
 *    KERNING
 *----------------*/


/*Pair left and right glyphs for kerning*/
static const uint8_t kern_pair_glyph_ids[] =
{
    3, 3,
    3, 8,
    3, 210,
    3, 211,
    3, 213,
    3, 214,
    3, 215,
    3, 224,
    3, 225,
    8, 3,
    8, 8,
    8, 210,
    8, 211,
    8, 213,
    8, 214,
    8, 215,
    8, 224,
    8, 225,
    13, 3,
    13, 8,
    13, 210,
    13, 211,
    13, 213,
    13, 214,
    13, 215,
    13, 224,
    13, 225,
    15, 3,
    15, 8,
    15, 210,
    15, 211,
    15, 213,
    15, 214,
    15, 215,
    15, 224,
    15, 225,
    16, 16,
    210, 3,
    210, 8,
    210, 210,
    210, 211,
    210, 213,
    210, 214,
    210, 215,
    210, 224,
    210, 225,
    211, 3,
    211, 8,
    211, 210,
    211, 211,
    211, 213,
    211, 214,
    211, 215,
    211, 224,
    211, 225,
    212, 3,
    212, 8,
    212, 210,
    212, 211,
    212, 213,
    212, 214,
    212, 215,
    212, 224,
    212, 225,
    213, 3,
    213, 8,
    213, 210,
    213, 211,
    213, 213,
    213, 214,
    213, 215,
    213, 224,
    213, 225,
    214, 3,
    214, 8,
    214, 210,
    214, 211,
    214, 213,
    214, 214,
    214, 215,
    214, 224,
    214, 225,
    215, 3,
    215, 8,
    215, 210,
    215, 211,
    215, 213,
    215, 214,
    215, 215,
    215, 224,
    215, 225,
    216, 3,
    216, 8,
    216, 210,
    216, 211,
    216, 213,
    216, 214,
    216, 215,
    216, 224,
    216, 225,
    220, 3,
    220, 8,
    220, 210,
    220, 211,
    220, 213,
    220, 214,
    220, 215,
    220, 224,
    220, 225,
    221, 3,
    221, 8,
    221, 210,
    221, 211,
    221, 213,
    221, 214,
    221, 215,
    221, 224,
    221, 225,
    224, 3,
    224, 8,
    224, 210,
    224, 211,
    224, 213,
    224, 214,
    224, 215,
    224, 224,
    224, 225,
    225, 3,
    225, 8,
    225, 210,
    225, 211,
    225, 213,
    225, 214,
    225, 215,
    225, 224,
    225, 225
};

/* Kerning between the respective left and right glyphs
 * 4.4 format which needs to scaled with `kern_scale`*/
static const int8_t kern_pair_values[] =
{
    -28, -28, -28, -28, -28, -28, -28, -28,
    -28, -28, -28, -28, -28, -28, -28, -28,
    -28, -28, -117, -117, -117, -117, -117, -117,
    -117, -117, -117, -117, -117, -117, -117, -117,
    -117, -117, -117, -117, -113, -28, -28, -28,
    -28, -28, -28, -28, -28, -28, -28, -28,
    -28, -28, -28, -28, -28, -28, -28, -117,
    -117, -117, -117, -117, -117, -117, -117, -117,
    -28, -28, -28, -28, -28, -28, -28, -28,
    -28, -28, -28, -28, -28, -28, -28, -28,
    -28, -28, -28, -28, -28, -28, -28, -28,
    -28, -28, -28, -117, -117, -117, -117, -117,
    -117, -117, -117, -117, -117, -117, -117, -117,
    -117, -117, -117, -117, -117, -117, -117, -117,
    -117, -117, -117, -117, -117, -117, -28, -28,
    -28, -28, -28, -28, -28, -28, -28, -28,
    -28, -28, -28, -28, -28, -28, -28, -28
};

/*Collect the kern pair's data in one place*/
static const lv_font_fmt_txt_kern_pair_t kern_pairs =
{
    .glyph_ids = kern_pair_glyph_ids,
    .values = kern_pair_values,
    .pair_cnt = 136,
    .glyph_ids_size = 0
};

/*--------------------
 *  ALL CUSTOM DATA
 *--------------------*/

#if LVGL_VERSION_MAJOR == 8
/*Store all the custom data of the font*/
static  lv_font_fmt_txt_glyph_cache_t cache;
#endif

#if LVGL_VERSION_MAJOR >= 8
static const lv_font_fmt_txt_dsc_t font_dsc = {
#else
static lv_font_fmt_txt_dsc_t font_dsc = {
#endif
    .glyph_bitmap = glyph_bitmap,
    .glyph_dsc = glyph_dsc,
    .cmaps = cmaps,
    .kern_dsc = &kern_pairs,
    .kern_scale = 17,
    .cmap_num = 4,
    .bpp = 1,
    .kern_classes = 0,
    .bitmap_format = 0,
#if LVGL_VERSION_MAJOR == 8
    .cache = &cache
#endif

};

extern const lv_font_t roboto_bold_64;


/*-----------------
 *  PUBLIC FONT
 *----------------*/

/*Initialize a public general font descriptor*/
#if LVGL_VERSION_MAJOR >= 8
const lv_font_t roboto_bold_64 = {
#else
lv_font_t roboto_bold_64 = {
#endif
    .get_glyph_dsc = lv_font_get_glyph_dsc_fmt_txt,    /*Function pointer to get glyph's data*/
    .get_glyph_bitmap = lv_font_get_bitmap_fmt_txt,    /*Function pointer to get glyph's bitmap*/
    .line_height = 76,          /*The maximum line height required by the font*/
    .base_line = 15,             /*Baseline measured from the bottom of the line*/
#if !(LVGL_VERSION_MAJOR == 6 && LVGL_VERSION_MINOR == 0)
    .subpx = LV_FONT_SUBPX_NONE,
#endif
#if LV_VERSION_CHECK(7, 4, 0) || LVGL_VERSION_MAJOR >= 8
    .underline_position = -5,
    .underline_thickness = 3,
#endif
    .dsc = &font_dsc,          /*The custom font data. Will be accessed by `get_glyph_bitmap/dsc` */
#if LV_VERSION_CHECK(8, 2, 0) || LVGL_VERSION_MAJOR >= 9
    .fallback = &roboto_bold_64,
#endif
    .user_data = NULL,
};



#endif /*#if ROBOTO_BOLD_64*/
