/*******************************************************************************
 * Size: 96 px
 * Bpp: 1
 * Opts: --bpp 1 --size 96 --no-compress --stride 1 --align 1 --font BlexMonoNerdFontMono-SemiBold.ttf --range 32-127,57866,58227,58125,58136,983772,984294,984295,58192,62153,986965,58125,58114,58173,58130,58136,58120,58141,62172,58131,58188,58189,58186,60058,60065,60059,60060,62020,62019,62018,62016,984489,984490,988853,988861,60023,60082 --format lvgl -o symbol_nerdfont_96.c
 ******************************************************************************/

#include "UI.h"

#ifndef SYMBOL_NERDFONT_96
#define SYMBOL_NERDFONT_96 1
#endif

#if SYMBOL_NERDFONT_96

/*-----------------
 *    BITMAPS
 *----------------*/

/*Store the image of the glyphs*/
static LV_ATTRIBUTE_LARGE_CONST const uint8_t glyph_bitmap[] = {
    /* U+0020 " " */
    0x0,

    /* U+0021 "!" */
    0x3f, 0xfe, 0x1f, 0xff, 0xf, 0xff, 0x87, 0xff,
    0xc3, 0xff, 0xe1, 0xff, 0xf0, 0xff, 0xf8, 0x7f,
    0xfc, 0x3f, 0xfe, 0x1f, 0xff, 0xf, 0xff, 0x87,
    0xff, 0xc3, 0xff, 0xe1, 0xff, 0xf0, 0xff, 0xf8,
    0x7f, 0xfc, 0x3f, 0xfe, 0x1f, 0xff, 0xf, 0xff,
    0x87, 0xff, 0xc3, 0xff, 0xe1, 0xff, 0xf0, 0x7f,
    0xf0, 0x3f, 0xf8, 0x1f, 0xfc, 0xf, 0xfe, 0x7,
    0xff, 0x3, 0xff, 0x80, 0xff, 0x80, 0x7f, 0xc0,
    0x3f, 0xe0, 0x1f, 0xf0, 0xf, 0xf8, 0x3, 0xf8,
    0x1, 0xfc, 0x0, 0xfe, 0x0, 0x7f, 0x0, 0x3f,
    0x80, 0xf, 0x80, 0x7, 0xc0, 0x3, 0xe0, 0x1,
    0xf0, 0x0, 0xf8, 0x0, 0x7c, 0x0, 0x0, 0x0,
    0x0, 0x0, 0x0, 0x0, 0x0, 0x0, 0x0, 0x0,
    0x0, 0x0, 0x0, 0x0, 0x0, 0x0, 0x0, 0x7f,
    0x81, 0xff, 0xf1, 0xff, 0xfc, 0xff, 0xfe, 0xff,
    0xff, 0xff, 0xff, 0xff, 0xff, 0xff, 0xff, 0xff,
    0xff, 0xff, 0xff, 0xff, 0xff, 0xff, 0xff, 0xff,
    0x7f, 0xff, 0x3f, 0xff, 0x8f, 0xff, 0x81, 0xff,
    0x0,

    /* U+0022 "\"" */
    0xff, 0xe0, 0xf, 0xff, 0xff, 0xc0, 0x1f, 0xff,
    0xff, 0x80, 0x3f, 0xff, 0xff, 0x0, 0x7f, 0xff,
    0xfe, 0x0, 0xff, 0xff, 0xfc, 0x1, 0xff, 0xff,
    0xf8, 0x3, 0xff, 0xff, 0xf0, 0x7, 0xff, 0xff,
    0xe0, 0xf, 0xff, 0xff, 0xc0, 0x1f, 0xff, 0xff,
    0x80, 0x3f, 0xff, 0xff, 0x0, 0x7f, 0xff, 0xfe,
    0x0, 0xff, 0xff, 0xfc, 0x1, 0xff, 0xff, 0xf8,
    0x3, 0xff, 0xff, 0xf0, 0x7, 0xff, 0xff, 0xe0,
    0xf, 0xff, 0xff, 0xc0, 0x1f, 0xff, 0xff, 0x80,
    0x3f, 0xff, 0xff, 0x0, 0x7f, 0xff, 0xfe, 0x0,
    0xff, 0xff, 0xfc, 0x1, 0xff, 0xff, 0xf8, 0x3,
    0xff, 0xff, 0xf0, 0x7, 0xff, 0xff, 0xe0, 0xf,
    0xff, 0xff, 0xc0, 0x1f, 0xff, 0xff, 0x80, 0x3f,
    0xff, 0xff, 0x0, 0x7f, 0xff, 0xfe, 0x0, 0xff,
    0xff, 0xfc, 0x1, 0xff, 0xc0,

    /* U+0023 "#" */
    0x0, 0x0, 0xf, 0xfc, 0x3, 0xff, 0x0, 0x0,
    0x0, 0xf, 0xf8, 0x3, 0xff, 0x0, 0x0, 0x0,
    0x1f, 0xf8, 0x3, 0xff, 0x0, 0x0, 0x0, 0x1f,
    0xf8, 0x7, 0xfe, 0x0, 0x0, 0x0, 0x1f, 0xf8,
    0x7, 0xfe, 0x0, 0x0, 0x0, 0x1f, 0xf8, 0x7,
    0xfe, 0x0, 0x0, 0x0, 0x1f, 0xf8, 0x7, 0xfe,
    0x0, 0x0, 0x0, 0x3f, 0xf0, 0x7, 0xfe, 0x0,
    0x0, 0x0, 0x3f, 0xf0, 0x7, 0xfc, 0x0, 0x0,
    0x0, 0x3f, 0xf0, 0xf, 0xfc, 0x0, 0x0, 0x0,
    0x3f, 0xf0, 0xf, 0xfc, 0x0, 0x0, 0x0, 0x3f,
    0xf0, 0xf, 0xfc, 0x0, 0x0, 0x0, 0x3f, 0xf0,
    0xf, 0xfc, 0x0, 0x0, 0x0, 0x7f, 0xe0, 0xf,
    0xfc, 0x0, 0x0, 0x0, 0x7f, 0xe0, 0x1f, 0xf8,
    0x0, 0x0, 0x0, 0x7f, 0xe0, 0x1f, 0xf8, 0x0,
    0x0, 0x0, 0x7f, 0xe0, 0x1f, 0xf8, 0x0, 0x0,
    0x0, 0x7f, 0xe0, 0x1f, 0xf8, 0x0, 0x0, 0x0,
    0x7f, 0xc0, 0x1f, 0xf8, 0x0, 0xf, 0xff, 0xff,
    0xc0, 0x1f, 0xff, 0xff, 0xf, 0xff, 0xff, 0xc0,
    0x3f, 0xff, 0xff, 0xf, 0xff, 0xff, 0xc0, 0x3f,
    0xff, 0xff, 0xf, 0xff, 0xff, 0xc0, 0x3f, 0xff,
    0xff, 0xf, 0xff, 0xff, 0xc0, 0x3f, 0xff, 0xff,
    0xf, 0xff, 0xff, 0x80, 0x3f, 0xff, 0xff, 0xf,
    0xff, 0xff, 0x80, 0x3f, 0xff, 0xff, 0xf, 0xff,
    0xff, 0x80, 0x7f, 0xff, 0xff, 0xf, 0xff, 0xff,
    0x80, 0x7f, 0xff, 0xff, 0x0, 0x1, 0xff, 0x80,
    0x7f, 0xe0, 0x0, 0x0, 0x3, 0xff, 0x80, 0x7f,
    0xe0, 0x0, 0x0, 0x3, 0xff, 0x0, 0x7f, 0xe0,
    0x0, 0x0, 0x3, 0xff, 0x0, 0x7f, 0xc0, 0x0,
    0x0, 0x3, 0xff, 0x0, 0xff, 0xc0, 0x0, 0x0,
    0x3, 0xff, 0x0, 0xff, 0xc0, 0x0, 0x0, 0x3,
    0xff, 0x0, 0xff, 0xc0, 0x0, 0x0, 0x7, 0xfe,
    0x0, 0xff, 0xc0, 0x0, 0x0, 0x7, 0xfe, 0x0,
    0xff, 0xc0, 0x0, 0x0, 0x7, 0xfe, 0x1, 0xff,
    0x80, 0x0, 0xff, 0xff, 0xfe, 0x1, 0xff, 0xff,
    0xf0, 0xff, 0xff, 0xfe, 0x1, 0xff, 0xff, 0xf0,
    0xff, 0xff, 0xfe, 0x1, 0xff, 0xff, 0xf0, 0xff,
    0xff, 0xfc, 0x1, 0xff, 0xff, 0xf0, 0xff, 0xff,
    0xfc, 0x1, 0xff, 0xff, 0xf0, 0xff, 0xff, 0xfc,
    0x3, 0xff, 0xff, 0xf0, 0xff, 0xff, 0xfc, 0x3,
    0xff, 0xff, 0xf0, 0xff, 0xff, 0xfc, 0x3, 0xff,
    0xff, 0xf0, 0xff, 0xff, 0xfc, 0x3, 0xff, 0xff,
    0xf0, 0x0, 0x1f, 0xf8, 0x3, 0xfe, 0x0, 0x0,
    0x0, 0x1f, 0xf8, 0x3, 0xfe, 0x0, 0x0, 0x0,
    0x1f, 0xf8, 0x7, 0xfe, 0x0, 0x0, 0x0, 0x1f,
    0xf8, 0x7, 0xfe, 0x0, 0x0, 0x0, 0x1f, 0xf8,
    0x7, 0xfe, 0x0, 0x0, 0x0, 0x3f, 0xf8, 0x7,
    0xfe, 0x0, 0x0, 0x0, 0x3f, 0xf0, 0x7, 0xfc,
    0x0, 0x0, 0x0, 0x3f, 0xf0, 0xf, 0xfc, 0x0,
    0x0, 0x0, 0x3f, 0xf0, 0xf, 0xfc, 0x0, 0x0,
    0x0, 0x3f, 0xf0, 0xf, 0xfc, 0x0, 0x0, 0x0,
    0x3f, 0xf0, 0xf, 0xfc, 0x0, 0x0, 0x0, 0x7f,
    0xe0, 0xf, 0xfc, 0x0, 0x0, 0x0, 0x7f, 0xe0,
    0xf, 0xf8, 0x0, 0x0, 0x0, 0x7f, 0xe0, 0x1f,
    0xf8, 0x0, 0x0, 0x0, 0x7f, 0xe0, 0x1f, 0xf8,
    0x0, 0x0, 0x0, 0x7f, 0xe0, 0x1f, 0xf8, 0x0,
    0x0, 0x0, 0x7f, 0xe0, 0x1f, 0xf8, 0x0, 0x0,
    0x0, 0xff, 0xc0, 0x1f, 0xf8, 0x0, 0x0, 0x0,
    0xff, 0xc0, 0x1f, 0xf0, 0x0, 0x0, 0x0, 0xff,
    0xc0, 0x3f, 0xf0, 0x0, 0x0,

    /* U+0024 "$" */
    0x0, 0x0, 0x3, 0xfe, 0x0, 0x0, 0x0, 0x0,
    0x0, 0x7f, 0xc0, 0x0, 0x0, 0x0, 0x0, 0xf,
    0xf8, 0x0, 0x0, 0x0, 0x0, 0x1, 0xff, 0x0,
    0x0, 0x0, 0x0, 0x0, 0x3f, 0xe0, 0x0, 0x0,
    0x0, 0x0, 0x7, 0xfc, 0x0, 0x0, 0x0, 0x0,
    0x0, 0xff, 0x80, 0x0, 0x0, 0x0, 0x0, 0x1f,
    0xf0, 0x0, 0x0, 0x0, 0x0, 0x3, 0xfe, 0x0,
    0x0, 0x0, 0x0, 0x0, 0x7f, 0xc0, 0x0, 0x0,
    0x0, 0x0, 0x7f, 0xff, 0x0, 0x0, 0x0, 0x0,
    0xff, 0xff, 0xfe, 0x0, 0x0, 0x0, 0x7f, 0xff,
    0xff, 0xf8, 0x0, 0x0, 0x3f, 0xff, 0xff, 0xff,
    0xc0, 0x0, 0x1f, 0xff, 0xff, 0xff, 0xfc, 0x0,
    0x7, 0xff, 0xff, 0xff, 0xff, 0xe0, 0x1, 0xff,
    0xff, 0xff, 0xff, 0xfe, 0x0, 0x7f, 0xff, 0xff,
    0xff, 0xff, 0xe0, 0x1f, 0xff, 0xff, 0xff, 0xff,
    0xfe, 0x7, 0xff, 0xff, 0xff, 0xff, 0xff, 0xc0,
    0xff, 0xff, 0xff, 0xff, 0xff, 0xf8, 0x3f, 0xff,
    0x87, 0xf8, 0xff, 0xfe, 0x7, 0xff, 0xe0, 0xff,
    0x3, 0xff, 0x80, 0xff, 0xf8, 0x1f, 0xe0, 0x1f,
    0xe0, 0x3f, 0xfe, 0x3, 0xfc, 0x1, 0xf8, 0x7,
    0xff, 0xc0, 0x7f, 0x80, 0x1e, 0x0, 0xff, 0xf0,
    0xf, 0xf0, 0x1, 0x80, 0x1f, 0xfe, 0x1, 0xfe,
    0x0, 0x0, 0x3, 0xff, 0xc0, 0x3f, 0xc0, 0x0,
    0x0, 0x7f, 0xf8, 0x7, 0xf8, 0x0, 0x0, 0xf,
    0xff, 0x0, 0xff, 0x0, 0x0, 0x1, 0xff, 0xe0,
    0x1f, 0xe0, 0x0, 0x0, 0x3f, 0xfe, 0x3, 0xfc,
    0x0, 0x0, 0x7, 0xff, 0xc0, 0x7f, 0x80, 0x0,
    0x0, 0x7f, 0xfc, 0xf, 0xf0, 0x0, 0x0, 0xf,
    0xff, 0xc1, 0xfe, 0x0, 0x0, 0x1, 0xff, 0xfe,
    0x3f, 0xc0, 0x0, 0x0, 0x1f, 0xff, 0xff, 0xf8,
    0x0, 0x0, 0x3, 0xff, 0xff, 0xff, 0x0, 0x0,
    0x0, 0x3f, 0xff, 0xff, 0xfc, 0x0, 0x0, 0x7,
    0xff, 0xff, 0xff, 0xf8, 0x0, 0x0, 0x7f, 0xff,
    0xff, 0xff, 0xe0, 0x0, 0x7, 0xff, 0xff, 0xff,
    0xff, 0x0, 0x0, 0x7f, 0xff, 0xff, 0xff, 0xf8,
    0x0, 0x3, 0xff, 0xff, 0xff, 0xff, 0x80, 0x0,
    0x3f, 0xff, 0xff, 0xff, 0xf8, 0x0, 0x1, 0xff,
    0xff, 0xff, 0xff, 0x80, 0x0, 0x7, 0xff, 0xff,
    0xff, 0xf8, 0x0, 0x0, 0x7, 0xff, 0xff, 0xff,
    0x0, 0x0, 0x0, 0x7f, 0xff, 0xff, 0xf0, 0x0,
    0x0, 0xf, 0xf7, 0xff, 0xfe, 0x0, 0x0, 0x1,
    0xfe, 0x1f, 0xff, 0xe0, 0x0, 0x0, 0x3f, 0xc0,
    0xff, 0xfc, 0x0, 0x0, 0x7, 0xf8, 0xf, 0xff,
    0x80, 0x0, 0x0, 0xff, 0x0, 0xff, 0xf8, 0x0,
    0x0, 0x1f, 0xe0, 0x1f, 0xff, 0x0, 0x0, 0x3,
    0xfc, 0x1, 0xff, 0xe0, 0x0, 0x0, 0x7f, 0x80,
    0x3f, 0xfc, 0x0, 0x0, 0xf, 0xf0, 0x7, 0xff,
    0x80, 0x0, 0x1, 0xfe, 0x0, 0xff, 0xf0, 0x0,
    0x0, 0x3f, 0xc0, 0x1f, 0xfe, 0x2, 0x0, 0x7,
    0xf8, 0x3, 0xff, 0xc0, 0xe0, 0x0, 0xff, 0x0,
    0xff, 0xf8, 0x3f, 0x0, 0x1f, 0xe0, 0x1f, 0xfe,
    0xf, 0xf0, 0x3, 0xfc, 0x7, 0xff, 0xc3, 0xff,
    0x0, 0x7f, 0x80, 0xff, 0xf8, 0xff, 0xf8, 0xf,
    0xf0, 0x3f, 0xfe, 0x3f, 0xff, 0xc1, 0xfe, 0x1f,
    0xff, 0xcf, 0xff, 0xff, 0xbf, 0xff, 0xff, 0xf0,
    0xff, 0xff, 0xff, 0xff, 0xff, 0xfe, 0xf, 0xff,
    0xff, 0xff, 0xff, 0xff, 0x80, 0xff, 0xff, 0xff,
    0xff, 0xff, 0xe0, 0xf, 0xff, 0xff, 0xff, 0xff,
    0xf8, 0x0, 0xff, 0xff, 0xff, 0xff, 0xfe, 0x0,
    0x7, 0xff, 0xff, 0xff, 0xff, 0x80, 0x0, 0x7f,
    0xff, 0xff, 0xff, 0xc0, 0x0, 0x3, 0xff, 0xff,
    0xff, 0xe0, 0x0, 0x0, 0xf, 0xff, 0xff, 0xf0,
    0x0, 0x0, 0x0, 0x1f, 0xff, 0xe0, 0x0, 0x0,
    0x0, 0x0, 0x1f, 0xf0, 0x0, 0x0, 0x0, 0x0,
    0x3, 0xfe, 0x0, 0x0, 0x0, 0x0, 0x0, 0x7f,
    0xc0, 0x0, 0x0, 0x0, 0x0, 0xf, 0xf8, 0x0,
    0x0, 0x0, 0x0, 0x1, 0xff, 0x0, 0x0, 0x0,
    0x0, 0x0, 0x3f, 0xe0, 0x0, 0x0, 0x0, 0x0,
    0x7, 0xfc, 0x0, 0x0, 0x0, 0x0, 0x0, 0xff,
    0x80, 0x0, 0x0, 0x0, 0x0, 0x1f, 0xf0, 0x0,
    0x0, 0x0, 0x0, 0x3, 0xfe, 0x0, 0x0, 0x0,

    /* U+0025 "%" */
    0x0, 0x1f, 0xe0, 0x0, 0x0, 0x0, 0x0, 0x1,
    0xff, 0xf8, 0x0, 0x0, 0x7, 0xfc, 0xf, 0xff,
    0xfc, 0x0, 0x0, 0x1f, 0xf8, 0x3f, 0xff, 0xfc,
    0x0, 0x0, 0x3f, 0xe0, 0xff, 0xff, 0xfc, 0x0,
    0x0, 0xff, 0xc3, 0xff, 0xff, 0xfc, 0x0, 0x1,
    0xff, 0x7, 0xff, 0xff, 0xf8, 0x0, 0x7, 0xfe,
    0x1f, 0xf8, 0x1f, 0xf8, 0x0, 0xf, 0xf8, 0x3f,
    0xe0, 0x1f, 0xf0, 0x0, 0x3f, 0xf0, 0xff, 0x80,
    0x1f, 0xf0, 0x0, 0x7f, 0xc1, 0xff, 0x0, 0x3f,
    0xe0, 0x1, 0xff, 0x83, 0xfc, 0x0, 0x3f, 0xc0,
    0x3, 0xfe, 0xf, 0xf8, 0x0, 0x7f, 0xc0, 0xf,
    0xfc, 0x1f, 0xf0, 0x0, 0xff, 0x80, 0x1f, 0xf0,
    0x3f, 0xe0, 0x1, 0xff, 0x0, 0x7f, 0xe0, 0x7f,
    0xc0, 0x3, 0xfe, 0x0, 0xff, 0x80, 0xff, 0x80,
    0x7, 0xfc, 0x3, 0xff, 0x1, 0xff, 0x0, 0xf,
    0xf8, 0x7, 0xfc, 0x3, 0xfe, 0x0, 0x1f, 0xf0,
    0x1f, 0xf8, 0x7, 0xfc, 0x0, 0x3f, 0xe0, 0x3f,
    0xe0, 0xf, 0xf8, 0x0, 0x7f, 0xc0, 0xff, 0xc0,
    0x1f, 0xf0, 0x0, 0xff, 0x81, 0xff, 0x0, 0x3f,
    0xe0, 0x1, 0xff, 0x3, 0xfe, 0x0, 0x3f, 0xc0,
    0x3, 0xfc, 0xf, 0xf8, 0x0, 0x7f, 0xc0, 0xf,
    0xf8, 0x1f, 0xf0, 0x0, 0xff, 0x80, 0x1f, 0xf0,
    0x7f, 0xc0, 0x0, 0xff, 0x80, 0x7f, 0xc0, 0xff,
    0x80, 0x1, 0xff, 0x81, 0xff, 0x83, 0xfe, 0x0,
    0x1, 0xff, 0xff, 0xfe, 0x7, 0xfc, 0x0, 0x3,
    0xff, 0xff, 0xfc, 0x1f, 0xf0, 0x0, 0x3, 0xff,
    0xff, 0xf0, 0x0, 0x0, 0x0, 0x3, 0xff, 0xff,
    0xc0, 0x0, 0x0, 0x0, 0x3, 0xff, 0xff, 0x0,
    0x0, 0x0, 0x0, 0x1, 0xff, 0xf8, 0x0, 0x0,
    0x0, 0x0, 0x0, 0x7f, 0x80, 0x0, 0x0, 0x0,
    0x0, 0x0, 0x0, 0x0, 0x0, 0x7f, 0xc0, 0x0,
    0x0, 0x0, 0x0, 0x3, 0xff, 0xe0, 0x0, 0x0,
    0x0, 0x0, 0x1f, 0xff, 0xf0, 0x0, 0x0, 0x0,
    0x0, 0x7f, 0xff, 0xf0, 0x0, 0x0, 0x0, 0x1,
    0xff, 0xff, 0xf0, 0x0, 0x3, 0xff, 0x7, 0xff,
    0xff, 0xf0, 0x0, 0x7, 0xfc, 0x1f, 0xff, 0xff,
    0xe0, 0x0, 0x1f, 0xf8, 0x3f, 0xf0, 0x7f, 0xe0,
    0x0, 0x7f, 0xe0, 0xff, 0xc0, 0x7f, 0xc0, 0x0,
    0xff, 0xc1, 0xff, 0x0, 0x7f, 0xc0, 0x3, 0xff,
    0x3, 0xfe, 0x0, 0xff, 0x80, 0x7, 0xfe, 0x7,
    0xf8, 0x0, 0xff, 0x0, 0x1f, 0xf8, 0x1f, 0xf0,
    0x1, 0xff, 0x0, 0x3f, 0xf0, 0x3f, 0xe0, 0x3,
    0xfe, 0x0, 0xff, 0xc0, 0x7f, 0xc0, 0x7, 0xfc,
    0x1, 0xff, 0x80, 0xff, 0x80, 0xf, 0xf8, 0x7,
    0xfe, 0x1, 0xff, 0x0, 0x1f, 0xf0, 0xf, 0xfc,
    0x3, 0xfe, 0x0, 0x3f, 0xe0, 0x3f, 0xf0, 0x7,
    0xfc, 0x0, 0x7f, 0xc0, 0x7f, 0xe0, 0xf, 0xf8,
    0x0, 0xff, 0x81, 0xff, 0x80, 0x1f, 0xf0, 0x1,
    0xff, 0x3, 0xff, 0x0, 0x3f, 0xe0, 0x3, 0xfe,
    0xf, 0xfc, 0x0, 0x7f, 0xc0, 0x7, 0xfc, 0x1f,
    0xf8, 0x0, 0x7f, 0x80, 0xf, 0xf0, 0x7f, 0xe0,
    0x0, 0xff, 0x80, 0x3f, 0xe0, 0xff, 0xc0, 0x1,
    0xff, 0x0, 0x7f, 0xc3, 0xff, 0x0, 0x3, 0xff,
    0x1, 0xff, 0x87, 0xfe, 0x0, 0x3, 0xff, 0x7,
    0xfe, 0x1f, 0xf8, 0x0, 0x7, 0xff, 0xff, 0xf8,
    0x3f, 0xf0, 0x0, 0x7, 0xff, 0xff, 0xf0, 0xff,
    0xc0, 0x0, 0x7, 0xff, 0xff, 0xc1, 0xff, 0x80,
    0x0, 0x7, 0xff, 0xff, 0x7, 0xfe, 0x0, 0x0,
    0x7, 0xff, 0xfc, 0xf, 0xfc, 0x0, 0x0, 0x3,
    0xff, 0xe0, 0x0, 0x0, 0x0, 0x0, 0x1, 0xff,
    0x0, 0x0,

    /* U+0026 "&" */
    0x0, 0x0, 0x1f, 0xf0, 0x0, 0x0, 0x0, 0x0,
    0x1, 0xff, 0xfc, 0x0, 0x0, 0x0, 0x0, 0x1f,
    0xff, 0xfe, 0x0, 0x0, 0x0, 0x0, 0x7f, 0xff,
    0xff, 0x0, 0x0, 0x0, 0x1, 0xff, 0xff, 0xff,
    0x0, 0x0, 0x0, 0x7, 0xff, 0xff, 0xff, 0x0,
    0x0, 0x0, 0x1f, 0xff, 0xff, 0xff, 0x0, 0x0,
    0x0, 0x7f, 0xff, 0xff, 0xff, 0x0, 0x0, 0x1,
    0xff, 0xff, 0xff, 0xff, 0x0, 0x0, 0x3, 0xff,
    0xe0, 0x7f, 0xfe, 0x0, 0x0, 0xf, 0xff, 0x80,
    0x3f, 0xfe, 0x0, 0x0, 0x1f, 0xfe, 0x0, 0x1f,
    0xf8, 0x0, 0x0, 0x3f, 0xf8, 0x0, 0x3f, 0xe0,
    0x0, 0x0, 0xff, 0xe0, 0x0, 0x3f, 0x0, 0x0,
    0x1, 0xff, 0xc0, 0x0, 0x38, 0x0, 0x0, 0x3,
    0xff, 0x80, 0x0, 0x40, 0x0, 0x0, 0x7, 0xff,
    0x0, 0x0, 0x0, 0x0, 0x0, 0xf, 0xfe, 0x0,
    0x0, 0x0, 0x0, 0x0, 0x1f, 0xfc, 0x0, 0x0,
    0x0, 0x0, 0x0, 0x3f, 0xf8, 0x0, 0x0, 0x0,
    0x0, 0x0, 0x7f, 0xf8, 0x0, 0x0, 0x0, 0x0,
    0x0, 0x7f, 0xf0, 0x0, 0x0, 0x0, 0x0, 0x0,
    0xff, 0xf0, 0x0, 0x0, 0x0, 0x0, 0x1, 0xff,
    0xe0, 0x0, 0x0, 0x0, 0x0, 0x1, 0xff, 0xe0,
    0x0, 0x0, 0x0, 0x0, 0x3, 0xff, 0xe0, 0x0,
    0x0, 0x0, 0x0, 0x3, 0xff, 0xc0, 0x0, 0x0,
    0x0, 0x0, 0x7, 0xff, 0xc0, 0x0, 0x0, 0x0,
    0x0, 0x7, 0xff, 0xc0, 0x0, 0x0, 0x0, 0x0,
    0x7, 0xff, 0xc0, 0x0, 0x0, 0x0, 0x0, 0x7,
    0xff, 0xc0, 0x0, 0x0, 0x0, 0x0, 0xf, 0xff,
    0x80, 0x3, 0xff, 0xfc, 0x0, 0xf, 0xff, 0x80,
    0x7, 0xff, 0xf8, 0x0, 0x7f, 0xff, 0x80, 0xf,
    0xff, 0xf0, 0x3, 0xff, 0xff, 0x80, 0x1f, 0xff,
    0xe0, 0xf, 0xff, 0xff, 0x0, 0x3f, 0xff, 0xc0,
    0x3f, 0xff, 0xff, 0x0, 0x7f, 0xff, 0x80, 0xff,
    0xff, 0xff, 0x0, 0xff, 0xff, 0x3, 0xff, 0xff,
    0xff, 0x1, 0xff, 0xfe, 0xf, 0xff, 0x3f, 0xfe,
    0x3, 0xff, 0xfc, 0x1f, 0xfe, 0x3f, 0xfe, 0x7,
    0xfc, 0x0, 0x7f, 0xf8, 0x3f, 0xfe, 0xf, 0xf8,
    0x0, 0xff, 0xe0, 0x3f, 0xfe, 0x1f, 0xf0, 0x3,
    0xff, 0xc0, 0x7f, 0xfc, 0x3f, 0xe0, 0x7, 0xff,
    0x80, 0x7f, 0xfc, 0x7f, 0x80, 0xf, 0xfe, 0x0,
    0x7f, 0xfd, 0xff, 0x0, 0x3f, 0xfc, 0x0, 0x7f,
    0xfb, 0xfe, 0x0, 0x7f, 0xf8, 0x0, 0x7f, 0xff,
    0xfc, 0x0, 0xff, 0xf0, 0x0, 0x7f, 0xff, 0xf0,
    0x1, 0xff, 0xe0, 0x0, 0xff, 0xff, 0xe0, 0x3,
    0xff, 0xc0, 0x0, 0xff, 0xff, 0xc0, 0x7, 0xff,
    0x80, 0x0, 0xff, 0xff, 0x0, 0xf, 0xff, 0x0,
    0x0, 0xff, 0xfe, 0x0, 0x1f, 0xfe, 0x0, 0x0,
    0xff, 0xfc, 0x0, 0x3f, 0xfe, 0x0, 0x1, 0xff,
    0xf8, 0x0, 0x7f, 0xfc, 0x0, 0x1, 0xff, 0xf8,
    0x0, 0x7f, 0xfc, 0x0, 0x7, 0xff, 0xf8, 0x0,
    0xff, 0xfc, 0x0, 0xf, 0xff, 0xf0, 0x1, 0xff,
    0xfc, 0x0, 0x7f, 0xff, 0xf0, 0x1, 0xff, 0xfe,
    0x3, 0xfd, 0xff, 0xf0, 0x3, 0xff, 0xff, 0xff,
    0xf9, 0xff, 0xf0, 0x3, 0xff, 0xff, 0xff, 0xe1,
    0xff, 0xf0, 0x7, 0xff, 0xff, 0xff, 0xc3, 0xff,
    0xf0, 0x7, 0xff, 0xff, 0xff, 0x3, 0xff, 0xe0,
    0x7, 0xff, 0xff, 0xfe, 0x3, 0xff, 0xe0, 0x7,
    0xff, 0xff, 0xf8, 0x3, 0xff, 0xe0, 0x7, 0xff,
    0xff, 0xe0, 0x3, 0xff, 0xe0, 0x3, 0xff, 0xff,
    0x80, 0x7, 0xff, 0xe0, 0x1, 0xff, 0xfc, 0x0,
    0x7, 0xff, 0xc0, 0x0, 0x7f, 0xc0, 0x0, 0x0,
    0x0, 0x0,

    /* U+0027 "'" */
    0xff, 0xff, 0xff, 0xff, 0xff, 0xff, 0xff, 0xff,
    0xff, 0xff, 0xff, 0xff, 0xff, 0xff, 0xff, 0xff,
    0xff, 0xff, 0xff, 0xff, 0xff, 0xff, 0xff, 0xff,
    0xff, 0xff, 0xff, 0xff, 0xff, 0xff, 0xff, 0xff,
    0xff, 0xff, 0xff, 0xff, 0xff, 0xff, 0xff, 0xff,
    0xff, 0xc0,

    /* U+0028 "(" */
    0x0, 0x0, 0xf, 0xff, 0x0, 0x0, 0x1f, 0xff,
    0x0, 0x0, 0x1f, 0xfe, 0x0, 0x0, 0x1f, 0xfe,
    0x0, 0x0, 0x1f, 0xfe, 0x0, 0x0, 0x1f, 0xfe,
    0x0, 0x0, 0x1f, 0xfe, 0x0, 0x0, 0xf, 0xfe,
    0x0, 0x0, 0xf, 0xfe, 0x0, 0x0, 0xf, 0xfe,
    0x0, 0x0, 0xf, 0xff, 0x0, 0x0, 0x7, 0xff,
    0x0, 0x0, 0x7, 0xff, 0x0, 0x0, 0x7, 0xff,
    0x0, 0x0, 0x3, 0xff, 0x80, 0x0, 0x3, 0xff,
    0x80, 0x0, 0x1, 0xff, 0x80, 0x0, 0x1, 0xff,
    0xc0, 0x0, 0x0, 0xff, 0xc0, 0x0, 0x0, 0xff,
    0xe0, 0x0, 0x0, 0x7f, 0xe0, 0x0, 0x0, 0x7f,
    0xf0, 0x0, 0x0, 0x3f, 0xf0, 0x0, 0x0, 0x3f,
    0xf8, 0x0, 0x0, 0x1f, 0xfc, 0x0, 0x0, 0xf,
    0xfc, 0x0, 0x0, 0xf, 0xfe, 0x0, 0x0, 0x7,
    0xff, 0x0, 0x0, 0x3, 0xff, 0x0, 0x0, 0x1,
    0xff, 0x80, 0x0, 0x1, 0xff, 0xc0, 0x0, 0x0,
    0xff, 0xe0, 0x0, 0x0, 0x7f, 0xe0, 0x0, 0x0,
    0x3f, 0xf0, 0x0, 0x0, 0x1f, 0xf8, 0x0, 0x0,
    0x1f, 0xfc, 0x0, 0x0, 0xf, 0xfe, 0x0, 0x0,
    0x7, 0xff, 0x0, 0x0, 0x3, 0xff, 0x80, 0x0,
    0x1, 0xff, 0xc0, 0x0, 0x0, 0xff, 0xe0, 0x0,
    0x0, 0x7f, 0xf0, 0x0, 0x0, 0x3f, 0xf8, 0x0,
    0x0, 0x1f, 0xfc, 0x0, 0x0, 0xf, 0xfe, 0x0,
    0x0, 0x7, 0xff, 0x0, 0x0, 0x3, 0xff, 0x80,
    0x0, 0x1, 0xff, 0xc0, 0x0, 0x0, 0xff, 0xe0,
    0x0, 0x0, 0x7f, 0xf0, 0x0, 0x0, 0x3f, 0xf8,
    0x0, 0x0, 0xf, 0xfc, 0x0, 0x0, 0x7, 0xfe,
    0x0, 0x0, 0x3, 0xff, 0x0, 0x0, 0x1, 0xff,
    0xc0, 0x0, 0x0, 0xff, 0xe0, 0x0, 0x0, 0x3f,
    0xf0, 0x0, 0x0, 0x1f, 0xf8, 0x0, 0x0, 0xf,
    0xfe, 0x0, 0x0, 0x7, 0xff, 0x0, 0x0, 0x1,
    0xff, 0x80, 0x0, 0x0, 0xff, 0xe0, 0x0, 0x0,
    0x7f, 0xf0, 0x0, 0x0, 0x1f, 0xf8, 0x0, 0x0,
    0xf, 0xfe, 0x0, 0x0, 0x3, 0xff, 0x0, 0x0,
    0x1, 0xff, 0xc0, 0x0, 0x0, 0x7f, 0xe0, 0x0,
    0x0, 0x3f, 0xf8, 0x0, 0x0, 0xf, 0xfc, 0x0,
    0x0, 0x7, 0xff, 0x0, 0x0, 0x1, 0xff, 0xc0,
    0x0, 0x0, 0xff, 0xe0, 0x0, 0x0, 0x3f, 0xf8,
    0x0, 0x0, 0xf, 0xfe, 0x0, 0x0, 0x7, 0xff,
    0x80, 0x0, 0x1, 0xff, 0xc0, 0x0, 0x0, 0x7f,
    0xf0, 0x0, 0x0, 0x1f, 0xfc, 0x0, 0x0, 0xf,
    0xff, 0x0, 0x0, 0x3, 0xff, 0xc0, 0x0, 0x0,
    0xff, 0xf0, 0x0, 0x0, 0x3f, 0xfc, 0x0, 0x0,
    0xf, 0xff, 0x0, 0x0, 0x3, 0xff, 0xe0, 0x0,
    0x0, 0x7f, 0xf8,

    /* U+0029 ")" */
    0x7f, 0xf8, 0x0, 0x0, 0x1f, 0xfe, 0x0, 0x0,
    0x3, 0xff, 0xc0, 0x0, 0x0, 0xff, 0xf0, 0x0,
    0x0, 0x3f, 0xfc, 0x0, 0x0, 0xf, 0xff, 0x0,
    0x0, 0x3, 0xff, 0xc0, 0x0, 0x0, 0xff, 0xe0,
    0x0, 0x0, 0x3f, 0xf8, 0x0, 0x0, 0xf, 0xfe,
    0x0, 0x0, 0x7, 0xff, 0x80, 0x0, 0x1, 0xff,
    0xc0, 0x0, 0x0, 0x7f, 0xf0, 0x0, 0x0, 0x1f,
    0xfc, 0x0, 0x0, 0xf, 0xfe, 0x0, 0x0, 0x3,
    0xff, 0x80, 0x0, 0x0, 0xff, 0xc0, 0x0, 0x0,
    0x7f, 0xf0, 0x0, 0x0, 0x1f, 0xf8, 0x0, 0x0,
    0xf, 0xfe, 0x0, 0x0, 0x3, 0xff, 0x0, 0x0,
    0x1, 0xff, 0xc0, 0x0, 0x0, 0x7f, 0xe0, 0x0,
    0x0, 0x3f, 0xf8, 0x0, 0x0, 0x1f, 0xfc, 0x0,
    0x0, 0x7, 0xfe, 0x0, 0x0, 0x3, 0xff, 0x80,
    0x0, 0x1, 0xff, 0xc0, 0x0, 0x0, 0x7f, 0xe0,
    0x0, 0x0, 0x3f, 0xf0, 0x0, 0x0, 0x1f, 0xfc,
    0x0, 0x0, 0xf, 0xfe, 0x0, 0x0, 0x3, 0xff,
    0x0, 0x0, 0x1, 0xff, 0x80, 0x0, 0x0, 0xff,
    0xc0, 0x0, 0x0, 0x7f, 0xf0, 0x0, 0x0, 0x3f,
    0xf8, 0x0, 0x0, 0x1f, 0xfc, 0x0, 0x0, 0xf,
    0xfe, 0x0, 0x0, 0x7, 0xff, 0x0, 0x0, 0x3,
    0xff, 0x80, 0x0, 0x1, 0xff, 0xc0, 0x0, 0x0,
    0xff, 0xe0, 0x0, 0x0, 0x7f, 0xf0, 0x0, 0x0,
    0x3f, 0xf8, 0x0, 0x0, 0x1f, 0xfc, 0x0, 0x0,
    0xf, 0xfe, 0x0, 0x0, 0x7, 0xff, 0x0, 0x0,
    0x3, 0xff, 0x80, 0x0, 0x1, 0xff, 0xc0, 0x0,
    0x0, 0xff, 0xe0, 0x0, 0x0, 0x7f, 0xe0, 0x0,
    0x0, 0x3f, 0xf0, 0x0, 0x0, 0x1f, 0xf8, 0x0,
    0x0, 0x1f, 0xfc, 0x0, 0x0, 0xf, 0xfe, 0x0,
    0x0, 0x7, 0xfe, 0x0, 0x0, 0x3, 0xff, 0x0,
    0x0, 0x3, 0xff, 0x80, 0x0, 0x1, 0xff, 0xc0,
    0x0, 0x0, 0xff, 0xc0, 0x0, 0x0, 0xff, 0xe0,
    0x0, 0x0, 0x7f, 0xf0, 0x0, 0x0, 0x3f, 0xf0,
    0x0, 0x0, 0x3f, 0xf8, 0x0, 0x0, 0x1f, 0xf8,
    0x0, 0x0, 0x1f, 0xfc, 0x0, 0x0, 0xf, 0xfc,
    0x0, 0x0, 0xf, 0xfe, 0x0, 0x0, 0x7, 0xfe,
    0x0, 0x0, 0x7, 0xff, 0x0, 0x0, 0x7, 0xff,
    0x0, 0x0, 0x3, 0xff, 0x80, 0x0, 0x3, 0xff,
    0x80, 0x0, 0x3, 0xff, 0x80, 0x0, 0x3, 0xff,
    0xc0, 0x0, 0x1, 0xff, 0xc0, 0x0, 0x1, 0xff,
    0xc0, 0x0, 0x1, 0xff, 0xc0, 0x0, 0x1, 0xff,
    0xe0, 0x0, 0x1, 0xff, 0xe0, 0x0, 0x1, 0xff,
    0xe0, 0x0, 0x1, 0xff, 0xe0, 0x0, 0x1, 0xff,
    0xe0, 0x0, 0x3, 0xff, 0xe0, 0x0, 0x3, 0xff,
    0xc0, 0x0, 0x0,

    /* U+002A "*" */
    0x0, 0x0, 0xf, 0xfe, 0x0, 0x0, 0x0, 0x0,
    0x1, 0xff, 0xc0, 0x0, 0x0, 0x0, 0x0, 0x3f,
    0xf8, 0x0, 0x0, 0x0, 0x0, 0x7, 0xff, 0x0,
    0x0, 0x0, 0x0, 0x0, 0xff, 0xe0, 0x0, 0x0,
    0x0, 0x0, 0x1f, 0xfc, 0x0, 0x0, 0x0, 0x0,
    0x3, 0xff, 0x80, 0x0, 0x0, 0x0, 0x0, 0x7f,
    0xf0, 0x0, 0x0, 0x0, 0x0, 0xf, 0xfe, 0x0,
    0x0, 0x0, 0x0, 0x1, 0xff, 0xc0, 0x0, 0x0,
    0x0, 0x0, 0x3f, 0xf8, 0x0, 0x0, 0x0, 0x0,
    0x7, 0xff, 0x0, 0x0, 0x1, 0x0, 0x0, 0xff,
    0xe0, 0x0, 0x10, 0x3c, 0x0, 0x1f, 0xfc, 0x0,
    0x1e, 0xf, 0xe0, 0x3, 0xff, 0x80, 0xf, 0xe1,
    0xff, 0x80, 0x7f, 0xf0, 0xf, 0xfc, 0x3f, 0xfe,
    0xf, 0xfe, 0xf, 0xff, 0x8f, 0xff, 0xf9, 0xff,
    0xcf, 0xff, 0xf9, 0xff, 0xff, 0xff, 0xff, 0xff,
    0xff, 0x3f, 0xff, 0xff, 0xff, 0xff, 0xff, 0xef,
    0xff, 0xff, 0xff, 0xff, 0xff, 0xff, 0xff, 0xff,
    0xff, 0xff, 0xff, 0xff, 0xdf, 0xff, 0xff, 0xff,
    0xff, 0xff, 0xe0, 0x7f, 0xff, 0xff, 0xff, 0xff,
    0xf0, 0x1, 0xff, 0xff, 0xff, 0xff, 0xf0, 0x0,
    0x7, 0xff, 0xff, 0xff, 0xf0, 0x0, 0x0, 0x1f,
    0xff, 0xff, 0xf0, 0x0, 0x0, 0x0, 0x7f, 0xff,
    0xf0, 0x0, 0x0, 0x0, 0x7, 0xff, 0xfc, 0x0,
    0x0, 0x0, 0x1, 0xff, 0xff, 0xc0, 0x0, 0x0,
    0x0, 0x7f, 0xff, 0xfc, 0x0, 0x0, 0x0, 0x1f,
    0xff, 0xff, 0xc0, 0x0, 0x0, 0x3, 0xff, 0xff,
    0xf8, 0x0, 0x0, 0x0, 0xff, 0xff, 0xff, 0x80,
    0x0, 0x0, 0x3f, 0xfe, 0xff, 0xf8, 0x0, 0x0,
    0xf, 0xff, 0x8f, 0xff, 0x80, 0x0, 0x1, 0xff,
    0xe0, 0xff, 0xf0, 0x0, 0x0, 0x7f, 0xfc, 0x1f,
    0xff, 0x0, 0x0, 0x1f, 0xff, 0x1, 0xff, 0xf0,
    0x0, 0x7, 0xff, 0xc0, 0x1f, 0xff, 0x0, 0x0,
    0xff, 0xf8, 0x3, 0xff, 0xe0, 0x0, 0x3f, 0xfe,
    0x0, 0x3f, 0xfe, 0x0, 0xf, 0xff, 0x80, 0x3,
    0xff, 0xe0, 0x0, 0xff, 0xe0, 0x0, 0x3f, 0xf8,
    0x0, 0xf, 0xfc, 0x0, 0x7, 0xfe, 0x0, 0x0,
    0x7f, 0x0, 0x0, 0x7f, 0x0, 0x0, 0x7, 0xc0,
    0x0, 0x7, 0xc0, 0x0, 0x0, 0x30, 0x0, 0x0,
    0x60, 0x0, 0x0, 0x2, 0x0, 0x0, 0x8, 0x0,
    0x0,

    /* U+002B "+" */
    0x0, 0x0, 0x7f, 0xf0, 0x0, 0x0, 0x0, 0x1,
    0xff, 0xc0, 0x0, 0x0, 0x0, 0x7, 0xff, 0x0,
    0x0, 0x0, 0x0, 0x1f, 0xfc, 0x0, 0x0, 0x0,
    0x0, 0x7f, 0xf0, 0x0, 0x0, 0x0, 0x1, 0xff,
    0xc0, 0x0, 0x0, 0x0, 0x7, 0xff, 0x0, 0x0,
    0x0, 0x0, 0x1f, 0xfc, 0x0, 0x0, 0x0, 0x0,
    0x7f, 0xf0, 0x0, 0x0, 0x0, 0x1, 0xff, 0xc0,
    0x0, 0x0, 0x0, 0x7, 0xff, 0x0, 0x0, 0x0,
    0x0, 0x1f, 0xfc, 0x0, 0x0, 0x0, 0x0, 0x7f,
    0xf0, 0x0, 0x0, 0x0, 0x1, 0xff, 0xc0, 0x0,
    0x0, 0x0, 0x7, 0xff, 0x0, 0x0, 0x0, 0x0,
    0x1f, 0xfc, 0x0, 0x0, 0x0, 0x0, 0x7f, 0xf0,
    0x0, 0x0, 0x0, 0x1, 0xff, 0xc0, 0x0, 0xf,
    0xff, 0xff, 0xff, 0xff, 0xff, 0xff, 0xff, 0xff,
    0xff, 0xff, 0xff, 0xff, 0xff, 0xff, 0xff, 0xff,
    0xff, 0xff, 0xff, 0xff, 0xff, 0xff, 0xff, 0xff,
    0xff, 0xff, 0xff, 0xff, 0xff, 0xff, 0xff, 0xff,
    0xff, 0xff, 0xff, 0xff, 0xff, 0xff, 0xff, 0xff,
    0xff, 0xff, 0xff, 0xff, 0xff, 0xff, 0xff, 0xff,
    0xff, 0xff, 0xff, 0xff, 0xff, 0xff, 0xff, 0xff,
    0xff, 0x0, 0x0, 0x7f, 0xf0, 0x0, 0x0, 0x0,
    0x1, 0xff, 0xc0, 0x0, 0x0, 0x0, 0x7, 0xff,
    0x0, 0x0, 0x0, 0x0, 0x1f, 0xfc, 0x0, 0x0,
    0x0, 0x0, 0x7f, 0xf0, 0x0, 0x0, 0x0, 0x1,
    0xff, 0xc0, 0x0, 0x0, 0x0, 0x7, 0xff, 0x0,
    0x0, 0x0, 0x0, 0x1f, 0xfc, 0x0, 0x0, 0x0,
    0x0, 0x7f, 0xf0, 0x0, 0x0, 0x0, 0x1, 0xff,
    0xc0, 0x0, 0x0, 0x0, 0x7, 0xff, 0x0, 0x0,
    0x0, 0x0, 0x1f, 0xfc, 0x0, 0x0, 0x0, 0x0,
    0x7f, 0xf0, 0x0, 0x0, 0x0, 0x1, 0xff, 0xc0,
    0x0, 0x0, 0x0, 0x7, 0xff, 0x0, 0x0, 0x0,
    0x0, 0x1f, 0xfc, 0x0, 0x0, 0x0, 0x0, 0x7f,
    0xf0, 0x0, 0x0, 0x0, 0x1, 0xff, 0xc0, 0x0,
    0x0, 0x0, 0x7, 0xff, 0x0, 0x0, 0x0,

    /* U+002C "," */
    0x3, 0xff, 0xfc, 0x1f, 0xff, 0xf0, 0x7f, 0xff,
    0x81, 0xff, 0xfe, 0x7, 0xff, 0xf0, 0x1f, 0xff,
    0xc0, 0xff, 0xfe, 0x3, 0xff, 0xf8, 0xf, 0xff,
    0xe0, 0x3f, 0xff, 0x0, 0xff, 0xfc, 0x3, 0xff,
    0xe0, 0x1f, 0xff, 0x80, 0x7f, 0xfe, 0x1, 0xff,
    0xf0, 0x7, 0xff, 0xc0, 0x1f, 0xfe, 0x0, 0x7f,
    0xf8, 0x3, 0xff, 0xc0, 0xf, 0xff, 0x0, 0x3f,
    0xfc, 0x0, 0xff, 0xe0, 0x3, 0xff, 0x80, 0x1f,
    0xfc, 0x0, 0x7f, 0xf0, 0x1, 0xff, 0xc0, 0x7,
    0xfe, 0x0, 0x1f, 0xf8, 0x0, 0x7f, 0xc0, 0x3,
    0xff, 0x0, 0x0,

    /* U+002D "-" */
    0xff, 0xff, 0xff, 0xff, 0xff, 0xff, 0xff, 0xff,
    0xff, 0xff, 0xff, 0xff, 0xff, 0xff, 0xff, 0xff,
    0xff, 0xff, 0xff, 0xff, 0xff, 0xff, 0xff, 0xff,
    0xff, 0xff, 0xff, 0xff, 0xff, 0xff, 0xff, 0xff,
    0xff, 0xff, 0xff, 0xff, 0xff, 0xff, 0xff, 0xff,
    0xff, 0xff, 0xff, 0xff, 0xff,

    /* U+002E "." */
    0x7, 0xf8, 0x7, 0xff, 0x83, 0xff, 0xf1, 0xff,
    0xfe, 0xff, 0xff, 0xff, 0xff, 0xff, 0xff, 0xff,
    0xff, 0xff, 0xff, 0xff, 0xff, 0xff, 0xff, 0xff,
    0xff, 0xff, 0xff, 0xff, 0xff, 0xdf, 0xff, 0xe3,
    0xff, 0xf0, 0x7f, 0xf8, 0x7, 0xf8, 0x0,

    /* U+002F "/" */
    0x0, 0x0, 0x0, 0x0, 0xff, 0xe0, 0x0, 0x0,
    0x0, 0x1f, 0xfc, 0x0, 0x0, 0x0, 0x7, 0xff,
    0x0, 0x0, 0x0, 0x0, 0xff, 0xe0, 0x0, 0x0,
    0x0, 0x1f, 0xfc, 0x0, 0x0, 0x0, 0x7, 0xff,
    0x0, 0x0, 0x0, 0x0, 0xff, 0xe0, 0x0, 0x0,
    0x0, 0x1f, 0xfc, 0x0, 0x0, 0x0, 0x7, 0xff,
    0x0, 0x0, 0x0, 0x0, 0xff, 0xe0, 0x0, 0x0,
    0x0, 0x3f, 0xf8, 0x0, 0x0, 0x0, 0x7, 0xff,
    0x0, 0x0, 0x0, 0x0, 0xff, 0xe0, 0x0, 0x0,
    0x0, 0x3f, 0xf8, 0x0, 0x0, 0x0, 0x7, 0xff,
    0x0, 0x0, 0x0, 0x0, 0xff, 0xe0, 0x0, 0x0,
    0x0, 0x3f, 0xf8, 0x0, 0x0, 0x0, 0x7, 0xff,
    0x0, 0x0, 0x0, 0x1, 0xff, 0xe0, 0x0, 0x0,
    0x0, 0x3f, 0xf8, 0x0, 0x0, 0x0, 0x7, 0xff,
    0x0, 0x0, 0x0, 0x1, 0xff, 0xc0, 0x0, 0x0,
    0x0, 0x3f, 0xf8, 0x0, 0x0, 0x0, 0x7, 0xff,
    0x0, 0x0, 0x0, 0x1, 0xff, 0xc0, 0x0, 0x0,
    0x0, 0x3f, 0xf8, 0x0, 0x0, 0x0, 0x7, 0xff,
    0x0, 0x0, 0x0, 0x1, 0xff, 0xc0, 0x0, 0x0,
    0x0, 0x3f, 0xf8, 0x0, 0x0, 0x0, 0xf, 0xff,
    0x0, 0x0, 0x0, 0x1, 0xff, 0xc0, 0x0, 0x0,
    0x0, 0x3f, 0xf8, 0x0, 0x0, 0x0, 0xf, 0xfe,
    0x0, 0x0, 0x0, 0x1, 0xff, 0xc0, 0x0, 0x0,
    0x0, 0x3f, 0xf8, 0x0, 0x0, 0x0, 0xf, 0xfe,
    0x0, 0x0, 0x0, 0x1, 0xff, 0xc0, 0x0, 0x0,
    0x0, 0x3f, 0xf8, 0x0, 0x0, 0x0, 0xf, 0xfe,
    0x0, 0x0, 0x0, 0x1, 0xff, 0xc0, 0x0, 0x0,
    0x0, 0x7f, 0xf8, 0x0, 0x0, 0x0, 0xf, 0xfe,
    0x0, 0x0, 0x0, 0x1, 0xff, 0xc0, 0x0, 0x0,
    0x0, 0x7f, 0xf0, 0x0, 0x0, 0x0, 0xf, 0xfe,
    0x0, 0x0, 0x0, 0x1, 0xff, 0xc0, 0x0, 0x0,
    0x0, 0x7f, 0xf0, 0x0, 0x0, 0x0, 0xf, 0xfe,
    0x0, 0x0, 0x0, 0x1, 0xff, 0xc0, 0x0, 0x0,
    0x0, 0x7f, 0xf0, 0x0, 0x0, 0x0, 0xf, 0xfe,
    0x0, 0x0, 0x0, 0x3, 0xff, 0xc0, 0x0, 0x0,
    0x0, 0x7f, 0xf0, 0x0, 0x0, 0x0, 0xf, 0xfe,
    0x0, 0x0, 0x0, 0x3, 0xff, 0x80, 0x0, 0x0,
    0x0, 0x7f, 0xf0, 0x0, 0x0, 0x0, 0xf, 0xfe,
    0x0, 0x0, 0x0, 0x3, 0xff, 0x80, 0x0, 0x0,
    0x0, 0x7f, 0xf0, 0x0, 0x0, 0x0, 0xf, 0xfe,
    0x0, 0x0, 0x0, 0x3, 0xff, 0x80, 0x0, 0x0,
    0x0, 0x7f, 0xf0, 0x0, 0x0, 0x0, 0x1f, 0xfc,
    0x0, 0x0, 0x0, 0x3, 0xff, 0x80, 0x0, 0x0,
    0x0, 0x7f, 0xf0, 0x0, 0x0, 0x0, 0x1f, 0xfc,
    0x0, 0x0, 0x0, 0x3, 0xff, 0x80, 0x0, 0x0,
    0x0, 0x7f, 0xf0, 0x0, 0x0, 0x0, 0x1f, 0xfc,
    0x0, 0x0, 0x0, 0x3, 0xff, 0x80, 0x0, 0x0,
    0x0, 0x7f, 0xf0, 0x0, 0x0, 0x0, 0x1f, 0xfc,
    0x0, 0x0, 0x0, 0x3, 0xff, 0x80, 0x0, 0x0,
    0x0, 0xff, 0xe0, 0x0, 0x0, 0x0, 0x1f, 0xfc,
    0x0, 0x0, 0x0, 0x3, 0xff, 0x80, 0x0, 0x0,
    0x0, 0xff, 0xe0, 0x0, 0x0, 0x0, 0x1f, 0xfc,
    0x0, 0x0, 0x0, 0x3, 0xff, 0x80, 0x0, 0x0,
    0x0, 0xff, 0xe0, 0x0, 0x0, 0x0, 0x1f, 0xfc,
    0x0, 0x0, 0x0, 0x7, 0xff, 0x80, 0x0, 0x0,
    0x0, 0xff, 0xe0, 0x0, 0x0, 0x0, 0x1f, 0xfc,
    0x0, 0x0, 0x0, 0x7, 0xff, 0x0, 0x0, 0x0,
    0x0, 0xff, 0xe0, 0x0, 0x0, 0x0, 0x1f, 0xfc,
    0x0, 0x0, 0x0, 0x0,

    /* U+0030 "0" */
    0x0, 0x0, 0xf, 0xfe, 0x0, 0x0, 0x0, 0x0,
    0x1f, 0xff, 0xfc, 0x0, 0x0, 0x0, 0xf, 0xff,
    0xff, 0xe0, 0x0, 0x0, 0x7, 0xff, 0xff, 0xff,
    0x0, 0x0, 0x1, 0xff, 0xff, 0xff, 0xf0, 0x0,
    0x0, 0xff, 0xff, 0xff, 0xff, 0x80, 0x0, 0x3f,
    0xff, 0xff, 0xff, 0xf8, 0x0, 0xf, 0xff, 0xff,
    0xff, 0xff, 0x80, 0x1, 0xff, 0xff, 0xff, 0xff,
    0xf0, 0x0, 0x7f, 0xff, 0xff, 0xff, 0xff, 0x0,
    0x1f, 0xff, 0xf0, 0x1f, 0xff, 0xf0, 0x3, 0xff,
    0xf0, 0x0, 0x7f, 0xfe, 0x0, 0xff, 0xfc, 0x0,
    0x7, 0xff, 0xe0, 0x1f, 0xff, 0x0, 0x0, 0x7f,
    0xfc, 0x7, 0xff, 0xc0, 0x0, 0x7, 0xff, 0xc0,
    0xff, 0xf8, 0x0, 0x0, 0xff, 0xf8, 0x1f, 0xfe,
    0x0, 0x0, 0xf, 0xff, 0x7, 0xff, 0xc0, 0x0,
    0x1, 0xff, 0xf0, 0xff, 0xf0, 0x0, 0x0, 0x1f,
    0xfe, 0x1f, 0xfe, 0x0, 0x0, 0x3, 0xff, 0xc7,
    0xff, 0xc0, 0x0, 0x0, 0x7f, 0xfc, 0xff, 0xf8,
    0x0, 0x0, 0xf, 0xff, 0x9f, 0xfe, 0x0, 0x0,
    0x0, 0xff, 0xf3, 0xff, 0xc0, 0x0, 0x0, 0x1f,
    0xfe, 0x7f, 0xf8, 0x0, 0x0, 0x3, 0xff, 0xcf,
    0xff, 0x0, 0x0, 0x0, 0x7f, 0xfb, 0xff, 0xe0,
    0x0, 0x0, 0xf, 0xff, 0xff, 0xfc, 0x0, 0x0,
    0x1, 0xff, 0xff, 0xff, 0x80, 0x0, 0x0, 0x3f,
    0xff, 0xff, 0xf0, 0x0, 0x0, 0x7, 0xff, 0xff,
    0xfe, 0x0, 0xfc, 0x0, 0xff, 0xff, 0xff, 0xc0,
    0x7f, 0xe0, 0x1f, 0xff, 0xff, 0xf8, 0x1f, 0xfe,
    0x3, 0xff, 0xff, 0xff, 0x3, 0xff, 0xc0, 0x7f,
    0xff, 0xff, 0xe0, 0x7f, 0xf8, 0xf, 0xff, 0xff,
    0xfc, 0xf, 0xff, 0x1, 0xff, 0xff, 0xff, 0x81,
    0xff, 0xe0, 0x3f, 0xff, 0xff, 0xf0, 0x3f, 0xfc,
    0x7, 0xff, 0xff, 0xfe, 0x7, 0xff, 0x80, 0xff,
    0xff, 0xff, 0xc0, 0x7f, 0xe0, 0x1f, 0xff, 0xff,
    0xf8, 0x3, 0xf0, 0x3, 0xff, 0xff, 0xff, 0x0,
    0x0, 0x0, 0x7f, 0xff, 0xff, 0xe0, 0x0, 0x0,
    0xf, 0xff, 0xff, 0xfc, 0x0, 0x0, 0x1, 0xff,
    0xf7, 0xff, 0x80, 0x0, 0x0, 0x3f, 0xfc, 0xff,
    0xf0, 0x0, 0x0, 0x7, 0xff, 0x9f, 0xfe, 0x0,
    0x0, 0x0, 0xff, 0xf3, 0xff, 0xc0, 0x0, 0x0,
    0x1f, 0xfe, 0x7f, 0xfc, 0x0, 0x0, 0x7, 0xff,
    0xcf, 0xff, 0x80, 0x0, 0x0, 0xff, 0xf8, 0xff,
    0xf0, 0x0, 0x0, 0x1f, 0xfe, 0x1f, 0xfe, 0x0,
    0x0, 0x3, 0xff, 0xc3, 0xff, 0xe0, 0x0, 0x0,
    0xff, 0xf8, 0x3f, 0xfc, 0x0, 0x0, 0x1f, 0xfe,
    0x7, 0xff, 0xc0, 0x0, 0x7, 0xff, 0xc0, 0xff,
    0xf8, 0x0, 0x0, 0xff, 0xf8, 0xf, 0xff, 0x80,
    0x0, 0x3f, 0xfe, 0x1, 0xff, 0xf8, 0x0, 0xf,
    0xff, 0xc0, 0x1f, 0xff, 0x80, 0x3, 0xff, 0xf0,
    0x3, 0xff, 0xfe, 0x3, 0xff, 0xfe, 0x0, 0x3f,
    0xff, 0xff, 0xff, 0xff, 0x80, 0x3, 0xff, 0xff,
    0xff, 0xff, 0xe0, 0x0, 0x7f, 0xff, 0xff, 0xff,
    0xfc, 0x0, 0x7, 0xff, 0xff, 0xff, 0xff, 0x0,
    0x0, 0x7f, 0xff, 0xff, 0xff, 0xc0, 0x0, 0x3,
    0xff, 0xff, 0xff, 0xe0, 0x0, 0x0, 0x3f, 0xff,
    0xff, 0xf8, 0x0, 0x0, 0x1, 0xff, 0xff, 0xfc,
    0x0, 0x0, 0x0, 0xf, 0xff, 0xfe, 0x0, 0x0,
    0x0, 0x0, 0x1f, 0xfc, 0x0, 0x0, 0x0,

    /* U+0031 "1" */
    0x0, 0x0, 0xff, 0xff, 0xf0, 0x0, 0x0, 0x0,
    0x3f, 0xff, 0xfe, 0x0, 0x0, 0x0, 0xf, 0xff,
    0xff, 0xc0, 0x0, 0x0, 0x1, 0xff, 0xff, 0xf8,
    0x0, 0x0, 0x0, 0x7f, 0xff, 0xff, 0x0, 0x0,
    0x0, 0x1f, 0xff, 0xff, 0xe0, 0x0, 0x0, 0x7,
    0xff, 0xff, 0xfc, 0x0, 0x0, 0x1, 0xff, 0xff,
    0xff, 0x80, 0x0, 0x0, 0x7f, 0xff, 0xff, 0xf0,
    0x0, 0x0, 0xf, 0xff, 0xbf, 0xfe, 0x0, 0x0,
    0x3, 0xff, 0xe7, 0xff, 0xc0, 0x0, 0x0, 0xff,
    0xf8, 0xff, 0xf8, 0x0, 0x0, 0x3f, 0xfe, 0x1f,
    0xff, 0x0, 0x0, 0xf, 0xff, 0x83, 0xff, 0xe0,
    0x0, 0x3, 0xff, 0xf0, 0x7f, 0xfc, 0x0, 0x0,
    0x7f, 0xfc, 0xf, 0xff, 0x80, 0x0, 0x1f, 0xff,
    0x1, 0xff, 0xf0, 0x0, 0x7, 0xff, 0xc0, 0x3f,
    0xfe, 0x0, 0x1, 0xff, 0xf0, 0x7, 0xff, 0xc0,
    0x0, 0x7f, 0xfe, 0x0, 0xff, 0xf8, 0x0, 0x7,
    0xff, 0x80, 0x1f, 0xff, 0x0, 0x0, 0x7f, 0xe0,
    0x3, 0xff, 0xe0, 0x0, 0x7, 0xf8, 0x0, 0x7f,
    0xfc, 0x0, 0x0, 0x7e, 0x0, 0xf, 0xff, 0x80,
    0x0, 0x3, 0x80, 0x1, 0xff, 0xf0, 0x0, 0x0,
    0x30, 0x0, 0x3f, 0xfe, 0x0, 0x0, 0x0, 0x0,
    0x7, 0xff, 0xc0, 0x0, 0x0, 0x0, 0x0, 0xff,
    0xf8, 0x0, 0x0, 0x0, 0x0, 0x1f, 0xff, 0x0,
    0x0, 0x0, 0x0, 0x3, 0xff, 0xe0, 0x0, 0x0,
    0x0, 0x0, 0x7f, 0xfc, 0x0, 0x0, 0x0, 0x0,
    0xf, 0xff, 0x80, 0x0, 0x0, 0x0, 0x1, 0xff,
    0xf0, 0x0, 0x0, 0x0, 0x0, 0x3f, 0xfe, 0x0,
    0x0, 0x0, 0x0, 0x7, 0xff, 0xc0, 0x0, 0x0,
    0x0, 0x0, 0xff, 0xf8, 0x0, 0x0, 0x0, 0x0,
    0x1f, 0xff, 0x0, 0x0, 0x0, 0x0, 0x3, 0xff,
    0xe0, 0x0, 0x0, 0x0, 0x0, 0x7f, 0xfc, 0x0,
    0x0, 0x0, 0x0, 0xf, 0xff, 0x80, 0x0, 0x0,
    0x0, 0x1, 0xff, 0xf0, 0x0, 0x0, 0x0, 0x0,
    0x3f, 0xfe, 0x0, 0x0, 0x0, 0x0, 0x7, 0xff,
    0xc0, 0x0, 0x0, 0x0, 0x0, 0xff, 0xf8, 0x0,
    0x0, 0x0, 0x0, 0x1f, 0xff, 0x0, 0x0, 0x0,
    0x0, 0x3, 0xff, 0xe0, 0x0, 0x0, 0x0, 0x0,
    0x7f, 0xfc, 0x0, 0x0, 0x0, 0x0, 0xf, 0xff,
    0x80, 0x0, 0x0, 0x0, 0x1, 0xff, 0xf0, 0x0,
    0x0, 0x0, 0x0, 0x3f, 0xfe, 0x0, 0x0, 0x0,
    0x0, 0x7, 0xff, 0xc0, 0x0, 0x0, 0x0, 0x0,
    0xff, 0xf8, 0x0, 0x0, 0x0, 0x0, 0x1f, 0xff,
    0x0, 0x0, 0x0, 0x0, 0x3, 0xff, 0xe0, 0x0,
    0x0, 0x0, 0x0, 0x7f, 0xfc, 0x0, 0x0, 0x0,
    0x0, 0xf, 0xff, 0x80, 0x0, 0x0, 0x0, 0x1,
    0xff, 0xf0, 0x0, 0x0, 0xff, 0xff, 0xff, 0xff,
    0xff, 0xfc, 0x1f, 0xff, 0xff, 0xff, 0xff, 0xff,
    0x83, 0xff, 0xff, 0xff, 0xff, 0xff, 0xf0, 0x7f,
    0xff, 0xff, 0xff, 0xff, 0xfe, 0xf, 0xff, 0xff,
    0xff, 0xff, 0xff, 0xc1, 0xff, 0xff, 0xff, 0xff,
    0xff, 0xf8, 0x3f, 0xff, 0xff, 0xff, 0xff, 0xff,
    0x7, 0xff, 0xff, 0xff, 0xff, 0xff, 0xe0, 0xff,
    0xff, 0xff, 0xff, 0xff, 0xfc, 0x1f, 0xff, 0xff,
    0xff, 0xff, 0xff, 0x80,

    /* U+0032 "2" */
    0x0, 0x0, 0x3f, 0xf8, 0x0, 0x0, 0x0, 0x3,
    0xff, 0xff, 0x80, 0x0, 0x0, 0xf, 0xff, 0xff,
    0xe0, 0x0, 0x0, 0x3f, 0xff, 0xff, 0xf8, 0x0,
    0x0, 0x7f, 0xff, 0xff, 0xfe, 0x0, 0x1, 0xff,
    0xff, 0xff, 0xff, 0x0, 0x3, 0xff, 0xff, 0xff,
    0xff, 0x80, 0x7, 0xff, 0xff, 0xff, 0xff, 0xc0,
    0xf, 0xff, 0xff, 0xff, 0xff, 0xe0, 0xf, 0xff,
    0xff, 0xff, 0xff, 0xe0, 0x1f, 0xff, 0xff, 0xff,
    0xff, 0xf0, 0x3f, 0xff, 0xe0, 0x3f, 0xff, 0xf0,
    0x3f, 0xff, 0x80, 0x7, 0xff, 0xf8, 0x7f, 0xfe,
    0x0, 0x3, 0xff, 0xf8, 0x7f, 0xfc, 0x0, 0x1,
    0xff, 0xf8, 0xff, 0xfc, 0x0, 0x0, 0xff, 0xf8,
    0xff, 0xf8, 0x0, 0x0, 0xff, 0xfc, 0x7f, 0xf0,
    0x0, 0x0, 0x7f, 0xfc, 0xf, 0xf0, 0x0, 0x0,
    0x7f, 0xfc, 0x3, 0xe0, 0x0, 0x0, 0x7f, 0xfc,
    0x0, 0x60, 0x0, 0x0, 0x7f, 0xfc, 0x0, 0x0,
    0x0, 0x0, 0x7f, 0xfc, 0x0, 0x0, 0x0, 0x0,
    0x7f, 0xfc, 0x0, 0x0, 0x0, 0x0, 0x7f, 0xfc,
    0x0, 0x0, 0x0, 0x0, 0x7f, 0xfc, 0x0, 0x0,
    0x0, 0x0, 0x7f, 0xf8, 0x0, 0x0, 0x0, 0x0,
    0xff, 0xf8, 0x0, 0x0, 0x0, 0x0, 0xff, 0xf8,
    0x0, 0x0, 0x0, 0x1, 0xff, 0xf8, 0x0, 0x0,
    0x0, 0x1, 0xff, 0xf0, 0x0, 0x0, 0x0, 0x3,
    0xff, 0xf0, 0x0, 0x0, 0x0, 0x3, 0xff, 0xe0,
    0x0, 0x0, 0x0, 0x7, 0xff, 0xe0, 0x0, 0x0,
    0x0, 0xf, 0xff, 0xc0, 0x0, 0x0, 0x0, 0x1f,
    0xff, 0x80, 0x0, 0x0, 0x0, 0x3f, 0xff, 0x80,
    0x0, 0x0, 0x0, 0x7f, 0xff, 0x0, 0x0, 0x0,
    0x0, 0xff, 0xfe, 0x0, 0x0, 0x0, 0x1, 0xff,
    0xfc, 0x0, 0x0, 0x0, 0x3, 0xff, 0xf8, 0x0,
    0x0, 0x0, 0x7, 0xff, 0xf0, 0x0, 0x0, 0x0,
    0xf, 0xff, 0xe0, 0x0, 0x0, 0x0, 0x3f, 0xff,
    0xc0, 0x0, 0x0, 0x0, 0x7f, 0xff, 0x80, 0x0,
    0x0, 0x0, 0xff, 0xff, 0x0, 0x0, 0x0, 0x1,
    0xff, 0xfe, 0x0, 0x0, 0x0, 0x3, 0xff, 0xfc,
    0x0, 0x0, 0x0, 0x7, 0xff, 0xf0, 0x0, 0x0,
    0x0, 0xf, 0xff, 0xe0, 0x0, 0x0, 0x0, 0x3f,
    0xff, 0xc0, 0x0, 0x0, 0x0, 0x7f, 0xff, 0x80,
    0x0, 0x0, 0x0, 0xff, 0xff, 0x0, 0x0, 0x0,
    0x1, 0xff, 0xfc, 0x0, 0x0, 0x0, 0x3, 0xff,
    0xf8, 0x0, 0x0, 0x0, 0x7, 0xff, 0xf0, 0x0,
    0x0, 0x0, 0xf, 0xff, 0xe0, 0x0, 0x0, 0x0,
    0x3f, 0xff, 0xc0, 0x0, 0x0, 0x0, 0x7f, 0xff,
    0x80, 0x0, 0x0, 0x0, 0x7f, 0xfe, 0x0, 0x0,
    0x0, 0x0, 0x7f, 0xff, 0xff, 0xff, 0xff, 0xff,
    0x7f, 0xff, 0xff, 0xff, 0xff, 0xff, 0x7f, 0xff,
    0xff, 0xff, 0xff, 0xff, 0x7f, 0xff, 0xff, 0xff,
    0xff, 0xff, 0x7f, 0xff, 0xff, 0xff, 0xff, 0xff,
    0x7f, 0xff, 0xff, 0xff, 0xff, 0xff, 0x7f, 0xff,
    0xff, 0xff, 0xff, 0xff, 0x7f, 0xff, 0xff, 0xff,
    0xff, 0xff, 0x7f, 0xff, 0xff, 0xff, 0xff, 0xff,
    0x7f, 0xff, 0xff, 0xff, 0xff, 0xff,

    /* U+0033 "3" */
    0x0, 0x0, 0x1f, 0xfe, 0x0, 0x0, 0x0, 0x0,
    0xff, 0xff, 0xf0, 0x0, 0x0, 0x3, 0xff, 0xff,
    0xff, 0x0, 0x0, 0x7, 0xff, 0xff, 0xff, 0xe0,
    0x0, 0x7, 0xff, 0xff, 0xff, 0xf8, 0x0, 0x7,
    0xff, 0xff, 0xff, 0xfe, 0x0, 0xf, 0xff, 0xff,
    0xff, 0xff, 0xc0, 0xf, 0xff, 0xff, 0xff, 0xff,
    0xe0, 0xf, 0xff, 0xff, 0xff, 0xff, 0xf8, 0xf,
    0xff, 0xff, 0xff, 0xff, 0xfe, 0x7, 0xff, 0xfe,
    0x3, 0xff, 0xff, 0x3, 0xff, 0xf8, 0x0, 0x3f,
    0xff, 0xc0, 0xff, 0xf0, 0x0, 0xf, 0xff, 0xe0,
    0x3f, 0xf0, 0x0, 0x3, 0xff, 0xf0, 0xf, 0xf0,
    0x0, 0x0, 0xff, 0xfc, 0x3, 0xf0, 0x0, 0x0,
    0x7f, 0xfe, 0x0, 0xf0, 0x0, 0x0, 0x1f, 0xff,
    0x0, 0x30, 0x0, 0x0, 0xf, 0xff, 0x80, 0x8,
    0x0, 0x0, 0x7, 0xff, 0xc0, 0x0, 0x0, 0x0,
    0x3, 0xff, 0xe0, 0x0, 0x0, 0x0, 0x1, 0xff,
    0xf0, 0x0, 0x0, 0x0, 0x0, 0xff, 0xf8, 0x0,
    0x0, 0x0, 0x0, 0x7f, 0xf8, 0x0, 0x0, 0x0,
    0x0, 0x7f, 0xfc, 0x0, 0x0, 0x0, 0x0, 0x3f,
    0xfe, 0x0, 0x0, 0x0, 0x0, 0x3f, 0xfe, 0x0,
    0x0, 0x0, 0x0, 0x3f, 0xfe, 0x0, 0x0, 0x0,
    0x0, 0x3f, 0xff, 0x0, 0x0, 0x0, 0x0, 0xff,
    0xff, 0x0, 0x0, 0x7, 0xff, 0xff, 0xff, 0x0,
    0x0, 0x3, 0xff, 0xff, 0xff, 0x0, 0x0, 0x1,
    0xff, 0xff, 0xfe, 0x0, 0x0, 0x0, 0xff, 0xff,
    0xfc, 0x0, 0x0, 0x0, 0x7f, 0xff, 0xf0, 0x0,
    0x0, 0x0, 0x3f, 0xff, 0xff, 0x0, 0x0, 0x0,
    0x1f, 0xff, 0xff, 0xe0, 0x0, 0x0, 0xf, 0xff,
    0xff, 0xfc, 0x0, 0x0, 0x7, 0xff, 0xff, 0xff,
    0x0, 0x0, 0x3, 0xff, 0xff, 0xff, 0xc0, 0x0,
    0x0, 0x0, 0x1f, 0xff, 0xf0, 0x0, 0x0, 0x0,
    0x1, 0xff, 0xfc, 0x0, 0x0, 0x0, 0x0, 0x3f,
    0xff, 0x0, 0x0, 0x0, 0x0, 0xf, 0xff, 0x80,
    0x0, 0x0, 0x0, 0x3, 0xff, 0xe0, 0x0, 0x0,
    0x0, 0x1, 0xff, 0xf0, 0x0, 0x0, 0x0, 0x0,
    0xff, 0xf8, 0x0, 0x0, 0x0, 0x0, 0x3f, 0xfe,
    0x0, 0x0, 0x0, 0x0, 0x1f, 0xff, 0x0, 0x0,
    0x0, 0x0, 0xf, 0xff, 0x80, 0x0, 0x0, 0x0,
    0x7, 0xff, 0xc0, 0x0, 0x0, 0x0, 0x3, 0xff,
    0xe0, 0x18, 0x0, 0x0, 0x1, 0xff, 0xf0, 0x1e,
    0x0, 0x0, 0x0, 0xff, 0xf8, 0x3f, 0x0, 0x0,
    0x0, 0xff, 0xfc, 0x3f, 0xc0, 0x0, 0x0, 0x7f,
    0xfe, 0x3f, 0xf0, 0x0, 0x0, 0x7f, 0xfe, 0x3f,
    0xfc, 0x0, 0x0, 0x3f, 0xff, 0x7f, 0xff, 0x0,
    0x0, 0x3f, 0xff, 0xbf, 0xff, 0xe0, 0x0, 0x7f,
    0xff, 0x8f, 0xff, 0xfe, 0x1, 0xff, 0xff, 0xc3,
    0xff, 0xff, 0xff, 0xff, 0xff, 0xc0, 0xff, 0xff,
    0xff, 0xff, 0xff, 0xc0, 0x3f, 0xff, 0xff, 0xff,
    0xff, 0xc0, 0xf, 0xff, 0xff, 0xff, 0xff, 0xc0,
    0x3, 0xff, 0xff, 0xff, 0xff, 0xc0, 0x0, 0xff,
    0xff, 0xff, 0xff, 0xc0, 0x0, 0x1f, 0xff, 0xff,
    0xff, 0x80, 0x0, 0x3, 0xff, 0xff, 0xff, 0x0,
    0x0, 0x0, 0x7f, 0xff, 0xfe, 0x0, 0x0, 0x0,
    0x3, 0xff, 0xe0, 0x0, 0x0,

    /* U+0034 "4" */
    0x0, 0x0, 0x0, 0x1f, 0xff, 0xe0, 0x0, 0x0,
    0x0, 0x1, 0xff, 0xfe, 0x0, 0x0, 0x0, 0x0,
    0x3f, 0xff, 0xe0, 0x0, 0x0, 0x0, 0x7, 0xff,
    0xfe, 0x0, 0x0, 0x0, 0x0, 0x7f, 0xff, 0xe0,
    0x0, 0x0, 0x0, 0xf, 0xff, 0xfe, 0x0, 0x0,
    0x0, 0x0, 0xff, 0xff, 0xe0, 0x0, 0x0, 0x0,
    0x1f, 0xff, 0xfe, 0x0, 0x0, 0x0, 0x3, 0xff,
    0xff, 0xe0, 0x0, 0x0, 0x0, 0x3f, 0xff, 0xfe,
    0x0, 0x0, 0x0, 0x7, 0xff, 0xff, 0xe0, 0x0,
    0x0, 0x0, 0xff, 0xff, 0xfe, 0x0, 0x0, 0x0,
    0xf, 0xff, 0xff, 0xe0, 0x0, 0x0, 0x1, 0xff,
    0xdf, 0xfe, 0x0, 0x0, 0x0, 0x1f, 0xf9, 0xff,
    0xe0, 0x0, 0x0, 0x3, 0xff, 0x9f, 0xfe, 0x0,
    0x0, 0x0, 0x7f, 0xf1, 0xff, 0xe0, 0x0, 0x0,
    0x7, 0xfe, 0x1f, 0xfe, 0x0, 0x0, 0x0, 0xff,
    0xe1, 0xff, 0xe0, 0x0, 0x0, 0x1f, 0xfc, 0x1f,
    0xfe, 0x0, 0x0, 0x1, 0xff, 0x81, 0xff, 0xe0,
    0x0, 0x0, 0x3f, 0xf8, 0x1f, 0xfe, 0x0, 0x0,
    0x3, 0xff, 0x1, 0xff, 0xe0, 0x0, 0x0, 0x7f,
    0xf0, 0x1f, 0xfe, 0x0, 0x0, 0xf, 0xfe, 0x1,
    0xff, 0xe0, 0x0, 0x0, 0xff, 0xc0, 0x1f, 0xfe,
    0x0, 0x0, 0x1f, 0xfc, 0x1, 0xff, 0xe0, 0x0,
    0x3, 0xff, 0x80, 0x1f, 0xfe, 0x0, 0x0, 0x3f,
    0xf8, 0x1, 0xff, 0xe0, 0x0, 0x7, 0xff, 0x0,
    0x1f, 0xfe, 0x0, 0x0, 0xff, 0xe0, 0x1, 0xff,
    0xe0, 0x0, 0xf, 0xfe, 0x0, 0x1f, 0xfe, 0x0,
    0x1, 0xff, 0xc0, 0x1, 0xff, 0xe0, 0x0, 0x1f,
    0xf8, 0x0, 0x1f, 0xfe, 0x0, 0x3, 0xff, 0x80,
    0x1, 0xff, 0xe0, 0x0, 0x7f, 0xf0, 0x0, 0x1f,
    0xfe, 0x0, 0x7, 0xff, 0x0, 0x1, 0xff, 0xe0,
    0x0, 0xff, 0xe0, 0x0, 0x1f, 0xfe, 0x0, 0x1f,
    0xfc, 0x0, 0x1, 0xff, 0xe0, 0x1, 0xff, 0xc0,
    0x0, 0x1f, 0xfe, 0x0, 0x3f, 0xf8, 0x0, 0x1,
    0xff, 0xe0, 0x3, 0xff, 0x0, 0x0, 0x1f, 0xfe,
    0x0, 0x7f, 0xf0, 0x0, 0x1, 0xff, 0xe0, 0xf,
    0xfe, 0x0, 0x0, 0x1f, 0xfe, 0x0, 0xff, 0xe0,
    0x0, 0x1, 0xff, 0xe0, 0xf, 0xff, 0xff, 0xff,
    0xff, 0xff, 0xff, 0xff, 0xff, 0xff, 0xff, 0xff,
    0xff, 0xff, 0xff, 0xff, 0xff, 0xff, 0xff, 0xff,
    0xff, 0xff, 0xff, 0xff, 0xff, 0xff, 0xff, 0xff,
    0xff, 0xff, 0xff, 0xff, 0xff, 0xff, 0xff, 0xff,
    0xff, 0xff, 0xff, 0xff, 0xff, 0xff, 0xff, 0xff,
    0xff, 0xff, 0xff, 0xff, 0xff, 0xff, 0xff, 0xff,
    0xff, 0xff, 0xff, 0xff, 0xff, 0xff, 0xff, 0xff,
    0xff, 0xff, 0xff, 0xff, 0xff, 0xf0, 0x0, 0x0,
    0x0, 0x1f, 0xfe, 0x0, 0x0, 0x0, 0x0, 0x1,
    0xff, 0xe0, 0x0, 0x0, 0x0, 0x0, 0x1f, 0xfe,
    0x0, 0x0, 0x0, 0x0, 0x1, 0xff, 0xe0, 0x0,
    0x0, 0x0, 0x0, 0x1f, 0xfe, 0x0, 0x0, 0x0,
    0x0, 0x1, 0xff, 0xe0, 0x0, 0x0, 0x0, 0x0,
    0x1f, 0xfe, 0x0, 0x0, 0x0, 0x0, 0x1, 0xff,
    0xe0, 0x0, 0x0, 0x0, 0x0, 0x1f, 0xfe, 0x0,
    0x0, 0x0, 0x0, 0x1, 0xff, 0xe0, 0x0, 0x0,
    0x0, 0x0, 0x1f, 0xfe, 0x0, 0x0, 0x0, 0x0,
    0x1, 0xff, 0xe0, 0x0, 0x0, 0x0, 0x0, 0x1f,
    0xfe, 0x0,

    /* U+0035 "5" */
    0xf, 0xff, 0xff, 0xff, 0xff, 0xf0, 0xf, 0xff,
    0xff, 0xff, 0xff, 0xf0, 0xf, 0xff, 0xff, 0xff,
    0xff, 0xf0, 0xf, 0xff, 0xff, 0xff, 0xff, 0xf0,
    0xf, 0xff, 0xff, 0xff, 0xff, 0xf0, 0xf, 0xff,
    0xff, 0xff, 0xff, 0xf0, 0xf, 0xff, 0xff, 0xff,
    0xff, 0xf0, 0xf, 0xff, 0xff, 0xff, 0xff, 0xf0,
    0xf, 0xff, 0xff, 0xff, 0xff, 0xf0, 0xf, 0xff,
    0xff, 0xff, 0xff, 0xf0, 0xf, 0xff, 0xff, 0xff,
    0xff, 0xf0, 0xf, 0xfc, 0x0, 0x0, 0x0, 0x0,
    0xf, 0xfc, 0x0, 0x0, 0x0, 0x0, 0x1f, 0xfc,
    0x0, 0x0, 0x0, 0x0, 0x1f, 0xf8, 0x0, 0x0,
    0x0, 0x0, 0x1f, 0xf8, 0x0, 0x0, 0x0, 0x0,
    0x1f, 0xf8, 0x0, 0x0, 0x0, 0x0, 0x1f, 0xf8,
    0x0, 0x0, 0x0, 0x0, 0x1f, 0xf8, 0x0, 0x0,
    0x0, 0x0, 0x1f, 0xf8, 0x0, 0x0, 0x0, 0x0,
    0x1f, 0xf8, 0x0, 0x0, 0x0, 0x0, 0x1f, 0xf8,
    0x0, 0x0, 0x0, 0x0, 0x1f, 0xf8, 0x0, 0x0,
    0x0, 0x0, 0x1f, 0xf8, 0x0, 0x0, 0x0, 0x0,
    0x1f, 0xf8, 0x0, 0x0, 0x0, 0x0, 0x1f, 0xf8,
    0x1, 0xff, 0x0, 0x0, 0x1f, 0xf8, 0xf, 0xff,
    0xf0, 0x0, 0x1f, 0xf8, 0x1f, 0xff, 0xfc, 0x0,
    0x1f, 0xf0, 0x7f, 0xff, 0xff, 0x0, 0x3f, 0xf0,
    0xff, 0xff, 0xff, 0x80, 0x3f, 0xf1, 0xff, 0xff,
    0xff, 0xc0, 0x3f, 0xf1, 0xff, 0xff, 0xff, 0xe0,
    0x3f, 0xf3, 0xff, 0xff, 0xff, 0xf0, 0x3f, 0xf7,
    0xff, 0xff, 0xff, 0xf8, 0x3f, 0xff, 0xff, 0xff,
    0xff, 0xf8, 0x3f, 0xff, 0xe0, 0x1f, 0xff, 0xfc,
    0x3f, 0xff, 0x80, 0x3, 0xff, 0xfc, 0x3f, 0xfe,
    0x0, 0x1, 0xff, 0xfe, 0x3f, 0xfc, 0x0, 0x0,
    0xff, 0xfe, 0x0, 0xf8, 0x0, 0x0, 0x7f, 0xfe,
    0x0, 0x0, 0x0, 0x0, 0x3f, 0xfe, 0x0, 0x0,
    0x0, 0x0, 0x3f, 0xff, 0x0, 0x0, 0x0, 0x0,
    0x3f, 0xff, 0x0, 0x0, 0x0, 0x0, 0x1f, 0xff,
    0x0, 0x0, 0x0, 0x0, 0x1f, 0xff, 0x0, 0x0,
    0x0, 0x0, 0x1f, 0xff, 0x0, 0x0, 0x0, 0x0,
    0x1f, 0xff, 0x0, 0x0, 0x0, 0x0, 0x1f, 0xff,
    0x0, 0x0, 0x0, 0x0, 0x1f, 0xff, 0x0, 0x0,
    0x0, 0x0, 0x1f, 0xff, 0x0, 0x80, 0x0, 0x0,
    0x1f, 0xff, 0x3, 0xc0, 0x0, 0x0, 0x3f, 0xfe,
    0x7, 0xe0, 0x0, 0x0, 0x3f, 0xfe, 0xf, 0xe0,
    0x0, 0x0, 0x3f, 0xfe, 0x1f, 0xf0, 0x0, 0x0,
    0x7f, 0xfe, 0x7f, 0xf8, 0x0, 0x0, 0xff, 0xfc,
    0xff, 0xfe, 0x0, 0x1, 0xff, 0xfc, 0xff, 0xff,
    0x0, 0x3, 0xff, 0xf8, 0x7f, 0xff, 0xe0, 0x1f,
    0xff, 0xf8, 0x7f, 0xff, 0xff, 0xff, 0xff, 0xf0,
    0x3f, 0xff, 0xff, 0xff, 0xff, 0xe0, 0x1f, 0xff,
    0xff, 0xff, 0xff, 0xc0, 0xf, 0xff, 0xff, 0xff,
    0xff, 0x80, 0x7, 0xff, 0xff, 0xff, 0xff, 0x0,
    0x1, 0xff, 0xff, 0xff, 0xfe, 0x0, 0x0, 0xff,
    0xff, 0xff, 0xf8, 0x0, 0x0, 0x3f, 0xff, 0xff,
    0xe0, 0x0, 0x0, 0x7, 0xff, 0xff, 0x80, 0x0,
    0x0, 0x0, 0x7f, 0xf8, 0x0, 0x0,

    /* U+0036 "6" */
    0x0, 0x0, 0x0, 0xff, 0xff, 0x80, 0x0, 0x0,
    0x0, 0xff, 0xff, 0x80, 0x0, 0x0, 0x1, 0xff,
    0xff, 0x0, 0x0, 0x0, 0x1, 0xff, 0xff, 0x0,
    0x0, 0x0, 0x1, 0xff, 0xff, 0x0, 0x0, 0x0,
    0x1, 0xff, 0xfe, 0x0, 0x0, 0x0, 0x1, 0xff,
    0xfe, 0x0, 0x0, 0x0, 0x1, 0xff, 0xfe, 0x0,
    0x0, 0x0, 0x1, 0xff, 0xfe, 0x0, 0x0, 0x0,
    0x1, 0xff, 0xfe, 0x0, 0x0, 0x0, 0x1, 0xff,
    0xfe, 0x0, 0x0, 0x0, 0x1, 0xff, 0xfc, 0x0,
    0x0, 0x0, 0x1, 0xff, 0xfc, 0x0, 0x0, 0x0,
    0x1, 0xff, 0xfc, 0x0, 0x0, 0x0, 0x0, 0xff,
    0xfc, 0x0, 0x0, 0x0, 0x0, 0xff, 0xfc, 0x0,
    0x0, 0x0, 0x0, 0xff, 0xfe, 0x0, 0x0, 0x0,
    0x0, 0x7f, 0xfe, 0x0, 0x0, 0x0, 0x0, 0x7f,
    0xfe, 0x0, 0x0, 0x0, 0x0, 0x7f, 0xfe, 0x0,
    0x0, 0x0, 0x0, 0x3f, 0xfe, 0x0, 0x0, 0x0,
    0x0, 0x3f, 0xff, 0x0, 0x0, 0x0, 0x0, 0x1f,
    0xff, 0x0, 0x0, 0x0, 0x0, 0x1f, 0xff, 0x80,
    0x0, 0x0, 0x0, 0xf, 0xff, 0x80, 0x0, 0x0,
    0x0, 0xf, 0xff, 0x80, 0x3f, 0xe0, 0x0, 0x7,
    0xff, 0xc0, 0xff, 0xfe, 0x0, 0x3, 0xff, 0xe1,
    0xff, 0xff, 0xc0, 0x3, 0xff, 0xe1, 0xff, 0xff,
    0xf8, 0x1, 0xff, 0xf1, 0xff, 0xff, 0xfe, 0x0,
    0xff, 0xf1, 0xff, 0xff, 0xff, 0x80, 0xff, 0xf9,
    0xff, 0xff, 0xff, 0xe0, 0x7f, 0xfd, 0xff, 0xff,
    0xff, 0xf8, 0x3f, 0xfc, 0xff, 0xff, 0xff, 0xfe,
    0x1f, 0xfe, 0xff, 0xff, 0xff, 0xff, 0xf, 0xff,
    0xfe, 0x0, 0xff, 0xff, 0xcf, 0xff, 0xfc, 0x0,
    0x1f, 0xff, 0xe7, 0xff, 0xfc, 0x0, 0x7, 0xff,
    0xfb, 0xff, 0xf8, 0x0, 0x1, 0xff, 0xfd, 0xff,
    0xfc, 0x0, 0x0, 0x7f, 0xfe, 0xff, 0xfc, 0x0,
    0x0, 0x1f, 0xff, 0x7f, 0xfe, 0x0, 0x0, 0xf,
    0xff, 0xff, 0xfe, 0x0, 0x0, 0x3, 0xff, 0xff,
    0xff, 0x0, 0x0, 0x1, 0xff, 0xff, 0xff, 0x80,
    0x0, 0x0, 0xff, 0xff, 0xff, 0xc0, 0x0, 0x0,
    0x7f, 0xff, 0xff, 0xe0, 0x0, 0x0, 0x3f, 0xff,
    0xff, 0xf0, 0x0, 0x0, 0x1f, 0xff, 0xff, 0xf8,
    0x0, 0x0, 0xf, 0xff, 0xbf, 0xfc, 0x0, 0x0,
    0x7, 0xff, 0xdf, 0xfe, 0x0, 0x0, 0x3, 0xff,
    0xef, 0xff, 0x0, 0x0, 0x1, 0xff, 0xe7, 0xff,
    0xc0, 0x0, 0x1, 0xff, 0xf1, 0xff, 0xe0, 0x0,
    0x0, 0xff, 0xf8, 0xff, 0xf8, 0x0, 0x0, 0xff,
    0xfc, 0x7f, 0xfc, 0x0, 0x0, 0x7f, 0xfc, 0x1f,
    0xff, 0x0, 0x0, 0x7f, 0xfe, 0xf, 0xff, 0xe0,
    0x0, 0xff, 0xfe, 0x3, 0xff, 0xfc, 0x1, 0xff,
    0xff, 0x0, 0xff, 0xff, 0xff, 0xff, 0xff, 0x0,
    0x7f, 0xff, 0xff, 0xff, 0xff, 0x0, 0x1f, 0xff,
    0xff, 0xff, 0xff, 0x0, 0x7, 0xff, 0xff, 0xff,
    0xff, 0x0, 0x1, 0xff, 0xff, 0xff, 0xff, 0x0,
    0x0, 0x7f, 0xff, 0xff, 0xff, 0x0, 0x0, 0xf,
    0xff, 0xff, 0xff, 0x0, 0x0, 0x1, 0xff, 0xff,
    0xfe, 0x0, 0x0, 0x0, 0x3f, 0xff, 0xf8, 0x0,
    0x0, 0x0, 0x1, 0xff, 0xc0, 0x0, 0x0,

    /* U+0037 "7" */
    0xff, 0xff, 0xff, 0xff, 0xff, 0xff, 0xff, 0xff,
    0xff, 0xff, 0xff, 0xff, 0xff, 0xff, 0xff, 0xff,
    0xff, 0xff, 0xff, 0xff, 0xff, 0xff, 0xff, 0xff,
    0xff, 0xff, 0xff, 0xff, 0xff, 0xff, 0xff, 0xff,
    0xff, 0xff, 0xff, 0xff, 0xff, 0xff, 0xff, 0xff,
    0xff, 0xff, 0xff, 0xff, 0xff, 0xff, 0xff, 0xff,
    0xff, 0xff, 0xff, 0xff, 0xff, 0xff, 0xff, 0xff,
    0xff, 0xff, 0xff, 0xff, 0x80, 0x0, 0x0, 0xff,
    0xff, 0xff, 0x0, 0x0, 0x1, 0xff, 0xff, 0xfe,
    0x0, 0x0, 0x3, 0xff, 0xdf, 0xfc, 0x0, 0x0,
    0xf, 0xff, 0xbf, 0xf8, 0x0, 0x0, 0x1f, 0xfe,
    0x7f, 0xf0, 0x0, 0x0, 0x7f, 0xfc, 0xff, 0xe0,
    0x0, 0x0, 0xff, 0xf9, 0xff, 0xc0, 0x0, 0x1,
    0xff, 0xe3, 0xff, 0x80, 0x0, 0x7, 0xff, 0xc7,
    0xff, 0x0, 0x0, 0xf, 0xff, 0xf, 0xfe, 0x0,
    0x0, 0x3f, 0xfe, 0x1f, 0xfc, 0x0, 0x0, 0x7f,
    0xfc, 0x0, 0x0, 0x0, 0x1, 0xff, 0xf0, 0x0,
    0x0, 0x0, 0x3, 0xff, 0xe0, 0x0, 0x0, 0x0,
    0x7, 0xff, 0x80, 0x0, 0x0, 0x0, 0x1f, 0xff,
    0x0, 0x0, 0x0, 0x0, 0x3f, 0xfe, 0x0, 0x0,
    0x0, 0x0, 0xff, 0xf8, 0x0, 0x0, 0x0, 0x1,
    0xff, 0xf0, 0x0, 0x0, 0x0, 0x3, 0xff, 0xc0,
    0x0, 0x0, 0x0, 0xf, 0xff, 0x80, 0x0, 0x0,
    0x0, 0x1f, 0xff, 0x0, 0x0, 0x0, 0x0, 0x7f,
    0xfc, 0x0, 0x0, 0x0, 0x0, 0xff, 0xf8, 0x0,
    0x0, 0x0, 0x3, 0xff, 0xe0, 0x0, 0x0, 0x0,
    0x7, 0xff, 0xc0, 0x0, 0x0, 0x0, 0xf, 0xff,
    0x80, 0x0, 0x0, 0x0, 0x3f, 0xfe, 0x0, 0x0,
    0x0, 0x0, 0x7f, 0xfc, 0x0, 0x0, 0x0, 0x1,
    0xff, 0xf0, 0x0, 0x0, 0x0, 0x3, 0xff, 0xe0,
    0x0, 0x0, 0x0, 0x7, 0xff, 0x80, 0x0, 0x0,
    0x0, 0x1f, 0xff, 0x0, 0x0, 0x0, 0x0, 0x3f,
    0xfe, 0x0, 0x0, 0x0, 0x0, 0xff, 0xf8, 0x0,
    0x0, 0x0, 0x1, 0xff, 0xf0, 0x0, 0x0, 0x0,
    0x7, 0xff, 0xc0, 0x0, 0x0, 0x0, 0xf, 0xff,
    0x80, 0x0, 0x0, 0x0, 0x1f, 0xff, 0x0, 0x0,
    0x0, 0x0, 0x7f, 0xfc, 0x0, 0x0, 0x0, 0x0,
    0xff, 0xf8, 0x0, 0x0, 0x0, 0x3, 0xff, 0xe0,
    0x0, 0x0, 0x0, 0x7, 0xff, 0xc0, 0x0, 0x0,
    0x0, 0xf, 0xff, 0x80, 0x0, 0x0, 0x0, 0x3f,
    0xfe, 0x0, 0x0, 0x0, 0x0, 0x7f, 0xfc, 0x0,
    0x0, 0x0, 0x1, 0xff, 0xf0, 0x0, 0x0, 0x0,
    0x3, 0xff, 0xe0, 0x0, 0x0, 0x0, 0x7, 0xff,
    0xc0, 0x0, 0x0, 0x0, 0x1f, 0xff, 0x0, 0x0,
    0x0, 0x0, 0x3f, 0xfe, 0x0, 0x0, 0x0, 0x0,
    0xff, 0xf8, 0x0, 0x0, 0x0, 0x1, 0xff, 0xf0,
    0x0, 0x0, 0x0, 0x7, 0xff, 0xe0, 0x0, 0x0,
    0x0, 0xf, 0xff, 0x80, 0x0, 0x0, 0x0, 0x1f,
    0xff, 0x0, 0x0, 0x0, 0x0, 0x7f, 0xfc, 0x0,
    0x0, 0x0,

    /* U+0038 "8" */
    0x0, 0x0, 0x1f, 0xfe, 0x0, 0x0, 0x0, 0x0,
    0xff, 0xff, 0xf8, 0x0, 0x0, 0x0, 0xff, 0xff,
    0xff, 0xc0, 0x0, 0x0, 0xff, 0xff, 0xff, 0xfc,
    0x0, 0x0, 0x7f, 0xff, 0xff, 0xff, 0x80, 0x0,
    0x7f, 0xff, 0xff, 0xff, 0xf8, 0x0, 0x3f, 0xff,
    0xff, 0xff, 0xff, 0x0, 0x1f, 0xff, 0xff, 0xff,
    0xff, 0xe0, 0x7, 0xff, 0xff, 0xff, 0xff, 0xf8,
    0x3, 0xff, 0xff, 0xff, 0xff, 0xff, 0x0, 0xff,
    0xff, 0x80, 0x7f, 0xff, 0xc0, 0x7f, 0xff, 0x0,
    0x3, 0xff, 0xf8, 0x1f, 0xff, 0x80, 0x0, 0x7f,
    0xfe, 0xf, 0xff, 0xc0, 0x0, 0xf, 0xff, 0x83,
    0xff, 0xe0, 0x0, 0x1, 0xff, 0xf0, 0xff, 0xf8,
    0x0, 0x0, 0x7f, 0xfc, 0x3f, 0xfc, 0x0, 0x0,
    0xf, 0xff, 0xf, 0xff, 0x0, 0x0, 0x3, 0xff,
    0xc3, 0xff, 0xc0, 0x0, 0x0, 0xff, 0xf0, 0xff,
    0xf0, 0x0, 0x0, 0x3f, 0xfc, 0x3f, 0xfc, 0x0,
    0x0, 0xf, 0xff, 0xf, 0xff, 0x0, 0x0, 0x3,
    0xff, 0xc1, 0xff, 0xc0, 0x0, 0x0, 0xff, 0xe0,
    0x7f, 0xf0, 0x0, 0x0, 0x3f, 0xf8, 0x1f, 0xfe,
    0x0, 0x0, 0x1f, 0xfe, 0x3, 0xff, 0x80, 0x0,
    0x7, 0xff, 0x0, 0xff, 0xf0, 0x0, 0x3, 0xff,
    0xc0, 0x1f, 0xfe, 0x0, 0x1, 0xff, 0xe0, 0x3,
    0xff, 0xc0, 0x0, 0xff, 0xf0, 0x0, 0x7f, 0xfe,
    0x1, 0xff, 0xf8, 0x0, 0xf, 0xff, 0xff, 0xff,
    0xfc, 0x0, 0x1, 0xff, 0xff, 0xff, 0xfe, 0x0,
    0x0, 0x1f, 0xff, 0xff, 0xfe, 0x0, 0x0, 0x1,
    0xff, 0xff, 0xfe, 0x0, 0x0, 0x0, 0x7f, 0xff,
    0xff, 0x80, 0x0, 0x0, 0xff, 0xff, 0xff, 0xfc,
    0x0, 0x0, 0xff, 0xff, 0xff, 0xff, 0xc0, 0x0,
    0x7f, 0xff, 0xff, 0xff, 0xf8, 0x0, 0x7f, 0xff,
    0xff, 0xff, 0xff, 0x80, 0x3f, 0xff, 0xc0, 0x1f,
    0xff, 0xf0, 0x1f, 0xff, 0xc0, 0x0, 0xff, 0xfe,
    0xf, 0xff, 0xc0, 0x0, 0xf, 0xff, 0x83, 0xff,
    0xe0, 0x0, 0x1, 0xff, 0xf1, 0xff, 0xf0, 0x0,
    0x0, 0x3f, 0xfe, 0x7f, 0xfc, 0x0, 0x0, 0xf,
    0xff, 0x9f, 0xfe, 0x0, 0x0, 0x1, 0xff, 0xef,
    0xff, 0x80, 0x0, 0x0, 0x7f, 0xff, 0xff, 0xe0,
    0x0, 0x0, 0x1f, 0xff, 0xff, 0xf8, 0x0, 0x0,
    0x7, 0xff, 0xff, 0xfe, 0x0, 0x0, 0x1, 0xff,
    0xff, 0xff, 0x80, 0x0, 0x0, 0x7f, 0xff, 0xff,
    0xe0, 0x0, 0x0, 0x1f, 0xff, 0xff, 0xf8, 0x0,
    0x0, 0x7, 0xff, 0xff, 0xfe, 0x0, 0x0, 0x1,
    0xff, 0xff, 0xff, 0xc0, 0x0, 0x0, 0xff, 0xfd,
    0xff, 0xf0, 0x0, 0x0, 0x3f, 0xfe, 0x7f, 0xfe,
    0x0, 0x0, 0x1f, 0xff, 0x9f, 0xff, 0xc0, 0x0,
    0xf, 0xff, 0xe3, 0xff, 0xfc, 0x0, 0xf, 0xff,
    0xf0, 0xff, 0xff, 0xe0, 0x1f, 0xff, 0xfc, 0x1f,
    0xff, 0xff, 0xff, 0xff, 0xfe, 0x3, 0xff, 0xff,
    0xff, 0xff, 0xff, 0x0, 0xff, 0xff, 0xff, 0xff,
    0xff, 0xc0, 0x1f, 0xff, 0xff, 0xff, 0xff, 0xe0,
    0x1, 0xff, 0xff, 0xff, 0xff, 0xe0, 0x0, 0x3f,
    0xff, 0xff, 0xff, 0xf0, 0x0, 0x7, 0xff, 0xff,
    0xff, 0xf8, 0x0, 0x0, 0x3f, 0xff, 0xff, 0xf0,
    0x0, 0x0, 0x3, 0xff, 0xff, 0xf0, 0x0, 0x0,
    0x0, 0x7, 0xff, 0x80, 0x0, 0x0,

    /* U+0039 "9" */
    0x0, 0x0, 0x1f, 0xfc, 0x0, 0x0, 0x0, 0x0,
    0xff, 0xff, 0xe0, 0x0, 0x0, 0x3, 0xff, 0xff,
    0xfc, 0x0, 0x0, 0x3, 0xff, 0xff, 0xff, 0x80,
    0x0, 0x7, 0xff, 0xff, 0xff, 0xe0, 0x0, 0x7,
    0xff, 0xff, 0xff, 0xfc, 0x0, 0x7, 0xff, 0xff,
    0xff, 0xff, 0x0, 0x7, 0xff, 0xff, 0xff, 0xff,
    0xc0, 0x7, 0xff, 0xff, 0xff, 0xff, 0xf0, 0x7,
    0xff, 0xff, 0xff, 0xff, 0xf8, 0x7, 0xff, 0xfc,
    0x1, 0xff, 0xfe, 0x3, 0xff, 0xf8, 0x0, 0x3f,
    0xff, 0x83, 0xff, 0xf0, 0x0, 0x7, 0xff, 0xc1,
    0xff, 0xf0, 0x0, 0x1, 0xff, 0xf1, 0xff, 0xf8,
    0x0, 0x0, 0xff, 0xf8, 0xff, 0xf8, 0x0, 0x0,
    0x3f, 0xfc, 0x7f, 0xfc, 0x0, 0x0, 0x1f, 0xff,
    0x3f, 0xfc, 0x0, 0x0, 0x7, 0xff, 0xbf, 0xfe,
    0x0, 0x0, 0x3, 0xff, 0xdf, 0xff, 0x0, 0x0,
    0x1, 0xff, 0xef, 0xff, 0x80, 0x0, 0x0, 0xff,
    0xff, 0xff, 0xc0, 0x0, 0x0, 0x7f, 0xff, 0xff,
    0xe0, 0x0, 0x0, 0x3f, 0xff, 0xff, 0xf0, 0x0,
    0x0, 0x1f, 0xff, 0xff, 0xf8, 0x0, 0x0, 0xf,
    0xff, 0xff, 0xfc, 0x0, 0x0, 0x7, 0xff, 0xff,
    0xfe, 0x0, 0x0, 0x3, 0xff, 0xff, 0xff, 0x80,
    0x0, 0x3, 0xff, 0xff, 0xff, 0xc0, 0x0, 0x1,
    0xff, 0xfb, 0xff, 0xf0, 0x0, 0x1, 0xff, 0xfd,
    0xff, 0xf8, 0x0, 0x1, 0xff, 0xfe, 0xff, 0xfe,
    0x0, 0x1, 0xff, 0xff, 0x3f, 0xff, 0xc0, 0x1,
    0xff, 0xff, 0x9f, 0xff, 0xf8, 0x3, 0xff, 0xff,
    0x87, 0xff, 0xff, 0xff, 0xfb, 0xff, 0xc3, 0xff,
    0xff, 0xff, 0xf9, 0xff, 0xe0, 0xff, 0xff, 0xff,
    0xfd, 0xff, 0xf0, 0x3f, 0xff, 0xff, 0xfc, 0xff,
    0xf8, 0xf, 0xff, 0xff, 0xfc, 0x7f, 0xf8, 0x3,
    0xff, 0xff, 0xfc, 0x7f, 0xfc, 0x0, 0xff, 0xff,
    0xfc, 0x3f, 0xfe, 0x0, 0x1f, 0xff, 0xfc, 0x3f,
    0xfe, 0x0, 0x3, 0xff, 0xf8, 0x1f, 0xff, 0x0,
    0x0, 0x3f, 0xe0, 0xf, 0xff, 0x80, 0x0, 0x0,
    0x0, 0xf, 0xff, 0x80, 0x0, 0x0, 0x0, 0xf,
    0xff, 0xc0, 0x0, 0x0, 0x0, 0x7, 0xff, 0xc0,
    0x0, 0x0, 0x0, 0x7, 0xff, 0xe0, 0x0, 0x0,
    0x0, 0x7, 0xff, 0xe0, 0x0, 0x0, 0x0, 0x3,
    0xff, 0xf0, 0x0, 0x0, 0x0, 0x3, 0xff, 0xf0,
    0x0, 0x0, 0x0, 0x3, 0xff, 0xf0, 0x0, 0x0,
    0x0, 0x3, 0xff, 0xf8, 0x0, 0x0, 0x0, 0x1,
    0xff, 0xf8, 0x0, 0x0, 0x0, 0x1, 0xff, 0xf8,
    0x0, 0x0, 0x0, 0x1, 0xff, 0xfc, 0x0, 0x0,
    0x0, 0x1, 0xff, 0xfc, 0x0, 0x0, 0x0, 0x1,
    0xff, 0xfc, 0x0, 0x0, 0x0, 0x3, 0xff, 0xfc,
    0x0, 0x0, 0x0, 0x3, 0xff, 0xfc, 0x0, 0x0,
    0x0, 0x3, 0xff, 0xfc, 0x0, 0x0, 0x0, 0x3,
    0xff, 0xfc, 0x0, 0x0, 0x0, 0x3, 0xff, 0xfc,
    0x0, 0x0, 0x0, 0x7, 0xff, 0xfc, 0x0, 0x0,
    0x0, 0x7, 0xff, 0xfc, 0x0, 0x0, 0x0, 0x7,
    0xff, 0xfc, 0x0, 0x0, 0x0, 0x7, 0xff, 0xfc,
    0x0, 0x0, 0x0, 0xf, 0xff, 0xf8, 0x0, 0x0,
    0x0, 0xf, 0xff, 0xf8, 0x0, 0x0, 0x0,

    /* U+003A ":" */
    0x7, 0xf8, 0x7, 0xff, 0x83, 0xff, 0xf1, 0xff,
    0xfe, 0xff, 0xff, 0xff, 0xff, 0xff, 0xff, 0xff,
    0xff, 0xff, 0xff, 0xff, 0xff, 0xff, 0xff, 0xff,
    0xff, 0xff, 0xff, 0xff, 0xff, 0xdf, 0xff, 0xe3,
    0xff, 0xf0, 0x7f, 0xf8, 0x7, 0xf8, 0x0, 0x0,
    0x0, 0x0, 0x0, 0x0, 0x0, 0x0, 0x0, 0x0,
    0x0, 0x0, 0x0, 0x0, 0x0, 0x0, 0x0, 0x0,
    0x0, 0x0, 0x0, 0x0, 0x0, 0x0, 0x0, 0x0,
    0x0, 0x0, 0x0, 0x0, 0x0, 0x0, 0x0, 0x0,
    0x0, 0x0, 0x0, 0x0, 0x0, 0x0, 0x0, 0x1f,
    0xe0, 0x1f, 0xfe, 0xf, 0xff, 0xc7, 0xff, 0xfb,
    0xff, 0xff, 0xff, 0xff, 0xff, 0xff, 0xff, 0xff,
    0xff, 0xff, 0xff, 0xff, 0xff, 0xff, 0xff, 0xff,
    0xff, 0xff, 0xff, 0xff, 0x7f, 0xff, 0x8f, 0xff,
    0xc1, 0xff, 0xe0, 0x1f, 0xe0,

    /* U+003B ";" */
    0x1, 0xfe, 0x0, 0x3f, 0xfc, 0x3, 0xff, 0xf0,
    0x3f, 0xff, 0xc3, 0xff, 0xff, 0x1f, 0xff, 0xf8,
    0xff, 0xff, 0xc7, 0xff, 0xfe, 0x3f, 0xff, 0xf1,
    0xff, 0xff, 0x8f, 0xff, 0xfc, 0x7f, 0xff, 0xe3,
    0xff, 0xff, 0xf, 0xff, 0xf0, 0x3f, 0xff, 0x0,
    0xff, 0xf0, 0x1, 0xfe, 0x0, 0x0, 0x0, 0x0,
    0x0, 0x0, 0x0, 0x0, 0x0, 0x0, 0x0, 0x0,
    0x0, 0x0, 0x0, 0x0, 0x0, 0x0, 0x0, 0x0,
    0x0, 0x0, 0x0, 0x0, 0x0, 0x0, 0x0, 0x0,
    0x0, 0x0, 0x0, 0x0, 0x0, 0x0, 0x0, 0x0,
    0x0, 0x0, 0x0, 0x0, 0x0, 0x0, 0x0, 0x0,
    0x0, 0x0, 0x0, 0x0, 0xf, 0xff, 0xf0, 0x7f,
    0xff, 0x83, 0xff, 0xf8, 0x3f, 0xff, 0xc1, 0xff,
    0xfc, 0xf, 0xff, 0xe0, 0x7f, 0xff, 0x3, 0xff,
    0xf0, 0x3f, 0xff, 0x81, 0xff, 0xf8, 0xf, 0xff,
    0xc0, 0x7f, 0xfc, 0x3, 0xff, 0xe0, 0x1f, 0xff,
    0x1, 0xff, 0xf0, 0xf, 0xff, 0x80, 0x7f, 0xf8,
    0x3, 0xff, 0xc0, 0x1f, 0xfe, 0x0, 0xff, 0xe0,
    0xf, 0xff, 0x0, 0x7f, 0xf0, 0x3, 0xff, 0x80,
    0x1f, 0xfc, 0x0, 0xff, 0xc0, 0xf, 0xfe, 0x0,
    0x7f, 0xe0, 0x3, 0xff, 0x0, 0x1f, 0xf0, 0x0,
    0xff, 0x80, 0x0,

    /* U+003C "<" */
    0x0, 0x0, 0x0, 0x0, 0x0, 0xc0, 0x0, 0x0,
    0x0, 0x0, 0x70, 0x0, 0x0, 0x0, 0x0, 0x7c,
    0x0, 0x0, 0x0, 0x0, 0x7f, 0x0, 0x0, 0x0,
    0x0, 0x7f, 0xc0, 0x0, 0x0, 0x0, 0x7f, 0xf0,
    0x0, 0x0, 0x0, 0x3f, 0xfc, 0x0, 0x0, 0x0,
    0x3f, 0xff, 0x0, 0x0, 0x0, 0x3f, 0xff, 0xc0,
    0x0, 0x0, 0x3f, 0xff, 0xf0, 0x0, 0x0, 0x3f,
    0xff, 0xfc, 0x0, 0x0, 0x3f, 0xff, 0xff, 0x0,
    0x0, 0x1f, 0xff, 0xff, 0x0, 0x0, 0x1f, 0xff,
    0xff, 0x0, 0x0, 0x1f, 0xff, 0xff, 0x0, 0x0,
    0x1f, 0xff, 0xff, 0x80, 0x0, 0x1f, 0xff, 0xff,
    0x80, 0x0, 0xf, 0xff, 0xff, 0x80, 0x0, 0xf,
    0xff, 0xff, 0x80, 0x0, 0xf, 0xff, 0xff, 0x80,
    0x0, 0xf, 0xff, 0xff, 0x80, 0x0, 0xf, 0xff,
    0xff, 0xc0, 0x0, 0xf, 0xff, 0xff, 0xc0, 0x0,
    0x3, 0xff, 0xff, 0xc0, 0x0, 0x0, 0xff, 0xff,
    0xc0, 0x0, 0x0, 0x3f, 0xff, 0xc0, 0x0, 0x0,
    0xf, 0xff, 0xc0, 0x0, 0x0, 0x3, 0xff, 0xc0,
    0x0, 0x0, 0x0, 0xff, 0xe0, 0x0, 0x0, 0x0,
    0x3f, 0xfc, 0x0, 0x0, 0x0, 0xf, 0xff, 0xc0,
    0x0, 0x0, 0x3, 0xff, 0xfc, 0x0, 0x0, 0x0,
    0xff, 0xff, 0xc0, 0x0, 0x0, 0x3f, 0xff, 0xfc,
    0x0, 0x0, 0xf, 0xff, 0xff, 0x80, 0x0, 0x0,
    0xff, 0xff, 0xf8, 0x0, 0x0, 0xf, 0xff, 0xff,
    0x80, 0x0, 0x0, 0xff, 0xff, 0xf8, 0x0, 0x0,
    0xf, 0xff, 0xff, 0x80, 0x0, 0x1, 0xff, 0xff,
    0xf8, 0x0, 0x0, 0x1f, 0xff, 0xff, 0x80, 0x0,
    0x1, 0xff, 0xff, 0xf0, 0x0, 0x0, 0x1f, 0xff,
    0xff, 0x0, 0x0, 0x1, 0xff, 0xff, 0xf0, 0x0,
    0x0, 0x3f, 0xff, 0xff, 0x0, 0x0, 0x3, 0xff,
    0xff, 0xf0, 0x0, 0x0, 0x3f, 0xff, 0xfc, 0x0,
    0x0, 0x3, 0xff, 0xff, 0x0, 0x0, 0x0, 0x3f,
    0xff, 0xc0, 0x0, 0x0, 0x3, 0xff, 0xf0, 0x0,
    0x0, 0x0, 0x7f, 0xfc, 0x0, 0x0, 0x0, 0x7,
    0xff, 0x0, 0x0, 0x0, 0x0, 0x7f, 0xc0, 0x0,
    0x0, 0x0, 0x7, 0xf0, 0x0, 0x0, 0x0, 0x0,
    0x7c, 0x0, 0x0, 0x0, 0x0, 0x7, 0x0, 0x0,
    0x0, 0x0, 0x0, 0xc0,

    /* U+003D "=" */
    0xff, 0xff, 0xff, 0xff, 0xff, 0xff, 0xff, 0xff,
    0xff, 0xff, 0xff, 0xff, 0xff, 0xff, 0xff, 0xff,
    0xff, 0xff, 0xff, 0xff, 0xff, 0xff, 0xff, 0xff,
    0xff, 0xff, 0xff, 0xff, 0xff, 0xff, 0xff, 0xff,
    0xff, 0xff, 0xff, 0xff, 0xff, 0xff, 0xff, 0xff,
    0xff, 0xff, 0xff, 0xff, 0xff, 0xff, 0xff, 0xff,
    0xff, 0xff, 0xff, 0xff, 0xff, 0xff, 0xff, 0xff,
    0xff, 0xf0, 0x0, 0x0, 0x0, 0x0, 0x0, 0x0,
    0x0, 0x0, 0x0, 0x0, 0x0, 0x0, 0x0, 0x0,
    0x0, 0x0, 0x0, 0x0, 0x0, 0x0, 0x0, 0x0,
    0x0, 0x0, 0x0, 0x0, 0x0, 0x0, 0x0, 0x0,
    0x0, 0x0, 0x0, 0x0, 0x0, 0x0, 0x0, 0x0,
    0x0, 0x0, 0x0, 0x0, 0x0, 0x0, 0x0, 0x0,
    0x0, 0x0, 0x0, 0x0, 0x0, 0x0, 0x0, 0x0,
    0x0, 0x0, 0x0, 0x0, 0x0, 0x0, 0x0, 0x0,
    0x3, 0xff, 0xff, 0xff, 0xff, 0xff, 0xff, 0xff,
    0xff, 0xff, 0xff, 0xff, 0xff, 0xff, 0xff, 0xff,
    0xff, 0xff, 0xff, 0xff, 0xff, 0xff, 0xff, 0xff,
    0xff, 0xff, 0xff, 0xff, 0xff, 0xff, 0xff, 0xff,
    0xff, 0xff, 0xff, 0xff, 0xff, 0xff, 0xff, 0xff,
    0xff, 0xff, 0xff, 0xff, 0xff, 0xff, 0xff, 0xff,
    0xff, 0xff, 0xff, 0xff, 0xff, 0xff, 0xff, 0xff,
    0xff, 0xff, 0xc0,

    /* U+003E ">" */
    0x80, 0x0, 0x0, 0x0, 0x0, 0x38, 0x0, 0x0,
    0x0, 0x0, 0xf, 0x80, 0x0, 0x0, 0x0, 0x3,
    0xf0, 0x0, 0x0, 0x0, 0x0, 0xff, 0x0, 0x0,
    0x0, 0x0, 0x3f, 0xf0, 0x0, 0x0, 0x0, 0xf,
    0xff, 0x0, 0x0, 0x0, 0x3, 0xff, 0xf0, 0x0,
    0x0, 0x0, 0xff, 0xff, 0x0, 0x0, 0x0, 0x3f,
    0xff, 0xe0, 0x0, 0x0, 0xf, 0xff, 0xfe, 0x0,
    0x0, 0x3, 0xff, 0xff, 0xe0, 0x0, 0x0, 0x7f,
    0xff, 0xfe, 0x0, 0x0, 0x7, 0xff, 0xff, 0xe0,
    0x0, 0x0, 0x7f, 0xff, 0xfc, 0x0, 0x0, 0x7,
    0xff, 0xff, 0xc0, 0x0, 0x0, 0x7f, 0xff, 0xfc,
    0x0, 0x0, 0x7, 0xff, 0xff, 0xc0, 0x0, 0x0,
    0xff, 0xff, 0xfc, 0x0, 0x0, 0xf, 0xff, 0xff,
    0xc0, 0x0, 0x0, 0xff, 0xff, 0xf8, 0x0, 0x0,
    0xf, 0xff, 0xff, 0x80, 0x0, 0x0, 0xff, 0xff,
    0xf8, 0x0, 0x0, 0xf, 0xff, 0xff, 0x0, 0x0,
    0x0, 0xff, 0xff, 0xc0, 0x0, 0x0, 0x1f, 0xff,
    0xf0, 0x0, 0x0, 0x1, 0xff, 0xfc, 0x0, 0x0,
    0x0, 0x1f, 0xff, 0x0, 0x0, 0x0, 0x3, 0xff,
    0xc0, 0x0, 0x0, 0x1, 0xff, 0xf0, 0x0, 0x0,
    0x1, 0xff, 0xfc, 0x0, 0x0, 0x0, 0xff, 0xff,
    0x0, 0x0, 0x0, 0xff, 0xff, 0xc0, 0x0, 0x0,
    0xff, 0xff, 0xf0, 0x0, 0x0, 0xff, 0xff, 0xf8,
    0x0, 0x0, 0xff, 0xff, 0xf8, 0x0, 0x0, 0xff,
    0xff, 0xfc, 0x0, 0x0, 0xff, 0xff, 0xfc, 0x0,
    0x0, 0x7f, 0xff, 0xfc, 0x0, 0x0, 0x7f, 0xff,
    0xfc, 0x0, 0x0, 0x7f, 0xff, 0xfc, 0x0, 0x0,
    0x7f, 0xff, 0xfc, 0x0, 0x0, 0x7f, 0xff, 0xfe,
    0x0, 0x0, 0x7f, 0xff, 0xfe, 0x0, 0x0, 0x3f,
    0xff, 0xfe, 0x0, 0x0, 0x3f, 0xff, 0xfe, 0x0,
    0x0, 0xf, 0xff, 0xfe, 0x0, 0x0, 0x3, 0xff,
    0xff, 0x0, 0x0, 0x0, 0xff, 0xff, 0x0, 0x0,
    0x0, 0x3f, 0xff, 0x0, 0x0, 0x0, 0xf, 0xff,
    0x0, 0x0, 0x0, 0x3, 0xff, 0x0, 0x0, 0x0,
    0x0, 0xff, 0x0, 0x0, 0x0, 0x0, 0x3f, 0x80,
    0x0, 0x0, 0x0, 0xf, 0x80, 0x0, 0x0, 0x0,
    0x3, 0x80, 0x0, 0x0, 0x0, 0x0, 0x80, 0x0,
    0x0, 0x0, 0x0, 0x0,

    /* U+003F "?" */
    0x0, 0x0, 0xff, 0xf0, 0x0, 0x0, 0x0, 0x7f,
    0xff, 0xe0, 0x0, 0x0, 0x3f, 0xff, 0xff, 0xc0,
    0x0, 0x7, 0xff, 0xff, 0xff, 0x0, 0x1, 0xff,
    0xff, 0xff, 0xf8, 0x0, 0x3f, 0xff, 0xff, 0xff,
    0xc0, 0x7, 0xff, 0xff, 0xff, 0xfe, 0x0, 0xff,
    0xff, 0xff, 0xff, 0xf0, 0x1f, 0xff, 0xff, 0xff,
    0xff, 0x81, 0xff, 0xff, 0xff, 0xff, 0xf8, 0x3f,
    0xff, 0xc0, 0x7f, 0xff, 0xc7, 0xff, 0xf0, 0x1,
    0xff, 0xfe, 0x7f, 0xfc, 0x0, 0x7, 0xff, 0xe7,
    0xff, 0x80, 0x0, 0x3f, 0xfe, 0xff, 0xf8, 0x0,
    0x3, 0xff, 0xe7, 0xff, 0x0, 0x0, 0x1f, 0xff,
    0xf, 0xe0, 0x0, 0x1, 0xff, 0xf0, 0x3e, 0x0,
    0x0, 0x1f, 0xff, 0x0, 0x60, 0x0, 0x1, 0xff,
    0xf0, 0x0, 0x0, 0x0, 0x1f, 0xff, 0x0, 0x0,
    0x0, 0x1, 0xff, 0xf0, 0x0, 0x0, 0x0, 0x1f,
    0xff, 0x0, 0x0, 0x0, 0x1, 0xff, 0xf0, 0x0,
    0x0, 0x0, 0x3f, 0xff, 0x0, 0x0, 0x0, 0x3,
    0xff, 0xe0, 0x0, 0x0, 0x0, 0x3f, 0xfe, 0x0,
    0x0, 0x0, 0x7, 0xff, 0xe0, 0x0, 0x0, 0x0,
    0xff, 0xfc, 0x0, 0x0, 0x0, 0x3f, 0xff, 0x80,
    0x0, 0x0, 0xf, 0xff, 0xf8, 0x0, 0x0, 0xf,
    0xff, 0xff, 0x0, 0x0, 0x3f, 0xff, 0xff, 0xe0,
    0x0, 0x3, 0xff, 0xff, 0xfc, 0x0, 0x0, 0x3f,
    0xff, 0xff, 0x80, 0x0, 0x3, 0xff, 0xff, 0xf0,
    0x0, 0x0, 0x3f, 0xff, 0xfc, 0x0, 0x0, 0x3,
    0xff, 0xff, 0x0, 0x0, 0x0, 0x3f, 0xff, 0x80,
    0x0, 0x0, 0x3, 0xff, 0xc0, 0x0, 0x0, 0x0,
    0x3f, 0xfc, 0x0, 0x0, 0x0, 0x3, 0xff, 0xc0,
    0x0, 0x0, 0x0, 0x3f, 0xfc, 0x0, 0x0, 0x0,
    0x3, 0xff, 0xc0, 0x0, 0x0, 0x0, 0x3f, 0xfc,
    0x0, 0x0, 0x0, 0x3, 0xff, 0xc0, 0x0, 0x0,
    0x0, 0x3f, 0xfc, 0x0, 0x0, 0x0, 0x0, 0x0,
    0x0, 0x0, 0x0, 0x0, 0x0, 0x0, 0x0, 0x0,
    0x0, 0x0, 0x0, 0x0, 0x0, 0x0, 0x0, 0x0,
    0x0, 0x0, 0x0, 0x0, 0x0, 0x0, 0x0, 0x0,
    0x0, 0x0, 0x0, 0x0, 0x0, 0x0, 0x0, 0x0,
    0x0, 0x0, 0x0, 0x0, 0x0, 0x7, 0xf8, 0x0,
    0x0, 0x0, 0x3, 0xff, 0xe0, 0x0, 0x0, 0x0,
    0x7f, 0xff, 0x0, 0x0, 0x0, 0x7, 0xff, 0xf0,
    0x0, 0x0, 0x0, 0xff, 0xff, 0x80, 0x0, 0x0,
    0xf, 0xff, 0xf8, 0x0, 0x0, 0x0, 0xff, 0xff,
    0x80, 0x0, 0x0, 0xf, 0xff, 0xf8, 0x0, 0x0,
    0x0, 0xff, 0xff, 0x80, 0x0, 0x0, 0xf, 0xff,
    0xf8, 0x0, 0x0, 0x0, 0xff, 0xff, 0x80, 0x0,
    0x0, 0xf, 0xff, 0xf8, 0x0, 0x0, 0x0, 0x7f,
    0xff, 0x0, 0x0, 0x0, 0x7, 0xff, 0xf0, 0x0,
    0x0, 0x0, 0x3f, 0xfe, 0x0, 0x0, 0x0, 0x0,
    0xff, 0x80, 0x0, 0x0,

    /* U+0040 "@" */
    0x0, 0x0, 0x1f, 0xfc, 0x0, 0x0, 0x0, 0x1,
    0xff, 0xff, 0xc0, 0x0, 0x0, 0x7, 0xff, 0xff,
    0xf0, 0x0, 0x0, 0x1f, 0xff, 0xff, 0xfc, 0x0,
    0x0, 0x3f, 0xff, 0xff, 0xff, 0x0, 0x0, 0x7f,
    0xff, 0xff, 0xff, 0x80, 0x0, 0xff, 0xff, 0xff,
    0xff, 0xc0, 0x1, 0xff, 0xff, 0xff, 0xff, 0xe0,
    0x3, 0xff, 0xff, 0xff, 0xff, 0xf0, 0x3, 0xff,
    0xf8, 0x3, 0xff, 0xf0, 0x7, 0xff, 0xc0, 0x0,
    0x7f, 0xf8, 0x7, 0xff, 0x80, 0x0, 0x3f, 0xf8,
    0xf, 0xff, 0x0, 0x0, 0x1f, 0xfc, 0xf, 0xfe,
    0x0, 0x0, 0xf, 0xfc, 0x1f, 0xfc, 0x0, 0x0,
    0x7, 0xfe, 0x1f, 0xf8, 0x0, 0x0, 0x3, 0xfe,
    0x1f, 0xf8, 0x0, 0x0, 0x3, 0xfe, 0x3f, 0xf0,
    0x0, 0x0, 0x3, 0xfe, 0x3f, 0xf0, 0x0, 0x0,
    0x1, 0xff, 0x3f, 0xf0, 0x0, 0x0, 0x1, 0xff,
    0x3f, 0xe0, 0x0, 0x3f, 0x81, 0xff, 0x7f, 0xe0,
    0x0, 0xff, 0xe1, 0xff, 0x7f, 0xe0, 0x3, 0xff,
    0xf1, 0xff, 0x7f, 0xe0, 0x7, 0xff, 0xf9, 0xff,
    0x7f, 0xe0, 0x7, 0xff, 0xfd, 0xff, 0x7f, 0xc0,
    0xf, 0xff, 0xfd, 0xff, 0x7f, 0xc0, 0x1f, 0xff,
    0xff, 0xff, 0x7f, 0xc0, 0x1f, 0xfe, 0xf, 0xff,
    0xff, 0xc0, 0x1f, 0xf8, 0x7, 0xff, 0xff, 0xc0,
    0x3f, 0xf0, 0x3, 0xff, 0xff, 0xc0, 0x3f, 0xf0,
    0x1, 0xff, 0xff, 0xc0, 0x3f, 0xf0, 0x1, 0xff,
    0xff, 0xc0, 0x3f, 0xe0, 0x1, 0xff, 0xff, 0xc0,
    0x7f, 0xe0, 0x1, 0xff, 0xff, 0xc0, 0x7f, 0xe0,
    0x1, 0xff, 0xff, 0xc0, 0x7f, 0xe0, 0x1, 0xff,
    0xff, 0xc0, 0x7f, 0xe0, 0x1, 0xff, 0xff, 0xc0,
    0x7f, 0xe0, 0x1, 0xff, 0xff, 0xc0, 0x7f, 0xe0,
    0x1, 0xff, 0xff, 0xc0, 0x7f, 0xe0, 0x1, 0xff,
    0xff, 0xc0, 0x7f, 0xe0, 0x1, 0xff, 0xff, 0xc0,
    0x7f, 0xe0, 0x1, 0xff, 0xff, 0xc0, 0x7f, 0xe0,
    0x1, 0xff, 0xff, 0xc0, 0x7f, 0xe0, 0x1, 0xff,
    0xff, 0xc0, 0x7f, 0xe0, 0x1, 0xff, 0xff, 0xc0,
    0x7f, 0xe0, 0x1, 0xff, 0xff, 0xc0, 0x7f, 0xe0,
    0x1, 0xff, 0xff, 0xc0, 0x7f, 0xe0, 0x1, 0xff,
    0xff, 0xc0, 0x3f, 0xe0, 0x1, 0xff, 0xff, 0xc0,
    0x3f, 0xf0, 0x1, 0xff, 0xff, 0xc0, 0x3f, 0xf0,
    0x1, 0xff, 0x7f, 0xc0, 0x3f, 0xf0, 0x3, 0xff,
    0x7f, 0xc0, 0x1f, 0xf8, 0x7, 0xff, 0x7f, 0xc0,
    0x1f, 0xfe, 0xf, 0xff, 0x7f, 0xe0, 0x1f, 0xff,
    0xff, 0xff, 0x7f, 0xe0, 0xf, 0xff, 0xfd, 0xff,
    0x7f, 0xe0, 0x7, 0xff, 0xfd, 0xff, 0x3f, 0xe0,
    0x7, 0xff, 0xf9, 0xff, 0x3f, 0xe0, 0x3, 0xff,
    0xf1, 0xff, 0x3f, 0xf0, 0x0, 0xff, 0xe1, 0xff,
    0x3f, 0xf0, 0x0, 0x3f, 0x80, 0x0, 0x1f, 0xf0,
    0x0, 0x0, 0x0, 0x0, 0x1f, 0xf8, 0x0, 0x0,
    0x0, 0x0, 0x1f, 0xf8, 0x0, 0x0, 0x0, 0x0,
    0xf, 0xfc, 0x0, 0x0, 0x0, 0x0, 0xf, 0xfe,
    0x0, 0x0, 0x0, 0x0, 0xf, 0xff, 0x0, 0x0,
    0x0, 0x0, 0x7, 0xff, 0x80, 0x0, 0x0, 0x0,
    0x7, 0xff, 0xc0, 0x0, 0x0, 0x0, 0x3, 0xff,
    0xf0, 0x0, 0x0, 0x0, 0x1, 0xff, 0xfe, 0x0,
    0x0, 0x0, 0x1, 0xff, 0xff, 0xff, 0xfe, 0x0,
    0x0, 0xff, 0xff, 0xff, 0xfe, 0x0, 0x0, 0x7f,
    0xff, 0xff, 0xfe, 0x0, 0x0, 0x3f, 0xff, 0xff,
    0xfe, 0x0, 0x0, 0xf, 0xff, 0xff, 0xfe, 0x0,
    0x0, 0x7, 0xff, 0xff, 0xfe, 0x0, 0x0, 0x1,
    0xff, 0xff, 0xfe, 0x0, 0x0, 0x0, 0x3f, 0xff,
    0xfe, 0x0, 0x0, 0x0, 0x3, 0xff, 0xfe, 0x0,

    /* U+0041 "A" */
    0x0, 0x0, 0x1f, 0xff, 0xf8, 0x0, 0x0, 0x0,
    0x0, 0x3f, 0xff, 0xf0, 0x0, 0x0, 0x0, 0x0,
    0xff, 0xff, 0xe0, 0x0, 0x0, 0x0, 0x1, 0xff,
    0xff, 0xc0, 0x0, 0x0, 0x0, 0x3, 0xff, 0xff,
    0xc0, 0x0, 0x0, 0x0, 0x7, 0xff, 0xff, 0x80,
    0x0, 0x0, 0x0, 0x1f, 0xff, 0xff, 0x0, 0x0,
    0x0, 0x0, 0x3f, 0xff, 0xfe, 0x0, 0x0, 0x0,
    0x0, 0x7f, 0xff, 0xfe, 0x0, 0x0, 0x0, 0x0,
    0xff, 0xff, 0xfc, 0x0, 0x0, 0x0, 0x3, 0xff,
    0xff, 0xf8, 0x0, 0x0, 0x0, 0x7, 0xff, 0xff,
    0xf8, 0x0, 0x0, 0x0, 0xf, 0xff, 0xff, 0xf0,
    0x0, 0x0, 0x0, 0x3f, 0xfd, 0xff, 0xe0, 0x0,
    0x0, 0x0, 0x7f, 0xfb, 0xff, 0xc0, 0x0, 0x0,
    0x0, 0xff, 0xf7, 0xff, 0xc0, 0x0, 0x0, 0x1,
    0xff, 0xc7, 0xff, 0x80, 0x0, 0x0, 0x7, 0xff,
    0x8f, 0xff, 0x0, 0x0, 0x0, 0xf, 0xff, 0x1f,
    0xff, 0x0, 0x0, 0x0, 0x1f, 0xfe, 0x1f, 0xfe,
    0x0, 0x0, 0x0, 0x7f, 0xf8, 0x3f, 0xfc, 0x0,
    0x0, 0x0, 0xff, 0xf0, 0x7f, 0xf8, 0x0, 0x0,
    0x1, 0xff, 0xe0, 0xff, 0xf8, 0x0, 0x0, 0x3,
    0xff, 0x80, 0xff, 0xf0, 0x0, 0x0, 0xf, 0xff,
    0x1, 0xff, 0xe0, 0x0, 0x0, 0x1f, 0xfe, 0x3,
    0xff, 0xe0, 0x0, 0x0, 0x3f, 0xfc, 0x7, 0xff,
    0xc0, 0x0, 0x0, 0x7f, 0xf0, 0x7, 0xff, 0x80,
    0x0, 0x1, 0xff, 0xe0, 0xf, 0xff, 0x0, 0x0,
    0x3, 0xff, 0xc0, 0x1f, 0xff, 0x0, 0x0, 0x7,
    0xff, 0x80, 0x3f, 0xfe, 0x0, 0x0, 0x1f, 0xfe,
    0x0, 0x3f, 0xfc, 0x0, 0x0, 0x3f, 0xfc, 0x0,
    0x7f, 0xfc, 0x0, 0x0, 0x7f, 0xf8, 0x0, 0xff,
    0xf8, 0x0, 0x0, 0xff, 0xf0, 0x0, 0xff, 0xf0,
    0x0, 0x3, 0xff, 0xc0, 0x1, 0xff, 0xe0, 0x0,
    0x7, 0xff, 0x80, 0x3, 0xff, 0xe0, 0x0, 0xf,
    0xff, 0x0, 0x7, 0xff, 0xc0, 0x0, 0x3f, 0xfc,
    0x0, 0x7, 0xff, 0x80, 0x0, 0x7f, 0xf8, 0x0,
    0xf, 0xff, 0x0, 0x0, 0xff, 0xf0, 0x0, 0x1f,
    0xff, 0x0, 0x1, 0xff, 0xff, 0xff, 0xff, 0xfe,
    0x0, 0x7, 0xff, 0xff, 0xff, 0xff, 0xfc, 0x0,
    0xf, 0xff, 0xff, 0xff, 0xff, 0xfc, 0x0, 0x1f,
    0xff, 0xff, 0xff, 0xff, 0xf8, 0x0, 0x3f, 0xff,
    0xff, 0xff, 0xff, 0xf0, 0x0, 0xff, 0xff, 0xff,
    0xff, 0xff, 0xe0, 0x1, 0xff, 0xff, 0xff, 0xff,
    0xff, 0xe0, 0x3, 0xff, 0xff, 0xff, 0xff, 0xff,
    0xc0, 0xf, 0xff, 0xff, 0xff, 0xff, 0xff, 0x80,
    0x1f, 0xff, 0xff, 0xff, 0xff, 0xff, 0x80, 0x3f,
    0xfc, 0x0, 0x0, 0x1f, 0xff, 0x0, 0x7f, 0xf8,
    0x0, 0x0, 0x3f, 0xfe, 0x1, 0xff, 0xf0, 0x0,
    0x0, 0x7f, 0xfc, 0x3, 0xff, 0xe0, 0x0, 0x0,
    0xff, 0xfc, 0x7, 0xff, 0x80, 0x0, 0x0, 0xff,
    0xf8, 0x1f, 0xff, 0x0, 0x0, 0x1, 0xff, 0xf0,
    0x3f, 0xfe, 0x0, 0x0, 0x3, 0xff, 0xf0, 0x7f,
    0xfc, 0x0, 0x0, 0x7, 0xff, 0xe0, 0xff, 0xf0,
    0x0, 0x0, 0x7, 0xff, 0xc3, 0xff, 0xe0, 0x0,
    0x0, 0xf, 0xff, 0x87, 0xff, 0xc0, 0x0, 0x0,
    0x1f, 0xff, 0x8f, 0xff, 0x0, 0x0, 0x0, 0x1f,
    0xff, 0x3f, 0xfe, 0x0, 0x0, 0x0, 0x3f, 0xfe,
    0x7f, 0xfc, 0x0, 0x0, 0x0, 0x7f, 0xfc, 0xff,
    0xf8, 0x0, 0x0, 0x0, 0xff, 0xfd, 0xff, 0xe0,
    0x0, 0x0, 0x0, 0xff, 0xff, 0xff, 0xc0, 0x0,
    0x0, 0x1, 0xff, 0xf0,

    /* U+0042 "B" */
    0xff, 0xff, 0xff, 0xf8, 0x0, 0x7, 0xff, 0xff,
    0xff, 0xfc, 0x0, 0x3f, 0xff, 0xff, 0xff, 0xf8,
    0x1, 0xff, 0xff, 0xff, 0xff, 0xe0, 0xf, 0xff,
    0xff, 0xff, 0xff, 0xc0, 0x7f, 0xff, 0xff, 0xff,
    0xff, 0x3, 0xff, 0xff, 0xff, 0xff, 0xfc, 0x1f,
    0xff, 0xff, 0xff, 0xff, 0xe0, 0xff, 0xff, 0xff,
    0xff, 0xff, 0x87, 0xff, 0xc0, 0x3, 0xff, 0xfc,
    0x3f, 0xfe, 0x0, 0x7, 0xff, 0xf1, 0xff, 0xf0,
    0x0, 0x1f, 0xff, 0x8f, 0xff, 0x80, 0x0, 0x7f,
    0xfc, 0x7f, 0xfc, 0x0, 0x1, 0xff, 0xf3, 0xff,
    0xe0, 0x0, 0xf, 0xff, 0x9f, 0xff, 0x0, 0x0,
    0x7f, 0xfc, 0xff, 0xf8, 0x0, 0x3, 0xff, 0xe7,
    0xff, 0xc0, 0x0, 0x1f, 0xff, 0x3f, 0xfe, 0x0,
    0x0, 0xff, 0xf9, 0xff, 0xf0, 0x0, 0x7, 0xff,
    0xcf, 0xff, 0x80, 0x0, 0x3f, 0xfe, 0x7f, 0xfc,
    0x0, 0x1, 0xff, 0xf3, 0xff, 0xe0, 0x0, 0xf,
    0xff, 0x1f, 0xff, 0x0, 0x0, 0x7f, 0xf8, 0xff,
    0xf8, 0x0, 0x7, 0xff, 0x87, 0xff, 0xc0, 0x0,
    0x7f, 0xfc, 0x3f, 0xfe, 0x0, 0x7, 0xff, 0xc1,
    0xff, 0xf0, 0x0, 0xff, 0xfc, 0xf, 0xff, 0xff,
    0xff, 0xff, 0xc0, 0x7f, 0xff, 0xff, 0xff, 0xf8,
    0x3, 0xff, 0xff, 0xff, 0xff, 0x0, 0x1f, 0xff,
    0xff, 0xff, 0xe0, 0x0, 0xff, 0xff, 0xff, 0xff,
    0xc0, 0x7, 0xff, 0xff, 0xff, 0xff, 0xc0, 0x3f,
    0xff, 0xff, 0xff, 0xff, 0x1, 0xff, 0xff, 0xff,
    0xff, 0xfe, 0xf, 0xff, 0xff, 0xff, 0xff, 0xf8,
    0x7f, 0xfc, 0x0, 0x1f, 0xff, 0xe3, 0xff, 0xe0,
    0x0, 0x1f, 0xff, 0x9f, 0xff, 0x0, 0x0, 0x7f,
    0xfc, 0xff, 0xf8, 0x0, 0x1, 0xff, 0xf7, 0xff,
    0xc0, 0x0, 0xf, 0xff, 0xbf, 0xfe, 0x0, 0x0,
    0x3f, 0xfd, 0xff, 0xf0, 0x0, 0x1, 0xff, 0xff,
    0xff, 0x80, 0x0, 0xf, 0xff, 0xff, 0xfc, 0x0,
    0x0, 0x7f, 0xff, 0xff, 0xe0, 0x0, 0x3, 0xff,
    0xff, 0xff, 0x0, 0x0, 0x1f, 0xff, 0xff, 0xf8,
    0x0, 0x0, 0xff, 0xff, 0xff, 0xc0, 0x0, 0x7,
    0xff, 0xff, 0xfe, 0x0, 0x0, 0x3f, 0xff, 0xff,
    0xf0, 0x0, 0x1, 0xff, 0xff, 0xff, 0x80, 0x0,
    0xf, 0xff, 0xff, 0xfc, 0x0, 0x0, 0xff, 0xfb,
    0xff, 0xe0, 0x0, 0x7, 0xff, 0xdf, 0xff, 0x0,
    0x0, 0x7f, 0xfe, 0xff, 0xf8, 0x0, 0x7, 0xff,
    0xe7, 0xff, 0xc0, 0x1, 0xff, 0xff, 0x3f, 0xff,
    0xff, 0xff, 0xff, 0xf1, 0xff, 0xff, 0xff, 0xff,
    0xff, 0x8f, 0xff, 0xff, 0xff, 0xff, 0xf8, 0x7f,
    0xff, 0xff, 0xff, 0xff, 0x83, 0xff, 0xff, 0xff,
    0xff, 0xf8, 0x1f, 0xff, 0xff, 0xff, 0xff, 0x80,
    0xff, 0xff, 0xff, 0xff, 0xf0, 0x7, 0xff, 0xff,
    0xff, 0xfe, 0x0, 0x3f, 0xff, 0xff, 0xff, 0x80,
    0x0,

    /* U+0043 "C" */
    0x0, 0x0, 0xf, 0xfe, 0x0, 0x0, 0x0, 0x0,
    0xff, 0xff, 0xe0, 0x0, 0x0, 0x3, 0xff, 0xff,
    0xf8, 0x0, 0x0, 0xf, 0xff, 0xff, 0xfe, 0x0,
    0x0, 0x1f, 0xff, 0xff, 0xff, 0x0, 0x0, 0x7f,
    0xff, 0xff, 0xff, 0x80, 0x0, 0xff, 0xff, 0xff,
    0xff, 0xc0, 0x1, 0xff, 0xff, 0xff, 0xff, 0xe0,
    0x1, 0xff, 0xff, 0xff, 0xff, 0xf0, 0x3, 0xff,
    0xff, 0xff, 0xff, 0xf8, 0x7, 0xff, 0xfc, 0x7,
    0xff, 0xf8, 0x7, 0xff, 0xe0, 0x1, 0xff, 0xfc,
    0xf, 0xff, 0xc0, 0x0, 0xff, 0xfc, 0xf, 0xff,
    0x80, 0x0, 0x7f, 0xfe, 0x1f, 0xff, 0x0, 0x0,
    0x3f, 0xfe, 0x1f, 0xff, 0x0, 0x0, 0x1f, 0xfe,
    0x1f, 0xfe, 0x0, 0x0, 0x1f, 0xff, 0x3f, 0xfe,
    0x0, 0x0, 0x1f, 0xff, 0x3f, 0xfc, 0x0, 0x0,
    0xf, 0xfc, 0x3f, 0xfc, 0x0, 0x0, 0xf, 0xe0,
    0x7f, 0xfc, 0x0, 0x0, 0xe, 0x0, 0x7f, 0xfc,
    0x0, 0x0, 0x0, 0x0, 0x7f, 0xf8, 0x0, 0x0,
    0x0, 0x0, 0x7f, 0xf8, 0x0, 0x0, 0x0, 0x0,
    0x7f, 0xf8, 0x0, 0x0, 0x0, 0x0, 0x7f, 0xf8,
    0x0, 0x0, 0x0, 0x0, 0xff, 0xf8, 0x0, 0x0,
    0x0, 0x0, 0xff, 0xf8, 0x0, 0x0, 0x0, 0x0,
    0xff, 0xf8, 0x0, 0x0, 0x0, 0x0, 0xff, 0xf8,
    0x0, 0x0, 0x0, 0x0, 0xff, 0xf8, 0x0, 0x0,
    0x0, 0x0, 0xff, 0xf8, 0x0, 0x0, 0x0, 0x0,
    0xff, 0xf8, 0x0, 0x0, 0x0, 0x0, 0xff, 0xf8,
    0x0, 0x0, 0x0, 0x0, 0xff, 0xf8, 0x0, 0x0,
    0x0, 0x0, 0xff, 0xf8, 0x0, 0x0, 0x0, 0x0,
    0xff, 0xf8, 0x0, 0x0, 0x0, 0x0, 0xff, 0xf8,
    0x0, 0x0, 0x0, 0x0, 0xff, 0xf8, 0x0, 0x0,
    0x0, 0x0, 0xff, 0xf8, 0x0, 0x0, 0x0, 0x0,
    0xff, 0xf8, 0x0, 0x0, 0x0, 0x0, 0xff, 0xf8,
    0x0, 0x0, 0x0, 0x0, 0xff, 0xf8, 0x0, 0x0,
    0x0, 0x0, 0xff, 0xf8, 0x0, 0x0, 0x0, 0x0,
    0x7f, 0xf8, 0x0, 0x0, 0x0, 0x0, 0x7f, 0xf8,
    0x0, 0x0, 0x0, 0x0, 0x7f, 0xf8, 0x0, 0x0,
    0x0, 0x0, 0x7f, 0xf8, 0x0, 0x0, 0x0, 0x0,
    0x7f, 0xfc, 0x0, 0x0, 0x0, 0x0, 0x7f, 0xfc,
    0x0, 0x0, 0xe, 0x0, 0x3f, 0xfc, 0x0, 0x0,
    0xf, 0xe0, 0x3f, 0xfc, 0x0, 0x0, 0xf, 0xfc,
    0x3f, 0xfe, 0x0, 0x0, 0x1f, 0xff, 0x1f, 0xfe,
    0x0, 0x0, 0x1f, 0xff, 0x1f, 0xff, 0x0, 0x0,
    0x1f, 0xfe, 0x1f, 0xff, 0x0, 0x0, 0x3f, 0xfe,
    0xf, 0xff, 0x80, 0x0, 0x7f, 0xfe, 0xf, 0xff,
    0xc0, 0x0, 0xff, 0xfc, 0x7, 0xff, 0xe0, 0x1,
    0xff, 0xfc, 0x7, 0xff, 0xfc, 0x7, 0xff, 0xf8,
    0x3, 0xff, 0xff, 0xff, 0xff, 0xf8, 0x1, 0xff,
    0xff, 0xff, 0xff, 0xf0, 0x1, 0xff, 0xff, 0xff,
    0xff, 0xe0, 0x0, 0xff, 0xff, 0xff, 0xff, 0xc0,
    0x0, 0x7f, 0xff, 0xff, 0xff, 0x80, 0x0, 0x3f,
    0xff, 0xff, 0xff, 0x0, 0x0, 0xf, 0xff, 0xff,
    0xfe, 0x0, 0x0, 0x3, 0xff, 0xff, 0xf8, 0x0,
    0x0, 0x0, 0xff, 0xff, 0xe0, 0x0, 0x0, 0x0,
    0xf, 0xfe, 0x0, 0x0,

    /* U+0044 "D" */
    0xff, 0xff, 0xff, 0xe0, 0x0, 0x1, 0xff, 0xff,
    0xff, 0xfc, 0x0, 0x3, 0xff, 0xff, 0xff, 0xfe,
    0x0, 0x7, 0xff, 0xff, 0xff, 0xff, 0x0, 0xf,
    0xff, 0xff, 0xff, 0xff, 0x0, 0x1f, 0xff, 0xff,
    0xff, 0xff, 0x80, 0x3f, 0xff, 0xff, 0xff, 0xff,
    0x80, 0x7f, 0xff, 0xff, 0xff, 0xff, 0x80, 0xff,
    0xff, 0xff, 0xff, 0xff, 0x1, 0xff, 0xff, 0xff,
    0xff, 0xff, 0x3, 0xff, 0xe0, 0x1, 0xff, 0xff,
    0x7, 0xff, 0xc0, 0x0, 0xff, 0xfe, 0xf, 0xff,
    0x80, 0x0, 0x7f, 0xfe, 0x1f, 0xff, 0x0, 0x0,
    0x7f, 0xfc, 0x3f, 0xfe, 0x0, 0x0, 0x7f, 0xfc,
    0x7f, 0xfc, 0x0, 0x0, 0xff, 0xf8, 0xff, 0xf8,
    0x0, 0x0, 0xff, 0xf9, 0xff, 0xf0, 0x0, 0x1,
    0xff, 0xf3, 0xff, 0xe0, 0x0, 0x1, 0xff, 0xe7,
    0xff, 0xc0, 0x0, 0x3, 0xff, 0xcf, 0xff, 0x80,
    0x0, 0x7, 0xff, 0xdf, 0xff, 0x0, 0x0, 0xf,
    0xff, 0xbf, 0xfe, 0x0, 0x0, 0xf, 0xff, 0x7f,
    0xfc, 0x0, 0x0, 0x1f, 0xfe, 0xff, 0xf8, 0x0,
    0x0, 0x3f, 0xfd, 0xff, 0xf0, 0x0, 0x0, 0x7f,
    0xff, 0xff, 0xe0, 0x0, 0x0, 0xff, 0xff, 0xff,
    0xc0, 0x0, 0x1, 0xff, 0xff, 0xff, 0x80, 0x0,
    0x3, 0xff, 0xff, 0xff, 0x0, 0x0, 0x7, 0xff,
    0xff, 0xfe, 0x0, 0x0, 0xf, 0xff, 0xff, 0xfc,
    0x0, 0x0, 0x1f, 0xff, 0xff, 0xf8, 0x0, 0x0,
    0x3f, 0xff, 0xff, 0xf0, 0x0, 0x0, 0x7f, 0xff,
    0xff, 0xe0, 0x0, 0x0, 0xff, 0xff, 0xff, 0xc0,
    0x0, 0x1, 0xff, 0xff, 0xff, 0x80, 0x0, 0x3,
    0xff, 0xff, 0xff, 0x0, 0x0, 0x7, 0xff, 0xff,
    0xfe, 0x0, 0x0, 0xf, 0xff, 0xff, 0xfc, 0x0,
    0x0, 0x1f, 0xff, 0xff, 0xf8, 0x0, 0x0, 0x3f,
    0xff, 0xff, 0xf0, 0x0, 0x0, 0x7f, 0xff, 0xff,
    0xe0, 0x0, 0x0, 0xff, 0xf7, 0xff, 0xc0, 0x0,
    0x1, 0xff, 0xef, 0xff, 0x80, 0x0, 0x3, 0xff,
    0xdf, 0xff, 0x0, 0x0, 0xf, 0xff, 0xbf, 0xfe,
    0x0, 0x0, 0x1f, 0xff, 0x7f, 0xfc, 0x0, 0x0,
    0x3f, 0xfc, 0xff, 0xf8, 0x0, 0x0, 0x7f, 0xf9,
    0xff, 0xf0, 0x0, 0x1, 0xff, 0xf3, 0xff, 0xe0,
    0x0, 0x3, 0xff, 0xe7, 0xff, 0xc0, 0x0, 0xf,
    0xff, 0x8f, 0xff, 0x80, 0x0, 0x1f, 0xff, 0x1f,
    0xff, 0x0, 0x0, 0x7f, 0xfc, 0x3f, 0xfe, 0x0,
    0x1, 0xff, 0xf8, 0x7f, 0xfc, 0x0, 0xf, 0xff,
    0xe0, 0xff, 0xf8, 0x0, 0x7f, 0xff, 0xc1, 0xff,
    0xff, 0xff, 0xff, 0xff, 0x3, 0xff, 0xff, 0xff,
    0xff, 0xfc, 0x7, 0xff, 0xff, 0xff, 0xff, 0xf8,
    0xf, 0xff, 0xff, 0xff, 0xff, 0xe0, 0x1f, 0xff,
    0xff, 0xff, 0xff, 0x80, 0x3f, 0xff, 0xff, 0xff,
    0xfc, 0x0, 0x7f, 0xff, 0xff, 0xff, 0xf0, 0x0,
    0xff, 0xff, 0xff, 0xff, 0x80, 0x1, 0xff, 0xff,
    0xff, 0xfc, 0x0, 0x3, 0xff, 0xff, 0xff, 0x80,
    0x0, 0x0,

    /* U+0045 "E" */
    0xff, 0xff, 0xff, 0xff, 0xff, 0xff, 0xff, 0xff,
    0xff, 0xff, 0xff, 0xff, 0xff, 0xff, 0xff, 0xff,
    0xff, 0xff, 0xff, 0xff, 0xff, 0xff, 0xff, 0xff,
    0xff, 0xff, 0xff, 0xff, 0xff, 0xff, 0xff, 0xff,
    0xff, 0xff, 0xff, 0xff, 0xff, 0xff, 0xff, 0xff,
    0xff, 0xff, 0xff, 0xff, 0xff, 0xff, 0xff, 0xff,
    0xff, 0xff, 0xff, 0xff, 0xff, 0xff, 0xff, 0xe0,
    0x0, 0x0, 0x0, 0x7f, 0xfc, 0x0, 0x0, 0x0,
    0xf, 0xff, 0x80, 0x0, 0x0, 0x1, 0xff, 0xf0,
    0x0, 0x0, 0x0, 0x3f, 0xfe, 0x0, 0x0, 0x0,
    0x7, 0xff, 0xc0, 0x0, 0x0, 0x0, 0xff, 0xf8,
    0x0, 0x0, 0x0, 0x1f, 0xff, 0x0, 0x0, 0x0,
    0x3, 0xff, 0xe0, 0x0, 0x0, 0x0, 0x7f, 0xfc,
    0x0, 0x0, 0x0, 0xf, 0xff, 0x80, 0x0, 0x0,
    0x1, 0xff, 0xf0, 0x0, 0x0, 0x0, 0x3f, 0xfe,
    0x0, 0x0, 0x0, 0x7, 0xff, 0xc0, 0x0, 0x0,
    0x0, 0xff, 0xf8, 0x0, 0x0, 0x0, 0x1f, 0xff,
    0x0, 0x0, 0x0, 0x3, 0xff, 0xe0, 0x0, 0x0,
    0x0, 0x7f, 0xfc, 0x0, 0x0, 0x0, 0xf, 0xff,
    0xff, 0xff, 0xff, 0xfd, 0xff, 0xff, 0xff, 0xff,
    0xff, 0xbf, 0xff, 0xff, 0xff, 0xff, 0xf7, 0xff,
    0xff, 0xff, 0xff, 0xfe, 0xff, 0xff, 0xff, 0xff,
    0xff, 0xdf, 0xff, 0xff, 0xff, 0xff, 0xfb, 0xff,
    0xff, 0xff, 0xff, 0xff, 0x7f, 0xff, 0xff, 0xff,
    0xff, 0xef, 0xff, 0xff, 0xff, 0xff, 0xfd, 0xff,
    0xff, 0xff, 0xff, 0xff, 0xbf, 0xfe, 0x0, 0x0,
    0x0, 0x7, 0xff, 0xc0, 0x0, 0x0, 0x0, 0xff,
    0xf8, 0x0, 0x0, 0x0, 0x1f, 0xff, 0x0, 0x0,
    0x0, 0x3, 0xff, 0xe0, 0x0, 0x0, 0x0, 0x7f,
    0xfc, 0x0, 0x0, 0x0, 0xf, 0xff, 0x80, 0x0,
    0x0, 0x1, 0xff, 0xf0, 0x0, 0x0, 0x0, 0x3f,
    0xfe, 0x0, 0x0, 0x0, 0x7, 0xff, 0xc0, 0x0,
    0x0, 0x0, 0xff, 0xf8, 0x0, 0x0, 0x0, 0x1f,
    0xff, 0x0, 0x0, 0x0, 0x3, 0xff, 0xe0, 0x0,
    0x0, 0x0, 0x7f, 0xfc, 0x0, 0x0, 0x0, 0xf,
    0xff, 0x80, 0x0, 0x0, 0x1, 0xff, 0xf0, 0x0,
    0x0, 0x0, 0x3f, 0xfe, 0x0, 0x0, 0x0, 0x7,
    0xff, 0xc0, 0x0, 0x0, 0x0, 0xff, 0xf8, 0x0,
    0x0, 0x0, 0x1f, 0xff, 0xff, 0xff, 0xff, 0xff,
    0xff, 0xff, 0xff, 0xff, 0xff, 0xff, 0xff, 0xff,
    0xff, 0xff, 0xff, 0xff, 0xff, 0xff, 0xff, 0xff,
    0xff, 0xff, 0xff, 0xff, 0xff, 0xff, 0xff, 0xff,
    0xff, 0xff, 0xff, 0xff, 0xff, 0xff, 0xff, 0xff,
    0xff, 0xff, 0xff, 0xff, 0xff, 0xff, 0xff, 0xff,
    0xff, 0xff, 0xff, 0xff, 0xff, 0xff, 0xff, 0xff,
    0x80,

    /* U+0046 "F" */
    0xff, 0xff, 0xff, 0xff, 0xff, 0xff, 0xff, 0xff,
    0xff, 0xff, 0xff, 0xff, 0xff, 0xff, 0xff, 0xff,
    0xff, 0xff, 0xff, 0xff, 0xff, 0xff, 0xff, 0xff,
    0xff, 0xff, 0xff, 0xff, 0xff, 0xff, 0xff, 0xff,
    0xff, 0xff, 0xff, 0xff, 0xff, 0xff, 0xff, 0xff,
    0xff, 0xff, 0xff, 0xff, 0xff, 0xff, 0xff, 0xff,
    0xff, 0xff, 0xff, 0xff, 0xff, 0xff, 0xff, 0xff,
    0xf8, 0x0, 0x0, 0x0, 0xf, 0xff, 0x80, 0x0,
    0x0, 0x0, 0xff, 0xf8, 0x0, 0x0, 0x0, 0xf,
    0xff, 0x80, 0x0, 0x0, 0x0, 0xff, 0xf8, 0x0,
    0x0, 0x0, 0xf, 0xff, 0x80, 0x0, 0x0, 0x0,
    0xff, 0xf8, 0x0, 0x0, 0x0, 0xf, 0xff, 0x80,
    0x0, 0x0, 0x0, 0xff, 0xf8, 0x0, 0x0, 0x0,
    0xf, 0xff, 0x80, 0x0, 0x0, 0x0, 0xff, 0xf8,
    0x0, 0x0, 0x0, 0xf, 0xff, 0x80, 0x0, 0x0,
    0x0, 0xff, 0xf8, 0x0, 0x0, 0x0, 0xf, 0xff,
    0x80, 0x0, 0x0, 0x0, 0xff, 0xf8, 0x0, 0x0,
    0x0, 0xf, 0xff, 0x80, 0x0, 0x0, 0x0, 0xff,
    0xf8, 0x0, 0x0, 0x0, 0xf, 0xff, 0x80, 0x0,
    0x0, 0x0, 0xff, 0xff, 0xff, 0xff, 0xff, 0x8f,
    0xff, 0xff, 0xff, 0xff, 0xf8, 0xff, 0xff, 0xff,
    0xff, 0xff, 0x8f, 0xff, 0xff, 0xff, 0xff, 0xf8,
    0xff, 0xff, 0xff, 0xff, 0xff, 0x8f, 0xff, 0xff,
    0xff, 0xff, 0xf8, 0xff, 0xff, 0xff, 0xff, 0xff,
    0x8f, 0xff, 0xff, 0xff, 0xff, 0xf8, 0xff, 0xff,
    0xff, 0xff, 0xff, 0x8f, 0xff, 0xff, 0xff, 0xff,
    0xf8, 0xff, 0xf8, 0x0, 0x0, 0x0, 0xf, 0xff,
    0x80, 0x0, 0x0, 0x0, 0xff, 0xf8, 0x0, 0x0,
    0x0, 0xf, 0xff, 0x80, 0x0, 0x0, 0x0, 0xff,
    0xf8, 0x0, 0x0, 0x0, 0xf, 0xff, 0x80, 0x0,
    0x0, 0x0, 0xff, 0xf8, 0x0, 0x0, 0x0, 0xf,
    0xff, 0x80, 0x0, 0x0, 0x0, 0xff, 0xf8, 0x0,
    0x0, 0x0, 0xf, 0xff, 0x80, 0x0, 0x0, 0x0,
    0xff, 0xf8, 0x0, 0x0, 0x0, 0xf, 0xff, 0x80,
    0x0, 0x0, 0x0, 0xff, 0xf8, 0x0, 0x0, 0x0,
    0xf, 0xff, 0x80, 0x0, 0x0, 0x0, 0xff, 0xf8,
    0x0, 0x0, 0x0, 0xf, 0xff, 0x80, 0x0, 0x0,
    0x0, 0xff, 0xf8, 0x0, 0x0, 0x0, 0xf, 0xff,
    0x80, 0x0, 0x0, 0x0, 0xff, 0xf8, 0x0, 0x0,
    0x0, 0xf, 0xff, 0x80, 0x0, 0x0, 0x0, 0xff,
    0xf8, 0x0, 0x0, 0x0, 0xf, 0xff, 0x80, 0x0,
    0x0, 0x0, 0xff, 0xf8, 0x0, 0x0, 0x0, 0xf,
    0xff, 0x80, 0x0, 0x0, 0x0, 0xff, 0xf8, 0x0,
    0x0, 0x0, 0xf, 0xff, 0x80, 0x0, 0x0, 0x0,
    0xff, 0xf8, 0x0, 0x0, 0x0, 0xf, 0xff, 0x80,
    0x0, 0x0, 0x0, 0xff, 0xf8, 0x0, 0x0, 0x0,
    0x0,

    /* U+0047 "G" */
    0x0, 0x0, 0xf, 0xfe, 0x0, 0x0, 0x0, 0x0,
    0xff, 0xff, 0xc0, 0x0, 0x0, 0x3, 0xff, 0xff,
    0xf8, 0x0, 0x0, 0xf, 0xff, 0xff, 0xfc, 0x0,
    0x0, 0x3f, 0xff, 0xff, 0xff, 0x0, 0x0, 0x7f,
    0xff, 0xff, 0xff, 0x80, 0x0, 0xff, 0xff, 0xff,
    0xff, 0xc0, 0x1, 0xff, 0xff, 0xff, 0xff, 0xe0,
    0x1, 0xff, 0xff, 0xff, 0xff, 0xf0, 0x3, 0xff,
    0xff, 0xff, 0xff, 0xf0, 0x7, 0xff, 0xf8, 0x7,
    0xff, 0xf8, 0x7, 0xff, 0xe0, 0x1, 0xff, 0xf8,
    0xf, 0xff, 0xc0, 0x0, 0xff, 0xfc, 0xf, 0xff,
    0x80, 0x0, 0x7f, 0xfc, 0x1f, 0xff, 0x0, 0x0,
    0x3f, 0xfe, 0x1f, 0xff, 0x0, 0x0, 0x3f, 0xfe,
    0x1f, 0xfe, 0x0, 0x0, 0x1f, 0xff, 0x3f, 0xfe,
    0x0, 0x0, 0x1f, 0xff, 0x3f, 0xfc, 0x0, 0x0,
    0xf, 0xfe, 0x3f, 0xfc, 0x0, 0x0, 0xf, 0xe0,
    0x7f, 0xfc, 0x0, 0x0, 0xf, 0x0, 0x7f, 0xfc,
    0x0, 0x0, 0x0, 0x0, 0x7f, 0xf8, 0x0, 0x0,
    0x0, 0x0, 0x7f, 0xf8, 0x0, 0x0, 0x0, 0x0,
    0x7f, 0xf8, 0x0, 0x0, 0x0, 0x0, 0x7f, 0xf8,
    0x0, 0x0, 0x0, 0x0, 0xff, 0xf8, 0x0, 0x0,
    0x0, 0x0, 0xff, 0xf8, 0x0, 0x0, 0x0, 0x0,
    0xff, 0xf8, 0x0, 0x0, 0x0, 0x0, 0xff, 0xf8,
    0x0, 0x0, 0x0, 0x0, 0xff, 0xf8, 0x0, 0x0,
    0x0, 0x0, 0xff, 0xf8, 0x0, 0x0, 0x0, 0x0,
    0xff, 0xf8, 0x0, 0x0, 0x0, 0x0, 0xff, 0xf8,
    0x0, 0x0, 0x0, 0x0, 0xff, 0xf8, 0x0, 0xff,
    0xff, 0xff, 0xff, 0xf8, 0x0, 0xff, 0xff, 0xff,
    0xff, 0xf8, 0x0, 0xff, 0xff, 0xff, 0xff, 0xf8,
    0x0, 0xff, 0xff, 0xff, 0xff, 0xf8, 0x0, 0xff,
    0xff, 0xff, 0xff, 0xf8, 0x0, 0xff, 0xff, 0xff,
    0xff, 0xf8, 0x0, 0xff, 0xff, 0xff, 0xff, 0xf8,
    0x0, 0xff, 0xff, 0xff, 0xff, 0xf8, 0x0, 0xff,
    0xff, 0xff, 0xff, 0xf8, 0x0, 0x0, 0x7, 0xff,
    0xff, 0xf8, 0x0, 0x0, 0x7, 0xff, 0x7f, 0xf8,
    0x0, 0x0, 0x7, 0xff, 0x7f, 0xf8, 0x0, 0x0,
    0x7, 0xff, 0x7f, 0xfc, 0x0, 0x0, 0x7, 0xff,
    0x7f, 0xfc, 0x0, 0x0, 0x7, 0xff, 0x7f, 0xfc,
    0x0, 0x0, 0x7, 0xff, 0x7f, 0xfc, 0x0, 0x0,
    0x7, 0xff, 0x3f, 0xfc, 0x0, 0x0, 0x7, 0xff,
    0x3f, 0xfe, 0x0, 0x0, 0xf, 0xff, 0x3f, 0xfe,
    0x0, 0x0, 0xf, 0xff, 0x3f, 0xff, 0x0, 0x0,
    0xf, 0xff, 0x1f, 0xff, 0x0, 0x0, 0x1f, 0xff,
    0x1f, 0xff, 0x80, 0x0, 0x3f, 0xff, 0xf, 0xff,
    0xc0, 0x0, 0x7f, 0xff, 0xf, 0xff, 0xf0, 0x0,
    0xff, 0xff, 0xf, 0xff, 0xfc, 0x3, 0xff, 0xff,
    0x7, 0xff, 0xff, 0xff, 0xf7, 0xff, 0x3, 0xff,
    0xff, 0xff, 0xe7, 0xff, 0x3, 0xff, 0xff, 0xff,
    0xe7, 0xff, 0x1, 0xff, 0xff, 0xff, 0xc7, 0xff,
    0x0, 0xff, 0xff, 0xff, 0x87, 0xff, 0x0, 0x7f,
    0xff, 0xff, 0x7, 0xff, 0x0, 0x3f, 0xff, 0xfe,
    0x7, 0xff, 0x0, 0x1f, 0xff, 0xfc, 0x7, 0xff,
    0x0, 0x7, 0xff, 0xf0, 0x7, 0xff, 0x0, 0x0,
    0xff, 0x80, 0x0, 0x0,

    /* U+0048 "H" */
    0xff, 0xf8, 0x0, 0x0, 0xff, 0xff, 0xff, 0xc0,
    0x0, 0x7, 0xff, 0xff, 0xfe, 0x0, 0x0, 0x3f,
    0xff, 0xff, 0xf0, 0x0, 0x1, 0xff, 0xff, 0xff,
    0x80, 0x0, 0xf, 0xff, 0xff, 0xfc, 0x0, 0x0,
    0x7f, 0xff, 0xff, 0xe0, 0x0, 0x3, 0xff, 0xff,
    0xff, 0x0, 0x0, 0x1f, 0xff, 0xff, 0xf8, 0x0,
    0x0, 0xff, 0xff, 0xff, 0xc0, 0x0, 0x7, 0xff,
    0xff, 0xfe, 0x0, 0x0, 0x3f, 0xff, 0xff, 0xf0,
    0x0, 0x1, 0xff, 0xff, 0xff, 0x80, 0x0, 0xf,
    0xff, 0xff, 0xfc, 0x0, 0x0, 0x7f, 0xff, 0xff,
    0xe0, 0x0, 0x3, 0xff, 0xff, 0xff, 0x0, 0x0,
    0x1f, 0xff, 0xff, 0xf8, 0x0, 0x0, 0xff, 0xff,
    0xff, 0xc0, 0x0, 0x7, 0xff, 0xff, 0xfe, 0x0,
    0x0, 0x3f, 0xff, 0xff, 0xf0, 0x0, 0x1, 0xff,
    0xff, 0xff, 0x80, 0x0, 0xf, 0xff, 0xff, 0xfc,
    0x0, 0x0, 0x7f, 0xff, 0xff, 0xe0, 0x0, 0x3,
    0xff, 0xff, 0xff, 0x0, 0x0, 0x1f, 0xff, 0xff,
    0xf8, 0x0, 0x0, 0xff, 0xff, 0xff, 0xc0, 0x0,
    0x7, 0xff, 0xff, 0xfe, 0x0, 0x0, 0x3f, 0xff,
    0xff, 0xf0, 0x0, 0x1, 0xff, 0xff, 0xff, 0xff,
    0xff, 0xff, 0xff, 0xff, 0xff, 0xff, 0xff, 0xff,
    0xff, 0xff, 0xff, 0xff, 0xff, 0xff, 0xff, 0xff,
    0xff, 0xff, 0xff, 0xff, 0xff, 0xff, 0xff, 0xff,
    0xff, 0xff, 0xff, 0xff, 0xff, 0xff, 0xff, 0xff,
    0xff, 0xff, 0xff, 0xff, 0xff, 0xff, 0xff, 0xff,
    0xff, 0xff, 0xff, 0xff, 0xff, 0xff, 0xff, 0xff,
    0xff, 0xff, 0xff, 0xff, 0xff, 0xff, 0xff, 0xe0,
    0x0, 0x3, 0xff, 0xff, 0xff, 0x0, 0x0, 0x1f,
    0xff, 0xff, 0xf8, 0x0, 0x0, 0xff, 0xff, 0xff,
    0xc0, 0x0, 0x7, 0xff, 0xff, 0xfe, 0x0, 0x0,
    0x3f, 0xff, 0xff, 0xf0, 0x0, 0x1, 0xff, 0xff,
    0xff, 0x80, 0x0, 0xf, 0xff, 0xff, 0xfc, 0x0,
    0x0, 0x7f, 0xff, 0xff, 0xe0, 0x0, 0x3, 0xff,
    0xff, 0xff, 0x0, 0x0, 0x1f, 0xff, 0xff, 0xf8,
    0x0, 0x0, 0xff, 0xff, 0xff, 0xc0, 0x0, 0x7,
    0xff, 0xff, 0xfe, 0x0, 0x0, 0x3f, 0xff, 0xff,
    0xf0, 0x0, 0x1, 0xff, 0xff, 0xff, 0x80, 0x0,
    0xf, 0xff, 0xff, 0xfc, 0x0, 0x0, 0x7f, 0xff,
    0xff, 0xe0, 0x0, 0x3, 0xff, 0xff, 0xff, 0x0,
    0x0, 0x1f, 0xff, 0xff, 0xf8, 0x0, 0x0, 0xff,
    0xff, 0xff, 0xc0, 0x0, 0x7, 0xff, 0xff, 0xfe,
    0x0, 0x0, 0x3f, 0xff, 0xff, 0xf0, 0x0, 0x1,
    0xff, 0xff, 0xff, 0x80, 0x0, 0xf, 0xff, 0xff,
    0xfc, 0x0, 0x0, 0x7f, 0xff, 0xff, 0xe0, 0x0,
    0x3, 0xff, 0xff, 0xff, 0x0, 0x0, 0x1f, 0xff,
    0xff, 0xf8, 0x0, 0x0, 0xff, 0xff, 0xff, 0xc0,
    0x0, 0x7, 0xff, 0xff, 0xfe, 0x0, 0x0, 0x3f,
    0xfe,

    /* U+0049 "I" */
    0xff, 0xff, 0xff, 0xff, 0xff, 0xff, 0xff, 0xff,
    0xff, 0xff, 0xff, 0xff, 0xff, 0xff, 0xff, 0xff,
    0xff, 0xff, 0xff, 0xff, 0xff, 0xff, 0xff, 0xff,
    0xff, 0xff, 0xff, 0xff, 0xff, 0xff, 0xff, 0xff,
    0xff, 0xff, 0xff, 0xff, 0xff, 0xff, 0xff, 0xff,
    0xff, 0xff, 0xff, 0xff, 0xff, 0xff, 0xff, 0xff,
    0xe0, 0x0, 0x3f, 0xfe, 0x0, 0x0, 0x0, 0x7,
    0xff, 0xc0, 0x0, 0x0, 0x0, 0xff, 0xf8, 0x0,
    0x0, 0x0, 0x1f, 0xff, 0x0, 0x0, 0x0, 0x3,
    0xff, 0xe0, 0x0, 0x0, 0x0, 0x7f, 0xfc, 0x0,
    0x0, 0x0, 0xf, 0xff, 0x80, 0x0, 0x0, 0x1,
    0xff, 0xf0, 0x0, 0x0, 0x0, 0x3f, 0xfe, 0x0,
    0x0, 0x0, 0x7, 0xff, 0xc0, 0x0, 0x0, 0x0,
    0xff, 0xf8, 0x0, 0x0, 0x0, 0x1f, 0xff, 0x0,
    0x0, 0x0, 0x3, 0xff, 0xe0, 0x0, 0x0, 0x0,
    0x7f, 0xfc, 0x0, 0x0, 0x0, 0xf, 0xff, 0x80,
    0x0, 0x0, 0x1, 0xff, 0xf0, 0x0, 0x0, 0x0,
    0x3f, 0xfe, 0x0, 0x0, 0x0, 0x7, 0xff, 0xc0,
    0x0, 0x0, 0x0, 0xff, 0xf8, 0x0, 0x0, 0x0,
    0x1f, 0xff, 0x0, 0x0, 0x0, 0x3, 0xff, 0xe0,
    0x0, 0x0, 0x0, 0x7f, 0xfc, 0x0, 0x0, 0x0,
    0xf, 0xff, 0x80, 0x0, 0x0, 0x1, 0xff, 0xf0,
    0x0, 0x0, 0x0, 0x3f, 0xfe, 0x0, 0x0, 0x0,
    0x7, 0xff, 0xc0, 0x0, 0x0, 0x0, 0xff, 0xf8,
    0x0, 0x0, 0x0, 0x1f, 0xff, 0x0, 0x0, 0x0,
    0x3, 0xff, 0xe0, 0x0, 0x0, 0x0, 0x7f, 0xfc,
    0x0, 0x0, 0x0, 0xf, 0xff, 0x80, 0x0, 0x0,
    0x1, 0xff, 0xf0, 0x0, 0x0, 0x0, 0x3f, 0xfe,
    0x0, 0x0, 0x0, 0x7, 0xff, 0xc0, 0x0, 0x0,
    0x0, 0xff, 0xf8, 0x0, 0x0, 0x0, 0x1f, 0xff,
    0x0, 0x0, 0x0, 0x3, 0xff, 0xe0, 0x0, 0x0,
    0x0, 0x7f, 0xfc, 0x0, 0x0, 0x0, 0xf, 0xff,
    0x80, 0x0, 0x0, 0x1, 0xff, 0xf0, 0x0, 0x0,
    0x0, 0x3f, 0xfe, 0x0, 0x0, 0x0, 0x7, 0xff,
    0xc0, 0x0, 0x0, 0x0, 0xff, 0xf8, 0x0, 0x0,
    0x0, 0x1f, 0xff, 0x0, 0x0, 0x0, 0x3, 0xff,
    0xe0, 0x0, 0x0, 0x0, 0x7f, 0xfc, 0x0, 0x0,
    0x0, 0xf, 0xff, 0x80, 0x0, 0x0, 0x1, 0xff,
    0xf0, 0x0, 0x0, 0x0, 0x3f, 0xfe, 0x0, 0x3,
    0xff, 0xff, 0xff, 0xff, 0xff, 0xff, 0xff, 0xff,
    0xff, 0xff, 0xff, 0xff, 0xff, 0xff, 0xff, 0xff,
    0xff, 0xff, 0xff, 0xff, 0xff, 0xff, 0xff, 0xff,
    0xff, 0xff, 0xff, 0xff, 0xff, 0xff, 0xff, 0xff,
    0xff, 0xff, 0xff, 0xff, 0xff, 0xff, 0xff, 0xff,
    0xff, 0xff, 0xff, 0xff, 0xff, 0xff, 0xff, 0xff,
    0x80,

    /* U+004A "J" */
    0x0, 0xff, 0xff, 0xff, 0xff, 0xf0, 0xf, 0xff,
    0xff, 0xff, 0xff, 0x0, 0xff, 0xff, 0xff, 0xff,
    0xf0, 0xf, 0xff, 0xff, 0xff, 0xff, 0x0, 0xff,
    0xff, 0xff, 0xff, 0xf0, 0xf, 0xff, 0xff, 0xff,
    0xff, 0x0, 0xff, 0xff, 0xff, 0xff, 0xf0, 0xf,
    0xff, 0xff, 0xff, 0xff, 0x0, 0xff, 0xff, 0xff,
    0xff, 0xf0, 0xf, 0xff, 0xff, 0xff, 0xff, 0x0,
    0x0, 0x0, 0x1, 0xff, 0xf0, 0x0, 0x0, 0x0,
    0x1f, 0xff, 0x0, 0x0, 0x0, 0x1, 0xff, 0xf0,
    0x0, 0x0, 0x0, 0x1f, 0xff, 0x0, 0x0, 0x0,
    0x1, 0xff, 0xf0, 0x0, 0x0, 0x0, 0x1f, 0xff,
    0x0, 0x0, 0x0, 0x1, 0xff, 0xf0, 0x0, 0x0,
    0x0, 0x1f, 0xff, 0x0, 0x0, 0x0, 0x1, 0xff,
    0xf0, 0x0, 0x0, 0x0, 0x1f, 0xff, 0x0, 0x0,
    0x0, 0x1, 0xff, 0xf0, 0x0, 0x0, 0x0, 0x1f,
    0xff, 0x0, 0x0, 0x0, 0x1, 0xff, 0xf0, 0x0,
    0x0, 0x0, 0x1f, 0xff, 0x0, 0x0, 0x0, 0x1,
    0xff, 0xf0, 0x0, 0x0, 0x0, 0x1f, 0xff, 0x0,
    0x0, 0x0, 0x1, 0xff, 0xf0, 0x0, 0x0, 0x0,
    0x1f, 0xff, 0x0, 0x0, 0x0, 0x1, 0xff, 0xf0,
    0x0, 0x0, 0x0, 0x1f, 0xff, 0x0, 0x0, 0x0,
    0x1, 0xff, 0xf0, 0x0, 0x0, 0x0, 0x1f, 0xff,
    0x0, 0x0, 0x0, 0x1, 0xff, 0xf0, 0x0, 0x0,
    0x0, 0x1f, 0xff, 0x0, 0x0, 0x0, 0x1, 0xff,
    0xf0, 0x0, 0x0, 0x0, 0x1f, 0xff, 0x0, 0x0,
    0x0, 0x1, 0xff, 0xf0, 0x0, 0x0, 0x0, 0x1f,
    0xff, 0x0, 0x0, 0x0, 0x1, 0xff, 0xf0, 0x0,
    0x0, 0x0, 0x1f, 0xff, 0x0, 0x0, 0x0, 0x1,
    0xff, 0xf0, 0x0, 0x0, 0x0, 0x1f, 0xff, 0x0,
    0x0, 0x0, 0x1, 0xff, 0xf0, 0x0, 0x0, 0x0,
    0x1f, 0xff, 0x0, 0x0, 0x0, 0x1, 0xff, 0xf0,
    0x0, 0x0, 0x0, 0x1f, 0xff, 0x0, 0x0, 0x0,
    0x1, 0xff, 0xf0, 0x0, 0x0, 0x0, 0x1f, 0xff,
    0x0, 0x10, 0x0, 0x1, 0xff, 0xf0, 0x3f, 0x0,
    0x0, 0x1f, 0xff, 0x7f, 0xf8, 0x0, 0x1, 0xff,
    0xf7, 0xff, 0x80, 0x0, 0x1f, 0xff, 0x7f, 0xfc,
    0x0, 0x3, 0xff, 0xf7, 0xff, 0xc0, 0x0, 0x3f,
    0xfe, 0x7f, 0xfe, 0x0, 0x7, 0xff, 0xe3, 0xff,
    0xe0, 0x0, 0x7f, 0xfe, 0x3f, 0xff, 0x80, 0xf,
    0xff, 0xe1, 0xff, 0xfe, 0x7, 0xff, 0xfc, 0x1f,
    0xff, 0xff, 0xff, 0xff, 0xc0, 0xff, 0xff, 0xff,
    0xff, 0xf8, 0x7, 0xff, 0xff, 0xff, 0xff, 0x0,
    0x7f, 0xff, 0xff, 0xff, 0xe0, 0x3, 0xff, 0xff,
    0xff, 0xfc, 0x0, 0xf, 0xff, 0xff, 0xff, 0x80,
    0x0, 0x7f, 0xff, 0xff, 0xf0, 0x0, 0x1, 0xff,
    0xff, 0xfc, 0x0, 0x0, 0x7, 0xff, 0xff, 0x0,
    0x0, 0x0, 0x7, 0xff, 0x0, 0x0,

    /* U+004B "K" */
    0xff, 0xf8, 0x0, 0x0, 0x1f, 0xff, 0x9f, 0xff,
    0x0, 0x0, 0x7, 0xff, 0xf3, 0xff, 0xe0, 0x0,
    0x0, 0xff, 0xfc, 0x7f, 0xfc, 0x0, 0x0, 0x3f,
    0xff, 0xf, 0xff, 0x80, 0x0, 0xf, 0xff, 0xc1,
    0xff, 0xf0, 0x0, 0x3, 0xff, 0xf8, 0x3f, 0xfe,
    0x0, 0x0, 0x7f, 0xfe, 0x7, 0xff, 0xc0, 0x0,
    0x1f, 0xff, 0x80, 0xff, 0xf8, 0x0, 0x7, 0xff,
    0xe0, 0x1f, 0xff, 0x0, 0x1, 0xff, 0xfc, 0x3,
    0xff, 0xe0, 0x0, 0x3f, 0xff, 0x0, 0x7f, 0xfc,
    0x0, 0xf, 0xff, 0xc0, 0xf, 0xff, 0x80, 0x3,
    0xff, 0xf0, 0x1, 0xff, 0xf0, 0x0, 0xff, 0xfe,
    0x0, 0x3f, 0xfe, 0x0, 0x1f, 0xff, 0x80, 0x7,
    0xff, 0xc0, 0x7, 0xff, 0xe0, 0x0, 0xff, 0xf8,
    0x1, 0xff, 0xf8, 0x0, 0x1f, 0xff, 0x0, 0x7f,
    0xff, 0x0, 0x3, 0xff, 0xe0, 0xf, 0xff, 0xc0,
    0x0, 0x7f, 0xfc, 0x3, 0xff, 0xf0, 0x0, 0xf,
    0xff, 0x80, 0xff, 0xfc, 0x0, 0x1, 0xff, 0xf0,
    0x1f, 0xff, 0x80, 0x0, 0x3f, 0xfe, 0x7, 0xff,
    0xe0, 0x0, 0x7, 0xff, 0xc1, 0xff, 0xf8, 0x0,
    0x0, 0xff, 0xf8, 0x3f, 0xfe, 0x0, 0x0, 0x1f,
    0xff, 0xf, 0xff, 0xc0, 0x0, 0x3, 0xff, 0xe3,
    0xff, 0xf0, 0x0, 0x0, 0x7f, 0xfc, 0xff, 0xfc,
    0x0, 0x0, 0xf, 0xff, 0x9f, 0xff, 0x80, 0x0,
    0x1, 0xff, 0xf7, 0xff, 0xf0, 0x0, 0x0, 0x3f,
    0xff, 0xff, 0xff, 0x0, 0x0, 0x7, 0xff, 0xff,
    0xff, 0xf0, 0x0, 0x0, 0xff, 0xff, 0xff, 0xfe,
    0x0, 0x0, 0x1f, 0xff, 0xff, 0xff, 0xe0, 0x0,
    0x3, 0xff, 0xff, 0xff, 0xfc, 0x0, 0x0, 0x7f,
    0xff, 0xff, 0xff, 0xc0, 0x0, 0xf, 0xff, 0xff,
    0xff, 0xf8, 0x0, 0x1, 0xff, 0xff, 0xff, 0xff,
    0x80, 0x0, 0x3f, 0xff, 0xf9, 0xff, 0xf0, 0x0,
    0x7, 0xff, 0xff, 0x3f, 0xff, 0x0, 0x0, 0xff,
    0xff, 0xc3, 0xff, 0xf0, 0x0, 0x1f, 0xff, 0xf0,
    0x7f, 0xfe, 0x0, 0x3, 0xff, 0xfc, 0x7, 0xff,
    0xe0, 0x0, 0x7f, 0xff, 0x80, 0xff, 0xfc, 0x0,
    0xf, 0xff, 0xe0, 0xf, 0xff, 0xc0, 0x1, 0xff,
    0xf8, 0x1, 0xff, 0xf8, 0x0, 0x3f, 0xfe, 0x0,
    0x1f, 0xff, 0x80, 0x7, 0xff, 0xc0, 0x1, 0xff,
    0xf8, 0x0, 0xff, 0xf8, 0x0, 0x3f, 0xff, 0x0,
    0x1f, 0xff, 0x0, 0x3, 0xff, 0xf0, 0x3, 0xff,
    0xe0, 0x0, 0x7f, 0xfe, 0x0, 0x7f, 0xfc, 0x0,
    0x7, 0xff, 0xe0, 0xf, 0xff, 0x80, 0x0, 0xff,
    0xfc, 0x1, 0xff, 0xf0, 0x0, 0xf, 0xff, 0xc0,
    0x3f, 0xfe, 0x0, 0x1, 0xff, 0xfc, 0x7, 0xff,
    0xc0, 0x0, 0x1f, 0xff, 0x80, 0xff, 0xf8, 0x0,
    0x1, 0xff, 0xf8, 0x1f, 0xff, 0x0, 0x0, 0x3f,
    0xff, 0x3, 0xff, 0xe0, 0x0, 0x3, 0xff, 0xf0,
    0x7f, 0xfc, 0x0, 0x0, 0x7f, 0xfe, 0xf, 0xff,
    0x80, 0x0, 0x7, 0xff, 0xe1, 0xff, 0xf0, 0x0,
    0x0, 0xff, 0xfe, 0x3f, 0xfe, 0x0, 0x0, 0xf,
    0xff, 0xc7, 0xff, 0xc0, 0x0, 0x1, 0xff, 0xfc,
    0xff, 0xf8, 0x0, 0x0, 0x1f, 0xff, 0x9f, 0xff,
    0x0, 0x0, 0x1, 0xff, 0xfb, 0xff, 0xe0, 0x0,
    0x0, 0x3f, 0xff, 0x0,

    /* U+004C "L" */
    0xff, 0xf8, 0x0, 0x0, 0x0, 0x1f, 0xff, 0x0,
    0x0, 0x0, 0x3, 0xff, 0xe0, 0x0, 0x0, 0x0,
    0x7f, 0xfc, 0x0, 0x0, 0x0, 0xf, 0xff, 0x80,
    0x0, 0x0, 0x1, 0xff, 0xf0, 0x0, 0x0, 0x0,
    0x3f, 0xfe, 0x0, 0x0, 0x0, 0x7, 0xff, 0xc0,
    0x0, 0x0, 0x0, 0xff, 0xf8, 0x0, 0x0, 0x0,
    0x1f, 0xff, 0x0, 0x0, 0x0, 0x3, 0xff, 0xe0,
    0x0, 0x0, 0x0, 0x7f, 0xfc, 0x0, 0x0, 0x0,
    0xf, 0xff, 0x80, 0x0, 0x0, 0x1, 0xff, 0xf0,
    0x0, 0x0, 0x0, 0x3f, 0xfe, 0x0, 0x0, 0x0,
    0x7, 0xff, 0xc0, 0x0, 0x0, 0x0, 0xff, 0xf8,
    0x0, 0x0, 0x0, 0x1f, 0xff, 0x0, 0x0, 0x0,
    0x3, 0xff, 0xe0, 0x0, 0x0, 0x0, 0x7f, 0xfc,
    0x0, 0x0, 0x0, 0xf, 0xff, 0x80, 0x0, 0x0,
    0x1, 0xff, 0xf0, 0x0, 0x0, 0x0, 0x3f, 0xfe,
    0x0, 0x0, 0x0, 0x7, 0xff, 0xc0, 0x0, 0x0,
    0x0, 0xff, 0xf8, 0x0, 0x0, 0x0, 0x1f, 0xff,
    0x0, 0x0, 0x0, 0x3, 0xff, 0xe0, 0x0, 0x0,
    0x0, 0x7f, 0xfc, 0x0, 0x0, 0x0, 0xf, 0xff,
    0x80, 0x0, 0x0, 0x1, 0xff, 0xf0, 0x0, 0x0,
    0x0, 0x3f, 0xfe, 0x0, 0x0, 0x0, 0x7, 0xff,
    0xc0, 0x0, 0x0, 0x0, 0xff, 0xf8, 0x0, 0x0,
    0x0, 0x1f, 0xff, 0x0, 0x0, 0x0, 0x3, 0xff,
    0xe0, 0x0, 0x0, 0x0, 0x7f, 0xfc, 0x0, 0x0,
    0x0, 0xf, 0xff, 0x80, 0x0, 0x0, 0x1, 0xff,
    0xf0, 0x0, 0x0, 0x0, 0x3f, 0xfe, 0x0, 0x0,
    0x0, 0x7, 0xff, 0xc0, 0x0, 0x0, 0x0, 0xff,
    0xf8, 0x0, 0x0, 0x0, 0x1f, 0xff, 0x0, 0x0,
    0x0, 0x3, 0xff, 0xe0, 0x0, 0x0, 0x0, 0x7f,
    0xfc, 0x0, 0x0, 0x0, 0xf, 0xff, 0x80, 0x0,
    0x0, 0x1, 0xff, 0xf0, 0x0, 0x0, 0x0, 0x3f,
    0xfe, 0x0, 0x0, 0x0, 0x7, 0xff, 0xc0, 0x0,
    0x0, 0x0, 0xff, 0xf8, 0x0, 0x0, 0x0, 0x1f,
    0xff, 0x0, 0x0, 0x0, 0x3, 0xff, 0xe0, 0x0,
    0x0, 0x0, 0x7f, 0xfc, 0x0, 0x0, 0x0, 0xf,
    0xff, 0x80, 0x0, 0x0, 0x1, 0xff, 0xf0, 0x0,
    0x0, 0x0, 0x3f, 0xfe, 0x0, 0x0, 0x0, 0x7,
    0xff, 0xc0, 0x0, 0x0, 0x0, 0xff, 0xf8, 0x0,
    0x0, 0x0, 0x1f, 0xff, 0x0, 0x0, 0x0, 0x3,
    0xff, 0xff, 0xff, 0xff, 0xff, 0xff, 0xff, 0xff,
    0xff, 0xff, 0xff, 0xff, 0xff, 0xff, 0xff, 0xff,
    0xff, 0xff, 0xff, 0xff, 0xff, 0xff, 0xff, 0xff,
    0xff, 0xff, 0xff, 0xff, 0xff, 0xff, 0xff, 0xff,
    0xff, 0xff, 0xff, 0xff, 0xff, 0xff, 0xff, 0xff,
    0xff, 0xff, 0xff, 0xff, 0xff, 0xff, 0xff, 0xff,
    0xff, 0xff, 0xff, 0xff, 0xff, 0xf0,

    /* U+004D "M" */
    0xff, 0xff, 0x0, 0x0, 0x3f, 0xff, 0xff, 0xff,
    0x80, 0x0, 0x1f, 0xff, 0xff, 0xff, 0xc0, 0x0,
    0xf, 0xff, 0xff, 0xff, 0xf0, 0x0, 0xf, 0xff,
    0xff, 0xff, 0xf8, 0x0, 0x7, 0xff, 0xff, 0xff,
    0xfc, 0x0, 0x7, 0xff, 0xff, 0xff, 0xff, 0x0,
    0x3, 0xff, 0xff, 0xff, 0xff, 0x80, 0x1, 0xff,
    0xff, 0xff, 0xff, 0xe0, 0x1, 0xff, 0xff, 0xff,
    0xff, 0xf0, 0x0, 0xff, 0xff, 0xff, 0xff, 0xf8,
    0x0, 0x7f, 0xff, 0xff, 0xff, 0xfe, 0x0, 0x7f,
    0xff, 0xff, 0xff, 0xff, 0x0, 0x3f, 0xff, 0xff,
    0xff, 0xff, 0xc0, 0x3f, 0xff, 0xff, 0xff, 0xff,
    0xe0, 0x1f, 0xff, 0xff, 0xff, 0xff, 0xf0, 0xf,
    0xff, 0xff, 0xff, 0xef, 0xfc, 0xf, 0xfb, 0xff,
    0xff, 0xf7, 0xfe, 0x7, 0xfd, 0xff, 0xff, 0xf9,
    0xff, 0x7, 0xfe, 0xff, 0xff, 0xfc, 0xff, 0xc3,
    0xfe, 0x7f, 0xff, 0xfe, 0x7f, 0xe1, 0xff, 0x3f,
    0xff, 0xff, 0x1f, 0xf9, 0xff, 0x1f, 0xff, 0xff,
    0x8f, 0xfc, 0xff, 0x8f, 0xff, 0xff, 0xc7, 0xfe,
    0xff, 0xc7, 0xff, 0xff, 0xe1, 0xff, 0xff, 0xc3,
    0xff, 0xff, 0xf0, 0xff, 0xff, 0xe1, 0xff, 0xff,
    0xf8, 0x3f, 0xff, 0xf0, 0xff, 0xff, 0xfc, 0x1f,
    0xff, 0xf0, 0x7f, 0xff, 0xfe, 0xf, 0xff, 0xf8,
    0x3f, 0xff, 0xff, 0x3, 0xff, 0xf8, 0x1f, 0xff,
    0xff, 0x81, 0xff, 0xfc, 0xf, 0xff, 0xff, 0xc0,
    0xff, 0xfe, 0x7, 0xff, 0xff, 0xe0, 0x3f, 0xfe,
    0x3, 0xff, 0xff, 0xf0, 0x1f, 0xff, 0x1, 0xff,
    0xff, 0xf8, 0xf, 0xff, 0x80, 0xff, 0xff, 0xfc,
    0x3, 0xff, 0x80, 0x7f, 0xff, 0xfe, 0x1, 0xff,
    0xc0, 0x3f, 0xff, 0xff, 0x0, 0x7f, 0xc0, 0x1f,
    0xff, 0xff, 0x80, 0x3f, 0xe0, 0xf, 0xff, 0xff,
    0xc0, 0x1f, 0xf0, 0x7, 0xff, 0xff, 0xe0, 0x7,
    0xf0, 0x3, 0xff, 0xff, 0xf0, 0x3, 0xf8, 0x1,
    0xff, 0xff, 0xf8, 0x1, 0xfc, 0x0, 0xff, 0xff,
    0xfc, 0x0, 0x7c, 0x0, 0x7f, 0xff, 0xfe, 0x0,
    0x3e, 0x0, 0x3f, 0xff, 0xff, 0x0, 0xe, 0x0,
    0x1f, 0xff, 0xff, 0x80, 0x7, 0x0, 0xf, 0xff,
    0xff, 0xc0, 0x3, 0x80, 0x7, 0xff, 0xff, 0xe0,
    0x0, 0x80, 0x3, 0xff, 0xff, 0xf0, 0x0, 0x40,
    0x1, 0xff, 0xff, 0xf8, 0x0, 0x20, 0x0, 0xff,
    0xff, 0xfc, 0x0, 0x0, 0x0, 0x7f, 0xff, 0xfe,
    0x0, 0x0, 0x0, 0x3f, 0xff, 0xff, 0x0, 0x0,
    0x0, 0x1f, 0xff, 0xff, 0x80, 0x0, 0x0, 0xf,
    0xff, 0xff, 0xc0, 0x0, 0x0, 0x7, 0xff, 0xff,
    0xe0, 0x0, 0x0, 0x3, 0xff, 0xff, 0xf0, 0x0,
    0x0, 0x1, 0xff, 0xff, 0xf8, 0x0, 0x0, 0x0,
    0xff, 0xff, 0xfc, 0x0, 0x0, 0x0, 0x7f, 0xff,
    0xfe, 0x0, 0x0, 0x0, 0x3f, 0xff, 0xff, 0x0,
    0x0, 0x0, 0x1f, 0xff, 0xff, 0x80, 0x0, 0x0,
    0xf, 0xff, 0xff, 0xc0, 0x0, 0x0, 0x7, 0xff,
    0xff, 0xe0, 0x0, 0x0, 0x3, 0xff, 0xff, 0xf0,
    0x0, 0x0, 0x1, 0xff, 0xff, 0xf8, 0x0, 0x0,
    0x0, 0xff, 0xe0,

    /* U+004E "N" */
    0xff, 0xff, 0x0, 0x0, 0x3f, 0xff, 0xff, 0xf8,
    0x0, 0x1, 0xff, 0xff, 0xff, 0xe0, 0x0, 0xf,
    0xff, 0xff, 0xff, 0x0, 0x0, 0x7f, 0xff, 0xff,
    0xf8, 0x0, 0x3, 0xff, 0xff, 0xff, 0xe0, 0x0,
    0x1f, 0xff, 0xff, 0xff, 0x0, 0x0, 0xff, 0xff,
    0xff, 0xf8, 0x0, 0x7, 0xff, 0xff, 0xff, 0xe0,
    0x0, 0x3f, 0xff, 0xff, 0xff, 0x0, 0x1, 0xff,
    0xff, 0xff, 0xf8, 0x0, 0xf, 0xff, 0xff, 0xff,
    0xe0, 0x0, 0x7f, 0xff, 0xff, 0xff, 0x0, 0x3,
    0xff, 0xff, 0xff, 0xfc, 0x0, 0x1f, 0xff, 0xff,
    0xff, 0xe0, 0x0, 0xff, 0xff, 0xff, 0xff, 0x0,
    0x7, 0xff, 0xff, 0xff, 0xfc, 0x0, 0x3f, 0xff,
    0xff, 0xff, 0xe0, 0x1, 0xff, 0xff, 0xff, 0xff,
    0x0, 0xf, 0xff, 0xff, 0xdf, 0xfc, 0x0, 0x7f,
    0xff, 0xfe, 0xff, 0xe0, 0x3, 0xff, 0xff, 0xf3,
    0xff, 0x0, 0x1f, 0xff, 0xff, 0x9f, 0xfc, 0x0,
    0xff, 0xff, 0xfc, 0x7f, 0xe0, 0x7, 0xff, 0xff,
    0xe3, 0xff, 0x80, 0x3f, 0xff, 0xff, 0x1f, 0xfc,
    0x1, 0xff, 0xff, 0xf8, 0x7f, 0xe0, 0xf, 0xff,
    0xff, 0xc3, 0xff, 0x80, 0x7f, 0xff, 0xfe, 0x1f,
    0xfc, 0x3, 0xff, 0xff, 0xf0, 0x7f, 0xe0, 0x1f,
    0xff, 0xff, 0x83, 0xff, 0x80, 0xff, 0xff, 0xfc,
    0x1f, 0xfc, 0x7, 0xff, 0xff, 0xe0, 0x7f, 0xe0,
    0x3f, 0xff, 0xff, 0x3, 0xff, 0x81, 0xff, 0xff,
    0xf8, 0xf, 0xfc, 0xf, 0xff, 0xff, 0xc0, 0x7f,
    0xf0, 0x7f, 0xff, 0xfe, 0x3, 0xff, 0x83, 0xff,
    0xff, 0xf0, 0xf, 0xfc, 0x1f, 0xff, 0xff, 0x80,
    0x7f, 0xf0, 0xff, 0xff, 0xfc, 0x3, 0xff, 0x87,
    0xff, 0xff, 0xe0, 0xf, 0xfc, 0x3f, 0xff, 0xff,
    0x0, 0x7f, 0xf1, 0xff, 0xff, 0xf8, 0x3, 0xff,
    0x8f, 0xff, 0xff, 0xc0, 0xf, 0xfc, 0x7f, 0xff,
    0xfe, 0x0, 0x7f, 0xf3, 0xff, 0xff, 0xf0, 0x1,
    0xff, 0x9f, 0xff, 0xff, 0x80, 0xf, 0xfe, 0xff,
    0xff, 0xfc, 0x0, 0x7f, 0xf7, 0xff, 0xff, 0xe0,
    0x1, 0xff, 0xff, 0xff, 0xff, 0x0, 0xf, 0xff,
    0xff, 0xff, 0xf8, 0x0, 0x7f, 0xff, 0xff, 0xff,
    0xc0, 0x1, 0xff, 0xff, 0xff, 0xfe, 0x0, 0xf,
    0xff, 0xff, 0xff, 0xf0, 0x0, 0x7f, 0xff, 0xff,
    0xff, 0x80, 0x1, 0xff, 0xff, 0xff, 0xfc, 0x0,
    0xf, 0xff, 0xff, 0xff, 0xe0, 0x0, 0x3f, 0xff,
    0xff, 0xff, 0x0, 0x1, 0xff, 0xff, 0xff, 0xf8,
    0x0, 0xf, 0xff, 0xff, 0xff, 0xc0, 0x0, 0x3f,
    0xff, 0xff, 0xfe, 0x0, 0x1, 0xff, 0xff, 0xff,
    0xf0, 0x0, 0xf, 0xff, 0xff, 0xff, 0x80, 0x0,
    0x3f, 0xff, 0xff, 0xfc, 0x0, 0x1, 0xff, 0xff,
    0xff, 0xe0, 0x0, 0xf, 0xff, 0xff, 0xff, 0x0,
    0x0, 0x3f, 0xff, 0xff, 0xf8, 0x0, 0x1, 0xff,
    0xfe,

    /* U+004F "O" */
    0x0, 0x0, 0xf, 0xfe, 0x0, 0x0, 0x0, 0x0,
    0x1f, 0xff, 0xfc, 0x0, 0x0, 0x0, 0xf, 0xff,
    0xff, 0xe0, 0x0, 0x0, 0x7, 0xff, 0xff, 0xff,
    0x0, 0x0, 0x1, 0xff, 0xff, 0xff, 0xf0, 0x0,
    0x0, 0xff, 0xff, 0xff, 0xff, 0x80, 0x0, 0x3f,
    0xff, 0xff, 0xff, 0xf8, 0x0, 0xf, 0xff, 0xff,
    0xff, 0xff, 0x80, 0x1, 0xff, 0xff, 0xff, 0xff,
    0xf0, 0x0, 0x7f, 0xff, 0xff, 0xff, 0xff, 0x0,
    0x1f, 0xff, 0xf0, 0x1f, 0xff, 0xf0, 0x3, 0xff,
    0xf0, 0x0, 0x7f, 0xfe, 0x0, 0xff, 0xfc, 0x0,
    0x7, 0xff, 0xe0, 0x1f, 0xff, 0x0, 0x0, 0x7f,
    0xfc, 0x7, 0xff, 0xc0, 0x0, 0x7, 0xff, 0xc0,
    0xff, 0xf8, 0x0, 0x0, 0xff, 0xf8, 0x1f, 0xfe,
    0x0, 0x0, 0xf, 0xff, 0x7, 0xff, 0xc0, 0x0,
    0x1, 0xff, 0xf0, 0xff, 0xf0, 0x0, 0x0, 0x1f,
    0xfe, 0x1f, 0xfe, 0x0, 0x0, 0x3, 0xff, 0xc7,
    0xff, 0xc0, 0x0, 0x0, 0x7f, 0xfc, 0xff, 0xf8,
    0x0, 0x0, 0xf, 0xff, 0x9f, 0xfe, 0x0, 0x0,
    0x0, 0xff, 0xf3, 0xff, 0xc0, 0x0, 0x0, 0x1f,
    0xfe, 0x7f, 0xf8, 0x0, 0x0, 0x3, 0xff, 0xcf,
    0xff, 0x0, 0x0, 0x0, 0x7f, 0xfb, 0xff, 0xe0,
    0x0, 0x0, 0xf, 0xff, 0xff, 0xfc, 0x0, 0x0,
    0x1, 0xff, 0xff, 0xff, 0x80, 0x0, 0x0, 0x3f,
    0xff, 0xff, 0xf0, 0x0, 0x0, 0x7, 0xff, 0xff,
    0xfe, 0x0, 0x0, 0x0, 0xff, 0xff, 0xff, 0xc0,
    0x0, 0x0, 0x1f, 0xff, 0xff, 0xf8, 0x0, 0x0,
    0x3, 0xff, 0xff, 0xff, 0x0, 0x0, 0x0, 0x7f,
    0xff, 0xff, 0xe0, 0x0, 0x0, 0xf, 0xff, 0xff,
    0xfc, 0x0, 0x0, 0x1, 0xff, 0xff, 0xff, 0x80,
    0x0, 0x0, 0x3f, 0xff, 0xff, 0xf0, 0x0, 0x0,
    0x7, 0xff, 0xff, 0xfe, 0x0, 0x0, 0x0, 0xff,
    0xff, 0xff, 0xc0, 0x0, 0x0, 0x1f, 0xff, 0xff,
    0xf8, 0x0, 0x0, 0x3, 0xff, 0xff, 0xff, 0x0,
    0x0, 0x0, 0x7f, 0xff, 0xff, 0xe0, 0x0, 0x0,
    0xf, 0xff, 0xff, 0xfc, 0x0, 0x0, 0x1, 0xff,
    0xf7, 0xff, 0x80, 0x0, 0x0, 0x3f, 0xfc, 0xff,
    0xf0, 0x0, 0x0, 0x7, 0xff, 0x9f, 0xfe, 0x0,
    0x0, 0x0, 0xff, 0xf3, 0xff, 0xc0, 0x0, 0x0,
    0x1f, 0xfe, 0x7f, 0xfc, 0x0, 0x0, 0x7, 0xff,
    0xcf, 0xff, 0x80, 0x0, 0x0, 0xff, 0xf8, 0xff,
    0xf0, 0x0, 0x0, 0x1f, 0xfe, 0x1f, 0xfe, 0x0,
    0x0, 0x3, 0xff, 0xc3, 0xff, 0xe0, 0x0, 0x0,
    0xff, 0xf8, 0x3f, 0xfc, 0x0, 0x0, 0x1f, 0xfe,
    0x7, 0xff, 0xc0, 0x0, 0x7, 0xff, 0xc0, 0xff,
    0xf8, 0x0, 0x0, 0xff, 0xf8, 0xf, 0xff, 0x80,
    0x0, 0x3f, 0xfe, 0x1, 0xff, 0xf8, 0x0, 0xf,
    0xff, 0xc0, 0x1f, 0xff, 0x80, 0x3, 0xff, 0xf0,
    0x3, 0xff, 0xfe, 0x3, 0xff, 0xfe, 0x0, 0x3f,
    0xff, 0xff, 0xff, 0xff, 0x80, 0x3, 0xff, 0xff,
    0xff, 0xff, 0xe0, 0x0, 0x7f, 0xff, 0xff, 0xff,
    0xfc, 0x0, 0x7, 0xff, 0xff, 0xff, 0xff, 0x0,
    0x0, 0x7f, 0xff, 0xff, 0xff, 0xc0, 0x0, 0x3,
    0xff, 0xff, 0xff, 0xe0, 0x0, 0x0, 0x3f, 0xff,
    0xff, 0xf8, 0x0, 0x0, 0x1, 0xff, 0xff, 0xfc,
    0x0, 0x0, 0x0, 0xf, 0xff, 0xfe, 0x0, 0x0,
    0x0, 0x0, 0x1f, 0xfc, 0x0, 0x0, 0x0,

    /* U+0050 "P" */
    0xff, 0xff, 0xff, 0xfc, 0x0, 0x7, 0xff, 0xff,
    0xff, 0xfe, 0x0, 0x3f, 0xff, 0xff, 0xff, 0xfc,
    0x1, 0xff, 0xff, 0xff, 0xff, 0xf8, 0xf, 0xff,
    0xff, 0xff, 0xff, 0xe0, 0x7f, 0xff, 0xff, 0xff,
    0xff, 0x83, 0xff, 0xff, 0xff, 0xff, 0xfe, 0x1f,
    0xff, 0xff, 0xff, 0xff, 0xf0, 0xff, 0xff, 0xff,
    0xff, 0xff, 0xc7, 0xff, 0xff, 0xff, 0xff, 0xff,
    0x3f, 0xfe, 0x0, 0x7, 0xff, 0xf9, 0xff, 0xf0,
    0x0, 0xf, 0xff, 0xcf, 0xff, 0x80, 0x0, 0x3f,
    0xff, 0x7f, 0xfc, 0x0, 0x0, 0xff, 0xfb, 0xff,
    0xe0, 0x0, 0x7, 0xff, 0xdf, 0xff, 0x0, 0x0,
    0x1f, 0xff, 0xff, 0xf8, 0x0, 0x0, 0xff, 0xff,
    0xff, 0xc0, 0x0, 0x7, 0xff, 0xff, 0xfe, 0x0,
    0x0, 0x3f, 0xff, 0xff, 0xf0, 0x0, 0x1, 0xff,
    0xff, 0xff, 0x80, 0x0, 0xf, 0xff, 0xff, 0xfc,
    0x0, 0x0, 0x7f, 0xff, 0xff, 0xe0, 0x0, 0x3,
    0xff, 0xff, 0xff, 0x0, 0x0, 0x1f, 0xff, 0xff,
    0xf8, 0x0, 0x0, 0xff, 0xff, 0xff, 0xc0, 0x0,
    0x7, 0xff, 0xff, 0xfe, 0x0, 0x0, 0x3f, 0xff,
    0xff, 0xf0, 0x0, 0x3, 0xff, 0xef, 0xff, 0x80,
    0x0, 0x1f, 0xff, 0x7f, 0xfc, 0x0, 0x1, 0xff,
    0xfb, 0xff, 0xe0, 0x0, 0x1f, 0xff, 0x9f, 0xff,
    0x0, 0x3, 0xff, 0xfc, 0xff, 0xff, 0xff, 0xff,
    0xff, 0xe7, 0xff, 0xff, 0xff, 0xff, 0xfe, 0x3f,
    0xff, 0xff, 0xff, 0xff, 0xe1, 0xff, 0xff, 0xff,
    0xff, 0xff, 0xf, 0xff, 0xff, 0xff, 0xff, 0xf0,
    0x7f, 0xff, 0xff, 0xff, 0xff, 0x3, 0xff, 0xff,
    0xff, 0xff, 0xf0, 0x1f, 0xff, 0xff, 0xff, 0xfe,
    0x0, 0xff, 0xff, 0xff, 0xff, 0xc0, 0x7, 0xff,
    0xff, 0xff, 0xf0, 0x0, 0x3f, 0xfe, 0x0, 0x0,
    0x0, 0x1, 0xff, 0xf0, 0x0, 0x0, 0x0, 0xf,
    0xff, 0x80, 0x0, 0x0, 0x0, 0x7f, 0xfc, 0x0,
    0x0, 0x0, 0x3, 0xff, 0xe0, 0x0, 0x0, 0x0,
    0x1f, 0xff, 0x0, 0x0, 0x0, 0x0, 0xff, 0xf8,
    0x0, 0x0, 0x0, 0x7, 0xff, 0xc0, 0x0, 0x0,
    0x0, 0x3f, 0xfe, 0x0, 0x0, 0x0, 0x1, 0xff,
    0xf0, 0x0, 0x0, 0x0, 0xf, 0xff, 0x80, 0x0,
    0x0, 0x0, 0x7f, 0xfc, 0x0, 0x0, 0x0, 0x3,
    0xff, 0xe0, 0x0, 0x0, 0x0, 0x1f, 0xff, 0x0,
    0x0, 0x0, 0x0, 0xff, 0xf8, 0x0, 0x0, 0x0,
    0x7, 0xff, 0xc0, 0x0, 0x0, 0x0, 0x3f, 0xfe,
    0x0, 0x0, 0x0, 0x1, 0xff, 0xf0, 0x0, 0x0,
    0x0, 0xf, 0xff, 0x80, 0x0, 0x0, 0x0, 0x7f,
    0xfc, 0x0, 0x0, 0x0, 0x3, 0xff, 0xe0, 0x0,
    0x0, 0x0, 0x1f, 0xff, 0x0, 0x0, 0x0, 0x0,
    0xff, 0xf8, 0x0, 0x0, 0x0, 0x7, 0xff, 0xc0,
    0x0, 0x0, 0x0, 0x3f, 0xfe, 0x0, 0x0, 0x0,
    0x1, 0xff, 0xf0, 0x0, 0x0, 0x0, 0x0,

    /* U+0051 "Q" */
    0x0, 0x0, 0xf, 0xfe, 0x0, 0x0, 0x0, 0x0,
    0x1f, 0xff, 0xfc, 0x0, 0x0, 0x0, 0xf, 0xff,
    0xff, 0xe0, 0x0, 0x0, 0x7, 0xff, 0xff, 0xff,
    0x0, 0x0, 0x1, 0xff, 0xff, 0xff, 0xf0, 0x0,
    0x0, 0xff, 0xff, 0xff, 0xff, 0x80, 0x0, 0x3f,
    0xff, 0xff, 0xff, 0xf8, 0x0, 0xf, 0xff, 0xff,
    0xff, 0xff, 0x80, 0x1, 0xff, 0xff, 0xff, 0xff,
    0xf0, 0x0, 0x7f, 0xff, 0xff, 0xff, 0xff, 0x0,
    0x1f, 0xff, 0xf0, 0x1f, 0xff, 0xf0, 0x3, 0xff,
    0xf0, 0x0, 0x7f, 0xfe, 0x0, 0xff, 0xfc, 0x0,
    0x7, 0xff, 0xe0, 0x1f, 0xff, 0x0, 0x0, 0x7f,
    0xfc, 0x7, 0xff, 0xc0, 0x0, 0x7, 0xff, 0xc0,
    0xff, 0xf8, 0x0, 0x0, 0xff, 0xf8, 0x3f, 0xfe,
    0x0, 0x0, 0xf, 0xff, 0x7, 0xff, 0xc0, 0x0,
    0x1, 0xff, 0xf0, 0xff, 0xf0, 0x0, 0x0, 0x1f,
    0xfe, 0x1f, 0xfe, 0x0, 0x0, 0x3, 0xff, 0xc7,
    0xff, 0xc0, 0x0, 0x0, 0x7f, 0xfc, 0xff, 0xf8,
    0x0, 0x0, 0xf, 0xff, 0x9f, 0xfe, 0x0, 0x0,
    0x0, 0xff, 0xf3, 0xff, 0xc0, 0x0, 0x0, 0x1f,
    0xfe, 0x7f, 0xf8, 0x0, 0x0, 0x3, 0xff, 0xcf,
    0xff, 0x0, 0x0, 0x0, 0x7f, 0xfb, 0xff, 0xe0,
    0x0, 0x0, 0xf, 0xff, 0xff, 0xfc, 0x0, 0x0,
    0x1, 0xff, 0xff, 0xff, 0x80, 0x0, 0x0, 0x3f,
    0xff, 0xff, 0xf0, 0x0, 0x0, 0x7, 0xff, 0xff,
    0xfe, 0x0, 0x0, 0x0, 0xff, 0xff, 0xff, 0xc0,
    0x0, 0x0, 0x1f, 0xff, 0xff, 0xf8, 0x0, 0x0,
    0x3, 0xff, 0xff, 0xff, 0x0, 0x0, 0x0, 0x7f,
    0xff, 0xff, 0xe0, 0x0, 0x0, 0xf, 0xff, 0xff,
    0xfc, 0x0, 0x0, 0x1, 0xff, 0xff, 0xff, 0x80,
    0x0, 0x0, 0x3f, 0xff, 0xff, 0xf0, 0x0, 0x0,
    0x7, 0xff, 0xff, 0xfe, 0x0, 0x0, 0x0, 0xff,
    0xff, 0xff, 0xc0, 0x0, 0x0, 0x1f, 0xff, 0xff,
    0xf8, 0x0, 0x0, 0x3, 0xff, 0xff, 0xff, 0x0,
    0x0, 0x0, 0x7f, 0xff, 0xff, 0xe0, 0x0, 0x0,
    0xf, 0xff, 0xff, 0xfc, 0x0, 0x0, 0x1, 0xff,
    0xf7, 0xff, 0x80, 0x0, 0x0, 0x3f, 0xfc, 0xff,
    0xf0, 0x0, 0x0, 0x7, 0xff, 0x9f, 0xfe, 0x0,
    0x0, 0x0, 0xff, 0xf3, 0xff, 0xe0, 0x0, 0x0,
    0x3f, 0xfe, 0x7f, 0xfc, 0x0, 0x0, 0x7, 0xff,
    0xcf, 0xff, 0x80, 0x0, 0x0, 0xff, 0xf8, 0xff,
    0xf0, 0x0, 0x0, 0x1f, 0xfe, 0x1f, 0xff, 0x0,
    0x0, 0x7, 0xff, 0xc3, 0xff, 0xe0, 0x0, 0x0,
    0xff, 0xf8, 0x3f, 0xfc, 0x0, 0x0, 0x1f, 0xfe,
    0x7, 0xff, 0xc0, 0x0, 0x7, 0xff, 0xc0, 0xff,
    0xfc, 0x0, 0x1, 0xff, 0xf8, 0xf, 0xff, 0x80,
    0x0, 0x7f, 0xfe, 0x1, 0xff, 0xfc, 0x0, 0x1f,
    0xff, 0xc0, 0x1f, 0xff, 0xe0, 0xf, 0xff, 0xf0,
    0x3, 0xff, 0xff, 0xff, 0xff, 0xfe, 0x0, 0x3f,
    0xff, 0xff, 0xff, 0xff, 0x80, 0x3, 0xff, 0xff,
    0xff, 0xff, 0xe0, 0x0, 0x3f, 0xff, 0xff, 0xff,
    0xf8, 0x0, 0x3, 0xff, 0xff, 0xff, 0xfe, 0x0,
    0x0, 0x3f, 0xff, 0xff, 0xff, 0x80, 0x0, 0x3,
    0xff, 0xff, 0xff, 0xe0, 0x0, 0x0, 0x3f, 0xff,
    0xff, 0xf0, 0x0, 0x0, 0x1, 0xff, 0xff, 0xf8,
    0x0, 0x0, 0x0, 0x7, 0xff, 0xfc, 0x0, 0x0,
    0x0, 0x0, 0x1f, 0xfc, 0x0, 0x0, 0x0, 0x0,
    0x3, 0xff, 0x80, 0x0, 0x0, 0x0, 0x0, 0x7f,
    0xf0, 0x0, 0x0, 0x0, 0x0, 0xf, 0xfe, 0x0,
    0x0, 0x0, 0x0, 0x1, 0xff, 0xc0, 0x0, 0x0,
    0x0, 0x0, 0x3f, 0xf8, 0x0, 0x0, 0x0, 0x0,
    0x7, 0xff, 0x0, 0x0, 0x0, 0x0, 0x0, 0xff,
    0xe0, 0x0, 0x0, 0x0, 0x0, 0xf, 0xff, 0xff,
    0xfc, 0x0, 0x0, 0x1, 0xff, 0xff, 0xff, 0x80,
    0x0, 0x0, 0x3f, 0xff, 0xff, 0xf0, 0x0, 0x0,
    0x3, 0xff, 0xff, 0xfe, 0x0, 0x0, 0x0, 0x7f,
    0xff, 0xff, 0xc0, 0x0, 0x0, 0x7, 0xff, 0xff,
    0xf8, 0x0, 0x0, 0x0, 0x7f, 0xff, 0xff, 0x0,
    0x0, 0x0, 0x3, 0xff, 0xff, 0xe0, 0x0, 0x0,
    0x0, 0x1f, 0xff, 0xfc, 0x0,

    /* U+0052 "R" */
    0xff, 0xff, 0xff, 0xfc, 0x0, 0x3, 0xff, 0xff,
    0xff, 0xff, 0x0, 0xf, 0xff, 0xff, 0xff, 0xff,
    0x0, 0x3f, 0xff, 0xff, 0xff, 0xff, 0x0, 0xff,
    0xff, 0xff, 0xff, 0xfe, 0x3, 0xff, 0xff, 0xff,
    0xff, 0xfc, 0xf, 0xff, 0xff, 0xff, 0xff, 0xf8,
    0x3f, 0xff, 0xff, 0xff, 0xff, 0xe0, 0xff, 0xff,
    0xff, 0xff, 0xff, 0xc3, 0xff, 0xff, 0xff, 0xff,
    0xff, 0x8f, 0xff, 0x80, 0x1, 0xff, 0xfe, 0x3f,
    0xfe, 0x0, 0x1, 0xff, 0xf8, 0xff, 0xf8, 0x0,
    0x3, 0xff, 0xf3, 0xff, 0xe0, 0x0, 0x7, 0xff,
    0xcf, 0xff, 0x80, 0x0, 0x1f, 0xff, 0x3f, 0xfe,
    0x0, 0x0, 0x3f, 0xfe, 0xff, 0xf8, 0x0, 0x0,
    0xff, 0xfb, 0xff, 0xe0, 0x0, 0x3, 0xff, 0xef,
    0xff, 0x80, 0x0, 0xf, 0xff, 0xbf, 0xfe, 0x0,
    0x0, 0x3f, 0xfe, 0xff, 0xf8, 0x0, 0x0, 0xff,
    0xfb, 0xff, 0xe0, 0x0, 0x3, 0xff, 0xef, 0xff,
    0x80, 0x0, 0xf, 0xff, 0xbf, 0xfe, 0x0, 0x0,
    0x3f, 0xfe, 0xff, 0xf8, 0x0, 0x0, 0xff, 0xfb,
    0xff, 0xe0, 0x0, 0x3, 0xff, 0xef, 0xff, 0x80,
    0x0, 0x1f, 0xff, 0x3f, 0xfe, 0x0, 0x0, 0x7f,
    0xfc, 0xff, 0xf8, 0x0, 0x3, 0xff, 0xf3, 0xff,
    0xe0, 0x0, 0x1f, 0xff, 0xcf, 0xff, 0x80, 0x1,
    0xff, 0xfe, 0x3f, 0xff, 0xff, 0xff, 0xff, 0xf8,
    0xff, 0xff, 0xff, 0xff, 0xff, 0xc3, 0xff, 0xff,
    0xff, 0xff, 0xfe, 0xf, 0xff, 0xff, 0xff, 0xff,
    0xf8, 0x3f, 0xff, 0xff, 0xff, 0xff, 0xc0, 0xff,
    0xff, 0xff, 0xff, 0xfe, 0x3, 0xff, 0xff, 0xff,
    0xff, 0xe0, 0xf, 0xff, 0xff, 0xff, 0xfe, 0x0,
    0x3f, 0xff, 0xff, 0xff, 0xc0, 0x0, 0xff, 0xff,
    0xff, 0xff, 0x80, 0x3, 0xff, 0xe0, 0x1f, 0xfe,
    0x0, 0xf, 0xff, 0x80, 0x7f, 0xfc, 0x0, 0x3f,
    0xfe, 0x1, 0xff, 0xf0, 0x0, 0xff, 0xf8, 0x3,
    0xff, 0xe0, 0x3, 0xff, 0xe0, 0xf, 0xff, 0x80,
    0xf, 0xff, 0x80, 0x1f, 0xff, 0x0, 0x3f, 0xfe,
    0x0, 0x7f, 0xfc, 0x0, 0xff, 0xf8, 0x0, 0xff,
    0xf8, 0x3, 0xff, 0xe0, 0x3, 0xff, 0xe0, 0xf,
    0xff, 0x80, 0x7, 0xff, 0xc0, 0x3f, 0xfe, 0x0,
    0x1f, 0xff, 0x0, 0xff, 0xf8, 0x0, 0x3f, 0xfe,
    0x3, 0xff, 0xe0, 0x0, 0xff, 0xf8, 0xf, 0xff,
    0x80, 0x1, 0xff, 0xf0, 0x3f, 0xfe, 0x0, 0x7,
    0xff, 0xc0, 0xff, 0xf8, 0x0, 0xf, 0xff, 0x83,
    0xff, 0xe0, 0x0, 0x3f, 0xfe, 0xf, 0xff, 0x80,
    0x0, 0x7f, 0xfc, 0x3f, 0xfe, 0x0, 0x1, 0xff,
    0xf0, 0xff, 0xf8, 0x0, 0x7, 0xff, 0xe3, 0xff,
    0xe0, 0x0, 0xf, 0xff, 0x8f, 0xff, 0x80, 0x0,
    0x3f, 0xff, 0x3f, 0xfe, 0x0, 0x0, 0x7f, 0xfc,
    0xff, 0xf8, 0x0, 0x1, 0xff, 0xfb, 0xff, 0xe0,
    0x0, 0x3, 0xff, 0xef, 0xff, 0x80, 0x0, 0xf,
    0xff, 0xc0,

    /* U+0053 "S" */
    0x0, 0x0, 0xf, 0xff, 0x80, 0x0, 0x0, 0x0,
    0x3f, 0xff, 0xff, 0x0, 0x0, 0x0, 0x3f, 0xff,
    0xff, 0xf0, 0x0, 0x0, 0x3f, 0xff, 0xff, 0xff,
    0x0, 0x0, 0x3f, 0xff, 0xff, 0xff, 0xf0, 0x0,
    0x1f, 0xff, 0xff, 0xff, 0xfe, 0x0, 0xf, 0xff,
    0xff, 0xff, 0xff, 0xe0, 0x7, 0xff, 0xff, 0xff,
    0xff, 0xfc, 0x3, 0xff, 0xff, 0xff, 0xff, 0xff,
    0x80, 0xff, 0xff, 0xff, 0xff, 0xff, 0xe0, 0x7f,
    0xff, 0xc0, 0x1f, 0xff, 0xf0, 0x1f, 0xff, 0xc0,
    0x0, 0xff, 0xf8, 0xf, 0xff, 0xc0, 0x0, 0xf,
    0xfc, 0x3, 0xff, 0xf0, 0x0, 0x0, 0xfe, 0x0,
    0xff, 0xf8, 0x0, 0x0, 0x1f, 0x0, 0x7f, 0xfe,
    0x0, 0x0, 0x3, 0x80, 0x1f, 0xff, 0x0, 0x0,
    0x0, 0x40, 0x7, 0xff, 0xc0, 0x0, 0x0, 0x0,
    0x1, 0xff, 0xf0, 0x0, 0x0, 0x0, 0x0, 0x7f,
    0xfc, 0x0, 0x0, 0x0, 0x0, 0x1f, 0xff, 0x0,
    0x0, 0x0, 0x0, 0x7, 0xff, 0xc0, 0x0, 0x0,
    0x0, 0x1, 0xff, 0xf8, 0x0, 0x0, 0x0, 0x0,
    0x7f, 0xfe, 0x0, 0x0, 0x0, 0x0, 0x1f, 0xff,
    0xc0, 0x0, 0x0, 0x0, 0x3, 0xff, 0xf8, 0x0,
    0x0, 0x0, 0x0, 0xff, 0xff, 0x0, 0x0, 0x0,
    0x0, 0x3f, 0xff, 0xf8, 0x0, 0x0, 0x0, 0x7,
    0xff, 0xff, 0xf0, 0x0, 0x0, 0x1, 0xff, 0xff,
    0xff, 0xe0, 0x0, 0x0, 0x3f, 0xff, 0xff, 0xff,
    0x80, 0x0, 0xf, 0xff, 0xff, 0xff, 0xfc, 0x0,
    0x1, 0xff, 0xff, 0xff, 0xff, 0xc0, 0x0, 0x3f,
    0xff, 0xff, 0xff, 0xf8, 0x0, 0x7, 0xff, 0xff,
    0xff, 0xff, 0x0, 0x0, 0xff, 0xff, 0xff, 0xff,
    0xe0, 0x0, 0x1f, 0xff, 0xff, 0xff, 0xfc, 0x0,
    0x1, 0xff, 0xff, 0xff, 0xff, 0x80, 0x0, 0xf,
    0xff, 0xff, 0xff, 0xf0, 0x0, 0x0, 0x3f, 0xff,
    0xff, 0xfc, 0x0, 0x0, 0x0, 0x3f, 0xff, 0xff,
    0x80, 0x0, 0x0, 0x0, 0x7f, 0xff, 0xe0, 0x0,
    0x0, 0x0, 0x7, 0xff, 0xf8, 0x0, 0x0, 0x0,
    0x0, 0x7f, 0xfe, 0x0, 0x0, 0x0, 0x0, 0xf,
    0xff, 0xc0, 0x0, 0x0, 0x0, 0x3, 0xff, 0xf0,
    0x0, 0x0, 0x0, 0x0, 0x7f, 0xfc, 0x0, 0x0,
    0x0, 0x0, 0x1f, 0xff, 0x0, 0x0, 0x0, 0x0,
    0x7, 0xff, 0xc0, 0x0, 0x0, 0x0, 0x1, 0xff,
    0xf0, 0x0, 0x0, 0x0, 0x0, 0x7f, 0xfc, 0x0,
    0x0, 0x0, 0x0, 0x1f, 0xff, 0x1, 0x80, 0x0,
    0x0, 0x7, 0xff, 0xc0, 0xf0, 0x0, 0x0, 0x3,
    0xff, 0xe0, 0x7e, 0x0, 0x0, 0x0, 0xff, 0xf8,
    0x3f, 0xc0, 0x0, 0x0, 0x3f, 0xfe, 0x1f, 0xfc,
    0x0, 0x0, 0x1f, 0xff, 0x8f, 0xff, 0x80, 0x0,
    0xf, 0xff, 0xc7, 0xff, 0xf8, 0x0, 0xf, 0xff,
    0xf3, 0xff, 0xff, 0xe0, 0xf, 0xff, 0xf8, 0x7f,
    0xff, 0xff, 0xff, 0xff, 0xfe, 0xf, 0xff, 0xff,
    0xff, 0xff, 0xff, 0x1, 0xff, 0xff, 0xff, 0xff,
    0xff, 0x80, 0x1f, 0xff, 0xff, 0xff, 0xff, 0xc0,
    0x3, 0xff, 0xff, 0xff, 0xff, 0xe0, 0x0, 0x7f,
    0xff, 0xff, 0xff, 0xf0, 0x0, 0x7, 0xff, 0xff,
    0xff, 0xf0, 0x0, 0x0, 0x7f, 0xff, 0xff, 0xf0,
    0x0, 0x0, 0x3, 0xff, 0xff, 0xf0, 0x0, 0x0,
    0x0, 0xf, 0xff, 0xc0, 0x0, 0x0,

    /* U+0054 "T" */
    0xff, 0xff, 0xff, 0xff, 0xff, 0xff, 0xff, 0xff,
    0xff, 0xff, 0xff, 0xff, 0xff, 0xff, 0xff, 0xff,
    0xff, 0xff, 0xff, 0xff, 0xff, 0xff, 0xff, 0xff,
    0xff, 0xff, 0xff, 0xff, 0xff, 0xff, 0xff, 0xff,
    0xff, 0xff, 0xff, 0xff, 0xff, 0xff, 0xff, 0xff,
    0xff, 0xff, 0xff, 0xff, 0xff, 0xff, 0xff, 0xff,
    0xff, 0xff, 0xff, 0xff, 0xff, 0xff, 0xff, 0xff,
    0xff, 0xff, 0xff, 0xff, 0xff, 0xff, 0xff, 0xff,
    0xff, 0xff, 0xc0, 0x0, 0x3, 0xff, 0xe0, 0x0,
    0x0, 0x0, 0x0, 0x1f, 0xff, 0x0, 0x0, 0x0,
    0x0, 0x0, 0xff, 0xf8, 0x0, 0x0, 0x0, 0x0,
    0x7, 0xff, 0xc0, 0x0, 0x0, 0x0, 0x0, 0x3f,
    0xfe, 0x0, 0x0, 0x0, 0x0, 0x1, 0xff, 0xf0,
    0x0, 0x0, 0x0, 0x0, 0xf, 0xff, 0x80, 0x0,
    0x0, 0x0, 0x0, 0x7f, 0xfc, 0x0, 0x0, 0x0,
    0x0, 0x3, 0xff, 0xe0, 0x0, 0x0, 0x0, 0x0,
    0x1f, 0xff, 0x0, 0x0, 0x0, 0x0, 0x0, 0xff,
    0xf8, 0x0, 0x0, 0x0, 0x0, 0x7, 0xff, 0xc0,
    0x0, 0x0, 0x0, 0x0, 0x3f, 0xfe, 0x0, 0x0,
    0x0, 0x0, 0x1, 0xff, 0xf0, 0x0, 0x0, 0x0,
    0x0, 0xf, 0xff, 0x80, 0x0, 0x0, 0x0, 0x0,
    0x7f, 0xfc, 0x0, 0x0, 0x0, 0x0, 0x3, 0xff,
    0xe0, 0x0, 0x0, 0x0, 0x0, 0x1f, 0xff, 0x0,
    0x0, 0x0, 0x0, 0x0, 0xff, 0xf8, 0x0, 0x0,
    0x0, 0x0, 0x7, 0xff, 0xc0, 0x0, 0x0, 0x0,
    0x0, 0x3f, 0xfe, 0x0, 0x0, 0x0, 0x0, 0x1,
    0xff, 0xf0, 0x0, 0x0, 0x0, 0x0, 0xf, 0xff,
    0x80, 0x0, 0x0, 0x0, 0x0, 0x7f, 0xfc, 0x0,
    0x0, 0x0, 0x0, 0x3, 0xff, 0xe0, 0x0, 0x0,
    0x0, 0x0, 0x1f, 0xff, 0x0, 0x0, 0x0, 0x0,
    0x0, 0xff, 0xf8, 0x0, 0x0, 0x0, 0x0, 0x7,
    0xff, 0xc0, 0x0, 0x0, 0x0, 0x0, 0x3f, 0xfe,
    0x0, 0x0, 0x0, 0x0, 0x1, 0xff, 0xf0, 0x0,
    0x0, 0x0, 0x0, 0xf, 0xff, 0x80, 0x0, 0x0,
    0x0, 0x0, 0x7f, 0xfc, 0x0, 0x0, 0x0, 0x0,
    0x3, 0xff, 0xe0, 0x0, 0x0, 0x0, 0x0, 0x1f,
    0xff, 0x0, 0x0, 0x0, 0x0, 0x0, 0xff, 0xf8,
    0x0, 0x0, 0x0, 0x0, 0x7, 0xff, 0xc0, 0x0,
    0x0, 0x0, 0x0, 0x3f, 0xfe, 0x0, 0x0, 0x0,
    0x0, 0x1, 0xff, 0xf0, 0x0, 0x0, 0x0, 0x0,
    0xf, 0xff, 0x80, 0x0, 0x0, 0x0, 0x0, 0x7f,
    0xfc, 0x0, 0x0, 0x0, 0x0, 0x3, 0xff, 0xe0,
    0x0, 0x0, 0x0, 0x0, 0x1f, 0xff, 0x0, 0x0,
    0x0, 0x0, 0x0, 0xff, 0xf8, 0x0, 0x0, 0x0,
    0x0, 0x7, 0xff, 0xc0, 0x0, 0x0, 0x0, 0x0,
    0x3f, 0xfe, 0x0, 0x0, 0x0, 0x0, 0x1, 0xff,
    0xf0, 0x0, 0x0, 0x0, 0x0, 0xf, 0xff, 0x80,
    0x0, 0x0, 0x0, 0x0, 0x7f, 0xfc, 0x0, 0x0,
    0x0, 0x0, 0x3, 0xff, 0xe0, 0x0, 0x0, 0x0,
    0x0, 0x1f, 0xff, 0x0, 0x0, 0x0, 0x0, 0x0,
    0xff, 0xf8, 0x0, 0x0, 0x0, 0x0, 0x7, 0xff,
    0xc0, 0x0, 0x0, 0x0, 0x0, 0x3f, 0xfe, 0x0,
    0x0, 0x0, 0x0, 0x1, 0xff, 0xf0, 0x0, 0x0,
    0x0, 0x0, 0xf, 0xff, 0x80, 0x0, 0x0, 0x0,
    0x0, 0x7f, 0xfc, 0x0, 0x0, 0x0, 0x0, 0x3,
    0xff, 0xe0, 0x0, 0x0,

    /* U+0055 "U" */
    0xff, 0xf8, 0x0, 0x0, 0x7f, 0xff, 0xff, 0xe0,
    0x0, 0x1, 0xff, 0xff, 0xff, 0x80, 0x0, 0x7,
    0xff, 0xff, 0xfe, 0x0, 0x0, 0x1f, 0xff, 0xff,
    0xf8, 0x0, 0x0, 0x7f, 0xff, 0xff, 0xe0, 0x0,
    0x1, 0xff, 0xff, 0xff, 0x80, 0x0, 0x7, 0xff,
    0xff, 0xfe, 0x0, 0x0, 0x1f, 0xff, 0xff, 0xf8,
    0x0, 0x0, 0x7f, 0xff, 0xff, 0xe0, 0x0, 0x1,
    0xff, 0xff, 0xff, 0x80, 0x0, 0x7, 0xff, 0xff,
    0xfe, 0x0, 0x0, 0x1f, 0xff, 0xff, 0xf8, 0x0,
    0x0, 0x7f, 0xff, 0xff, 0xe0, 0x0, 0x1, 0xff,
    0xff, 0xff, 0x80, 0x0, 0x7, 0xff, 0xff, 0xfe,
    0x0, 0x0, 0x1f, 0xff, 0xff, 0xf8, 0x0, 0x0,
    0x7f, 0xff, 0xff, 0xe0, 0x0, 0x1, 0xff, 0xff,
    0xff, 0x80, 0x0, 0x7, 0xff, 0xff, 0xfe, 0x0,
    0x0, 0x1f, 0xff, 0xff, 0xf8, 0x0, 0x0, 0x7f,
    0xff, 0xff, 0xe0, 0x0, 0x1, 0xff, 0xff, 0xff,
    0x80, 0x0, 0x7, 0xff, 0xff, 0xfe, 0x0, 0x0,
    0x1f, 0xff, 0xff, 0xf8, 0x0, 0x0, 0x7f, 0xff,
    0xff, 0xe0, 0x0, 0x1, 0xff, 0xff, 0xff, 0x80,
    0x0, 0x7, 0xff, 0xff, 0xfe, 0x0, 0x0, 0x1f,
    0xff, 0xff, 0xf8, 0x0, 0x0, 0x7f, 0xff, 0xff,
    0xe0, 0x0, 0x1, 0xff, 0xff, 0xff, 0x80, 0x0,
    0x7, 0xff, 0xff, 0xfe, 0x0, 0x0, 0x1f, 0xff,
    0xff, 0xf8, 0x0, 0x0, 0x7f, 0xff, 0xff, 0xe0,
    0x0, 0x1, 0xff, 0xff, 0xff, 0x80, 0x0, 0x7,
    0xff, 0xff, 0xfe, 0x0, 0x0, 0x1f, 0xff, 0xff,
    0xf8, 0x0, 0x0, 0x7f, 0xff, 0xff, 0xe0, 0x0,
    0x1, 0xff, 0xff, 0xff, 0x80, 0x0, 0x7, 0xff,
    0xff, 0xfe, 0x0, 0x0, 0x1f, 0xff, 0xff, 0xf8,
    0x0, 0x0, 0x7f, 0xff, 0xff, 0xe0, 0x0, 0x1,
    0xff, 0xff, 0xff, 0x80, 0x0, 0x7, 0xff, 0xff,
    0xfe, 0x0, 0x0, 0x1f, 0xff, 0xff, 0xf8, 0x0,
    0x0, 0x7f, 0xff, 0xff, 0xe0, 0x0, 0x1, 0xff,
    0xff, 0xff, 0x80, 0x0, 0x7, 0xff, 0xff, 0xfe,
    0x0, 0x0, 0x1f, 0xff, 0xff, 0xf8, 0x0, 0x0,
    0x7f, 0xff, 0xff, 0xe0, 0x0, 0x1, 0xff, 0xf7,
    0xff, 0x80, 0x0, 0x7, 0xff, 0x9f, 0xfe, 0x0,
    0x0, 0x3f, 0xfe, 0x7f, 0xfc, 0x0, 0x0, 0xff,
    0xf9, 0xff, 0xf0, 0x0, 0x3, 0xff, 0xe7, 0xff,
    0xc0, 0x0, 0xf, 0xff, 0x9f, 0xff, 0x80, 0x0,
    0x7f, 0xfe, 0x3f, 0xff, 0x0, 0x3, 0xff, 0xf0,
    0xff, 0xfe, 0x0, 0x1f, 0xff, 0xc3, 0xff, 0xfe,
    0x1, 0xff, 0xff, 0x7, 0xff, 0xff, 0xff, 0xff,
    0xf8, 0x1f, 0xff, 0xff, 0xff, 0xff, 0xe0, 0x3f,
    0xff, 0xff, 0xff, 0xff, 0x0, 0x7f, 0xff, 0xff,
    0xff, 0xf8, 0x0, 0xff, 0xff, 0xff, 0xff, 0xc0,
    0x1, 0xff, 0xff, 0xff, 0xfe, 0x0, 0x3, 0xff,
    0xff, 0xff, 0xf0, 0x0, 0x3, 0xff, 0xff, 0xff,
    0x0, 0x0, 0x3, 0xff, 0xff, 0xf0, 0x0, 0x0,
    0x0, 0xff, 0xfc, 0x0, 0x0,

    /* U+0056 "V" */
    0xff, 0xf8, 0x0, 0x0, 0x0, 0x7f, 0xff, 0xff,
    0xf0, 0x0, 0x0, 0x1, 0xff, 0xff, 0xff, 0xc0,
    0x0, 0x0, 0xf, 0xff, 0xbf, 0xff, 0x0, 0x0,
    0x0, 0x3f, 0xfe, 0x7f, 0xfc, 0x0, 0x0, 0x0,
    0xff, 0xf9, 0xff, 0xf8, 0x0, 0x0, 0x3, 0xff,
    0xe7, 0xff, 0xe0, 0x0, 0x0, 0x1f, 0xff, 0xf,
    0xff, 0x80, 0x0, 0x0, 0x7f, 0xfc, 0x3f, 0xfe,
    0x0, 0x0, 0x1, 0xff, 0xf0, 0xff, 0xfc, 0x0,
    0x0, 0x7, 0xff, 0xc3, 0xff, 0xf0, 0x0, 0x0,
    0x3f, 0xfe, 0x7, 0xff, 0xc0, 0x0, 0x0, 0xff,
    0xf8, 0x1f, 0xff, 0x0, 0x0, 0x3, 0xff, 0xe0,
    0x7f, 0xfe, 0x0, 0x0, 0xf, 0xff, 0x1, 0xff,
    0xf8, 0x0, 0x0, 0x7f, 0xfc, 0x3, 0xff, 0xe0,
    0x0, 0x1, 0xff, 0xf0, 0xf, 0xff, 0x80, 0x0,
    0x7, 0xff, 0xc0, 0x3f, 0xff, 0x0, 0x0, 0x1f,
    0xfe, 0x0, 0x7f, 0xfc, 0x0, 0x0, 0xff, 0xf8,
    0x1, 0xff, 0xf0, 0x0, 0x3, 0xff, 0xe0, 0x7,
    0xff, 0xc0, 0x0, 0xf, 0xff, 0x80, 0x1f, 0xff,
    0x80, 0x0, 0x3f, 0xfc, 0x0, 0x3f, 0xfe, 0x0,
    0x1, 0xff, 0xf0, 0x0, 0xff, 0xf8, 0x0, 0x7,
    0xff, 0xc0, 0x3, 0xff, 0xe0, 0x0, 0x1f, 0xfe,
    0x0, 0xf, 0xff, 0xc0, 0x0, 0x7f, 0xf8, 0x0,
    0x1f, 0xff, 0x0, 0x3, 0xff, 0xe0, 0x0, 0x7f,
    0xfc, 0x0, 0xf, 0xff, 0x80, 0x1, 0xff, 0xf0,
    0x0, 0x3f, 0xfc, 0x0, 0x3, 0xff, 0xe0, 0x0,
    0xff, 0xf0, 0x0, 0xf, 0xff, 0x80, 0x7, 0xff,
    0xc0, 0x0, 0x3f, 0xfe, 0x0, 0x1f, 0xff, 0x0,
    0x0, 0xff, 0xf8, 0x0, 0x7f, 0xf8, 0x0, 0x1,
    0xff, 0xf0, 0x1, 0xff, 0xe0, 0x0, 0x7, 0xff,
    0xc0, 0xf, 0xff, 0x80, 0x0, 0x1f, 0xff, 0x0,
    0x3f, 0xfc, 0x0, 0x0, 0x7f, 0xfc, 0x0, 0xff,
    0xf0, 0x0, 0x0, 0xff, 0xf0, 0x3, 0xff, 0xc0,
    0x0, 0x3, 0xff, 0xe0, 0x1f, 0xff, 0x0, 0x0,
    0xf, 0xff, 0x80, 0x7f, 0xf8, 0x0, 0x0, 0x3f,
    0xfe, 0x1, 0xff, 0xe0, 0x0, 0x0, 0x7f, 0xf8,
    0x7, 0xff, 0x80, 0x0, 0x1, 0xff, 0xf0, 0x1f,
    0xfe, 0x0, 0x0, 0x7, 0xff, 0xc0, 0xff, 0xf0,
    0x0, 0x0, 0xf, 0xff, 0x3, 0xff, 0xc0, 0x0,
    0x0, 0x3f, 0xfc, 0xf, 0xff, 0x0, 0x0, 0x0,
    0xff, 0xf8, 0x3f, 0xf8, 0x0, 0x0, 0x3, 0xff,
    0xe1, 0xff, 0xe0, 0x0, 0x0, 0x7, 0xff, 0x87,
    0xff, 0x80, 0x0, 0x0, 0x1f, 0xfe, 0x1f, 0xfe,
    0x0, 0x0, 0x0, 0x7f, 0xf8, 0x7f, 0xf0, 0x0,
    0x0, 0x1, 0xff, 0xf3, 0xff, 0xc0, 0x0, 0x0,
    0x3, 0xff, 0xcf, 0xff, 0x0, 0x0, 0x0, 0xf,
    0xff, 0x3f, 0xfc, 0x0, 0x0, 0x0, 0x3f, 0xfc,
    0xff, 0xe0, 0x0, 0x0, 0x0, 0x7f, 0xff, 0xff,
    0x80, 0x0, 0x0, 0x1, 0xff, 0xff, 0xfe, 0x0,
    0x0, 0x0, 0x7, 0xff, 0xff, 0xf0, 0x0, 0x0,
    0x0, 0x1f, 0xff, 0xff, 0xc0, 0x0, 0x0, 0x0,
    0x3f, 0xff, 0xff, 0x0, 0x0, 0x0, 0x0, 0xff,
    0xff, 0xfc, 0x0, 0x0, 0x0, 0x3, 0xff, 0xff,
    0xe0, 0x0, 0x0, 0x0, 0xf, 0xff, 0xff, 0x80,
    0x0, 0x0, 0x0, 0x1f, 0xff, 0xfe, 0x0, 0x0,
    0x0, 0x0, 0x7f, 0xff, 0xf8, 0x0, 0x0, 0x0,
    0x1, 0xff, 0xff, 0xc0, 0x0, 0x0, 0x0, 0x3,
    0xff, 0xff, 0x0, 0x0, 0x0, 0x0, 0xf, 0xff,
    0xfc, 0x0, 0x0,

    /* U+0057 "W" */
    0xff, 0xe0, 0x0, 0x0, 0x0, 0x1f, 0xff, 0xff,
    0x80, 0x0, 0x0, 0x0, 0x7f, 0xff, 0xfe, 0x0,
    0x0, 0x0, 0x1, 0xff, 0xff, 0xf8, 0x0, 0x0,
    0x0, 0x7, 0xff, 0xff, 0xe0, 0x0, 0x0, 0x0,
    0x1f, 0xff, 0xff, 0x80, 0x0, 0x0, 0x0, 0x7f,
    0xff, 0xfe, 0x0, 0x0, 0x0, 0x1, 0xff, 0xbf,
    0xf8, 0x0, 0x0, 0x0, 0x7, 0xfe, 0xff, 0xe0,
    0x0, 0x0, 0x0, 0x1f, 0xfb, 0xff, 0x80, 0x0,
    0x0, 0x0, 0x7f, 0xef, 0xfe, 0x0, 0x0, 0x0,
    0x1, 0xff, 0xbf, 0xf8, 0x0, 0x0, 0x0, 0x7,
    0xfe, 0x7f, 0xe0, 0x0, 0x0, 0x0, 0x1f, 0xf9,
    0xff, 0x80, 0x0, 0x0, 0x0, 0x7f, 0xe7, 0xfe,
    0x0, 0x0, 0x0, 0x1, 0xff, 0x9f, 0xf8, 0x0,
    0x0, 0x0, 0x7, 0xfe, 0x7f, 0xe0, 0x7, 0xff,
    0x80, 0x1f, 0xf9, 0xff, 0x80, 0x1f, 0xfe, 0x0,
    0xff, 0xe7, 0xff, 0x0, 0x7f, 0xf8, 0x3, 0xff,
    0x9f, 0xfc, 0x1, 0xff, 0xe0, 0xf, 0xfe, 0x7f,
    0xf0, 0xf, 0xff, 0xc0, 0x3f, 0xf9, 0xff, 0xc0,
    0x3f, 0xff, 0x0, 0xff, 0xc7, 0xff, 0x0, 0xff,
    0xfc, 0x3, 0xff, 0x1f, 0xfc, 0x3, 0xff, 0xf0,
    0xf, 0xfc, 0x7f, 0xf0, 0xf, 0xff, 0xc0, 0x3f,
    0xf1, 0xff, 0xc0, 0x3f, 0xff, 0x0, 0xff, 0xc7,
    0xff, 0x1, 0xff, 0xfe, 0x3, 0xff, 0xf, 0xfc,
    0x7, 0xff, 0xf8, 0xf, 0xfc, 0x3f, 0xf0, 0x1f,
    0xff, 0xe0, 0x3f, 0xf0, 0xff, 0xc0, 0x7f, 0xff,
    0x80, 0xff, 0xc3, 0xff, 0x1, 0xfd, 0xfe, 0x3,
    0xff, 0xf, 0xfc, 0x7, 0xf7, 0xf8, 0xf, 0xfc,
    0x3f, 0xf0, 0x3f, 0xcf, 0xf0, 0x3f, 0xf0, 0xff,
    0xc0, 0xff, 0x3f, 0xc0, 0xff, 0xc3, 0xff, 0x3,
    0xfc, 0xff, 0x3, 0xff, 0xf, 0xfc, 0xf, 0xf3,
    0xfc, 0xf, 0xfc, 0x3f, 0xf8, 0x3f, 0x8f, 0xf0,
    0x7f, 0xe0, 0xff, 0xe0, 0xfe, 0x3f, 0xc1, 0xff,
    0x83, 0xff, 0x87, 0xf8, 0x7f, 0x87, 0xfe, 0xf,
    0xfe, 0x1f, 0xe1, 0xfe, 0x1f, 0xf8, 0x3f, 0xf8,
    0x7f, 0x87, 0xf8, 0x7f, 0xe0, 0xff, 0xe1, 0xfe,
    0x1f, 0xe1, 0xff, 0x81, 0xff, 0x87, 0xf0, 0x7f,
    0x87, 0xfe, 0x7, 0xfe, 0x1f, 0xc1, 0xfe, 0x1f,
    0xf8, 0x1f, 0xf8, 0xff, 0x7, 0xfc, 0x7f, 0xe0,
    0x7f, 0xe3, 0xfc, 0xf, 0xf1, 0xff, 0x81, 0xff,
    0x8f, 0xf0, 0x3f, 0xc7, 0xfe, 0x7, 0xfe, 0x3f,
    0xc0, 0xff, 0x1f, 0xf8, 0x1f, 0xf8, 0xff, 0x3,
    0xfc, 0x7f, 0xe0, 0x7f, 0xe7, 0xf8, 0xf, 0xf1,
    0xff, 0x81, 0xff, 0x9f, 0xe0, 0x3f, 0xe7, 0xfe,
    0x7, 0xfe, 0x7f, 0x80, 0x7f, 0x9f, 0xf0, 0x1f,
    0xf9, 0xfe, 0x1, 0xfe, 0x7f, 0xc0, 0x7f, 0xe7,
    0xf8, 0x7, 0xf9, 0xff, 0x1, 0xff, 0x9f, 0xe0,
    0x1f, 0xe7, 0xfc, 0x7, 0xff, 0xff, 0x0, 0x7f,
    0xbf, 0xf0, 0x1f, 0xff, 0xfc, 0x1, 0xff, 0xff,
    0xc0, 0x3f, 0xff, 0xf0, 0x7, 0xff, 0xff, 0x0,
    0xff, 0xff, 0xc0, 0xf, 0xff, 0xfc, 0x3, 0xff,
    0xff, 0x0, 0x3f, 0xff, 0xf0, 0xf, 0xff, 0xfc,
    0x0, 0xff, 0xff, 0xc0, 0x3f, 0xff, 0xf0, 0x3,
    0xff, 0xff, 0x0, 0xff, 0xff, 0x80, 0xf, 0xff,
    0xfc, 0x3, 0xff, 0xfe, 0x0, 0x3f, 0xff, 0xf0,
    0xf, 0xff, 0xf8, 0x0, 0x7f, 0xff, 0xc0, 0x3f,
    0xff, 0xe0, 0x1, 0xff, 0xff, 0x0, 0xff, 0xff,
    0x80, 0x7, 0xff, 0xf8, 0x3, 0xff, 0xfe, 0x0,
    0x1f, 0xff, 0xe0,

    /* U+0058 "X" */
    0x3f, 0xff, 0x0, 0x0, 0x0, 0x7f, 0xfc, 0x7f,
    0xff, 0x0, 0x0, 0x1, 0xff, 0xf0, 0x7f, 0xfe,
    0x0, 0x0, 0x3, 0xff, 0xe0, 0x7f, 0xfe, 0x0,
    0x0, 0xf, 0xff, 0x80, 0xff, 0xfc, 0x0, 0x0,
    0x3f, 0xff, 0x0, 0xff, 0xfc, 0x0, 0x0, 0x7f,
    0xfc, 0x1, 0xff, 0xf8, 0x0, 0x1, 0xff, 0xf8,
    0x1, 0xff, 0xf8, 0x0, 0x3, 0xff, 0xe0, 0x3,
    0xff, 0xf8, 0x0, 0xf, 0xff, 0x80, 0x3, 0xff,
    0xf0, 0x0, 0x1f, 0xff, 0x0, 0x3, 0xff, 0xf0,
    0x0, 0x7f, 0xfc, 0x0, 0x7, 0xff, 0xe0, 0x1,
    0xff, 0xf8, 0x0, 0x7, 0xff, 0xe0, 0x3, 0xff,
    0xe0, 0x0, 0xf, 0xff, 0xc0, 0xf, 0xff, 0xc0,
    0x0, 0xf, 0xff, 0xc0, 0x1f, 0xff, 0x0, 0x0,
    0x1f, 0xff, 0x80, 0x7f, 0xfc, 0x0, 0x0, 0x1f,
    0xff, 0x80, 0xff, 0xf8, 0x0, 0x0, 0x1f, 0xff,
    0x3, 0xff, 0xe0, 0x0, 0x0, 0x3f, 0xff, 0x7,
    0xff, 0xc0, 0x0, 0x0, 0x3f, 0xfe, 0x1f, 0xff,
    0x0, 0x0, 0x0, 0x7f, 0xfe, 0x3f, 0xfe, 0x0,
    0x0, 0x0, 0x7f, 0xfc, 0xff, 0xf8, 0x0, 0x0,
    0x0, 0xff, 0xfd, 0xff, 0xe0, 0x0, 0x0, 0x0,
    0xff, 0xff, 0xff, 0xc0, 0x0, 0x0, 0x0, 0xff,
    0xff, 0xff, 0x0, 0x0, 0x0, 0x1, 0xff, 0xff,
    0xfe, 0x0, 0x0, 0x0, 0x1, 0xff, 0xff, 0xf8,
    0x0, 0x0, 0x0, 0x3, 0xff, 0xff, 0xf0, 0x0,
    0x0, 0x0, 0x3, 0xff, 0xff, 0xc0, 0x0, 0x0,
    0x0, 0x7, 0xff, 0xff, 0x0, 0x0, 0x0, 0x0,
    0x7, 0xff, 0xfe, 0x0, 0x0, 0x0, 0x0, 0xf,
    0xff, 0xf8, 0x0, 0x0, 0x0, 0x0, 0xf, 0xff,
    0xf0, 0x0, 0x0, 0x0, 0x0, 0x3f, 0xff, 0xe0,
    0x0, 0x0, 0x0, 0x0, 0x7f, 0xff, 0xe0, 0x0,
    0x0, 0x0, 0x1, 0xff, 0xff, 0xc0, 0x0, 0x0,
    0x0, 0x3, 0xff, 0xff, 0xc0, 0x0, 0x0, 0x0,
    0xf, 0xff, 0xff, 0x80, 0x0, 0x0, 0x0, 0x1f,
    0xff, 0xff, 0x80, 0x0, 0x0, 0x0, 0x7f, 0xff,
    0xff, 0x80, 0x0, 0x0, 0x1, 0xff, 0xff, 0xff,
    0x0, 0x0, 0x0, 0x3, 0xff, 0xff, 0xff, 0x0,
    0x0, 0x0, 0xf, 0xff, 0xbf, 0xfe, 0x0, 0x0,
    0x0, 0x1f, 0xfe, 0x3f, 0xfe, 0x0, 0x0, 0x0,
    0x7f, 0xfc, 0x7f, 0xfc, 0x0, 0x0, 0x0, 0xff,
    0xf0, 0x7f, 0xfc, 0x0, 0x0, 0x3, 0xff, 0xe0,
    0xff, 0xfc, 0x0, 0x0, 0xf, 0xff, 0x80, 0xff,
    0xf8, 0x0, 0x0, 0x1f, 0xff, 0x1, 0xff, 0xf8,
    0x0, 0x0, 0x7f, 0xfc, 0x1, 0xff, 0xf0, 0x0,
    0x0, 0xff, 0xf8, 0x3, 0xff, 0xf0, 0x0, 0x3,
    0xff, 0xe0, 0x3, 0xff, 0xe0, 0x0, 0x7, 0xff,
    0xc0, 0x7, 0xff, 0xe0, 0x0, 0x1f, 0xff, 0x0,
    0x7, 0xff, 0xe0, 0x0, 0x7f, 0xfe, 0x0, 0xf,
    0xff, 0xc0, 0x0, 0xff, 0xf8, 0x0, 0xf, 0xff,
    0xc0, 0x3, 0xff, 0xf0, 0x0, 0x1f, 0xff, 0x80,
    0x7, 0xff, 0xc0, 0x0, 0x1f, 0xff, 0x80, 0x1f,
    0xff, 0x0, 0x0, 0x3f, 0xff, 0x0, 0x3f, 0xfe,
    0x0, 0x0, 0x3f, 0xff, 0x0, 0xff, 0xf8, 0x0,
    0x0, 0x3f, 0xff, 0x3, 0xff, 0xf0, 0x0, 0x0,
    0x7f, 0xfe, 0x7, 0xff, 0xc0, 0x0, 0x0, 0x7f,
    0xfe, 0x1f, 0xff, 0x80, 0x0, 0x0, 0xff, 0xfc,
    0x3f, 0xfe, 0x0, 0x0, 0x0, 0xff, 0xfc, 0xff,
    0xf8, 0x0, 0x0, 0x1, 0xff, 0xf9, 0xff, 0xf0,
    0x0, 0x0, 0x1, 0xff, 0xf8,

    /* U+0059 "Y" */
    0xff, 0xfc, 0x0, 0x0, 0x0, 0x1f, 0xff, 0xbf,
    0xff, 0x0, 0x0, 0x0, 0xf, 0xff, 0x9f, 0xff,
    0x80, 0x0, 0x0, 0xf, 0xff, 0xc7, 0xff, 0xe0,
    0x0, 0x0, 0x7, 0xff, 0xc3, 0xff, 0xf0, 0x0,
    0x0, 0x7, 0xff, 0xe0, 0xff, 0xfc, 0x0, 0x0,
    0x3, 0xff, 0xe0, 0x7f, 0xfe, 0x0, 0x0, 0x3,
    0xff, 0xf0, 0x1f, 0xff, 0x80, 0x0, 0x1, 0xff,
    0xf0, 0xf, 0xff, 0xc0, 0x0, 0x1, 0xff, 0xf8,
    0x3, 0xff, 0xf0, 0x0, 0x0, 0xff, 0xf8, 0x1,
    0xff, 0xf8, 0x0, 0x0, 0xff, 0xfc, 0x0, 0x7f,
    0xfe, 0x0, 0x0, 0x7f, 0xfc, 0x0, 0x3f, 0xff,
    0x0, 0x0, 0x7f, 0xfe, 0x0, 0xf, 0xff, 0xc0,
    0x0, 0x3f, 0xfe, 0x0, 0x7, 0xff, 0xe0, 0x0,
    0x3f, 0xff, 0x0, 0x1, 0xff, 0xf8, 0x0, 0x1f,
    0xff, 0x0, 0x0, 0xff, 0xfc, 0x0, 0x1f, 0xff,
    0x80, 0x0, 0x3f, 0xfe, 0x0, 0xf, 0xff, 0x80,
    0x0, 0x1f, 0xff, 0x80, 0xf, 0xff, 0xc0, 0x0,
    0x7, 0xff, 0xc0, 0x7, 0xff, 0xc0, 0x0, 0x3,
    0xff, 0xf0, 0x3, 0xff, 0xe0, 0x0, 0x0, 0xff,
    0xf8, 0x3, 0xff, 0xe0, 0x0, 0x0, 0x7f, 0xfe,
    0x1, 0xff, 0xf0, 0x0, 0x0, 0x1f, 0xff, 0x1,
    0xff, 0xf0, 0x0, 0x0, 0xf, 0xff, 0xc0, 0xff,
    0xf8, 0x0, 0x0, 0x3, 0xff, 0xe0, 0xff, 0xf8,
    0x0, 0x0, 0x1, 0xff, 0xf0, 0x7f, 0xfc, 0x0,
    0x0, 0x0, 0x7f, 0xfc, 0x7f, 0xfc, 0x0, 0x0,
    0x0, 0x3f, 0xfe, 0x3f, 0xfe, 0x0, 0x0, 0x0,
    0xf, 0xff, 0xbf, 0xfe, 0x0, 0x0, 0x0, 0x7,
    0xff, 0xdf, 0xff, 0x0, 0x0, 0x0, 0x1, 0xff,
    0xff, 0xff, 0x0, 0x0, 0x0, 0x0, 0xff, 0xff,
    0xff, 0x80, 0x0, 0x0, 0x0, 0x3f, 0xff, 0xff,
    0x80, 0x0, 0x0, 0x0, 0x1f, 0xff, 0xff, 0xc0,
    0x0, 0x0, 0x0, 0x7, 0xff, 0xff, 0xc0, 0x0,
    0x0, 0x0, 0x1, 0xff, 0xff, 0xc0, 0x0, 0x0,
    0x0, 0x0, 0xff, 0xff, 0xe0, 0x0, 0x0, 0x0,
    0x0, 0x3f, 0xff, 0xe0, 0x0, 0x0, 0x0, 0x0,
    0x1f, 0xff, 0xf0, 0x0, 0x0, 0x0, 0x0, 0x7,
    0xff, 0xf0, 0x0, 0x0, 0x0, 0x0, 0x3, 0xff,
    0xf8, 0x0, 0x0, 0x0, 0x0, 0x0, 0xff, 0xf8,
    0x0, 0x0, 0x0, 0x0, 0x0, 0x7f, 0xfc, 0x0,
    0x0, 0x0, 0x0, 0x0, 0x3f, 0xfe, 0x0, 0x0,
    0x0, 0x0, 0x0, 0x1f, 0xff, 0x0, 0x0, 0x0,
    0x0, 0x0, 0xf, 0xff, 0x80, 0x0, 0x0, 0x0,
    0x0, 0x7, 0xff, 0xc0, 0x0, 0x0, 0x0, 0x0,
    0x3, 0xff, 0xe0, 0x0, 0x0, 0x0, 0x0, 0x1,
    0xff, 0xf0, 0x0, 0x0, 0x0, 0x0, 0x0, 0xff,
    0xf8, 0x0, 0x0, 0x0, 0x0, 0x0, 0x7f, 0xfc,
    0x0, 0x0, 0x0, 0x0, 0x0, 0x3f, 0xfe, 0x0,
    0x0, 0x0, 0x0, 0x0, 0x1f, 0xff, 0x0, 0x0,
    0x0, 0x0, 0x0, 0xf, 0xff, 0x80, 0x0, 0x0,
    0x0, 0x0, 0x7, 0xff, 0xc0, 0x0, 0x0, 0x0,
    0x0, 0x3, 0xff, 0xe0, 0x0, 0x0, 0x0, 0x0,
    0x1, 0xff, 0xf0, 0x0, 0x0, 0x0, 0x0, 0x0,
    0xff, 0xf8, 0x0, 0x0, 0x0, 0x0, 0x0, 0x7f,
    0xfc, 0x0, 0x0, 0x0, 0x0, 0x0, 0x3f, 0xfe,
    0x0, 0x0, 0x0, 0x0, 0x0, 0x1f, 0xff, 0x0,
    0x0, 0x0, 0x0, 0x0, 0xf, 0xff, 0x80, 0x0,
    0x0, 0x0, 0x0, 0x7, 0xff, 0xc0, 0x0, 0x0,
    0x0, 0x0, 0x3, 0xff, 0xe0, 0x0, 0x0, 0x0,
    0x0, 0x1, 0xff, 0xf0, 0x0, 0x0, 0x0, 0x0,
    0x0, 0xff, 0xf8, 0x0, 0x0, 0x0, 0x0, 0x0,
    0x7f, 0xfc, 0x0, 0x0, 0x0,

    /* U+005A "Z" */
    0x7f, 0xff, 0xff, 0xff, 0xff, 0xfe, 0x7f, 0xff,
    0xff, 0xff, 0xff, 0xfe, 0x7f, 0xff, 0xff, 0xff,
    0xff, 0xfe, 0x7f, 0xff, 0xff, 0xff, 0xff, 0xfe,
    0x7f, 0xff, 0xff, 0xff, 0xff, 0xfe, 0x7f, 0xff,
    0xff, 0xff, 0xff, 0xfe, 0x7f, 0xff, 0xff, 0xff,
    0xff, 0xfe, 0x7f, 0xff, 0xff, 0xff, 0xff, 0xfe,
    0x7f, 0xff, 0xff, 0xff, 0xff, 0xfe, 0x7f, 0xff,
    0xff, 0xff, 0xff, 0xfe, 0x0, 0x0, 0x0, 0x0,
    0x7f, 0xfe, 0x0, 0x0, 0x0, 0x0, 0xff, 0xfc,
    0x0, 0x0, 0x0, 0x1, 0xff, 0xfc, 0x0, 0x0,
    0x0, 0x1, 0xff, 0xf8, 0x0, 0x0, 0x0, 0x3,
    0xff, 0xf0, 0x0, 0x0, 0x0, 0x7, 0xff, 0xf0,
    0x0, 0x0, 0x0, 0xf, 0xff, 0xe0, 0x0, 0x0,
    0x0, 0xf, 0xff, 0xc0, 0x0, 0x0, 0x0, 0x1f,
    0xff, 0x80, 0x0, 0x0, 0x0, 0x3f, 0xff, 0x80,
    0x0, 0x0, 0x0, 0x3f, 0xff, 0x0, 0x0, 0x0,
    0x0, 0x7f, 0xfe, 0x0, 0x0, 0x0, 0x0, 0xff,
    0xfe, 0x0, 0x0, 0x0, 0x1, 0xff, 0xfc, 0x0,
    0x0, 0x0, 0x1, 0xff, 0xf8, 0x0, 0x0, 0x0,
    0x3, 0xff, 0xf0, 0x0, 0x0, 0x0, 0x7, 0xff,
    0xf0, 0x0, 0x0, 0x0, 0x7, 0xff, 0xe0, 0x0,
    0x0, 0x0, 0xf, 0xff, 0xc0, 0x0, 0x0, 0x0,
    0x1f, 0xff, 0xc0, 0x0, 0x0, 0x0, 0x3f, 0xff,
    0x80, 0x0, 0x0, 0x0, 0x3f, 0xff, 0x0, 0x0,
    0x0, 0x0, 0x7f, 0xfe, 0x0, 0x0, 0x0, 0x0,
    0xff, 0xfe, 0x0, 0x0, 0x0, 0x0, 0xff, 0xfc,
    0x0, 0x0, 0x0, 0x1, 0xff, 0xf8, 0x0, 0x0,
    0x0, 0x3, 0xff, 0xf0, 0x0, 0x0, 0x0, 0x7,
    0xff, 0xf0, 0x0, 0x0, 0x0, 0x7, 0xff, 0xe0,
    0x0, 0x0, 0x0, 0xf, 0xff, 0xc0, 0x0, 0x0,
    0x0, 0x1f, 0xff, 0xc0, 0x0, 0x0, 0x0, 0x1f,
    0xff, 0x80, 0x0, 0x0, 0x0, 0x3f, 0xff, 0x0,
    0x0, 0x0, 0x0, 0x7f, 0xfe, 0x0, 0x0, 0x0,
    0x0, 0xff, 0xfe, 0x0, 0x0, 0x0, 0x0, 0xff,
    0xfc, 0x0, 0x0, 0x0, 0x1, 0xff, 0xf8, 0x0,
    0x0, 0x0, 0x3, 0xff, 0xf8, 0x0, 0x0, 0x0,
    0x3, 0xff, 0xf0, 0x0, 0x0, 0x0, 0x7, 0xff,
    0xe0, 0x0, 0x0, 0x0, 0xf, 0xff, 0xc0, 0x0,
    0x0, 0x0, 0x1f, 0xff, 0xc0, 0x0, 0x0, 0x0,
    0x1f, 0xff, 0x80, 0x0, 0x0, 0x0, 0x3f, 0xff,
    0x0, 0x0, 0x0, 0x0, 0x7f, 0xff, 0x0, 0x0,
    0x0, 0x0, 0x7f, 0xfe, 0x0, 0x0, 0x0, 0x0,
    0xff, 0xfc, 0x0, 0x0, 0x0, 0x0, 0xff, 0xff,
    0xff, 0xff, 0xff, 0xff, 0xff, 0xff, 0xff, 0xff,
    0xff, 0xff, 0xff, 0xff, 0xff, 0xff, 0xff, 0xff,
    0xff, 0xff, 0xff, 0xff, 0xff, 0xff, 0xff, 0xff,
    0xff, 0xff, 0xff, 0xff, 0xff, 0xff, 0xff, 0xff,
    0xff, 0xff, 0xff, 0xff, 0xff, 0xff, 0xff, 0xff,
    0xff, 0xff, 0xff, 0xff, 0xff, 0xff, 0xff, 0xff,
    0xff, 0xff, 0xff, 0xff, 0xff, 0xff, 0xff, 0xff,
    0xff, 0xff,

    /* U+005B "[" */
    0xff, 0xff, 0xff, 0xff, 0xff, 0xff, 0xff, 0xff,
    0xff, 0xff, 0xff, 0xff, 0xff, 0xff, 0xff, 0xff,
    0xff, 0xff, 0xff, 0xff, 0xff, 0xff, 0xff, 0xff,
    0xff, 0xff, 0xff, 0xff, 0xff, 0xff, 0xff, 0xff,
    0xff, 0xff, 0xff, 0x0, 0x0, 0xf, 0xfc, 0x0,
    0x0, 0x3f, 0xf0, 0x0, 0x0, 0xff, 0xc0, 0x0,
    0x3, 0xff, 0x0, 0x0, 0xf, 0xfc, 0x0, 0x0,
    0x3f, 0xf0, 0x0, 0x0, 0xff, 0xc0, 0x0, 0x3,
    0xff, 0x0, 0x0, 0xf, 0xfc, 0x0, 0x0, 0x3f,
    0xf0, 0x0, 0x0, 0xff, 0xc0, 0x0, 0x3, 0xff,
    0x0, 0x0, 0xf, 0xfc, 0x0, 0x0, 0x3f, 0xf0,
    0x0, 0x0, 0xff, 0xc0, 0x0, 0x3, 0xff, 0x0,
    0x0, 0xf, 0xfc, 0x0, 0x0, 0x3f, 0xf0, 0x0,
    0x0, 0xff, 0xc0, 0x0, 0x3, 0xff, 0x0, 0x0,
    0xf, 0xfc, 0x0, 0x0, 0x3f, 0xf0, 0x0, 0x0,
    0xff, 0xc0, 0x0, 0x3, 0xff, 0x0, 0x0, 0xf,
    0xfc, 0x0, 0x0, 0x3f, 0xf0, 0x0, 0x0, 0xff,
    0xc0, 0x0, 0x3, 0xff, 0x0, 0x0, 0xf, 0xfc,
    0x0, 0x0, 0x3f, 0xf0, 0x0, 0x0, 0xff, 0xc0,
    0x0, 0x3, 0xff, 0x0, 0x0, 0xf, 0xfc, 0x0,
    0x0, 0x3f, 0xf0, 0x0, 0x0, 0xff, 0xc0, 0x0,
    0x3, 0xff, 0x0, 0x0, 0xf, 0xfc, 0x0, 0x0,
    0x3f, 0xf0, 0x0, 0x0, 0xff, 0xc0, 0x0, 0x3,
    0xff, 0x0, 0x0, 0xf, 0xfc, 0x0, 0x0, 0x3f,
    0xf0, 0x0, 0x0, 0xff, 0xc0, 0x0, 0x3, 0xff,
    0x0, 0x0, 0xf, 0xfc, 0x0, 0x0, 0x3f, 0xf0,
    0x0, 0x0, 0xff, 0xc0, 0x0, 0x3, 0xff, 0x0,
    0x0, 0xf, 0xfc, 0x0, 0x0, 0x3f, 0xf0, 0x0,
    0x0, 0xff, 0xc0, 0x0, 0x3, 0xff, 0x0, 0x0,
    0xf, 0xfc, 0x0, 0x0, 0x3f, 0xf0, 0x0, 0x0,
    0xff, 0xc0, 0x0, 0x3, 0xff, 0x0, 0x0, 0xf,
    0xfc, 0x0, 0x0, 0x3f, 0xf0, 0x0, 0x0, 0xff,
    0xc0, 0x0, 0x3, 0xff, 0x0, 0x0, 0xf, 0xfc,
    0x0, 0x0, 0x3f, 0xf0, 0x0, 0x0, 0xff, 0xc0,
    0x0, 0x3, 0xff, 0x0, 0x0, 0xf, 0xfc, 0x0,
    0x0, 0x3f, 0xf0, 0x0, 0x0, 0xff, 0xc0, 0x0,
    0x3, 0xff, 0x0, 0x0, 0xf, 0xff, 0xff, 0xff,
    0xff, 0xff, 0xff, 0xff, 0xff, 0xff, 0xff, 0xff,
    0xff, 0xff, 0xff, 0xff, 0xff, 0xff, 0xff, 0xff,
    0xff, 0xff, 0xff, 0xff, 0xff, 0xff, 0xff, 0xff,
    0xff, 0xff, 0xff, 0xff, 0xff, 0xff, 0xc0,

    /* U+005C "\\" */
    0xff, 0xf0, 0x0, 0x0, 0x0, 0xf, 0xfe, 0x0,
    0x0, 0x0, 0x1, 0xff, 0xc0, 0x0, 0x0, 0x0,
    0x1f, 0xfc, 0x0, 0x0, 0x0, 0x3, 0xff, 0x80,
    0x0, 0x0, 0x0, 0x7f, 0xf0, 0x0, 0x0, 0x0,
    0x7, 0xff, 0x0, 0x0, 0x0, 0x0, 0xff, 0xe0,
    0x0, 0x0, 0x0, 0x1f, 0xfc, 0x0, 0x0, 0x0,
    0x1, 0xff, 0xc0, 0x0, 0x0, 0x0, 0x3f, 0xf8,
    0x0, 0x0, 0x0, 0x7, 0xff, 0x80, 0x0, 0x0,
    0x0, 0x7f, 0xf0, 0x0, 0x0, 0x0, 0xf, 0xfe,
    0x0, 0x0, 0x0, 0x0, 0xff, 0xe0, 0x0, 0x0,
    0x0, 0x1f, 0xfc, 0x0, 0x0, 0x0, 0x3, 0xff,
    0x80, 0x0, 0x0, 0x0, 0x3f, 0xf8, 0x0, 0x0,
    0x0, 0x7, 0xff, 0x0, 0x0, 0x0, 0x0, 0xff,
    0xe0, 0x0, 0x0, 0x0, 0xf, 0xfe, 0x0, 0x0,
    0x0, 0x1, 0xff, 0xc0, 0x0, 0x0, 0x0, 0x1f,
    0xfc, 0x0, 0x0, 0x0, 0x3, 0xff, 0x80, 0x0,
    0x0, 0x0, 0x7f, 0xf0, 0x0, 0x0, 0x0, 0x7,
    0xff, 0x0, 0x0, 0x0, 0x0, 0xff, 0xe0, 0x0,
    0x0, 0x0, 0x1f, 0xfc, 0x0, 0x0, 0x0, 0x1,
    0xff, 0xc0, 0x0, 0x0, 0x0, 0x3f, 0xf8, 0x0,
    0x0, 0x0, 0x7, 0xff, 0x0, 0x0, 0x0, 0x0,
    0x7f, 0xf0, 0x0, 0x0, 0x0, 0xf, 0xfe, 0x0,
    0x0, 0x0, 0x0, 0xff, 0xe0, 0x0, 0x0, 0x0,
    0x1f, 0xfc, 0x0, 0x0, 0x0, 0x3, 0xff, 0x80,
    0x0, 0x0, 0x0, 0x3f, 0xf8, 0x0, 0x0, 0x0,
    0x7, 0xff, 0x0, 0x0, 0x0, 0x0, 0xff, 0xe0,
    0x0, 0x0, 0x0, 0xf, 0xfe, 0x0, 0x0, 0x0,
    0x1, 0xff, 0xc0, 0x0, 0x0, 0x0, 0x3f, 0xfc,
    0x0, 0x0, 0x0, 0x3, 0xff, 0x80, 0x0, 0x0,
    0x0, 0x7f, 0xf0, 0x0, 0x0, 0x0, 0x7, 0xff,
    0x0, 0x0, 0x0, 0x0, 0xff, 0xe0, 0x0, 0x0,
    0x0, 0x1f, 0xfc, 0x0, 0x0, 0x0, 0x1, 0xff,
    0xc0, 0x0, 0x0, 0x0, 0x3f, 0xf8, 0x0, 0x0,
    0x0, 0x7, 0xff, 0x0, 0x0, 0x0, 0x0, 0x7f,
    0xf0, 0x0, 0x0, 0x0, 0xf, 0xfe, 0x0, 0x0,
    0x0, 0x1, 0xff, 0xe0, 0x0, 0x0, 0x0, 0x1f,
    0xfc, 0x0, 0x0, 0x0, 0x3, 0xff, 0x80, 0x0,
    0x0, 0x0, 0x3f, 0xf8, 0x0, 0x0, 0x0, 0x7,
    0xff, 0x0, 0x0, 0x0, 0x0, 0xff, 0xe0, 0x0,
    0x0, 0x0, 0xf, 0xfe, 0x0, 0x0, 0x0, 0x1,
    0xff, 0xc0, 0x0, 0x0, 0x0, 0x3f, 0xf8, 0x0,
    0x0, 0x0, 0x3, 0xff, 0x80, 0x0, 0x0, 0x0,
    0x7f, 0xf0, 0x0, 0x0, 0x0, 0xf, 0xff, 0x0,
    0x0, 0x0, 0x0, 0xff, 0xe0, 0x0, 0x0, 0x0,
    0x1f, 0xfc, 0x0, 0x0, 0x0, 0x1, 0xff, 0xc0,
    0x0, 0x0, 0x0, 0x3f, 0xf8, 0x0, 0x0, 0x0,
    0x7, 0xff, 0x0, 0x0, 0x0, 0x0, 0x7f, 0xf0,
    0x0, 0x0, 0x0, 0xf, 0xfe, 0x0, 0x0, 0x0,
    0x1, 0xff, 0xc0, 0x0, 0x0, 0x0, 0x1f, 0xfc,
    0x0, 0x0, 0x0, 0x3, 0xff, 0x80, 0x0, 0x0,
    0x0, 0x3f, 0xf8, 0x0, 0x0, 0x0, 0x7, 0xff,
    0x0, 0x0, 0x0, 0x0, 0xff, 0xe0, 0x0, 0x0,
    0x0, 0xf, 0xfe, 0x0, 0x0, 0x0, 0x1, 0xff,
    0xc0, 0x0, 0x0, 0x0, 0x3f, 0xf8, 0x0, 0x0,
    0x0, 0x3, 0xff, 0x80, 0x0, 0x0, 0x0, 0x7f,
    0xf0, 0x0, 0x0, 0x0, 0xf, 0xfe, 0x0, 0x0,
    0x0, 0x0, 0xff, 0xe0, 0x0, 0x0, 0x0, 0x1f,
    0xfc, 0x0, 0x0, 0x0, 0x1, 0xff, 0xc0, 0x0,
    0x0, 0x0, 0x3f, 0xf8,

    /* U+005D "]" */
    0xff, 0xff, 0xff, 0xff, 0xff, 0xff, 0xff, 0xff,
    0xff, 0xff, 0xff, 0xff, 0xff, 0xff, 0xff, 0xff,
    0xff, 0xff, 0xff, 0xff, 0xff, 0xff, 0xff, 0xff,
    0xff, 0xff, 0xff, 0xff, 0xff, 0xff, 0xff, 0xff,
    0xff, 0xfc, 0x0, 0x0, 0x3f, 0xf0, 0x0, 0x0,
    0xff, 0xc0, 0x0, 0x3, 0xff, 0x0, 0x0, 0xf,
    0xfc, 0x0, 0x0, 0x3f, 0xf0, 0x0, 0x0, 0xff,
    0xc0, 0x0, 0x3, 0xff, 0x0, 0x0, 0xf, 0xfc,
    0x0, 0x0, 0x3f, 0xf0, 0x0, 0x0, 0xff, 0xc0,
    0x0, 0x3, 0xff, 0x0, 0x0, 0xf, 0xfc, 0x0,
    0x0, 0x3f, 0xf0, 0x0, 0x0, 0xff, 0xc0, 0x0,
    0x3, 0xff, 0x0, 0x0, 0xf, 0xfc, 0x0, 0x0,
    0x3f, 0xf0, 0x0, 0x0, 0xff, 0xc0, 0x0, 0x3,
    0xff, 0x0, 0x0, 0xf, 0xfc, 0x0, 0x0, 0x3f,
    0xf0, 0x0, 0x0, 0xff, 0xc0, 0x0, 0x3, 0xff,
    0x0, 0x0, 0xf, 0xfc, 0x0, 0x0, 0x3f, 0xf0,
    0x0, 0x0, 0xff, 0xc0, 0x0, 0x3, 0xff, 0x0,
    0x0, 0xf, 0xfc, 0x0, 0x0, 0x3f, 0xf0, 0x0,
    0x0, 0xff, 0xc0, 0x0, 0x3, 0xff, 0x0, 0x0,
    0xf, 0xfc, 0x0, 0x0, 0x3f, 0xf0, 0x0, 0x0,
    0xff, 0xc0, 0x0, 0x3, 0xff, 0x0, 0x0, 0xf,
    0xfc, 0x0, 0x0, 0x3f, 0xf0, 0x0, 0x0, 0xff,
    0xc0, 0x0, 0x3, 0xff, 0x0, 0x0, 0xf, 0xfc,
    0x0, 0x0, 0x3f, 0xf0, 0x0, 0x0, 0xff, 0xc0,
    0x0, 0x3, 0xff, 0x0, 0x0, 0xf, 0xfc, 0x0,
    0x0, 0x3f, 0xf0, 0x0, 0x0, 0xff, 0xc0, 0x0,
    0x3, 0xff, 0x0, 0x0, 0xf, 0xfc, 0x0, 0x0,
    0x3f, 0xf0, 0x0, 0x0, 0xff, 0xc0, 0x0, 0x3,
    0xff, 0x0, 0x0, 0xf, 0xfc, 0x0, 0x0, 0x3f,
    0xf0, 0x0, 0x0, 0xff, 0xc0, 0x0, 0x3, 0xff,
    0x0, 0x0, 0xf, 0xfc, 0x0, 0x0, 0x3f, 0xf0,
    0x0, 0x0, 0xff, 0xc0, 0x0, 0x3, 0xff, 0x0,
    0x0, 0xf, 0xfc, 0x0, 0x0, 0x3f, 0xf0, 0x0,
    0x0, 0xff, 0xc0, 0x0, 0x3, 0xff, 0x0, 0x0,
    0xf, 0xfc, 0x0, 0x0, 0x3f, 0xf0, 0x0, 0x0,
    0xff, 0xc0, 0x0, 0x3, 0xff, 0x0, 0x0, 0xf,
    0xfc, 0x0, 0x0, 0x3f, 0xff, 0xff, 0xff, 0xff,
    0xff, 0xff, 0xff, 0xff, 0xff, 0xff, 0xff, 0xff,
    0xff, 0xff, 0xff, 0xff, 0xff, 0xff, 0xff, 0xff,
    0xff, 0xff, 0xff, 0xff, 0xff, 0xff, 0xff, 0xff,
    0xff, 0xff, 0xff, 0xff, 0xff, 0xff, 0xc0,

    /* U+005E "^" */
    0x0, 0x0, 0x1f, 0xff, 0x80, 0x0, 0x0, 0x0,
    0x1, 0xff, 0xf8, 0x0, 0x0, 0x0, 0x0, 0x3f,
    0xff, 0xc0, 0x0, 0x0, 0x0, 0x3, 0xff, 0xfc,
    0x0, 0x0, 0x0, 0x0, 0x7f, 0xff, 0xe0, 0x0,
    0x0, 0x0, 0xf, 0xff, 0xfe, 0x0, 0x0, 0x0,
    0x0, 0xff, 0xff, 0xf0, 0x0, 0x0, 0x0, 0x1f,
    0xff, 0xff, 0x0, 0x0, 0x0, 0x1, 0xff, 0xff,
    0xf8, 0x0, 0x0, 0x0, 0x3f, 0xff, 0xff, 0x80,
    0x0, 0x0, 0x3, 0xff, 0xff, 0xfc, 0x0, 0x0,
    0x0, 0x7f, 0xfb, 0xff, 0xc0, 0x0, 0x0, 0x7,
    0xff, 0x1f, 0xfe, 0x0, 0x0, 0x0, 0xff, 0xf1,
    0xff, 0xe0, 0x0, 0x0, 0xf, 0xfe, 0xf, 0xff,
    0x0, 0x0, 0x1, 0xff, 0xe0, 0xff, 0xf0, 0x0,
    0x0, 0x1f, 0xfc, 0x7, 0xff, 0x80, 0x0, 0x3,
    0xff, 0xc0, 0x7f, 0xf8, 0x0, 0x0, 0x3f, 0xf8,
    0x3, 0xff, 0xc0, 0x0, 0x7, 0xff, 0x80, 0x3f,
    0xfc, 0x0, 0x0, 0x7f, 0xf0, 0x1, 0xff, 0xe0,
    0x0, 0xf, 0xff, 0x0, 0x1f, 0xfe, 0x0, 0x0,
    0xff, 0xe0, 0x0, 0xff, 0xf0, 0x0, 0x1f, 0xfe,
    0x0, 0xf, 0xff, 0x0, 0x1, 0xff, 0xc0, 0x0,
    0x7f, 0xf8, 0x0, 0x3f, 0xfc, 0x0, 0x7, 0xff,
    0x80, 0x3, 0xff, 0x80, 0x0, 0x3f, 0xfc, 0x0,
    0x7f, 0xf8, 0x0, 0x3, 0xff, 0xc0, 0x7, 0xff,
    0x0, 0x0, 0x1f, 0xfe, 0x0, 0xff, 0xf0, 0x0,
    0x1, 0xff, 0xe0, 0xf, 0xfe, 0x0, 0x0, 0xf,
    0xff, 0x1, 0xff, 0xe0, 0x0, 0x0, 0xff, 0xf0,
    0x1f, 0xfc, 0x0, 0x0, 0x7, 0xff, 0x83, 0xff,
    0xc0, 0x0, 0x0, 0x7f, 0xf8, 0x3f, 0xfc, 0x0,
    0x0, 0x3, 0xff, 0xc7, 0xff, 0x80, 0x0, 0x0,
    0x3f, 0xfc, 0x7f, 0xf8, 0x0, 0x0, 0x1, 0xff,
    0xef, 0xff, 0x0, 0x0, 0x0, 0x1f, 0xfe, 0x7f,
    0xf0, 0x0, 0x0, 0x0, 0xff, 0xe1, 0xfe, 0x0,
    0x0, 0x0, 0xf, 0xf8, 0x7, 0xe0, 0x0, 0x0,
    0x0, 0x7e, 0x0, 0x1c, 0x0, 0x0, 0x0, 0x7,
    0x80, 0x0, 0x40, 0x0, 0x0, 0x0, 0x0, 0x0,

    /* U+005F "_" */
    0xff, 0xff, 0xff, 0xff, 0xff, 0xff, 0xff, 0xff,
    0xff, 0xff, 0xff, 0xff, 0xff, 0xff, 0xff, 0xff,
    0xff, 0xff, 0xff, 0xff, 0xff, 0xff, 0xff, 0xff,
    0xff, 0xff, 0xff, 0xff, 0xff, 0xff, 0xff, 0xff,
    0xff, 0xff, 0xff, 0xff, 0xff, 0xff, 0xff, 0xff,
    0xff, 0xff, 0xff, 0xff, 0xff, 0xff, 0xff, 0xff,
    0xff, 0xff, 0xff, 0xff, 0xff, 0xff, 0xff, 0xff,
    0xff, 0xf0,

    /* U+0060 "`" */
    0x0, 0x60, 0x0, 0x1f, 0x0, 0x3, 0xf0, 0x0,
    0xff, 0x80, 0x3f, 0xf8, 0x7, 0xff, 0xc0, 0x3f,
    0xfc, 0x3, 0xff, 0xe0, 0x1f, 0xfe, 0x0, 0xff,
    0xf0, 0xf, 0xff, 0x0, 0x7f, 0xf8, 0x3, 0xff,
    0x80, 0x1f, 0xfc, 0x1, 0xff, 0xc0, 0xf, 0xfe,
    0x0, 0x7f, 0xe0, 0x3, 0xff, 0x0, 0x3f, 0xe0,
    0x1, 0xf8, 0x0, 0xe, 0x0,

    /* U+0061 "a" */
    0x0, 0x0, 0xff, 0xf0, 0x0, 0x0, 0x0, 0x7,
    0xff, 0xff, 0x80, 0x0, 0x0, 0x1f, 0xff, 0xff,
    0xf0, 0x0, 0x0, 0x1f, 0xff, 0xff, 0xfe, 0x0,
    0x0, 0x3f, 0xff, 0xff, 0xff, 0x80, 0x0, 0x3f,
    0xff, 0xff, 0xff, 0xe0, 0x0, 0x3f, 0xff, 0xff,
    0xff, 0xf8, 0x0, 0x3f, 0xff, 0xff, 0xff, 0xfe,
    0x0, 0x3f, 0xff, 0xff, 0xff, 0xff, 0x80, 0x3f,
    0xff, 0x80, 0x7f, 0xff, 0xc0, 0xf, 0xff, 0x0,
    0x7, 0xff, 0xf0, 0x1, 0xfe, 0x0, 0x1, 0xff,
    0xf8, 0x0, 0x7e, 0x0, 0x0, 0x7f, 0xfc, 0x0,
    0x1e, 0x0, 0x0, 0x3f, 0xff, 0x0, 0x6, 0x0,
    0x0, 0x1f, 0xff, 0x80, 0x0, 0x0, 0x0, 0x7,
    0xff, 0xc0, 0x0, 0x0, 0x0, 0x3, 0xff, 0xe0,
    0x0, 0x0, 0x0, 0x1, 0xff, 0xf0, 0x0, 0x0,
    0x0, 0x0, 0xff, 0xf8, 0x0, 0x0, 0x0, 0x0,
    0x7f, 0xfc, 0x0, 0x0, 0x0, 0x0, 0x3f, 0xfe,
    0x0, 0x0, 0x0, 0x0, 0x1f, 0xff, 0x0, 0x0,
    0xf, 0xff, 0xff, 0xff, 0x80, 0x0, 0x7f, 0xff,
    0xff, 0xff, 0xc0, 0x0, 0xff, 0xff, 0xff, 0xff,
    0xe0, 0x1, 0xff, 0xff, 0xff, 0xff, 0xf0, 0x3,
    0xff, 0xff, 0xff, 0xff, 0xf8, 0x3, 0xff, 0xff,
    0xff, 0xff, 0xfc, 0x1, 0xff, 0xff, 0xff, 0xff,
    0xfe, 0x1, 0xff, 0xfc, 0x0, 0x1f, 0xff, 0x1,
    0xff, 0xf8, 0x0, 0xf, 0xff, 0x80, 0xff, 0xf0,
    0x0, 0x7, 0xff, 0xc0, 0x7f, 0xf8, 0x0, 0x3,
    0xff, 0xe0, 0x7f, 0xf8, 0x0, 0x1, 0xff, 0xf0,
    0x3f, 0xfc, 0x0, 0x0, 0xff, 0xf8, 0x1f, 0xfe,
    0x0, 0x0, 0x7f, 0xfc, 0xf, 0xff, 0x0, 0x0,
    0x3f, 0xfe, 0x7, 0xff, 0x80, 0x0, 0x1f, 0xff,
    0x3, 0xff, 0xc0, 0x0, 0x1f, 0xff, 0x81, 0xff,
    0xe0, 0x0, 0xf, 0xff, 0xc0, 0xff, 0xf8, 0x0,
    0xf, 0xff, 0xe0, 0x7f, 0xfe, 0x0, 0x1f, 0xff,
    0xf0, 0x1f, 0xff, 0xc0, 0x3f, 0xff, 0xff, 0xef,
    0xff, 0xff, 0xff, 0xbf, 0xff, 0xf3, 0xff, 0xff,
    0xff, 0xcf, 0xff, 0xf9, 0xff, 0xff, 0xff, 0xc7,
    0xff, 0xfc, 0x7f, 0xff, 0xff, 0xe3, 0xff, 0xfe,
    0x1f, 0xff, 0xff, 0xe0, 0xff, 0xff, 0x7, 0xff,
    0xff, 0xe0, 0x3f, 0xff, 0x81, 0xff, 0xff, 0xc0,
    0xf, 0xff, 0xc0, 0x3f, 0xff, 0xc0, 0x1, 0xff,
    0xe0, 0x3, 0xfe, 0x0, 0x0, 0x0, 0x0,

    /* U+0062 "b" */
    0xff, 0xf8, 0x0, 0x0, 0x0, 0x1, 0xff, 0xf0,
    0x0, 0x0, 0x0, 0x3, 0xff, 0xe0, 0x0, 0x0,
    0x0, 0x7, 0xff, 0xc0, 0x0, 0x0, 0x0, 0xf,
    0xff, 0x80, 0x0, 0x0, 0x0, 0x1f, 0xff, 0x0,
    0x0, 0x0, 0x0, 0x3f, 0xfe, 0x0, 0x0, 0x0,
    0x0, 0x7f, 0xfc, 0x0, 0x0, 0x0, 0x0, 0xff,
    0xf8, 0x0, 0x0, 0x0, 0x1, 0xff, 0xf0, 0x0,
    0x0, 0x0, 0x3, 0xff, 0xe0, 0x0, 0x0, 0x0,
    0x7, 0xff, 0xc0, 0x0, 0x0, 0x0, 0xf, 0xff,
    0x80, 0x0, 0x0, 0x0, 0x1f, 0xff, 0x0, 0x0,
    0x0, 0x0, 0x3f, 0xfe, 0x0, 0x0, 0x0, 0x0,
    0x7f, 0xfc, 0x0, 0x0, 0x0, 0x0, 0xff, 0xf8,
    0x0, 0x0, 0x0, 0x1, 0xff, 0xf0, 0x0, 0x0,
    0x0, 0x3, 0xff, 0xe0, 0x0, 0x0, 0x0, 0x7,
    0xff, 0xc0, 0x0, 0x0, 0x0, 0xf, 0xff, 0x80,
    0xf, 0xf8, 0x0, 0x1f, 0xff, 0x0, 0xff, 0xfe,
    0x0, 0x3f, 0xfe, 0x7, 0xff, 0xff, 0x0, 0x7f,
    0xfc, 0x1f, 0xff, 0xff, 0x0, 0xff, 0xf8, 0x7f,
    0xff, 0xff, 0x1, 0xff, 0xf1, 0xff, 0xff, 0xff,
    0x3, 0xff, 0xe3, 0xff, 0xff, 0xff, 0x7, 0xff,
    0xcf, 0xff, 0xff, 0xff, 0xf, 0xff, 0xbf, 0xff,
    0xff, 0xfe, 0x1f, 0xff, 0x7f, 0xff, 0xff, 0xfe,
    0x3f, 0xff, 0xf8, 0x7, 0xff, 0xfc, 0x7f, 0xff,
    0xc0, 0x3, 0xff, 0xfc, 0xff, 0xfe, 0x0, 0x3,
    0xff, 0xf9, 0xff, 0xf8, 0x0, 0x3, 0xff, 0xf3,
    0xff, 0xf0, 0x0, 0x3, 0xff, 0xf7, 0xff, 0xc0,
    0x0, 0x3, 0xff, 0xef, 0xff, 0x80, 0x0, 0x7,
    0xff, 0xdf, 0xff, 0x0, 0x0, 0xf, 0xff, 0xbf,
    0xfe, 0x0, 0x0, 0xf, 0xff, 0x7f, 0xfc, 0x0,
    0x0, 0x1f, 0xff, 0xff, 0xf8, 0x0, 0x0, 0x3f,
    0xff, 0xff, 0xf0, 0x0, 0x0, 0x7f, 0xff, 0xff,
    0xe0, 0x0, 0x0, 0xff, 0xff, 0xff, 0xc0, 0x0,
    0x1, 0xff, 0xff, 0xff, 0x80, 0x0, 0x3, 0xff,
    0xff, 0xff, 0x0, 0x0, 0x7, 0xff, 0xff, 0xfe,
    0x0, 0x0, 0xf, 0xff, 0xff, 0xfc, 0x0, 0x0,
    0x1f, 0xff, 0xff, 0xf8, 0x0, 0x0, 0x3f, 0xff,
    0xff, 0xf0, 0x0, 0x0, 0x7f, 0xff, 0xff, 0xe0,
    0x0, 0x0, 0xff, 0xff, 0xff, 0xc0, 0x0, 0x1,
    0xff, 0xff, 0xff, 0x80, 0x0, 0x3, 0xff, 0xff,
    0xff, 0x0, 0x0, 0x7, 0xff, 0xbf, 0xfe, 0x0,
    0x0, 0x1f, 0xff, 0x7f, 0xfc, 0x0, 0x0, 0x3f,
    0xfe, 0xff, 0xf8, 0x0, 0x0, 0x7f, 0xfd, 0xff,
    0xf8, 0x0, 0x1, 0xff, 0xfb, 0xff, 0xf0, 0x0,
    0x7, 0xff, 0xe7, 0xff, 0xf0, 0x0, 0x1f, 0xff,
    0xcf, 0xff, 0xf8, 0x0, 0x7f, 0xff, 0x9f, 0xff,
    0xfc, 0x3, 0xff, 0xfe, 0x3f, 0xfe, 0xff, 0xff,
    0xff, 0xfc, 0x7f, 0xfd, 0xff, 0xff, 0xff, 0xf0,
    0xff, 0xf9, 0xff, 0xff, 0xff, 0xe1, 0xff, 0xf1,
    0xff, 0xff, 0xff, 0x83, 0xff, 0xe3, 0xff, 0xff,
    0xfe, 0x7, 0xff, 0xc3, 0xff, 0xff, 0xf8, 0xf,
    0xff, 0x83, 0xff, 0xff, 0xe0, 0x1f, 0xff, 0x3,
    0xff, 0xff, 0x80, 0x3f, 0xfe, 0x1, 0xff, 0xfc,
    0x0, 0x0, 0x0, 0x0, 0x7f, 0xc0, 0x0,

    /* U+0063 "c" */
    0x0, 0x0, 0x1f, 0xfc, 0x0, 0x0, 0x0, 0xf,
    0xff, 0xfe, 0x0, 0x0, 0x1, 0xff, 0xff, 0xfc,
    0x0, 0x0, 0x3f, 0xff, 0xff, 0xf0, 0x0, 0x7,
    0xff, 0xff, 0xff, 0xe0, 0x0, 0x7f, 0xff, 0xff,
    0xff, 0x80, 0x7, 0xff, 0xff, 0xff, 0xfe, 0x0,
    0x7f, 0xff, 0xff, 0xff, 0xf8, 0x7, 0xff, 0xff,
    0xff, 0xff, 0xc0, 0x3f, 0xff, 0xff, 0xff, 0xff,
    0x3, 0xff, 0xfc, 0x3, 0xff, 0xfc, 0x3f, 0xff,
    0x80, 0x7, 0xff, 0xe1, 0xff, 0xf8, 0x0, 0xf,
    0xfe, 0x1f, 0xff, 0x80, 0x0, 0x3f, 0xc0, 0xff,
    0xf8, 0x0, 0x1, 0xfc, 0x7, 0xff, 0x80, 0x0,
    0x7, 0x80, 0x7f, 0xfc, 0x0, 0x0, 0x30, 0x3,
    0xff, 0xe0, 0x0, 0x0, 0x0, 0x1f, 0xfe, 0x0,
    0x0, 0x0, 0x0, 0xff, 0xf0, 0x0, 0x0, 0x0,
    0xf, 0xff, 0x80, 0x0, 0x0, 0x0, 0x7f, 0xfc,
    0x0, 0x0, 0x0, 0x3, 0xff, 0xe0, 0x0, 0x0,
    0x0, 0x1f, 0xff, 0x0, 0x0, 0x0, 0x0, 0xff,
    0xf8, 0x0, 0x0, 0x0, 0x7, 0xff, 0xc0, 0x0,
    0x0, 0x0, 0x3f, 0xfe, 0x0, 0x0, 0x0, 0x1,
    0xff, 0xf0, 0x0, 0x0, 0x0, 0xf, 0xff, 0x80,
    0x0, 0x0, 0x0, 0x7f, 0xfc, 0x0, 0x0, 0x0,
    0x3, 0xff, 0xe0, 0x0, 0x0, 0x0, 0x1f, 0xff,
    0x0, 0x0, 0x0, 0x0, 0x7f, 0xf8, 0x0, 0x0,
    0x0, 0x3, 0xff, 0xc0, 0x0, 0x0, 0x0, 0x1f,
    0xff, 0x0, 0x0, 0x0, 0x0, 0xff, 0xf8, 0x0,
    0x0, 0x30, 0x3, 0xff, 0xc0, 0x0, 0x1, 0xe0,
    0x1f, 0xff, 0x0, 0x0, 0x1f, 0xc0, 0xff, 0xfc,
    0x0, 0x1, 0xff, 0x3, 0xff, 0xf0, 0x0, 0x1f,
    0xfe, 0x1f, 0xff, 0xc0, 0x1, 0xff, 0xf8, 0x7f,
    0xff, 0xc0, 0x7f, 0xff, 0x81, 0xff, 0xff, 0xff,
    0xff, 0xfc, 0xf, 0xff, 0xff, 0xff, 0xff, 0xc0,
    0x3f, 0xff, 0xff, 0xff, 0xfc, 0x0, 0xff, 0xff,
    0xff, 0xff, 0xc0, 0x3, 0xff, 0xff, 0xff, 0xfc,
    0x0, 0xf, 0xff, 0xff, 0xff, 0xc0, 0x0, 0x1f,
    0xff, 0xff, 0xfc, 0x0, 0x0, 0x3f, 0xff, 0xff,
    0x80, 0x0, 0x0, 0x7f, 0xff, 0xf0, 0x0, 0x0,
    0x0, 0x3f, 0xf8, 0x0, 0x0,

    /* U+0064 "d" */
    0x0, 0x0, 0x0, 0x0, 0x3f, 0xfe, 0x0, 0x0,
    0x0, 0x0, 0x7f, 0xfc, 0x0, 0x0, 0x0, 0x0,
    0xff, 0xf8, 0x0, 0x0, 0x0, 0x1, 0xff, 0xf0,
    0x0, 0x0, 0x0, 0x3, 0xff, 0xe0, 0x0, 0x0,
    0x0, 0x7, 0xff, 0xc0, 0x0, 0x0, 0x0, 0xf,
    0xff, 0x80, 0x0, 0x0, 0x0, 0x1f, 0xff, 0x0,
    0x0, 0x0, 0x0, 0x3f, 0xfe, 0x0, 0x0, 0x0,
    0x0, 0x7f, 0xfc, 0x0, 0x0, 0x0, 0x0, 0xff,
    0xf8, 0x0, 0x0, 0x0, 0x1, 0xff, 0xf0, 0x0,
    0x0, 0x0, 0x3, 0xff, 0xe0, 0x0, 0x0, 0x0,
    0x7, 0xff, 0xc0, 0x0, 0x0, 0x0, 0xf, 0xff,
    0x80, 0x0, 0x0, 0x0, 0x1f, 0xff, 0x0, 0x0,
    0x0, 0x0, 0x3f, 0xfe, 0x0, 0x0, 0x0, 0x0,
    0x7f, 0xfc, 0x0, 0x0, 0x0, 0x0, 0xff, 0xf8,
    0x0, 0x0, 0x0, 0x1, 0xff, 0xf0, 0x0, 0x1f,
    0xf0, 0x3, 0xff, 0xe0, 0x1, 0xff, 0xf8, 0x7,
    0xff, 0xc0, 0xf, 0xff, 0xfc, 0xf, 0xff, 0x80,
    0x7f, 0xff, 0xfc, 0x1f, 0xff, 0x1, 0xff, 0xff,
    0xfc, 0x3f, 0xfe, 0x7, 0xff, 0xff, 0xfc, 0x7f,
    0xfc, 0x1f, 0xff, 0xff, 0xfc, 0xff, 0xf8, 0x7f,
    0xff, 0xff, 0xfd, 0xff, 0xf0, 0xff, 0xff, 0xff,
    0xfb, 0xff, 0xe3, 0xff, 0xff, 0xff, 0xff, 0xff,
    0xc7, 0xff, 0xfc, 0x3, 0xff, 0xff, 0x9f, 0xff,
    0xe0, 0x1, 0xff, 0xff, 0x3f, 0xff, 0x80, 0x0,
    0xff, 0xfe, 0x7f, 0xfe, 0x0, 0x0, 0xff, 0xfd,
    0xff, 0xf8, 0x0, 0x0, 0xff, 0xfb, 0xff, 0xe0,
    0x0, 0x1, 0xff, 0xf7, 0xff, 0xc0, 0x0, 0x3,
    0xff, 0xef, 0xff, 0x80, 0x0, 0x7, 0xff, 0xff,
    0xfe, 0x0, 0x0, 0xf, 0xff, 0xff, 0xfc, 0x0,
    0x0, 0x1f, 0xff, 0xff, 0xf8, 0x0, 0x0, 0x3f,
    0xff, 0xff, 0xf0, 0x0, 0x0, 0x7f, 0xff, 0xff,
    0xe0, 0x0, 0x0, 0xff, 0xff, 0xff, 0xc0, 0x0,
    0x1, 0xff, 0xff, 0xff, 0x80, 0x0, 0x3, 0xff,
    0xff, 0xff, 0x0, 0x0, 0x7, 0xff, 0xff, 0xfe,
    0x0, 0x0, 0xf, 0xff, 0xff, 0xfc, 0x0, 0x0,
    0x1f, 0xff, 0xff, 0xf8, 0x0, 0x0, 0x3f, 0xff,
    0xff, 0xf0, 0x0, 0x0, 0x7f, 0xff, 0xff, 0xe0,
    0x0, 0x0, 0xff, 0xff, 0xff, 0xc0, 0x0, 0x1,
    0xff, 0xff, 0xff, 0x80, 0x0, 0x3, 0xff, 0xef,
    0xff, 0x0, 0x0, 0x7, 0xff, 0xdf, 0xff, 0x0,
    0x0, 0xf, 0xff, 0xbf, 0xfe, 0x0, 0x0, 0x1f,
    0xff, 0x7f, 0xfc, 0x0, 0x0, 0x3f, 0xfe, 0xff,
    0xfc, 0x0, 0x0, 0x7f, 0xfc, 0xff, 0xfc, 0x0,
    0x1, 0xff, 0xf9, 0xff, 0xfc, 0x0, 0x7, 0xff,
    0xf3, 0xff, 0xfc, 0x0, 0x1f, 0xff, 0xe3, 0xff,
    0xfe, 0x1, 0xff, 0xff, 0xc7, 0xff, 0xff, 0xff,
    0xef, 0xff, 0x87, 0xff, 0xff, 0xff, 0xdf, 0xff,
    0xf, 0xff, 0xff, 0xff, 0x3f, 0xfe, 0xf, 0xff,
    0xff, 0xfe, 0x7f, 0xfc, 0xf, 0xff, 0xff, 0xf8,
    0xff, 0xf8, 0xf, 0xff, 0xff, 0xe1, 0xff, 0xf0,
    0xf, 0xff, 0xff, 0x83, 0xff, 0xe0, 0xf, 0xff,
    0xfe, 0x7, 0xff, 0xc0, 0x7, 0xff, 0xf0, 0xf,
    0xff, 0x80, 0x1, 0xff, 0x80, 0x0, 0x0,

    /* U+0065 "e" */
    0x0, 0x0, 0x3f, 0xf8, 0x0, 0x0, 0x0, 0x3,
    0xff, 0xff, 0x0, 0x0, 0x0, 0x3f, 0xff, 0xff,
    0x80, 0x0, 0x0, 0xff, 0xff, 0xff, 0xc0, 0x0,
    0x7, 0xff, 0xff, 0xff, 0xc0, 0x0, 0x1f, 0xff,
    0xff, 0xff, 0xc0, 0x0, 0x7f, 0xff, 0xff, 0xff,
    0xc0, 0x1, 0xff, 0xff, 0xff, 0xff, 0xc0, 0x7,
    0xff, 0xff, 0xff, 0xff, 0xc0, 0x1f, 0xff, 0xe0,
    0x3f, 0xff, 0xc0, 0x3f, 0xff, 0x0, 0x1f, 0xff,
    0x80, 0xff, 0xfc, 0x0, 0xf, 0xff, 0x81, 0xff,
    0xf0, 0x0, 0x1f, 0xff, 0x7, 0xff, 0xc0, 0x0,
    0x1f, 0xff, 0xf, 0xff, 0x80, 0x0, 0x1f, 0xfe,
    0x1f, 0xfe, 0x0, 0x0, 0x3f, 0xfe, 0x7f, 0xfc,
    0x0, 0x0, 0x7f, 0xfc, 0xff, 0xf8, 0x0, 0x0,
    0x7f, 0xf9, 0xff, 0xe0, 0x0, 0x0, 0xff, 0xf3,
    0xff, 0xc0, 0x0, 0x1, 0xff, 0xff, 0xff, 0x80,
    0x0, 0x3, 0xff, 0xff, 0xff, 0x0, 0x0, 0x7,
    0xff, 0xff, 0xff, 0xff, 0xff, 0xff, 0xff, 0xff,
    0xff, 0xff, 0xff, 0xff, 0xff, 0xff, 0xff, 0xff,
    0xff, 0xff, 0xff, 0xff, 0xff, 0xff, 0xff, 0xff,
    0xff, 0xff, 0xff, 0xff, 0xff, 0xff, 0xff, 0xff,
    0xff, 0xff, 0xff, 0xff, 0xff, 0xff, 0xff, 0xff,
    0xff, 0xff, 0xff, 0xff, 0x0, 0x0, 0x0, 0x0,
    0x3f, 0xfe, 0x0, 0x0, 0x0, 0x0, 0x7f, 0xfc,
    0x0, 0x0, 0x0, 0x0, 0x7f, 0xf8, 0x0, 0x0,
    0x0, 0x0, 0xff, 0xf0, 0x0, 0x0, 0x0, 0x1,
    0xff, 0xf0, 0x0, 0x0, 0x0, 0x3, 0xff, 0xe0,
    0x0, 0x0, 0x0, 0x3, 0xff, 0xe0, 0x0, 0x0,
    0x60, 0x7, 0xff, 0xc0, 0x0, 0x1, 0xe0, 0xf,
    0xff, 0xc0, 0x0, 0x7, 0xe0, 0xf, 0xff, 0xc0,
    0x0, 0x1f, 0xe0, 0x1f, 0xff, 0xe0, 0x0, 0xff,
    0xf0, 0x1f, 0xff, 0xf0, 0xf, 0xff, 0xf0, 0x3f,
    0xff, 0xff, 0xff, 0xff, 0xe0, 0x3f, 0xff, 0xff,
    0xff, 0xff, 0x80, 0x3f, 0xff, 0xff, 0xff, 0xff,
    0x0, 0x3f, 0xff, 0xff, 0xff, 0xfc, 0x0, 0x3f,
    0xff, 0xff, 0xff, 0xe0, 0x0, 0x3f, 0xff, 0xff,
    0xff, 0x80, 0x0, 0x1f, 0xff, 0xff, 0xfe, 0x0,
    0x0, 0x1f, 0xff, 0xff, 0xf0, 0x0, 0x0, 0x7,
    0xff, 0xff, 0x0, 0x0, 0x0, 0x0, 0xff, 0xf0,
    0x0, 0x0,

    /* U+0066 "f" */
    0x0, 0x0, 0x0, 0x3f, 0xff, 0xfe, 0x0, 0x0,
    0x3, 0xff, 0xff, 0xfc, 0x0, 0x0, 0x1f, 0xff,
    0xff, 0xf8, 0x0, 0x0, 0x7f, 0xff, 0xff, 0xf0,
    0x0, 0x1, 0xff, 0xff, 0xff, 0xe0, 0x0, 0x7,
    0xff, 0xff, 0xff, 0xc0, 0x0, 0x1f, 0xff, 0xff,
    0xff, 0x80, 0x0, 0x3f, 0xff, 0xff, 0xff, 0x0,
    0x0, 0x7f, 0xff, 0xff, 0xfe, 0x0, 0x1, 0xff,
    0xff, 0xff, 0xfc, 0x0, 0x3, 0xff, 0xe0, 0x0,
    0x0, 0x0, 0x7, 0xff, 0xc0, 0x0, 0x0, 0x0,
    0xf, 0xff, 0x80, 0x0, 0x0, 0x0, 0x1f, 0xff,
    0x0, 0x0, 0x0, 0x0, 0x3f, 0xfe, 0x0, 0x0,
    0x0, 0x0, 0x7f, 0xfc, 0x0, 0x0, 0x0, 0x0,
    0xff, 0xf8, 0x0, 0x0, 0x0, 0x1, 0xff, 0xf0,
    0x0, 0x0, 0x0, 0x3, 0xff, 0xe0, 0x0, 0x0,
    0x0, 0x7, 0xff, 0xc0, 0x0, 0x0, 0x0, 0xf,
    0xff, 0x80, 0x0, 0x0, 0x0, 0x1f, 0xff, 0x0,
    0x0, 0x3f, 0xff, 0xff, 0xff, 0xff, 0xff, 0xff,
    0xff, 0xff, 0xff, 0xff, 0xff, 0xff, 0xff, 0xff,
    0xff, 0xff, 0xff, 0xff, 0xff, 0xff, 0xff, 0xff,
    0xff, 0xff, 0xff, 0xff, 0xff, 0xff, 0xff, 0xff,
    0xff, 0xff, 0xff, 0xff, 0xff, 0xff, 0xff, 0xff,
    0xff, 0xff, 0xff, 0xff, 0xff, 0xff, 0xff, 0xff,
    0xff, 0xff, 0xff, 0xff, 0xff, 0xff, 0xff, 0xff,
    0xff, 0xff, 0xff, 0xff, 0x0, 0x0, 0xff, 0xf8,
    0x0, 0x0, 0x0, 0x1, 0xff, 0xf0, 0x0, 0x0,
    0x0, 0x3, 0xff, 0xe0, 0x0, 0x0, 0x0, 0x7,
    0xff, 0xc0, 0x0, 0x0, 0x0, 0xf, 0xff, 0x80,
    0x0, 0x0, 0x0, 0x1f, 0xff, 0x0, 0x0, 0x0,
    0x0, 0x3f, 0xfe, 0x0, 0x0, 0x0, 0x0, 0x7f,
    0xfc, 0x0, 0x0, 0x0, 0x0, 0xff, 0xf8, 0x0,
    0x0, 0x0, 0x1, 0xff, 0xf0, 0x0, 0x0, 0x0,
    0x3, 0xff, 0xe0, 0x0, 0x0, 0x0, 0x7, 0xff,
    0xc0, 0x0, 0x0, 0x0, 0xf, 0xff, 0x80, 0x0,
    0x0, 0x0, 0x1f, 0xff, 0x0, 0x0, 0x0, 0x0,
    0x3f, 0xfe, 0x0, 0x0, 0x0, 0x0, 0x7f, 0xfc,
    0x0, 0x0, 0x0, 0x0, 0xff, 0xf8, 0x0, 0x0,
    0x0, 0x1, 0xff, 0xf0, 0x0, 0x0, 0x0, 0x3,
    0xff, 0xe0, 0x0, 0x0, 0x0, 0x7, 0xff, 0xc0,
    0x0, 0x0, 0x0, 0xf, 0xff, 0x80, 0x0, 0x0,
    0x0, 0x1f, 0xff, 0x0, 0x0, 0x0, 0x0, 0x3f,
    0xfe, 0x0, 0x0, 0x0, 0x0, 0x7f, 0xfc, 0x0,
    0x0, 0x0, 0x0, 0xff, 0xf8, 0x0, 0x0, 0x0,
    0x1, 0xff, 0xf0, 0x0, 0x0, 0x0, 0x3, 0xff,
    0xe0, 0x0, 0x0, 0x0, 0x7, 0xff, 0xc0, 0x0,
    0x0, 0x0, 0xf, 0xff, 0x80, 0x0, 0x0, 0x0,
    0x1f, 0xff, 0x0, 0x0, 0x1f, 0xff, 0xff, 0xff,
    0xff, 0xfe, 0x3f, 0xff, 0xff, 0xff, 0xff, 0xfc,
    0x7f, 0xff, 0xff, 0xff, 0xff, 0xf8, 0xff, 0xff,
    0xff, 0xff, 0xff, 0xf1, 0xff, 0xff, 0xff, 0xff,
    0xff, 0xe3, 0xff, 0xff, 0xff, 0xff, 0xff, 0xc7,
    0xff, 0xff, 0xff, 0xff, 0xff, 0x8f, 0xff, 0xff,
    0xff, 0xff, 0xff, 0x1f, 0xff, 0xff, 0xff, 0xff,
    0xfe, 0x3f, 0xff, 0xff, 0xff, 0xff, 0xfc,

    /* U+0067 "g" */
    0x0, 0x0, 0x0, 0x0, 0xf, 0xff, 0x0, 0x0,
    0x0, 0x0, 0xf, 0xff, 0xc0, 0x0, 0x0, 0x0,
    0x7, 0xff, 0xf0, 0x0, 0x0, 0x0, 0x1, 0xff,
    0xfc, 0x0, 0x0, 0x0, 0x0, 0xff, 0xff, 0x0,
    0x0, 0x0, 0x0, 0x3f, 0xff, 0xc0, 0x0, 0x0,
    0x0, 0xf, 0xff, 0xf0, 0x0, 0x0, 0x0, 0x3,
    0xff, 0xfc, 0x0, 0x0, 0x7f, 0xfc, 0xff, 0xff,
    0x0, 0x1, 0xff, 0xff, 0xfc, 0x0, 0x0, 0x1,
    0xff, 0xff, 0xff, 0x0, 0x0, 0x1, 0xff, 0xff,
    0xff, 0xe0, 0x0, 0x0, 0xff, 0xff, 0xff, 0xfc,
    0x0, 0x0, 0x7f, 0xff, 0xff, 0xff, 0xc0, 0x0,
    0x3f, 0xff, 0xff, 0xff, 0xf0, 0x0, 0x1f, 0xff,
    0xff, 0xff, 0xfe, 0x0, 0xf, 0xff, 0xe0, 0x1f,
    0xff, 0xc0, 0x3, 0xff, 0xe0, 0x1, 0xff, 0xf0,
    0x1, 0xff, 0xf0, 0x0, 0x3f, 0xfe, 0x0, 0x7f,
    0xf8, 0x0, 0x7, 0xff, 0x80, 0x1f, 0xfe, 0x0,
    0x1, 0xff, 0xe0, 0xf, 0xff, 0x0, 0x0, 0x3f,
    0xfc, 0x3, 0xff, 0xc0, 0x0, 0xf, 0xff, 0x0,
    0xff, 0xf0, 0x0, 0x3, 0xff, 0xc0, 0x3f, 0xfc,
    0x0, 0x0, 0xff, 0xf0, 0xf, 0xff, 0x0, 0x0,
    0x3f, 0xfc, 0x3, 0xff, 0xc0, 0x0, 0xf, 0xff,
    0x0, 0xff, 0xf0, 0x0, 0x3, 0xff, 0xc0, 0x3f,
    0xfc, 0x0, 0x0, 0xff, 0xf0, 0xf, 0xff, 0x0,
    0x0, 0x3f, 0xfc, 0x1, 0xff, 0xe0, 0x0, 0x1f,
    0xfe, 0x0, 0x7f, 0xf8, 0x0, 0x7, 0xff, 0x80,
    0x1f, 0xff, 0x0, 0x3, 0xff, 0xe0, 0x3, 0xff,
    0xe0, 0x1, 0xff, 0xf0, 0x0, 0xff, 0xfe, 0x1,
    0xff, 0xfc, 0x0, 0x1f, 0xff, 0xff, 0xff, 0xfe,
    0x0, 0x3, 0xff, 0xff, 0xff, 0xff, 0x0, 0x0,
    0x7f, 0xff, 0xff, 0xff, 0x80, 0x0, 0xf, 0xff,
    0xff, 0xff, 0xc0, 0x0, 0x1, 0xff, 0xff, 0xff,
    0xe0, 0x0, 0x0, 0x1f, 0xff, 0xff, 0xe0, 0x0,
    0x0, 0x7, 0xff, 0xff, 0xe0, 0x0, 0x0, 0xf,
    0xe7, 0xff, 0x80, 0x0, 0x0, 0xf, 0xf0, 0x0,
    0x0, 0x0, 0x0, 0x7, 0xf8, 0x0, 0x0, 0x0,
    0x0, 0x3, 0xfc, 0x0, 0x0, 0x0, 0x0, 0x0,
    0xff, 0x0, 0x0, 0x0, 0x0, 0x0, 0x7f, 0xc0,
    0x0, 0x0, 0x0, 0x0, 0x1f, 0xf8, 0x0, 0x0,
    0x0, 0x0, 0x7, 0xff, 0x0, 0x0, 0x0, 0x0,
    0x1, 0xff, 0xff, 0xff, 0xff, 0x80, 0x0, 0x7f,
    0xff, 0xff, 0xff, 0xfe, 0x0, 0x1f, 0xff, 0xff,
    0xff, 0xff, 0xf0, 0x3, 0xff, 0xff, 0xff, 0xff,
    0xfe, 0x0, 0x7f, 0xff, 0xff, 0xff, 0xff, 0xc0,
    0xf, 0xff, 0xff, 0xff, 0xff, 0xf8, 0x1, 0xff,
    0xff, 0xff, 0xff, 0xff, 0x0, 0x1f, 0xff, 0xff,
    0xff, 0xff, 0xe0, 0x1f, 0xff, 0xff, 0xff, 0xff,
    0xf8, 0x3f, 0xff, 0xff, 0xff, 0xff, 0xfe, 0x1f,
    0xf0, 0x0, 0x0, 0x3f, 0xff, 0xcf, 0xf8, 0x0,
    0x0, 0x1, 0xff, 0xf7, 0xfc, 0x0, 0x0, 0x0,
    0x7f, 0xfd, 0xff, 0x0, 0x0, 0x0, 0xf, 0xff,
    0xff, 0xc0, 0x0, 0x0, 0x3, 0xff, 0xff, 0xf0,
    0x0, 0x0, 0x0, 0xff, 0xff, 0xfc, 0x0, 0x0,
    0x0, 0x3f, 0xff, 0xff, 0x80, 0x0, 0x0, 0x1f,
    0xff, 0xff, 0xf0, 0x0, 0x0, 0x1f, 0xff, 0xbf,
    0xff, 0x80, 0x0, 0x1f, 0xff, 0xef, 0xff, 0xff,
    0xff, 0xff, 0xff, 0xf1, 0xff, 0xff, 0xff, 0xff,
    0xff, 0xfc, 0x7f, 0xff, 0xff, 0xff, 0xff, 0xfe,
    0xf, 0xff, 0xff, 0xff, 0xff, 0xff, 0x1, 0xff,
    0xff, 0xff, 0xff, 0xff, 0x80, 0x3f, 0xff, 0xff,
    0xff, 0xff, 0x80, 0x3, 0xff, 0xff, 0xff, 0xff,
    0x80, 0x0, 0x1f, 0xff, 0xff, 0xff, 0x0, 0x0,
    0x0, 0x3f, 0xff, 0xf0, 0x0, 0x0,

    /* U+0068 "h" */
    0xff, 0xf8, 0x0, 0x0, 0x0, 0xf, 0xff, 0x80,
    0x0, 0x0, 0x0, 0xff, 0xf8, 0x0, 0x0, 0x0,
    0xf, 0xff, 0x80, 0x0, 0x0, 0x0, 0xff, 0xf8,
    0x0, 0x0, 0x0, 0xf, 0xff, 0x80, 0x0, 0x0,
    0x0, 0xff, 0xf8, 0x0, 0x0, 0x0, 0xf, 0xff,
    0x80, 0x0, 0x0, 0x0, 0xff, 0xf8, 0x0, 0x0,
    0x0, 0xf, 0xff, 0x80, 0x0, 0x0, 0x0, 0xff,
    0xf8, 0x0, 0x0, 0x0, 0xf, 0xff, 0x80, 0x0,
    0x0, 0x0, 0xff, 0xf8, 0x0, 0x0, 0x0, 0xf,
    0xff, 0x80, 0x0, 0x0, 0x0, 0xff, 0xf8, 0x0,
    0x0, 0x0, 0xf, 0xff, 0x80, 0x0, 0x0, 0x0,
    0xff, 0xf8, 0x0, 0x0, 0x0, 0xf, 0xff, 0x80,
    0x0, 0x0, 0x0, 0xff, 0xf8, 0x0, 0x0, 0x0,
    0xf, 0xff, 0x80, 0x0, 0x0, 0x0, 0xff, 0xf8,
    0x1, 0xff, 0x0, 0xf, 0xff, 0x80, 0x7f, 0xfe,
    0x0, 0xff, 0xf8, 0x1f, 0xff, 0xf8, 0xf, 0xff,
    0x83, 0xff, 0xff, 0xc0, 0xff, 0xf8, 0x7f, 0xff,
    0xfe, 0xf, 0xff, 0x8f, 0xff, 0xff, 0xf0, 0xff,
    0xf9, 0xff, 0xff, 0xff, 0x8f, 0xff, 0x9f, 0xff,
    0xff, 0xf8, 0xff, 0xfb, 0xff, 0xff, 0xff, 0xcf,
    0xff, 0xbf, 0xff, 0xff, 0xfc, 0xff, 0xff, 0xe0,
    0x3f, 0xff, 0xef, 0xff, 0xf8, 0x0, 0xff, 0xfe,
    0xff, 0xfe, 0x0, 0x7, 0xff, 0xef, 0xff, 0xc0,
    0x0, 0x7f, 0xff, 0xff, 0xfc, 0x0, 0x3, 0xff,
    0xff, 0xff, 0x80, 0x0, 0x3f, 0xff, 0xff, 0xf8,
    0x0, 0x1, 0xff, 0xff, 0xff, 0x80, 0x0, 0x1f,
    0xff, 0xff, 0xf8, 0x0, 0x1, 0xff, 0xff, 0xff,
    0x80, 0x0, 0x1f, 0xff, 0xff, 0xf8, 0x0, 0x1,
    0xff, 0xff, 0xff, 0x80, 0x0, 0x1f, 0xff, 0xff,
    0xf8, 0x0, 0x1, 0xff, 0xff, 0xff, 0x80, 0x0,
    0x1f, 0xff, 0xff, 0xf8, 0x0, 0x1, 0xff, 0xff,
    0xff, 0x80, 0x0, 0x1f, 0xff, 0xff, 0xf8, 0x0,
    0x1, 0xff, 0xff, 0xff, 0x80, 0x0, 0x1f, 0xff,
    0xff, 0xf8, 0x0, 0x1, 0xff, 0xff, 0xff, 0x80,
    0x0, 0x1f, 0xff, 0xff, 0xf8, 0x0, 0x1, 0xff,
    0xff, 0xff, 0x80, 0x0, 0x1f, 0xff, 0xff, 0xf8,
    0x0, 0x1, 0xff, 0xff, 0xff, 0x80, 0x0, 0x1f,
    0xff, 0xff, 0xf8, 0x0, 0x1, 0xff, 0xff, 0xff,
    0x80, 0x0, 0x1f, 0xff, 0xff, 0xf8, 0x0, 0x1,
    0xff, 0xff, 0xff, 0x80, 0x0, 0x1f, 0xff, 0xff,
    0xf8, 0x0, 0x1, 0xff, 0xff, 0xff, 0x80, 0x0,
    0x1f, 0xff, 0xff, 0xf8, 0x0, 0x1, 0xff, 0xff,
    0xff, 0x80, 0x0, 0x1f, 0xff, 0xff, 0xf8, 0x0,
    0x1, 0xff, 0xff, 0xff, 0x80, 0x0, 0x1f, 0xff,
    0xff, 0xf8, 0x0, 0x1, 0xff, 0xff, 0xff, 0x80,
    0x0, 0x1f, 0xff, 0xff, 0xf8, 0x0, 0x1, 0xff,
    0xff, 0xff, 0x80, 0x0, 0x1f, 0xff, 0xff, 0xf8,
    0x0, 0x1, 0xff, 0xff, 0xff, 0x80, 0x0, 0x1f,
    0xff, 0xff, 0xf8, 0x0, 0x1, 0xff, 0xf0,

    /* U+0069 "i" */
    0x0, 0x0, 0x3f, 0xc0, 0x0, 0x0, 0x0, 0xf,
    0xff, 0x0, 0x0, 0x0, 0x1, 0xff, 0xf8, 0x0,
    0x0, 0x0, 0x1f, 0xff, 0x80, 0x0, 0x0, 0x3,
    0xff, 0xfc, 0x0, 0x0, 0x0, 0x3f, 0xff, 0xc0,
    0x0, 0x0, 0x3, 0xff, 0xfc, 0x0, 0x0, 0x0,
    0x3f, 0xff, 0xc0, 0x0, 0x0, 0x3, 0xff, 0xfc,
    0x0, 0x0, 0x0, 0x3f, 0xff, 0xc0, 0x0, 0x0,
    0x3, 0xff, 0xfc, 0x0, 0x0, 0x0, 0x1f, 0xff,
    0x80, 0x0, 0x0, 0x1, 0xff, 0xf8, 0x0, 0x0,
    0x0, 0xf, 0xff, 0x0, 0x0, 0x0, 0x0, 0x3f,
    0xc0, 0x0, 0x0, 0x0, 0x0, 0x0, 0x0, 0x0,
    0x0, 0x0, 0x0, 0x0, 0x0, 0x0, 0x0, 0x0,
    0x0, 0x0, 0x0, 0x0, 0x0, 0x0, 0x0, 0x0,
    0x0, 0x0, 0x0, 0x0, 0x0, 0x0, 0x0, 0x0,
    0x0, 0x0, 0x0, 0x0, 0x0, 0x0, 0x0, 0x0,
    0x0, 0xff, 0xff, 0xff, 0xf8, 0x0, 0xf, 0xff,
    0xff, 0xff, 0x80, 0x0, 0xff, 0xff, 0xff, 0xf8,
    0x0, 0xf, 0xff, 0xff, 0xff, 0x80, 0x0, 0xff,
    0xff, 0xff, 0xf8, 0x0, 0xf, 0xff, 0xff, 0xff,
    0x80, 0x0, 0xff, 0xff, 0xff, 0xf8, 0x0, 0xf,
    0xff, 0xff, 0xff, 0x80, 0x0, 0xff, 0xff, 0xff,
    0xf8, 0x0, 0xf, 0xff, 0xff, 0xff, 0x80, 0x0,
    0x0, 0x0, 0xff, 0xf8, 0x0, 0x0, 0x0, 0xf,
    0xff, 0x80, 0x0, 0x0, 0x0, 0xff, 0xf8, 0x0,
    0x0, 0x0, 0xf, 0xff, 0x80, 0x0, 0x0, 0x0,
    0xff, 0xf8, 0x0, 0x0, 0x0, 0xf, 0xff, 0x80,
    0x0, 0x0, 0x0, 0xff, 0xf8, 0x0, 0x0, 0x0,
    0xf, 0xff, 0x80, 0x0, 0x0, 0x0, 0xff, 0xf8,
    0x0, 0x0, 0x0, 0xf, 0xff, 0x80, 0x0, 0x0,
    0x0, 0xff, 0xf8, 0x0, 0x0, 0x0, 0xf, 0xff,
    0x80, 0x0, 0x0, 0x0, 0xff, 0xf8, 0x0, 0x0,
    0x0, 0xf, 0xff, 0x80, 0x0, 0x0, 0x0, 0xff,
    0xf8, 0x0, 0x0, 0x0, 0xf, 0xff, 0x80, 0x0,
    0x0, 0x0, 0xff, 0xf8, 0x0, 0x0, 0x0, 0xf,
    0xff, 0x80, 0x0, 0x0, 0x0, 0xff, 0xf8, 0x0,
    0x0, 0x0, 0xf, 0xff, 0x80, 0x0, 0x0, 0x0,
    0xff, 0xf8, 0x0, 0x0, 0x0, 0xf, 0xff, 0x80,
    0x0, 0x0, 0x0, 0xff, 0xf8, 0x0, 0x0, 0x0,
    0xf, 0xff, 0x80, 0x0, 0x0, 0x0, 0xff, 0xf8,
    0x0, 0x0, 0x0, 0xf, 0xff, 0x80, 0x0, 0x0,
    0x0, 0xff, 0xf8, 0x0, 0x0, 0x0, 0xf, 0xff,
    0x80, 0x0, 0x0, 0x0, 0xff, 0xf8, 0x0, 0x0,
    0x0, 0xf, 0xff, 0x80, 0x0, 0xff, 0xff, 0xff,
    0xff, 0xff, 0xff, 0xff, 0xff, 0xff, 0xff, 0xff,
    0xff, 0xff, 0xff, 0xff, 0xff, 0xff, 0xff, 0xff,
    0xff, 0xff, 0xff, 0xff, 0xff, 0xff, 0xff, 0xff,
    0xff, 0xff, 0xff, 0xff, 0xff, 0xff, 0xff, 0xff,
    0xff, 0xff, 0xff, 0xff, 0xff, 0xff, 0xff, 0xff,
    0xff, 0xff, 0xff, 0xff, 0xff, 0xff, 0xff, 0xff,
    0xff, 0xff, 0xff, 0xff,

    /* U+006A "j" */
    0x0, 0x0, 0x1, 0xfe, 0x0, 0x0, 0x0, 0xff,
    0xf0, 0x0, 0x0, 0x3f, 0xff, 0x0, 0x0, 0x7,
    0xff, 0xe0, 0x0, 0x1, 0xff, 0xfe, 0x0, 0x0,
    0x3f, 0xff, 0xc0, 0x0, 0x7, 0xff, 0xf8, 0x0,
    0x0, 0xff, 0xff, 0x0, 0x0, 0x1f, 0xff, 0xe0,
    0x0, 0x3, 0xff, 0xfc, 0x0, 0x0, 0x7f, 0xff,
    0x80, 0x0, 0x7, 0xff, 0xe0, 0x0, 0x0, 0xff,
    0xfc, 0x0, 0x0, 0xf, 0xff, 0x0, 0x0, 0x0,
    0x7f, 0x80, 0x0, 0x0, 0x0, 0x0, 0x0, 0x0,
    0x0, 0x0, 0x0, 0x0, 0x0, 0x0, 0x0, 0x0,
    0x0, 0x0, 0x0, 0x0, 0x0, 0x0, 0x0, 0x0,
    0x0, 0x0, 0x0, 0x0, 0x0, 0x0, 0x0, 0x0,
    0x0, 0x0, 0x0, 0x0, 0x7, 0xff, 0xff, 0xff,
    0xfc, 0xff, 0xff, 0xff, 0xff, 0x9f, 0xff, 0xff,
    0xff, 0xf3, 0xff, 0xff, 0xff, 0xfe, 0x7f, 0xff,
    0xff, 0xff, 0xcf, 0xff, 0xff, 0xff, 0xf9, 0xff,
    0xff, 0xff, 0xff, 0x3f, 0xff, 0xff, 0xff, 0xe7,
    0xff, 0xff, 0xff, 0xfc, 0xff, 0xff, 0xff, 0xff,
    0x80, 0x0, 0x1, 0xff, 0xf0, 0x0, 0x0, 0x3f,
    0xfe, 0x0, 0x0, 0x7, 0xff, 0xc0, 0x0, 0x0,
    0xff, 0xf8, 0x0, 0x0, 0x1f, 0xff, 0x0, 0x0,
    0x3, 0xff, 0xe0, 0x0, 0x0, 0x7f, 0xfc, 0x0,
    0x0, 0xf, 0xff, 0x80, 0x0, 0x1, 0xff, 0xf0,
    0x0, 0x0, 0x3f, 0xfe, 0x0, 0x0, 0x7, 0xff,
    0xc0, 0x0, 0x0, 0xff, 0xf8, 0x0, 0x0, 0x1f,
    0xff, 0x0, 0x0, 0x3, 0xff, 0xe0, 0x0, 0x0,
    0x7f, 0xfc, 0x0, 0x0, 0xf, 0xff, 0x80, 0x0,
    0x1, 0xff, 0xf0, 0x0, 0x0, 0x3f, 0xfe, 0x0,
    0x0, 0x7, 0xff, 0xc0, 0x0, 0x0, 0xff, 0xf8,
    0x0, 0x0, 0x1f, 0xff, 0x0, 0x0, 0x3, 0xff,
    0xe0, 0x0, 0x0, 0x7f, 0xfc, 0x0, 0x0, 0xf,
    0xff, 0x80, 0x0, 0x1, 0xff, 0xf0, 0x0, 0x0,
    0x3f, 0xfe, 0x0, 0x0, 0x7, 0xff, 0xc0, 0x0,
    0x0, 0xff, 0xf8, 0x0, 0x0, 0x1f, 0xff, 0x0,
    0x0, 0x3, 0xff, 0xe0, 0x0, 0x0, 0x7f, 0xfc,
    0x0, 0x0, 0xf, 0xff, 0x80, 0x0, 0x1, 0xff,
    0xf0, 0x0, 0x0, 0x3f, 0xfe, 0x0, 0x0, 0x7,
    0xff, 0xc0, 0x0, 0x0, 0xff, 0xf8, 0x0, 0x0,
    0x1f, 0xff, 0x0, 0x0, 0x3, 0xff, 0xe0, 0x0,
    0x0, 0x7f, 0xfc, 0x0, 0x0, 0xf, 0xff, 0x80,
    0x0, 0x1, 0xff, 0xf0, 0x0, 0x0, 0x3f, 0xfe,
    0x0, 0x0, 0x7, 0xff, 0xc0, 0x0, 0x0, 0xff,
    0xf8, 0x0, 0x0, 0x1f, 0xff, 0x0, 0x0, 0x3,
    0xff, 0xe0, 0x0, 0x0, 0x7f, 0xfc, 0x0, 0x0,
    0xf, 0xff, 0x80, 0x0, 0x1, 0xff, 0xf3, 0xff,
    0xff, 0xff, 0xfe, 0x7f, 0xff, 0xff, 0xff, 0x8f,
    0xff, 0xff, 0xff, 0xf1, 0xff, 0xff, 0xff, 0xfc,
    0x3f, 0xff, 0xff, 0xff, 0x87, 0xff, 0xff, 0xff,
    0xe0, 0xff, 0xff, 0xff, 0xf8, 0x1f, 0xff, 0xff,
    0xfe, 0x3, 0xff, 0xff, 0xff, 0x80, 0x7f, 0xff,
    0xff, 0x80, 0x0,

    /* U+006B "k" */
    0xff, 0xf8, 0x0, 0x0, 0x0, 0x0, 0x7f, 0xfc,
    0x0, 0x0, 0x0, 0x0, 0x3f, 0xfe, 0x0, 0x0,
    0x0, 0x0, 0x1f, 0xff, 0x0, 0x0, 0x0, 0x0,
    0xf, 0xff, 0x80, 0x0, 0x0, 0x0, 0x7, 0xff,
    0xc0, 0x0, 0x0, 0x0, 0x3, 0xff, 0xe0, 0x0,
    0x0, 0x0, 0x1, 0xff, 0xf0, 0x0, 0x0, 0x0,
    0x0, 0xff, 0xf8, 0x0, 0x0, 0x0, 0x0, 0x7f,
    0xfc, 0x0, 0x0, 0x0, 0x0, 0x3f, 0xfe, 0x0,
    0x0, 0x0, 0x0, 0x1f, 0xff, 0x0, 0x0, 0x0,
    0x0, 0xf, 0xff, 0x80, 0x0, 0x0, 0x0, 0x7,
    0xff, 0xc0, 0x0, 0x0, 0x0, 0x3, 0xff, 0xe0,
    0x0, 0x0, 0x0, 0x1, 0xff, 0xf0, 0x0, 0x0,
    0x0, 0x0, 0xff, 0xf8, 0x0, 0x0, 0x0, 0x0,
    0x7f, 0xfc, 0x0, 0x0, 0x0, 0x0, 0x3f, 0xfe,
    0x0, 0x0, 0x0, 0x0, 0x1f, 0xff, 0x0, 0x0,
    0x0, 0x0, 0xf, 0xff, 0x80, 0x0, 0x0, 0x0,
    0x7, 0xff, 0xc0, 0x0, 0x7, 0xff, 0xf3, 0xff,
    0xe0, 0x0, 0x7, 0xff, 0xf1, 0xff, 0xf0, 0x0,
    0x7, 0xff, 0xf0, 0xff, 0xf8, 0x0, 0x7, 0xff,
    0xf0, 0x7f, 0xfc, 0x0, 0x3, 0xff, 0xf0, 0x3f,
    0xfe, 0x0, 0x3, 0xff, 0xf0, 0x1f, 0xff, 0x0,
    0x3, 0xff, 0xf0, 0xf, 0xff, 0x80, 0x3, 0xff,
    0xf0, 0x7, 0xff, 0xc0, 0x3, 0xff, 0xf0, 0x3,
    0xff, 0xe0, 0x3, 0xff, 0xf0, 0x1, 0xff, 0xf0,
    0x3, 0xff, 0xf0, 0x0, 0xff, 0xf8, 0x3, 0xff,
    0xf0, 0x0, 0x7f, 0xfc, 0x3, 0xff, 0xf0, 0x0,
    0x3f, 0xfe, 0x3, 0xff, 0xf0, 0x0, 0x1f, 0xff,
    0x3, 0xff, 0xf0, 0x0, 0xf, 0xff, 0x83, 0xff,
    0xf0, 0x0, 0x7, 0xff, 0xc3, 0xff, 0xf0, 0x0,
    0x3, 0xff, 0xe3, 0xff, 0xf0, 0x0, 0x1, 0xff,
    0xf3, 0xff, 0xf0, 0x0, 0x0, 0xff, 0xfb, 0xff,
    0xf0, 0x0, 0x0, 0x7f, 0xff, 0xff, 0xf8, 0x0,
    0x0, 0x3f, 0xff, 0xff, 0xfe, 0x0, 0x0, 0x1f,
    0xff, 0xff, 0xff, 0x80, 0x0, 0xf, 0xff, 0xff,
    0xff, 0xc0, 0x0, 0x7, 0xff, 0xff, 0xff, 0xf0,
    0x0, 0x3, 0xff, 0xff, 0xff, 0xfc, 0x0, 0x1,
    0xff, 0xff, 0xff, 0xfe, 0x0, 0x0, 0xff, 0xff,
    0xdf, 0xff, 0x80, 0x0, 0x7f, 0xff, 0xc7, 0xff,
    0xe0, 0x0, 0x3f, 0xff, 0xc1, 0xff, 0xf8, 0x0,
    0x1f, 0xff, 0xc0, 0xff, 0xfc, 0x0, 0xf, 0xff,
    0xc0, 0x3f, 0xff, 0x0, 0x7, 0xff, 0xc0, 0xf,
    0xff, 0xc0, 0x3, 0xff, 0xe0, 0x7, 0xff, 0xf0,
    0x1, 0xff, 0xf0, 0x1, 0xff, 0xf8, 0x0, 0xff,
    0xf8, 0x0, 0x7f, 0xfe, 0x0, 0x7f, 0xfc, 0x0,
    0x3f, 0xff, 0x80, 0x3f, 0xfe, 0x0, 0xf, 0xff,
    0xc0, 0x1f, 0xff, 0x0, 0x3, 0xff, 0xf0, 0xf,
    0xff, 0x80, 0x0, 0xff, 0xfc, 0x7, 0xff, 0xc0,
    0x0, 0x7f, 0xff, 0x3, 0xff, 0xe0, 0x0, 0x1f,
    0xff, 0x81, 0xff, 0xf0, 0x0, 0x7, 0xff, 0xe0,
    0xff, 0xf8, 0x0, 0x3, 0xff, 0xf8, 0x7f, 0xfc,
    0x0, 0x0, 0xff, 0xfc, 0x3f, 0xfe, 0x0, 0x0,
    0x3f, 0xff, 0x1f, 0xff, 0x0, 0x0, 0x1f, 0xff,
    0xcf, 0xff, 0x80, 0x0, 0x7, 0xff, 0xf7, 0xff,
    0xc0, 0x0, 0x1, 0xff, 0xfb, 0xff, 0xe0, 0x0,
    0x0, 0xff, 0xfe,

    /* U+006C "l" */
    0xff, 0xff, 0xff, 0xf0, 0x0, 0xf, 0xff, 0xff,
    0xff, 0x0, 0x0, 0xff, 0xff, 0xff, 0xf0, 0x0,
    0xf, 0xff, 0xff, 0xff, 0x0, 0x0, 0xff, 0xff,
    0xff, 0xf0, 0x0, 0xf, 0xff, 0xff, 0xff, 0x0,
    0x0, 0xff, 0xff, 0xff, 0xf0, 0x0, 0xf, 0xff,
    0xff, 0xff, 0x0, 0x0, 0xff, 0xff, 0xff, 0xf0,
    0x0, 0xf, 0xff, 0xff, 0xff, 0x0, 0x0, 0x0,
    0x1, 0xff, 0xf0, 0x0, 0x0, 0x0, 0x1f, 0xff,
    0x0, 0x0, 0x0, 0x1, 0xff, 0xf0, 0x0, 0x0,
    0x0, 0x1f, 0xff, 0x0, 0x0, 0x0, 0x1, 0xff,
    0xf0, 0x0, 0x0, 0x0, 0x1f, 0xff, 0x0, 0x0,
    0x0, 0x1, 0xff, 0xf0, 0x0, 0x0, 0x0, 0x1f,
    0xff, 0x0, 0x0, 0x0, 0x1, 0xff, 0xf0, 0x0,
    0x0, 0x0, 0x1f, 0xff, 0x0, 0x0, 0x0, 0x1,
    0xff, 0xf0, 0x0, 0x0, 0x0, 0x1f, 0xff, 0x0,
    0x0, 0x0, 0x1, 0xff, 0xf0, 0x0, 0x0, 0x0,
    0x1f, 0xff, 0x0, 0x0, 0x0, 0x1, 0xff, 0xf0,
    0x0, 0x0, 0x0, 0x1f, 0xff, 0x0, 0x0, 0x0,
    0x1, 0xff, 0xf0, 0x0, 0x0, 0x0, 0x1f, 0xff,
    0x0, 0x0, 0x0, 0x1, 0xff, 0xf0, 0x0, 0x0,
    0x0, 0x1f, 0xff, 0x0, 0x0, 0x0, 0x1, 0xff,
    0xf0, 0x0, 0x0, 0x0, 0x1f, 0xff, 0x0, 0x0,
    0x0, 0x1, 0xff, 0xf0, 0x0, 0x0, 0x0, 0x1f,
    0xff, 0x0, 0x0, 0x0, 0x1, 0xff, 0xf0, 0x0,
    0x0, 0x0, 0x1f, 0xff, 0x0, 0x0, 0x0, 0x1,
    0xff, 0xf0, 0x0, 0x0, 0x0, 0x1f, 0xff, 0x0,
    0x0, 0x0, 0x1, 0xff, 0xf0, 0x0, 0x0, 0x0,
    0x1f, 0xff, 0x0, 0x0, 0x0, 0x1, 0xff, 0xf0,
    0x0, 0x0, 0x0, 0x1f, 0xff, 0x0, 0x0, 0x0,
    0x1, 0xff, 0xf0, 0x0, 0x0, 0x0, 0x1f, 0xff,
    0x0, 0x0, 0x0, 0x1, 0xff, 0xf0, 0x0, 0x0,
    0x0, 0x1f, 0xff, 0x0, 0x0, 0x0, 0x1, 0xff,
    0xf0, 0x0, 0x0, 0x0, 0x1f, 0xff, 0x0, 0x0,
    0x0, 0x1, 0xff, 0xf0, 0x0, 0x0, 0x0, 0x1f,
    0xff, 0x0, 0x0, 0x0, 0x1, 0xff, 0xf0, 0x0,
    0x0, 0x0, 0x1f, 0xff, 0x0, 0x0, 0x0, 0x1,
    0xff, 0xf0, 0x0, 0x0, 0x0, 0x1f, 0xff, 0x0,
    0x0, 0x0, 0x1, 0xff, 0xf0, 0x0, 0x0, 0x0,
    0x1f, 0xff, 0x0, 0x0, 0x0, 0x1, 0xff, 0xf0,
    0x0, 0x0, 0x0, 0x1f, 0xff, 0x0, 0x0, 0x0,
    0x1, 0xff, 0xf0, 0x0, 0x0, 0x0, 0x1f, 0xff,
    0x0, 0x0, 0x0, 0x1, 0xff, 0xf0, 0x0, 0x0,
    0x0, 0x1f, 0xff, 0x0, 0x0, 0xff, 0xff, 0xff,
    0xff, 0xff, 0xff, 0xff, 0xff, 0xff, 0xff, 0xff,
    0xff, 0xff, 0xff, 0xff, 0xff, 0xff, 0xff, 0xff,
    0xff, 0xff, 0xff, 0xff, 0xff, 0xff, 0xff, 0xff,
    0xff, 0xff, 0xff, 0xff, 0xff, 0xff, 0xff, 0xff,
    0xff, 0xff, 0xff, 0xff, 0xff, 0xff, 0xff, 0xff,
    0xff, 0xff, 0xff, 0xff, 0xff, 0xff, 0xff, 0xff,
    0xff, 0xff, 0xff, 0xff,

    /* U+006D "m" */
    0x0, 0x0, 0x7e, 0x0, 0xf, 0xe0, 0x3f, 0xf0,
    0x7f, 0xe0, 0xf, 0xfe, 0xf, 0xfc, 0x3f, 0xfc,
    0x7, 0xff, 0xc3, 0xff, 0x1f, 0xff, 0x83, 0xff,
    0xf8, 0xff, 0xcf, 0xff, 0xf1, 0xff, 0xff, 0x3f,
    0xf3, 0xff, 0xfc, 0xff, 0xff, 0xcf, 0xfd, 0xff,
    0xff, 0x3f, 0xff, 0xfb, 0xff, 0x7f, 0xff, 0xff,
    0xff, 0xfe, 0xff, 0xff, 0xff, 0xff, 0xff, 0xff,
    0xbf, 0xfe, 0x1f, 0xff, 0xe1, 0xff, 0xff, 0xfe,
    0x1, 0xff, 0xe0, 0x1f, 0xff, 0xff, 0x80, 0x7f,
    0xf8, 0x7, 0xff, 0xff, 0xc0, 0xf, 0xfc, 0x0,
    0xff, 0xff, 0xf0, 0x3, 0xff, 0x0, 0x3f, 0xff,
    0xfc, 0x0, 0xff, 0xc0, 0xf, 0xff, 0xff, 0x0,
    0x3f, 0xf0, 0x3, 0xff, 0xff, 0xc0, 0xf, 0xfc,
    0x0, 0xff, 0xff, 0xf0, 0x3, 0xff, 0x0, 0x3f,
    0xff, 0xfc, 0x0, 0xff, 0xc0, 0xf, 0xff, 0xff,
    0x0, 0x3f, 0xf0, 0x3, 0xff, 0xff, 0xc0, 0xf,
    0xfc, 0x0, 0xff, 0xff, 0xf0, 0x3, 0xff, 0x0,
    0x3f, 0xff, 0xfc, 0x0, 0xff, 0xc0, 0xf, 0xff,
    0xff, 0x0, 0x3f, 0xf0, 0x3, 0xff, 0xff, 0xc0,
    0xf, 0xfc, 0x0, 0xff, 0xff, 0xf0, 0x3, 0xff,
    0x0, 0x3f, 0xff, 0xfc, 0x0, 0xff, 0xc0, 0xf,
    0xff, 0xff, 0x0, 0x3f, 0xf0, 0x3, 0xff, 0xff,
    0xc0, 0xf, 0xfc, 0x0, 0xff, 0xff, 0xf0, 0x3,
    0xff, 0x0, 0x3f, 0xff, 0xfc, 0x0, 0xff, 0xc0,
    0xf, 0xff, 0xff, 0x0, 0x3f, 0xf0, 0x3, 0xff,
    0xff, 0xc0, 0xf, 0xfc, 0x0, 0xff, 0xff, 0xf0,
    0x3, 0xff, 0x0, 0x3f, 0xff, 0xfc, 0x0, 0xff,
    0xc0, 0xf, 0xff, 0xff, 0x0, 0x3f, 0xf0, 0x3,
    0xff, 0xff, 0xc0, 0xf, 0xfc, 0x0, 0xff, 0xff,
    0xf0, 0x3, 0xff, 0x0, 0x3f, 0xff, 0xfc, 0x0,
    0xff, 0xc0, 0xf, 0xff, 0xff, 0x0, 0x3f, 0xf0,
    0x3, 0xff, 0xff, 0xc0, 0xf, 0xfc, 0x0, 0xff,
    0xff, 0xf0, 0x3, 0xff, 0x0, 0x3f, 0xff, 0xfc,
    0x0, 0xff, 0xc0, 0xf, 0xff, 0xff, 0x0, 0x3f,
    0xf0, 0x3, 0xff, 0xff, 0xc0, 0xf, 0xfc, 0x0,
    0xff, 0xff, 0xf0, 0x3, 0xff, 0x0, 0x3f, 0xff,
    0xfc, 0x0, 0xff, 0xc0, 0xf, 0xff, 0xff, 0x0,
    0x3f, 0xf0, 0x3, 0xff, 0xff, 0xc0, 0xf, 0xfc,
    0x0, 0xff, 0xff, 0xf0, 0x3, 0xff, 0x0, 0x3f,
    0xff, 0xfc, 0x0, 0xff, 0xc0, 0xf, 0xfc,

    /* U+006E "n" */
    0x0, 0x0, 0x1, 0xff, 0x0, 0xf, 0xff, 0x80,
    0x7f, 0xfe, 0x0, 0xff, 0xf8, 0x1f, 0xff, 0xf8,
    0xf, 0xff, 0x83, 0xff, 0xff, 0xc0, 0xff, 0xf8,
    0x7f, 0xff, 0xfe, 0xf, 0xff, 0x8f, 0xff, 0xff,
    0xf0, 0xff, 0xf9, 0xff, 0xff, 0xff, 0x8f, 0xff,
    0x9f, 0xff, 0xff, 0xf8, 0xff, 0xfb, 0xff, 0xff,
    0xff, 0xcf, 0xff, 0xbf, 0xff, 0xff, 0xfc, 0xff,
    0xff, 0xe0, 0x3f, 0xff, 0xef, 0xff, 0xf8, 0x0,
    0xff, 0xfe, 0xff, 0xfe, 0x0, 0x7, 0xff, 0xef,
    0xff, 0xc0, 0x0, 0x7f, 0xff, 0xff, 0xfc, 0x0,
    0x3, 0xff, 0xff, 0xff, 0x80, 0x0, 0x3f, 0xff,
    0xff, 0xf8, 0x0, 0x1, 0xff, 0xff, 0xff, 0x80,
    0x0, 0x1f, 0xff, 0xff, 0xf8, 0x0, 0x1, 0xff,
    0xff, 0xff, 0x80, 0x0, 0x1f, 0xff, 0xff, 0xf8,
    0x0, 0x1, 0xff, 0xff, 0xff, 0x80, 0x0, 0x1f,
    0xff, 0xff, 0xf8, 0x0, 0x1, 0xff, 0xff, 0xff,
    0x80, 0x0, 0x1f, 0xff, 0xff, 0xf8, 0x0, 0x1,
    0xff, 0xff, 0xff, 0x80, 0x0, 0x1f, 0xff, 0xff,
    0xf8, 0x0, 0x1, 0xff, 0xff, 0xff, 0x80, 0x0,
    0x1f, 0xff, 0xff, 0xf8, 0x0, 0x1, 0xff, 0xff,
    0xff, 0x80, 0x0, 0x1f, 0xff, 0xff, 0xf8, 0x0,
    0x1, 0xff, 0xff, 0xff, 0x80, 0x0, 0x1f, 0xff,
    0xff, 0xf8, 0x0, 0x1, 0xff, 0xff, 0xff, 0x80,
    0x0, 0x1f, 0xff, 0xff, 0xf8, 0x0, 0x1, 0xff,
    0xff, 0xff, 0x80, 0x0, 0x1f, 0xff, 0xff, 0xf8,
    0x0, 0x1, 0xff, 0xff, 0xff, 0x80, 0x0, 0x1f,
    0xff, 0xff, 0xf8, 0x0, 0x1, 0xff, 0xff, 0xff,
    0x80, 0x0, 0x1f, 0xff, 0xff, 0xf8, 0x0, 0x1,
    0xff, 0xff, 0xff, 0x80, 0x0, 0x1f, 0xff, 0xff,
    0xf8, 0x0, 0x1, 0xff, 0xff, 0xff, 0x80, 0x0,
    0x1f, 0xff, 0xff, 0xf8, 0x0, 0x1, 0xff, 0xff,
    0xff, 0x80, 0x0, 0x1f, 0xff, 0xff, 0xf8, 0x0,
    0x1, 0xff, 0xff, 0xff, 0x80, 0x0, 0x1f, 0xff,
    0xff, 0xf8, 0x0, 0x1, 0xff, 0xff, 0xff, 0x80,
    0x0, 0x1f, 0xff, 0xff, 0xf8, 0x0, 0x1, 0xff,
    0xf0,

    /* U+006F "o" */
    0x0, 0x0, 0x1f, 0xf8, 0x0, 0x0, 0x0, 0x1,
    0xff, 0xff, 0x80, 0x0, 0x0, 0x7, 0xff, 0xff,
    0xf0, 0x0, 0x0, 0x1f, 0xff, 0xff, 0xf8, 0x0,
    0x0, 0x7f, 0xff, 0xff, 0xfe, 0x0, 0x0, 0xff,
    0xff, 0xff, 0xff, 0x0, 0x1, 0xff, 0xff, 0xff,
    0xff, 0x80, 0x3, 0xff, 0xff, 0xff, 0xff, 0xc0,
    0x7, 0xff, 0xff, 0xff, 0xff, 0xe0, 0xf, 0xff,
    0xf0, 0xf, 0xff, 0xf0, 0xf, 0xff, 0xc0, 0x3,
    0xff, 0xf0, 0x1f, 0xff, 0x80, 0x1, 0xff, 0xf8,
    0x1f, 0xff, 0x0, 0x0, 0xff, 0xf8, 0x3f, 0xfe,
    0x0, 0x0, 0x7f, 0xfc, 0x3f, 0xfc, 0x0, 0x0,
    0x7f, 0xfc, 0x3f, 0xfc, 0x0, 0x0, 0x3f, 0xfc,
    0x7f, 0xfc, 0x0, 0x0, 0x3f, 0xfe, 0x7f, 0xf8,
    0x0, 0x0, 0x1f, 0xfe, 0x7f, 0xf8, 0x0, 0x0,
    0x1f, 0xfe, 0x7f, 0xf8, 0x0, 0x0, 0x1f, 0xfe,
    0xff, 0xf8, 0x0, 0x0, 0x1f, 0xff, 0xff, 0xf8,
    0x0, 0x0, 0x1f, 0xff, 0xff, 0xf8, 0x0, 0x0,
    0x1f, 0xff, 0xff, 0xf8, 0x0, 0x0, 0x1f, 0xff,
    0xff, 0xf8, 0x0, 0x0, 0x1f, 0xff, 0xff, 0xf8,
    0x0, 0x0, 0x1f, 0xff, 0xff, 0xf8, 0x0, 0x0,
    0x1f, 0xff, 0xff, 0xf8, 0x0, 0x0, 0x1f, 0xff,
    0xff, 0xf8, 0x0, 0x0, 0x1f, 0xff, 0xff, 0xf8,
    0x0, 0x0, 0x1f, 0xff, 0xff, 0xf8, 0x0, 0x0,
    0x1f, 0xff, 0xff, 0xf8, 0x0, 0x0, 0x1f, 0xff,
    0x7f, 0xf8, 0x0, 0x0, 0x1f, 0xfe, 0x7f, 0xf8,
    0x0, 0x0, 0x1f, 0xfe, 0x7f, 0xf8, 0x0, 0x0,
    0x1f, 0xfe, 0x7f, 0xfc, 0x0, 0x0, 0x3f, 0xfe,
    0x3f, 0xfc, 0x0, 0x0, 0x3f, 0xfc, 0x3f, 0xfc,
    0x0, 0x0, 0x7f, 0xfc, 0x3f, 0xfe, 0x0, 0x0,
    0x7f, 0xfc, 0x1f, 0xff, 0x0, 0x0, 0xff, 0xf8,
    0x1f, 0xff, 0x80, 0x1, 0xff, 0xf8, 0xf, 0xff,
    0xc0, 0x3, 0xff, 0xf0, 0xf, 0xff, 0xf0, 0xf,
    0xff, 0xf0, 0x7, 0xff, 0xff, 0xff, 0xff, 0xe0,
    0x3, 0xff, 0xff, 0xff, 0xff, 0xc0, 0x1, 0xff,
    0xff, 0xff, 0xff, 0x80, 0x0, 0xff, 0xff, 0xff,
    0xff, 0x0, 0x0, 0x7f, 0xff, 0xff, 0xfe, 0x0,
    0x0, 0x1f, 0xff, 0xff, 0xf8, 0x0, 0x0, 0xf,
    0xff, 0xff, 0xe0, 0x0, 0x0, 0x1, 0xff, 0xff,
    0x80, 0x0, 0x0, 0x0, 0x3f, 0xfc, 0x0, 0x0,

    /* U+0070 "p" */
    0x0, 0x0, 0x0, 0xff, 0x80, 0x1, 0xff, 0xf0,
    0xf, 0xff, 0xe0, 0x3, 0xff, 0xe0, 0x7f, 0xff,
    0xf0, 0x7, 0xff, 0xc1, 0xff, 0xff, 0xf0, 0xf,
    0xff, 0x87, 0xff, 0xff, 0xf0, 0x1f, 0xff, 0x1f,
    0xff, 0xff, 0xf0, 0x3f, 0xfe, 0x7f, 0xff, 0xff,
    0xf0, 0x7f, 0xfc, 0xff, 0xff, 0xff, 0xf0, 0xff,
    0xfb, 0xff, 0xff, 0xff, 0xe1, 0xff, 0xf7, 0xff,
    0xff, 0xff, 0xe3, 0xff, 0xff, 0x80, 0x7f, 0xff,
    0xc7, 0xff, 0xfc, 0x0, 0x3f, 0xff, 0xcf, 0xff,
    0xe0, 0x0, 0x3f, 0xff, 0x9f, 0xff, 0x80, 0x0,
    0x3f, 0xff, 0x3f, 0xff, 0x0, 0x0, 0x3f, 0xff,
    0x7f, 0xfc, 0x0, 0x0, 0x3f, 0xfe, 0xff, 0xf8,
    0x0, 0x0, 0x7f, 0xfd, 0xff, 0xf0, 0x0, 0x0,
    0xff, 0xfb, 0xff, 0xe0, 0x0, 0x0, 0xff, 0xf7,
    0xff, 0xc0, 0x0, 0x1, 0xff, 0xff, 0xff, 0x80,
    0x0, 0x3, 0xff, 0xff, 0xff, 0x0, 0x0, 0x7,
    0xff, 0xff, 0xfe, 0x0, 0x0, 0xf, 0xff, 0xff,
    0xfc, 0x0, 0x0, 0x1f, 0xff, 0xff, 0xf8, 0x0,
    0x0, 0x3f, 0xff, 0xff, 0xf0, 0x0, 0x0, 0x7f,
    0xff, 0xff, 0xe0, 0x0, 0x0, 0xff, 0xff, 0xff,
    0xc0, 0x0, 0x1, 0xff, 0xff, 0xff, 0x80, 0x0,
    0x3, 0xff, 0xff, 0xff, 0x0, 0x0, 0x7, 0xff,
    0xff, 0xfe, 0x0, 0x0, 0xf, 0xff, 0xff, 0xfc,
    0x0, 0x0, 0x1f, 0xff, 0xff, 0xf8, 0x0, 0x0,
    0x3f, 0xff, 0xff, 0xf0, 0x0, 0x0, 0x7f, 0xfb,
    0xff, 0xe0, 0x0, 0x1, 0xff, 0xf7, 0xff, 0xc0,
    0x0, 0x3, 0xff, 0xef, 0xff, 0x80, 0x0, 0x7,
    0xff, 0xdf, 0xff, 0x80, 0x0, 0x1f, 0xff, 0xbf,
    0xff, 0x0, 0x0, 0x7f, 0xfe, 0x7f, 0xff, 0x0,
    0x1, 0xff, 0xfc, 0xff, 0xff, 0x80, 0x7, 0xff,
    0xf9, 0xff, 0xff, 0xc0, 0x3f, 0xff, 0xe3, 0xff,
    0xff, 0xff, 0xff, 0xff, 0xc7, 0xff, 0xdf, 0xff,
    0xff, 0xff, 0xf, 0xff, 0xbf, 0xff, 0xff, 0xfe,
    0x1f, 0xff, 0x3f, 0xff, 0xff, 0xf8, 0x3f, 0xfe,
    0x3f, 0xff, 0xff, 0xe0, 0x7f, 0xfc, 0x3f, 0xff,
    0xff, 0x80, 0xff, 0xf8, 0x3f, 0xff, 0xfe, 0x1,
    0xff, 0xf0, 0x3f, 0xff, 0xf0, 0x3, 0xff, 0xe0,
    0x1f, 0xff, 0xc0, 0x7, 0xff, 0xc0, 0xf, 0xf8,
    0x0, 0xf, 0xff, 0x80, 0x0, 0x0, 0x0, 0x1f,
    0xff, 0x0, 0x0, 0x0, 0x0, 0x3f, 0xfe, 0x0,
    0x0, 0x0, 0x0, 0x7f, 0xfc, 0x0, 0x0, 0x0,
    0x0, 0xff, 0xf8, 0x0, 0x0, 0x0, 0x1, 0xff,
    0xf0, 0x0, 0x0, 0x0, 0x3, 0xff, 0xe0, 0x0,
    0x0, 0x0, 0x7, 0xff, 0xc0, 0x0, 0x0, 0x0,
    0xf, 0xff, 0x80, 0x0, 0x0, 0x0, 0x1f, 0xff,
    0x0, 0x0, 0x0, 0x0, 0x3f, 0xfe, 0x0, 0x0,
    0x0, 0x0, 0x7f, 0xfc, 0x0, 0x0, 0x0, 0x0,
    0xff, 0xf8, 0x0, 0x0, 0x0, 0x1, 0xff, 0xf0,
    0x0, 0x0, 0x0, 0x3, 0xff, 0xe0, 0x0, 0x0,
    0x0, 0x7, 0xff, 0xc0, 0x0, 0x0, 0x0, 0xf,
    0xff, 0x80, 0x0, 0x0, 0x0, 0x1f, 0xff, 0x0,
    0x0, 0x0, 0x0, 0x0,

    /* U+0071 "q" */
    0x0, 0x3, 0xfe, 0x0, 0x0, 0x0, 0x0, 0x3f,
    0xff, 0x80, 0x7f, 0xfc, 0x0, 0xff, 0xff, 0xc0,
    0xff, 0xf8, 0x7, 0xff, 0xff, 0xc1, 0xff, 0xf0,
    0x1f, 0xff, 0xff, 0xc3, 0xff, 0xe0, 0x7f, 0xff,
    0xff, 0xc7, 0xff, 0xc1, 0xff, 0xff, 0xff, 0x8f,
    0xff, 0x87, 0xff, 0xff, 0xff, 0x9f, 0xff, 0xf,
    0xff, 0xff, 0xff, 0xbf, 0xfe, 0x3f, 0xff, 0xff,
    0xff, 0x7f, 0xfc, 0x7f, 0xff, 0xc0, 0x3f, 0xff,
    0xf9, 0xff, 0xfe, 0x0, 0x1f, 0xff, 0xf3, 0xff,
    0xf8, 0x0, 0xf, 0xff, 0xe7, 0xff, 0xe0, 0x0,
    0x1f, 0xff, 0xdf, 0xff, 0x80, 0x0, 0x1f, 0xff,
    0xbf, 0xfe, 0x0, 0x0, 0x1f, 0xff, 0x7f, 0xfc,
    0x0, 0x0, 0x3f, 0xfe, 0xff, 0xf8, 0x0, 0x0,
    0x7f, 0xff, 0xff, 0xe0, 0x0, 0x0, 0xff, 0xff,
    0xff, 0xc0, 0x0, 0x1, 0xff, 0xff, 0xff, 0x80,
    0x0, 0x3, 0xff, 0xff, 0xff, 0x0, 0x0, 0x7,
    0xff, 0xff, 0xfe, 0x0, 0x0, 0xf, 0xff, 0xff,
    0xfc, 0x0, 0x0, 0x1f, 0xff, 0xff, 0xf8, 0x0,
    0x0, 0x3f, 0xff, 0xff, 0xf0, 0x0, 0x0, 0x7f,
    0xff, 0xff, 0xe0, 0x0, 0x0, 0xff, 0xff, 0xff,
    0xc0, 0x0, 0x1, 0xff, 0xff, 0xff, 0x80, 0x0,
    0x3, 0xff, 0xff, 0xff, 0x0, 0x0, 0x7, 0xff,
    0xff, 0xfe, 0x0, 0x0, 0xf, 0xff, 0xff, 0xfc,
    0x0, 0x0, 0x1f, 0xff, 0xff, 0xf8, 0x0, 0x0,
    0x3f, 0xff, 0xff, 0xf0, 0x0, 0x0, 0x7f, 0xfd,
    0xff, 0xf0, 0x0, 0x0, 0xff, 0xfb, 0xff, 0xe0,
    0x0, 0x1, 0xff, 0xf7, 0xff, 0xc0, 0x0, 0x3,
    0xff, 0xef, 0xff, 0xc0, 0x0, 0xf, 0xff, 0xcf,
    0xff, 0xc0, 0x0, 0x1f, 0xff, 0x9f, 0xff, 0xc0,
    0x0, 0x7f, 0xff, 0x3f, 0xff, 0xc0, 0x3, 0xff,
    0xfe, 0x3f, 0xff, 0xe0, 0x1f, 0xff, 0xfc, 0x7f,
    0xff, 0xff, 0xfe, 0xff, 0xf8, 0x7f, 0xff, 0xff,
    0xfd, 0xff, 0xf0, 0xff, 0xff, 0xff, 0xf3, 0xff,
    0xe0, 0xff, 0xff, 0xff, 0xc7, 0xff, 0xc0, 0xff,
    0xff, 0xff, 0x8f, 0xff, 0x80, 0xff, 0xff, 0xfe,
    0x1f, 0xff, 0x0, 0xff, 0xff, 0xf8, 0x3f, 0xfe,
    0x0, 0xff, 0xff, 0xe0, 0x7f, 0xfc, 0x0, 0x7f,
    0xff, 0x0, 0xff, 0xf8, 0x0, 0x1f, 0xf0, 0x1,
    0xff, 0xf0, 0x0, 0x0, 0x0, 0x3, 0xff, 0xe0,
    0x0, 0x0, 0x0, 0x7, 0xff, 0xc0, 0x0, 0x0,
    0x0, 0xf, 0xff, 0x80, 0x0, 0x0, 0x0, 0x1f,
    0xff, 0x0, 0x0, 0x0, 0x0, 0x3f, 0xfe, 0x0,
    0x0, 0x0, 0x0, 0x7f, 0xfc, 0x0, 0x0, 0x0,
    0x0, 0xff, 0xf8, 0x0, 0x0, 0x0, 0x1, 0xff,
    0xf0, 0x0, 0x0, 0x0, 0x3, 0xff, 0xe0, 0x0,
    0x0, 0x0, 0x7, 0xff, 0xc0, 0x0, 0x0, 0x0,
    0xf, 0xff, 0x80, 0x0, 0x0, 0x0, 0x1f, 0xff,
    0x0, 0x0, 0x0, 0x0, 0x3f, 0xfe, 0x0, 0x0,
    0x0, 0x0, 0x7f, 0xfc, 0x0, 0x0, 0x0, 0x0,
    0xff, 0xf8, 0x0, 0x0, 0x0, 0x1, 0xff, 0xf0,
    0x0, 0x0, 0x0, 0x3, 0xff, 0xe0, 0x0, 0x0,
    0x0, 0x7, 0xff, 0xc0,

    /* U+0072 "r" */
    0xff, 0xff, 0xff, 0x80, 0x7, 0xff, 0xff, 0xff,
    0xff, 0x0, 0x7f, 0xff, 0xff, 0xff, 0xfe, 0x3,
    0xff, 0xff, 0xff, 0xff, 0xfc, 0xf, 0xff, 0xff,
    0xff, 0xff, 0xf8, 0x3f, 0xff, 0xff, 0xff, 0xff,
    0xf0, 0xff, 0xff, 0xff, 0xff, 0xff, 0xe1, 0xff,
    0xff, 0xff, 0xff, 0xff, 0xc7, 0xff, 0xff, 0xff,
    0xff, 0xff, 0x9f, 0xff, 0xff, 0xff, 0xff, 0xff,
    0x3f, 0xff, 0xfc, 0x0, 0x3f, 0xfe, 0x7f, 0xff,
    0xf8, 0x0, 0x7f, 0xfd, 0xfc, 0x0, 0x0, 0x0,
    0xff, 0xfb, 0xc0, 0x0, 0x0, 0x1, 0xff, 0xff,
    0x0, 0x0, 0x0, 0x3, 0xff, 0xfc, 0x0, 0x0,
    0x0, 0x7, 0xff, 0xf0, 0x0, 0x0, 0x0, 0xf,
    0xff, 0xc0, 0x0, 0x0, 0x0, 0x1f, 0xff, 0x80,
    0x0, 0x0, 0x0, 0x3f, 0xff, 0x0, 0x0, 0x0,
    0x0, 0x7f, 0xfc, 0x0, 0x0, 0x0, 0x0, 0xff,
    0xf8, 0x0, 0x0, 0x0, 0x1, 0xff, 0xf0, 0x0,
    0x0, 0x0, 0x3, 0xff, 0xe0, 0x0, 0x0, 0x0,
    0x7, 0xff, 0xc0, 0x0, 0x0, 0x0, 0xf, 0xff,
    0x80, 0x0, 0x0, 0x0, 0x1f, 0xff, 0x0, 0x0,
    0x0, 0x0, 0x3f, 0xfe, 0x0, 0x0, 0x0, 0x0,
    0x7f, 0xfc, 0x0, 0x0, 0x0, 0x0, 0xff, 0xf8,
    0x0, 0x0, 0x0, 0x1, 0xff, 0xf0, 0x0, 0x0,
    0x0, 0x3, 0xff, 0xe0, 0x0, 0x0, 0x0, 0x7,
    0xff, 0xc0, 0x0, 0x0, 0x0, 0xf, 0xff, 0x80,
    0x0, 0x0, 0x0, 0x1f, 0xff, 0x0, 0x0, 0x0,
    0x0, 0x3f, 0xfe, 0x0, 0x0, 0x0, 0x0, 0x7f,
    0xfc, 0x0, 0x0, 0x0, 0x0, 0xff, 0xf8, 0x0,
    0x0, 0x0, 0x1, 0xff, 0xf0, 0x0, 0x0, 0x0,
    0x3, 0xff, 0xe0, 0x0, 0x0, 0x0, 0x7, 0xff,
    0xc0, 0x0, 0x0, 0xff, 0xff, 0xff, 0xff, 0xff,
    0xc1, 0xff, 0xff, 0xff, 0xff, 0xff, 0x83, 0xff,
    0xff, 0xff, 0xff, 0xff, 0x7, 0xff, 0xff, 0xff,
    0xff, 0xfe, 0xf, 0xff, 0xff, 0xff, 0xff, 0xfc,
    0x1f, 0xff, 0xff, 0xff, 0xff, 0xf8, 0x3f, 0xff,
    0xff, 0xff, 0xff, 0xf0, 0x7f, 0xff, 0xff, 0xff,
    0xff, 0xe0, 0xff, 0xff, 0xff, 0xff, 0xff, 0xc1,
    0xff, 0xff, 0xff, 0xff, 0xff, 0x80,

    /* U+0073 "s" */
    0x0, 0x0, 0x3f, 0xfe, 0x0, 0x0, 0x0, 0xf,
    0xff, 0xff, 0xc0, 0x0, 0x0, 0xff, 0xff, 0xff,
    0xc0, 0x0, 0xf, 0xff, 0xff, 0xff, 0xc0, 0x0,
    0xff, 0xff, 0xff, 0xff, 0xc0, 0x7, 0xff, 0xff,
    0xff, 0xff, 0x80, 0x3f, 0xff, 0xff, 0xff, 0xff,
    0x1, 0xff, 0xff, 0xff, 0xff, 0xfe, 0x7, 0xff,
    0xff, 0xff, 0xff, 0xf8, 0x3f, 0xff, 0xc0, 0x1f,
    0xff, 0xc0, 0xff, 0xf8, 0x0, 0x7, 0xfe, 0x3,
    0xff, 0xc0, 0x0, 0x7, 0xf0, 0x1f, 0xfe, 0x0,
    0x0, 0xf, 0x80, 0x7f, 0xf8, 0x0, 0x0, 0x1c,
    0x1, 0xff, 0xe0, 0x0, 0x0, 0x0, 0x7, 0xff,
    0x80, 0x0, 0x0, 0x0, 0x1f, 0xfe, 0x0, 0x0,
    0x0, 0x0, 0x7f, 0xfc, 0x0, 0x0, 0x0, 0x1,
    0xff, 0xf8, 0x0, 0x0, 0x0, 0x7, 0xff, 0xf8,
    0x0, 0x0, 0x0, 0xf, 0xff, 0xff, 0x80, 0x0,
    0x0, 0x3f, 0xff, 0xff, 0xf8, 0x0, 0x0, 0xff,
    0xff, 0xff, 0xfe, 0x0, 0x1, 0xff, 0xff, 0xff,
    0xff, 0x0, 0x3, 0xff, 0xff, 0xff, 0xff, 0x0,
    0x7, 0xff, 0xff, 0xff, 0xfe, 0x0, 0xf, 0xff,
    0xff, 0xff, 0xfe, 0x0, 0xf, 0xff, 0xff, 0xff,
    0xf8, 0x0, 0xf, 0xff, 0xff, 0xff, 0xf0, 0x0,
    0x7, 0xff, 0xff, 0xff, 0xe0, 0x0, 0x0, 0xff,
    0xff, 0xff, 0x80, 0x0, 0x0, 0xf, 0xff, 0xfe,
    0x0, 0x0, 0x0, 0x1, 0xff, 0xfc, 0x0, 0x0,
    0x0, 0x1, 0xff, 0xf0, 0x0, 0x0, 0x0, 0x3,
    0xff, 0xc0, 0x0, 0x0, 0x0, 0xf, 0xff, 0x1,
    0x0, 0x0, 0x0, 0x3f, 0xfc, 0xe, 0x0, 0x0,
    0x0, 0xff, 0xf0, 0x7c, 0x0, 0x0, 0x3, 0xff,
    0xc3, 0xfc, 0x0, 0x0, 0x1f, 0xff, 0x3f, 0xf8,
    0x0, 0x0, 0x7f, 0xf9, 0xff, 0xf8, 0x0, 0x7,
    0xff, 0xef, 0xff, 0xfe, 0x0, 0xff, 0xff, 0x1f,
    0xff, 0xff, 0xff, 0xff, 0xfc, 0x3f, 0xff, 0xff,
    0xff, 0xff, 0xe0, 0x7f, 0xff, 0xff, 0xff, 0xff,
    0x0, 0xff, 0xff, 0xff, 0xff, 0xf8, 0x0, 0xff,
    0xff, 0xff, 0xff, 0xc0, 0x0, 0xff, 0xff, 0xff,
    0xfe, 0x0, 0x0, 0xff, 0xff, 0xff, 0xe0, 0x0,
    0x0, 0xff, 0xff, 0xfc, 0x0, 0x0, 0x0, 0x1f,
    0xff, 0x0, 0x0,

    /* U+0074 "t" */
    0x0, 0x0, 0xff, 0xe0, 0x0, 0x0, 0x0, 0x1,
    0xff, 0xc0, 0x0, 0x0, 0x0, 0x3, 0xff, 0x80,
    0x0, 0x0, 0x0, 0x7, 0xff, 0x0, 0x0, 0x0,
    0x0, 0xf, 0xfe, 0x0, 0x0, 0x0, 0x0, 0x1f,
    0xfc, 0x0, 0x0, 0x0, 0x0, 0x3f, 0xf8, 0x0,
    0x0, 0x0, 0x0, 0x7f, 0xf0, 0x0, 0x0, 0x0,
    0x0, 0xff, 0xe0, 0x0, 0x0, 0x0, 0x1, 0xff,
    0xc0, 0x0, 0x0, 0x0, 0x3, 0xff, 0x80, 0x0,
    0x0, 0x0, 0x7, 0xff, 0x0, 0x0, 0x0, 0x0,
    0xf, 0xfe, 0x0, 0x0, 0x0, 0x0, 0x1f, 0xfc,
    0x0, 0x0, 0x0, 0x0, 0x3f, 0xf8, 0x0, 0x0,
    0x0, 0x0, 0x7f, 0xf0, 0x0, 0x0, 0x0, 0x1,
    0xff, 0xe0, 0x0, 0x0, 0x0, 0xf, 0xff, 0xc0,
    0x0, 0x3, 0xff, 0xff, 0xff, 0xff, 0xff, 0xff,
    0xff, 0xff, 0xff, 0xff, 0xff, 0xff, 0xff, 0xff,
    0xff, 0xff, 0xff, 0xff, 0xff, 0xff, 0xff, 0xff,
    0xff, 0xff, 0xff, 0xff, 0xff, 0xff, 0xff, 0xff,
    0xff, 0xff, 0xff, 0xff, 0xff, 0xff, 0xff, 0xff,
    0xff, 0xff, 0xff, 0xff, 0xff, 0xff, 0xff, 0xff,
    0xff, 0xff, 0xff, 0xff, 0xff, 0xff, 0xff, 0xff,
    0xff, 0xff, 0xff, 0xff, 0xf0, 0x0, 0x3f, 0xfe,
    0x0, 0x0, 0x0, 0x0, 0x7f, 0xfc, 0x0, 0x0,
    0x0, 0x0, 0xff, 0xf8, 0x0, 0x0, 0x0, 0x1,
    0xff, 0xf0, 0x0, 0x0, 0x0, 0x3, 0xff, 0xe0,
    0x0, 0x0, 0x0, 0x7, 0xff, 0xc0, 0x0, 0x0,
    0x0, 0xf, 0xff, 0x80, 0x0, 0x0, 0x0, 0x1f,
    0xff, 0x0, 0x0, 0x0, 0x0, 0x3f, 0xfe, 0x0,
    0x0, 0x0, 0x0, 0x7f, 0xfc, 0x0, 0x0, 0x0,
    0x0, 0xff, 0xf8, 0x0, 0x0, 0x0, 0x1, 0xff,
    0xf0, 0x0, 0x0, 0x0, 0x3, 0xff, 0xe0, 0x0,
    0x0, 0x0, 0x7, 0xff, 0xc0, 0x0, 0x0, 0x0,
    0xf, 0xff, 0x80, 0x0, 0x0, 0x0, 0x1f, 0xff,
    0x0, 0x0, 0x0, 0x0, 0x3f, 0xfe, 0x0, 0x0,
    0x0, 0x0, 0x7f, 0xfc, 0x0, 0x0, 0x0, 0x0,
    0xff, 0xf8, 0x0, 0x0, 0x0, 0x1, 0xff, 0xf0,
    0x0, 0x0, 0x0, 0x3, 0xff, 0xe0, 0x0, 0x0,
    0x0, 0x7, 0xff, 0xc0, 0x0, 0x0, 0x0, 0xf,
    0xff, 0x80, 0x0, 0x0, 0x0, 0x1f, 0xff, 0x0,
    0x0, 0x0, 0x0, 0x3f, 0xfe, 0x0, 0x0, 0x0,
    0x0, 0x7f, 0xfc, 0x0, 0x0, 0x0, 0x0, 0xff,
    0xf8, 0x0, 0x0, 0x0, 0x1, 0xff, 0xf0, 0x0,
    0x0, 0x0, 0x3, 0xff, 0xe0, 0x0, 0x0, 0x0,
    0x7, 0xff, 0xc0, 0x0, 0x0, 0x0, 0xf, 0xff,
    0xff, 0xff, 0xf8, 0x0, 0xf, 0xff, 0xff, 0xff,
    0xf0, 0x0, 0x1f, 0xff, 0xff, 0xff, 0xe0, 0x0,
    0x3f, 0xff, 0xff, 0xff, 0xc0, 0x0, 0x3f, 0xff,
    0xff, 0xff, 0x80, 0x0, 0x3f, 0xff, 0xff, 0xff,
    0x0, 0x0, 0x3f, 0xff, 0xff, 0xfe, 0x0, 0x0,
    0x3f, 0xff, 0xff, 0xfc, 0x0, 0x0, 0x3f, 0xff,
    0xff, 0xf8, 0x0, 0x0, 0xf, 0xff, 0xff, 0xf0,

    /* U+0075 "u" */
    0xff, 0xf8, 0x0, 0x1, 0xff, 0xff, 0xff, 0x80,
    0x0, 0x1f, 0xff, 0xff, 0xf8, 0x0, 0x1, 0xff,
    0xff, 0xff, 0x80, 0x0, 0x1f, 0xff, 0xff, 0xf8,
    0x0, 0x1, 0xff, 0xff, 0xff, 0x80, 0x0, 0x1f,
    0xff, 0xff, 0xf8, 0x0, 0x1, 0xff, 0xff, 0xff,
    0x80, 0x0, 0x1f, 0xff, 0xff, 0xf8, 0x0, 0x1,
    0xff, 0xff, 0xff, 0x80, 0x0, 0x1f, 0xff, 0xff,
    0xf8, 0x0, 0x1, 0xff, 0xff, 0xff, 0x80, 0x0,
    0x1f, 0xff, 0xff, 0xf8, 0x0, 0x1, 0xff, 0xff,
    0xff, 0x80, 0x0, 0x1f, 0xff, 0xff, 0xf8, 0x0,
    0x1, 0xff, 0xff, 0xff, 0x80, 0x0, 0x1f, 0xff,
    0xff, 0xf8, 0x0, 0x1, 0xff, 0xff, 0xff, 0x80,
    0x0, 0x1f, 0xff, 0xff, 0xf8, 0x0, 0x1, 0xff,
    0xff, 0xff, 0x80, 0x0, 0x1f, 0xff, 0xff, 0xf8,
    0x0, 0x1, 0xff, 0xff, 0xff, 0x80, 0x0, 0x1f,
    0xff, 0xff, 0xf8, 0x0, 0x1, 0xff, 0xff, 0xff,
    0x80, 0x0, 0x1f, 0xff, 0xff, 0xf8, 0x0, 0x1,
    0xff, 0xff, 0xff, 0x80, 0x0, 0x1f, 0xff, 0xff,
    0xf8, 0x0, 0x1, 0xff, 0xff, 0xff, 0x80, 0x0,
    0x1f, 0xff, 0xff, 0xf8, 0x0, 0x1, 0xff, 0xff,
    0xff, 0x80, 0x0, 0x1f, 0xff, 0xff, 0xf8, 0x0,
    0x1, 0xff, 0xff, 0xff, 0x80, 0x0, 0x1f, 0xff,
    0xff, 0xf8, 0x0, 0x1, 0xff, 0xff, 0xff, 0x80,
    0x0, 0x1f, 0xff, 0xff, 0xf8, 0x0, 0x1, 0xff,
    0xff, 0xff, 0xc0, 0x0, 0x1f, 0xff, 0xff, 0xfc,
    0x0, 0x3, 0xff, 0xff, 0xff, 0xe0, 0x0, 0x3f,
    0xff, 0x7f, 0xfe, 0x0, 0x7, 0xff, 0xf7, 0xff,
    0xf0, 0x1, 0xff, 0xff, 0x7f, 0xff, 0xc0, 0x7f,
    0xff, 0xf3, 0xff, 0xff, 0xff, 0xdf, 0xff, 0x3f,
    0xff, 0xff, 0xfd, 0xff, 0xf1, 0xff, 0xff, 0xff,
    0x9f, 0xff, 0x1f, 0xff, 0xff, 0xf9, 0xff, 0xf0,
    0xff, 0xff, 0xff, 0x1f, 0xff, 0x7, 0xff, 0xff,
    0xe1, 0xff, 0xf0, 0x3f, 0xff, 0xfc, 0x1f, 0xff,
    0x1, 0xff, 0xff, 0x81, 0xff, 0xf0, 0x7, 0xff,
    0xe0, 0x1f, 0xff, 0x0, 0xf, 0xf8, 0x0, 0x0,
    0x0,

    /* U+0076 "v" */
    0xff, 0xf8, 0x0, 0x0, 0x7, 0xff, 0xff, 0xfe,
    0x0, 0x0, 0x1, 0xff, 0xe7, 0xff, 0x80, 0x0,
    0x0, 0x7f, 0xf9, 0xff, 0xf0, 0x0, 0x0, 0x3f,
    0xfe, 0x7f, 0xfc, 0x0, 0x0, 0xf, 0xff, 0xf,
    0xff, 0x0, 0x0, 0x3, 0xff, 0xc3, 0xff, 0xe0,
    0x0, 0x0, 0xff, 0xf0, 0xff, 0xf8, 0x0, 0x0,
    0x7f, 0xf8, 0x1f, 0xfe, 0x0, 0x0, 0x1f, 0xfe,
    0x7, 0xff, 0x80, 0x0, 0x7, 0xff, 0x81, 0xff,
    0xf0, 0x0, 0x3, 0xff, 0xc0, 0x3f, 0xfc, 0x0,
    0x0, 0xff, 0xf0, 0xf, 0xff, 0x0, 0x0, 0x3f,
    0xfc, 0x3, 0xff, 0xe0, 0x0, 0x1f, 0xfe, 0x0,
    0x7f, 0xf8, 0x0, 0x7, 0xff, 0x80, 0x1f, 0xfe,
    0x0, 0x1, 0xff, 0xc0, 0x7, 0xff, 0xc0, 0x0,
    0xff, 0xf0, 0x0, 0xff, 0xf0, 0x0, 0x3f, 0xfc,
    0x0, 0x3f, 0xfc, 0x0, 0xf, 0xfe, 0x0, 0x7,
    0xff, 0x80, 0x7, 0xff, 0x80, 0x1, 0xff, 0xe0,
    0x1, 0xff, 0xe0, 0x0, 0x7f, 0xf8, 0x0, 0x7f,
    0xf0, 0x0, 0xf, 0xff, 0x0, 0x1f, 0xfc, 0x0,
    0x3, 0xff, 0xc0, 0xf, 0xff, 0x0, 0x0, 0xff,
    0xf0, 0x3, 0xff, 0x80, 0x0, 0x1f, 0xfc, 0x0,
    0xff, 0xe0, 0x0, 0x7, 0xff, 0x80, 0x7f, 0xf8,
    0x0, 0x1, 0xff, 0xe0, 0x1f, 0xfc, 0x0, 0x0,
    0x3f, 0xf8, 0x7, 0xff, 0x0, 0x0, 0xf, 0xff,
    0x3, 0xff, 0x80, 0x0, 0x3, 0xff, 0xc0, 0xff,
    0xe0, 0x0, 0x0, 0x7f, 0xf0, 0x3f, 0xf8, 0x0,
    0x0, 0x1f, 0xfe, 0xf, 0xfc, 0x0, 0x0, 0x3,
    0xff, 0x87, 0xff, 0x0, 0x0, 0x0, 0xff, 0xe1,
    0xff, 0xc0, 0x0, 0x0, 0x3f, 0xf8, 0x7f, 0xe0,
    0x0, 0x0, 0x7, 0xff, 0x3f, 0xf8, 0x0, 0x0,
    0x1, 0xff, 0xcf, 0xfe, 0x0, 0x0, 0x0, 0x7f,
    0xf3, 0xff, 0x0, 0x0, 0x0, 0xf, 0xff, 0xff,
    0xc0, 0x0, 0x0, 0x3, 0xff, 0xff, 0xf0, 0x0,
    0x0, 0x0, 0xff, 0xff, 0xf8, 0x0, 0x0, 0x0,
    0x1f, 0xff, 0xfe, 0x0, 0x0, 0x0, 0x7, 0xff,
    0xff, 0x80, 0x0, 0x0, 0x1, 0xff, 0xff, 0xc0,
    0x0, 0x0, 0x0, 0x3f, 0xff, 0xf0, 0x0, 0x0,
    0x0, 0xf, 0xff, 0xf8, 0x0, 0x0, 0x0, 0x1,
    0xff, 0xfe, 0x0, 0x0, 0x0, 0x0, 0x7f, 0xff,
    0x80, 0x0, 0x0, 0x0, 0x1f, 0xff, 0xc0, 0x0,
    0x0,

    /* U+0077 "w" */
    0xff, 0xe0, 0x3, 0xff, 0xc0, 0x7, 0xfe, 0xff,
    0xc0, 0x7, 0xff, 0x80, 0xf, 0xfd, 0xff, 0x80,
    0xf, 0xff, 0x0, 0x1f, 0xfb, 0xff, 0x0, 0x1f,
    0xfe, 0x0, 0x3f, 0xf7, 0xfe, 0x0, 0x3f, 0xfc,
    0x0, 0x7f, 0xef, 0xfc, 0x0, 0x7f, 0xfc, 0x0,
    0xff, 0xdf, 0xf8, 0x1, 0xff, 0xf8, 0x1, 0xff,
    0x3f, 0xf0, 0x3, 0xff, 0xf0, 0x3, 0xfe, 0x7f,
    0xe0, 0x7, 0xff, 0xe0, 0x7, 0xfc, 0x7f, 0xe0,
    0xf, 0xff, 0xc0, 0x1f, 0xf8, 0xff, 0xc0, 0x1f,
    0xff, 0x80, 0x3f, 0xf1, 0xff, 0x80, 0x3f, 0xff,
    0x80, 0x7f, 0xe3, 0xff, 0x0, 0xff, 0xff, 0x0,
    0xff, 0xc7, 0xfe, 0x1, 0xfd, 0xfe, 0x1, 0xff,
    0x8f, 0xfc, 0x3, 0xf9, 0xfc, 0x3, 0xfe, 0x1f,
    0xf8, 0x7, 0xf3, 0xf8, 0x7, 0xfc, 0x3f, 0xf0,
    0xf, 0xe7, 0xf0, 0xf, 0xf8, 0x3f, 0xe0, 0x1f,
    0xcf, 0xe0, 0x1f, 0xf0, 0x7f, 0xe0, 0x7f, 0x9f,
    0xe0, 0x7f, 0xe0, 0xff, 0xc0, 0xfe, 0x3f, 0xc0,
    0xff, 0xc1, 0xff, 0x81, 0xfc, 0x7f, 0x81, 0xff,
    0x83, 0xff, 0x3, 0xf8, 0x7f, 0x3, 0xff, 0x7,
    0xfe, 0x7, 0xf0, 0xfe, 0x7, 0xfc, 0xf, 0xfc,
    0xf, 0xe1, 0xfc, 0xf, 0xf8, 0x1f, 0xf8, 0x3f,
    0xc3, 0xfc, 0x1f, 0xf0, 0x1f, 0xf0, 0x7f, 0x7,
    0xf8, 0x3f, 0xe0, 0x3f, 0xe0, 0xfe, 0xf, 0xf0,
    0x7f, 0xc0, 0x7f, 0xc1, 0xfc, 0xf, 0xe0, 0xff,
    0x80, 0xff, 0xc3, 0xf8, 0x1f, 0xc3, 0xff, 0x1,
    0xff, 0x87, 0xf0, 0x3f, 0x87, 0xfe, 0x3, 0xff,
    0x1f, 0xe0, 0x7f, 0x8f, 0xf8, 0x7, 0xfe, 0x3f,
    0xc0, 0xff, 0x1f, 0xf0, 0xf, 0xfc, 0x7f, 0x1,
    0xfe, 0x3f, 0xe0, 0xf, 0xf8, 0xfe, 0x3, 0xfc,
    0x7f, 0xc0, 0x1f, 0xf1, 0xfc, 0x3, 0xf8, 0xff,
    0x80, 0x3f, 0xe3, 0xf8, 0x7, 0xf1, 0xff, 0x0,
    0x7f, 0xcf, 0xf0, 0xf, 0xf3, 0xfe, 0x0, 0xff,
    0x9f, 0xe0, 0x1f, 0xef, 0xfc, 0x1, 0xff, 0xbf,
    0x80, 0x3f, 0xdf, 0xf0, 0x3, 0xff, 0x7f, 0x0,
    0x7f, 0xbf, 0xe0, 0x7, 0xfe, 0xfe, 0x0, 0x7f,
    0x7f, 0xc0, 0x7, 0xff, 0xfc, 0x0, 0xff, 0xff,
    0x80, 0xf, 0xff, 0xf8, 0x1, 0xff, 0xff, 0x0,
    0x1f, 0xff, 0xf0, 0x3, 0xff, 0xfe, 0x0, 0x3f,
    0xff, 0xc0, 0x7, 0xff, 0xfc, 0x0, 0x7f, 0xff,
    0x80, 0xf, 0xff, 0xf8, 0x0, 0xff, 0xff, 0x0,
    0xf, 0xff, 0xe0, 0x1, 0xff, 0xfe, 0x0, 0x1f,
    0xff, 0xc0, 0x3, 0xff, 0xfc, 0x0, 0x3f, 0xff,
    0x80, 0x3, 0xff, 0xf8, 0x0, 0x7f, 0xff, 0x0,

    /* U+0078 "x" */
    0x3f, 0xff, 0x0, 0x0, 0x7, 0xff, 0xc7, 0xff,
    0xe0, 0x0, 0x1, 0xff, 0xf0, 0x7f, 0xfe, 0x0,
    0x0, 0x3f, 0xfc, 0x7, 0xff, 0xe0, 0x0, 0xf,
    0xff, 0x80, 0x7f, 0xfc, 0x0, 0x3, 0xff, 0xe0,
    0xf, 0xff, 0xc0, 0x0, 0xff, 0xf8, 0x0, 0xff,
    0xfc, 0x0, 0x1f, 0xff, 0x0, 0xf, 0xff, 0xc0,
    0x7, 0xff, 0xc0, 0x1, 0xff, 0xf8, 0x1, 0xff,
    0xf0, 0x0, 0x1f, 0xff, 0x80, 0x3f, 0xfc, 0x0,
    0x1, 0xff, 0xf0, 0xf, 0xff, 0x80, 0x0, 0x3f,
    0xff, 0x3, 0xff, 0xe0, 0x0, 0x3, 0xff, 0xf0,
    0x7f, 0xf8, 0x0, 0x0, 0x3f, 0xfe, 0x1f, 0xfe,
    0x0, 0x0, 0x3, 0xff, 0xe3, 0xff, 0xc0, 0x0,
    0x0, 0x7f, 0xfe, 0xff, 0xf0, 0x0, 0x0, 0x7,
    0xff, 0xff, 0xfc, 0x0, 0x0, 0x0, 0x7f, 0xff,
    0xff, 0x80, 0x0, 0x0, 0xf, 0xff, 0xff, 0xe0,
    0x0, 0x0, 0x0, 0xff, 0xff, 0xf8, 0x0, 0x0,
    0x0, 0xf, 0xff, 0xfe, 0x0, 0x0, 0x0, 0x0,
    0xff, 0xff, 0xc0, 0x0, 0x0, 0x0, 0x1f, 0xff,
    0xf0, 0x0, 0x0, 0x0, 0x1, 0xff, 0xfc, 0x0,
    0x0, 0x0, 0x0, 0x1f, 0xff, 0x80, 0x0, 0x0,
    0x0, 0x7, 0xff, 0xf8, 0x0, 0x0, 0x0, 0x1,
    0xff, 0xff, 0x80, 0x0, 0x0, 0x0, 0x3f, 0xff,
    0xf0, 0x0, 0x0, 0x0, 0xf, 0xff, 0xff, 0x0,
    0x0, 0x0, 0x3, 0xff, 0xff, 0xf0, 0x0, 0x0,
    0x0, 0xff, 0xff, 0xfe, 0x0, 0x0, 0x0, 0x1f,
    0xff, 0xff, 0xe0, 0x0, 0x0, 0x7, 0xff, 0xff,
    0xfe, 0x0, 0x0, 0x1, 0xff, 0xf7, 0xff, 0xe0,
    0x0, 0x0, 0x3f, 0xfc, 0x7f, 0xfc, 0x0, 0x0,
    0xf, 0xff, 0xf, 0xff, 0xc0, 0x0, 0x3, 0xff,
    0xe0, 0xff, 0xfc, 0x0, 0x0, 0xff, 0xf8, 0xf,
    0xff, 0x80, 0x0, 0x1f, 0xfe, 0x1, 0xff, 0xf8,
    0x0, 0x7, 0xff, 0xc0, 0x1f, 0xff, 0x80, 0x1,
    0xff, 0xf0, 0x1, 0xff, 0xf8, 0x0, 0x7f, 0xfc,
    0x0, 0x3f, 0xff, 0x0, 0xf, 0xff, 0x80, 0x3,
    0xff, 0xf0, 0x3, 0xff, 0xe0, 0x0, 0x3f, 0xff,
    0x0, 0xff, 0xf8, 0x0, 0x7, 0xff, 0xe0, 0x1f,
    0xfe, 0x0, 0x0, 0x7f, 0xfe, 0x7, 0xff, 0xc0,
    0x0, 0x7, 0xff, 0xe1, 0xff, 0xf0, 0x0, 0x0,
    0xff, 0xfe, 0x7f, 0xfc, 0x0, 0x0, 0xf, 0xff,
    0xcf, 0xff, 0x80, 0x0, 0x0, 0xff, 0xfc,

    /* U+0079 "y" */
    0xff, 0xf8, 0x0, 0x0, 0x1, 0xff, 0xef, 0xff,
    0x80, 0x0, 0x0, 0x1f, 0xfe, 0x7f, 0xfc, 0x0,
    0x0, 0x3, 0xff, 0xe7, 0xff, 0xc0, 0x0, 0x0,
    0x3f, 0xfc, 0x7f, 0xfc, 0x0, 0x0, 0x7, 0xff,
    0xc3, 0xff, 0xe0, 0x0, 0x0, 0x7f, 0xf8, 0x3f,
    0xfe, 0x0, 0x0, 0x7, 0xff, 0x81, 0xff, 0xe0,
    0x0, 0x0, 0xff, 0xf8, 0x1f, 0xff, 0x0, 0x0,
    0xf, 0xff, 0x1, 0xff, 0xf0, 0x0, 0x0, 0xff,
    0xf0, 0xf, 0xff, 0x0, 0x0, 0x1f, 0xfe, 0x0,
    0xff, 0xf8, 0x0, 0x1, 0xff, 0xe0, 0x7, 0xff,
    0x80, 0x0, 0x3f, 0xfe, 0x0, 0x7f, 0xfc, 0x0,
    0x3, 0xff, 0xc0, 0x7, 0xff, 0xc0, 0x0, 0x3f,
    0xfc, 0x0, 0x3f, 0xfc, 0x0, 0x7, 0xff, 0x80,
    0x3, 0xff, 0xe0, 0x0, 0x7f, 0xf8, 0x0, 0x1f,
    0xfe, 0x0, 0x7, 0xff, 0x80, 0x1, 0xff, 0xe0,
    0x0, 0xff, 0xf0, 0x0, 0xf, 0xff, 0x0, 0xf,
    0xff, 0x0, 0x0, 0xff, 0xf0, 0x0, 0xff, 0xe0,
    0x0, 0xf, 0xff, 0x0, 0x1f, 0xfe, 0x0, 0x0,
    0x7f, 0xf8, 0x1, 0xff, 0xe0, 0x0, 0x7, 0xff,
    0x80, 0x3f, 0xfc, 0x0, 0x0, 0x3f, 0xf8, 0x3,
    0xff, 0xc0, 0x0, 0x3, 0xff, 0xc0, 0x3f, 0xf8,
    0x0, 0x0, 0x3f, 0xfc, 0x7, 0xff, 0x80, 0x0,
    0x1, 0xff, 0xc0, 0x7f, 0xf8, 0x0, 0x0, 0x1f,
    0xfe, 0x7, 0xff, 0x0, 0x0, 0x0, 0xff, 0xe0,
    0xff, 0xf0, 0x0, 0x0, 0xf, 0xff, 0xf, 0xfe,
    0x0, 0x0, 0x0, 0xff, 0xf0, 0xff, 0xe0, 0x0,
    0x0, 0x7, 0xff, 0x1f, 0xfc, 0x0, 0x0, 0x0,
    0x7f, 0xf9, 0xff, 0xc0, 0x0, 0x0, 0x3, 0xff,
    0x9f, 0xfc, 0x0, 0x0, 0x0, 0x3f, 0xfb, 0xff,
    0x80, 0x0, 0x0, 0x3, 0xff, 0xff, 0xf8, 0x0,
    0x0, 0x0, 0x1f, 0xff, 0xff, 0x0, 0x0, 0x0,
    0x1, 0xff, 0xff, 0xf0, 0x0, 0x0, 0x0, 0xf,
    0xff, 0xff, 0x0, 0x0, 0x0, 0x0, 0xff, 0xff,
    0xe0, 0x0, 0x0, 0x0, 0xf, 0xff, 0xfe, 0x0,
    0x0, 0x0, 0x0, 0x7f, 0xff, 0xc0, 0x0, 0x0,
    0x0, 0x7, 0xff, 0xfc, 0x0, 0x0, 0x0, 0x0,
    0x3f, 0xff, 0xc0, 0x0, 0x0, 0x0, 0x3, 0xff,
    0xf8, 0x0, 0x0, 0x0, 0x0, 0x1f, 0xff, 0x80,
    0x0, 0x0, 0x0, 0x1, 0xff, 0xf0, 0x0, 0x0,
    0x0, 0x0, 0x1f, 0xff, 0x0, 0x0, 0x0, 0x0,
    0x1, 0xff, 0xf0, 0x0, 0x0, 0x0, 0x0, 0x1f,
    0xfe, 0x0, 0x0, 0x0, 0x0, 0x1, 0xff, 0xe0,
    0x0, 0x0, 0x0, 0x0, 0x3f, 0xfc, 0x0, 0x0,
    0x0, 0x0, 0x3, 0xff, 0xc0, 0x0, 0x0, 0x0,
    0x0, 0x7f, 0xfc, 0x0, 0x0, 0x0, 0x0, 0x7,
    0xff, 0x80, 0x0, 0x0, 0x0, 0x0, 0x7f, 0xf8,
    0x0, 0x0, 0x0, 0x0, 0xf, 0xff, 0x0, 0x0,
    0x0, 0x0, 0x0, 0xff, 0xf0, 0x0, 0x0, 0x0,
    0xff, 0xff, 0xff, 0x0, 0x0, 0x0, 0xf, 0xff,
    0xff, 0xe0, 0x0, 0x0, 0x0, 0xff, 0xff, 0xfe,
    0x0, 0x0, 0x0, 0xf, 0xff, 0xff, 0xc0, 0x0,
    0x0, 0x0, 0xff, 0xff, 0xf8, 0x0, 0x0, 0x0,
    0xf, 0xff, 0xff, 0x80, 0x0, 0x0, 0x0, 0xff,
    0xff, 0xe0, 0x0, 0x0, 0x0, 0xf, 0xff, 0xfc,
    0x0, 0x0, 0x0, 0x0, 0xff, 0xff, 0x80, 0x0,
    0x0, 0x0, 0xf, 0xff, 0xc0, 0x0, 0x0, 0x0,
    0x0,

    /* U+007A "z" */
    0x7f, 0xff, 0xff, 0xff, 0xff, 0xe7, 0xff, 0xff,
    0xff, 0xff, 0xfe, 0x7f, 0xff, 0xff, 0xff, 0xff,
    0xe7, 0xff, 0xff, 0xff, 0xff, 0xfe, 0x7f, 0xff,
    0xff, 0xff, 0xff, 0xe7, 0xff, 0xff, 0xff, 0xff,
    0xfe, 0x7f, 0xff, 0xff, 0xff, 0xff, 0xe7, 0xff,
    0xff, 0xff, 0xff, 0xfe, 0x7f, 0xff, 0xff, 0xff,
    0xff, 0xe7, 0xff, 0xff, 0xff, 0xff, 0xfe, 0x0,
    0x0, 0x0, 0xf, 0xff, 0xe0, 0x0, 0x0, 0x1,
    0xff, 0xfc, 0x0, 0x0, 0x0, 0x3f, 0xff, 0x80,
    0x0, 0x0, 0x7, 0xff, 0xf0, 0x0, 0x0, 0x0,
    0xff, 0xfe, 0x0, 0x0, 0x0, 0x1f, 0xff, 0xc0,
    0x0, 0x0, 0x3, 0xff, 0xf8, 0x0, 0x0, 0x0,
    0x3f, 0xff, 0x0, 0x0, 0x0, 0x7, 0xff, 0xe0,
    0x0, 0x0, 0x0, 0xff, 0xfc, 0x0, 0x0, 0x0,
    0x1f, 0xff, 0x80, 0x0, 0x0, 0x3, 0xff, 0xf0,
    0x0, 0x0, 0x0, 0x7f, 0xfe, 0x0, 0x0, 0x0,
    0xf, 0xff, 0xc0, 0x0, 0x0, 0x1, 0xff, 0xf8,
    0x0, 0x0, 0x0, 0x3f, 0xff, 0x0, 0x0, 0x0,
    0x7, 0xff, 0xe0, 0x0, 0x0, 0x0, 0xff, 0xfc,
    0x0, 0x0, 0x0, 0x1f, 0xff, 0x80, 0x0, 0x0,
    0x3, 0xff, 0xf0, 0x0, 0x0, 0x0, 0x7f, 0xff,
    0x0, 0x0, 0x0, 0xf, 0xff, 0xe0, 0x0, 0x0,
    0x1, 0xff, 0xfc, 0x0, 0x0, 0x0, 0x3f, 0xff,
    0x80, 0x0, 0x0, 0x7, 0xff, 0xf0, 0x0, 0x0,
    0x0, 0xff, 0xfe, 0x0, 0x0, 0x0, 0x1f, 0xff,
    0xc0, 0x0, 0x0, 0x3, 0xff, 0xf8, 0x0, 0x0,
    0x0, 0x7f, 0xff, 0x0, 0x0, 0x0, 0xf, 0xff,
    0xe0, 0x0, 0x0, 0x0, 0xff, 0xff, 0xff, 0xff,
    0xff, 0xff, 0xff, 0xff, 0xff, 0xff, 0xff, 0xff,
    0xff, 0xff, 0xff, 0xff, 0xff, 0xff, 0xff, 0xff,
    0xff, 0xff, 0xff, 0xff, 0xff, 0xff, 0xff, 0xff,
    0xff, 0xff, 0xff, 0xff, 0xff, 0xff, 0xff, 0xff,
    0xff, 0xff, 0xff, 0xff, 0xff, 0xff, 0xff, 0xff,
    0xff, 0xff, 0xff, 0xff, 0xff, 0xff, 0xff, 0xff,
    0xff, 0xff, 0xff,

    /* U+007B "{" */
    0x0, 0x0, 0x3f, 0xff, 0xfe, 0x0, 0x3, 0xff,
    0xff, 0xfc, 0x0, 0xf, 0xff, 0xff, 0xf8, 0x0,
    0x3f, 0xff, 0xff, 0xf0, 0x0, 0xff, 0xff, 0xff,
    0xe0, 0x1, 0xff, 0xff, 0xff, 0xc0, 0x7, 0xff,
    0xff, 0xff, 0x80, 0xf, 0xff, 0xff, 0xff, 0x0,
    0x1f, 0xff, 0xff, 0xfe, 0x0, 0x3f, 0xf0, 0x0,
    0x0, 0x0, 0x7f, 0xe0, 0x0, 0x0, 0x0, 0xff,
    0xc0, 0x0, 0x0, 0x1, 0xff, 0x80, 0x0, 0x0,
    0x3, 0xff, 0x0, 0x0, 0x0, 0x7, 0xfe, 0x0,
    0x0, 0x0, 0xf, 0xfc, 0x0, 0x0, 0x0, 0x1f,
    0xf8, 0x0, 0x0, 0x0, 0x3f, 0xf0, 0x0, 0x0,
    0x0, 0x7f, 0xe0, 0x0, 0x0, 0x0, 0x7f, 0xe0,
    0x0, 0x0, 0x0, 0xff, 0xc0, 0x0, 0x0, 0x1,
    0xff, 0xc0, 0x0, 0x0, 0x1, 0xff, 0xc0, 0x0,
    0x0, 0x1, 0xff, 0x80, 0x0, 0x0, 0x3, 0xff,
    0x80, 0x0, 0x0, 0x3, 0xff, 0x80, 0x0, 0x0,
    0x3, 0xff, 0x0, 0x0, 0x0, 0x3, 0xff, 0x0,
    0x0, 0x0, 0x7, 0xff, 0x0, 0x0, 0x0, 0x7,
    0xfe, 0x0, 0x0, 0x0, 0xf, 0xfe, 0x0, 0x0,
    0x0, 0xf, 0xfc, 0x0, 0x0, 0x0, 0x1f, 0xf8,
    0x0, 0x0, 0x0, 0x3f, 0xf0, 0x0, 0x0, 0x0,
    0x7f, 0xe0, 0x0, 0x0, 0x1, 0xff, 0xc0, 0x0,
    0x0, 0x3, 0xff, 0x80, 0x0, 0x0, 0x1f, 0xfe,
    0x0, 0x0, 0x1, 0xff, 0xfc, 0x0, 0x7f, 0xff,
    0xff, 0xf0, 0x0, 0xff, 0xff, 0xff, 0xc0, 0x1,
    0xff, 0xff, 0xfe, 0x0, 0x3, 0xff, 0xff, 0xe0,
    0x0, 0x7, 0xff, 0xfe, 0x0, 0x0, 0xf, 0xff,
    0xff, 0xc0, 0x0, 0x1f, 0xff, 0xff, 0xe0, 0x0,
    0x3f, 0xff, 0xff, 0xf0, 0x0, 0x7f, 0xff, 0xff,
    0xf0, 0x0, 0x0, 0x7, 0xff, 0xf0, 0x0, 0x0,
    0x1, 0xff, 0xe0, 0x0, 0x0, 0x0, 0xff, 0xe0,
    0x0, 0x0, 0x1, 0xff, 0xc0, 0x0, 0x0, 0x1,
    0xff, 0x80, 0x0, 0x0, 0x3, 0xff, 0x0, 0x0,
    0x0, 0x7, 0xfe, 0x0, 0x0, 0x0, 0xf, 0xfc,
    0x0, 0x0, 0x0, 0x3f, 0xf8, 0x0, 0x0, 0x0,
    0x7f, 0xe0, 0x0, 0x0, 0x1, 0xff, 0xc0, 0x0,
    0x0, 0x3, 0xff, 0x0, 0x0, 0x0, 0xf, 0xfe,
    0x0, 0x0, 0x0, 0x3f, 0xf8, 0x0, 0x0, 0x0,
    0xff, 0xe0, 0x0, 0x0, 0x1, 0xff, 0x80, 0x0,
    0x0, 0x7, 0xff, 0x0, 0x0, 0x0, 0x1f, 0xfc,
    0x0, 0x0, 0x0, 0x3f, 0xf0, 0x0, 0x0, 0x0,
    0x7f, 0xe0, 0x0, 0x0, 0x1, 0xff, 0xc0, 0x0,
    0x0, 0x3, 0xff, 0x0, 0x0, 0x0, 0x7, 0xfe,
    0x0, 0x0, 0x0, 0xf, 0xfc, 0x0, 0x0, 0x0,
    0x1f, 0xf8, 0x0, 0x0, 0x0, 0x3f, 0xf0, 0x0,
    0x0, 0x0, 0x7f, 0xe0, 0x0, 0x0, 0x0, 0xff,
    0xc0, 0x0, 0x0, 0x1, 0xff, 0x80, 0x0, 0x0,
    0x3, 0xff, 0x0, 0x0, 0x0, 0x7, 0xff, 0xff,
    0xff, 0x80, 0xf, 0xff, 0xff, 0xff, 0x0, 0x1f,
    0xff, 0xff, 0xfe, 0x0, 0x1f, 0xff, 0xff, 0xfc,
    0x0, 0x3f, 0xff, 0xff, 0xf8, 0x0, 0x3f, 0xff,
    0xff, 0xf0, 0x0, 0x3f, 0xff, 0xff, 0xe0, 0x0,
    0x3f, 0xff, 0xff, 0xc0, 0x0, 0x1f, 0xff, 0xff,
    0x80,

    /* U+007C "|" */
    0xff, 0xff, 0xff, 0xff, 0xff, 0xff, 0xff, 0xff,
    0xff, 0xff, 0xff, 0xff, 0xff, 0xff, 0xff, 0xff,
    0xff, 0xff, 0xff, 0xff, 0xff, 0xff, 0xff, 0xff,
    0xff, 0xff, 0xff, 0xff, 0xff, 0xff, 0xff, 0xff,
    0xff, 0xff, 0xff, 0xff, 0xff, 0xff, 0xff, 0xff,
    0xff, 0xff, 0xff, 0xff, 0xff, 0xff, 0xff, 0xff,
    0xff, 0xff, 0xff, 0xff, 0xff, 0xff, 0xff, 0xff,
    0xff, 0xff, 0xff, 0xff, 0xff, 0xff, 0xff, 0xff,
    0xff, 0xff, 0xff, 0xff, 0xff, 0xff, 0xff, 0xff,
    0xff, 0xff, 0xff, 0xff, 0xff, 0xff, 0xff, 0xff,
    0xff, 0xff, 0xff, 0xff, 0xff, 0xff, 0xff, 0xff,
    0xff, 0xff, 0xff, 0xff, 0xff, 0xff, 0xff, 0xff,
    0xff, 0xff, 0xff, 0xff, 0xff, 0xff, 0xff, 0xff,
    0xff, 0xff, 0xff, 0xff, 0xff, 0xff, 0xff, 0xff,
    0xff, 0xff, 0xff, 0xff, 0xff, 0xff, 0xc0,

    /* U+007D "}" */
    0xff, 0xff, 0xfc, 0x0, 0x0, 0xff, 0xff, 0xff,
    0x0, 0x0, 0xff, 0xff, 0xff, 0x80, 0x0, 0xff,
    0xff, 0xff, 0xc0, 0x0, 0xff, 0xff, 0xff, 0xe0,
    0x0, 0xff, 0xff, 0xff, 0xe0, 0x0, 0xff, 0xff,
    0xff, 0xf0, 0x0, 0xff, 0xff, 0xff, 0xf0, 0x0,
    0xff, 0xff, 0xff, 0xf0, 0x0, 0x0, 0x0, 0x3f,
    0xf0, 0x0, 0x0, 0x0, 0x3f, 0xf0, 0x0, 0x0,
    0x0, 0x3f, 0xf0, 0x0, 0x0, 0x0, 0x3f, 0xf0,
    0x0, 0x0, 0x0, 0x3f, 0xf0, 0x0, 0x0, 0x0,
    0x3f, 0xf0, 0x0, 0x0, 0x0, 0x3f, 0xf0, 0x0,
    0x0, 0x0, 0x3f, 0xf0, 0x0, 0x0, 0x0, 0x3f,
    0xf0, 0x0, 0x0, 0x0, 0x7f, 0xf0, 0x0, 0x0,
    0x0, 0x7f, 0xe0, 0x0, 0x0, 0x0, 0x7f, 0xe0,
    0x0, 0x0, 0x0, 0xff, 0xe0, 0x0, 0x0, 0x1,
    0xff, 0xc0, 0x0, 0x0, 0x1, 0xff, 0x80, 0x0,
    0x0, 0x3, 0xff, 0x80, 0x0, 0x0, 0x7, 0xff,
    0x0, 0x0, 0x0, 0x7, 0xfe, 0x0, 0x0, 0x0,
    0xf, 0xfc, 0x0, 0x0, 0x0, 0x1f, 0xfc, 0x0,
    0x0, 0x0, 0x1f, 0xf8, 0x0, 0x0, 0x0, 0x3f,
    0xf8, 0x0, 0x0, 0x0, 0x3f, 0xf0, 0x0, 0x0,
    0x0, 0x3f, 0xf0, 0x0, 0x0, 0x0, 0x3f, 0xf0,
    0x0, 0x0, 0x0, 0x3f, 0xf0, 0x0, 0x0, 0x0,
    0x3f, 0xf8, 0x0, 0x0, 0x0, 0x3f, 0xf8, 0x0,
    0x0, 0x0, 0x1f, 0xfe, 0x0, 0x0, 0x0, 0x1f,
    0xff, 0xc0, 0x0, 0x0, 0xf, 0xff, 0xff, 0xff,
    0x0, 0x7, 0xff, 0xff, 0xff, 0x0, 0x1, 0xff,
    0xff, 0xff, 0x0, 0x0, 0x7f, 0xff, 0xff, 0x0,
    0x0, 0x7, 0xff, 0xff, 0x0, 0x0, 0x7f, 0xff,
    0xff, 0x0, 0x1, 0xff, 0xff, 0xff, 0x0, 0x7,
    0xff, 0xff, 0xff, 0x0, 0xf, 0xff, 0xff, 0xff,
    0x0, 0x1f, 0xff, 0xc0, 0x0, 0x0, 0x1f, 0xfe,
    0x0, 0x0, 0x0, 0x3f, 0xf8, 0x0, 0x0, 0x0,
    0x3f, 0xf8, 0x0, 0x0, 0x0, 0x3f, 0xf0, 0x0,
    0x0, 0x0, 0x3f, 0xf0, 0x0, 0x0, 0x0, 0x3f,
    0xf0, 0x0, 0x0, 0x0, 0x3f, 0xf0, 0x0, 0x0,
    0x0, 0x3f, 0xf0, 0x0, 0x0, 0x0, 0x1f, 0xf8,
    0x0, 0x0, 0x0, 0x1f, 0xfc, 0x0, 0x0, 0x0,
    0xf, 0xfc, 0x0, 0x0, 0x0, 0xf, 0xfe, 0x0,
    0x0, 0x0, 0x7, 0xff, 0x0, 0x0, 0x0, 0x3,
    0xff, 0x80, 0x0, 0x0, 0x1, 0xff, 0x80, 0x0,
    0x0, 0x1, 0xff, 0xc0, 0x0, 0x0, 0x0, 0xff,
    0xe0, 0x0, 0x0, 0x0, 0x7f, 0xe0, 0x0, 0x0,
    0x0, 0x7f, 0xe0, 0x0, 0x0, 0x0, 0x7f, 0xf0,
    0x0, 0x0, 0x0, 0x3f, 0xf0, 0x0, 0x0, 0x0,
    0x3f, 0xf0, 0x0, 0x0, 0x0, 0x3f, 0xf0, 0x0,
    0x0, 0x0, 0x3f, 0xf0, 0x0, 0x0, 0x0, 0x3f,
    0xf0, 0x0, 0x0, 0x0, 0x3f, 0xf0, 0x0, 0x0,
    0x0, 0x3f, 0xf0, 0x0, 0x0, 0x0, 0x3f, 0xf0,
    0x0, 0x0, 0x0, 0x3f, 0xf0, 0x0, 0xff, 0xff,
    0xff, 0xf0, 0x0, 0xff, 0xff, 0xff, 0xf0, 0x0,
    0xff, 0xff, 0xff, 0xf0, 0x0, 0xff, 0xff, 0xff,
    0xe0, 0x0, 0xff, 0xff, 0xff, 0xe0, 0x0, 0xff,
    0xff, 0xff, 0xc0, 0x0, 0xff, 0xff, 0xff, 0x80,
    0x0, 0xff, 0xff, 0xff, 0x0, 0x0, 0xff, 0xff,
    0xf8, 0x0, 0x0,

    /* U+007E "~" */
    0x0, 0xf, 0xe0, 0x0, 0x0, 0x0, 0x0, 0x1f,
    0xff, 0x0, 0x0, 0x18, 0x0, 0xf, 0xff, 0xe0,
    0x0, 0x7, 0xf8, 0x7, 0xff, 0xfc, 0x0, 0x3,
    0xff, 0x3, 0xff, 0xff, 0x80, 0x0, 0xff, 0x81,
    0xff, 0xff, 0xf0, 0x0, 0x3f, 0xe0, 0xff, 0xff,
    0xfe, 0x0, 0xf, 0xf8, 0x3f, 0xff, 0xff, 0xc0,
    0x7, 0xfe, 0x1f, 0xff, 0xff, 0xf0, 0x1, 0xff,
    0x87, 0xff, 0xff, 0xfe, 0x0, 0x7f, 0xc3, 0xff,
    0x87, 0xff, 0xc0, 0x3f, 0xf0, 0xff, 0xc0, 0xff,
    0xf8, 0xf, 0xfc, 0x3f, 0xf0, 0x1f, 0xfe, 0x7,
    0xfe, 0x1f, 0xf8, 0x3, 0xff, 0xe3, 0xff, 0x87,
    0xfe, 0x0, 0xff, 0xff, 0xff, 0xe1, 0xff, 0x0,
    0x1f, 0xff, 0xff, 0xf0, 0x7f, 0xc0, 0x3, 0xff,
    0xff, 0xfc, 0x1f, 0xf0, 0x0, 0x7f, 0xff, 0xfe,
    0xf, 0xfc, 0x0, 0x1f, 0xff, 0xff, 0x83, 0xfe,
    0x0, 0x3, 0xff, 0xff, 0xc0, 0xff, 0x80, 0x0,
    0x7f, 0xff, 0xe0, 0x1f, 0xe0, 0x0, 0xf, 0xff,
    0xf0, 0x0, 0x38, 0x0, 0x0, 0xff, 0xf0, 0x0,
    0x0, 0x0, 0x0, 0xf, 0xf0, 0x0,

    /* U+E20A "" */
    0x0, 0x1f, 0xc0, 0x0, 0x1, 0xff, 0x80, 0x0,
    0x3f, 0xfe, 0x0, 0x3, 0xe0, 0xf8, 0x0, 0x1e,
    0x3, 0xc0, 0x1, 0xe0, 0xf, 0x0, 0xe, 0x0,
    0x38, 0x0, 0x70, 0x1, 0xc0, 0x3, 0x80, 0xe,
    0x0, 0x1c, 0x0, 0x70, 0x0, 0xe0, 0x3, 0x80,
    0x7, 0x0, 0x1c, 0x0, 0x38, 0x0, 0xe0, 0x1,
    0xc0, 0x7, 0x0, 0xe, 0x0, 0x38, 0x0, 0x70,
    0x1, 0xc0, 0x3, 0x80, 0xe, 0x0, 0x1c, 0x0,
    0x70, 0x0, 0xe0, 0x3, 0x80, 0x7, 0x0, 0x1c,
    0x0, 0x38, 0x0, 0xe0, 0x1, 0xc0, 0x7, 0x0,
    0xe, 0x0, 0x38, 0x0, 0x70, 0x1, 0xc0, 0x3,
    0x80, 0xe, 0x0, 0x1c, 0x0, 0x70, 0x0, 0xe0,
    0x3, 0x80, 0x7, 0x0, 0x1c, 0x0, 0x38, 0x0,
    0xe0, 0x1, 0xc0, 0x7, 0x0, 0xe, 0x0, 0x38,
    0x0, 0x70, 0xe1, 0xc0, 0x3, 0x8f, 0x8e, 0x0,
    0x1c, 0x7c, 0x70, 0x0, 0xe3, 0xe3, 0x80, 0x7,
    0x1f, 0x1c, 0x0, 0x38, 0xf8, 0xe0, 0x1, 0xc7,
    0xc7, 0x0, 0xe, 0x3e, 0x38, 0x0, 0x71, 0xf1,
    0xc0, 0x3, 0x8f, 0x8e, 0x0, 0x1c, 0x7c, 0x70,
    0x0, 0xe3, 0xe3, 0x80, 0x7, 0x1f, 0x1c, 0x0,
    0x38, 0xf8, 0xe0, 0x1, 0xc7, 0xc7, 0x0, 0xe,
    0x3e, 0x38, 0x0, 0x71, 0xf1, 0xc0, 0x3, 0x8f,
    0x8e, 0x0, 0x1c, 0x7c, 0x70, 0x0, 0xe3, 0xe3,
    0x80, 0x7, 0x1f, 0x1c, 0x0, 0x38, 0xf8, 0xe0,
    0x1, 0xc7, 0xc7, 0x0, 0xe, 0x3e, 0x38, 0x0,
    0x71, 0xf1, 0xc0, 0x3, 0x8f, 0x8e, 0x0, 0x1c,
    0x7c, 0x70, 0x0, 0xe3, 0xe3, 0x80, 0x7, 0x1f,
    0x1c, 0x0, 0x78, 0xf8, 0xf0, 0x7, 0x87, 0xc3,
    0xc0, 0x78, 0x3e, 0xf, 0x7, 0x83, 0xf8, 0x3c,
    0x38, 0x7f, 0xf0, 0xe3, 0x87, 0xff, 0xc3, 0x9c,
    0x7f, 0xff, 0x1d, 0xe3, 0xff, 0xf8, 0xee, 0x3f,
    0xff, 0xe3, 0xf1, 0xff, 0xff, 0x1f, 0x8f, 0xff,
    0xf8, 0xfc, 0x7f, 0xff, 0xc7, 0xe3, 0xff, 0xfe,
    0x3f, 0x1f, 0xff, 0xf1, 0xf8, 0xff, 0xff, 0xf,
    0xe3, 0xff, 0xf8, 0xf7, 0xf, 0xff, 0x87, 0x3c,
    0x7f, 0xfc, 0x78, 0xe0, 0xff, 0x83, 0x87, 0x81,
    0xf0, 0x3c, 0x1e, 0x0, 0x3, 0xc0, 0x7c, 0x0,
    0x7c, 0x1, 0xf8, 0xf, 0xc0, 0x7, 0xff, 0xfc,
    0x0, 0xf, 0xff, 0x80, 0x0, 0xf, 0xe0, 0x0,

    /* U+E302 "" */
    0x0, 0x0, 0x0, 0x1, 0x0, 0x0, 0x0, 0x0,
    0x0, 0x0, 0x1c, 0x0, 0x0, 0x0, 0x0, 0x0,
    0x0, 0xe0, 0x0, 0x0, 0x0, 0x0, 0x0, 0x7,
    0x0, 0x0, 0x0, 0x0, 0x0, 0x0, 0x38, 0x0,
    0x0, 0x0, 0x0, 0x0, 0x1, 0xc0, 0x0, 0x0,
    0x0, 0x1, 0x80, 0xe, 0x0, 0x38, 0x0, 0x0,
    0x1e, 0x0, 0x20, 0x3, 0xc0, 0x0, 0x0, 0xf8,
    0x0, 0x0, 0x3e, 0x0, 0x0, 0x3, 0xc0, 0x0,
    0x3, 0xe0, 0x0, 0x0, 0x8, 0x0, 0x0, 0x1e,
    0x0, 0x0, 0x0, 0x0, 0x1f, 0xc0, 0xe0, 0x0,
    0x0, 0x0, 0x3, 0xff, 0x80, 0x0, 0x0, 0x0,
    0xfe, 0x3f, 0xfe, 0x0, 0x0, 0x0, 0x1f, 0xff,
    0xe0, 0xf8, 0x0, 0x0, 0x3, 0xff, 0xfc, 0x1,
    0xe0, 0x0, 0x0, 0x3f, 0x87, 0xe0, 0x7, 0x80,
    0x0, 0x3, 0xe0, 0xf, 0x80, 0x1c, 0x0, 0x0,
    0x1e, 0x0, 0x3e, 0x0, 0xf0, 0x0, 0x1, 0xe0,
    0x0, 0xf0, 0x7, 0x87, 0xc0, 0xe, 0x0, 0x3,
    0xc0, 0x3c, 0x7f, 0x80, 0xf0, 0x0, 0x1e, 0x0,
    0xe3, 0xfc, 0xf, 0x0, 0x0, 0x7f, 0xf, 0xf,
    0x81, 0xf8, 0x0, 0x3, 0xfe, 0x78, 0x0, 0x1f,
    0xc0, 0x0, 0x1f, 0xff, 0x80, 0x1, 0xf0, 0x0,
    0x0, 0x3, 0xfc, 0x0, 0x1e, 0x0, 0x0, 0x0,
    0x7, 0xc0, 0x0, 0xe0, 0x0, 0x0, 0x0, 0x1e,
    0x0, 0xf, 0x0, 0x0, 0x0, 0x0, 0xf0, 0x0,
    0x70, 0x0, 0x0, 0x0, 0x3, 0x80, 0x3, 0x80,
    0x0, 0x0, 0x0, 0x1c, 0x0, 0x1c, 0x0, 0x0,
    0x0, 0x0, 0xe0, 0x0, 0xe0, 0x0, 0x0, 0x0,
    0x7, 0x1c, 0x7, 0x0, 0x0, 0x0, 0x0, 0x39,
    0xf0, 0x3c, 0x0, 0x0, 0x0, 0x3, 0xc7, 0x80,
    0xe0, 0x0, 0x0, 0x0, 0x1c, 0x1c, 0x7, 0x80,
    0x0, 0x0, 0x1, 0xe0, 0x0, 0x1f, 0x0, 0x0,
    0x0, 0x3e, 0x0, 0x0, 0x7f, 0xff, 0xff, 0xff,
    0xe0, 0x0, 0x1, 0xff, 0xff, 0xff, 0xfe, 0x0,
    0x0, 0x1, 0xff, 0xff, 0xff, 0xc0, 0x0, 0x0,

    /* U+E308 "" */
    0x0, 0x0, 0x0, 0x3, 0x80, 0x0, 0x0, 0x0,
    0x0, 0x0, 0x1c, 0x0, 0x0, 0x0, 0x0, 0x0,
    0x0, 0xe0, 0x0, 0x0, 0x0, 0x0, 0x0, 0x7,
    0x0, 0x0, 0x0, 0x0, 0x0, 0x0, 0x38, 0x0,
    0x0, 0x0, 0x0, 0x0, 0x1, 0xc0, 0x0, 0x0,
    0x0, 0x3, 0x80, 0xe, 0x0, 0x38, 0x0, 0x0,
    0x1e, 0x0, 0x0, 0x3, 0xc0, 0x0, 0x0, 0xf8,
    0x0, 0x0, 0x3e, 0x0, 0x0, 0x3, 0x80, 0x0,
    0x3, 0xe0, 0x0, 0x0, 0x0, 0x0, 0x0, 0x1e,
    0x0, 0x0, 0x0, 0x0, 0x3f, 0xe0, 0xe0, 0x0,
    0x0, 0x0, 0x3, 0xff, 0x80, 0x0, 0x0, 0x0,
    0xfe, 0x7f, 0xff, 0x0, 0x0, 0x0, 0x1f, 0xff,
    0xe0, 0xfc, 0x0, 0x0, 0x3, 0xff, 0xfc, 0x1,
    0xe0, 0x0, 0x0, 0x3f, 0x7, 0xe0, 0x7, 0x80,
    0x0, 0x3, 0xe0, 0xf, 0x80, 0x1c, 0x0, 0x0,
    0x1e, 0x0, 0x1e, 0x0, 0xf0, 0x0, 0x1, 0xe0,
    0x0, 0xf0, 0x7, 0x87, 0xe0, 0xe, 0x0, 0x3,
    0xc0, 0x1c, 0x7f, 0x80, 0x70, 0x0, 0x1e, 0x0,
    0xe3, 0xfc, 0xf, 0x0, 0x0, 0x7f, 0xf, 0xf,
    0xc1, 0xf8, 0x0, 0x3, 0xfe, 0x78, 0x0, 0x1f,
    0xc0, 0x0, 0x1f, 0xfb, 0x80, 0x1, 0xf0, 0x0,
    0x0, 0x3, 0xfc, 0x0, 0x1e, 0x0, 0x0, 0x0,
    0x7, 0xc0, 0x0, 0xe0, 0x0, 0x0, 0x0, 0x1e,
    0x0, 0xf, 0x0, 0x0, 0x0, 0x0, 0xf0, 0x0,
    0x70, 0x0, 0x0, 0x0, 0x3, 0x80, 0x3, 0x80,
    0x0, 0x0, 0x0, 0x1c, 0x0, 0x1c, 0x0, 0x0,
    0x0, 0x0, 0xe0, 0x0, 0xe0, 0x7, 0xe, 0x1c,
    0x7, 0x1c, 0x7, 0x0, 0x3c, 0x71, 0xe0, 0x39,
    0xf0, 0x3c, 0x1, 0xc7, 0x8f, 0x3, 0xc7, 0x80,
    0xe0, 0xe, 0x3c, 0x70, 0x1e, 0x1c, 0x7, 0x80,
    0xf1, 0xc3, 0x81, 0xe0, 0x0, 0x1f, 0x7, 0x8e,
    0x3c, 0x3e, 0x0, 0x0, 0x7e, 0x38, 0xf1, 0xc7,
    0xe0, 0x0, 0x1, 0xf3, 0xc7, 0x8e, 0x3e, 0x0,
    0x0, 0x3, 0x9e, 0x38, 0x71, 0xc0, 0x0, 0x0,
    0x0, 0xe1, 0xc7, 0x80, 0x0, 0x0, 0x0, 0x7,
    0x1e, 0x38, 0x0, 0x0, 0x0, 0x0, 0x78, 0xe1,
    0xc0, 0x0, 0x0, 0x0, 0x3, 0xc7, 0x1e, 0x0,
    0x0, 0x0, 0x0, 0x1c, 0x78, 0x70, 0x0, 0x0,
    0x0, 0x0, 0x3, 0xc0, 0x0, 0x0, 0x0, 0x0,
    0x0, 0x1c, 0x0, 0x0, 0x0, 0x0, 0x0, 0x0,
    0xe0, 0x0, 0x0, 0x0, 0x0, 0x0, 0xf, 0x0,
    0x0, 0x0, 0x0, 0x0, 0x0, 0x78, 0x0, 0x0,
    0x0, 0x0, 0x0, 0x3, 0x80, 0x0, 0x0, 0x0,
    0x0, 0x0, 0xc, 0x0, 0x0, 0x0, 0x0, 0x0,

    /* U+E30D "" */
    0x0, 0x0, 0x1c, 0x0, 0x0, 0x0, 0x0, 0xe,
    0x0, 0x0, 0x0, 0x0, 0x7, 0x0, 0x0, 0x0,
    0x0, 0x3, 0x80, 0x0, 0x0, 0x0, 0x1, 0xc0,
    0x0, 0x0, 0x0, 0x0, 0xe0, 0x0, 0x0, 0x1e,
    0x0, 0x70, 0x3, 0xc0, 0xf, 0x80, 0x0, 0x3,
    0xe0, 0x3, 0xe0, 0x0, 0x3, 0xe0, 0x0, 0x78,
    0x0, 0x1, 0xe0, 0x0, 0x1c, 0xf, 0xc0, 0xe0,
    0x0, 0x0, 0x1f, 0xf8, 0x0, 0x0, 0x0, 0x3f,
    0xff, 0x0, 0x0, 0x0, 0x3e, 0x7, 0xc0, 0x0,
    0x0, 0x1e, 0x1, 0xe0, 0x0, 0x0, 0x1e, 0x0,
    0x78, 0x0, 0x0, 0xe, 0x0, 0x1c, 0x0, 0x0,
    0xe, 0x0, 0x7, 0x0, 0x0, 0x7, 0x0, 0x3,
    0x80, 0x1f, 0xc3, 0x80, 0x1, 0xc7, 0xff, 0xe1,
    0xc0, 0x0, 0xe3, 0xff, 0xf0, 0xe0, 0x0, 0x71,
    0xfc, 0x0, 0x70, 0x0, 0x38, 0x0, 0x0, 0x1c,
    0x0, 0x38, 0x0, 0x0, 0xf, 0x0, 0x3c, 0x0,
    0x0, 0x3, 0xc0, 0x3c, 0x0, 0x0, 0x1, 0xf0,
    0x3e, 0x0, 0x0, 0x0, 0x7f, 0xfe, 0x0, 0x0,
    0x0, 0xf, 0xfc, 0x0, 0x0, 0x3, 0x81, 0xf8,
    0x1c, 0x0, 0x3, 0xc0, 0x0, 0xf, 0x0, 0x3,
    0xe0, 0x0, 0x7, 0x80, 0x3, 0xe0, 0x0, 0x1,
    0xe0, 0x3, 0xe0, 0x0, 0x0, 0x78, 0x0, 0xe0,
    0x7, 0x0, 0x18, 0x0, 0x0, 0x3, 0x80, 0x0,
    0x0, 0x0, 0x1, 0xc0, 0x0, 0x0, 0x0, 0x0,
    0xe0, 0x0, 0x0, 0x0, 0x0, 0x70, 0x0, 0x0,
    0x0, 0x0, 0x38, 0x0, 0x0, 0x0, 0x0, 0x1c,
    0x0, 0x0, 0x0,

    /* U+E312 "" */
    0x0, 0x0, 0x1, 0xfc, 0x0, 0x0, 0x0, 0x0,
    0x3f, 0xf0, 0x0, 0x0, 0x0, 0x7, 0xff, 0x80,
    0x0, 0x0, 0x0, 0x70, 0x3c, 0x0, 0x0, 0x7,
    0xe0, 0x1, 0xe0, 0x0, 0x1, 0xff, 0x80, 0xe,
    0x0, 0x0, 0x3f, 0xfe, 0x0, 0x70, 0x0, 0x7,
    0xc1, 0xf0, 0x7, 0xf0, 0x0, 0xf0, 0x7, 0x0,
    0x7f, 0x80, 0x1e, 0x0, 0x38, 0x7, 0xfc, 0x1,
    0xc0, 0x3, 0xc0, 0x1, 0xe0, 0x1c, 0x0, 0x1c,
    0x0, 0xe, 0xf, 0xc0, 0x1, 0xfc, 0x0, 0xe1,
    0xf8, 0x0, 0x1f, 0xe0, 0x7, 0x3f, 0x80, 0x1,
    0xff, 0x80, 0x77, 0xc0, 0x0, 0x0, 0x7c, 0x6,
    0x70, 0x0, 0x0, 0x3, 0xc0, 0xef, 0x0, 0x0,
    0x0, 0x1e, 0x1e, 0xe0, 0x0, 0x0, 0x0, 0xe7,
    0xce, 0x0, 0x0, 0x0, 0xe, 0xf8, 0xe0, 0x0,
    0x0, 0x0, 0xef, 0xe, 0x0, 0x0, 0x0, 0xe,
    0x0, 0xf0, 0x0, 0x0, 0x1, 0xe0, 0x7, 0x80,
    0x0, 0x0, 0x3c, 0x0, 0x3c, 0x0, 0x0, 0x7,
    0xc0, 0x3, 0xff, 0xff, 0xff, 0xf8, 0x0, 0xf,
    0xff, 0xff, 0xfe, 0x0, 0x0, 0x3f, 0xff, 0xff,
    0xc0, 0x0,

    /* U+E313 "" */
    0x0, 0x0, 0x7, 0xe0, 0x0, 0x0, 0x0, 0x0,
    0x1f, 0xfc, 0x0, 0x0, 0x0, 0x0, 0x1f, 0xff,
    0x80, 0x0, 0x0, 0x0, 0x1f, 0xdf, 0xe0, 0x0,
    0x0, 0x0, 0x1f, 0x0, 0xf8, 0x0, 0x0, 0x0,
    0x1e, 0x0, 0x3e, 0x0, 0x0, 0x0, 0x1e, 0x0,
    0xf, 0x0, 0x0, 0x0, 0xf, 0x0, 0x3, 0xc0,
    0x0, 0x0, 0x7, 0x0, 0x1, 0xe0, 0x0, 0x0,
    0x7, 0x80, 0x0, 0x7f, 0x0, 0x0, 0xf, 0xc0,
    0x0, 0x3f, 0xe0, 0x0, 0x1f, 0xe0, 0x0, 0x1f,
    0xf8, 0x0, 0x1f, 0xc0, 0x0, 0x0, 0xfe, 0x0,
    0xf, 0x0, 0x0, 0x0, 0xf, 0x80, 0xf, 0x0,
    0x0, 0x0, 0x3, 0xc0, 0x7, 0x0, 0x0, 0x0,
    0x0, 0xf0, 0x0, 0x0, 0x0, 0x0, 0x0, 0x0,
    0x0, 0x0, 0x0, 0x0, 0x0, 0x0, 0x0, 0x0,
    0x0, 0x0, 0x0, 0x0, 0x0, 0x7f, 0xff, 0xff,
    0xff, 0xff, 0x0, 0x7f, 0xff, 0xff, 0xff, 0xff,
    0x80, 0x1f, 0xff, 0xff, 0xff, 0xff, 0xc0, 0x0,
    0x0, 0x0, 0x0, 0x0, 0x0, 0x0, 0x0, 0x0,
    0x0, 0x0, 0x0, 0x0, 0x0, 0x0, 0x0, 0x0,
    0x0, 0x7f, 0xff, 0xff, 0xff, 0xff, 0x80, 0x3f,
    0xff, 0xff, 0xff, 0xff, 0xc0, 0x1f, 0xff, 0xff,
    0xff, 0xff, 0xe0, 0x0, 0x0, 0x0, 0x0, 0x0,
    0x0, 0x0, 0x0, 0x0, 0x0, 0x0, 0x0, 0x0,
    0x0, 0x0, 0x0, 0x0, 0x0, 0x0, 0x0, 0xff,
    0xff, 0xff, 0xff, 0xfe, 0x0, 0x7f, 0xff, 0xff,
    0xff, 0xff, 0x80, 0x3f, 0xff, 0xff, 0xff, 0xff,
    0x80,

    /* U+E318 "" */
    0x0, 0x1, 0xfc, 0x0, 0x0, 0x0, 0x7, 0xff,
    0x0, 0x0, 0x0, 0xf, 0xff, 0xc0, 0x0, 0x0,
    0x3f, 0x7, 0xe0, 0x0, 0x0, 0x3c, 0x1, 0xf0,
    0x0, 0x0, 0x78, 0x0, 0x78, 0x0, 0x0, 0xf0,
    0x0, 0x78, 0x0, 0x0, 0xe0, 0x0, 0x3c, 0x0,
    0x0, 0xe0, 0x0, 0x3c, 0x0, 0x3, 0xe0, 0x0,
    0x1f, 0xc0, 0xf, 0xc0, 0x0, 0x1f, 0xf0, 0x1f,
    0xc0, 0x0, 0x1f, 0xf8, 0x3e, 0x0, 0x0, 0x0,
    0x7c, 0x7c, 0x0, 0x0, 0x0, 0x1e, 0x78, 0x0,
    0x0, 0x0, 0xe, 0xf0, 0x0, 0x0, 0x0, 0xf,
    0xe0, 0x0, 0x0, 0x0, 0x7, 0xe0, 0x0, 0x0,
    0x0, 0x7, 0xe0, 0x0, 0x0, 0x0, 0x7, 0xe0,
    0x3, 0xe, 0x1c, 0x7, 0xe0, 0x7, 0x8e, 0x3c,
    0x7, 0xf0, 0x7, 0x8e, 0x3c, 0xf, 0x70, 0x7,
    0x1e, 0x38, 0xe, 0x78, 0xf, 0x1e, 0x38, 0x1e,
    0x3e, 0xf, 0x1c, 0x78, 0x7c, 0x1f, 0x8e, 0x3c,
    0x71, 0xf8, 0xf, 0x8e, 0x3c, 0x71, 0xf0, 0x3,
    0x9e, 0x38, 0xf1, 0xc0, 0x0, 0x1c, 0x38, 0xf0,
    0x0, 0x0, 0x1c, 0x78, 0xe0, 0x0, 0x0, 0x3c,
    0x78, 0xe0, 0x0, 0x0, 0x3c, 0x71, 0xe0, 0x0,
    0x0, 0x18, 0x70, 0xc0, 0x0, 0x0, 0x0, 0xf0,
    0x0, 0x0, 0x0, 0x0, 0xe0, 0x0, 0x0, 0x0,
    0x0, 0xe0, 0x0, 0x0, 0x0, 0x1, 0xe0, 0x0,
    0x0, 0x0, 0x1, 0xe0, 0x0, 0x0, 0x0, 0x0,
    0xc0, 0x0, 0x0,

    /* U+E31D "" */
    0x0, 0x1, 0xfc, 0x0, 0x0, 0x0, 0x7, 0xff,
    0x0, 0x0, 0x0, 0xf, 0xff, 0xc0, 0x0, 0x0,
    0x3f, 0x7, 0xe0, 0x0, 0x0, 0x3c, 0x1, 0xf0,
    0x0, 0x0, 0x78, 0x0, 0x78, 0x0, 0x0, 0xf0,
    0x0, 0x78, 0x0, 0x0, 0xe0, 0x0, 0x3c, 0x0,
    0x0, 0xe0, 0x0, 0x3c, 0x0, 0x3, 0xc0, 0x0,
    0x1f, 0xc0, 0xf, 0xc0, 0x0, 0x1f, 0xf0, 0x1f,
    0xc0, 0x0, 0x1f, 0xf8, 0x3e, 0x0, 0x0, 0x0,
    0x7c, 0x78, 0x0, 0x0, 0x0, 0x1e, 0x70, 0x0,
    0x0, 0x0, 0xe, 0xf0, 0x0, 0x0, 0x0, 0xf,
    0xe0, 0x0, 0x0, 0x0, 0x7, 0xe0, 0x0, 0x0,
    0x0, 0x7, 0xe0, 0x0, 0x0, 0x0, 0x7, 0xe0,
    0x3f, 0xe, 0x18, 0x7, 0xe0, 0x7f, 0xe, 0x3c,
    0x7, 0xf0, 0x7e, 0xe, 0x38, 0xf, 0x78, 0x7e,
    0x1e, 0x38, 0x1e, 0x7c, 0xfc, 0x1e, 0x38, 0x3e,
    0x3f, 0xfc, 0x1c, 0x78, 0x7c, 0x1f, 0xf8, 0x1c,
    0x71, 0xf8, 0xf, 0xf0, 0x3c, 0x71, 0xf0, 0x3,
    0xf0, 0x38, 0x71, 0xc0, 0x3, 0xff, 0x38, 0xf0,
    0x0, 0x3, 0xfe, 0x78, 0xe0, 0x0, 0x3, 0xfe,
    0x78, 0xe0, 0x0, 0x0, 0x3c, 0x70, 0xe0, 0x0,
    0x0, 0x38, 0x70, 0xe0, 0x0, 0x0, 0x78, 0xf0,
    0x0, 0x0, 0x0, 0x70, 0xf0, 0x0, 0x0, 0x0,
    0x60, 0xe0, 0x0, 0x0, 0x0, 0x60, 0xe0, 0x0,
    0x0, 0x0, 0xc0, 0xe0, 0x0, 0x0, 0x0, 0x80,
    0xc0, 0x0, 0x0, 0x0, 0x80, 0x0, 0x0, 0x0,

    /* U+E33D "" */
    0x0, 0x1, 0xfc, 0x0, 0x0, 0x0, 0x7, 0xff,
    0x0, 0x0, 0x0, 0xf, 0xff, 0xc0, 0x0, 0x0,
    0x3f, 0x7, 0xe0, 0x0, 0x0, 0x3c, 0x1, 0xf0,
    0x0, 0x0, 0x78, 0x0, 0x70, 0x0, 0x0, 0xf0,
    0x0, 0x78, 0x0, 0x0, 0xe0, 0x0, 0x38, 0x0,
    0x0, 0xe0, 0x0, 0x3c, 0x0, 0x3, 0xc0, 0x0,
    0x1f, 0xc0, 0xf, 0xc0, 0x0, 0x1f, 0xf0, 0x1f,
    0xc0, 0x0, 0x1f, 0xf8, 0x3e, 0x0, 0x0, 0x0,
    0x7c, 0x78, 0x0, 0x0, 0x0, 0x1e, 0x70, 0x0,
    0x0, 0x0, 0xe, 0xf0, 0x0, 0x0, 0x0, 0xf,
    0xe0, 0x0, 0x0, 0x0, 0x7, 0xe0, 0x0, 0x0,
    0x0, 0x7, 0xe0, 0x0, 0x0, 0x0, 0x7, 0xe0,
    0x0, 0x0, 0x0, 0x7, 0xe0, 0x0, 0x0, 0x0,
    0x7, 0xf0, 0x0, 0x0, 0x0, 0xf, 0x70, 0x0,
    0x0, 0x0, 0xe, 0x78, 0x0, 0x0, 0x0, 0x1e,
    0x3e, 0x0, 0x0, 0x0, 0x7c, 0x1f, 0xff, 0xff,
    0xff, 0xf8, 0xf, 0xff, 0xff, 0xff, 0xf0, 0x3,
    0xff, 0xff, 0xff, 0xc0,

    /* U+E34A "" */
    0x0, 0x0, 0x0, 0x0, 0x0, 0x0, 0x0, 0x0,
    0x0, 0x0, 0x0, 0x0, 0x30, 0x0, 0x0, 0x0,
    0x0, 0x0, 0x0, 0x1e, 0x0, 0x0, 0x0, 0x0,
    0x0, 0x0, 0xf, 0xc0, 0x0, 0x0, 0x0, 0x0,
    0x0, 0x7, 0xf0, 0x0, 0x0, 0x0, 0x0, 0x0,
    0x1, 0xfe, 0x0, 0x0, 0x0, 0x0, 0x0, 0x0,
    0xff, 0xc0, 0x0, 0x0, 0x0, 0x0, 0x0, 0x7f,
    0xf0, 0x0, 0x0, 0x0, 0x0, 0x0, 0x1f, 0xfe,
    0x0, 0x0, 0x0, 0x0, 0x0, 0x7, 0xff, 0x80,
    0x0, 0x0, 0x0, 0x0, 0x3, 0xff, 0xf0, 0x0,
    0x0, 0x0, 0x0, 0x0, 0xff, 0xfc, 0x0, 0x0,
    0x0, 0x0, 0x0, 0x3f, 0xff, 0x0, 0x0, 0x0,
    0x0, 0x0, 0xf, 0xff, 0xc0, 0x0, 0x0, 0x0,
    0x0, 0x3, 0xff, 0xf0, 0x0, 0x0, 0xc0, 0x0,
    0x0, 0x7f, 0xf8, 0x0, 0x0, 0x78, 0x0, 0x0,
    0x1f, 0xfe, 0x0, 0x0, 0x3f, 0x0, 0x0, 0x3,
    0xff, 0x0, 0x0, 0x1f, 0xe0, 0x0, 0x0, 0x7f,
    0x80, 0x0, 0x7, 0xfc, 0x0, 0x0, 0x1, 0x0,
    0x0, 0x3, 0xff, 0x0, 0x0, 0x0, 0x0, 0x0,
    0x1, 0xff, 0xe0, 0x0, 0x0, 0x0, 0x0, 0x0,
    0xff, 0xfc, 0x0, 0x0, 0x0, 0x0, 0x0, 0x3f,
    0xff, 0x0, 0x0, 0x0, 0x0, 0x0, 0x1f, 0xff,
    0xe0, 0x0, 0x0, 0x0, 0x0, 0x7, 0xff, 0xfc,
    0x0, 0x0, 0x0, 0x0, 0x3, 0xff, 0xff, 0x0,
    0x0, 0x0, 0x0, 0x1, 0xff, 0xff, 0xe0, 0x0,
    0x0, 0x0, 0x0, 0x7f, 0xff, 0xf8, 0x0, 0x0,
    0x0, 0x0, 0x1f, 0xff, 0xfe, 0x0, 0x0, 0x0,
    0x0, 0xf, 0xff, 0xff, 0xc0, 0x0, 0x0, 0x0,
    0x3, 0xff, 0xff, 0xf0, 0x0, 0x0, 0x0, 0x0,
    0xff, 0xff, 0xfc, 0x0, 0x0, 0x0, 0x0, 0x3f,
    0xff, 0xff, 0x0, 0x0, 0x0, 0x0, 0xf, 0xff,
    0xff, 0xc0, 0x0, 0x0, 0x0, 0x3, 0xff, 0xff,
    0xf0, 0x0, 0x6, 0x0, 0x0, 0x7f, 0xff, 0xf8,
    0x0, 0x3, 0xc0, 0x0, 0x1f, 0xff, 0xfe, 0x0,
    0x1, 0xf8, 0x0, 0x3, 0xff, 0xff, 0x0, 0x0,
    0xff, 0x0, 0x0, 0x7f, 0xff, 0x80, 0x0, 0x7f,
    0xe0, 0x0, 0xf, 0xff, 0xc0, 0x0, 0x1f, 0xfc,
    0x0, 0x1, 0xff, 0xe0, 0x0, 0xf, 0xff, 0x80,
    0x0, 0x1f, 0xe0, 0x0, 0x7, 0xff, 0xf0, 0x0,
    0x0, 0x0, 0x0, 0x3, 0xff, 0xfe, 0x0, 0x0,
    0x0, 0x0, 0x1, 0xff, 0xff, 0x80, 0x0, 0x0,
    0x0, 0x0, 0xff, 0xff, 0xf0, 0x0, 0x0, 0x0,
    0x0, 0x3f, 0xff, 0xfe, 0x0, 0x0, 0x0, 0x0,
    0x1f, 0xff, 0xff, 0xc0, 0x0, 0x0, 0x0, 0xf,
    0xff, 0xff, 0xf8, 0x0, 0x0, 0x0, 0x3, 0xff,
    0xff, 0xfe, 0x0, 0x0, 0x0, 0x1, 0xff, 0xff,
    0xff, 0xc0, 0x0, 0x0, 0x0, 0xff, 0xff, 0xff,
    0xf0, 0x0, 0x0, 0x0, 0x3f, 0xff, 0xff, 0xfe,
    0x0, 0x0, 0x0, 0x1f, 0xff, 0xff, 0xff, 0x80,
    0x0, 0x0, 0x7, 0xff, 0xff, 0xff, 0xf0, 0x0,
    0x0, 0x1, 0xff, 0xff, 0xff, 0xfc, 0x0, 0x0,
    0x0, 0xff, 0xff, 0xff, 0xff, 0x80, 0x0, 0x0,
    0x3f, 0xff, 0xff, 0xff, 0xe0, 0x0, 0x0, 0xf,
    0xff, 0xff, 0xff, 0xf8, 0x0, 0x0, 0x7, 0xff,
    0xff, 0xff, 0xfe, 0x0, 0x0, 0x1, 0xff, 0xff,
    0xff, 0xff, 0xc0, 0x0, 0x0, 0x7f, 0xff, 0xff,
    0xff, 0xf0, 0x0, 0x0, 0x1f, 0xff, 0xff, 0xff,
    0xfc, 0x0, 0x0, 0x7, 0xff, 0xff, 0xff, 0xff,
    0x0, 0x0, 0x1, 0xff, 0xff, 0xff, 0xff, 0xc0,
    0x0, 0x0, 0x7f, 0xff, 0xff, 0xff, 0xf0, 0x0,
    0x0, 0xf, 0xff, 0xff, 0xff, 0xf8, 0x0, 0x0,
    0x3, 0xff, 0xff, 0xff, 0xfe, 0x0, 0x0, 0x0,
    0xff, 0xff, 0xff, 0xff, 0x80, 0x0, 0x0, 0x1f,
    0xff, 0xff, 0xff, 0xc0, 0x0, 0x0, 0x7, 0xff,
    0xff, 0xff, 0xf0, 0x0, 0x0, 0x0, 0xff, 0xff,
    0xff, 0xf8, 0x0, 0x0, 0x0, 0x3f, 0xff, 0xff,
    0xfe, 0x0, 0x0, 0x0, 0x7, 0xff, 0xff, 0xff,
    0x0, 0x0, 0x0, 0x0, 0xff, 0xff, 0xff, 0x80,
    0x0, 0x0, 0x0, 0x1f, 0xff, 0xff, 0xc0, 0x0,
    0x0, 0x0, 0x3, 0xff, 0xff, 0xe0, 0x0, 0x0,
    0x0, 0x0, 0x3f, 0xff, 0xe0, 0x0, 0x0, 0x0,
    0x0, 0x3, 0xff, 0xe0, 0x0, 0x0, 0x0, 0x0,
    0x0, 0xf, 0x80, 0x0,

    /* U+E34C "" */
    0x0, 0x0, 0x0, 0x1c, 0x0, 0x0, 0x0, 0x0,
    0x0, 0x0, 0x7, 0x80, 0x0, 0x0, 0x0, 0x0,
    0x0, 0x1, 0xe0, 0x0, 0x0, 0x0, 0x0, 0x0,
    0x0, 0x78, 0x0, 0x0, 0x0, 0x0, 0x0, 0x0,
    0x1e, 0x0, 0x0, 0x0, 0x0, 0x0, 0x0, 0x7,
    0x80, 0x0, 0x0, 0x0, 0x0, 0x0, 0x1, 0xe0,
    0x0, 0x0, 0x0, 0x0, 0x0, 0x0, 0x78, 0x0,
    0x0, 0x0, 0x0, 0xf0, 0x0, 0x1e, 0x0, 0x3,
    0xc0, 0x0, 0x3e, 0x0, 0x7, 0x0, 0x1, 0xf0,
    0x0, 0xf, 0xc0, 0x0, 0x0, 0x0, 0xfc, 0x0,
    0x3, 0xf8, 0x0, 0x0, 0x0, 0x7f, 0x0, 0x0,
    0x7f, 0x0, 0x0, 0x0, 0x3f, 0x80, 0x0, 0xf,
    0xc0, 0x0, 0x0, 0xf, 0xc0, 0x0, 0x1, 0xf0,
    0x0, 0x0, 0x3, 0xe0, 0x0, 0x0, 0x3c, 0x3,
    0xff, 0x0, 0xf0, 0x0, 0x0, 0x0, 0x3, 0xff,
    0xf0, 0x0, 0x0, 0x0, 0x0, 0x3, 0xff, 0xff,
    0x0, 0x0, 0x0, 0x0, 0x1, 0xff, 0xff, 0xe0,
    0x0, 0x0, 0x0, 0x0, 0xff, 0x3, 0xfc, 0x0,
    0x0, 0x0, 0x0, 0x7f, 0x0, 0x3f, 0x80, 0x0,
    0x0, 0x0, 0x1f, 0x0, 0x7, 0xe0, 0x0, 0x0,
    0x0, 0xf, 0x80, 0x0, 0xfc, 0x0, 0x0, 0x0,
    0x3, 0xe0, 0x0, 0x1f, 0x0, 0x0, 0x0, 0x1,
    0xf0, 0x0, 0x3, 0xe0, 0x0, 0x0, 0x0, 0x7c,
    0x0, 0x0, 0xf8, 0x0, 0x7, 0xf8, 0x1e, 0x0,
    0x0, 0x3e, 0x7, 0xfb, 0xff, 0x7, 0x80, 0x0,
    0x7, 0x83, 0xff, 0xff, 0xc1, 0xe0, 0x0, 0x1,
    0xe0, 0xff, 0xdf, 0xe0, 0x78, 0x0, 0x0, 0x78,
    0x1f, 0xe0, 0x0, 0x1f, 0x0, 0x0, 0x3e, 0x0,
    0x0, 0x0, 0x7, 0xc0, 0x0, 0xf, 0x80, 0x0,
    0x0, 0x1, 0xf0, 0xc, 0x3, 0xe0, 0x0, 0x0,
    0x0, 0x3e, 0x7, 0x81, 0xf0, 0x0, 0x0, 0x0,
    0xf, 0xc3, 0xf0, 0xfc, 0x0, 0x0, 0x0, 0x0,
    0x1, 0xfe, 0x0, 0x0, 0x0, 0x0, 0x0, 0x0,
    0xff, 0xc0, 0x0, 0x0, 0x0, 0x0, 0x0, 0x7f,
    0xf8, 0x0, 0x0, 0x0, 0x0, 0x0, 0x3f, 0x7f,
    0x0, 0x0, 0x0, 0x0, 0x1f, 0xff, 0x87, 0xff,
    0xc0, 0x0, 0x0, 0xf, 0xff, 0xc0, 0xff, 0xf8,
    0x0, 0x0, 0x3, 0xff, 0xe0, 0x1f, 0xfe, 0x0,
    0x0, 0x0, 0x7f, 0xf0, 0x3, 0xff, 0x0, 0x0,

    /* U+E34D "" */
    0x0, 0x0, 0x0, 0x1c, 0x0, 0x0, 0x0, 0x0,
    0x0, 0x0, 0x1f, 0x0, 0x0, 0x0, 0x0, 0x0,
    0x0, 0xf, 0x80, 0x0, 0x0, 0x0, 0x0, 0x0,
    0x7, 0xc0, 0x0, 0x0, 0x0, 0x0, 0x0, 0x3,
    0xe0, 0x0, 0x0, 0x0, 0x0, 0x0, 0x1, 0xf0,
    0x0, 0x0, 0x0, 0x0, 0x0, 0x0, 0xf8, 0x0,
    0x0, 0x0, 0x0, 0x0, 0x0, 0x7c, 0x0, 0x0,
    0x0, 0x0, 0xf0, 0x0, 0x3e, 0x0, 0x7, 0x80,
    0x0, 0x7c, 0x0, 0xe, 0x0, 0x7, 0xc0, 0x0,
    0x3f, 0x0, 0x0, 0x0, 0x7, 0xe0, 0x0, 0x1f,
    0xc0, 0x0, 0x0, 0x7, 0xf0, 0x0, 0x7, 0xf0,
    0x0, 0x0, 0x7, 0xf0, 0x0, 0x1, 0xf8, 0x0,
    0x0, 0x3, 0xf0, 0x0, 0x0, 0x7c, 0x0, 0x20,
    0x1, 0xf0, 0x0, 0x0, 0x1e, 0x3, 0xff, 0x80,
    0x70, 0x0, 0x0, 0x0, 0x7, 0xff, 0xf0, 0x0,
    0x0, 0x0, 0x0, 0x7, 0xff, 0xfc, 0x0, 0x0,
    0x0, 0x0, 0x7, 0xff, 0xff, 0x0, 0x0, 0x0,
    0x0, 0x7, 0xfe, 0xff, 0xc0, 0x0, 0x0, 0x0,
    0x7, 0xf0, 0x7, 0xf0, 0x0, 0x0, 0x0, 0x7,
    0xf0, 0x1, 0xfc, 0x0, 0x0, 0x0, 0x3, 0xe0,
    0x0, 0x7e, 0x0, 0x0, 0x0, 0x1, 0xf0, 0x0,
    0x1f, 0x80, 0x0, 0x0, 0x1, 0xf0, 0x0, 0x7,
    0xc0, 0x0, 0x0, 0x0, 0xf8, 0x0, 0x3, 0xe0,
    0x0, 0x0, 0x0, 0x78, 0x0, 0x0, 0xf0, 0x0,
    0xf, 0xf0, 0x3c, 0x0, 0x0, 0x78, 0x1f, 0xef,
    0xfc, 0x1e, 0x0, 0x0, 0x3c, 0x1f, 0xff, 0xfe,
    0xf, 0x0, 0x0, 0x1e, 0xf, 0xfd, 0xfe, 0x7,
    0x80, 0x0, 0xf, 0x3, 0xfc, 0x0, 0x3, 0xe0,
    0x0, 0xf, 0x80, 0x0, 0x0, 0x1, 0xf0, 0x0,
    0x7, 0xc0, 0x0, 0x0, 0x0, 0xf8, 0x0, 0x3,
    0xe0, 0x0, 0x0, 0x0, 0x3e, 0x0, 0x3, 0xe0,
    0x0, 0x0, 0x0, 0x0, 0x0, 0x0, 0x0, 0x0,
    0x0, 0x0, 0x0, 0x0, 0x0, 0x0, 0x0, 0x0,
    0x0, 0x0, 0x0, 0x0, 0x0, 0x0, 0x0, 0x0,
    0x0, 0x0, 0x0, 0x0, 0x0, 0x0, 0x0, 0x7,
    0xfc, 0x0, 0x7f, 0xe0, 0x0, 0x0, 0x7, 0xff,
    0x80, 0xff, 0xf8, 0x0, 0x0, 0x3, 0xff, 0xe0,
    0xff, 0xfc, 0x0, 0x0, 0x0, 0xff, 0xf8, 0xff,
    0xfc, 0x0, 0x0, 0x0, 0x0, 0xfe, 0xfe, 0x0,
    0x0, 0x0, 0x0, 0x0, 0x3f, 0xfe, 0x0, 0x0,
    0x0, 0x0, 0x0, 0xf, 0xfc, 0x0, 0x0, 0x0,
    0x0, 0x0, 0x1, 0xfc, 0x0, 0x0, 0x0, 0x0,
    0x0, 0x0, 0x7c, 0x0, 0x0, 0x0, 0x0, 0x0,
    0x0, 0x1c, 0x0, 0x0, 0x0, 0x0, 0x0, 0x0,
    0x4, 0x0, 0x0, 0x0, 0x0,

    /* U+E350 "" */
    0x0, 0x0, 0x7e, 0x0, 0x0, 0x0, 0x3, 0xff,
    0xc0, 0x0, 0x0, 0x7, 0xff, 0xe0, 0x0, 0x0,
    0xf, 0xff, 0xf0, 0x0, 0x0, 0x1f, 0xff, 0xf8,
    0x0, 0x0, 0x3f, 0xff, 0xfc, 0x0, 0x0, 0x3f,
    0xc3, 0xfc, 0x0, 0x0, 0x3f, 0x81, 0xfc, 0x0,
    0x0, 0x7f, 0x0, 0xfe, 0x0, 0x0, 0x7f, 0x0,
    0xfe, 0x0, 0x0, 0x7f, 0x0, 0xfe, 0x0, 0x0,
    0x7f, 0x0, 0xfe, 0x0, 0x0, 0x7f, 0x0, 0xfe,
    0x0, 0x0, 0x7f, 0x0, 0xfe, 0x0, 0x0, 0x7f,
    0x0, 0xfe, 0x0, 0x0, 0x7f, 0x0, 0xfe, 0x0,
    0x0, 0x7f, 0x0, 0xfe, 0x0, 0x0, 0x7f, 0x0,
    0xfe, 0x0, 0x0, 0x7f, 0x0, 0xfe, 0x0, 0x0,
    0x7f, 0x0, 0xfe, 0x0, 0x0, 0x7f, 0x0, 0xfe,
    0x0, 0x0, 0x7f, 0x0, 0xfe, 0x0, 0x0, 0x7f,
    0x0, 0xfe, 0x0, 0x0, 0x7f, 0x0, 0xfe, 0x0,
    0x0, 0x7f, 0x0, 0xfe, 0x0, 0x0, 0x7f, 0x0,
    0xfe, 0x0, 0x0, 0x7f, 0x10, 0xfe, 0x0, 0x0,
    0x7f, 0x10, 0xfe, 0x0, 0x0, 0x7f, 0x10, 0xfe,
    0x0, 0x0, 0x7f, 0x10, 0xfe, 0x0, 0x0, 0x7f,
    0x10, 0xfe, 0x0, 0x0, 0x7f, 0x10, 0xfe, 0x0,
    0x0, 0x7f, 0x10, 0xfe, 0x0, 0x0, 0x7f, 0x10,
    0xfe, 0x0, 0x0, 0x7f, 0x10, 0xfe, 0x0, 0x0,
    0x7f, 0x10, 0xfe, 0x0, 0x0, 0x7f, 0x10, 0xfe,
    0x0, 0x0, 0x7f, 0x10, 0xfe, 0x0, 0x0, 0x7f,
    0x10, 0xfe, 0x0, 0x0, 0x7f, 0x10, 0xfe, 0x0,
    0x0, 0x7f, 0x10, 0xfe, 0x0, 0x0, 0x7f, 0x10,
    0xfe, 0x0, 0x0, 0x7f, 0x10, 0xfe, 0x0, 0x0,
    0x7f, 0x10, 0xfe, 0x0, 0x0, 0x7f, 0x10, 0xfe,
    0x0, 0x0, 0x7f, 0x10, 0xfe, 0x0, 0x0, 0x7f,
    0x10, 0xfe, 0x0, 0x0, 0x7f, 0x10, 0xfe, 0x0,
    0x0, 0x7f, 0x10, 0xfe, 0x0, 0x0, 0x7f, 0x10,
    0xfe, 0x0, 0x0, 0xff, 0x10, 0xff, 0x0, 0x1,
    0xff, 0x10, 0xff, 0x80, 0x3, 0xff, 0x10, 0xff,
    0xc0, 0x7, 0xff, 0x10, 0xff, 0xe0, 0xf, 0xfe,
    0x10, 0x7f, 0xf0, 0x1f, 0xf8, 0x10, 0x1f, 0xf8,
    0x1f, 0xf0, 0x10, 0xf, 0xf8, 0x3f, 0xe0, 0xfe,
    0x7, 0xfc, 0x3f, 0xc3, 0xff, 0x83, 0xfc, 0x7f,
    0x87, 0xff, 0xc1, 0xfe, 0x7f, 0x8f, 0xff, 0xe0,
    0xfe, 0x7f, 0xf, 0xff, 0xf0, 0xfe, 0xff, 0x1f,
    0xff, 0xf8, 0xff, 0xfe, 0x1f, 0xff, 0xf8, 0x7f,
    0xfe, 0x3f, 0xff, 0xf8, 0x7f, 0xfe, 0x3f, 0xff,
    0xf8, 0x7f, 0xfe, 0x3f, 0xff, 0xf8, 0x7f, 0xfe,
    0x3f, 0xff, 0xf8, 0x7f, 0xfe, 0x3f, 0xff, 0xf8,
    0x7f, 0xfe, 0x3f, 0xff, 0xf8, 0x7f, 0xff, 0x1f,
    0xff, 0xf8, 0xff, 0x7f, 0x1f, 0xff, 0xf0, 0xfe,
    0x7f, 0xf, 0xff, 0xf0, 0xfe, 0x7f, 0x8f, 0xff,
    0xe1, 0xfe, 0x3f, 0x87, 0xff, 0xc3, 0xfc, 0x3f,
    0xc1, 0xff, 0x3, 0xfc, 0x1f, 0xe0, 0x7c, 0x7,
    0xf8, 0xf, 0xf0, 0x0, 0x1f, 0xf0, 0xf, 0xfc,
    0x0, 0x3f, 0xf0, 0x7, 0xff, 0x1, 0xff, 0xe0,
    0x3, 0xff, 0xff, 0xff, 0xc0, 0x1, 0xff, 0xff,
    0xff, 0x80, 0x0, 0x7f, 0xff, 0xfe, 0x0, 0x0,
    0x3f, 0xff, 0xfc, 0x0, 0x0, 0xf, 0xff, 0xf0,
    0x0, 0x0, 0x1, 0xff, 0x0, 0x0,

    /* U+E373 "" */
    0x0, 0x0, 0x0, 0x0, 0x0, 0x0, 0x0, 0x0,
    0x60, 0x0, 0x0, 0x0, 0x0, 0xf, 0x80, 0x0,
    0x0, 0x0, 0x1, 0xfc, 0x0, 0x0, 0x0, 0x0,
    0x3f, 0xc0, 0x0, 0x0, 0x0, 0x7, 0xfe, 0x0,
    0x0, 0x0, 0x0, 0xff, 0xf0, 0x0, 0x0, 0x0,
    0x1f, 0xff, 0x80, 0x0, 0x0, 0x3, 0xff, 0xfc,
    0x0, 0x0, 0x0, 0x7f, 0xff, 0xe0, 0x0, 0x0,
    0xf, 0xff, 0xff, 0x0, 0x0, 0x1, 0xff, 0xff,
    0xf8, 0x0, 0x0, 0x1f, 0xff, 0xff, 0x80, 0x0,
    0x3, 0xff, 0xff, 0xfc, 0x0, 0x0, 0x7f, 0xff,
    0xff, 0xe0, 0x0, 0xf, 0xff, 0xff, 0xff, 0x0,
    0x0, 0xff, 0xff, 0xff, 0xf0, 0x0, 0x1f, 0xff,
    0xff, 0xff, 0x80, 0x3, 0xf1, 0xff, 0xf0, 0xfc,
    0x0, 0x38, 0x7, 0xfe, 0x1f, 0xc0, 0x7, 0x0,
    0x3f, 0xe1, 0xfe, 0x0, 0xf0, 0x3, 0xfc, 0x3f,
    0xf0, 0xe, 0xc, 0x1f, 0xc3, 0xff, 0x1, 0xe0,
    0xe1, 0xf8, 0x7f, 0xf8, 0x1e, 0x1e, 0x1f, 0x87,
    0xff, 0x83, 0xe1, 0xe1, 0xf0, 0xff, 0xfc, 0x3e,
    0x1e, 0x1f, 0xf, 0xff, 0xc3, 0xe1, 0xe1, 0xf0,
    0xff, 0xfc, 0x7e, 0x1e, 0x1e, 0x1f, 0xff, 0xe7,
    0xe0, 0xe1, 0xe1, 0xff, 0xfe, 0x7e, 0xc, 0x1c,
    0x3f, 0xff, 0xef, 0xf0, 0x3, 0xc3, 0xff, 0xff,
    0xff, 0x80, 0x38, 0x7f, 0x7f, 0xff, 0xfc, 0x7,
    0x87, 0x80, 0xff, 0xff, 0xff, 0xf0, 0xf0, 0x7,
    0xff, 0xff, 0xff, 0xe, 0x0, 0x3f, 0xff, 0xff,
    0xe1, 0xe0, 0xc3, 0xff, 0xff, 0xfe, 0x1c, 0x1c,
    0x1f, 0xff, 0xff, 0xc3, 0xc1, 0xc1, 0xff, 0xff,
    0xfc, 0x3c, 0x1c, 0x1f, 0x7f, 0xff, 0x87, 0xc1,
    0xc1, 0xe7, 0xff, 0xf8, 0x7c, 0x1c, 0x1e, 0x7f,
    0xff, 0xf, 0xc1, 0xc1, 0xe3, 0xff, 0xf0, 0xfc,
    0x1c, 0x1c, 0x3f, 0xff, 0x1f, 0xe0, 0xc3, 0xc1,
    0xff, 0xe1, 0xfe, 0x0, 0x38, 0x1f, 0xfe, 0x1f,
    0xf0, 0x7, 0x80, 0xff, 0xc3, 0xff, 0x80, 0xf0,
    0xf, 0xfc, 0x3f, 0xfe, 0x3e, 0x0, 0x7f, 0xff,
    0xff, 0xff, 0xe0, 0x3, 0xff, 0xff, 0xff, 0xfc,
    0x0, 0x1f, 0xff, 0xff, 0xff, 0x80, 0x0, 0xff,
    0xff, 0xff, 0xe0, 0x0, 0x3, 0xff, 0xff, 0xfc,
    0x0, 0x0, 0x1f, 0xff, 0xff, 0x0, 0x0, 0x0,
    0x7f, 0xff, 0xc0, 0x0, 0x0, 0x0, 0xff, 0xe0,
    0x0, 0x0,

    /* U+EA77 "" */
    0x0, 0x0, 0x0, 0x0, 0x0, 0x0, 0x0, 0x0,
    0x0, 0x0, 0x7, 0x80, 0x0, 0x0, 0x0, 0x0,
    0x0, 0x3f, 0xff, 0x0, 0x0, 0x0, 0x0, 0x0,
    0x7f, 0xff, 0xf0, 0x0, 0x0, 0x0, 0x0, 0x3f,
    0xff, 0xff, 0x0, 0x0, 0x0, 0x0, 0x3f, 0xc0,
    0xf, 0xf0, 0x0, 0x0, 0x0, 0x1f, 0x80, 0x0,
    0xfe, 0x0, 0x0, 0x0, 0xf, 0x80, 0x0, 0xf,
    0xc0, 0x0, 0x0, 0x7, 0xc0, 0x0, 0x0, 0xf8,
    0x0, 0x0, 0x3, 0xe0, 0x0, 0x0, 0x1f, 0x0,
    0x0, 0x1, 0xf0, 0x0, 0x0, 0x3, 0xe0, 0x0,
    0x0, 0xf8, 0x0, 0x0, 0x0, 0x78, 0x0, 0x0,
    0xc, 0x0, 0x0, 0x0, 0xf, 0x0, 0x0, 0x0,
    0x0, 0x0, 0x0, 0x3, 0xc0, 0x0, 0x0, 0x0,
    0x0, 0x0, 0x0, 0x78, 0x0, 0x0, 0x0, 0x0,
    0x0, 0x0, 0x1e, 0x0, 0x0, 0x0, 0x0, 0x0,
    0x0, 0x3, 0x80, 0x0, 0x0, 0x0, 0x0, 0x0,
    0x0, 0xf0, 0x0, 0x1e, 0x0, 0x0, 0x0, 0x2,
    0x3c, 0x30, 0xf, 0xc0, 0x0, 0x0, 0x1, 0xc7,
    0x1c, 0x7, 0xf8, 0x0, 0x0, 0x0, 0xf9, 0xcf,
    0x83, 0xff, 0x0, 0x0, 0x0, 0x1f, 0x77, 0xe1,
    0xff, 0xe0, 0x0, 0x0, 0x3, 0xff, 0xf0, 0xff,
    0xfc, 0x0, 0x0, 0x0, 0x7f, 0xf8, 0x7f, 0xff,
    0x80, 0x0, 0x0, 0xf, 0xfc, 0x3f, 0x7b, 0xf0,
    0x0, 0x0, 0x1, 0xfe, 0x7, 0x8e, 0x78, 0x0,
    0x0, 0x0, 0x3f, 0x0, 0xc3, 0x8c, 0x0, 0x0,
    0x0, 0x7, 0x80, 0x0, 0xf0, 0x0, 0x0, 0x0,
    0x0, 0x0, 0x0, 0x3c, 0x0, 0x0, 0x0, 0x0,
    0x0, 0x0, 0xf, 0x80, 0x0, 0x0, 0x0, 0x0,
    0x0, 0x1, 0xe0, 0x0, 0x0, 0x0, 0x0, 0x0,
    0x0, 0x7c, 0x0, 0x0, 0x0, 0xc, 0x0, 0x0,
    0xf, 0x0, 0x0, 0x0, 0x3, 0xc0, 0x0, 0x3,
    0xe0, 0x0, 0x0, 0x1, 0xe0, 0x0, 0x0, 0x7c,
    0x0, 0x0, 0x0, 0xf8, 0x0, 0x0, 0xf, 0x80,
    0x0, 0x0, 0x7c, 0x0, 0x0, 0x1, 0xf0, 0x0,
    0x0, 0x3e, 0x0, 0x0, 0x0, 0x3f, 0x0, 0x0,
    0x3f, 0x0, 0x0, 0x0, 0x7, 0xf0, 0x0, 0x3f,
    0x80, 0x0, 0x0, 0x0, 0xff, 0x80, 0x7f, 0x80,
    0x0, 0x0, 0x0, 0x1f, 0xff, 0xff, 0xc0, 0x0,
    0x0, 0x0, 0x1, 0xff, 0xff, 0xc0, 0x0, 0x0,
    0x0, 0x0, 0xf, 0xff, 0xc0, 0x0, 0x0, 0x0,
    0x0, 0x0, 0x3e, 0x0, 0x0, 0x0, 0x0, 0x0,
    0x0, 0x0, 0x0, 0x0, 0x0, 0x0,

    /* U+EA9A "" */
    0x0, 0x0, 0xf, 0x0, 0x0, 0x0, 0x0, 0x0,
    0xf0, 0x0, 0x0, 0x0, 0x0, 0xf, 0x0, 0x0,
    0x0, 0x0, 0x0, 0xf0, 0x0, 0x0, 0x0, 0x0,
    0xf, 0x0, 0x0, 0x0, 0x0, 0x0, 0xf0, 0x0,
    0x0, 0x0, 0x0, 0xf, 0x0, 0x0, 0x0, 0x0,
    0x0, 0xf0, 0x0, 0x0, 0x0, 0x0, 0xf, 0x0,
    0x0, 0x0, 0x0, 0x0, 0xf0, 0x0, 0x0, 0x0,
    0x0, 0xf, 0x0, 0x0, 0x0, 0x0, 0x0, 0xf0,
    0x0, 0x0, 0x0, 0x0, 0xf, 0x0, 0x0, 0x0,
    0x0, 0x0, 0xf0, 0x0, 0x0, 0x0, 0x0, 0xf,
    0x0, 0x0, 0x0, 0x0, 0x0, 0xf0, 0x0, 0x0,
    0x0, 0x0, 0xf, 0x0, 0x0, 0x0, 0x0, 0x0,
    0xf0, 0x0, 0x0, 0x0, 0x0, 0xf, 0x0, 0x0,
    0x0, 0x0, 0x0, 0xf0, 0x0, 0x0, 0x0, 0x0,
    0xf, 0x0, 0x0, 0x0, 0x0, 0x0, 0xf0, 0x0,
    0x0, 0x0, 0x0, 0xf, 0x0, 0x0, 0x0, 0x0,
    0x0, 0xf0, 0x0, 0x0, 0x0, 0x0, 0xf, 0x0,
    0x0, 0x0, 0x0, 0x0, 0xf0, 0x0, 0x0, 0x30,
    0x0, 0xf, 0x0, 0x0, 0xc7, 0x80, 0x0, 0xf0,
    0x0, 0x1e, 0xfc, 0x0, 0xf, 0x0, 0x3, 0xf7,
    0xe0, 0x0, 0xf0, 0x0, 0x7e, 0x3f, 0x0, 0xf,
    0x0, 0xf, 0xc1, 0xf8, 0x0, 0xf0, 0x1, 0xf8,
    0xf, 0xc0, 0xf, 0x0, 0x3f, 0x0, 0x7e, 0x0,
    0xf0, 0x7, 0xe0, 0x3, 0xf0, 0xf, 0x0, 0xfc,
    0x0, 0x1f, 0x80, 0xf0, 0x1f, 0x80, 0x0, 0xfc,
    0xf, 0x3, 0xf0, 0x0, 0x7, 0xe0, 0xf0, 0x7e,
    0x0, 0x0, 0x3f, 0xf, 0xf, 0xc0, 0x0, 0x1,
    0xf8, 0xf1, 0xf8, 0x0, 0x0, 0xf, 0xcf, 0x3f,
    0x0, 0x0, 0x0, 0x7e, 0xf7, 0xe0, 0x0, 0x0,
    0x3, 0xff, 0xfc, 0x0, 0x0, 0x0, 0x1f, 0xff,
    0x80, 0x0, 0x0, 0x0, 0xff, 0xf0, 0x0, 0x0,
    0x0, 0x7, 0xfe, 0x0, 0x0, 0x0, 0x0, 0x3f,
    0xc0, 0x0, 0x0, 0x0, 0x1, 0xf8, 0x0, 0x0,
    0x0, 0x0, 0xf, 0x0, 0x0, 0x0,

    /* U+EA9B "" */
    0x0, 0x0, 0x8, 0x0, 0x0, 0x0, 0x0, 0x0,
    0xe, 0x0, 0x0, 0x0, 0x0, 0x0, 0xf, 0x80,
    0x0, 0x0, 0x0, 0x0, 0xf, 0xc0, 0x0, 0x0,
    0x0, 0x0, 0xf, 0xc0, 0x0, 0x0, 0x0, 0x0,
    0xf, 0xc0, 0x0, 0x0, 0x0, 0x0, 0xf, 0xc0,
    0x0, 0x0, 0x0, 0x0, 0xf, 0xc0, 0x0, 0x0,
    0x0, 0x0, 0xf, 0xc0, 0x0, 0x0, 0x0, 0x0,
    0xf, 0xc0, 0x0, 0x0, 0x0, 0x0, 0xf, 0xc0,
    0x0, 0x0, 0x0, 0x0, 0xf, 0xc0, 0x0, 0x0,
    0x0, 0x0, 0xf, 0xc0, 0x0, 0x0, 0x0, 0x0,
    0xf, 0xc0, 0x0, 0x0, 0x0, 0x0, 0xf, 0xc0,
    0x0, 0x0, 0x0, 0x0, 0xf, 0xc0, 0x0, 0x0,
    0x0, 0x0, 0xf, 0xc0, 0x0, 0x0, 0x0, 0x0,
    0xf, 0xc0, 0x0, 0x0, 0x0, 0x0, 0xf, 0xc0,
    0x0, 0x0, 0x0, 0x0, 0xf, 0xc0, 0x0, 0x0,
    0x0, 0x0, 0xf, 0xff, 0xff, 0xff, 0xff, 0xff,
    0xff, 0xff, 0xff, 0xff, 0xff, 0xff, 0xff, 0xff,
    0xff, 0xff, 0xff, 0xff, 0xff, 0xff, 0xff, 0xff,
    0xff, 0xff, 0xff, 0x7e, 0x0, 0x0, 0x0, 0x0,
    0x0, 0x1f, 0x80, 0x0, 0x0, 0x0, 0x0, 0x7,
    0xe0, 0x0, 0x0, 0x0, 0x0, 0x1, 0xf8, 0x0,
    0x0, 0x0, 0x0, 0x0, 0x7e, 0x0, 0x0, 0x0,
    0x0, 0x0, 0x1f, 0x80, 0x0, 0x0, 0x0, 0x0,
    0x7, 0xe0, 0x0, 0x0, 0x0, 0x0, 0x1, 0xf8,
    0x0, 0x0, 0x0, 0x0, 0x0, 0x7e, 0x0, 0x0,
    0x0, 0x0, 0x0, 0x1f, 0x80, 0x0, 0x0, 0x0,
    0x0, 0x7, 0xe0, 0x0, 0x0, 0x0, 0x0, 0x1,
    0xf8, 0x0, 0x0, 0x0, 0x0, 0x0, 0x7e, 0x0,
    0x0, 0x0, 0x0, 0x0, 0x1f, 0x80, 0x0, 0x0,
    0x0, 0x0, 0x7, 0xe0, 0x0, 0x0, 0x0, 0x0,
    0x1, 0xf8, 0x0, 0x0, 0x0, 0x0, 0x0, 0x7e,
    0x0, 0x0, 0x0, 0x0, 0x0, 0x1f, 0x0, 0x0,
    0x0, 0x0, 0x0, 0x7, 0x0, 0x0, 0x0, 0x0,
    0x0, 0x1, 0x0, 0x0, 0x0, 0x0,

    /* U+EA9C "" */
    0x0, 0x0, 0x0, 0x8, 0x0, 0x0, 0x0, 0x0,
    0x0, 0xe, 0x0, 0x0, 0x0, 0x0, 0x0, 0xf,
    0x80, 0x0, 0x0, 0x0, 0x0, 0x7, 0xe0, 0x0,
    0x0, 0x0, 0x0, 0x1, 0xf8, 0x0, 0x0, 0x0,
    0x0, 0x0, 0x7e, 0x0, 0x0, 0x0, 0x0, 0x0,
    0x1f, 0x80, 0x0, 0x0, 0x0, 0x0, 0x7, 0xe0,
    0x0, 0x0, 0x0, 0x0, 0x1, 0xf8, 0x0, 0x0,
    0x0, 0x0, 0x0, 0x7e, 0x0, 0x0, 0x0, 0x0,
    0x0, 0x1f, 0x80, 0x0, 0x0, 0x0, 0x0, 0x7,
    0xe0, 0x0, 0x0, 0x0, 0x0, 0x1, 0xf8, 0x0,
    0x0, 0x0, 0x0, 0x0, 0x7e, 0x0, 0x0, 0x0,
    0x0, 0x0, 0x1f, 0x80, 0x0, 0x0, 0x0, 0x0,
    0x7, 0xe0, 0x0, 0x0, 0x0, 0x0, 0x1, 0xf8,
    0x0, 0x0, 0x0, 0x0, 0x0, 0x7e, 0x0, 0x0,
    0x0, 0x0, 0x0, 0x1f, 0x80, 0x0, 0x0, 0x0,
    0x0, 0x7, 0xef, 0xff, 0xff, 0xff, 0xff, 0xff,
    0xff, 0xff, 0xff, 0xff, 0xff, 0xff, 0xff, 0xff,
    0xff, 0xff, 0xff, 0xff, 0xff, 0xff, 0xff, 0xff,
    0xff, 0xff, 0xff, 0x0, 0x0, 0x0, 0x0, 0x0,
    0x3f, 0x0, 0x0, 0x0, 0x0, 0x0, 0x3f, 0x0,
    0x0, 0x0, 0x0, 0x0, 0x3f, 0x0, 0x0, 0x0,
    0x0, 0x0, 0x3f, 0x0, 0x0, 0x0, 0x0, 0x0,
    0x3f, 0x0, 0x0, 0x0, 0x0, 0x0, 0x3f, 0x0,
    0x0, 0x0, 0x0, 0x0, 0x3f, 0x0, 0x0, 0x0,
    0x0, 0x0, 0x3f, 0x0, 0x0, 0x0, 0x0, 0x0,
    0x3f, 0x0, 0x0, 0x0, 0x0, 0x0, 0x3f, 0x0,
    0x0, 0x0, 0x0, 0x0, 0x3f, 0x0, 0x0, 0x0,
    0x0, 0x0, 0x3f, 0x0, 0x0, 0x0, 0x0, 0x0,
    0x3f, 0x0, 0x0, 0x0, 0x0, 0x0, 0x3f, 0x0,
    0x0, 0x0, 0x0, 0x0, 0x3f, 0x0, 0x0, 0x0,
    0x0, 0x0, 0x3f, 0x0, 0x0, 0x0, 0x0, 0x0,
    0x3f, 0x0, 0x0, 0x0, 0x0, 0x0, 0x1f, 0x0,
    0x0, 0x0, 0x0, 0x0, 0x7, 0x0, 0x0, 0x0,
    0x0, 0x0, 0x1, 0x0, 0x0, 0x0,

    /* U+EAA1 "" */
    0x0, 0x0, 0xf, 0x0, 0x0, 0x0, 0x0, 0x1,
    0xf8, 0x0, 0x0, 0x0, 0x0, 0x3f, 0xc0, 0x0,
    0x0, 0x0, 0x7, 0xfe, 0x0, 0x0, 0x0, 0x0,
    0xff, 0xf0, 0x0, 0x0, 0x0, 0x1f, 0xff, 0x80,
    0x0, 0x0, 0x3, 0xff, 0xfc, 0x0, 0x0, 0x0,
    0x7e, 0xf7, 0xe0, 0x0, 0x0, 0xf, 0xcf, 0x3f,
    0x0, 0x0, 0x1, 0xf8, 0xf1, 0xf8, 0x0, 0x0,
    0x3f, 0xf, 0xf, 0xc0, 0x0, 0x7, 0xe0, 0xf0,
    0x7e, 0x0, 0x0, 0xfc, 0xf, 0x3, 0xf0, 0x0,
    0x1f, 0x80, 0xf0, 0x1f, 0x80, 0x3, 0xf0, 0xf,
    0x0, 0xfc, 0x0, 0x7e, 0x0, 0xf0, 0x7, 0xe0,
    0xf, 0xc0, 0xf, 0x0, 0x3f, 0x1, 0xf8, 0x0,
    0xf0, 0x1, 0xf8, 0x3f, 0x0, 0xf, 0x0, 0xf,
    0xc7, 0xe0, 0x0, 0xf0, 0x0, 0x7e, 0xfc, 0x0,
    0xf, 0x0, 0x3, 0xf7, 0x80, 0x0, 0xf0, 0x0,
    0x1e, 0x30, 0x0, 0xf, 0x0, 0x0, 0xc0, 0x0,
    0x0, 0xf0, 0x0, 0x0, 0x0, 0x0, 0xf, 0x0,
    0x0, 0x0, 0x0, 0x0, 0xf0, 0x0, 0x0, 0x0,
    0x0, 0xf, 0x0, 0x0, 0x0, 0x0, 0x0, 0xf0,
    0x0, 0x0, 0x0, 0x0, 0xf, 0x0, 0x0, 0x0,
    0x0, 0x0, 0xf0, 0x0, 0x0, 0x0, 0x0, 0xf,
    0x0, 0x0, 0x0, 0x0, 0x0, 0xf0, 0x0, 0x0,
    0x0, 0x0, 0xf, 0x0, 0x0, 0x0, 0x0, 0x0,
    0xf0, 0x0, 0x0, 0x0, 0x0, 0xf, 0x0, 0x0,
    0x0, 0x0, 0x0, 0xf0, 0x0, 0x0, 0x0, 0x0,
    0xf, 0x0, 0x0, 0x0, 0x0, 0x0, 0xf0, 0x0,
    0x0, 0x0, 0x0, 0xf, 0x0, 0x0, 0x0, 0x0,
    0x0, 0xf0, 0x0, 0x0, 0x0, 0x0, 0xf, 0x0,
    0x0, 0x0, 0x0, 0x0, 0xf0, 0x0, 0x0, 0x0,
    0x0, 0xf, 0x0, 0x0, 0x0, 0x0, 0x0, 0xf0,
    0x0, 0x0, 0x0, 0x0, 0xf, 0x0, 0x0, 0x0,
    0x0, 0x0, 0xf0, 0x0, 0x0, 0x0, 0x0, 0xf,
    0x0, 0x0, 0x0, 0x0, 0x0, 0xf0, 0x0, 0x0,
    0x0, 0x0, 0xf, 0x0, 0x0, 0x0,

    /* U+EAB2 "" */
    0x0, 0x0, 0x0, 0x0, 0x0, 0x0, 0x6, 0x0,
    0x0, 0x0, 0x0, 0x0, 0x0, 0x3, 0xc0, 0x0,
    0x0, 0x0, 0x0, 0x0, 0x0, 0xf8, 0x0, 0x0,
    0x0, 0x0, 0x0, 0x0, 0x7e, 0x0, 0x0, 0x0,
    0x0, 0x0, 0x0, 0x3f, 0x0, 0x0, 0x0, 0x0,
    0x0, 0x0, 0x1f, 0x80, 0x0, 0x0, 0x0, 0x0,
    0x0, 0xf, 0xc0, 0x0, 0x0, 0x0, 0x0, 0x0,
    0x7, 0xe0, 0x0, 0x0, 0x0, 0x0, 0x0, 0x3,
    0xf8, 0x0, 0x0, 0x0, 0x0, 0x0, 0x0, 0xfc,
    0x0, 0x0, 0x0, 0x0, 0x0, 0x0, 0x7e, 0x0,
    0x0, 0x0, 0x0, 0x0, 0x0, 0x3f, 0x0, 0x0,
    0x0, 0x0, 0x0, 0x0, 0x1f, 0x80, 0x0, 0x0,
    0x0, 0x0, 0x0, 0xf, 0xc0, 0x0, 0x0, 0x0,
    0x0, 0x0, 0x7, 0xf0, 0x0, 0x0, 0x0, 0x0,
    0x0, 0x1, 0xf8, 0x0, 0x0, 0x0, 0x0, 0x0,
    0x0, 0xfc, 0x0, 0x0, 0x0, 0x0, 0x0, 0x0,
    0x7e, 0x0, 0x0, 0x0, 0x0, 0x0, 0x0, 0x3f,
    0x0, 0x0, 0x0, 0x0, 0x0, 0x0, 0x1f, 0x80,
    0x0, 0x0, 0x0, 0x0, 0x0, 0xf, 0xc0, 0x0,
    0x0, 0x0, 0x0, 0x0, 0x7, 0xf0, 0x0, 0x0,
    0x0, 0x0, 0x0, 0x1, 0xf8, 0x0, 0x0, 0x0,
    0x0, 0x0, 0x0, 0xfc, 0x0, 0x0, 0x10, 0x0,
    0x0, 0x0, 0x7e, 0x0, 0x0, 0x1e, 0x0, 0x0,
    0x0, 0x3f, 0x0, 0x0, 0xf, 0xc0, 0x0, 0x0,
    0x1f, 0x80, 0x0, 0x1, 0xf0, 0x0, 0x0, 0xf,
    0xc0, 0x0, 0x0, 0x7e, 0x0, 0x0, 0x7, 0xf0,
    0x0, 0x0, 0xf, 0xc0, 0x0, 0x1, 0xf8, 0x0,
    0x0, 0x1, 0xf0, 0x0, 0x0, 0xfc, 0x0, 0x0,
    0x0, 0x3e, 0x0, 0x0, 0x7e, 0x0, 0x0, 0x0,
    0xf, 0xc0, 0x0, 0x3f, 0x0, 0x0, 0x0, 0x1,
    0xf8, 0x0, 0x1f, 0x80, 0x0, 0x0, 0x0, 0x3e,
    0x0, 0xf, 0xe0, 0x0, 0x0, 0x0, 0xf, 0xc0,
    0x3, 0xf0, 0x0, 0x0, 0x0, 0x1, 0xf8, 0x1,
    0xf8, 0x0, 0x0, 0x0, 0x0, 0x3e, 0x0, 0xfc,
    0x0, 0x0, 0x0, 0x0, 0xf, 0xc0, 0x7e, 0x0,
    0x0, 0x0, 0x0, 0x1, 0xf8, 0x3f, 0x0, 0x0,
    0x0, 0x0, 0x0, 0x3f, 0x1f, 0x80, 0x0, 0x0,
    0x0, 0x0, 0x7, 0xcf, 0xe0, 0x0, 0x0, 0x0,
    0x0, 0x1, 0xfb, 0xf0, 0x0, 0x0, 0x0, 0x0,
    0x0, 0x3f, 0xf8, 0x0, 0x0, 0x0, 0x0, 0x0,
    0x7, 0xfc, 0x0, 0x0, 0x0, 0x0, 0x0, 0x1,
    0xfe, 0x0, 0x0, 0x0, 0x0, 0x0, 0x0, 0x3f,
    0x0, 0x0, 0x0, 0x0, 0x0, 0x0, 0x7, 0xc0,
    0x0, 0x0, 0x0, 0x0,

    /* U+F240 "" */
    0x7, 0xff, 0xff, 0xff, 0xff, 0xff, 0x80, 0xf,
    0xff, 0xff, 0xff, 0xff, 0xff, 0xf0, 0xf, 0xff,
    0xff, 0xff, 0xff, 0xff, 0xfc, 0xf, 0xff, 0xff,
    0xff, 0xff, 0xff, 0xff, 0x7, 0xff, 0xff, 0xff,
    0xff, 0xff, 0xff, 0x87, 0xff, 0xff, 0xff, 0xff,
    0xff, 0xff, 0xe3, 0xf8, 0x0, 0x0, 0x0, 0x0,
    0x7, 0xf1, 0xf8, 0x0, 0x0, 0x0, 0x0, 0x1,
    0xf8, 0xfc, 0x0, 0x0, 0x0, 0x0, 0x0, 0xfc,
    0x7e, 0x0, 0x0, 0x0, 0x0, 0x0, 0x7e, 0x3f,
    0xf, 0xff, 0xff, 0xff, 0xfe, 0x3f, 0xdf, 0x87,
    0xff, 0xff, 0xff, 0xff, 0x1f, 0xff, 0xc3, 0xff,
    0xff, 0xff, 0xff, 0x8f, 0xff, 0xe1, 0xff, 0xff,
    0xff, 0xff, 0xc7, 0xff, 0xf0, 0xff, 0xff, 0xff,
    0xff, 0xe3, 0xff, 0xf8, 0x7f, 0xff, 0xff, 0xff,
    0xf1, 0xff, 0xfc, 0x3f, 0xff, 0xff, 0xff, 0xf8,
    0xff, 0xfe, 0x1f, 0xff, 0xff, 0xff, 0xfc, 0x7f,
    0xff, 0xf, 0xff, 0xff, 0xff, 0xfe, 0x3f, 0xff,
    0x87, 0xff, 0xff, 0xff, 0xff, 0x1f, 0xff, 0xc3,
    0xff, 0xff, 0xff, 0xff, 0x8f, 0xff, 0xe1, 0xff,
    0xff, 0xff, 0xff, 0xc7, 0xff, 0xf0, 0xff, 0xff,
    0xff, 0xff, 0xe3, 0xfd, 0xf8, 0x0, 0x0, 0x0,
    0x0, 0x1, 0xf8, 0xfc, 0x0, 0x0, 0x0, 0x0,
    0x0, 0xfc, 0x7e, 0x0, 0x0, 0x0, 0x0, 0x0,
    0x7e, 0x3f, 0xff, 0xff, 0xff, 0xff, 0xff, 0xff,
    0xf, 0xff, 0xff, 0xff, 0xff, 0xff, 0xff, 0x7,
    0xff, 0xff, 0xff, 0xff, 0xff, 0xff, 0x81, 0xff,
    0xff, 0xff, 0xff, 0xff, 0xff, 0x80, 0x7f, 0xff,
    0xff, 0xff, 0xff, 0xff, 0x80, 0xf, 0xff, 0xff,
    0xff, 0xff, 0xff, 0x0,

    /* U+F242 "" */
    0x7, 0xff, 0xff, 0xff, 0xff, 0xff, 0x80, 0xf,
    0xff, 0xff, 0xff, 0xff, 0xff, 0xf0, 0xf, 0xff,
    0xff, 0xff, 0xff, 0xff, 0xfc, 0xf, 0xff, 0xff,
    0xff, 0xff, 0xff, 0xff, 0x7, 0xff, 0xff, 0xff,
    0xff, 0xff, 0xff, 0x87, 0xff, 0xff, 0xff, 0xff,
    0xff, 0xff, 0xe3, 0xf8, 0x0, 0x0, 0x0, 0x0,
    0x7, 0xf1, 0xf8, 0x0, 0x0, 0x0, 0x0, 0x1,
    0xf8, 0xfc, 0x0, 0x0, 0x0, 0x0, 0x0, 0xfc,
    0x7e, 0x0, 0x0, 0x0, 0x0, 0x0, 0x7e, 0x3f,
    0xf, 0xff, 0xfe, 0x0, 0x0, 0x3f, 0xdf, 0x87,
    0xff, 0xff, 0x0, 0x0, 0x1f, 0xff, 0xc3, 0xff,
    0xff, 0x80, 0x0, 0xf, 0xff, 0xe1, 0xff, 0xff,
    0xc0, 0x0, 0x7, 0xff, 0xf0, 0xff, 0xff, 0xe0,
    0x0, 0x3, 0xff, 0xf8, 0x7f, 0xff, 0xf0, 0x0,
    0x1, 0xff, 0xfc, 0x3f, 0xff, 0xf8, 0x0, 0x0,
    0xff, 0xfe, 0x1f, 0xff, 0xfc, 0x0, 0x0, 0x7f,
    0xff, 0xf, 0xff, 0xfe, 0x0, 0x0, 0x3f, 0xff,
    0x87, 0xff, 0xff, 0x0, 0x0, 0x1f, 0xff, 0xc3,
    0xff, 0xff, 0x80, 0x0, 0xf, 0xff, 0xe1, 0xff,
    0xff, 0xc0, 0x0, 0x7, 0xff, 0xf0, 0xff, 0xff,
    0xe0, 0x0, 0x3, 0xfd, 0xf8, 0x0, 0x0, 0x0,
    0x0, 0x1, 0xf8, 0xfc, 0x0, 0x0, 0x0, 0x0,
    0x0, 0xfc, 0x7e, 0x0, 0x0, 0x0, 0x0, 0x0,
    0x7e, 0x3f, 0xff, 0xff, 0xff, 0xff, 0xff, 0xff,
    0xf, 0xff, 0xff, 0xff, 0xff, 0xff, 0xff, 0x7,
    0xff, 0xff, 0xff, 0xff, 0xff, 0xff, 0x81, 0xff,
    0xff, 0xff, 0xff, 0xff, 0xff, 0x80, 0x7f, 0xff,
    0xff, 0xff, 0xff, 0xff, 0x80, 0xf, 0xff, 0xff,
    0xff, 0xff, 0xff, 0x0,

    /* U+F243 "" */
    0x7, 0xff, 0xff, 0xff, 0xff, 0xff, 0x80, 0xf,
    0xff, 0xff, 0xff, 0xff, 0xff, 0xf0, 0xf, 0xff,
    0xff, 0xff, 0xff, 0xff, 0xfc, 0xf, 0xff, 0xff,
    0xff, 0xff, 0xff, 0xff, 0x7, 0xff, 0xff, 0xff,
    0xff, 0xff, 0xff, 0x87, 0xff, 0xff, 0xff, 0xff,
    0xff, 0xff, 0xe3, 0xf0, 0x0, 0x0, 0x0, 0x0,
    0x7, 0xf1, 0xf8, 0x0, 0x0, 0x0, 0x0, 0x1,
    0xf8, 0xfc, 0x0, 0x0, 0x0, 0x0, 0x0, 0xfc,
    0x7e, 0x0, 0x0, 0x0, 0x0, 0x0, 0x7e, 0x3f,
    0x1f, 0xf8, 0x0, 0x0, 0x0, 0x3f, 0xdf, 0x8f,
    0xfc, 0x0, 0x0, 0x0, 0x1f, 0xff, 0xc7, 0xfe,
    0x0, 0x0, 0x0, 0xf, 0xff, 0xe3, 0xff, 0x0,
    0x0, 0x0, 0x7, 0xff, 0xf1, 0xff, 0x80, 0x0,
    0x0, 0x3, 0xff, 0xf8, 0xff, 0xc0, 0x0, 0x0,
    0x1, 0xff, 0xfc, 0x7f, 0xe0, 0x0, 0x0, 0x0,
    0xff, 0xfe, 0x3f, 0xf0, 0x0, 0x0, 0x0, 0x7f,
    0xff, 0x1f, 0xf8, 0x0, 0x0, 0x0, 0x3f, 0xff,
    0x8f, 0xfc, 0x0, 0x0, 0x0, 0x1f, 0xff, 0xc7,
    0xfe, 0x0, 0x0, 0x0, 0xf, 0xff, 0xe3, 0xff,
    0x0, 0x0, 0x0, 0x7, 0xff, 0xf1, 0xff, 0x80,
    0x0, 0x0, 0x3, 0xfd, 0xf8, 0x0, 0x0, 0x0,
    0x0, 0x1, 0xf8, 0xfc, 0x0, 0x0, 0x0, 0x0,
    0x0, 0xfc, 0x7e, 0x0, 0x0, 0x0, 0x0, 0x0,
    0x7e, 0x3f, 0xff, 0xff, 0xff, 0xff, 0xff, 0xff,
    0xf, 0xff, 0xff, 0xff, 0xff, 0xff, 0xff, 0x7,
    0xff, 0xff, 0xff, 0xff, 0xff, 0xff, 0x81, 0xff,
    0xff, 0xff, 0xff, 0xff, 0xff, 0x80, 0x7f, 0xff,
    0xff, 0xff, 0xff, 0xff, 0x80, 0xf, 0xff, 0xff,
    0xff, 0xff, 0xff, 0x0,

    /* U+F244 "" */
    0x7, 0xff, 0xff, 0xff, 0xff, 0xff, 0x80, 0xf,
    0xff, 0xff, 0xff, 0xff, 0xff, 0xf0, 0xf, 0xff,
    0xff, 0xff, 0xff, 0xff, 0xfc, 0xf, 0xff, 0xff,
    0xff, 0xff, 0xff, 0xff, 0x7, 0xff, 0xff, 0xff,
    0xff, 0xff, 0xff, 0x87, 0xff, 0xff, 0xff, 0xff,
    0xff, 0xff, 0xe3, 0xf0, 0x0, 0x0, 0x0, 0x0,
    0x7, 0xf1, 0xf8, 0x0, 0x0, 0x0, 0x0, 0x1,
    0xf8, 0xfc, 0x0, 0x0, 0x0, 0x0, 0x0, 0xfc,
    0x7e, 0x0, 0x0, 0x0, 0x0, 0x0, 0x7e, 0x3f,
    0x0, 0x0, 0x0, 0x0, 0x0, 0x3f, 0xdf, 0x80,
    0x0, 0x0, 0x0, 0x0, 0x1f, 0xff, 0xc0, 0x0,
    0x0, 0x0, 0x0, 0xf, 0xff, 0xe0, 0x0, 0x0,
    0x0, 0x0, 0x7, 0xff, 0xf0, 0x0, 0x0, 0x0,
    0x0, 0x3, 0xff, 0xf8, 0x0, 0x0, 0x0, 0x0,
    0x1, 0xff, 0xfc, 0x0, 0x0, 0x0, 0x0, 0x0,
    0xff, 0xfe, 0x0, 0x0, 0x0, 0x0, 0x0, 0x7f,
    0xff, 0x0, 0x0, 0x0, 0x0, 0x0, 0x3f, 0xff,
    0x80, 0x0, 0x0, 0x0, 0x0, 0x1f, 0xff, 0xc0,
    0x0, 0x0, 0x0, 0x0, 0xf, 0xff, 0xe0, 0x0,
    0x0, 0x0, 0x0, 0x7, 0xff, 0xf0, 0x0, 0x0,
    0x0, 0x0, 0x3, 0xfd, 0xf8, 0x0, 0x0, 0x0,
    0x0, 0x1, 0xf8, 0xfc, 0x0, 0x0, 0x0, 0x0,
    0x0, 0xfc, 0x7e, 0x0, 0x0, 0x0, 0x0, 0x0,
    0x7e, 0x3f, 0xff, 0xff, 0xff, 0xff, 0xff, 0xff,
    0xf, 0xff, 0xff, 0xff, 0xff, 0xff, 0xff, 0x7,
    0xff, 0xff, 0xff, 0xff, 0xff, 0xff, 0x81, 0xff,
    0xff, 0xff, 0xff, 0xff, 0xff, 0x80, 0x7f, 0xff,
    0xff, 0xff, 0xff, 0xff, 0x80, 0xf, 0xff, 0xff,
    0xff, 0xff, 0xff, 0x0,

    /* U+F2C9 "" */
    0x0, 0x0, 0xf, 0xf8, 0x0, 0x0, 0x0, 0x0,
    0x3f, 0xff, 0x80, 0x0, 0x0, 0x0, 0x7f, 0xff,
    0xf0, 0x0, 0x0, 0x0, 0xff, 0xff, 0xfc, 0x0,
    0x0, 0x0, 0xff, 0xff, 0xff, 0x80, 0x0, 0x0,
    0xff, 0xff, 0xff, 0xe0, 0x0, 0x0, 0xff, 0xff,
    0xff, 0xf8, 0x0, 0x0, 0xff, 0xff, 0xff, 0xfe,
    0x0, 0x0, 0x7f, 0xff, 0xff, 0xff, 0x0, 0x0,
    0x7f, 0xff, 0xff, 0xff, 0xc0, 0x0, 0x7f, 0xff,
    0xff, 0xff, 0xe0, 0x0, 0x3f, 0xff, 0x3, 0xff,
    0xf8, 0x0, 0x1f, 0xfe, 0x0, 0x7f, 0xfc, 0x0,
    0x1f, 0xfe, 0x0, 0x1f, 0xff, 0x0, 0xf, 0xfe,
    0x0, 0x7, 0xff, 0x80, 0x7, 0xff, 0x0, 0x3,
    0xff, 0xc0, 0x3, 0xff, 0x0, 0x0, 0xff, 0xe0,
    0x1, 0xff, 0x80, 0x0, 0x7f, 0xf0, 0x0, 0xff,
    0xc0, 0x0, 0x3f, 0xf8, 0x0, 0x7f, 0xe0, 0x0,
    0x1f, 0xfc, 0x0, 0x3f, 0xf0, 0x0, 0xf, 0xfe,
    0x0, 0x1f, 0xf8, 0x0, 0x7, 0xff, 0x0, 0xf,
    0xfc, 0x0, 0x3, 0xff, 0x80, 0x7, 0xfe, 0x0,
    0x1, 0xff, 0xc0, 0x3, 0xff, 0x0, 0x0, 0xff,
    0xe0, 0x1, 0xff, 0x80, 0x0, 0x7f, 0xf0, 0x0,
    0xff, 0xc0, 0x0, 0x3f, 0xf8, 0x0, 0x7f, 0xe0,
    0x0, 0x1f, 0xfc, 0x0, 0x3f, 0xf0, 0x0, 0xf,
    0xfe, 0x0, 0x1f, 0xf8, 0x0, 0x7, 0xff, 0x0,
    0xf, 0xfc, 0x0, 0x3, 0xff, 0x80, 0x7, 0xfe,
    0x0, 0x1, 0xff, 0xc0, 0x3, 0xff, 0x0, 0x0,
    0xff, 0xe0, 0x1, 0xff, 0x81, 0xe0, 0x7f, 0xf0,
    0x0, 0xff, 0xc0, 0xf0, 0x3f, 0xf8, 0x0, 0x7f,
    0xe0, 0xfc, 0x1f, 0xfc, 0x0, 0x3f, 0xf0, 0x7e,
    0xf, 0xfe, 0x0, 0x1f, 0xf8, 0x3f, 0x7, 0xff,
    0x0, 0xf, 0xfc, 0x1f, 0x83, 0xff, 0x80, 0x7,
    0xfe, 0xf, 0xc1, 0xff, 0xc0, 0x3, 0xff, 0x7,
    0xe0, 0xff, 0xe0, 0x1, 0xff, 0x83, 0xf0, 0x7f,
    0xf0, 0x0, 0xff, 0xc1, 0xf8, 0x3f, 0xf8, 0x0,
    0x7f, 0xe0, 0xfc, 0x1f, 0xfc, 0x0, 0x3f, 0xf0,
    0x7e, 0xf, 0xfe, 0x0, 0x1f, 0xf8, 0x3f, 0x7,
    0xff, 0x0, 0xf, 0xfc, 0x1f, 0x83, 0xff, 0x80,
    0xf, 0xfe, 0xf, 0xc1, 0xff, 0xe0, 0xf, 0xff,
    0x7, 0xe0, 0xff, 0xf8, 0x7, 0xff, 0x83, 0xf0,
    0x7f, 0xfc, 0x7, 0xff, 0x81, 0xf8, 0x1f, 0xff,
    0x3, 0xff, 0xc0, 0xfc, 0xf, 0xff, 0x83, 0xff,
    0xc0, 0x7e, 0x3, 0xff, 0xe1, 0xff, 0xe0, 0x3f,
    0x0, 0xff, 0xf1, 0xff, 0xe0, 0x1f, 0x80, 0x3f,
    0xfc, 0xff, 0xe0, 0x3f, 0xf0, 0x1f, 0xfe, 0x7f,
    0xf0, 0x3f, 0xfc, 0x7, 0xff, 0x7f, 0xf8, 0x3f,
    0xff, 0x3, 0xff, 0xff, 0xf8, 0x1f, 0xff, 0x80,
    0xff, 0xff, 0xfc, 0x1f, 0xff, 0xe0, 0x7f, 0xff,
    0xfe, 0xf, 0xff, 0xf0, 0x3f, 0xff, 0xff, 0x7,
    0xff, 0xf8, 0x1f, 0xff, 0xff, 0x83, 0xff, 0xfc,
    0xf, 0xff, 0xff, 0xc1, 0xff, 0xfe, 0x7, 0xff,
    0xff, 0xe0, 0xff, 0xff, 0x3, 0xff, 0xff, 0xf0,
    0x3f, 0xff, 0x3, 0xff, 0xff, 0xfc, 0x1f, 0xff,
    0x81, 0xff, 0xef, 0xfe, 0x7, 0xff, 0x80, 0xff,
    0xe7, 0xff, 0x81, 0xff, 0x80, 0xff, 0xf3, 0xff,
    0xc0, 0x3f, 0x0, 0xff, 0xf9, 0xff, 0xf0, 0x0,
    0x0, 0x7f, 0xf8, 0x7f, 0xfc, 0x0, 0x0, 0x7f,
    0xfc, 0x3f, 0xff, 0x80, 0x0, 0xff, 0xfe, 0xf,
    0xff, 0xe0, 0x0, 0xff, 0xfe, 0x7, 0xff, 0xfe,
    0x3, 0xff, 0xfe, 0x1, 0xff, 0xff, 0xff, 0xff,
    0xff, 0x0, 0x7f, 0xff, 0xff, 0xff, 0xff, 0x0,
    0x1f, 0xff, 0xff, 0xff, 0xff, 0x0, 0x7, 0xff,
    0xff, 0xff, 0xff, 0x0, 0x1, 0xff, 0xff, 0xff,
    0xff, 0x0, 0x0, 0x7f, 0xff, 0xff, 0xff, 0x0,
    0x0, 0x1f, 0xff, 0xff, 0xff, 0x0, 0x0, 0x3,
    0xff, 0xff, 0xfe, 0x0, 0x0, 0x0, 0xff, 0xff,
    0xfc, 0x0, 0x0, 0x0, 0xf, 0xff, 0xf8, 0x0,
    0x0, 0x0, 0x0, 0xff, 0xe0, 0x0, 0x0,

    /* U+F2DC "" */
    0x0, 0x0, 0x0, 0x1e, 0x0, 0x0, 0x0, 0x0,
    0x0, 0x0, 0xf, 0xc0, 0x0, 0x0, 0x0, 0x0,
    0x0, 0x3, 0xf0, 0x0, 0x0, 0x0, 0x0, 0x0,
    0x0, 0xfc, 0x0, 0x0, 0x0, 0x0, 0x0, 0x0,
    0x3f, 0x0, 0x0, 0x0, 0x0, 0x0, 0x7, 0xf,
    0xc3, 0x80, 0x0, 0x0, 0x0, 0x3, 0xe3, 0xf1,
    0xf0, 0x0, 0x0, 0x0, 0x0, 0xfc, 0xfc, 0xfc,
    0x0, 0x0, 0x0, 0x0, 0x3f, 0xff, 0x7f, 0x0,
    0x0, 0x0, 0x0, 0xf, 0xff, 0xff, 0xc0, 0x0,
    0x0, 0x1, 0x81, 0xff, 0xff, 0xe0, 0x60, 0x0,
    0x1, 0xf0, 0x3f, 0xff, 0xf0, 0x3e, 0x0, 0x0,
    0x7e, 0x7, 0xff, 0xf8, 0x1f, 0x80, 0x0, 0x1f,
    0x80, 0xff, 0xfc, 0x7, 0xe0, 0x0, 0x7, 0xe0,
    0x1f, 0xfe, 0x1, 0xf8, 0x0, 0xe1, 0xf8, 0x3,
    0xff, 0x0, 0x7e, 0x1c, 0x7e, 0x7f, 0x0, 0x7f,
    0x80, 0x3f, 0x9f, 0xbf, 0xcf, 0xc0, 0xf, 0xc0,
    0xf, 0xcf, 0xff, 0xff, 0xf0, 0x3, 0xf0, 0x3,
    0xff, 0xfd, 0xff, 0xfe, 0x0, 0xfc, 0x1, 0xff,
    0xfe, 0x7f, 0xff, 0x80, 0x3f, 0x0, 0x7f, 0xff,
    0x87, 0xff, 0xe0, 0xf, 0xc0, 0x1f, 0xff, 0x80,
    0x7f, 0xf8, 0x3, 0xf0, 0x7, 0xff, 0x80, 0xf,
    0xff, 0x80, 0xfc, 0x7, 0xff, 0xc0, 0xf, 0xff,
    0xf8, 0x3f, 0x7, 0xff, 0xfc, 0x1f, 0xff, 0xff,
    0xf, 0xc3, 0xff, 0xff, 0xe7, 0xff, 0xff, 0xf3,
    0xf3, 0xff, 0xff, 0xfb, 0xff, 0xff, 0xff, 0xff,
    0xff, 0xff, 0xff, 0xff, 0xf9, 0xff, 0xff, 0xff,
    0xe7, 0xff, 0xdf, 0xe0, 0x1f, 0xff, 0xff, 0xe0,
    0x1f, 0xe3, 0x80, 0x3, 0xff, 0xff, 0xe0, 0x0,
    0x70, 0x0, 0x0, 0x3f, 0xff, 0xf0, 0x0, 0x0,
    0x0, 0x0, 0x3, 0xff, 0xf0, 0x0, 0x0, 0x0,
    0x0, 0x0, 0xff, 0xfc, 0x0, 0x0, 0x0, 0x0,
    0x0, 0xff, 0xff, 0xc0, 0x0, 0x0, 0xe0, 0x0,
    0xff, 0xff, 0xfc, 0x0, 0x1c, 0x7f, 0x80, 0x7f,
    0xff, 0xff, 0x80, 0x7f, 0xbf, 0xfe, 0x7f, 0xff,
    0xff, 0xf9, 0xff, 0xff, 0xff, 0xff, 0xff, 0xff,
    0xff, 0xff, 0xfd, 0xff, 0xff, 0xfc, 0xfc, 0xff,
    0xff, 0xfe, 0x7f, 0xff, 0xfc, 0x3f, 0xf, 0xff,
    0xff, 0x83, 0xff, 0xfc, 0xf, 0xc0, 0xff, 0xff,
    0x0, 0x3f, 0xfe, 0x3, 0xf0, 0x1f, 0xff, 0x0,
    0x1f, 0xfe, 0x0, 0xfc, 0x1, 0xff, 0xf0, 0x1f,
    0xff, 0x80, 0x3f, 0x0, 0x7f, 0xfe, 0x1f, 0xff,
    0xe0, 0xf, 0xc0, 0x1f, 0xff, 0xef, 0xff, 0xf8,
    0x3, 0xf0, 0x7, 0xff, 0xfb, 0xff, 0xfc, 0x0,
    0xfc, 0x0, 0xff, 0xff, 0xff, 0x3f, 0x0, 0x3f,
    0x0, 0x3f, 0x3f, 0xdf, 0x9f, 0xc0, 0x1f, 0xe0,
    0xf, 0xe7, 0xe3, 0x87, 0xe0, 0xf, 0xfc, 0x1,
    0xf8, 0x70, 0x1, 0xf8, 0x7, 0xff, 0x80, 0x7e,
    0x0, 0x0, 0x7e, 0x3, 0xff, 0xf0, 0x1f, 0x80,
    0x0, 0x1f, 0x81, 0xff, 0xfe, 0x7, 0xe0, 0x0,
    0x7, 0xc0, 0xff, 0xff, 0xc0, 0xf8, 0x0, 0x0,
    0x40, 0x7f, 0xff, 0xf8, 0x18, 0x0, 0x0, 0x0,
    0x3f, 0xff, 0xff, 0x0, 0x0, 0x0, 0x0, 0xf,
    0xef, 0xdf, 0xc0, 0x0, 0x0, 0x0, 0x3, 0xf3,
    0xf3, 0xf0, 0x0, 0x0, 0x0, 0x0, 0xf8, 0xfc,
    0x7c, 0x0, 0x0, 0x0, 0x0, 0x1c, 0x3f, 0xe,
    0x0, 0x0, 0x0, 0x0, 0x0, 0xf, 0xc0, 0x0,
    0x0, 0x0, 0x0, 0x0, 0x3, 0xf0, 0x0, 0x0,
    0x0, 0x0, 0x0, 0x0, 0xfc, 0x0, 0x0, 0x0,
    0x0, 0x0, 0x0, 0x3f, 0x0, 0x0, 0x0, 0x0,
    0x0, 0x0, 0x7, 0x80, 0x0, 0x0, 0x0,

    /* U+F02DC "󰋜" */
    0x0, 0x0, 0x0, 0x0, 0x0, 0x0, 0x0, 0x0,
    0x0, 0x0, 0x3, 0x0, 0x0, 0x0, 0x0, 0x0,
    0x0, 0x1, 0xe0, 0x0, 0x0, 0x0, 0x0, 0x0,
    0x0, 0xfc, 0x0, 0x0, 0x0, 0x0, 0x0, 0x0,
    0xff, 0xc0, 0x0, 0x0, 0x0, 0x0, 0x0, 0x7f,
    0xf8, 0x0, 0x0, 0x0, 0x0, 0x0, 0x3f, 0xff,
    0x0, 0x0, 0x0, 0x0, 0x0, 0x1f, 0xff, 0xe0,
    0x0, 0x0, 0x0, 0x0, 0xf, 0xff, 0xfc, 0x0,
    0x0, 0x0, 0x0, 0x7, 0xff, 0xff, 0x80, 0x0,
    0x0, 0x0, 0x3, 0xff, 0xff, 0xf0, 0x0, 0x0,
    0x0, 0x1, 0xff, 0xff, 0xfe, 0x0, 0x0, 0x0,
    0x0, 0xff, 0xff, 0xff, 0xc0, 0x0, 0x0, 0x0,
    0x7f, 0xff, 0xff, 0xf8, 0x0, 0x0, 0x0, 0x7f,
    0xff, 0xff, 0xff, 0x80, 0x0, 0x0, 0x3f, 0xff,
    0xff, 0xff, 0xf0, 0x0, 0x0, 0x1f, 0xff, 0xff,
    0xff, 0xfe, 0x0, 0x0, 0xf, 0xff, 0xff, 0xff,
    0xff, 0xc0, 0x0, 0x7, 0xff, 0xff, 0xff, 0xff,
    0xf8, 0x0, 0x3, 0xff, 0xff, 0xff, 0xff, 0xff,
    0x0, 0x1, 0xff, 0xff, 0xff, 0xff, 0xff, 0xe0,
    0x0, 0xff, 0xff, 0xff, 0xff, 0xff, 0xfc, 0x0,
    0x7f, 0xff, 0xff, 0xff, 0xff, 0xff, 0x80, 0x3f,
    0xff, 0xff, 0xff, 0xff, 0xff, 0xf0, 0x3f, 0xff,
    0xff, 0xff, 0xff, 0xff, 0xff, 0x1f, 0xff, 0xff,
    0xff, 0xff, 0xff, 0xff, 0xe0, 0x7, 0xff, 0xff,
    0xff, 0xff, 0xf8, 0x0, 0x1, 0xff, 0xff, 0xff,
    0xff, 0xfe, 0x0, 0x0, 0x7f, 0xff, 0xff, 0xff,
    0xff, 0x80, 0x0, 0x1f, 0xff, 0xff, 0xff, 0xff,
    0xe0, 0x0, 0x7, 0xff, 0xff, 0xff, 0xff, 0xf8,
    0x0, 0x1, 0xff, 0xff, 0xff, 0xff, 0xfe, 0x0,
    0x0, 0x7f, 0xfe, 0x0, 0x1f, 0xff, 0x80, 0x0,
    0x1f, 0xff, 0x80, 0x7, 0xff, 0xe0, 0x0, 0x7,
    0xff, 0xe0, 0x1, 0xff, 0xf8, 0x0, 0x1, 0xff,
    0xf8, 0x0, 0x7f, 0xfe, 0x0, 0x0, 0x7f, 0xfe,
    0x0, 0x1f, 0xff, 0x80, 0x0, 0x1f, 0xff, 0x80,
    0x7, 0xff, 0xe0, 0x0, 0x7, 0xff, 0xe0, 0x1,
    0xff, 0xf8, 0x0, 0x1, 0xff, 0xf8, 0x0, 0x7f,
    0xfe, 0x0, 0x0, 0x7f, 0xfe, 0x0, 0x1f, 0xff,
    0x80, 0x0, 0x1f, 0xff, 0x80, 0x7, 0xff, 0xe0,
    0x0, 0x7, 0xff, 0xe0, 0x1, 0xff, 0xf8, 0x0,
    0x1, 0xff, 0xf8, 0x0, 0x7f, 0xfe, 0x0, 0x0,
    0x7f, 0xfe, 0x0, 0x1f, 0xff, 0x80, 0x0, 0x1f,
    0xff, 0x80, 0x7, 0xff, 0xe0, 0x0, 0x7, 0xff,
    0xe0, 0x1, 0xff, 0xf8, 0x0, 0x1, 0xff, 0xf8,
    0x0, 0x7f, 0xfe, 0x0, 0x0, 0x7f, 0xfe, 0x0,
    0x1f, 0xff, 0x80, 0x0, 0x1f, 0xff, 0x80, 0x7,
    0xff, 0xe0, 0x0,

    /* U+F04E6 "󰓦" */
    0x0, 0x0, 0x0, 0x8, 0x0, 0x0, 0x0, 0x0,
    0x0, 0x0, 0xc, 0x0, 0x0, 0x0, 0x0, 0x0,
    0x0, 0xe, 0x0, 0x0, 0x0, 0x0, 0x0, 0x0,
    0xf, 0x0, 0x0, 0x0, 0x0, 0x0, 0x0, 0xf,
    0x80, 0x0, 0x0, 0x0, 0x0, 0x0, 0xf, 0xc0,
    0x0, 0x0, 0x0, 0x0, 0x0, 0xf, 0xe0, 0x0,
    0x0, 0x0, 0x0, 0x0, 0xf, 0xf0, 0x0, 0x0,
    0x0, 0x0, 0x0, 0xf, 0xf8, 0x0, 0x0, 0x0,
    0x0, 0x0, 0xf, 0xfc, 0x0, 0x0, 0x0, 0x0,
    0x0, 0xf, 0xfe, 0x0, 0x0, 0x0, 0x0, 0x0,
    0xf, 0xff, 0xf8, 0x0, 0x0, 0x0, 0x0, 0xf,
    0xff, 0xff, 0xc0, 0x0, 0x0, 0x0, 0xf, 0xff,
    0xff, 0xf8, 0x0, 0x0, 0x0, 0xf, 0xff, 0xff,
    0xff, 0x0, 0x0, 0x0, 0x3, 0xff, 0xff, 0xff,
    0xe0, 0x0, 0x0, 0x0, 0xff, 0xff, 0xff, 0xf8,
    0x0, 0x0, 0x0, 0x3f, 0xff, 0xff, 0xfe, 0x0,
    0x0, 0x0, 0xf, 0xfe, 0x1f, 0xff, 0xc0, 0x0,
    0x0, 0x3, 0xff, 0x1, 0xff, 0xf0, 0x0, 0x0,
    0x0, 0xff, 0x80, 0x3f, 0xfc, 0x0, 0x0, 0x0,
    0x3f, 0xc0, 0x7, 0xfe, 0x0, 0x0, 0x0, 0xf,
    0xe0, 0x0, 0xff, 0x80, 0x0, 0x0, 0x3, 0xf0,
    0x0, 0x3f, 0xe0, 0x8, 0x0, 0x0, 0xf8, 0x0,
    0xf, 0xf8, 0x6, 0x0, 0x0, 0x3c, 0x0, 0x3,
    0xfc, 0x7, 0x0, 0x0, 0xe, 0x0, 0x0, 0xff,
    0x3, 0xc0, 0x0, 0x3, 0x0, 0x0, 0x7f, 0x83,
    0xf0, 0x0, 0x0, 0x80, 0x0, 0x1f, 0xe1, 0xfc,
    0x0, 0x0, 0x0, 0x0, 0xf, 0xf0, 0xfe, 0x0,
    0x0, 0x0, 0x0, 0x3, 0xf8, 0xff, 0x0, 0x0,
    0x0, 0x0, 0x1, 0xfe, 0x7f, 0x0, 0x0, 0x0,
    0x0, 0x0, 0x7f, 0x3f, 0x80, 0x0, 0x0, 0x0,
    0x0, 0x3f, 0xbf, 0xc0, 0x0, 0x0, 0x0, 0x0,
    0x1f, 0xdf, 0xc0, 0x0, 0x0, 0x0, 0x0, 0x7,
    0xff, 0xe0, 0x0, 0x0, 0x0, 0x0, 0x3, 0xff,
    0xf0, 0x0, 0x0, 0x0, 0x0, 0x1, 0xff, 0xf8,
    0x0, 0x0, 0x0, 0x0, 0x0, 0xff, 0xfc, 0x0,
    0x0, 0x0, 0x0, 0x0, 0x7f, 0xfe, 0x0, 0x0,
    0x0, 0x0, 0x0, 0x3f, 0xff, 0x0, 0x0, 0x0,
    0x0, 0x0, 0x1f, 0xff, 0x80, 0x0, 0x0, 0x0,
    0x0, 0xf, 0xff, 0xc0, 0x0, 0x0, 0x0, 0x0,
    0x7, 0xff, 0xe0, 0x0, 0x0, 0x0, 0x0, 0x3,
    0xff, 0xf8, 0x0, 0x0, 0x0, 0x0, 0x3, 0xf9,
    0xfc, 0x0, 0x0, 0x0, 0x0, 0x1, 0xfc, 0xfe,
    0x0, 0x0, 0x0, 0x0, 0x0, 0xfe, 0x7f, 0x80,
    0x0, 0x0, 0x0, 0x0, 0xff, 0x1f, 0xc0, 0x0,
    0x0, 0x0, 0x0, 0x7f, 0xf, 0xf0, 0x0, 0x0,
    0x0, 0x0, 0x3f, 0x87, 0xf8, 0x0, 0x1, 0x0,
    0x0, 0xf, 0xc1, 0xfe, 0x0, 0x0, 0xc0, 0x0,
    0x3, 0xc0, 0xff, 0x0, 0x0, 0x70, 0x0, 0x0,
    0xe0, 0x3f, 0xc0, 0x0, 0x3c, 0x0, 0x0, 0x60,
    0x1f, 0xf0, 0x0, 0x1f, 0x0, 0x0, 0x10, 0x7,
    0xfc, 0x0, 0xf, 0xc0, 0x0, 0x0, 0x1, 0xff,
    0x0, 0x7, 0xf0, 0x0, 0x0, 0x0, 0x7f, 0xe0,
    0x3, 0xfc, 0x0, 0x0, 0x0, 0x3f, 0xf8, 0x1,
    0xff, 0x0, 0x0, 0x0, 0xf, 0xff, 0x80, 0xff,
    0xc0, 0x0, 0x0, 0x3, 0xff, 0xf8, 0x7f, 0xf0,
    0x0, 0x0, 0x0, 0x7f, 0xff, 0xff, 0xfc, 0x0,
    0x0, 0x0, 0x1f, 0xff, 0xff, 0xff, 0x0, 0x0,
    0x0, 0x7, 0xff, 0xff, 0xff, 0xc0, 0x0, 0x0,
    0x0, 0xff, 0xff, 0xff, 0xf0, 0x0, 0x0, 0x0,
    0x1f, 0xff, 0xff, 0xf0, 0x0, 0x0, 0x0, 0x3,
    0xff, 0xff, 0xf0, 0x0, 0x0, 0x0, 0x0, 0x1f,
    0xff, 0xf0, 0x0, 0x0, 0x0, 0x0, 0x0, 0x7f,
    0xf0, 0x0, 0x0, 0x0, 0x0, 0x0, 0x3f, 0xf0,
    0x0, 0x0, 0x0, 0x0, 0x0, 0x1f, 0xf0, 0x0,
    0x0, 0x0, 0x0, 0x0, 0xf, 0xf0, 0x0, 0x0,
    0x0, 0x0, 0x0, 0x7, 0xf0, 0x0, 0x0, 0x0,
    0x0, 0x0, 0x3, 0xf0, 0x0, 0x0, 0x0, 0x0,
    0x0, 0x1, 0xf0, 0x0, 0x0, 0x0, 0x0, 0x0,
    0x0, 0xf0, 0x0, 0x0, 0x0, 0x0, 0x0, 0x0,
    0x70, 0x0, 0x0, 0x0, 0x0, 0x0, 0x0, 0x30,
    0x0, 0x0, 0x0, 0x0, 0x0, 0x0, 0x10, 0x0,
    0x0, 0x0,

    /* U+F04E7 "󰓧" */
    0x0, 0x0, 0x0, 0x0, 0x3, 0xff, 0xff, 0x80,
    0x0, 0x10, 0x0, 0x1, 0xff, 0xff, 0x80, 0x0,
    0x38, 0x0, 0x0, 0xff, 0xff, 0x80, 0x0, 0xfc,
    0x0, 0x0, 0x7f, 0xff, 0x80, 0x0, 0xfe, 0x0,
    0x0, 0x3f, 0xff, 0x80, 0x1, 0xff, 0x0, 0x0,
    0x1f, 0xff, 0x80, 0x1, 0xff, 0x80, 0x0, 0xf,
    0xff, 0x80, 0x1, 0xff, 0xc0, 0x0, 0x7, 0xff,
    0x80, 0x1, 0xff, 0xc0, 0x0, 0x3, 0xff, 0xc0,
    0x1, 0xff, 0x80, 0x0, 0x1, 0xff, 0xf0, 0x1,
    0xff, 0x0, 0xf, 0xc0, 0xff, 0xfc, 0x0, 0xff,
    0x0, 0x7, 0xe0, 0x7f, 0xff, 0x0, 0xff, 0x0,
    0x3, 0xf0, 0x3f, 0xff, 0x80, 0xff, 0x0, 0x1,
    0xf8, 0x1f, 0x9f, 0xe0, 0x7f, 0x0, 0x0, 0xfc,
    0xf, 0x87, 0xf0, 0x7f, 0x0, 0x0, 0x7e, 0x7,
    0x81, 0xfc, 0x3f, 0x80, 0x0, 0x3f, 0x3, 0x80,
    0xfe, 0x3f, 0x80, 0x0, 0x1f, 0x81, 0x80, 0x3f,
    0x9f, 0xc0, 0x0, 0xf, 0xc0, 0x80, 0x1f, 0xcf,
    0xc0, 0x0, 0x7, 0xe0, 0x0, 0x7, 0xe7, 0xe0,
    0x0, 0x3, 0xf0, 0x0, 0x3, 0xf7, 0xf0, 0x0,
    0x1, 0xf8, 0x0, 0x1, 0xff, 0xf0, 0x0, 0x0,
    0xfc, 0x0, 0x0, 0x7f, 0xf8, 0x0, 0x0, 0x7e,
    0x0, 0x0, 0x3f, 0xfc, 0x0, 0x0, 0x3f, 0x0,
    0x0, 0x1f, 0xfe, 0x0, 0x0, 0x1f, 0x80, 0x0,
    0xf, 0xff, 0x0, 0x0, 0xf, 0xc0, 0x0, 0x7,
    0xff, 0x80, 0x0, 0x7, 0xe0, 0x0, 0x3, 0xff,
    0xc0, 0x0, 0x3, 0xf0, 0x0, 0x1, 0xff, 0xe0,
    0x0, 0x0, 0x0, 0x0, 0x0, 0xff, 0xf8, 0x0,
    0x0, 0x0, 0x0, 0x0, 0xfe, 0xfc, 0x0, 0x0,
    0x0, 0x0, 0x0, 0x7e, 0x7e, 0x0, 0x0, 0x0,
    0x0, 0x0, 0x3f, 0x3f, 0x80, 0x10, 0x0, 0x0,
    0x0, 0x3f, 0x9f, 0xc0, 0x18, 0x0, 0x0, 0x0,
    0x1f, 0xc7, 0xf0, 0x1c, 0x0, 0x0, 0x0, 0x1f,
    0xc3, 0xf8, 0x1e, 0x3, 0xf0, 0x0, 0xf, 0xe0,
    0xfe, 0x1f, 0x1, 0xf8, 0x0, 0xf, 0xe0, 0x7f,
    0x9f, 0x80, 0xfc, 0x0, 0xf, 0xf0, 0x1f, 0xff,
    0xc0, 0x7e, 0x0, 0xf, 0xf0, 0xf, 0xff, 0xe0,
    0x3f, 0x0, 0xf, 0xf8, 0x3, 0xff, 0xf0, 0x1f,
    0x80, 0xf, 0xf8, 0x0, 0xff, 0xf8, 0x0, 0x0,
    0xf, 0xf8, 0x0, 0x3f, 0xfc, 0x0, 0x0, 0x1f,
    0xf8, 0x0, 0x1f, 0xfe, 0x0, 0x0, 0x3f, 0xf8,
    0x0, 0x1f, 0xff, 0x0, 0x0, 0x1f, 0xf8, 0x0,
    0x1f, 0xff, 0x80, 0x0, 0xf, 0xf8, 0x0, 0x1f,
    0xff, 0xc0, 0x0, 0x7, 0xf8, 0x0, 0x1f, 0xff,
    0xe0, 0x0, 0x3, 0xf0, 0x0, 0x1f, 0xff, 0xf0,
    0x0, 0x1, 0xe0, 0x0, 0x1f, 0xff, 0xf8, 0x0,
    0x0, 0x80, 0x0, 0x1f, 0xff, 0xfc, 0x0, 0x0,
    0x0, 0x0, 0x0,

    /* U+F05A9 "󰖩" */
    0x0, 0x0, 0x3, 0xff, 0xf0, 0x0, 0x0, 0x0,
    0x0, 0x1f, 0xff, 0xff, 0xe0, 0x0, 0x0, 0x0,
    0x7f, 0xff, 0xff, 0xff, 0x0, 0x0, 0x0, 0x7f,
    0xff, 0xff, 0xff, 0xf8, 0x0, 0x0, 0xff, 0xff,
    0xff, 0xff, 0xff, 0x80, 0x0, 0xff, 0xff, 0xff,
    0xff, 0xff, 0xf8, 0x0, 0x7f, 0xff, 0xff, 0xff,
    0xff, 0xff, 0x80, 0x7f, 0xff, 0xff, 0xff, 0xff,
    0xff, 0xf0, 0x3f, 0xff, 0xfe, 0x0, 0x1f, 0xff,
    0xff, 0x3f, 0xff, 0xf0, 0x0, 0x0, 0x3f, 0xff,
    0xe7, 0xff, 0xe0, 0x0, 0x0, 0x1, 0xff, 0xf9,
    0xff, 0xc0, 0x0, 0x0, 0x0, 0x1f, 0xfc, 0x3f,
    0xc0, 0x0, 0x0, 0x0, 0x1, 0xfe, 0x7, 0xe0,
    0x0, 0x0, 0x0, 0x0, 0x1f, 0x80, 0xe0, 0x0,
    0x0, 0x0, 0x0, 0x1, 0xc0, 0x20, 0x0, 0x0,
    0x0, 0x0, 0x0, 0x20, 0x0, 0x0, 0x1, 0xff,
    0xc0, 0x0, 0x0, 0x0, 0x0, 0x7, 0xff, 0xff,
    0x0, 0x0, 0x0, 0x0, 0xf, 0xff, 0xff, 0xf8,
    0x0, 0x0, 0x0, 0xf, 0xff, 0xff, 0xff, 0x80,
    0x0, 0x0, 0xf, 0xff, 0xff, 0xff, 0xf8, 0x0,
    0x0, 0x7, 0xff, 0xff, 0xff, 0xff, 0x80, 0x0,
    0x3, 0xff, 0xff, 0xff, 0xff, 0xf0, 0x0, 0x0,
    0xff, 0xff, 0xff, 0xff, 0xf8, 0x0, 0x0, 0x1f,
    0xff, 0x0, 0x3f, 0xfc, 0x0, 0x0, 0x3, 0xfc,
    0x0, 0x1, 0xff, 0x0, 0x0, 0x0, 0x7c, 0x0,
    0x0, 0xf, 0x80, 0x0, 0x0, 0x1c, 0x0, 0x0,
    0x1, 0xc0, 0x0, 0x0, 0x2, 0x0, 0x0, 0x0,
    0x0, 0x0, 0x0, 0x0, 0x0, 0x0, 0x0, 0x0,
    0x0, 0x0, 0x0, 0x0, 0x0, 0x0, 0x0, 0x0,
    0x0, 0x0, 0x0, 0x0, 0x0, 0x0, 0x0, 0x0,
    0x0, 0x0, 0x0, 0x7f, 0x0, 0x0, 0x0, 0x0,
    0x0, 0x0, 0xff, 0xf8, 0x0, 0x0, 0x0, 0x0,
    0x0, 0xff, 0xff, 0x80, 0x0, 0x0, 0x0, 0x0,
    0x7f, 0xff, 0xf0, 0x0, 0x0, 0x0, 0x0, 0xf,
    0xff, 0xfc, 0x0, 0x0, 0x0, 0x0, 0x1, 0xff,
    0xfe, 0x0, 0x0, 0x0, 0x0, 0x0, 0x3f, 0xff,
    0x0, 0x0, 0x0, 0x0, 0x0, 0xf, 0xff, 0x80,
    0x0, 0x0, 0x0, 0x0, 0x1, 0xff, 0xe0, 0x0,
    0x0, 0x0, 0x0, 0x0, 0x3f, 0xf0, 0x0, 0x0,
    0x0, 0x0, 0x0, 0x7, 0xf8, 0x0, 0x0, 0x0,
    0x0, 0x0, 0x1, 0xfc, 0x0, 0x0, 0x0, 0x0,
    0x0, 0x0, 0x3f, 0x0, 0x0, 0x0, 0x0, 0x0,
    0x0, 0x7, 0x80, 0x0, 0x0, 0x0, 0x0, 0x0,
    0x0, 0xc0, 0x0, 0x0, 0x0, 0x0, 0x0, 0x0,
    0x20, 0x0, 0x0, 0x0,

    /* U+F05AA "󰖪" */
    0x10, 0x0, 0x3, 0xff, 0xf0, 0x0, 0x0, 0xe,
    0x0, 0x1f, 0xff, 0xff, 0xe0, 0x0, 0x7, 0xc0,
    0x3f, 0xff, 0xff, 0xff, 0x0, 0x3, 0xf8, 0x1f,
    0xff, 0xff, 0xff, 0xf8, 0x0, 0x7f, 0x1, 0xff,
    0xff, 0xff, 0xff, 0x80, 0xf, 0xe0, 0x3f, 0xff,
    0xff, 0xff, 0xf8, 0x1, 0xfc, 0x7, 0xff, 0xff,
    0xff, 0xff, 0x80, 0x3f, 0x80, 0xff, 0xff, 0xff,
    0xff, 0xf8, 0x3f, 0xf0, 0x1e, 0x0, 0x1f, 0xff,
    0xff, 0x1f, 0xfe, 0x0, 0x0, 0x0, 0x3f, 0xff,
    0xf7, 0xff, 0xc0, 0x0, 0x0, 0x1, 0xff, 0xf8,
    0xff, 0xf8, 0x0, 0x0, 0x0, 0x1f, 0xfc, 0x1f,
    0xff, 0x0, 0x0, 0x0, 0x0, 0xfe, 0x3, 0xef,
    0xe0, 0x0, 0x0, 0x0, 0x1f, 0x80, 0xe1, 0xfc,
    0x0, 0x0, 0x0, 0x1, 0xc0, 0x10, 0x3f, 0x80,
    0x0, 0x0, 0x0, 0x20, 0x0, 0x7, 0xf0, 0x1f,
    0xe0, 0x0, 0x0, 0x0, 0x0, 0xfe, 0x3, 0xff,
    0x80, 0x0, 0x0, 0x0, 0x1f, 0xc0, 0x7f, 0xfc,
    0x0, 0x0, 0x0, 0x7, 0xf8, 0xf, 0xff, 0xc0,
    0x0, 0x0, 0x7, 0xff, 0x1, 0xff, 0xfc, 0x0,
    0x0, 0x7, 0xff, 0xe0, 0x3f, 0xff, 0x80, 0x0,
    0x3, 0xff, 0xfc, 0x7, 0xff, 0xf0, 0x0, 0x0,
    0x7f, 0xff, 0x80, 0xff, 0xf8, 0x0, 0x0, 0xf,
    0xff, 0xf0, 0x1f, 0xfc, 0x0, 0x0, 0x1, 0xfe,
    0xfe, 0x0, 0xff, 0x0, 0x0, 0x0, 0x7c, 0x1f,
    0xc0, 0xf, 0x80, 0x0, 0x0, 0xc, 0x3, 0xf8,
    0x0, 0xc0, 0x0, 0x0, 0x0, 0x0, 0x7f, 0x0,
    0x0, 0x0, 0x0, 0x0, 0x0, 0xf, 0xe0, 0x0,
    0x0, 0x0, 0x0, 0x0, 0x1, 0xfc, 0x0, 0x0,
    0x0, 0x0, 0x0, 0x0, 0x3f, 0x80, 0x0, 0x0,
    0x0, 0x0, 0x0, 0xff, 0xf0, 0x0, 0x0, 0x0,
    0x0, 0x0, 0xff, 0xfe, 0x0, 0x0, 0x0, 0x0,
    0x0, 0xff, 0xff, 0xc0, 0x0, 0x0, 0x0, 0x0,
    0x3f, 0xff, 0xf8, 0x0, 0x0, 0x0, 0x0, 0x7,
    0xff, 0xff, 0x0, 0x0, 0x0, 0x0, 0x1, 0xff,
    0xff, 0xe0, 0x0, 0x0, 0x0, 0x0, 0x3f, 0xff,
    0xfc, 0x0, 0x0, 0x0, 0x0, 0x7, 0xff, 0xbf,
    0x80, 0x0, 0x0, 0x0, 0x0, 0xff, 0xc7, 0xf0,
    0x0, 0x0, 0x0, 0x0, 0x3f, 0xf0, 0xfe, 0x0,
    0x0, 0x0, 0x0, 0x7, 0xf8, 0x1f, 0xc0, 0x0,
    0x0, 0x0, 0x0, 0xfc, 0x3, 0xf8, 0x0, 0x0,
    0x0, 0x0, 0x1e, 0x0, 0x7e, 0x0, 0x0, 0x0,
    0x0, 0x7, 0x80, 0xf, 0x0, 0x0, 0x0, 0x0,
    0x0, 0xc0, 0x1, 0x80, 0x0, 0x0, 0x0, 0x0,
    0x0, 0x0, 0x0, 0x0,

    /* U+F0F55 "󰽕" */
    0x0, 0x0, 0x0, 0x0, 0x0, 0x0, 0x0, 0x0,
    0x0, 0x0, 0x3, 0x80, 0x0, 0x0, 0x0, 0x0,
    0x0, 0x1, 0xf0, 0x0, 0x0, 0x0, 0x0, 0x0,
    0x0, 0xfe, 0x0, 0x0, 0x0, 0x0, 0x0, 0x0,
    0x7f, 0xc0, 0x0, 0x0, 0x0, 0x0, 0x0, 0x3f,
    0xf8, 0x0, 0x0, 0x0, 0x0, 0x0, 0x1f, 0xff,
    0x0, 0x0, 0x0, 0x0, 0x0, 0xf, 0xff, 0xe0,
    0x0, 0x0, 0x0, 0x0, 0x7, 0xfb, 0xfc, 0x0,
    0x0, 0x0, 0x0, 0x7, 0xfc, 0x7f, 0xc0, 0x0,
    0x0, 0x0, 0x3, 0xfe, 0xf, 0xf8, 0x0, 0x0,
    0x0, 0x1, 0xff, 0x1, 0xff, 0x0, 0x0, 0x0,
    0x0, 0xff, 0x80, 0x3f, 0xc0, 0x0, 0x0, 0x0,
    0x7f, 0xc0, 0x7, 0xe0, 0x0, 0x0, 0x0, 0x3f,
    0xe0, 0x0, 0xf0, 0x0, 0x0, 0x0, 0x1f, 0xf0,
    0x0, 0x18, 0x7, 0xc0, 0x0, 0xf, 0xf0, 0x0,
    0x2, 0x3, 0xf8, 0x0, 0x7, 0xf8, 0x0, 0x0,
    0x1, 0xff, 0x0, 0x7, 0xfc, 0x0, 0x0, 0x0,
    0xf1, 0xe0, 0x3, 0xfe, 0x0, 0x0, 0x0, 0x38,
    0x38, 0x1, 0xff, 0x0, 0x0, 0x0, 0xe, 0xe,
    0x0, 0xff, 0x80, 0x0, 0x0, 0x3, 0x83, 0x80,
    0x7f, 0xe0, 0x0, 0x0, 0x0, 0xe0, 0xe0, 0x3f,
    0xf8, 0x0, 0x0, 0x0, 0x38, 0x38, 0x1f, 0xfe,
    0x0, 0x0, 0x0, 0xf, 0xfe, 0xf, 0xff, 0x80,
    0x0, 0x0, 0x3, 0xff, 0x87, 0xff, 0xe0, 0x0,
    0x0, 0x0, 0xff, 0xe0, 0x1, 0xf8, 0x0, 0x0,
    0x0, 0x3f, 0xf8, 0x0, 0x7e, 0x0, 0x0, 0x0,
    0xf, 0xfe, 0x0, 0x1f, 0x80, 0x0, 0x0, 0x3,
    0xff, 0x80, 0x7, 0xe0, 0x0, 0x0, 0x0, 0xff,
    0xe0, 0x1, 0xf8, 0x0, 0x0, 0x0, 0x3f, 0xf8,
    0x0, 0x7e, 0x0, 0x0, 0x0, 0xf, 0xfe, 0x0,
    0x1f, 0x80, 0x0, 0x0, 0x3, 0xff, 0x80, 0x7,
    0xe0, 0x0, 0x0, 0x0, 0xff, 0xe0, 0x1, 0xf8,
    0x0, 0x0, 0x0, 0x3f, 0xf8, 0x0, 0x7e, 0x0,
    0x0, 0x0, 0xf, 0xfe, 0x0, 0x1f, 0x80, 0x0,
    0x0, 0x3, 0xff, 0x80, 0x7, 0xe0, 0x0, 0x0,
    0x0, 0xff, 0xe0, 0x1, 0xf8, 0x0, 0x0, 0x0,
    0x3f, 0xf8, 0x0, 0x7e, 0x0, 0x0, 0x0, 0xf,
    0xfe, 0x0, 0x1f, 0x80, 0x0, 0x0, 0x7, 0xff,
    0xc0, 0x7, 0xe0, 0x0, 0x0, 0x3, 0xff, 0xf8,
    0x1, 0xf8, 0x0, 0x0, 0x1, 0xff, 0xfe, 0x0,
    0x7f, 0xff, 0xff, 0xe0, 0x7f, 0xff, 0xc0, 0x1f,
    0xff, 0xff, 0xf8, 0x1f, 0xff, 0xf0, 0x7, 0xff,
    0xff, 0xfe, 0x7, 0xff, 0xfc, 0x1, 0xff, 0xff,
    0xff, 0x81, 0xff, 0xff, 0x0, 0x7f, 0xff, 0xff,
    0xe0, 0x7f, 0xff, 0xc0, 0x0, 0x0, 0x0, 0x0,
    0x1f, 0xff, 0xe0, 0x0, 0x0, 0x0, 0x0, 0x3,
    0xff, 0xf8, 0x0, 0x0, 0x0, 0x0, 0x0, 0x7f,
    0xfc, 0x0, 0x0, 0x0, 0x0, 0x0, 0x1f, 0xff,
    0x0, 0x0, 0x0, 0x0, 0x0, 0x1, 0xff, 0x0,
    0x0, 0x0, 0x0, 0x0, 0x0, 0x1f, 0x0,

    /* U+F16B5 "󱚵" */
    0x0, 0x0, 0x1, 0xff, 0xf8, 0x0, 0x0, 0x0,
    0x0, 0x3f, 0xff, 0xff, 0xe0, 0x0, 0x0, 0x0,
    0xff, 0xff, 0xff, 0xfe, 0x0, 0x0, 0x3, 0xff,
    0xff, 0xff, 0xff, 0xe0, 0x0, 0x7, 0xff, 0xff,
    0xff, 0xff, 0xfe, 0x0, 0xf, 0xff, 0xff, 0xff,
    0xff, 0xff, 0xc0, 0x1f, 0xff, 0xff, 0xff, 0xff,
    0xf0, 0x0, 0x3f, 0xff, 0xff, 0xff, 0xff, 0xf8,
    0x0, 0x3f, 0xff, 0xff, 0xe0, 0xff, 0xfc, 0x0,
    0x3f, 0xff, 0xf8, 0x0, 0x0, 0xfe, 0x0, 0x3f,
    0xff, 0xc0, 0x0, 0x0, 0x7, 0x0, 0xf, 0xff,
    0x80, 0x0, 0x0, 0x0, 0x1, 0xf3, 0xfe, 0x0,
    0x0, 0x0, 0x0, 0x0, 0xf8, 0xfc, 0x0, 0x0,
    0x0, 0x0, 0x0, 0x7c, 0x7c, 0x0, 0x0, 0x0,
    0x0, 0x0, 0x3e, 0x18, 0x0, 0x0, 0x0, 0x0,
    0x0, 0x1f, 0x0, 0x0, 0x0, 0xf, 0x0, 0x0,
    0xf, 0x80, 0x0, 0x3, 0xff, 0xff, 0x0, 0x7,
    0xc0, 0x0, 0xf, 0xff, 0xff, 0xf0, 0x3, 0xe0,
    0x0, 0x1f, 0xff, 0xff, 0xfe, 0x1, 0xf0, 0x0,
    0x3f, 0xff, 0xff, 0xff, 0xc0, 0xf8, 0x0, 0x7f,
    0xff, 0xff, 0xff, 0xe0, 0x7c, 0x0, 0x7f, 0xff,
    0xff, 0xff, 0xf0, 0x3e, 0x0, 0x7f, 0xff, 0xff,
    0xff, 0xf8, 0x1f, 0x0, 0x1f, 0xff, 0xf9, 0xff,
    0xfc, 0xf, 0x80, 0x7, 0xff, 0x0, 0x3, 0xfe,
    0x7, 0xc0, 0x3, 0xfc, 0x0, 0x0, 0x7f, 0x3,
    0xe0, 0x0, 0xf8, 0x0, 0x0, 0x7, 0x80, 0x0,
    0x0, 0x30, 0x0, 0x0, 0x1, 0xc0, 0x0, 0x0,
    0x0, 0x0, 0x0, 0x0, 0x40, 0x0, 0x0, 0x0,
    0x0, 0x0, 0x0, 0x0, 0x0, 0x0, 0x0, 0x0,
    0x0, 0x0, 0x0, 0x0, 0x0, 0x0, 0x0, 0x0,
    0x0, 0x0, 0x0, 0x0, 0x0, 0x0, 0x0, 0x0,
    0x0, 0x0, 0x0, 0x0, 0x0, 0xf, 0xf0, 0x0,
    0x3, 0xe0, 0x0, 0x0, 0x3f, 0xff, 0x0, 0x1,
    0xf0, 0x0, 0x0, 0x7f, 0xff, 0xe0, 0x0, 0xf8,
    0x0, 0x0, 0x7f, 0xff, 0xf0, 0x0, 0x7c, 0x0,
    0x0, 0x1f, 0xff, 0xf8, 0x0, 0x3e, 0x0, 0x0,
    0xf, 0xff, 0xf8, 0x0, 0x0, 0x0, 0x0, 0x3,
    0xff, 0xf8, 0x0, 0x0, 0x0, 0x0, 0x0, 0xff,
    0xf8, 0x0, 0x0, 0x0, 0x0, 0x0, 0x3f, 0xfc,
    0x0, 0x0, 0x0, 0x0, 0x0, 0xf, 0xfc, 0x0,
    0x0, 0x0, 0x0, 0x0, 0x7, 0xfc, 0x0, 0x0,
    0x0, 0x0, 0x0, 0x1, 0xfc, 0x0, 0x0, 0x0,
    0x0, 0x0, 0x0, 0x7c, 0x0, 0x0, 0x0, 0x0,
    0x0, 0x0, 0x1e, 0x0, 0x0, 0x0, 0x0, 0x0,
    0x0, 0x6, 0x0, 0x0, 0x0, 0x0, 0x0, 0x0,
    0x2, 0x0, 0x0, 0x0, 0x0,

    /* U+F16BD "󱚽" */
    0x0, 0x0, 0x3, 0xff, 0xf0, 0x0, 0x0, 0x0,
    0x0, 0x1f, 0xff, 0xff, 0xe0, 0x0, 0x0, 0x0,
    0x7f, 0xff, 0xff, 0xff, 0x0, 0x0, 0x0, 0x7f,
    0xff, 0xff, 0xff, 0xf8, 0x0, 0x0, 0xff, 0xff,
    0xff, 0xff, 0xff, 0x80, 0x0, 0xff, 0xff, 0xff,
    0xff, 0xff, 0xf8, 0x0, 0x7f, 0xff, 0xff, 0xff,
    0xff, 0xff, 0x80, 0x7f, 0xff, 0xff, 0xff, 0xff,
    0xff, 0xf8, 0x3f, 0xff, 0xfe, 0x0, 0x1f, 0xff,
    0xff, 0x3f, 0xff, 0xf0, 0x0, 0x0, 0x3f, 0xff,
    0xe7, 0xff, 0xe0, 0x0, 0x0, 0x1, 0xff, 0xf9,
    0xff, 0xc0, 0x0, 0x0, 0x0, 0x1f, 0xfc, 0x3f,
    0xc0, 0x0, 0x0, 0x0, 0x1, 0xff, 0x7, 0xe0,
    0x0, 0x0, 0x0, 0x0, 0x1f, 0x80, 0xe0, 0x0,
    0x0, 0x0, 0x0, 0x1, 0xc0, 0x20, 0x0, 0x0,
    0x0, 0x0, 0x0, 0x20, 0x0, 0x0, 0x1, 0xff,
    0xc0, 0x0, 0x0, 0x0, 0x0, 0x7, 0xff, 0xff,
    0x0, 0x0, 0x0, 0x0, 0x7, 0xff, 0xff, 0xf8,
    0x0, 0x0, 0x0, 0xf, 0xff, 0xff, 0xff, 0x80,
    0x0, 0x0, 0x7, 0xff, 0xff, 0xff, 0xf8, 0x0,
    0x0, 0x7, 0xff, 0xff, 0xff, 0xff, 0x80, 0x0,
    0x7, 0xff, 0xff, 0xff, 0xff, 0xf0, 0x0, 0x0,
    0xff, 0xff, 0xff, 0xff, 0xf8, 0x0, 0x0, 0x1f,
    0xff, 0x0, 0x7f, 0xfc, 0x0, 0x0, 0x3, 0xfc,
    0x0, 0x1, 0xff, 0x0, 0x0, 0x0, 0x7c, 0x0,
    0x0, 0x1f, 0x80, 0x0, 0x0, 0x1c, 0x0, 0x0,
    0x1, 0x80, 0x0, 0x0, 0x2, 0x0, 0x0, 0x0,
    0x0, 0x0, 0x0, 0x0, 0x0, 0x0, 0x0, 0x0,
    0x0, 0x0, 0x0, 0x0, 0x0, 0x0, 0x0, 0x0,
    0x0, 0x0, 0x0, 0x0, 0x0, 0x0, 0x0, 0x0,
    0x0, 0x0, 0x0, 0x7f, 0x0, 0x0, 0x0, 0x0,
    0x0, 0x0, 0xff, 0xf0, 0x0, 0x0, 0x0, 0x0,
    0x0, 0xff, 0xfc, 0x0, 0x0, 0x0, 0x0, 0x0,
    0x7f, 0xfe, 0x0, 0x0, 0x18, 0x0, 0x0, 0xf,
    0xff, 0x80, 0x0, 0xf, 0x0, 0x0, 0x1, 0xff,
    0xc0, 0x0, 0x7, 0xc0, 0x0, 0x0, 0x3f, 0xf0,
    0x0, 0x3, 0xf8, 0x0, 0x0, 0xf, 0xfc, 0x0,
    0x1, 0xfc, 0x0, 0x0, 0x1, 0xff, 0x1, 0x80,
    0xfe, 0x0, 0x0, 0x0, 0x3f, 0x80, 0xf0, 0x7f,
    0x0, 0x0, 0x0, 0x7, 0xe0, 0x7e, 0x3f, 0x80,
    0x0, 0x0, 0x1, 0xf8, 0xf, 0xdf, 0x80, 0x0,
    0x0, 0x0, 0x3e, 0x3, 0xff, 0xc0, 0x0, 0x0,
    0x0, 0x7, 0x80, 0x7f, 0xe0, 0x0, 0x0, 0x0,
    0x0, 0xc0, 0xf, 0xf0, 0x0, 0x0, 0x0, 0x0,
    0x20, 0x1, 0xf8, 0x0, 0x0, 0x0, 0x0, 0x0,
    0x0, 0x3c, 0x0, 0x0, 0x0, 0x0, 0x0, 0x0,
    0x6, 0x0, 0x0, 0x0, 0x0, 0x0, 0x0, 0x0,
    0x0, 0x0
};


/*---------------------
 *  GLYPH DESCRIPTION
 *--------------------*/

static const lv_font_fmt_txt_glyph_dsc_t glyph_dsc[] = {
    {.bitmap_index = 0, .adv_w = 0, .box_w = 0, .box_h = 0, .ofs_x = 0, .ofs_y = 0} /* id = 0 reserved */,
    {.bitmap_index = 0, .adv_w = 922, .box_w = 1, .box_h = 1, .ofs_x = 0, .ofs_y = 0},
    {.bitmap_index = 1, .adv_w = 922, .box_w = 17, .box_h = 68, .ofs_x = 20, .ofs_y = -1},
    {.bitmap_index = 146, .adv_w = 922, .box_w = 31, .box_h = 30, .ofs_x = 13, .ofs_y = 41},
    {.bitmap_index = 263, .adv_w = 922, .box_w = 56, .box_h = 67, .ofs_x = 1, .ofs_y = 0},
    {.bitmap_index = 732, .adv_w = 922, .box_w = 51, .box_h = 89, .ofs_x = 4, .ofs_y = -11},
    {.bitmap_index = 1300, .adv_w = 922, .box_w = 55, .box_h = 70, .ofs_x = 1, .ofs_y = -1},
    {.bitmap_index = 1782, .adv_w = 922, .box_w = 55, .box_h = 70, .ofs_x = 2, .ofs_y = -1},
    {.bitmap_index = 2264, .adv_w = 922, .box_w = 11, .box_h = 30, .ofs_x = 23, .ofs_y = 41},
    {.bitmap_index = 2306, .adv_w = 922, .box_w = 33, .box_h = 86, .ofs_x = 18, .ofs_y = -13},
    {.bitmap_index = 2661, .adv_w = 922, .box_w = 33, .box_h = 86, .ofs_x = 7, .ofs_y = -13},
    {.bitmap_index = 3016, .adv_w = 922, .box_w = 51, .box_h = 49, .ofs_x = 3, .ofs_y = 4},
    {.bitmap_index = 3329, .adv_w = 922, .box_w = 46, .box_h = 47, .ofs_x = 6, .ofs_y = 6},
    {.bitmap_index = 3600, .adv_w = 922, .box_w = 22, .box_h = 30, .ofs_x = 17, .ofs_y = -14},
    {.bitmap_index = 3683, .adv_w = 922, .box_w = 30, .box_h = 12, .ofs_x = 14, .ofs_y = 23},
    {.bitmap_index = 3728, .adv_w = 922, .box_w = 18, .box_h = 17, .ofs_x = 20, .ofs_y = -1},
    {.bitmap_index = 3767, .adv_w = 922, .box_w = 43, .box_h = 87, .ofs_x = 7, .ofs_y = -13},
    {.bitmap_index = 4235, .adv_w = 922, .box_w = 51, .box_h = 70, .ofs_x = 3, .ofs_y = -1},
    {.bitmap_index = 4682, .adv_w = 922, .box_w = 51, .box_h = 67, .ofs_x = 4, .ofs_y = 0},
    {.bitmap_index = 5110, .adv_w = 922, .box_w = 48, .box_h = 69, .ofs_x = 5, .ofs_y = 0},
    {.bitmap_index = 5524, .adv_w = 922, .box_w = 49, .box_h = 70, .ofs_x = 3, .ofs_y = -1},
    {.bitmap_index = 5953, .adv_w = 922, .box_w = 52, .box_h = 68, .ofs_x = 3, .ofs_y = 0},
    {.bitmap_index = 6395, .adv_w = 922, .box_w = 48, .box_h = 69, .ofs_x = 5, .ofs_y = -1},
    {.bitmap_index = 6809, .adv_w = 922, .box_w = 49, .box_h = 69, .ofs_x = 4, .ofs_y = -1},
    {.bitmap_index = 7232, .adv_w = 922, .box_w = 47, .box_h = 67, .ofs_x = 5, .ofs_y = 0},
    {.bitmap_index = 7626, .adv_w = 922, .box_w = 50, .box_h = 70, .ofs_x = 4, .ofs_y = -1},
    {.bitmap_index = 8064, .adv_w = 922, .box_w = 49, .box_h = 69, .ofs_x = 4, .ofs_y = -1},
    {.bitmap_index = 8487, .adv_w = 922, .box_w = 18, .box_h = 52, .ofs_x = 20, .ofs_y = -1},
    {.bitmap_index = 8604, .adv_w = 922, .box_w = 21, .box_h = 65, .ofs_x = 18, .ofs_y = -14},
    {.bitmap_index = 8775, .adv_w = 922, .box_w = 42, .box_h = 57, .ofs_x = 8, .ofs_y = 1},
    {.bitmap_index = 9075, .adv_w = 922, .box_w = 46, .box_h = 31, .ofs_x = 6, .ofs_y = 14},
    {.bitmap_index = 9254, .adv_w = 922, .box_w = 42, .box_h = 57, .ofs_x = 8, .ofs_y = 1},
    {.bitmap_index = 9554, .adv_w = 922, .box_w = 44, .box_h = 69, .ofs_x = 6, .ofs_y = -1},
    {.bitmap_index = 9934, .adv_w = 922, .box_w = 48, .box_h = 80, .ofs_x = 4, .ofs_y = -11},
    {.bitmap_index = 10414, .adv_w = 922, .box_w = 55, .box_h = 68, .ofs_x = 1, .ofs_y = 0},
    {.bitmap_index = 10882, .adv_w = 922, .box_w = 45, .box_h = 67, .ofs_x = 8, .ofs_y = 0},
    {.bitmap_index = 11259, .adv_w = 922, .box_w = 48, .box_h = 70, .ofs_x = 5, .ofs_y = -1},
    {.bitmap_index = 11679, .adv_w = 922, .box_w = 47, .box_h = 67, .ofs_x = 7, .ofs_y = 0},
    {.bitmap_index = 12073, .adv_w = 922, .box_w = 43, .box_h = 67, .ofs_x = 8, .ofs_y = 0},
    {.bitmap_index = 12434, .adv_w = 922, .box_w = 44, .box_h = 67, .ofs_x = 8, .ofs_y = 0},
    {.bitmap_index = 12803, .adv_w = 922, .box_w = 48, .box_h = 70, .ofs_x = 4, .ofs_y = -1},
    {.bitmap_index = 13223, .adv_w = 922, .box_w = 45, .box_h = 67, .ofs_x = 6, .ofs_y = 0},
    {.bitmap_index = 13600, .adv_w = 922, .box_w = 43, .box_h = 67, .ofs_x = 7, .ofs_y = 0},
    {.bitmap_index = 13961, .adv_w = 922, .box_w = 44, .box_h = 68, .ofs_x = 4, .ofs_y = -1},
    {.bitmap_index = 14335, .adv_w = 922, .box_w = 51, .box_h = 67, .ofs_x = 7, .ofs_y = 0},
    {.bitmap_index = 14763, .adv_w = 922, .box_w = 43, .box_h = 68, .ofs_x = 10, .ofs_y = 0},
    {.bitmap_index = 15129, .adv_w = 922, .box_w = 49, .box_h = 67, .ofs_x = 5, .ofs_y = 0},
    {.bitmap_index = 15540, .adv_w = 922, .box_w = 45, .box_h = 67, .ofs_x = 6, .ofs_y = 0},
    {.bitmap_index = 15917, .adv_w = 922, .box_w = 51, .box_h = 70, .ofs_x = 3, .ofs_y = -1},
    {.bitmap_index = 16364, .adv_w = 922, .box_w = 45, .box_h = 68, .ofs_x = 8, .ofs_y = 0},
    {.bitmap_index = 16747, .adv_w = 922, .box_w = 51, .box_h = 86, .ofs_x = 3, .ofs_y = -18},
    {.bitmap_index = 17296, .adv_w = 922, .box_w = 46, .box_h = 67, .ofs_x = 8, .ofs_y = 0},
    {.bitmap_index = 17682, .adv_w = 922, .box_w = 50, .box_h = 70, .ofs_x = 3, .ofs_y = -1},
    {.bitmap_index = 18120, .adv_w = 922, .box_w = 53, .box_h = 67, .ofs_x = 2, .ofs_y = 0},
    {.bitmap_index = 18564, .adv_w = 922, .box_w = 46, .box_h = 69, .ofs_x = 6, .ofs_y = -1},
    {.bitmap_index = 18961, .adv_w = 922, .box_w = 54, .box_h = 68, .ofs_x = 2, .ofs_y = 0},
    {.bitmap_index = 19420, .adv_w = 922, .box_w = 54, .box_h = 68, .ofs_x = 2, .ofs_y = 0},
    {.bitmap_index = 19879, .adv_w = 922, .box_w = 55, .box_h = 67, .ofs_x = 1, .ofs_y = 0},
    {.bitmap_index = 20340, .adv_w = 922, .box_w = 57, .box_h = 68, .ofs_x = 1, .ofs_y = 0},
    {.bitmap_index = 20825, .adv_w = 922, .box_w = 48, .box_h = 67, .ofs_x = 5, .ofs_y = 0},
    {.bitmap_index = 21227, .adv_w = 922, .box_w = 30, .box_h = 87, .ofs_x = 19, .ofs_y = -13},
    {.bitmap_index = 21554, .adv_w = 922, .box_w = 43, .box_h = 87, .ofs_x = 7, .ofs_y = -13},
    {.bitmap_index = 22022, .adv_w = 922, .box_w = 30, .box_h = 87, .ofs_x = 9, .ofs_y = -13},
    {.bitmap_index = 22349, .adv_w = 922, .box_w = 52, .box_h = 43, .ofs_x = 3, .ofs_y = 24},
    {.bitmap_index = 22629, .adv_w = 922, .box_w = 46, .box_h = 10, .ofs_x = 6, .ofs_y = -18},
    {.bitmap_index = 22687, .adv_w = 922, .box_w = 20, .box_h = 21, .ofs_x = 15, .ofs_y = 56},
    {.bitmap_index = 22740, .adv_w = 922, .box_w = 49, .box_h = 52, .ofs_x = 5, .ofs_y = -1},
    {.bitmap_index = 23059, .adv_w = 922, .box_w = 47, .box_h = 72, .ofs_x = 7, .ofs_y = -1},
    {.bitmap_index = 23482, .adv_w = 922, .box_w = 45, .box_h = 52, .ofs_x = 6, .ofs_y = -1},
    {.bitmap_index = 23775, .adv_w = 922, .box_w = 47, .box_h = 72, .ofs_x = 4, .ofs_y = -1},
    {.bitmap_index = 24198, .adv_w = 922, .box_w = 47, .box_h = 52, .ofs_x = 5, .ofs_y = -1},
    {.bitmap_index = 24504, .adv_w = 922, .box_w = 47, .box_h = 72, .ofs_x = 6, .ofs_y = 0},
    {.bitmap_index = 24927, .adv_w = 922, .box_w = 50, .box_h = 79, .ofs_x = 5, .ofs_y = -20},
    {.bitmap_index = 25421, .adv_w = 922, .box_w = 44, .box_h = 71, .ofs_x = 7, .ofs_y = 0},
    {.bitmap_index = 25812, .adv_w = 922, .box_w = 44, .box_h = 72, .ofs_x = 9, .ofs_y = 0},
    {.bitmap_index = 26208, .adv_w = 922, .box_w = 35, .box_h = 92, .ofs_x = 9, .ofs_y = -19},
    {.bitmap_index = 26611, .adv_w = 922, .box_w = 49, .box_h = 71, .ofs_x = 7, .ofs_y = 0},
    {.bitmap_index = 27046, .adv_w = 922, .box_w = 44, .box_h = 72, .ofs_x = 7, .ofs_y = 0},
    {.bitmap_index = 27442, .adv_w = 922, .box_w = 50, .box_h = 51, .ofs_x = 4, .ofs_y = 0},
    {.bitmap_index = 27761, .adv_w = 922, .box_w = 44, .box_h = 51, .ofs_x = 7, .ofs_y = 0},
    {.bitmap_index = 28042, .adv_w = 922, .box_w = 48, .box_h = 52, .ofs_x = 5, .ofs_y = -1},
    {.bitmap_index = 28354, .adv_w = 922, .box_w = 47, .box_h = 70, .ofs_x = 7, .ofs_y = -19},
    {.bitmap_index = 28766, .adv_w = 922, .box_w = 47, .box_h = 70, .ofs_x = 4, .ofs_y = -19},
    {.bitmap_index = 29178, .adv_w = 922, .box_w = 47, .box_h = 50, .ofs_x = 7, .ofs_y = 0},
    {.bitmap_index = 29472, .adv_w = 922, .box_w = 46, .box_h = 52, .ofs_x = 5, .ofs_y = -1},
    {.bitmap_index = 29771, .adv_w = 922, .box_w = 47, .box_h = 68, .ofs_x = 4, .ofs_y = 0},
    {.bitmap_index = 30171, .adv_w = 922, .box_w = 44, .box_h = 51, .ofs_x = 7, .ofs_y = -1},
    {.bitmap_index = 30452, .adv_w = 922, .box_w = 50, .box_h = 50, .ofs_x = 4, .ofs_y = 0},
    {.bitmap_index = 30765, .adv_w = 922, .box_w = 55, .box_h = 50, .ofs_x = 1, .ofs_y = 0},
    {.bitmap_index = 31109, .adv_w = 922, .box_w = 51, .box_h = 50, .ofs_x = 3, .ofs_y = 0},
    {.bitmap_index = 31428, .adv_w = 922, .box_w = 52, .box_h = 69, .ofs_x = 3, .ofs_y = -19},
    {.bitmap_index = 31877, .adv_w = 922, .box_w = 44, .box_h = 50, .ofs_x = 7, .ofs_y = 0},
    {.bitmap_index = 32152, .adv_w = 922, .box_w = 39, .box_h = 87, .ofs_x = 9, .ofs_y = -13},
    {.bitmap_index = 32577, .adv_w = 922, .box_w = 11, .box_h = 86, .ofs_x = 24, .ofs_y = -13},
    {.bitmap_index = 32696, .adv_w = 922, .box_w = 40, .box_h = 87, .ofs_x = 9, .ofs_y = -13},
    {.bitmap_index = 33131, .adv_w = 922, .box_w = 50, .box_h = 24, .ofs_x = 4, .ofs_y = 17},
    {.bitmap_index = 33281, .adv_w = 922, .box_w = 29, .box_h = 86, .ofs_x = 14, .ofs_y = -7},
    {.bitmap_index = 33593, .adv_w = 922, .box_w = 53, .box_h = 41, .ofs_x = 3, .ofs_y = 22},
    {.bitmap_index = 33865, .adv_w = 922, .box_w = 53, .box_h = 53, .ofs_x = 3, .ofs_y = 10},
    {.bitmap_index = 34217, .adv_w = 922, .box_w = 41, .box_h = 41, .ofs_x = 8, .ofs_y = 15},
    {.bitmap_index = 34428, .adv_w = 922, .box_w = 44, .box_h = 28, .ofs_x = 7, .ofs_y = 22},
    {.bitmap_index = 34582, .adv_w = 922, .box_w = 49, .box_h = 34, .ofs_x = 4, .ofs_y = 16},
    {.bitmap_index = 34791, .adv_w = 922, .box_w = 40, .box_h = 39, .ofs_x = 9, .ofs_y = 11},
    {.bitmap_index = 34986, .adv_w = 922, .box_w = 40, .box_h = 40, .ofs_x = 9, .ofs_y = 10},
    {.bitmap_index = 35186, .adv_w = 922, .box_w = 40, .box_h = 28, .ofs_x = 9, .ofs_y = 22},
    {.bitmap_index = 35326, .adv_w = 922, .box_w = 58, .box_h = 80, .ofs_x = 0, .ofs_y = -4},
    {.bitmap_index = 35906, .adv_w = 922, .box_w = 58, .box_h = 43, .ofs_x = 0, .ofs_y = 18},
    {.bitmap_index = 36218, .adv_w = 922, .box_w = 57, .box_h = 50, .ofs_x = 0, .ofs_y = 11},
    {.bitmap_index = 36575, .adv_w = 922, .box_w = 40, .box_h = 86, .ofs_x = 9, .ofs_y = -7},
    {.bitmap_index = 37005, .adv_w = 922, .box_w = 44, .box_h = 57, .ofs_x = 7, .ofs_y = 4},
    {.bitmap_index = 37319, .adv_w = 922, .box_w = 58, .box_h = 46, .ofs_x = 0, .ofs_y = 13},
    {.bitmap_index = 37653, .adv_w = 922, .box_w = 44, .box_h = 49, .ofs_x = 9, .ofs_y = 12},
    {.bitmap_index = 37923, .adv_w = 922, .box_w = 49, .box_h = 44, .ofs_x = 4, .ofs_y = 12},
    {.bitmap_index = 38193, .adv_w = 922, .box_w = 49, .box_h = 44, .ofs_x = 4, .ofs_y = 12},
    {.bitmap_index = 38463, .adv_w = 922, .box_w = 44, .box_h = 49, .ofs_x = 9, .ofs_y = 12},
    {.bitmap_index = 38733, .adv_w = 922, .box_w = 58, .box_h = 48, .ofs_x = 0, .ofs_y = 12},
    {.bitmap_index = 39081, .adv_w = 922, .box_w = 57, .box_h = 32, .ofs_x = 0, .ofs_y = 20},
    {.bitmap_index = 39309, .adv_w = 922, .box_w = 57, .box_h = 32, .ofs_x = 0, .ofs_y = 20},
    {.bitmap_index = 39537, .adv_w = 922, .box_w = 57, .box_h = 32, .ofs_x = 0, .ofs_y = 20},
    {.bitmap_index = 39765, .adv_w = 922, .box_w = 57, .box_h = 32, .ofs_x = 0, .ofs_y = 20},
    {.bitmap_index = 39993, .adv_w = 922, .box_w = 49, .box_h = 86, .ofs_x = 4, .ofs_y = -7},
    {.bitmap_index = 40520, .adv_w = 922, .box_w = 58, .box_h = 66, .ofs_x = 0, .ofs_y = 3},
    {.bitmap_index = 40999, .adv_w = 922, .box_w = 58, .box_h = 50, .ofs_x = 0, .ofs_y = 11},
    {.bitmap_index = 41362, .adv_w = 922, .box_w = 57, .box_h = 80, .ofs_x = 0, .ofs_y = -4},
    {.bitmap_index = 41932, .adv_w = 922, .box_w = 57, .box_h = 52, .ofs_x = 0, .ofs_y = 10},
    {.bitmap_index = 42303, .adv_w = 922, .box_w = 58, .box_h = 48, .ofs_x = 0, .ofs_y = 12},
    {.bitmap_index = 42651, .adv_w = 922, .box_w = 58, .box_h = 48, .ofs_x = 0, .ofs_y = 12},
    {.bitmap_index = 42999, .adv_w = 922, .box_w = 58, .box_h = 55, .ofs_x = -1, .ofs_y = 9},
    {.bitmap_index = 43398, .adv_w = 922, .box_w = 57, .box_h = 50, .ofs_x = 0, .ofs_y = 11},
    {.bitmap_index = 43755, .adv_w = 922, .box_w = 58, .box_h = 51, .ofs_x = 0, .ofs_y = 10}
};

/*---------------------
 *  CHARACTER MAPPING
 *--------------------*/

static const uint16_t unicode_list_1[] = {
    0x0, 0xf8, 0xfe, 0x103, 0x108, 0x109, 0x10e, 0x113,
    0x133, 0x140, 0x142, 0x143, 0x146, 0x169, 0x86d, 0x890,
    0x891, 0x892, 0x897, 0x8a8, 0x1036, 0x1038, 0x1039, 0x103a,
    0x10bf, 0x10d2
};

static const uint16_t unicode_list_2[] = {
    0x0, 0x20a, 0x20b, 0x2cd, 0x2ce, 0xc79, 0x13d9, 0x13e1
};

/*Collect the unicode lists and glyph_id offsets*/
static const lv_font_fmt_txt_cmap_t cmaps[] =
{
    {
        .range_start = 32, .range_length = 95, .glyph_id_start = 1,
        .unicode_list = NULL, .glyph_id_ofs_list = NULL, .list_length = 0, .type = LV_FONT_FMT_TXT_CMAP_FORMAT0_TINY
    },
    {
        .range_start = 57866, .range_length = 4307, .glyph_id_start = 96,
        .unicode_list = unicode_list_1, .glyph_id_ofs_list = NULL, .list_length = 26, .type = LV_FONT_FMT_TXT_CMAP_SPARSE_TINY
    },
    {
        .range_start = 983772, .range_length = 5090, .glyph_id_start = 122,
        .unicode_list = unicode_list_2, .glyph_id_ofs_list = NULL, .list_length = 8, .type = LV_FONT_FMT_TXT_CMAP_SPARSE_TINY
    }
};



/*--------------------
 *  ALL CUSTOM DATA
 *--------------------*/

#if LVGL_VERSION_MAJOR == 8
/*Store all the custom data of the font*/
static  lv_font_fmt_txt_glyph_cache_t cache;
#endif

#if LVGL_VERSION_MAJOR >= 8
static const lv_font_fmt_txt_dsc_t font_dsc = {
#else
static lv_font_fmt_txt_dsc_t font_dsc = {
#endif
    .glyph_bitmap = glyph_bitmap,
    .glyph_dsc = glyph_dsc,
    .cmaps = cmaps,
    .kern_dsc = NULL,
    .kern_scale = 0,
    .cmap_num = 3,
    .bpp = 1,
    .kern_classes = 0,
    .bitmap_format = 0,
#if LVGL_VERSION_MAJOR == 8
    .cache = &cache
#endif

};

extern const lv_font_t symbol_nerdfont_96;


/*-----------------
 *  PUBLIC FONT
 *----------------*/

/*Initialize a public general font descriptor*/
#if LVGL_VERSION_MAJOR >= 8
const lv_font_t symbol_nerdfont_96 = {
#else
lv_font_t symbol_nerdfont_96 = {
#endif
    .get_glyph_dsc = lv_font_get_glyph_dsc_fmt_txt,    /*Function pointer to get glyph's data*/
    .get_glyph_bitmap = lv_font_get_bitmap_fmt_txt,    /*Function pointer to get glyph's bitmap*/
    .line_height = 99,          /*The maximum line height required by the font*/
    .base_line = 20,             /*Baseline measured from the bottom of the line*/
#if !(LVGL_VERSION_MAJOR == 6 && LVGL_VERSION_MINOR == 0)
    .subpx = LV_FONT_SUBPX_NONE,
#endif
#if LV_VERSION_CHECK(7, 4, 0) || LVGL_VERSION_MAJOR >= 8
    .underline_position = -11,
    .underline_thickness = 8,
#endif
    .dsc = &font_dsc,          /*The custom font data. Will be accessed by `get_glyph_bitmap/dsc` */
#if LV_VERSION_CHECK(8, 2, 0) || LVGL_VERSION_MAJOR >= 9
    .fallback = &symbol_nerdfont_96,
#endif
    .user_data = NULL,
};



#endif /*#if SYMBOL_NERDFONT_96*/
