/*******************************************************************************
 * Size: 32 px
 * Bpp: 1
 * Opts: --bpp 1 --size 32 --no-compress --font ./SymbolsNerdFontMono-Regular.ttf --range 57866,57867,57868,58114,58120,58125,58130,58131,58136,58141,58173,58186,58188,58189,59371,60036,60098,60160,60204,60363,60395,60967,61459,61465,61671,61676,61951,62003,62016,62018,62019,62020,62172,62473,62531,983109,983117,983124,983133,983194,983271,983277,983278,983279,983338,983340,983382,983394,983514,983521,983525,983534,983536,983716,983805,983848,983851,983853,983972,983973,983974,983975,983976,983977,983978,983979,983980,983981,983982,983983,983984,983985,983986,983987,983988,983989,983990,983991,983992,983993,983994,983995,983996,983997,983998,983999,984000,984001,984067,984074,984114,984144,984203,984241,984242,984283,984294,984335,984364,984365,984430,984432,984436,984489,984490,984678,984679,985040,985041,985052,985060,985119,985120,985155,985255,985284,985290,985629,985649,985753,985840,986016,986028,986060,986272,986273,986274,986275,986276,986277,986278,986279,986280,986281,986282,986283,986284,986285,986286,986287,986288,986289,986290,986291,986435,986700,986701,986731,986766,986839,986895,986896,986897,986898,986899,986900,986901,986902,986903,986904,986907,986964,986965,986983,987021,987154,987330,987331,987609,987610,987666,987859,987860,988171,988297,988853,988861,989058,989511,989512,989705,989706 --format lvgl -o generated/symbol_nerdfont_32.c --lv-fallback symbol_nerdfont_32
 ******************************************************************************/

#include "UI.h"

#ifndef SYMBOL_NERDFONT_32
#define SYMBOL_NERDFONT_32 1
#endif

#if SYMBOL_NERDFONT_32

/*-----------------
 *    BITMAPS
 *----------------*/

/*Store the image of the glyphs*/
static LV_ATTRIBUTE_LARGE_CONST const uint8_t glyph_bitmap[] = {
    /* U+E20A "" */
    0x1e, 0x6, 0x60, 0x84, 0x10, 0x82, 0x10, 0x42,
    0x8, 0x41, 0x8, 0x21, 0x4, 0x20, 0x84, 0x10,
    0x82, 0xd0, 0x5a, 0xb, 0x41, 0x68, 0x2d, 0x5,
    0xa0, 0xb4, 0x16, 0x82, 0xd0, 0x5a, 0xb, 0x42,
    0x66, 0xde, 0x57, 0xe6, 0xfc, 0xdf, 0x9b, 0xf2,
    0xbc, 0x88, 0x20, 0xf8,

    /* U+E20B "" */
    0x1e, 0x6, 0x60, 0x84, 0x10, 0x82, 0x10, 0x5a,
    0xb, 0x41, 0x68, 0x2d, 0x5, 0xa0, 0xb4, 0x16,
    0x82, 0xd0, 0x5a, 0xb, 0x41, 0x68, 0x2d, 0x5,
    0xa0, 0xb4, 0x16, 0x82, 0xd0, 0x5a, 0xb, 0x42,
    0x66, 0xde, 0x57, 0xe6, 0xfc, 0xdf, 0x9b, 0xf2,
    0x9c, 0x88, 0x20, 0xf8,

    /* U+E20C "" */
    0x1e, 0x6, 0x60, 0x84, 0x10, 0x82, 0x10, 0x42,
    0x8, 0x41, 0x8, 0x21, 0x4, 0x20, 0x84, 0x10,
    0x82, 0x10, 0x42, 0x8, 0x41, 0x8, 0x21, 0x4,
    0x20, 0x84, 0x16, 0x82, 0xd0, 0x5a, 0xb, 0x42,
    0x66, 0xde, 0x57, 0xe6, 0xfc, 0xdf, 0x9b, 0xf2,
    0xbc, 0x88, 0x20, 0xf8,

    /* U+E302 "" */
    0x0, 0x0, 0x40, 0x0, 0x0, 0x2, 0x0, 0x0,
    0x0, 0x10, 0x0, 0x0, 0xc0, 0x81, 0x80, 0x7,
    0x0, 0x1c, 0x0, 0x10, 0x0, 0xc0, 0x0, 0x7,
    0xc0, 0x0, 0x1f, 0xff, 0x80, 0x3, 0xfe, 0xc,
    0x0, 0x38, 0x30, 0x30, 0x1, 0x80, 0xc1, 0x80,
    0x18, 0x3, 0xc, 0xf1, 0xc0, 0x1e, 0x60, 0x1e,
    0x0, 0xff, 0x1, 0x80, 0x0, 0x70, 0x18, 0x0,
    0x1, 0x80, 0xc0, 0x0, 0xc, 0x6, 0x0, 0x0,
    0x24, 0x30, 0x0, 0x3, 0x71, 0xc0, 0x0, 0x19,
    0x87, 0x0, 0x1, 0xc0, 0x1f, 0xff, 0xfc, 0x0,
    0x7f, 0xff, 0x80, 0x0,

    /* U+E308 "" */
    0x0, 0x0, 0x40, 0x0, 0x0, 0x2, 0x0, 0x0,
    0x0, 0x10, 0x0, 0x0, 0xc0, 0x81, 0x80, 0x7,
    0x0, 0x1c, 0x0, 0x10, 0x0, 0xc0, 0x0, 0x7,
    0xc0, 0x0, 0x1f, 0x7f, 0x80, 0x3, 0xfe, 0xc,
    0x0, 0x38, 0x70, 0x30, 0x1, 0x80, 0xc1, 0x80,
    0x18, 0x7, 0xc, 0xf1, 0xc0, 0x1e, 0x63, 0x3e,
    0x0, 0xff, 0x1, 0x80, 0x0, 0x70, 0x18, 0x0,
    0x1, 0x80, 0xc0, 0x0, 0xc, 0x6, 0x4, 0xcc,
    0x24, 0x38, 0x66, 0x43, 0x30, 0xe3, 0x36, 0x38,
    0x3, 0x9b, 0x37, 0x80, 0xd, 0x99, 0xb8, 0x0,
    0xc, 0xd8, 0x0, 0x0, 0x64, 0xc0, 0x0, 0x3,
    0x66, 0x0, 0x0, 0x3, 0x0, 0x0, 0x0, 0x18,
    0x0, 0x0, 0x0, 0x80, 0x0, 0x0,

    /* U+E30D "" */
    0x0, 0x18, 0x0, 0x0, 0x30, 0x0, 0x0, 0x60,
    0x0, 0xc0, 0xc1, 0x81, 0xc0, 0x7, 0x1, 0xc0,
    0x1c, 0x1, 0x1f, 0x10, 0x0, 0x7f, 0x0, 0x1,
    0xc7, 0x0, 0x7, 0x7, 0x0, 0xc, 0x6, 0x7,
    0x98, 0xc, 0xff, 0x30, 0x19, 0xe0, 0x70, 0x70,
    0x0, 0x71, 0xc0, 0x0, 0x7f, 0x0, 0x4, 0x7c,
    0x40, 0x1c, 0x1, 0xc0, 0x70, 0x1, 0xc0, 0xc0,
    0xc1, 0x80, 0x1, 0x80, 0x0, 0x3, 0x0, 0x0,
    0x6, 0x0, 0x0,

    /* U+E312 "" */
    0x0, 0x1, 0x0, 0x0, 0x7, 0xf0, 0x0, 0x3,
    0x1c, 0x0, 0x3e, 0x6, 0x0, 0x71, 0x81, 0xe0,
    0x60, 0x60, 0xf8, 0x30, 0x18, 0x4, 0x38, 0xf,
    0x3, 0x78, 0x0, 0xe1, 0xf0, 0x0, 0x30, 0xf0,
    0x0, 0xd, 0xd8, 0x0, 0x6, 0xcc, 0x0, 0x3,
    0x2, 0x0, 0x3, 0x1, 0x80, 0x1, 0x80, 0x3f,
    0xff, 0x0,

    /* U+E313 "" */
    0x0, 0xc, 0x0, 0x0, 0x7, 0xf0, 0x0, 0x3,
    0xcf, 0x0, 0x0, 0x60, 0x70, 0x0, 0x18, 0x6,
    0x0, 0x3, 0x0, 0xe0, 0x1, 0xe0, 0xf, 0x80,
    0x70, 0x0, 0x38, 0x18, 0x0, 0x3, 0x0, 0x0,
    0x0, 0x0, 0x0, 0x0, 0x0, 0xf, 0xff, 0xff,
    0xc1, 0xff, 0xff, 0xf8, 0x0, 0x0, 0x0, 0x0,
    0x0, 0x0, 0x7, 0xff, 0xff, 0xe0, 0xff, 0xff,
    0xfc, 0x0, 0x0, 0x0, 0x0, 0x1f, 0xff, 0xff,
    0x83, 0xff, 0xff, 0xf0,

    /* U+E318 "" */
    0x0, 0xf8, 0x0, 0x7, 0xfc, 0x0, 0x1e, 0x1c,
    0x0, 0x30, 0x18, 0x0, 0xe0, 0x18, 0x3, 0x80,
    0x3e, 0x1f, 0x0, 0x7e, 0x38, 0x0, 0xe, 0xe0,
    0x0, 0xf, 0x80, 0x0, 0xf, 0x2, 0x66, 0x1e,
    0x6, 0xcc, 0x37, 0x19, 0x99, 0xc7, 0xb6, 0x6f,
    0x7, 0x6c, 0xdc, 0x1, 0x99, 0x80, 0x3, 0x22,
    0x0, 0x6, 0xcc, 0x0, 0x1, 0x80, 0x0, 0x3,
    0x0, 0x0, 0xc, 0x0, 0x0, 0x18, 0x0, 0x0,

    /* U+E31D "" */
    0x0, 0xf8, 0x0, 0x7, 0xfc, 0x0, 0x1e, 0x1c,
    0x0, 0x30, 0x18, 0x0, 0xe0, 0x18, 0x3, 0x80,
    0x3e, 0xf, 0x0, 0x7e, 0x38, 0x0, 0xe, 0xe0,
    0x0, 0xf, 0x80, 0x0, 0xf, 0x0, 0x0, 0x1e,
    0x1c, 0xcc, 0x3e, 0x79, 0x98, 0xee, 0xe3, 0x33,
    0x8f, 0xc6, 0xde, 0xf, 0x19, 0xb8, 0xf, 0xb3,
    0x0, 0x3e, 0x66, 0x0, 0xc, 0xc8, 0x0, 0x33,
    0x0, 0x0, 0x46, 0x0, 0x0, 0x8c, 0x0, 0x0,

    /* U+E33D "" */
    0x0, 0xf8, 0x0, 0x7, 0xfc, 0x0, 0x1e, 0x1c,
    0x0, 0x30, 0x18, 0x0, 0xe0, 0x18, 0x3, 0x80,
    0x3e, 0x1f, 0x0, 0x7e, 0x38, 0x0, 0xe, 0xe0,
    0x0, 0xf, 0x80, 0x0, 0xf, 0x0, 0x0, 0x1e,
    0x0, 0x0, 0x37, 0x0, 0x1, 0xc7, 0xff, 0xff,
    0x7, 0xff, 0xfc, 0x0,

    /* U+E34A "" */
    0x0, 0x0, 0x0, 0x0, 0x0, 0xc0, 0x0, 0x1,
    0xe0, 0x0, 0x1, 0xe0, 0x0, 0x3, 0xf0, 0x0,
    0x3, 0xf0, 0x8, 0x3, 0xf0, 0x1c, 0x1, 0xe0,
    0x3e, 0x0, 0x0, 0x3e, 0x0, 0x0, 0x7f, 0x0,
    0x0, 0xff, 0x80, 0x0, 0xff, 0x80, 0x0, 0xff,
    0x80, 0x0, 0xff, 0x80, 0x80, 0x7f, 0x1, 0xc0,
    0x7f, 0x3, 0xe0, 0x8, 0x7, 0xf0, 0x0, 0x7,
    0xf8, 0x0, 0xf, 0xfc, 0x0, 0x1f, 0xfc, 0x0,
    0x1f, 0xfe, 0x0, 0x3f, 0xfe, 0x0, 0x3f, 0xff,
    0x0, 0x7f, 0xff, 0x0, 0x7f, 0xff, 0x0, 0x3f,
    0xff, 0x0, 0x3f, 0xff, 0x0, 0x3f, 0xfe, 0x0,
    0x1f, 0xfe, 0x0, 0xf, 0xfc, 0x0, 0x7, 0xf0,

    /* U+E34C "" */
    0x0, 0x1, 0xc0, 0x0, 0x0, 0x1, 0xc0, 0x0,
    0x0, 0x1, 0xc0, 0x0, 0x0, 0x1, 0xc0, 0x0,
    0x6, 0x1, 0xc0, 0x60, 0x7, 0x0, 0x0, 0xe0,
    0x3, 0x80, 0x1, 0xe0, 0x1, 0x80, 0x1, 0xc0,
    0x0, 0xf, 0xf0, 0x0, 0x0, 0x1f, 0xf8, 0x0,
    0x0, 0x3c, 0x1c, 0x0, 0x0, 0x38, 0xc, 0x0,
    0x0, 0x70, 0x6, 0x0, 0x0, 0x60, 0x2, 0x0,
    0xfc, 0x60, 0x2, 0x3f, 0xfc, 0x60, 0x2, 0x3f,
    0x0, 0x60, 0x2, 0x0, 0x0, 0x70, 0x86, 0x0,
    0x0, 0x71, 0xc6, 0x0, 0x0, 0x3, 0xe0, 0x0,
    0x0, 0x7, 0xf0, 0x0, 0x0, 0xfe, 0x3f, 0x80,
    0x0, 0xfc, 0x1f, 0x80,

    /* U+E34D "" */
    0x0, 0x1, 0x80, 0x0, 0x0, 0x1, 0x80, 0x0,
    0x0, 0x1, 0x80, 0x0, 0x0, 0x1, 0x80, 0x0,
    0x6, 0x1, 0x80, 0x60, 0x7, 0x0, 0x0, 0xe0,
    0x3, 0x80, 0x1, 0xc0, 0x1, 0x80, 0x1, 0x80,
    0x0, 0xf, 0xf0, 0x0, 0x0, 0x1f, 0xf8, 0x0,
    0x0, 0x3c, 0x3c, 0x0, 0x0, 0x38, 0x1e, 0x0,
    0x0, 0x70, 0xe, 0x0, 0x0, 0x60, 0x6, 0x0,
    0xfc, 0x60, 0x6, 0x3f, 0xfc, 0x60, 0x6, 0x3f,
    0x0, 0x60, 0x6, 0x0, 0x0, 0x60, 0xe, 0x0,
    0x0, 0x70, 0xe, 0x0, 0x0, 0x0, 0x0, 0x0,
    0x0, 0x0, 0x0, 0x0, 0x1, 0xfc, 0x3f, 0x80,
    0x1, 0xfe, 0x7f, 0x80, 0x0, 0xf, 0xf0, 0x0,
    0x0, 0x7, 0xe0, 0x0, 0x0, 0x3, 0x80, 0x0,
    0x0, 0x0, 0x0, 0x0,

    /* U+E7EB "" */
    0x6, 0x0, 0x0, 0x60, 0x6, 0x0, 0x0, 0x60,
    0xf, 0x0, 0x0, 0xf0, 0xf, 0x0, 0x0, 0xf0,
    0xf, 0x0, 0x0, 0xf0, 0x1f, 0x80, 0x1, 0xf8,
    0x1f, 0x80, 0x1, 0xf8, 0x3f, 0x80, 0x1, 0xfc,
    0x3f, 0xc0, 0x3, 0xfc, 0x3f, 0xc0, 0x3, 0xfc,
    0x7f, 0xff, 0xff, 0xfe, 0x7f, 0xff, 0xff, 0xfe,
    0xff, 0xff, 0xff, 0xfe, 0xff, 0xff, 0xff, 0xff,
    0xff, 0xff, 0xff, 0xff, 0xff, 0xff, 0xff, 0xff,
    0xff, 0xff, 0xff, 0xff, 0xff, 0xff, 0xff, 0xff,
    0x7f, 0xff, 0xff, 0xfe, 0x7f, 0xff, 0xff, 0xfe,
    0x3f, 0xff, 0xff, 0xfc, 0x1f, 0xff, 0xff, 0xf8,
    0xf, 0xff, 0xff, 0xf0, 0x3, 0xff, 0xff, 0xc0,
    0x1, 0xff, 0xff, 0x80, 0x0, 0xff, 0xff, 0x0,
    0x0, 0x3f, 0xfc, 0x0, 0x0, 0x1f, 0xf8, 0x0,
    0x0, 0xf, 0xf0, 0x0, 0x0, 0x3, 0xc0, 0x0,
    0x0, 0x1, 0x80, 0x0,

    /* U+EA84 "" */
    0x0, 0x1f, 0xf0, 0x0, 0x0, 0xff, 0xf8, 0x0,
    0x7, 0xc0, 0x7c, 0x0, 0x3c, 0x0, 0x1e, 0x0,
    0xf0, 0x0, 0x1e, 0x3, 0x80, 0x0, 0xe, 0x6,
    0x0, 0x0, 0xc, 0x1c, 0x0, 0x0, 0x1c, 0x70,
    0xe0, 0xe, 0x1c, 0xc1, 0xff, 0xfc, 0x19, 0x83,
    0xff, 0xf8, 0x36, 0x7, 0xff, 0xf0, 0x7c, 0xf,
    0xff, 0xe0, 0x78, 0x3f, 0xff, 0xe0, 0xf0, 0x7f,
    0xff, 0xc1, 0xe0, 0xff, 0xff, 0x83, 0xc1, 0xff,
    0xff, 0x7, 0x83, 0xff, 0xfe, 0xf, 0x3, 0xff,
    0xf8, 0x1f, 0x7, 0xff, 0xf0, 0x76, 0x7, 0xff,
    0xc0, 0xcc, 0x63, 0xfe, 0x1, 0x9c, 0x41, 0xf0,
    0x7, 0x1c, 0xc7, 0xf0, 0x1c, 0x1c, 0xff, 0xe0,
    0x70, 0x3c, 0xff, 0xc1, 0xe0, 0x3c, 0x3f, 0x87,
    0x80, 0x3e, 0x7f, 0x3e, 0x0, 0x1f, 0xff, 0xf0,
    0x0, 0xf, 0xff, 0x80, 0x0, 0x7, 0xfc, 0x0,
    0x0,

    /* U+EAC2 "" */
    0x0, 0x3, 0xf0, 0x0, 0x0, 0x7, 0xfc, 0x0,
    0x0, 0x1e, 0x1e, 0x0, 0x0, 0x18, 0x7, 0x0,
    0x0, 0x38, 0x3, 0x0, 0xf, 0xf0, 0x3, 0x80,
    0x1f, 0xf0, 0x1, 0x80, 0x38, 0x0, 0x1, 0xf0,
    0x70, 0x0, 0x1, 0xfc, 0x60, 0x0, 0xc0, 0x1e,
    0xe0, 0x0, 0xc0, 0x6, 0xc0, 0x0, 0xc0, 0x7,
    0xc0, 0x0, 0xc0, 0x3, 0xc0, 0x0, 0xc0, 0x3,
    0xe0, 0x0, 0xc0, 0x3, 0x60, 0x0, 0xc0, 0x3,
    0x70, 0x0, 0xc0, 0x6, 0x38, 0x0, 0xc0, 0xe,
    0x1f, 0x80, 0xc0, 0x7c, 0xf, 0x8c, 0xcc, 0x78,
    0x0, 0xe, 0xdc, 0x0, 0x0, 0x7, 0xf8, 0x0,
    0x0, 0x3, 0xf0, 0x0, 0x0, 0x1, 0xe0, 0x0,
    0x0, 0x0, 0xc0, 0x0,

    /* U+EB00 "" */
    0x0, 0x0, 0x0, 0x60, 0x3e, 0x0, 0x7, 0xc0,
    0xff, 0xff, 0xff, 0x3, 0x1f, 0xff, 0x8c, 0xc,
    0x10, 0x0, 0x30, 0x30, 0x0, 0x0, 0xc0, 0xc0,
    0x0, 0x3, 0x7, 0x0, 0x0, 0xe, 0x18, 0x0,
    0x0, 0x18, 0xe0, 0x0, 0x0, 0x73, 0x0, 0x0,
    0x0, 0xcc, 0x0, 0x0, 0x3, 0x30, 0x0, 0x0,
    0xc, 0xc0, 0x0, 0x0, 0x33, 0x0, 0x0, 0x0,
    0xcc, 0x0, 0x0, 0x3, 0x18, 0x0, 0x0, 0x18,
    0x60, 0x0, 0x0, 0x60, 0xc0, 0x0, 0x3, 0x83,
    0x80, 0x0, 0x1c, 0x7, 0x80, 0x3, 0xe0, 0x7,
    0xe0, 0x7e, 0xe, 0x3, 0x81, 0xc0, 0x3c, 0xe,
    0x3, 0x0, 0x30, 0x30, 0xc, 0x0, 0xe0, 0xc0,
    0x30, 0x1, 0xff, 0x0, 0xc0, 0x3, 0xfc, 0x3,
    0x0, 0x0, 0x30, 0xc, 0x0, 0x0, 0xc0, 0x30,
    0x0, 0x3, 0x0, 0xc0, 0x0, 0xc, 0x3, 0x0,

    /* U+EB2C "" */
    0x0, 0x0, 0x0, 0x78, 0x0, 0x0, 0x3e, 0x0,
    0x0, 0x1f, 0xc0, 0x0, 0xe, 0xf0, 0x0, 0x7,
    0x3e, 0x0, 0x3, 0x87, 0x80, 0x1, 0xc1, 0xf0,
    0x0, 0xe0, 0x3c, 0x0, 0x70, 0xf, 0x80, 0x38,
    0x1, 0xe0, 0x1c, 0x0, 0x7c, 0xe, 0x0, 0xf,
    0x7, 0x0, 0x1, 0xe3, 0x80, 0x0, 0x7d, 0xc0,
    0x0, 0xf, 0xe0, 0x0, 0x3, 0xf0, 0x0, 0x7,
    0xf8, 0x0, 0x7, 0x9c, 0x0, 0xf, 0x8e, 0x0,
    0xf, 0x7, 0x0, 0x1f, 0x3, 0x80, 0x1e, 0x1,
    0xc0, 0x3e, 0x0, 0xe0, 0x3c, 0x0, 0x70, 0x7c,
    0x0, 0x38, 0x78, 0x0, 0x1c, 0xf8, 0x0, 0xe,
    0xf0, 0x0, 0x7, 0xf0, 0x0, 0x3, 0xe0, 0x0,
    0x1, 0xc0, 0x0, 0x0,

    /* U+EBCB "" */
    0x0, 0x0, 0x0, 0x80, 0x0, 0x0, 0x1, 0xc0,
    0x0, 0x0, 0x0, 0xe0, 0x0, 0x0, 0x0, 0x70,
    0x0, 0x0, 0x0, 0x38, 0x0, 0x0, 0x0, 0x1c,
    0x0, 0x0, 0x0, 0xe, 0xff, 0xff, 0xff, 0xff,
    0xff, 0xff, 0xff, 0xff, 0x0, 0x0, 0x0, 0xf,
    0x0, 0x0, 0x0, 0x1e, 0x0, 0x0, 0x0, 0x3c,
    0x0, 0x0, 0x0, 0x78, 0x0, 0x0, 0x0, 0xf0,
    0x0, 0x0, 0x1, 0xe0, 0x0, 0x0, 0x0, 0xc0,
    0x1, 0x0, 0x0, 0x0, 0x3, 0x80, 0x0, 0x0,
    0x7, 0x0, 0x0, 0x0, 0xe, 0x0, 0x0, 0x0,
    0x1c, 0x0, 0x0, 0x0, 0x38, 0x0, 0x0, 0x0,
    0x70, 0x0, 0x0, 0x0, 0xff, 0xff, 0xff, 0xff,
    0xff, 0xff, 0xff, 0xff, 0x70, 0x0, 0x0, 0x0,
    0x38, 0x0, 0x0, 0x0, 0x1c, 0x0, 0x0, 0x0,
    0xe, 0x0, 0x0, 0x0, 0x7, 0x0, 0x0, 0x0,
    0x3, 0x80, 0x0, 0x0, 0x1, 0x0, 0x0, 0x0,

    /* U+EBEB "" */
    0x7f, 0xf8, 0x7, 0xfe, 0xff, 0xfc, 0xf, 0xff,
    0xc0, 0xe, 0xc, 0x3, 0xc0, 0xe, 0xc, 0x3,
    0xc0, 0xe, 0xc, 0x3, 0xc0, 0xe, 0xc, 0x3,
    0xc0, 0xe, 0xc, 0x3, 0xc0, 0xe, 0xc, 0x3,
    0xc0, 0xe, 0xc, 0x3, 0xc0, 0xe, 0xf, 0xff,
    0xc0, 0xe, 0x7, 0xfe, 0xc0, 0xe, 0x3, 0xfc,
    0xc0, 0xe, 0x0, 0x0, 0xc0, 0xe, 0x0, 0x0,
    0xc0, 0xe, 0x0, 0x0, 0xc0, 0xe, 0x0, 0x0,
    0xc0, 0xe, 0x0, 0x0, 0xc0, 0xe, 0x3, 0xfe,
    0xc0, 0xe, 0x7, 0xff, 0xc0, 0xe, 0xc, 0x3,
    0xc0, 0xe, 0xc, 0x3, 0xc0, 0xe, 0xc, 0x3,
    0xc0, 0xe, 0xc, 0x3, 0xc0, 0xe, 0xc, 0x3,
    0xc0, 0xe, 0xc, 0x3, 0xc0, 0xe, 0xc, 0x3,
    0xc0, 0xe, 0xc, 0x3, 0xff, 0xfc, 0xf, 0xff,
    0x7f, 0xf8, 0x7, 0xfe,

    /* U+EE27 "" */
    0x0, 0xff, 0xf0, 0x0, 0xff, 0xff, 0xf0, 0x3f,
    0xff, 0xff, 0xc7, 0xff, 0xff, 0xfe, 0xff, 0xff,
    0xff, 0xff, 0xff, 0xff, 0xff, 0xf8, 0x0, 0x1,
    0xff, 0x0, 0x0, 0xf, 0xf0, 0x0, 0x0, 0xff,
    0x0, 0x0, 0xf, 0xf0, 0x0, 0x0, 0xff, 0x0,
    0x0, 0xf, 0xf0, 0x0, 0x0, 0xff, 0x0, 0x0,
    0xf, 0xf0, 0x0, 0x0, 0xff, 0x0, 0x0, 0xf,
    0xf0, 0x0, 0x0, 0xff, 0x80, 0x0, 0x1f, 0xff,
    0xff, 0xff, 0xff, 0xff, 0xff, 0xff, 0xff, 0xff,
    0xff, 0xff, 0x3f, 0xff, 0xcf, 0xe1, 0xff, 0xf8,
    0x7e, 0x1f, 0xff, 0x87, 0xf3, 0xff, 0xfc, 0xff,
    0xff, 0xff, 0xff, 0xff, 0xff, 0xff, 0xf7, 0xff,
    0xff, 0xfe, 0x3f, 0x0, 0xf, 0xc3, 0xf0, 0x0,
    0xfc, 0x3f, 0x0, 0xf, 0xc1, 0xe0, 0x0, 0x78,

    /* U+F013 "" */
    0x0, 0xf, 0xc0, 0x0, 0x0, 0x7f, 0x80, 0x0,
    0x1, 0xfe, 0x0, 0x0, 0x7, 0xf8, 0x0, 0x0,
    0x1f, 0xe0, 0x0, 0x61, 0xff, 0xe1, 0x83, 0xff,
    0xff, 0xff, 0x1f, 0xff, 0xff, 0xfe, 0x7f, 0xff,
    0xff, 0xfb, 0xff, 0xff, 0xff, 0xff, 0xff, 0xff,
    0xff, 0xff, 0xfe, 0x1f, 0xff, 0x7f, 0xe0, 0x1f,
    0xf8, 0xff, 0x80, 0x7f, 0xc1, 0xfc, 0x0, 0xfe,
    0x7, 0xf0, 0x3, 0xf8, 0x1f, 0xc0, 0xf, 0xe0,
    0x7f, 0x0, 0x3f, 0x83, 0xfe, 0x1, 0xff, 0x1f,
    0xf8, 0x7, 0xfe, 0xff, 0xf8, 0x7f, 0xff, 0xff,
    0xff, 0xff, 0xff, 0xff, 0xff, 0xff, 0xdf, 0xff,
    0xff, 0xfe, 0x7f, 0xff, 0xff, 0xf8, 0xff, 0xff,
    0xff, 0xc1, 0x87, 0xff, 0x86, 0x0, 0x7, 0xf8,
    0x0, 0x0, 0x1f, 0xe0, 0x0, 0x0, 0x7f, 0x80,
    0x0, 0x1, 0xfe, 0x0, 0x0, 0x3, 0xf0, 0x0,

    /* U+F019 "" */
    0x0, 0x1, 0xc0, 0x0, 0x0, 0x3, 0xc0, 0x0,
    0x0, 0x3, 0xc0, 0x0, 0x0, 0x3, 0xc0, 0x0,
    0x0, 0x3, 0xc0, 0x0, 0x0, 0x3, 0xc0, 0x0,
    0x0, 0x3, 0xc0, 0x0, 0x0, 0x3, 0xc0, 0x0,
    0x0, 0x3, 0xc0, 0x0, 0x0, 0x3, 0xc0, 0x0,
    0x0, 0x3, 0xc0, 0x0, 0x0, 0x3, 0xc0, 0x0,
    0x1, 0x83, 0xc1, 0x80, 0x3, 0xc3, 0xc3, 0xc0,
    0x3, 0xe3, 0xc7, 0xc0, 0x1, 0xfb, 0xcf, 0x80,
    0x0, 0xff, 0xdf, 0x0, 0x0, 0x7f, 0xfe, 0x0,
    0x0, 0x3f, 0xfc, 0x0, 0x0, 0x1f, 0xf8, 0x0,
    0x0, 0xf, 0xf0, 0x0, 0x0, 0x7, 0xe0, 0x0,
    0x3f, 0xe3, 0xc7, 0xfc, 0x7f, 0xf1, 0x8f, 0xfe,
    0xff, 0xf8, 0x1f, 0xff, 0xff, 0xff, 0xff, 0xc7,
    0xff, 0xff, 0xff, 0xc7, 0xff, 0xff, 0xff, 0xc7,
    0xff, 0xff, 0xff, 0xff, 0x7f, 0xff, 0xff, 0xfe,
    0x3f, 0xff, 0xff, 0xfc,

    /* U+F0E7 "" */
    0x0, 0x0, 0x20, 0x0, 0x0, 0xf0, 0x0, 0x1,
    0xf0, 0x0, 0x3, 0xf0, 0x0, 0x7, 0xe0, 0x0,
    0x1f, 0xe0, 0x0, 0x3f, 0xc0, 0x0, 0x7f, 0xc0,
    0x0, 0xff, 0xc0, 0x1, 0xff, 0x80, 0x3, 0xff,
    0x80, 0x7, 0xff, 0x0, 0x1f, 0xff, 0x0, 0x3f,
    0xfe, 0x0, 0x7f, 0xff, 0xfc, 0xff, 0xff, 0xff,
    0xff, 0xff, 0xff, 0xff, 0xff, 0xff, 0x0, 0x7f,
    0xfe, 0x0, 0xff, 0xfc, 0x0, 0xff, 0xf0, 0x0,
    0xff, 0xe0, 0x1, 0xff, 0xc0, 0x1, 0xff, 0x80,
    0x3, 0xff, 0x0, 0x3, 0xfe, 0x0, 0x7, 0xfc,
    0x0, 0x7, 0xf0, 0x0, 0x7, 0xe0, 0x0, 0xf,
    0xc0, 0x0, 0xf, 0x80, 0x0, 0xf, 0x0, 0x0,

    /* U+F0EC "" */
    0x0, 0x0, 0x18, 0x0, 0x0, 0x3, 0xc0, 0x0,
    0x0, 0x3e, 0x0, 0x0, 0x1, 0xf0, 0x0, 0x0,
    0xf, 0x80, 0x0, 0x0, 0x7c, 0x7f, 0xff, 0xff,
    0xef, 0xff, 0xff, 0xff, 0xff, 0xff, 0xff, 0xf7,
    0xff, 0xff, 0xfe, 0x0, 0x0, 0x7, 0xc0, 0x0,
    0x0, 0xf8, 0x0, 0x0, 0x1f, 0x0, 0x0, 0x3,
    0xe0, 0x0, 0x0, 0x3c, 0x0, 0x0, 0x1, 0x80,
    0x1, 0x80, 0x0, 0x0, 0x3c, 0x0, 0x0, 0x7,
    0xc0, 0x0, 0x0, 0xf8, 0x0, 0x0, 0x1f, 0x0,
    0x0, 0x3, 0xe0, 0x0, 0x0, 0x7f, 0xff, 0xff,
    0xef, 0xff, 0xff, 0xff, 0xff, 0xff, 0xff, 0xf7,
    0xff, 0xff, 0xfe, 0x3e, 0x0, 0x0, 0x1, 0xf0,
    0x0, 0x0, 0xf, 0x80, 0x0, 0x0, 0x7c, 0x0,
    0x0, 0x3, 0xc0, 0x0, 0x0, 0x18, 0x0, 0x0,

    /* U+F1FF "" */
    0x0, 0xf0, 0x7, 0x80, 0x3, 0xff, 0xff, 0xf0,
    0x1, 0xff, 0xff, 0xfc, 0x1, 0xff, 0xff, 0xff,
    0x0, 0xff, 0xff, 0xff, 0x80, 0xff, 0xff, 0xff,
    0xe0, 0x7f, 0xff, 0xff, 0xf0, 0x7f, 0xff, 0xff,
    0xfc, 0x3f, 0xff, 0xff, 0xfe, 0x3f, 0xff, 0xff,
    0xff, 0x1f, 0xe1, 0xfc, 0x3f, 0xcf, 0xf0, 0x7c,
    0x1f, 0xe7, 0xf0, 0x3e, 0x7, 0xf3, 0xf8, 0x1f,
    0x3, 0xf9, 0xfe, 0xf, 0x83, 0xfd, 0xff, 0xf,
    0xe1, 0xfe, 0xff, 0xff, 0xff, 0xff, 0xff, 0xff,
    0xff, 0xff, 0xff, 0xff, 0xff, 0xff, 0xcf, 0xef,
    0xff, 0xef, 0xe3, 0xf8, 0xff, 0x8f, 0xe0, 0xfe,
    0x0, 0xf, 0xe0, 0x1f, 0x0, 0x7, 0xc0, 0x1,
    0x0, 0x1, 0x0,

    /* U+F233 "" */
    0x3f, 0xff, 0xff, 0xfc, 0x7f, 0xff, 0xff, 0xfe,
    0xff, 0xff, 0xff, 0xff, 0xff, 0xff, 0xff, 0xff,
    0xff, 0xff, 0xf1, 0x8f, 0xff, 0xff, 0xf1, 0x8f,
    0xff, 0xff, 0xf1, 0x8f, 0xff, 0xff, 0xff, 0xff,
    0xff, 0xff, 0xff, 0xff, 0x7f, 0xff, 0xff, 0xfe,
    0x3f, 0xff, 0xff, 0xfc, 0x0, 0x0, 0x0, 0x0,
    0x0, 0x0, 0x0, 0x0, 0x0, 0x0, 0x0, 0x0,
    0x0, 0x0, 0x0, 0x0, 0x0, 0x0, 0x0, 0x0,
    0x3f, 0xff, 0xff, 0xfc, 0x7f, 0xff, 0xff, 0xfe,
    0xff, 0xff, 0xff, 0xff, 0xff, 0xff, 0xff, 0xff,
    0xff, 0xff, 0xf1, 0x8f, 0xff, 0xff, 0xf1, 0x8f,
    0xff, 0xff, 0xf1, 0x8f, 0xff, 0xff, 0xff, 0xff,
    0xff, 0xff, 0xff, 0xff, 0x7f, 0xff, 0xff, 0xfe,
    0x3f, 0xff, 0xff, 0xfc,

    /* U+F240 "" */
    0x3f, 0xff, 0xff, 0xf8, 0x3f, 0xff, 0xff, 0xfe,
    0x3f, 0xff, 0xff, 0xff, 0x9e, 0x0, 0x0, 0x3,
    0xcf, 0x0, 0x0, 0x1, 0xe7, 0xbf, 0xff, 0xfc,
    0xfb, 0xdf, 0xff, 0xfe, 0x7f, 0xef, 0xff, 0xff,
    0x3f, 0xf7, 0xff, 0xff, 0x9f, 0xfb, 0xff, 0xff,
    0xcf, 0xfd, 0xff, 0xff, 0xe7, 0xfe, 0xff, 0xff,
    0xf3, 0xef, 0x0, 0x0, 0x1, 0xe7, 0x80, 0x0,
    0x0, 0xf3, 0xff, 0xff, 0xff, 0xf8, 0xff, 0xff,
    0xff, 0xf8, 0x3f, 0xff, 0xff, 0xf8, 0x0,

    /* U+F242 "" */
    0x3f, 0xff, 0xff, 0xf8, 0x3f, 0xff, 0xff, 0xfe,
    0x3f, 0xff, 0xff, 0xff, 0x9e, 0x0, 0x0, 0x3,
    0xcf, 0x0, 0x0, 0x1, 0xe7, 0xbf, 0xf8, 0x0,
    0xfb, 0xdf, 0xfc, 0x0, 0x7f, 0xef, 0xfe, 0x0,
    0x3f, 0xf7, 0xff, 0x0, 0x1f, 0xfb, 0xff, 0x80,
    0xf, 0xfd, 0xff, 0xc0, 0x7, 0xfe, 0xff, 0xe0,
    0x3, 0xef, 0x0, 0x0, 0x1, 0xe7, 0x80, 0x0,
    0x0, 0xf3, 0xff, 0xff, 0xff, 0xf8, 0xff, 0xff,
    0xff, 0xf8, 0x3f, 0xff, 0xff, 0xf8, 0x0,

    /* U+F243 "" */
    0x3f, 0xff, 0xff, 0xf8, 0x3f, 0xff, 0xff, 0xfe,
    0x3f, 0xff, 0xff, 0xff, 0x9e, 0x0, 0x0, 0x3,
    0xcf, 0x0, 0x0, 0x1, 0xe7, 0x9f, 0x0, 0x0,
    0xfb, 0xcf, 0x80, 0x0, 0x7f, 0xe7, 0xc0, 0x0,
    0x3f, 0xf3, 0xe0, 0x0, 0x1f, 0xf9, 0xf0, 0x0,
    0xf, 0xfc, 0xf8, 0x0, 0x7, 0xfe, 0x7c, 0x0,
    0x3, 0xef, 0x0, 0x0, 0x1, 0xe7, 0x80, 0x0,
    0x0, 0xf3, 0xff, 0xff, 0xff, 0xf8, 0xff, 0xff,
    0xff, 0xf8, 0x3f, 0xff, 0xff, 0xf8, 0x0,

    /* U+F244 "" */
    0x3f, 0xff, 0xff, 0xf8, 0x3f, 0xff, 0xff, 0xfe,
    0x3f, 0xff, 0xff, 0xff, 0x9e, 0x0, 0x0, 0x3,
    0xcf, 0x0, 0x0, 0x1, 0xe7, 0x80, 0x0, 0x0,
    0xfb, 0xc0, 0x0, 0x0, 0x7f, 0xe0, 0x0, 0x0,
    0x3f, 0xf0, 0x0, 0x0, 0x1f, 0xf8, 0x0, 0x0,
    0xf, 0xfc, 0x0, 0x0, 0x7, 0xfe, 0x0, 0x0,
    0x3, 0xef, 0x0, 0x0, 0x1, 0xe7, 0x80, 0x0,
    0x0, 0xf3, 0xff, 0xff, 0xff, 0xf8, 0xff, 0xff,
    0xff, 0xf8, 0x3f, 0xff, 0xff, 0xf8, 0x0,

    /* U+F2DC "" */
    0x0, 0x7, 0x0, 0x0, 0x0, 0x38, 0x0, 0x0,
    0x9, 0xc8, 0x0, 0x0, 0xee, 0xe0, 0x0, 0x7,
    0xff, 0x0, 0x3, 0x1f, 0xf1, 0x80, 0x1c, 0x7f,
    0x1c, 0xc, 0xe1, 0xf0, 0xe4, 0x7f, 0x7, 0x7,
    0xf3, 0xf8, 0x38, 0x3f, 0x8f, 0xe1, 0xc3, 0xf8,
    0x1f, 0x8e, 0x3f, 0x7, 0xfe, 0x73, 0xff, 0x3f,
    0xff, 0xff, 0xf9, 0xc1, 0xff, 0xc1, 0xc0, 0x3,
    0xf8, 0x0, 0x0, 0x1f, 0xc0, 0x3, 0x83, 0xff,
    0x83, 0x9f, 0xff, 0xff, 0xfc, 0xff, 0xce, 0x7f,
    0xe0, 0xfc, 0x71, 0xf8, 0x1f, 0xc3, 0x87, 0xf1,
    0xfc, 0x1c, 0x1f, 0xcf, 0xe0, 0xe0, 0xfe, 0x27,
    0xf, 0x87, 0x20, 0x38, 0xfe, 0x38, 0x1, 0x8f,
    0xf8, 0xc0, 0x0, 0xff, 0xe0, 0x0, 0x7, 0x77,
    0x0, 0x0, 0x13, 0x90, 0x0, 0x0, 0x1c, 0x0,
    0x0, 0x0, 0xe0, 0x0,

    /* U+F409 "" */
    0x0, 0x3, 0x80, 0x0, 0x0, 0x3, 0x80, 0x0,
    0x0, 0x3, 0x80, 0x0, 0x0, 0x3, 0x80, 0x0,
    0x0, 0x3, 0x80, 0x0, 0x0, 0x3, 0x80, 0x0,
    0x0, 0x3, 0x80, 0x0, 0x0, 0x3, 0x80, 0x0,
    0x0, 0x3, 0x80, 0x0, 0x0, 0x3, 0x80, 0x0,
    0x1, 0xc3, 0x87, 0x0, 0x1, 0xe3, 0x8f, 0x0,
    0x1, 0xf3, 0x9f, 0x0, 0x0, 0xfb, 0xbe, 0x0,
    0x0, 0x7f, 0xfc, 0x0, 0x0, 0x3f, 0xf8, 0x0,
    0x0, 0x1f, 0xf0, 0x0, 0x40, 0xf, 0xe0, 0x2,
    0xe0, 0x7, 0xc0, 0x7, 0xe0, 0x3, 0x80, 0x7,
    0xe0, 0x0, 0x0, 0x7, 0xe0, 0x0, 0x0, 0x7,
    0xe0, 0x0, 0x0, 0x7, 0xe0, 0x0, 0x0, 0x7,
    0xe0, 0x0, 0x0, 0x7, 0xe0, 0x0, 0x0, 0x7,
    0xff, 0xff, 0xff, 0xff, 0x7f, 0xff, 0xff, 0xfe,
    0x3f, 0xff, 0xff, 0xfc,

    /* U+F443 "" */
    0x0, 0x1, 0xc0, 0x0, 0x1, 0xe0, 0x0, 0x1,
    0xf0, 0x0, 0x0, 0xf8, 0x0, 0x0, 0x7c, 0x0,
    0x0, 0x3e, 0xff, 0xff, 0xff, 0xff, 0xff, 0xff,
    0xff, 0xff, 0xff, 0x0, 0x0, 0x3e, 0x0, 0x0,
    0x7c, 0x0, 0x0, 0xf8, 0x0, 0x1, 0xf0, 0x3,
    0x81, 0xe0, 0x7, 0x81, 0xc0, 0xf, 0x80, 0x0,
    0x1f, 0x0, 0x0, 0x3e, 0x0, 0x0, 0x7c, 0x0,
    0x0, 0xff, 0xff, 0xff, 0xff, 0xff, 0xff, 0xff,
    0xff, 0xff, 0x7c, 0x0, 0x0, 0x3e, 0x0, 0x0,
    0x1f, 0x0, 0x0, 0xf, 0x80, 0x0, 0x7, 0x80,
    0x0, 0x3, 0x80, 0x0,

    /* U+F0045 "󰁅" */
    0x0, 0x3, 0xc0, 0x0, 0x0, 0x3, 0xc0, 0x0,
    0x0, 0x3, 0xc0, 0x0, 0x0, 0x3, 0xc0, 0x0,
    0x0, 0x3, 0xc0, 0x0, 0x0, 0x3, 0xc0, 0x0,
    0x0, 0x3, 0xc0, 0x0, 0x0, 0x3, 0xc0, 0x0,
    0x0, 0x3, 0xc0, 0x0, 0x0, 0x3, 0xc0, 0x0,
    0x0, 0x3, 0xc0, 0x0, 0x0, 0x3, 0xc0, 0x0,
    0x0, 0x3, 0xc0, 0x0, 0x0, 0x3, 0xc0, 0x0,
    0x30, 0x3, 0xc0, 0xc, 0x78, 0x3, 0xc0, 0x1e,
    0xfc, 0x3, 0xc0, 0x3f, 0x7e, 0x3, 0xc0, 0x7e,
    0x3f, 0x3, 0xc0, 0xfc, 0x1f, 0x83, 0xc1, 0xf8,
    0xf, 0xc3, 0xc3, 0xf0, 0x7, 0xe3, 0xc7, 0xe0,
    0x3, 0xf3, 0xcf, 0xc0, 0x1, 0xfb, 0xdf, 0x80,
    0x0, 0xff, 0xff, 0x0, 0x0, 0x7f, 0xfe, 0x0,
    0x0, 0x3f, 0xfc, 0x0, 0x0, 0x1f, 0xf8, 0x0,
    0x0, 0xf, 0xf0, 0x0, 0x0, 0x7, 0xe0, 0x0,
    0x0, 0x3, 0xc0, 0x0, 0x0, 0x1, 0x80, 0x0,

    /* U+F004D "󰁍" */
    0x0, 0x1, 0x0, 0x0, 0x0, 0x3, 0xc0, 0x0,
    0x0, 0x7, 0xe0, 0x0, 0x0, 0xf, 0xc0, 0x0,
    0x0, 0x1f, 0x80, 0x0, 0x0, 0x3f, 0x0, 0x0,
    0x0, 0x7e, 0x0, 0x0, 0x0, 0xfc, 0x0, 0x0,
    0x1, 0xf8, 0x0, 0x0, 0x3, 0xf0, 0x0, 0x0,
    0x7, 0xe0, 0x0, 0x0, 0xf, 0xc0, 0x0, 0x0,
    0x1f, 0x80, 0x0, 0x0, 0x3f, 0x0, 0x0, 0x0,
    0x7f, 0xff, 0xff, 0xff, 0xff, 0xff, 0xff, 0xff,
    0xff, 0xff, 0xff, 0xff, 0x7f, 0xff, 0xff, 0xff,
    0x3f, 0x0, 0x0, 0x0, 0x1f, 0x80, 0x0, 0x0,
    0xf, 0xc0, 0x0, 0x0, 0x7, 0xe0, 0x0, 0x0,
    0x3, 0xf0, 0x0, 0x0, 0x1, 0xf8, 0x0, 0x0,
    0x0, 0xfc, 0x0, 0x0, 0x0, 0x7e, 0x0, 0x0,
    0x0, 0x3f, 0x0, 0x0, 0x0, 0x1f, 0x80, 0x0,
    0x0, 0xf, 0xc0, 0x0, 0x0, 0x7, 0xe0, 0x0,
    0x0, 0x3, 0xc0, 0x0, 0x0, 0x1, 0x0, 0x0,

    /* U+F0054 "󰁔" */
    0x0, 0x1, 0x80, 0x0, 0x0, 0x3, 0xc0, 0x0,
    0x0, 0x7, 0xe0, 0x0, 0x0, 0x3, 0xf0, 0x0,
    0x0, 0x1, 0xf8, 0x0, 0x0, 0x0, 0xfc, 0x0,
    0x0, 0x0, 0x7e, 0x0, 0x0, 0x0, 0x3f, 0x0,
    0x0, 0x0, 0x1f, 0x80, 0x0, 0x0, 0xf, 0xc0,
    0x0, 0x0, 0x7, 0xe0, 0x0, 0x0, 0x3, 0xf0,
    0x0, 0x0, 0x1, 0xf8, 0x0, 0x0, 0x0, 0xfc,
    0xff, 0xff, 0xff, 0xfe, 0xff, 0xff, 0xff, 0xff,
    0xff, 0xff, 0xff, 0xff, 0xff, 0xff, 0xff, 0xfe,
    0x0, 0x0, 0x0, 0xfc, 0x0, 0x0, 0x1, 0xf8,
    0x0, 0x0, 0x3, 0xf0, 0x0, 0x0, 0x7, 0xe0,
    0x0, 0x0, 0xf, 0xc0, 0x0, 0x0, 0x1f, 0x80,
    0x0, 0x0, 0x3f, 0x0, 0x0, 0x0, 0x7e, 0x0,
    0x0, 0x0, 0xfc, 0x0, 0x0, 0x1, 0xf8, 0x0,
    0x0, 0x3, 0xf0, 0x0, 0x0, 0x7, 0xe0, 0x0,
    0x0, 0x3, 0xc0, 0x0, 0x0, 0x1, 0x0, 0x0,

    /* U+F005D "󰁝" */
    0x0, 0x0, 0x0, 0x0, 0x0, 0x1, 0x80, 0x0,
    0x0, 0x3, 0xc0, 0x0, 0x0, 0x7, 0xe0, 0x0,
    0x0, 0xf, 0xf0, 0x0, 0x0, 0x1f, 0xf8, 0x0,
    0x0, 0x3f, 0xfc, 0x0, 0x0, 0x7f, 0xfe, 0x0,
    0x0, 0xff, 0xff, 0x0, 0x1, 0xfb, 0xdf, 0x80,
    0x3, 0xf3, 0xcf, 0xc0, 0x7, 0xe3, 0xc7, 0xe0,
    0xf, 0xc3, 0xc3, 0xf0, 0x1f, 0x83, 0xc1, 0xf8,
    0x3f, 0x3, 0xc0, 0xfc, 0x7e, 0x3, 0xc0, 0x7e,
    0xfc, 0x3, 0xc0, 0x3f, 0x78, 0x3, 0xc0, 0x1e,
    0x30, 0x3, 0xc0, 0xc, 0x0, 0x3, 0xc0, 0x0,
    0x0, 0x3, 0xc0, 0x0, 0x0, 0x3, 0xc0, 0x0,
    0x0, 0x3, 0xc0, 0x0, 0x0, 0x3, 0xc0, 0x0,
    0x0, 0x3, 0xc0, 0x0, 0x0, 0x3, 0xc0, 0x0,
    0x0, 0x3, 0xc0, 0x0, 0x0, 0x3, 0xc0, 0x0,
    0x0, 0x3, 0xc0, 0x0, 0x0, 0x3, 0xc0, 0x0,
    0x0, 0x3, 0xc0, 0x0, 0x0, 0x3, 0xc0, 0x0,

    /* U+F009A "󰂚" */
    0x0, 0xe, 0x0, 0x0, 0x3, 0xe0, 0x0, 0x0,
    0xfc, 0x0, 0x0, 0x1f, 0xc0, 0x0, 0xf, 0xfe,
    0x0, 0x3, 0xff, 0xe0, 0x0, 0xff, 0xfe, 0x0,
    0x3f, 0xff, 0xe0, 0xf, 0xff, 0xfe, 0x1, 0xff,
    0xff, 0xc0, 0x7f, 0xff, 0xfc, 0xf, 0xff, 0xff,
    0x81, 0xff, 0xff, 0xf0, 0x3f, 0xff, 0xfe, 0x7,
    0xff, 0xff, 0xc0, 0xff, 0xff, 0xf8, 0x1f, 0xff,
    0xff, 0x3, 0xff, 0xff, 0xe0, 0x7f, 0xff, 0xfc,
    0xf, 0xff, 0xff, 0x81, 0xff, 0xff, 0xf0, 0x3f,
    0xff, 0xfe, 0x7, 0xff, 0xff, 0xc1, 0xff, 0xff,
    0xfc, 0x7f, 0xff, 0xff, 0xdf, 0xff, 0xff, 0xff,
    0xff, 0xff, 0xff, 0x80, 0x0, 0x0, 0x0, 0x3,
    0xf0, 0x0, 0x0, 0x3e, 0x0, 0x0, 0x3, 0x80,
    0x0,

    /* U+F00E7 "󰃧" */
    0x3, 0xff, 0xf0, 0x3, 0xff, 0xff, 0xe0, 0xff,
    0xff, 0xfe, 0x3f, 0xff, 0xff, 0xef, 0xff, 0xff,
    0xfd, 0xff, 0xff, 0xff, 0xf8, 0x0, 0x0, 0x7f,
    0x0, 0x0, 0xf, 0xe0, 0x0, 0x1, 0xfc, 0x0,
    0x0, 0x3f, 0x80, 0x0, 0x7, 0xf0, 0x0, 0x0,
    0xfe, 0x0, 0x0, 0x1f, 0xc0, 0x0, 0x3, 0xf8,
    0x0, 0x0, 0x7f, 0xff, 0xff, 0xff, 0xff, 0xff,
    0xff, 0xff, 0xff, 0xff, 0xff, 0xff, 0xff, 0xff,
    0xff, 0xff, 0xff, 0xff, 0x1f, 0xfe, 0x3f, 0xc1,
    0xff, 0x83, 0xf8, 0x3f, 0xf0, 0x7f, 0x7, 0xfe,
    0xf, 0xf1, 0xff, 0xe3, 0xef, 0xff, 0xff, 0xf9,
    0xff, 0xff, 0xfe, 0x1f, 0xff, 0xff, 0xc3, 0xc0,
    0x0, 0xf8, 0x78, 0x0, 0x1f, 0xf, 0x0, 0x3,
    0xe0,

    /* U+F00ED "󰃭" */
    0x7, 0x0, 0xf, 0x0, 0x38, 0x0, 0x78, 0x1,
    0xc0, 0x3, 0xc0, 0xff, 0xff, 0xff, 0xcf, 0xff,
    0xff, 0xff, 0xff, 0xff, 0xff, 0xff, 0xff, 0xff,
    0xff, 0xff, 0xff, 0xff, 0xff, 0xff, 0xff, 0xff,
    0xff, 0xff, 0xff, 0xff, 0xff, 0xff, 0xff, 0xff,
    0xc0, 0x0, 0x0, 0x7e, 0x0, 0x0, 0x3, 0xf0,
    0x0, 0x0, 0x1f, 0x80, 0x0, 0x0, 0xfc, 0x0,
    0x0, 0x7, 0xe0, 0x0, 0x0, 0x3f, 0x0, 0x1f,
    0xe1, 0xf8, 0x0, 0xff, 0xf, 0xc0, 0x7, 0xf8,
    0x7e, 0x0, 0x3f, 0xc3, 0xf0, 0x1, 0xfe, 0x1f,
    0x80, 0xf, 0xf0, 0xfc, 0x0, 0x7f, 0x87, 0xe0,
    0x3, 0xfc, 0x3f, 0x0, 0x0, 0x1, 0xf8, 0x0,
    0x0, 0xf, 0xc0, 0x0, 0x0, 0x7f, 0xff, 0xff,
    0xff, 0xff, 0xff, 0xff, 0xfd, 0xff, 0xff, 0xff,
    0xc0,

    /* U+F00EE "󰃮" */
    0x7, 0x0, 0x7, 0x0, 0x38, 0x0, 0x38, 0x1,
    0xc0, 0x1, 0xc0, 0xff, 0xff, 0xff, 0xcf, 0xff,
    0xff, 0xff, 0xff, 0xff, 0xff, 0xff, 0xff, 0xff,
    0xff, 0xff, 0xff, 0xff, 0xff, 0xff, 0xff, 0xff,
    0xff, 0xff, 0xff, 0xff, 0xff, 0xff, 0xff, 0xff,
    0xc0, 0x0, 0x0, 0x7e, 0x0, 0x0, 0x3, 0xf0,
    0x0, 0x0, 0x1f, 0x80, 0x0, 0x0, 0xfc, 0x0,
    0x0, 0x7, 0xe0, 0x0, 0x0, 0x3f, 0x0, 0x0,
    0x1, 0xf8, 0x0, 0x0, 0xf, 0xc0, 0x0, 0x0,
    0x7e, 0x0, 0x0, 0x3, 0xf0, 0x0, 0x0, 0x1f,
    0x80, 0x0, 0x0, 0xfc, 0x0, 0x0, 0x7, 0xe0,
    0x0, 0x0, 0x3f, 0x0, 0x0, 0x1, 0xf8, 0x0,
    0x0, 0xf, 0xc0, 0x0, 0x0, 0x7f, 0xff, 0xff,
    0xff, 0xff, 0xff, 0xff, 0xfd, 0xff, 0xff, 0xff,
    0xc0,

    /* U+F00EF "󰃯" */
    0x7, 0x0, 0x7, 0x0, 0x38, 0x0, 0x38, 0x1,
    0xc0, 0x1, 0xc0, 0xff, 0xff, 0xff, 0xcf, 0xff,
    0xff, 0xff, 0xff, 0xff, 0xff, 0xff, 0xff, 0xff,
    0xff, 0xff, 0xff, 0xff, 0xff, 0xff, 0xff, 0xff,
    0xff, 0xff, 0xff, 0xff, 0xff, 0xff, 0xff, 0xff,
    0xc0, 0x0, 0x0, 0x7e, 0x0, 0x0, 0x3, 0xf0,
    0x0, 0x0, 0x1f, 0x80, 0x0, 0x20, 0xfc, 0x0,
    0x3, 0x87, 0xe0, 0x0, 0x38, 0x3f, 0x0, 0x3,
    0x81, 0xf8, 0x0, 0x78, 0xf, 0xc1, 0x87, 0x80,
    0x7e, 0xe, 0x78, 0x3, 0xf0, 0x3f, 0x80, 0x1f,
    0x80, 0xf8, 0x0, 0xfc, 0x3, 0x80, 0x7, 0xe0,
    0x8, 0x0, 0x3f, 0x0, 0x0, 0x1, 0xf8, 0x0,
    0x0, 0xf, 0xc0, 0x0, 0x0, 0x7f, 0xff, 0xff,
    0xff, 0xff, 0xff, 0xff, 0xfd, 0xff, 0xff, 0xff,
    0xc0,

    /* U+F012A "󰄪" */
    0xe0, 0x0, 0x0, 0x0, 0xe0, 0x0, 0x0, 0x0,
    0xe0, 0x0, 0x0, 0x0, 0xe0, 0x0, 0x0, 0x4,
    0xe0, 0x0, 0x0, 0xf, 0xe0, 0x0, 0x0, 0x1e,
    0xe0, 0x0, 0x0, 0x1e, 0xe0, 0x0, 0x0, 0x3c,
    0xe0, 0x0, 0x0, 0x38, 0xe0, 0x1c, 0x0, 0x78,
    0xe0, 0x1e, 0x0, 0x70, 0xe0, 0x3f, 0x80, 0xf0,
    0xe0, 0x7f, 0xe1, 0xe0, 0xe0, 0x7b, 0xf9, 0xe0,
    0xe0, 0xf0, 0xff, 0xc0, 0xe0, 0xe0, 0x3f, 0x80,
    0xe1, 0xe0, 0x1f, 0x80, 0xe1, 0xc0, 0x7, 0x0,
    0xe3, 0xc0, 0x1, 0x0, 0xe7, 0x80, 0x0, 0x0,
    0xe7, 0x80, 0x0, 0x0, 0xef, 0x0, 0x0, 0x0,
    0xee, 0x0, 0x0, 0x0, 0xfe, 0x0, 0x0, 0x0,
    0xfc, 0x0, 0x0, 0x0, 0xfc, 0x0, 0x0, 0x0,
    0xff, 0xff, 0xff, 0xff, 0xff, 0xff, 0xff, 0xff,
    0xff, 0xff, 0xff, 0xff,

    /* U+F012C "󰄬" */
    0x0, 0x0, 0x0, 0x4, 0x0, 0x0, 0x0, 0xe,
    0x0, 0x0, 0x0, 0x1f, 0x0, 0x0, 0x0, 0x3e,
    0x0, 0x0, 0x0, 0x7c, 0x0, 0x0, 0x0, 0xf8,
    0x0, 0x0, 0x1, 0xf0, 0x0, 0x0, 0x3, 0xe0,
    0x0, 0x0, 0x7, 0xc0, 0x0, 0x0, 0xf, 0x80,
    0x0, 0x0, 0x1f, 0x0, 0x0, 0x0, 0x3e, 0x0,
    0x20, 0x0, 0x7c, 0x0, 0x70, 0x0, 0xf8, 0x0,
    0xf8, 0x1, 0xf0, 0x0, 0x7c, 0x3, 0xe0, 0x0,
    0x3e, 0x7, 0xc0, 0x0, 0x1f, 0xf, 0x80, 0x0,
    0xf, 0x9f, 0x0, 0x0, 0x7, 0xfe, 0x0, 0x0,
    0x3, 0xfc, 0x0, 0x0, 0x1, 0xf8, 0x0, 0x0,
    0x0, 0xf0, 0x0, 0x0, 0x0, 0x60, 0x0, 0x0,
    0x0, 0x0, 0x0, 0x0,

    /* U+F0156 "󰅖" */
    0x0, 0x0, 0x0, 0x0, 0x30, 0x0, 0x0, 0xc,
    0x78, 0x0, 0x0, 0x1e, 0xfc, 0x0, 0x0, 0x3f,
    0x7e, 0x0, 0x0, 0x7e, 0x3f, 0x0, 0x0, 0xfc,
    0x1f, 0x80, 0x1, 0xf8, 0xf, 0xc0, 0x3, 0xf0,
    0x7, 0xe0, 0x7, 0xe0, 0x3, 0xf0, 0xf, 0xc0,
    0x1, 0xf8, 0x1f, 0x80, 0x0, 0xfc, 0x3f, 0x0,
    0x0, 0x7e, 0x7e, 0x0, 0x0, 0x3f, 0xfc, 0x0,
    0x0, 0x1f, 0xf8, 0x0, 0x0, 0xf, 0xf0, 0x0,
    0x0, 0x7, 0xe0, 0x0, 0x0, 0xf, 0xf0, 0x0,
    0x0, 0x1f, 0xf8, 0x0, 0x0, 0x3f, 0xfc, 0x0,
    0x0, 0x7e, 0x7e, 0x0, 0x0, 0xfc, 0x3f, 0x0,
    0x1, 0xf8, 0x1f, 0x80, 0x3, 0xf0, 0xf, 0xc0,
    0x7, 0xe0, 0x7, 0xe0, 0xf, 0xc0, 0x3, 0xf0,
    0x1f, 0x80, 0x1, 0xf8, 0x3f, 0x0, 0x0, 0xfc,
    0x7e, 0x0, 0x0, 0x7e, 0xfc, 0x0, 0x0, 0x3f,
    0x78, 0x0, 0x0, 0x1e, 0x30, 0x0, 0x0, 0xc,

    /* U+F0162 "󰅢" */
    0x0, 0x7, 0xe0, 0x0, 0x0, 0x1f, 0xf8, 0x0,
    0x0, 0x7f, 0xfc, 0x0, 0x0, 0xff, 0xfe, 0x0,
    0x1, 0xff, 0xff, 0x0, 0x3, 0xff, 0xff, 0x80,
    0x1f, 0xf8, 0x3f, 0x80, 0x3f, 0xf8, 0x3f, 0x80,
    0x7f, 0xf8, 0x3f, 0xf0, 0x7f, 0xf8, 0x3f, 0xfc,
    0xff, 0xf8, 0x3f, 0xfc, 0xff, 0x80, 0x3, 0xfe,
    0xff, 0xc0, 0x7, 0xfe, 0xff, 0xe0, 0xf, 0xff,
    0xff, 0xf0, 0x1f, 0xff, 0xff, 0xf8, 0x3f, 0xff,
    0x7f, 0xfc, 0x7f, 0xfe, 0x3f, 0xfe, 0xff, 0xfe,
    0x3f, 0xff, 0xff, 0xfc, 0xf, 0xff, 0xff, 0xf8,
    0x3, 0xff, 0xff, 0xe0,

    /* U+F01DA "󰇚" */
    0x1, 0xff, 0xe0, 0x0, 0x7f, 0xf8, 0x0, 0x1f,
    0xfe, 0x0, 0x7, 0xff, 0x80, 0x1, 0xff, 0xe0,
    0x0, 0x7f, 0xf8, 0x0, 0x1f, 0xfe, 0x0, 0x7,
    0xff, 0x80, 0x1, 0xff, 0xe0, 0x0, 0x7f, 0xf8,
    0x0, 0x1f, 0xfe, 0x3, 0xff, 0xff, 0xff, 0x7f,
    0xff, 0xff, 0x8f, 0xff, 0xff, 0xc1, 0xff, 0xff,
    0xe0, 0x3f, 0xff, 0xf0, 0x7, 0xff, 0xf8, 0x0,
    0xff, 0xfc, 0x0, 0x1f, 0xfe, 0x0, 0x3, 0xff,
    0x0, 0x0, 0x7f, 0x80, 0x0, 0xf, 0xc0, 0x0,
    0x1, 0xe0, 0x0, 0x0, 0x30, 0x0, 0x0, 0x0,
    0x0, 0x0, 0x0, 0x0, 0x0, 0x0, 0x0, 0x0,
    0x0, 0x0, 0x0, 0xff, 0xff, 0xff, 0xff, 0xff,
    0xff, 0xff, 0xff, 0xff, 0xff, 0xff, 0xff, 0xff,

    /* U+F01E1 "󰇡" */
    0x7, 0x0, 0x7, 0x0, 0xe, 0x0, 0xe, 0x0,
    0x1c, 0x0, 0x1c, 0x3, 0xff, 0xff, 0xff, 0xf,
    0xff, 0xff, 0xff, 0x9f, 0xff, 0xff, 0xff, 0x3f,
    0xff, 0xff, 0xfe, 0x7f, 0xff, 0xff, 0xfc, 0xff,
    0xff, 0xff, 0xf9, 0xff, 0xff, 0xff, 0xf3, 0xff,
    0xff, 0xff, 0xe7, 0x0, 0x0, 0x1, 0xce, 0x0,
    0x0, 0x3, 0x9c, 0x0, 0x0, 0x7, 0x38, 0x0,
    0x0, 0xe, 0x70, 0x0, 0x0, 0x4, 0xe0, 0x0,
    0x0, 0x1, 0xc0, 0x0, 0x0, 0x3, 0x80, 0x0,
    0x1f, 0x8f, 0x0, 0x0, 0x7f, 0xfe, 0x0, 0x1,
    0xc3, 0xfc, 0x0, 0x7, 0x3, 0xf8, 0x0, 0xe,
    0xf, 0xf0, 0x0, 0x18, 0x3f, 0xe0, 0x0, 0x30,
    0x1, 0xc0, 0x0, 0x70, 0x3, 0x80, 0x0, 0xe0,
    0x77, 0x0, 0x0, 0xfb, 0xcf, 0xff, 0xf0, 0xff,
    0x1f, 0xff, 0xe0, 0xfc, 0x1f, 0xff, 0xe0, 0x0,
    0x0,

    /* U+F01E5 "󰇥" */
    0x0, 0x3f, 0x0, 0x0, 0x0, 0xff, 0xc0, 0x0,
    0x1, 0xff, 0xe0, 0x0, 0x3, 0xff, 0xf0, 0x0,
    0x3, 0xff, 0xf0, 0x0, 0x7, 0x8f, 0xf8, 0x0,
    0x7, 0x7, 0xf8, 0x0, 0x7, 0x7, 0xf8, 0x0,
    0xff, 0x7, 0xf8, 0x0, 0xff, 0x8f, 0xf8, 0x0,
    0x7f, 0xff, 0xf8, 0x0, 0x3f, 0xff, 0xf0, 0x0,
    0x1f, 0xff, 0xf0, 0x0, 0x1, 0xff, 0xe0, 0x0,
    0x1, 0xff, 0xc0, 0x0, 0x1, 0xff, 0xf8, 0x0,
    0x3, 0xff, 0xff, 0x0, 0x7, 0xff, 0xff, 0xc1,
    0x7, 0xff, 0xff, 0xff, 0xf, 0xff, 0xff, 0xff,
    0xf, 0xff, 0xff, 0xfe, 0x1f, 0xff, 0xff, 0xfe,
    0x1f, 0xff, 0xff, 0xfe, 0x1f, 0xff, 0xff, 0xfc,
    0x1f, 0xff, 0xff, 0xfc, 0xf, 0xff, 0xff, 0xf8,
    0xf, 0xff, 0xff, 0xf8, 0xf, 0xff, 0xff, 0xf0,
    0x7, 0xff, 0xff, 0xe0, 0x3, 0xff, 0xff, 0xc0,
    0x0, 0x7f, 0xff, 0x0,

    /* U+F01EE "󰇮" */
    0x7f, 0xff, 0xff, 0xfe, 0xff, 0xff, 0xff, 0xff,
    0xff, 0xff, 0xff, 0xff, 0xef, 0xff, 0xff, 0xf7,
    0xe7, 0xff, 0xff, 0xe7, 0xe1, 0xff, 0xff, 0x87,
    0xe0, 0x7f, 0xfe, 0x7, 0xf8, 0x3f, 0xfc, 0x1f,
    0xfe, 0xf, 0xf0, 0x7f, 0xff, 0x3, 0xc0, 0xff,
    0xff, 0xc1, 0x83, 0xff, 0xff, 0xf0, 0xf, 0xff,
    0xff, 0xf8, 0x1f, 0xff, 0xff, 0xfe, 0x7f, 0xff,
    0xff, 0xff, 0xff, 0xff, 0xff, 0xff, 0xff, 0xff,
    0xff, 0xff, 0xff, 0xff, 0xff, 0xff, 0xff, 0xff,
    0xff, 0xff, 0xff, 0xff, 0xff, 0xff, 0xff, 0xff,
    0xff, 0xff, 0xff, 0xff, 0xff, 0xff, 0xff, 0xff,
    0xff, 0xff, 0xff, 0xff, 0xff, 0xff, 0xff, 0xff,
    0x7f, 0xff, 0xff, 0xfe,

    /* U+F01F0 "󰇰" */
    0x7f, 0xff, 0xff, 0xfe, 0xff, 0xff, 0xff, 0xff,
    0xff, 0xff, 0xff, 0xff, 0xf0, 0x0, 0x0, 0xf,
    0xf8, 0x0, 0x0, 0x1f, 0xfe, 0x0, 0x0, 0x7f,
    0xef, 0x80, 0x1, 0xff, 0xe7, 0xc0, 0x3, 0xe7,
    0xe1, 0xf0, 0xf, 0x87, 0xe0, 0xfc, 0x3f, 0x7,
    0xe0, 0x3e, 0x7c, 0x7, 0xe0, 0xf, 0xf0, 0x7,
    0xe0, 0x7, 0xe0, 0x7, 0xe0, 0x1, 0x80, 0x7,
    0xe0, 0x0, 0x0, 0x7, 0xe0, 0x0, 0x0, 0x7,
    0xe0, 0x0, 0x0, 0x7, 0xe0, 0x0, 0x0, 0x7,
    0xe0, 0x0, 0x0, 0x7, 0xe0, 0x0, 0x0, 0x7,
    0xe0, 0x0, 0x0, 0x7, 0xe0, 0x0, 0x0, 0x7,
    0xff, 0xff, 0xff, 0xff, 0xff, 0xff, 0xff, 0xff,
    0x7f, 0xff, 0xff, 0xfe,

    /* U+F02A4 "󰊤" */
    0x0, 0xf, 0xf0, 0x0, 0x0, 0x7f, 0xfe, 0x0,
    0x1, 0xff, 0xff, 0x80, 0x3, 0xff, 0xff, 0xc0,
    0x7, 0xff, 0xff, 0xe0, 0xf, 0xff, 0xff, 0xf0,
    0x1f, 0x3f, 0xfc, 0xf8, 0x3e, 0x0, 0x0, 0x7c,
    0x3e, 0x0, 0x0, 0x7c, 0x7e, 0x0, 0x0, 0x7e,
    0x7e, 0x0, 0x0, 0x7e, 0x7e, 0x0, 0x0, 0x7e,
    0xfc, 0x0, 0x0, 0x3f, 0xfc, 0x0, 0x0, 0x3f,
    0xfc, 0x0, 0x0, 0x3f, 0xfc, 0x0, 0x0, 0x3f,
    0xfc, 0x0, 0x0, 0x3f, 0xfc, 0x0, 0x0, 0x3f,
    0xfe, 0x0, 0x0, 0x7f, 0xfe, 0x0, 0x0, 0x7e,
    0x7f, 0x0, 0x0, 0xfe, 0x7f, 0xc0, 0x3, 0xfe,
    0x39, 0xf8, 0x1f, 0xfc, 0x3c, 0xf0, 0xf, 0xfc,
    0x1e, 0x70, 0xf, 0xf8, 0xe, 0x0, 0xf, 0xf0,
    0x7, 0x0, 0xf, 0xe0, 0x3, 0xf0, 0xf, 0xc0,
    0x1, 0xf0, 0xf, 0x80, 0x0, 0x70, 0xe, 0x0,
    0x0, 0x10, 0x8, 0x0,

    /* U+F02FD "󰋽" */
    0x0, 0xf, 0xe0, 0x0, 0x0, 0xff, 0xf8, 0x0,
    0x7, 0xff, 0xfc, 0x0, 0x1f, 0x80, 0xfc, 0x0,
    0x7c, 0x0, 0x7c, 0x1, 0xe0, 0x0, 0x3c, 0x7,
    0x80, 0x0, 0x3c, 0x1e, 0x0, 0x0, 0x3c, 0x38,
    0x3, 0x80, 0x38, 0xf0, 0x7, 0x0, 0x79, 0xc0,
    0xe, 0x0, 0x73, 0x80, 0x0, 0x0, 0xee, 0x0,
    0x0, 0x0, 0xfc, 0x0, 0x0, 0x1, 0xf8, 0x0,
    0x0, 0x3, 0xf0, 0x1, 0xc0, 0x7, 0xe0, 0x3,
    0x80, 0xf, 0xc0, 0x7, 0x0, 0x1f, 0x80, 0xe,
    0x0, 0x3f, 0x0, 0x1c, 0x0, 0x77, 0x0, 0x38,
    0x1, 0xce, 0x0, 0x70, 0x3, 0x9e, 0x0, 0xe0,
    0xf, 0x1c, 0x1, 0xc0, 0x1c, 0x3c, 0x0, 0x0,
    0x78, 0x3c, 0x0, 0x1, 0xe0, 0x3c, 0x0, 0x7,
    0x80, 0x3e, 0x0, 0x3e, 0x0, 0x3f, 0x1, 0xf8,
    0x0, 0x3f, 0xff, 0xe0, 0x0, 0x1f, 0xff, 0x0,
    0x0, 0x7, 0xf0, 0x0,

    /* U+F0328 "󰌨" */
    0x0, 0x0, 0x0, 0x0, 0x0, 0xc, 0x0, 0x0,
    0x0, 0xfc, 0x0, 0x0, 0x7, 0xf8, 0x0, 0x0,
    0x3f, 0xf0, 0x0, 0x3, 0xff, 0xf0, 0x0, 0x1f,
    0xff, 0xe0, 0x0, 0xff, 0xff, 0xc0, 0x7, 0xff,
    0xff, 0x80, 0x7f, 0xff, 0xff, 0x83, 0xff, 0xff,
    0xff, 0x1f, 0xff, 0xff, 0xfe, 0xff, 0xff, 0xff,
    0xfc, 0xff, 0xff, 0xff, 0xc1, 0xff, 0xff, 0xfe,
    0x3, 0xff, 0xff, 0xf0, 0x7, 0xff, 0xff, 0x80,
    0x7, 0xff, 0xf8, 0x0, 0xf, 0xff, 0xc0, 0x1c,
    0x1f, 0xfe, 0xe, 0xf8, 0x1f, 0xe0, 0x7d, 0xf0,
    0x3f, 0x3, 0xe3, 0xf0, 0x78, 0x3f, 0x3, 0xe0,
    0xc1, 0xf0, 0x7, 0xc0, 0xf, 0x80, 0xf, 0xc0,
    0xfc, 0x0, 0x1f, 0x87, 0xe0, 0x0, 0x1f, 0x3e,
    0x0, 0x0, 0x3f, 0xf0, 0x0, 0x0, 0x7f, 0x80,
    0x0, 0x0, 0x78, 0x0, 0x0, 0x0, 0xc0, 0x0,

    /* U+F032B "󰌫" */
    0x0, 0x78, 0x0, 0x3, 0xfe, 0x0, 0xf, 0xfe,
    0x0, 0x3f, 0xfe, 0x0, 0x7f, 0xfc, 0x1, 0xff,
    0xfc, 0x3, 0xff, 0xf8, 0x7, 0xff, 0xf0, 0xf,
    0xff, 0xe0, 0x1f, 0xff, 0xc0, 0x3f, 0xff, 0x80,
    0x7f, 0xff, 0x0, 0xff, 0xfe, 0x1, 0xff, 0xfc,
    0x3, 0xff, 0xf8, 0x7, 0xff, 0xf0, 0xf, 0xff,
    0xe0, 0x1f, 0xff, 0xc0, 0x3f, 0xff, 0x87, 0xff,
    0xff, 0xff, 0xff, 0xff, 0xff, 0xff, 0xff, 0xff,
    0xff, 0xff, 0x81, 0xe3, 0xc0, 0x3, 0xc7, 0x80,
    0x7, 0x8f, 0x0, 0xf, 0x1e, 0x0, 0x1e, 0x3c,
    0x0, 0x3c, 0x78, 0x0, 0x78, 0xf0, 0x0, 0xf1,
    0xe0, 0x1, 0xe3, 0xc0,

    /* U+F032D "󰌭" */
    0x0, 0x7c, 0x0, 0x3, 0xfe, 0x0, 0xf, 0xfe,
    0x0, 0x3f, 0xfe, 0x0, 0xfc, 0x7e, 0x1, 0xe0,
    0x3c, 0x3, 0xc0, 0x78, 0x7, 0x80, 0xf0, 0xf,
    0x1, 0xe0, 0x1e, 0x3, 0xc0, 0x3c, 0x7, 0x80,
    0x78, 0xf, 0x0, 0xf0, 0x1e, 0x1, 0xe0, 0x3c,
    0x3, 0xc0, 0x78, 0x7, 0x80, 0xf0, 0xf, 0x1,
    0xe0, 0x1f, 0xff, 0xc0, 0x3f, 0xff, 0x87, 0xff,
    0xff, 0xff, 0xff, 0xff, 0xff, 0xff, 0xff, 0xff,
    0xff, 0xff, 0x81, 0xe3, 0xc0, 0x3, 0xc7, 0x80,
    0x7, 0x8f, 0x0, 0xf, 0x1e, 0x0, 0x1e, 0x3c,
    0x0, 0x3c, 0x78, 0x0, 0x78, 0xf0, 0x0, 0xf1,
    0xe0, 0x1, 0xe3, 0xc0,

    /* U+F03A4 "󰎤" */
    0x3f, 0xff, 0xff, 0xfc, 0x7f, 0xff, 0xff, 0xfe,
    0xff, 0xff, 0xff, 0xff, 0xff, 0xff, 0xff, 0xff,
    0xff, 0xff, 0xff, 0xff, 0xff, 0xff, 0xff, 0xff,
    0xff, 0xff, 0xff, 0xff, 0xff, 0xf0, 0xf, 0xff,
    0xff, 0xf0, 0xf, 0xff, 0xff, 0xf0, 0xf, 0xff,
    0xff, 0xf0, 0xf, 0xff, 0xff, 0xff, 0xf, 0xff,
    0xff, 0xff, 0xf, 0xff, 0xff, 0xff, 0xf, 0xff,
    0xff, 0xff, 0xf, 0xff, 0xff, 0xff, 0xf, 0xff,
    0xff, 0xff, 0xf, 0xff, 0xff, 0xff, 0xf, 0xff,
    0xff, 0xff, 0xf, 0xff, 0xff, 0xff, 0xf, 0xff,
    0xff, 0xff, 0xf, 0xff, 0xff, 0xff, 0xf, 0xff,
    0xff, 0xff, 0xf, 0xff, 0xff, 0xff, 0xf, 0xff,
    0xff, 0xff, 0xf, 0xff, 0xff, 0xff, 0xff, 0xff,
    0xff, 0xff, 0xff, 0xff, 0xff, 0xff, 0xff, 0xff,
    0xff, 0xff, 0xff, 0xff, 0xff, 0xff, 0xff, 0xff,
    0x7f, 0xff, 0xff, 0xfe, 0x3f, 0xff, 0xff, 0xfc,

    /* U+F03A5 "󰎥" */
    0x1, 0xff, 0xff, 0xfe, 0x3, 0xff, 0xff, 0xff,
    0x3, 0xff, 0xff, 0xff, 0x3, 0x80, 0x0, 0x7,
    0x3, 0x80, 0x0, 0x7, 0x3, 0x80, 0x0, 0x7,
    0xe3, 0x80, 0xfc, 0x7, 0xe3, 0x80, 0xfc, 0x7,
    0xe3, 0x80, 0xfc, 0x7, 0xe3, 0x80, 0x1c, 0x7,
    0xe3, 0x80, 0x1c, 0x7, 0xe3, 0x80, 0x1c, 0x7,
    0xe3, 0x80, 0x1c, 0x7, 0xe3, 0x80, 0x1c, 0x7,
    0xe3, 0x80, 0x1c, 0x7, 0xe3, 0x80, 0x1c, 0x7,
    0xe3, 0x80, 0x1c, 0x7, 0xe3, 0x80, 0x1c, 0x7,
    0xe3, 0x80, 0x1c, 0x7, 0xe3, 0x80, 0x1c, 0x7,
    0xe3, 0x80, 0x1c, 0x7, 0xe3, 0x80, 0x0, 0x7,
    0xe3, 0x80, 0x0, 0x7, 0xe3, 0x80, 0x0, 0x7,
    0xe3, 0xff, 0xff, 0xff, 0xe3, 0xff, 0xff, 0xff,
    0xe1, 0xff, 0xff, 0xfe, 0xe0, 0x0, 0x0, 0x0,
    0xe0, 0x0, 0x0, 0x0, 0xff, 0xff, 0xff, 0xc0,
    0xff, 0xff, 0xff, 0xc0, 0x7f, 0xff, 0xff, 0xc0,

    /* U+F03A6 "󰎦" */
    0x3f, 0xff, 0xff, 0xfc, 0x7f, 0xff, 0xff, 0xfe,
    0xff, 0xff, 0xff, 0xff, 0xf0, 0x0, 0x0, 0xf,
    0xf0, 0x0, 0x0, 0xf, 0xf0, 0x0, 0x0, 0xf,
    0xf0, 0x0, 0x0, 0xf, 0xf0, 0xf, 0xf0, 0xf,
    0xf0, 0xf, 0xf0, 0xf, 0xf0, 0xf, 0xf0, 0xf,
    0xf0, 0x0, 0xf0, 0xf, 0xf0, 0x0, 0xf0, 0xf,
    0xf0, 0x0, 0xf0, 0xf, 0xf0, 0x0, 0xf0, 0xf,
    0xf0, 0x0, 0xf0, 0xf, 0xf0, 0x0, 0xf0, 0xf,
    0xf0, 0x0, 0xf0, 0xf, 0xf0, 0x0, 0xf0, 0xf,
    0xf0, 0x0, 0xf0, 0xf, 0xf0, 0x0, 0xf0, 0xf,
    0xf0, 0x0, 0xf0, 0xf, 0xf0, 0x0, 0xf0, 0xf,
    0xf0, 0x0, 0xf0, 0xf, 0xf0, 0x0, 0xf0, 0xf,
    0xf0, 0x0, 0x0, 0xf, 0xf0, 0x0, 0x0, 0xf,
    0xf0, 0x0, 0x0, 0xf, 0xf0, 0x0, 0x0, 0xf,
    0xff, 0xff, 0xff, 0xff, 0x7f, 0xff, 0xff, 0xfe,
    0x3f, 0xff, 0xff, 0xfc,

    /* U+F03A7 "󰎧" */
    0x3f, 0xff, 0xff, 0xfc, 0x7f, 0xff, 0xff, 0xfe,
    0xff, 0xff, 0xff, 0xff, 0xff, 0xff, 0xff, 0xff,
    0xff, 0xff, 0xff, 0xff, 0xff, 0xff, 0xff, 0xff,
    0xff, 0xff, 0xff, 0xff, 0xff, 0xe0, 0x1f, 0xff,
    0xff, 0xe0, 0xf, 0xff, 0xff, 0xe0, 0x7, 0xff,
    0xff, 0xe0, 0x7, 0xff, 0xff, 0xff, 0xc7, 0xff,
    0xff, 0xff, 0xc7, 0xff, 0xff, 0xff, 0xc7, 0xff,
    0xff, 0xf8, 0x7, 0xff, 0xff, 0xf0, 0x7, 0xff,
    0xff, 0xe0, 0xf, 0xff, 0xff, 0xe0, 0x1f, 0xff,
    0xff, 0xe3, 0xff, 0xff, 0xff, 0xe3, 0xff, 0xff,
    0xff, 0xe3, 0xff, 0xff, 0xff, 0xe0, 0x7, 0xff,
    0xff, 0xe0, 0x7, 0xff, 0xff, 0xe0, 0x7, 0xff,
    0xff, 0xe0, 0x7, 0xff, 0xff, 0xff, 0xff, 0xff,
    0xff, 0xff, 0xff, 0xff, 0xff, 0xff, 0xff, 0xff,
    0xff, 0xff, 0xff, 0xff, 0xff, 0xff, 0xff, 0xff,
    0x7f, 0xff, 0xff, 0xfe, 0x3f, 0xff, 0xff, 0xfc,

    /* U+F03A8 "󰎨" */
    0x1, 0xff, 0xff, 0xfe, 0x3, 0xff, 0xff, 0xff,
    0x3, 0xff, 0xff, 0xff, 0x3, 0x80, 0x0, 0x7,
    0x3, 0x80, 0x0, 0x7, 0x3, 0x80, 0x0, 0x7,
    0xe3, 0x81, 0xfc, 0x7, 0xe3, 0x81, 0xfe, 0x7,
    0xe3, 0x81, 0xfe, 0x7, 0xe3, 0x80, 0xe, 0x7,
    0xe3, 0x80, 0xe, 0x7, 0xe3, 0x80, 0xe, 0x7,
    0xe3, 0x80, 0xfe, 0x7, 0xe3, 0x81, 0xfe, 0x7,
    0xe3, 0x81, 0xfc, 0x7, 0xe3, 0x81, 0xc0, 0x7,
    0xe3, 0x81, 0xc0, 0x7, 0xe3, 0x81, 0xc0, 0x7,
    0xe3, 0x81, 0xfe, 0x7, 0xe3, 0x81, 0xfe, 0x7,
    0xe3, 0x81, 0xfe, 0x7, 0xe3, 0x80, 0x0, 0x7,
    0xe3, 0x80, 0x0, 0x7, 0xe3, 0x80, 0x0, 0x7,
    0xe3, 0xff, 0xff, 0xff, 0xe3, 0xff, 0xff, 0xff,
    0xe1, 0xff, 0xff, 0xfe, 0xe0, 0x0, 0x0, 0x0,
    0xe0, 0x0, 0x0, 0x0, 0xff, 0xff, 0xff, 0xc0,
    0xff, 0xff, 0xff, 0xc0, 0x7f, 0xff, 0xff, 0xc0,

    /* U+F03A9 "󰎩" */
    0x3f, 0xff, 0xff, 0xfc, 0x7f, 0xff, 0xff, 0xfe,
    0xff, 0xff, 0xff, 0xff, 0xf0, 0x0, 0x0, 0xf,
    0xf0, 0x0, 0x0, 0xf, 0xf0, 0x0, 0x0, 0xf,
    0xf0, 0x0, 0x0, 0xf, 0xf0, 0x1f, 0xf0, 0xf,
    0xf0, 0x1f, 0xf8, 0xf, 0xf0, 0x1f, 0xfc, 0xf,
    0xf0, 0x0, 0x3c, 0xf, 0xf0, 0x0, 0x3c, 0xf,
    0xf0, 0x0, 0x3c, 0xf, 0xf0, 0x0, 0x3c, 0xf,
    0xf0, 0x7, 0xfc, 0xf, 0xf0, 0xf, 0xf8, 0xf,
    0xf0, 0x1f, 0xf0, 0xf, 0xf0, 0x1e, 0x0, 0xf,
    0xf0, 0x1e, 0x0, 0xf, 0xf0, 0x1e, 0x0, 0xf,
    0xf0, 0x1e, 0x0, 0xf, 0xf0, 0x1f, 0xfc, 0xf,
    0xf0, 0x1f, 0xfc, 0xf, 0xf0, 0x1f, 0xfc, 0xf,
    0xf0, 0x0, 0x0, 0xf, 0xf0, 0x0, 0x0, 0xf,
    0xf0, 0x0, 0x0, 0xf, 0xf0, 0x0, 0x0, 0xf,
    0xff, 0xff, 0xff, 0xff, 0x7f, 0xff, 0xff, 0xfe,
    0x3f, 0xff, 0xff, 0xfc,

    /* U+F03AA "󰎪" */
    0x3f, 0xff, 0xff, 0xfc, 0x7f, 0xff, 0xff, 0xfe,
    0xff, 0xff, 0xff, 0xff, 0xff, 0xff, 0xff, 0xff,
    0xff, 0xff, 0xff, 0xff, 0xff, 0xff, 0xff, 0xff,
    0xff, 0xff, 0xff, 0xff, 0xff, 0xe0, 0x1f, 0xff,
    0xff, 0xe0, 0xf, 0xff, 0xff, 0xe0, 0x7, 0xff,
    0xff, 0xe0, 0x7, 0xff, 0xff, 0xff, 0xc7, 0xff,
    0xff, 0xff, 0xc7, 0xff, 0xff, 0xff, 0xc7, 0xff,
    0xff, 0xfe, 0x7, 0xff, 0xff, 0xfe, 0xf, 0xff,
    0xff, 0xfe, 0x1f, 0xff, 0xff, 0xfe, 0x7, 0xff,
    0xff, 0xff, 0xc7, 0xff, 0xff, 0xff, 0xc7, 0xff,
    0xff, 0xff, 0xc7, 0xff, 0xff, 0xe0, 0x7, 0xff,
    0xff, 0xe0, 0x7, 0xff, 0xff, 0xe0, 0xf, 0xff,
    0xff, 0xe0, 0x1f, 0xff, 0xff, 0xff, 0xff, 0xff,
    0xff, 0xff, 0xff, 0xff, 0xff, 0xff, 0xff, 0xff,
    0xff, 0xff, 0xff, 0xff, 0xff, 0xff, 0xff, 0xff,
    0x7f, 0xff, 0xff, 0xfe, 0x3f, 0xff, 0xff, 0xfc,

    /* U+F03AB "󰎫" */
    0x1, 0xff, 0xff, 0xfe, 0x3, 0xff, 0xff, 0xff,
    0x3, 0xff, 0xff, 0xff, 0x3, 0x80, 0x0, 0x7,
    0x3, 0x80, 0x0, 0x7, 0x3, 0x80, 0x0, 0x7,
    0xe3, 0x83, 0xfc, 0x7, 0xe3, 0x83, 0xfe, 0x7,
    0xe3, 0x83, 0xfe, 0x7, 0xe3, 0x80, 0xe, 0x7,
    0xe3, 0x80, 0xe, 0x7, 0xe3, 0x80, 0xe, 0x7,
    0xe3, 0x80, 0x7e, 0x7, 0xe3, 0x80, 0x7c, 0x7,
    0xe3, 0x80, 0x7e, 0x7, 0xe3, 0x80, 0xe, 0x7,
    0xe3, 0x80, 0xe, 0x7, 0xe3, 0x80, 0xe, 0x7,
    0xe3, 0x83, 0xfe, 0x7, 0xe3, 0x83, 0xfe, 0x7,
    0xe3, 0x83, 0xfc, 0x7, 0xe3, 0x80, 0x0, 0x7,
    0xe3, 0x80, 0x0, 0x7, 0xe3, 0x80, 0x0, 0x7,
    0xe3, 0xff, 0xff, 0xff, 0xe3, 0xff, 0xff, 0xff,
    0xe1, 0xff, 0xff, 0xfe, 0xe0, 0x0, 0x0, 0x0,
    0xe0, 0x0, 0x0, 0x0, 0xff, 0xff, 0xff, 0xc0,
    0xff, 0xff, 0xff, 0xc0, 0x7f, 0xff, 0xff, 0xc0,

    /* U+F03AC "󰎬" */
    0x3f, 0xff, 0xff, 0xfc, 0x7f, 0xff, 0xff, 0xfe,
    0xff, 0xff, 0xff, 0xff, 0xf0, 0x0, 0x0, 0xf,
    0xf0, 0x0, 0x0, 0xf, 0xf0, 0x0, 0x0, 0xf,
    0xf0, 0x0, 0x0, 0xf, 0xf0, 0x1f, 0xf0, 0xf,
    0xf0, 0x1f, 0xf8, 0xf, 0xf0, 0x1f, 0xfc, 0xf,
    0xf0, 0x0, 0x3c, 0xf, 0xf0, 0x0, 0x3c, 0xf,
    0xf0, 0x0, 0x3c, 0xf, 0xf0, 0x0, 0x3c, 0xf,
    0xf0, 0x3, 0xf8, 0xf, 0xf0, 0x3, 0xf0, 0xf,
    0xf0, 0x3, 0xfc, 0xf, 0xf0, 0x0, 0x3c, 0xf,
    0xf0, 0x0, 0x3c, 0xf, 0xf0, 0x0, 0x3c, 0xf,
    0xf0, 0x0, 0x3c, 0xf, 0xf0, 0x1f, 0xfc, 0xf,
    0xf0, 0x1f, 0xf8, 0xf, 0xf0, 0x1f, 0xf0, 0xf,
    0xf0, 0x0, 0x0, 0xf, 0xf0, 0x0, 0x0, 0xf,
    0xf0, 0x0, 0x0, 0xf, 0xf0, 0x0, 0x0, 0xf,
    0xff, 0xff, 0xff, 0xff, 0x7f, 0xff, 0xff, 0xfe,
    0x3f, 0xff, 0xff, 0xfc,

    /* U+F03AD "󰎭" */
    0x3f, 0xff, 0xff, 0xfc, 0x7f, 0xff, 0xff, 0xfe,
    0xff, 0xff, 0xff, 0xff, 0xff, 0xff, 0xff, 0xff,
    0xff, 0xff, 0xff, 0xff, 0xff, 0xff, 0xff, 0xff,
    0xff, 0xff, 0xff, 0xff, 0xff, 0xe3, 0xc7, 0xff,
    0xff, 0xe3, 0xc7, 0xff, 0xff, 0xe3, 0xc7, 0xff,
    0xff, 0xe3, 0xc7, 0xff, 0xff, 0xe3, 0xc7, 0xff,
    0xff, 0xe3, 0xc7, 0xff, 0xff, 0xe3, 0xc7, 0xff,
    0xff, 0xe0, 0x7, 0xff, 0xff, 0xe0, 0x7, 0xff,
    0xff, 0xe0, 0x7, 0xff, 0xff, 0xe0, 0x7, 0xff,
    0xff, 0xff, 0xc7, 0xff, 0xff, 0xff, 0xc7, 0xff,
    0xff, 0xff, 0xc7, 0xff, 0xff, 0xff, 0xc7, 0xff,
    0xff, 0xff, 0xc7, 0xff, 0xff, 0xff, 0xc7, 0xff,
    0xff, 0xff, 0xc7, 0xff, 0xff, 0xff, 0xff, 0xff,
    0xff, 0xff, 0xff, 0xff, 0xff, 0xff, 0xff, 0xff,
    0xff, 0xff, 0xff, 0xff, 0xff, 0xff, 0xff, 0xff,
    0x7f, 0xff, 0xff, 0xfe, 0x3f, 0xff, 0xff, 0xfc,

    /* U+F03AE "󰎮" */
    0x3f, 0xff, 0xff, 0xfc, 0x7f, 0xff, 0xff, 0xfe,
    0xff, 0xff, 0xff, 0xff, 0xf0, 0x0, 0x0, 0xf,
    0xf0, 0x0, 0x0, 0xf, 0xf0, 0x0, 0x0, 0xf,
    0xf0, 0x1e, 0x3c, 0xf, 0xf0, 0x1e, 0x3c, 0xf,
    0xf0, 0x1e, 0x3c, 0xf, 0xf0, 0x1e, 0x3c, 0xf,
    0xf0, 0x1e, 0x3c, 0xf, 0xf0, 0x1e, 0x3c, 0xf,
    0xf0, 0x1e, 0x3c, 0xf, 0xf0, 0x1f, 0xfc, 0xf,
    0xf0, 0x1f, 0xfc, 0xf, 0xf0, 0x1f, 0xfc, 0xf,
    0xf0, 0x1f, 0xfc, 0xf, 0xf0, 0x0, 0x3c, 0xf,
    0xf0, 0x0, 0x3c, 0xf, 0xf0, 0x0, 0x3c, 0xf,
    0xf0, 0x0, 0x3c, 0xf, 0xf0, 0x0, 0x3c, 0xf,
    0xf0, 0x0, 0x3c, 0xf, 0xf0, 0x0, 0x3c, 0xf,
    0xf0, 0x0, 0x0, 0xf, 0xf0, 0x0, 0x0, 0xf,
    0xf0, 0x0, 0x0, 0xf, 0xf0, 0x0, 0x0, 0xf,
    0xff, 0xff, 0xff, 0xff, 0x7f, 0xff, 0xff, 0xfe,
    0x3f, 0xff, 0xff, 0xfc,

    /* U+F03AF "󰎯" */
    0x1, 0xff, 0xff, 0xfe, 0x3, 0xff, 0xff, 0xff,
    0x3, 0xff, 0xff, 0xff, 0x3, 0x80, 0x0, 0x7,
    0x3, 0x80, 0x0, 0x7, 0x3, 0x80, 0x0, 0x7,
    0xe3, 0x81, 0xfe, 0x7, 0xe3, 0x81, 0xfe, 0x7,
    0xe3, 0x81, 0xfe, 0x7, 0xe3, 0x81, 0xc0, 0x7,
    0xe3, 0x81, 0xc0, 0x7, 0xe3, 0x81, 0xc0, 0x7,
    0xe3, 0x81, 0xfc, 0x7, 0xe3, 0x81, 0xfe, 0x7,
    0xe3, 0x81, 0xfe, 0x7, 0xe3, 0x80, 0xe, 0x7,
    0xe3, 0x80, 0xe, 0x7, 0xe3, 0x80, 0xe, 0x7,
    0xe3, 0x81, 0xfe, 0x7, 0xe3, 0x81, 0xfe, 0x7,
    0xe3, 0x81, 0xfc, 0x7, 0xe3, 0x80, 0x0, 0x7,
    0xe3, 0x80, 0x0, 0x7, 0xe3, 0x80, 0x0, 0x7,
    0xe3, 0xff, 0xff, 0xff, 0xe3, 0xff, 0xff, 0xff,
    0xe1, 0xff, 0xff, 0xfe, 0xe0, 0x0, 0x0, 0x0,
    0xe0, 0x0, 0x0, 0x0, 0xff, 0xff, 0xff, 0xc0,
    0xff, 0xff, 0xff, 0xc0, 0x7f, 0xff, 0xff, 0xc0,

    /* U+F03B0 "󰎰" */
    0x3f, 0xff, 0xff, 0xfc, 0x7f, 0xff, 0xff, 0xfe,
    0xff, 0xff, 0xff, 0xff, 0xf0, 0x0, 0x0, 0xf,
    0xf0, 0x0, 0x0, 0xf, 0xf0, 0x0, 0x0, 0xf,
    0xf0, 0x0, 0x0, 0xf, 0xf0, 0x1f, 0xfc, 0xf,
    0xf0, 0x1f, 0xfc, 0xf, 0xf0, 0x1f, 0xfc, 0xf,
    0xf0, 0x1e, 0x0, 0xf, 0xf0, 0x1e, 0x0, 0xf,
    0xf0, 0x1e, 0x0, 0xf, 0xf0, 0x1e, 0x0, 0xf,
    0xf0, 0x1f, 0xf0, 0xf, 0xf0, 0x1f, 0xf8, 0xf,
    0xf0, 0x1f, 0xfc, 0xf, 0xf0, 0x0, 0x3c, 0xf,
    0xf0, 0x0, 0x3c, 0xf, 0xf0, 0x0, 0x3c, 0xf,
    0xf0, 0x0, 0x3c, 0xf, 0xf0, 0x1f, 0xfc, 0xf,
    0xf0, 0x1f, 0xf8, 0xf, 0xf0, 0x1f, 0xf0, 0xf,
    0xf0, 0x0, 0x0, 0xf, 0xf0, 0x0, 0x0, 0xf,
    0xf0, 0x0, 0x0, 0xf, 0xf0, 0x0, 0x0, 0xf,
    0xff, 0xff, 0xff, 0xff, 0x7f, 0xff, 0xff, 0xfe,
    0x3f, 0xff, 0xff, 0xfc,

    /* U+F03B1 "󰎱" */
    0x3f, 0xff, 0xff, 0xfc, 0x7f, 0xff, 0xff, 0xfe,
    0xff, 0xff, 0xff, 0xff, 0xff, 0xff, 0xff, 0xff,
    0xff, 0xff, 0xff, 0xff, 0xff, 0xff, 0xff, 0xff,
    0xff, 0xff, 0xff, 0xff, 0xff, 0xe0, 0x7, 0xff,
    0xff, 0xe0, 0x7, 0xff, 0xff, 0xe0, 0x7, 0xff,
    0xff, 0xe0, 0x7, 0xff, 0xff, 0xe3, 0xff, 0xff,
    0xff, 0xe3, 0xff, 0xff, 0xff, 0xe3, 0xff, 0xff,
    0xff, 0xe0, 0x1f, 0xff, 0xff, 0xe0, 0xf, 0xff,
    0xff, 0xe0, 0x7, 0xff, 0xff, 0xe0, 0x7, 0xff,
    0xff, 0xff, 0xc7, 0xff, 0xff, 0xff, 0xc7, 0xff,
    0xff, 0xff, 0xc7, 0xff, 0xff, 0xe0, 0x7, 0xff,
    0xff, 0xe0, 0x7, 0xff, 0xff, 0xe0, 0xf, 0xff,
    0xff, 0xe0, 0x1f, 0xff, 0xff, 0xff, 0xff, 0xff,
    0xff, 0xff, 0xff, 0xff, 0xff, 0xff, 0xff, 0xff,
    0xff, 0xff, 0xff, 0xff, 0xff, 0xff, 0xff, 0xff,
    0x7f, 0xff, 0xff, 0xfe, 0x3f, 0xff, 0xff, 0xfc,

    /* U+F03B2 "󰎲" */
    0x1, 0xff, 0xff, 0xfe, 0x3, 0xff, 0xff, 0xff,
    0x3, 0xff, 0xff, 0xff, 0x3, 0x80, 0x0, 0x7,
    0x3, 0x80, 0x0, 0x7, 0x3, 0x80, 0x0, 0x7,
    0x3, 0x80, 0x0, 0x7, 0xe3, 0x81, 0xce, 0x7,
    0xe3, 0x81, 0xce, 0x7, 0xe3, 0x81, 0xce, 0x7,
    0xe3, 0x81, 0xce, 0x7, 0xe3, 0x81, 0xce, 0x7,
    0xe3, 0x81, 0xce, 0x7, 0xe3, 0x81, 0xfe, 0x7,
    0xe3, 0x81, 0xfe, 0x7, 0xe3, 0x80, 0xe, 0x7,
    0xe3, 0x80, 0xe, 0x7, 0xe3, 0x80, 0xe, 0x7,
    0xe3, 0x80, 0xe, 0x7, 0xe3, 0x80, 0xe, 0x7,
    0xe3, 0x80, 0xe, 0x7, 0xe3, 0x80, 0x0, 0x7,
    0xe3, 0x80, 0x0, 0x7, 0xe3, 0x80, 0x0, 0x7,
    0xe3, 0xff, 0xff, 0xff, 0xe3, 0xff, 0xff, 0xff,
    0xe1, 0xff, 0xff, 0xfe, 0xe0, 0x0, 0x0, 0x0,
    0xe0, 0x0, 0x0, 0x0, 0xff, 0xff, 0xff, 0xc0,
    0xff, 0xff, 0xff, 0xc0, 0x7f, 0xff, 0xff, 0xc0,

    /* U+F03B3 "󰎳" */
    0x3f, 0xff, 0xff, 0xfc, 0x7f, 0xff, 0xff, 0xfe,
    0xff, 0xff, 0xff, 0xff, 0xff, 0xff, 0xff, 0xff,
    0xff, 0xff, 0xff, 0xff, 0xff, 0xff, 0xff, 0xff,
    0xff, 0xff, 0xff, 0xff, 0xff, 0xf8, 0x7, 0xff,
    0xff, 0xf0, 0x7, 0xff, 0xff, 0xe0, 0x7, 0xff,
    0xff, 0xe0, 0x7, 0xff, 0xff, 0xe3, 0xff, 0xff,
    0xff, 0xe3, 0xff, 0xff, 0xff, 0xe3, 0xff, 0xff,
    0xff, 0xe0, 0x1f, 0xff, 0xff, 0xe0, 0xf, 0xff,
    0xff, 0xe0, 0x7, 0xff, 0xff, 0xe0, 0x7, 0xff,
    0xff, 0xe3, 0xc7, 0xff, 0xff, 0xe3, 0xc7, 0xff,
    0xff, 0xe3, 0xc7, 0xff, 0xff, 0xe0, 0x7, 0xff,
    0xff, 0xe0, 0x7, 0xff, 0xff, 0xf0, 0xf, 0xff,
    0xff, 0xf8, 0x1f, 0xff, 0xff, 0xff, 0xff, 0xff,
    0xff, 0xff, 0xff, 0xff, 0xff, 0xff, 0xff, 0xff,
    0xff, 0xff, 0xff, 0xff, 0xff, 0xff, 0xff, 0xff,
    0x7f, 0xff, 0xff, 0xfe, 0x3f, 0xff, 0xff, 0xfc,

    /* U+F03B4 "󰎴" */
    0x1, 0xff, 0xff, 0xfe, 0x3, 0xff, 0xff, 0xff,
    0x3, 0xff, 0xff, 0xff, 0x3, 0x80, 0x0, 0x7,
    0x3, 0x80, 0x0, 0x7, 0x3, 0x80, 0x0, 0x7,
    0xe3, 0x80, 0xfe, 0x7, 0xe3, 0x81, 0xfe, 0x7,
    0xe3, 0x81, 0xfe, 0x7, 0xe3, 0x81, 0xc0, 0x7,
    0xe3, 0x81, 0xc0, 0x7, 0xe3, 0x81, 0xc0, 0x7,
    0xe3, 0x81, 0xfc, 0x7, 0xe3, 0x81, 0xfe, 0x7,
    0xe3, 0x81, 0xfe, 0x7, 0xe3, 0x81, 0xce, 0x7,
    0xe3, 0x81, 0xce, 0x7, 0xe3, 0x81, 0xce, 0x7,
    0xe3, 0x81, 0xfe, 0x7, 0xe3, 0x81, 0xfe, 0x7,
    0xe3, 0x80, 0xfc, 0x7, 0xe3, 0x80, 0x0, 0x7,
    0xe3, 0x80, 0x0, 0x7, 0xe3, 0x80, 0x0, 0x7,
    0xe3, 0xff, 0xff, 0xff, 0xe3, 0xff, 0xff, 0xff,
    0xe1, 0xff, 0xff, 0xfe, 0xe0, 0x0, 0x0, 0x0,
    0xe0, 0x0, 0x0, 0x0, 0xff, 0xff, 0xff, 0xc0,
    0xff, 0xff, 0xff, 0xc0, 0x7f, 0xff, 0xff, 0xc0,

    /* U+F03B5 "󰎵" */
    0x3f, 0xff, 0xff, 0xfc, 0x7f, 0xff, 0xff, 0xfe,
    0xff, 0xff, 0xff, 0xff, 0xf0, 0x0, 0x0, 0xf,
    0xf0, 0x0, 0x0, 0xf, 0xf0, 0x0, 0x0, 0xf,
    0xf0, 0x0, 0x0, 0xf, 0xf0, 0x7, 0xfc, 0xf,
    0xf0, 0xf, 0xfc, 0xf, 0xf0, 0x1f, 0xfc, 0xf,
    0xf0, 0x1e, 0x0, 0xf, 0xf0, 0x1e, 0x0, 0xf,
    0xf0, 0x1e, 0x0, 0xf, 0xf0, 0x1e, 0x0, 0xf,
    0xf0, 0x1f, 0xf0, 0xf, 0xf0, 0x1f, 0xf8, 0xf,
    0xf0, 0x1f, 0xfc, 0xf, 0xf0, 0x1e, 0x3c, 0xf,
    0xf0, 0x1e, 0x3c, 0xf, 0xf0, 0x1e, 0x3c, 0xf,
    0xf0, 0x1e, 0x3c, 0xf, 0xf0, 0x1f, 0xfc, 0xf,
    0xf0, 0xf, 0xf8, 0xf, 0xf0, 0x7, 0xf0, 0xf,
    0xf0, 0x0, 0x0, 0xf, 0xf0, 0x0, 0x0, 0xf,
    0xf0, 0x0, 0x0, 0xf, 0xf0, 0x0, 0x0, 0xf,
    0xff, 0xff, 0xff, 0xff, 0x7f, 0xff, 0xff, 0xfe,
    0x3f, 0xff, 0xff, 0xfc,

    /* U+F03B6 "󰎶" */
    0x3f, 0xff, 0xff, 0xfc, 0x7f, 0xff, 0xff, 0xfe,
    0xff, 0xff, 0xff, 0xff, 0xff, 0xff, 0xff, 0xff,
    0xff, 0xff, 0xff, 0xff, 0xff, 0xff, 0xff, 0xff,
    0xff, 0xff, 0xff, 0xff, 0xff, 0xe0, 0x7, 0xff,
    0xff, 0xe0, 0x7, 0xff, 0xff, 0xe0, 0x7, 0xff,
    0xff, 0xe0, 0x7, 0xff, 0xff, 0xff, 0x87, 0xff,
    0xff, 0xff, 0x8f, 0xff, 0xff, 0xff, 0xf, 0xff,
    0xff, 0xff, 0x1f, 0xff, 0xff, 0xfe, 0x1f, 0xff,
    0xff, 0xfe, 0x3f, 0xff, 0xff, 0xfe, 0x3f, 0xff,
    0xff, 0xfc, 0x7f, 0xff, 0xff, 0xfc, 0x7f, 0xff,
    0xff, 0xf8, 0xff, 0xff, 0xff, 0xf8, 0xff, 0xff,
    0xff, 0xf0, 0xff, 0xff, 0xff, 0xf1, 0xff, 0xff,
    0xff, 0xe1, 0xff, 0xff, 0xff, 0xff, 0xff, 0xff,
    0xff, 0xff, 0xff, 0xff, 0xff, 0xff, 0xff, 0xff,
    0xff, 0xff, 0xff, 0xff, 0xff, 0xff, 0xff, 0xff,
    0x7f, 0xff, 0xff, 0xfe, 0x3f, 0xff, 0xff, 0xfc,

    /* U+F03B7 "󰎷" */
    0x1, 0xff, 0xff, 0xfe, 0x3, 0xff, 0xff, 0xff,
    0x3, 0xff, 0xff, 0xff, 0x3, 0x80, 0x0, 0x7,
    0x3, 0x80, 0x0, 0x7, 0x3, 0x80, 0x0, 0x7,
    0xe3, 0x83, 0xfe, 0x7, 0xe3, 0x83, 0xfe, 0x7,
    0xe3, 0x83, 0xfe, 0x7, 0xe3, 0x80, 0xe, 0x7,
    0xe3, 0x80, 0x1c, 0x7, 0xe3, 0x80, 0x1c, 0x7,
    0xe3, 0x80, 0x38, 0x7, 0xe3, 0x80, 0x38, 0x7,
    0xe3, 0x80, 0x70, 0x7, 0xe3, 0x80, 0x70, 0x7,
    0xe3, 0x80, 0xe0, 0x7, 0xe3, 0x80, 0xe0, 0x7,
    0xe3, 0x81, 0xc0, 0x7, 0xe3, 0x81, 0xc0, 0x7,
    0xe3, 0x83, 0x80, 0x7, 0xe3, 0x80, 0x0, 0x7,
    0xe3, 0x80, 0x0, 0x7, 0xe3, 0x80, 0x0, 0x7,
    0xe3, 0xff, 0xff, 0xff, 0xe3, 0xff, 0xff, 0xff,
    0xe1, 0xff, 0xff, 0xfe, 0xe0, 0x0, 0x0, 0x0,
    0xe0, 0x0, 0x0, 0x0, 0xff, 0xff, 0xff, 0xc0,
    0xff, 0xff, 0xff, 0xc0, 0x7f, 0xff, 0xff, 0xc0,

    /* U+F03B8 "󰎸" */
    0x3f, 0xff, 0xff, 0xfc, 0x7f, 0xff, 0xff, 0xfe,
    0xff, 0xff, 0xff, 0xff, 0xf0, 0x0, 0x0, 0xf,
    0xf0, 0x0, 0x0, 0xf, 0xf0, 0x0, 0x0, 0xf,
    0xf0, 0x0, 0x0, 0xf, 0xf0, 0x1f, 0xfc, 0xf,
    0xf0, 0x1f, 0xfc, 0xf, 0xf0, 0x1f, 0xfc, 0xf,
    0xf0, 0x0, 0x3c, 0xf, 0xf0, 0x0, 0x38, 0xf,
    0xf0, 0x0, 0x78, 0xf, 0xf0, 0x0, 0x70, 0xf,
    0xf0, 0x0, 0xf0, 0xf, 0xf0, 0x0, 0xe0, 0xf,
    0xf0, 0x1, 0xe0, 0xf, 0xf0, 0x1, 0xc0, 0xf,
    0xf0, 0x3, 0xc0, 0xf, 0xf0, 0x7, 0x80, 0xf,
    0xf0, 0x7, 0x80, 0xf, 0xf0, 0xf, 0x0, 0xf,
    0xf0, 0xf, 0x0, 0xf, 0xf0, 0x1e, 0x0, 0xf,
    0xf0, 0x0, 0x0, 0xf, 0xf0, 0x0, 0x0, 0xf,
    0xf0, 0x0, 0x0, 0xf, 0xf0, 0x0, 0x0, 0xf,
    0xff, 0xff, 0xff, 0xff, 0x7f, 0xff, 0xff, 0xfe,
    0x3f, 0xff, 0xff, 0xfc,

    /* U+F03B9 "󰎹" */
    0x3f, 0xff, 0xff, 0xfc, 0x7f, 0xff, 0xff, 0xfe,
    0xff, 0xff, 0xff, 0xff, 0xff, 0xff, 0xff, 0xff,
    0xff, 0xff, 0xff, 0xff, 0xff, 0xff, 0xff, 0xff,
    0xff, 0xff, 0xff, 0xff, 0xff, 0xf8, 0x1f, 0xff,
    0xff, 0xf0, 0xf, 0xff, 0xff, 0xe0, 0x7, 0xff,
    0xff, 0xe0, 0x7, 0xff, 0xff, 0xe3, 0xc7, 0xff,
    0xff, 0xe3, 0xc7, 0xff, 0xff, 0xe3, 0xc7, 0xff,
    0xff, 0xe0, 0x7, 0xff, 0xff, 0xf0, 0xf, 0xff,
    0xff, 0xf8, 0x1f, 0xff, 0xff, 0xe0, 0x7, 0xff,
    0xff, 0xe3, 0xc7, 0xff, 0xff, 0xe3, 0xc7, 0xff,
    0xff, 0xe3, 0xc7, 0xff, 0xff, 0xe0, 0x7, 0xff,
    0xff, 0xe0, 0x7, 0xff, 0xff, 0xf0, 0xf, 0xff,
    0xff, 0xf8, 0x1f, 0xff, 0xff, 0xff, 0xff, 0xff,
    0xff, 0xff, 0xff, 0xff, 0xff, 0xff, 0xff, 0xff,
    0xff, 0xff, 0xff, 0xff, 0xff, 0xff, 0xff, 0xff,
    0x7f, 0xff, 0xff, 0xfe, 0x3f, 0xff, 0xff, 0xfc,

    /* U+F03BA "󰎺" */
    0x1, 0xff, 0xff, 0xfe, 0x3, 0xff, 0xff, 0xff,
    0x3, 0xff, 0xff, 0xff, 0x3, 0x80, 0x0, 0x7,
    0x3, 0x80, 0x0, 0x7, 0x3, 0x80, 0x0, 0x7,
    0xe3, 0x80, 0xfc, 0x7, 0xe3, 0x81, 0xfe, 0x7,
    0xe3, 0x81, 0xfe, 0x7, 0xe3, 0x81, 0xce, 0x7,
    0xe3, 0x81, 0xce, 0x7, 0xe3, 0x81, 0xce, 0x7,
    0xe3, 0x81, 0xfe, 0x7, 0xe3, 0x80, 0xfc, 0x7,
    0xe3, 0x81, 0xfe, 0x7, 0xe3, 0x81, 0xce, 0x7,
    0xe3, 0x81, 0xce, 0x7, 0xe3, 0x81, 0xce, 0x7,
    0xe3, 0x81, 0xfe, 0x7, 0xe3, 0x81, 0xfe, 0x7,
    0xe3, 0x80, 0xfc, 0x7, 0xe3, 0x80, 0x0, 0x7,
    0xe3, 0x80, 0x0, 0x7, 0xe3, 0x80, 0x0, 0x7,
    0xe3, 0xff, 0xff, 0xff, 0xe3, 0xff, 0xff, 0xff,
    0xe1, 0xff, 0xff, 0xfe, 0xe0, 0x0, 0x0, 0x0,
    0xe0, 0x0, 0x0, 0x0, 0xff, 0xff, 0xff, 0xc0,
    0xff, 0xff, 0xff, 0xc0, 0x7f, 0xff, 0xff, 0xc0,

    /* U+F03BB "󰎻" */
    0x3f, 0xff, 0xff, 0xfc, 0x7f, 0xff, 0xff, 0xfe,
    0xff, 0xff, 0xff, 0xff, 0xf0, 0x0, 0x0, 0xf,
    0xf0, 0x0, 0x0, 0xf, 0xf0, 0x0, 0x0, 0xf,
    0xf0, 0x0, 0x0, 0xf, 0xf0, 0x7, 0xf0, 0xf,
    0xf0, 0xf, 0xf8, 0xf, 0xf0, 0x1f, 0xfc, 0xf,
    0xf0, 0x1e, 0x3c, 0xf, 0xf0, 0x1e, 0x3c, 0xf,
    0xf0, 0x1e, 0x3c, 0xf, 0xf0, 0x1e, 0x3c, 0xf,
    0xf0, 0x1f, 0xf8, 0xf, 0xf0, 0x7, 0xf0, 0xf,
    0xf0, 0xf, 0xfc, 0xf, 0xf0, 0x1e, 0x3c, 0xf,
    0xf0, 0x1e, 0x3c, 0xf, 0xf0, 0x1e, 0x3c, 0xf,
    0xf0, 0x1e, 0x3c, 0xf, 0xf0, 0x1f, 0xfc, 0xf,
    0xf0, 0xf, 0xf8, 0xf, 0xf0, 0x7, 0xf0, 0xf,
    0xf0, 0x0, 0x0, 0xf, 0xf0, 0x0, 0x0, 0xf,
    0xf0, 0x0, 0x0, 0xf, 0xf0, 0x0, 0x0, 0xf,
    0xff, 0xff, 0xff, 0xff, 0x7f, 0xff, 0xff, 0xfe,
    0x3f, 0xff, 0xff, 0xfc,

    /* U+F03BC "󰎼" */
    0x3f, 0xff, 0xff, 0xfc, 0x7f, 0xff, 0xff, 0xfe,
    0xff, 0xff, 0xff, 0xff, 0xff, 0xff, 0xff, 0xff,
    0xff, 0xff, 0xff, 0xff, 0xff, 0xff, 0xff, 0xff,
    0xff, 0xff, 0xff, 0xff, 0xff, 0xf8, 0x1f, 0xff,
    0xff, 0xf0, 0xf, 0xff, 0xff, 0xe0, 0x7, 0xff,
    0xff, 0xe0, 0x7, 0xff, 0xff, 0xe3, 0xc7, 0xff,
    0xff, 0xe3, 0xc7, 0xff, 0xff, 0xe3, 0xc7, 0xff,
    0xff, 0xe0, 0x7, 0xff, 0xff, 0xe0, 0x7, 0xff,
    0xff, 0xf0, 0x7, 0xff, 0xff, 0xf8, 0x7, 0xff,
    0xff, 0xff, 0xc7, 0xff, 0xff, 0xff, 0xc7, 0xff,
    0xff, 0xff, 0xc7, 0xff, 0xff, 0xe0, 0x7, 0xff,
    0xff, 0xe0, 0x7, 0xff, 0xff, 0xe0, 0xf, 0xff,
    0xff, 0xe0, 0x1f, 0xff, 0xff, 0xff, 0xff, 0xff,
    0xff, 0xff, 0xff, 0xff, 0xff, 0xff, 0xff, 0xff,
    0xff, 0xff, 0xff, 0xff, 0xff, 0xff, 0xff, 0xff,
    0x7f, 0xff, 0xff, 0xfe, 0x3f, 0xff, 0xff, 0xfc,

    /* U+F03BD "󰎽" */
    0x1, 0xff, 0xff, 0xfe, 0x3, 0xff, 0xff, 0xff,
    0x3, 0xff, 0xff, 0xff, 0x3, 0x80, 0x0, 0x7,
    0x3, 0x80, 0x0, 0x7, 0x3, 0x80, 0x0, 0x7,
    0xe3, 0x80, 0xfc, 0x7, 0xe3, 0x81, 0xfe, 0x7,
    0xe3, 0x81, 0xfe, 0x7, 0xe3, 0x81, 0xce, 0x7,
    0xe3, 0x81, 0xce, 0x7, 0xe3, 0x81, 0xce, 0x7,
    0xe3, 0x81, 0xfe, 0x7, 0xe3, 0x81, 0xfe, 0x7,
    0xe3, 0x80, 0xfe, 0x7, 0xe3, 0x80, 0xe, 0x7,
    0xe3, 0x80, 0xe, 0x7, 0xe3, 0x80, 0xe, 0x7,
    0xe3, 0x81, 0xfe, 0x7, 0xe3, 0x81, 0xfe, 0x7,
    0xe3, 0x81, 0xfc, 0x7, 0xe3, 0x80, 0x0, 0x7,
    0xe3, 0x80, 0x0, 0x7, 0xe3, 0x80, 0x0, 0x7,
    0xe3, 0xff, 0xff, 0xff, 0xe3, 0xff, 0xff, 0xff,
    0xe1, 0xff, 0xff, 0xfe, 0xe0, 0x0, 0x0, 0x0,
    0xe0, 0x0, 0x0, 0x0, 0xff, 0xff, 0xff, 0xc0,
    0xff, 0xff, 0xff, 0xc0, 0x7f, 0xff, 0xff, 0xc0,

    /* U+F03BE "󰎾" */
    0x3f, 0xff, 0xff, 0xfc, 0x7f, 0xff, 0xff, 0xfe,
    0xff, 0xff, 0xff, 0xff, 0xf0, 0x0, 0x0, 0xf,
    0xf0, 0x0, 0x0, 0xf, 0xf0, 0x0, 0x0, 0xf,
    0xf0, 0x0, 0x0, 0xf, 0xf0, 0x7, 0xf0, 0xf,
    0xf0, 0xf, 0xf8, 0xf, 0xf0, 0x1f, 0xfc, 0xf,
    0xf0, 0x1e, 0x3c, 0xf, 0xf0, 0x1e, 0x3c, 0xf,
    0xf0, 0x1e, 0x3c, 0xf, 0xf0, 0x1e, 0x3c, 0xf,
    0xf0, 0x1f, 0xfc, 0xf, 0xf0, 0xf, 0xfc, 0xf,
    0xf0, 0x7, 0xfc, 0xf, 0xf0, 0x0, 0x3c, 0xf,
    0xf0, 0x0, 0x3c, 0xf, 0xf0, 0x0, 0x3c, 0xf,
    0xf0, 0x0, 0x3c, 0xf, 0xf0, 0x1f, 0xfc, 0xf,
    0xf0, 0x1f, 0xf8, 0xf, 0xf0, 0x1f, 0xf0, 0xf,
    0xf0, 0x0, 0x0, 0xf, 0xf0, 0x0, 0x0, 0xf,
    0xf0, 0x0, 0x0, 0xf, 0xf0, 0x0, 0x0, 0xf,
    0xff, 0xff, 0xff, 0xff, 0x7f, 0xff, 0xff, 0xfe,
    0x3f, 0xff, 0xff, 0xfc,

    /* U+F03BF "󰎿" */
    0x3f, 0xff, 0xff, 0xfc, 0x7f, 0xff, 0xff, 0xfe,
    0xff, 0xff, 0xff, 0xff, 0xff, 0xff, 0xff, 0xff,
    0xff, 0xff, 0xff, 0xff, 0xff, 0xff, 0xff, 0xff,
    0xff, 0xff, 0xff, 0xff, 0xfe, 0x3, 0xff, 0xff,
    0xfc, 0x1, 0xff, 0xff, 0xf8, 0x0, 0xff, 0xff,
    0xf8, 0x0, 0xff, 0xff, 0xf8, 0x78, 0xfc, 0xff,
    0xf8, 0x78, 0xfc, 0xff, 0xf8, 0x78, 0xfc, 0xff,
    0xf8, 0x0, 0xc0, 0xf, 0xf8, 0x0, 0xc0, 0xf,
    0xfc, 0x0, 0xc0, 0xf, 0xfe, 0x0, 0xc0, 0xf,
    0xff, 0xf8, 0xfc, 0xff, 0xff, 0xf8, 0xfc, 0xff,
    0xff, 0xf8, 0xfc, 0xff, 0xf8, 0x0, 0xff, 0xff,
    0xf8, 0x0, 0xff, 0xff, 0xf8, 0x1, 0xff, 0xff,
    0xf8, 0x3, 0xff, 0xff, 0xff, 0xff, 0xff, 0xff,
    0xff, 0xff, 0xff, 0xff, 0xff, 0xff, 0xff, 0xff,
    0xff, 0xff, 0xff, 0xff, 0xff, 0xff, 0xff, 0xff,
    0x7f, 0xff, 0xff, 0xfe, 0x3f, 0xff, 0xff, 0xfc,

    /* U+F03C0 "󰏀" */
    0x1, 0xff, 0xff, 0xfe, 0x3, 0xff, 0xff, 0xff,
    0x3, 0xff, 0xff, 0xff, 0x3, 0x80, 0x0, 0x7,
    0x3, 0x80, 0x0, 0x7, 0x3, 0x80, 0x0, 0x7,
    0xe3, 0x80, 0x0, 0x7, 0xe3, 0x80, 0x0, 0x7,
    0xe3, 0x87, 0xc0, 0x7, 0xe3, 0x8f, 0xe1, 0xc7,
    0xe3, 0x8f, 0xe1, 0xc7, 0xe3, 0x8e, 0xe1, 0xc7,
    0xe3, 0x8f, 0xef, 0xff, 0xe3, 0x8f, 0xef, 0xff,
    0xe3, 0x83, 0xef, 0xff, 0xe3, 0x80, 0xe1, 0xc7,
    0xe3, 0x8f, 0xe1, 0xc7, 0xe3, 0x8f, 0xe0, 0x7,
    0xe3, 0x8f, 0xc0, 0x7, 0xe3, 0x80, 0x0, 0x7,
    0xe3, 0x80, 0x0, 0x7, 0xe3, 0x80, 0x0, 0x7,
    0xe3, 0x80, 0x0, 0x7, 0xe3, 0x80, 0x0, 0x7,
    0xe3, 0xff, 0xff, 0xff, 0xe3, 0xff, 0xff, 0xff,
    0xe1, 0xff, 0xff, 0xfe, 0xe0, 0x0, 0x0, 0x0,
    0xe0, 0x0, 0x0, 0x0, 0xff, 0xff, 0xff, 0xc0,
    0xff, 0xff, 0xff, 0xc0, 0x7f, 0xff, 0xff, 0xc0,

    /* U+F03C1 "󰏁" */
    0x3f, 0xff, 0xff, 0xfc, 0x7f, 0xff, 0xff, 0xfe,
    0xff, 0xff, 0xff, 0xff, 0xf0, 0x0, 0x0, 0xf,
    0xf0, 0x0, 0x0, 0xf, 0xf0, 0x0, 0x0, 0xf,
    0xf0, 0x0, 0x0, 0xf, 0xf0, 0x0, 0x0, 0xf,
    0xf0, 0x0, 0x0, 0xf, 0xf0, 0x7c, 0x0, 0xf,
    0xf0, 0xfe, 0x7, 0x8f, 0xf1, 0xff, 0x7, 0x8f,
    0xf1, 0xef, 0x7, 0x8f, 0xf1, 0xef, 0x7, 0x8f,
    0xf1, 0xff, 0x7f, 0xff, 0xf1, 0xff, 0x7f, 0xff,
    0xf0, 0xff, 0x7f, 0xff, 0xf0, 0xf, 0x7, 0x8f,
    0xf0, 0xf, 0x7, 0x8f, 0xf1, 0xff, 0x7, 0x8f,
    0xf1, 0xfe, 0x7, 0x8f, 0xf1, 0xfc, 0x0, 0xf,
    0xf0, 0x0, 0x0, 0xf, 0xf0, 0x0, 0x0, 0xf,
    0xf0, 0x0, 0x0, 0xf, 0xf0, 0x0, 0x0, 0xf,
    0xf0, 0x0, 0x0, 0xf, 0xf0, 0x0, 0x0, 0xf,
    0xff, 0xff, 0xff, 0xff, 0x7f, 0xff, 0xff, 0xfe,
    0x3f, 0xff, 0xff, 0xfc,

    /* U+F0403 "󰐃" */
    0x3f, 0xff, 0x87, 0xff, 0xf0, 0xff, 0xfe, 0xf,
    0xff, 0x81, 0xff, 0xf0, 0x3f, 0xfe, 0x7, 0xff,
    0xc0, 0xff, 0xf8, 0x1f, 0xff, 0x3, 0xff, 0xe0,
    0x7f, 0xfc, 0xf, 0xff, 0x81, 0xff, 0xf0, 0x3f,
    0xfe, 0x7, 0xff, 0xc0, 0xff, 0xf8, 0x1f, 0xff,
    0x7, 0xff, 0xf1, 0xff, 0xff, 0x7f, 0xff, 0xff,
    0xff, 0xff, 0xff, 0xff, 0xc0, 0x38, 0x0, 0x7,
    0x0, 0x0, 0xe0, 0x0, 0x1c, 0x0, 0x3, 0x80,
    0x0, 0x70, 0x0, 0xe, 0x0, 0x1, 0xc0, 0x0,
    0x38, 0x0, 0x7, 0x0,

    /* U+F040A "󰐊" */
    0x80, 0x0, 0x0, 0x30, 0x0, 0x0, 0xf, 0x0,
    0x0, 0x3, 0xe0, 0x0, 0x0, 0xfe, 0x0, 0x0,
    0x3f, 0xc0, 0x0, 0xf, 0xfc, 0x0, 0x3, 0xff,
    0xc0, 0x0, 0xff, 0xf8, 0x0, 0x3f, 0xff, 0x80,
    0xf, 0xff, 0xf0, 0x3, 0xff, 0xff, 0x0, 0xff,
    0xff, 0xe0, 0x3f, 0xff, 0xfe, 0xf, 0xff, 0xff,
    0xe3, 0xff, 0xff, 0xfc, 0xff, 0xff, 0xff, 0xbf,
    0xff, 0xff, 0xcf, 0xff, 0xff, 0xc3, 0xff, 0xff,
    0xe0, 0xff, 0xff, 0xe0, 0x3f, 0xff, 0xf0, 0xf,
    0xff, 0xf0, 0x3, 0xff, 0xf0, 0x0, 0xff, 0xf8,
    0x0, 0x3f, 0xf8, 0x0, 0xf, 0xfc, 0x0, 0x3,
    0xfc, 0x0, 0x0, 0xfe, 0x0, 0x0, 0x3e, 0x0,
    0x0, 0xe, 0x0, 0x0, 0x3, 0x0, 0x0, 0x0,

    /* U+F0432 "󰐲" */
    0xff, 0xe0, 0x7, 0xff, 0xff, 0xe0, 0x7, 0xff,
    0xff, 0xe0, 0x7, 0xff, 0xff, 0xe0, 0x7, 0xff,
    0xf1, 0xe3, 0xc7, 0x8f, 0xf1, 0xe3, 0xc7, 0x8f,
    0xf1, 0xe3, 0xc7, 0x8f, 0xff, 0xe3, 0xc7, 0xff,
    0xff, 0xe3, 0xc7, 0xff, 0xff, 0xe3, 0xc7, 0xff,
    0xff, 0xe3, 0xc7, 0xff, 0x0, 0x0, 0x0, 0x0,
    0x0, 0x0, 0x0, 0x0, 0x0, 0x0, 0x0, 0x0,
    0x0, 0x0, 0x0, 0x0, 0xf0, 0x3f, 0xc7, 0x8f,
    0xf0, 0x3f, 0xc7, 0x8f, 0xf0, 0x3f, 0xc7, 0x8f,
    0x0, 0x3, 0xc0, 0x70, 0x0, 0x3, 0xc0, 0x70,
    0x0, 0x3, 0xc0, 0x70, 0x0, 0x3, 0xc0, 0x70,
    0xff, 0xe0, 0x7, 0x8f, 0xff, 0xe0, 0x7, 0x8f,
    0xff, 0xe0, 0x7, 0x8f, 0xf1, 0xe3, 0xff, 0x8f,
    0xf1, 0xe3, 0xff, 0x8f, 0xf1, 0xe3, 0xff, 0x8f,
    0xf1, 0xe3, 0xff, 0x8f, 0xff, 0xe3, 0xc0, 0x70,
    0xff, 0xe3, 0xc0, 0x70, 0xff, 0xe3, 0xc0, 0x70,

    /* U+F0450 "󰑐" */
    0x0, 0xf, 0xf0, 0x1, 0x0, 0x7f, 0xfe, 0x3,
    0x1, 0xff, 0xff, 0x87, 0x3, 0xff, 0xff, 0xcf,
    0x7, 0xf8, 0x1f, 0xff, 0xf, 0xc0, 0x3, 0xff,
    0x1f, 0x80, 0x1, 0xff, 0x3e, 0x0, 0x0, 0xff,
    0x3e, 0x0, 0x1, 0xff, 0x7c, 0x0, 0x3, 0xff,
    0x78, 0x0, 0x7, 0xff, 0x78, 0x0, 0xf, 0xff,
    0xf8, 0x0, 0x1f, 0xff, 0xf0, 0x0, 0x3f, 0xff,
    0xf0, 0x0, 0x0, 0x0, 0xf0, 0x0, 0x0, 0x0,
    0xf0, 0x0, 0x0, 0x0, 0xf0, 0x0, 0x0, 0x0,
    0xf0, 0x0, 0x0, 0x0, 0xf0, 0x0, 0x0, 0x0,
    0x78, 0x0, 0x0, 0x1e, 0x78, 0x0, 0x0, 0x1e,
    0x7c, 0x0, 0x0, 0x3e, 0x3e, 0x0, 0x0, 0x7c,
    0x3e, 0x0, 0x0, 0xf8, 0x1f, 0x80, 0x1, 0xf8,
    0xf, 0xc0, 0x3, 0xf0, 0x7, 0xf0, 0x1f, 0xe0,
    0x3, 0xff, 0xff, 0xc0, 0x1, 0xff, 0xff, 0x80,
    0x0, 0x7f, 0xfe, 0x0, 0x0, 0xf, 0xf0, 0x0,

    /* U+F048B "󰒋" */
    0xff, 0xff, 0xff, 0xff, 0xff, 0xff, 0xff, 0xff,
    0xff, 0xff, 0x8e, 0xff, 0xff, 0xe3, 0xbf, 0xff,
    0xf8, 0xef, 0xff, 0xff, 0xff, 0xff, 0xff, 0xff,
    0xff, 0xff, 0xff, 0xff, 0xff, 0xc0, 0x0, 0x0,
    0x0, 0x0, 0x0, 0x0, 0x0, 0x0, 0x0, 0xff,
    0xff, 0xff, 0xff, 0xff, 0xff, 0xff, 0xff, 0xff,
    0xff, 0x8e, 0xff, 0xff, 0xe3, 0xbf, 0xff, 0xf8,
    0xef, 0xff, 0xff, 0xff, 0xff, 0xff, 0xff, 0xff,
    0xff, 0xff, 0xff, 0xff, 0xc0, 0x0, 0x0, 0x0,
    0x0, 0x0, 0x0, 0x0, 0x0, 0x0, 0xff, 0xff,
    0xff, 0xff, 0xff, 0xff, 0xff, 0xff, 0xff, 0xff,
    0x8e, 0xff, 0xff, 0xe3, 0xbf, 0xff, 0xff, 0xff,
    0xff, 0xff, 0xff, 0xff, 0xff, 0xff, 0xff, 0xff,

    /* U+F04B1 "󰒱" */
    0x0, 0x38, 0x1c, 0x0, 0x0, 0xfe, 0x7e, 0x0,
    0x0, 0xfe, 0x7f, 0x0, 0x0, 0xfe, 0x7f, 0x0,
    0x0, 0xfe, 0x7f, 0x0, 0x0, 0x3e, 0x7f, 0x0,
    0x0, 0x0, 0x7f, 0x0, 0x0, 0x0, 0x7f, 0x0,
    0x7f, 0xfc, 0x7f, 0x1c, 0xff, 0xfe, 0x7f, 0x7f,
    0xff, 0xfe, 0x7f, 0x7f, 0xff, 0xfe, 0x7f, 0x7f,
    0xff, 0xfe, 0x7e, 0x7f, 0x7f, 0xf8, 0x1c, 0x7c,
    0x0, 0x0, 0x0, 0x0, 0x0, 0x0, 0x0, 0x0,
    0x3e, 0x38, 0x1f, 0xfc, 0x7e, 0x7c, 0x3f, 0xfe,
    0xfe, 0xfe, 0x7f, 0xff, 0xfe, 0xfe, 0x7f, 0xff,
    0xfe, 0xfe, 0x7f, 0xff, 0x7c, 0xfe, 0x3f, 0xfe,
    0x38, 0xfe, 0x1f, 0xfc, 0x0, 0xfe, 0x0, 0x0,
    0x0, 0xfe, 0x78, 0x0, 0x0, 0xfe, 0x7e, 0x0,
    0x0, 0xfe, 0x7f, 0x0, 0x0, 0xfe, 0x7f, 0x0,
    0x0, 0xfe, 0x7f, 0x0, 0x0, 0x7c, 0x3e, 0x0,
    0x0, 0x38, 0x1c, 0x0,

    /* U+F04B2 "󰒲" */
    0x0, 0x0, 0x0, 0xff, 0x80, 0x0, 0x0, 0x7f,
    0xc0, 0x0, 0x0, 0x3f, 0xe0, 0x0, 0x0, 0x0,
    0xf0, 0x0, 0x0, 0x0, 0xf0, 0x0, 0x0, 0x0,
    0xe0, 0x0, 0x3f, 0xe1, 0xe0, 0x0, 0x1f, 0xf1,
    0xe0, 0x0, 0x0, 0x78, 0xff, 0x80, 0x0, 0x78,
    0x7f, 0xc0, 0x0, 0x78, 0x3f, 0xff, 0xf0, 0x78,
    0x0, 0xf, 0xf8, 0x78, 0x0, 0x7, 0xfc, 0x78,
    0x0, 0x0, 0x1e, 0x3f, 0xe0, 0x0, 0x1e, 0x1f,
    0xf0, 0x0, 0x1e, 0xf, 0xf8, 0x0, 0x1e, 0x0,
    0x0, 0x0, 0x1e, 0x0, 0x0, 0x0, 0x1e, 0x0,
    0x0, 0x0, 0xf, 0xf8, 0x0, 0x0, 0x7, 0xfc,
    0x0, 0x0, 0x3, 0xfe, 0x0, 0x0, 0x0,

    /* U+F04DB "󰓛" */
    0xff, 0xff, 0xff, 0xff, 0xff, 0xff, 0xff, 0xff,
    0xff, 0xff, 0xff, 0xff, 0xff, 0xff, 0xff, 0xff,
    0xff, 0xff, 0xff, 0xff, 0xff, 0xff, 0xff, 0xff,
    0xff, 0xff, 0xff, 0xff, 0xff, 0xff, 0xff, 0xff,
    0xff, 0xff, 0xff, 0xff, 0xff, 0xff, 0xff, 0xff,
    0xff, 0xff, 0xff, 0xff, 0xff, 0xff, 0xff, 0xff,
    0xff, 0xff, 0xff, 0xff, 0xff, 0xff, 0xff, 0xff,
    0xff, 0xff, 0xff, 0xff, 0xff, 0xff, 0xff, 0xff,
    0xff, 0xff, 0xff, 0xff, 0xff, 0xff, 0xff, 0xff,
    0xff, 0xff, 0xff, 0xff, 0xff, 0xff, 0xff, 0xff,
    0xff, 0xff, 0xff, 0xff, 0xff, 0xff, 0xff, 0xff,
    0xff, 0xff, 0xff, 0xff, 0xff, 0xff, 0xff, 0xff,
    0xff, 0xff, 0xff, 0xff, 0xff, 0xff, 0xff, 0xff,
    0xff, 0xff, 0xff, 0xff, 0xff, 0xff, 0xff, 0xff,
    0xff, 0xff, 0xff, 0xff, 0xff, 0xff, 0xff, 0xff,
    0xff, 0xff, 0xff, 0xff, 0xff, 0xff, 0xff, 0xff,

    /* U+F04E6 "󰓦" */
    0x0, 0x10, 0x0, 0x0, 0x60, 0x0, 0x1, 0xc0,
    0x0, 0x7, 0x80, 0x0, 0x1f, 0xe0, 0x0, 0x7f,
    0xf0, 0x0, 0x7f, 0xf8, 0x0, 0x79, 0xf8, 0x0,
    0x70, 0xf8, 0x0, 0x60, 0x71, 0x80, 0x40, 0xf3,
    0x80, 0x0, 0xef, 0x0, 0x1, 0xfc, 0x0, 0x1,
    0xf8, 0x0, 0x3, 0xf0, 0x0, 0x7, 0xe0, 0x0,
    0xf, 0xc0, 0x0, 0x1f, 0xc0, 0x0, 0x7b, 0x80,
    0x0, 0xe7, 0x81, 0x0, 0xc7, 0x3, 0x0, 0xf,
    0x87, 0x0, 0xf, 0xcf, 0x0, 0xf, 0xff, 0x0,
    0x7, 0xff, 0x0, 0x3, 0xfc, 0x0, 0x0, 0xf0,
    0x0, 0x1, 0xc0, 0x0, 0x3, 0x0, 0x0, 0x4,
    0x0, 0x0,

    /* U+F050F "󰔏" */
    0x3, 0xe0, 0x3, 0xf8, 0x1, 0xfc, 0x1, 0xc7,
    0x0, 0xe3, 0x80, 0x71, 0xc0, 0x38, 0xe0, 0x1c,
    0x70, 0xe, 0x38, 0x7, 0x1c, 0x3, 0xfe, 0x1,
    0xff, 0x0, 0xff, 0x80, 0x7f, 0xc0, 0x3f, 0xe0,
    0x1f, 0xf0, 0xf, 0xf8, 0x7, 0xfc, 0x7, 0xff,
    0x7, 0xff, 0xc3, 0xff, 0xe3, 0xff, 0xf9, 0xff,
    0xfc, 0xff, 0xfe, 0x7f, 0xff, 0x3f, 0xff, 0x9f,
    0xff, 0xc7, 0xff, 0xc3, 0xff, 0xe0, 0xff, 0xe0,
    0x3f, 0xe0, 0x7, 0xc0,

    /* U+F052C "󰔬" */
    0x1, 0xff, 0xf8, 0x3, 0xff, 0xff, 0xe0, 0xff,
    0xff, 0xfe, 0x3f, 0xff, 0xff, 0xef, 0xff, 0xff,
    0xff, 0xff, 0xff, 0xff, 0xf8, 0x7, 0x80, 0x3f,
    0x0, 0xf0, 0x7, 0xe0, 0x1e, 0x0, 0xfc, 0x3,
    0xc0, 0x1f, 0x80, 0x78, 0x3, 0xf0, 0xf, 0x0,
    0x7e, 0x1, 0xe0, 0xf, 0xff, 0xff, 0xff, 0xff,
    0xff, 0xff, 0xff, 0xff, 0xff, 0xff, 0xff, 0xff,
    0xff, 0xff, 0xff, 0xff, 0xff, 0xff, 0xff, 0xff,
    0xff, 0xff, 0xff, 0xff, 0x1f, 0xfe, 0x1f, 0xc1,
    0xff, 0x81, 0xf8, 0x3f, 0xf0, 0x3f, 0x7, 0xfe,
    0x7, 0xf1, 0xff, 0xe1, 0xef, 0xff, 0xff, 0xf8,
    0xff, 0xff, 0xfe, 0xf, 0xff, 0xff, 0x80, 0x7c,
    0x7, 0xc0, 0x1f, 0x0, 0x7c, 0x7, 0xc0, 0x7,
    0xc0,

    /* U+F052D "󰔭" */
    0x1f, 0xff, 0xe0, 0x7f, 0xff, 0x80, 0x3, 0x80,
    0x0, 0xe, 0x0, 0xf, 0xff, 0xc0, 0xff, 0xff,
    0xc7, 0xff, 0xff, 0xbf, 0xff, 0xff, 0xff, 0xff,
    0xff, 0xff, 0xff, 0xfe, 0x0, 0x1, 0xf8, 0x0,
    0x7, 0xe0, 0x0, 0x1f, 0x80, 0x0, 0x7e, 0x0,
    0x1, 0xf8, 0x0, 0x7, 0xe0, 0x0, 0x1f, 0x80,
    0x0, 0x7e, 0x0, 0x1, 0xff, 0xff, 0xff, 0xff,
    0xff, 0xff, 0xff, 0x3f, 0xff, 0xf8, 0x7f, 0xff,
    0xe1, 0xff, 0xff, 0x87, 0xfd, 0xff, 0x3f, 0xf7,
    0xff, 0xff, 0x87, 0xff, 0xfc, 0x1f, 0x1, 0xe0,
    0xf8, 0x3, 0xc3, 0xc0, 0x7, 0x0,

    /* U+F056E "󰕮" */
    0xff, 0xfc, 0x3f, 0xff, 0xff, 0xfc, 0x3f, 0xff,
    0xff, 0xfc, 0x3f, 0xff, 0xff, 0xfc, 0x3f, 0xff,
    0xff, 0xfc, 0x3f, 0xff, 0xff, 0xfc, 0x3f, 0xff,
    0xff, 0xfc, 0x3f, 0xff, 0xff, 0xfc, 0x3f, 0xff,
    0xff, 0xfc, 0x3f, 0xff, 0xff, 0xfc, 0x3f, 0xff,
    0xff, 0xfc, 0x0, 0x0, 0xff, 0xfc, 0x0, 0x0,
    0xff, 0xfc, 0x0, 0x0, 0xff, 0xfc, 0x0, 0x0,
    0xff, 0xfc, 0x3f, 0xff, 0xff, 0xfc, 0x3f, 0xff,
    0xff, 0xfc, 0x3f, 0xff, 0xff, 0xfc, 0x3f, 0xff,
    0x0, 0x0, 0x3f, 0xff, 0x0, 0x0, 0x3f, 0xff,
    0x0, 0x0, 0x3f, 0xff, 0xff, 0xfc, 0x3f, 0xff,
    0xff, 0xfc, 0x3f, 0xff, 0xff, 0xfc, 0x3f, 0xff,
    0xff, 0xfc, 0x3f, 0xff, 0xff, 0xfc, 0x3f, 0xff,
    0xff, 0xfc, 0x3f, 0xff, 0xff, 0xfc, 0x3f, 0xff,
    0xff, 0xfc, 0x3f, 0xff, 0xff, 0xfc, 0x3f, 0xff,
    0xff, 0xfc, 0x3f, 0xff, 0xff, 0xfc, 0x3f, 0xff,

    /* U+F0570 "󰕰" */
    0xff, 0xfc, 0x3f, 0xff, 0xff, 0xfc, 0x3f, 0xff,
    0xff, 0xfc, 0x3f, 0xff, 0xff, 0xfc, 0x3f, 0xff,
    0xff, 0xfc, 0x3f, 0xff, 0xff, 0xfc, 0x3f, 0xff,
    0xff, 0xfc, 0x3f, 0xff, 0xff, 0xfc, 0x3f, 0xff,
    0xff, 0xfc, 0x3f, 0xff, 0xff, 0xfc, 0x3f, 0xff,
    0xff, 0xfc, 0x3f, 0xff, 0xff, 0xfc, 0x3f, 0xff,
    0xff, 0xfc, 0x3f, 0xff, 0xff, 0xfc, 0x3f, 0xff,
    0x0, 0x0, 0x0, 0x0, 0x0, 0x0, 0x0, 0x0,
    0x0, 0x0, 0x0, 0x0, 0xff, 0xfc, 0x3f, 0xff,
    0xff, 0xfc, 0x3f, 0xff, 0xff, 0xfc, 0x3f, 0xff,
    0xff, 0xfc, 0x3f, 0xff, 0xff, 0xfc, 0x3f, 0xff,
    0xff, 0xfc, 0x3f, 0xff, 0xff, 0xfc, 0x3f, 0xff,
    0xff, 0xfc, 0x3f, 0xff, 0xff, 0xfc, 0x3f, 0xff,
    0xff, 0xfc, 0x3f, 0xff, 0xff, 0xfc, 0x3f, 0xff,
    0xff, 0xfc, 0x3f, 0xff, 0xff, 0xfc, 0x3f, 0xff,
    0xff, 0xfc, 0x3f, 0xff,

    /* U+F0574 "󰕴" */
    0xff, 0x9f, 0xff, 0xff, 0xff, 0x9f, 0xff, 0xff,
    0xff, 0x9f, 0xff, 0xff, 0xff, 0x9f, 0xff, 0xff,
    0xff, 0x9f, 0xff, 0xff, 0xff, 0x9f, 0xff, 0xff,
    0xff, 0x9f, 0xff, 0xff, 0xff, 0x9f, 0xff, 0xff,
    0xff, 0x9f, 0xff, 0xff, 0xff, 0x9f, 0xff, 0xff,
    0xff, 0x9f, 0xff, 0xff, 0xff, 0x80, 0x0, 0x0,
    0xff, 0x80, 0x0, 0x0, 0xff, 0x9f, 0xfb, 0xff,
    0xff, 0x9f, 0xfb, 0xff, 0xff, 0x9f, 0xfb, 0xff,
    0xff, 0x9f, 0xfb, 0xff, 0xff, 0x9f, 0xfb, 0xff,
    0xff, 0x9f, 0xfb, 0xff, 0xff, 0x9f, 0xfb, 0xff,
    0xff, 0x9f, 0xfb, 0xff, 0xff, 0x9f, 0xfb, 0xff,
    0xff, 0x9f, 0xfb, 0xff, 0xff, 0x9f, 0xfb, 0xff,

    /* U+F05A9 "󰖩" */
    0x0, 0x1f, 0xf8, 0x0, 0x1, 0xff, 0xff, 0x80,
    0xf, 0xff, 0xff, 0xf0, 0x3f, 0xff, 0xff, 0xfc,
    0x7f, 0xf0, 0xf, 0xfe, 0xff, 0x0, 0x0, 0xff,
    0x7c, 0x0, 0x0, 0x3e, 0x38, 0x0, 0x0, 0x1c,
    0x20, 0x0, 0x0, 0x4, 0x0, 0xf, 0xf0, 0x0,
    0x0, 0xff, 0xfe, 0x0, 0x3, 0xff, 0xff, 0xc0,
    0x3, 0xff, 0xff, 0xc0, 0x3, 0xf0, 0xf, 0xc0,
    0x1, 0xc0, 0x3, 0x80, 0x0, 0x0, 0x0, 0x0,
    0x0, 0x0, 0x0, 0x0, 0x0, 0x0, 0x0, 0x0,
    0x0, 0xf, 0xf0, 0x0, 0x0, 0x1f, 0xf8, 0x0,
    0x0, 0xf, 0xf0, 0x0, 0x0, 0xf, 0xf0, 0x0,
    0x0, 0x7, 0xe0, 0x0, 0x0, 0x3, 0xc0, 0x0,
    0x0, 0x1, 0x80, 0x0, 0x0, 0x1, 0x80, 0x0,

    /* U+F05AA "󰖪" */
    0x60, 0x1f, 0xf8, 0x0, 0xf1, 0xff, 0xff, 0x80,
    0x78, 0xff, 0xff, 0xf0, 0x3c, 0x7f, 0xff, 0xfc,
    0x7e, 0x10, 0x7, 0xfe, 0x7f, 0x0, 0x0, 0xff,
    0x3f, 0x80, 0x0, 0x3e, 0x33, 0xc0, 0x0, 0xc,
    0x1, 0xe1, 0x80, 0x0, 0x0, 0xf0, 0xfc, 0x0,
    0x0, 0xf8, 0x7f, 0x0, 0x3, 0xfc, 0x3f, 0xc0,
    0x3, 0xfe, 0x1f, 0xc0, 0x1, 0xff, 0xf, 0xc0,
    0x0, 0xc7, 0x81, 0x80, 0x0, 0x3, 0xc0, 0x0,
    0x0, 0x1, 0xe0, 0x0, 0x0, 0x1, 0xf0, 0x0,
    0x0, 0xf, 0xf8, 0x0, 0x0, 0x1f, 0xfc, 0x0,
    0x0, 0xf, 0xfe, 0x0, 0x0, 0x7, 0xff, 0x0,
    0x0, 0x7, 0xe7, 0x80, 0x0, 0x3, 0xc3, 0xc0,
    0x0, 0x1, 0x81, 0xc0, 0x0, 0x0, 0x80, 0x80,

    /* U+F0666 "󰙦" */
    0x0, 0xf, 0xf0, 0x0, 0x0, 0x7f, 0xfe, 0x0,
    0x1, 0xff, 0xff, 0x80, 0x3, 0xff, 0xff, 0xc0,
    0x7, 0xff, 0xff, 0xe0, 0xf, 0xff, 0xff, 0xf0,
    0x1f, 0xff, 0xff, 0xf8, 0x3f, 0xff, 0xff, 0xfc,
    0x3f, 0xff, 0xff, 0xfc, 0x7f, 0xff, 0xff, 0xfe,
    0x7f, 0xff, 0xff, 0xfe, 0x7f, 0xe0, 0x7, 0xfe,
    0xff, 0xe0, 0x7, 0xff, 0xff, 0xe0, 0x7, 0xff,
    0xff, 0xe0, 0x7, 0xff, 0xff, 0xe0, 0x7, 0xff,
    0xff, 0xe0, 0x7, 0xff, 0xff, 0xe0, 0x7, 0xff,
    0xff, 0xe0, 0x7, 0xff, 0x7f, 0xe0, 0x7, 0xfe,
    0x7f, 0xff, 0xff, 0xfe, 0x7f, 0xff, 0xff, 0xfe,
    0x3f, 0xff, 0xff, 0xfc, 0x3f, 0xff, 0xff, 0xfc,
    0x1f, 0xff, 0xff, 0xf8, 0xf, 0xff, 0xff, 0xf0,
    0x7, 0xff, 0xff, 0xe0, 0x3, 0xff, 0xff, 0xc0,
    0x1, 0xff, 0xff, 0x80, 0x0, 0x7f, 0xfe, 0x0,
    0x0, 0xf, 0xf0, 0x0,

    /* U+F0667 "󰙧" */
    0x0, 0xf, 0xf0, 0x0, 0x0, 0x7f, 0xfe, 0x0,
    0x1, 0xff, 0xff, 0x80, 0x3, 0xf0, 0xf, 0xc0,
    0x7, 0xc0, 0x3, 0xe0, 0xf, 0x0, 0x0, 0xf0,
    0x1e, 0x0, 0x0, 0x78, 0x3c, 0x0, 0x0, 0x3c,
    0x38, 0x0, 0x0, 0x1c, 0x78, 0x0, 0x0, 0x1e,
    0x70, 0x0, 0x0, 0xe, 0x70, 0x0, 0x0, 0xe,
    0xe0, 0x1f, 0xf8, 0x7, 0xe0, 0x1f, 0xf8, 0x7,
    0xe0, 0x1f, 0xf8, 0x7, 0xe0, 0x1f, 0xf8, 0x7,
    0xe0, 0x1f, 0xf8, 0x7, 0xe0, 0x1f, 0xf8, 0x7,
    0xe0, 0x1f, 0xf8, 0x7, 0xe0, 0x1f, 0xf8, 0x7,
    0x70, 0x1f, 0xf8, 0xe, 0x70, 0x0, 0x0, 0xe,
    0x78, 0x0, 0x0, 0x1e, 0x38, 0x0, 0x0, 0x1c,
    0x3c, 0x0, 0x0, 0x3c, 0x1e, 0x0, 0x0, 0x78,
    0xf, 0x0, 0x0, 0xf0, 0x7, 0xc0, 0x3, 0xe0,
    0x3, 0xf0, 0xf, 0xc0, 0x1, 0xff, 0xff, 0x80,
    0x0, 0x7f, 0xfe, 0x0, 0x0, 0xf, 0xf0, 0x0,

    /* U+F07D0 "󰟐" */
    0x0, 0x0, 0x0, 0x0, 0x0, 0x3, 0x80, 0x0,
    0x0, 0x7, 0xc0, 0x0, 0x0, 0xf, 0xe0, 0x0,
    0x0, 0x1f, 0xf0, 0x0, 0x0, 0x3f, 0xf8, 0x0,
    0x0, 0x7c, 0x3d, 0xe0, 0x0, 0xfc, 0x9f, 0xe0,
    0x1, 0xf9, 0xdf, 0xe0, 0x3, 0xfd, 0xdf, 0xe0,
    0x7, 0xfc, 0x1f, 0xe0, 0xf, 0xfe, 0x3f, 0xf0,
    0x1f, 0xfe, 0x3f, 0xf8, 0x3f, 0x1e, 0x38, 0x7c,
    0x7c, 0x6, 0x30, 0x3e, 0xfc, 0xe6, 0x37, 0x3f,
    0xc, 0xe6, 0x37, 0x30, 0xc, 0x6, 0x30, 0x30,
    0xf, 0x2, 0x20, 0xf0, 0xf, 0xe0, 0x7, 0xf0,
    0xf, 0xf0, 0xf, 0xf0, 0xf, 0xf8, 0x1f, 0xf0,
    0xf, 0xfc, 0x3f, 0xf0, 0xf, 0xfe, 0x3f, 0xf0,
    0xf, 0xfe, 0x3f, 0xf0, 0xf, 0xfe, 0x3f, 0xf0,
    0xf, 0xfe, 0x3f, 0xf0, 0xf, 0xfe, 0x3f, 0xf0,

    /* U+F07D1 "󰟑" */
    0x0, 0x1, 0x80, 0x0, 0x0, 0x3, 0xc0, 0x0,
    0x0, 0x7, 0xe0, 0x0, 0x0, 0xf, 0xf0, 0x0,
    0x0, 0x1f, 0xf8, 0x0, 0x0, 0x3f, 0xfc, 0x0,
    0x0, 0x7f, 0xfe, 0x0, 0x0, 0xff, 0xff, 0x0,
    0x1, 0xff, 0xff, 0x80, 0x7, 0xfc, 0x3f, 0xe0,
    0xf, 0xc0, 0x3, 0xf0, 0x1f, 0x0, 0x0, 0xf8,
    0x3e, 0xf, 0xf0, 0x7c, 0x7e, 0x3f, 0xfc, 0x7e,
    0x7, 0xf8, 0x1f, 0xe0, 0x7, 0xe0, 0x7, 0xe0,
    0x7, 0xc0, 0x3, 0xe0, 0x7, 0xe7, 0xe7, 0xe0,
    0x7, 0xff, 0xff, 0xe0, 0x7, 0xfc, 0x3f, 0xe0,
    0x7, 0xf8, 0x1f, 0xe0, 0x7, 0xf8, 0x1f, 0xe0,
    0x7, 0xf8, 0x1f, 0xe0, 0x7, 0xf8, 0x1f, 0xe0,
    0x7, 0xfc, 0x3f, 0xe0, 0x7, 0xff, 0xff, 0xe0,
    0x7, 0xff, 0xff, 0xe0,

    /* U+F07DC "󰟜" */
    0x7, 0xff, 0xff, 0x3, 0xff, 0xff, 0xf1, 0xff,
    0xff, 0xfc, 0x7c, 0x63, 0x1f, 0x1f, 0x18, 0xc7,
    0xc7, 0xc6, 0x31, 0xf1, 0xf1, 0x8c, 0x7c, 0x7c,
    0x63, 0x1f, 0x1f, 0x18, 0xc7, 0xc7, 0xc6, 0x31,
    0xf1, 0xff, 0xff, 0xfc, 0x7f, 0xff, 0xff, 0x1f,
    0xff, 0xff, 0xc7, 0xff, 0xff, 0xf1, 0xff, 0xff,
    0xfc, 0xff, 0xff, 0xff, 0x7f, 0xff, 0xff, 0xff,
    0xff, 0xff, 0xff, 0xff, 0xff, 0xff, 0xff, 0xff,
    0xff, 0xff, 0xff, 0xff, 0xff, 0xff, 0xff, 0xff,
    0xff, 0xff, 0xff, 0xff, 0xff, 0xff, 0xff, 0xff,
    0xff, 0xff, 0xff, 0xff, 0xff, 0xff, 0xff, 0xff,
    0xff, 0xff, 0xff, 0xff, 0xff, 0xff, 0xff, 0xff,
    0xff, 0xff, 0xff, 0xff, 0xfd, 0xff, 0xff, 0xfe,

    /* U+F07E4 "󰟤" */
    0x3f, 0x87, 0xf0, 0x0, 0x7f, 0x8f, 0xf8, 0x0,
    0xff, 0x9f, 0xfc, 0x0, 0xf0, 0x1e, 0x3c, 0x0,
    0xf0, 0x1e, 0x3c, 0x0, 0xf0, 0x1e, 0x3c, 0x0,
    0xf0, 0x1e, 0x3c, 0xfe, 0xf0, 0x1e, 0x3c, 0xff,
    0xf0, 0x1e, 0x3c, 0x7, 0xf0, 0x1e, 0x3c, 0x7,
    0xf0, 0x1e, 0x3c, 0x7, 0xf0, 0x1e, 0x3c, 0x7f,
    0xf0, 0x1e, 0x3c, 0xff, 0xf0, 0x1e, 0x3c, 0xfe,
    0xff, 0x9f, 0xfc, 0xe0, 0xff, 0x9f, 0xfc, 0xe0,
    0x7f, 0x8f, 0xf8, 0xe0, 0x3f, 0x87, 0xf0, 0xff,
    0x0, 0x0, 0x0, 0xff, 0x0, 0x0, 0x0, 0xff,

    /* U+F081F "󰠟" */
    0x0, 0x0, 0x7c, 0x0, 0x0, 0x0, 0x7c, 0x0,
    0x0, 0x0, 0x7c, 0x0, 0x0, 0x0, 0x7c, 0x0,
    0x0, 0x0, 0x7c, 0x0, 0x0, 0x0, 0x7c, 0x0,
    0x0, 0x0, 0x7c, 0x0, 0x0, 0xf8, 0x7c, 0x0,
    0x0, 0xf8, 0x7c, 0x0, 0x0, 0xf8, 0x7c, 0x0,
    0x0, 0xf8, 0x7c, 0x0, 0x0, 0xf8, 0x7c, 0x0,
    0x0, 0xf8, 0x7c, 0x0, 0x0, 0xf8, 0x7c, 0x0,
    0xf8, 0xf8, 0x7c, 0xff, 0xf8, 0xf8, 0x7c, 0x7f,
    0xf8, 0xf8, 0x7c, 0x3f, 0xf8, 0xf8, 0x7c, 0x3f,
    0xf8, 0xd8, 0x78, 0x7f, 0xf8, 0x8, 0x70, 0xff,
    0xf8, 0x0, 0x61, 0xf3, 0xf8, 0x0, 0x43, 0xe1,
    0xf8, 0x30, 0x7, 0xc0, 0xf0, 0x78, 0xf, 0x80,
    0xe0, 0xfc, 0x1f, 0x0, 0xc1, 0xff, 0x3e, 0x0,
    0x87, 0xdf, 0xfc, 0x0, 0xf, 0x8f, 0xf8, 0x0,
    0x1f, 0x3, 0xf0, 0x0, 0x3e, 0x1, 0xe0, 0x0,
    0x7c, 0x0, 0xc0, 0x0, 0xf8, 0x0, 0x0, 0x0,

    /* U+F0820 "󰠠" */
    0x0, 0xf, 0xf0, 0x0, 0x0, 0x7f, 0xfe, 0x0,
    0x1, 0xff, 0xff, 0x80, 0x3, 0xff, 0xff, 0xc0,
    0x7, 0xff, 0xbf, 0xe0, 0xf, 0xff, 0xbf, 0xf0,
    0x1f, 0xff, 0x3f, 0xf8, 0x3f, 0xff, 0x3f, 0xfc,
    0x3f, 0xfe, 0x3f, 0xfc, 0x7f, 0xfc, 0x3f, 0xfe,
    0x7f, 0xfc, 0x3f, 0xfe, 0xff, 0xf8, 0x3f, 0xfe,
    0xff, 0xf8, 0x3f, 0xff, 0xff, 0xf0, 0x1, 0xff,
    0xff, 0xf0, 0x3, 0xff, 0xff, 0xe0, 0x3, 0xff,
    0xff, 0xc0, 0x7, 0xff, 0xff, 0xc0, 0x7, 0xff,
    0xff, 0xfe, 0xf, 0xff, 0xff, 0xfe, 0xf, 0xfe,
    0x7f, 0xfe, 0x1f, 0xfe, 0x7f, 0xfe, 0x1f, 0xfe,
    0x3f, 0xfe, 0x3f, 0xfc, 0x3f, 0xfe, 0x7f, 0xfc,
    0x1f, 0xfe, 0x7f, 0xf8, 0xf, 0xfe, 0xff, 0xf0,
    0x7, 0xfe, 0xff, 0xe0, 0x3, 0xff, 0xff, 0xc0,
    0x1, 0xff, 0xff, 0x80, 0x0, 0x7f, 0xfe, 0x0,
    0x0, 0xf, 0xf0, 0x0,

    /* U+F0843 "󰡃" */
    0xff, 0xdf, 0xfb, 0xff, 0xff, 0xdf, 0xfb, 0xff,
    0xff, 0xdf, 0xfb, 0xff, 0xff, 0xdf, 0xfb, 0xff,
    0xff, 0xdf, 0xfb, 0xff, 0xff, 0xdf, 0xfb, 0xff,
    0xff, 0xdf, 0xfb, 0xff, 0xff, 0xdf, 0xfb, 0xff,
    0xff, 0xc0, 0x3, 0xff, 0xff, 0xdf, 0xfb, 0xff,
    0xff, 0xdf, 0xfb, 0xff, 0xff, 0xdf, 0xfb, 0xff,
    0xff, 0xdf, 0xfb, 0xff, 0xff, 0xdf, 0xfb, 0xff,
    0xff, 0xdf, 0xf8, 0x0, 0xff, 0xdf, 0xf8, 0x0,
    0xff, 0xdf, 0xfb, 0xff, 0xff, 0xdf, 0xfb, 0xff,
    0xff, 0xdf, 0xfb, 0xff, 0xff, 0xdf, 0xfb, 0xff,
    0xff, 0xdf, 0xfb, 0xff, 0xff, 0xdf, 0xfb, 0xff,

    /* U+F08A7 "󰢧" */
    0x7, 0x0, 0x7, 0x0, 0x1c, 0x0, 0x1c, 0x0,
    0x70, 0x0, 0x70, 0x1f, 0xff, 0xff, 0xf8, 0xff,
    0xff, 0xff, 0xf3, 0xff, 0xff, 0xff, 0xef, 0xff,
    0xff, 0xff, 0xbf, 0xff, 0xff, 0xfe, 0xff, 0xff,
    0xff, 0xfb, 0xff, 0xff, 0xff, 0xef, 0xff, 0xff,
    0xff, 0xb8, 0x0, 0x0, 0xe, 0xe0, 0x0, 0x0,
    0x3b, 0x80, 0x0, 0x0, 0xe, 0x0, 0x0, 0x0,
    0x38, 0x0, 0x0, 0x0, 0xe0, 0x0, 0x0, 0x13,
    0x80, 0x0, 0x0, 0xfe, 0x0, 0x0, 0x3, 0xf8,
    0x0, 0x0, 0x67, 0xe0, 0x0, 0x3, 0xcb, 0x80,
    0x0, 0x1f, 0xce, 0x0, 0x0, 0xfe, 0x38, 0x0,
    0x7, 0xf0, 0xe0, 0x0, 0x3f, 0x83, 0x80, 0x1,
    0xfc, 0xe, 0x0, 0xf, 0xe0, 0x38, 0x0, 0x7e,
    0x0, 0xff, 0xe3, 0xf0, 0x3, 0xff, 0x8f, 0x80,
    0x7, 0xfe, 0x3c, 0x0, 0x0,

    /* U+F08C4 "󰣄" */
    0x3, 0xff, 0xe0, 0xf, 0xff, 0xfe, 0x1f, 0xff,
    0xff, 0xcf, 0xff, 0xff, 0xef, 0xff, 0xff, 0xff,
    0xff, 0xff, 0xff, 0x80, 0x0, 0xf, 0xc0, 0x0,
    0x7, 0xe0, 0x0, 0x3, 0xf0, 0x0, 0x1, 0xf8,
    0x0, 0x0, 0xfc, 0x0, 0x0, 0x7e, 0x0, 0x0,
    0x3f, 0x0, 0x0, 0x1f, 0xff, 0xff, 0xff, 0xff,
    0xff, 0xff, 0xff, 0xff, 0xff, 0xff, 0xff, 0xff,
    0xff, 0xff, 0xff, 0xff, 0xfc, 0x7f, 0xff, 0xfc,
    0x1f, 0xff, 0xfc, 0x7, 0xff, 0xfe, 0x3, 0xff,
    0xff, 0x83, 0xff, 0xff, 0xe3, 0xff, 0xbf, 0xff,
    0xff, 0x9f, 0xff, 0xff, 0xc7, 0xff, 0xff, 0xc0,
    0x7f, 0xff, 0x0, 0x7f, 0xff, 0xc0, 0x7f, 0xff,
    0xf0,

    /* U+F08CA "󰣊" */
    0x0, 0x0, 0x1f, 0x80, 0x0, 0x0, 0x7f, 0xe0,
    0x0, 0x1, 0xff, 0xf0, 0x0, 0x3, 0xe0, 0xf8,
    0x0, 0x3, 0x80, 0x3c, 0x3, 0xff, 0x6, 0x1e,
    0x3f, 0xff, 0x6, 0xe, 0x7f, 0xfe, 0x6, 0xf,
    0xff, 0xfe, 0x6, 0x7, 0xff, 0xfe, 0x6, 0x7,
    0xff, 0xfe, 0x6, 0x7, 0xe0, 0x1e, 0x6, 0x7,
    0xe0, 0xe, 0x7, 0x87, 0xe0, 0xe, 0x3, 0xcf,
    0xe0, 0xf, 0x0, 0xce, 0xe0, 0x7, 0x0, 0x1e,
    0xe0, 0x7, 0x80, 0x3c, 0xe0, 0x3, 0xe0, 0xf8,
    0xff, 0xff, 0xff, 0xf0, 0xff, 0xff, 0xff, 0xe0,
    0xff, 0xff, 0xff, 0x0, 0xff, 0xff, 0xfe, 0x0,
    0xf3, 0xff, 0x8e, 0x0, 0xe1, 0xff, 0xe, 0x0,
    0xe1, 0xff, 0x6, 0x0, 0xe1, 0xff, 0xe, 0x0,
    0xf3, 0xff, 0x8e, 0x0, 0xff, 0xff, 0xfe, 0x0,
    0x7f, 0xff, 0xfc, 0x0, 0x3f, 0xff, 0xfc, 0x0,
    0x3c, 0x0, 0x3c, 0x0, 0x3c, 0x0, 0x3c, 0x0,
    0x38, 0x0, 0x3c, 0x0,

    /* U+F0A1D "󰨝" */
    0xff, 0xfe, 0x3f, 0xff, 0xff, 0xfe, 0x3f, 0xff,
    0xff, 0xfe, 0x3f, 0xff, 0xf0, 0x1e, 0x3c, 0xf,
    0xf0, 0x1e, 0x3c, 0xf, 0xf0, 0x1e, 0x3c, 0xf,
    0xf0, 0x1e, 0x3c, 0xf, 0xf0, 0x1e, 0x3f, 0xff,
    0xf0, 0x1e, 0x3f, 0xff, 0xf0, 0x1e, 0x3f, 0xff,
    0xf0, 0x1e, 0x0, 0x0, 0xf0, 0x1e, 0x0, 0x0,
    0xf0, 0x1e, 0x0, 0x0, 0xf0, 0x1e, 0x0, 0x0,
    0xff, 0xfe, 0x3f, 0xff, 0xff, 0xfe, 0x3f, 0xff,
    0xff, 0xfe, 0x3f, 0xff, 0x0, 0x0, 0x3c, 0xf,
    0x0, 0x0, 0x3c, 0xf, 0x0, 0x0, 0x3c, 0xf,
    0x0, 0x0, 0x3c, 0xf, 0xff, 0xfe, 0x3c, 0xf,
    0xff, 0xfe, 0x3c, 0xf, 0xff, 0xfe, 0x3c, 0xf,
    0xf0, 0x1e, 0x3c, 0xf, 0xf0, 0x1e, 0x3c, 0xf,
    0xf0, 0x1e, 0x3c, 0xf, 0xf0, 0x1e, 0x3c, 0xf,
    0xff, 0xfe, 0x3f, 0xff, 0xff, 0xfe, 0x3f, 0xff,
    0xff, 0xfe, 0x3f, 0xff,

    /* U+F0A31 "󰨱" */
    0x7, 0x0, 0x7, 0x0, 0x38, 0x0, 0x38, 0x1,
    0xc0, 0x1, 0xc0, 0xff, 0xff, 0xff, 0xcf, 0xff,
    0xff, 0xff, 0xff, 0xff, 0xff, 0xff, 0xff, 0xff,
    0xff, 0xff, 0xff, 0xff, 0xff, 0xff, 0xff, 0xff,
    0xff, 0xff, 0xff, 0xff, 0xff, 0xff, 0xff, 0xff,
    0xc0, 0x0, 0x0, 0x7e, 0x0, 0x70, 0x3, 0xf0,
    0x3, 0x80, 0x1f, 0x80, 0x1c, 0x0, 0xfc, 0x0,
    0xe0, 0x7, 0xe0, 0x7, 0x0, 0x3f, 0x0, 0x38,
    0x1, 0xf8, 0x1, 0xc0, 0xf, 0xc0, 0xe, 0x0,
    0x7e, 0x0, 0x0, 0x3, 0xf0, 0x0, 0x0, 0x1f,
    0x80, 0x0, 0x0, 0xfc, 0x0, 0x0, 0x7, 0xe0,
    0x7, 0x0, 0x3f, 0x0, 0x38, 0x1, 0xf8, 0x1,
    0xc0, 0xf, 0xc0, 0x0, 0x0, 0x7f, 0xff, 0xff,
    0xff, 0xff, 0xff, 0xff, 0xfd, 0xff, 0xff, 0xff,
    0xc0,

    /* U+F0A99 "󰪙" */
    0x0, 0x0, 0x1f, 0x80, 0x0, 0x0, 0x7f, 0xe0,
    0x0, 0x1, 0xff, 0xf0, 0x0, 0x3, 0xe0, 0xf8,
    0x0, 0x3, 0x80, 0x3c, 0x7, 0xff, 0x6, 0x1e,
    0x3f, 0xff, 0x6, 0xe, 0x7f, 0xfe, 0x6, 0xf,
    0xff, 0xfe, 0x6, 0x7, 0xff, 0xfe, 0x6, 0x7,
    0xff, 0xfe, 0x6, 0x7, 0xe0, 0x1e, 0x6, 0x7,
    0xe0, 0xe, 0x0, 0x7, 0xe0, 0xe, 0x6, 0xf,
    0xe0, 0xf, 0x6, 0xe, 0xe0, 0x7, 0x6, 0x1e,
    0xe0, 0x7, 0x80, 0x3c, 0xe0, 0x3, 0xe0, 0xf8,
    0xff, 0xff, 0xff, 0xf0, 0xff, 0xff, 0xff, 0xe0,
    0xff, 0xff, 0xff, 0x0, 0xff, 0xff, 0xfe, 0x0,
    0xf3, 0xff, 0x8e, 0x0, 0xe1, 0xff, 0x6, 0x0,
    0xe1, 0xff, 0x6, 0x0, 0xf3, 0xff, 0x8e, 0x0,
    0xff, 0xff, 0xfe, 0x0, 0x7f, 0xff, 0xfc, 0x0,
    0x3f, 0xff, 0xfc, 0x0, 0x3c, 0x0, 0x3c, 0x0,
    0x3c, 0x0, 0x3c, 0x0, 0x38, 0x0, 0x3c, 0x0,

    /* U+F0AF0 "󰫰" */
    0xf, 0xfe, 0x7, 0xff, 0xf1, 0xff, 0xff, 0x3f,
    0xff, 0xef, 0xff, 0xff, 0xff, 0xff, 0xff, 0x1,
    0xff, 0xe0, 0x3f, 0xfc, 0x7, 0xff, 0x80, 0x3,
    0xf0, 0x0, 0x7e, 0x0, 0xf, 0xc0, 0x1, 0xf8,
    0x0, 0x3f, 0x0, 0x7, 0xe0, 0x0, 0xfc, 0x0,
    0x1f, 0x80, 0x3, 0xf0, 0x0, 0x7e, 0x0, 0xf,
    0xc0, 0x1, 0xf8, 0x0, 0x3f, 0x1, 0xff, 0xe0,
    0x3f, 0xfc, 0x7, 0xff, 0xff, 0xff, 0xff, 0xff,
    0xbf, 0xff, 0xe7, 0xff, 0xfc, 0x7f, 0xff, 0x3,
    0xff, 0x80,

    /* U+F0BA0 "󰮠" */
    0x2, 0x0, 0x0, 0x40, 0x7, 0x0, 0x0, 0xe0,
    0x5, 0x0, 0x0, 0xa0, 0xd, 0x80, 0x1, 0xb0,
    0xd, 0x80, 0x1, 0xb0, 0x8, 0x80, 0x1, 0x10,
    0x18, 0xc0, 0x1, 0x18, 0x18, 0xc0, 0x3, 0x18,
    0x10, 0x40, 0x2, 0x8, 0x30, 0x60, 0x2, 0xc,
    0x30, 0x60, 0x6, 0xc, 0x3f, 0xff, 0xff, 0xfc,
    0x38, 0x30, 0xc, 0xe, 0x78, 0x30, 0xc, 0x1e,
    0x4c, 0x10, 0x8, 0x32, 0x46, 0x18, 0x18, 0x63,
    0xc3, 0x18, 0x18, 0xc3, 0xc3, 0x8, 0x10, 0xc3,
    0xf1, 0x8c, 0x31, 0x8f, 0x38, 0xcc, 0x33, 0x1c,
    0x1c, 0x64, 0x26, 0x38, 0xf, 0x36, 0x64, 0xf0,
    0x3, 0xb6, 0x6d, 0xc0, 0x1, 0xda, 0x5b, 0x80,
    0x0, 0x7f, 0x7e, 0x0, 0x0, 0x3f, 0xfc, 0x0,
    0x0, 0x1f, 0xf8, 0x0, 0x0, 0x7, 0xe0, 0x0,
    0x0, 0x3, 0xc0, 0x0, 0x0, 0x1, 0x80, 0x0,

    /* U+F0BAC "󰮬" */
    0x0, 0x0, 0x3, 0x80, 0x0, 0x0, 0x7, 0xc0,
    0x0, 0x0, 0x7, 0xc0, 0x0, 0x0, 0x7, 0xc0,
    0x0, 0x0, 0xf, 0x80, 0x70, 0x0, 0xf, 0x0,
    0xf8, 0x0, 0x1e, 0x1c, 0xf8, 0x3f, 0xfe, 0x3e,
    0xf8, 0x7f, 0xfe, 0x3e, 0x7c, 0xff, 0xfe, 0x3e,
    0x1c, 0xf0, 0xf, 0x7c, 0x1f, 0xe0, 0x7, 0xf8,
    0xf, 0xe0, 0x7, 0xf0, 0xf, 0xc0, 0x3, 0xf0,
    0x7, 0x80, 0x3, 0xe0, 0x7, 0x80, 0x3, 0xe0,
    0x3, 0xc0, 0x3, 0xf0, 0x1, 0xe0, 0x7, 0xf0,
    0x1, 0xe0, 0x7, 0xf8, 0x0, 0xf0, 0xf, 0x78,
    0x0, 0xff, 0xfe, 0x3e, 0x0, 0x7f, 0xfe, 0x3f,
    0x0, 0x7f, 0xfe, 0x1f, 0x0, 0x78, 0x1e, 0x1f,
    0x0, 0xf0, 0xf, 0xe, 0x1, 0xe0, 0xf, 0x80,
    0x3, 0xe0, 0x7, 0xc0, 0x3, 0xe0, 0x7, 0xc0,
    0x3, 0xe0, 0x7, 0xc0, 0x1, 0xc0, 0x3, 0x80,

    /* U+F0BCC "󰯌" */
    0xff, 0xfc, 0x3f, 0xff, 0xff, 0xfc, 0x3f, 0xff,
    0xff, 0xfc, 0x3f, 0xff, 0xff, 0xfc, 0x3f, 0xff,
    0x0, 0x0, 0x3f, 0xff, 0x0, 0x0, 0x3f, 0xff,
    0x0, 0x0, 0x3f, 0xff, 0xff, 0xfc, 0x3f, 0xff,
    0xff, 0xfc, 0x3f, 0xff, 0xff, 0xfc, 0x3f, 0xff,
    0xff, 0xfc, 0x3f, 0xff, 0x0, 0x0, 0x3f, 0xff,
    0x0, 0x0, 0x3f, 0xff, 0x0, 0x0, 0x3f, 0xff,
    0xff, 0xfc, 0x3f, 0xff, 0xff, 0xfc, 0x3f, 0xff,
    0xff, 0xfc, 0x3f, 0xff, 0xff, 0xfc, 0x3f, 0xff,
    0x0, 0x0, 0x3f, 0xff, 0x0, 0x0, 0x3f, 0xff,
    0x0, 0x0, 0x3f, 0xff, 0xff, 0xfc, 0x3f, 0xff,
    0xff, 0xfc, 0x3f, 0xff, 0xff, 0xfc, 0x3f, 0xff,
    0xff, 0xfc, 0x3f, 0xff,

    /* U+F0CA0 "󰲠" */
    0x0, 0xf, 0xf0, 0x0, 0x0, 0x7f, 0xfe, 0x0,
    0x1, 0xff, 0xff, 0x80, 0x3, 0xff, 0xff, 0xc0,
    0x7, 0xff, 0xff, 0xe0, 0xf, 0xff, 0xff, 0xf0,
    0x1f, 0xff, 0xff, 0xf8, 0x3f, 0xff, 0xff, 0xfc,
    0x3f, 0xf8, 0x1f, 0xfc, 0x7f, 0xf8, 0x1f, 0xfe,
    0x7f, 0xf8, 0x1f, 0xfe, 0x7f, 0xff, 0x1f, 0xfe,
    0xff, 0xff, 0x1f, 0xff, 0xff, 0xff, 0x1f, 0xff,
    0xff, 0xff, 0x1f, 0xff, 0xff, 0xff, 0x1f, 0xff,
    0xff, 0xff, 0x1f, 0xff, 0xff, 0xff, 0x1f, 0xff,
    0xff, 0xff, 0x1f, 0xff, 0xff, 0xff, 0x1f, 0xff,
    0x7f, 0xff, 0x1f, 0xfe, 0x7f, 0xff, 0x1f, 0xfe,
    0x7f, 0xff, 0x1f, 0xfe, 0x3f, 0xff, 0x1f, 0xfc,
    0x3f, 0xff, 0xff, 0xfc, 0x1f, 0xff, 0xff, 0xf8,
    0xf, 0xff, 0xff, 0xf0, 0x7, 0xff, 0xff, 0xe0,
    0x3, 0xff, 0xff, 0xc0, 0x1, 0xff, 0xff, 0x80,
    0x0, 0x7f, 0xfe, 0x0, 0x0, 0xf, 0xf0, 0x0,

    /* U+F0CA1 "󰲡" */
    0x0, 0xf, 0xf0, 0x0, 0x0, 0x7f, 0xfe, 0x0,
    0x1, 0xff, 0xff, 0x80, 0x3, 0xf0, 0xf, 0xc0,
    0x7, 0xc0, 0x3, 0xe0, 0xf, 0x0, 0x0, 0xf0,
    0x1e, 0x0, 0x0, 0x78, 0x3c, 0x0, 0x0, 0x3c,
    0x38, 0x7, 0xe0, 0x1c, 0x78, 0x7, 0xe0, 0x1e,
    0x70, 0x7, 0xe0, 0xe, 0x70, 0x0, 0xe0, 0xe,
    0xe0, 0x0, 0xe0, 0x7, 0xe0, 0x0, 0xe0, 0x7,
    0xe0, 0x0, 0xe0, 0x7, 0xe0, 0x0, 0xe0, 0x7,
    0xe0, 0x0, 0xe0, 0x7, 0xe0, 0x0, 0xe0, 0x7,
    0xe0, 0x0, 0xe0, 0x7, 0xe0, 0x0, 0xe0, 0x7,
    0x70, 0x0, 0xe0, 0xe, 0x70, 0x0, 0xe0, 0xe,
    0x78, 0x0, 0xe0, 0x1e, 0x38, 0x0, 0xe0, 0x1c,
    0x3c, 0x0, 0x0, 0x3c, 0x1e, 0x0, 0x0, 0x78,
    0xf, 0x0, 0x0, 0xf0, 0x7, 0xc0, 0x3, 0xe0,
    0x3, 0xf0, 0xf, 0xc0, 0x1, 0xff, 0xff, 0x80,
    0x0, 0x7f, 0xfe, 0x0, 0x0, 0xf, 0xf0, 0x0,

    /* U+F0CA2 "󰲢" */
    0x0, 0xf, 0xf0, 0x0, 0x0, 0x7f, 0xfe, 0x0,
    0x1, 0xff, 0xff, 0x80, 0x3, 0xff, 0xff, 0xc0,
    0x7, 0xff, 0xff, 0xe0, 0xf, 0xff, 0xff, 0xf0,
    0x1f, 0xff, 0xff, 0xf8, 0x3f, 0xff, 0xff, 0xfc,
    0x3f, 0xe0, 0x1f, 0xfc, 0x7f, 0xe0, 0xf, 0xfe,
    0x7f, 0xe0, 0x7, 0xfe, 0x7f, 0xe0, 0x7, 0xfe,
    0xff, 0xff, 0x87, 0xff, 0xff, 0xff, 0x87, 0xff,
    0xff, 0xff, 0x87, 0xff, 0xff, 0xf0, 0x7, 0xff,
    0xff, 0xe0, 0xf, 0xff, 0xff, 0xe0, 0x1f, 0xff,
    0xff, 0xe1, 0xff, 0xff, 0xff, 0xe1, 0xff, 0xff,
    0x7f, 0xe1, 0xff, 0xfe, 0x7f, 0xe0, 0x7, 0xfe,
    0x7f, 0xe0, 0x7, 0xfe, 0x3f, 0xe0, 0x7, 0xfc,
    0x3f, 0xff, 0xff, 0xfc, 0x1f, 0xff, 0xff, 0xf8,
    0xf, 0xff, 0xff, 0xf0, 0x7, 0xff, 0xff, 0xe0,
    0x3, 0xff, 0xff, 0xc0, 0x1, 0xff, 0xff, 0x80,
    0x0, 0x7f, 0xfe, 0x0, 0x0, 0xf, 0xf0, 0x0,

    /* U+F0CA3 "󰲣" */
    0x0, 0xf, 0xf0, 0x0, 0x0, 0x7f, 0xfe, 0x0,
    0x1, 0xff, 0xff, 0x80, 0x3, 0xf0, 0xf, 0xc0,
    0x7, 0xc0, 0x3, 0xe0, 0xf, 0x0, 0x0, 0xf0,
    0x1e, 0x0, 0x0, 0x78, 0x3c, 0x0, 0x0, 0x3c,
    0x38, 0x1f, 0xe0, 0x1c, 0x78, 0x1f, 0xf0, 0x1e,
    0x70, 0x1f, 0xf8, 0xe, 0x70, 0x0, 0x38, 0xe,
    0xe0, 0x0, 0x38, 0x7, 0xe0, 0x0, 0x38, 0x7,
    0xe0, 0x0, 0x38, 0x7, 0xe0, 0x7, 0xf8, 0x7,
    0xe0, 0x1f, 0xf0, 0x7, 0xe0, 0x1f, 0xe0, 0x7,
    0xe0, 0x1c, 0x0, 0x7, 0xe0, 0x1c, 0x0, 0x7,
    0x70, 0x1c, 0x0, 0xe, 0x70, 0x1f, 0xf8, 0xe,
    0x78, 0x1f, 0xf8, 0x1e, 0x38, 0x1f, 0xf8, 0x1c,
    0x3c, 0x0, 0x0, 0x3c, 0x1e, 0x0, 0x0, 0x78,
    0xf, 0x0, 0x0, 0xf0, 0x7, 0xc0, 0x3, 0xe0,
    0x3, 0xf0, 0xf, 0xc0, 0x1, 0xff, 0xff, 0x80,
    0x0, 0x7f, 0xfe, 0x0, 0x0, 0xf, 0xf0, 0x0,

    /* U+F0CA4 "󰲤" */
    0x0, 0xf, 0xf0, 0x0, 0x0, 0x7f, 0xfe, 0x0,
    0x1, 0xff, 0xff, 0x80, 0x3, 0xff, 0xff, 0xc0,
    0x7, 0xff, 0xff, 0xe0, 0xf, 0xff, 0xff, 0xf0,
    0x1f, 0xff, 0xff, 0xf8, 0x3f, 0xff, 0xff, 0xfc,
    0x3f, 0xe0, 0x1f, 0xfc, 0x7f, 0xe0, 0xf, 0xfe,
    0x7f, 0xe0, 0x7, 0xfe, 0x7f, 0xe0, 0x7, 0xfe,
    0xff, 0xff, 0x87, 0xff, 0xff, 0xff, 0x87, 0xff,
    0xff, 0xff, 0x87, 0xff, 0xff, 0xfc, 0xf, 0xff,
    0xff, 0xfc, 0xf, 0xff, 0xff, 0xfc, 0x7, 0xff,
    0xff, 0xff, 0x87, 0xff, 0xff, 0xff, 0x87, 0xff,
    0x7f, 0xff, 0x87, 0xfe, 0x7f, 0xe0, 0x7, 0xfe,
    0x7f, 0xe0, 0xf, 0xfe, 0x3f, 0xe0, 0x1f, 0xfc,
    0x3f, 0xff, 0xff, 0xfc, 0x1f, 0xff, 0xff, 0xf8,
    0xf, 0xff, 0xff, 0xf0, 0x7, 0xff, 0xff, 0xe0,
    0x3, 0xff, 0xff, 0xc0, 0x1, 0xff, 0xff, 0x80,
    0x0, 0x7f, 0xfe, 0x0, 0x0, 0xf, 0xf0, 0x0,

    /* U+F0CA5 "󰲥" */
    0x0, 0xf, 0xf0, 0x0, 0x0, 0x7f, 0xfe, 0x0,
    0x1, 0xff, 0xff, 0x80, 0x3, 0xf0, 0xf, 0xc0,
    0x7, 0xc0, 0x3, 0xe0, 0xf, 0x0, 0x0, 0xf0,
    0x1e, 0x0, 0x0, 0x78, 0x3c, 0x0, 0x0, 0x3c,
    0x38, 0xf, 0xf0, 0x1c, 0x78, 0xf, 0xf8, 0x1e,
    0x70, 0xf, 0xf8, 0xe, 0x70, 0x0, 0x38, 0xe,
    0xe0, 0x0, 0x38, 0x7, 0xe0, 0x0, 0x38, 0x7,
    0xe0, 0x0, 0x38, 0x7, 0xe0, 0x1, 0xf0, 0x7,
    0xe0, 0x1, 0xf0, 0x7, 0xe0, 0x1, 0xf8, 0x7,
    0xe0, 0x0, 0x38, 0x7, 0xe0, 0x0, 0x38, 0x7,
    0x70, 0x0, 0x38, 0xe, 0x70, 0xf, 0xf8, 0xe,
    0x78, 0xf, 0xf8, 0x1e, 0x38, 0xf, 0xf0, 0x1c,
    0x3c, 0x0, 0x0, 0x3c, 0x1e, 0x0, 0x0, 0x78,
    0xf, 0x0, 0x0, 0xf0, 0x7, 0xc0, 0x3, 0xe0,
    0x3, 0xf0, 0xf, 0xc0, 0x1, 0xff, 0xff, 0x80,
    0x0, 0x7f, 0xfe, 0x0, 0x0, 0xf, 0xf0, 0x0,

    /* U+F0CA6 "󰲦" */
    0x0, 0xf, 0xf0, 0x0, 0x0, 0x7f, 0xfe, 0x0,
    0x1, 0xff, 0xff, 0x80, 0x3, 0xff, 0xff, 0xc0,
    0x7, 0xff, 0xff, 0xe0, 0xf, 0xff, 0xff, 0xf0,
    0x1f, 0xff, 0xff, 0xf8, 0x3f, 0xff, 0xff, 0xfc,
    0x3f, 0xe3, 0x87, 0xfc, 0x7f, 0xe3, 0x87, 0xfe,
    0x7f, 0xe3, 0x87, 0xfe, 0x7f, 0xe3, 0x87, 0xfe,
    0xff, 0xe3, 0x87, 0xff, 0xff, 0xe3, 0x87, 0xff,
    0xff, 0xe0, 0x7, 0xff, 0xff, 0xe0, 0x7, 0xff,
    0xff, 0xe0, 0x7, 0xff, 0xff, 0xe0, 0x7, 0xff,
    0xff, 0xff, 0x87, 0xff, 0xff, 0xff, 0x87, 0xff,
    0x7f, 0xff, 0x87, 0xfe, 0x7f, 0xff, 0x87, 0xfe,
    0x7f, 0xff, 0x87, 0xfe, 0x3f, 0xff, 0x87, 0xfc,
    0x3f, 0xff, 0xff, 0xfc, 0x1f, 0xff, 0xff, 0xf8,
    0xf, 0xff, 0xff, 0xf0, 0x7, 0xff, 0xff, 0xe0,
    0x3, 0xff, 0xff, 0xc0, 0x1, 0xff, 0xff, 0x80,
    0x0, 0x7f, 0xfe, 0x0, 0x0, 0xf, 0xf0, 0x0,

    /* U+F0CA7 "󰲧" */
    0x0, 0xf, 0xf0, 0x0, 0x0, 0x7f, 0xfe, 0x0,
    0x1, 0xff, 0xff, 0x80, 0x3, 0xf0, 0xf, 0xc0,
    0x7, 0xc0, 0x3, 0xe0, 0xf, 0x0, 0x0, 0xf0,
    0x1e, 0x0, 0x0, 0x78, 0x3c, 0x0, 0x0, 0x3c,
    0x38, 0x1c, 0x38, 0x1c, 0x78, 0x1c, 0x38, 0x1e,
    0x70, 0x1c, 0x38, 0xe, 0x70, 0x1c, 0x38, 0xe,
    0xe0, 0x1c, 0x38, 0x7, 0xe0, 0x1c, 0x38, 0x7,
    0xe0, 0x1f, 0xf8, 0x7, 0xe0, 0x1f, 0xf8, 0x7,
    0xe0, 0x1f, 0xf8, 0x7, 0xe0, 0x1f, 0xf8, 0x7,
    0xe0, 0x0, 0x38, 0x7, 0xe0, 0x0, 0x38, 0x7,
    0x70, 0x0, 0x38, 0xe, 0x70, 0x0, 0x38, 0xe,
    0x78, 0x0, 0x38, 0x1e, 0x38, 0x0, 0x38, 0x1c,
    0x3c, 0x0, 0x0, 0x3c, 0x1e, 0x0, 0x0, 0x78,
    0xf, 0x0, 0x0, 0xf0, 0x7, 0xc0, 0x3, 0xe0,
    0x3, 0xf0, 0xf, 0xc0, 0x1, 0xff, 0xff, 0x80,
    0x0, 0x7f, 0xfe, 0x0, 0x0, 0xf, 0xf0, 0x0,

    /* U+F0CA8 "󰲨" */
    0x0, 0xf, 0xf0, 0x0, 0x0, 0x7f, 0xfe, 0x0,
    0x1, 0xff, 0xff, 0x80, 0x3, 0xff, 0xff, 0xc0,
    0x7, 0xff, 0xff, 0xe0, 0xf, 0xff, 0xff, 0xf0,
    0x1f, 0xff, 0xff, 0xf8, 0x3f, 0xff, 0xff, 0xfc,
    0x3f, 0xe0, 0x7, 0xfc, 0x7f, 0xe0, 0x7, 0xfe,
    0x7f, 0xe0, 0x7, 0xfe, 0x7f, 0xe0, 0x7, 0xfe,
    0xff, 0xe1, 0xff, 0xff, 0xff, 0xe1, 0xff, 0xff,
    0xff, 0xe1, 0xff, 0xff, 0xff, 0xe0, 0xf, 0xff,
    0xff, 0xe0, 0x7, 0xff, 0xff, 0xe0, 0x7, 0xff,
    0xff, 0xff, 0x87, 0xff, 0xff, 0xff, 0x87, 0xff,
    0x7f, 0xff, 0x87, 0xfe, 0x7f, 0xe0, 0x7, 0xfe,
    0x7f, 0xe0, 0x7, 0xfe, 0x3f, 0xe0, 0x1f, 0xfc,
    0x3f, 0xff, 0xff, 0xfc, 0x1f, 0xff, 0xff, 0xf8,
    0xf, 0xff, 0xff, 0xf0, 0x7, 0xff, 0xff, 0xe0,
    0x3, 0xff, 0xff, 0xc0, 0x1, 0xff, 0xff, 0x80,
    0x0, 0x7f, 0xfe, 0x0, 0x0, 0xf, 0xf0, 0x0,

    /* U+F0CA9 "󰲩" */
    0x0, 0xf, 0xf0, 0x0, 0x0, 0x7f, 0xfe, 0x0,
    0x1, 0xff, 0xff, 0x80, 0x3, 0xf0, 0xf, 0xc0,
    0x7, 0xc0, 0x3, 0xe0, 0xf, 0x0, 0x0, 0xf0,
    0x1e, 0x0, 0x0, 0x78, 0x3c, 0x0, 0x0, 0x3c,
    0x38, 0x1f, 0xf8, 0x1c, 0x78, 0x1f, 0xf8, 0x1e,
    0x70, 0x1f, 0xf8, 0xe, 0x70, 0x1c, 0x0, 0xe,
    0xe0, 0x1c, 0x0, 0x7, 0xe0, 0x1c, 0x0, 0x7,
    0xe0, 0x1c, 0x0, 0x7, 0xe0, 0x1f, 0xe0, 0x7,
    0xe0, 0x1f, 0xf8, 0x7, 0xe0, 0x1f, 0xf8, 0x7,
    0xe0, 0x0, 0x38, 0x7, 0xe0, 0x0, 0x38, 0x7,
    0x70, 0x0, 0x38, 0xe, 0x70, 0x1f, 0xf8, 0xe,
    0x78, 0x1f, 0xf8, 0x1e, 0x38, 0x1f, 0xe0, 0x1c,
    0x3c, 0x0, 0x0, 0x3c, 0x1e, 0x0, 0x0, 0x78,
    0xf, 0x0, 0x0, 0xf0, 0x7, 0xc0, 0x3, 0xe0,
    0x3, 0xf0, 0xf, 0xc0, 0x1, 0xff, 0xff, 0x80,
    0x0, 0x7f, 0xfe, 0x0, 0x0, 0xf, 0xf0, 0x0,

    /* U+F0CAA "󰲪" */
    0x0, 0xf, 0xf0, 0x0, 0x0, 0x7f, 0xfe, 0x0,
    0x1, 0xff, 0xff, 0x80, 0x3, 0xff, 0xff, 0xc0,
    0x7, 0xff, 0xff, 0xe0, 0xf, 0xff, 0xff, 0xf0,
    0x1f, 0xff, 0xff, 0xf8, 0x3f, 0xff, 0xff, 0xfc,
    0x3f, 0xf8, 0x7, 0xfc, 0x7f, 0xf0, 0x7, 0xfe,
    0x7f, 0xe0, 0x7, 0xfe, 0x7f, 0xe0, 0x7, 0xfe,
    0xff, 0xe3, 0xff, 0xff, 0xff, 0xe3, 0xff, 0xff,
    0xff, 0xe3, 0xff, 0xff, 0xff, 0xe0, 0x1f, 0xff,
    0xff, 0xe0, 0x7, 0xff, 0xff, 0xe0, 0x7, 0xff,
    0xff, 0xe3, 0x87, 0xff, 0xff, 0xe3, 0x87, 0xff,
    0x7f, 0xe3, 0x87, 0xfe, 0x7f, 0xe0, 0x7, 0xfe,
    0x7f, 0xf0, 0x7, 0xfe, 0x3f, 0xf8, 0x1f, 0xfc,
    0x3f, 0xff, 0xff, 0xfc, 0x1f, 0xff, 0xff, 0xf8,
    0xf, 0xff, 0xff, 0xf0, 0x7, 0xff, 0xff, 0xe0,
    0x3, 0xff, 0xff, 0xc0, 0x1, 0xff, 0xff, 0x80,
    0x0, 0x7f, 0xfe, 0x0, 0x0, 0xf, 0xf0, 0x0,

    /* U+F0CAB "󰲫" */
    0x0, 0xf, 0xf0, 0x0, 0x0, 0x7f, 0xfe, 0x0,
    0x1, 0xff, 0xff, 0x80, 0x3, 0xf0, 0xf, 0xc0,
    0x7, 0xc0, 0x3, 0xe0, 0xf, 0x0, 0x0, 0xf0,
    0x1e, 0x0, 0x0, 0x78, 0x3c, 0x0, 0x0, 0x3c,
    0x38, 0x7, 0xf8, 0x1c, 0x78, 0x1f, 0xf8, 0x1e,
    0x70, 0x1f, 0xf8, 0xe, 0x70, 0x1c, 0x0, 0xe,
    0xe0, 0x1c, 0x0, 0x7, 0xe0, 0x1c, 0x0, 0x7,
    0xe0, 0x1c, 0x0, 0x7, 0xe0, 0x1f, 0xe0, 0x7,
    0xe0, 0x1f, 0xf8, 0x7, 0xe0, 0x1f, 0xf8, 0x7,
    0xe0, 0x1c, 0x38, 0x7, 0xe0, 0x1c, 0x38, 0x7,
    0x70, 0x1c, 0x38, 0xe, 0x70, 0x1f, 0xf8, 0xe,
    0x78, 0x1f, 0xf8, 0x1e, 0x38, 0x7, 0xe0, 0x1c,
    0x3c, 0x0, 0x0, 0x3c, 0x1e, 0x0, 0x0, 0x78,
    0xf, 0x0, 0x0, 0xf0, 0x7, 0xc0, 0x3, 0xe0,
    0x3, 0xf0, 0xf, 0xc0, 0x1, 0xff, 0xff, 0x80,
    0x0, 0x7f, 0xfe, 0x0, 0x0, 0xf, 0xf0, 0x0,

    /* U+F0CAC "󰲬" */
    0x0, 0xf, 0xf0, 0x0, 0x0, 0x7f, 0xfe, 0x0,
    0x1, 0xff, 0xff, 0x80, 0x3, 0xff, 0xff, 0xc0,
    0x7, 0xff, 0xff, 0xe0, 0xf, 0xff, 0xff, 0xf0,
    0x1f, 0xff, 0xff, 0xf8, 0x3f, 0xff, 0xff, 0xfc,
    0x3f, 0xe0, 0x7, 0xfc, 0x7f, 0xe0, 0x7, 0xfe,
    0x7f, 0xe0, 0x7, 0xfe, 0x7f, 0xff, 0x87, 0xfe,
    0xff, 0xff, 0x8f, 0xff, 0xff, 0xff, 0xf, 0xff,
    0xff, 0xff, 0x1f, 0xff, 0xff, 0xfe, 0x1f, 0xff,
    0xff, 0xfe, 0x3f, 0xff, 0xff, 0xfc, 0x3f, 0xff,
    0xff, 0xfc, 0x7f, 0xff, 0xff, 0xf8, 0x7f, 0xff,
    0x7f, 0xf8, 0xff, 0xfe, 0x7f, 0xf0, 0xff, 0xfe,
    0x7f, 0xf1, 0xff, 0xfe, 0x3f, 0xe1, 0xff, 0xfc,
    0x3f, 0xff, 0xff, 0xfc, 0x1f, 0xff, 0xff, 0xf8,
    0xf, 0xff, 0xff, 0xf0, 0x7, 0xff, 0xff, 0xe0,
    0x3, 0xff, 0xff, 0xc0, 0x1, 0xff, 0xff, 0x80,
    0x0, 0x7f, 0xfe, 0x0, 0x0, 0xf, 0xf0, 0x0,

    /* U+F0CAD "󰲭" */
    0x0, 0xf, 0xf0, 0x0, 0x0, 0x7f, 0xfe, 0x0,
    0x1, 0xff, 0xff, 0x80, 0x3, 0xf0, 0xf, 0xc0,
    0x7, 0xc0, 0x3, 0xe0, 0xf, 0x0, 0x0, 0xf0,
    0x1e, 0x0, 0x0, 0x78, 0x3c, 0x0, 0x0, 0x3c,
    0x38, 0x1f, 0xf8, 0x1c, 0x78, 0x1f, 0xf8, 0x1e,
    0x70, 0x1f, 0xf8, 0xe, 0x70, 0x0, 0x78, 0xe,
    0xe0, 0x0, 0x70, 0x7, 0xe0, 0x0, 0xf0, 0x7,
    0xe0, 0x0, 0xe0, 0x7, 0xe0, 0x1, 0xe0, 0x7,
    0xe0, 0x1, 0xc0, 0x7, 0xe0, 0x3, 0xc0, 0x7,
    0xe0, 0x3, 0x80, 0x7, 0xe0, 0x7, 0x80, 0x7,
    0x70, 0x7, 0x0, 0xe, 0x70, 0xf, 0x0, 0xe,
    0x78, 0xe, 0x0, 0x1e, 0x38, 0x1e, 0x0, 0x1c,
    0x3c, 0x0, 0x0, 0x3c, 0x1e, 0x0, 0x0, 0x78,
    0xf, 0x0, 0x0, 0xf0, 0x7, 0xc0, 0x3, 0xe0,
    0x3, 0xf0, 0xf, 0xc0, 0x1, 0xff, 0xff, 0x80,
    0x0, 0x7f, 0xfe, 0x0, 0x0, 0xf, 0xf0, 0x0,

    /* U+F0CAE "󰲮" */
    0x0, 0xf, 0xf0, 0x0, 0x0, 0x7f, 0xfe, 0x0,
    0x1, 0xff, 0xff, 0x80, 0x3, 0xff, 0xff, 0xc0,
    0x7, 0xff, 0xff, 0xe0, 0xf, 0xff, 0xff, 0xf0,
    0x1f, 0xff, 0xff, 0xf8, 0x3f, 0xff, 0xff, 0xfc,
    0x3f, 0xf8, 0x1f, 0xfc, 0x7f, 0xf0, 0xf, 0xfe,
    0x7f, 0xe0, 0x7, 0xfe, 0x7f, 0xe0, 0x7, 0xfe,
    0xff, 0xe3, 0x87, 0xff, 0xff, 0xe3, 0x87, 0xff,
    0xff, 0xe3, 0x87, 0xff, 0xff, 0xf0, 0xf, 0xff,
    0xff, 0xf0, 0xf, 0xff, 0xff, 0xe0, 0x7, 0xff,
    0xff, 0xe3, 0x87, 0xff, 0xff, 0xe3, 0x87, 0xff,
    0x7f, 0xe3, 0x87, 0xfe, 0x7f, 0xe0, 0x7, 0xfe,
    0x7f, 0xf0, 0xf, 0xfe, 0x3f, 0xf8, 0x1f, 0xfc,
    0x3f, 0xff, 0xff, 0xfc, 0x1f, 0xff, 0xff, 0xf8,
    0xf, 0xff, 0xff, 0xf0, 0x7, 0xff, 0xff, 0xe0,
    0x3, 0xff, 0xff, 0xc0, 0x1, 0xff, 0xff, 0x80,
    0x0, 0x7f, 0xfe, 0x0, 0x0, 0xf, 0xf0, 0x0,

    /* U+F0CAF "󰲯" */
    0x0, 0xf, 0xf0, 0x0, 0x0, 0x7f, 0xfe, 0x0,
    0x1, 0xff, 0xff, 0x80, 0x3, 0xf0, 0xf, 0xc0,
    0x7, 0xc0, 0x3, 0xe0, 0xf, 0x0, 0x0, 0xf0,
    0x1e, 0x0, 0x0, 0x78, 0x3c, 0x0, 0x0, 0x3c,
    0x38, 0x7, 0xe0, 0x1c, 0x78, 0x1f, 0xf0, 0x1e,
    0x70, 0x1f, 0xf8, 0xe, 0x70, 0x1c, 0x38, 0xe,
    0xe0, 0x1c, 0x38, 0x7, 0xe0, 0x1c, 0x38, 0x7,
    0xe0, 0x1c, 0x38, 0x7, 0xe0, 0xf, 0xf0, 0x7,
    0xe0, 0xf, 0xf0, 0x7, 0xe0, 0x1f, 0xf8, 0x7,
    0xe0, 0x1c, 0x38, 0x7, 0xe0, 0x1c, 0x38, 0x7,
    0x70, 0x1c, 0x38, 0xe, 0x70, 0x1f, 0xf8, 0xe,
    0x78, 0xf, 0xf8, 0x1e, 0x38, 0x7, 0xf0, 0x1c,
    0x3c, 0x0, 0x0, 0x3c, 0x1e, 0x0, 0x0, 0x78,
    0xf, 0x0, 0x0, 0xf0, 0x7, 0xc0, 0x3, 0xe0,
    0x3, 0xf0, 0xf, 0xc0, 0x1, 0xff, 0xff, 0x80,
    0x0, 0x7f, 0xfe, 0x0, 0x0, 0xf, 0xf0, 0x0,

    /* U+F0CB0 "󰲰" */
    0x0, 0xf, 0xf0, 0x0, 0x0, 0x7f, 0xfe, 0x0,
    0x1, 0xff, 0xff, 0x80, 0x3, 0xff, 0xff, 0xc0,
    0x7, 0xff, 0xff, 0xe0, 0xf, 0xff, 0xff, 0xf0,
    0x1f, 0xff, 0xff, 0xf8, 0x3f, 0xff, 0xff, 0xfc,
    0x3f, 0xf8, 0x1f, 0xfc, 0x7f, 0xf0, 0xf, 0xfe,
    0x7f, 0xe0, 0x7, 0xfe, 0x7f, 0xe0, 0x7, 0xfe,
    0xff, 0xe3, 0x87, 0xff, 0xff, 0xe3, 0x87, 0xff,
    0xff, 0xe3, 0x87, 0xff, 0xff, 0xe0, 0x7, 0xff,
    0xff, 0xe0, 0x7, 0xff, 0xff, 0xf0, 0x7, 0xff,
    0xff, 0xff, 0x87, 0xff, 0xff, 0xff, 0x87, 0xff,
    0x7f, 0xff, 0x87, 0xfe, 0x7f, 0xe0, 0x7, 0xfe,
    0x7f, 0xe0, 0xf, 0xfe, 0x3f, 0xe0, 0x1f, 0xfc,
    0x3f, 0xff, 0xff, 0xfc, 0x1f, 0xff, 0xff, 0xf8,
    0xf, 0xff, 0xff, 0xf0, 0x7, 0xff, 0xff, 0xe0,
    0x3, 0xff, 0xff, 0xc0, 0x1, 0xff, 0xff, 0x80,
    0x0, 0x7f, 0xfe, 0x0, 0x0, 0xf, 0xf0, 0x0,

    /* U+F0CB1 "󰲱" */
    0x0, 0xf, 0xf0, 0x0, 0x0, 0x7f, 0xfe, 0x0,
    0x1, 0xff, 0xff, 0x80, 0x3, 0xf0, 0xf, 0xc0,
    0x7, 0xc0, 0x3, 0xe0, 0xf, 0x0, 0x0, 0xf0,
    0x1e, 0x0, 0x0, 0x78, 0x3c, 0x0, 0x0, 0x3c,
    0x38, 0x7, 0xe0, 0x1c, 0x78, 0xf, 0xf0, 0x1e,
    0x70, 0x1f, 0xf8, 0xe, 0x70, 0x1c, 0x38, 0xe,
    0xe0, 0x1c, 0x38, 0x7, 0xe0, 0x1c, 0x38, 0x7,
    0xe0, 0x1c, 0x38, 0x7, 0xe0, 0x1f, 0xf8, 0x7,
    0xe0, 0xf, 0xf8, 0x7, 0xe0, 0x7, 0xf8, 0x7,
    0xe0, 0x0, 0x38, 0x7, 0xe0, 0x0, 0x38, 0x7,
    0x70, 0x0, 0x38, 0xe, 0x70, 0x1f, 0xf8, 0xe,
    0x78, 0x1f, 0xf0, 0x1e, 0x38, 0x1f, 0xe0, 0x1c,
    0x3c, 0x0, 0x0, 0x3c, 0x1e, 0x0, 0x0, 0x78,
    0xf, 0x0, 0x0, 0xf0, 0x7, 0xc0, 0x3, 0xe0,
    0x3, 0xf0, 0xf, 0xc0, 0x1, 0xff, 0xff, 0x80,
    0x0, 0x7f, 0xfe, 0x0, 0x0, 0xf, 0xf0, 0x0,

    /* U+F0CB2 "󰲲" */
    0x0, 0xf, 0xf0, 0x0, 0x0, 0x7f, 0xfe, 0x0,
    0x1, 0xff, 0xff, 0x80, 0x3, 0xff, 0xff, 0xc0,
    0x7, 0xff, 0xff, 0xe0, 0xf, 0xff, 0xff, 0xf0,
    0x1f, 0xff, 0xff, 0xf8, 0x3f, 0xff, 0xff, 0xfc,
    0x3f, 0x3, 0xff, 0xfc, 0x7e, 0x1, 0xff, 0xfe,
    0x7c, 0x0, 0xff, 0xfe, 0x7c, 0x0, 0xff, 0xfe,
    0xfc, 0x70, 0xf8, 0xff, 0xfc, 0x70, 0xf8, 0xff,
    0xfc, 0x70, 0xf8, 0xff, 0xfc, 0x0, 0xc0, 0x1f,
    0xfc, 0x0, 0xc0, 0x1f, 0xfe, 0x0, 0xc0, 0x1f,
    0xff, 0xf0, 0xf8, 0xff, 0xff, 0xf0, 0xf8, 0xff,
    0x7f, 0xf0, 0xf8, 0xfe, 0x7c, 0x0, 0xff, 0xfe,
    0x7c, 0x1, 0xff, 0xfe, 0x3c, 0x3, 0xff, 0xfc,
    0x3f, 0xff, 0xff, 0xfc, 0x1f, 0xff, 0xff, 0xf8,
    0xf, 0xff, 0xff, 0xf0, 0x7, 0xff, 0xff, 0xe0,
    0x3, 0xff, 0xff, 0xc0, 0x1, 0xff, 0xff, 0x80,
    0x0, 0x7f, 0xfe, 0x0, 0x0, 0xf, 0xf0, 0x0,

    /* U+F0CB3 "󰲳" */
    0x0, 0xf, 0xf0, 0x0, 0x0, 0x7f, 0xfe, 0x0,
    0x1, 0xff, 0xff, 0x80, 0x3, 0xf0, 0xf, 0xc0,
    0x7, 0xc0, 0x3, 0xe0, 0xf, 0x0, 0x0, 0xf0,
    0x1e, 0x0, 0x0, 0x78, 0x3c, 0x0, 0x0, 0x3c,
    0x38, 0xfc, 0x0, 0x1c, 0x79, 0xfe, 0x0, 0x1e,
    0x73, 0xff, 0x0, 0xe, 0x73, 0x87, 0xf, 0xe,
    0xe3, 0x87, 0xf, 0x7, 0xe3, 0x87, 0xf, 0x7,
    0xe3, 0x87, 0xf, 0x7, 0xe3, 0xff, 0x7f, 0xe7,
    0xe1, 0xff, 0x7f, 0xe7, 0xe0, 0xff, 0x7f, 0xe7,
    0xe0, 0x7, 0xf, 0x7, 0xe0, 0x7, 0xf, 0x7,
    0x70, 0x7, 0xf, 0xe, 0x73, 0xff, 0x0, 0xe,
    0x7b, 0xfe, 0x0, 0x1e, 0x3b, 0xfc, 0x0, 0x1c,
    0x3c, 0x0, 0x0, 0x3c, 0x1e, 0x0, 0x0, 0x78,
    0xf, 0x0, 0x0, 0xf0, 0x7, 0xc0, 0x3, 0xe0,
    0x3, 0xf0, 0xf, 0xc0, 0x1, 0xff, 0xff, 0x80,
    0x0, 0x7f, 0xfe, 0x0, 0x0, 0xf, 0xf0, 0x0,

    /* U+F0D43 "󰵃" */
    0x1, 0xff, 0xff, 0xc0, 0x3, 0xff, 0xff, 0xc0,
    0x7, 0xff, 0xff, 0xe0, 0x7, 0x0, 0x0, 0xe0,
    0x7, 0x0, 0x0, 0xe0, 0x7, 0x0, 0x0, 0xe0,
    0x7, 0x0, 0x0, 0xe0, 0x7f, 0x0, 0x7, 0xf8,
    0xff, 0x0, 0x3f, 0xfe, 0x7f, 0x1, 0xff, 0xff,
    0x7, 0x1f, 0xf8, 0xf, 0x7, 0x1f, 0xe0, 0x0,
    0x7, 0x1f, 0x0, 0x0, 0x7f, 0x0, 0x7, 0xf0,
    0xff, 0x0, 0x3f, 0xfe, 0x7f, 0x0, 0xff, 0xff,
    0x7, 0x1f, 0xfc, 0x1f, 0x7, 0x1f, 0xf0, 0x7,
    0x7, 0x1f, 0xc0, 0x0, 0x7, 0x1f, 0x0, 0x0,
    0x7f, 0x0, 0xf, 0xf8, 0xff, 0x0, 0x3f, 0xfe,
    0x7f, 0x0, 0xff, 0xff, 0x7, 0x1f, 0xf0, 0x7,
    0x7, 0x1f, 0xc0, 0x0, 0x7, 0x1e, 0x0, 0x0,
    0x7, 0x0, 0x0, 0xe0, 0x7, 0x0, 0x0, 0xe0,
    0x7, 0x0, 0x0, 0xe0, 0x7, 0xff, 0xff, 0xe0,
    0x7, 0xff, 0xff, 0xe0, 0x3, 0xff, 0xff, 0xc0,

    /* U+F0E4C "󰹌" */
    0x0, 0x6, 0x0, 0x0, 0x0, 0xf, 0x0, 0x0,
    0x0, 0x1f, 0xc0, 0x0, 0x0, 0x3f, 0xe0, 0x0,
    0x0, 0xff, 0xf0, 0x0, 0x1, 0xff, 0xf8, 0x0,
    0x3, 0xff, 0xfe, 0x0, 0xf, 0xff, 0xff, 0x0,
    0x1f, 0xff, 0xff, 0x80, 0x3f, 0xff, 0xff, 0xe0,
    0x7f, 0xff, 0xff, 0xf0, 0xff, 0xff, 0xff, 0xf0,
    0x7f, 0xff, 0xff, 0xe0, 0x1f, 0xff, 0xff, 0xc0,
    0xf, 0xff, 0xff, 0x0, 0x7, 0xff, 0xfe, 0x0,
    0x1, 0xff, 0xfc, 0x0, 0x20, 0xff, 0xf8, 0x0,
    0x70, 0x7f, 0xe0, 0x0, 0xf8, 0x1f, 0xc0, 0x0,
    0x7e, 0xf, 0x80, 0x0, 0x1f, 0x6, 0x0, 0x0,
    0xf, 0x80, 0x0, 0x0, 0x7, 0xc0, 0x0, 0x0,
    0x1, 0xf0, 0x1f, 0xff, 0x0, 0xf9, 0x1f, 0xff,
    0x0, 0x7f, 0x1f, 0xff, 0x0, 0x3f, 0x0, 0x0,
    0x0, 0xf, 0x0, 0x0, 0x0, 0x6, 0x0, 0x0,

    /* U+F0E4D "󰹍" */
    0x0, 0x6, 0x0, 0x0, 0x0, 0xf, 0x0, 0x0,
    0x0, 0x1f, 0xc0, 0x0, 0x0, 0x7f, 0xe0, 0x0,
    0x0, 0xff, 0xf0, 0x0, 0x1, 0xff, 0xfc, 0x0,
    0x7, 0xff, 0xfe, 0x0, 0xf, 0xff, 0xff, 0x0,
    0x1f, 0xff, 0xff, 0xc0, 0x3f, 0xff, 0xff, 0xe0,
    0xff, 0xff, 0xff, 0xf0, 0xff, 0xff, 0xff, 0xf0,
    0x3f, 0xff, 0xff, 0xe0, 0x1f, 0xff, 0xff, 0xc0,
    0xf, 0xff, 0xff, 0x0, 0x3, 0xff, 0xfe, 0x0,
    0x1, 0xff, 0xfc, 0x0, 0x20, 0xff, 0xf0, 0x0,
    0xf0, 0x3f, 0xe0, 0x0, 0xf8, 0x1f, 0xc0, 0xe0,
    0x3e, 0xf, 0x0, 0xe0, 0x1f, 0x6, 0x0, 0xe0,
    0xf, 0x80, 0x0, 0xe0, 0x7, 0xe0, 0x0, 0xe0,
    0x1, 0xf0, 0x1f, 0xff, 0x0, 0xf9, 0x1f, 0xff,
    0x0, 0x7f, 0x1f, 0xff, 0x0, 0x3f, 0x0, 0xe0,
    0x0, 0xf, 0x0, 0xe0, 0x0, 0x6, 0x0, 0xe0,
    0x0, 0x0, 0x0, 0xe0, 0x0, 0x0, 0x0, 0xe0,

    /* U+F0E6B "󰹫" */
    0xff, 0xff, 0xff, 0xff, 0xff, 0xff, 0xff, 0xff,
    0xff, 0xff, 0xff, 0xff, 0xff, 0xff, 0xff, 0xff,
    0xff, 0xff, 0xff, 0xff, 0xff, 0xff, 0xff, 0xff,
    0xff, 0xff, 0xff, 0xff, 0xff, 0xff, 0xff, 0xff,
    0xff, 0xff, 0xff, 0xff, 0xff, 0xff, 0xff, 0xff,
    0x0, 0x0, 0x0, 0x0, 0xff, 0xcf, 0xff, 0xff,
    0xff, 0xcf, 0xff, 0xff, 0xff, 0xcf, 0xff, 0xff,
    0xff, 0xcf, 0xff, 0xff, 0xff, 0xcf, 0xff, 0xff,
    0xff, 0xcf, 0xff, 0xff, 0xff, 0xcf, 0xff, 0xff,
    0xff, 0xcf, 0xff, 0xff, 0xff, 0xcf, 0xff, 0xff,
    0xff, 0xcf, 0xff, 0xff, 0xff, 0xcf, 0xff, 0xff,
    0xff, 0xcf, 0xff, 0xff,

    /* U+F0E8E "󰺎" */
    0x7, 0x0, 0xe, 0x0, 0x38, 0x0, 0x70, 0x1,
    0xc0, 0x3, 0x80, 0xff, 0xff, 0xff, 0x8f, 0xff,
    0xff, 0xfe, 0x7f, 0xff, 0xff, 0xf3, 0xff, 0xff,
    0xff, 0x9f, 0xff, 0xff, 0xfc, 0xff, 0xff, 0xff,
    0xe7, 0xff, 0xff, 0xff, 0x38, 0x0, 0x0, 0x39,
    0xc0, 0x0, 0x1, 0xce, 0x0, 0x0, 0xe, 0x70,
    0x0, 0x0, 0x73, 0x80, 0x0, 0x0, 0x9c, 0x0,
    0x0, 0x80, 0xe0, 0x0, 0x4, 0x7, 0x0, 0x0,
    0x7c, 0x38, 0x0, 0x3, 0xf9, 0xc0, 0x0, 0x9,
    0xce, 0x0, 0x6, 0x47, 0x70, 0x0, 0x38, 0x1b,
    0x80, 0x1, 0x80, 0xdc, 0x0, 0xc, 0x6, 0xe0,
    0x0, 0x70, 0x37, 0x0, 0x3, 0x88, 0xb8, 0x0,
    0xf, 0x61, 0xff, 0xfc, 0x3f, 0xf, 0xff, 0xf0,
    0xfc, 0x3f, 0xff, 0xc0, 0xc0, 0x0, 0x0, 0x4,
    0x0, 0x0, 0x0, 0x0,

    /* U+F0ED7 "󰻗" */
    0x7, 0x0, 0x7, 0x0, 0x38, 0x0, 0x38, 0x1,
    0xc0, 0x1, 0xc0, 0xff, 0xff, 0xff, 0xcf, 0xff,
    0xff, 0xff, 0xff, 0xff, 0xff, 0xff, 0xff, 0xff,
    0xff, 0xff, 0xff, 0xff, 0xff, 0xff, 0xff, 0xff,
    0xff, 0xff, 0xff, 0xff, 0xff, 0xff, 0xff, 0xff,
    0xc0, 0x0, 0x0, 0x7e, 0x0, 0x0, 0x3, 0xf0,
    0x7, 0xc0, 0x1f, 0x80, 0x7f, 0x0, 0xfc, 0x3,
    0xf8, 0x7, 0xe0, 0x1f, 0xc0, 0x3f, 0x0, 0xfe,
    0x1, 0xf8, 0x3, 0xe0, 0xf, 0xc0, 0x0, 0x0,
    0x7e, 0x0, 0x0, 0x3, 0xf0, 0xf, 0xe0, 0x1f,
    0x83, 0xff, 0xe0, 0xfc, 0x3f, 0xff, 0x87, 0xe1,
    0xff, 0xfc, 0x3f, 0xf, 0xff, 0xe1, 0xf8, 0x0,
    0x0, 0xf, 0xc0, 0x0, 0x0, 0x7f, 0xff, 0xff,
    0xff, 0xff, 0xff, 0xff, 0xfd, 0xff, 0xff, 0xff,
    0xc0,

    /* U+F0F0F "󰼏" */
    0x1, 0xff, 0xff, 0xfe, 0x3, 0xff, 0xff, 0xff,
    0x3, 0xff, 0xff, 0xff, 0x3, 0xff, 0xff, 0xff,
    0x3, 0xff, 0xff, 0xff, 0x3, 0xff, 0xff, 0xff,
    0xe3, 0xff, 0x3, 0xff, 0xe3, 0xff, 0x3, 0xff,
    0xe3, 0xff, 0x3, 0xff, 0xe3, 0xff, 0xe3, 0xff,
    0xe3, 0xff, 0xe3, 0xff, 0xe3, 0xff, 0xe3, 0xff,
    0xe3, 0xff, 0xe3, 0xff, 0xe3, 0xff, 0xe3, 0xff,
    0xe3, 0xff, 0xe3, 0xff, 0xe3, 0xff, 0xe3, 0xff,
    0xe3, 0xff, 0xe3, 0xff, 0xe3, 0xff, 0xe3, 0xff,
    0xe3, 0xff, 0xe3, 0xff, 0xe3, 0xff, 0xe3, 0xff,
    0xe3, 0xff, 0xe3, 0xff, 0xe3, 0xff, 0xff, 0xff,
    0xe3, 0xff, 0xff, 0xff, 0xe3, 0xff, 0xff, 0xff,
    0xe3, 0xff, 0xff, 0xff, 0xe3, 0xff, 0xff, 0xff,
    0xe1, 0xff, 0xff, 0xfe, 0xe0, 0x0, 0x0, 0x0,
    0xe0, 0x0, 0x0, 0x0, 0xff, 0xff, 0xff, 0xc0,
    0xff, 0xff, 0xff, 0xc0, 0x7f, 0xff, 0xff, 0xc0,

    /* U+F0F10 "󰼐" */
    0x1, 0xff, 0xff, 0xfe, 0x3, 0xff, 0xff, 0xff,
    0x3, 0xff, 0xff, 0xff, 0x3, 0xff, 0xff, 0xff,
    0x3, 0xff, 0xff, 0xff, 0x3, 0xff, 0xff, 0xff,
    0xe3, 0xfe, 0x3, 0xff, 0xe3, 0xfe, 0x1, 0xff,
    0xe3, 0xfe, 0x1, 0xff, 0xe3, 0xff, 0xf9, 0xff,
    0xe3, 0xff, 0xf9, 0xff, 0xe3, 0xff, 0xf9, 0xff,
    0xe3, 0xff, 0x1, 0xff, 0xe3, 0xfe, 0x1, 0xff,
    0xe3, 0xfe, 0x3, 0xff, 0xe3, 0xfe, 0x7f, 0xff,
    0xe3, 0xfe, 0x7f, 0xff, 0xe3, 0xfe, 0x7f, 0xff,
    0xe3, 0xfe, 0x1, 0xff, 0xe3, 0xfe, 0x1, 0xff,
    0xe3, 0xfe, 0x1, 0xff, 0xe3, 0xff, 0xff, 0xff,
    0xe3, 0xff, 0xff, 0xff, 0xe3, 0xff, 0xff, 0xff,
    0xe3, 0xff, 0xff, 0xff, 0xe3, 0xff, 0xff, 0xff,
    0xe1, 0xff, 0xff, 0xfe, 0xe0, 0x0, 0x0, 0x0,
    0xe0, 0x0, 0x0, 0x0, 0xff, 0xff, 0xff, 0xc0,
    0xff, 0xff, 0xff, 0xc0, 0x7f, 0xff, 0xff, 0xc0,

    /* U+F0F11 "󰼑" */
    0x1, 0xff, 0xff, 0xfe, 0x3, 0xff, 0xff, 0xff,
    0x3, 0xff, 0xff, 0xff, 0x3, 0xff, 0xff, 0xff,
    0x3, 0xff, 0xff, 0xff, 0x3, 0xff, 0xff, 0xff,
    0xe3, 0xfe, 0x3, 0xff, 0xe3, 0xfe, 0x1, 0xff,
    0xe3, 0xfe, 0x1, 0xff, 0xe3, 0xff, 0xf9, 0xff,
    0xe3, 0xff, 0xf9, 0xff, 0xe3, 0xff, 0xf9, 0xff,
    0xe3, 0xff, 0xc1, 0xff, 0xe3, 0xff, 0xc3, 0xff,
    0xe3, 0xff, 0xc3, 0xff, 0xe3, 0xff, 0xf9, 0xff,
    0xe3, 0xff, 0xf9, 0xff, 0xe3, 0xff, 0xf9, 0xff,
    0xe3, 0xfe, 0x1, 0xff, 0xe3, 0xfe, 0x1, 0xff,
    0xe3, 0xfe, 0x3, 0xff, 0xe3, 0xff, 0xff, 0xff,
    0xe3, 0xff, 0xff, 0xff, 0xe3, 0xff, 0xff, 0xff,
    0xe3, 0xff, 0xff, 0xff, 0xe3, 0xff, 0xff, 0xff,
    0xe1, 0xff, 0xff, 0xfe, 0xe0, 0x0, 0x0, 0x0,
    0xe0, 0x0, 0x0, 0x0, 0xff, 0xff, 0xff, 0xc0,
    0xff, 0xff, 0xff, 0xc0, 0x7f, 0xff, 0xff, 0xc0,

    /* U+F0F12 "󰼒" */
    0x1, 0xff, 0xff, 0xfe, 0x3, 0xff, 0xff, 0xff,
    0x3, 0xff, 0xff, 0xff, 0x3, 0xff, 0xff, 0xff,
    0x3, 0xff, 0xff, 0xff, 0x3, 0xff, 0xff, 0xff,
    0xe3, 0xfe, 0x71, 0xff, 0xe3, 0xfe, 0x71, 0xff,
    0xe3, 0xfe, 0x71, 0xff, 0xe3, 0xfe, 0x71, 0xff,
    0xe3, 0xfe, 0x71, 0xff, 0xe3, 0xfe, 0x71, 0xff,
    0xe3, 0xfe, 0x1, 0xff, 0xe3, 0xfe, 0x1, 0xff,
    0xe3, 0xfe, 0x1, 0xff, 0xe3, 0xff, 0xf1, 0xff,
    0xe3, 0xff, 0xf1, 0xff, 0xe3, 0xff, 0xf1, 0xff,
    0xe3, 0xff, 0xf1, 0xff, 0xe3, 0xff, 0xf1, 0xff,
    0xe3, 0xff, 0xf1, 0xff, 0xe3, 0xff, 0xff, 0xff,
    0xe3, 0xff, 0xff, 0xff, 0xe3, 0xff, 0xff, 0xff,
    0xe3, 0xff, 0xff, 0xff, 0xe3, 0xff, 0xff, 0xff,
    0xe1, 0xff, 0xff, 0xfe, 0xe0, 0x0, 0x0, 0x0,
    0xe0, 0x0, 0x0, 0x0, 0xff, 0xff, 0xff, 0xc0,
    0xff, 0xff, 0xff, 0xc0, 0x7f, 0xff, 0xff, 0xc0,

    /* U+F0F13 "󰼓" */
    0x1, 0xff, 0xff, 0xfe, 0x3, 0xff, 0xff, 0xff,
    0x3, 0xff, 0xff, 0xff, 0x3, 0xff, 0xff, 0xff,
    0x3, 0xff, 0xff, 0xff, 0x3, 0xff, 0xff, 0xff,
    0xe3, 0xfe, 0x1, 0xff, 0xe3, 0xfe, 0x1, 0xff,
    0xe3, 0xfe, 0x1, 0xff, 0xe3, 0xfe, 0x7f, 0xff,
    0xe3, 0xfe, 0x7f, 0xff, 0xe3, 0xfe, 0x7f, 0xff,
    0xe3, 0xfe, 0x3, 0xff, 0xe3, 0xfe, 0x1, 0xff,
    0xe3, 0xfe, 0x1, 0xff, 0xe3, 0xff, 0xf9, 0xff,
    0xe3, 0xff, 0xf9, 0xff, 0xe3, 0xff, 0xf9, 0xff,
    0xe3, 0xfe, 0x1, 0xff, 0xe3, 0xfe, 0x1, 0xff,
    0xe3, 0xfe, 0x3, 0xff, 0xe3, 0xff, 0xff, 0xff,
    0xe3, 0xff, 0xff, 0xff, 0xe3, 0xff, 0xff, 0xff,
    0xe3, 0xff, 0xff, 0xff, 0xe3, 0xff, 0xff, 0xff,
    0xe1, 0xff, 0xff, 0xfe, 0xe0, 0x0, 0x0, 0x0,
    0xe0, 0x0, 0x0, 0x0, 0xff, 0xff, 0xff, 0xc0,
    0xff, 0xff, 0xff, 0xc0, 0x7f, 0xff, 0xff, 0xc0,

    /* U+F0F14 "󰼔" */
    0x1, 0xff, 0xff, 0xfe, 0x3, 0xff, 0xff, 0xff,
    0x3, 0xff, 0xff, 0xff, 0x3, 0xff, 0xff, 0xff,
    0x3, 0xff, 0xff, 0xff, 0x3, 0xff, 0xff, 0xff,
    0xe3, 0xff, 0x1, 0xff, 0xe3, 0xfe, 0x1, 0xff,
    0xe3, 0xfe, 0x1, 0xff, 0xe3, 0xfe, 0x7f, 0xff,
    0xe3, 0xfe, 0x7f, 0xff, 0xe3, 0xfe, 0x7f, 0xff,
    0xe3, 0xfe, 0x3, 0xff, 0xe3, 0xfe, 0x1, 0xff,
    0xe3, 0xfe, 0x1, 0xff, 0xe3, 0xfe, 0x71, 0xff,
    0xe3, 0xfe, 0x71, 0xff, 0xe3, 0xfe, 0x71, 0xff,
    0xe3, 0xfe, 0x1, 0xff, 0xe3, 0xfe, 0x1, 0xff,
    0xe3, 0xff, 0x3, 0xff, 0xe3, 0xff, 0xff, 0xff,
    0xe3, 0xff, 0xff, 0xff, 0xe3, 0xff, 0xff, 0xff,
    0xe3, 0xff, 0xff, 0xff, 0xe3, 0xff, 0xff, 0xff,
    0xe1, 0xff, 0xff, 0xfe, 0xe0, 0x0, 0x0, 0x0,
    0xe0, 0x0, 0x0, 0x0, 0xff, 0xff, 0xff, 0xc0,
    0xff, 0xff, 0xff, 0xc0, 0x7f, 0xff, 0xff, 0xc0,

    /* U+F0F15 "󰼕" */
    0x1, 0xff, 0xff, 0xfe, 0x3, 0xff, 0xff, 0xff,
    0x3, 0xff, 0xff, 0xff, 0x3, 0xff, 0xff, 0xff,
    0x3, 0xff, 0xff, 0xff, 0x3, 0xff, 0xff, 0xff,
    0xe3, 0xfe, 0x1, 0xff, 0xe3, 0xfe, 0x1, 0xff,
    0xe3, 0xfe, 0x1, 0xff, 0xe3, 0xff, 0xf1, 0xff,
    0xe3, 0xff, 0xf3, 0xff, 0xe3, 0xff, 0xe3, 0xff,
    0xe3, 0xff, 0xe3, 0xff, 0xe3, 0xff, 0xc7, 0xff,
    0xe3, 0xff, 0xc7, 0xff, 0xe3, 0xff, 0xcf, 0xff,
    0xe3, 0xff, 0x8f, 0xff, 0xe3, 0xff, 0x9f, 0xff,
    0xe3, 0xff, 0x1f, 0xff, 0xe3, 0xff, 0x3f, 0xff,
    0xe3, 0xfe, 0x3f, 0xff, 0xe3, 0xff, 0xff, 0xff,
    0xe3, 0xff, 0xff, 0xff, 0xe3, 0xff, 0xff, 0xff,
    0xe3, 0xff, 0xff, 0xff, 0xe3, 0xff, 0xff, 0xff,
    0xe1, 0xff, 0xff, 0xfe, 0xe0, 0x0, 0x0, 0x0,
    0xe0, 0x0, 0x0, 0x0, 0xff, 0xff, 0xff, 0xc0,
    0xff, 0xff, 0xff, 0xc0, 0x7f, 0xff, 0xff, 0xc0,

    /* U+F0F16 "󰼖" */
    0x1, 0xff, 0xff, 0xfe, 0x3, 0xff, 0xff, 0xff,
    0x3, 0xff, 0xff, 0xff, 0x3, 0xff, 0xff, 0xff,
    0x3, 0xff, 0xff, 0xff, 0x3, 0xff, 0xff, 0xff,
    0xe3, 0xff, 0x3, 0xff, 0xe3, 0xfe, 0x1, 0xff,
    0xe3, 0xfe, 0x1, 0xff, 0xe3, 0xfe, 0x71, 0xff,
    0xe3, 0xfe, 0x71, 0xff, 0xe3, 0xfe, 0x71, 0xff,
    0xe3, 0xff, 0x1, 0xff, 0xe3, 0xff, 0x3, 0xff,
    0xe3, 0xfe, 0x3, 0xff, 0xe3, 0xfe, 0x71, 0xff,
    0xe3, 0xfe, 0x71, 0xff, 0xe3, 0xfe, 0x71, 0xff,
    0xe3, 0xfe, 0x1, 0xff, 0xe3, 0xfe, 0x1, 0xff,
    0xe3, 0xff, 0x3, 0xff, 0xe3, 0xff, 0xff, 0xff,
    0xe3, 0xff, 0xff, 0xff, 0xe3, 0xff, 0xff, 0xff,
    0xe3, 0xff, 0xff, 0xff, 0xe3, 0xff, 0xff, 0xff,
    0xe1, 0xff, 0xff, 0xfe, 0xe0, 0x0, 0x0, 0x0,
    0xe0, 0x0, 0x0, 0x0, 0xff, 0xff, 0xff, 0xc0,
    0xff, 0xff, 0xff, 0xc0, 0x7f, 0xff, 0xff, 0xc0,

    /* U+F0F17 "󰼗" */
    0x1, 0xff, 0xff, 0xfe, 0x3, 0xff, 0xff, 0xff,
    0x3, 0xff, 0xff, 0xff, 0x3, 0xff, 0xff, 0xff,
    0x3, 0xff, 0xff, 0xff, 0x3, 0xff, 0xff, 0xff,
    0xe3, 0xff, 0x3, 0xff, 0xe3, 0xfe, 0x1, 0xff,
    0xe3, 0xfe, 0x1, 0xff, 0xe3, 0xfe, 0x71, 0xff,
    0xe3, 0xfe, 0x71, 0xff, 0xe3, 0xfe, 0x71, 0xff,
    0xe3, 0xfe, 0x1, 0xff, 0xe3, 0xfe, 0x1, 0xff,
    0xe3, 0xff, 0x1, 0xff, 0xe3, 0xff, 0xf1, 0xff,
    0xe3, 0xff, 0xf1, 0xff, 0xe3, 0xff, 0xf1, 0xff,
    0xe3, 0xfe, 0x1, 0xff, 0xe3, 0xfe, 0x1, 0xff,
    0xe3, 0xfe, 0x3, 0xff, 0xe3, 0xff, 0xff, 0xff,
    0xe3, 0xff, 0xff, 0xff, 0xe3, 0xff, 0xff, 0xff,
    0xe3, 0xff, 0xff, 0xff, 0xe3, 0xff, 0xff, 0xff,
    0xe1, 0xff, 0xff, 0xfe, 0xe0, 0x0, 0x0, 0x0,
    0xe0, 0x0, 0x0, 0x0, 0xff, 0xff, 0xff, 0xc0,
    0xff, 0xff, 0xff, 0xc0, 0x7f, 0xff, 0xff, 0xc0,

    /* U+F0F18 "󰼘" */
    0x1, 0xff, 0xff, 0xfe, 0x3, 0xff, 0xff, 0xff,
    0x3, 0xff, 0xff, 0xff, 0x3, 0xff, 0xff, 0xff,
    0x3, 0xff, 0xff, 0xff, 0xe3, 0xff, 0xff, 0xff,
    0xe3, 0xff, 0xff, 0xff, 0xe3, 0xf8, 0x3f, 0xff,
    0xe3, 0xf0, 0x1e, 0x3f, 0xe3, 0xf0, 0x1e, 0x3f,
    0xe3, 0xf1, 0x1e, 0x3f, 0xe3, 0xf0, 0x10, 0x7,
    0xe3, 0xf0, 0x10, 0x7, 0xe3, 0xf8, 0x10, 0x7,
    0xe3, 0xff, 0x1e, 0x3f, 0xe3, 0xf0, 0x1e, 0x3f,
    0xe3, 0xf0, 0x1e, 0x3f, 0xe3, 0xf0, 0x3f, 0xff,
    0xe3, 0xff, 0xff, 0xff, 0xe3, 0xff, 0xff, 0xff,
    0xe3, 0xff, 0xff, 0xff, 0xe3, 0xff, 0xff, 0xff,
    0xe3, 0xff, 0xff, 0xff, 0xe3, 0xff, 0xff, 0xff,
    0xe1, 0xff, 0xff, 0xfe, 0xe0, 0x0, 0x0, 0x0,
    0xe0, 0x0, 0x0, 0x0, 0xe0, 0x0, 0x0, 0x0,
    0xff, 0xff, 0xff, 0xc0, 0xff, 0xff, 0xff, 0xc0,
    0x7f, 0xff, 0xff, 0xc0,

    /* U+F0F1B "󰼛" */
    0x0, 0x0, 0x0, 0x30, 0x0, 0x0, 0xe, 0x0,
    0x0, 0x3, 0xe0, 0x0, 0x0, 0xfe, 0x0, 0x0,
    0x3f, 0xc0, 0x0, 0xf, 0xfc, 0x0, 0x3, 0xff,
    0x80, 0x0, 0xff, 0xf8, 0x0, 0x3e, 0xff, 0x80,
    0xf, 0x8f, 0xf0, 0x3, 0xe1, 0xff, 0x0, 0xf8,
    0x1f, 0xe0, 0x3e, 0x1, 0xfe, 0xf, 0x80, 0x3f,
    0xe3, 0xe0, 0x3, 0xfc, 0xf8, 0x0, 0x7f, 0xbe,
    0x0, 0x7f, 0xcf, 0x80, 0x3f, 0xc3, 0xe0, 0x3f,
    0xe0, 0xf8, 0x1f, 0xe0, 0x3e, 0x1f, 0xe0, 0xf,
    0x8f, 0xf0, 0x3, 0xef, 0xf0, 0x0, 0xff, 0xf8,
    0x0, 0x3f, 0xf8, 0x0, 0xf, 0xf8, 0x0, 0x3,
    0xfc, 0x0, 0x0, 0xfc, 0x0, 0x0, 0x3e, 0x0,
    0x0, 0xe, 0x0, 0x0, 0x2, 0x0, 0x0, 0x0,

    /* U+F0F54 "󰽔" */
    0x0, 0x0, 0x80, 0x0, 0x0, 0x3, 0xc0, 0x0,
    0x0, 0x7, 0xe0, 0x0, 0x0, 0xf, 0xf0, 0x0,
    0x0, 0x1f, 0xf8, 0x0, 0x0, 0x3f, 0xfc, 0x0,
    0x0, 0xff, 0xfe, 0x0, 0x1, 0xff, 0xfc, 0x0,
    0x3, 0xff, 0xf8, 0x78, 0x7, 0xff, 0xf8, 0xcc,
    0xf, 0xff, 0xf8, 0x84, 0x1f, 0xff, 0xf8, 0x84,
    0x7f, 0xff, 0xf8, 0xfc, 0xff, 0xff, 0xf8, 0xfc,
    0x7, 0xff, 0xf8, 0xfc, 0x7, 0xff, 0xf8, 0xfc,
    0x7, 0xff, 0xf8, 0xfc, 0x7, 0xff, 0xf8, 0xfc,
    0x7, 0xff, 0xf8, 0xfc, 0x7, 0xff, 0xf8, 0xfc,
    0x7, 0xff, 0xf0, 0xfc, 0x7, 0xff, 0xf1, 0xfe,
    0x7, 0xff, 0xf3, 0xff, 0x7, 0xff, 0xe3, 0xff,
    0x7, 0xff, 0xe3, 0xff, 0x7, 0xff, 0xf3, 0xff,
    0x0, 0x0, 0x1, 0xfe, 0x0, 0x0, 0x1, 0xfe,
    0x0, 0x0, 0x0, 0x78,

    /* U+F0F55 "󰽕" */
    0x0, 0x1, 0x0, 0x0, 0x0, 0x3, 0xc0, 0x0,
    0x0, 0x7, 0xe0, 0x0, 0x0, 0xf, 0xf0, 0x0,
    0x0, 0x1e, 0xf8, 0x0, 0x0, 0x7c, 0x3c, 0x0,
    0x0, 0xf8, 0x1c, 0x0, 0x1, 0xf0, 0xc, 0x0,
    0x3, 0xe0, 0x0, 0x78, 0x7, 0x80, 0x0, 0xcc,
    0xf, 0x0, 0x0, 0x84, 0x1f, 0x0, 0x0, 0x84,
    0x7f, 0x0, 0x0, 0xfc, 0xff, 0x0, 0x0, 0xfc,
    0x7, 0x0, 0x0, 0xfc, 0x7, 0x0, 0x0, 0xfc,
    0x7, 0x0, 0x0, 0xfc, 0x7, 0x0, 0x0, 0xfc,
    0x7, 0x0, 0x0, 0xfc, 0x7, 0x0, 0x0, 0xfc,
    0x7, 0x0, 0x0, 0xfc, 0x7, 0x0, 0x1, 0xfe,
    0x7, 0x0, 0x3, 0xff, 0x7, 0xff, 0xe3, 0xff,
    0x7, 0xff, 0xe3, 0xff, 0x7, 0xff, 0xe3, 0xff,
    0x0, 0x0, 0x1, 0xfe, 0x0, 0x0, 0x1, 0xfe,
    0x0, 0x0, 0x0, 0x78,

    /* U+F0F67 "󰽧" */
    0x1c, 0x0, 0x7, 0xfe, 0x0, 0x7, 0xfc, 0x0,
    0x1f, 0xf8, 0x0, 0x3f, 0xe0, 0x0, 0xff, 0x80,
    0x7, 0xfe, 0x0, 0x1f, 0xf8, 0x0, 0x7f, 0xc0,
    0x3, 0xff, 0x0, 0xf, 0xf8, 0x0, 0x7f, 0xe0,
    0x3, 0xff, 0x0, 0x1f, 0xf8, 0x0, 0x7f, 0xc0,
    0x3, 0xfe, 0x0, 0x1f, 0xf0, 0x0, 0xff, 0x80,
    0x7, 0xfc, 0x0, 0x7f, 0xe0, 0x3, 0xff, 0x0,
    0x1f, 0xf8, 0x0, 0xff, 0x80, 0xf, 0xfc, 0x0,
    0x7f, 0xc0, 0x7, 0xfe, 0x0, 0x7f, 0xe0, 0x7,
    0xfe, 0x0, 0x7f, 0xe0, 0x7, 0xfe, 0x0, 0xff,
    0xc0, 0x1f, 0xf8, 0x0, 0x0, 0x0, 0x0,

    /* U+F0F8D "󰾍" */
    0xff, 0xfc, 0x3f, 0xff, 0xff, 0xfc, 0x3f, 0xff,
    0xff, 0xfc, 0x3f, 0xff, 0xff, 0xfc, 0x3f, 0xff,
    0xff, 0xfc, 0x3f, 0xff, 0xff, 0xfc, 0x3f, 0xff,
    0xff, 0xfc, 0x3f, 0xff, 0xff, 0xfc, 0x3f, 0xff,
    0xff, 0xfc, 0x3f, 0xff, 0xff, 0xfc, 0x3f, 0xff,
    0xff, 0xfc, 0x3f, 0xff, 0xff, 0xfc, 0x3f, 0xff,
    0xff, 0xfc, 0x3f, 0xff, 0xff, 0xfc, 0x3f, 0xff,
    0x0, 0x0, 0x0, 0x0, 0x0, 0x0, 0x0, 0x0,
    0x0, 0x0, 0x0, 0x0, 0xff, 0xfc, 0x1, 0xe0,
    0xff, 0xfc, 0x1, 0xe0, 0xff, 0xfc, 0x1, 0xe0,
    0xff, 0xfc, 0x1, 0xe0, 0xff, 0xfc, 0x1, 0xe0,
    0xff, 0xfc, 0x1, 0xe0, 0xff, 0xfc, 0x7f, 0xff,
    0xff, 0xfc, 0x7f, 0xff, 0xff, 0xfc, 0x7f, 0xff,
    0xff, 0xfc, 0x1, 0xe0, 0xff, 0xfc, 0x1, 0xe0,
    0xff, 0xfc, 0x1, 0xe0, 0xff, 0xfc, 0x1, 0xe0,
    0xff, 0xfc, 0x1, 0xe0,

    /* U+F1012 "󱀒" */
    0x0, 0x1, 0xff, 0xf0, 0x0, 0xf, 0xff, 0xfc,
    0x0, 0xf, 0xff, 0xfe, 0x0, 0x1f, 0xff, 0xfe,
    0x0, 0x1f, 0xff, 0xff, 0x3c, 0x1c, 0x0, 0x7,
    0x7e, 0x1c, 0x0, 0x7, 0xfe, 0x1c, 0x0, 0x7,
    0xff, 0x1c, 0x0, 0x7, 0xff, 0x1c, 0x0, 0x7,
    0xff, 0x1c, 0x0, 0x7, 0xfe, 0x1c, 0x0, 0x7,
    0x7e, 0x1f, 0xff, 0xff, 0x18, 0x1f, 0xff, 0xff,
    0x18, 0x1f, 0xff, 0xff, 0x18, 0x1f, 0xff, 0xff,
    0x18, 0x1f, 0xff, 0xff, 0x18, 0x1c, 0x7f, 0x8f,
    0x18, 0x1c, 0x7f, 0x87, 0x18, 0x1c, 0x7f, 0x8f,
    0x18, 0x1f, 0xff, 0xff, 0x18, 0x1f, 0xff, 0xfe,
    0x18, 0xf, 0xff, 0xfc, 0x18, 0xf, 0x0, 0x1c,
    0x18, 0xf, 0x0, 0x1c, 0x18, 0xe, 0x0, 0x1c,
    0x18, 0x6, 0x0, 0x8,

    /* U+F10C2 "󱃂" */
    0x3, 0xe0, 0x3, 0xf8, 0x3, 0xfc, 0x1, 0xef,
    0x0, 0xe3, 0x80, 0x7f, 0xc0, 0x3f, 0xe0, 0x1f,
    0xf0, 0xf, 0xf8, 0x7, 0xfc, 0x3, 0xfe, 0x1,
    0xff, 0x0, 0xff, 0x80, 0x7f, 0xc0, 0x3f, 0xe0,
    0x1f, 0xf0, 0xf, 0xf8, 0x7, 0xfc, 0x7, 0xff,
    0x7, 0xff, 0xc3, 0xff, 0xe3, 0xff, 0xf9, 0xff,
    0xfc, 0xff, 0xfe, 0x7f, 0xff, 0x3f, 0xff, 0x9f,
    0xff, 0xc7, 0xff, 0xc3, 0xff, 0xe0, 0xff, 0xe0,
    0x3f, 0xe0, 0x7, 0xc0,

    /* U+F10C3 "󱃃" */
    0x3, 0xe0, 0x3, 0xf8, 0x3, 0xfc, 0x1, 0xc7,
    0x0, 0xe3, 0x80, 0x71, 0xc0, 0x38, 0xe0, 0x1c,
    0x70, 0xe, 0x38, 0x7, 0x1c, 0x3, 0x8e, 0x1,
    0xc7, 0x0, 0xe3, 0x80, 0x71, 0xc0, 0x38, 0xe0,
    0x1c, 0x70, 0xf, 0xf8, 0x7, 0xfc, 0x7, 0xff,
    0x7, 0xff, 0xc3, 0xff, 0xe3, 0xff, 0xf9, 0xff,
    0xfc, 0xff, 0xfe, 0x7f, 0xff, 0x3f, 0xff, 0x9f,
    0xff, 0xc7, 0xff, 0xc3, 0xff, 0xe0, 0xff, 0xe0,
    0x3f, 0xe0, 0x7, 0xc0,

    /* U+F11D9 "󱇙" */
    0xff, 0xfe, 0x3f, 0xff, 0xff, 0xfe, 0x3f, 0xff,
    0xff, 0xfe, 0x3f, 0xff, 0xf0, 0x1e, 0x3c, 0xf,
    0xf0, 0x1e, 0x3c, 0xf, 0xf0, 0x1e, 0x3c, 0xf,
    0xf0, 0x1e, 0x3c, 0xf, 0xf0, 0x1e, 0x3c, 0xf,
    0xf0, 0x1e, 0x3c, 0xf, 0xf0, 0x1e, 0x3c, 0xf,
    0xff, 0xfe, 0x3f, 0xff, 0xff, 0xfe, 0x3f, 0xff,
    0xff, 0xfe, 0x3f, 0xff, 0x0, 0x0, 0x0, 0x0,
    0x0, 0x0, 0x0, 0x0, 0x0, 0x0, 0x0, 0x0,
    0x0, 0x0, 0x0, 0x0, 0xff, 0xfe, 0x3f, 0xff,
    0xff, 0xfe, 0x3f, 0xff, 0xff, 0xfe, 0x3f, 0xff,
    0xf0, 0x1e, 0x3c, 0xf, 0xf0, 0x1e, 0x3c, 0xf,
    0xf0, 0x1e, 0x3c, 0xf, 0xf0, 0x1e, 0x3c, 0xf,
    0xf0, 0x1e, 0x3c, 0xf, 0xf0, 0x1e, 0x3c, 0xf,
    0xf0, 0x1e, 0x3c, 0xf, 0xf0, 0x1e, 0x3c, 0xf,
    0xff, 0xfe, 0x3f, 0xff, 0xff, 0xfe, 0x3f, 0xff,
    0xff, 0xfe, 0x3f, 0xff,

    /* U+F11DA "󱇚" */
    0xff, 0xfe, 0x3f, 0xff, 0xff, 0xfe, 0x3f, 0xff,
    0xff, 0xfe, 0x3f, 0xff, 0xf0, 0x1e, 0x3c, 0xf,
    0xf0, 0x1e, 0x3c, 0xf, 0xf0, 0x1e, 0x3c, 0xf,
    0xf0, 0x1e, 0x3c, 0xf, 0xf0, 0x1e, 0x3c, 0xf,
    0xf0, 0x1e, 0x3c, 0xf, 0xf0, 0x1e, 0x3c, 0xf,
    0xff, 0xfe, 0x3f, 0xff, 0xff, 0xfe, 0x3f, 0xff,
    0xff, 0xfe, 0x3f, 0xff, 0x0, 0x0, 0x0, 0x0,
    0x0, 0x0, 0x0, 0x0, 0x0, 0x0, 0x0, 0x0,
    0x0, 0x0, 0x0, 0xe0, 0xff, 0xfe, 0x0, 0xe0,
    0xff, 0xfe, 0x0, 0xe0, 0xff, 0xfe, 0x0, 0xe0,
    0xf0, 0x1e, 0x0, 0xe0, 0xf0, 0x1e, 0x0, 0xe0,
    0xf0, 0x1e, 0x3f, 0xff, 0xf0, 0x1e, 0x3f, 0xff,
    0xf0, 0x1e, 0x3f, 0xff, 0xf0, 0x1e, 0x3f, 0xff,
    0xf0, 0x1e, 0x0, 0xe0, 0xf0, 0x1e, 0x0, 0xe0,
    0xff, 0xfe, 0x0, 0xe0, 0xff, 0xfe, 0x0, 0xe0,
    0xff, 0xfe, 0x0, 0xe0,

    /* U+F1212 "󱈒" */
    0x3, 0xff, 0xe0, 0x1, 0xff, 0xff, 0xc0, 0x7f,
    0xff, 0xff, 0x7, 0xff, 0xff, 0xf0, 0xff, 0xff,
    0xff, 0x8f, 0xff, 0xff, 0xf8, 0xe0, 0x0, 0x3,
    0x8e, 0x0, 0x0, 0x38, 0xe0, 0x0, 0x3, 0x8e,
    0x0, 0x0, 0x38, 0xe0, 0x0, 0x3, 0x8e, 0x0,
    0x0, 0x38, 0xe0, 0x0, 0x0, 0xe, 0x0, 0x0,
    0x0, 0xff, 0xff, 0x80, 0xf, 0xff, 0xf0, 0xf8,
    0xff, 0xfe, 0x1f, 0xcf, 0xff, 0xe3, 0xfe, 0xfb,
    0xfc, 0x7f, 0xfe, 0xf, 0xc7, 0xcf, 0xe0, 0xfc,
    0x78, 0xfe, 0xf, 0xc7, 0x8f, 0xe0, 0xfc, 0x78,
    0xff, 0x1f, 0xc7, 0xff, 0xff, 0xfc, 0x3f, 0xe7,
    0xff, 0xe3, 0xfe, 0x3f, 0xfe, 0x1f, 0xc3, 0xc0,
    0x0, 0xfc, 0x3c, 0x0, 0xf, 0x83, 0xc0, 0x0,
    0x70, 0x0, 0x0, 0x3, 0x0, 0x0, 0x0, 0x20,

    /* U+F12D3 "󱋓" */
    0x0, 0x3, 0xc0, 0x0, 0x0, 0x1f, 0xf8, 0x0,
    0x0, 0x7f, 0xfe, 0x0, 0x3, 0xff, 0xff, 0xc0,
    0xf, 0xff, 0xff, 0xf0, 0x7f, 0xff, 0xff, 0xfe,
    0xff, 0xff, 0xff, 0xff, 0xff, 0xff, 0xff, 0xff,
    0xff, 0xff, 0xff, 0xff, 0xe0, 0x0, 0x0, 0x7,
    0xe0, 0x0, 0x0, 0x7, 0xe7, 0xff, 0xff, 0xe7,
    0xe7, 0xff, 0xff, 0xe7, 0xe7, 0xff, 0xff, 0xe7,
    0xe0, 0x0, 0x0, 0x7, 0xe7, 0xff, 0xff, 0xe7,
    0xe7, 0xff, 0xff, 0xe7, 0xe7, 0xff, 0xff, 0xe7,
    0xe7, 0xff, 0xff, 0xe7, 0xe0, 0x0, 0x0, 0x7,
    0xe7, 0xff, 0xff, 0xe7, 0xe7, 0xff, 0xff, 0xe7,
    0xe7, 0xff, 0xff, 0xe7,

    /* U+F12D4 "󱋔" */
    0x0, 0x0, 0x0, 0x0, 0x0, 0x7, 0xe0, 0x0,
    0x0, 0x1f, 0xf8, 0x0, 0x0, 0xff, 0xff, 0x0,
    0x3, 0xff, 0xff, 0xc0, 0x1f, 0xff, 0xff, 0xf8,
    0x7f, 0xff, 0xff, 0xfe, 0xff, 0xff, 0xff, 0xff,
    0xff, 0xff, 0xff, 0xff, 0xff, 0xff, 0xff, 0xff,
    0xe0, 0x0, 0x0, 0x7, 0xe0, 0x0, 0x0, 0x7,
    0xe7, 0xff, 0xff, 0xe7, 0xe7, 0xff, 0xff, 0xe7,
    0xe7, 0xff, 0xff, 0xe7, 0xe0, 0x0, 0x0, 0x7,
    0xe0, 0x0, 0x0, 0x7, 0xe0, 0x0, 0x0, 0x7,
    0xe0, 0x0, 0x0, 0x7, 0xe0, 0x0, 0x0, 0x7,
    0xe0, 0x0, 0x0, 0x7, 0xe0, 0x0, 0x0, 0x7,
    0xe0, 0x0, 0x0, 0x7, 0xe0, 0x0, 0x0, 0x7,

    /* U+F140B "󱐋" */
    0x0, 0x0, 0x0, 0x10, 0x0, 0x4, 0x0, 0x1,
    0x0, 0x0, 0xc0, 0x0, 0x30, 0x0, 0x1c, 0x0,
    0x7, 0x0, 0x3, 0xc0, 0x0, 0xf0, 0x0, 0x7c,
    0x0, 0x1f, 0x0, 0xf, 0xff, 0xc3, 0xff, 0xe1,
    0xff, 0xf8, 0x7f, 0xfc, 0x3f, 0xff, 0xf, 0xff,
    0x87, 0xff, 0xe1, 0xff, 0xf0, 0xff, 0xfc, 0x0,
    0x3e, 0x0, 0xf, 0x80, 0x3, 0xc0, 0x0, 0xf0,
    0x0, 0x38, 0x0, 0xe, 0x0, 0x3, 0x0, 0x0,
    0xc0, 0x0, 0x20, 0x0, 0x8, 0x0, 0x0, 0x0,

    /* U+F1489 "󱒉" */
    0xff, 0xff, 0xff, 0xff, 0xff, 0xff, 0xff, 0xff,
    0xff, 0xff, 0xff, 0xff, 0xe0, 0x38, 0x1c, 0x7,
    0xe0, 0x38, 0x1c, 0x7, 0xe0, 0x38, 0x1c, 0x7,
    0xe0, 0x38, 0x1c, 0x7, 0xe0, 0x38, 0x1c, 0x7,
    0xe0, 0x3f, 0xfc, 0x7, 0xe0, 0x3f, 0xfc, 0x7,
    0xe0, 0x3f, 0xfc, 0x7, 0xe0, 0x3f, 0xfc, 0x7,
    0xe0, 0x38, 0x1f, 0xff, 0xe0, 0x38, 0x1f, 0xff,
    0xe0, 0x38, 0x1f, 0xff, 0xe0, 0x38, 0x1c, 0x7,
    0xe0, 0x38, 0x1c, 0x7, 0xe0, 0x38, 0x1c, 0x7,
    0xe0, 0x38, 0x1c, 0x7, 0xe0, 0x38, 0x1c, 0x7,
    0xff, 0xff, 0xff, 0xff, 0xff, 0xff, 0xff, 0xff,
    0xff, 0xff, 0xff, 0xff,

    /* U+F16B5 "󱚵" */
    0x0, 0x1f, 0xfe, 0x0, 0x1, 0xff, 0xff, 0xc0,
    0x7, 0xff, 0xff, 0xf0, 0x1f, 0xff, 0xff, 0xc0,
    0x7f, 0xf8, 0xf, 0xc0, 0xff, 0x80, 0x0, 0xc0,
    0x7e, 0x0, 0x0, 0x7, 0x38, 0x0, 0x0, 0x7,
    0x30, 0x0, 0x0, 0x7, 0x0, 0xf, 0xf8, 0x7,
    0x0, 0x7f, 0xff, 0x7, 0x1, 0xff, 0xff, 0xc7,
    0x3, 0xff, 0xff, 0xc7, 0x3, 0xff, 0xff, 0xc7,
    0x1, 0xe0, 0x3, 0xc7, 0x0, 0x80, 0x0, 0xc0,
    0x0, 0x0, 0x0, 0x0, 0x0, 0x0, 0x0, 0x0,
    0x0, 0x3, 0xf0, 0x7, 0x0, 0xf, 0xfc, 0x7,
    0x0, 0xf, 0xfc, 0x7, 0x0, 0xf, 0xf8, 0x0,
    0x0, 0x7, 0xf0, 0x0, 0x0, 0x3, 0xe0, 0x0,
    0x0, 0x1, 0xe0, 0x0, 0x0, 0x1, 0xc0, 0x0,
    0x0, 0x0, 0x80, 0x0,

    /* U+F16BD "󱚽" */
    0x0, 0x1f, 0xf8, 0x0, 0x1, 0xff, 0xff, 0x80,
    0xf, 0xff, 0xff, 0xf0, 0x3f, 0xff, 0xff, 0xfc,
    0x7f, 0xe0, 0x7, 0xfe, 0xff, 0x0, 0x0, 0xff,
    0x7c, 0x0, 0x0, 0x3e, 0x30, 0x0, 0x0, 0xc,
    0x0, 0x1, 0x80, 0x0, 0x0, 0x3f, 0xfc, 0x0,
    0x0, 0xff, 0xff, 0x0, 0x3, 0xff, 0xff, 0xc0,
    0x3, 0xff, 0xff, 0xc0, 0x3, 0xf0, 0xf, 0xc0,
    0x1, 0xc0, 0x3, 0x80, 0x0, 0x0, 0x0, 0x0,
    0x0, 0x0, 0x0, 0x0, 0x0, 0x1, 0xc0, 0x0,
    0x0, 0xf, 0xe0, 0x0, 0x0, 0x1f, 0xc0, 0x6,
    0x0, 0xf, 0xc0, 0xe, 0x0, 0xf, 0xc0, 0x1e,
    0x0, 0x7, 0x86, 0x3c, 0x0, 0x3, 0x87, 0x78,
    0x0, 0x1, 0x83, 0xf0, 0x0, 0x1, 0x83, 0xe0,
    0x0, 0x0, 0x1, 0xc0, 0x0, 0x0, 0x0, 0x80,

    /* U+F1782 "󱞂" */
    0x7f, 0xff, 0xe0, 0x1, 0xff, 0xff, 0xe0, 0x3,
    0xff, 0xff, 0xe0, 0x7, 0x0, 0x1d, 0xe0, 0xe,
    0x0, 0x39, 0xe0, 0x1c, 0x0, 0x71, 0xe0, 0x38,
    0x0, 0xe1, 0xe0, 0x70, 0x1, 0xc1, 0xe0, 0xe0,
    0x3, 0x81, 0xe1, 0xc0, 0x7, 0x1, 0xc3, 0x80,
    0xe, 0x3, 0xc7, 0x0, 0x1c, 0x3, 0x8e, 0x0,
    0x3f, 0xfc, 0x1c, 0x0, 0x7f, 0xf0, 0x38, 0x0,
    0xff, 0xc0, 0x70, 0x0, 0x0, 0x4, 0xe0, 0x0,
    0x0, 0x1d, 0xc0, 0x0, 0x0, 0x3f, 0x80, 0x0,
    0x1, 0x3f, 0x0, 0x0, 0x7, 0x2e, 0x0, 0x0,
    0x3f, 0x1c, 0x0, 0x0, 0xfe, 0x38, 0x0, 0x3,
    0xf8, 0x70, 0x0, 0xf, 0xe0, 0xe0, 0x0, 0x3f,
    0x81, 0xc0, 0x0, 0xfe, 0x3, 0xff, 0xe3, 0xf8,
    0x7, 0xff, 0xcf, 0xe0, 0x7, 0xff, 0x9f, 0x80,
    0x0, 0x0, 0x3e, 0x0, 0x0, 0x0, 0x78, 0x0,
    0x0,

    /* U+F1947 "󱥇" */
    0xff, 0xf8, 0xff, 0xf8, 0xff, 0xf8, 0xff, 0xf8,
    0xff, 0xf8, 0xff, 0xf8, 0xff, 0xf8, 0xff, 0xf8,
    0xff, 0xf8, 0xff, 0xf8, 0xff, 0xf8, 0xff, 0xf8,
    0xff, 0xf8, 0xff, 0xf8, 0xff, 0xf8, 0xff, 0xf8,
    0xff, 0xf8, 0xff, 0xf8, 0xff, 0xf8, 0xff, 0xf8,
    0xff, 0xf8, 0x0, 0x0, 0xff, 0xf8, 0x0, 0x0,
    0xff, 0xf8, 0x0, 0x0, 0xff, 0xf8, 0xff, 0xf0,
    0xff, 0xf8, 0xff, 0xc0, 0xff, 0xf8, 0xff, 0x80,
    0x0, 0x0, 0xff, 0xc, 0x0, 0x0, 0xfe, 0xe,
    0x0, 0x0, 0xfc, 0x1e, 0x0, 0x0, 0xf8, 0xf,
    0xff, 0xf8, 0xf0, 0x67, 0xff, 0xf8, 0xe0, 0xf2,
    0xff, 0xf8, 0xc1, 0xf8, 0xff, 0xf8, 0x83, 0xf8,
    0xff, 0xf8, 0x7, 0xf0, 0xff, 0xf8, 0xf, 0xe0,
    0xff, 0xf8, 0x1f, 0x80, 0xff, 0xf8, 0x3f, 0x0,
    0xff, 0xf8, 0xfe, 0x0, 0x0, 0x0, 0xfc, 0x0,
    0x0, 0x0, 0xf8, 0x0, 0x0, 0x0, 0xf0, 0x0,

    /* U+F1948 "󱥈" */
    0xff, 0xf8, 0xff, 0xf8, 0xff, 0xf8, 0xff, 0xf8,
    0xff, 0xf8, 0xff, 0xf8, 0xe0, 0x38, 0xe0, 0x38,
    0xe0, 0x38, 0xe0, 0x38, 0xe0, 0x38, 0xe0, 0x38,
    0xe0, 0x38, 0xff, 0xf8, 0xe0, 0x38, 0xff, 0xf8,
    0xe0, 0x38, 0xff, 0xf8, 0xe0, 0x38, 0x0, 0x0,
    0xe0, 0x38, 0x0, 0x0, 0xe0, 0x38, 0x0, 0x0,
    0xff, 0xf8, 0xff, 0xf0, 0xff, 0xf8, 0xff, 0xc0,
    0xff, 0xf8, 0xff, 0x80, 0x0, 0x0, 0xe0, 0xc,
    0x0, 0x0, 0xe0, 0x1e, 0x0, 0x0, 0xe0, 0x1f,
    0xff, 0xf8, 0xe0, 0x4f, 0xff, 0xf8, 0xe0, 0xf6,
    0xff, 0xf8, 0xc1, 0xf8, 0xe0, 0x38, 0xc3, 0xf8,
    0xe0, 0x38, 0x87, 0xf0, 0xe0, 0x38, 0xf, 0xe0,
    0xe0, 0x38, 0x1f, 0xc0, 0xff, 0xf8, 0x3f, 0x80,
    0xff, 0xf8, 0x7f, 0x0, 0xff, 0xf8, 0xfe, 0x0,
    0x0, 0x0, 0xfc, 0x0, 0x0, 0x0, 0xf8, 0x0,
    0x0, 0x0, 0xf0, 0x0,

    /* U+F1A09 "󱨉" */
    0xff, 0xff, 0xff, 0xff, 0x7f, 0xff, 0xff, 0xfe,
    0x7f, 0xff, 0xff, 0xfe, 0x3f, 0xff, 0xff, 0xfc,
    0x3f, 0xff, 0xff, 0xfc, 0x1f, 0xff, 0xff, 0xf8,
    0x1f, 0xff, 0xff, 0xf8, 0xf, 0xff, 0xff, 0xf0,
    0x7, 0xff, 0xff, 0xe0, 0x7, 0xff, 0xff, 0xe0,
    0x3, 0xff, 0xff, 0xc0, 0x3, 0xff, 0xff, 0xc0,
    0x1, 0xff, 0xff, 0x80, 0x1, 0xff, 0xff, 0x80,
    0x0, 0xff, 0xff, 0x0, 0x0, 0x7f, 0xfe, 0x0,
    0x0, 0x7f, 0xfe, 0x0, 0x0, 0x3f, 0xfc, 0x0,
    0x0, 0x3f, 0xfc, 0x0, 0x0, 0x1f, 0xf8, 0x0,
    0x0, 0x1f, 0xf8, 0x0, 0x0, 0xf, 0xf0, 0x0,
    0x0, 0x7, 0xe0, 0x0, 0x0, 0x7, 0xe0, 0x0,
    0x0, 0x3, 0xc0, 0x0, 0x0, 0x3, 0xc0, 0x0,
    0x0, 0x1, 0x80, 0x0, 0x0, 0x1, 0x80, 0x0,

    /* U+F1A0A "󱨊" */
    0x0, 0x0, 0x0, 0x0, 0x0, 0x1, 0x80, 0x0,
    0x0, 0x1, 0x80, 0x0, 0x0, 0x3, 0xc0, 0x0,
    0x0, 0x3, 0xc0, 0x0, 0x0, 0x7, 0xe0, 0x0,
    0x0, 0xf, 0xf0, 0x0, 0x0, 0xf, 0xf0, 0x0,
    0x0, 0x1f, 0xf8, 0x0, 0x0, 0x1f, 0xf8, 0x0,
    0x0, 0x3f, 0xfc, 0x0, 0x0, 0x3f, 0xfc, 0x0,
    0x0, 0x7f, 0xfe, 0x0, 0x0, 0x7f, 0xff, 0x0,
    0x0, 0xff, 0xff, 0x0, 0x1, 0xff, 0xff, 0x80,
    0x1, 0xff, 0xff, 0x80, 0x3, 0xff, 0xff, 0xc0,
    0x3, 0xff, 0xff, 0xc0, 0x7, 0xff, 0xff, 0xe0,
    0x7, 0xff, 0xff, 0xe0, 0xf, 0xff, 0xff, 0xf0,
    0x1f, 0xff, 0xff, 0xf8, 0x1f, 0xff, 0xff, 0xf8,
    0x3f, 0xff, 0xff, 0xfc, 0x3f, 0xff, 0xff, 0xfc,
    0x7f, 0xff, 0xff, 0xfe, 0xff, 0xff, 0xff, 0xff
};


/*---------------------
 *  GLYPH DESCRIPTION
 *--------------------*/

static const lv_font_fmt_txt_glyph_dsc_t glyph_dsc[] = {
    {.bitmap_index = 0, .adv_w = 0, .box_w = 0, .box_h = 0, .ofs_x = 0, .ofs_y = 0} /* id = 0 reserved */,
    {.bitmap_index = 0, .adv_w = 512, .box_w = 11, .box_h = 32, .ofs_x = 11, .ofs_y = -6},
    {.bitmap_index = 44, .adv_w = 512, .box_w = 11, .box_h = 32, .ofs_x = 11, .ofs_y = -6},
    {.bitmap_index = 88, .adv_w = 512, .box_w = 11, .box_h = 32, .ofs_x = 11, .ofs_y = -6},
    {.bitmap_index = 132, .adv_w = 512, .box_w = 29, .box_h = 23, .ofs_x = 1, .ofs_y = 1},
    {.bitmap_index = 216, .adv_w = 512, .box_w = 29, .box_h = 28, .ofs_x = 1, .ofs_y = -4},
    {.bitmap_index = 318, .adv_w = 512, .box_w = 23, .box_h = 23, .ofs_x = 4, .ofs_y = -2},
    {.bitmap_index = 385, .adv_w = 512, .box_w = 25, .box_h = 16, .ofs_x = 4, .ofs_y = 2},
    {.bitmap_index = 435, .adv_w = 512, .box_w = 27, .box_h = 20, .ofs_x = 3, .ofs_y = -2},
    {.bitmap_index = 503, .adv_w = 512, .box_w = 23, .box_h = 22, .ofs_x = 5, .ofs_y = -5},
    {.bitmap_index = 567, .adv_w = 512, .box_w = 23, .box_h = 22, .ofs_x = 5, .ofs_y = -5},
    {.bitmap_index = 631, .adv_w = 512, .box_w = 23, .box_h = 15, .ofs_x = 5, .ofs_y = 2},
    {.bitmap_index = 675, .adv_w = 512, .box_w = 24, .box_h = 32, .ofs_x = 4, .ofs_y = -6},
    {.bitmap_index = 771, .adv_w = 512, .box_w = 32, .box_h = 23, .ofs_x = 0, .ofs_y = 0},
    {.bitmap_index = 863, .adv_w = 512, .box_w = 32, .box_h = 27, .ofs_x = 0, .ofs_y = -4},
    {.bitmap_index = 971, .adv_w = 512, .box_w = 32, .box_h = 31, .ofs_x = 0, .ofs_y = -6},
    {.bitmap_index = 1095, .adv_w = 512, .box_w = 31, .box_h = 31, .ofs_x = 0, .ofs_y = -6},
    {.bitmap_index = 1216, .adv_w = 512, .box_w = 32, .box_h = 25, .ofs_x = 0, .ofs_y = -3},
    {.bitmap_index = 1316, .adv_w = 512, .box_w = 30, .box_h = 32, .ofs_x = 1, .ofs_y = -6},
    {.bitmap_index = 1436, .adv_w = 512, .box_w = 25, .box_h = 32, .ofs_x = 4, .ofs_y = -6},
    {.bitmap_index = 1536, .adv_w = 512, .box_w = 32, .box_h = 32, .ofs_x = 0, .ofs_y = -6},
    {.bitmap_index = 1664, .adv_w = 512, .box_w = 32, .box_h = 29, .ofs_x = 0, .ofs_y = -5},
    {.bitmap_index = 1780, .adv_w = 512, .box_w = 28, .box_h = 32, .ofs_x = 2, .ofs_y = -6},
    {.bitmap_index = 1892, .adv_w = 512, .box_w = 30, .box_h = 32, .ofs_x = 1, .ofs_y = -6},
    {.bitmap_index = 2012, .adv_w = 512, .box_w = 32, .box_h = 31, .ofs_x = 0, .ofs_y = -6},
    {.bitmap_index = 2136, .adv_w = 512, .box_w = 24, .box_h = 32, .ofs_x = 4, .ofs_y = -6},
    {.bitmap_index = 2232, .adv_w = 512, .box_w = 28, .box_h = 32, .ofs_x = 2, .ofs_y = -6},
    {.bitmap_index = 2344, .adv_w = 512, .box_w = 33, .box_h = 24, .ofs_x = 0, .ofs_y = -3},
    {.bitmap_index = 2443, .adv_w = 512, .box_w = 32, .box_h = 27, .ofs_x = 0, .ofs_y = -4},
    {.bitmap_index = 2551, .adv_w = 512, .box_w = 33, .box_h = 17, .ofs_x = 0, .ofs_y = 1},
    {.bitmap_index = 2622, .adv_w = 512, .box_w = 33, .box_h = 17, .ofs_x = 0, .ofs_y = 1},
    {.bitmap_index = 2693, .adv_w = 512, .box_w = 33, .box_h = 17, .ofs_x = 0, .ofs_y = 1},
    {.bitmap_index = 2764, .adv_w = 512, .box_w = 33, .box_h = 17, .ofs_x = 0, .ofs_y = 1},
    {.bitmap_index = 2835, .adv_w = 512, .box_w = 29, .box_h = 32, .ofs_x = 1, .ofs_y = -6},
    {.bitmap_index = 2951, .adv_w = 512, .box_w = 32, .box_h = 29, .ofs_x = 0, .ofs_y = -5},
    {.bitmap_index = 3067, .adv_w = 512, .box_w = 24, .box_h = 28, .ofs_x = 4, .ofs_y = -4},
    {.bitmap_index = 3151, .adv_w = 512, .box_w = 32, .box_h = 32, .ofs_x = 0, .ofs_y = -6},
    {.bitmap_index = 3279, .adv_w = 512, .box_w = 32, .box_h = 32, .ofs_x = 0, .ofs_y = -6},
    {.bitmap_index = 3407, .adv_w = 512, .box_w = 32, .box_h = 32, .ofs_x = 0, .ofs_y = -6},
    {.bitmap_index = 3535, .adv_w = 512, .box_w = 32, .box_h = 32, .ofs_x = 0, .ofs_y = -6},
    {.bitmap_index = 3663, .adv_w = 512, .box_w = 27, .box_h = 31, .ofs_x = 2, .ofs_y = -6},
    {.bitmap_index = 3768, .adv_w = 512, .box_w = 27, .box_h = 31, .ofs_x = 3, .ofs_y = -6},
    {.bitmap_index = 3873, .adv_w = 512, .box_w = 29, .box_h = 31, .ofs_x = 2, .ofs_y = -6},
    {.bitmap_index = 3986, .adv_w = 512, .box_w = 29, .box_h = 31, .ofs_x = 2, .ofs_y = -6},
    {.bitmap_index = 4099, .adv_w = 512, .box_w = 29, .box_h = 31, .ofs_x = 2, .ofs_y = -6},
    {.bitmap_index = 4212, .adv_w = 512, .box_w = 32, .box_h = 29, .ofs_x = 0, .ofs_y = -5},
    {.bitmap_index = 4328, .adv_w = 512, .box_w = 32, .box_h = 25, .ofs_x = 0, .ofs_y = -3},
    {.bitmap_index = 4428, .adv_w = 512, .box_w = 32, .box_h = 32, .ofs_x = 0, .ofs_y = -6},
    {.bitmap_index = 4556, .adv_w = 512, .box_w = 32, .box_h = 21, .ofs_x = 0, .ofs_y = -1},
    {.bitmap_index = 4640, .adv_w = 512, .box_w = 26, .box_h = 32, .ofs_x = 3, .ofs_y = -7},
    {.bitmap_index = 4744, .adv_w = 512, .box_w = 31, .box_h = 31, .ofs_x = 1, .ofs_y = -6},
    {.bitmap_index = 4865, .adv_w = 512, .box_w = 32, .box_h = 31, .ofs_x = 0, .ofs_y = -6},
    {.bitmap_index = 4989, .adv_w = 512, .box_w = 32, .box_h = 25, .ofs_x = 0, .ofs_y = -3},
    {.bitmap_index = 5089, .adv_w = 512, .box_w = 32, .box_h = 25, .ofs_x = 0, .ofs_y = -3},
    {.bitmap_index = 5189, .adv_w = 512, .box_w = 32, .box_h = 31, .ofs_x = 0, .ofs_y = -6},
    {.bitmap_index = 5313, .adv_w = 512, .box_w = 31, .box_h = 32, .ofs_x = 0, .ofs_y = -6},
    {.bitmap_index = 5437, .adv_w = 512, .box_w = 30, .box_h = 32, .ofs_x = 1, .ofs_y = -6},
    {.bitmap_index = 5557, .adv_w = 512, .box_w = 23, .box_h = 32, .ofs_x = 4, .ofs_y = -6},
    {.bitmap_index = 5649, .adv_w = 512, .box_w = 23, .box_h = 32, .ofs_x = 4, .ofs_y = -6},
    {.bitmap_index = 5741, .adv_w = 512, .box_w = 32, .box_h = 32, .ofs_x = 0, .ofs_y = -6},
    {.bitmap_index = 5869, .adv_w = 512, .box_w = 32, .box_h = 32, .ofs_x = 0, .ofs_y = -6},
    {.bitmap_index = 5997, .adv_w = 512, .box_w = 32, .box_h = 31, .ofs_x = 0, .ofs_y = -6},
    {.bitmap_index = 6121, .adv_w = 512, .box_w = 32, .box_h = 32, .ofs_x = 0, .ofs_y = -6},
    {.bitmap_index = 6249, .adv_w = 512, .box_w = 32, .box_h = 32, .ofs_x = 0, .ofs_y = -6},
    {.bitmap_index = 6377, .adv_w = 512, .box_w = 32, .box_h = 31, .ofs_x = 0, .ofs_y = -6},
    {.bitmap_index = 6501, .adv_w = 512, .box_w = 32, .box_h = 32, .ofs_x = 0, .ofs_y = -6},
    {.bitmap_index = 6629, .adv_w = 512, .box_w = 32, .box_h = 32, .ofs_x = 0, .ofs_y = -6},
    {.bitmap_index = 6757, .adv_w = 512, .box_w = 32, .box_h = 31, .ofs_x = 0, .ofs_y = -6},
    {.bitmap_index = 6881, .adv_w = 512, .box_w = 32, .box_h = 32, .ofs_x = 0, .ofs_y = -6},
    {.bitmap_index = 7009, .adv_w = 512, .box_w = 32, .box_h = 31, .ofs_x = 0, .ofs_y = -6},
    {.bitmap_index = 7133, .adv_w = 512, .box_w = 32, .box_h = 32, .ofs_x = 0, .ofs_y = -6},
    {.bitmap_index = 7261, .adv_w = 512, .box_w = 32, .box_h = 31, .ofs_x = 0, .ofs_y = -6},
    {.bitmap_index = 7385, .adv_w = 512, .box_w = 32, .box_h = 32, .ofs_x = 0, .ofs_y = -6},
    {.bitmap_index = 7513, .adv_w = 512, .box_w = 32, .box_h = 32, .ofs_x = 0, .ofs_y = -6},
    {.bitmap_index = 7641, .adv_w = 512, .box_w = 32, .box_h = 32, .ofs_x = 0, .ofs_y = -6},
    {.bitmap_index = 7769, .adv_w = 512, .box_w = 32, .box_h = 32, .ofs_x = 0, .ofs_y = -6},
    {.bitmap_index = 7897, .adv_w = 512, .box_w = 32, .box_h = 31, .ofs_x = 0, .ofs_y = -6},
    {.bitmap_index = 8021, .adv_w = 512, .box_w = 32, .box_h = 32, .ofs_x = 0, .ofs_y = -6},
    {.bitmap_index = 8149, .adv_w = 512, .box_w = 32, .box_h = 32, .ofs_x = 0, .ofs_y = -6},
    {.bitmap_index = 8277, .adv_w = 512, .box_w = 32, .box_h = 31, .ofs_x = 0, .ofs_y = -6},
    {.bitmap_index = 8401, .adv_w = 512, .box_w = 32, .box_h = 32, .ofs_x = 0, .ofs_y = -6},
    {.bitmap_index = 8529, .adv_w = 512, .box_w = 32, .box_h = 32, .ofs_x = 0, .ofs_y = -6},
    {.bitmap_index = 8657, .adv_w = 512, .box_w = 32, .box_h = 31, .ofs_x = 0, .ofs_y = -6},
    {.bitmap_index = 8781, .adv_w = 512, .box_w = 32, .box_h = 32, .ofs_x = 0, .ofs_y = -6},
    {.bitmap_index = 8909, .adv_w = 512, .box_w = 32, .box_h = 32, .ofs_x = 0, .ofs_y = -6},
    {.bitmap_index = 9037, .adv_w = 512, .box_w = 32, .box_h = 31, .ofs_x = 0, .ofs_y = -6},
    {.bitmap_index = 9161, .adv_w = 512, .box_w = 32, .box_h = 32, .ofs_x = 0, .ofs_y = -6},
    {.bitmap_index = 9289, .adv_w = 512, .box_w = 32, .box_h = 32, .ofs_x = 0, .ofs_y = -6},
    {.bitmap_index = 9417, .adv_w = 512, .box_w = 32, .box_h = 31, .ofs_x = 0, .ofs_y = -6},
    {.bitmap_index = 9541, .adv_w = 512, .box_w = 19, .box_h = 32, .ofs_x = 6, .ofs_y = -6},
    {.bitmap_index = 9617, .adv_w = 512, .box_w = 26, .box_h = 32, .ofs_x = 3, .ofs_y = -6},
    {.bitmap_index = 9721, .adv_w = 512, .box_w = 32, .box_h = 32, .ofs_x = 0, .ofs_y = -6},
    {.bitmap_index = 9849, .adv_w = 512, .box_w = 32, .box_h = 32, .ofs_x = 0, .ofs_y = -6},
    {.bitmap_index = 9977, .adv_w = 512, .box_w = 26, .box_h = 32, .ofs_x = 3, .ofs_y = -6},
    {.bitmap_index = 10081, .adv_w = 512, .box_w = 32, .box_h = 31, .ofs_x = 0, .ofs_y = -6},
    {.bitmap_index = 10205, .adv_w = 512, .box_w = 33, .box_h = 23, .ofs_x = 0, .ofs_y = -2},
    {.bitmap_index = 10300, .adv_w = 512, .box_w = 32, .box_h = 32, .ofs_x = 0, .ofs_y = -6},
    {.bitmap_index = 10428, .adv_w = 512, .box_w = 23, .box_h = 31, .ofs_x = 4, .ofs_y = -6},
    {.bitmap_index = 10518, .adv_w = 512, .box_w = 17, .box_h = 32, .ofs_x = 7, .ofs_y = -6},
    {.bitmap_index = 10586, .adv_w = 512, .box_w = 27, .box_h = 31, .ofs_x = 3, .ofs_y = -6},
    {.bitmap_index = 10691, .adv_w = 512, .box_w = 22, .box_h = 31, .ofs_x = 5, .ofs_y = -6},
    {.bitmap_index = 10777, .adv_w = 512, .box_w = 32, .box_h = 32, .ofs_x = 0, .ofs_y = -7},
    {.bitmap_index = 10905, .adv_w = 512, .box_w = 32, .box_h = 31, .ofs_x = 0, .ofs_y = -6},
    {.bitmap_index = 11029, .adv_w = 512, .box_w = 32, .box_h = 24, .ofs_x = 0, .ofs_y = -2},
    {.bitmap_index = 11125, .adv_w = 512, .box_w = 32, .box_h = 26, .ofs_x = 0, .ofs_y = -3},
    {.bitmap_index = 11229, .adv_w = 512, .box_w = 32, .box_h = 26, .ofs_x = 0, .ofs_y = -3},
    {.bitmap_index = 11333, .adv_w = 512, .box_w = 32, .box_h = 31, .ofs_x = 0, .ofs_y = -6},
    {.bitmap_index = 11457, .adv_w = 512, .box_w = 32, .box_h = 32, .ofs_x = 0, .ofs_y = -6},
    {.bitmap_index = 11585, .adv_w = 512, .box_w = 32, .box_h = 28, .ofs_x = 0, .ofs_y = -4},
    {.bitmap_index = 11697, .adv_w = 512, .box_w = 32, .box_h = 27, .ofs_x = 0, .ofs_y = -4},
    {.bitmap_index = 11805, .adv_w = 512, .box_w = 26, .box_h = 32, .ofs_x = 3, .ofs_y = -6},
    {.bitmap_index = 11909, .adv_w = 512, .box_w = 32, .box_h = 20, .ofs_x = 0, .ofs_y = -1},
    {.bitmap_index = 11989, .adv_w = 512, .box_w = 32, .box_h = 32, .ofs_x = 0, .ofs_y = -6},
    {.bitmap_index = 12117, .adv_w = 512, .box_w = 32, .box_h = 31, .ofs_x = 0, .ofs_y = -6},
    {.bitmap_index = 12241, .adv_w = 512, .box_w = 32, .box_h = 22, .ofs_x = 0, .ofs_y = -1},
    {.bitmap_index = 12329, .adv_w = 512, .box_w = 30, .box_h = 31, .ofs_x = 1, .ofs_y = -6},
    {.bitmap_index = 12446, .adv_w = 512, .box_w = 25, .box_h = 31, .ofs_x = 3, .ofs_y = -6},
    {.bitmap_index = 12543, .adv_w = 512, .box_w = 32, .box_h = 33, .ofs_x = 0, .ofs_y = -7},
    {.bitmap_index = 12675, .adv_w = 512, .box_w = 32, .box_h = 31, .ofs_x = 0, .ofs_y = -6},
    {.bitmap_index = 12799, .adv_w = 512, .box_w = 29, .box_h = 31, .ofs_x = 2, .ofs_y = -6},
    {.bitmap_index = 12912, .adv_w = 512, .box_w = 32, .box_h = 32, .ofs_x = 0, .ofs_y = -6},
    {.bitmap_index = 13040, .adv_w = 512, .box_w = 19, .box_h = 31, .ofs_x = 7, .ofs_y = -6},
    {.bitmap_index = 13114, .adv_w = 512, .box_w = 32, .box_h = 30, .ofs_x = 0, .ofs_y = -6},
    {.bitmap_index = 13234, .adv_w = 512, .box_w = 32, .box_h = 30, .ofs_x = 0, .ofs_y = -5},
    {.bitmap_index = 13354, .adv_w = 512, .box_w = 32, .box_h = 25, .ofs_x = 0, .ofs_y = -3},
    {.bitmap_index = 13454, .adv_w = 512, .box_w = 32, .box_h = 32, .ofs_x = 0, .ofs_y = -6},
    {.bitmap_index = 13582, .adv_w = 512, .box_w = 32, .box_h = 32, .ofs_x = 0, .ofs_y = -6},
    {.bitmap_index = 13710, .adv_w = 512, .box_w = 32, .box_h = 32, .ofs_x = 0, .ofs_y = -6},
    {.bitmap_index = 13838, .adv_w = 512, .box_w = 32, .box_h = 32, .ofs_x = 0, .ofs_y = -6},
    {.bitmap_index = 13966, .adv_w = 512, .box_w = 32, .box_h = 32, .ofs_x = 0, .ofs_y = -6},
    {.bitmap_index = 14094, .adv_w = 512, .box_w = 32, .box_h = 32, .ofs_x = 0, .ofs_y = -6},
    {.bitmap_index = 14222, .adv_w = 512, .box_w = 32, .box_h = 32, .ofs_x = 0, .ofs_y = -6},
    {.bitmap_index = 14350, .adv_w = 512, .box_w = 32, .box_h = 32, .ofs_x = 0, .ofs_y = -6},
    {.bitmap_index = 14478, .adv_w = 512, .box_w = 32, .box_h = 32, .ofs_x = 0, .ofs_y = -6},
    {.bitmap_index = 14606, .adv_w = 512, .box_w = 32, .box_h = 32, .ofs_x = 0, .ofs_y = -6},
    {.bitmap_index = 14734, .adv_w = 512, .box_w = 32, .box_h = 32, .ofs_x = 0, .ofs_y = -6},
    {.bitmap_index = 14862, .adv_w = 512, .box_w = 32, .box_h = 32, .ofs_x = 0, .ofs_y = -6},
    {.bitmap_index = 14990, .adv_w = 512, .box_w = 32, .box_h = 32, .ofs_x = 0, .ofs_y = -6},
    {.bitmap_index = 15118, .adv_w = 512, .box_w = 32, .box_h = 32, .ofs_x = 0, .ofs_y = -6},
    {.bitmap_index = 15246, .adv_w = 512, .box_w = 32, .box_h = 32, .ofs_x = 0, .ofs_y = -6},
    {.bitmap_index = 15374, .adv_w = 512, .box_w = 32, .box_h = 32, .ofs_x = 0, .ofs_y = -6},
    {.bitmap_index = 15502, .adv_w = 512, .box_w = 32, .box_h = 32, .ofs_x = 0, .ofs_y = -6},
    {.bitmap_index = 15630, .adv_w = 512, .box_w = 32, .box_h = 32, .ofs_x = 0, .ofs_y = -6},
    {.bitmap_index = 15758, .adv_w = 512, .box_w = 32, .box_h = 32, .ofs_x = 0, .ofs_y = -6},
    {.bitmap_index = 15886, .adv_w = 512, .box_w = 32, .box_h = 32, .ofs_x = 0, .ofs_y = -6},
    {.bitmap_index = 16014, .adv_w = 512, .box_w = 32, .box_h = 32, .ofs_x = 0, .ofs_y = -6},
    {.bitmap_index = 16142, .adv_w = 512, .box_w = 32, .box_h = 30, .ofs_x = 0, .ofs_y = -5},
    {.bitmap_index = 16262, .adv_w = 512, .box_w = 32, .box_h = 32, .ofs_x = 0, .ofs_y = -7},
    {.bitmap_index = 16390, .adv_w = 512, .box_w = 32, .box_h = 23, .ofs_x = 0, .ofs_y = -2},
    {.bitmap_index = 16482, .adv_w = 512, .box_w = 29, .box_h = 32, .ofs_x = 2, .ofs_y = -7},
    {.bitmap_index = 16598, .adv_w = 512, .box_w = 29, .box_h = 31, .ofs_x = 2, .ofs_y = -6},
    {.bitmap_index = 16711, .adv_w = 512, .box_w = 32, .box_h = 32, .ofs_x = 0, .ofs_y = -6},
    {.bitmap_index = 16839, .adv_w = 512, .box_w = 32, .box_h = 32, .ofs_x = 0, .ofs_y = -6},
    {.bitmap_index = 16967, .adv_w = 512, .box_w = 32, .box_h = 32, .ofs_x = 0, .ofs_y = -6},
    {.bitmap_index = 17095, .adv_w = 512, .box_w = 32, .box_h = 32, .ofs_x = 0, .ofs_y = -6},
    {.bitmap_index = 17223, .adv_w = 512, .box_w = 32, .box_h = 32, .ofs_x = 0, .ofs_y = -6},
    {.bitmap_index = 17351, .adv_w = 512, .box_w = 32, .box_h = 32, .ofs_x = 0, .ofs_y = -6},
    {.bitmap_index = 17479, .adv_w = 512, .box_w = 32, .box_h = 32, .ofs_x = 0, .ofs_y = -6},
    {.bitmap_index = 17607, .adv_w = 512, .box_w = 32, .box_h = 32, .ofs_x = 0, .ofs_y = -6},
    {.bitmap_index = 17735, .adv_w = 512, .box_w = 32, .box_h = 32, .ofs_x = 0, .ofs_y = -6},
    {.bitmap_index = 17863, .adv_w = 512, .box_w = 32, .box_h = 31, .ofs_x = 0, .ofs_y = -6},
    {.bitmap_index = 17987, .adv_w = 512, .box_w = 26, .box_h = 32, .ofs_x = 3, .ofs_y = -6},
    {.bitmap_index = 18091, .adv_w = 512, .box_w = 32, .box_h = 29, .ofs_x = 0, .ofs_y = -5},
    {.bitmap_index = 18207, .adv_w = 512, .box_w = 32, .box_h = 29, .ofs_x = 0, .ofs_y = -5},
    {.bitmap_index = 18323, .adv_w = 512, .box_w = 21, .box_h = 33, .ofs_x = 6, .ofs_y = -7},
    {.bitmap_index = 18410, .adv_w = 512, .box_w = 32, .box_h = 31, .ofs_x = 0, .ofs_y = -6},
    {.bitmap_index = 18534, .adv_w = 512, .box_w = 32, .box_h = 27, .ofs_x = 0, .ofs_y = -4},
    {.bitmap_index = 18642, .adv_w = 512, .box_w = 17, .box_h = 32, .ofs_x = 7, .ofs_y = -6},
    {.bitmap_index = 18710, .adv_w = 512, .box_w = 17, .box_h = 32, .ofs_x = 7, .ofs_y = -6},
    {.bitmap_index = 18778, .adv_w = 512, .box_w = 32, .box_h = 31, .ofs_x = 0, .ofs_y = -6},
    {.bitmap_index = 18902, .adv_w = 512, .box_w = 32, .box_h = 31, .ofs_x = 0, .ofs_y = -6},
    {.bitmap_index = 19026, .adv_w = 512, .box_w = 28, .box_h = 32, .ofs_x = 2, .ofs_y = -7},
    {.bitmap_index = 19138, .adv_w = 512, .box_w = 32, .box_h = 23, .ofs_x = 0, .ofs_y = -2},
    {.bitmap_index = 19230, .adv_w = 512, .box_w = 32, .box_h = 24, .ofs_x = 0, .ofs_y = -2},
    {.bitmap_index = 19326, .adv_w = 512, .box_w = 18, .box_h = 32, .ofs_x = 7, .ofs_y = -6},
    {.bitmap_index = 19398, .adv_w = 512, .box_w = 32, .box_h = 23, .ofs_x = 0, .ofs_y = -2},
    {.bitmap_index = 19490, .adv_w = 512, .box_w = 32, .box_h = 27, .ofs_x = 0, .ofs_y = -4},
    {.bitmap_index = 19598, .adv_w = 512, .box_w = 32, .box_h = 28, .ofs_x = 0, .ofs_y = -5},
    {.bitmap_index = 19710, .adv_w = 512, .box_w = 31, .box_h = 31, .ofs_x = 0, .ofs_y = -6},
    {.bitmap_index = 19831, .adv_w = 512, .box_w = 32, .box_h = 32, .ofs_x = 0, .ofs_y = -6},
    {.bitmap_index = 19959, .adv_w = 512, .box_w = 32, .box_h = 31, .ofs_x = 0, .ofs_y = -6},
    {.bitmap_index = 20083, .adv_w = 512, .box_w = 32, .box_h = 28, .ofs_x = 0, .ofs_y = -4},
    {.bitmap_index = 20195, .adv_w = 512, .box_w = 32, .box_h = 28, .ofs_x = 0, .ofs_y = -4}
};

/*---------------------
 *  CHARACTER MAPPING
 *--------------------*/

static const uint16_t unicode_list_0[] = {
    0x0, 0x1, 0x2, 0xf8, 0xfe, 0x103, 0x108, 0x109,
    0x10e, 0x113, 0x133, 0x140, 0x142, 0x143, 0x5e1, 0x87a,
    0x8b8, 0x8f6, 0x922, 0x9c1, 0x9e1, 0xc1d, 0xe09, 0xe0f,
    0xedd, 0xee2, 0xff5, 0x1029, 0x1036, 0x1038, 0x1039, 0x103a,
    0x10d2, 0x11ff, 0x1239
};

static const uint16_t unicode_list_1[] = {
    0x0, 0x8, 0xf, 0x18, 0x55, 0xa2, 0xa8, 0xa9,
    0xaa, 0xe5, 0xe7, 0x111, 0x11d, 0x195, 0x19c, 0x1a0,
    0x1a9, 0x1ab, 0x25f, 0x2b8, 0x2e3, 0x2e6, 0x2e8
};

static const uint16_t unicode_list_3[] = {
    0x0, 0x7, 0x2f, 0x4d, 0x88, 0xae, 0xaf, 0xd8,
    0xe3, 0x10c, 0x129, 0x12a, 0x16b, 0x16d, 0x171, 0x1a6,
    0x1a7, 0x263, 0x264, 0x3cd, 0x3ce, 0x3d9, 0x3e1, 0x41c,
    0x41d, 0x440, 0x4a4, 0x4c1, 0x4c7, 0x61a, 0x62e, 0x696,
    0x6ed, 0x79d, 0x7a9, 0x7c9
};

static const uint16_t unicode_list_5[] = {
    0x0, 0x109, 0x10a, 0x128, 0x14b, 0x194, 0x1cc, 0x1cd,
    0x1ce, 0x1cf, 0x1d0, 0x1d1, 0x1d2, 0x1d3, 0x1d4, 0x1d5,
    0x1d8, 0x211, 0x212, 0x224, 0x24a, 0x2cf, 0x37f, 0x380,
    0x496, 0x497, 0x4cf, 0x590, 0x591, 0x6c8, 0x746, 0x972,
    0x97a, 0xa3f, 0xc04, 0xc05, 0xcc6, 0xcc7
};

/*Collect the unicode lists and glyph_id offsets*/
static const lv_font_fmt_txt_cmap_t cmaps[] =
{
    {
        .range_start = 57866, .range_length = 4666, .glyph_id_start = 1,
        .unicode_list = unicode_list_0, .glyph_id_ofs_list = NULL, .list_length = 35, .type = LV_FONT_FMT_TXT_CMAP_SPARSE_TINY
    },
    {
        .range_start = 983109, .range_length = 745, .glyph_id_start = 36,
        .unicode_list = unicode_list_1, .glyph_id_ofs_list = NULL, .list_length = 23, .type = LV_FONT_FMT_TXT_CMAP_SPARSE_TINY
    },
    {
        .range_start = 983972, .range_length = 30, .glyph_id_start = 59,
        .unicode_list = NULL, .glyph_id_ofs_list = NULL, .list_length = 0, .type = LV_FONT_FMT_TXT_CMAP_FORMAT0_TINY
    },
    {
        .range_start = 984067, .range_length = 1994, .glyph_id_start = 89,
        .unicode_list = unicode_list_3, .glyph_id_ofs_list = NULL, .list_length = 36, .type = LV_FONT_FMT_TXT_CMAP_SPARSE_TINY
    },
    {
        .range_start = 986272, .range_length = 20, .glyph_id_start = 125,
        .unicode_list = NULL, .glyph_id_ofs_list = NULL, .list_length = 0, .type = LV_FONT_FMT_TXT_CMAP_FORMAT0_TINY
    },
    {
        .range_start = 986435, .range_length = 3272, .glyph_id_start = 145,
        .unicode_list = unicode_list_5, .glyph_id_ofs_list = NULL, .list_length = 38, .type = LV_FONT_FMT_TXT_CMAP_SPARSE_TINY
    }
};



/*--------------------
 *  ALL CUSTOM DATA
 *--------------------*/

#if LVGL_VERSION_MAJOR == 8
/*Store all the custom data of the font*/
static  lv_font_fmt_txt_glyph_cache_t cache;
#endif

#if LVGL_VERSION_MAJOR >= 8
static const lv_font_fmt_txt_dsc_t font_dsc = {
#else
static lv_font_fmt_txt_dsc_t font_dsc = {
#endif
    .glyph_bitmap = glyph_bitmap,
    .glyph_dsc = glyph_dsc,
    .cmaps = cmaps,
    .kern_dsc = NULL,
    .kern_scale = 0,
    .cmap_num = 6,
    .bpp = 1,
    .kern_classes = 0,
    .bitmap_format = 0,
#if LVGL_VERSION_MAJOR == 8
    .cache = &cache
#endif
};

extern const lv_font_t symbol_nerdfont_32;


/*-----------------
 *  PUBLIC FONT
 *----------------*/

/*Initialize a public general font descriptor*/
#if LVGL_VERSION_MAJOR >= 8
const lv_font_t symbol_nerdfont_32 = {
#else
lv_font_t symbol_nerdfont_32 = {
#endif
    .get_glyph_dsc = lv_font_get_glyph_dsc_fmt_txt,    /*Function pointer to get glyph's data*/
    .get_glyph_bitmap = lv_font_get_bitmap_fmt_txt,    /*Function pointer to get glyph's bitmap*/
    .line_height = 33,          /*The maximum line height required by the font*/
    .base_line = 7,             /*Baseline measured from the bottom of the line*/
#if !(LVGL_VERSION_MAJOR == 6 && LVGL_VERSION_MINOR == 0)
    .subpx = LV_FONT_SUBPX_NONE,
#endif
#if LV_VERSION_CHECK(7, 4, 0) || LVGL_VERSION_MAJOR >= 8
    .underline_position = -4,
    .underline_thickness = 2,
#endif
    .dsc = &font_dsc,          /*The custom font data. Will be accessed by `get_glyph_bitmap/dsc` */
#if LV_VERSION_CHECK(8, 2, 0) || LVGL_VERSION_MAJOR >= 9
    .fallback = &symbol_nerdfont_32,
#endif
    .user_data = NULL,
};



#endif /*#if SYMBOL_NERDFONT_32*/

