/*******************************************************************************
 * Size: 48 px
 * Bpp: 1
 * Opts: --bpp 1 --size 48 --no-compress --font ./SymbolsNerdFontMono-Regular.ttf --range 57866,57867,57868,58114,58120,58125,58130,58131,58136,58141,58173,58186,58188,58189,59371,60036,60098,60160,60363,60395,60967,61459,61465,61671,61676,61951,62003,62016,62018,62019,62020,62172,62473,62531,983109,983117,983124,983133,983194,983271,983338,983340,983382,983394,983514,983525,983534,983536,983716,983805,983848,983851,983853,984067,984114,984144,984203,984241,984242,984294,984335,984364,984365,984430,984432,984436,984489,984490,985040,985041,985052,985119,985120,985155,985284,985290,985629,985753,986016,986060,986700,986701,986731,986964,986965,986983,987021,987154,987330,987331,987609,987610,987666,987859,987860,988171,988297,988853,988861,989058,989511,989512,989705,989706 --format lvgl -o generated/symbol_nerdfont_48.c --lv-fallback symbol_nerdfont_48
 ******************************************************************************/

#include "UI.h"

#ifndef SYMBOL_NERDFONT_48
#define SYMBOL_NERDFONT_48 1
#endif

#if SYMBOL_NERDFONT_48

/*-----------------
 *    BITMAPS
 *----------------*/

/*Store the image of the glyphs*/
static LV_ATTRIBUTE_LARGE_CONST const uint8_t glyph_bitmap[] = {
    /* U+E20A "" */
    0x3, 0xc0, 0xc, 0x30, 0x18, 0x10, 0x18, 0x18,
    0x18, 0x18, 0x18, 0x18, 0x18, 0x18, 0x18, 0x18,
    0x18, 0x18, 0x18, 0x18, 0x18, 0x18, 0x18, 0x18,
    0x18, 0x18, 0x18, 0x18, 0x18, 0x18, 0x18, 0x18,
    0x18, 0x18, 0x19, 0x98, 0x1b, 0xd8, 0x1b, 0xd8,
    0x1b, 0xd8, 0x1b, 0xd8, 0x1b, 0xd8, 0x1b, 0xd8,
    0x1b, 0xd8, 0x1b, 0xd8, 0x1b, 0xd8, 0x1b, 0xd8,
    0x1b, 0xd8, 0x1b, 0xd8, 0x1b, 0xd8, 0x1b, 0xd8,
    0x1b, 0xd8, 0x3b, 0xdc, 0x73, 0xce, 0x67, 0xe6,
    0xcf, 0xf7, 0xdf, 0xfb, 0xdf, 0xfb, 0xdf, 0xfb,
    0xdf, 0xfb, 0xcf, 0xf3, 0x6f, 0xf6, 0x63, 0xc6,
    0x30, 0xc, 0x1c, 0x38, 0x7, 0xe0,

    /* U+E20B "" */
    0x3, 0xc0, 0xc, 0x30, 0x8, 0x10, 0x18, 0x18,
    0x18, 0x18, 0x18, 0x18, 0x19, 0x98, 0x1b, 0xd8,
    0x1b, 0xd8, 0x1b, 0xd8, 0x1b, 0xd8, 0x1b, 0xd8,
    0x1b, 0xd8, 0x1b, 0xd8, 0x1b, 0xd8, 0x1b, 0xd8,
    0x1b, 0xd8, 0x1b, 0xd8, 0x1b, 0xd8, 0x1b, 0xd8,
    0x1b, 0xd8, 0x1b, 0xd8, 0x1b, 0xd8, 0x1b, 0xd8,
    0x1b, 0xd8, 0x1b, 0xd8, 0x1b, 0xd8, 0x1b, 0xd8,
    0x1b, 0xd8, 0x1b, 0xd8, 0x1b, 0xd8, 0x1b, 0xd8,
    0x1b, 0xd8, 0x3b, 0xdc, 0x73, 0xce, 0x67, 0xe6,
    0xcf, 0xf3, 0xdf, 0xfb, 0xdf, 0xfb, 0xdf, 0xfb,
    0xdf, 0xfb, 0xcf, 0xf3, 0x6f, 0xf6, 0x63, 0xc6,
    0x30, 0xc, 0x1c, 0x38, 0x7, 0xe0,

    /* U+E20C "" */
    0x3, 0xc0, 0xc, 0x30, 0x8, 0x10, 0x18, 0x18,
    0x18, 0x18, 0x18, 0x18, 0x18, 0x18, 0x18, 0x18,
    0x18, 0x18, 0x18, 0x18, 0x18, 0x18, 0x18, 0x18,
    0x18, 0x18, 0x18, 0x18, 0x18, 0x18, 0x18, 0x18,
    0x18, 0x18, 0x18, 0x18, 0x18, 0x18, 0x18, 0x18,
    0x18, 0x18, 0x18, 0x18, 0x18, 0x18, 0x18, 0x18,
    0x18, 0x18, 0x18, 0x18, 0x18, 0x18, 0x18, 0x18,
    0x19, 0x98, 0x1b, 0xd8, 0x1b, 0xd8, 0x1b, 0xd8,
    0x1b, 0xd8, 0x1b, 0xd8, 0x33, 0xcc, 0x67, 0xe6,
    0xef, 0xf7, 0xdf, 0xfb, 0xdf, 0xfb, 0xdf, 0xfb,
    0xdf, 0xfb, 0xdf, 0xf3, 0x6f, 0xf6, 0x63, 0xc6,
    0x30, 0xc, 0x1c, 0x38, 0x7, 0xe0,

    /* U+E302 "" */
    0x0, 0x0, 0x0, 0x20, 0x0, 0x0, 0x0, 0x0,
    0x7, 0x0, 0x0, 0x0, 0x0, 0x0, 0x70, 0x0,
    0x0, 0x0, 0x0, 0x7, 0x0, 0x0, 0x0, 0x0,
    0x0, 0x70, 0x0, 0x0, 0x0, 0x30, 0x7, 0x0,
    0x60, 0x0, 0x3, 0x80, 0x0, 0xe, 0x0, 0x0,
    0x3c, 0x0, 0x1, 0xe0, 0x0, 0x0, 0x80, 0x0,
    0x3c, 0x0, 0x0, 0x0, 0xf, 0x83, 0x80, 0x0,
    0x0, 0x3, 0xfe, 0x0, 0x0, 0x0, 0xfe, 0x7f,
    0xf0, 0x0, 0x0, 0x3f, 0xff, 0x7, 0x80, 0x0,
    0x7, 0xff, 0xe0, 0x1c, 0x0, 0x0, 0xf0, 0x1e,
    0x1, 0xc0, 0x0, 0x1e, 0x0, 0x70, 0xe, 0x0,
    0x1, 0xc0, 0x3, 0x80, 0xe3, 0xe0, 0x3c, 0x0,
    0x38, 0xe, 0x3f, 0x3, 0x80, 0x3, 0xf0, 0xe3,
    0xe1, 0xf8, 0x0, 0x1f, 0xce, 0x0, 0x3f, 0x80,
    0x1, 0xff, 0xc0, 0x7, 0xc0, 0x0, 0x0, 0xfc,
    0x0, 0x78, 0x0, 0x0, 0x7, 0x80, 0xf, 0x0,
    0x0, 0x0, 0x38, 0x0, 0xe0, 0x0, 0x0, 0x1,
    0xc0, 0xe, 0x0, 0x0, 0x0, 0x1c, 0x0, 0xe0,
    0x0, 0x0, 0x1, 0xc8, 0xe, 0x0, 0x0, 0x0,
    0x1d, 0xc0, 0xe0, 0x0, 0x0, 0x1, 0x8e, 0x7,
    0x0, 0x0, 0x0, 0x38, 0x60, 0x78, 0x0, 0x0,
    0x7, 0x0, 0x3, 0xc0, 0x0, 0x0, 0xf0, 0x0,
    0x1f, 0xff, 0xff, 0xfc, 0x0, 0x0, 0x7f, 0xff,
    0xff, 0x0, 0x0,

    /* U+E308 "" */
    0x0, 0x0, 0x0, 0x0, 0x0, 0x0, 0x0, 0x0,
    0x1, 0x80, 0x0, 0x0, 0x0, 0x0, 0xc, 0x0,
    0x0, 0x0, 0x0, 0x0, 0x60, 0x0, 0x0, 0x0,
    0x0, 0x3, 0x0, 0x0, 0x0, 0x1, 0xc0, 0x18,
    0x1, 0x80, 0x0, 0xf, 0x0, 0x0, 0x3c, 0x0,
    0x0, 0x38, 0x0, 0x3, 0xc0, 0x0, 0x0, 0x80,
    0x0, 0x1c, 0x0, 0x0, 0x0, 0x7, 0xe0, 0xc0,
    0x0, 0x0, 0x0, 0xff, 0xc0, 0x0, 0x0, 0x1f,
    0xef, 0xff, 0x0, 0x0, 0x3, 0xff, 0xf0, 0x3c,
    0x0, 0x0, 0x3f, 0xff, 0x0, 0xf0, 0x0, 0x3,
    0xe0, 0x3c, 0x3, 0x80, 0x0, 0x1c, 0x0, 0xf0,
    0xc, 0x0, 0x1, 0xc0, 0x3, 0x80, 0x71, 0xf0,
    0xe, 0x0, 0xe, 0x3, 0x8f, 0xc0, 0xe0, 0x0,
    0x7e, 0x1c, 0x7c, 0x1f, 0x0, 0x3, 0xfd, 0xc0,
    0x3, 0xf8, 0x0, 0x1f, 0xfe, 0x0, 0x1f, 0x0,
    0x0, 0x3, 0xf0, 0x1, 0xe0, 0x0, 0x0, 0xf,
    0x0, 0x1e, 0x0, 0x0, 0x0, 0x38, 0x0, 0xe0,
    0x0, 0x0, 0x1, 0xc0, 0x7, 0x0, 0x0, 0x0,
    0x6, 0x0, 0x38, 0x3, 0xc, 0x60, 0x31, 0x1,
    0xc0, 0x18, 0xe3, 0x81, 0x9c, 0xe, 0x1, 0xc7,
    0x18, 0x1c, 0xf0, 0x38, 0xe, 0x39, 0xc0, 0xe3,
    0x81, 0xe0, 0x73, 0x8e, 0xe, 0x0, 0x7, 0x83,
    0x1c, 0x70, 0xe0, 0x0, 0x1f, 0x38, 0xe7, 0x3e,
    0x0, 0x0, 0x39, 0xc6, 0x39, 0xc0, 0x0, 0x0,
    0xe, 0x71, 0xc0, 0x0, 0x0, 0x0, 0xe3, 0x8c,
    0x0, 0x0, 0x0, 0x7, 0x1c, 0xe0, 0x0, 0x0,
    0x0, 0x38, 0xc7, 0x0, 0x0, 0x0, 0x0, 0x8e,
    0x10, 0x0, 0x0, 0x0, 0x0, 0x70, 0x0, 0x0,
    0x0, 0x0, 0x3, 0x80, 0x0, 0x0, 0x0, 0x0,
    0x38, 0x0, 0x0, 0x0, 0x0, 0x1, 0xc0, 0x0,
    0x0, 0x0, 0x0, 0x4, 0x0, 0x0, 0x0, 0x0,

    /* U+E30D "" */
    0x0, 0x0, 0xe0, 0x0, 0x0, 0x0, 0x1c, 0x0,
    0x0, 0x0, 0x3, 0x80, 0x0, 0x0, 0x0, 0x70,
    0x0, 0x0, 0x0, 0xe, 0x0, 0x0, 0xe, 0x1,
    0xc0, 0x38, 0x1, 0xe0, 0x0, 0xf, 0x0, 0x3e,
    0x0, 0x3, 0xe0, 0x3, 0xc0, 0x0, 0x78, 0x0,
    0x38, 0x3e, 0xe, 0x0, 0x0, 0x1f, 0xf0, 0x0,
    0x0, 0x7, 0xff, 0x80, 0x0, 0x1, 0xe0, 0xf0,
    0x0, 0x0, 0x78, 0xf, 0x0, 0x0, 0xe, 0x0,
    0xe0, 0x0, 0x3, 0x80, 0x1e, 0x0, 0xfc, 0x70,
    0x1, 0xc7, 0xff, 0x8e, 0x0, 0x38, 0xff, 0xf1,
    0xc0, 0x7, 0x1f, 0x80, 0x38, 0x0, 0xe0, 0x0,
    0x3, 0x0, 0x38, 0x0, 0x0, 0x70, 0x7, 0x0,
    0x0, 0x7, 0x1, 0xc0, 0x0, 0x0, 0xf0, 0x78,
    0x0, 0x0, 0x7, 0xfc, 0x0, 0x0, 0x10, 0x3e,
    0x4, 0x0, 0x7, 0x0, 0x1, 0xc0, 0x1, 0xe0,
    0x0, 0x3c, 0x0, 0x78, 0x0, 0x3, 0xc0, 0xe,
    0x1, 0xc0, 0x38, 0x0, 0x0, 0x38, 0x0, 0x0,
    0x0, 0x7, 0x0, 0x0, 0x0, 0x0, 0xe0, 0x0,
    0x0, 0x0, 0x1c, 0x0, 0x0, 0x0, 0x3, 0x80,
    0x0, 0x0,

    /* U+E312 "" */
    0x0, 0x0, 0xf, 0x80, 0x0, 0x0, 0x3, 0xfe,
    0x0, 0x0, 0x0, 0x7f, 0xf0, 0x0, 0x0, 0x7,
    0x3, 0x80, 0x0, 0x1f, 0x80, 0x18, 0x0, 0x7,
    0xfe, 0x1, 0xc0, 0x1, 0xe0, 0xf0, 0xf, 0x80,
    0x18, 0x3, 0x80, 0xfc, 0x3, 0x0, 0x18, 0x0,
    0xe0, 0x30, 0x1, 0xc0, 0x7, 0xe, 0x0, 0x1f,
    0x80, 0x33, 0xe0, 0x0, 0xfe, 0x3, 0x78, 0x0,
    0x0, 0xf0, 0x36, 0x0, 0x0, 0x3, 0x7, 0xe0,
    0x0, 0x0, 0x38, 0xfc, 0x0, 0x0, 0x1, 0xbe,
    0xc0, 0x0, 0x0, 0x1b, 0xcc, 0x0, 0x0, 0x1,
    0xa0, 0xc0, 0x0, 0x0, 0x38, 0x6, 0x0, 0x0,
    0x3, 0x0, 0x78, 0x0, 0x0, 0xf0, 0x1, 0xff,
    0xff, 0xfe, 0x0, 0xf, 0xff, 0xff, 0x80, 0x0,

    /* U+E313 "" */
    0x0, 0x0, 0x7c, 0x0, 0x0, 0x0, 0x1, 0xff,
    0x0, 0x0, 0x0, 0x7, 0xff, 0xc0, 0x0, 0x0,
    0xf, 0x83, 0xe0, 0x0, 0x0, 0xe, 0x0, 0xf0,
    0x0, 0x0, 0x1c, 0x0, 0x70, 0x0, 0x0, 0x1c,
    0x0, 0x38, 0x0, 0x0, 0x38, 0x0, 0x38, 0x0,
    0x0, 0xf8, 0x0, 0x3f, 0x80, 0x1, 0xf8, 0x0,
    0x3f, 0xe0, 0x3, 0xe0, 0x0, 0x3, 0xf0, 0x7,
    0x80, 0x0, 0x0, 0x70, 0x7, 0x0, 0x0, 0x0,
    0x38, 0xe, 0x0, 0x0, 0x0, 0x38, 0x0, 0x0,
    0x0, 0x0, 0x0, 0x0, 0x0, 0x0, 0x0, 0x0,
    0x7, 0xff, 0xff, 0xff, 0xf8, 0xf, 0xff, 0xff,
    0xff, 0xf8, 0x7, 0xff, 0xff, 0xff, 0xf8, 0x0,
    0x0, 0x0, 0x0, 0x0, 0x0, 0x0, 0x0, 0x0,
    0x0, 0xff, 0xff, 0xff, 0xff, 0x80, 0xff, 0xff,
    0xff, 0xff, 0x80, 0x0, 0x0, 0x0, 0x0, 0x0,
    0x0, 0x0, 0x0, 0x0, 0x0, 0x0, 0x0, 0x0,
    0x0, 0x0, 0x1, 0xff, 0xff, 0xff, 0xff, 0x1,
    0xff, 0xff, 0xff, 0xff, 0x1, 0xff, 0xff, 0xff,
    0xff,

    /* U+E318 "" */
    0x0, 0x7, 0xe0, 0x0, 0x0, 0x7, 0xfe, 0x0,
    0x0, 0x7, 0xff, 0xc0, 0x0, 0x3, 0xe0, 0x78,
    0x0, 0x0, 0xf0, 0xf, 0x0, 0x0, 0x78, 0x1,
    0xe0, 0x0, 0x1c, 0x0, 0x38, 0x0, 0xe, 0x0,
    0x6, 0x0, 0xf, 0x80, 0x1, 0xf8, 0x7, 0xe0,
    0x0, 0x7f, 0x83, 0xc0, 0x0, 0x0, 0xf1, 0xe0,
    0x0, 0x0, 0x1e, 0x70, 0x0, 0x0, 0x3, 0xb8,
    0x0, 0x0, 0x0, 0x7e, 0x0, 0x0, 0x0, 0x1f,
    0x80, 0x0, 0x0, 0x7, 0xe0, 0xc, 0x71, 0x81,
    0xf8, 0x7, 0x1c, 0xe0, 0x7f, 0x1, 0xc6, 0x38,
    0x3d, 0xe0, 0x73, 0x8e, 0x1e, 0x7c, 0x1c, 0xe3,
    0x8f, 0x8f, 0xce, 0x39, 0xcf, 0xc1, 0xf3, 0x9c,
    0x73, 0xe0, 0x1c, 0xe7, 0x1c, 0xe0, 0x0, 0x71,
    0xc6, 0x0, 0x0, 0x1c, 0x73, 0x80, 0x0, 0x7,
    0x38, 0xe0, 0x0, 0x1, 0xce, 0x38, 0x0, 0x0,
    0x3, 0x80, 0x0, 0x0, 0x0, 0xc0, 0x0, 0x0,
    0x0, 0x70, 0x0, 0x0, 0x0, 0x1c, 0x0, 0x0,
    0x0, 0x6, 0x0, 0x0, 0x0,

    /* U+E31D "" */
    0x0, 0x7, 0xe0, 0x0, 0x0, 0xf, 0xfe, 0x0,
    0x0, 0x7, 0xff, 0xc0, 0x0, 0x3, 0xe0, 0xf8,
    0x0, 0x1, 0xf0, 0xf, 0x0, 0x0, 0x78, 0x1,
    0xe0, 0x0, 0x1c, 0x0, 0x38, 0x0, 0xe, 0x0,
    0xf, 0xe0, 0xf, 0x80, 0x1, 0xfc, 0x7, 0xe0,
    0x0, 0x7f, 0xc3, 0xe0, 0x0, 0x0, 0xf1, 0xe0,
    0x0, 0x0, 0x1e, 0x70, 0x0, 0x0, 0x3, 0xf8,
    0x0, 0x0, 0x0, 0x7e, 0x0, 0x0, 0x0, 0x1f,
    0x80, 0x0, 0x80, 0x7, 0xe0, 0xfc, 0x73, 0x81,
    0xf8, 0x3e, 0x1c, 0xe0, 0xf7, 0xf, 0x86, 0x38,
    0x39, 0xe7, 0xc3, 0x8e, 0x1e, 0x3f, 0xf0, 0xe7,
    0x3f, 0x7, 0xf8, 0x39, 0xcf, 0x80, 0xfe, 0xc,
    0x73, 0xc0, 0xf, 0xf7, 0x1c, 0x0, 0x7, 0xf9,
    0xce, 0x0, 0x1, 0xfe, 0x73, 0x80, 0x0, 0x7,
    0x38, 0xe0, 0x0, 0x3, 0x8e, 0x10, 0x0, 0x0,
    0xe3, 0x80, 0x0, 0x0, 0x30, 0xe0, 0x0, 0x0,
    0x8, 0x70, 0x0, 0x0, 0x6, 0x1c, 0x0, 0x0,
    0x1, 0x0, 0x0, 0x0, 0x0,

    /* U+E33D "" */
    0x0, 0x7, 0xe0, 0x0, 0x0, 0x7, 0xfe, 0x0,
    0x0, 0x7, 0xff, 0xc0, 0x0, 0x3, 0xe0, 0xf8,
    0x0, 0x1, 0xf0, 0xf, 0x0, 0x0, 0x70, 0x1,
    0xe0, 0x0, 0x3c, 0x0, 0x38, 0x0, 0xe, 0x0,
    0xf, 0xe0, 0xf, 0x80, 0x1, 0xfe, 0xf, 0xe0,
    0x0, 0x7f, 0xc3, 0xc0, 0x0, 0x0, 0xf9, 0xe0,
    0x0, 0x0, 0x1e, 0xf0, 0x0, 0x0, 0x3, 0xf8,
    0x0, 0x0, 0x0, 0x7e, 0x0, 0x0, 0x0, 0x1f,
    0x80, 0x0, 0x0, 0x7, 0xe0, 0x0, 0x0, 0x1,
    0xf8, 0x0, 0x0, 0x0, 0x77, 0x0, 0x0, 0x0,
    0x39, 0xe0, 0x0, 0x0, 0x1e, 0x3c, 0x0, 0x0,
    0xf, 0x7, 0xff, 0xff, 0xff, 0x80, 0x7f, 0xff,
    0xff, 0x80,

    /* U+E34A "" */
    0x0, 0x0, 0x0, 0x80, 0x0, 0x0, 0x0, 0x38,
    0x0, 0x0, 0x0, 0xf, 0x80, 0x0, 0x0, 0x3,
    0xf8, 0x0, 0x0, 0x0, 0x7f, 0x0, 0x0, 0x0,
    0x1f, 0xf0, 0x0, 0x0, 0x3, 0xfe, 0x0, 0x0,
    0x0, 0x7f, 0xc0, 0x2, 0x0, 0xf, 0xf8, 0x0,
    0xe0, 0x0, 0xfe, 0x0, 0x3e, 0x0, 0xf, 0x80,
    0x7, 0xc0, 0x0, 0x0, 0x1, 0xfc, 0x0, 0x0,
    0x0, 0x7f, 0xc0, 0x0, 0x0, 0xf, 0xf8, 0x0,
    0x0, 0x3, 0xff, 0x80, 0x0, 0x0, 0x7f, 0xf0,
    0x0, 0x0, 0x1f, 0xff, 0x0, 0x0, 0x3, 0xff,
    0xe0, 0x0, 0x0, 0x7f, 0xfc, 0x0, 0x0, 0xf,
    0xff, 0x80, 0x0, 0x1, 0xff, 0xf0, 0x3, 0x0,
    0x1f, 0xfc, 0x0, 0xf0, 0x1, 0xff, 0x0, 0x3f,
    0x0, 0x1f, 0xc0, 0xf, 0xf0, 0x0, 0x0, 0x3,
    0xff, 0x0, 0x0, 0x0, 0xff, 0xf0, 0x0, 0x0,
    0x1f, 0xff, 0x0, 0x0, 0x7, 0xff, 0xe0, 0x0,
    0x1, 0xff, 0xfe, 0x0, 0x0, 0x3f, 0xff, 0xe0,
    0x0, 0xf, 0xff, 0xfc, 0x0, 0x1, 0xff, 0xff,
    0xc0, 0x0, 0x7f, 0xff, 0xf8, 0x0, 0xf, 0xff,
    0xff, 0x0, 0x1, 0xff, 0xff, 0xf0, 0x0, 0x3f,
    0xff, 0xfe, 0x0, 0x7, 0xff, 0xff, 0xc0, 0x0,
    0xff, 0xff, 0xf8, 0x0, 0x1f, 0xff, 0xff, 0x0,
    0x3, 0xff, 0xff, 0xc0, 0x0, 0x3f, 0xff, 0xf8,
    0x0, 0x7, 0xff, 0xfe, 0x0, 0x0, 0x7f, 0xff,
    0xc0, 0x0, 0x7, 0xff, 0xf0, 0x0, 0x0, 0x7f,
    0xfc, 0x0, 0x0, 0x7, 0xfe, 0x0, 0x0, 0x0,
    0x1c, 0x0,

    /* U+E34C "" */
    0x0, 0x0, 0x1, 0x80, 0x0, 0x0, 0x0, 0x0,
    0x3, 0xc0, 0x0, 0x0, 0x0, 0x0, 0x3, 0xc0,
    0x0, 0x0, 0x0, 0x0, 0x3, 0xc0, 0x0, 0x0,
    0x0, 0x0, 0x3, 0xc0, 0x0, 0x0, 0x0, 0x0,
    0x3, 0xc0, 0x0, 0x0, 0x1, 0x80, 0x3, 0xc0,
    0x1, 0x80, 0x3, 0xc0, 0x1, 0x80, 0x3, 0xc0,
    0x3, 0xe0, 0x0, 0x0, 0x7, 0xc0, 0x1, 0xf0,
    0x0, 0x0, 0xf, 0x80, 0x0, 0xf8, 0x0, 0x0,
    0x1f, 0x0, 0x0, 0x78, 0x0, 0x0, 0x1e, 0x0,
    0x0, 0x38, 0xf, 0xf0, 0x1c, 0x0, 0x0, 0x0,
    0x3f, 0xfc, 0x0, 0x0, 0x0, 0x0, 0xff, 0xff,
    0x0, 0x0, 0x0, 0x1, 0xfe, 0x7f, 0x80, 0x0,
    0x0, 0x3, 0xf0, 0xf, 0xc0, 0x0, 0x0, 0x3,
    0xc0, 0x3, 0xc0, 0x0, 0x0, 0x7, 0x80, 0x1,
    0xe0, 0x0, 0x0, 0x7, 0x80, 0x1, 0xe0, 0x0,
    0x0, 0xf, 0x0, 0x0, 0xf0, 0x0, 0x7e, 0xf,
    0x0, 0x0, 0xf0, 0x7e, 0xff, 0xf, 0x0, 0x0,
    0xf0, 0xff, 0xff, 0xf, 0x0, 0x0, 0xf0, 0xff,
    0x7e, 0xf, 0x0, 0x0, 0xf0, 0x7e, 0x0, 0xf,
    0x0, 0x0, 0xf0, 0x0, 0x0, 0xf, 0x81, 0x81,
    0xf0, 0x0, 0x0, 0x7, 0x83, 0xc1, 0xe0, 0x0,
    0x0, 0x7, 0xc7, 0xe3, 0xe0, 0x0, 0x0, 0x0,
    0xf, 0xf0, 0x0, 0x0, 0x0, 0x0, 0x1f, 0xf8,
    0x0, 0x0, 0x0, 0x0, 0x3f, 0xfc, 0x0, 0x0,
    0x0, 0x1f, 0xfe, 0x7f, 0xf0, 0x0, 0x0, 0x3f,
    0xfc, 0x3f, 0xf8, 0x0, 0x0, 0x3f, 0xf8, 0x1f,
    0xf8, 0x0, 0x0, 0x1f, 0xe0, 0xf, 0xf0, 0x0,

    /* U+E34D "" */
    0x0, 0x0, 0x3, 0x80, 0x0, 0x0, 0x0, 0x0,
    0x7, 0x0, 0x0, 0x0, 0x0, 0x0, 0xe, 0x0,
    0x0, 0x0, 0x0, 0x0, 0x1c, 0x0, 0x0, 0x0,
    0x0, 0x0, 0x38, 0x0, 0x0, 0x0, 0x0, 0x0,
    0x70, 0x0, 0x0, 0x0, 0x60, 0x0, 0xe0, 0x0,
    0xc0, 0x1, 0xe0, 0x1, 0xc0, 0x3, 0xc0, 0x3,
    0xe0, 0x0, 0x0, 0xf, 0x80, 0x3, 0xe0, 0x0,
    0x0, 0x3e, 0x0, 0x3, 0xe0, 0x0, 0x0, 0xf8,
    0x0, 0x3, 0xc0, 0x0, 0x1, 0xe0, 0x0, 0x3,
    0x81, 0xff, 0x3, 0x80, 0x0, 0x0, 0xf, 0xff,
    0x80, 0x0, 0x0, 0x0, 0x3f, 0xff, 0x80, 0x0,
    0x0, 0x0, 0xff, 0xff, 0x80, 0x0, 0x0, 0x3,
    0xf0, 0x1f, 0x80, 0x0, 0x0, 0xf, 0xc0, 0x1f,
    0x80, 0x0, 0x0, 0x1e, 0x0, 0xf, 0x0, 0x0,
    0x0, 0x3c, 0x0, 0x1f, 0x0, 0x0, 0x0, 0xf0,
    0x0, 0x1e, 0x0, 0x0, 0x1, 0xe0, 0x0, 0x3c,
    0x0, 0x1f, 0x83, 0xc0, 0x0, 0x78, 0x3f, 0x7f,
    0x87, 0x80, 0x0, 0xf0, 0xff, 0xff, 0xf, 0x0,
    0x1, 0xe1, 0xfe, 0xfc, 0x1e, 0x0, 0x3, 0xc1,
    0xf8, 0x0, 0x3c, 0x0, 0x7, 0x80, 0x0, 0x0,
    0x3c, 0x0, 0x1e, 0x0, 0x0, 0x0, 0x78, 0x0,
    0x3c, 0x0, 0x0, 0x0, 0x0, 0x0, 0x0, 0x0,
    0x0, 0x0, 0x0, 0x0, 0x0, 0x0, 0x0, 0x0,
    0x0, 0x0, 0x0, 0x0, 0x0, 0x1f, 0xe0, 0xf,
    0xf0, 0x0, 0x0, 0x7f, 0xe0, 0x3f, 0xf0, 0x0,
    0x0, 0xff, 0xe0, 0xff, 0xe0, 0x0, 0x0, 0xff,
    0xe3, 0xff, 0x80, 0x0, 0x0, 0x3, 0xef, 0x80,
    0x0, 0x0, 0x0, 0x3, 0xfe, 0x0, 0x0, 0x0,
    0x0, 0x3, 0xf8, 0x0, 0x0, 0x0, 0x0, 0x3,
    0xe0, 0x0, 0x0, 0x0, 0x0, 0x3, 0x80, 0x0,
    0x0, 0x0, 0x0, 0x2, 0x0, 0x0, 0x0,

    /* U+E7EB "" */
    0x0, 0x60, 0x0, 0x0, 0x1, 0x80, 0x0, 0x3c,
    0x0, 0x0, 0x0, 0xf0, 0x0, 0xf, 0x0, 0x0,
    0x0, 0x3c, 0x0, 0x3, 0xc0, 0x0, 0x0, 0xf,
    0x0, 0x1, 0xf8, 0x0, 0x0, 0x7, 0xe0, 0x0,
    0x7e, 0x0, 0x0, 0x1, 0xf8, 0x0, 0x3f, 0x80,
    0x0, 0x0, 0x7f, 0x0, 0xf, 0xf0, 0x0, 0x0,
    0x3f, 0xc0, 0x3, 0xfc, 0x0, 0x0, 0xf, 0xf0,
    0x1, 0xff, 0x0, 0x0, 0x3, 0xfe, 0x0, 0x7f,
    0xe0, 0x0, 0x1, 0xff, 0x80, 0x3f, 0xf8, 0x0,
    0x0, 0x7f, 0xf0, 0xf, 0xfe, 0x0, 0x0, 0x1f,
    0xfc, 0x3, 0xff, 0xc0, 0x0, 0xf, 0xff, 0x1,
    0xff, 0xf0, 0x0, 0x3, 0xff, 0xe0, 0x7f, 0xff,
    0xff, 0xff, 0xff, 0xf8, 0x1f, 0xff, 0xff, 0xff,
    0xff, 0xfe, 0xf, 0xff, 0xff, 0xff, 0xff, 0xff,
    0xc3, 0xff, 0xff, 0xff, 0xff, 0xff, 0xf1, 0xff,
    0xff, 0xff, 0xff, 0xff, 0xfe, 0x7f, 0xff, 0xff,
    0xff, 0xff, 0xff, 0x9f, 0xff, 0xff, 0xff, 0xff,
    0xff, 0xe7, 0xff, 0xff, 0xff, 0xff, 0xff, 0xf9,
    0xff, 0xff, 0xff, 0xff, 0xff, 0xfe, 0x7f, 0xff,
    0xff, 0xff, 0xff, 0xff, 0x9f, 0xff, 0xff, 0xff,
    0xff, 0xff, 0xe3, 0xff, 0xff, 0xff, 0xff, 0xff,
    0xf0, 0xff, 0xff, 0xff, 0xff, 0xff, 0xfc, 0x1f,
    0xff, 0xff, 0xff, 0xff, 0xfe, 0x7, 0xff, 0xff,
    0xff, 0xff, 0xff, 0x80, 0xff, 0xff, 0xff, 0xff,
    0xff, 0xc0, 0x1f, 0xff, 0xff, 0xff, 0xff, 0xe0,
    0x3, 0xff, 0xff, 0xff, 0xff, 0xf0, 0x0, 0x3f,
    0xff, 0xff, 0xff, 0xf0, 0x0, 0x7, 0xff, 0xff,
    0xff, 0xf8, 0x0, 0x0, 0xff, 0xff, 0xff, 0xfc,
    0x0, 0x0, 0xf, 0xff, 0xff, 0xfc, 0x0, 0x0,
    0x1, 0xff, 0xff, 0xfe, 0x0, 0x0, 0x0, 0x3f,
    0xff, 0xff, 0x0, 0x0, 0x0, 0x3, 0xff, 0xff,
    0x0, 0x0, 0x0, 0x0, 0x7f, 0xff, 0x80, 0x0,
    0x0, 0x0, 0xf, 0xff, 0xc0, 0x0, 0x0, 0x0,
    0x0, 0xff, 0xc0, 0x0, 0x0, 0x0, 0x0, 0x1f,
    0xe0, 0x0, 0x0, 0x0, 0x0, 0x3, 0xf0, 0x0,
    0x0, 0x0, 0x0, 0x0, 0x30, 0x0, 0x0, 0x0,

    /* U+EA84 "" */
    0x0, 0x0, 0x1f, 0xf8, 0x0, 0x0, 0x0, 0x1,
    0xff, 0xff, 0x80, 0x0, 0x0, 0x7, 0xff, 0xff,
    0xe0, 0x0, 0x0, 0x1f, 0xf0, 0xf, 0xf8, 0x0,
    0x0, 0x3f, 0x0, 0x0, 0xfc, 0x0, 0x0, 0xfc,
    0x0, 0x0, 0x3e, 0x0, 0x1, 0xf8, 0x0, 0x0,
    0x1f, 0x80, 0x3, 0xe0, 0x0, 0x0, 0x7, 0xc0,
    0x3, 0xc0, 0x0, 0x0, 0x3, 0xc0, 0x7, 0x80,
    0x0, 0x0, 0x1, 0xe0, 0xf, 0x0, 0x0, 0x0,
    0x0, 0xf0, 0x1e, 0x0, 0x0, 0x0, 0x0, 0x78,
    0x1e, 0x7, 0x80, 0x1, 0xe0, 0x78, 0x3c, 0x7,
    0xef, 0xf7, 0xe0, 0x3c, 0x3c, 0x7, 0xff, 0xff,
    0xe0, 0x3c, 0x78, 0x7, 0xff, 0xff, 0xe0, 0x1e,
    0x78, 0x7, 0xff, 0xff, 0xe0, 0x1e, 0x70, 0x7,
    0xff, 0xff, 0xe0, 0xe, 0x70, 0xf, 0xff, 0xff,
    0xf0, 0xe, 0xf0, 0xf, 0xff, 0xff, 0xf0, 0xf,
    0xf0, 0x1f, 0xff, 0xff, 0xf8, 0xf, 0xf0, 0x1f,
    0xff, 0xff, 0xf8, 0xf, 0xf0, 0x1f, 0xff, 0xff,
    0xf8, 0xf, 0xe0, 0x1f, 0xff, 0xff, 0xf8, 0x7,
    0xf0, 0x1f, 0xff, 0xff, 0xf8, 0x7, 0xf0, 0x1f,
    0xff, 0xff, 0xf8, 0xf, 0xf0, 0xf, 0xff, 0xff,
    0xf0, 0xf, 0xf0, 0xf, 0xff, 0xff, 0xf0, 0xf,
    0x70, 0xf, 0xff, 0xff, 0xf0, 0xe, 0x70, 0x7,
    0xff, 0xff, 0xe0, 0xe, 0x78, 0x3, 0xff, 0xff,
    0xc0, 0x1e, 0x78, 0x0, 0xff, 0xff, 0x0, 0x1e,
    0x3c, 0x70, 0x1f, 0xf8, 0x0, 0x3c, 0x3c, 0x38,
    0xf, 0xf0, 0x0, 0x3c, 0x1e, 0x1c, 0x1f, 0xf8,
    0x0, 0x78, 0x1e, 0xe, 0x1f, 0xf8, 0x0, 0x78,
    0xf, 0xf, 0xff, 0xf8, 0x0, 0xf0, 0x7, 0x87,
    0xff, 0xf8, 0x1, 0xe0, 0x3, 0xc3, 0xff, 0xf8,
    0x3, 0xc0, 0x3, 0xe0, 0x1f, 0xf8, 0x7, 0xc0,
    0x1, 0xf0, 0x1f, 0xf8, 0xf, 0x80, 0x0, 0xfc,
    0x1f, 0xf8, 0x3e, 0x0, 0x0, 0x3f, 0x1f, 0xf8,
    0xfc, 0x0, 0x0, 0x1f, 0xff, 0xff, 0xf8, 0x0,
    0x0, 0x7, 0xff, 0xff, 0xe0, 0x0, 0x0, 0x1,
    0xff, 0xff, 0x80, 0x0, 0x0, 0x0, 0x1f, 0xf8,
    0x0, 0x0,

    /* U+EAC2 "" */
    0x0, 0x0, 0x0, 0xe0, 0x0, 0x0, 0x0, 0x0,
    0x7, 0xfc, 0x0, 0x0, 0x0, 0x0, 0x1f, 0xff,
    0x0, 0x0, 0x0, 0x0, 0x3f, 0xff, 0x80, 0x0,
    0x0, 0x0, 0x7c, 0x7, 0xc0, 0x0, 0x0, 0x0,
    0xf8, 0x3, 0xe0, 0x0, 0x0, 0x1, 0xe0, 0x0,
    0xf0, 0x0, 0x0, 0x3d, 0xe0, 0x0, 0xf0, 0x0,
    0x1, 0xff, 0xc0, 0x0, 0x78, 0x0, 0x7, 0xff,
    0xc0, 0x0, 0x78, 0x0, 0xf, 0xff, 0x80, 0x0,
    0x38, 0x0, 0x1f, 0x0, 0x0, 0x0, 0x3f, 0xc0,
    0x3e, 0x0, 0x0, 0x0, 0x3f, 0xf0, 0x7c, 0x0,
    0x0, 0x0, 0x3f, 0xf8, 0x78, 0x0, 0x0, 0xe0,
    0x0, 0xfc, 0x70, 0x0, 0x0, 0xe0, 0x0, 0x7c,
    0xf0, 0x0, 0x0, 0xe0, 0x0, 0x3e, 0xf0, 0x0,
    0x0, 0xe0, 0x0, 0x1e, 0xe0, 0x0, 0x0, 0xe0,
    0x0, 0xf, 0xe0, 0x0, 0x0, 0xe0, 0x0, 0xf,
    0xf0, 0x0, 0x0, 0xe0, 0x0, 0xf, 0xf0, 0x0,
    0x0, 0xe0, 0x0, 0xf, 0xf0, 0x0, 0x0, 0xe0,
    0x0, 0xf, 0x78, 0x0, 0x0, 0xe0, 0x0, 0x1f,
    0x78, 0x0, 0x0, 0xe0, 0x0, 0x1e, 0x3c, 0x0,
    0x0, 0xe0, 0x0, 0x3e, 0x3f, 0x0, 0x0, 0xe0,
    0x0, 0x7c, 0x1f, 0xe0, 0x0, 0xe0, 0x1, 0xf8,
    0xf, 0xfc, 0x10, 0xe1, 0x7, 0xf8, 0x3, 0xfc,
    0x38, 0xe3, 0x87, 0xe0, 0x0, 0xfc, 0x7c, 0xe7,
    0xc7, 0x80, 0x0, 0x0, 0x3e, 0xef, 0x80, 0x0,
    0x0, 0x0, 0x1f, 0xff, 0x0, 0x0, 0x0, 0x0,
    0xf, 0xfe, 0x0, 0x0, 0x0, 0x0, 0x7, 0xfc,
    0x0, 0x0, 0x0, 0x0, 0x3, 0xf8, 0x0, 0x0,
    0x0, 0x0, 0x1, 0xf0, 0x0, 0x0, 0x0, 0x0,
    0x0, 0xe0, 0x0, 0x0,

    /* U+EB00 "" */
    0x0, 0x0, 0x0, 0x0, 0x0, 0x0, 0x1f, 0x0,
    0x0, 0x1, 0xf8, 0x1, 0xfc, 0x0, 0x0, 0x7f,
    0x80, 0x3f, 0xf3, 0xff, 0xcf, 0xf8, 0x3, 0x8f,
    0xff, 0xff, 0xf1, 0xc0, 0x38, 0x3f, 0xff, 0xfc,
    0x1c, 0x3, 0x81, 0xc0, 0x3, 0x81, 0xc0, 0x38,
    0x0, 0x0, 0x0, 0x1c, 0x3, 0x80, 0x0, 0x0,
    0x3, 0xc0, 0x38, 0x0, 0x0, 0x0, 0x38, 0x3,
    0x80, 0x0, 0x0, 0x3, 0xc0, 0x78, 0x0, 0x0,
    0x0, 0x1c, 0xf, 0x0, 0x0, 0x0, 0x1, 0xe0,
    0xe0, 0x0, 0x0, 0x0, 0xe, 0xe, 0x0, 0x0,
    0x0, 0x0, 0xf1, 0xc0, 0x0, 0x0, 0x0, 0x7,
    0x1c, 0x0, 0x0, 0x0, 0x0, 0x71, 0xc0, 0x0,
    0x0, 0x0, 0x7, 0x1c, 0x0, 0x0, 0x0, 0x0,
    0x71, 0xc0, 0x0, 0x0, 0x0, 0x7, 0x1c, 0x0,
    0x0, 0x0, 0x0, 0x71, 0xc0, 0x0, 0x0, 0x0,
    0x7, 0x1c, 0x0, 0x0, 0x0, 0x0, 0x70, 0xe0,
    0x0, 0x0, 0x0, 0xe, 0xe, 0x0, 0x0, 0x0,
    0x0, 0xe0, 0xe0, 0x0, 0x0, 0x0, 0xe, 0x7,
    0x0, 0x0, 0x0, 0x1, 0xe0, 0x78, 0x0, 0x0,
    0x0, 0x3c, 0x3, 0xc0, 0x0, 0x0, 0x7, 0x80,
    0x1e, 0x0, 0x0, 0x0, 0xf8, 0x0, 0xf8, 0x0,
    0x0, 0x3f, 0x0, 0x7, 0xf8, 0x0, 0x3f, 0xe0,
    0x0, 0x1f, 0xc0, 0x7, 0xf8, 0xf, 0x0, 0x7e,
    0x0, 0xfc, 0x0, 0xf8, 0x1, 0xe0, 0x7, 0x0,
    0x7, 0xc0, 0x1c, 0x0, 0x78, 0x0, 0x3c, 0x1,
    0x80, 0x3, 0x80, 0x1, 0xe0, 0x18, 0x0, 0x38,
    0x0, 0xf, 0x1, 0x80, 0x3, 0x80, 0x0, 0x7c,
    0x38, 0x0, 0x38, 0x0, 0x3, 0xff, 0x80, 0x3,
    0x80, 0x0, 0x1f, 0xf8, 0x0, 0x38, 0x0, 0x0,
    0x7b, 0x80, 0x3, 0x80, 0x0, 0x0, 0x38, 0x0,
    0x38, 0x0, 0x0, 0x3, 0x80, 0x3, 0x80, 0x0,
    0x0, 0x38, 0x0, 0x38, 0x0, 0x0, 0x3, 0x80,
    0x3, 0x80, 0x0, 0x0, 0x38, 0x0, 0x38, 0x0,
    0x0, 0x1, 0x0, 0x0, 0x0, 0x0,

    /* U+EBCB "" */
    0x0, 0x0, 0x0, 0x0, 0xc, 0x0, 0x0, 0x0,
    0x0, 0x0, 0x1e, 0x0, 0x0, 0x0, 0x0, 0x0,
    0x1f, 0x0, 0x0, 0x0, 0x0, 0x0, 0xf, 0x80,
    0x0, 0x0, 0x0, 0x0, 0x7, 0xc0, 0x0, 0x0,
    0x0, 0x0, 0x3, 0xe0, 0x0, 0x0, 0x0, 0x0,
    0x1, 0xf0, 0x0, 0x0, 0x0, 0x0, 0x0, 0xf8,
    0x0, 0x0, 0x0, 0x0, 0x0, 0x7c, 0x0, 0x0,
    0x0, 0x0, 0x0, 0x3e, 0xff, 0xff, 0xff, 0xff,
    0xff, 0xff, 0xff, 0xff, 0xff, 0xff, 0xff, 0xff,
    0xff, 0xff, 0xff, 0xff, 0xff, 0xff, 0xff, 0xff,
    0xff, 0xff, 0xff, 0xff, 0x0, 0x0, 0x0, 0x0,
    0x0, 0x3e, 0x0, 0x0, 0x0, 0x0, 0x0, 0x7c,
    0x0, 0x0, 0x0, 0x0, 0x0, 0xf8, 0x0, 0x0,
    0x0, 0x0, 0x1, 0xf0, 0x0, 0x0, 0x0, 0x0,
    0x3, 0xe0, 0x0, 0x0, 0x0, 0x0, 0x7, 0xc0,
    0x0, 0x0, 0x0, 0x0, 0xf, 0x80, 0x0, 0x0,
    0x0, 0x0, 0x1f, 0x0, 0x0, 0x0, 0x0, 0x0,
    0x1e, 0x0, 0x0, 0x0, 0x0, 0x0, 0xc, 0x0,
    0x0, 0x30, 0x0, 0x0, 0x0, 0x0, 0x0, 0x78,
    0x0, 0x0, 0x0, 0x0, 0x0, 0xf8, 0x0, 0x0,
    0x0, 0x0, 0x1, 0xf0, 0x0, 0x0, 0x0, 0x0,
    0x3, 0xe0, 0x0, 0x0, 0x0, 0x0, 0x7, 0xc0,
    0x0, 0x0, 0x0, 0x0, 0xf, 0x80, 0x0, 0x0,
    0x0, 0x0, 0x1f, 0x0, 0x0, 0x0, 0x0, 0x0,
    0x3e, 0x0, 0x0, 0x0, 0x0, 0x0, 0x7c, 0x0,
    0x0, 0x0, 0x0, 0x0, 0xff, 0xff, 0xff, 0xff,
    0xff, 0xff, 0xff, 0xff, 0xff, 0xff, 0xff, 0xff,
    0xff, 0xff, 0xff, 0xff, 0xff, 0xff, 0x7c, 0x0,
    0x0, 0x0, 0x0, 0x0, 0x3e, 0x0, 0x0, 0x0,
    0x0, 0x0, 0x1f, 0x0, 0x0, 0x0, 0x0, 0x0,
    0xf, 0x80, 0x0, 0x0, 0x0, 0x0, 0x7, 0xc0,
    0x0, 0x0, 0x0, 0x0, 0x3, 0xe0, 0x0, 0x0,
    0x0, 0x0, 0x1, 0xf0, 0x0, 0x0, 0x0, 0x0,
    0x0, 0xf8, 0x0, 0x0, 0x0, 0x0, 0x0, 0x78,
    0x0, 0x0, 0x0, 0x0, 0x0, 0x30, 0x0, 0x0,
    0x0, 0x0,

    /* U+EBEB "" */
    0xf, 0xff, 0xc0, 0x0, 0x3f, 0xf8, 0xf, 0xff,
    0xf0, 0x0, 0x3f, 0xfe, 0xf, 0xff, 0xfc, 0x0,
    0x7f, 0xff, 0x8f, 0xff, 0xff, 0x0, 0x7f, 0xff,
    0xef, 0x0, 0x3, 0xc0, 0x7c, 0x0, 0x7f, 0x80,
    0x1, 0xe0, 0x3e, 0x0, 0x3f, 0xc0, 0x0, 0xf0,
    0x1f, 0x0, 0x1f, 0xe0, 0x0, 0x78, 0xf, 0x80,
    0xf, 0xf0, 0x0, 0x3c, 0x7, 0xc0, 0x7, 0xf8,
    0x0, 0x1e, 0x3, 0xe0, 0x3, 0xfc, 0x0, 0xf,
    0x1, 0xf0, 0x1, 0xfe, 0x0, 0x7, 0x80, 0xf8,
    0x0, 0xff, 0x0, 0x3, 0xc0, 0x7c, 0x0, 0x7f,
    0x80, 0x1, 0xe0, 0x3e, 0x0, 0x3f, 0xc0, 0x0,
    0xf0, 0x1f, 0x0, 0x1f, 0xe0, 0x0, 0x78, 0x7,
    0xff, 0xfe, 0xf0, 0x0, 0x3c, 0x1, 0xff, 0xfe,
    0x78, 0x0, 0x1e, 0x0, 0x7f, 0xfe, 0x3c, 0x0,
    0xf, 0x0, 0x1f, 0xfe, 0x1e, 0x0, 0x7, 0x80,
    0x0, 0x0, 0xf, 0x0, 0x3, 0xc0, 0x0, 0x0,
    0x7, 0x80, 0x1, 0xe0, 0x0, 0x0, 0x3, 0xc0,
    0x0, 0xf0, 0x0, 0x0, 0x1, 0xe0, 0x0, 0x78,
    0x0, 0x0, 0x0, 0xf0, 0x0, 0x3c, 0x0, 0x0,
    0x0, 0x78, 0x0, 0x1e, 0x0, 0x0, 0x0, 0x3c,
    0x0, 0xf, 0x0, 0x1f, 0xfe, 0x1e, 0x0, 0x7,
    0x80, 0x1f, 0xff, 0x8f, 0x0, 0x3, 0xc0, 0x1f,
    0xff, 0xe7, 0x80, 0x1, 0xe0, 0x1f, 0xff, 0xfb,
    0xc0, 0x0, 0xf0, 0x1f, 0x0, 0x1f, 0xe0, 0x0,
    0x78, 0xf, 0x80, 0xf, 0xf0, 0x0, 0x3c, 0x7,
    0xc0, 0x7, 0xf8, 0x0, 0x1e, 0x3, 0xe0, 0x3,
    0xfc, 0x0, 0xf, 0x1, 0xf0, 0x1, 0xfe, 0x0,
    0x7, 0x80, 0xf8, 0x0, 0xff, 0x0, 0x3, 0xc0,
    0x7c, 0x0, 0x7f, 0x80, 0x1, 0xe0, 0x3e, 0x0,
    0x3f, 0xc0, 0x0, 0xf0, 0x1f, 0x0, 0x1f, 0xe0,
    0x0, 0x78, 0xf, 0x80, 0xf, 0xf0, 0x0, 0x3c,
    0x7, 0xc0, 0x7, 0xf8, 0x0, 0x1e, 0x3, 0xe0,
    0x3, 0xdf, 0xff, 0xfe, 0x0, 0xff, 0xff, 0xc7,
    0xff, 0xfe, 0x0, 0x1f, 0xff, 0xc1, 0xff, 0xfe,
    0x0, 0x7, 0xff, 0xc0,

    /* U+EE27 "" */
    0x0, 0x7, 0xff, 0xf0, 0x0, 0x0, 0x3f, 0xff,
    0xff, 0xf0, 0x0, 0x7f, 0xff, 0xff, 0xff, 0x80,
    0x7f, 0xff, 0xff, 0xff, 0xf8, 0x3f, 0xff, 0xff,
    0xff, 0xff, 0x1f, 0xff, 0xff, 0xff, 0xff, 0xef,
    0xff, 0xff, 0xff, 0xff, 0xff, 0xff, 0xff, 0xff,
    0xff, 0xff, 0xff, 0xff, 0xff, 0xff, 0xff, 0xff,
    0xc0, 0x0, 0x0, 0xf, 0xff, 0xe0, 0x0, 0x0,
    0x1, 0xff, 0xf8, 0x0, 0x0, 0x0, 0x7f, 0xfe,
    0x0, 0x0, 0x0, 0x1f, 0xff, 0x80, 0x0, 0x0,
    0x7, 0xff, 0xe0, 0x0, 0x0, 0x1, 0xff, 0xf8,
    0x0, 0x0, 0x0, 0x7f, 0xfe, 0x0, 0x0, 0x0,
    0x1f, 0xff, 0x80, 0x0, 0x0, 0x7, 0xff, 0xe0,
    0x0, 0x0, 0x1, 0xff, 0xf8, 0x0, 0x0, 0x0,
    0x7f, 0xfe, 0x0, 0x0, 0x0, 0x1f, 0xff, 0x80,
    0x0, 0x0, 0x7, 0xff, 0xe0, 0x0, 0x0, 0x1,
    0xff, 0xf8, 0x0, 0x0, 0x0, 0x7f, 0xfe, 0x0,
    0x0, 0x0, 0x1f, 0xff, 0x80, 0x0, 0x0, 0x7,
    0xff, 0xf0, 0x0, 0x0, 0x3, 0xff, 0xff, 0xff,
    0xff, 0xff, 0xff, 0xff, 0xff, 0xff, 0xff, 0xff,
    0xff, 0xff, 0xff, 0xff, 0xff, 0xff, 0xff, 0xff,
    0xff, 0xff, 0xff, 0xf0, 0xff, 0xff, 0xfe, 0x3f,
    0xf8, 0x1f, 0xff, 0xff, 0x7, 0xfe, 0x7, 0xff,
    0xff, 0xc1, 0xff, 0x81, 0xff, 0xff, 0xf0, 0x7f,
    0xe0, 0x7f, 0xff, 0xfc, 0x1f, 0xfc, 0x3f, 0xff,
    0xff, 0x8f, 0xff, 0xff, 0xff, 0xff, 0xff, 0xff,
    0xff, 0xff, 0xff, 0xff, 0xff, 0xff, 0xff, 0xff,
    0xff, 0xff, 0x7f, 0xff, 0xff, 0xff, 0xff, 0x87,
    0xff, 0xff, 0xff, 0xff, 0x81, 0xff, 0x80, 0x0,
    0x3f, 0xe0, 0x7f, 0xe0, 0x0, 0xf, 0xf8, 0x1f,
    0xf8, 0x0, 0x3, 0xfe, 0x3, 0xfc, 0x0, 0x0,
    0x7f, 0x0, 0x7e, 0x0, 0x0, 0xf, 0xc0,

    /* U+F013 "" */
    0x0, 0x0, 0x1f, 0xf0, 0x0, 0x0, 0x0, 0x0,
    0xff, 0xe0, 0x0, 0x0, 0x0, 0x3, 0xff, 0x80,
    0x0, 0x0, 0x0, 0x1f, 0xfe, 0x0, 0x0, 0x0,
    0x0, 0x7f, 0xfc, 0x0, 0x0, 0x0, 0x1, 0xff,
    0xf0, 0x0, 0x0, 0x0, 0x7, 0xff, 0xc0, 0x0,
    0x0, 0x0, 0x3f, 0xff, 0x80, 0x0, 0xf, 0x83,
    0xff, 0xff, 0x87, 0xc0, 0x3f, 0xff, 0xff, 0xff,
    0xff, 0x1, 0xff, 0xff, 0xff, 0xff, 0xfe, 0xf,
    0xff, 0xff, 0xff, 0xff, 0xfc, 0x3f, 0xff, 0xff,
    0xff, 0xff, 0xf1, 0xff, 0xff, 0xff, 0xff, 0xff,
    0xe7, 0xff, 0xff, 0xff, 0xff, 0xff, 0xbf, 0xff,
    0xff, 0xff, 0xff, 0xff, 0xff, 0xff, 0xf8, 0x3f,
    0xff, 0xfd, 0xff, 0xff, 0x80, 0x3f, 0xff, 0xe3,
    0xff, 0xfc, 0x0, 0x7f, 0xff, 0x7, 0xff, 0xe0,
    0x0, 0xff, 0xf8, 0xf, 0xff, 0x80, 0x3, 0xff,
    0xc0, 0x1f, 0xfc, 0x0, 0x7, 0xfe, 0x0, 0x7f,
    0xf0, 0x0, 0x1f, 0xf8, 0x1, 0xff, 0xc0, 0x0,
    0x7f, 0xe0, 0x7, 0xff, 0x0, 0x1, 0xff, 0x80,
    0x1f, 0xfc, 0x0, 0x7, 0xfe, 0x0, 0xff, 0xf8,
    0x0, 0x3f, 0xfc, 0x7, 0xff, 0xe0, 0x0, 0xff,
    0xf8, 0x3f, 0xff, 0xc0, 0x7, 0xff, 0xf1, 0xff,
    0xff, 0x80, 0x3f, 0xff, 0xef, 0xff, 0xff, 0x83,
    0xff, 0xff, 0xff, 0xff, 0xff, 0xff, 0xff, 0xff,
    0x7f, 0xff, 0xff, 0xff, 0xff, 0xf9, 0xff, 0xff,
    0xff, 0xff, 0xff, 0xe3, 0xff, 0xff, 0xff, 0xff,
    0xff, 0xf, 0xff, 0xff, 0xff, 0xff, 0xfc, 0x1f,
    0xff, 0xff, 0xff, 0xff, 0xe0, 0x3f, 0xff, 0xff,
    0xff, 0xff, 0x0, 0xf8, 0x3f, 0xff, 0xf8, 0x7c,
    0x0, 0x0, 0x3f, 0xff, 0x80, 0x0, 0x0, 0x0,
    0x7f, 0xfc, 0x0, 0x0, 0x0, 0x1, 0xff, 0xf0,
    0x0, 0x0, 0x0, 0x7, 0xff, 0xc0, 0x0, 0x0,
    0x0, 0x1f, 0xfe, 0x0, 0x0, 0x0, 0x0, 0x3f,
    0xf8, 0x0, 0x0, 0x0, 0x0, 0xff, 0xe0, 0x0,
    0x0, 0x0, 0x1, 0xff, 0x0, 0x0, 0x0,

    /* U+F019 "" */
    0x0, 0x0, 0x3, 0xc0, 0x0, 0x0, 0x0, 0x0,
    0x7, 0xc0, 0x0, 0x0, 0x0, 0x0, 0x7, 0xe0,
    0x0, 0x0, 0x0, 0x0, 0x7, 0xe0, 0x0, 0x0,
    0x0, 0x0, 0x7, 0xe0, 0x0, 0x0, 0x0, 0x0,
    0x7, 0xe0, 0x0, 0x0, 0x0, 0x0, 0x7, 0xe0,
    0x0, 0x0, 0x0, 0x0, 0x7, 0xe0, 0x0, 0x0,
    0x0, 0x0, 0x7, 0xe0, 0x0, 0x0, 0x0, 0x0,
    0x7, 0xe0, 0x0, 0x0, 0x0, 0x0, 0x7, 0xe0,
    0x0, 0x0, 0x0, 0x0, 0x7, 0xe0, 0x0, 0x0,
    0x0, 0x0, 0x7, 0xe0, 0x0, 0x0, 0x0, 0x0,
    0x7, 0xe0, 0x0, 0x0, 0x0, 0x0, 0x7, 0xe0,
    0x0, 0x0, 0x0, 0x0, 0x7, 0xe0, 0x0, 0x0,
    0x0, 0x0, 0x7, 0xe0, 0x0, 0x0, 0x0, 0x0,
    0x7, 0xe0, 0x0, 0x0, 0x0, 0x3c, 0x7, 0xe0,
    0x3c, 0x0, 0x0, 0x7e, 0x7, 0xe0, 0x7e, 0x0,
    0x0, 0x7f, 0x7, 0xe0, 0xfe, 0x0, 0x0, 0x7f,
    0x87, 0xe1, 0xfe, 0x0, 0x0, 0x7f, 0xc7, 0xe3,
    0xfe, 0x0, 0x0, 0x3f, 0xe7, 0xe7, 0xfc, 0x0,
    0x0, 0x1f, 0xf7, 0xef, 0xf8, 0x0, 0x0, 0xf,
    0xff, 0xff, 0xf0, 0x0, 0x0, 0x7, 0xff, 0xff,
    0xe0, 0x0, 0x0, 0x3, 0xff, 0xff, 0xc0, 0x0,
    0x0, 0x1, 0xff, 0xff, 0x80, 0x0, 0x0, 0x0,
    0xff, 0xff, 0x0, 0x0, 0x0, 0x0, 0x7f, 0xfe,
    0x0, 0x0, 0x0, 0x0, 0x3f, 0xfc, 0x0, 0x0,
    0x0, 0x0, 0x1f, 0xf8, 0x0, 0x0, 0x1f, 0xff,
    0xf, 0xf0, 0xff, 0xf0, 0x3f, 0xff, 0x87, 0xe1,
    0xff, 0xfc, 0x7f, 0xff, 0xc1, 0x87, 0xff, 0xfe,
    0xff, 0xff, 0xe0, 0xf, 0xff, 0xff, 0xff, 0xff,
    0xf8, 0x1f, 0xff, 0xff, 0xff, 0xff, 0xff, 0xff,
    0xfe, 0x3f, 0xff, 0xff, 0xff, 0xff, 0xfc, 0x1f,
    0xff, 0xff, 0xff, 0xff, 0xfc, 0x1f, 0xff, 0xff,
    0xff, 0xff, 0xfe, 0x3f, 0xff, 0xff, 0xff, 0xff,
    0xff, 0xff, 0xff, 0xff, 0xff, 0xff, 0xff, 0xff,
    0x7f, 0xff, 0xff, 0xff, 0xff, 0xfe, 0x3f, 0xff,
    0xff, 0xff, 0xff, 0xfc, 0x1f, 0xff, 0xff, 0xff,
    0xff, 0xf0,

    /* U+F0E7 "" */
    0x0, 0x0, 0x0, 0x78, 0x0, 0x0, 0x0, 0xf,
    0xc0, 0x0, 0x0, 0x1, 0xfc, 0x0, 0x0, 0x0,
    0x7f, 0xc0, 0x0, 0x0, 0xf, 0xf8, 0x0, 0x0,
    0x1, 0xff, 0x80, 0x0, 0x0, 0x3f, 0xf8, 0x0,
    0x0, 0x7, 0xff, 0x0, 0x0, 0x0, 0xff, 0xf0,
    0x0, 0x0, 0x1f, 0xfe, 0x0, 0x0, 0x7, 0xff,
    0xe0, 0x0, 0x0, 0xff, 0xfc, 0x0, 0x0, 0x1f,
    0xff, 0xc0, 0x0, 0x3, 0xff, 0xfc, 0x0, 0x0,
    0x7f, 0xff, 0x80, 0x0, 0xf, 0xff, 0xf8, 0x0,
    0x1, 0xff, 0xff, 0x0, 0x0, 0x7f, 0xff, 0xf0,
    0x0, 0xf, 0xff, 0xfe, 0x0, 0x1, 0xff, 0xff,
    0xe0, 0x0, 0x3f, 0xff, 0xfe, 0x0, 0x7, 0xff,
    0xff, 0xff, 0xfe, 0xff, 0xff, 0xff, 0xff, 0xff,
    0xff, 0xff, 0xff, 0xff, 0xff, 0xff, 0xff, 0xff,
    0xf7, 0xff, 0xff, 0xff, 0xfe, 0x3f, 0xff, 0xff,
    0xff, 0xc0, 0x0, 0x7f, 0xff, 0xf8, 0x0, 0x7,
    0xff, 0xff, 0x0, 0x0, 0xff, 0xff, 0xe0, 0x0,
    0xf, 0xff, 0xfc, 0x0, 0x1, 0xff, 0xff, 0x80,
    0x0, 0x1f, 0xff, 0xe0, 0x0, 0x3, 0xff, 0xfc,
    0x0, 0x0, 0x3f, 0xff, 0x80, 0x0, 0x3, 0xff,
    0xf0, 0x0, 0x0, 0x7f, 0xfe, 0x0, 0x0, 0x7,
    0xff, 0xc0, 0x0, 0x0, 0xff, 0xf8, 0x0, 0x0,
    0xf, 0xfe, 0x0, 0x0, 0x1, 0xff, 0xc0, 0x0,
    0x0, 0x1f, 0xf8, 0x0, 0x0, 0x1, 0xff, 0x0,
    0x0, 0x0, 0x3f, 0xe0, 0x0, 0x0, 0x3, 0xfc,
    0x0, 0x0, 0x0, 0x3f, 0x80, 0x0, 0x0, 0x1,
    0xe0, 0x0, 0x0, 0x0, 0xc, 0x0, 0x0, 0x0,

    /* U+F0EC "" */
    0x0, 0x0, 0x0, 0xf, 0x0, 0x0, 0x0, 0x0,
    0x7, 0xe0, 0x0, 0x0, 0x0, 0x1, 0xfc, 0x0,
    0x0, 0x0, 0x0, 0x7f, 0x80, 0x0, 0x0, 0x0,
    0x1f, 0xf0, 0x0, 0x0, 0x0, 0x3, 0xfe, 0x0,
    0x0, 0x0, 0x0, 0x7f, 0xc0, 0x0, 0x0, 0x0,
    0xf, 0xf8, 0x0, 0x0, 0x0, 0x1, 0xff, 0x1f,
    0xff, 0xff, 0xff, 0xff, 0xef, 0xff, 0xff, 0xff,
    0xff, 0xff, 0xff, 0xff, 0xff, 0xff, 0xff, 0xff,
    0xff, 0xff, 0xff, 0xff, 0xff, 0xff, 0xff, 0xff,
    0xff, 0xf7, 0xff, 0xff, 0xff, 0xff, 0xf8, 0x0,
    0x0, 0x0, 0x7, 0xfc, 0x0, 0x0, 0x0, 0x3,
    0xfe, 0x0, 0x0, 0x0, 0x1, 0xff, 0x0, 0x0,
    0x0, 0x0, 0xff, 0x80, 0x0, 0x0, 0x0, 0x7f,
    0xc0, 0x0, 0x0, 0x0, 0x1f, 0xe0, 0x0, 0x0,
    0x0, 0x7, 0xf0, 0x0, 0x0, 0x0, 0x1, 0xf8,
    0x0, 0x0, 0x0, 0x0, 0x3c, 0x0, 0x0, 0x3c,
    0x0, 0x0, 0x0, 0x0, 0x1f, 0x80, 0x0, 0x0,
    0x0, 0xf, 0xe0, 0x0, 0x0, 0x0, 0x7, 0xf8,
    0x0, 0x0, 0x0, 0x3, 0xfe, 0x0, 0x0, 0x0,
    0x1, 0xff, 0x0, 0x0, 0x0, 0x0, 0xff, 0x80,
    0x0, 0x0, 0x0, 0x7f, 0xc0, 0x0, 0x0, 0x0,
    0x3f, 0xe0, 0x0, 0x0, 0x0, 0x1f, 0xff, 0xff,
    0xff, 0xff, 0xef, 0xff, 0xff, 0xff, 0xff, 0xff,
    0xff, 0xff, 0xff, 0xff, 0xff, 0xff, 0xff, 0xff,
    0xff, 0xff, 0xff, 0xff, 0xff, 0xff, 0xff, 0xf7,
    0xff, 0xff, 0xff, 0xff, 0xf8, 0xff, 0x80, 0x0,
    0x0, 0x0, 0x1f, 0xf0, 0x0, 0x0, 0x0, 0x3,
    0xfe, 0x0, 0x0, 0x0, 0x0, 0x7f, 0xc0, 0x0,
    0x0, 0x0, 0xf, 0xf8, 0x0, 0x0, 0x0, 0x1,
    0xfe, 0x0, 0x0, 0x0, 0x0, 0x3f, 0x80, 0x0,
    0x0, 0x0, 0x7, 0xe0, 0x0, 0x0, 0x0, 0x0,
    0xf0, 0x0, 0x0, 0x0,

    /* U+F1FF "" */
    0x0, 0x1, 0xc0, 0x1, 0xc0, 0x0, 0x0, 0x3,
    0xf8, 0x0, 0xff, 0x0, 0x0, 0x7, 0xff, 0xff,
    0xff, 0xf0, 0x0, 0x3, 0xff, 0xff, 0xff, 0xfe,
    0x0, 0x1, 0xff, 0xff, 0xff, 0xff, 0xc0, 0x0,
    0xff, 0xff, 0xff, 0xff, 0xf8, 0x0, 0x3f, 0xff,
    0xff, 0xff, 0xfe, 0x0, 0x1f, 0xff, 0xff, 0xff,
    0xff, 0xc0, 0x7, 0xff, 0xff, 0xff, 0xff, 0xf0,
    0x3, 0xff, 0xff, 0xff, 0xff, 0xfe, 0x0, 0xff,
    0xff, 0xff, 0xff, 0xff, 0x80, 0x7f, 0xff, 0xff,
    0xff, 0xff, 0xf0, 0x1f, 0xff, 0xff, 0xff, 0xff,
    0xfc, 0x7, 0xff, 0xff, 0xff, 0xff, 0xff, 0x3,
    0xff, 0xff, 0xff, 0xff, 0xff, 0xe0, 0xff, 0xf8,
    0xff, 0xf8, 0xff, 0xf8, 0x3f, 0xfc, 0xf, 0xf8,
    0x1f, 0xfe, 0x1f, 0xfe, 0x3, 0xfe, 0x3, 0xff,
    0x87, 0xff, 0x80, 0x7f, 0x0, 0xff, 0xf1, 0xff,
    0xc0, 0x1f, 0xc0, 0x1f, 0xfc, 0x7f, 0xf0, 0x7,
    0xf0, 0x7, 0xff, 0x1f, 0xfe, 0x1, 0xfc, 0x3,
    0xff, 0xc7, 0xff, 0x80, 0xff, 0x80, 0xff, 0xf1,
    0xff, 0xf0, 0x7f, 0xf0, 0x7f, 0xfc, 0x7f, 0xff,
    0x7f, 0xff, 0x7f, 0xff, 0x1f, 0xff, 0xff, 0xff,
    0xff, 0xff, 0xc7, 0xff, 0xff, 0xff, 0xff, 0xff,
    0xf1, 0xff, 0xff, 0xff, 0xff, 0xff, 0xfc, 0x7f,
    0xff, 0xff, 0xff, 0xff, 0xff, 0x1f, 0xfd, 0xff,
    0xff, 0xfd, 0xff, 0xc7, 0xff, 0x1f, 0xff, 0xfc,
    0x7f, 0xf0, 0x7f, 0xf0, 0x7f, 0xf0, 0x7f, 0xf0,
    0xf, 0xfe, 0x0, 0x0, 0x3f, 0xf8, 0x0, 0xff,
    0x80, 0x0, 0xf, 0xf8, 0x0, 0xf, 0xc0, 0x0,
    0x1, 0xf8, 0x0, 0x0, 0x70, 0x0, 0x0, 0x70,
    0x0,

    /* U+F233 "" */
    0xf, 0xff, 0xff, 0xff, 0xff, 0xf0, 0x3f, 0xff,
    0xff, 0xff, 0xff, 0xfc, 0x7f, 0xff, 0xff, 0xff,
    0xff, 0xfe, 0x7f, 0xff, 0xff, 0xff, 0xff, 0xfe,
    0xff, 0xff, 0xff, 0xff, 0xff, 0xff, 0xff, 0xff,
    0xff, 0xff, 0xff, 0xff, 0xff, 0xff, 0xff, 0xff,
    0xff, 0xff, 0xff, 0xff, 0xff, 0xfe, 0x78, 0xff,
    0xff, 0xff, 0xff, 0xfc, 0x30, 0x7f, 0xff, 0xff,
    0xff, 0xfc, 0x30, 0x7f, 0xff, 0xff, 0xff, 0xfc,
    0x30, 0x7f, 0xff, 0xff, 0xff, 0xfe, 0x78, 0xff,
    0xff, 0xff, 0xff, 0xff, 0xff, 0xff, 0xff, 0xff,
    0xff, 0xff, 0xff, 0xff, 0xff, 0xff, 0xff, 0xff,
    0xff, 0xff, 0x7f, 0xff, 0xff, 0xff, 0xff, 0xfe,
    0x7f, 0xff, 0xff, 0xff, 0xff, 0xfe, 0x3f, 0xff,
    0xff, 0xff, 0xff, 0xfc, 0xf, 0xff, 0xff, 0xff,
    0xff, 0xf0, 0x0, 0x0, 0x0, 0x0, 0x0, 0x0,
    0x0, 0x0, 0x0, 0x0, 0x0, 0x0, 0x0, 0x0,
    0x0, 0x0, 0x0, 0x0, 0x0, 0x0, 0x0, 0x0,
    0x0, 0x0, 0x0, 0x0, 0x0, 0x0, 0x0, 0x0,
    0xf, 0xff, 0xff, 0xff, 0xff, 0xf0, 0x3f, 0xff,
    0xff, 0xff, 0xff, 0xfc, 0x7f, 0xff, 0xff, 0xff,
    0xff, 0xfe, 0x7f, 0xff, 0xff, 0xff, 0xff, 0xfe,
    0xff, 0xff, 0xff, 0xff, 0xff, 0xff, 0xff, 0xff,
    0xff, 0xff, 0xff, 0xff, 0xff, 0xff, 0xff, 0xff,
    0xff, 0xff, 0xff, 0xff, 0xff, 0xfe, 0x7c, 0x7f,
    0xff, 0xff, 0xff, 0xfc, 0x38, 0x3f, 0xff, 0xff,
    0xff, 0xfc, 0x38, 0x3f, 0xff, 0xff, 0xff, 0xfc,
    0x38, 0x3f, 0xff, 0xff, 0xff, 0xfe, 0x7c, 0x7f,
    0xff, 0xff, 0xff, 0xff, 0xff, 0xff, 0xff, 0xff,
    0xff, 0xff, 0xff, 0xff, 0xff, 0xff, 0xff, 0xff,
    0xff, 0xff, 0x7f, 0xff, 0xff, 0xff, 0xff, 0xfe,
    0x7f, 0xff, 0xff, 0xff, 0xff, 0xfe, 0x3f, 0xff,
    0xff, 0xff, 0xff, 0xfc, 0xf, 0xff, 0xff, 0xff,
    0xff, 0xf0,

    /* U+F240 "" */
    0xf, 0xff, 0xff, 0xff, 0xff, 0x80, 0x3f, 0xff,
    0xff, 0xff, 0xff, 0xc0, 0x7f, 0xff, 0xff, 0xff,
    0xff, 0xe0, 0x7f, 0xff, 0xff, 0xff, 0xff, 0xf0,
    0xff, 0xff, 0xff, 0xff, 0xff, 0xf0, 0xf8, 0x0,
    0x0, 0x0, 0x0, 0xf8, 0xf8, 0x0, 0x0, 0x0,
    0x0, 0xf8, 0xf8, 0x0, 0x0, 0x0, 0x0, 0xf8,
    0xf8, 0x0, 0x0, 0x0, 0x0, 0xf8, 0xf8, 0xff,
    0xff, 0xff, 0xf8, 0xfe, 0xf8, 0xff, 0xff, 0xff,
    0xf8, 0xfe, 0xf8, 0xff, 0xff, 0xff, 0xf8, 0xff,
    0xf8, 0xff, 0xff, 0xff, 0xf8, 0xff, 0xf8, 0xff,
    0xff, 0xff, 0xf8, 0xff, 0xf8, 0xff, 0xff, 0xff,
    0xf8, 0xff, 0xf8, 0xff, 0xff, 0xff, 0xf8, 0xff,
    0xf8, 0xff, 0xff, 0xff, 0xf8, 0xff, 0xf8, 0xff,
    0xff, 0xff, 0xf8, 0xfe, 0xf8, 0xff, 0xff, 0xff,
    0xf8, 0xfe, 0xf8, 0x0, 0x0, 0x0, 0x0, 0xf8,
    0xf8, 0x0, 0x0, 0x0, 0x0, 0xf8, 0xf8, 0x0,
    0x0, 0x0, 0x0, 0xf8, 0xff, 0xff, 0xff, 0xff,
    0xff, 0xf8, 0x7f, 0xff, 0xff, 0xff, 0xff, 0xf0,
    0x7f, 0xff, 0xff, 0xff, 0xff, 0xf0, 0x3f, 0xff,
    0xff, 0xff, 0xff, 0xe0, 0xf, 0xff, 0xff, 0xff,
    0xff, 0x80,

    /* U+F242 "" */
    0xf, 0xff, 0xff, 0xff, 0xff, 0x80, 0x3f, 0xff,
    0xff, 0xff, 0xff, 0xc0, 0x7f, 0xff, 0xff, 0xff,
    0xff, 0xe0, 0x7f, 0xff, 0xff, 0xff, 0xff, 0xf0,
    0xff, 0xff, 0xff, 0xff, 0xff, 0xf0, 0xf8, 0x0,
    0x0, 0x0, 0x0, 0xf8, 0xf8, 0x0, 0x0, 0x0,
    0x0, 0xf8, 0xf8, 0x0, 0x0, 0x0, 0x0, 0xf8,
    0xf8, 0x0, 0x0, 0x0, 0x0, 0xf8, 0xf8, 0xff,
    0xff, 0x0, 0x0, 0xfe, 0xf8, 0xff, 0xff, 0x0,
    0x0, 0xfe, 0xf8, 0xff, 0xff, 0x0, 0x0, 0xff,
    0xf8, 0xff, 0xff, 0x0, 0x0, 0xff, 0xf8, 0xff,
    0xff, 0x0, 0x0, 0xff, 0xf8, 0xff, 0xff, 0x0,
    0x0, 0xff, 0xf8, 0xff, 0xff, 0x0, 0x0, 0xff,
    0xf8, 0xff, 0xff, 0x0, 0x0, 0xff, 0xf8, 0xff,
    0xff, 0x0, 0x0, 0xfe, 0xf8, 0xff, 0xff, 0x0,
    0x0, 0xfe, 0xf8, 0x0, 0x0, 0x0, 0x0, 0xf8,
    0xf8, 0x0, 0x0, 0x0, 0x0, 0xf8, 0xf8, 0x0,
    0x0, 0x0, 0x0, 0xf8, 0xff, 0xff, 0xff, 0xff,
    0xff, 0xf8, 0x7f, 0xff, 0xff, 0xff, 0xff, 0xf0,
    0x7f, 0xff, 0xff, 0xff, 0xff, 0xf0, 0x3f, 0xff,
    0xff, 0xff, 0xff, 0xe0, 0xf, 0xff, 0xff, 0xff,
    0xff, 0x80,

    /* U+F243 "" */
    0xf, 0xff, 0xff, 0xff, 0xff, 0x80, 0x3f, 0xff,
    0xff, 0xff, 0xff, 0xc0, 0x7f, 0xff, 0xff, 0xff,
    0xff, 0xe0, 0x7f, 0xff, 0xff, 0xff, 0xff, 0xf0,
    0xff, 0xff, 0xff, 0xff, 0xff, 0xf0, 0xf8, 0x0,
    0x0, 0x0, 0x0, 0xf8, 0xf8, 0x0, 0x0, 0x0,
    0x0, 0xf8, 0xf8, 0x0, 0x0, 0x0, 0x0, 0xf8,
    0xf8, 0x0, 0x0, 0x0, 0x0, 0xf8, 0xf8, 0xff,
    0x0, 0x0, 0x0, 0xfe, 0xf8, 0xff, 0x0, 0x0,
    0x0, 0xfe, 0xf8, 0xff, 0x0, 0x0, 0x0, 0xff,
    0xf8, 0xff, 0x0, 0x0, 0x0, 0xff, 0xf8, 0xff,
    0x0, 0x0, 0x0, 0xff, 0xf8, 0xff, 0x0, 0x0,
    0x0, 0xff, 0xf8, 0xff, 0x0, 0x0, 0x0, 0xff,
    0xf8, 0xff, 0x0, 0x0, 0x0, 0xff, 0xf8, 0xff,
    0x0, 0x0, 0x0, 0xfe, 0xf8, 0xff, 0x0, 0x0,
    0x0, 0xfe, 0xf8, 0x0, 0x0, 0x0, 0x0, 0xf8,
    0xf8, 0x0, 0x0, 0x0, 0x0, 0xf8, 0xf8, 0x0,
    0x0, 0x0, 0x0, 0xf8, 0xff, 0xff, 0xff, 0xff,
    0xff, 0xf8, 0x7f, 0xff, 0xff, 0xff, 0xff, 0xf0,
    0x7f, 0xff, 0xff, 0xff, 0xff, 0xf0, 0x3f, 0xff,
    0xff, 0xff, 0xff, 0xe0, 0xf, 0xff, 0xff, 0xff,
    0xff, 0x80,

    /* U+F244 "" */
    0xf, 0xff, 0xff, 0xff, 0xff, 0x80, 0x3f, 0xff,
    0xff, 0xff, 0xff, 0xc0, 0x7f, 0xff, 0xff, 0xff,
    0xff, 0xe0, 0x7f, 0xff, 0xff, 0xff, 0xff, 0xf0,
    0xff, 0xff, 0xff, 0xff, 0xff, 0xf0, 0xf8, 0x0,
    0x0, 0x0, 0x0, 0xf8, 0xf8, 0x0, 0x0, 0x0,
    0x0, 0xf8, 0xf8, 0x0, 0x0, 0x0, 0x0, 0xf8,
    0xf8, 0x0, 0x0, 0x0, 0x0, 0xf8, 0xf8, 0x0,
    0x0, 0x0, 0x0, 0xfe, 0xf8, 0x0, 0x0, 0x0,
    0x0, 0xfe, 0xf8, 0x0, 0x0, 0x0, 0x0, 0xff,
    0xf8, 0x0, 0x0, 0x0, 0x0, 0xff, 0xf8, 0x0,
    0x0, 0x0, 0x0, 0xff, 0xf8, 0x0, 0x0, 0x0,
    0x0, 0xff, 0xf8, 0x0, 0x0, 0x0, 0x0, 0xff,
    0xf8, 0x0, 0x0, 0x0, 0x0, 0xff, 0xf8, 0x0,
    0x0, 0x0, 0x0, 0xfe, 0xf8, 0x0, 0x0, 0x0,
    0x0, 0xfe, 0xf8, 0x0, 0x0, 0x0, 0x0, 0xf8,
    0xf8, 0x0, 0x0, 0x0, 0x0, 0xf8, 0xf8, 0x0,
    0x0, 0x0, 0x0, 0xf8, 0xff, 0xff, 0xff, 0xff,
    0xff, 0xf8, 0x7f, 0xff, 0xff, 0xff, 0xff, 0xf0,
    0x7f, 0xff, 0xff, 0xff, 0xff, 0xf0, 0x3f, 0xff,
    0xff, 0xff, 0xff, 0xe0, 0xf, 0xff, 0xff, 0xff,
    0xff, 0x80,

    /* U+F2DC "" */
    0x0, 0x0, 0xc, 0x0, 0x0, 0x0, 0x0, 0x7,
    0x80, 0x0, 0x0, 0x0, 0x1, 0xe0, 0x0, 0x0,
    0x0, 0x0, 0x78, 0x0, 0x0, 0x0, 0x3, 0x9e,
    0x70, 0x0, 0x0, 0x1, 0xf7, 0xbe, 0x0, 0x0,
    0x0, 0x7f, 0xff, 0x80, 0x0, 0x0, 0xf, 0xff,
    0xc0, 0x0, 0x1, 0xc1, 0xff, 0xe1, 0xe0, 0x0,
    0xf8, 0x3f, 0xf0, 0x7c, 0x0, 0x3e, 0x7, 0xf8,
    0x1e, 0x1, 0xc7, 0x80, 0xfc, 0x7, 0x8e, 0x7d,
    0xf0, 0x1e, 0x3, 0xef, 0xbf, 0xfc, 0x7, 0x80,
    0xff, 0xf7, 0xff, 0x1, 0xe0, 0x3f, 0xf8, 0xff,
    0xe0, 0x78, 0x1f, 0xfc, 0xf, 0xf8, 0x1e, 0x7,
    0xfc, 0x3, 0xff, 0x87, 0x87, 0xff, 0x7, 0xff,
    0xf1, 0xe3, 0xff, 0xfb, 0xff, 0xff, 0x7b, 0xff,
    0xfe, 0xff, 0xdf, 0xff, 0xfe, 0xff, 0xdf, 0x3,
    0xff, 0xff, 0x7, 0xe0, 0x0, 0x3f, 0xff, 0x0,
    0x0, 0x0, 0x3, 0xff, 0x0, 0x0, 0x0, 0x0,
    0xff, 0xc0, 0x0, 0x0, 0x0, 0xff, 0xfc, 0x0,
    0x7, 0xe0, 0xff, 0xff, 0xc1, 0xfb, 0xff, 0x7f,
    0xff, 0xfb, 0xff, 0xff, 0xff, 0xde, 0xff, 0xff,
    0x9f, 0xff, 0xc7, 0x8f, 0xff, 0xe0, 0xff, 0xc1,
    0xe1, 0xff, 0xc0, 0x3f, 0xe0, 0x78, 0x1f, 0xf0,
    0x3f, 0xf8, 0x1e, 0x7, 0xff, 0x1f, 0xfc, 0x7,
    0x80, 0xff, 0xef, 0xff, 0x1, 0xe0, 0x3f, 0xfd,
    0xf7, 0xc0, 0x78, 0xf, 0xbe, 0x71, 0xe0, 0x3f,
    0x1, 0xe3, 0x80, 0xf8, 0x1f, 0xe0, 0x78, 0x0,
    0x3e, 0xf, 0xfc, 0x1f, 0x0, 0x7, 0x87, 0xff,
    0x87, 0x80, 0x0, 0x3, 0xff, 0xf0, 0x0, 0x0,
    0x1, 0xff, 0xfe, 0x0, 0x0, 0x0, 0x7d, 0xef,
    0x80, 0x0, 0x0, 0xe, 0x79, 0xc0, 0x0, 0x0,
    0x0, 0x1e, 0x0, 0x0, 0x0, 0x0, 0x7, 0x80,
    0x0, 0x0, 0x0, 0x1, 0xe0, 0x0, 0x0, 0x0,
    0x0, 0x30, 0x0, 0x0,

    /* U+F409 "" */
    0x0, 0x0, 0x3, 0x80, 0x0, 0x0, 0x0, 0x0,
    0x7, 0xc0, 0x0, 0x0, 0x0, 0x0, 0x7, 0xc0,
    0x0, 0x0, 0x0, 0x0, 0x7, 0xc0, 0x0, 0x0,
    0x0, 0x0, 0x7, 0xc0, 0x0, 0x0, 0x0, 0x0,
    0x7, 0xc0, 0x0, 0x0, 0x0, 0x0, 0x7, 0xc0,
    0x0, 0x0, 0x0, 0x0, 0x7, 0xc0, 0x0, 0x0,
    0x0, 0x0, 0x7, 0xc0, 0x0, 0x0, 0x0, 0x0,
    0x7, 0xc0, 0x0, 0x0, 0x0, 0x0, 0x7, 0xc0,
    0x0, 0x0, 0x0, 0x0, 0x7, 0xc0, 0x0, 0x0,
    0x0, 0x0, 0x7, 0xc0, 0x0, 0x0, 0x0, 0x0,
    0x7, 0xc0, 0x0, 0x0, 0x0, 0x0, 0x7, 0xc0,
    0x0, 0x0, 0x0, 0x1c, 0x7, 0xc0, 0x70, 0x0,
    0x0, 0x3e, 0x7, 0xc0, 0xf8, 0x0, 0x0, 0x3f,
    0x7, 0xc1, 0xf8, 0x0, 0x0, 0x3f, 0x87, 0xc3,
    0xf8, 0x0, 0x0, 0x1f, 0xc7, 0xc7, 0xf0, 0x0,
    0x0, 0xf, 0xe7, 0xcf, 0xe0, 0x0, 0x0, 0x7,
    0xf7, 0xdf, 0xc0, 0x0, 0x0, 0x3, 0xff, 0xff,
    0x80, 0x0, 0x0, 0x1, 0xff, 0xff, 0x0, 0x0,
    0x0, 0x0, 0xff, 0xfe, 0x0, 0x0, 0x0, 0x0,
    0x7f, 0xfc, 0x0, 0x0, 0x0, 0x0, 0x3f, 0xf8,
    0x0, 0x0, 0x70, 0x0, 0x1f, 0xf0, 0x0, 0xe,
    0xf8, 0x0, 0xf, 0xe0, 0x0, 0x1f, 0xf8, 0x0,
    0x7, 0xc0, 0x0, 0x1f, 0xf8, 0x0, 0x3, 0x80,
    0x0, 0x1f, 0xf8, 0x0, 0x0, 0x0, 0x0, 0x1f,
    0xf8, 0x0, 0x0, 0x0, 0x0, 0x1f, 0xf8, 0x0,
    0x0, 0x0, 0x0, 0x1f, 0xf8, 0x0, 0x0, 0x0,
    0x0, 0x1f, 0xf8, 0x0, 0x0, 0x0, 0x0, 0x1f,
    0xf8, 0x0, 0x0, 0x0, 0x0, 0x1f, 0xf8, 0x0,
    0x0, 0x0, 0x0, 0x1f, 0xff, 0xff, 0xff, 0xff,
    0xff, 0xff, 0xff, 0xff, 0xff, 0xff, 0xff, 0xff,
    0x7f, 0xff, 0xff, 0xff, 0xff, 0xfe, 0x3f, 0xff,
    0xff, 0xff, 0xff, 0xfc, 0x1f, 0xff, 0xff, 0xff,
    0xff, 0xf0,

    /* U+F443 "" */
    0x0, 0x0, 0x1, 0xc0, 0x0, 0x0, 0x0, 0x1e,
    0x0, 0x0, 0x0, 0x3, 0xf0, 0x0, 0x0, 0x0,
    0x1f, 0x80, 0x0, 0x0, 0x0, 0xfc, 0x0, 0x0,
    0x0, 0x7, 0xe0, 0x0, 0x0, 0x0, 0x3f, 0x0,
    0x0, 0x0, 0x1, 0xf8, 0x0, 0x0, 0x0, 0xf,
    0xc7, 0xff, 0xff, 0xff, 0xfe, 0xff, 0xff, 0xff,
    0xff, 0xff, 0xff, 0xff, 0xff, 0xff, 0x7f, 0xff,
    0xff, 0xff, 0xe0, 0x0, 0x0, 0x0, 0xfc, 0x0,
    0x0, 0x0, 0x1f, 0x80, 0x0, 0x0, 0x3, 0xf0,
    0x0, 0x0, 0x0, 0x7e, 0x0, 0x0, 0x0, 0xf,
    0xc0, 0x0, 0x0, 0x1, 0xf8, 0x0, 0x3, 0x80,
    0x3f, 0x0, 0x0, 0x78, 0x1, 0xe0, 0x0, 0xf,
    0x80, 0x1c, 0x0, 0x1, 0xf8, 0x0, 0x0, 0x0,
    0x3f, 0x0, 0x0, 0x0, 0x7, 0xe0, 0x0, 0x0,
    0x0, 0xfc, 0x0, 0x0, 0x0, 0x1f, 0x80, 0x0,
    0x0, 0x3, 0xf0, 0x0, 0x0, 0x0, 0x7f, 0xff,
    0xff, 0xff, 0xef, 0xff, 0xff, 0xff, 0xff, 0xff,
    0xff, 0xff, 0xff, 0xf7, 0xff, 0xff, 0xff, 0xfe,
    0x3f, 0x0, 0x0, 0x0, 0x1, 0xf8, 0x0, 0x0,
    0x0, 0xf, 0xc0, 0x0, 0x0, 0x0, 0x7e, 0x0,
    0x0, 0x0, 0x3, 0xf0, 0x0, 0x0, 0x0, 0x1f,
    0x80, 0x0, 0x0, 0x0, 0xf8, 0x0, 0x0, 0x0,
    0x7, 0x80, 0x0, 0x0, 0x0, 0x30, 0x0, 0x0,
    0x0,

    /* U+F0045 "󰁅" */
    0x0, 0x0, 0x7, 0xe0, 0x0, 0x0, 0x0, 0x0,
    0x7, 0xe0, 0x0, 0x0, 0x0, 0x0, 0x7, 0xe0,
    0x0, 0x0, 0x0, 0x0, 0x7, 0xe0, 0x0, 0x0,
    0x0, 0x0, 0x7, 0xe0, 0x0, 0x0, 0x0, 0x0,
    0x7, 0xe0, 0x0, 0x0, 0x0, 0x0, 0x7, 0xe0,
    0x0, 0x0, 0x0, 0x0, 0x7, 0xe0, 0x0, 0x0,
    0x0, 0x0, 0x7, 0xe0, 0x0, 0x0, 0x0, 0x0,
    0x7, 0xe0, 0x0, 0x0, 0x0, 0x0, 0x7, 0xe0,
    0x0, 0x0, 0x0, 0x0, 0x7, 0xe0, 0x0, 0x0,
    0x0, 0x0, 0x7, 0xe0, 0x0, 0x0, 0x0, 0x0,
    0x7, 0xe0, 0x0, 0x0, 0x0, 0x0, 0x7, 0xe0,
    0x0, 0x0, 0x0, 0x0, 0x7, 0xe0, 0x0, 0x0,
    0x0, 0x0, 0x7, 0xe0, 0x0, 0x0, 0x0, 0x0,
    0x7, 0xe0, 0x0, 0x0, 0x0, 0x0, 0x7, 0xe0,
    0x0, 0x0, 0x0, 0x0, 0x7, 0xe0, 0x0, 0x0,
    0x18, 0x0, 0x7, 0xe0, 0x0, 0x18, 0x3c, 0x0,
    0x7, 0xe0, 0x0, 0x3c, 0x7e, 0x0, 0x7, 0xe0,
    0x0, 0x7e, 0xff, 0x0, 0x7, 0xe0, 0x0, 0xff,
    0x7f, 0x80, 0x7, 0xe0, 0x1, 0xfe, 0x3f, 0xc0,
    0x7, 0xe0, 0x3, 0xfc, 0x1f, 0xe0, 0x7, 0xe0,
    0x7, 0xf8, 0xf, 0xf0, 0x7, 0xe0, 0xf, 0xf0,
    0x7, 0xf8, 0x7, 0xe0, 0x3f, 0xe0, 0x3, 0xfc,
    0x7, 0xe0, 0x7f, 0xc0, 0x1, 0xff, 0x7, 0xe0,
    0xff, 0x80, 0x0, 0xff, 0x87, 0xe1, 0xff, 0x0,
    0x0, 0x7f, 0xc7, 0xe3, 0xfe, 0x0, 0x0, 0x3f,
    0xe7, 0xe7, 0xfc, 0x0, 0x0, 0x1f, 0xf7, 0xef,
    0xf8, 0x0, 0x0, 0xf, 0xff, 0xff, 0xf0, 0x0,
    0x0, 0x7, 0xff, 0xff, 0xe0, 0x0, 0x0, 0x3,
    0xff, 0xff, 0xc0, 0x0, 0x0, 0x1, 0xff, 0xff,
    0x80, 0x0, 0x0, 0x0, 0xff, 0xff, 0x0, 0x0,
    0x0, 0x0, 0x7f, 0xfe, 0x0, 0x0, 0x0, 0x0,
    0x3f, 0xfc, 0x0, 0x0, 0x0, 0x0, 0x1f, 0xf8,
    0x0, 0x0, 0x0, 0x0, 0xf, 0xf0, 0x0, 0x0,
    0x0, 0x0, 0x7, 0xe0, 0x0, 0x0, 0x0, 0x0,
    0x3, 0xc0, 0x0, 0x0, 0x0, 0x0, 0x1, 0x80,
    0x0, 0x0, 0x0, 0x0, 0x0, 0x0, 0x0, 0x0,

    /* U+F004D "󰁍" */
    0x0, 0x0, 0x1, 0x0, 0x0, 0x0, 0x0, 0x0,
    0x3, 0xc0, 0x0, 0x0, 0x0, 0x0, 0x7, 0xe0,
    0x0, 0x0, 0x0, 0x0, 0xf, 0xf0, 0x0, 0x0,
    0x0, 0x0, 0x1f, 0xf0, 0x0, 0x0, 0x0, 0x0,
    0x3f, 0xe0, 0x0, 0x0, 0x0, 0x0, 0x7f, 0xc0,
    0x0, 0x0, 0x0, 0x0, 0xff, 0x80, 0x0, 0x0,
    0x0, 0x1, 0xff, 0x0, 0x0, 0x0, 0x0, 0x3,
    0xfe, 0x0, 0x0, 0x0, 0x0, 0x7, 0xfc, 0x0,
    0x0, 0x0, 0x0, 0xf, 0xf8, 0x0, 0x0, 0x0,
    0x0, 0x1f, 0xf0, 0x0, 0x0, 0x0, 0x0, 0x3f,
    0xe0, 0x0, 0x0, 0x0, 0x0, 0x7f, 0xc0, 0x0,
    0x0, 0x0, 0x0, 0xff, 0x80, 0x0, 0x0, 0x0,
    0x1, 0xff, 0x0, 0x0, 0x0, 0x0, 0x3, 0xfe,
    0x0, 0x0, 0x0, 0x0, 0x7, 0xfc, 0x0, 0x0,
    0x0, 0x0, 0xf, 0xf8, 0x0, 0x0, 0x0, 0x0,
    0x1f, 0xf0, 0x0, 0x0, 0x0, 0x0, 0x3f, 0xff,
    0xff, 0xff, 0xff, 0xff, 0x7f, 0xff, 0xff, 0xff,
    0xff, 0xff, 0xff, 0xff, 0xff, 0xff, 0xff, 0xff,
    0xff, 0xff, 0xff, 0xff, 0xff, 0xff, 0x7f, 0xff,
    0xff, 0xff, 0xff, 0xff, 0x3f, 0xff, 0xff, 0xff,
    0xff, 0xff, 0x1f, 0xf0, 0x0, 0x0, 0x0, 0x0,
    0xf, 0xf8, 0x0, 0x0, 0x0, 0x0, 0x7, 0xfc,
    0x0, 0x0, 0x0, 0x0, 0x3, 0xfe, 0x0, 0x0,
    0x0, 0x0, 0x1, 0xff, 0x0, 0x0, 0x0, 0x0,
    0x0, 0xff, 0x80, 0x0, 0x0, 0x0, 0x0, 0x7f,
    0xc0, 0x0, 0x0, 0x0, 0x0, 0x3f, 0xe0, 0x0,
    0x0, 0x0, 0x0, 0x1f, 0xf0, 0x0, 0x0, 0x0,
    0x0, 0xf, 0xf8, 0x0, 0x0, 0x0, 0x0, 0x7,
    0xfc, 0x0, 0x0, 0x0, 0x0, 0x3, 0xfe, 0x0,
    0x0, 0x0, 0x0, 0x1, 0xff, 0x0, 0x0, 0x0,
    0x0, 0x0, 0xff, 0x80, 0x0, 0x0, 0x0, 0x0,
    0x7f, 0xc0, 0x0, 0x0, 0x0, 0x0, 0x3f, 0xe0,
    0x0, 0x0, 0x0, 0x0, 0x1f, 0xf0, 0x0, 0x0,
    0x0, 0x0, 0xf, 0xf0, 0x0, 0x0, 0x0, 0x0,
    0x7, 0xe0, 0x0, 0x0, 0x0, 0x0, 0x3, 0xc0,
    0x0, 0x0, 0x0, 0x0, 0x1, 0x80, 0x0, 0x0,

    /* U+F0054 "󰁔" */
    0x0, 0x0, 0x1, 0x80, 0x0, 0x0, 0x0, 0x0,
    0x3, 0xc0, 0x0, 0x0, 0x0, 0x0, 0x7, 0xe0,
    0x0, 0x0, 0x0, 0x0, 0xf, 0xf0, 0x0, 0x0,
    0x0, 0x0, 0xf, 0xf8, 0x0, 0x0, 0x0, 0x0,
    0x7, 0xfc, 0x0, 0x0, 0x0, 0x0, 0x3, 0xfe,
    0x0, 0x0, 0x0, 0x0, 0x1, 0xff, 0x0, 0x0,
    0x0, 0x0, 0x0, 0xff, 0x80, 0x0, 0x0, 0x0,
    0x0, 0x7f, 0xc0, 0x0, 0x0, 0x0, 0x0, 0x3f,
    0xe0, 0x0, 0x0, 0x0, 0x0, 0x1f, 0xf0, 0x0,
    0x0, 0x0, 0x0, 0xf, 0xf8, 0x0, 0x0, 0x0,
    0x0, 0x7, 0xfc, 0x0, 0x0, 0x0, 0x0, 0x3,
    0xfe, 0x0, 0x0, 0x0, 0x0, 0x1, 0xff, 0x0,
    0x0, 0x0, 0x0, 0x0, 0xff, 0x80, 0x0, 0x0,
    0x0, 0x0, 0x7f, 0xc0, 0x0, 0x0, 0x0, 0x0,
    0x3f, 0xe0, 0x0, 0x0, 0x0, 0x0, 0x1f, 0xf0,
    0x0, 0x0, 0x0, 0x0, 0xf, 0xf8, 0xff, 0xff,
    0xff, 0xff, 0xff, 0xfc, 0xff, 0xff, 0xff, 0xff,
    0xff, 0xfe, 0xff, 0xff, 0xff, 0xff, 0xff, 0xff,
    0xff, 0xff, 0xff, 0xff, 0xff, 0xff, 0xff, 0xff,
    0xff, 0xff, 0xff, 0xfe, 0xff, 0xff, 0xff, 0xff,
    0xff, 0xfc, 0x0, 0x0, 0x0, 0x0, 0xf, 0xf8,
    0x0, 0x0, 0x0, 0x0, 0x1f, 0xf0, 0x0, 0x0,
    0x0, 0x0, 0x3f, 0xe0, 0x0, 0x0, 0x0, 0x0,
    0x7f, 0xc0, 0x0, 0x0, 0x0, 0x0, 0xff, 0x80,
    0x0, 0x0, 0x0, 0x1, 0xff, 0x0, 0x0, 0x0,
    0x0, 0x3, 0xfe, 0x0, 0x0, 0x0, 0x0, 0x7,
    0xfc, 0x0, 0x0, 0x0, 0x0, 0xf, 0xf8, 0x0,
    0x0, 0x0, 0x0, 0x1f, 0xf0, 0x0, 0x0, 0x0,
    0x0, 0x3f, 0xe0, 0x0, 0x0, 0x0, 0x0, 0x7f,
    0xc0, 0x0, 0x0, 0x0, 0x0, 0xff, 0x80, 0x0,
    0x0, 0x0, 0x1, 0xff, 0x0, 0x0, 0x0, 0x0,
    0x3, 0xfe, 0x0, 0x0, 0x0, 0x0, 0x7, 0xfc,
    0x0, 0x0, 0x0, 0x0, 0xf, 0xf8, 0x0, 0x0,
    0x0, 0x0, 0xf, 0xf0, 0x0, 0x0, 0x0, 0x0,
    0x7, 0xe0, 0x0, 0x0, 0x0, 0x0, 0x3, 0xc0,
    0x0, 0x0, 0x0, 0x0, 0x1, 0x80, 0x0, 0x0,

    /* U+F005D "󰁝" */
    0x0, 0x0, 0x1, 0x80, 0x0, 0x0, 0x0, 0x0,
    0x3, 0xc0, 0x0, 0x0, 0x0, 0x0, 0x7, 0xe0,
    0x0, 0x0, 0x0, 0x0, 0xf, 0xf0, 0x0, 0x0,
    0x0, 0x0, 0x1f, 0xf8, 0x0, 0x0, 0x0, 0x0,
    0x3f, 0xfc, 0x0, 0x0, 0x0, 0x0, 0x7f, 0xfe,
    0x0, 0x0, 0x0, 0x0, 0xff, 0xff, 0x0, 0x0,
    0x0, 0x1, 0xff, 0xff, 0x80, 0x0, 0x0, 0x3,
    0xff, 0xff, 0xc0, 0x0, 0x0, 0x7, 0xff, 0xff,
    0xe0, 0x0, 0x0, 0xf, 0xff, 0xff, 0xf0, 0x0,
    0x0, 0x1f, 0xf7, 0xef, 0xf8, 0x0, 0x0, 0x3f,
    0xe7, 0xe7, 0xfc, 0x0, 0x0, 0x7f, 0xc7, 0xe3,
    0xfe, 0x0, 0x0, 0xff, 0x87, 0xe1, 0xff, 0x0,
    0x1, 0xff, 0x7, 0xe0, 0xff, 0x80, 0x3, 0xfe,
    0x7, 0xe0, 0x7f, 0xc0, 0x7, 0xfc, 0x7, 0xe0,
    0x3f, 0xe0, 0xf, 0xf8, 0x7, 0xe0, 0x1f, 0xf0,
    0x1f, 0xf0, 0x7, 0xe0, 0xf, 0xf8, 0x3f, 0xe0,
    0x7, 0xe0, 0x7, 0xfc, 0x7f, 0xc0, 0x7, 0xe0,
    0x3, 0xfe, 0xff, 0x80, 0x7, 0xe0, 0x1, 0xff,
    0x7f, 0x0, 0x7, 0xe0, 0x0, 0xfe, 0x3e, 0x0,
    0x7, 0xe0, 0x0, 0x7c, 0x1c, 0x0, 0x7, 0xe0,
    0x0, 0x38, 0x8, 0x0, 0x7, 0xe0, 0x0, 0x10,
    0x0, 0x0, 0x7, 0xe0, 0x0, 0x0, 0x0, 0x0,
    0x7, 0xe0, 0x0, 0x0, 0x0, 0x0, 0x7, 0xe0,
    0x0, 0x0, 0x0, 0x0, 0x7, 0xe0, 0x0, 0x0,
    0x0, 0x0, 0x7, 0xe0, 0x0, 0x0, 0x0, 0x0,
    0x7, 0xe0, 0x0, 0x0, 0x0, 0x0, 0x7, 0xe0,
    0x0, 0x0, 0x0, 0x0, 0x7, 0xe0, 0x0, 0x0,
    0x0, 0x0, 0x7, 0xe0, 0x0, 0x0, 0x0, 0x0,
    0x7, 0xe0, 0x0, 0x0, 0x0, 0x0, 0x7, 0xe0,
    0x0, 0x0, 0x0, 0x0, 0x7, 0xe0, 0x0, 0x0,
    0x0, 0x0, 0x7, 0xe0, 0x0, 0x0, 0x0, 0x0,
    0x7, 0xe0, 0x0, 0x0, 0x0, 0x0, 0x7, 0xe0,
    0x0, 0x0, 0x0, 0x0, 0x7, 0xe0, 0x0, 0x0,
    0x0, 0x0, 0x7, 0xe0, 0x0, 0x0, 0x0, 0x0,
    0x7, 0xe0, 0x0, 0x0, 0x0, 0x0, 0x7, 0xe0,
    0x0, 0x0, 0x0, 0x0, 0x7, 0xe0, 0x0, 0x0,

    /* U+F009A "󰂚" */
    0x0, 0x0, 0x3e, 0x0, 0x0, 0x0, 0x0, 0x3f,
    0x80, 0x0, 0x0, 0x0, 0x3f, 0xe0, 0x0, 0x0,
    0x0, 0x1f, 0xf0, 0x0, 0x0, 0x0, 0xf, 0xf8,
    0x0, 0x0, 0x0, 0xf, 0xfe, 0x0, 0x0, 0x0,
    0x1f, 0xff, 0xc0, 0x0, 0x0, 0x3f, 0xff, 0xf8,
    0x0, 0x0, 0x3f, 0xff, 0xfe, 0x0, 0x0, 0x3f,
    0xff, 0xff, 0x80, 0x0, 0x3f, 0xff, 0xff, 0xe0,
    0x0, 0x3f, 0xff, 0xff, 0xf8, 0x0, 0x1f, 0xff,
    0xff, 0xfc, 0x0, 0x1f, 0xff, 0xff, 0xff, 0x0,
    0xf, 0xff, 0xff, 0xff, 0x80, 0xf, 0xff, 0xff,
    0xff, 0xe0, 0x7, 0xff, 0xff, 0xff, 0xf0, 0x3,
    0xff, 0xff, 0xff, 0xf8, 0x1, 0xff, 0xff, 0xff,
    0xfc, 0x0, 0xff, 0xff, 0xff, 0xfe, 0x0, 0x7f,
    0xff, 0xff, 0xff, 0x0, 0x3f, 0xff, 0xff, 0xff,
    0x80, 0x1f, 0xff, 0xff, 0xff, 0xc0, 0xf, 0xff,
    0xff, 0xff, 0xe0, 0x7, 0xff, 0xff, 0xff, 0xf0,
    0x3, 0xff, 0xff, 0xff, 0xf8, 0x1, 0xff, 0xff,
    0xff, 0xfc, 0x0, 0xff, 0xff, 0xff, 0xfe, 0x0,
    0x7f, 0xff, 0xff, 0xff, 0x0, 0x3f, 0xff, 0xff,
    0xff, 0x80, 0x1f, 0xff, 0xff, 0xff, 0xc0, 0xf,
    0xff, 0xff, 0xff, 0xe0, 0x7, 0xff, 0xff, 0xff,
    0xf0, 0x3, 0xff, 0xff, 0xff, 0xf8, 0x3, 0xff,
    0xff, 0xff, 0xfe, 0x3, 0xff, 0xff, 0xff, 0xff,
    0x83, 0xff, 0xff, 0xff, 0xff, 0xe3, 0xff, 0xff,
    0xff, 0xff, 0xfb, 0xff, 0xff, 0xff, 0xff, 0xff,
    0xff, 0xff, 0xff, 0xff, 0xff, 0xff, 0xff, 0xff,
    0xff, 0xff, 0x80, 0x0, 0x0, 0x0, 0x0, 0x0,
    0x0, 0x0, 0x0, 0x0, 0x0, 0x0, 0x1f, 0xf0,
    0x0, 0x0, 0x0, 0xf, 0xf8, 0x0, 0x0, 0x0,
    0x3, 0xf8, 0x0, 0x0, 0x0, 0x0, 0xf8, 0x0,
    0x0,

    /* U+F00E7 "󰃧" */
    0x0, 0x1f, 0xff, 0xf8, 0x0, 0x1, 0xff, 0xff,
    0xff, 0xe0, 0x3, 0xff, 0xff, 0xff, 0xfc, 0x3,
    0xff, 0xff, 0xff, 0xff, 0x83, 0xff, 0xff, 0xff,
    0xff, 0xe3, 0xff, 0xff, 0xff, 0xff, 0xf9, 0xff,
    0xff, 0xff, 0xff, 0xfd, 0xff, 0xff, 0xff, 0xff,
    0xfe, 0xff, 0xff, 0xff, 0xff, 0xff, 0xff, 0xff,
    0xff, 0xff, 0xff, 0xfe, 0x0, 0x0, 0x0, 0x7,
    0xff, 0x0, 0x0, 0x0, 0x3, 0xff, 0x80, 0x0,
    0x0, 0x1, 0xff, 0xc0, 0x0, 0x0, 0x0, 0xff,
    0xe0, 0x0, 0x0, 0x0, 0x7f, 0xf0, 0x0, 0x0,
    0x0, 0x3f, 0xf8, 0x0, 0x0, 0x0, 0x1f, 0xfc,
    0x0, 0x0, 0x0, 0xf, 0xfe, 0x0, 0x0, 0x0,
    0x7, 0xff, 0x0, 0x0, 0x0, 0x3, 0xff, 0x80,
    0x0, 0x0, 0x1, 0xff, 0xc0, 0x0, 0x0, 0x0,
    0xff, 0xe0, 0x0, 0x0, 0x0, 0x7f, 0xff, 0xff,
    0xff, 0xff, 0xff, 0xff, 0xff, 0xff, 0xff, 0xff,
    0xff, 0xff, 0xff, 0xff, 0xff, 0xff, 0xff, 0xff,
    0xff, 0xff, 0xff, 0xff, 0xff, 0xff, 0xff, 0xff,
    0xff, 0xff, 0xff, 0xff, 0xff, 0xff, 0xff, 0xff,
    0xff, 0xff, 0xf8, 0x7f, 0xff, 0xf1, 0xff, 0xf8,
    0x1f, 0xff, 0xf0, 0x3f, 0xf8, 0x7, 0xff, 0xf0,
    0x1f, 0xfc, 0x3, 0xff, 0xf8, 0xf, 0xfe, 0x1,
    0xff, 0xfc, 0x7, 0xff, 0x0, 0xff, 0xfe, 0x3,
    0xff, 0xc0, 0xff, 0xff, 0x81, 0xff, 0xf0, 0xff,
    0xff, 0xe3, 0xf9, 0xff, 0xff, 0xff, 0xff, 0xfc,
    0xff, 0xff, 0xff, 0xff, 0xfc, 0x3f, 0xff, 0xff,
    0xff, 0xfe, 0xf, 0xff, 0xff, 0xff, 0xfe, 0x7,
    0xff, 0xff, 0xff, 0xff, 0x3, 0xf8, 0x0, 0x0,
    0x7f, 0x81, 0xfc, 0x0, 0x0, 0x3f, 0xc0, 0xfe,
    0x0, 0x0, 0x1f, 0xe0, 0x7f, 0x0, 0x0, 0xf,
    0xf0, 0x3f, 0x0, 0x0, 0x3, 0xf0,

    /* U+F012A "󰄪" */
    0xf8, 0x0, 0x0, 0x0, 0x0, 0x0, 0xf8, 0x0,
    0x0, 0x0, 0x0, 0x0, 0xf8, 0x0, 0x0, 0x0,
    0x0, 0x0, 0xf8, 0x0, 0x0, 0x0, 0x0, 0x8,
    0xf8, 0x0, 0x0, 0x0, 0x0, 0x1e, 0xf8, 0x0,
    0x0, 0x0, 0x0, 0x1f, 0xf8, 0x0, 0x0, 0x0,
    0x0, 0x3f, 0xf8, 0x0, 0x0, 0x0, 0x0, 0x3e,
    0xf8, 0x0, 0x0, 0x0, 0x0, 0x7e, 0xf8, 0x0,
    0x0, 0x0, 0x0, 0xfc, 0xf8, 0x0, 0x0, 0x0,
    0x0, 0xf8, 0xf8, 0x0, 0x0, 0x0, 0x1, 0xf8,
    0xf8, 0x0, 0x30, 0x0, 0x1, 0xf0, 0xf8, 0x0,
    0x7c, 0x0, 0x3, 0xf0, 0xf8, 0x0, 0x7e, 0x0,
    0x7, 0xe0, 0xf8, 0x0, 0xff, 0x80, 0x7, 0xc0,
    0xf8, 0x1, 0xff, 0xe0, 0xf, 0xc0, 0xf8, 0x1,
    0xff, 0xf0, 0xf, 0x80, 0xf8, 0x3, 0xf7, 0xfc,
    0x1f, 0x80, 0xf8, 0x3, 0xe3, 0xff, 0x1f, 0x0,
    0xf8, 0x7, 0xe0, 0xff, 0xff, 0x0, 0xf8, 0x7,
    0xc0, 0x3f, 0xfe, 0x0, 0xf8, 0xf, 0x80, 0x1f,
    0xfc, 0x0, 0xf8, 0x1f, 0x80, 0x7, 0xfc, 0x0,
    0xf8, 0x1f, 0x0, 0x1, 0xf8, 0x0, 0xf8, 0x3f,
    0x0, 0x0, 0x78, 0x0, 0xf8, 0x3e, 0x0, 0x0,
    0x30, 0x0, 0xf8, 0x7e, 0x0, 0x0, 0x0, 0x0,
    0xf8, 0xfc, 0x0, 0x0, 0x0, 0x0, 0xf8, 0xf8,
    0x0, 0x0, 0x0, 0x0, 0xf9, 0xf8, 0x0, 0x0,
    0x0, 0x0, 0xf9, 0xf0, 0x0, 0x0, 0x0, 0x0,
    0xfb, 0xf0, 0x0, 0x0, 0x0, 0x0, 0xfb, 0xe0,
    0x0, 0x0, 0x0, 0x0, 0xff, 0xe0, 0x0, 0x0,
    0x0, 0x0, 0xff, 0xc0, 0x0, 0x0, 0x0, 0x0,
    0xff, 0x80, 0x0, 0x0, 0x0, 0x0, 0xff, 0x80,
    0x0, 0x0, 0x0, 0x0, 0xff, 0xff, 0xff, 0xff,
    0xff, 0xff, 0xff, 0xff, 0xff, 0xff, 0xff, 0xff,
    0xff, 0xff, 0xff, 0xff, 0xff, 0xff, 0xff, 0xff,
    0xff, 0xff, 0xff, 0xff, 0xff, 0xff, 0xff, 0xff,
    0xff, 0xff,

    /* U+F012C "󰄬" */
    0x0, 0x0, 0x0, 0x0, 0x0, 0x0, 0x0, 0x0,
    0x0, 0x0, 0x0, 0x18, 0x0, 0x0, 0x0, 0x0,
    0x0, 0x3c, 0x0, 0x0, 0x0, 0x0, 0x0, 0x7e,
    0x0, 0x0, 0x0, 0x0, 0x0, 0xff, 0x0, 0x0,
    0x0, 0x0, 0x1, 0xfe, 0x0, 0x0, 0x0, 0x0,
    0x3, 0xfc, 0x0, 0x0, 0x0, 0x0, 0x7, 0xf8,
    0x0, 0x0, 0x0, 0x0, 0xf, 0xf0, 0x0, 0x0,
    0x0, 0x0, 0x1f, 0xe0, 0x0, 0x0, 0x0, 0x0,
    0x3f, 0xc0, 0x0, 0x0, 0x0, 0x0, 0x7f, 0x80,
    0x0, 0x0, 0x0, 0x0, 0xff, 0x0, 0x0, 0x0,
    0x0, 0x1, 0xfe, 0x0, 0x0, 0x0, 0x0, 0x3,
    0xfc, 0x0, 0x0, 0x0, 0x0, 0x7, 0xf8, 0x0,
    0x0, 0x0, 0x0, 0xf, 0xf0, 0x0, 0x0, 0x0,
    0x0, 0x1f, 0xe0, 0x0, 0x10, 0x0, 0x0, 0x3f,
    0xc0, 0x0, 0x38, 0x0, 0x0, 0x7f, 0x80, 0x0,
    0x7c, 0x0, 0x0, 0xff, 0x0, 0x0, 0xfe, 0x0,
    0x1, 0xfe, 0x0, 0x0, 0x7f, 0x0, 0x3, 0xfc,
    0x0, 0x0, 0x3f, 0x80, 0x7, 0xf8, 0x0, 0x0,
    0x1f, 0xc0, 0xf, 0xf0, 0x0, 0x0, 0xf, 0xe0,
    0x1f, 0xe0, 0x0, 0x0, 0x7, 0xf0, 0x3f, 0xc0,
    0x0, 0x0, 0x3, 0xf8, 0x7f, 0x80, 0x0, 0x0,
    0x1, 0xfc, 0xff, 0x0, 0x0, 0x0, 0x0, 0xff,
    0xfe, 0x0, 0x0, 0x0, 0x0, 0x7f, 0xfc, 0x0,
    0x0, 0x0, 0x0, 0x3f, 0xf8, 0x0, 0x0, 0x0,
    0x0, 0x1f, 0xf0, 0x0, 0x0, 0x0, 0x0, 0xf,
    0xe0, 0x0, 0x0, 0x0, 0x0, 0x7, 0xc0, 0x0,
    0x0, 0x0, 0x0, 0x3, 0x80, 0x0, 0x0, 0x0,
    0x0, 0x1, 0x0, 0x0, 0x0, 0x0,

    /* U+F0156 "󰅖" */
    0xc, 0x0, 0x0, 0x0, 0x0, 0x30, 0x1e, 0x0,
    0x0, 0x0, 0x0, 0x78, 0x3f, 0x0, 0x0, 0x0,
    0x0, 0xfc, 0x7f, 0x80, 0x0, 0x0, 0x1, 0xfe,
    0xff, 0xc0, 0x0, 0x0, 0x3, 0xff, 0x7f, 0xe0,
    0x0, 0x0, 0x7, 0xfe, 0x3f, 0xf0, 0x0, 0x0,
    0xf, 0xfc, 0x1f, 0xf8, 0x0, 0x0, 0x1f, 0xf8,
    0xf, 0xfc, 0x0, 0x0, 0x3f, 0xf0, 0x7, 0xfe,
    0x0, 0x0, 0x7f, 0xe0, 0x3, 0xff, 0x0, 0x0,
    0xff, 0xc0, 0x1, 0xff, 0x80, 0x1, 0xff, 0x80,
    0x0, 0xff, 0xc0, 0x3, 0xff, 0x0, 0x0, 0x7f,
    0xe0, 0x7, 0xfe, 0x0, 0x0, 0x3f, 0xf0, 0xf,
    0xfc, 0x0, 0x0, 0x1f, 0xf8, 0x1f, 0xf8, 0x0,
    0x0, 0xf, 0xfc, 0x3f, 0xf0, 0x0, 0x0, 0x7,
    0xfe, 0x7f, 0xe0, 0x0, 0x0, 0x3, 0xff, 0xff,
    0xc0, 0x0, 0x0, 0x1, 0xff, 0xff, 0x80, 0x0,
    0x0, 0x0, 0xff, 0xff, 0x0, 0x0, 0x0, 0x0,
    0x7f, 0xfe, 0x0, 0x0, 0x0, 0x0, 0x3f, 0xfc,
    0x0, 0x0, 0x0, 0x0, 0x1f, 0xf8, 0x0, 0x0,
    0x0, 0x0, 0x3f, 0xfc, 0x0, 0x0, 0x0, 0x0,
    0x7f, 0xfe, 0x0, 0x0, 0x0, 0x0, 0xff, 0xff,
    0x0, 0x0, 0x0, 0x1, 0xff, 0xff, 0x80, 0x0,
    0x0, 0x3, 0xff, 0xff, 0xc0, 0x0, 0x0, 0x7,
    0xfe, 0x7f, 0xe0, 0x0, 0x0, 0xf, 0xfc, 0x3f,
    0xf0, 0x0, 0x0, 0x1f, 0xf8, 0x1f, 0xf8, 0x0,
    0x0, 0x3f, 0xf0, 0xf, 0xfc, 0x0, 0x0, 0x7f,
    0xe0, 0x7, 0xfe, 0x0, 0x0, 0xff, 0xc0, 0x3,
    0xff, 0x0, 0x1, 0xff, 0x80, 0x1, 0xff, 0x80,
    0x3, 0xff, 0x0, 0x0, 0xff, 0xc0, 0x7, 0xfe,
    0x0, 0x0, 0x7f, 0xe0, 0xf, 0xfc, 0x0, 0x0,
    0x3f, 0xf0, 0x1f, 0xf8, 0x0, 0x0, 0x1f, 0xf8,
    0x3f, 0xf0, 0x0, 0x0, 0xf, 0xfc, 0x7f, 0xe0,
    0x0, 0x0, 0x7, 0xfe, 0xff, 0xc0, 0x0, 0x0,
    0x3, 0xff, 0x7f, 0x80, 0x0, 0x0, 0x1, 0xfe,
    0x3f, 0x0, 0x0, 0x0, 0x0, 0xfc, 0x1e, 0x0,
    0x0, 0x0, 0x0, 0x78, 0xc, 0x0, 0x0, 0x0,
    0x0, 0x30, 0x0, 0x0, 0x0, 0x0, 0x0, 0x0,

    /* U+F0162 "󰅢" */
    0x0, 0x0, 0xf, 0xf0, 0x0, 0x0, 0x0, 0x0,
    0x7f, 0xfe, 0x0, 0x0, 0x0, 0x0, 0xff, 0xff,
    0x0, 0x0, 0x0, 0x3, 0xff, 0xff, 0xc0, 0x0,
    0x0, 0x7, 0xff, 0xff, 0xe0, 0x0, 0x0, 0xf,
    0xff, 0xff, 0xf0, 0x0, 0x0, 0xf, 0xff, 0xff,
    0xf0, 0x0, 0x0, 0x1f, 0xff, 0xff, 0xf8, 0x0,
    0x0, 0x7f, 0xff, 0xff, 0xfc, 0x0, 0x3, 0xff,
    0xff, 0xff, 0xfc, 0x0, 0x7, 0xff, 0xf0, 0xf,
    0xfc, 0x0, 0x1f, 0xff, 0xf0, 0xf, 0xfe, 0x0,
    0x1f, 0xff, 0xf0, 0xf, 0xff, 0x80, 0x3f, 0xff,
    0xf0, 0xf, 0xff, 0xe0, 0x7f, 0xff, 0xf0, 0xf,
    0xff, 0xf8, 0x7f, 0xff, 0xf0, 0xf, 0xff, 0xfc,
    0xff, 0xff, 0xf0, 0xf, 0xff, 0xfc, 0xff, 0xff,
    0xf0, 0xf, 0xff, 0xfe, 0xff, 0xfe, 0x0, 0x0,
    0x3f, 0xfe, 0xff, 0xff, 0x0, 0x0, 0x7f, 0xff,
    0xff, 0xff, 0x80, 0x0, 0xff, 0xff, 0xff, 0xff,
    0xc0, 0x1, 0xff, 0xff, 0xff, 0xff, 0xe0, 0x3,
    0xff, 0xff, 0xff, 0xff, 0xf0, 0x7, 0xff, 0xff,
    0x7f, 0xff, 0xf8, 0xf, 0xff, 0xff, 0x7f, 0xff,
    0xfc, 0x1f, 0xff, 0xfe, 0x3f, 0xff, 0xfe, 0x3f,
    0xff, 0xfe, 0x1f, 0xff, 0xff, 0x7f, 0xff, 0xfc,
    0x1f, 0xff, 0xff, 0xff, 0xff, 0xfc, 0x7, 0xff,
    0xff, 0xff, 0xff, 0xf8, 0x3, 0xff, 0xff, 0xff,
    0xff, 0xe0, 0x0, 0xff, 0xff, 0xff, 0xff, 0x80,

    /* U+F01DA "󰇚" */
    0x0, 0x1f, 0xff, 0xf0, 0x0, 0x0, 0x3f, 0xff,
    0xe0, 0x0, 0x0, 0x7f, 0xff, 0xc0, 0x0, 0x0,
    0xff, 0xff, 0x80, 0x0, 0x1, 0xff, 0xff, 0x0,
    0x0, 0x3, 0xff, 0xfe, 0x0, 0x0, 0x7, 0xff,
    0xfc, 0x0, 0x0, 0xf, 0xff, 0xf8, 0x0, 0x0,
    0x1f, 0xff, 0xf0, 0x0, 0x0, 0x3f, 0xff, 0xe0,
    0x0, 0x0, 0x7f, 0xff, 0xc0, 0x0, 0x0, 0xff,
    0xff, 0x80, 0x0, 0x1, 0xff, 0xff, 0x0, 0x0,
    0x3, 0xff, 0xfe, 0x0, 0x0, 0x7, 0xff, 0xfc,
    0x0, 0x0, 0xf, 0xff, 0xf8, 0x0, 0x0, 0x1f,
    0xff, 0xf0, 0x1, 0xff, 0xff, 0xff, 0xff, 0xfc,
    0xff, 0xff, 0xff, 0xff, 0xe0, 0xff, 0xff, 0xff,
    0xff, 0x80, 0xff, 0xff, 0xff, 0xfe, 0x0, 0xff,
    0xff, 0xff, 0xf8, 0x0, 0xff, 0xff, 0xff, 0xe0,
    0x0, 0xff, 0xff, 0xff, 0x80, 0x0, 0xff, 0xff,
    0xfe, 0x0, 0x0, 0xff, 0xff, 0xf8, 0x0, 0x0,
    0xff, 0xff, 0xe0, 0x0, 0x0, 0xff, 0xff, 0x80,
    0x0, 0x0, 0xff, 0xfe, 0x0, 0x0, 0x0, 0xff,
    0xf8, 0x0, 0x0, 0x0, 0xff, 0xe0, 0x0, 0x0,
    0x0, 0xff, 0x80, 0x0, 0x0, 0x0, 0xfe, 0x0,
    0x0, 0x0, 0x0, 0xf8, 0x0, 0x0, 0x0, 0x0,
    0xe0, 0x0, 0x0, 0x0, 0x0, 0x80, 0x0, 0x0,
    0x0, 0x0, 0x0, 0x0, 0x0, 0x0, 0x0, 0x0,
    0x0, 0x0, 0x0, 0x0, 0x0, 0x0, 0x0, 0x0,
    0x0, 0x0, 0x0, 0x0, 0x0, 0x0, 0x0, 0x0,
    0x0, 0x0, 0x0, 0x0, 0x3, 0xff, 0xff, 0xff,
    0xff, 0xff, 0xff, 0xff, 0xff, 0xff, 0xff, 0xff,
    0xff, 0xff, 0xff, 0xff, 0xff, 0xff, 0xff, 0xff,
    0xff, 0xff, 0xff, 0xff, 0xff, 0x80,

    /* U+F01E5 "󰇥" */
    0x0, 0x1, 0xfc, 0x0, 0x0, 0x0, 0x0, 0x7,
    0xff, 0x80, 0x0, 0x0, 0x0, 0x1f, 0xff, 0xc0,
    0x0, 0x0, 0x0, 0x3f, 0xff, 0xf0, 0x0, 0x0,
    0x0, 0x7f, 0xff, 0xf0, 0x0, 0x0, 0x0, 0xff,
    0xff, 0xf8, 0x0, 0x0, 0x0, 0xff, 0xff, 0xfc,
    0x0, 0x0, 0x1, 0xfc, 0x7f, 0xfc, 0x0, 0x0,
    0x1, 0xf8, 0x3f, 0xfe, 0x0, 0x0, 0x1, 0xf0,
    0x1f, 0xfe, 0x0, 0x0, 0x1, 0xf0, 0x1f, 0xfe,
    0x0, 0x0, 0xff, 0xf0, 0x1f, 0xfe, 0x0, 0x0,
    0xff, 0xf8, 0x3f, 0xfe, 0x0, 0x0, 0xff, 0xfc,
    0x7f, 0xfe, 0x0, 0x0, 0x7f, 0xff, 0xff, 0xfe,
    0x0, 0x0, 0x7f, 0xff, 0xff, 0xfc, 0x0, 0x0,
    0x3f, 0xff, 0xff, 0xfc, 0x0, 0x0, 0xf, 0xff,
    0xff, 0xf8, 0x0, 0x0, 0x1, 0xff, 0xff, 0xf8,
    0x0, 0x0, 0x0, 0x3f, 0xff, 0xf0, 0x0, 0x0,
    0x0, 0x3f, 0xff, 0xe0, 0x0, 0x0, 0x0, 0x3f,
    0xff, 0xe0, 0x0, 0x0, 0x0, 0x7f, 0xff, 0xff,
    0x0, 0x0, 0x0, 0x7f, 0xff, 0xff, 0xe0, 0x0,
    0x0, 0xff, 0xff, 0xff, 0xfc, 0x1, 0x1, 0xff,
    0xff, 0xff, 0xff, 0x3, 0x1, 0xff, 0xff, 0xff,
    0xff, 0xfe, 0x3, 0xff, 0xff, 0xff, 0xff, 0xfe,
    0x7, 0xff, 0xff, 0xff, 0xff, 0xfe, 0x7, 0xff,
    0xff, 0xff, 0xff, 0xfe, 0x7, 0xff, 0xff, 0xff,
    0xff, 0xfc, 0xf, 0xff, 0xff, 0xff, 0xff, 0xfc,
    0xf, 0xff, 0xff, 0xff, 0xff, 0xfc, 0xf, 0xff,
    0xff, 0xff, 0xff, 0xf8, 0xf, 0xff, 0xff, 0xff,
    0xff, 0xf8, 0x7, 0xff, 0xff, 0xff, 0xff, 0xf0,
    0x7, 0xff, 0xff, 0xff, 0xff, 0xf0, 0x7, 0xff,
    0xff, 0xff, 0xff, 0xe0, 0x7, 0xff, 0xff, 0xff,
    0xff, 0xc0, 0x3, 0xff, 0xff, 0xff, 0xff, 0xc0,
    0x1, 0xff, 0xff, 0xff, 0xff, 0x80, 0x0, 0xff,
    0xff, 0xff, 0xff, 0x0, 0x0, 0x7f, 0xff, 0xff,
    0xfe, 0x0, 0x0, 0x3f, 0xff, 0xff, 0xf8, 0x0,
    0x0, 0x3, 0xff, 0xff, 0xe0, 0x0,

    /* U+F01EE "󰇮" */
    0x1f, 0xff, 0xff, 0xff, 0xff, 0xf8, 0x7f, 0xff,
    0xff, 0xff, 0xff, 0xfe, 0x7f, 0xff, 0xff, 0xff,
    0xff, 0xfe, 0xff, 0xff, 0xff, 0xff, 0xff, 0xff,
    0xff, 0xff, 0xff, 0xff, 0xff, 0xff, 0xfb, 0xff,
    0xff, 0xff, 0xff, 0xdf, 0xf8, 0xff, 0xff, 0xff,
    0xff, 0x1f, 0xf8, 0x7f, 0xff, 0xff, 0xfe, 0x1f,
    0xf8, 0x1f, 0xff, 0xff, 0xf8, 0x1f, 0xf8, 0x7,
    0xff, 0xff, 0xe0, 0x1f, 0xfe, 0x3, 0xff, 0xff,
    0xc0, 0x7f, 0xff, 0x0, 0xff, 0xff, 0x0, 0xff,
    0xff, 0xc0, 0x7f, 0xfe, 0x3, 0xff, 0xff, 0xe0,
    0x1f, 0xf8, 0x7, 0xff, 0xff, 0xf8, 0x7, 0xe0,
    0x1f, 0xff, 0xff, 0xfe, 0x3, 0xc0, 0x7f, 0xff,
    0xff, 0xff, 0x0, 0x0, 0xff, 0xff, 0xff, 0xff,
    0xc0, 0x3, 0xff, 0xff, 0xff, 0xff, 0xe0, 0x7,
    0xff, 0xff, 0xff, 0xff, 0xf8, 0x1f, 0xff, 0xff,
    0xff, 0xff, 0xfe, 0x7f, 0xff, 0xff, 0xff, 0xff,
    0xff, 0xff, 0xff, 0xff, 0xff, 0xff, 0xff, 0xff,
    0xff, 0xff, 0xff, 0xff, 0xff, 0xff, 0xff, 0xff,
    0xff, 0xff, 0xff, 0xff, 0xff, 0xff, 0xff, 0xff,
    0xff, 0xff, 0xff, 0xff, 0xff, 0xff, 0xff, 0xff,
    0xff, 0xff, 0xff, 0xff, 0xff, 0xff, 0xff, 0xff,
    0xff, 0xff, 0xff, 0xff, 0xff, 0xff, 0xff, 0xff,
    0xff, 0xff, 0xff, 0xff, 0xff, 0xff, 0xff, 0xff,
    0xff, 0xff, 0xff, 0xff, 0xff, 0xff, 0xff, 0xff,
    0xff, 0xff, 0xff, 0xff, 0xff, 0xff, 0xff, 0xff,
    0xff, 0xff, 0xff, 0xff, 0xff, 0xff, 0xff, 0xff,
    0xff, 0xff, 0x7f, 0xff, 0xff, 0xff, 0xff, 0xfe,
    0x7f, 0xff, 0xff, 0xff, 0xff, 0xfe, 0x1f, 0xff,
    0xff, 0xff, 0xff, 0xf8,

    /* U+F01F0 "󰇰" */
    0x1f, 0xff, 0xff, 0xff, 0xff, 0xf8, 0x7f, 0xff,
    0xff, 0xff, 0xff, 0xfe, 0x7f, 0xff, 0xff, 0xff,
    0xff, 0xfe, 0xff, 0xff, 0xff, 0xff, 0xff, 0xff,
    0xff, 0xff, 0xff, 0xff, 0xff, 0xff, 0xfc, 0x0,
    0x0, 0x0, 0x0, 0x3f, 0xfe, 0x0, 0x0, 0x0,
    0x0, 0x7f, 0xff, 0x80, 0x0, 0x0, 0x1, 0xff,
    0xff, 0xc0, 0x0, 0x0, 0x7, 0xff, 0xff, 0xf0,
    0x0, 0x0, 0xf, 0xff, 0xfb, 0xfc, 0x0, 0x0,
    0x3f, 0xdf, 0xf8, 0xfe, 0x0, 0x0, 0x7f, 0x1f,
    0xf8, 0x7f, 0x80, 0x1, 0xfe, 0x1f, 0xf8, 0x1f,
    0xc0, 0x3, 0xf8, 0x1f, 0xf8, 0xf, 0xf0, 0xf,
    0xf0, 0x1f, 0xf8, 0x3, 0xf8, 0x1f, 0xc0, 0x1f,
    0xf8, 0x1, 0xfe, 0x7f, 0x80, 0x1f, 0xf8, 0x0,
    0x7f, 0xfe, 0x0, 0x1f, 0xf8, 0x0, 0x1f, 0xf8,
    0x0, 0x1f, 0xf8, 0x0, 0xf, 0xf0, 0x0, 0x1f,
    0xf8, 0x0, 0x3, 0xc0, 0x0, 0x1f, 0xf8, 0x0,
    0x1, 0x80, 0x0, 0x1f, 0xf8, 0x0, 0x0, 0x0,
    0x0, 0x1f, 0xf8, 0x0, 0x0, 0x0, 0x0, 0x1f,
    0xf8, 0x0, 0x0, 0x0, 0x0, 0x1f, 0xf8, 0x0,
    0x0, 0x0, 0x0, 0x1f, 0xf8, 0x0, 0x0, 0x0,
    0x0, 0x1f, 0xf8, 0x0, 0x0, 0x0, 0x0, 0x1f,
    0xf8, 0x0, 0x0, 0x0, 0x0, 0x1f, 0xf8, 0x0,
    0x0, 0x0, 0x0, 0x1f, 0xf8, 0x0, 0x0, 0x0,
    0x0, 0x1f, 0xf8, 0x0, 0x0, 0x0, 0x0, 0x1f,
    0xf8, 0x0, 0x0, 0x0, 0x0, 0x1f, 0xf8, 0x0,
    0x0, 0x0, 0x0, 0x1f, 0xff, 0xff, 0xff, 0xff,
    0xff, 0xff, 0xff, 0xff, 0xff, 0xff, 0xff, 0xff,
    0x7f, 0xff, 0xff, 0xff, 0xff, 0xfe, 0x7f, 0xff,
    0xff, 0xff, 0xff, 0xfe, 0x1f, 0xff, 0xff, 0xff,
    0xff, 0xf8,

    /* U+F02A4 "󰊤" */
    0x0, 0x0, 0x1f, 0xf8, 0x0, 0x0, 0x0, 0x0,
    0xff, 0xff, 0x0, 0x0, 0x0, 0x7, 0xff, 0xff,
    0xe0, 0x0, 0x0, 0x1f, 0xff, 0xff, 0xf8, 0x0,
    0x0, 0x3f, 0xff, 0xff, 0xfc, 0x0, 0x0, 0xff,
    0xff, 0xff, 0xff, 0x0, 0x1, 0xff, 0xff, 0xff,
    0xff, 0x80, 0x3, 0xff, 0xff, 0xff, 0xff, 0xc0,
    0x7, 0xff, 0xff, 0xff, 0xff, 0xe0, 0x7, 0xf7,
    0xff, 0xff, 0xcf, 0xe0, 0xf, 0xe0, 0xff, 0xff,
    0x7, 0xf0, 0x1f, 0xe0, 0x20, 0x4, 0x7, 0xf8,
    0x1f, 0xe0, 0x0, 0x0, 0x7, 0xf8, 0x3f, 0xe0,
    0x0, 0x0, 0x7, 0xfc, 0x3f, 0xe0, 0x0, 0x0,
    0x7, 0xfc, 0x7f, 0xe0, 0x0, 0x0, 0x7, 0xfe,
    0x7f, 0xe0, 0x0, 0x0, 0x7, 0xfe, 0x7f, 0xc0,
    0x0, 0x0, 0x3, 0xfe, 0x7f, 0xc0, 0x0, 0x0,
    0x3, 0xfe, 0xff, 0x80, 0x0, 0x0, 0x1, 0xff,
    0xff, 0x80, 0x0, 0x0, 0x1, 0xff, 0xff, 0x80,
    0x0, 0x0, 0x1, 0xff, 0xff, 0x80, 0x0, 0x0,
    0x1, 0xff, 0xff, 0x80, 0x0, 0x0, 0x1, 0xff,
    0xff, 0x80, 0x0, 0x0, 0x1, 0xff, 0xff, 0x80,
    0x0, 0x0, 0x1, 0xff, 0xff, 0xc0, 0x0, 0x0,
    0x3, 0xff, 0xff, 0xc0, 0x0, 0x0, 0x3, 0xff,
    0xff, 0xc0, 0x0, 0x0, 0x3, 0xfe, 0x7f, 0xe0,
    0x0, 0x0, 0x7, 0xfe, 0x7f, 0xf0, 0x0, 0x0,
    0xf, 0xfe, 0x7f, 0xf8, 0x0, 0x0, 0x1f, 0xfe,
    0x3f, 0xfc, 0x0, 0x0, 0x3f, 0xfc, 0x3e, 0x3f,
    0x80, 0x1, 0xff, 0xfc, 0x1f, 0x1f, 0xe0, 0x7,
    0xff, 0xf8, 0x1f, 0x9f, 0xe0, 0x7, 0xff, 0xf8,
    0xf, 0xcf, 0xc0, 0x3, 0xff, 0xf0, 0xf, 0xc3,
    0x80, 0x3, 0xff, 0xe0, 0x7, 0xc0, 0x0, 0x3,
    0xff, 0xe0, 0x3, 0xe0, 0x0, 0x3, 0xff, 0xc0,
    0x1, 0xf8, 0x0, 0x3, 0xff, 0x80, 0x0, 0xff,
    0xc0, 0x3, 0xff, 0x0, 0x0, 0x7f, 0xc0, 0x3,
    0xfe, 0x0, 0x0, 0x1f, 0xc0, 0x3, 0xf8, 0x0,
    0x0, 0xf, 0xc0, 0x3, 0xf0, 0x0, 0x0, 0x3,
    0xc0, 0x3, 0xc0, 0x0,

    /* U+F02FD "󰋽" */
    0x0, 0x0, 0x1f, 0xf8, 0x0, 0x0, 0x0, 0x0,
    0x7f, 0xff, 0xc0, 0x0, 0x0, 0x1, 0xff, 0xff,
    0xfc, 0x0, 0x0, 0x3, 0xff, 0xff, 0xff, 0x0,
    0x0, 0x3, 0xff, 0x0, 0x7f, 0xe0, 0x0, 0x3,
    0xfc, 0x0, 0x7, 0xf8, 0x0, 0x7, 0xf8, 0x0,
    0x0, 0xfe, 0x0, 0x7, 0xf0, 0x0, 0x0, 0x1f,
    0xc0, 0x3, 0xf0, 0x0, 0x0, 0x7, 0xe0, 0x3,
    0xf0, 0x0, 0x0, 0x1, 0xf8, 0x3, 0xf0, 0x0,
    0x0, 0x0, 0x7e, 0x3, 0xf0, 0x0, 0x7c, 0x0,
    0x1f, 0x81, 0xf0, 0x0, 0x3e, 0x0, 0x7, 0xc1,
    0xf8, 0x0, 0x1f, 0x0, 0x3, 0xf0, 0xf8, 0x0,
    0xf, 0x80, 0x0, 0xf8, 0xfc, 0x0, 0x7, 0xc0,
    0x0, 0x7e, 0x7c, 0x0, 0x0, 0x0, 0x0, 0x1f,
    0x3e, 0x0, 0x0, 0x0, 0x0, 0xf, 0x9f, 0x0,
    0x0, 0x0, 0x0, 0x7, 0xdf, 0x0, 0x0, 0x0,
    0x0, 0x1, 0xff, 0x80, 0x0, 0x0, 0x0, 0x0,
    0xff, 0xc0, 0x0, 0x1f, 0x0, 0x0, 0x7f, 0xe0,
    0x0, 0xf, 0x80, 0x0, 0x3f, 0xf0, 0x0, 0x7,
    0xc0, 0x0, 0x1f, 0xf8, 0x0, 0x3, 0xe0, 0x0,
    0xf, 0xfc, 0x0, 0x1, 0xf0, 0x0, 0x7, 0xfe,
    0x0, 0x0, 0xf8, 0x0, 0x3, 0xff, 0x0, 0x0,
    0x7c, 0x0, 0x1, 0xf7, 0xc0, 0x0, 0x3e, 0x0,
    0x1, 0xf3, 0xe0, 0x0, 0x1f, 0x0, 0x0, 0xf9,
    0xf0, 0x0, 0xf, 0x80, 0x0, 0x7c, 0xfc, 0x0,
    0x7, 0xc0, 0x0, 0x7e, 0x3e, 0x0, 0x3, 0xe0,
    0x0, 0x3e, 0x1f, 0x80, 0x1, 0xf0, 0x0, 0x3f,
    0x7, 0xc0, 0x0, 0xf8, 0x0, 0x1f, 0x3, 0xf0,
    0x0, 0x0, 0x0, 0x1f, 0x80, 0xfc, 0x0, 0x0,
    0x0, 0x1f, 0x80, 0x3f, 0x0, 0x0, 0x0, 0x1f,
    0x80, 0xf, 0xc0, 0x0, 0x0, 0x1f, 0x80, 0x7,
    0xf0, 0x0, 0x0, 0x1f, 0xc0, 0x1, 0xfe, 0x0,
    0x0, 0x3f, 0xc0, 0x0, 0x3f, 0xc0, 0x0, 0x7f,
    0x80, 0x0, 0xf, 0xfc, 0x1, 0xff, 0x80, 0x0,
    0x1, 0xff, 0xff, 0xff, 0x80, 0x0, 0x0, 0x7f,
    0xff, 0xff, 0x0, 0x0, 0x0, 0x7, 0xff, 0xfc,
    0x0, 0x0, 0x0, 0x0, 0x7f, 0xf0, 0x0, 0x0,

    /* U+F0328 "󰌨" */
    0x0, 0x0, 0x3, 0x0, 0x0, 0x0, 0x0, 0x0,
    0x1e, 0x0, 0x0, 0x0, 0x0, 0x1, 0xfe, 0x0,
    0x0, 0x0, 0x0, 0xf, 0xfc, 0x0, 0x0, 0x0,
    0x0, 0x7f, 0xf8, 0x0, 0x0, 0x0, 0x7, 0xff,
    0xf8, 0x0, 0x0, 0x0, 0x3f, 0xff, 0xf0, 0x0,
    0x0, 0x1, 0xff, 0xff, 0xe0, 0x0, 0x0, 0xf,
    0xff, 0xff, 0xc0, 0x0, 0x0, 0xff, 0xff, 0xff,
    0xc0, 0x0, 0x7, 0xff, 0xff, 0xff, 0x80, 0x0,
    0x3f, 0xff, 0xff, 0xff, 0x0, 0x3, 0xff, 0xff,
    0xff, 0xff, 0x0, 0x1f, 0xff, 0xff, 0xff, 0xfe,
    0x0, 0xff, 0xff, 0xff, 0xff, 0xfc, 0x7, 0xff,
    0xff, 0xff, 0xff, 0xf8, 0x7f, 0xff, 0xff, 0xff,
    0xff, 0xf9, 0xff, 0xff, 0xff, 0xff, 0xff, 0xe3,
    0xff, 0xff, 0xff, 0xff, 0xff, 0x7, 0xff, 0xff,
    0xff, 0xff, 0xf8, 0x7, 0xff, 0xff, 0xff, 0xff,
    0x80, 0xf, 0xff, 0xff, 0xff, 0xfc, 0x0, 0x1f,
    0xff, 0xff, 0xff, 0xe0, 0x0, 0x3f, 0xff, 0xff,
    0xff, 0x0, 0x0, 0x3f, 0xff, 0xff, 0xf0, 0x0,
    0x0, 0x7f, 0xff, 0xff, 0x80, 0x0, 0x0, 0xff,
    0xff, 0xfc, 0x0, 0x2, 0x0, 0xff, 0xff, 0xc0,
    0x18, 0x3e, 0x1, 0xff, 0xfe, 0x1, 0xf1, 0xfc,
    0x3, 0xff, 0xf0, 0xf, 0xe7, 0xf8, 0x7, 0xff,
    0x80, 0x7f, 0x8f, 0xf0, 0x7, 0xf8, 0x3, 0xfc,
    0xf, 0xf0, 0xf, 0xc0, 0x3f, 0xc0, 0x1f, 0xe0,
    0x1e, 0x1, 0xfe, 0x0, 0x3f, 0xc0, 0x0, 0xf,
    0xf0, 0x0, 0x7f, 0xc0, 0x0, 0xff, 0x80, 0x0,
    0x7f, 0x80, 0x7, 0xf8, 0x0, 0x0, 0xff, 0x0,
    0x3f, 0xc0, 0x0, 0x1, 0xfe, 0x1, 0xfe, 0x0,
    0x0, 0x1, 0xfe, 0x1f, 0xe0, 0x0, 0x0, 0x3,
    0xfc, 0xff, 0x0, 0x0, 0x0, 0x7, 0xff, 0xf8,
    0x0, 0x0, 0x0, 0xf, 0xff, 0xc0, 0x0, 0x0,
    0x0, 0xf, 0xfc, 0x0, 0x0, 0x0, 0x0, 0x1f,
    0xe0, 0x0, 0x0, 0x0, 0x0, 0x3f, 0x0, 0x0,
    0x0, 0x0, 0x0, 0x30, 0x0, 0x0, 0x0, 0x0,
    0x0, 0x0, 0x0, 0x0,

    /* U+F032B "󰌫" */
    0x0, 0x7, 0xf8, 0x0, 0x0, 0x7, 0xff, 0x80,
    0x0, 0x3, 0xff, 0xf0, 0x0, 0x1, 0xff, 0xfe,
    0x0, 0x0, 0xff, 0xff, 0xc0, 0x0, 0x7f, 0xff,
    0xf8, 0x0, 0x1f, 0xff, 0xfe, 0x0, 0xf, 0xff,
    0xff, 0xc0, 0x3, 0xff, 0xff, 0xf0, 0x0, 0xff,
    0xff, 0xfc, 0x0, 0x3f, 0xff, 0xff, 0x0, 0xf,
    0xff, 0xff, 0xc0, 0x3, 0xff, 0xff, 0xf0, 0x0,
    0xff, 0xff, 0xfc, 0x0, 0x3f, 0xff, 0xff, 0x0,
    0xf, 0xff, 0xff, 0xc0, 0x3, 0xff, 0xff, 0xf0,
    0x0, 0xff, 0xff, 0xfc, 0x0, 0x3f, 0xff, 0xff,
    0x0, 0xf, 0xff, 0xff, 0xc0, 0x3, 0xff, 0xff,
    0xf0, 0x0, 0xff, 0xff, 0xfc, 0x0, 0x3f, 0xff,
    0xff, 0x0, 0xf, 0xff, 0xff, 0xc0, 0x3, 0xff,
    0xff, 0xf0, 0x0, 0xff, 0xff, 0xfc, 0x0, 0x3f,
    0xff, 0xff, 0x0, 0xf, 0xff, 0xff, 0xc0, 0xff,
    0xff, 0xff, 0xff, 0xff, 0xff, 0xff, 0xff, 0xff,
    0xff, 0xff, 0xff, 0xff, 0xff, 0xff, 0xff, 0xff,
    0xff, 0xff, 0xff, 0xff, 0xc0, 0x3f, 0x3, 0xf0,
    0x0, 0xf, 0xc0, 0xfc, 0x0, 0x3, 0xf0, 0x3f,
    0x0, 0x0, 0xfc, 0xf, 0xc0, 0x0, 0x3f, 0x3,
    0xf0, 0x0, 0xf, 0xc0, 0xfc, 0x0, 0x3, 0xf0,
    0x3f, 0x0, 0x0, 0xfc, 0xf, 0xc0, 0x0, 0x3f,
    0x3, 0xf0, 0x0, 0xf, 0xc0, 0xfc, 0x0, 0x3,
    0xf0, 0x3f, 0x0, 0x0, 0xfc, 0xf, 0xc0, 0x0,
    0x3f, 0x3, 0xf0, 0x0, 0xf, 0xc0, 0xfc, 0x0,
    0x3, 0xf0, 0x3f, 0x0,

    /* U+F032D "󰌭" */
    0x0, 0x3, 0xf0, 0x0, 0x0, 0x7, 0xff, 0x80,
    0x0, 0x3, 0xff, 0xf0, 0x0, 0x1, 0xff, 0xfe,
    0x0, 0x0, 0xff, 0xff, 0xc0, 0x0, 0x7f, 0x87,
    0xf8, 0x0, 0x1f, 0x80, 0x7e, 0x0, 0xf, 0xc0,
    0xf, 0xc0, 0x3, 0xf0, 0x3, 0xf0, 0x0, 0xf8,
    0x0, 0x7c, 0x0, 0x3e, 0x0, 0x1f, 0x0, 0xf,
    0x80, 0x7, 0xc0, 0x3, 0xe0, 0x1, 0xf0, 0x0,
    0xf8, 0x0, 0x7c, 0x0, 0x3e, 0x0, 0x1f, 0x0,
    0xf, 0x80, 0x7, 0xc0, 0x3, 0xe0, 0x1, 0xf0,
    0x0, 0xf8, 0x0, 0x7c, 0x0, 0x3e, 0x0, 0x1f,
    0x0, 0xf, 0x80, 0x7, 0xc0, 0x3, 0xe0, 0x1,
    0xf0, 0x0, 0xf8, 0x0, 0x7c, 0x0, 0x3e, 0x0,
    0x1f, 0x0, 0xf, 0x80, 0x7, 0xc0, 0x3, 0xe0,
    0x1, 0xf0, 0x0, 0xff, 0xff, 0xfc, 0x0, 0x3f,
    0xff, 0xff, 0x0, 0xf, 0xff, 0xff, 0xc0, 0xff,
    0xff, 0xff, 0xff, 0xff, 0xff, 0xff, 0xff, 0xff,
    0xff, 0xff, 0xff, 0xff, 0xff, 0xff, 0xff, 0xff,
    0xff, 0xff, 0xff, 0xff, 0xc0, 0x3f, 0x3, 0xf0,
    0x0, 0xf, 0xc0, 0xfc, 0x0, 0x3, 0xf0, 0x3f,
    0x0, 0x0, 0xfc, 0xf, 0xc0, 0x0, 0x3f, 0x3,
    0xf0, 0x0, 0xf, 0xc0, 0xfc, 0x0, 0x3, 0xf0,
    0x3f, 0x0, 0x0, 0xfc, 0xf, 0xc0, 0x0, 0x3f,
    0x3, 0xf0, 0x0, 0xf, 0xc0, 0xfc, 0x0, 0x3,
    0xf0, 0x3f, 0x0, 0x0, 0xfc, 0xf, 0xc0, 0x0,
    0x3f, 0x3, 0xf0, 0x0, 0xf, 0xc0, 0xfc, 0x0,
    0x3, 0xf0, 0x3f, 0x0,

    /* U+F0403 "󰐃" */
    0x3f, 0xff, 0xff, 0xe1, 0xff, 0xff, 0xff, 0xf,
    0xff, 0xff, 0xf8, 0x7f, 0xff, 0xff, 0xc0, 0x7f,
    0xff, 0xf0, 0x3, 0xff, 0xff, 0x80, 0x1f, 0xff,
    0xfc, 0x0, 0xff, 0xff, 0xe0, 0x7, 0xff, 0xff,
    0x0, 0x3f, 0xff, 0xf8, 0x1, 0xff, 0xff, 0xc0,
    0xf, 0xff, 0xfe, 0x0, 0x7f, 0xff, 0xf0, 0x3,
    0xff, 0xff, 0x80, 0x1f, 0xff, 0xfc, 0x0, 0xff,
    0xff, 0xe0, 0x7, 0xff, 0xff, 0x0, 0x3f, 0xff,
    0xf8, 0x1, 0xff, 0xff, 0xc0, 0xf, 0xff, 0xfe,
    0x0, 0x7f, 0xff, 0xf0, 0x3, 0xff, 0xff, 0x80,
    0x1f, 0xff, 0xfc, 0x0, 0xff, 0xff, 0xe0, 0xf,
    0xff, 0xff, 0x80, 0xff, 0xff, 0xfe, 0xf, 0xff,
    0xff, 0xf8, 0xff, 0xff, 0xff, 0xef, 0xff, 0xff,
    0xff, 0xff, 0xff, 0xff, 0xff, 0xff, 0xff, 0xff,
    0xff, 0xff, 0xff, 0xff, 0xff, 0xff, 0xff, 0xf8,
    0x0, 0x38, 0x0, 0x0, 0x1, 0xc0, 0x0, 0x0,
    0xe, 0x0, 0x0, 0x0, 0x70, 0x0, 0x0, 0x3,
    0x80, 0x0, 0x0, 0x1c, 0x0, 0x0, 0x0, 0xe0,
    0x0, 0x0, 0x7, 0x0, 0x0, 0x0, 0x38, 0x0,
    0x0, 0x1, 0xc0, 0x0, 0x0, 0xe, 0x0, 0x0,
    0x0, 0x70, 0x0, 0x0, 0x3, 0x80, 0x0, 0x0,
    0x1c, 0x0, 0x0,

    /* U+F0432 "󰐲" */
    0xff, 0xff, 0x0, 0x0, 0xff, 0xff, 0xff, 0xff,
    0x0, 0x0, 0xff, 0xff, 0xff, 0xff, 0x0, 0x0,
    0xff, 0xff, 0xff, 0xff, 0x0, 0x0, 0xff, 0xff,
    0xff, 0xff, 0x0, 0x0, 0xff, 0xff, 0xf8, 0x1f,
    0x7, 0xc0, 0xf8, 0x1f, 0xf8, 0x1f, 0x7, 0xc0,
    0xf8, 0x1f, 0xf8, 0x1f, 0x7, 0xc0, 0xf8, 0x1f,
    0xf8, 0x1f, 0x7, 0xc0, 0xf8, 0x1f, 0xf8, 0x1f,
    0x7, 0xc0, 0xf8, 0x1f, 0xff, 0xff, 0x7, 0xc0,
    0xff, 0xff, 0xff, 0xff, 0x7, 0xc0, 0xff, 0xff,
    0xff, 0xff, 0x7, 0xc0, 0xff, 0xff, 0xff, 0xff,
    0x7, 0xc0, 0xff, 0xff, 0xff, 0xff, 0x7, 0xc0,
    0xff, 0xff, 0x0, 0x0, 0x0, 0x0, 0x0, 0x0,
    0x0, 0x0, 0x0, 0x0, 0x0, 0x0, 0x0, 0x0,
    0x0, 0x0, 0x0, 0x0, 0x0, 0x0, 0x0, 0x0,
    0x0, 0x0, 0x0, 0x0, 0x0, 0x0, 0x0, 0x0,
    0x0, 0x0, 0x0, 0x0, 0x0, 0x0, 0xf8, 0x0,
    0xff, 0xc0, 0xf8, 0x1f, 0xf8, 0x0, 0xff, 0xc0,
    0xf8, 0x1f, 0xf8, 0x0, 0xff, 0xc0, 0xf8, 0x1f,
    0xf8, 0x0, 0xff, 0xc0, 0xf8, 0x1f, 0xf8, 0x0,
    0xff, 0xc0, 0xf8, 0x1f, 0x0, 0x0, 0x7, 0xc0,
    0x7, 0xe0, 0x0, 0x0, 0x7, 0xc0, 0x7, 0xe0,
    0x0, 0x0, 0x7, 0xc0, 0x7, 0xe0, 0x0, 0x0,
    0x7, 0xc0, 0x7, 0xe0, 0x0, 0x0, 0x7, 0xc0,
    0x7, 0xe0, 0x0, 0x0, 0x7, 0xc0, 0x7, 0xe0,
    0xff, 0xff, 0x0, 0x0, 0xf8, 0x1f, 0xff, 0xff,
    0x0, 0x0, 0xf8, 0x1f, 0xff, 0xff, 0x0, 0x0,
    0xf8, 0x1f, 0xff, 0xff, 0x0, 0x0, 0xf8, 0x1f,
    0xff, 0xff, 0x0, 0x0, 0xf8, 0x1f, 0xf8, 0x1f,
    0x7, 0xff, 0xf8, 0x1f, 0xf8, 0x1f, 0x7, 0xff,
    0xf8, 0x1f, 0xf8, 0x1f, 0x7, 0xff, 0xf8, 0x1f,
    0xf8, 0x1f, 0x7, 0xff, 0xf8, 0x1f, 0xf8, 0x1f,
    0x7, 0xff, 0xf8, 0x1f, 0xff, 0xff, 0x7, 0xc0,
    0x7, 0xe0, 0xff, 0xff, 0x7, 0xc0, 0x7, 0xe0,
    0xff, 0xff, 0x7, 0xc0, 0x7, 0xe0, 0xff, 0xff,
    0x7, 0xc0, 0x7, 0xe0, 0xff, 0xff, 0x7, 0xc0,
    0x7, 0xe0,

    /* U+F0450 "󰑐" */
    0x0, 0x0, 0x1f, 0xf8, 0x0, 0x1, 0x0, 0x0,
    0xff, 0xff, 0x0, 0x3, 0x0, 0x7, 0xff, 0xff,
    0xe0, 0x7, 0x0, 0x1f, 0xff, 0xff, 0xf0, 0xf,
    0x0, 0x3f, 0xff, 0xff, 0xfc, 0x1f, 0x0, 0x7f,
    0xff, 0xff, 0xfe, 0x3f, 0x0, 0xff, 0xf0, 0xf,
    0xff, 0x7f, 0x1, 0xff, 0x80, 0x1, 0xff, 0xff,
    0x3, 0xfe, 0x0, 0x0, 0x7f, 0xff, 0x7, 0xf8,
    0x0, 0x0, 0x3f, 0xff, 0xf, 0xf0, 0x0, 0x0,
    0xf, 0xff, 0x1f, 0xe0, 0x0, 0x0, 0xf, 0xff,
    0x1f, 0xc0, 0x0, 0x0, 0x1f, 0xff, 0x3f, 0x80,
    0x0, 0x0, 0x3f, 0xff, 0x3f, 0x80, 0x0, 0x0,
    0x7f, 0xff, 0x3f, 0x0, 0x0, 0x0, 0xff, 0xff,
    0x7f, 0x0, 0x0, 0x1, 0xff, 0xff, 0x7e, 0x0,
    0x0, 0x3, 0xff, 0xff, 0x7e, 0x0, 0x0, 0x7,
    0xff, 0xff, 0xfe, 0x0, 0x0, 0xf, 0xff, 0xff,
    0xfc, 0x0, 0x0, 0x1f, 0xff, 0xff, 0xfc, 0x0,
    0x0, 0x0, 0x0, 0x0, 0xfc, 0x0, 0x0, 0x0,
    0x0, 0x0, 0xfc, 0x0, 0x0, 0x0, 0x0, 0x0,
    0xfc, 0x0, 0x0, 0x0, 0x0, 0x0, 0xfc, 0x0,
    0x0, 0x0, 0x0, 0x0, 0xfc, 0x0, 0x0, 0x0,
    0x0, 0x0, 0xfc, 0x0, 0x0, 0x0, 0x0, 0x0,
    0xfe, 0x0, 0x0, 0x0, 0x0, 0x0, 0x7e, 0x0,
    0x0, 0x0, 0x0, 0x0, 0x7e, 0x0, 0x0, 0x0,
    0x0, 0x7e, 0x7f, 0x0, 0x0, 0x0, 0x0, 0xfe,
    0x3f, 0x0, 0x0, 0x0, 0x0, 0xfc, 0x3f, 0x80,
    0x0, 0x0, 0x1, 0xfc, 0x3f, 0x80, 0x0, 0x0,
    0x1, 0xf8, 0x1f, 0xc0, 0x0, 0x0, 0x3, 0xf8,
    0x1f, 0xe0, 0x0, 0x0, 0x7, 0xf0, 0xf, 0xf0,
    0x0, 0x0, 0xf, 0xf0, 0x7, 0xf8, 0x0, 0x0,
    0x1f, 0xe0, 0x3, 0xfe, 0x0, 0x0, 0x7f, 0xc0,
    0x1, 0xff, 0x80, 0x1, 0xff, 0x80, 0x0, 0xff,
    0xf0, 0xf, 0xff, 0x0, 0x0, 0x7f, 0xff, 0xff,
    0xfe, 0x0, 0x0, 0x3f, 0xff, 0xff, 0xfc, 0x0,
    0x0, 0xf, 0xff, 0xff, 0xf0, 0x0, 0x0, 0x7,
    0xff, 0xff, 0xe0, 0x0, 0x0, 0x0, 0xff, 0xff,
    0x80, 0x0, 0x0, 0x0, 0x1f, 0xf8, 0x0, 0x0,

    /* U+F048B "󰒋" */
    0x7f, 0xff, 0xff, 0xff, 0xfd, 0xff, 0xff, 0xff,
    0xff, 0xff, 0xff, 0xff, 0xff, 0xff, 0xff, 0xff,
    0xff, 0xff, 0xff, 0xff, 0x7, 0x9f, 0xff, 0xff,
    0xfe, 0xf, 0x3f, 0xff, 0xff, 0xfc, 0x1e, 0x7f,
    0xff, 0xff, 0xf8, 0x3c, 0xff, 0xff, 0xff, 0xf0,
    0x79, 0xff, 0xff, 0xff, 0xff, 0xff, 0xff, 0xff,
    0xff, 0xff, 0xff, 0xff, 0xff, 0xff, 0xff, 0xff,
    0xff, 0xff, 0xf7, 0xff, 0xff, 0xff, 0xff, 0xc0,
    0x0, 0x0, 0x0, 0x0, 0x0, 0x0, 0x0, 0x0,
    0x0, 0x0, 0x0, 0x0, 0x0, 0x0, 0x0, 0x0,
    0x0, 0x0, 0x0, 0xff, 0xff, 0xff, 0xff, 0xfb,
    0xff, 0xff, 0xff, 0xff, 0xff, 0xff, 0xff, 0xff,
    0xff, 0xff, 0xff, 0xff, 0xff, 0xff, 0xfe, 0xf,
    0x3f, 0xff, 0xff, 0xfc, 0x1e, 0x7f, 0xff, 0xff,
    0xf8, 0x3c, 0xff, 0xff, 0xff, 0xf0, 0x79, 0xff,
    0xff, 0xff, 0xe0, 0xf3, 0xff, 0xff, 0xff, 0xff,
    0xff, 0xff, 0xff, 0xff, 0xff, 0xff, 0xff, 0xff,
    0xff, 0xff, 0xff, 0xff, 0xff, 0xef, 0xff, 0xff,
    0xff, 0xff, 0x80, 0x0, 0x0, 0x0, 0x0, 0x0,
    0x0, 0x0, 0x0, 0x0, 0x0, 0x0, 0x0, 0x0,
    0x0, 0x0, 0x0, 0x0, 0x0, 0x0, 0x0, 0x0,
    0x0, 0x0, 0x3, 0xff, 0xff, 0xff, 0xff, 0xef,
    0xff, 0xff, 0xff, 0xff, 0xff, 0xff, 0xff, 0xff,
    0xff, 0xff, 0xff, 0xff, 0xff, 0xff, 0xf8, 0x3c,
    0xff, 0xff, 0xff, 0xf0, 0x79, 0xff, 0xff, 0xff,
    0xe0, 0xf3, 0xff, 0xff, 0xff, 0xc1, 0xe7, 0xff,
    0xff, 0xff, 0xff, 0xff, 0xff, 0xff, 0xff, 0xff,
    0xff, 0xff, 0xff, 0xff, 0xff, 0xff, 0xff, 0xff,
    0xdf, 0xff, 0xff, 0xff, 0xff, 0x0,

    /* U+F04B1 "󰒱" */
    0x0, 0x0, 0xf0, 0xf, 0x0, 0x0, 0x0, 0x3,
    0xfc, 0x3f, 0xc0, 0x0, 0x0, 0x3, 0xfc, 0x3f,
    0xc0, 0x0, 0x0, 0x7, 0xfe, 0x7f, 0xe0, 0x0,
    0x0, 0x7, 0xfe, 0x7f, 0xe0, 0x0, 0x0, 0x7,
    0xfe, 0x7f, 0xe0, 0x0, 0x0, 0x7, 0xfe, 0x7f,
    0xe0, 0x0, 0x0, 0x3, 0xfe, 0x7f, 0xe0, 0x0,
    0x0, 0x3, 0xfe, 0x7f, 0xe0, 0x0, 0x0, 0x0,
    0xfe, 0x7f, 0xe0, 0x0, 0x0, 0x0, 0x0, 0x7f,
    0xe0, 0x0, 0x0, 0x0, 0x0, 0x7f, 0xe0, 0x0,
    0x1f, 0xff, 0xf0, 0x7f, 0xe0, 0x78, 0x7f, 0xff,
    0xfc, 0x7f, 0xe1, 0xfe, 0x7f, 0xff, 0xfc, 0x7f,
    0xe1, 0xfe, 0xff, 0xff, 0xfe, 0x7f, 0xe3, 0xff,
    0xff, 0xff, 0xfe, 0x7f, 0xe3, 0xff, 0xff, 0xff,
    0xfe, 0x7f, 0xe3, 0xff, 0xff, 0xff, 0xfe, 0x7f,
    0xe3, 0xff, 0x7f, 0xff, 0xfc, 0x3f, 0xc3, 0xfe,
    0x7f, 0xff, 0xfc, 0x3f, 0xc3, 0xfe, 0x1f, 0xff,
    0xf0, 0xf, 0x3, 0xf8, 0x0, 0x0, 0x0, 0x0,
    0x0, 0x0, 0x0, 0x0, 0x0, 0x0, 0x0, 0x0,
    0x0, 0x0, 0x0, 0x0, 0x0, 0x0, 0x1f, 0xc0,
    0xf0, 0xf, 0xff, 0xf8, 0x7f, 0xc3, 0xfc, 0x1f,
    0xff, 0xfc, 0x7f, 0xc3, 0xfc, 0x3f, 0xff, 0xfe,
    0xff, 0xc7, 0xfe, 0x7f, 0xff, 0xff, 0xff, 0xc7,
    0xfe, 0x7f, 0xff, 0xff, 0xff, 0xc7, 0xfe, 0x7f,
    0xff, 0xff, 0xff, 0xc7, 0xfe, 0x7f, 0xff, 0xff,
    0x7f, 0x87, 0xfe, 0x3f, 0xff, 0xfe, 0x7f, 0x87,
    0xfe, 0x3f, 0xff, 0xfe, 0x3f, 0x7, 0xfe, 0x1f,
    0xff, 0xfc, 0x0, 0x7, 0xfe, 0x0, 0x0, 0x0,
    0x0, 0x7, 0xfe, 0x0, 0x0, 0x0, 0x0, 0x7,
    0xfe, 0x0, 0x0, 0x0, 0x0, 0x7, 0xfe, 0x7f,
    0x0, 0x0, 0x0, 0x7, 0xfe, 0x7f, 0xc0, 0x0,
    0x0, 0x7, 0xfe, 0x7f, 0xc0, 0x0, 0x0, 0x7,
    0xfe, 0x7f, 0xe0, 0x0, 0x0, 0x7, 0xfe, 0x7f,
    0xe0, 0x0, 0x0, 0x7, 0xfe, 0x7f, 0xe0, 0x0,
    0x0, 0x7, 0xfe, 0x7f, 0xe0, 0x0, 0x0, 0x3,
    0xfc, 0x3f, 0xc0, 0x0, 0x0, 0x3, 0xfc, 0x3f,
    0xc0, 0x0, 0x0, 0x0, 0xf0, 0xf, 0x0, 0x0,

    /* U+F04B2 "󰒲" */
    0x0, 0x0, 0x0, 0x0, 0x3f, 0xfe, 0x0, 0x0,
    0x0, 0x0, 0x7f, 0xfc, 0x0, 0x0, 0x0, 0x0,
    0xff, 0xf8, 0x0, 0x0, 0x0, 0x1, 0xff, 0xf0,
    0x0, 0x0, 0x0, 0x0, 0x7, 0xe0, 0x0, 0x0,
    0x0, 0x0, 0x1f, 0x80, 0x0, 0x0, 0x0, 0x0,
    0x7e, 0x0, 0x0, 0x0, 0x0, 0x1, 0xf8, 0x0,
    0x0, 0x0, 0x0, 0x3, 0xe0, 0x0, 0x0, 0xff,
    0xf8, 0xf, 0xc0, 0x0, 0x1, 0xff, 0xf0, 0x3f,
    0x0, 0x0, 0x3, 0xff, 0xe0, 0xfc, 0x0, 0x0,
    0x7, 0xff, 0xc3, 0xf0, 0x0, 0x0, 0x0, 0x1f,
    0x87, 0xff, 0xc0, 0x0, 0x0, 0x7e, 0xf, 0xff,
    0x80, 0x0, 0x1, 0xf8, 0x1f, 0xff, 0x0, 0x0,
    0x7, 0xe0, 0x3f, 0xff, 0xff, 0xf0, 0xf, 0x80,
    0x0, 0x3, 0xff, 0xe0, 0x3f, 0x0, 0x0, 0x7,
    0xff, 0xc0, 0xfc, 0x0, 0x0, 0xf, 0xff, 0x83,
    0xf0, 0x0, 0x0, 0x1f, 0xff, 0xf, 0xc0, 0x0,
    0x0, 0x0, 0x7e, 0x1f, 0xff, 0x0, 0x0, 0x1,
    0xf8, 0x3f, 0xfe, 0x0, 0x0, 0x7, 0xe0, 0x7f,
    0xfc, 0x0, 0x0, 0xf, 0x80, 0xff, 0xf8, 0x0,
    0x0, 0x3e, 0x0, 0x0, 0x0, 0x0, 0x0, 0xfc,
    0x0, 0x0, 0x0, 0x0, 0x3, 0xf0, 0x0, 0x0,
    0x0, 0x0, 0xf, 0xc0, 0x0, 0x0, 0x0, 0x0,
    0x3f, 0x0, 0x0, 0x0, 0x0, 0x0, 0x7f, 0xfc,
    0x0, 0x0, 0x0, 0x0, 0xff, 0xf8, 0x0, 0x0,
    0x0, 0x1, 0xff, 0xf0, 0x0, 0x0, 0x0, 0x3,
    0xff, 0xe0, 0x0, 0x0, 0x0, 0x0,

    /* U+F04E6 "󰓦" */
    0x0, 0x0, 0x40, 0x0, 0x0, 0x0, 0x18, 0x0,
    0x0, 0x0, 0x7, 0x0, 0x0, 0x0, 0x1, 0xe0,
    0x0, 0x0, 0x0, 0x7c, 0x0, 0x0, 0x0, 0x1f,
    0x80, 0x0, 0x0, 0x7, 0xf0, 0x0, 0x0, 0x1,
    0xff, 0xe0, 0x0, 0x0, 0x7f, 0xff, 0x80, 0x0,
    0xf, 0xff, 0xf8, 0x0, 0x0, 0xff, 0xff, 0xc0,
    0x0, 0xf, 0xe3, 0xfc, 0x0, 0x0, 0xfc, 0xf,
    0xc0, 0x0, 0xf, 0x80, 0xfc, 0x0, 0x0, 0xf0,
    0x7, 0xc1, 0x0, 0xe, 0x0, 0x78, 0x30, 0x0,
    0xc0, 0xf, 0x8f, 0x0, 0x8, 0x0, 0xf1, 0xe0,
    0x0, 0x0, 0xf, 0x3c, 0x0, 0x0, 0x1, 0xef,
    0x80, 0x0, 0x0, 0x3f, 0xe0, 0x0, 0x0, 0x3,
    0xfc, 0x0, 0x0, 0x0, 0x7f, 0x80, 0x0, 0x0,
    0xf, 0xf0, 0x0, 0x0, 0x1, 0xfe, 0x0, 0x0,
    0x0, 0x3f, 0xc0, 0x0, 0x0, 0x7, 0xf8, 0x0,
    0x0, 0x0, 0xff, 0x80, 0x0, 0x0, 0x3e, 0xf0,
    0x0, 0x0, 0x7, 0x9e, 0x0, 0x0, 0x0, 0xf3,
    0xe0, 0x2, 0x0, 0x1e, 0x3e, 0x0, 0x60, 0x1,
    0x83, 0xc0, 0xe, 0x0, 0x10, 0x7c, 0x1, 0xe0,
    0x0, 0x7, 0xe0, 0x3e, 0x0, 0x0, 0x7e, 0x7,
    0xe0, 0x0, 0x7, 0xf8, 0xfe, 0x0, 0x0, 0x7f,
    0xff, 0xe0, 0x0, 0x3, 0xff, 0xfe, 0x0, 0x0,
    0x3f, 0xff, 0xc0, 0x0, 0x0, 0xff, 0xf0, 0x0,
    0x0, 0x1, 0xfc, 0x0, 0x0, 0x0, 0x3f, 0x0,
    0x0, 0x0, 0x7, 0xc0, 0x0, 0x0, 0x0, 0xf0,
    0x0, 0x0, 0x0, 0x1c, 0x0, 0x0, 0x0, 0x3,
    0x0, 0x0, 0x0, 0x0, 0x40, 0x0, 0x0,

    /* U+F050F "󰔏" */
    0x0, 0x3e, 0x0, 0x0, 0x7f, 0xc0, 0x0, 0x7f,
    0xf0, 0x0, 0x7f, 0xfc, 0x0, 0x7e, 0x3f, 0x0,
    0x3e, 0xf, 0x80, 0x1f, 0x7, 0xc0, 0xf, 0x83,
    0xe0, 0x7, 0xc1, 0xf0, 0x3, 0xe0, 0xf8, 0x1,
    0xf0, 0x7c, 0x0, 0xf8, 0x3e, 0x0, 0x7c, 0x1f,
    0x0, 0x3e, 0xf, 0x80, 0x1f, 0xff, 0xc0, 0xf,
    0xff, 0xe0, 0x7, 0xff, 0xf0, 0x3, 0xff, 0xf8,
    0x1, 0xff, 0xfc, 0x0, 0xff, 0xfe, 0x0, 0x7f,
    0xff, 0x0, 0x3f, 0xff, 0x80, 0x1f, 0xff, 0xc0,
    0xf, 0xff, 0xe0, 0x7, 0xff, 0xf0, 0x3, 0xff,
    0xf8, 0x3, 0xff, 0xfe, 0x3, 0xff, 0xff, 0x83,
    0xff, 0xff, 0xe1, 0xff, 0xff, 0xf1, 0xff, 0xff,
    0xfc, 0xff, 0xff, 0xfe, 0x7f, 0xff, 0xff, 0x7f,
    0xff, 0xff, 0xff, 0xff, 0xff, 0xff, 0xff, 0xff,
    0xff, 0xff, 0xff, 0xff, 0xff, 0xff, 0xfd, 0xff,
    0xff, 0xfc, 0xff, 0xff, 0xfe, 0x7f, 0xff, 0xff,
    0x1f, 0xff, 0xff, 0x7, 0xff, 0xff, 0x1, 0xff,
    0xff, 0x0, 0x7f, 0xff, 0x0, 0x1f, 0xff, 0x0,
    0x1, 0xfc, 0x0,

    /* U+F052C "󰔬" */
    0x0, 0x1f, 0xff, 0xf8, 0x0, 0x1, 0xff, 0xff,
    0xff, 0xc0, 0xf, 0xff, 0xff, 0xff, 0xf0, 0x1f,
    0xff, 0xff, 0xff, 0xf8, 0x3f, 0xff, 0xff, 0xff,
    0xfc, 0x7f, 0xff, 0xff, 0xff, 0xfe, 0x7f, 0xff,
    0xff, 0xff, 0xfe, 0xff, 0xff, 0xff, 0xff, 0xff,
    0xff, 0xff, 0xff, 0xff, 0xff, 0xff, 0xff, 0xff,
    0xff, 0xff, 0xf8, 0x0, 0x3e, 0x0, 0x1f, 0xf8,
    0x0, 0x3e, 0x0, 0x1f, 0xf8, 0x0, 0x3e, 0x0,
    0x1f, 0xf8, 0x0, 0x3e, 0x0, 0x1f, 0xf8, 0x0,
    0x3e, 0x0, 0x1f, 0xf8, 0x0, 0x3e, 0x0, 0x1f,
    0xf8, 0x0, 0x3e, 0x0, 0x1f, 0xf8, 0x0, 0x3e,
    0x0, 0x1f, 0xf8, 0x0, 0x3e, 0x0, 0x1f, 0xf8,
    0x0, 0x3e, 0x0, 0x1f, 0xff, 0xff, 0xff, 0xff,
    0xff, 0xff, 0xff, 0xff, 0xff, 0xff, 0xff, 0xff,
    0xff, 0xff, 0xff, 0xff, 0xff, 0xff, 0xff, 0xff,
    0xff, 0xff, 0xff, 0xff, 0xff, 0xff, 0xff, 0xff,
    0xff, 0xff, 0xff, 0xff, 0xff, 0xff, 0xff, 0xff,
    0xff, 0xff, 0xff, 0xff, 0xff, 0xff, 0xff, 0xff,
    0xff, 0xff, 0xff, 0xff, 0xff, 0xff, 0xfe, 0x1f,
    0xff, 0xfc, 0x7f, 0xfc, 0xf, 0xff, 0xf8, 0x3f,
    0xf8, 0x7, 0xff, 0xf0, 0x1f, 0xf8, 0x7, 0xff,
    0xf0, 0x1f, 0xf8, 0x7, 0xff, 0xf0, 0x1f, 0xf8,
    0x7, 0xff, 0xf0, 0x1f, 0xfc, 0xf, 0xff, 0xf8,
    0x3f, 0x7e, 0x1f, 0xff, 0xfc, 0x7e, 0x7f, 0xff,
    0xff, 0xff, 0xfe, 0x3f, 0xff, 0xff, 0xff, 0xfc,
    0x1f, 0xff, 0xff, 0xff, 0xf8, 0xf, 0xff, 0xff,
    0xff, 0xf0, 0x3, 0xff, 0xff, 0xff, 0xc0, 0x0,
    0xff, 0x0, 0x3f, 0x0, 0x1, 0xfe, 0x0, 0x1f,
    0x80, 0x3, 0xfc, 0x0, 0xf, 0xc0, 0x7, 0xf8,
    0x0, 0x7, 0xe0, 0x7, 0xf0, 0x0, 0x3, 0xe0,

    /* U+F052D "󰔭" */
    0x7, 0xff, 0xff, 0xf8, 0x1, 0xff, 0xff, 0xfe,
    0x0, 0x7f, 0xff, 0xff, 0x80, 0x0, 0x3, 0xe0,
    0x0, 0x0, 0x0, 0xf0, 0x0, 0x0, 0x0, 0x7c,
    0x0, 0x0, 0x0, 0x1f, 0x0, 0x0, 0x3, 0xff,
    0xff, 0x0, 0x7, 0xff, 0xff, 0xfc, 0x7, 0xff,
    0xff, 0xff, 0x83, 0xff, 0xff, 0xff, 0xf1, 0xff,
    0xff, 0xff, 0xfe, 0xff, 0xff, 0xff, 0xff, 0xff,
    0xff, 0xff, 0xff, 0xff, 0xff, 0xff, 0xff, 0xff,
    0xff, 0xff, 0xff, 0xff, 0xf8, 0x0, 0x0, 0x7,
    0xfe, 0x0, 0x0, 0x1, 0xff, 0x80, 0x0, 0x0,
    0x7f, 0xe0, 0x0, 0x0, 0x1f, 0xf8, 0x0, 0x0,
    0x7, 0xfe, 0x0, 0x0, 0x1, 0xff, 0x80, 0x0,
    0x0, 0x7f, 0xe0, 0x0, 0x0, 0x1f, 0xf8, 0x0,
    0x0, 0x7, 0xfe, 0x0, 0x0, 0x1, 0xff, 0x80,
    0x0, 0x0, 0x7f, 0xe0, 0x0, 0x0, 0x1f, 0xf8,
    0x0, 0x0, 0x7, 0xff, 0xff, 0xff, 0xff, 0xff,
    0xff, 0xff, 0xff, 0xff, 0xff, 0xff, 0xff, 0xff,
    0xff, 0xfe, 0x1f, 0xff, 0xff, 0xff, 0x3, 0xff,
    0xff, 0xff, 0xc0, 0xff, 0xff, 0xff, 0xe0, 0x1f,
    0xff, 0xff, 0xf8, 0x7, 0xff, 0xff, 0xff, 0x3,
    0xff, 0xf7, 0xff, 0xc0, 0xff, 0xfd, 0xff, 0xf8,
    0x7f, 0xfe, 0x3f, 0xff, 0xff, 0xff, 0x87, 0xff,
    0xff, 0xff, 0xc0, 0x7f, 0xff, 0xff, 0xc0, 0xf,
    0xc0, 0xf, 0xc0, 0x7, 0xe0, 0x1, 0xf8, 0x3,
    0xf0, 0x0, 0x3f, 0x1, 0xf8, 0x0, 0x7, 0xe0,
    0xfc, 0x0, 0x0, 0xfc,

    /* U+F056E "󰕮" */
    0xff, 0xff, 0xf8, 0x1f, 0xff, 0xff, 0xff, 0xff,
    0xf8, 0x1f, 0xff, 0xff, 0xff, 0xff, 0xf8, 0x1f,
    0xff, 0xff, 0xff, 0xff, 0xf8, 0x1f, 0xff, 0xff,
    0xff, 0xff, 0xf8, 0x1f, 0xff, 0xff, 0xff, 0xff,
    0xf8, 0x1f, 0xff, 0xff, 0xff, 0xff, 0xf8, 0x1f,
    0xff, 0xff, 0xff, 0xff, 0xf8, 0x1f, 0xff, 0xff,
    0xff, 0xff, 0xf8, 0x1f, 0xff, 0xff, 0xff, 0xff,
    0xf8, 0x1f, 0xff, 0xff, 0xff, 0xff, 0xf8, 0x1f,
    0xff, 0xff, 0xff, 0xff, 0xf8, 0x1f, 0xff, 0xff,
    0xff, 0xff, 0xf8, 0x1f, 0xff, 0xff, 0xff, 0xff,
    0xf8, 0x1f, 0xff, 0xff, 0xff, 0xff, 0xf8, 0x1f,
    0xff, 0xff, 0xff, 0xff, 0xf8, 0x1f, 0xff, 0xff,
    0xff, 0xff, 0xf8, 0x0, 0x0, 0x0, 0xff, 0xff,
    0xf8, 0x0, 0x0, 0x0, 0xff, 0xff, 0xf8, 0x0,
    0x0, 0x0, 0xff, 0xff, 0xf8, 0x0, 0x0, 0x0,
    0xff, 0xff, 0xf8, 0x0, 0x0, 0x0, 0xff, 0xff,
    0xf8, 0x1f, 0xff, 0xff, 0xff, 0xff, 0xf8, 0x1f,
    0xff, 0xff, 0xff, 0xff, 0xf8, 0x1f, 0xff, 0xff,
    0xff, 0xff, 0xf8, 0x1f, 0xff, 0xff, 0xff, 0xff,
    0xf8, 0x1f, 0xff, 0xff, 0x0, 0x0, 0x0, 0x1f,
    0xff, 0xff, 0x0, 0x0, 0x0, 0x1f, 0xff, 0xff,
    0x0, 0x0, 0x0, 0x1f, 0xff, 0xff, 0x0, 0x0,
    0x0, 0x1f, 0xff, 0xff, 0x0, 0x0, 0x0, 0x1f,
    0xff, 0xff, 0xff, 0xff, 0xf8, 0x1f, 0xff, 0xff,
    0xff, 0xff, 0xf8, 0x1f, 0xff, 0xff, 0xff, 0xff,
    0xf8, 0x1f, 0xff, 0xff, 0xff, 0xff, 0xf8, 0x1f,
    0xff, 0xff, 0xff, 0xff, 0xf8, 0x1f, 0xff, 0xff,
    0xff, 0xff, 0xf8, 0x1f, 0xff, 0xff, 0xff, 0xff,
    0xf8, 0x1f, 0xff, 0xff, 0xff, 0xff, 0xf8, 0x1f,
    0xff, 0xff, 0xff, 0xff, 0xf8, 0x1f, 0xff, 0xff,
    0xff, 0xff, 0xf8, 0x1f, 0xff, 0xff, 0xff, 0xff,
    0xf8, 0x1f, 0xff, 0xff, 0xff, 0xff, 0xf8, 0x1f,
    0xff, 0xff, 0xff, 0xff, 0xf8, 0x1f, 0xff, 0xff,
    0xff, 0xff, 0xf8, 0x1f, 0xff, 0xff, 0xff, 0xff,
    0xf8, 0x1f, 0xff, 0xff, 0xff, 0xff, 0xf8, 0x1f,
    0xff, 0xff,

    /* U+F0570 "󰕰" */
    0xff, 0xff, 0xf8, 0x1f, 0xff, 0xff, 0xff, 0xff,
    0xf8, 0x1f, 0xff, 0xff, 0xff, 0xff, 0xf8, 0x1f,
    0xff, 0xff, 0xff, 0xff, 0xf8, 0x1f, 0xff, 0xff,
    0xff, 0xff, 0xf8, 0x1f, 0xff, 0xff, 0xff, 0xff,
    0xf8, 0x1f, 0xff, 0xff, 0xff, 0xff, 0xf8, 0x1f,
    0xff, 0xff, 0xff, 0xff, 0xf8, 0x1f, 0xff, 0xff,
    0xff, 0xff, 0xf8, 0x1f, 0xff, 0xff, 0xff, 0xff,
    0xf8, 0x1f, 0xff, 0xff, 0xff, 0xff, 0xf8, 0x1f,
    0xff, 0xff, 0xff, 0xff, 0xf8, 0x1f, 0xff, 0xff,
    0xff, 0xff, 0xf8, 0x1f, 0xff, 0xff, 0xff, 0xff,
    0xf8, 0x1f, 0xff, 0xff, 0xff, 0xff, 0xf8, 0x1f,
    0xff, 0xff, 0xff, 0xff, 0xf8, 0x1f, 0xff, 0xff,
    0xff, 0xff, 0xf8, 0x1f, 0xff, 0xff, 0xff, 0xff,
    0xf8, 0x1f, 0xff, 0xff, 0xff, 0xff, 0xf8, 0x1f,
    0xff, 0xff, 0xff, 0xff, 0xf8, 0x1f, 0xff, 0xff,
    0xff, 0xff, 0xf8, 0x1f, 0xff, 0xff, 0x0, 0x0,
    0x0, 0x0, 0x0, 0x0, 0x0, 0x0, 0x0, 0x0,
    0x0, 0x0, 0x0, 0x0, 0x0, 0x0, 0x0, 0x0,
    0x0, 0x0, 0x0, 0x0, 0x0, 0x0, 0x0, 0x0,
    0x0, 0x0, 0x0, 0x0, 0xff, 0xff, 0xf8, 0x1f,
    0xff, 0xff, 0xff, 0xff, 0xf8, 0x1f, 0xff, 0xff,
    0xff, 0xff, 0xf8, 0x1f, 0xff, 0xff, 0xff, 0xff,
    0xf8, 0x1f, 0xff, 0xff, 0xff, 0xff, 0xf8, 0x1f,
    0xff, 0xff, 0xff, 0xff, 0xf8, 0x1f, 0xff, 0xff,
    0xff, 0xff, 0xf8, 0x1f, 0xff, 0xff, 0xff, 0xff,
    0xf8, 0x1f, 0xff, 0xff, 0xff, 0xff, 0xf8, 0x1f,
    0xff, 0xff, 0xff, 0xff, 0xf8, 0x1f, 0xff, 0xff,
    0xff, 0xff, 0xf8, 0x1f, 0xff, 0xff, 0xff, 0xff,
    0xf8, 0x1f, 0xff, 0xff, 0xff, 0xff, 0xf8, 0x1f,
    0xff, 0xff, 0xff, 0xff, 0xf8, 0x1f, 0xff, 0xff,
    0xff, 0xff, 0xf8, 0x1f, 0xff, 0xff, 0xff, 0xff,
    0xf8, 0x1f, 0xff, 0xff, 0xff, 0xff, 0xf8, 0x1f,
    0xff, 0xff, 0xff, 0xff, 0xf8, 0x1f, 0xff, 0xff,
    0xff, 0xff, 0xf8, 0x1f, 0xff, 0xff, 0xff, 0xff,
    0xf8, 0x1f, 0xff, 0xff, 0xff, 0xff, 0xf8, 0x1f,
    0xff, 0xff,

    /* U+F0574 "󰕴" */
    0xff, 0xfc, 0x7f, 0xff, 0xff, 0xff, 0xff, 0xfc,
    0x7f, 0xff, 0xff, 0xff, 0xff, 0xfc, 0x7f, 0xff,
    0xff, 0xff, 0xff, 0xfc, 0x7f, 0xff, 0xff, 0xff,
    0xff, 0xfc, 0x7f, 0xff, 0xff, 0xff, 0xff, 0xfc,
    0x7f, 0xff, 0xff, 0xff, 0xff, 0xfc, 0x7f, 0xff,
    0xff, 0xff, 0xff, 0xfc, 0x7f, 0xff, 0xff, 0xff,
    0xff, 0xfc, 0x7f, 0xff, 0xff, 0xff, 0xff, 0xfc,
    0x7f, 0xff, 0xff, 0xff, 0xff, 0xfc, 0x7f, 0xff,
    0xff, 0xff, 0xff, 0xfc, 0x7f, 0xff, 0xff, 0xff,
    0xff, 0xfc, 0x7f, 0xff, 0xff, 0xff, 0xff, 0xfc,
    0x7f, 0xff, 0xff, 0xff, 0xff, 0xfc, 0x7f, 0xff,
    0xff, 0xff, 0xff, 0xfc, 0x7f, 0xff, 0xff, 0xff,
    0xff, 0xfc, 0x7f, 0xff, 0xff, 0xff, 0xff, 0xfc,
    0x0, 0x0, 0x0, 0x0, 0xff, 0xfc, 0x0, 0x0,
    0x0, 0x0, 0xff, 0xfc, 0x0, 0x0, 0x0, 0x0,
    0xff, 0xfc, 0x7f, 0xfe, 0x3f, 0xff, 0xff, 0xfc,
    0x7f, 0xfe, 0x3f, 0xff, 0xff, 0xfc, 0x7f, 0xfe,
    0x3f, 0xff, 0xff, 0xfc, 0x7f, 0xfe, 0x3f, 0xff,
    0xff, 0xfc, 0x7f, 0xfe, 0x3f, 0xff, 0xff, 0xfc,
    0x7f, 0xfe, 0x3f, 0xff, 0xff, 0xfc, 0x7f, 0xfe,
    0x3f, 0xff, 0xff, 0xfc, 0x7f, 0xfe, 0x3f, 0xff,
    0xff, 0xfc, 0x7f, 0xfe, 0x3f, 0xff, 0xff, 0xfc,
    0x7f, 0xfe, 0x3f, 0xff, 0xff, 0xfc, 0x7f, 0xfe,
    0x3f, 0xff, 0xff, 0xfc, 0x7f, 0xfe, 0x3f, 0xff,
    0xff, 0xfc, 0x7f, 0xfe, 0x3f, 0xff, 0xff, 0xfc,
    0x7f, 0xfe, 0x3f, 0xff, 0xff, 0xfc, 0x7f, 0xfe,
    0x3f, 0xff, 0xff, 0xfc, 0x7f, 0xfe, 0x3f, 0xff,
    0xff, 0xfc, 0x7f, 0xfe, 0x3f, 0xff,

    /* U+F05A9 "󰖩" */
    0x0, 0x0, 0x7f, 0xfe, 0x0, 0x0, 0x0, 0x7,
    0xff, 0xff, 0xe0, 0x0, 0x0, 0x7f, 0xff, 0xff,
    0xfc, 0x0, 0x1, 0xff, 0xff, 0xff, 0xff, 0x80,
    0x7, 0xff, 0xff, 0xff, 0xff, 0xe0, 0x1f, 0xff,
    0xff, 0xff, 0xff, 0xf8, 0x7f, 0xff, 0xc0, 0x3,
    0xff, 0xfe, 0xff, 0xfc, 0x0, 0x0, 0x3f, 0xff,
    0x7f, 0xf0, 0x0, 0x0, 0xf, 0xfe, 0x7f, 0x80,
    0x0, 0x0, 0x1, 0xfe, 0x3f, 0x0, 0x0, 0x0,
    0x0, 0xfc, 0x1c, 0x0, 0x0, 0x0, 0x0, 0x38,
    0x8, 0x0, 0x0, 0x0, 0x0, 0x10, 0x0, 0x0,
    0x1f, 0xf8, 0x0, 0x0, 0x0, 0x1, 0xff, 0xff,
    0x80, 0x0, 0x0, 0xf, 0xff, 0xff, 0xf0, 0x0,
    0x0, 0x3f, 0xff, 0xff, 0xfc, 0x0, 0x0, 0xff,
    0xff, 0xff, 0xff, 0x0, 0x0, 0xff, 0xff, 0xff,
    0xff, 0x0, 0x0, 0x7f, 0xf0, 0xf, 0xfe, 0x0,
    0x0, 0x3f, 0x0, 0x0, 0xfc, 0x0, 0x0, 0x1c,
    0x0, 0x0, 0x38, 0x0, 0x0, 0x8, 0x0, 0x0,
    0x10, 0x0, 0x0, 0x0, 0x0, 0x0, 0x0, 0x0,
    0x0, 0x0, 0x0, 0x0, 0x0, 0x0, 0x0, 0x0,
    0x0, 0x0, 0x0, 0x0, 0x0, 0x0, 0x1f, 0xf8,
    0x0, 0x0, 0x0, 0x0, 0x7f, 0xfe, 0x0, 0x0,
    0x0, 0x0, 0xff, 0xff, 0x0, 0x0, 0x0, 0x0,
    0x7f, 0xfe, 0x0, 0x0, 0x0, 0x0, 0x3f, 0xfc,
    0x0, 0x0, 0x0, 0x0, 0x3f, 0xfc, 0x0, 0x0,
    0x0, 0x0, 0x1f, 0xf8, 0x0, 0x0, 0x0, 0x0,
    0xf, 0xf0, 0x0, 0x0, 0x0, 0x0, 0x7, 0xe0,
    0x0, 0x0, 0x0, 0x0, 0x7, 0xe0, 0x0, 0x0,
    0x0, 0x0, 0x3, 0xc0, 0x0, 0x0, 0x0, 0x0,
    0x1, 0x80, 0x0, 0x0, 0x0, 0x0, 0x1, 0x0,
    0x0, 0x0,

    /* U+F05AA "󰖪" */
    0x30, 0x0, 0x3f, 0xfe, 0x0, 0x0, 0x78, 0x7,
    0xff, 0xff, 0xe0, 0x0, 0xfc, 0x1f, 0xff, 0xff,
    0xfe, 0x0, 0x7e, 0xf, 0xff, 0xff, 0xff, 0x80,
    0x3f, 0x7, 0xff, 0xff, 0xff, 0xe0, 0x1f, 0x83,
    0xff, 0xff, 0xff, 0xf8, 0x3f, 0xc0, 0xe0, 0x3,
    0xff, 0xfe, 0x7f, 0xe0, 0x0, 0x0, 0x3f, 0xff,
    0x7f, 0xf0, 0x0, 0x0, 0x7, 0xfe, 0x3f, 0xf8,
    0x0, 0x0, 0x1, 0xfc, 0x1f, 0xfc, 0x0, 0x0,
    0x0, 0x7c, 0xc, 0x7e, 0x0, 0x0, 0x0, 0x18,
    0x8, 0x3f, 0x0, 0x0, 0x0, 0x0, 0x0, 0x1f,
    0x83, 0xfe, 0x0, 0x0, 0x0, 0xf, 0xc0, 0xff,
    0xc0, 0x0, 0x0, 0xf, 0xe0, 0x7f, 0xf0, 0x0,
    0x0, 0x3f, 0xf0, 0x3f, 0xfc, 0x0, 0x0, 0x7f,
    0xf8, 0x1f, 0xff, 0x0, 0x0, 0x7f, 0xfc, 0xf,
    0xff, 0x0, 0x0, 0x3f, 0xfe, 0x7, 0xfe, 0x0,
    0x0, 0x3f, 0xbf, 0x1, 0xfc, 0x0, 0x0, 0x1e,
    0x1f, 0x80, 0x38, 0x0, 0x0, 0x8, 0xf, 0xc0,
    0x18, 0x0, 0x0, 0x0, 0x7, 0xe0, 0x0, 0x0,
    0x0, 0x0, 0x3, 0xf0, 0x0, 0x0, 0x0, 0x0,
    0x1, 0xf8, 0x0, 0x0, 0x0, 0x0, 0xf, 0xfc,
    0x0, 0x0, 0x0, 0x0, 0x3f, 0xfe, 0x0, 0x0,
    0x0, 0x0, 0xff, 0xff, 0x0, 0x0, 0x0, 0x0,
    0x7f, 0xff, 0x80, 0x0, 0x0, 0x0, 0x3f, 0xff,
    0xc0, 0x0, 0x0, 0x0, 0x1f, 0xff, 0xe0, 0x0,
    0x0, 0x0, 0x1f, 0xfb, 0xf0, 0x0, 0x0, 0x0,
    0xf, 0xf1, 0xf8, 0x0, 0x0, 0x0, 0x7, 0xf0,
    0xfc, 0x0, 0x0, 0x0, 0x3, 0xe0, 0x7e, 0x0,
    0x0, 0x0, 0x3, 0xc0, 0x3e, 0x0, 0x0, 0x0,
    0x1, 0x80, 0x1c, 0x0, 0x0, 0x0, 0x0, 0x80,
    0x8, 0x0,

    /* U+F07D0 "󰟐" */
    0x0, 0x0, 0x3, 0x80, 0x0, 0x0, 0x0, 0x0,
    0x7, 0xc0, 0x0, 0x0, 0x0, 0x0, 0xf, 0xe0,
    0x0, 0x0, 0x0, 0x0, 0x1f, 0xf0, 0x0, 0x0,
    0x0, 0x0, 0x3f, 0xf8, 0x0, 0x0, 0x0, 0x0,
    0x7f, 0xfc, 0x0, 0x0, 0x0, 0x0, 0xff, 0xfe,
    0x0, 0x0, 0x0, 0x1, 0xff, 0x7f, 0x0, 0x0,
    0x0, 0x3, 0xf8, 0x1f, 0x9f, 0x0, 0x0, 0x7,
    0xf0, 0xf, 0xdf, 0x0, 0x0, 0xf, 0xf1, 0x8f,
    0xff, 0x0, 0x0, 0x1f, 0xf3, 0xc7, 0xff, 0x0,
    0x0, 0x3f, 0xf3, 0xc7, 0xff, 0x0, 0x0, 0x7f,
    0xf1, 0x87, 0xff, 0x0, 0x0, 0xff, 0xf0, 0xf,
    0xff, 0x0, 0x1, 0xff, 0xf8, 0x1f, 0xff, 0x0,
    0x3, 0xff, 0xfc, 0x3f, 0xff, 0xc0, 0x7, 0xff,
    0xfc, 0x3f, 0xff, 0xe0, 0xf, 0xff, 0xfc, 0x3f,
    0xff, 0xf0, 0x1f, 0xf0, 0xfc, 0x3f, 0xf, 0xf8,
    0x3f, 0xc0, 0x3c, 0x3c, 0x3, 0xfc, 0x7f, 0xc6,
    0x1c, 0x38, 0x63, 0xfe, 0xff, 0x8f, 0x1c, 0x38,
    0xf1, 0xff, 0x3, 0x8f, 0x1c, 0x38, 0xf1, 0xc0,
    0x3, 0x86, 0x1c, 0x38, 0x61, 0xc0, 0x3, 0xc0,
    0xc, 0x30, 0x3, 0xc0, 0x3, 0xc0, 0xc, 0x30,
    0x3, 0xc0, 0x3, 0xf0, 0x4, 0x20, 0xf, 0xc0,
    0x3, 0xff, 0x0, 0x0, 0xff, 0xc0, 0x3, 0xff,
    0xc0, 0x3, 0xff, 0xc0, 0x3, 0xff, 0xe0, 0x7,
    0xff, 0xc0, 0x3, 0xff, 0xf0, 0xf, 0xff, 0xc0,
    0x3, 0xff, 0xf8, 0x1f, 0xff, 0xc0, 0x3, 0xff,
    0xfc, 0x3f, 0xff, 0xc0, 0x3, 0xff, 0xfc, 0x3f,
    0xff, 0xc0, 0x3, 0xff, 0xfc, 0x3f, 0xff, 0xc0,
    0x3, 0xff, 0xfc, 0x3f, 0xff, 0xc0, 0x3, 0xff,
    0xfc, 0x3f, 0xff, 0xc0, 0x3, 0xff, 0xfc, 0x3f,
    0xff, 0xc0, 0x3, 0xff, 0xfc, 0x3f, 0xff, 0xc0,
    0x3, 0xff, 0xfc, 0x3f, 0xff, 0xc0,

    /* U+F07D1 "󰟑" */
    0x0, 0x0, 0x1, 0x80, 0x0, 0x0, 0x0, 0x0,
    0x3, 0xc0, 0x0, 0x0, 0x0, 0x0, 0x7, 0xe0,
    0x0, 0x0, 0x0, 0x0, 0xf, 0xf0, 0x0, 0x0,
    0x0, 0x0, 0x1f, 0xf8, 0x0, 0x0, 0x0, 0x0,
    0x3f, 0xfc, 0x0, 0x0, 0x0, 0x0, 0xff, 0xff,
    0x0, 0x0, 0x0, 0x1, 0xff, 0xff, 0x80, 0x0,
    0x0, 0x3, 0xff, 0xff, 0xc0, 0x0, 0x0, 0x7,
    0xff, 0xff, 0xe0, 0x0, 0x0, 0xf, 0xff, 0xff,
    0xf0, 0x0, 0x0, 0x1f, 0xff, 0xff, 0xf8, 0x0,
    0x0, 0x3f, 0xff, 0xff, 0xfc, 0x0, 0x0, 0x7f,
    0xe0, 0x7, 0xfe, 0x0, 0x0, 0xff, 0x0, 0x0,
    0xff, 0x0, 0x3, 0xfc, 0x0, 0x0, 0x3f, 0xc0,
    0x7, 0xf0, 0x0, 0x0, 0xf, 0xe0, 0xf, 0xe0,
    0xf, 0xf0, 0x7, 0xf0, 0x1f, 0xc0, 0x7f, 0xfe,
    0x3, 0xf8, 0x3f, 0xc1, 0xff, 0xff, 0x83, 0xfc,
    0x7f, 0xe3, 0xff, 0xff, 0xc7, 0xfe, 0x81, 0xf7,
    0xf8, 0x1f, 0xef, 0x81, 0x1, 0xff, 0xc0, 0x3,
    0xff, 0x80, 0x1, 0xff, 0x80, 0x1, 0xff, 0x80,
    0x1, 0xfe, 0x0, 0x0, 0x7f, 0x80, 0x1, 0xff,
    0x7, 0xe0, 0xff, 0x80, 0x1, 0xff, 0x9f, 0xf9,
    0xff, 0x80, 0x1, 0xff, 0xff, 0xff, 0xff, 0x80,
    0x1, 0xff, 0xff, 0xff, 0xff, 0x80, 0x1, 0xff,
    0xfc, 0x3f, 0xff, 0x80, 0x1, 0xff, 0xf8, 0x1f,
    0xff, 0x80, 0x1, 0xff, 0xf0, 0xf, 0xff, 0x80,
    0x1, 0xff, 0xf0, 0xf, 0xff, 0x80, 0x1, 0xff,
    0xf0, 0xf, 0xff, 0x80, 0x1, 0xff, 0xf0, 0xf,
    0xff, 0x80, 0x1, 0xff, 0xf0, 0xf, 0xff, 0x80,
    0x1, 0xff, 0xf8, 0x1f, 0xff, 0x80, 0x1, 0xff,
    0xfc, 0x3f, 0xff, 0x80, 0x1, 0xff, 0xff, 0xff,
    0xff, 0x80, 0x1, 0xff, 0xff, 0xff, 0xff, 0x80,
    0x1, 0xff, 0xff, 0xff, 0xff, 0x80,

    /* U+F07DC "󰟜" */
    0x0, 0xff, 0xff, 0xff, 0xe0, 0xf, 0xff, 0xff,
    0xff, 0xe0, 0x3f, 0xff, 0xff, 0xff, 0x81, 0xff,
    0xff, 0xff, 0xff, 0x7, 0xf0, 0x60, 0xc1, 0xfc,
    0x1f, 0xc1, 0x83, 0x7, 0xf0, 0x7f, 0x6, 0xc,
    0x1f, 0xc1, 0xfc, 0x18, 0x30, 0x7f, 0x7, 0xf0,
    0x60, 0xc1, 0xfc, 0x1f, 0xc1, 0x83, 0x7, 0xf0,
    0x7f, 0x6, 0xc, 0x1f, 0xc1, 0xfc, 0x18, 0x30,
    0x7f, 0x7, 0xf0, 0x60, 0xc1, 0xfc, 0x1f, 0xc1,
    0x83, 0x7, 0xf0, 0x7f, 0xff, 0xff, 0xff, 0xc1,
    0xff, 0xff, 0xff, 0xff, 0x7, 0xff, 0xff, 0xff,
    0xfc, 0x1f, 0xff, 0xff, 0xff, 0xf0, 0x7f, 0xff,
    0xff, 0xff, 0xc1, 0xff, 0xff, 0xff, 0xff, 0x7,
    0xff, 0xff, 0xff, 0xfc, 0x1f, 0xff, 0xff, 0xff,
    0xf0, 0xff, 0xff, 0xff, 0xff, 0xcf, 0xff, 0xff,
    0xff, 0xff, 0x7f, 0xff, 0xff, 0xff, 0xff, 0xff,
    0xff, 0xff, 0xff, 0xff, 0xff, 0xff, 0xff, 0xff,
    0xff, 0xff, 0xff, 0xff, 0xff, 0xff, 0xff, 0xff,
    0xff, 0xff, 0xff, 0xff, 0xff, 0xff, 0xff, 0xff,
    0xff, 0xff, 0xff, 0xff, 0xff, 0xff, 0xff, 0xff,
    0xff, 0xff, 0xff, 0xff, 0xff, 0xff, 0xff, 0xff,
    0xff, 0xff, 0xff, 0xff, 0xff, 0xff, 0xff, 0xff,
    0xff, 0xff, 0xff, 0xff, 0xff, 0xff, 0xff, 0xff,
    0xff, 0xff, 0xff, 0xff, 0xff, 0xff, 0xff, 0xff,
    0xff, 0xff, 0xff, 0xff, 0xff, 0xff, 0xff, 0xff,
    0xff, 0xff, 0xff, 0xff, 0xff, 0xff, 0xff, 0xff,
    0xff, 0xff, 0xff, 0xff, 0xff, 0xff, 0xff, 0xff,
    0xff, 0x7f, 0xff, 0xff, 0xff, 0xf9, 0xff, 0xff,
    0xff, 0xff, 0xe1, 0xff, 0xff, 0xff, 0xfe, 0x0,

    /* U+F081F "󰠟" */
    0x0, 0x0, 0x0, 0x7f, 0x80, 0x0, 0x0, 0x0,
    0x0, 0x7f, 0x80, 0x0, 0x0, 0x0, 0x0, 0x7f,
    0x80, 0x0, 0x0, 0x0, 0x0, 0x7f, 0x80, 0x0,
    0x0, 0x0, 0x0, 0x7f, 0x80, 0x0, 0x0, 0x0,
    0x0, 0x7f, 0x80, 0x0, 0x0, 0x0, 0x0, 0x7f,
    0x80, 0x0, 0x0, 0x0, 0x0, 0x7f, 0x80, 0x0,
    0x0, 0x0, 0x0, 0x7f, 0x80, 0x0, 0x0, 0x0,
    0x0, 0x7f, 0x80, 0x0, 0x0, 0x7, 0xf8, 0x7f,
    0x80, 0x0, 0x0, 0x7, 0xf8, 0x7f, 0x80, 0x0,
    0x0, 0x7, 0xf8, 0x7f, 0x80, 0x0, 0x0, 0x7,
    0xf8, 0x7f, 0x80, 0x0, 0x0, 0x7, 0xf8, 0x7f,
    0x80, 0x0, 0x0, 0x7, 0xf8, 0x7f, 0x80, 0x0,
    0x0, 0x7, 0xf8, 0x7f, 0x80, 0x0, 0x0, 0x7,
    0xf8, 0x7f, 0x80, 0x0, 0x0, 0x7, 0xf8, 0x7f,
    0x80, 0x0, 0x0, 0x7, 0xf8, 0x7f, 0x80, 0x0,
    0xff, 0x7, 0xf8, 0x7f, 0x8f, 0xff, 0xff, 0x7,
    0xf8, 0x7f, 0x87, 0xff, 0xff, 0x7, 0xf8, 0x7f,
    0x83, 0xff, 0xff, 0x7, 0xf8, 0x7f, 0x81, 0xff,
    0xff, 0x7, 0xf8, 0x7f, 0x80, 0xff, 0xff, 0x7,
    0xf8, 0x7f, 0x1, 0xff, 0xff, 0x7, 0x38, 0x7e,
    0x3, 0xff, 0xff, 0x6, 0x18, 0x7c, 0x7, 0xff,
    0xff, 0x0, 0x8, 0x78, 0xf, 0xef, 0xff, 0x0,
    0x0, 0x70, 0x1f, 0xc7, 0xff, 0x0, 0x0, 0x60,
    0x3f, 0x83, 0xff, 0x0, 0x0, 0x40, 0x7f, 0x1,
    0xff, 0x0, 0xc0, 0x0, 0xfe, 0x0, 0xff, 0x1,
    0xe0, 0x1, 0xfc, 0x0, 0xfe, 0x3, 0xf0, 0x7,
    0xf8, 0x0, 0xfc, 0xf, 0xf8, 0xf, 0xf0, 0x0,
    0xf8, 0x1f, 0xfc, 0x1f, 0xe0, 0x0, 0xf0, 0x3f,
    0xff, 0x3f, 0x80, 0x0, 0xe0, 0x7f, 0x3f, 0xff,
    0x0, 0x0, 0x80, 0xfe, 0x1f, 0xfe, 0x0, 0x0,
    0x1, 0xfc, 0xf, 0xfc, 0x0, 0x0, 0x3, 0xf8,
    0x7, 0xf8, 0x0, 0x0, 0x7, 0xf0, 0x3, 0xf0,
    0x0, 0x0, 0xf, 0xe0, 0x1, 0xe0, 0x0, 0x0,
    0x1f, 0xc0, 0x0, 0xc0, 0x0, 0x0, 0x3f, 0x80,
    0x0, 0x0, 0x0, 0x0, 0x7f, 0x0, 0x0, 0x0,
    0x0, 0x0,

    /* U+F0820 "󰠠" */
    0x0, 0x0, 0x1f, 0xf8, 0x0, 0x0, 0x0, 0x0,
    0xff, 0xff, 0x0, 0x0, 0x0, 0x7, 0xff, 0xff,
    0xe0, 0x0, 0x0, 0xf, 0xff, 0xff, 0xf0, 0x0,
    0x0, 0x3f, 0xff, 0xff, 0xfc, 0x0, 0x0, 0x7f,
    0xff, 0xff, 0xfe, 0x0, 0x0, 0xff, 0xff, 0xbf,
    0xff, 0x0, 0x1, 0xff, 0xff, 0xbf, 0xff, 0x80,
    0x3, 0xff, 0xff, 0x3f, 0xff, 0xc0, 0x7, 0xff,
    0xff, 0x3f, 0xff, 0xe0, 0xf, 0xff, 0xfe, 0x3f,
    0xff, 0xf0, 0xf, 0xff, 0xfe, 0x3f, 0xff, 0xf0,
    0x1f, 0xff, 0xfc, 0x3f, 0xff, 0xf8, 0x3f, 0xff,
    0xfc, 0x3f, 0xff, 0xfc, 0x3f, 0xff, 0xf8, 0x3f,
    0xff, 0xfc, 0x7f, 0xff, 0xf8, 0x3f, 0xff, 0xfc,
    0x7f, 0xff, 0xf0, 0x3f, 0xff, 0xfe, 0x7f, 0xff,
    0xf0, 0x3f, 0xff, 0xfe, 0x7f, 0xff, 0xe0, 0x3f,
    0xff, 0xfe, 0xff, 0xff, 0xe0, 0x3f, 0xff, 0xff,
    0xff, 0xff, 0xc0, 0x0, 0x3f, 0xff, 0xff, 0xff,
    0xc0, 0x0, 0x3f, 0xff, 0xff, 0xff, 0x80, 0x0,
    0x7f, 0xff, 0xff, 0xff, 0x80, 0x0, 0x7f, 0xff,
    0xff, 0xff, 0x0, 0x0, 0xff, 0xff, 0xff, 0xff,
    0x0, 0x0, 0xff, 0xff, 0xff, 0xfe, 0x0, 0x1,
    0xff, 0xff, 0xff, 0xfe, 0x0, 0x1, 0xff, 0xff,
    0xff, 0xff, 0xfe, 0x3, 0xff, 0xff, 0x7f, 0xff,
    0xfe, 0x3, 0xff, 0xfe, 0x7f, 0xff, 0xfe, 0x7,
    0xff, 0xfe, 0x7f, 0xff, 0xfe, 0x7, 0xff, 0xfe,
    0x7f, 0xff, 0xfe, 0xf, 0xff, 0xfc, 0x3f, 0xff,
    0xfe, 0xf, 0xff, 0xfc, 0x3f, 0xff, 0xfe, 0x1f,
    0xff, 0xfc, 0x1f, 0xff, 0xfe, 0x1f, 0xff, 0xf8,
    0xf, 0xff, 0xfe, 0x3f, 0xff, 0xf0, 0xf, 0xff,
    0xfe, 0x3f, 0xff, 0xf0, 0x7, 0xff, 0xfe, 0x7f,
    0xff, 0xe0, 0x3, 0xff, 0xfe, 0x7f, 0xff, 0xc0,
    0x1, 0xff, 0xfe, 0xff, 0xff, 0x80, 0x0, 0xff,
    0xfe, 0xff, 0xff, 0x0, 0x0, 0x7f, 0xff, 0xff,
    0xfe, 0x0, 0x0, 0x3f, 0xff, 0xff, 0xfc, 0x0,
    0x0, 0xf, 0xff, 0xff, 0xf0, 0x0, 0x0, 0x7,
    0xff, 0xff, 0xe0, 0x0, 0x0, 0x1, 0xff, 0xff,
    0x80, 0x0, 0x0, 0x0, 0x1f, 0xf8, 0x0, 0x0,

    /* U+F0843 "󰡃" */
    0xff, 0xfc, 0x7f, 0xfe, 0x3f, 0xff, 0xff, 0xfc,
    0x7f, 0xfe, 0x3f, 0xff, 0xff, 0xfc, 0x7f, 0xfe,
    0x3f, 0xff, 0xff, 0xfc, 0x7f, 0xfe, 0x3f, 0xff,
    0xff, 0xfc, 0x7f, 0xfe, 0x3f, 0xff, 0xff, 0xfc,
    0x7f, 0xfe, 0x3f, 0xff, 0xff, 0xfc, 0x7f, 0xfe,
    0x3f, 0xff, 0xff, 0xfc, 0x7f, 0xfe, 0x3f, 0xff,
    0xff, 0xfc, 0x7f, 0xfe, 0x3f, 0xff, 0xff, 0xfc,
    0x7f, 0xfe, 0x3f, 0xff, 0xff, 0xfc, 0x7f, 0xfe,
    0x3f, 0xff, 0xff, 0xfc, 0x7f, 0xfe, 0x3f, 0xff,
    0xff, 0xfc, 0x0, 0x0, 0x3f, 0xff, 0xff, 0xfc,
    0x0, 0x0, 0x3f, 0xff, 0xff, 0xfc, 0x7f, 0xfe,
    0x3f, 0xff, 0xff, 0xfc, 0x7f, 0xfe, 0x3f, 0xff,
    0xff, 0xfc, 0x7f, 0xfe, 0x3f, 0xff, 0xff, 0xfc,
    0x7f, 0xfe, 0x3f, 0xff, 0xff, 0xfc, 0x7f, 0xfe,
    0x3f, 0xff, 0xff, 0xfc, 0x7f, 0xfe, 0x3f, 0xff,
    0xff, 0xfc, 0x7f, 0xfe, 0x3f, 0xff, 0xff, 0xfc,
    0x7f, 0xfe, 0x0, 0x0, 0xff, 0xfc, 0x7f, 0xfe,
    0x0, 0x0, 0xff, 0xfc, 0x7f, 0xfe, 0x0, 0x0,
    0xff, 0xfc, 0x7f, 0xfe, 0x3f, 0xff, 0xff, 0xfc,
    0x7f, 0xfe, 0x3f, 0xff, 0xff, 0xfc, 0x7f, 0xfe,
    0x3f, 0xff, 0xff, 0xfc, 0x7f, 0xfe, 0x3f, 0xff,
    0xff, 0xfc, 0x7f, 0xfe, 0x3f, 0xff, 0xff, 0xfc,
    0x7f, 0xfe, 0x3f, 0xff, 0xff, 0xfc, 0x7f, 0xfe,
    0x3f, 0xff, 0xff, 0xfc, 0x7f, 0xfe, 0x3f, 0xff,
    0xff, 0xfc, 0x7f, 0xfe, 0x3f, 0xff,

    /* U+F08C4 "󰣄" */
    0x0, 0x1f, 0xff, 0xf0, 0x0, 0x7, 0xff, 0xff,
    0xff, 0x0, 0x3f, 0xff, 0xff, 0xff, 0x81, 0xff,
    0xff, 0xff, 0xff, 0xc3, 0xff, 0xff, 0xff, 0xff,
    0x8f, 0xff, 0xff, 0xff, 0xff, 0xbf, 0xff, 0xff,
    0xff, 0xff, 0xff, 0xff, 0xff, 0xff, 0xff, 0xff,
    0xff, 0xff, 0xff, 0xff, 0xf0, 0x0, 0x0, 0x0,
    0x7f, 0xe0, 0x0, 0x0, 0x0, 0xff, 0xc0, 0x0,
    0x0, 0x1, 0xff, 0x80, 0x0, 0x0, 0x3, 0xff,
    0x0, 0x0, 0x0, 0x7, 0xfe, 0x0, 0x0, 0x0,
    0xf, 0xfc, 0x0, 0x0, 0x0, 0x1f, 0xf8, 0x0,
    0x0, 0x0, 0x3f, 0xf0, 0x0, 0x0, 0x0, 0x7f,
    0xe0, 0x0, 0x0, 0x0, 0xff, 0xc0, 0x0, 0x0,
    0x1, 0xff, 0x80, 0x0, 0x0, 0x3, 0xff, 0xff,
    0xff, 0xff, 0xff, 0xff, 0xff, 0xff, 0xff, 0xff,
    0xff, 0xff, 0xff, 0xff, 0xff, 0xff, 0xff, 0xff,
    0xff, 0xff, 0xff, 0xff, 0xff, 0xff, 0xff, 0xff,
    0xff, 0xff, 0xff, 0xff, 0xff, 0xff, 0xff, 0xff,
    0xff, 0xff, 0xf8, 0x3f, 0xff, 0xff, 0xff, 0xe0,
    0x3f, 0xff, 0xff, 0xff, 0x80, 0x3f, 0xff, 0xff,
    0xff, 0x0, 0x7f, 0xff, 0xff, 0xfe, 0x0, 0xff,
    0xff, 0xff, 0xfc, 0x1, 0xff, 0xff, 0xff, 0xf8,
    0x3, 0xff, 0xff, 0xff, 0xf0, 0x7, 0xff, 0xff,
    0xff, 0xf0, 0x1f, 0xff, 0xef, 0xff, 0xf0, 0x7f,
    0xff, 0x9f, 0xff, 0xff, 0xff, 0xff, 0x1f, 0xff,
    0xff, 0xff, 0xfc, 0x1f, 0xff, 0xff, 0xff, 0xf0,
    0xf, 0xff, 0xff, 0xff, 0x80, 0x3, 0xff, 0xff,
    0xf8, 0x0, 0xf, 0xff, 0xff, 0xf8, 0x0, 0x3f,
    0xff, 0xff, 0xf8, 0x0, 0xff, 0xff, 0xff, 0xf8,
    0x1, 0xff, 0xff, 0xff, 0xf0, 0x0,

    /* U+F08CA "󰣊" */
    0x0, 0x0, 0x0, 0xf, 0xf8, 0x0, 0x0, 0x0,
    0x0, 0x3f, 0xff, 0x0, 0x0, 0x0, 0x0, 0xff,
    0xff, 0x80, 0x0, 0x0, 0x1, 0xff, 0xff, 0xe0,
    0x0, 0x0, 0x7, 0xfc, 0xf, 0xf0, 0x0, 0x0,
    0x7, 0xe0, 0x3, 0xf8, 0x0, 0x3f, 0xff, 0xc1,
    0xc0, 0xf8, 0x7, 0xff, 0xff, 0x81, 0xc0, 0x7c,
    0x1f, 0xff, 0xff, 0x1, 0xc0, 0x3e, 0x3f, 0xff,
    0xfe, 0x1, 0xc0, 0x3e, 0x7f, 0xff, 0xfe, 0x1,
    0xc0, 0x1e, 0x7f, 0xff, 0xfc, 0x1, 0xc0, 0x1f,
    0xff, 0xff, 0xfc, 0x1, 0xc0, 0xf, 0xff, 0xff,
    0xfc, 0x1, 0xc0, 0xf, 0xff, 0xff, 0xfc, 0x1,
    0xc0, 0xf, 0xf0, 0x0, 0x3c, 0x1, 0xc0, 0xf,
    0xf0, 0x0, 0x3c, 0x1, 0xf0, 0xf, 0xf0, 0x0,
    0x3c, 0x1, 0xfc, 0xf, 0xf0, 0x0, 0x3c, 0x0,
    0x7e, 0x1f, 0xf0, 0x0, 0x3e, 0x0, 0x1f, 0x1e,
    0xf0, 0x0, 0x3e, 0x0, 0xf, 0x1e, 0xf0, 0x0,
    0x1f, 0x0, 0x2, 0x3e, 0xf0, 0x0, 0x1f, 0x80,
    0x0, 0x7c, 0xf0, 0x0, 0xf, 0xc0, 0x0, 0xf8,
    0xf0, 0x0, 0x7, 0xe0, 0x1, 0xf8, 0xf0, 0x0,
    0x3, 0xfc, 0xf, 0xf0, 0xff, 0xff, 0xff, 0xff,
    0xff, 0xe0, 0xff, 0xff, 0xff, 0xff, 0xff, 0x80,
    0xff, 0xff, 0xff, 0xff, 0xff, 0x0, 0xff, 0xff,
    0xff, 0xff, 0xf8, 0x0, 0xff, 0xff, 0xff, 0xff,
    0xe0, 0x0, 0xff, 0xff, 0xff, 0xff, 0xe0, 0x0,
    0xfc, 0x7f, 0xff, 0xc7, 0xe0, 0x0, 0xf8, 0x3f,
    0xff, 0x83, 0xe0, 0x0, 0xf0, 0x1f, 0xff, 0x1,
    0xe0, 0x0, 0xf0, 0x1f, 0xff, 0x1, 0xe0, 0x0,
    0xf0, 0x1f, 0xff, 0x1, 0xe0, 0x0, 0xf8, 0x3f,
    0xff, 0x83, 0xe0, 0x0, 0xfc, 0x7f, 0xff, 0xc7,
    0xe0, 0x0, 0x7f, 0xff, 0xff, 0xff, 0xe0, 0x0,
    0x7f, 0xff, 0xff, 0xff, 0xc0, 0x0, 0x3f, 0xff,
    0xff, 0xff, 0x80, 0x0, 0x3f, 0xff, 0xff, 0xff,
    0x80, 0x0, 0x3f, 0x80, 0x0, 0x3f, 0x80, 0x0,
    0x3f, 0x80, 0x0, 0x3f, 0x80, 0x0, 0x3f, 0x80,
    0x0, 0x3f, 0x80, 0x0, 0x1f, 0x0, 0x0, 0x1f,
    0x0, 0x0,

    /* U+F0A1D "󰨝" */
    0xff, 0xff, 0xf8, 0x1f, 0xff, 0xff, 0xff, 0xff,
    0xf8, 0x1f, 0xff, 0xff, 0xff, 0xff, 0xf8, 0x1f,
    0xff, 0xff, 0xff, 0xff, 0xf8, 0x1f, 0xff, 0xff,
    0xff, 0xff, 0xf8, 0x1f, 0xff, 0xff, 0xf8, 0x0,
    0xf8, 0x1f, 0x0, 0x1f, 0xf8, 0x0, 0xf8, 0x1f,
    0x0, 0x1f, 0xf8, 0x0, 0xf8, 0x1f, 0x0, 0x1f,
    0xf8, 0x0, 0xf8, 0x1f, 0x0, 0x1f, 0xf8, 0x0,
    0xf8, 0x1f, 0x0, 0x1f, 0xf8, 0x0, 0xf8, 0x1f,
    0xff, 0xff, 0xf8, 0x0, 0xf8, 0x1f, 0xff, 0xff,
    0xf8, 0x0, 0xf8, 0x1f, 0xff, 0xff, 0xf8, 0x0,
    0xf8, 0x1f, 0xff, 0xff, 0xf8, 0x0, 0xf8, 0x1f,
    0xff, 0xff, 0xf8, 0x0, 0xf8, 0x0, 0x0, 0x0,
    0xf8, 0x0, 0xf8, 0x0, 0x0, 0x0, 0xf8, 0x0,
    0xf8, 0x0, 0x0, 0x0, 0xf8, 0x0, 0xf8, 0x0,
    0x0, 0x0, 0xf8, 0x0, 0xf8, 0x0, 0x0, 0x0,
    0xf8, 0x0, 0xf8, 0x0, 0x0, 0x0, 0xff, 0xff,
    0xf8, 0x1f, 0xff, 0xff, 0xff, 0xff, 0xf8, 0x1f,
    0xff, 0xff, 0xff, 0xff, 0xf8, 0x1f, 0xff, 0xff,
    0xff, 0xff, 0xf8, 0x1f, 0xff, 0xff, 0xff, 0xff,
    0xf8, 0x1f, 0xff, 0xff, 0x0, 0x0, 0x0, 0x1f,
    0x0, 0x1f, 0x0, 0x0, 0x0, 0x1f, 0x0, 0x1f,
    0x0, 0x0, 0x0, 0x1f, 0x0, 0x1f, 0x0, 0x0,
    0x0, 0x1f, 0x0, 0x1f, 0x0, 0x0, 0x0, 0x1f,
    0x0, 0x1f, 0x0, 0x0, 0x0, 0x1f, 0x0, 0x1f,
    0xff, 0xff, 0xf8, 0x1f, 0x0, 0x1f, 0xff, 0xff,
    0xf8, 0x1f, 0x0, 0x1f, 0xff, 0xff, 0xf8, 0x1f,
    0x0, 0x1f, 0xff, 0xff, 0xf8, 0x1f, 0x0, 0x1f,
    0xff, 0xff, 0xf8, 0x1f, 0x0, 0x1f, 0xf8, 0x0,
    0xf8, 0x1f, 0x0, 0x1f, 0xf8, 0x0, 0xf8, 0x1f,
    0x0, 0x1f, 0xf8, 0x0, 0xf8, 0x1f, 0x0, 0x1f,
    0xf8, 0x0, 0xf8, 0x1f, 0x0, 0x1f, 0xf8, 0x0,
    0xf8, 0x1f, 0x0, 0x1f, 0xff, 0xff, 0xf8, 0x1f,
    0xff, 0xff, 0xff, 0xff, 0xf8, 0x1f, 0xff, 0xff,
    0xff, 0xff, 0xf8, 0x1f, 0xff, 0xff, 0xff, 0xff,
    0xf8, 0x1f, 0xff, 0xff, 0xff, 0xff, 0xf8, 0x1f,
    0xff, 0xff,

    /* U+F0A99 "󰪙" */
    0x0, 0x0, 0x0, 0x7, 0xf8, 0x0, 0x0, 0x0,
    0x0, 0x3f, 0xfe, 0x0, 0x0, 0x0, 0x0, 0xff,
    0xff, 0x80, 0x0, 0x0, 0x1, 0xff, 0xff, 0xc0,
    0x0, 0x0, 0x3, 0xfc, 0xf, 0xe0, 0x0, 0x0,
    0x7, 0xe0, 0x3, 0xf0, 0x0, 0x3f, 0xff, 0xc1,
    0xe0, 0xf8, 0x7, 0xff, 0xff, 0x81, 0xe0, 0x7c,
    0x1f, 0xff, 0xff, 0x1, 0xe0, 0x3c, 0x3f, 0xff,
    0xfe, 0x1, 0xe0, 0x3e, 0x7f, 0xff, 0xfe, 0x1,
    0xe0, 0x1e, 0x7f, 0xff, 0xfc, 0x1, 0xe0, 0x1f,
    0xff, 0xff, 0xfc, 0x1, 0xe0, 0xf, 0xff, 0xff,
    0xfc, 0x1, 0xe0, 0xf, 0xff, 0xff, 0xfc, 0x1,
    0xe0, 0xf, 0xf0, 0x0, 0x3c, 0x1, 0xe0, 0xf,
    0xf0, 0x0, 0x3c, 0x1, 0xe0, 0xf, 0xf0, 0x0,
    0x3c, 0x0, 0x0, 0xf, 0xf0, 0x0, 0x3c, 0x0,
    0x0, 0x1f, 0xf0, 0x0, 0x3e, 0x1, 0xe0, 0x1e,
    0xf0, 0x0, 0x1e, 0x1, 0xe0, 0x1e, 0xf0, 0x0,
    0x1f, 0x1, 0xe0, 0x3e, 0xf0, 0x0, 0x1f, 0x81,
    0xe0, 0x7c, 0xf0, 0x0, 0xf, 0xc0, 0x0, 0xf8,
    0xf0, 0x0, 0x7, 0xe0, 0x3, 0xf8, 0xf0, 0x0,
    0x3, 0xfc, 0xf, 0xf0, 0xff, 0xff, 0xff, 0xff,
    0xff, 0xe0, 0xff, 0xff, 0xff, 0xff, 0xff, 0x80,
    0xff, 0xff, 0xff, 0xff, 0xff, 0x0, 0xff, 0xff,
    0xff, 0xff, 0xf8, 0x0, 0xff, 0xff, 0xff, 0xff,
    0xe0, 0x0, 0xff, 0xff, 0xff, 0xff, 0xe0, 0x0,
    0xfc, 0x7f, 0xff, 0xc7, 0xe0, 0x0, 0xf8, 0x3f,
    0xff, 0x83, 0xe0, 0x0, 0xf0, 0x1f, 0xff, 0x1,
    0xe0, 0x0, 0xf0, 0x1f, 0xff, 0x1, 0xe0, 0x0,
    0xf0, 0x1f, 0xff, 0x1, 0xe0, 0x0, 0xf8, 0x3f,
    0xff, 0x83, 0xe0, 0x0, 0xfc, 0x7f, 0xff, 0xc7,
    0xe0, 0x0, 0x7f, 0xff, 0xff, 0xff, 0xe0, 0x0,
    0x7f, 0xff, 0xff, 0xff, 0xc0, 0x0, 0x3f, 0xff,
    0xff, 0xff, 0x80, 0x0, 0x3f, 0xff, 0xff, 0xff,
    0x80, 0x0, 0x3f, 0xff, 0xff, 0xff, 0x80, 0x0,
    0x3f, 0x80, 0x0, 0x3f, 0x80, 0x0, 0x3f, 0x80,
    0x0, 0x3f, 0x80, 0x0, 0x3f, 0x80, 0x0, 0x3f,
    0x80, 0x0, 0x1f, 0x0, 0x0, 0x1f, 0x0, 0x0,

    /* U+F0BA0 "󰮠" */
    0x0, 0xe0, 0x0, 0x0, 0x7, 0x0, 0x0, 0xf0,
    0x0, 0x0, 0xf, 0x0, 0x1, 0xf0, 0x0, 0x0,
    0xf, 0x80, 0x1, 0xb0, 0x0, 0x0, 0xd, 0x80,
    0x1, 0xb8, 0x0, 0x0, 0x1d, 0x80, 0x3, 0x98,
    0x0, 0x0, 0x19, 0xc0, 0x3, 0x18, 0x0, 0x0,
    0x18, 0xc0, 0x3, 0x1c, 0x0, 0x0, 0x38, 0xc0,
    0x7, 0xc, 0x0, 0x0, 0x30, 0xe0, 0x6, 0xc,
    0x0, 0x0, 0x30, 0x60, 0x6, 0xe, 0x0, 0x0,
    0x70, 0x60, 0xe, 0x6, 0x0, 0x0, 0x60, 0x70,
    0xe, 0x6, 0x0, 0x0, 0x60, 0x30, 0xc, 0x7,
    0x0, 0x0, 0xe0, 0x30, 0xc, 0x3, 0x0, 0x0,
    0xe0, 0x38, 0x1c, 0x3, 0x0, 0x0, 0xc0, 0x18,
    0x1f, 0xff, 0xff, 0xff, 0xff, 0xf8, 0x1f, 0xff,
    0xff, 0xff, 0xff, 0xfc, 0x3e, 0x1, 0x80, 0x1,
    0x80, 0x7c, 0x3e, 0x1, 0xc0, 0x3, 0x80, 0x7c,
    0x37, 0x0, 0xc0, 0x3, 0x0, 0xee, 0x73, 0x80,
    0xc0, 0x3, 0x1, 0xc6, 0x61, 0xc0, 0xe0, 0x7,
    0x3, 0x86, 0x60, 0xc0, 0x60, 0x6, 0x3, 0x6,
    0xe0, 0xe0, 0x60, 0x6, 0x7, 0x3, 0xc0, 0x70,
    0x70, 0xe, 0xe, 0x3, 0xf0, 0x38, 0x30, 0xc,
    0x1c, 0xf, 0x78, 0x1c, 0x30, 0xc, 0x38, 0x1e,
    0x3c, 0x1c, 0x38, 0x1c, 0x38, 0x3c, 0xf, 0xe,
    0x18, 0x1c, 0x70, 0xf8, 0x7, 0x87, 0x18, 0x18,
    0xe1, 0xe0, 0x3, 0xe3, 0x9c, 0x39, 0xc3, 0xc0,
    0x0, 0xf1, 0xcc, 0x39, 0x8f, 0x0, 0x0, 0x79,
    0xcc, 0x33, 0x9e, 0x0, 0x0, 0x3e, 0xee, 0x77,
    0x7c, 0x0, 0x0, 0xf, 0x7e, 0x7e, 0xf0, 0x0,
    0x0, 0x7, 0xbe, 0x7d, 0xe0, 0x0, 0x0, 0x1,
    0xff, 0x7f, 0x80, 0x0, 0x0, 0x0, 0xff, 0xff,
    0x0, 0x0, 0x0, 0x0, 0x7f, 0xfe, 0x0, 0x0,
    0x0, 0x0, 0x1f, 0xf8, 0x0, 0x0, 0x0, 0x0,
    0xf, 0xf0, 0x0, 0x0, 0x0, 0x0, 0x7, 0xe0,
    0x0, 0x0, 0x0, 0x0, 0x1, 0x80, 0x0, 0x0,

    /* U+F0BCC "󰯌" */
    0xff, 0xff, 0xf8, 0x1f, 0xff, 0xff, 0xff, 0xff,
    0xf8, 0x1f, 0xff, 0xff, 0xff, 0xff, 0xf8, 0x1f,
    0xff, 0xff, 0xff, 0xff, 0xf8, 0x1f, 0xff, 0xff,
    0xff, 0xff, 0xf8, 0x1f, 0xff, 0xff, 0x0, 0x0,
    0x0, 0x1f, 0xff, 0xff, 0x0, 0x0, 0x0, 0x1f,
    0xff, 0xff, 0x0, 0x0, 0x0, 0x1f, 0xff, 0xff,
    0x0, 0x0, 0x0, 0x1f, 0xff, 0xff, 0x0, 0x0,
    0x0, 0x1f, 0xff, 0xff, 0x0, 0x0, 0x0, 0x1f,
    0xff, 0xff, 0xff, 0xff, 0xf8, 0x1f, 0xff, 0xff,
    0xff, 0xff, 0xf8, 0x1f, 0xff, 0xff, 0xff, 0xff,
    0xf8, 0x1f, 0xff, 0xff, 0xff, 0xff, 0xf8, 0x1f,
    0xff, 0xff, 0xff, 0xff, 0xf8, 0x1f, 0xff, 0xff,
    0x0, 0x0, 0x0, 0x1f, 0xff, 0xff, 0x0, 0x0,
    0x0, 0x1f, 0xff, 0xff, 0x0, 0x0, 0x0, 0x1f,
    0xff, 0xff, 0x0, 0x0, 0x0, 0x1f, 0xff, 0xff,
    0x0, 0x0, 0x0, 0x1f, 0xff, 0xff, 0xff, 0xff,
    0xf8, 0x1f, 0xff, 0xff, 0xff, 0xff, 0xf8, 0x1f,
    0xff, 0xff, 0xff, 0xff, 0xf8, 0x1f, 0xff, 0xff,
    0xff, 0xff, 0xf8, 0x1f, 0xff, 0xff, 0xff, 0xff,
    0xf8, 0x1f, 0xff, 0xff, 0x0, 0x0, 0x0, 0x1f,
    0xff, 0xff, 0x0, 0x0, 0x0, 0x1f, 0xff, 0xff,
    0x0, 0x0, 0x0, 0x1f, 0xff, 0xff, 0x0, 0x0,
    0x0, 0x1f, 0xff, 0xff, 0x0, 0x0, 0x0, 0x1f,
    0xff, 0xff, 0x0, 0x0, 0x0, 0x1f, 0xff, 0xff,
    0xff, 0xff, 0xf8, 0x1f, 0xff, 0xff, 0xff, 0xff,
    0xf8, 0x1f, 0xff, 0xff, 0xff, 0xff, 0xf8, 0x1f,
    0xff, 0xff, 0xff, 0xff, 0xf8, 0x1f, 0xff, 0xff,
    0xff, 0xff, 0xf8, 0x1f, 0xff, 0xff,

    /* U+F0E4C "󰹌" */
    0x0, 0x0, 0x4, 0x0, 0x0, 0x0, 0x0, 0x0,
    0xf, 0x0, 0x0, 0x0, 0x0, 0x0, 0x3f, 0x80,
    0x0, 0x0, 0x0, 0x0, 0x7f, 0xc0, 0x0, 0x0,
    0x0, 0x0, 0xff, 0xf0, 0x0, 0x0, 0x0, 0x1,
    0xff, 0xf8, 0x0, 0x0, 0x0, 0x7, 0xff, 0xfc,
    0x0, 0x0, 0x0, 0xf, 0xff, 0xfe, 0x0, 0x0,
    0x0, 0x1f, 0xff, 0xff, 0x80, 0x0, 0x0, 0x7f,
    0xff, 0xff, 0xc0, 0x0, 0x0, 0xff, 0xff, 0xff,
    0xe0, 0x0, 0x1, 0xff, 0xff, 0xff, 0xf8, 0x0,
    0x3, 0xff, 0xff, 0xff, 0xfc, 0x0, 0xf, 0xff,
    0xff, 0xff, 0xfe, 0x0, 0x1f, 0xff, 0xff, 0xff,
    0xff, 0x0, 0x3f, 0xff, 0xff, 0xff, 0xff, 0xc0,
    0xff, 0xff, 0xff, 0xff, 0xff, 0xe0, 0x7f, 0xff,
    0xff, 0xff, 0xff, 0xc0, 0x3f, 0xff, 0xff, 0xff,
    0xff, 0x80, 0xf, 0xff, 0xff, 0xff, 0xff, 0x0,
    0x7, 0xff, 0xff, 0xff, 0xfc, 0x0, 0x3, 0xff,
    0xff, 0xff, 0xf8, 0x0, 0x0, 0xff, 0xff, 0xff,
    0xf0, 0x0, 0x0, 0x7f, 0xff, 0xff, 0xe0, 0x0,
    0x0, 0x3f, 0xff, 0xff, 0x80, 0x0, 0x0, 0x1f,
    0xff, 0xff, 0x0, 0x0, 0x18, 0x7, 0xff, 0xfe,
    0x0, 0x0, 0x3c, 0x3, 0xff, 0xf8, 0x0, 0x0,
    0x7e, 0x1, 0xff, 0xf0, 0x0, 0x0, 0x7f, 0x80,
    0x7f, 0xe0, 0x0, 0x0, 0x3f, 0xc0, 0x3f, 0xc0,
    0x0, 0x0, 0xf, 0xe0, 0x1f, 0x0, 0x0, 0x0,
    0x7, 0xf8, 0xe, 0x0, 0x0, 0x0, 0x3, 0xfc,
    0x0, 0x0, 0x0, 0x0, 0x0, 0xfe, 0x0, 0x0,
    0x0, 0x0, 0x0, 0x7f, 0x80, 0x0, 0x0, 0x0,
    0x0, 0x3f, 0xc0, 0x7, 0xff, 0xff, 0x0, 0xf,
    0xe0, 0x7, 0xff, 0xff, 0x0, 0x7, 0xf9, 0x7,
    0xff, 0xff, 0x0, 0x3, 0xff, 0x7, 0xff, 0xff,
    0x0, 0x0, 0xff, 0x0, 0x0, 0x0, 0x0, 0x0,
    0x7f, 0x80, 0x0, 0x0, 0x0, 0x0, 0x3f, 0x80,
    0x0, 0x0, 0x0, 0x0, 0xf, 0x0, 0x0, 0x0,
    0x0, 0x0, 0x4, 0x0, 0x0, 0x0,

    /* U+F0E4D "󰹍" */
    0x0, 0x0, 0x4, 0x0, 0x0, 0x0, 0x0, 0x0,
    0xf, 0x0, 0x0, 0x0, 0x0, 0x0, 0x1f, 0x80,
    0x0, 0x0, 0x0, 0x0, 0x7f, 0xc0, 0x0, 0x0,
    0x0, 0x0, 0xff, 0xe0, 0x0, 0x0, 0x0, 0x1,
    0xff, 0xf8, 0x0, 0x0, 0x0, 0x3, 0xff, 0xfc,
    0x0, 0x0, 0x0, 0xf, 0xff, 0xfe, 0x0, 0x0,
    0x0, 0x1f, 0xff, 0xff, 0x80, 0x0, 0x0, 0x3f,
    0xff, 0xff, 0xc0, 0x0, 0x0, 0xff, 0xff, 0xff,
    0xe0, 0x0, 0x1, 0xff, 0xff, 0xff, 0xf0, 0x0,
    0x3, 0xff, 0xff, 0xff, 0xfc, 0x0, 0x7, 0xff,
    0xff, 0xff, 0xfe, 0x0, 0x1f, 0xff, 0xff, 0xff,
    0xff, 0x0, 0x3f, 0xff, 0xff, 0xff, 0xff, 0x80,
    0x7f, 0xff, 0xff, 0xff, 0xff, 0xe0, 0x7f, 0xff,
    0xff, 0xff, 0xff, 0xe0, 0x3f, 0xff, 0xff, 0xff,
    0xff, 0x80, 0x1f, 0xff, 0xff, 0xff, 0xff, 0x0,
    0x7, 0xff, 0xff, 0xff, 0xfe, 0x0, 0x3, 0xff,
    0xff, 0xff, 0xf8, 0x0, 0x1, 0xff, 0xff, 0xff,
    0xf0, 0x0, 0x0, 0x7f, 0xff, 0xff, 0xe0, 0x0,
    0x0, 0x3f, 0xff, 0xff, 0xc0, 0x0, 0x0, 0x1f,
    0xff, 0xff, 0x0, 0x0, 0x18, 0xf, 0xff, 0xfe,
    0x0, 0x0, 0x3c, 0x3, 0xff, 0xfc, 0x0, 0x0,
    0x7e, 0x1, 0xff, 0xf0, 0x0, 0x0, 0x7f, 0x0,
    0xff, 0xe0, 0xf, 0x80, 0x3f, 0xc0, 0x3f, 0xc0,
    0xf, 0x80, 0x1f, 0xe0, 0x1f, 0x80, 0xf, 0x80,
    0x7, 0xf0, 0xe, 0x0, 0xf, 0x80, 0x3, 0xfc,
    0x4, 0x0, 0xf, 0x80, 0x1, 0xfe, 0x0, 0x0,
    0xf, 0x80, 0x0, 0xff, 0x0, 0x0, 0xf, 0x80,
    0x0, 0x3f, 0x80, 0x7, 0xff, 0xff, 0x0, 0x1f,
    0xe0, 0x7, 0xff, 0xff, 0x0, 0xf, 0xf1, 0x7,
    0xff, 0xff, 0x0, 0x3, 0xfb, 0x7, 0xff, 0xff,
    0x0, 0x1, 0xff, 0x7, 0xff, 0xff, 0x0, 0x0,
    0xff, 0x0, 0xf, 0x80, 0x0, 0x0, 0x7f, 0x80,
    0xf, 0x80, 0x0, 0x0, 0x1f, 0x80, 0xf, 0x80,
    0x0, 0x0, 0xe, 0x0, 0xf, 0x80, 0x0, 0x0,
    0x4, 0x0, 0xf, 0x80, 0x0, 0x0, 0x0, 0x0,
    0xf, 0x80, 0x0, 0x0, 0x0, 0x0, 0xf, 0x80,

    /* U+F0E6B "󰹫" */
    0xff, 0xff, 0xff, 0xff, 0xff, 0xff, 0xff, 0xff,
    0xff, 0xff, 0xff, 0xff, 0xff, 0xff, 0xff, 0xff,
    0xff, 0xff, 0xff, 0xff, 0xff, 0xff, 0xff, 0xff,
    0xff, 0xff, 0xff, 0xff, 0xff, 0xff, 0xff, 0xff,
    0xff, 0xff, 0xff, 0xff, 0xff, 0xff, 0xff, 0xff,
    0xff, 0xff, 0xff, 0xff, 0xff, 0xff, 0xff, 0xff,
    0xff, 0xff, 0xff, 0xff, 0xff, 0xff, 0xff, 0xff,
    0xff, 0xff, 0xff, 0xff, 0xff, 0xff, 0xff, 0xff,
    0xff, 0xff, 0xff, 0xff, 0xff, 0xff, 0xff, 0xff,
    0xff, 0xff, 0xff, 0xff, 0xff, 0xff, 0xff, 0xff,
    0xff, 0xff, 0xff, 0xff, 0xff, 0xff, 0xff, 0xff,
    0xff, 0xff, 0x0, 0x0, 0x0, 0x0, 0x0, 0x0,
    0x0, 0x0, 0x0, 0x0, 0x0, 0x0, 0x0, 0x0,
    0x0, 0x0, 0x0, 0x0, 0xff, 0xfe, 0x3f, 0xff,
    0xff, 0xff, 0xff, 0xfe, 0x3f, 0xff, 0xff, 0xff,
    0xff, 0xfe, 0x3f, 0xff, 0xff, 0xff, 0xff, 0xfe,
    0x3f, 0xff, 0xff, 0xff, 0xff, 0xfe, 0x3f, 0xff,
    0xff, 0xff, 0xff, 0xfe, 0x3f, 0xff, 0xff, 0xff,
    0xff, 0xfe, 0x3f, 0xff, 0xff, 0xff, 0xff, 0xfe,
    0x3f, 0xff, 0xff, 0xff, 0xff, 0xfe, 0x3f, 0xff,
    0xff, 0xff, 0xff, 0xfe, 0x3f, 0xff, 0xff, 0xff,
    0xff, 0xfe, 0x3f, 0xff, 0xff, 0xff, 0xff, 0xfe,
    0x3f, 0xff, 0xff, 0xff, 0xff, 0xfe, 0x3f, 0xff,
    0xff, 0xff, 0xff, 0xfe, 0x3f, 0xff, 0xff, 0xff,
    0xff, 0xfe, 0x3f, 0xff, 0xff, 0xff, 0xff, 0xfe,
    0x3f, 0xff, 0xff, 0xff, 0xff, 0xfe, 0x3f, 0xff,
    0xff, 0xff,

    /* U+F0F54 "󰽔" */
    0x0, 0x0, 0x1, 0x0, 0x0, 0x0, 0x0, 0x0,
    0x3, 0xc0, 0x0, 0x0, 0x0, 0x0, 0x7, 0xe0,
    0x0, 0x0, 0x0, 0x0, 0xf, 0xf0, 0x0, 0x0,
    0x0, 0x0, 0x1f, 0xf8, 0x0, 0x0, 0x0, 0x0,
    0x3f, 0xfc, 0x0, 0x0, 0x0, 0x0, 0xff, 0xff,
    0x0, 0x0, 0x0, 0x1, 0xff, 0xff, 0x80, 0x0,
    0x0, 0x3, 0xff, 0xff, 0xc0, 0x0, 0x0, 0x7,
    0xff, 0xff, 0xe0, 0x0, 0x0, 0xf, 0xff, 0xff,
    0xc0, 0x0, 0x0, 0x1f, 0xff, 0xff, 0x80, 0x0,
    0x0, 0x3f, 0xff, 0xff, 0x1, 0xe0, 0x0, 0x7f,
    0xff, 0xff, 0x3, 0xf0, 0x1, 0xff, 0xff, 0xfe,
    0x7, 0x38, 0x3, 0xff, 0xff, 0xfe, 0x6, 0x1c,
    0x7, 0xff, 0xff, 0xfe, 0xe, 0x1c, 0xf, 0xff,
    0xff, 0xfe, 0xe, 0x1c, 0x1f, 0xff, 0xff, 0xfe,
    0xe, 0x1c, 0x3f, 0xff, 0xff, 0xfe, 0xf, 0xfc,
    0x7f, 0xff, 0xff, 0xfe, 0xf, 0xfc, 0x81, 0xff,
    0xff, 0xfe, 0xf, 0xfc, 0x1, 0xff, 0xff, 0xfe,
    0xf, 0xfc, 0x1, 0xff, 0xff, 0xfe, 0xf, 0xfc,
    0x1, 0xff, 0xff, 0xfe, 0xf, 0xfc, 0x1, 0xff,
    0xff, 0xfe, 0xf, 0xfc, 0x1, 0xff, 0xff, 0xfe,
    0xf, 0xfc, 0x1, 0xff, 0xff, 0xfe, 0xf, 0xfc,
    0x1, 0xff, 0xff, 0xfe, 0xf, 0xfc, 0x1, 0xff,
    0xff, 0xfe, 0xf, 0xfc, 0x1, 0xff, 0xff, 0xfe,
    0xf, 0xfc, 0x1, 0xff, 0xff, 0xfc, 0xf, 0xfc,
    0x1, 0xff, 0xff, 0xfc, 0xf, 0xfc, 0x1, 0xff,
    0xff, 0xf8, 0xf, 0xfe, 0x1, 0xff, 0xff, 0xf8,
    0x1f, 0xfe, 0x1, 0xff, 0xff, 0xf8, 0x3f, 0xff,
    0x1, 0xff, 0xff, 0xf8, 0x3f, 0xff, 0x1, 0xff,
    0xff, 0xf8, 0x3f, 0xff, 0x1, 0xff, 0xff, 0xf8,
    0x3f, 0xff, 0x1, 0xff, 0xff, 0xf8, 0x3f, 0xff,
    0x0, 0x0, 0x0, 0x0, 0x3f, 0xff, 0x0, 0x0,
    0x0, 0x0, 0x1f, 0xfe, 0x0, 0x0, 0x0, 0x0,
    0xf, 0xfc, 0x0, 0x0, 0x0, 0x0, 0x7, 0xf8,
    0x0, 0x0, 0x0, 0x0, 0x3, 0xf0,

    /* U+F0F55 "󰽕" */
    0x0, 0x0, 0x0, 0x80, 0x0, 0x0, 0x0, 0x0,
    0x3, 0xc0, 0x0, 0x0, 0x0, 0x0, 0x7, 0xe0,
    0x0, 0x0, 0x0, 0x0, 0xf, 0xf0, 0x0, 0x0,
    0x0, 0x0, 0x1f, 0xf8, 0x0, 0x0, 0x0, 0x0,
    0x3f, 0xfe, 0x0, 0x0, 0x0, 0x0, 0x7f, 0x7f,
    0x0, 0x0, 0x0, 0x0, 0xfe, 0x3f, 0x80, 0x0,
    0x0, 0x3, 0xfc, 0x1f, 0xc0, 0x0, 0x0, 0x7,
    0xf0, 0xf, 0xe0, 0x0, 0x0, 0xf, 0xe0, 0x7,
    0xc0, 0x0, 0x0, 0x1f, 0xc0, 0x3, 0x80, 0x0,
    0x0, 0x3f, 0x80, 0x1, 0x81, 0xe0, 0x0, 0x7f,
    0x0, 0x0, 0x3, 0xf0, 0x0, 0xfe, 0x0, 0x0,
    0x7, 0x38, 0x3, 0xfc, 0x0, 0x0, 0x6, 0x1c,
    0x7, 0xf0, 0x0, 0x0, 0xe, 0x1c, 0xf, 0xf0,
    0x0, 0x0, 0xe, 0x1c, 0x1f, 0xf0, 0x0, 0x0,
    0xe, 0x1c, 0x3f, 0xf0, 0x0, 0x0, 0xf, 0xfc,
    0x7f, 0xf0, 0x0, 0x0, 0xf, 0xfc, 0x81, 0xf0,
    0x0, 0x0, 0xf, 0xfc, 0x1, 0xf0, 0x0, 0x0,
    0xf, 0xfc, 0x1, 0xf0, 0x0, 0x0, 0xf, 0xfc,
    0x1, 0xf0, 0x0, 0x0, 0xf, 0xfc, 0x1, 0xf0,
    0x0, 0x0, 0xf, 0xfc, 0x1, 0xf0, 0x0, 0x0,
    0xf, 0xfc, 0x1, 0xf0, 0x0, 0x0, 0xf, 0xfc,
    0x1, 0xf0, 0x0, 0x0, 0xf, 0xfc, 0x1, 0xf0,
    0x0, 0x0, 0xf, 0xfc, 0x1, 0xf0, 0x0, 0x0,
    0xf, 0xfc, 0x1, 0xf0, 0x0, 0x0, 0xf, 0xfc,
    0x1, 0xf0, 0x0, 0x0, 0xf, 0xfc, 0x1, 0xf0,
    0x0, 0x0, 0xf, 0xfe, 0x1, 0xf0, 0x0, 0x0,
    0x1f, 0xfe, 0x1, 0xf0, 0x0, 0x0, 0x3f, 0xff,
    0x1, 0xff, 0xff, 0xf8, 0x3f, 0xff, 0x1, 0xff,
    0xff, 0xf8, 0x3f, 0xff, 0x1, 0xff, 0xff, 0xf8,
    0x3f, 0xff, 0x1, 0xff, 0xff, 0xf8, 0x3f, 0xff,
    0x0, 0x0, 0x0, 0x0, 0x3f, 0xff, 0x0, 0x0,
    0x0, 0x0, 0x1f, 0xfe, 0x0, 0x0, 0x0, 0x0,
    0xf, 0xfc, 0x0, 0x0, 0x0, 0x0, 0x7, 0xf8,
    0x0, 0x0, 0x0, 0x0, 0x3, 0xf0,

    /* U+F0F67 "󰽧" */
    0x7f, 0xfc, 0x0, 0x0, 0x1f, 0xff, 0x80, 0x0,
    0x7, 0xff, 0xe0, 0x0, 0x3, 0xff, 0xf8, 0x0,
    0x0, 0xff, 0xfc, 0x0, 0x0, 0x7f, 0xfe, 0x0,
    0x0, 0x3f, 0xff, 0x80, 0x0, 0x1f, 0xff, 0x80,
    0x0, 0xf, 0xff, 0xc0, 0x0, 0x7, 0xff, 0xe0,
    0x0, 0x7, 0xff, 0xf0, 0x0, 0x3, 0xff, 0xf0,
    0x0, 0x3, 0xff, 0xf8, 0x0, 0x1, 0xff, 0xf8,
    0x0, 0x1, 0xff, 0xfc, 0x0, 0x0, 0xff, 0xfc,
    0x0, 0x0, 0xff, 0xfe, 0x0, 0x0, 0xff, 0xfe,
    0x0, 0x0, 0x7f, 0xfe, 0x0, 0x0, 0x7f, 0xfe,
    0x0, 0x0, 0x7f, 0xfe, 0x0, 0x0, 0x7f, 0xff,
    0x0, 0x0, 0x7f, 0xff, 0x0, 0x0, 0x7f, 0xff,
    0x0, 0x0, 0x7f, 0xff, 0x0, 0x0, 0x7f, 0xff,
    0x0, 0x0, 0x7f, 0xfe, 0x0, 0x0, 0x7f, 0xfe,
    0x0, 0x0, 0x7f, 0xfe, 0x0, 0x0, 0xff, 0xfe,
    0x0, 0x0, 0xff, 0xfe, 0x0, 0x0, 0xff, 0xfc,
    0x0, 0x1, 0xff, 0xfc, 0x0, 0x1, 0xff, 0xf8,
    0x0, 0x1, 0xff, 0xf8, 0x0, 0x3, 0xff, 0xf0,
    0x0, 0x7, 0xff, 0xf0, 0x0, 0x7, 0xff, 0xe0,
    0x0, 0xf, 0xff, 0xc0, 0x0, 0x1f, 0xff, 0xc0,
    0x0, 0x3f, 0xff, 0x80, 0x0, 0x7f, 0xff, 0x0,
    0x0, 0xff, 0xfe, 0x0, 0x1, 0xff, 0xf8, 0x0,
    0x7, 0xff, 0xf0, 0x0, 0x1f, 0xff, 0xc0, 0x0,
    0x7f, 0xfe, 0x0, 0x0, 0x3, 0xc0, 0x0, 0x0,
    0x0, 0x0, 0x0, 0x0,

    /* U+F0F8D "󰾍" */
    0xff, 0xff, 0xf8, 0x1f, 0xff, 0xff, 0xff, 0xff,
    0xf8, 0x1f, 0xff, 0xff, 0xff, 0xff, 0xf8, 0x1f,
    0xff, 0xff, 0xff, 0xff, 0xf8, 0x1f, 0xff, 0xff,
    0xff, 0xff, 0xf8, 0x1f, 0xff, 0xff, 0xff, 0xff,
    0xf8, 0x1f, 0xff, 0xff, 0xff, 0xff, 0xf8, 0x1f,
    0xff, 0xff, 0xff, 0xff, 0xf8, 0x1f, 0xff, 0xff,
    0xff, 0xff, 0xf8, 0x1f, 0xff, 0xff, 0xff, 0xff,
    0xf8, 0x1f, 0xff, 0xff, 0xff, 0xff, 0xf8, 0x1f,
    0xff, 0xff, 0xff, 0xff, 0xf8, 0x1f, 0xff, 0xff,
    0xff, 0xff, 0xf8, 0x1f, 0xff, 0xff, 0xff, 0xff,
    0xf8, 0x1f, 0xff, 0xff, 0xff, 0xff, 0xf8, 0x1f,
    0xff, 0xff, 0xff, 0xff, 0xf8, 0x1f, 0xff, 0xff,
    0xff, 0xff, 0xf8, 0x1f, 0xff, 0xff, 0xff, 0xff,
    0xf8, 0x1f, 0xff, 0xff, 0xff, 0xff, 0xf8, 0x1f,
    0xff, 0xff, 0xff, 0xff, 0xf8, 0x1f, 0xff, 0xff,
    0xff, 0xff, 0xf8, 0x1f, 0xff, 0xff, 0x0, 0x0,
    0x0, 0x0, 0x0, 0x0, 0x0, 0x0, 0x0, 0x0,
    0x0, 0x0, 0x0, 0x0, 0x0, 0x0, 0x0, 0x0,
    0x0, 0x0, 0x0, 0x0, 0x0, 0x0, 0x0, 0x0,
    0x0, 0x0, 0x0, 0x0, 0xff, 0xff, 0xf8, 0x0,
    0x3f, 0x0, 0xff, 0xff, 0xf8, 0x0, 0x3f, 0x0,
    0xff, 0xff, 0xf8, 0x0, 0x3f, 0x0, 0xff, 0xff,
    0xf8, 0x0, 0x3f, 0x0, 0xff, 0xff, 0xf8, 0x0,
    0x3f, 0x0, 0xff, 0xff, 0xf8, 0x0, 0x3f, 0x0,
    0xff, 0xff, 0xf8, 0x0, 0x3f, 0x0, 0xff, 0xff,
    0xf8, 0x0, 0x3f, 0x0, 0xff, 0xff, 0xf8, 0x3f,
    0xff, 0xff, 0xff, 0xff, 0xf8, 0x3f, 0xff, 0xff,
    0xff, 0xff, 0xf8, 0x3f, 0xff, 0xff, 0xff, 0xff,
    0xf8, 0x3f, 0xff, 0xff, 0xff, 0xff, 0xf8, 0x3f,
    0xff, 0xff, 0xff, 0xff, 0xf8, 0x0, 0x3f, 0x0,
    0xff, 0xff, 0xf8, 0x0, 0x3f, 0x0, 0xff, 0xff,
    0xf8, 0x0, 0x3f, 0x0, 0xff, 0xff, 0xf8, 0x0,
    0x3f, 0x0, 0xff, 0xff, 0xf8, 0x0, 0x3f, 0x0,
    0xff, 0xff, 0xf8, 0x0, 0x3f, 0x0, 0xff, 0xff,
    0xf8, 0x0, 0x3f, 0x0, 0xff, 0xff, 0xf8, 0x0,
    0x3f, 0x0,

    /* U+F1012 "󱀒" */
    0x0, 0x0, 0x0, 0xff, 0xff, 0xc0, 0x0, 0x0,
    0xf, 0xff, 0xff, 0xf8, 0x0, 0x0, 0x1f, 0xff,
    0xff, 0xfe, 0x0, 0x0, 0x3f, 0xff, 0xff, 0xfe,
    0x0, 0x0, 0x7f, 0xff, 0xff, 0xff, 0x0, 0x0,
    0x7f, 0xff, 0xff, 0xff, 0x0, 0x0, 0x7f, 0xff,
    0xff, 0xff, 0xf, 0x80, 0x7c, 0x0, 0x0, 0xf,
    0x3f, 0xc0, 0x7c, 0x0, 0x0, 0xf, 0x7f, 0xe0,
    0x7c, 0x0, 0x0, 0xf, 0x7f, 0xf0, 0x7c, 0x0,
    0x0, 0xf, 0xff, 0xf0, 0x7c, 0x0, 0x0, 0xf,
    0xff, 0xf0, 0x7c, 0x0, 0x0, 0xf, 0xff, 0xf0,
    0x7c, 0x0, 0x0, 0xf, 0xff, 0xf0, 0x7c, 0x0,
    0x0, 0xf, 0xff, 0xf0, 0x7c, 0x0, 0x0, 0xf,
    0x7f, 0xe0, 0x7c, 0x0, 0x0, 0xf, 0x3f, 0xc0,
    0x7f, 0xff, 0xff, 0xff, 0x1f, 0x80, 0x7f, 0xff,
    0xff, 0xff, 0x6, 0x0, 0x7f, 0xff, 0xff, 0xff,
    0x6, 0x0, 0x7f, 0xff, 0xff, 0xff, 0x6, 0x0,
    0x7f, 0xff, 0xff, 0xff, 0x6, 0x0, 0x7f, 0xff,
    0xff, 0xff, 0x6, 0x0, 0x7f, 0xff, 0xff, 0xff,
    0x6, 0x0, 0x7e, 0x3f, 0xff, 0x1f, 0x6, 0x0,
    0x7c, 0x1f, 0xfe, 0x1f, 0x6, 0x0, 0x7c, 0x1f,
    0xfe, 0xf, 0x6, 0x0, 0x7c, 0x1f, 0xfe, 0x1f,
    0x6, 0x0, 0x7e, 0x3f, 0xff, 0x1f, 0x6, 0x0,
    0x7f, 0xff, 0xff, 0xff, 0x6, 0x0, 0x7f, 0xff,
    0xff, 0xff, 0x6, 0x0, 0x3f, 0xff, 0xff, 0xff,
    0x6, 0x0, 0x3f, 0xff, 0xff, 0xfe, 0x6, 0x0,
    0x1f, 0xff, 0xff, 0xfc, 0x6, 0x0, 0x1f, 0x80,
    0x0, 0x7c, 0x6, 0x0, 0x1f, 0x80, 0x0, 0x7c,
    0x6, 0x0, 0x1f, 0x80, 0x0, 0x7c, 0x6, 0x0,
    0xf, 0x0, 0x0, 0x7c,

    /* U+F10C2 "󱃂" */
    0x0, 0x3e, 0x0, 0x0, 0x7f, 0xc0, 0x0, 0x7f,
    0xf0, 0x0, 0x7f, 0xfc, 0x0, 0x7e, 0x3e, 0x0,
    0x3e, 0xf, 0x80, 0x1f, 0x7, 0xc0, 0xf, 0xff,
    0xe0, 0x7, 0xff, 0xf0, 0x3, 0xff, 0xf8, 0x1,
    0xff, 0xfc, 0x0, 0xff, 0xfe, 0x0, 0x7f, 0xff,
    0x0, 0x3f, 0xff, 0x80, 0x1f, 0xff, 0xc0, 0xf,
    0xff, 0xe0, 0x7, 0xff, 0xf0, 0x3, 0xff, 0xf8,
    0x1, 0xff, 0xfc, 0x0, 0xff, 0xfe, 0x0, 0x7f,
    0xff, 0x0, 0x3f, 0xff, 0x80, 0x1f, 0xff, 0xc0,
    0xf, 0xff, 0xe0, 0x7, 0xff, 0xf0, 0x3, 0xff,
    0xf8, 0x1, 0xff, 0xfc, 0x1, 0xff, 0xff, 0x1,
    0xff, 0xff, 0xc1, 0xff, 0xff, 0xf1, 0xff, 0xff,
    0xfc, 0xff, 0xff, 0xfe, 0x7f, 0xff, 0xff, 0x7f,
    0xff, 0xff, 0xff, 0xff, 0xff, 0xff, 0xff, 0xff,
    0xff, 0xff, 0xff, 0xff, 0xff, 0xff, 0xff, 0xff,
    0xff, 0xfc, 0xff, 0xff, 0xfe, 0x7f, 0xff, 0xff,
    0x1f, 0xff, 0xff, 0xf, 0xff, 0xff, 0x83, 0xff,
    0xff, 0x80, 0xff, 0xff, 0x80, 0x3f, 0xff, 0x80,
    0x7, 0xff, 0x0, 0x0, 0xfe, 0x0,

    /* U+F10C3 "󱃃" */
    0x0, 0x3e, 0x0, 0x0, 0x7f, 0xc0, 0x0, 0x7f,
    0xf0, 0x0, 0x7f, 0xfc, 0x0, 0x7e, 0x3e, 0x0,
    0x3e, 0xf, 0x80, 0x1f, 0x7, 0xc0, 0xf, 0x83,
    0xe0, 0x7, 0xc1, 0xf0, 0x3, 0xe0, 0xf8, 0x1,
    0xf0, 0x7c, 0x0, 0xf8, 0x3e, 0x0, 0x7c, 0x1f,
    0x0, 0x3e, 0xf, 0x80, 0x1f, 0x7, 0xc0, 0xf,
    0x83, 0xe0, 0x7, 0xc1, 0xf0, 0x3, 0xe0, 0xf8,
    0x1, 0xf0, 0x7c, 0x0, 0xf8, 0x3e, 0x0, 0x7c,
    0x1f, 0x0, 0x3e, 0xf, 0x80, 0x1f, 0x7, 0xc0,
    0xf, 0x83, 0xe0, 0x7, 0xff, 0xf0, 0x3, 0xff,
    0xf8, 0x1, 0xff, 0xfc, 0x1, 0xff, 0xff, 0x1,
    0xff, 0xff, 0xc1, 0xff, 0xff, 0xf0, 0xff, 0xff,
    0xf8, 0xff, 0xff, 0xfe, 0x7f, 0xff, 0xff, 0x7f,
    0xff, 0xff, 0xff, 0xff, 0xff, 0xff, 0xff, 0xff,
    0xff, 0xff, 0xff, 0xff, 0xff, 0xff, 0xff, 0xff,
    0xff, 0xfe, 0xff, 0xff, 0xfe, 0x7f, 0xff, 0xff,
    0x1f, 0xff, 0xff, 0xf, 0xff, 0xff, 0x83, 0xff,
    0xff, 0x80, 0xff, 0xff, 0x80, 0x3f, 0xff, 0x80,
    0x7, 0xff, 0x0, 0x0, 0xfe, 0x0,

    /* U+F11D9 "󱇙" */
    0xff, 0xff, 0xf8, 0x1f, 0xff, 0xff, 0xff, 0xff,
    0xf8, 0x1f, 0xff, 0xff, 0xff, 0xff, 0xf8, 0x1f,
    0xff, 0xff, 0xff, 0xff, 0xf8, 0x1f, 0xff, 0xff,
    0xff, 0xff, 0xf8, 0x1f, 0xff, 0xff, 0xf8, 0x0,
    0xf8, 0x1f, 0x0, 0x1f, 0xf8, 0x0, 0xf8, 0x1f,
    0x0, 0x1f, 0xf8, 0x0, 0xf8, 0x1f, 0x0, 0x1f,
    0xf8, 0x0, 0xf8, 0x1f, 0x0, 0x1f, 0xf8, 0x0,
    0xf8, 0x1f, 0x0, 0x1f, 0xf8, 0x0, 0xf8, 0x1f,
    0x0, 0x1f, 0xf8, 0x0, 0xf8, 0x1f, 0x0, 0x1f,
    0xf8, 0x0, 0xf8, 0x1f, 0x0, 0x1f, 0xf8, 0x0,
    0xf8, 0x1f, 0x0, 0x1f, 0xf8, 0x0, 0xf8, 0x1f,
    0x0, 0x1f, 0xf8, 0x0, 0xf8, 0x1f, 0x0, 0x1f,
    0xff, 0xff, 0xf8, 0x1f, 0xff, 0xff, 0xff, 0xff,
    0xf8, 0x1f, 0xff, 0xff, 0xff, 0xff, 0xf8, 0x1f,
    0xff, 0xff, 0xff, 0xff, 0xf8, 0x1f, 0xff, 0xff,
    0xff, 0xff, 0xf8, 0x1f, 0xff, 0xff, 0x0, 0x0,
    0x0, 0x0, 0x0, 0x0, 0x0, 0x0, 0x0, 0x0,
    0x0, 0x0, 0x0, 0x0, 0x0, 0x0, 0x0, 0x0,
    0x0, 0x0, 0x0, 0x0, 0x0, 0x0, 0x0, 0x0,
    0x0, 0x0, 0x0, 0x0, 0xff, 0xff, 0xf8, 0x1f,
    0xff, 0xff, 0xff, 0xff, 0xf8, 0x1f, 0xff, 0xff,
    0xff, 0xff, 0xf8, 0x1f, 0xff, 0xff, 0xff, 0xff,
    0xf8, 0x1f, 0xff, 0xff, 0xff, 0xff, 0xf8, 0x1f,
    0xff, 0xff, 0xf8, 0x0, 0xf8, 0x1f, 0x0, 0x1f,
    0xf8, 0x0, 0xf8, 0x1f, 0x0, 0x1f, 0xf8, 0x0,
    0xf8, 0x1f, 0x0, 0x1f, 0xf8, 0x0, 0xf8, 0x1f,
    0x0, 0x1f, 0xf8, 0x0, 0xf8, 0x1f, 0x0, 0x1f,
    0xf8, 0x0, 0xf8, 0x1f, 0x0, 0x1f, 0xf8, 0x0,
    0xf8, 0x1f, 0x0, 0x1f, 0xf8, 0x0, 0xf8, 0x1f,
    0x0, 0x1f, 0xf8, 0x0, 0xf8, 0x1f, 0x0, 0x1f,
    0xf8, 0x0, 0xf8, 0x1f, 0x0, 0x1f, 0xf8, 0x0,
    0xf8, 0x1f, 0x0, 0x1f, 0xff, 0xff, 0xf8, 0x1f,
    0xff, 0xff, 0xff, 0xff, 0xf8, 0x1f, 0xff, 0xff,
    0xff, 0xff, 0xf8, 0x1f, 0xff, 0xff, 0xff, 0xff,
    0xf8, 0x1f, 0xff, 0xff, 0xff, 0xff, 0xf8, 0x1f,
    0xff, 0xff,

    /* U+F11DA "󱇚" */
    0xff, 0xff, 0xf8, 0x1f, 0xff, 0xff, 0xff, 0xff,
    0xf8, 0x1f, 0xff, 0xff, 0xff, 0xff, 0xf8, 0x1f,
    0xff, 0xff, 0xff, 0xff, 0xf8, 0x1f, 0xff, 0xff,
    0xff, 0xff, 0xf8, 0x1f, 0xff, 0xff, 0xf8, 0x0,
    0xf8, 0x1f, 0x0, 0x1f, 0xf8, 0x0, 0xf8, 0x1f,
    0x0, 0x1f, 0xf8, 0x0, 0xf8, 0x1f, 0x0, 0x1f,
    0xf8, 0x0, 0xf8, 0x1f, 0x0, 0x1f, 0xf8, 0x0,
    0xf8, 0x1f, 0x0, 0x1f, 0xf8, 0x0, 0xf8, 0x1f,
    0x0, 0x1f, 0xf8, 0x0, 0xf8, 0x1f, 0x0, 0x1f,
    0xf8, 0x0, 0xf8, 0x1f, 0x0, 0x1f, 0xf8, 0x0,
    0xf8, 0x1f, 0x0, 0x1f, 0xf8, 0x0, 0xf8, 0x1f,
    0x0, 0x1f, 0xf8, 0x0, 0xf8, 0x1f, 0x0, 0x1f,
    0xff, 0xff, 0xf8, 0x1f, 0xff, 0xff, 0xff, 0xff,
    0xf8, 0x1f, 0xff, 0xff, 0xff, 0xff, 0xf8, 0x1f,
    0xff, 0xff, 0xff, 0xff, 0xf8, 0x1f, 0xff, 0xff,
    0xff, 0xff, 0xf8, 0x1f, 0xff, 0xff, 0x0, 0x0,
    0x0, 0x0, 0x0, 0x0, 0x0, 0x0, 0x0, 0x0,
    0x0, 0x0, 0x0, 0x0, 0x0, 0x0, 0x0, 0x0,
    0x0, 0x0, 0x0, 0x0, 0x0, 0x0, 0x0, 0x0,
    0x0, 0x0, 0x0, 0x0, 0xff, 0xff, 0xf8, 0x0,
    0x3f, 0x0, 0xff, 0xff, 0xf8, 0x0, 0x3f, 0x0,
    0xff, 0xff, 0xf8, 0x0, 0x3f, 0x0, 0xff, 0xff,
    0xf8, 0x0, 0x3f, 0x0, 0xff, 0xff, 0xf8, 0x0,
    0x3f, 0x0, 0xf8, 0x0, 0xf8, 0x0, 0x3f, 0x0,
    0xf8, 0x0, 0xf8, 0x0, 0x3f, 0x0, 0xf8, 0x0,
    0xf8, 0x0, 0x3f, 0x0, 0xf8, 0x0, 0xf8, 0x3f,
    0xff, 0xff, 0xf8, 0x0, 0xf8, 0x3f, 0xff, 0xff,
    0xf8, 0x0, 0xf8, 0x3f, 0xff, 0xff, 0xf8, 0x0,
    0xf8, 0x3f, 0xff, 0xff, 0xf8, 0x0, 0xf8, 0x3f,
    0xff, 0xff, 0xf8, 0x0, 0xf8, 0x0, 0x3f, 0x0,
    0xf8, 0x0, 0xf8, 0x0, 0x3f, 0x0, 0xf8, 0x0,
    0xf8, 0x0, 0x3f, 0x0, 0xff, 0xff, 0xf8, 0x0,
    0x3f, 0x0, 0xff, 0xff, 0xf8, 0x0, 0x3f, 0x0,
    0xff, 0xff, 0xf8, 0x0, 0x3f, 0x0, 0xff, 0xff,
    0xf8, 0x0, 0x3f, 0x0, 0xff, 0xff, 0xf8, 0x0,
    0x3f, 0x0,

    /* U+F1212 "󱈒" */
    0x0, 0x3f, 0xff, 0xf0, 0x0, 0x0, 0x3f, 0xff,
    0xff, 0xf8, 0x0, 0xf, 0xff, 0xff, 0xff, 0xe0,
    0x3, 0xff, 0xff, 0xff, 0xff, 0x80, 0x3f, 0xff,
    0xff, 0xff, 0xf8, 0x7, 0xff, 0xff, 0xff, 0xff,
    0xc0, 0xff, 0xff, 0xff, 0xff, 0xfe, 0xf, 0xff,
    0xff, 0xff, 0xff, 0xe0, 0xff, 0xff, 0xff, 0xff,
    0xfe, 0xf, 0x80, 0x0, 0x0, 0x3, 0xe0, 0xf8,
    0x0, 0x0, 0x0, 0x3e, 0xf, 0x80, 0x0, 0x0,
    0x3, 0xe0, 0xf8, 0x0, 0x0, 0x0, 0x3e, 0xf,
    0x80, 0x0, 0x0, 0x3, 0xe0, 0xf8, 0x0, 0x0,
    0x0, 0x3e, 0xf, 0x80, 0x0, 0x0, 0x3, 0xe0,
    0xf8, 0x0, 0x0, 0x0, 0x3e, 0xf, 0x80, 0x0,
    0x0, 0x3, 0xe0, 0xf8, 0x0, 0x0, 0x0, 0x3e,
    0xf, 0x80, 0x0, 0x0, 0x0, 0x0, 0xf8, 0x0,
    0x0, 0x0, 0x0, 0xf, 0x80, 0x0, 0x0, 0x0,
    0x0, 0xff, 0xff, 0xff, 0xc0, 0x0, 0xf, 0xff,
    0xff, 0xf8, 0x0, 0x0, 0xff, 0xff, 0xff, 0x0,
    0xfc, 0xf, 0xff, 0xff, 0xf0, 0x3f, 0xf0, 0xff,
    0xff, 0xfe, 0x7, 0xff, 0x8f, 0xff, 0xff, 0xe0,
    0xff, 0xfc, 0xff, 0xff, 0xfc, 0x1f, 0xff, 0xef,
    0xe3, 0xff, 0xc3, 0xff, 0xfe, 0xfc, 0x1f, 0xfc,
    0x3f, 0x87, 0xff, 0x80, 0xff, 0xc3, 0xf0, 0x3f,
    0xf8, 0xf, 0xfc, 0x3f, 0x3, 0xff, 0x80, 0xff,
    0xc3, 0xf0, 0x3f, 0xfc, 0x1f, 0xfc, 0x3f, 0x83,
    0xef, 0xe3, 0xff, 0xc1, 0xff, 0xfe, 0x7f, 0xff,
    0xfe, 0x1f, 0xff, 0xe3, 0xff, 0xff, 0xe0, 0xff,
    0xfc, 0x1f, 0xff, 0xfe, 0xf, 0xff, 0xc1, 0xff,
    0xff, 0xf0, 0x7f, 0xf8, 0x1f, 0xc0, 0x0, 0x3,
    0xff, 0x1, 0xfc, 0x0, 0x0, 0x3f, 0xf0, 0x1f,
    0xc0, 0x0, 0x1, 0xfe, 0x1, 0xf8, 0x0, 0x0,
    0xf, 0xc0, 0xf, 0x80, 0x0, 0x0, 0x7c, 0x0,
    0x0, 0x0, 0x0, 0x3, 0x80, 0x0, 0x0, 0x0,
    0x0, 0x10, 0x0,

    /* U+F12D3 "󱋓" */
    0x0, 0x0, 0x0, 0x0, 0x0, 0x0, 0x0, 0x0,
    0x7, 0xe0, 0x0, 0x0, 0x0, 0x0, 0x1f, 0xf8,
    0x0, 0x0, 0x0, 0x0, 0xff, 0xff, 0x0, 0x0,
    0x0, 0x3, 0xff, 0xff, 0xc0, 0x0, 0x0, 0x1f,
    0xff, 0xff, 0xf8, 0x0, 0x0, 0x7f, 0xff, 0xff,
    0xfe, 0x0, 0x3, 0xff, 0xff, 0xff, 0xff, 0xc0,
    0xf, 0xff, 0xff, 0xff, 0xff, 0xf0, 0x7f, 0xff,
    0xff, 0xff, 0xff, 0xfe, 0xff, 0xff, 0xff, 0xff,
    0xff, 0xff, 0xff, 0xff, 0xff, 0xff, 0xff, 0xff,
    0xff, 0xff, 0xff, 0xff, 0xff, 0xff, 0xff, 0xff,
    0xff, 0xff, 0xff, 0xff, 0xff, 0xff, 0xff, 0xff,
    0xff, 0xff, 0xf8, 0x0, 0x0, 0x0, 0x0, 0x1f,
    0xf8, 0x0, 0x0, 0x0, 0x0, 0x1f, 0xf9, 0xff,
    0xff, 0xff, 0xff, 0x9f, 0xf9, 0xff, 0xff, 0xff,
    0xff, 0x9f, 0xf9, 0xff, 0xff, 0xff, 0xff, 0x9f,
    0xf9, 0xff, 0xff, 0xff, 0xff, 0x9f, 0xf9, 0xff,
    0xff, 0xff, 0xff, 0x9f, 0xf8, 0x0, 0x0, 0x0,
    0x0, 0x1f, 0xf8, 0x0, 0x0, 0x0, 0x0, 0x1f,
    0xf9, 0xff, 0xff, 0xff, 0xff, 0x9f, 0xf9, 0xff,
    0xff, 0xff, 0xff, 0x9f, 0xf9, 0xff, 0xff, 0xff,
    0xff, 0x9f, 0xf9, 0xff, 0xff, 0xff, 0xff, 0x9f,
    0xf9, 0xff, 0xff, 0xff, 0xff, 0x9f, 0xf9, 0xff,
    0xff, 0xff, 0xff, 0x9f, 0xf8, 0x0, 0x0, 0x0,
    0x0, 0x1f, 0xf8, 0x0, 0x0, 0x0, 0x0, 0x1f,
    0xf9, 0xff, 0xff, 0xff, 0xff, 0x9f, 0xf9, 0xff,
    0xff, 0xff, 0xff, 0x9f, 0xf9, 0xff, 0xff, 0xff,
    0xff, 0x9f, 0xf9, 0xff, 0xff, 0xff, 0xff, 0x9f,
    0xf9, 0xff, 0xff, 0xff, 0xff, 0x9f,

    /* U+F12D4 "󱋔" */
    0x0, 0x0, 0x3, 0xc0, 0x0, 0x0, 0x0, 0x0,
    0x1f, 0xf8, 0x0, 0x0, 0x0, 0x0, 0x7f, 0xfe,
    0x0, 0x0, 0x0, 0x3, 0xff, 0xff, 0xc0, 0x0,
    0x0, 0xf, 0xff, 0xff, 0xf0, 0x0, 0x0, 0x7f,
    0xff, 0xff, 0xfe, 0x0, 0x1, 0xff, 0xff, 0xff,
    0xff, 0x80, 0xf, 0xff, 0xff, 0xff, 0xff, 0xf0,
    0x3f, 0xff, 0xff, 0xff, 0xff, 0xfc, 0xff, 0xff,
    0xff, 0xff, 0xff, 0xff, 0xff, 0xff, 0xff, 0xff,
    0xff, 0xff, 0xff, 0xff, 0xff, 0xff, 0xff, 0xff,
    0xff, 0xff, 0xff, 0xff, 0xff, 0xff, 0xff, 0xff,
    0xff, 0xff, 0xff, 0xff, 0xf8, 0x0, 0x0, 0x0,
    0x0, 0x1f, 0xf8, 0x0, 0x0, 0x0, 0x0, 0x1f,
    0xf9, 0xff, 0xff, 0xff, 0xff, 0x9f, 0xf9, 0xff,
    0xff, 0xff, 0xff, 0x9f, 0xf9, 0xff, 0xff, 0xff,
    0xff, 0x9f, 0xf9, 0xff, 0xff, 0xff, 0xff, 0x9f,
    0xf9, 0xff, 0xff, 0xff, 0xff, 0x9f, 0xf8, 0x0,
    0x0, 0x0, 0x0, 0x1f, 0xf8, 0x0, 0x0, 0x0,
    0x0, 0x1f, 0xf8, 0x0, 0x0, 0x0, 0x0, 0x1f,
    0xf8, 0x0, 0x0, 0x0, 0x0, 0x1f, 0xf8, 0x0,
    0x0, 0x0, 0x0, 0x1f, 0xf8, 0x0, 0x0, 0x0,
    0x0, 0x1f, 0xf8, 0x0, 0x0, 0x0, 0x0, 0x1f,
    0xf8, 0x0, 0x0, 0x0, 0x0, 0x1f, 0xf8, 0x0,
    0x0, 0x0, 0x0, 0x1f, 0xf8, 0x0, 0x0, 0x0,
    0x0, 0x1f, 0xf8, 0x0, 0x0, 0x0, 0x0, 0x1f,
    0xf8, 0x0, 0x0, 0x0, 0x0, 0x1f, 0xf8, 0x0,
    0x0, 0x0, 0x0, 0x1f, 0xf8, 0x0, 0x0, 0x0,
    0x0, 0x1f, 0xf8, 0x0, 0x0, 0x0, 0x0, 0x1f,

    /* U+F140B "󱐋" */
    0x0, 0x0, 0x0, 0x0, 0x0, 0x80, 0x0, 0x0,
    0x20, 0x0, 0x0, 0x18, 0x0, 0x0, 0x6, 0x0,
    0x0, 0x3, 0x80, 0x0, 0x0, 0xe0, 0x0, 0x0,
    0x78, 0x0, 0x0, 0x1e, 0x0, 0x0, 0xf, 0x80,
    0x0, 0x3, 0xe0, 0x0, 0x1, 0xf8, 0x0, 0x0,
    0x7e, 0x0, 0x0, 0x3f, 0x80, 0x0, 0xf, 0xe0,
    0x0, 0x7, 0xf8, 0x0, 0x1, 0xfe, 0x0, 0x0,
    0xff, 0xff, 0xf0, 0x3f, 0xff, 0xf8, 0x1f, 0xff,
    0xfe, 0x7, 0xff, 0xff, 0x3, 0xff, 0xff, 0xc0,
    0xff, 0xff, 0xe0, 0x7f, 0xff, 0xf8, 0x1f, 0xff,
    0xfc, 0xf, 0xff, 0xff, 0x3, 0xff, 0xff, 0x81,
    0xff, 0xff, 0xe0, 0x7f, 0xff, 0xf0, 0x3f, 0xff,
    0xfc, 0x0, 0x1, 0xfe, 0x0, 0x0, 0x7f, 0x80,
    0x0, 0x1f, 0xc0, 0x0, 0x7, 0xf0, 0x0, 0x1,
    0xf8, 0x0, 0x0, 0x7e, 0x0, 0x0, 0x1f, 0x0,
    0x0, 0x7, 0xc0, 0x0, 0x1, 0xe0, 0x0, 0x0,
    0x78, 0x0, 0x0, 0x1c, 0x0, 0x0, 0x7, 0x0,
    0x0, 0x1, 0x80, 0x0, 0x0, 0x60, 0x0, 0x0,
    0x10, 0x0, 0x0, 0x4, 0x0, 0x0, 0x2, 0x0,
    0x0, 0x0, 0x0, 0x0,

    /* U+F1489 "󱒉" */
    0xff, 0xff, 0xff, 0xff, 0xff, 0xff, 0xff, 0xff,
    0xff, 0xff, 0xff, 0xff, 0xff, 0xff, 0xff, 0xff,
    0xff, 0xff, 0xff, 0xff, 0xff, 0xff, 0xff, 0xff,
    0xf8, 0x3, 0xe0, 0x7, 0xc0, 0x1f, 0xf8, 0x3,
    0xe0, 0x7, 0xc0, 0x1f, 0xf8, 0x3, 0xe0, 0x7,
    0xc0, 0x1f, 0xf8, 0x3, 0xe0, 0x7, 0xc0, 0x1f,
    0xf8, 0x3, 0xe0, 0x7, 0xc0, 0x1f, 0xf8, 0x3,
    0xe0, 0x7, 0xc0, 0x1f, 0xf8, 0x3, 0xe0, 0x7,
    0xc0, 0x1f, 0xf8, 0x3, 0xe0, 0x7, 0xc0, 0x1f,
    0xf8, 0x3, 0xff, 0xff, 0xc0, 0x1f, 0xf8, 0x3,
    0xff, 0xff, 0xc0, 0x1f, 0xf8, 0x3, 0xff, 0xff,
    0xc0, 0x1f, 0xf8, 0x3, 0xff, 0xff, 0xc0, 0x1f,
    0xf8, 0x3, 0xff, 0xff, 0xc0, 0x1f, 0xf8, 0x3,
    0xe0, 0x7, 0xff, 0xff, 0xf8, 0x3, 0xe0, 0x7,
    0xff, 0xff, 0xf8, 0x3, 0xe0, 0x7, 0xff, 0xff,
    0xf8, 0x3, 0xe0, 0x7, 0xff, 0xff, 0xf8, 0x3,
    0xe0, 0x7, 0xff, 0xff, 0xf8, 0x3, 0xe0, 0x7,
    0xc0, 0x1f, 0xf8, 0x3, 0xe0, 0x7, 0xc0, 0x1f,
    0xf8, 0x3, 0xe0, 0x7, 0xc0, 0x1f, 0xf8, 0x3,
    0xe0, 0x7, 0xc0, 0x1f, 0xf8, 0x3, 0xe0, 0x7,
    0xc0, 0x1f, 0xf8, 0x3, 0xe0, 0x7, 0xc0, 0x1f,
    0xf8, 0x3, 0xe0, 0x7, 0xc0, 0x1f, 0xff, 0xff,
    0xff, 0xff, 0xff, 0xff, 0xff, 0xff, 0xff, 0xff,
    0xff, 0xff, 0xff, 0xff, 0xff, 0xff, 0xff, 0xff,
    0xff, 0xff, 0xff, 0xff, 0xff, 0xff,

    /* U+F16B5 "󱚵" */
    0x0, 0x0, 0x7f, 0xff, 0x0, 0x0, 0x0, 0x7,
    0xff, 0xff, 0xf0, 0x0, 0x0, 0x3f, 0xff, 0xff,
    0xfe, 0x0, 0x1, 0xff, 0xff, 0xff, 0xff, 0xc0,
    0x7, 0xff, 0xff, 0xff, 0xfc, 0x20, 0xf, 0xff,
    0xff, 0xff, 0xfc, 0x0, 0x3f, 0xff, 0xff, 0xff,
    0xfc, 0x0, 0xff, 0xff, 0x80, 0x0, 0xfc, 0x0,
    0xff, 0xfc, 0x0, 0x0, 0x1c, 0x0, 0x7f, 0xe0,
    0x0, 0x0, 0x0, 0x1f, 0x7f, 0x80, 0x0, 0x0,
    0x0, 0x1f, 0x3e, 0x0, 0x0, 0x0, 0x0, 0x1f,
    0x18, 0x0, 0x0, 0x0, 0x0, 0x1f, 0x0, 0x0,
    0x0, 0x0, 0x0, 0x1f, 0x0, 0x0, 0x3f, 0xfe,
    0x0, 0x1f, 0x0, 0x1, 0xff, 0xff, 0xc0, 0x1f,
    0x0, 0xf, 0xff, 0xff, 0xf0, 0x1f, 0x0, 0x1f,
    0xff, 0xff, 0xfc, 0x1f, 0x0, 0x7f, 0xff, 0xff,
    0xfc, 0x1f, 0x0, 0xff, 0xff, 0xff, 0xfc, 0x1f,
    0x0, 0x7f, 0xff, 0xff, 0xfc, 0x1f, 0x0, 0x7f,
    0xe0, 0x3, 0xfc, 0x1f, 0x0, 0x3f, 0x0, 0x0,
    0x7c, 0x1f, 0x0, 0x1c, 0x0, 0x0, 0x1c, 0x0,
    0x0, 0x8, 0x0, 0x0, 0x8, 0x0, 0x0, 0x0,
    0x0, 0x0, 0x0, 0x0, 0x0, 0x0, 0x0, 0x0,
    0x0, 0x0, 0x0, 0x0, 0x0, 0x0, 0x0, 0x0,
    0x0, 0x0, 0x7, 0xf0, 0x0, 0x1f, 0x0, 0x0,
    0x3f, 0xfe, 0x0, 0x1f, 0x0, 0x0, 0xff, 0xff,
    0x80, 0x1f, 0x0, 0x0, 0x7f, 0xff, 0x0, 0x1f,
    0x0, 0x0, 0x3f, 0xfe, 0x0, 0x0, 0x0, 0x0,
    0x3f, 0xfc, 0x0, 0x0, 0x0, 0x0, 0x1f, 0xfc,
    0x0, 0x0, 0x0, 0x0, 0xf, 0xf8, 0x0, 0x0,
    0x0, 0x0, 0x7, 0xf0, 0x0, 0x0, 0x0, 0x0,
    0x3, 0xe0, 0x0, 0x0, 0x0, 0x0, 0x3, 0xe0,
    0x0, 0x0, 0x0, 0x0, 0x1, 0xc0, 0x0, 0x0,
    0x0, 0x0, 0x0, 0x80, 0x0, 0x0,

    /* U+F16BD "󱚽" */
    0x0, 0x0, 0x7f, 0xfe, 0x0, 0x0, 0x0, 0x7,
    0xff, 0xff, 0xe0, 0x0, 0x0, 0x7f, 0xff, 0xff,
    0xfc, 0x0, 0x1, 0xff, 0xff, 0xff, 0xff, 0x80,
    0x7, 0xff, 0xff, 0xff, 0xff, 0xe0, 0x1f, 0xff,
    0xff, 0xff, 0xff, 0xf8, 0x7f, 0xff, 0xc0, 0x3,
    0xff, 0xfe, 0xff, 0xfc, 0x0, 0x0, 0x3f, 0xff,
    0x7f, 0xe0, 0x0, 0x0, 0x7, 0xfe, 0x3f, 0x80,
    0x0, 0x0, 0x1, 0xfc, 0x3e, 0x0, 0x0, 0x0,
    0x0, 0x7c, 0x1c, 0x0, 0x0, 0x0, 0x0, 0x38,
    0x0, 0x0, 0x0, 0x0, 0x0, 0x0, 0x0, 0x0,
    0x3f, 0xfe, 0x0, 0x0, 0x0, 0x3, 0xff, 0xff,
    0xc0, 0x0, 0x0, 0xf, 0xff, 0xff, 0xf0, 0x0,
    0x0, 0x3f, 0xff, 0xff, 0xfc, 0x0, 0x0, 0x7f,
    0xff, 0xff, 0xfe, 0x0, 0x0, 0xff, 0xff, 0xff,
    0xff, 0x0, 0x0, 0x7f, 0xfc, 0x3f, 0xfe, 0x0,
    0x0, 0x3f, 0x80, 0x1, 0xfc, 0x0, 0x0, 0x1e,
    0x0, 0x0, 0x78, 0x0, 0x0, 0x18, 0x0, 0x0,
    0x0, 0x0, 0x0, 0x0, 0x0, 0x0, 0x0, 0x0,
    0x0, 0x0, 0x0, 0x0, 0x0, 0x0, 0x0, 0x0,
    0x0, 0x0, 0x0, 0x0, 0x0, 0x0, 0xf, 0xe0,
    0x0, 0x0, 0x0, 0x0, 0x3f, 0xf8, 0x0, 0x0,
    0x0, 0x0, 0xff, 0xf0, 0x0, 0x8, 0x0, 0x0,
    0x7f, 0xe0, 0x0, 0x1c, 0x0, 0x0, 0x7f, 0xe0,
    0x0, 0x3e, 0x0, 0x0, 0x3f, 0xe0, 0x0, 0x7e,
    0x0, 0x0, 0x1f, 0xc0, 0x0, 0xfc, 0x0, 0x0,
    0xf, 0xc0, 0xc1, 0xf8, 0x0, 0x0, 0xf, 0xc1,
    0xe3, 0xf0, 0x0, 0x0, 0x7, 0xc1, 0xf7, 0xe0,
    0x0, 0x0, 0x3, 0xc0, 0xff, 0xc0, 0x0, 0x0,
    0x1, 0x80, 0x7f, 0x80, 0x0, 0x0, 0x1, 0x80,
    0x3f, 0x0, 0x0, 0x0, 0x0, 0x0, 0x1e, 0x0,
    0x0, 0x0, 0x0, 0x0, 0xc, 0x0, 0x0, 0x0,
    0x0, 0x0, 0x0, 0x0,

    /* U+F1782 "󱞂" */
    0x1f, 0xff, 0xff, 0xfc, 0x0, 0x0, 0x3f, 0xff,
    0xff, 0xff, 0x0, 0x0, 0x1f, 0xff, 0xff, 0xff,
    0xc0, 0x0, 0x1f, 0xff, 0xff, 0xff, 0xf0, 0x0,
    0xf, 0xff, 0xff, 0xfe, 0xfc, 0x0, 0x7, 0xc0,
    0x0, 0x1f, 0x3f, 0x0, 0x3, 0xe0, 0x0, 0xf,
    0x8f, 0xc0, 0x1, 0xf0, 0x0, 0x7, 0xc3, 0xf0,
    0x0, 0xf8, 0x0, 0x3, 0xe0, 0xfc, 0x0, 0x7c,
    0x0, 0x1, 0xf0, 0x3f, 0x0, 0x3e, 0x0, 0x0,
    0xf8, 0xf, 0xc0, 0x1f, 0x0, 0x0, 0x7c, 0x3,
    0xf0, 0xf, 0x80, 0x0, 0x3e, 0x0, 0xfc, 0x7,
    0xc0, 0x0, 0x1f, 0x0, 0x3f, 0x3, 0xe0, 0x0,
    0xf, 0x80, 0xf, 0xc1, 0xf0, 0x0, 0x7, 0xc0,
    0x3, 0xe0, 0xf8, 0x0, 0x3, 0xe0, 0x0, 0xf0,
    0x7c, 0x0, 0x1, 0xff, 0xff, 0xe0, 0x3e, 0x0,
    0x0, 0xff, 0xff, 0xc0, 0x1f, 0x0, 0x0, 0x7f,
    0xff, 0xc0, 0xf, 0x80, 0x0, 0x3f, 0xff, 0xc0,
    0x7, 0xc0, 0x0, 0x1f, 0xff, 0xc0, 0x3, 0xe0,
    0x0, 0x0, 0x0, 0x0, 0x61, 0xf0, 0x0, 0x0,
    0x0, 0x0, 0x78, 0xf8, 0x0, 0x0, 0x0, 0x0,
    0x7e, 0x7c, 0x0, 0x0, 0x0, 0x0, 0x1f, 0xbe,
    0x0, 0x0, 0x0, 0x0, 0x47, 0xff, 0x0, 0x0,
    0x0, 0x0, 0x71, 0xef, 0x80, 0x0, 0x0, 0x0,
    0x7c, 0x67, 0xc0, 0x0, 0x0, 0x0, 0x7f, 0x3,
    0xe0, 0x0, 0x0, 0x0, 0x7f, 0xc1, 0xf0, 0x0,
    0x0, 0x0, 0x7f, 0xe0, 0xf8, 0x0, 0x0, 0x0,
    0x7f, 0xe0, 0x7c, 0x0, 0x0, 0x0, 0x7f, 0xe0,
    0x3e, 0x0, 0x0, 0x0, 0xff, 0xe0, 0x1f, 0x0,
    0x0, 0x0, 0xff, 0xe0, 0xf, 0x80, 0x0, 0x0,
    0xff, 0xe0, 0x7, 0xc0, 0x0, 0x0, 0xff, 0xe0,
    0x3, 0xff, 0xff, 0x80, 0xff, 0xc0, 0x1, 0xff,
    0xff, 0xc0, 0xff, 0xc0, 0x0, 0x7f, 0xff, 0xe0,
    0xff, 0xc0, 0x0, 0x3f, 0xff, 0xf0, 0x7f, 0xc0,
    0x0, 0x7, 0xff, 0xf8, 0x3f, 0xc0, 0x0, 0x0,
    0x0, 0x0, 0x1f, 0xc0, 0x0, 0x0, 0x0, 0x0,
    0xf, 0xc0, 0x0, 0x0,

    /* U+F1947 "󱥇" */
    0xff, 0xff, 0xe0, 0xff, 0xff, 0xe1, 0xff, 0xff,
    0xc1, 0xff, 0xff, 0xc3, 0xff, 0xff, 0x83, 0xff,
    0xff, 0x87, 0xff, 0xff, 0x7, 0xff, 0xff, 0xf,
    0xff, 0xfe, 0xf, 0xff, 0xfe, 0x1f, 0xff, 0xfc,
    0x1f, 0xff, 0xfc, 0x3f, 0xff, 0xf8, 0x3f, 0xff,
    0xf8, 0x7f, 0xff, 0xf0, 0x7f, 0xff, 0xf0, 0xff,
    0xff, 0xe0, 0xff, 0xff, 0xe1, 0xff, 0xff, 0xc1,
    0xff, 0xff, 0xc3, 0xff, 0xff, 0x83, 0xff, 0xff,
    0x87, 0xff, 0xff, 0x7, 0xff, 0xff, 0xf, 0xff,
    0xfe, 0xf, 0xff, 0xfe, 0x1f, 0xff, 0xfc, 0x1f,
    0xff, 0xfc, 0x3f, 0xff, 0xf8, 0x0, 0x0, 0x0,
    0x7f, 0xff, 0xf0, 0x0, 0x0, 0x0, 0xff, 0xff,
    0xe0, 0x0, 0x0, 0x1, 0xff, 0xff, 0xc0, 0x0,
    0x0, 0x3, 0xff, 0xff, 0x80, 0x0, 0x0, 0x7,
    0xff, 0xff, 0x7, 0xff, 0xfe, 0xf, 0xff, 0xfe,
    0xf, 0xff, 0xf0, 0x1f, 0xff, 0xfc, 0x1f, 0xff,
    0x80, 0x3f, 0xff, 0xf8, 0x3f, 0xfe, 0x0, 0x7f,
    0xff, 0xf0, 0x7f, 0xf8, 0x0, 0x0, 0x0, 0x0,
    0xff, 0xe0, 0x30, 0x0, 0x0, 0x1, 0xff, 0x80,
    0xf0, 0x0, 0x0, 0x3, 0xfe, 0x3, 0xf0, 0x0,
    0x0, 0x7, 0xf8, 0x7, 0xf0, 0x0, 0x0, 0xf,
    0xf0, 0x7, 0xff, 0xff, 0xfc, 0x1f, 0xc0, 0xc7,
    0xff, 0xff, 0xf8, 0x3f, 0x3, 0xc7, 0x7f, 0xff,
    0xf0, 0x7c, 0xf, 0xc4, 0xff, 0xff, 0xe0, 0xf0,
    0x3f, 0xc1, 0xff, 0xff, 0xc1, 0xc0, 0xff, 0xc3,
    0xff, 0xff, 0x83, 0x3, 0xff, 0x7, 0xff, 0xff,
    0x4, 0xf, 0xfc, 0xf, 0xff, 0xfe, 0x0, 0x3f,
    0xf0, 0x1f, 0xff, 0xfc, 0x0, 0xff, 0xc0, 0x3f,
    0xff, 0xf8, 0x3, 0xff, 0x0, 0x7f, 0xff, 0xf0,
    0xf, 0xfc, 0x0, 0xff, 0xff, 0xe0, 0x3f, 0xf0,
    0x1, 0xff, 0xff, 0xc0, 0xff, 0xc0, 0x3, 0xff,
    0xff, 0x83, 0xff, 0x0, 0x0, 0x0, 0x0, 0x7,
    0xfc, 0x0, 0x0, 0x0, 0x0, 0xf, 0xf0, 0x0,
    0x0, 0x0, 0x0, 0x1f, 0xc0, 0x0, 0x0, 0x0,
    0x0, 0x3f, 0x0, 0x0, 0x0, 0x0, 0x0, 0x7c,
    0x0, 0x0,

    /* U+F1948 "󱥈" */
    0xff, 0xff, 0xe0, 0xff, 0xff, 0xe1, 0xff, 0xff,
    0xc1, 0xff, 0xff, 0xc3, 0xff, 0xff, 0x83, 0xff,
    0xff, 0x87, 0xff, 0xff, 0x7, 0xff, 0xff, 0xf,
    0xff, 0xfe, 0xf, 0xff, 0xfe, 0x1f, 0x0, 0x7c,
    0x1f, 0x0, 0x7c, 0x3e, 0x0, 0xf8, 0x3e, 0x0,
    0xf8, 0x7c, 0x1, 0xf0, 0x7c, 0x1, 0xf0, 0xf8,
    0x3, 0xe0, 0xf8, 0x3, 0xe1, 0xf0, 0x7, 0xc1,
    0xff, 0xff, 0xc3, 0xe0, 0xf, 0x83, 0xff, 0xff,
    0x87, 0xc0, 0x1f, 0x7, 0xff, 0xff, 0xf, 0x80,
    0x3e, 0xf, 0xff, 0xfe, 0x1f, 0x0, 0x7c, 0x1f,
    0xff, 0xfc, 0x3e, 0x0, 0xf8, 0x0, 0x0, 0x0,
    0x7c, 0x1, 0xf0, 0x0, 0x0, 0x0, 0xf8, 0x3,
    0xe0, 0x0, 0x0, 0x1, 0xf0, 0x7, 0xc0, 0x0,
    0x0, 0x3, 0xe0, 0xf, 0x80, 0x0, 0x0, 0x7,
    0xff, 0xff, 0x7, 0xff, 0xfe, 0xf, 0xff, 0xfe,
    0xf, 0xff, 0xe0, 0x1f, 0xff, 0xfc, 0x1f, 0xff,
    0x80, 0x3f, 0xff, 0xf8, 0x3f, 0xfe, 0x0, 0x7f,
    0xff, 0xf0, 0x7f, 0xf8, 0x0, 0x0, 0x0, 0x0,
    0xf8, 0x0, 0x30, 0x0, 0x0, 0x1, 0xf0, 0x0,
    0xf0, 0x0, 0x0, 0x3, 0xe0, 0x3, 0xf0, 0x0,
    0x0, 0x7, 0xc0, 0x7, 0xf0, 0x0, 0x0, 0xf,
    0x80, 0x27, 0xff, 0xff, 0xfc, 0x1f, 0x0, 0xe7,
    0xff, 0xff, 0xf8, 0x3e, 0x3, 0xe7, 0x7f, 0xff,
    0xf0, 0x7c, 0xf, 0xe4, 0xff, 0xff, 0xe0, 0xf0,
    0x3f, 0xe1, 0xff, 0xff, 0xc1, 0xc0, 0xff, 0xc3,
    0xe0, 0xf, 0x82, 0x3, 0xff, 0x7, 0xc0, 0x1f,
    0x8, 0xf, 0xfc, 0xf, 0x80, 0x3e, 0x0, 0x3f,
    0xf0, 0x1f, 0x0, 0x7c, 0x0, 0xff, 0xc0, 0x3f,
    0xff, 0xf8, 0x3, 0xff, 0x0, 0x7f, 0xff, 0xf0,
    0xf, 0xfc, 0x0, 0xff, 0xff, 0xe0, 0x3f, 0xf0,
    0x1, 0xff, 0xff, 0xc0, 0xff, 0xe0, 0x3, 0xff,
    0xff, 0x83, 0xff, 0x80, 0x0, 0x0, 0x0, 0x7,
    0xfe, 0x0, 0x0, 0x0, 0x0, 0xf, 0xf8, 0x0,
    0x0, 0x0, 0x0, 0x1f, 0xe0, 0x0, 0x0, 0x0,
    0x0, 0x3f, 0x80, 0x0, 0x0, 0x0, 0x0, 0x7e,
    0x0, 0x0,

    /* U+F1A09 "󱨉" */
    0xff, 0xff, 0xff, 0xff, 0xff, 0xff, 0x7f, 0xff,
    0xff, 0xff, 0xff, 0xfe, 0x3f, 0xff, 0xff, 0xff,
    0xff, 0xfc, 0x3f, 0xff, 0xff, 0xff, 0xff, 0xfc,
    0x1f, 0xff, 0xff, 0xff, 0xff, 0xf8, 0x1f, 0xff,
    0xff, 0xff, 0xff, 0xf8, 0xf, 0xff, 0xff, 0xff,
    0xff, 0xf0, 0x7, 0xff, 0xff, 0xff, 0xff, 0xe0,
    0x7, 0xff, 0xff, 0xff, 0xff, 0xe0, 0x3, 0xff,
    0xff, 0xff, 0xff, 0xc0, 0x3, 0xff, 0xff, 0xff,
    0xff, 0xc0, 0x1, 0xff, 0xff, 0xff, 0xff, 0x80,
    0x1, 0xff, 0xff, 0xff, 0xff, 0x80, 0x0, 0xff,
    0xff, 0xff, 0xff, 0x0, 0x0, 0x7f, 0xff, 0xff,
    0xff, 0x0, 0x0, 0x7f, 0xff, 0xff, 0xfe, 0x0,
    0x0, 0x3f, 0xff, 0xff, 0xfc, 0x0, 0x0, 0x3f,
    0xff, 0xff, 0xfc, 0x0, 0x0, 0x1f, 0xff, 0xff,
    0xf8, 0x0, 0x0, 0x1f, 0xff, 0xff, 0xf8, 0x0,
    0x0, 0xf, 0xff, 0xff, 0xf0, 0x0, 0x0, 0xf,
    0xff, 0xff, 0xf0, 0x0, 0x0, 0x7, 0xff, 0xff,
    0xe0, 0x0, 0x0, 0x3, 0xff, 0xff, 0xc0, 0x0,
    0x0, 0x3, 0xff, 0xff, 0xc0, 0x0, 0x0, 0x1,
    0xff, 0xff, 0x80, 0x0, 0x0, 0x1, 0xff, 0xff,
    0x80, 0x0, 0x0, 0x0, 0xff, 0xff, 0x0, 0x0,
    0x0, 0x0, 0xff, 0xff, 0x0, 0x0, 0x0, 0x0,
    0x7f, 0xfe, 0x0, 0x0, 0x0, 0x0, 0x3f, 0xfc,
    0x0, 0x0, 0x0, 0x0, 0x3f, 0xfc, 0x0, 0x0,
    0x0, 0x0, 0x1f, 0xf8, 0x0, 0x0, 0x0, 0x0,
    0x1f, 0xf8, 0x0, 0x0, 0x0, 0x0, 0xf, 0xf0,
    0x0, 0x0, 0x0, 0x0, 0xf, 0xf0, 0x0, 0x0,
    0x0, 0x0, 0x7, 0xe0, 0x0, 0x0, 0x0, 0x0,
    0x3, 0xc0, 0x0, 0x0, 0x0, 0x0, 0x3, 0xc0,
    0x0, 0x0, 0x0, 0x0, 0x1, 0x80, 0x0, 0x0,
    0x0, 0x0, 0x1, 0x80, 0x0, 0x0, 0x0, 0x0,
    0x0, 0x0, 0x0, 0x0,

    /* U+F1A0A "󱨊" */
    0x0, 0x0, 0x1, 0x80, 0x0, 0x0, 0x0, 0x0,
    0x1, 0x80, 0x0, 0x0, 0x0, 0x0, 0x3, 0xc0,
    0x0, 0x0, 0x0, 0x0, 0x3, 0xc0, 0x0, 0x0,
    0x0, 0x0, 0x7, 0xe0, 0x0, 0x0, 0x0, 0x0,
    0x7, 0xe0, 0x0, 0x0, 0x0, 0x0, 0xf, 0xf0,
    0x0, 0x0, 0x0, 0x0, 0x1f, 0xf8, 0x0, 0x0,
    0x0, 0x0, 0x1f, 0xf8, 0x0, 0x0, 0x0, 0x0,
    0x3f, 0xfc, 0x0, 0x0, 0x0, 0x0, 0x3f, 0xfc,
    0x0, 0x0, 0x0, 0x0, 0x7f, 0xfe, 0x0, 0x0,
    0x0, 0x0, 0x7f, 0xfe, 0x0, 0x0, 0x0, 0x0,
    0xff, 0xff, 0x0, 0x0, 0x0, 0x1, 0xff, 0xff,
    0x80, 0x0, 0x0, 0x1, 0xff, 0xff, 0x80, 0x0,
    0x0, 0x3, 0xff, 0xff, 0xc0, 0x0, 0x0, 0x3,
    0xff, 0xff, 0xc0, 0x0, 0x0, 0x7, 0xff, 0xff,
    0xe0, 0x0, 0x0, 0x7, 0xff, 0xff, 0xe0, 0x0,
    0x0, 0xf, 0xff, 0xff, 0xf0, 0x0, 0x0, 0x1f,
    0xff, 0xff, 0xf8, 0x0, 0x0, 0x1f, 0xff, 0xff,
    0xf8, 0x0, 0x0, 0x3f, 0xff, 0xff, 0xfc, 0x0,
    0x0, 0x3f, 0xff, 0xff, 0xfc, 0x0, 0x0, 0x7f,
    0xff, 0xff, 0xfe, 0x0, 0x0, 0x7f, 0xff, 0xff,
    0xfe, 0x0, 0x0, 0xff, 0xff, 0xff, 0xff, 0x0,
    0x1, 0xff, 0xff, 0xff, 0xff, 0x80, 0x1, 0xff,
    0xff, 0xff, 0xff, 0x80, 0x3, 0xff, 0xff, 0xff,
    0xff, 0xc0, 0x3, 0xff, 0xff, 0xff, 0xff, 0xc0,
    0x7, 0xff, 0xff, 0xff, 0xff, 0xe0, 0x7, 0xff,
    0xff, 0xff, 0xff, 0xe0, 0xf, 0xff, 0xff, 0xff,
    0xff, 0xf0, 0xf, 0xff, 0xff, 0xff, 0xff, 0xf8,
    0x1f, 0xff, 0xff, 0xff, 0xff, 0xf8, 0x3f, 0xff,
    0xff, 0xff, 0xff, 0xfc, 0x3f, 0xff, 0xff, 0xff,
    0xff, 0xfc, 0x7f, 0xff, 0xff, 0xff, 0xff, 0xfe,
    0x7f, 0xff, 0xff, 0xff, 0xff, 0xfe, 0xff, 0xff,
    0xff, 0xff, 0xff, 0xff
};


/*---------------------
 *  GLYPH DESCRIPTION
 *--------------------*/

static const lv_font_fmt_txt_glyph_dsc_t glyph_dsc[] = {
    {.bitmap_index = 0, .adv_w = 0, .box_w = 0, .box_h = 0, .ofs_x = 0, .ofs_y = 0} /* id = 0 reserved */,
    {.bitmap_index = 0, .adv_w = 768, .box_w = 16, .box_h = 47, .ofs_x = 16, .ofs_y = -9},
    {.bitmap_index = 94, .adv_w = 768, .box_w = 16, .box_h = 47, .ofs_x = 16, .ofs_y = -9},
    {.bitmap_index = 188, .adv_w = 768, .box_w = 16, .box_h = 47, .ofs_x = 16, .ofs_y = -9},
    {.bitmap_index = 282, .adv_w = 768, .box_w = 44, .box_h = 34, .ofs_x = 2, .ofs_y = 3},
    {.bitmap_index = 469, .adv_w = 768, .box_w = 45, .box_h = 44, .ofs_x = 2, .ofs_y = -7},
    {.bitmap_index = 717, .adv_w = 768, .box_w = 35, .box_h = 35, .ofs_x = 7, .ofs_y = -3},
    {.bitmap_index = 871, .adv_w = 768, .box_w = 36, .box_h = 23, .ofs_x = 6, .ofs_y = 3},
    {.bitmap_index = 975, .adv_w = 768, .box_w = 40, .box_h = 29, .ofs_x = 4, .ofs_y = -3},
    {.bitmap_index = 1120, .adv_w = 768, .box_w = 34, .box_h = 33, .ofs_x = 7, .ofs_y = -7},
    {.bitmap_index = 1261, .adv_w = 768, .box_w = 34, .box_h = 33, .ofs_x = 7, .ofs_y = -7},
    {.bitmap_index = 1402, .adv_w = 768, .box_w = 34, .box_h = 23, .ofs_x = 7, .ofs_y = 3},
    {.bitmap_index = 1500, .adv_w = 768, .box_w = 35, .box_h = 48, .ofs_x = 7, .ofs_y = -10},
    {.bitmap_index = 1710, .adv_w = 768, .box_w = 48, .box_h = 36, .ofs_x = 0, .ofs_y = -1},
    {.bitmap_index = 1926, .adv_w = 768, .box_w = 47, .box_h = 42, .ofs_x = 0, .ofs_y = -7},
    {.bitmap_index = 2173, .adv_w = 768, .box_w = 50, .box_h = 46, .ofs_x = -1, .ofs_y = -8},
    {.bitmap_index = 2461, .adv_w = 768, .box_w = 48, .box_h = 47, .ofs_x = 0, .ofs_y = -9},
    {.bitmap_index = 2743, .adv_w = 768, .box_w = 48, .box_h = 38, .ofs_x = 0, .ofs_y = -4},
    {.bitmap_index = 2971, .adv_w = 768, .box_w = 44, .box_h = 49, .ofs_x = 2, .ofs_y = -10},
    {.bitmap_index = 3241, .adv_w = 768, .box_w = 48, .box_h = 47, .ofs_x = 0, .ofs_y = -9},
    {.bitmap_index = 3523, .adv_w = 768, .box_w = 49, .box_h = 45, .ofs_x = 0, .ofs_y = -8},
    {.bitmap_index = 3799, .adv_w = 768, .box_w = 42, .box_h = 47, .ofs_x = 3, .ofs_y = -9},
    {.bitmap_index = 4046, .adv_w = 768, .box_w = 46, .box_h = 47, .ofs_x = 1, .ofs_y = -9},
    {.bitmap_index = 4317, .adv_w = 768, .box_w = 48, .box_h = 47, .ofs_x = 0, .ofs_y = -9},
    {.bitmap_index = 4599, .adv_w = 768, .box_w = 36, .box_h = 48, .ofs_x = 6, .ofs_y = -10},
    {.bitmap_index = 4815, .adv_w = 768, .box_w = 42, .box_h = 48, .ofs_x = 3, .ofs_y = -10},
    {.bitmap_index = 5067, .adv_w = 768, .box_w = 50, .box_h = 36, .ofs_x = 0, .ofs_y = -4},
    {.bitmap_index = 5292, .adv_w = 768, .box_w = 48, .box_h = 43, .ofs_x = 0, .ofs_y = -7},
    {.bitmap_index = 5550, .adv_w = 768, .box_w = 48, .box_h = 27, .ofs_x = 0, .ofs_y = 1},
    {.bitmap_index = 5712, .adv_w = 768, .box_w = 48, .box_h = 27, .ofs_x = 0, .ofs_y = 1},
    {.bitmap_index = 5874, .adv_w = 768, .box_w = 48, .box_h = 27, .ofs_x = 0, .ofs_y = 1},
    {.bitmap_index = 6036, .adv_w = 768, .box_w = 48, .box_h = 27, .ofs_x = 0, .ofs_y = 1},
    {.bitmap_index = 6198, .adv_w = 768, .box_w = 42, .box_h = 48, .ofs_x = 3, .ofs_y = -10},
    {.bitmap_index = 6450, .adv_w = 768, .box_w = 48, .box_h = 43, .ofs_x = 0, .ofs_y = -7},
    {.bitmap_index = 6708, .adv_w = 768, .box_w = 36, .box_h = 41, .ofs_x = 6, .ofs_y = -6},
    {.bitmap_index = 6893, .adv_w = 768, .box_w = 48, .box_h = 48, .ofs_x = 0, .ofs_y = -10},
    {.bitmap_index = 7181, .adv_w = 768, .box_w = 48, .box_h = 48, .ofs_x = 0, .ofs_y = -10},
    {.bitmap_index = 7469, .adv_w = 768, .box_w = 48, .box_h = 48, .ofs_x = 0, .ofs_y = -10},
    {.bitmap_index = 7757, .adv_w = 768, .box_w = 48, .box_h = 48, .ofs_x = 0, .ofs_y = -10},
    {.bitmap_index = 8045, .adv_w = 768, .box_w = 41, .box_h = 47, .ofs_x = 3, .ofs_y = -9},
    {.bitmap_index = 8286, .adv_w = 768, .box_w = 41, .box_h = 48, .ofs_x = 4, .ofs_y = -10},
    {.bitmap_index = 8532, .adv_w = 768, .box_w = 48, .box_h = 43, .ofs_x = 0, .ofs_y = -7},
    {.bitmap_index = 8790, .adv_w = 768, .box_w = 48, .box_h = 37, .ofs_x = 0, .ofs_y = -4},
    {.bitmap_index = 9012, .adv_w = 768, .box_w = 48, .box_h = 48, .ofs_x = 0, .ofs_y = -10},
    {.bitmap_index = 9300, .adv_w = 768, .box_w = 48, .box_h = 32, .ofs_x = 0, .ofs_y = -2},
    {.bitmap_index = 9492, .adv_w = 768, .box_w = 39, .box_h = 47, .ofs_x = 4, .ofs_y = -9},
    {.bitmap_index = 9722, .adv_w = 768, .box_w = 48, .box_h = 45, .ofs_x = 0, .ofs_y = -8},
    {.bitmap_index = 9992, .adv_w = 768, .box_w = 48, .box_h = 38, .ofs_x = 0, .ofs_y = -5},
    {.bitmap_index = 10220, .adv_w = 768, .box_w = 48, .box_h = 39, .ofs_x = 0, .ofs_y = -5},
    {.bitmap_index = 10454, .adv_w = 768, .box_w = 48, .box_h = 46, .ofs_x = 0, .ofs_y = -8},
    {.bitmap_index = 10730, .adv_w = 768, .box_w = 49, .box_h = 47, .ofs_x = 0, .ofs_y = -9},
    {.bitmap_index = 11018, .adv_w = 768, .box_w = 46, .box_h = 48, .ofs_x = 1, .ofs_y = -10},
    {.bitmap_index = 11294, .adv_w = 768, .box_w = 34, .box_h = 48, .ofs_x = 7, .ofs_y = -10},
    {.bitmap_index = 11498, .adv_w = 768, .box_w = 34, .box_h = 48, .ofs_x = 7, .ofs_y = -10},
    {.bitmap_index = 11702, .adv_w = 768, .box_w = 29, .box_h = 47, .ofs_x = 9, .ofs_y = -9},
    {.bitmap_index = 11873, .adv_w = 768, .box_w = 48, .box_h = 47, .ofs_x = 0, .ofs_y = -9},
    {.bitmap_index = 12155, .adv_w = 768, .box_w = 48, .box_h = 48, .ofs_x = 0, .ofs_y = -10},
    {.bitmap_index = 12443, .adv_w = 768, .box_w = 39, .box_h = 47, .ofs_x = 5, .ofs_y = -9},
    {.bitmap_index = 12673, .adv_w = 768, .box_w = 48, .box_h = 48, .ofs_x = 0, .ofs_y = -10},
    {.bitmap_index = 12961, .adv_w = 768, .box_w = 47, .box_h = 35, .ofs_x = 0, .ofs_y = -3},
    {.bitmap_index = 13167, .adv_w = 768, .box_w = 35, .box_h = 49, .ofs_x = 7, .ofs_y = -10},
    {.bitmap_index = 13382, .adv_w = 768, .box_w = 25, .box_h = 47, .ofs_x = 12, .ofs_y = -9},
    {.bitmap_index = 13529, .adv_w = 768, .box_w = 40, .box_h = 48, .ofs_x = 4, .ofs_y = -10},
    {.bitmap_index = 13769, .adv_w = 768, .box_w = 34, .box_h = 48, .ofs_x = 7, .ofs_y = -10},
    {.bitmap_index = 13973, .adv_w = 768, .box_w = 48, .box_h = 47, .ofs_x = 0, .ofs_y = -9},
    {.bitmap_index = 14255, .adv_w = 768, .box_w = 48, .box_h = 47, .ofs_x = 0, .ofs_y = -9},
    {.bitmap_index = 14537, .adv_w = 768, .box_w = 48, .box_h = 37, .ofs_x = 0, .ofs_y = -4},
    {.bitmap_index = 14759, .adv_w = 768, .box_w = 48, .box_h = 39, .ofs_x = 0, .ofs_y = -5},
    {.bitmap_index = 14993, .adv_w = 768, .box_w = 48, .box_h = 39, .ofs_x = 0, .ofs_y = -5},
    {.bitmap_index = 15227, .adv_w = 768, .box_w = 48, .box_h = 41, .ofs_x = 0, .ofs_y = -6},
    {.bitmap_index = 15473, .adv_w = 768, .box_w = 48, .box_h = 41, .ofs_x = 0, .ofs_y = -6},
    {.bitmap_index = 15719, .adv_w = 768, .box_w = 38, .box_h = 47, .ofs_x = 5, .ofs_y = -9},
    {.bitmap_index = 15943, .adv_w = 768, .box_w = 48, .box_h = 47, .ofs_x = 0, .ofs_y = -9},
    {.bitmap_index = 16225, .adv_w = 768, .box_w = 48, .box_h = 48, .ofs_x = 0, .ofs_y = -10},
    {.bitmap_index = 16513, .adv_w = 768, .box_w = 48, .box_h = 33, .ofs_x = 0, .ofs_y = -2},
    {.bitmap_index = 16711, .adv_w = 768, .box_w = 39, .box_h = 47, .ofs_x = 5, .ofs_y = -9},
    {.bitmap_index = 16941, .adv_w = 768, .box_w = 48, .box_h = 47, .ofs_x = 0, .ofs_y = -9},
    {.bitmap_index = 17223, .adv_w = 768, .box_w = 48, .box_h = 47, .ofs_x = 0, .ofs_y = -9},
    {.bitmap_index = 17505, .adv_w = 768, .box_w = 48, .box_h = 48, .ofs_x = 0, .ofs_y = -10},
    {.bitmap_index = 17793, .adv_w = 768, .box_w = 48, .box_h = 44, .ofs_x = 0, .ofs_y = -8},
    {.bitmap_index = 18057, .adv_w = 768, .box_w = 48, .box_h = 37, .ofs_x = 0, .ofs_y = -4},
    {.bitmap_index = 18279, .adv_w = 768, .box_w = 48, .box_h = 45, .ofs_x = 0, .ofs_y = -8},
    {.bitmap_index = 18549, .adv_w = 768, .box_w = 48, .box_h = 48, .ofs_x = 0, .ofs_y = -10},
    {.bitmap_index = 18837, .adv_w = 768, .box_w = 48, .box_h = 35, .ofs_x = 0, .ofs_y = -3},
    {.bitmap_index = 19047, .adv_w = 768, .box_w = 48, .box_h = 45, .ofs_x = 0, .ofs_y = -8},
    {.bitmap_index = 19317, .adv_w = 768, .box_w = 48, .box_h = 45, .ofs_x = 0, .ofs_y = -8},
    {.bitmap_index = 19587, .adv_w = 768, .box_w = 32, .box_h = 49, .ofs_x = 8, .ofs_y = -11},
    {.bitmap_index = 19783, .adv_w = 768, .box_w = 48, .box_h = 47, .ofs_x = 0, .ofs_y = -9},
    {.bitmap_index = 20065, .adv_w = 768, .box_w = 48, .box_h = 38, .ofs_x = 0, .ofs_y = -4},
    {.bitmap_index = 20293, .adv_w = 768, .box_w = 25, .box_h = 48, .ofs_x = 12, .ofs_y = -10},
    {.bitmap_index = 20443, .adv_w = 768, .box_w = 25, .box_h = 48, .ofs_x = 12, .ofs_y = -10},
    {.bitmap_index = 20593, .adv_w = 768, .box_w = 48, .box_h = 47, .ofs_x = 0, .ofs_y = -9},
    {.bitmap_index = 20875, .adv_w = 768, .box_w = 48, .box_h = 47, .ofs_x = 0, .ofs_y = -9},
    {.bitmap_index = 21157, .adv_w = 768, .box_w = 44, .box_h = 47, .ofs_x = 2, .ofs_y = -9},
    {.bitmap_index = 21416, .adv_w = 768, .box_w = 48, .box_h = 37, .ofs_x = 0, .ofs_y = -4},
    {.bitmap_index = 21638, .adv_w = 768, .box_w = 48, .box_h = 36, .ofs_x = 0, .ofs_y = -4},
    {.bitmap_index = 21854, .adv_w = 768, .box_w = 26, .box_h = 48, .ofs_x = 11, .ofs_y = -10},
    {.bitmap_index = 22010, .adv_w = 768, .box_w = 48, .box_h = 33, .ofs_x = 0, .ofs_y = -2},
    {.bitmap_index = 22208, .adv_w = 768, .box_w = 48, .box_h = 41, .ofs_x = 0, .ofs_y = -6},
    {.bitmap_index = 22454, .adv_w = 768, .box_w = 48, .box_h = 42, .ofs_x = 0, .ofs_y = -7},
    {.bitmap_index = 22706, .adv_w = 768, .box_w = 49, .box_h = 45, .ofs_x = 0, .ofs_y = -8},
    {.bitmap_index = 22982, .adv_w = 768, .box_w = 47, .box_h = 48, .ofs_x = 0, .ofs_y = -10},
    {.bitmap_index = 23264, .adv_w = 768, .box_w = 47, .box_h = 48, .ofs_x = 0, .ofs_y = -10},
    {.bitmap_index = 23546, .adv_w = 768, .box_w = 48, .box_h = 42, .ofs_x = 0, .ofs_y = -7},
    {.bitmap_index = 23798, .adv_w = 768, .box_w = 48, .box_h = 42, .ofs_x = 0, .ofs_y = -7}
};

/*---------------------
 *  CHARACTER MAPPING
 *--------------------*/

static const uint16_t unicode_list_0[] = {
    0x0, 0x1, 0x2, 0xf8, 0xfe, 0x103, 0x108, 0x109,
    0x10e, 0x113, 0x133, 0x140, 0x142, 0x143, 0x5e1, 0x87a,
    0x8b8, 0x8f6, 0x9c1, 0x9e1, 0xc1d, 0xe09, 0xe0f, 0xedd,
    0xee2, 0xff5, 0x1029, 0x1036, 0x1038, 0x1039, 0x103a, 0x10d2,
    0x11ff, 0x1239
};

static const uint16_t unicode_list_1[] = {
    0x0, 0x8, 0xf, 0x18, 0x55, 0xa2, 0xe5, 0xe7,
    0x111, 0x11d, 0x195, 0x1a0, 0x1a9, 0x1ab, 0x25f, 0x2b8,
    0x2e3, 0x2e6, 0x2e8, 0x3be, 0x3ed, 0x40b, 0x446, 0x46c,
    0x46d, 0x4a1, 0x4ca, 0x4e7, 0x4e8, 0x529, 0x52b, 0x52f,
    0x564, 0x565, 0x78b, 0x78c, 0x797, 0x7da, 0x7db, 0x7fe,
    0x87f, 0x885, 0x9d8, 0xa54, 0xb5b, 0xb87, 0xe07, 0xe08,
    0xe26, 0xf0f, 0xf10, 0xf22, 0xf48, 0xfcd, 0x107d, 0x107e,
    0x1194, 0x1195, 0x11cd, 0x128e, 0x128f, 0x13c6, 0x1444, 0x1670,
    0x1678, 0x173d, 0x1902, 0x1903, 0x19c4, 0x19c5
};

/*Collect the unicode lists and glyph_id offsets*/
static const lv_font_fmt_txt_cmap_t cmaps[] =
{
    {
        .range_start = 57866, .range_length = 4666, .glyph_id_start = 1,
        .unicode_list = unicode_list_0, .glyph_id_ofs_list = NULL, .list_length = 34, .type = LV_FONT_FMT_TXT_CMAP_SPARSE_TINY
    },
    {
        .range_start = 983109, .range_length = 6598, .glyph_id_start = 35,
        .unicode_list = unicode_list_1, .glyph_id_ofs_list = NULL, .list_length = 70, .type = LV_FONT_FMT_TXT_CMAP_SPARSE_TINY
    }
};



/*--------------------
 *  ALL CUSTOM DATA
 *--------------------*/

#if LVGL_VERSION_MAJOR == 8
/*Store all the custom data of the font*/
static  lv_font_fmt_txt_glyph_cache_t cache;
#endif

#if LVGL_VERSION_MAJOR >= 8
static const lv_font_fmt_txt_dsc_t font_dsc = {
#else
static lv_font_fmt_txt_dsc_t font_dsc = {
#endif
    .glyph_bitmap = glyph_bitmap,
    .glyph_dsc = glyph_dsc,
    .cmaps = cmaps,
    .kern_dsc = NULL,
    .kern_scale = 0,
    .cmap_num = 2,
    .bpp = 1,
    .kern_classes = 0,
    .bitmap_format = 0,
#if LVGL_VERSION_MAJOR == 8
    .cache = &cache
#endif
};

extern const lv_font_t symbol_nerdfont_48;


/*-----------------
 *  PUBLIC FONT
 *----------------*/

/*Initialize a public general font descriptor*/
#if LVGL_VERSION_MAJOR >= 8
const lv_font_t symbol_nerdfont_48 = {
#else
lv_font_t symbol_nerdfont_48 = {
#endif
    .get_glyph_dsc = lv_font_get_glyph_dsc_fmt_txt,    /*Function pointer to get glyph's data*/
    .get_glyph_bitmap = lv_font_get_bitmap_fmt_txt,    /*Function pointer to get glyph's bitmap*/
    .line_height = 50,          /*The maximum line height required by the font*/
    .base_line = 11,             /*Baseline measured from the bottom of the line*/
#if !(LVGL_VERSION_MAJOR == 6 && LVGL_VERSION_MINOR == 0)
    .subpx = LV_FONT_SUBPX_NONE,
#endif
#if LV_VERSION_CHECK(7, 4, 0) || LVGL_VERSION_MAJOR >= 8
    .underline_position = -6,
    .underline_thickness = 2,
#endif
    .dsc = &font_dsc,          /*The custom font data. Will be accessed by `get_glyph_bitmap/dsc` */
#if LV_VERSION_CHECK(8, 2, 0) || LVGL_VERSION_MAJOR >= 9
    .fallback = &symbol_nerdfont_48,
#endif
    .user_data = NULL,
};



#endif /*#if SYMBOL_NERDFONT_48*/

