/*******************************************************************************
 * Size: 48 px
 * Bpp: 1
 * Opts: --bpp 1 --size 48 --no-compress --stride 1 --align 1 --font Roboto-Regular.ttf --range 32-127,160-255,8352-8399,8192-8303 --format lvgl -o roboto_reg_48.c
 ******************************************************************************/

#include "UI.h"

#ifndef ROBOTO_REG_48
#define ROBOTO_REG_48 1
#endif

#if ROBOTO_REG_48

/*-----------------
 *    BITMAPS
 *----------------*/

/*Store the image of the glyphs*/
static LV_ATTRIBUTE_LARGE_CONST const uint8_t glyph_bitmap[] = {
    /* U+0020 " " */
    0x0,

    /* U+0021 "!" */
    0xf7, 0xbd, 0xef, 0x7b, 0xde, 0xf7, 0xbd, 0xef,
    0x7b, 0xde, 0xf7, 0xbd, 0xef, 0x7b, 0xde, 0x0,
    0x0, 0x0, 0x3b, 0xff, 0xfb, 0x80,

    /* U+0022 "\"" */
    0xf3, 0xfc, 0xff, 0x3f, 0xcf, 0xf3, 0xfc, 0xff,
    0x3f, 0xcf, 0xe3, 0xb8, 0xee, 0x38,

    /* U+0023 "#" */
    0x0, 0x3c, 0xe, 0x0, 0xe, 0x7, 0x80, 0x3,
    0x81, 0xc0, 0x0, 0xe0, 0x70, 0x0, 0x78, 0x1c,
    0x0, 0x1e, 0x7, 0x0, 0x7, 0x3, 0xc0, 0x1,
    0xc0, 0xf0, 0x0, 0x70, 0x38, 0x0, 0x1c, 0xe,
    0x3, 0xff, 0xff, 0xfc, 0xff, 0xff, 0xff, 0x3f,
    0xff, 0xff, 0xc0, 0x38, 0x1c, 0x0, 0xe, 0x7,
    0x0, 0x7, 0x81, 0xc0, 0x1, 0xe0, 0x70, 0x0,
    0x70, 0x3c, 0x0, 0x1c, 0xe, 0x0, 0x7, 0x3,
    0x80, 0x3, 0xc0, 0xe0, 0x3f, 0xff, 0xff, 0xcf,
    0xff, 0xff, 0xf3, 0xff, 0xff, 0xfc, 0x3, 0x81,
    0xc0, 0x0, 0xe0, 0x70, 0x0, 0x78, 0x1c, 0x0,
    0x1c, 0xf, 0x0, 0x7, 0x3, 0xc0, 0x1, 0xc0,
    0xe0, 0x0, 0x70, 0x38, 0x0, 0x3c, 0xe, 0x0,
    0xe, 0x7, 0x80, 0x3, 0x81, 0xe0, 0x0,

    /* U+0024 "$" */
    0x0, 0x78, 0x0, 0x1, 0xe0, 0x0, 0x7, 0x80,
    0x0, 0x1e, 0x0, 0x0, 0x78, 0x0, 0x1, 0xe0,
    0x0, 0x7, 0x80, 0x0, 0x7f, 0x80, 0x7, 0xff,
    0x80, 0x3f, 0xff, 0x1, 0xff, 0xfe, 0xf, 0x80,
    0xfc, 0x3c, 0x1, 0xf1, 0xe0, 0x3, 0xc7, 0x80,
    0xf, 0x9e, 0x0, 0x1e, 0x78, 0x0, 0x79, 0xe0,
    0x1, 0xe7, 0xc0, 0x0, 0xf, 0x80, 0x0, 0x3f,
    0x0, 0x0, 0x7f, 0x0, 0x0, 0xff, 0x80, 0x1,
    0xff, 0xc0, 0x1, 0xff, 0xc0, 0x0, 0xff, 0x80,
    0x0, 0x7f, 0x0, 0x0, 0x7e, 0x0, 0x0, 0x78,
    0x0, 0x1, 0xf0, 0x0, 0x3, 0xfc, 0x0, 0xf,
    0xf0, 0x0, 0x3f, 0xc0, 0x0, 0xf7, 0x80, 0x7,
    0xdf, 0x0, 0x3e, 0x7f, 0x1, 0xf8, 0xff, 0xff,
    0xc1, 0xff, 0xfe, 0x1, 0xff, 0xf0, 0x1, 0xfe,
    0x0, 0x1, 0xe0, 0x0, 0x7, 0x80, 0x0, 0x1e,
    0x0, 0x0, 0x78, 0x0, 0x1, 0xe0, 0x0,

    /* U+0025 "%" */
    0xf, 0xc0, 0x0, 0x0, 0xff, 0xc0, 0x0, 0x7,
    0xff, 0x80, 0x0, 0x1e, 0x1e, 0x0, 0x0, 0xf0,
    0x3c, 0x2, 0x3, 0x80, 0x70, 0x1e, 0xe, 0x1,
    0xc0, 0xf0, 0x38, 0x7, 0x3, 0x80, 0xe0, 0x1c,
    0x1e, 0x3, 0x80, 0x70, 0xf0, 0xf, 0x3, 0xc3,
    0x80, 0x1e, 0x1e, 0x1e, 0x0, 0x7f, 0xf8, 0xf0,
    0x0, 0xff, 0xc3, 0x80, 0x0, 0xfc, 0x1e, 0x0,
    0x0, 0x0, 0x70, 0x0, 0x0, 0x3, 0x80, 0x0,
    0x0, 0x1e, 0x0, 0x0, 0x0, 0x70, 0xfc, 0x0,
    0x3, 0x8f, 0xfc, 0x0, 0x1e, 0x3f, 0xf0, 0x0,
    0x71, 0xf1, 0xe0, 0x3, 0x8f, 0x83, 0xc0, 0x1e,
    0x3c, 0x7, 0x0, 0x70, 0xf0, 0x1c, 0x3, 0xc3,
    0xc0, 0x70, 0x1e, 0xf, 0x1, 0xc0, 0x70, 0x3c,
    0x7, 0x3, 0xc0, 0xf0, 0x1c, 0xe, 0x3, 0xe0,
    0xf0, 0x0, 0x7, 0xc7, 0x80, 0x0, 0xf, 0xfc,
    0x0, 0x0, 0x1f, 0xf0, 0x0, 0x0, 0x3f, 0x0,

    /* U+0026 "&" */
    0x0, 0xfc, 0x0, 0x0, 0x7f, 0xe0, 0x0, 0x1f,
    0xfe, 0x0, 0x7, 0xc3, 0xe0, 0x0, 0xf0, 0x3c,
    0x0, 0x3c, 0x3, 0xc0, 0x7, 0x80, 0x78, 0x0,
    0xf0, 0xf, 0x0, 0x1e, 0x1, 0xe0, 0x3, 0xc0,
    0x7c, 0x0, 0x7c, 0x1f, 0x0, 0x7, 0x87, 0xc0,
    0x0, 0xfb, 0xf8, 0x0, 0xf, 0xfc, 0x0, 0x0,
    0xff, 0x0, 0x0, 0x1f, 0xc0, 0x0, 0x7, 0xf8,
    0x0, 0x1, 0xff, 0x0, 0x0, 0x7f, 0xf0, 0x1e,
    0x1f, 0x1f, 0x3, 0xc7, 0xc1, 0xf0, 0x78, 0xf0,
    0x3f, 0xf, 0x3e, 0x3, 0xe3, 0xe7, 0x80, 0x3e,
    0x78, 0xf0, 0x3, 0xef, 0x1e, 0x0, 0x3f, 0xe3,
    0xc0, 0x3, 0xf8, 0x78, 0x0, 0x7e, 0x7, 0x80,
    0x7, 0xc0, 0xf8, 0x3, 0xfc, 0xf, 0xc1, 0xff,
    0xc0, 0xff, 0xff, 0x7c, 0x7, 0xff, 0x8f, 0xc0,
    0x3f, 0xc0, 0xfc,

    /* U+0027 "'" */
    0xff, 0xff, 0xff, 0xff, 0xff, 0xf0,

    /* U+0028 "(" */
    0x0, 0x0, 0x7, 0x0, 0xf0, 0x1f, 0x3, 0xe0,
    0x3c, 0x7, 0x80, 0xf0, 0xf, 0x1, 0xe0, 0x1e,
    0x3, 0xc0, 0x3c, 0x3, 0xc0, 0x78, 0x7, 0x80,
    0x78, 0x7, 0x80, 0xf0, 0xf, 0x0, 0xf0, 0xf,
    0x0, 0xf0, 0xf, 0x0, 0xf0, 0xf, 0x0, 0xf0,
    0xf, 0x0, 0xf0, 0xf, 0x0, 0xf0, 0xf, 0x0,
    0x78, 0x7, 0x80, 0x78, 0x7, 0x80, 0x38, 0x3,
    0xc0, 0x3c, 0x1, 0xe0, 0x1e, 0x0, 0xe0, 0xf,
    0x0, 0x78, 0x3, 0x80, 0x3c, 0x1, 0xe0, 0xf,
    0x0, 0x70, 0x2,

    /* U+0029 ")" */
    0x0, 0xe, 0x0, 0xf0, 0x7, 0x80, 0x38, 0x3,
    0xc0, 0x1e, 0x0, 0xf0, 0xf, 0x0, 0x78, 0x7,
    0x80, 0x38, 0x3, 0xc0, 0x3c, 0x1, 0xe0, 0x1e,
    0x1, 0xe0, 0x1e, 0x0, 0xe0, 0xf, 0x0, 0xf0,
    0xf, 0x0, 0xf0, 0xf, 0x0, 0xf0, 0xf, 0x0,
    0xf0, 0xf, 0x0, 0xf0, 0xf, 0x0, 0xf0, 0xf,
    0x1, 0xe0, 0x1e, 0x1, 0xe0, 0x1e, 0x1, 0xc0,
    0x3c, 0x3, 0xc0, 0x78, 0x7, 0x80, 0x70, 0xf,
    0x1, 0xe0, 0x1c, 0x3, 0xc0, 0x78, 0xf, 0x0,
    0xe0, 0x4, 0x0,

    /* U+002A "*" */
    0x0, 0xf0, 0x0, 0xf, 0x0, 0x0, 0xf0, 0x0,
    0xf, 0x0, 0x0, 0xf0, 0x0, 0xf, 0x0, 0x70,
    0xf0, 0x6f, 0xcf, 0x3e, 0xff, 0xff, 0xf7, 0xff,
    0xfe, 0x7, 0xff, 0x0, 0x1f, 0x80, 0x3, 0xfc,
    0x0, 0x7f, 0xc0, 0x7, 0x9e, 0x0, 0xf1, 0xf0,
    0x1f, 0xf, 0x3, 0xe0, 0x78, 0x1c, 0x7, 0x0,
    0x0, 0x20,

    /* U+002B "+" */
    0x0, 0x3c, 0x0, 0x0, 0x3c, 0x0, 0x0, 0x3c,
    0x0, 0x0, 0x3c, 0x0, 0x0, 0x3c, 0x0, 0x0,
    0x3c, 0x0, 0x0, 0x3c, 0x0, 0x0, 0x3c, 0x0,
    0x0, 0x3c, 0x0, 0x0, 0x3c, 0x0, 0x0, 0x3c,
    0x0, 0xff, 0xff, 0xff, 0xff, 0xff, 0xff, 0xff,
    0xff, 0xff, 0x0, 0x3c, 0x0, 0x0, 0x3c, 0x0,
    0x0, 0x3c, 0x0, 0x0, 0x3c, 0x0, 0x0, 0x3c,
    0x0, 0x0, 0x3c, 0x0, 0x0, 0x3c, 0x0, 0x0,
    0x3c, 0x0, 0x0, 0x3c, 0x0, 0x0, 0x3c, 0x0,
    0x0, 0x3c, 0x0,

    /* U+002C "," */
    0x3c, 0xf3, 0xcf, 0x3c, 0xf3, 0xde, 0x7b, 0xcf,
    0x18,

    /* U+002D "-" */
    0xff, 0xff, 0xff, 0xff, 0x80,

    /* U+002E "." */
    0x77, 0xff, 0xf7, 0x0,

    /* U+002F "/" */
    0x0, 0x3, 0xc0, 0x0, 0xf0, 0x0, 0x38, 0x0,
    0x1e, 0x0, 0x7, 0x80, 0x1, 0xc0, 0x0, 0xf0,
    0x0, 0x3c, 0x0, 0x1e, 0x0, 0x7, 0x80, 0x1,
    0xc0, 0x0, 0xf0, 0x0, 0x3c, 0x0, 0xe, 0x0,
    0x7, 0x80, 0x1, 0xe0, 0x0, 0xf0, 0x0, 0x3c,
    0x0, 0xe, 0x0, 0x7, 0x80, 0x1, 0xe0, 0x0,
    0x70, 0x0, 0x3c, 0x0, 0xf, 0x0, 0x7, 0x80,
    0x1, 0xe0, 0x0, 0x70, 0x0, 0x3c, 0x0, 0xf,
    0x0, 0x7, 0x80, 0x1, 0xe0, 0x0, 0x70, 0x0,
    0x3c, 0x0, 0xf, 0x0, 0x3, 0x80, 0x1, 0xe0,
    0x0, 0x78, 0x0, 0x3c, 0x0, 0x0,

    /* U+0030 "0" */
    0x1, 0xfc, 0x0, 0x3f, 0xf8, 0x7, 0xff, 0xf0,
    0x3e, 0xf, 0x83, 0xc0, 0x1e, 0x3e, 0x0, 0xf9,
    0xe0, 0x3, 0xcf, 0x0, 0x1e, 0xf0, 0x0, 0x77,
    0x80, 0x3, 0xfc, 0x0, 0x1f, 0xe0, 0x0, 0xff,
    0x0, 0x7, 0xf8, 0x0, 0x3f, 0xc0, 0x1, 0xfe,
    0x0, 0xf, 0xf0, 0x0, 0x7f, 0x80, 0x3, 0xfc,
    0x0, 0x1f, 0xe0, 0x0, 0xff, 0x0, 0x7, 0xf8,
    0x0, 0x3f, 0xc0, 0x1, 0xfe, 0x0, 0xf, 0xf0,
    0x0, 0x7b, 0x80, 0x7, 0x9e, 0x0, 0x3c, 0xf0,
    0x1, 0xe7, 0xc0, 0x1e, 0x1f, 0x0, 0xf0, 0x7c,
    0x1f, 0x1, 0xff, 0xf0, 0x7, 0xff, 0x0, 0xf,
    0xe0, 0x0,

    /* U+0031 "1" */
    0x0, 0x18, 0x3, 0xc0, 0xfe, 0x3f, 0xf7, 0xff,
    0xff, 0xff, 0xf1, 0xfc, 0xf, 0x80, 0x78, 0x3,
    0xc0, 0x1e, 0x0, 0xf0, 0x7, 0x80, 0x3c, 0x1,
    0xe0, 0xf, 0x0, 0x78, 0x3, 0xc0, 0x1e, 0x0,
    0xf0, 0x7, 0x80, 0x3c, 0x1, 0xe0, 0xf, 0x0,
    0x78, 0x3, 0xc0, 0x1e, 0x0, 0xf0, 0x7, 0x80,
    0x3c, 0x1, 0xe0, 0xf, 0x0, 0x78, 0x3, 0xc0,

    /* U+0032 "2" */
    0x1, 0xfe, 0x0, 0xf, 0xff, 0x0, 0x7f, 0xff,
    0x1, 0xf8, 0x1f, 0x3, 0xc0, 0x1f, 0xf, 0x0,
    0x1e, 0x1e, 0x0, 0x3e, 0x78, 0x0, 0x3c, 0xf0,
    0x0, 0x79, 0xe0, 0x0, 0xf0, 0x0, 0x1, 0xe0,
    0x0, 0x3, 0xc0, 0x0, 0xf, 0x0, 0x0, 0x1e,
    0x0, 0x0, 0x7c, 0x0, 0x1, 0xf0, 0x0, 0x3,
    0xc0, 0x0, 0xf, 0x80, 0x0, 0x3e, 0x0, 0x0,
    0xf8, 0x0, 0x3, 0xe0, 0x0, 0xf, 0x80, 0x0,
    0x1e, 0x0, 0x0, 0x78, 0x0, 0x1, 0xf0, 0x0,
    0x7, 0xc0, 0x0, 0x1f, 0x0, 0x0, 0x7c, 0x0,
    0x1, 0xf0, 0x0, 0x3, 0xc0, 0x0, 0xf, 0x0,
    0x0, 0x3f, 0xff, 0xff, 0x7f, 0xff, 0xfe, 0xff,
    0xff, 0xfc,

    /* U+0033 "3" */
    0x1, 0xfe, 0x0, 0x7f, 0xfc, 0x7, 0xff, 0xf0,
    0x7e, 0x7, 0xc7, 0xc0, 0x1f, 0x3c, 0x0, 0x7b,
    0xc0, 0x1, 0xfe, 0x0, 0xf, 0xf0, 0x0, 0x78,
    0x0, 0x3, 0xc0, 0x0, 0x1e, 0x0, 0x0, 0xe0,
    0x0, 0xf, 0x0, 0x0, 0xf0, 0x0, 0x1f, 0x0,
    0x7f, 0xf0, 0x3, 0xfe, 0x0, 0x1f, 0xfc, 0x0,
    0x1, 0xf8, 0x0, 0x3, 0xc0, 0x0, 0xf, 0x0,
    0x0, 0x7c, 0x0, 0x1, 0xe0, 0x0, 0xf, 0x0,
    0x0, 0x7f, 0x80, 0x3, 0xfc, 0x0, 0x1f, 0xf0,
    0x1, 0xf7, 0x80, 0xf, 0x3e, 0x0, 0xf8, 0xfc,
    0x1f, 0x83, 0xff, 0xf8, 0xf, 0xff, 0x80, 0xf,
    0xe0, 0x0,

    /* U+0034 "4" */
    0x0, 0x1, 0xf0, 0x0, 0x0, 0xf8, 0x0, 0x0,
    0xfc, 0x0, 0x0, 0xfe, 0x0, 0x0, 0x7f, 0x0,
    0x0, 0x7f, 0x80, 0x0, 0x3f, 0xc0, 0x0, 0x3d,
    0xe0, 0x0, 0x3c, 0xf0, 0x0, 0x1e, 0x78, 0x0,
    0x1e, 0x3c, 0x0, 0x1e, 0x1e, 0x0, 0xf, 0xf,
    0x0, 0xf, 0x7, 0x80, 0xf, 0x83, 0xc0, 0x7,
    0x81, 0xe0, 0x7, 0x80, 0xf0, 0x3, 0xc0, 0x78,
    0x3, 0xc0, 0x3c, 0x3, 0xe0, 0x1e, 0x1, 0xe0,
    0xf, 0x1, 0xe0, 0x7, 0x81, 0xf0, 0x3, 0xc0,
    0xff, 0xff, 0xff, 0xff, 0xff, 0xff, 0xff, 0xff,
    0xff, 0xc0, 0x0, 0x3c, 0x0, 0x0, 0x1e, 0x0,
    0x0, 0xf, 0x0, 0x0, 0x7, 0x80, 0x0, 0x3,
    0xc0, 0x0, 0x1, 0xe0, 0x0, 0x0, 0xf0, 0x0,
    0x0, 0x78, 0x0,

    /* U+0035 "5" */
    0x1f, 0xff, 0xf0, 0xff, 0xff, 0x87, 0xff, 0xfc,
    0x78, 0x0, 0x3, 0xc0, 0x0, 0x1e, 0x0, 0x0,
    0xf0, 0x0, 0x7, 0x80, 0x0, 0x3c, 0x0, 0x1,
    0xe0, 0x0, 0xf, 0x0, 0x0, 0x78, 0x0, 0x3,
    0xdf, 0xc0, 0x3f, 0xff, 0xc1, 0xff, 0xff, 0xf,
    0xc0, 0xfc, 0x3c, 0x3, 0xe0, 0x0, 0xf, 0x80,
    0x0, 0x3c, 0x0, 0x1, 0xf0, 0x0, 0x7, 0x80,
    0x0, 0x3c, 0x0, 0x1, 0xe0, 0x0, 0xf, 0x0,
    0x0, 0x7f, 0x80, 0x3, 0xfc, 0x0, 0x3f, 0xf0,
    0x1, 0xe7, 0x80, 0xf, 0x3e, 0x0, 0xf0, 0xfc,
    0x1f, 0x83, 0xff, 0xf8, 0xf, 0xff, 0x0, 0xf,
    0xe0, 0x0,

    /* U+0036 "6" */
    0x0, 0x1f, 0x0, 0x7, 0xf8, 0x0, 0x7f, 0xc0,
    0xf, 0xe0, 0x0, 0xfc, 0x0, 0x7, 0x80, 0x0,
    0x78, 0x0, 0x7, 0x80, 0x0, 0x3c, 0x0, 0x3,
    0xc0, 0x0, 0x1e, 0x0, 0x0, 0xf1, 0xfc, 0x7,
    0x3f, 0xf8, 0x7b, 0xff, 0xe3, 0xfc, 0x1f, 0x9f,
    0xc0, 0x3c, 0xfc, 0x1, 0xf7, 0xc0, 0x7, 0xbc,
    0x0, 0x3f, 0xe0, 0x0, 0xff, 0x0, 0x7, 0xf8,
    0x0, 0x3f, 0xc0, 0x1, 0xfe, 0x0, 0xf, 0xf0,
    0x0, 0x7b, 0xc0, 0x3, 0xde, 0x0, 0x3c, 0xf0,
    0x1, 0xe3, 0xc0, 0x1f, 0x1f, 0x0, 0xf0, 0x7c,
    0x1f, 0x1, 0xff, 0xf8, 0x7, 0xff, 0x0, 0xf,
    0xe0, 0x0,

    /* U+0037 "7" */
    0xff, 0xff, 0xff, 0xff, 0xff, 0xff, 0xff, 0xff,
    0xf8, 0x0, 0x1, 0xe0, 0x0, 0x3, 0xc0, 0x0,
    0xf, 0x0, 0x0, 0x1e, 0x0, 0x0, 0x7c, 0x0,
    0x0, 0xf0, 0x0, 0x3, 0xe0, 0x0, 0x7, 0x80,
    0x0, 0xf, 0x0, 0x0, 0x3c, 0x0, 0x0, 0x78,
    0x0, 0x1, 0xf0, 0x0, 0x3, 0xc0, 0x0, 0xf,
    0x80, 0x0, 0x1e, 0x0, 0x0, 0x7c, 0x0, 0x0,
    0xf0, 0x0, 0x3, 0xe0, 0x0, 0x7, 0x80, 0x0,
    0xf, 0x0, 0x0, 0x3e, 0x0, 0x0, 0x78, 0x0,
    0x1, 0xf0, 0x0, 0x3, 0xc0, 0x0, 0xf, 0x80,
    0x0, 0x1e, 0x0, 0x0, 0x7c, 0x0, 0x0, 0xf0,
    0x0, 0x3, 0xe0, 0x0, 0x7, 0xc0, 0x0, 0xf,
    0x0, 0x0,

    /* U+0038 "8" */
    0x1, 0xfe, 0x0, 0x1f, 0xfe, 0x0, 0xff, 0xfc,
    0x7, 0xc0, 0xf8, 0x3e, 0x1, 0xf0, 0xf0, 0x3,
    0xc7, 0x80, 0x7, 0x9e, 0x0, 0x1e, 0x78, 0x0,
    0x79, 0xe0, 0x1, 0xe7, 0x80, 0x7, 0x9f, 0x0,
    0x3c, 0x3c, 0x0, 0xf0, 0x7c, 0xf, 0x80, 0xff,
    0xfc, 0x1, 0xff, 0xe0, 0x7, 0xff, 0x80, 0x7f,
    0xff, 0x83, 0xe0, 0x1f, 0x1f, 0x0, 0x3e, 0x78,
    0x0, 0x7b, 0xe0, 0x1, 0xff, 0x0, 0x3, 0xfc,
    0x0, 0xf, 0xf0, 0x0, 0x3f, 0xc0, 0x0, 0xff,
    0x0, 0x3, 0xfe, 0x0, 0x1f, 0x78, 0x0, 0x79,
    0xf0, 0x3, 0xe3, 0xf0, 0x3f, 0x7, 0xff, 0xf8,
    0x7, 0xff, 0x80, 0x7, 0xf8, 0x0,

    /* U+0039 "9" */
    0x1, 0xfc, 0x0, 0x3f, 0xf8, 0x7, 0xff, 0xe0,
    0x7e, 0x1f, 0x83, 0xc0, 0x3e, 0x3e, 0x0, 0xf1,
    0xe0, 0x3, 0xdf, 0x0, 0x1e, 0xf0, 0x0, 0xf7,
    0x80, 0x3, 0xfc, 0x0, 0x1f, 0xe0, 0x0, 0xff,
    0x0, 0x7, 0xf8, 0x0, 0x3f, 0xe0, 0x1, 0xef,
    0x0, 0x1f, 0x7c, 0x0, 0xf9, 0xe0, 0xf, 0xcf,
    0xc1, 0xfe, 0x3f, 0xfe, 0xf0, 0xff, 0xe7, 0x81,
    0xfc, 0x38, 0x0, 0x1, 0xc0, 0x0, 0x1e, 0x0,
    0x0, 0xf0, 0x0, 0x7, 0x0, 0x0, 0x78, 0x0,
    0x7, 0x80, 0x0, 0x7c, 0x0, 0x7, 0xc0, 0x1,
    0xfc, 0x0, 0xff, 0xc0, 0x7, 0xf8, 0x0, 0x3e,
    0x0, 0x0,

    /* U+003A ":" */
    0x77, 0xff, 0xf7, 0x0, 0x0, 0x0, 0x0, 0x0,
    0x0, 0x0, 0x0, 0x0, 0x0, 0x3b, 0xff, 0xfb,
    0x80,

    /* U+003B ";" */
    0x1c, 0x7c, 0xf9, 0xf1, 0xc0, 0x0, 0x0, 0x0,
    0x0, 0x0, 0x0, 0x0, 0x0, 0x0, 0x0, 0x0,
    0x0, 0x1, 0xe3, 0xc7, 0x8f, 0x1e, 0x3c, 0x79,
    0xe3, 0xcf, 0x9e, 0x38, 0x0,

    /* U+003C "<" */
    0x0, 0x0, 0x20, 0x0, 0x1c, 0x0, 0xf, 0x80,
    0x7, 0xf0, 0x3, 0xfe, 0x3, 0xff, 0x1, 0xff,
    0x80, 0xff, 0x80, 0x7f, 0xc0, 0x1f, 0xe0, 0x3,
    0xe0, 0x0, 0x7e, 0x0, 0xf, 0xf8, 0x0, 0x7f,
    0xc0, 0x3, 0xff, 0x0, 0x1f, 0xf8, 0x0, 0x7f,
    0xc0, 0x3, 0xfc, 0x0, 0x1f, 0x80, 0x0, 0xf0,
    0x0, 0x6,

    /* U+003D "=" */
    0xff, 0xff, 0xff, 0xff, 0xff, 0xff, 0xff, 0xf0,
    0x0, 0x0, 0x0, 0x0, 0x0, 0x0, 0x0, 0x0,
    0x0, 0x0, 0x0, 0x0, 0x0, 0x0, 0x0, 0x0,
    0x0, 0xff, 0xff, 0xff, 0xff, 0xff, 0xff, 0xff,
    0xf0,

    /* U+003E ">" */
    0x80, 0x0, 0xe, 0x0, 0x0, 0xf8, 0x0, 0xf,
    0xf0, 0x0, 0xff, 0xc0, 0x3, 0xff, 0x0, 0x7,
    0xfe, 0x0, 0x1f, 0xf8, 0x0, 0x3f, 0xe0, 0x0,
    0x7f, 0x0, 0x1, 0xf0, 0x0, 0x7f, 0x0, 0x1f,
    0xf0, 0xf, 0xfc, 0x3, 0xfe, 0x1, 0xff, 0x80,
    0x7f, 0xe0, 0xf, 0xf8, 0x0, 0xfc, 0x0, 0xf,
    0x0, 0x0, 0xc0, 0x0, 0x0,

    /* U+003F "?" */
    0x3, 0xf8, 0x1, 0xff, 0xc0, 0xff, 0xfe, 0x3f,
    0x7, 0xe7, 0x80, 0x3d, 0xe0, 0x7, 0xfc, 0x0,
    0x7f, 0x80, 0xf, 0x0, 0x1, 0xe0, 0x0, 0x3c,
    0x0, 0x7, 0x80, 0x1, 0xe0, 0x0, 0x7c, 0x0,
    0xf, 0x80, 0x3, 0xe0, 0x0, 0xf8, 0x0, 0x3e,
    0x0, 0xf, 0x80, 0x3, 0xe0, 0x0, 0x78, 0x0,
    0x1f, 0x0, 0x3, 0xc0, 0x0, 0x78, 0x0, 0xf,
    0x0, 0x0, 0x0, 0x0, 0x0, 0x0, 0x0, 0x0,
    0x0, 0x0, 0x0, 0x0, 0x0, 0x1, 0xc0, 0x0,
    0x7c, 0x0, 0xf, 0x80, 0x1, 0xf0, 0x0, 0x1c,
    0x0,

    /* U+0040 "@" */
    0x0, 0x1, 0xff, 0x80, 0x0, 0x0, 0x3f, 0xff,
    0xc0, 0x0, 0x3, 0xff, 0xff, 0xc0, 0x0, 0x1f,
    0xc0, 0x3f, 0x80, 0x1, 0xf8, 0x0, 0x1f, 0x0,
    0xf, 0xc0, 0x0, 0x1e, 0x0, 0x3c, 0x0, 0x0,
    0x3c, 0x1, 0xe0, 0x0, 0x0, 0x78, 0xf, 0x0,
    0x0, 0x0, 0xe0, 0x7c, 0x0, 0x0, 0x1, 0xc1,
    0xe0, 0x3, 0xf0, 0x7, 0xf, 0x0, 0x3f, 0xf0,
    0xe, 0x3c, 0x1, 0xff, 0xe0, 0x38, 0xf0, 0xf,
    0x87, 0x80, 0xe7, 0x80, 0x7c, 0xe, 0x3, 0x9e,
    0x1, 0xe0, 0x38, 0x7, 0x78, 0xf, 0x1, 0xe0,
    0x1f, 0xc0, 0x3c, 0x7, 0x80, 0x7f, 0x1, 0xe0,
    0x1e, 0x1, 0xfc, 0x7, 0x80, 0x78, 0x7, 0xf0,
    0x1e, 0x1, 0xe0, 0x1f, 0xc0, 0x70, 0x7, 0x0,
    0x7f, 0x3, 0xc0, 0x1c, 0x1, 0xfc, 0xf, 0x0,
    0x70, 0x7, 0xf0, 0x3c, 0x1, 0xc0, 0x1f, 0xc0,
    0xf0, 0x7, 0x0, 0xff, 0x3, 0xc0, 0x1c, 0x3,
    0xbc, 0xf, 0x0, 0xf0, 0xe, 0xf0, 0x1e, 0x3,
    0xc0, 0x79, 0xe0, 0x78, 0x1f, 0x83, 0xc7, 0x81,
    0xf1, 0xfe, 0x1e, 0x1e, 0x3, 0xff, 0x3f, 0xf8,
    0x78, 0x7, 0xf8, 0xff, 0xc0, 0xf0, 0xf, 0x80,
    0xfc, 0x3, 0xc0, 0x0, 0x0, 0x0, 0x7, 0x80,
    0x0, 0x0, 0x0, 0x1f, 0x0, 0x0, 0x0, 0x0,
    0x3c, 0x0, 0x0, 0x0, 0x0, 0x7c, 0x0, 0x0,
    0x0, 0x1, 0xf8, 0x0, 0x0, 0x0, 0x3, 0xf8,
    0x0, 0xe0, 0x0, 0x3, 0xff, 0xff, 0x80, 0x0,
    0x7, 0xff, 0xfe, 0x0, 0x0, 0x3, 0xff, 0xe0,
    0x0, 0x0, 0x0, 0x60, 0x0, 0x0,

    /* U+0041 "A" */
    0x0, 0x7, 0x80, 0x0, 0x0, 0x3f, 0x0, 0x0,
    0x0, 0xfc, 0x0, 0x0, 0x3, 0xf0, 0x0, 0x0,
    0x1f, 0xe0, 0x0, 0x0, 0x7f, 0x80, 0x0, 0x1,
    0xff, 0x0, 0x0, 0xf, 0x3c, 0x0, 0x0, 0x3c,
    0xf0, 0x0, 0x1, 0xf3, 0xe0, 0x0, 0x7, 0x87,
    0x80, 0x0, 0x1e, 0x1e, 0x0, 0x0, 0xf8, 0x3c,
    0x0, 0x3, 0xc0, 0xf0, 0x0, 0xf, 0x3, 0xe0,
    0x0, 0x7c, 0x7, 0x80, 0x1, 0xe0, 0x1e, 0x0,
    0x7, 0x80, 0x7c, 0x0, 0x3e, 0x0, 0xf0, 0x0,
    0xf0, 0x3, 0xe0, 0x7, 0xc0, 0x7, 0x80, 0x1e,
    0x0, 0x1e, 0x0, 0x7f, 0xff, 0xfc, 0x3, 0xff,
    0xff, 0xf0, 0xf, 0xff, 0xff, 0xe0, 0x3c, 0x0,
    0xf, 0x81, 0xf0, 0x0, 0x1e, 0x7, 0x80, 0x0,
    0x7c, 0x3e, 0x0, 0x0, 0xf0, 0xf8, 0x0, 0x3,
    0xc3, 0xc0, 0x0, 0xf, 0x9f, 0x0, 0x0, 0x1e,
    0x7c, 0x0, 0x0, 0x7d, 0xe0, 0x0, 0x1, 0xf0,

    /* U+0042 "B" */
    0xff, 0xff, 0x1, 0xff, 0xff, 0x83, 0xff, 0xff,
    0xc7, 0x80, 0xf, 0x8f, 0x0, 0xf, 0x9e, 0x0,
    0xf, 0x3c, 0x0, 0xf, 0x78, 0x0, 0x1e, 0xf0,
    0x0, 0x3d, 0xe0, 0x0, 0x7b, 0xc0, 0x0, 0xf7,
    0x80, 0x3, 0xef, 0x0, 0x7, 0x9e, 0x0, 0x1e,
    0x3c, 0x0, 0xf8, 0x7f, 0xff, 0xe0, 0xff, 0xff,
    0x81, 0xff, 0xff, 0xc3, 0xc0, 0x7, 0xe7, 0x80,
    0x3, 0xcf, 0x0, 0x3, 0xde, 0x0, 0x7, 0xfc,
    0x0, 0x7, 0xf8, 0x0, 0xf, 0xf0, 0x0, 0x1f,
    0xe0, 0x0, 0x3f, 0xc0, 0x0, 0x7f, 0x80, 0x1,
    0xff, 0x0, 0x3, 0xde, 0x0, 0xf, 0xbc, 0x0,
    0x7e, 0x7f, 0xff, 0xf8, 0xff, 0xff, 0xe1, 0xff,
    0xfe, 0x0,

    /* U+0043 "C" */
    0x0, 0x3f, 0xc0, 0x0, 0x7f, 0xfc, 0x0, 0x7f,
    0xff, 0xc0, 0x3f, 0x3, 0xf8, 0x1f, 0x0, 0x3e,
    0x7, 0x80, 0x7, 0xc3, 0xc0, 0x0, 0xf8, 0xf0,
    0x0, 0x3e, 0x78, 0x0, 0x7, 0x9e, 0x0, 0x1,
    0xf7, 0x80, 0x0, 0x7f, 0xc0, 0x0, 0x0, 0xf0,
    0x0, 0x0, 0x3c, 0x0, 0x0, 0xf, 0x0, 0x0,
    0x3, 0xc0, 0x0, 0x0, 0xf0, 0x0, 0x0, 0x3c,
    0x0, 0x0, 0xf, 0x0, 0x0, 0x3, 0xc0, 0x0,
    0x0, 0xf0, 0x0, 0x0, 0x3c, 0x0, 0x0, 0xf,
    0x0, 0x0, 0x1, 0xe0, 0x0, 0x1f, 0x78, 0x0,
    0x7, 0xde, 0x0, 0x1, 0xe3, 0xc0, 0x0, 0xf8,
    0xf0, 0x0, 0x3e, 0x1e, 0x0, 0x1f, 0x7, 0xc0,
    0xf, 0x80, 0xfc, 0xf, 0xe0, 0x1f, 0xff, 0xe0,
    0x1, 0xff, 0xf0, 0x0, 0x1f, 0xe0, 0x0,

    /* U+0044 "D" */
    0xff, 0xf8, 0x0, 0xff, 0xff, 0x0, 0xff, 0xff,
    0xc0, 0xf0, 0x7, 0xe0, 0xf0, 0x1, 0xf0, 0xf0,
    0x0, 0xf8, 0xf0, 0x0, 0x7c, 0xf0, 0x0, 0x3c,
    0xf0, 0x0, 0x1e, 0xf0, 0x0, 0x1e, 0xf0, 0x0,
    0x1e, 0xf0, 0x0, 0xf, 0xf0, 0x0, 0xf, 0xf0,
    0x0, 0xf, 0xf0, 0x0, 0xf, 0xf0, 0x0, 0xf,
    0xf0, 0x0, 0xf, 0xf0, 0x0, 0xf, 0xf0, 0x0,
    0xf, 0xf0, 0x0, 0xf, 0xf0, 0x0, 0xf, 0xf0,
    0x0, 0xf, 0xf0, 0x0, 0x1f, 0xf0, 0x0, 0x1e,
    0xf0, 0x0, 0x1e, 0xf0, 0x0, 0x3e, 0xf0, 0x0,
    0x3c, 0xf0, 0x0, 0x7c, 0xf0, 0x0, 0xf8, 0xf0,
    0x1, 0xf0, 0xf0, 0x7, 0xe0, 0xff, 0xff, 0xc0,
    0xff, 0xff, 0x0, 0xff, 0xf8, 0x0,

    /* U+0045 "E" */
    0xff, 0xff, 0xff, 0xff, 0xff, 0xff, 0xff, 0xff,
    0xfc, 0x0, 0x0, 0xf0, 0x0, 0x3, 0xc0, 0x0,
    0xf, 0x0, 0x0, 0x3c, 0x0, 0x0, 0xf0, 0x0,
    0x3, 0xc0, 0x0, 0xf, 0x0, 0x0, 0x3c, 0x0,
    0x0, 0xf0, 0x0, 0x3, 0xc0, 0x0, 0xf, 0x0,
    0x0, 0x3f, 0xff, 0xfc, 0xff, 0xff, 0xf3, 0xff,
    0xff, 0xcf, 0x0, 0x0, 0x3c, 0x0, 0x0, 0xf0,
    0x0, 0x3, 0xc0, 0x0, 0xf, 0x0, 0x0, 0x3c,
    0x0, 0x0, 0xf0, 0x0, 0x3, 0xc0, 0x0, 0xf,
    0x0, 0x0, 0x3c, 0x0, 0x0, 0xf0, 0x0, 0x3,
    0xc0, 0x0, 0xf, 0x0, 0x0, 0x3f, 0xff, 0xff,
    0xff, 0xff, 0xff, 0xff, 0xff, 0xf0,

    /* U+0046 "F" */
    0xff, 0xff, 0xff, 0xff, 0xff, 0xff, 0xff, 0xff,
    0xe0, 0x0, 0xf, 0x0, 0x0, 0x78, 0x0, 0x3,
    0xc0, 0x0, 0x1e, 0x0, 0x0, 0xf0, 0x0, 0x7,
    0x80, 0x0, 0x3c, 0x0, 0x1, 0xe0, 0x0, 0xf,
    0x0, 0x0, 0x78, 0x0, 0x3, 0xc0, 0x0, 0x1f,
    0xff, 0xfc, 0xff, 0xff, 0xe7, 0xff, 0xff, 0x3c,
    0x0, 0x1, 0xe0, 0x0, 0xf, 0x0, 0x0, 0x78,
    0x0, 0x3, 0xc0, 0x0, 0x1e, 0x0, 0x0, 0xf0,
    0x0, 0x7, 0x80, 0x0, 0x3c, 0x0, 0x1, 0xe0,
    0x0, 0xf, 0x0, 0x0, 0x78, 0x0, 0x3, 0xc0,
    0x0, 0x1e, 0x0, 0x0, 0xf0, 0x0, 0x7, 0x80,
    0x0, 0x0,

    /* U+0047 "G" */
    0x0, 0x7f, 0xc0, 0x0, 0x7f, 0xfc, 0x0, 0x7f,
    0xff, 0xc0, 0x3f, 0x1, 0xf8, 0x1f, 0x0, 0x1f,
    0x7, 0x80, 0x3, 0xe3, 0xc0, 0x0, 0x79, 0xf0,
    0x0, 0x1e, 0x78, 0x0, 0x3, 0xde, 0x0, 0x0,
    0xff, 0x80, 0x0, 0x3, 0xc0, 0x0, 0x0, 0xf0,
    0x0, 0x0, 0x3c, 0x0, 0x0, 0xf, 0x0, 0x0,
    0x3, 0xc0, 0x0, 0x0, 0xf0, 0x0, 0x0, 0x3c,
    0x0, 0xff, 0xff, 0x0, 0x3f, 0xff, 0xc0, 0xf,
    0xff, 0xf0, 0x0, 0x3, 0xfc, 0x0, 0x0, 0xff,
    0x0, 0x0, 0x3d, 0xe0, 0x0, 0xf, 0x78, 0x0,
    0x3, 0xde, 0x0, 0x0, 0xf3, 0xc0, 0x0, 0x3c,
    0xf8, 0x0, 0xf, 0x1f, 0x0, 0x3, 0xc3, 0xe0,
    0x1, 0xf0, 0x7e, 0x3, 0xf8, 0xf, 0xff, 0xfc,
    0x1, 0xff, 0xfc, 0x0, 0xf, 0xf8, 0x0,

    /* U+0048 "H" */
    0xf0, 0x0, 0x3, 0xfc, 0x0, 0x0, 0xff, 0x0,
    0x0, 0x3f, 0xc0, 0x0, 0xf, 0xf0, 0x0, 0x3,
    0xfc, 0x0, 0x0, 0xff, 0x0, 0x0, 0x3f, 0xc0,
    0x0, 0xf, 0xf0, 0x0, 0x3, 0xfc, 0x0, 0x0,
    0xff, 0x0, 0x0, 0x3f, 0xc0, 0x0, 0xf, 0xf0,
    0x0, 0x3, 0xfc, 0x0, 0x0, 0xff, 0x0, 0x0,
    0x3f, 0xff, 0xff, 0xff, 0xff, 0xff, 0xff, 0xff,
    0xff, 0xff, 0xff, 0x0, 0x0, 0x3f, 0xc0, 0x0,
    0xf, 0xf0, 0x0, 0x3, 0xfc, 0x0, 0x0, 0xff,
    0x0, 0x0, 0x3f, 0xc0, 0x0, 0xf, 0xf0, 0x0,
    0x3, 0xfc, 0x0, 0x0, 0xff, 0x0, 0x0, 0x3f,
    0xc0, 0x0, 0xf, 0xf0, 0x0, 0x3, 0xfc, 0x0,
    0x0, 0xff, 0x0, 0x0, 0x3f, 0xc0, 0x0, 0xf,
    0xf0, 0x0, 0x3, 0xfc, 0x0, 0x0, 0xf0,

    /* U+0049 "I" */
    0xff, 0xff, 0xff, 0xff, 0xff, 0xff, 0xff, 0xff,
    0xff, 0xff, 0xff, 0xff, 0xff, 0xff, 0xff, 0xff,
    0xff,

    /* U+004A "J" */
    0x0, 0x0, 0x78, 0x0, 0x3, 0xc0, 0x0, 0x1e,
    0x0, 0x0, 0xf0, 0x0, 0x7, 0x80, 0x0, 0x3c,
    0x0, 0x1, 0xe0, 0x0, 0xf, 0x0, 0x0, 0x78,
    0x0, 0x3, 0xc0, 0x0, 0x1e, 0x0, 0x0, 0xf0,
    0x0, 0x7, 0x80, 0x0, 0x3c, 0x0, 0x1, 0xe0,
    0x0, 0xf, 0x0, 0x0, 0x78, 0x0, 0x3, 0xc0,
    0x0, 0x1e, 0x0, 0x0, 0xf0, 0x0, 0x7, 0x80,
    0x0, 0x3c, 0x0, 0x1, 0xe0, 0x0, 0xf, 0x0,
    0x0, 0x7f, 0x80, 0x3, 0xfc, 0x0, 0x1f, 0xe0,
    0x1, 0xe7, 0x80, 0xf, 0x3e, 0x0, 0xf8, 0xfc,
    0x1f, 0x83, 0xff, 0xf8, 0xf, 0xff, 0x80, 0x1f,
    0xe0, 0x0,

    /* U+004B "K" */
    0xf0, 0x0, 0x1f, 0x3c, 0x0, 0xf, 0x8f, 0x0,
    0x7, 0xc3, 0xc0, 0x3, 0xf0, 0xf0, 0x1, 0xf8,
    0x3c, 0x0, 0xfc, 0xf, 0x0, 0x7e, 0x3, 0xc0,
    0x3f, 0x0, 0xf0, 0xf, 0x80, 0x3c, 0x7, 0xc0,
    0xf, 0x3, 0xe0, 0x3, 0xc1, 0xf0, 0x0, 0xf0,
    0xfc, 0x0, 0x3c, 0x7e, 0x0, 0xf, 0x3f, 0x0,
    0x3, 0xdf, 0xc0, 0x0, 0xff, 0xf0, 0x0, 0x3f,
    0xfe, 0x0, 0xf, 0xff, 0xc0, 0x3, 0xf9, 0xf8,
    0x0, 0xfc, 0x3e, 0x0, 0x3e, 0x7, 0xc0, 0xf,
    0x1, 0xf8, 0x3, 0xc0, 0x3f, 0x0, 0xf0, 0x7,
    0xc0, 0x3c, 0x0, 0xf8, 0xf, 0x0, 0x1f, 0x3,
    0xc0, 0x7, 0xe0, 0xf0, 0x0, 0xf8, 0x3c, 0x0,
    0x1f, 0xf, 0x0, 0x3, 0xe3, 0xc0, 0x0, 0xfc,
    0xf0, 0x0, 0x1f, 0xbc, 0x0, 0x3, 0xe0,

    /* U+004C "L" */
    0xf0, 0x0, 0x7, 0x80, 0x0, 0x3c, 0x0, 0x1,
    0xe0, 0x0, 0xf, 0x0, 0x0, 0x78, 0x0, 0x3,
    0xc0, 0x0, 0x1e, 0x0, 0x0, 0xf0, 0x0, 0x7,
    0x80, 0x0, 0x3c, 0x0, 0x1, 0xe0, 0x0, 0xf,
    0x0, 0x0, 0x78, 0x0, 0x3, 0xc0, 0x0, 0x1e,
    0x0, 0x0, 0xf0, 0x0, 0x7, 0x80, 0x0, 0x3c,
    0x0, 0x1, 0xe0, 0x0, 0xf, 0x0, 0x0, 0x78,
    0x0, 0x3, 0xc0, 0x0, 0x1e, 0x0, 0x0, 0xf0,
    0x0, 0x7, 0x80, 0x0, 0x3c, 0x0, 0x1, 0xe0,
    0x0, 0xf, 0x0, 0x0, 0x78, 0x0, 0x3, 0xc0,
    0x0, 0x1f, 0xff, 0xff, 0xff, 0xff, 0xff, 0xff,
    0xff, 0xc0,

    /* U+004D "M" */
    0xfc, 0x0, 0x0, 0xf, 0xff, 0x0, 0x0, 0x3,
    0xff, 0xe0, 0x0, 0x1, 0xff, 0xf8, 0x0, 0x0,
    0x7f, 0xff, 0x0, 0x0, 0x1f, 0xff, 0xc0, 0x0,
    0xf, 0xff, 0xf0, 0x0, 0x3, 0xff, 0xfe, 0x0,
    0x1, 0xff, 0xf7, 0x80, 0x0, 0x7b, 0xfd, 0xf0,
    0x0, 0x3e, 0xff, 0x3c, 0x0, 0xf, 0x3f, 0xcf,
    0x0, 0x3, 0xcf, 0xf3, 0xe0, 0x1, 0xf3, 0xfc,
    0x78, 0x0, 0x78, 0xff, 0x1f, 0x0, 0x3e, 0x3f,
    0xc3, 0xc0, 0xf, 0xf, 0xf0, 0xf0, 0x3, 0xc3,
    0xfc, 0x1e, 0x1, 0xf0, 0xff, 0x7, 0x80, 0x78,
    0x3f, 0xc1, 0xf0, 0x3e, 0xf, 0xf0, 0x3c, 0xf,
    0x3, 0xfc, 0xf, 0x3, 0xc0, 0xff, 0x1, 0xe1,
    0xe0, 0x3f, 0xc0, 0x78, 0x78, 0xf, 0xf0, 0x1f,
    0x3e, 0x3, 0xfc, 0x3, 0xcf, 0x0, 0xff, 0x0,
    0xfb, 0xc0, 0x3f, 0xc0, 0x1f, 0xe0, 0xf, 0xf0,
    0x7, 0xf8, 0x3, 0xfc, 0x1, 0xfe, 0x0, 0xff,
    0x0, 0x3f, 0x0, 0x3f, 0xc0, 0xf, 0xc0, 0xf,
    0xf0, 0x1, 0xe0, 0x3, 0xfc, 0x0, 0x78, 0x0,
    0xf0,

    /* U+004E "N" */
    0xf0, 0x0, 0x3, 0xfe, 0x0, 0x0, 0xff, 0xc0,
    0x0, 0x3f, 0xf0, 0x0, 0xf, 0xfe, 0x0, 0x3,
    0xff, 0xc0, 0x0, 0xff, 0xf0, 0x0, 0x3f, 0xfe,
    0x0, 0xf, 0xff, 0xc0, 0x3, 0xfd, 0xf8, 0x0,
    0xff, 0x3e, 0x0, 0x3f, 0xc7, 0xc0, 0xf, 0xf1,
    0xf8, 0x3, 0xfc, 0x3e, 0x0, 0xff, 0x7, 0xc0,
    0x3f, 0xc1, 0xf8, 0xf, 0xf0, 0x3e, 0x3, 0xfc,
    0x7, 0xc0, 0xff, 0x1, 0xf8, 0x3f, 0xc0, 0x3e,
    0xf, 0xf0, 0x7, 0xc3, 0xfc, 0x1, 0xf8, 0xff,
    0x0, 0x3e, 0x3f, 0xc0, 0x7, 0xcf, 0xf0, 0x1,
    0xfb, 0xfc, 0x0, 0x3e, 0xff, 0x0, 0x7, 0xff,
    0xc0, 0x1, 0xff, 0xf0, 0x0, 0x3f, 0xfc, 0x0,
    0x7, 0xff, 0x0, 0x0, 0xff, 0xc0, 0x0, 0x3f,
    0xf0, 0x0, 0x7, 0xfc, 0x0, 0x0, 0xf0,

    /* U+004F "O" */
    0x0, 0x3f, 0x80, 0x0, 0x3f, 0xfe, 0x0, 0xf,
    0xff, 0xe0, 0x7, 0xe0, 0x3f, 0x0, 0xf0, 0x1,
    0xe0, 0x3c, 0x0, 0x1e, 0xf, 0x0, 0x1, 0xe1,
    0xe0, 0x0, 0x3c, 0x78, 0x0, 0x3, 0xcf, 0x0,
    0x0, 0x79, 0xe0, 0x0, 0xf, 0x78, 0x0, 0x0,
    0xff, 0x0, 0x0, 0x1f, 0xe0, 0x0, 0x3, 0xfc,
    0x0, 0x0, 0x7f, 0x80, 0x0, 0xf, 0xf0, 0x0,
    0x1, 0xfe, 0x0, 0x0, 0x3f, 0xc0, 0x0, 0x7,
    0xf8, 0x0, 0x0, 0xff, 0x0, 0x0, 0x1f, 0xe0,
    0x0, 0x3, 0xfc, 0x0, 0x0, 0x7b, 0xc0, 0x0,
    0x1e, 0x78, 0x0, 0x3, 0xcf, 0x0, 0x0, 0x78,
    0xf0, 0x0, 0x1e, 0x1e, 0x0, 0x3, 0xc1, 0xe0,
    0x0, 0xf0, 0x1f, 0x0, 0x3e, 0x3, 0xf0, 0x1f,
    0x80, 0x1f, 0xff, 0xe0, 0x1, 0xff, 0xf0, 0x0,
    0x7, 0xf0, 0x0,

    /* U+0050 "P" */
    0xff, 0xff, 0x80, 0xff, 0xff, 0xe0, 0xff, 0xff,
    0xf8, 0xf0, 0x0, 0xfc, 0xf0, 0x0, 0x7c, 0xf0,
    0x0, 0x3e, 0xf0, 0x0, 0x1e, 0xf0, 0x0, 0xf,
    0xf0, 0x0, 0xf, 0xf0, 0x0, 0xf, 0xf0, 0x0,
    0xf, 0xf0, 0x0, 0xf, 0xf0, 0x0, 0xf, 0xf0,
    0x0, 0x1e, 0xf0, 0x0, 0x1e, 0xf0, 0x0, 0x3e,
    0xf0, 0x0, 0xfc, 0xff, 0xff, 0xf8, 0xff, 0xff,
    0xe0, 0xff, 0xff, 0x80, 0xf0, 0x0, 0x0, 0xf0,
    0x0, 0x0, 0xf0, 0x0, 0x0, 0xf0, 0x0, 0x0,
    0xf0, 0x0, 0x0, 0xf0, 0x0, 0x0, 0xf0, 0x0,
    0x0, 0xf0, 0x0, 0x0, 0xf0, 0x0, 0x0, 0xf0,
    0x0, 0x0, 0xf0, 0x0, 0x0, 0xf0, 0x0, 0x0,
    0xf0, 0x0, 0x0, 0xf0, 0x0, 0x0,

    /* U+0051 "Q" */
    0x0, 0x3f, 0x80, 0x0, 0x3f, 0xfe, 0x0, 0xf,
    0xff, 0xe0, 0x7, 0xe0, 0x3f, 0x0, 0xf8, 0x1,
    0xe0, 0x3c, 0x0, 0x1e, 0xf, 0x0, 0x1, 0xe1,
    0xe0, 0x0, 0x3c, 0x78, 0x0, 0x3, 0xcf, 0x0,
    0x0, 0x79, 0xe0, 0x0, 0xf, 0x78, 0x0, 0x0,
    0xff, 0x0, 0x0, 0x1f, 0xe0, 0x0, 0x3, 0xfc,
    0x0, 0x0, 0x7f, 0x80, 0x0, 0xf, 0xf0, 0x0,
    0x1, 0xfe, 0x0, 0x0, 0x3f, 0xc0, 0x0, 0x7,
    0xf8, 0x0, 0x0, 0xff, 0x0, 0x0, 0x1f, 0xe0,
    0x0, 0x3, 0xfc, 0x0, 0x0, 0x7b, 0xc0, 0x0,
    0x1e, 0x78, 0x0, 0x3, 0xcf, 0x0, 0x0, 0x78,
    0xf0, 0x0, 0x1e, 0x1e, 0x0, 0x3, 0xc1, 0xe0,
    0x0, 0xf0, 0x1f, 0x0, 0x3e, 0x3, 0xf0, 0x1f,
    0x80, 0x1f, 0xff, 0xe0, 0x1, 0xff, 0xfc, 0x0,
    0x7, 0xff, 0xc0, 0x0, 0x0, 0xfe, 0x0, 0x0,
    0xf, 0xe0, 0x0, 0x0, 0x7e, 0x0, 0x0, 0x7,
    0x80, 0x0, 0x0, 0x60,

    /* U+0052 "R" */
    0xff, 0xff, 0x0, 0x7f, 0xff, 0xe0, 0x3f, 0xff,
    0xfc, 0x1e, 0x0, 0x3f, 0xf, 0x0, 0x7, 0xc7,
    0x80, 0x1, 0xe3, 0xc0, 0x0, 0xf1, 0xe0, 0x0,
    0x3c, 0xf0, 0x0, 0x1e, 0x78, 0x0, 0xf, 0x3c,
    0x0, 0x7, 0x9e, 0x0, 0x3, 0xcf, 0x0, 0x1,
    0xe7, 0x80, 0x1, 0xe3, 0xc0, 0x0, 0xf1, 0xe0,
    0x1, 0xf0, 0xf0, 0x1, 0xf8, 0x7f, 0xff, 0xf0,
    0x3f, 0xff, 0xf0, 0x1f, 0xff, 0xf0, 0xf, 0x0,
    0x78, 0x7, 0x80, 0x3e, 0x3, 0xc0, 0xf, 0x81,
    0xe0, 0x7, 0xc0, 0xf0, 0x1, 0xf0, 0x78, 0x0,
    0xf8, 0x3c, 0x0, 0x3e, 0x1e, 0x0, 0x1f, 0xf,
    0x0, 0x7, 0xc7, 0x80, 0x1, 0xe3, 0xc0, 0x0,
    0xf9, 0xe0, 0x0, 0x3c, 0xf0, 0x0, 0x1f, 0x78,
    0x0, 0x7, 0x80,

    /* U+0053 "S" */
    0x0, 0xff, 0x0, 0x3, 0xff, 0xe0, 0xf, 0xff,
    0xf0, 0x1f, 0x80, 0xf8, 0x3e, 0x0, 0x3c, 0x3c,
    0x0, 0x1e, 0x78, 0x0, 0x1e, 0x78, 0x0, 0xf,
    0x78, 0x0, 0xf, 0x78, 0x0, 0xf, 0x7c, 0x0,
    0x0, 0x7c, 0x0, 0x0, 0x3f, 0x0, 0x0, 0x3f,
    0xc0, 0x0, 0x1f, 0xf8, 0x0, 0xf, 0xff, 0x0,
    0x3, 0xff, 0xc0, 0x1, 0xff, 0xf0, 0x0, 0x3f,
    0xf8, 0x0, 0x7, 0xfc, 0x0, 0x0, 0xfe, 0x0,
    0x0, 0x3e, 0x0, 0x0, 0x1f, 0x0, 0x0, 0xf,
    0xf0, 0x0, 0xf, 0xf0, 0x0, 0xf, 0xf0, 0x0,
    0xf, 0x78, 0x0, 0xf, 0x7c, 0x0, 0x1e, 0x3e,
    0x0, 0x3e, 0x1f, 0x80, 0xfc, 0xf, 0xff, 0xf8,
    0x3, 0xff, 0xe0, 0x0, 0xff, 0x80,

    /* U+0054 "T" */
    0xff, 0xff, 0xff, 0xff, 0xff, 0xff, 0xff, 0xff,
    0xff, 0xff, 0x80, 0xf, 0x0, 0x0, 0x1, 0xe0,
    0x0, 0x0, 0x3c, 0x0, 0x0, 0x7, 0x80, 0x0,
    0x0, 0xf0, 0x0, 0x0, 0x1e, 0x0, 0x0, 0x3,
    0xc0, 0x0, 0x0, 0x78, 0x0, 0x0, 0xf, 0x0,
    0x0, 0x1, 0xe0, 0x0, 0x0, 0x3c, 0x0, 0x0,
    0x7, 0x80, 0x0, 0x0, 0xf0, 0x0, 0x0, 0x1e,
    0x0, 0x0, 0x3, 0xc0, 0x0, 0x0, 0x78, 0x0,
    0x0, 0xf, 0x0, 0x0, 0x1, 0xe0, 0x0, 0x0,
    0x3c, 0x0, 0x0, 0x7, 0x80, 0x0, 0x0, 0xf0,
    0x0, 0x0, 0x1e, 0x0, 0x0, 0x3, 0xc0, 0x0,
    0x0, 0x78, 0x0, 0x0, 0xf, 0x0, 0x0, 0x1,
    0xe0, 0x0, 0x0, 0x3c, 0x0, 0x0, 0x7, 0x80,
    0x0, 0x0, 0xf0, 0x0, 0x0, 0x1e, 0x0, 0x0,
    0x3, 0xc0, 0x0,

    /* U+0055 "U" */
    0xf0, 0x0, 0xf, 0xf0, 0x0, 0xf, 0xf0, 0x0,
    0xf, 0xf0, 0x0, 0xf, 0xf0, 0x0, 0xf, 0xf0,
    0x0, 0xf, 0xf0, 0x0, 0xf, 0xf0, 0x0, 0xf,
    0xf0, 0x0, 0xf, 0xf0, 0x0, 0xf, 0xf0, 0x0,
    0xf, 0xf0, 0x0, 0xf, 0xf0, 0x0, 0xf, 0xf0,
    0x0, 0xf, 0xf0, 0x0, 0xf, 0xf0, 0x0, 0xf,
    0xf0, 0x0, 0xf, 0xf0, 0x0, 0xf, 0xf0, 0x0,
    0xf, 0xf0, 0x0, 0xf, 0xf0, 0x0, 0xf, 0xf0,
    0x0, 0xf, 0xf0, 0x0, 0xf, 0xf0, 0x0, 0xf,
    0xf0, 0x0, 0xf, 0xf0, 0x0, 0xf, 0xf8, 0x0,
    0x1e, 0x78, 0x0, 0x1e, 0x7c, 0x0, 0x3e, 0x3e,
    0x0, 0x7c, 0x1f, 0x81, 0xf8, 0xf, 0xff, 0xf0,
    0x7, 0xff, 0xc0, 0x0, 0xff, 0x0,

    /* U+0056 "V" */
    0xf8, 0x0, 0x0, 0xff, 0xc0, 0x0, 0xf, 0x9e,
    0x0, 0x0, 0x7c, 0xf8, 0x0, 0x3, 0xe7, 0xc0,
    0x0, 0x3e, 0x1e, 0x0, 0x1, 0xf0, 0xf8, 0x0,
    0xf, 0x87, 0xc0, 0x0, 0xf8, 0x1f, 0x0, 0x7,
    0xc0, 0xf8, 0x0, 0x3c, 0x3, 0xc0, 0x3, 0xe0,
    0x1f, 0x0, 0x1f, 0x0, 0xf8, 0x0, 0xf0, 0x3,
    0xc0, 0xf, 0x80, 0x1f, 0x0, 0x7c, 0x0, 0xf8,
    0x3, 0xc0, 0x3, 0xc0, 0x3e, 0x0, 0x1f, 0x1,
    0xe0, 0x0, 0x78, 0xf, 0x0, 0x3, 0xc0, 0xf8,
    0x0, 0x1f, 0x7, 0x80, 0x0, 0x78, 0x3c, 0x0,
    0x3, 0xc3, 0xe0, 0x0, 0x1f, 0x1e, 0x0, 0x0,
    0x79, 0xf0, 0x0, 0x3, 0xcf, 0x0, 0x0, 0xf,
    0x78, 0x0, 0x0, 0x7f, 0xc0, 0x0, 0x3, 0xfc,
    0x0, 0x0, 0xf, 0xe0, 0x0, 0x0, 0x7f, 0x0,
    0x0, 0x3, 0xf0, 0x0, 0x0, 0xf, 0x80, 0x0,
    0x0, 0x78, 0x0, 0x0,

    /* U+0057 "W" */
    0x78, 0x0, 0x1e, 0x0, 0xf, 0x3c, 0x0, 0x1f,
    0x0, 0x7, 0x9f, 0x0, 0xf, 0x80, 0x7, 0xcf,
    0x80, 0x7, 0xc0, 0x3, 0xe3, 0xc0, 0x7, 0xf0,
    0x1, 0xe1, 0xe0, 0x3, 0xf8, 0x0, 0xf0, 0xf0,
    0x1, 0xfc, 0x0, 0x78, 0x7c, 0x0, 0xef, 0x0,
    0x7c, 0x3e, 0x0, 0xf7, 0x80, 0x3e, 0xf, 0x0,
    0x7b, 0xc0, 0x1e, 0x7, 0x80, 0x3c, 0xe0, 0xf,
    0x3, 0xe0, 0x3c, 0x78, 0xf, 0x81, 0xf0, 0x1e,
    0x3c, 0x7, 0xc0, 0x78, 0xf, 0x1e, 0x3, 0xc0,
    0x3c, 0x7, 0x87, 0x81, 0xe0, 0x1f, 0x7, 0x83,
    0xc0, 0xf0, 0xf, 0x83, 0xc1, 0xe0, 0xf8, 0x3,
    0xc1, 0xe0, 0x70, 0x78, 0x1, 0xe1, 0xe0, 0x3c,
    0x3c, 0x0, 0xf0, 0xf0, 0x1e, 0x1e, 0x0, 0x7c,
    0x78, 0xf, 0x1f, 0x0, 0x1e, 0x3c, 0x3, 0x8f,
    0x0, 0xf, 0x3c, 0x1, 0xe7, 0x80, 0x7, 0x9e,
    0x0, 0xf3, 0xc0, 0x3, 0xef, 0x0, 0x39, 0xe0,
    0x0, 0xf7, 0x0, 0x1d, 0xe0, 0x0, 0x7f, 0x80,
    0xf, 0xf0, 0x0, 0x3f, 0xc0, 0x7, 0xf8, 0x0,
    0x1f, 0xc0, 0x1, 0xfc, 0x0, 0x7, 0xe0, 0x0,
    0xfc, 0x0, 0x3, 0xf0, 0x0, 0x7e, 0x0, 0x1,
    0xf8, 0x0, 0x3f, 0x0, 0x0, 0xf8, 0x0, 0xf,
    0x80, 0x0, 0x3c, 0x0, 0x7, 0x80, 0x0,

    /* U+0058 "X" */
    0x7c, 0x0, 0x3, 0xe3, 0xe0, 0x0, 0x7e, 0x3e,
    0x0, 0x7, 0xc1, 0xf0, 0x0, 0xf8, 0x1f, 0x80,
    0x1f, 0x80, 0xf8, 0x1, 0xf0, 0x7, 0xc0, 0x3e,
    0x0, 0x7e, 0x3, 0xe0, 0x3, 0xe0, 0x7c, 0x0,
    0x1f, 0xf, 0xc0, 0x1, 0xf8, 0xf8, 0x0, 0xf,
    0x9f, 0x0, 0x0, 0x7f, 0xf0, 0x0, 0x7, 0xfe,
    0x0, 0x0, 0x3f, 0xc0, 0x0, 0x1, 0xfc, 0x0,
    0x0, 0x1f, 0x80, 0x0, 0x1, 0xf8, 0x0, 0x0,
    0x3f, 0xc0, 0x0, 0x3, 0xfe, 0x0, 0x0, 0x7f,
    0xe0, 0x0, 0xf, 0xdf, 0x0, 0x0, 0xf9, 0xf0,
    0x0, 0x1f, 0xf, 0x80, 0x3, 0xf0, 0xfc, 0x0,
    0x3e, 0x7, 0xc0, 0x7, 0xc0, 0x3e, 0x0, 0x7c,
    0x3, 0xf0, 0xf, 0x80, 0x1f, 0x1, 0xf8, 0x0,
    0xf8, 0x1f, 0x0, 0xf, 0xc3, 0xe0, 0x0, 0x7c,
    0x7e, 0x0, 0x3, 0xe7, 0xc0, 0x0, 0x3f,

    /* U+0059 "Y" */
    0x7c, 0x0, 0x3, 0xe7, 0xc0, 0x0, 0x3e, 0x3e,
    0x0, 0x7, 0xc3, 0xe0, 0x0, 0x7c, 0x1f, 0x0,
    0xf, 0x81, 0xf0, 0x0, 0xf8, 0xf, 0x80, 0x1f,
    0x0, 0xf8, 0x1, 0xf0, 0x7, 0xc0, 0x3e, 0x0,
    0x7c, 0x3, 0xe0, 0x3, 0xe0, 0x7c, 0x0, 0x1e,
    0x7, 0x80, 0x1, 0xf0, 0xf8, 0x0, 0xf, 0xf,
    0x0, 0x0, 0xf9, 0xf0, 0x0, 0x7, 0x9e, 0x0,
    0x0, 0x7f, 0xe0, 0x0, 0x3, 0xfc, 0x0, 0x0,
    0x3f, 0xc0, 0x0, 0x1, 0xf8, 0x0, 0x0, 0xf,
    0x0, 0x0, 0x0, 0xf0, 0x0, 0x0, 0xf, 0x0,
    0x0, 0x0, 0xf0, 0x0, 0x0, 0xf, 0x0, 0x0,
    0x0, 0xf0, 0x0, 0x0, 0xf, 0x0, 0x0, 0x0,
    0xf0, 0x0, 0x0, 0xf, 0x0, 0x0, 0x0, 0xf0,
    0x0, 0x0, 0xf, 0x0, 0x0, 0x0, 0xf0, 0x0,
    0x0, 0xf, 0x0, 0x0, 0x0, 0xf0, 0x0,

    /* U+005A "Z" */
    0x7f, 0xff, 0xff, 0x3f, 0xff, 0xff, 0x9f, 0xff,
    0xff, 0xc0, 0x0, 0x1, 0xe0, 0x0, 0x1, 0xe0,
    0x0, 0x1, 0xf0, 0x0, 0x0, 0xf0, 0x0, 0x0,
    0xf0, 0x0, 0x0, 0xf0, 0x0, 0x0, 0x78, 0x0,
    0x0, 0x78, 0x0, 0x0, 0x78, 0x0, 0x0, 0x7c,
    0x0, 0x0, 0x3c, 0x0, 0x0, 0x3c, 0x0, 0x0,
    0x3e, 0x0, 0x0, 0x1e, 0x0, 0x0, 0x1e, 0x0,
    0x0, 0x1f, 0x0, 0x0, 0xf, 0x0, 0x0, 0xf,
    0x0, 0x0, 0xf, 0x80, 0x0, 0x7, 0x80, 0x0,
    0x7, 0x80, 0x0, 0x7, 0xc0, 0x0, 0x7, 0xc0,
    0x0, 0x3, 0xc0, 0x0, 0x3, 0xe0, 0x0, 0x3,
    0xe0, 0x0, 0x1, 0xe0, 0x0, 0x1, 0xf0, 0x0,
    0x1, 0xff, 0xff, 0xff, 0xff, 0xff, 0xff, 0xff,
    0xff, 0xff, 0xc0,

    /* U+005B "[" */
    0xff, 0xff, 0xff, 0xfe, 0xf, 0x7, 0x83, 0xc1,
    0xe0, 0xf0, 0x78, 0x3c, 0x1e, 0xf, 0x7, 0x83,
    0xc1, 0xe0, 0xf0, 0x78, 0x3c, 0x1e, 0xf, 0x7,
    0x83, 0xc1, 0xe0, 0xf0, 0x78, 0x3c, 0x1e, 0xf,
    0x7, 0x83, 0xc1, 0xe0, 0xf0, 0x78, 0x3c, 0x1e,
    0xf, 0x7, 0x83, 0xc1, 0xe0, 0xf0, 0x78, 0x3c,
    0x1f, 0xff, 0xff, 0xfc,

    /* U+005C "\\" */
    0xf0, 0x0, 0x1e, 0x0, 0x7, 0x80, 0x1, 0xe0,
    0x0, 0x3c, 0x0, 0xf, 0x0, 0x3, 0xe0, 0x0,
    0x78, 0x0, 0x1e, 0x0, 0x3, 0xc0, 0x0, 0xf0,
    0x0, 0x3c, 0x0, 0x7, 0x80, 0x1, 0xe0, 0x0,
    0x7c, 0x0, 0xf, 0x0, 0x3, 0xc0, 0x0, 0x78,
    0x0, 0x1e, 0x0, 0x7, 0xc0, 0x0, 0xf0, 0x0,
    0x3c, 0x0, 0x7, 0x80, 0x1, 0xe0, 0x0, 0x78,
    0x0, 0xf, 0x0, 0x3, 0xc0, 0x0, 0xf8, 0x0,
    0x1e, 0x0, 0x7, 0x80, 0x0, 0xf0, 0x0, 0x3c,
    0x0, 0xf, 0x0, 0x1, 0xe0, 0x0, 0x78, 0x0,
    0x1f, 0x0, 0x3, 0xc0, 0x0, 0xf0,

    /* U+005D "]" */
    0xff, 0xff, 0xff, 0xe0, 0xf0, 0x78, 0x3c, 0x1e,
    0xf, 0x7, 0x83, 0xc1, 0xe0, 0xf0, 0x78, 0x3c,
    0x1e, 0xf, 0x7, 0x83, 0xc1, 0xe0, 0xf0, 0x78,
    0x3c, 0x1e, 0xf, 0x7, 0x83, 0xc1, 0xe0, 0xf0,
    0x78, 0x3c, 0x1e, 0xf, 0x7, 0x83, 0xc1, 0xe0,
    0xf0, 0x78, 0x3c, 0x1e, 0xf, 0x7, 0x83, 0xc1,
    0xff, 0xff, 0xff, 0xfc,

    /* U+005E "^" */
    0x1, 0xe0, 0x0, 0x78, 0x0, 0x3f, 0x0, 0xf,
    0xc0, 0x3, 0xf0, 0x1, 0xfe, 0x0, 0x7f, 0x80,
    0x3c, 0xf0, 0xf, 0x3c, 0x3, 0xc7, 0x1, 0xe1,
    0xe0, 0x78, 0x78, 0x3c, 0xf, 0xf, 0x3, 0xc3,
    0xc0, 0xf1, 0xe0, 0x1e, 0x78, 0x7, 0x80,

    /* U+005F "_" */
    0xff, 0xff, 0xff, 0xff, 0xff, 0xff, 0xff, 0xff,
    0xc0,

    /* U+0060 "`" */
    0x7c, 0xf, 0x83, 0xe0, 0x7c, 0xf, 0x81, 0xe0,
    0x3c,

    /* U+0061 "a" */
    0x1, 0xfc, 0x0, 0x3f, 0xfc, 0x7, 0xff, 0xf0,
    0x7e, 0xf, 0xc3, 0xc0, 0x1e, 0x3c, 0x0, 0xf9,
    0xe0, 0x3, 0xc0, 0x0, 0x1e, 0x0, 0x0, 0xf0,
    0x0, 0x7, 0x80, 0x7f, 0xfc, 0x1f, 0xff, 0xe1,
    0xff, 0xff, 0x1f, 0x80, 0x79, 0xf0, 0x3, 0xdf,
    0x0, 0x1e, 0xf0, 0x0, 0xf7, 0x80, 0x7, 0xbc,
    0x0, 0x3d, 0xe0, 0x1, 0xef, 0x80, 0x1f, 0x3c,
    0x1, 0xf9, 0xf8, 0x3f, 0xc7, 0xff, 0xde, 0x1f,
    0xfc, 0xf8, 0x3f, 0x83, 0xc0,

    /* U+0062 "b" */
    0xf0, 0x0, 0x7, 0x80, 0x0, 0x3c, 0x0, 0x1,
    0xe0, 0x0, 0xf, 0x0, 0x0, 0x78, 0x0, 0x3,
    0xc0, 0x0, 0x1e, 0x0, 0x0, 0xf0, 0x0, 0x7,
    0x80, 0x0, 0x3c, 0x3f, 0x1, 0xe7, 0xfe, 0xf,
    0x7f, 0xfc, 0x7f, 0x83, 0xe3, 0xf0, 0xf, 0x9f,
    0x0, 0x3e, 0xf0, 0x0, 0xf7, 0x80, 0x7, 0xbc,
    0x0, 0x1f, 0xe0, 0x0, 0xff, 0x0, 0x7, 0xf8,
    0x0, 0x3f, 0xc0, 0x1, 0xfe, 0x0, 0xf, 0xf0,
    0x0, 0x7f, 0x80, 0x3, 0xfc, 0x0, 0x1f, 0xe0,
    0x1, 0xff, 0x0, 0xf, 0x78, 0x0, 0x7b, 0xe0,
    0x7, 0xdf, 0x80, 0x7c, 0xff, 0x7, 0xc7, 0xbf,
    0xfe, 0x3c, 0xff, 0xc1, 0xe1, 0xf8, 0x0,

    /* U+0063 "c" */
    0x0, 0xfe, 0x0, 0x1f, 0xfe, 0x0, 0xff, 0xfe,
    0x7, 0xc0, 0xfc, 0x3e, 0x1, 0xf0, 0xf0, 0x3,
    0xe7, 0x80, 0x7, 0x9e, 0x0, 0x1e, 0xf0, 0x0,
    0x7b, 0xc0, 0x0, 0xf, 0x0, 0x0, 0x3c, 0x0,
    0x0, 0xf0, 0x0, 0x3, 0xc0, 0x0, 0xf, 0x0,
    0x0, 0x3c, 0x0, 0x0, 0xf0, 0x0, 0x3, 0xc0,
    0x0, 0x7, 0x80, 0x7, 0x9e, 0x0, 0x1e, 0x3c,
    0x0, 0xf8, 0xf8, 0x7, 0xc1, 0xf0, 0x3f, 0x3,
    0xff, 0xf8, 0x7, 0xff, 0x80, 0x3, 0xf8, 0x0,

    /* U+0064 "d" */
    0x0, 0x0, 0x78, 0x0, 0x3, 0xc0, 0x0, 0x1e,
    0x0, 0x0, 0xf0, 0x0, 0x7, 0x80, 0x0, 0x3c,
    0x0, 0x1, 0xe0, 0x0, 0xf, 0x0, 0x0, 0x78,
    0x0, 0x3, 0xc0, 0x7e, 0x1e, 0xf, 0xfc, 0xf0,
    0xff, 0xf7, 0x8f, 0x81, 0xfc, 0xf8, 0x7, 0xef,
    0x80, 0x1f, 0x78, 0x0, 0x7b, 0xc0, 0x3, 0xfe,
    0x0, 0x1f, 0xe0, 0x0, 0xff, 0x0, 0x7, 0xf8,
    0x0, 0x3f, 0xc0, 0x1, 0xfe, 0x0, 0xf, 0xf0,
    0x0, 0x7f, 0x80, 0x3, 0xfc, 0x0, 0x1f, 0xf0,
    0x0, 0xf7, 0x80, 0x7, 0xbc, 0x0, 0x3c, 0xf0,
    0x3, 0xe7, 0xc0, 0x3f, 0x1f, 0x3, 0xf8, 0x7f,
    0xfb, 0xc1, 0xff, 0x9e, 0x3, 0xf0, 0xf0,

    /* U+0065 "e" */
    0x0, 0xfc, 0x0, 0x1f, 0xf8, 0x3, 0xff, 0xf0,
    0x3e, 0xf, 0xc3, 0xe0, 0x1e, 0x1e, 0x0, 0x79,
    0xe0, 0x3, 0xcf, 0x0, 0xe, 0x78, 0x0, 0x7f,
    0x80, 0x3, 0xfc, 0x0, 0x1f, 0xff, 0xff, 0xff,
    0xff, 0xff, 0xff, 0xff, 0xff, 0xc0, 0x0, 0x1e,
    0x0, 0x0, 0xf0, 0x0, 0x7, 0xc0, 0x0, 0x1e,
    0x0, 0x0, 0xf0, 0x0, 0x43, 0xc0, 0x7, 0x1f,
    0x0, 0x7c, 0x7e, 0xf, 0xc1, 0xff, 0xfc, 0x7,
    0xff, 0xc0, 0x7, 0xf0, 0x0,

    /* U+0066 "f" */
    0x0, 0x7e, 0x3, 0xfc, 0xf, 0xf8, 0x3e, 0x0,
    0x78, 0x1, 0xe0, 0x3, 0xc0, 0x7, 0x80, 0xf,
    0x0, 0x1e, 0x3, 0xff, 0xf7, 0xff, 0xef, 0xff,
    0xc1, 0xe0, 0x3, 0xc0, 0x7, 0x80, 0xf, 0x0,
    0x1e, 0x0, 0x3c, 0x0, 0x78, 0x0, 0xf0, 0x1,
    0xe0, 0x3, 0xc0, 0x7, 0x80, 0xf, 0x0, 0x1e,
    0x0, 0x3c, 0x0, 0x78, 0x0, 0xf0, 0x1, 0xe0,
    0x3, 0xc0, 0x7, 0x80, 0xf, 0x0, 0x1e, 0x0,
    0x3c, 0x0, 0x78, 0x0,

    /* U+0067 "g" */
    0x1, 0xf8, 0x78, 0x3f, 0xf3, 0xc3, 0xff, 0xde,
    0x3e, 0xf, 0xf3, 0xe0, 0x1f, 0xbe, 0x0, 0x7d,
    0xe0, 0x1, 0xef, 0x0, 0xf, 0xf8, 0x0, 0x7f,
    0x80, 0x3, 0xfc, 0x0, 0x1f, 0xe0, 0x0, 0xff,
    0x0, 0x7, 0xf8, 0x0, 0x3f, 0xc0, 0x1, 0xfe,
    0x0, 0xf, 0xf0, 0x0, 0x7f, 0xc0, 0x3, 0xde,
    0x0, 0x1e, 0xf0, 0x0, 0xf7, 0xc0, 0xf, 0x9f,
    0x0, 0xfc, 0x7c, 0xf, 0xe1, 0xff, 0xef, 0x7,
    0xfe, 0x78, 0xf, 0xc3, 0xc0, 0x0, 0x1e, 0x0,
    0x0, 0xf0, 0x0, 0x7, 0x80, 0x0, 0x78, 0xc0,
    0x3, 0xc7, 0x0, 0x3e, 0x7e, 0x3, 0xe1, 0xff,
    0xfe, 0x7, 0xff, 0xe0, 0xf, 0xfc, 0x0, 0x2,
    0x0, 0x0,

    /* U+0068 "h" */
    0xf0, 0x0, 0xf, 0x0, 0x0, 0xf0, 0x0, 0xf,
    0x0, 0x0, 0xf0, 0x0, 0xf, 0x0, 0x0, 0xf0,
    0x0, 0xf, 0x0, 0x0, 0xf0, 0x0, 0xf, 0x0,
    0x0, 0xf0, 0x7e, 0xf, 0x3f, 0xf8, 0xf7, 0xff,
    0xcf, 0xf0, 0x7e, 0xfc, 0x1, 0xef, 0x80, 0x1f,
    0xf8, 0x0, 0xff, 0x0, 0xf, 0xf0, 0x0, 0xff,
    0x0, 0xf, 0xf0, 0x0, 0xff, 0x0, 0xf, 0xf0,
    0x0, 0xff, 0x0, 0xf, 0xf0, 0x0, 0xff, 0x0,
    0xf, 0xf0, 0x0, 0xff, 0x0, 0xf, 0xf0, 0x0,
    0xff, 0x0, 0xf, 0xf0, 0x0, 0xff, 0x0, 0xf,
    0xf0, 0x0, 0xff, 0x0, 0xf, 0xf0, 0x0, 0xff,
    0x0, 0xf,

    /* U+0069 "i" */
    0x77, 0xff, 0xf7, 0x0, 0x0, 0x7b, 0xde, 0xf7,
    0xbd, 0xef, 0x7b, 0xde, 0xf7, 0xbd, 0xef, 0x7b,
    0xde, 0xf7, 0xbd, 0xef, 0x7b, 0xc0,

    /* U+006A "j" */
    0x3, 0x81, 0xf0, 0x7c, 0x1f, 0x3, 0x80, 0x0,
    0x0, 0x0, 0x3, 0xc0, 0xf0, 0x3c, 0xf, 0x3,
    0xc0, 0xf0, 0x3c, 0xf, 0x3, 0xc0, 0xf0, 0x3c,
    0xf, 0x3, 0xc0, 0xf0, 0x3c, 0xf, 0x3, 0xc0,
    0xf0, 0x3c, 0xf, 0x3, 0xc0, 0xf0, 0x3c, 0xf,
    0x3, 0xc0, 0xf0, 0x3c, 0xf, 0x3, 0xc0, 0xf0,
    0x3c, 0xf, 0x7, 0xff, 0xef, 0xf3, 0xf8, 0x10,
    0x0,

    /* U+006B "k" */
    0xf0, 0x0, 0x7, 0x80, 0x0, 0x3c, 0x0, 0x1,
    0xe0, 0x0, 0xf, 0x0, 0x0, 0x78, 0x0, 0x3,
    0xc0, 0x0, 0x1e, 0x0, 0x0, 0xf0, 0x0, 0x7,
    0x80, 0x0, 0x3c, 0x0, 0xf9, 0xe0, 0xf, 0x8f,
    0x0, 0xf8, 0x78, 0xf, 0x83, 0xc0, 0xf8, 0x1e,
    0xf, 0xc0, 0xf0, 0xfc, 0x7, 0x8f, 0xc0, 0x3c,
    0xfc, 0x1, 0xe7, 0xc0, 0xf, 0x7c, 0x0, 0x7f,
    0xe0, 0x3, 0xff, 0x80, 0x1f, 0xfe, 0x0, 0xfd,
    0xf0, 0x7, 0xc7, 0xc0, 0x3c, 0x1f, 0x1, 0xe0,
    0xf8, 0xf, 0x3, 0xe0, 0x78, 0xf, 0x83, 0xc0,
    0x3e, 0x1e, 0x1, 0xf0, 0xf0, 0x7, 0xc7, 0x80,
    0x1f, 0x3c, 0x0, 0xfd, 0xe0, 0x3, 0xe0,

    /* U+006C "l" */
    0xff, 0xff, 0xff, 0xff, 0xff, 0xff, 0xff, 0xff,
    0xff, 0xff, 0xff, 0xff, 0xff, 0xff, 0xff, 0xff,
    0xff, 0xff,

    /* U+006D "m" */
    0xf0, 0xfe, 0x0, 0xfc, 0x1e, 0x7f, 0xf0, 0x7f,
    0xe3, 0xdf, 0xff, 0x3f, 0xfe, 0x7f, 0x3, 0xff,
    0x7, 0xef, 0xc0, 0x1f, 0xc0, 0x3d, 0xf0, 0x3,
    0xf0, 0x7, 0xfc, 0x0, 0x3e, 0x0, 0x7f, 0x80,
    0x7, 0x80, 0xf, 0xf0, 0x0, 0xf0, 0x1, 0xfe,
    0x0, 0x1e, 0x0, 0x3f, 0xc0, 0x3, 0xc0, 0x7,
    0xf8, 0x0, 0x78, 0x0, 0xff, 0x0, 0xf, 0x0,
    0x1f, 0xe0, 0x1, 0xe0, 0x3, 0xfc, 0x0, 0x3c,
    0x0, 0x7f, 0x80, 0x7, 0x80, 0xf, 0xf0, 0x0,
    0xf0, 0x1, 0xfe, 0x0, 0x1e, 0x0, 0x3f, 0xc0,
    0x3, 0xc0, 0x7, 0xf8, 0x0, 0x78, 0x0, 0xff,
    0x0, 0xf, 0x0, 0x1f, 0xe0, 0x1, 0xe0, 0x3,
    0xfc, 0x0, 0x3c, 0x0, 0x7f, 0x80, 0x7, 0x80,
    0xf, 0xf0, 0x0, 0xf0, 0x1, 0xfe, 0x0, 0x1e,
    0x0, 0x3c,

    /* U+006E "n" */
    0xf0, 0x7e, 0xf, 0x3f, 0xf8, 0xf7, 0xff, 0xcf,
    0xf0, 0x7e, 0xfc, 0x1, 0xef, 0x80, 0x1f, 0xf8,
    0x0, 0xff, 0x0, 0xf, 0xf0, 0x0, 0xff, 0x0,
    0xf, 0xf0, 0x0, 0xff, 0x0, 0xf, 0xf0, 0x0,
    0xff, 0x0, 0xf, 0xf0, 0x0, 0xff, 0x0, 0xf,
    0xf0, 0x0, 0xff, 0x0, 0xf, 0xf0, 0x0, 0xff,
    0x0, 0xf, 0xf0, 0x0, 0xff, 0x0, 0xf, 0xf0,
    0x0, 0xff, 0x0, 0xf, 0xf0, 0x0, 0xff, 0x0,
    0xf,

    /* U+006F "o" */
    0x0, 0xfe, 0x0, 0x7, 0xff, 0x0, 0x3f, 0xff,
    0x80, 0xfc, 0x1f, 0x83, 0xe0, 0xf, 0x87, 0x80,
    0xf, 0x1f, 0x0, 0x1f, 0x3c, 0x0, 0x1e, 0x78,
    0x0, 0x3d, 0xe0, 0x0, 0x3f, 0xc0, 0x0, 0x7f,
    0x80, 0x0, 0xff, 0x0, 0x1, 0xfe, 0x0, 0x3,
    0xfc, 0x0, 0x7, 0xf8, 0x0, 0xf, 0xf0, 0x0,
    0x1e, 0xf0, 0x0, 0x79, 0xe0, 0x0, 0xf3, 0xc0,
    0x3, 0xe3, 0xc0, 0x7, 0x87, 0xc0, 0x1f, 0x7,
    0xe0, 0xfc, 0x7, 0xff, 0xf0, 0x3, 0xff, 0x80,
    0x1, 0xfc, 0x0,

    /* U+0070 "p" */
    0xf0, 0xfe, 0x7, 0x9f, 0xf8, 0x3d, 0xff, 0xf1,
    0xfc, 0xf, 0x8f, 0xc0, 0x3e, 0x7c, 0x0, 0xfb,
    0xc0, 0x3, 0xde, 0x0, 0x1e, 0xf0, 0x0, 0xff,
    0x80, 0x3, 0xfc, 0x0, 0x1f, 0xe0, 0x0, 0xff,
    0x0, 0x7, 0xf8, 0x0, 0x3f, 0xc0, 0x1, 0xfe,
    0x0, 0xf, 0xf0, 0x0, 0x7f, 0x80, 0x7, 0xfc,
    0x0, 0x3d, 0xe0, 0x1, 0xef, 0x80, 0x1f, 0x7e,
    0x1, 0xf3, 0xf8, 0x1f, 0x1e, 0xff, 0xf8, 0xf3,
    0xff, 0x7, 0x87, 0xe0, 0x3c, 0x0, 0x1, 0xe0,
    0x0, 0xf, 0x0, 0x0, 0x78, 0x0, 0x3, 0xc0,
    0x0, 0x1e, 0x0, 0x0, 0xf0, 0x0, 0x7, 0x80,
    0x0, 0x3c, 0x0, 0x1, 0xe0, 0x0, 0x0,

    /* U+0071 "q" */
    0x1, 0xf8, 0x78, 0x3f, 0xf3, 0xc3, 0xff, 0xde,
    0x3e, 0xf, 0xf3, 0xe0, 0x1f, 0xbe, 0x0, 0x7d,
    0xe0, 0x1, 0xef, 0x0, 0xf, 0xf8, 0x0, 0x7f,
    0x80, 0x3, 0xfc, 0x0, 0x1f, 0xe0, 0x0, 0xff,
    0x0, 0x7, 0xf8, 0x0, 0x3f, 0xc0, 0x1, 0xfe,
    0x0, 0xf, 0xf0, 0x0, 0x7f, 0xc0, 0x3, 0xde,
    0x0, 0x1e, 0xf0, 0x0, 0xf7, 0xc0, 0xf, 0x9f,
    0x0, 0xfc, 0x7c, 0xf, 0xe1, 0xff, 0xef, 0x7,
    0xfe, 0x78, 0xf, 0xc3, 0xc0, 0x0, 0x1e, 0x0,
    0x0, 0xf0, 0x0, 0x7, 0x80, 0x0, 0x3c, 0x0,
    0x1, 0xe0, 0x0, 0xf, 0x0, 0x0, 0x78, 0x0,
    0x3, 0xc0, 0x0, 0x1e, 0x0, 0x0, 0xf0,

    /* U+0072 "r" */
    0xf1, 0xff, 0x3f, 0xf7, 0xff, 0xe0, 0xfc, 0xf,
    0x80, 0xf0, 0xf, 0x0, 0xf0, 0xf, 0x0, 0xf0,
    0xf, 0x0, 0xf0, 0xf, 0x0, 0xf0, 0xf, 0x0,
    0xf0, 0xf, 0x0, 0xf0, 0xf, 0x0, 0xf0, 0xf,
    0x0, 0xf0, 0xf, 0x0, 0xf0, 0xf, 0x0,

    /* U+0073 "s" */
    0x1, 0xfc, 0x0, 0x7f, 0xf0, 0x1f, 0xff, 0xc3,
    0xe0, 0x7e, 0x3c, 0x1, 0xe7, 0x80, 0x1f, 0x78,
    0x0, 0xf7, 0x80, 0xf, 0x7c, 0x0, 0x7, 0xe0,
    0x0, 0x3f, 0xc0, 0x1, 0xff, 0xc0, 0xf, 0xff,
    0x0, 0x7f, 0xfc, 0x0, 0x7f, 0xe0, 0x0, 0xfe,
    0x0, 0x1, 0xf0, 0x0, 0xf, 0xf0, 0x0, 0xff,
    0x0, 0xf, 0xf8, 0x0, 0xf7, 0xc0, 0x1e, 0x3e,
    0x7, 0xe1, 0xff, 0xfc, 0xf, 0xff, 0x0, 0x3f,
    0xc0,

    /* U+0074 "t" */
    0x7, 0x80, 0x1e, 0x0, 0x78, 0x1, 0xe0, 0x7,
    0x80, 0x1e, 0xf, 0xff, 0xff, 0xff, 0xff, 0xfc,
    0x1e, 0x0, 0x78, 0x1, 0xe0, 0x7, 0x80, 0x1e,
    0x0, 0x78, 0x1, 0xe0, 0x7, 0x80, 0x1e, 0x0,
    0x78, 0x1, 0xe0, 0x7, 0x80, 0x1e, 0x0, 0x78,
    0x1, 0xe0, 0x7, 0x80, 0x1e, 0x0, 0x78, 0x1,
    0xe0, 0x7, 0xc0, 0xf, 0xf0, 0x1f, 0xc0, 0x3f,

    /* U+0075 "u" */
    0xf0, 0x0, 0xff, 0x0, 0xf, 0xf0, 0x0, 0xff,
    0x0, 0xf, 0xf0, 0x0, 0xff, 0x0, 0xf, 0xf0,
    0x0, 0xff, 0x0, 0xf, 0xf0, 0x0, 0xff, 0x0,
    0xf, 0xf0, 0x0, 0xff, 0x0, 0xf, 0xf0, 0x0,
    0xff, 0x0, 0xf, 0xf0, 0x0, 0xff, 0x0, 0xf,
    0xf0, 0x0, 0xff, 0x0, 0xf, 0xf0, 0x0, 0xff,
    0x0, 0xf, 0xf8, 0x1, 0xf7, 0x80, 0x3f, 0x7e,
    0xf, 0xf3, 0xff, 0xff, 0x1f, 0xfc, 0xf0, 0x7f,
    0xf,

    /* U+0076 "v" */
    0xf0, 0x0, 0x7f, 0xc0, 0x7, 0xde, 0x0, 0x3e,
    0xf0, 0x1, 0xe7, 0xc0, 0xf, 0x1e, 0x0, 0xf0,
    0xf0, 0x7, 0x87, 0xc0, 0x3c, 0x1e, 0x3, 0xc0,
    0xf0, 0x1e, 0x7, 0xc0, 0xf0, 0x1e, 0xf, 0x0,
    0xf0, 0x78, 0x3, 0xc3, 0xc0, 0x1e, 0x3c, 0x0,
    0xf1, 0xe0, 0x3, 0xcf, 0x0, 0x1e, 0xf0, 0x0,
    0xf7, 0x80, 0x3, 0xfc, 0x0, 0x1f, 0xc0, 0x0,
    0xfe, 0x0, 0x3, 0xf0, 0x0, 0x1f, 0x0, 0x0,
    0xf8, 0x0, 0x3, 0x80, 0x0,

    /* U+0077 "w" */
    0xf0, 0x1, 0xe0, 0x7, 0xfe, 0x0, 0x78, 0x1,
    0xf7, 0x80, 0x3e, 0x0, 0x79, 0xe0, 0xf, 0xc0,
    0x1e, 0x78, 0x3, 0xf0, 0x7, 0x8f, 0x0, 0xfc,
    0x3, 0xc3, 0xc0, 0x7f, 0x80, 0xf0, 0xf0, 0x1f,
    0xe0, 0x3c, 0x3e, 0x7, 0x38, 0xf, 0x7, 0x83,
    0xcf, 0x7, 0x81, 0xe0, 0xf3, 0xc1, 0xe0, 0x78,
    0x38, 0x70, 0x78, 0xf, 0x1e, 0x1e, 0x1c, 0x3,
    0xc7, 0x87, 0x8f, 0x0, 0xf1, 0xc1, 0xe3, 0xc0,
    0x3c, 0x70, 0x38, 0xf0, 0x7, 0xbc, 0xf, 0x38,
    0x1, 0xef, 0x3, 0xde, 0x0, 0x7b, 0x80, 0x77,
    0x80, 0xf, 0xe0, 0x1f, 0xc0, 0x3, 0xf8, 0x7,
    0xf0, 0x0, 0xfc, 0x0, 0xfc, 0x0, 0x3f, 0x0,
    0x3f, 0x0, 0x7, 0xc0, 0xf, 0x80, 0x1, 0xe0,
    0x1, 0xe0, 0x0, 0x78, 0x0, 0x78, 0x0,

    /* U+0078 "x" */
    0x7c, 0x0, 0xf9, 0xf0, 0x3, 0xe3, 0xe0, 0x1f,
    0xf, 0x80, 0xf8, 0x1f, 0x3, 0xe0, 0x3c, 0x1f,
    0x0, 0xf8, 0x78, 0x1, 0xf3, 0xe0, 0x3, 0xdf,
    0x0, 0xf, 0xf8, 0x0, 0x1f, 0xe0, 0x0, 0x3f,
    0x0, 0x0, 0xf8, 0x0, 0x3, 0xf0, 0x0, 0x1f,
    0xc0, 0x0, 0x7f, 0x80, 0x3, 0xff, 0x0, 0x1f,
    0x3c, 0x0, 0x7c, 0xf8, 0x3, 0xe1, 0xf0, 0xf,
    0x7, 0xc0, 0x7c, 0xf, 0x83, 0xe0, 0x1f, 0xf,
    0x80, 0x7c, 0x7c, 0x0, 0xfb, 0xe0, 0x3, 0xe0,

    /* U+0079 "y" */
    0xf0, 0x0, 0xff, 0xc0, 0x7, 0xfe, 0x0, 0x3c,
    0xf0, 0x3, 0xe7, 0xc0, 0x1f, 0x3e, 0x0, 0xf0,
    0xf0, 0x7, 0x87, 0xc0, 0x7c, 0x3e, 0x3, 0xc0,
    0xf0, 0x1e, 0x7, 0xc1, 0xf0, 0x3e, 0xf, 0x0,
    0xf0, 0x78, 0x7, 0xc3, 0xc0, 0x3e, 0x3c, 0x0,
    0xf1, 0xe0, 0x7, 0xcf, 0x0, 0x1e, 0xf0, 0x0,
    0xf7, 0x80, 0x7, 0xbc, 0x0, 0x1f, 0xc0, 0x0,
    0xfe, 0x0, 0x7, 0xf0, 0x0, 0x1f, 0x0, 0x0,
    0xf8, 0x0, 0x7, 0x80, 0x0, 0x1c, 0x0, 0x1,
    0xe0, 0x0, 0xe, 0x0, 0x0, 0xf0, 0x0, 0x7,
    0x80, 0x0, 0x38, 0x0, 0x3, 0xc0, 0x3, 0xfc,
    0x0, 0x1f, 0xc0, 0x0, 0xfc, 0x0, 0x1, 0x0,
    0x0, 0x0,

    /* U+007A "z" */
    0xff, 0xff, 0xef, 0xff, 0xfe, 0xff, 0xff, 0xe0,
    0x0, 0x1e, 0x0, 0x3, 0xc0, 0x0, 0x78, 0x0,
    0xf, 0x80, 0x0, 0xf0, 0x0, 0x1e, 0x0, 0x3,
    0xe0, 0x0, 0x7c, 0x0, 0x7, 0x80, 0x0, 0xf8,
    0x0, 0x1f, 0x0, 0x3, 0xe0, 0x0, 0x3c, 0x0,
    0x7, 0xc0, 0x0, 0xf8, 0x0, 0xf, 0x0, 0x1,
    0xf0, 0x0, 0x3e, 0x0, 0x7, 0xc0, 0x0, 0x78,
    0x0, 0xf, 0xff, 0xff, 0xff, 0xff, 0xff, 0xff,
    0xff,

    /* U+007B "{" */
    0x0, 0x8, 0x0, 0xf0, 0xf, 0xc0, 0x7c, 0x1,
    0xe0, 0xf, 0x0, 0x3c, 0x1, 0xe0, 0x7, 0x80,
    0x1e, 0x0, 0x78, 0x1, 0xe0, 0x7, 0x80, 0x1e,
    0x0, 0x78, 0x1, 0xe0, 0x7, 0x80, 0x1e, 0x0,
    0x78, 0x3, 0xc0, 0x1f, 0x3, 0xf8, 0xf, 0xc0,
    0x3f, 0x0, 0xfe, 0x0, 0x7c, 0x0, 0xf0, 0x1,
    0xe0, 0x7, 0x80, 0x1e, 0x0, 0x78, 0x1, 0xe0,
    0x7, 0x80, 0x1e, 0x0, 0x78, 0x1, 0xe0, 0x7,
    0x80, 0x1e, 0x0, 0x78, 0x0, 0xf0, 0x3, 0xc0,
    0x7, 0x80, 0x1f, 0x0, 0x3f, 0x0, 0x38, 0x0,
    0x20,

    /* U+007C "|" */
    0xff, 0xff, 0xff, 0xff, 0xff, 0xff, 0xff, 0xff,
    0xff, 0xff, 0xff, 0xff, 0xff, 0xff, 0xff, 0xff,
    0xff, 0xff, 0xff, 0xff, 0xf0,

    /* U+007D "}" */
    0x60, 0x1, 0xf0, 0x3, 0xf0, 0x1, 0xf0, 0x1,
    0xf0, 0x1, 0xe0, 0x3, 0xc0, 0x3, 0xc0, 0x7,
    0x80, 0xf, 0x0, 0x1e, 0x0, 0x3c, 0x0, 0x78,
    0x0, 0xf0, 0x1, 0xe0, 0x3, 0xc0, 0x7, 0x80,
    0xf, 0x0, 0x1f, 0x0, 0x1e, 0x0, 0x3e, 0x0,
    0x3f, 0xc0, 0x3f, 0x80, 0x7f, 0x1, 0xfe, 0x7,
    0xc0, 0xf, 0x0, 0x3e, 0x0, 0x78, 0x0, 0xf0,
    0x1, 0xe0, 0x3, 0xc0, 0x7, 0x80, 0xf, 0x0,
    0x1e, 0x0, 0x3c, 0x0, 0x78, 0x0, 0xf0, 0x1,
    0xe0, 0x7, 0x80, 0xf, 0x0, 0x3e, 0x0, 0xf8,
    0x7, 0xe0, 0xf, 0x80, 0xc, 0x0, 0x0,

    /* U+007E "~" */
    0x7, 0xc0, 0x1, 0xe3, 0xfe, 0x0, 0x3c, 0xff,
    0xe0, 0x7, 0xbe, 0x1f, 0x1, 0xf7, 0x81, 0xf0,
    0x3d, 0xe0, 0x1f, 0xf, 0xbc, 0x1, 0xff, 0xe7,
    0x80, 0xf, 0xf8, 0x0, 0x0, 0xfc, 0x0,

    /* U+00A0 " " */
    0x0,

    /* U+00A1 "¡" */
    0x77, 0xff, 0xf7, 0x0, 0x0, 0x0, 0x1e, 0xf7,
    0xbd, 0xef, 0x7b, 0xde, 0xf7, 0xbd, 0xef, 0x7b,
    0xde, 0xf7, 0xbd, 0xef, 0x7b, 0xc0,

    /* U+00A2 "¢" */
    0x0, 0x78, 0x0, 0x1, 0xe0, 0x0, 0x7, 0x80,
    0x0, 0x1e, 0x0, 0x0, 0x78, 0x0, 0x1, 0xe0,
    0x0, 0xf, 0xe0, 0x1, 0xff, 0xe0, 0xf, 0xff,
    0xe0, 0x7c, 0xf, 0xc3, 0xe0, 0x1f, 0xf, 0x0,
    0x3e, 0x78, 0x0, 0x79, 0xe0, 0x1, 0xef, 0x0,
    0x7, 0xbc, 0x0, 0x0, 0xf0, 0x0, 0x3, 0xc0,
    0x0, 0xf, 0x0, 0x0, 0x3c, 0x0, 0x0, 0xf0,
    0x0, 0x3, 0xc0, 0x0, 0xf, 0x0, 0x0, 0x3c,
    0x0, 0x0, 0x78, 0x0, 0x79, 0xe0, 0x1, 0xe3,
    0xc0, 0xf, 0x8f, 0x80, 0x7c, 0x1f, 0x87, 0xf0,
    0x3f, 0xff, 0x0, 0x7f, 0xf8, 0x0, 0x3f, 0x80,
    0x0, 0x78, 0x0, 0x1, 0xe0, 0x0, 0x7, 0x80,
    0x0, 0x1e, 0x0, 0x0, 0x78, 0x0, 0x1, 0xe0,
    0x0,

    /* U+00A3 "£" */
    0x0, 0x3f, 0x80, 0x0, 0xff, 0xe0, 0x1, 0xff,
    0xf8, 0x3, 0xe0, 0xfc, 0x7, 0xc0, 0x3c, 0x7,
    0x80, 0x3e, 0x7, 0x80, 0x1e, 0xf, 0x0, 0x1e,
    0xf, 0x0, 0x1e, 0xf, 0x0, 0x0, 0xf, 0x0,
    0x0, 0xf, 0x0, 0x0, 0xf, 0x0, 0x0, 0xf,
    0x0, 0x0, 0xf, 0x0, 0x0, 0xf, 0x0, 0x0,
    0xff, 0xff, 0x0, 0xff, 0xff, 0x0, 0xff, 0xff,
    0x0, 0xf, 0x0, 0x0, 0xf, 0x0, 0x0, 0xf,
    0x0, 0x0, 0xf, 0x0, 0x0, 0xf, 0x0, 0x0,
    0xf, 0x0, 0x0, 0xf, 0x0, 0x0, 0xf, 0x0,
    0x0, 0xf, 0x0, 0x0, 0xf, 0x0, 0x0, 0x1e,
    0x0, 0x0, 0x1e, 0x0, 0x0, 0xff, 0xff, 0xff,
    0xff, 0xff, 0xff, 0xff, 0xff, 0xff,

    /* U+00A4 "¤" */
    0x10, 0x0, 0x0, 0x0, 0xe0, 0x7f, 0x81, 0xc7,
    0xc7, 0xff, 0x8f, 0x9f, 0xff, 0xff, 0xff, 0x3f,
    0xf0, 0x3f, 0xf8, 0x7f, 0x0, 0x3f, 0x80, 0xf8,
    0x0, 0x7c, 0x7, 0xc0, 0x0, 0xf8, 0x1e, 0x0,
    0x1, 0xe0, 0xf0, 0x0, 0x3, 0xc3, 0xc0, 0x0,
    0xf, 0x1f, 0x0, 0x0, 0x3c, 0x78, 0x0, 0x0,
    0x79, 0xe0, 0x0, 0x1, 0xe7, 0x80, 0x0, 0x7,
    0x9e, 0x0, 0x0, 0x1e, 0x78, 0x0, 0x0, 0x79,
    0xe0, 0x0, 0x1, 0xe7, 0x80, 0x0, 0x7, 0x9f,
    0x0, 0x0, 0x3c, 0x3c, 0x0, 0x0, 0xf0, 0xf0,
    0x0, 0x3, 0xc1, 0xe0, 0x0, 0x1e, 0x7, 0xc0,
    0x0, 0xf8, 0x1f, 0x80, 0x7, 0xe0, 0xff, 0x0,
    0x3f, 0xc7, 0xff, 0x3, 0xff, 0xbf, 0x7f, 0xff,
    0xff, 0x78, 0x7f, 0xf8, 0xf8, 0xc0, 0x7f, 0x81,
    0xc0, 0x0, 0x0, 0x2, 0x0,

    /* U+00A5 "¥" */
    0xf8, 0x0, 0x1f, 0x7c, 0x0, 0x1f, 0x7c, 0x0,
    0x3e, 0x3e, 0x0, 0x3e, 0x3e, 0x0, 0x7c, 0x1f,
    0x0, 0x7c, 0x1f, 0x0, 0xf8, 0xf, 0x0, 0xf8,
    0xf, 0x81, 0xf0, 0x7, 0x81, 0xe0, 0x7, 0xc3,
    0xe0, 0x3, 0xc3, 0xc0, 0x3, 0xe3, 0xc0, 0x1,
    0xe7, 0x80, 0x1, 0xf7, 0x80, 0x0, 0xff, 0x0,
    0x0, 0xff, 0x0, 0x3f, 0xff, 0xfc, 0x3f, 0xff,
    0xfc, 0x3f, 0xff, 0xfc, 0x0, 0x3c, 0x0, 0x0,
    0x3c, 0x0, 0x0, 0x3c, 0x0, 0x3f, 0xff, 0xfc,
    0x3f, 0xff, 0xfc, 0x3f, 0xff, 0xfc, 0x0, 0x3c,
    0x0, 0x0, 0x3c, 0x0, 0x0, 0x3c, 0x0, 0x0,
    0x3c, 0x0, 0x0, 0x3c, 0x0, 0x0, 0x3c, 0x0,
    0x0, 0x3c, 0x0, 0x0, 0x3c, 0x0,

    /* U+00A6 "¦" */
    0xff, 0xff, 0xff, 0xff, 0xff, 0xff, 0xff, 0xff,
    0xff, 0x0, 0x0, 0xff, 0xff, 0xff, 0xff, 0xff,
    0xff, 0xff, 0xff, 0xff,

    /* U+00A7 "§" */
    0x0, 0xff, 0x80, 0x3, 0xff, 0xf0, 0x3, 0xff,
    0xfe, 0x3, 0xf0, 0x1f, 0x83, 0xe0, 0x7, 0xe1,
    0xe0, 0x1, 0xf1, 0xe0, 0x0, 0x7c, 0xf0, 0x0,
    0x1e, 0x78, 0x0, 0xf, 0x3c, 0x0, 0x7, 0x9f,
    0x0, 0x0, 0xf, 0xc0, 0x0, 0x3, 0xf0, 0x0,
    0x0, 0xff, 0x0, 0x0, 0x3f, 0xf8, 0x0, 0x1f,
    0xff, 0x80, 0x3f, 0xff, 0xf0, 0x3f, 0x1f, 0xfe,
    0x1e, 0x1, 0xff, 0x9e, 0x0, 0x1f, 0xef, 0x0,
    0x3, 0xf7, 0x80, 0x0, 0x7f, 0xc0, 0x0, 0x1f,
    0xe0, 0x0, 0xf, 0xf8, 0x0, 0x7, 0xbe, 0x0,
    0x3, 0xdf, 0xc0, 0x3, 0xe7, 0xfc, 0x3, 0xe1,
    0xff, 0xe7, 0xf0, 0x3f, 0xff, 0xf0, 0x7, 0xff,
    0xe0, 0x0, 0x7f, 0xf0, 0x0, 0x7, 0xf8, 0x0,
    0x0, 0xfe, 0x0, 0x0, 0x1f, 0x80, 0x0, 0x7,
    0xcf, 0x0, 0x1, 0xe7, 0x80, 0x0, 0xf3, 0xc0,
    0x0, 0x79, 0xf0, 0x0, 0x3c, 0x78, 0x0, 0x3c,
    0x3f, 0x0, 0x3e, 0xf, 0xe0, 0x7e, 0x3, 0xff,
    0xfe, 0x0, 0x7f, 0xfe, 0x0, 0x7, 0xf8, 0x0,

    /* U+00A8 "¨" */
    0x70, 0x1d, 0xf0, 0x7f, 0xe0, 0xff, 0xc1, 0xf7,
    0x1, 0xc0,

    /* U+00A9 "©" */
    0x0, 0x7, 0xf0, 0x0, 0x0, 0x1f, 0xff, 0x0,
    0x0, 0x3f, 0xff, 0xe0, 0x0, 0x7f, 0x1, 0xfc,
    0x0, 0x7c, 0x0, 0x1f, 0x0, 0x7c, 0x0, 0x7,
    0xc0, 0x3c, 0x0, 0x1, 0xe0, 0x3c, 0xf, 0xe0,
    0x78, 0x3c, 0x1f, 0xf8, 0x1e, 0x1c, 0x1f, 0xff,
    0x7, 0x1e, 0x1f, 0xf, 0x83, 0xce, 0xf, 0x3,
    0xe0, 0xe7, 0x7, 0x80, 0xf0, 0x77, 0x7, 0x80,
    0x78, 0x3f, 0x83, 0xc0, 0x0, 0xf, 0xc1, 0xe0,
    0x0, 0x7, 0xe0, 0xf0, 0x0, 0x3, 0xf0, 0x78,
    0x0, 0x1, 0xf8, 0x3c, 0x0, 0x0, 0xfc, 0x1e,
    0x0, 0x0, 0x7e, 0xf, 0x0, 0x0, 0x3f, 0x87,
    0x80, 0x78, 0x3d, 0xc1, 0xe0, 0x3c, 0x1c, 0xe0,
    0xf0, 0x3e, 0xe, 0x78, 0x7c, 0x3e, 0xf, 0x1c,
    0x1f, 0xff, 0x7, 0xf, 0x7, 0xfe, 0x7, 0x83,
    0xc0, 0xfe, 0x7, 0x80, 0xf0, 0x0, 0x7, 0x80,
    0x7c, 0x0, 0x7, 0xc0, 0x1f, 0x0, 0x7, 0xc0,
    0x3, 0xf0, 0x1f, 0xc0, 0x0, 0xff, 0xff, 0x80,
    0x0, 0x1f, 0xff, 0x0, 0x0, 0x1, 0xfc, 0x0,
    0x0,

    /* U+00AA "ª" */
    0xf, 0xc0, 0x7f, 0xe1, 0xff, 0xe7, 0xc3, 0xcf,
    0x3, 0xc0, 0x7, 0x80, 0xf, 0x7, 0xfe, 0x3f,
    0xfc, 0xff, 0xfb, 0xe0, 0xf7, 0x81, 0xef, 0x3,
    0xde, 0x7, 0xbe, 0x1f, 0x3f, 0xfe, 0x7f, 0xfc,
    0x3e, 0x3c,

    /* U+00AB "«" */
    0x1, 0xc1, 0xc0, 0xf0, 0xe0, 0x78, 0x78, 0x3c,
    0x3c, 0xf, 0x1e, 0x7, 0x87, 0x83, 0xc3, 0xc1,
    0xf1, 0xe0, 0x78, 0xf8, 0x1e, 0x3e, 0x7, 0xc7,
    0x80, 0xf0, 0xf0, 0x1e, 0x3c, 0x7, 0x87, 0x80,
    0xf0, 0xf0, 0x1e, 0x1c, 0x3, 0x87, 0x80, 0xf0,
    0xe0, 0x1c, 0x1c,

    /* U+00AC "¬" */
    0xff, 0xff, 0xff, 0xff, 0xff, 0xff, 0xff, 0x80,
    0x0, 0xf0, 0x0, 0x1e, 0x0, 0x3, 0xc0, 0x0,
    0x78, 0x0, 0xf, 0x0, 0x1, 0xe0,

    /* U+00AD "­" */
    0xff, 0xff, 0xff, 0xff, 0x80,

    /* U+00AE "®" */
    0x0, 0x7, 0xf0, 0x0, 0x0, 0x1f, 0xff, 0x0,
    0x0, 0x3f, 0xff, 0xe0, 0x0, 0x7f, 0x1, 0xfc,
    0x0, 0x7c, 0x0, 0x1f, 0x0, 0x7c, 0x0, 0x7,
    0xc0, 0x3c, 0x0, 0x1, 0xe0, 0x3c, 0x7f, 0xe0,
    0x78, 0x3c, 0x3f, 0xfc, 0x1e, 0x1c, 0x1f, 0xff,
    0x7, 0x1e, 0xf, 0x7, 0xc3, 0xce, 0x7, 0x81,
    0xe0, 0xe7, 0x3, 0xc0, 0xf0, 0x77, 0x1, 0xe0,
    0x78, 0x3f, 0x80, 0xf0, 0x3c, 0xf, 0xc0, 0x78,
    0x3c, 0x7, 0xe0, 0x3f, 0xfc, 0x3, 0xf0, 0x1f,
    0xfc, 0x1, 0xf8, 0xf, 0xff, 0x80, 0xfc, 0x7,
    0x83, 0xc0, 0x7e, 0x3, 0xc0, 0xf0, 0x3f, 0x81,
    0xe0, 0x78, 0x3d, 0xc0, 0xf0, 0x3c, 0x1c, 0xe0,
    0x78, 0x1e, 0xe, 0x78, 0x3c, 0xf, 0xf, 0x1c,
    0x1e, 0x7, 0x87, 0xf, 0xf, 0x3, 0xc7, 0x83,
    0xc0, 0x0, 0x7, 0x80, 0xf0, 0x0, 0x7, 0x80,
    0x7c, 0x0, 0x7, 0xc0, 0x1f, 0x0, 0x7, 0xc0,
    0x3, 0xf0, 0x1f, 0xc0, 0x0, 0xff, 0xff, 0x80,
    0x0, 0x1f, 0xff, 0x0, 0x0, 0x1, 0xfc, 0x0,
    0x0,

    /* U+00AF "¯" */
    0xff, 0xff, 0xff, 0xff, 0xff, 0xff,

    /* U+00B0 "°" */
    0xf, 0x3, 0xfc, 0x7f, 0xe7, 0xe, 0xe0, 0x7e,
    0x7, 0xe0, 0x7e, 0x7, 0x70, 0xe7, 0xfe, 0x3f,
    0xc0, 0xf0,

    /* U+00B1 "±" */
    0x0, 0x78, 0x0, 0x1, 0xe0, 0x0, 0x7, 0x80,
    0x0, 0x1e, 0x0, 0x0, 0x78, 0x0, 0x1, 0xe0,
    0x0, 0x7, 0x80, 0x0, 0x1e, 0x0, 0x0, 0x78,
    0x0, 0x1, 0xe0, 0xf, 0xff, 0xff, 0xff, 0xff,
    0xff, 0xff, 0xff, 0xfc, 0x1, 0xe0, 0x0, 0x7,
    0x80, 0x0, 0x1e, 0x0, 0x0, 0x78, 0x0, 0x1,
    0xe0, 0x0, 0x7, 0x80, 0x0, 0x1e, 0x0, 0x0,
    0x78, 0x0, 0x1, 0xe0, 0x0, 0x7, 0x80, 0x0,
    0x1e, 0x0, 0x0, 0x0, 0x0, 0x0, 0x0, 0x0,
    0x0, 0x0, 0x1f, 0xff, 0xfe, 0x7f, 0xff, 0xf9,
    0xff, 0xff, 0xe0,

    /* U+00B2 "²" */
    0xf, 0xc0, 0xff, 0xc7, 0xff, 0x9e, 0x1f, 0xf0,
    0x3f, 0xc0, 0xf0, 0x3, 0xc0, 0x1e, 0x0, 0xf8,
    0x7, 0xc0, 0x3e, 0x1, 0xf0, 0x1f, 0x80, 0xf8,
    0x7, 0xc0, 0x3f, 0xff, 0xff, 0xff, 0xff, 0xf0,

    /* U+00B3 "³" */
    0xf, 0xc0, 0xff, 0xc7, 0xff, 0xbe, 0x1f, 0xf0,
    0x3c, 0x0, 0xf0, 0x7, 0xc1, 0xfe, 0x7, 0xe0,
    0x1f, 0xe0, 0x7, 0x80, 0xf, 0x0, 0x3f, 0xc0,
    0xff, 0x87, 0xdf, 0xfe, 0x3f, 0xf0, 0x3f, 0x0,

    /* U+00B4 "´" */
    0xf, 0x87, 0xc1, 0xe0, 0xf8, 0x3c, 0x1e, 0xf,
    0x0,

    /* U+00B5 "µ" */
    0xf0, 0x0, 0xff, 0x0, 0xf, 0xf0, 0x0, 0xff,
    0x0, 0xf, 0xf0, 0x0, 0xff, 0x0, 0xf, 0xf0,
    0x0, 0xff, 0x0, 0xf, 0xf0, 0x0, 0xff, 0x0,
    0xf, 0xf0, 0x0, 0xff, 0x0, 0xf, 0xf0, 0x0,
    0xff, 0x0, 0xf, 0xf0, 0x0, 0xff, 0x0, 0xf,
    0xf0, 0x0, 0xff, 0x0, 0xf, 0xf0, 0x0, 0xff,
    0x0, 0xf, 0xf8, 0x1, 0xff, 0x80, 0x3f, 0xfe,
    0x7, 0xff, 0xff, 0xff, 0xff, 0xfc, 0xff, 0x3f,
    0x8f, 0xf0, 0x0, 0xf, 0x0, 0x0, 0xf0, 0x0,
    0xf, 0x0, 0x0, 0xf0, 0x0, 0xf, 0x0, 0x0,
    0xf0, 0x0, 0xf, 0x0, 0x0, 0xf0, 0x0, 0xf,
    0x0, 0x0,

    /* U+00B6 "¶" */
    0x0, 0xff, 0xc1, 0xff, 0xf0, 0xff, 0xfc, 0x7f,
    0xff, 0x3f, 0xff, 0xcf, 0xff, 0xf7, 0xff, 0xfd,
    0xff, 0xff, 0x7f, 0xff, 0xdf, 0xff, 0xff, 0xff,
    0xfd, 0xff, 0xff, 0x7f, 0xff, 0xdf, 0xff, 0xf7,
    0xff, 0xfd, 0xff, 0xff, 0x3f, 0xff, 0xcf, 0xff,
    0xf1, 0xff, 0xfc, 0x3f, 0xff, 0x3, 0xff, 0xc0,
    0x3f, 0xf0, 0x0, 0x3c, 0x0, 0xf, 0x0, 0x3,
    0xc0, 0x0, 0xf0, 0x0, 0x3c, 0x0, 0xf, 0x0,
    0x3, 0xc0, 0x0, 0xf0, 0x0, 0x3c, 0x0, 0xf,
    0x0, 0x3, 0xc0, 0x0, 0xf0,

    /* U+00B7 "·" */
    0x77, 0xff, 0xf7, 0x0,

    /* U+00B8 "¸" */
    0x70, 0x70, 0xfc, 0xfe, 0x1f, 0xf, 0xf, 0xf,
    0x1e, 0xfc, 0xf0,

    /* U+00B9 "¹" */
    0x3, 0x9f, 0xff, 0xff, 0xfe, 0x78, 0x3c, 0x1e,
    0xf, 0x7, 0x83, 0xc1, 0xe0, 0xf0, 0x78, 0x3c,
    0x1e, 0xf, 0x7, 0x83, 0xc0,

    /* U+00BA "º" */
    0x7, 0xe0, 0x1f, 0xf8, 0x3f, 0xfc, 0x7c, 0x3e,
    0x78, 0x1e, 0xf0, 0xf, 0xf0, 0xf, 0xf0, 0xf,
    0xf0, 0xf, 0xf0, 0xf, 0xf0, 0xf, 0xf0, 0xf,
    0xf0, 0xf, 0x78, 0x1e, 0x7c, 0x3e, 0x3f, 0xfc,
    0x1f, 0xf8, 0x7, 0xe0,

    /* U+00BB "»" */
    0x70, 0x70, 0xf, 0xf, 0x0, 0xe0, 0xf0, 0xe,
    0xe, 0x1, 0xe1, 0xe0, 0x1e, 0x1e, 0x3, 0xc3,
    0xe0, 0x3c, 0x3c, 0x3, 0xc3, 0xc0, 0x78, 0x7c,
    0xf, 0x8f, 0x81, 0xe1, 0xe0, 0x78, 0x78, 0x1e,
    0x1e, 0x7, 0x83, 0xc0, 0xf0, 0xf0, 0x3c, 0x3c,
    0xf, 0x7, 0x1, 0xc1, 0xc0, 0x0,

    /* U+00BC "¼" */
    0x1, 0x80, 0x0, 0x0, 0x1f, 0x80, 0x0, 0x0,
    0xff, 0x80, 0x0, 0x0, 0xff, 0x80, 0x2, 0x0,
    0xf7, 0x80, 0x3, 0x80, 0x7, 0x80, 0x7, 0x0,
    0x7, 0x80, 0xf, 0x0, 0x7, 0x80, 0xe, 0x0,
    0x7, 0x80, 0x1e, 0x0, 0x7, 0x80, 0x3c, 0x0,
    0x7, 0x80, 0x38, 0x0, 0x7, 0x80, 0x78, 0x0,
    0x7, 0x80, 0x70, 0x0, 0x7, 0x80, 0xf0, 0x0,
    0x7, 0x81, 0xe0, 0x0, 0x7, 0x81, 0xc0, 0x78,
    0x7, 0x83, 0xc0, 0xf8, 0x7, 0x83, 0x80, 0xf8,
    0x7, 0x87, 0x81, 0xf8, 0x0, 0xf, 0x3, 0xf8,
    0x0, 0xe, 0x7, 0xf8, 0x0, 0x1e, 0x7, 0x78,
    0x0, 0x3c, 0xf, 0x78, 0x0, 0x3c, 0x1e, 0x78,
    0x0, 0x78, 0x1c, 0x78, 0x0, 0x70, 0x38, 0x78,
    0x0, 0xf0, 0x70, 0x78, 0x1, 0xe0, 0x7f, 0xff,
    0x1, 0xe0, 0x7f, 0xff, 0x3, 0xc0, 0x7f, 0xff,
    0x0, 0x80, 0x0, 0x78, 0x0, 0x0, 0x0, 0x78,
    0x0, 0x0, 0x0, 0x78, 0x0, 0x0, 0x0, 0x78,

    /* U+00BD "½" */
    0x3, 0x80, 0x0, 0x0, 0xf, 0xc0, 0x0, 0x0,
    0x3f, 0xe0, 0x0, 0x0, 0x1f, 0xf0, 0x0, 0xc0,
    0xe, 0x78, 0x0, 0x70, 0x0, 0x3c, 0x0, 0x70,
    0x0, 0x1e, 0x0, 0x78, 0x0, 0xf, 0x0, 0x38,
    0x0, 0x7, 0x80, 0x3c, 0x0, 0x3, 0xc0, 0x3c,
    0x0, 0x1, 0xe0, 0x1c, 0x0, 0x0, 0xf0, 0x1e,
    0x0, 0x0, 0x78, 0xe, 0x0, 0x0, 0x3c, 0xf,
    0x0, 0x0, 0x1e, 0xf, 0x0, 0x0, 0xf, 0x7,
    0x7, 0xe0, 0x7, 0x87, 0x8f, 0xfc, 0x3, 0xc7,
    0x8f, 0xff, 0x0, 0x3, 0xc7, 0x87, 0xc0, 0x3,
    0xc7, 0x81, 0xe0, 0x1, 0xc3, 0xc0, 0xf0, 0x1,
    0xe0, 0x0, 0x78, 0x1, 0xe0, 0x0, 0x7c, 0x0,
    0xe0, 0x0, 0x3c, 0x0, 0xf0, 0x0, 0x3c, 0x0,
    0x70, 0x0, 0x3e, 0x0, 0x78, 0x0, 0x3e, 0x0,
    0x78, 0x0, 0x3c, 0x0, 0x38, 0x0, 0x3c, 0x0,
    0x3c, 0x0, 0x3c, 0x0, 0x4, 0x0, 0x3c, 0x0,
    0x0, 0x0, 0x3f, 0xff, 0x0, 0x0, 0x1f, 0xff,
    0x80, 0x0, 0xf, 0xff, 0xc0,

    /* U+00BE "¾" */
    0xf, 0xc0, 0x0, 0x0, 0x1f, 0xf8, 0x0, 0x0,
    0x1f, 0xfe, 0x0, 0x0, 0x1f, 0xf, 0x80, 0x0,
    0xf, 0x3, 0xc0, 0xe, 0x0, 0x1, 0xe0, 0x7,
    0x0, 0x0, 0xf0, 0x7, 0x80, 0x0, 0xf0, 0x3,
    0x80, 0x7, 0xf0, 0x3, 0x80, 0x3, 0xf0, 0x3,
    0xc0, 0x1, 0xfe, 0x1, 0xc0, 0x0, 0xf, 0x1,
    0xc0, 0x0, 0x3, 0xc0, 0xe0, 0x0, 0x1, 0xe0,
    0xe0, 0x3, 0xc0, 0xf0, 0xf0, 0x1, 0xf0, 0xf8,
    0x70, 0x0, 0x7f, 0xf8, 0x70, 0x1e, 0x1f, 0xf8,
    0x78, 0x1f, 0x3, 0xf0, 0x38, 0x1f, 0x80, 0x0,
    0x38, 0x1f, 0xc0, 0x0, 0x1c, 0xf, 0xe0, 0x0,
    0x1c, 0xf, 0xf0, 0x0, 0x1e, 0xf, 0x78, 0x0,
    0xe, 0x7, 0x3c, 0x0, 0xe, 0x7, 0x1e, 0x0,
    0xf, 0x7, 0x8f, 0x0, 0x7, 0x7, 0x87, 0x80,
    0x7, 0x3, 0x83, 0xc0, 0x3, 0x83, 0xff, 0xf8,
    0x3, 0x81, 0xff, 0xfc, 0x3, 0x80, 0xff, 0xfe,
    0x0, 0xc0, 0x0, 0x3c, 0x0, 0x0, 0x0, 0x1e,
    0x0, 0x0, 0x0, 0xf, 0x0, 0x0, 0x0, 0x7,
    0x80,

    /* U+00BF "¿" */
    0x0, 0xe0, 0x0, 0x3e, 0x0, 0x7, 0xc0, 0x0,
    0xf8, 0x0, 0xe, 0x0, 0x0, 0x0, 0x0, 0x0,
    0x0, 0x0, 0x0, 0x0, 0x0, 0x0, 0x0, 0x0,
    0x3, 0xc0, 0x0, 0x78, 0x0, 0xf, 0x0, 0x3,
    0xe0, 0x0, 0x78, 0x0, 0x1f, 0x0, 0x7, 0xc0,
    0x1, 0xf8, 0x0, 0x7e, 0x0, 0xf, 0x80, 0x3,
    0xe0, 0x0, 0xf8, 0x0, 0x1e, 0x0, 0x7, 0xc0,
    0x0, 0xf0, 0x0, 0x1e, 0x0, 0x3, 0xc0, 0x0,
    0x78, 0x0, 0xff, 0x0, 0x1f, 0xf0, 0x7, 0xde,
    0x0, 0xf3, 0xf0, 0x7e, 0x3f, 0xff, 0x81, 0xff,
    0xc0, 0xf, 0xe0, 0x0,

    /* U+00C0 "À" */
    0x0, 0xf8, 0x0, 0x0, 0x1, 0xf0, 0x0, 0x0,
    0x3, 0xc0, 0x0, 0x0, 0xf, 0x80, 0x0, 0x0,
    0x1f, 0x0, 0x0, 0x0, 0x3c, 0x0, 0x0, 0x0,
    0x78, 0x0, 0x0, 0x0, 0xf0, 0x0, 0x0, 0x0,
    0x0, 0x0, 0x0, 0x0, 0x0, 0x0, 0x0, 0x78,
    0x0, 0x0, 0x3, 0xf0, 0x0, 0x0, 0xf, 0xc0,
    0x0, 0x0, 0x3f, 0x0, 0x0, 0x1, 0xfe, 0x0,
    0x0, 0x7, 0xf8, 0x0, 0x0, 0x1f, 0xf0, 0x0,
    0x0, 0xf3, 0xc0, 0x0, 0x3, 0xcf, 0x0, 0x0,
    0x1f, 0x3e, 0x0, 0x0, 0x78, 0x78, 0x0, 0x1,
    0xe1, 0xe0, 0x0, 0xf, 0x83, 0xc0, 0x0, 0x3c,
    0xf, 0x0, 0x0, 0xf0, 0x3e, 0x0, 0x7, 0xc0,
    0x78, 0x0, 0x1e, 0x1, 0xe0, 0x0, 0x78, 0x7,
    0xc0, 0x3, 0xe0, 0xf, 0x0, 0xf, 0x0, 0x3e,
    0x0, 0x7c, 0x0, 0x78, 0x1, 0xe0, 0x1, 0xe0,
    0x7, 0xff, 0xff, 0xc0, 0x3f, 0xff, 0xff, 0x0,
    0xff, 0xff, 0xfe, 0x3, 0xc0, 0x0, 0xf8, 0x1f,
    0x0, 0x1, 0xe0, 0x78, 0x0, 0x7, 0xc3, 0xe0,
    0x0, 0xf, 0xf, 0x80, 0x0, 0x3c, 0x3c, 0x0,
    0x0, 0xf9, 0xf0, 0x0, 0x1, 0xe7, 0xc0, 0x0,
    0x7, 0xde, 0x0, 0x0, 0x1f,

    /* U+00C1 "Á" */
    0x0, 0x0, 0x7e, 0x0, 0x0, 0x1, 0xf0, 0x0,
    0x0, 0xf, 0x80, 0x0, 0x0, 0x7c, 0x0, 0x0,
    0x1, 0xe0, 0x0, 0x0, 0xf, 0x0, 0x0, 0x0,
    0x78, 0x0, 0x0, 0x1, 0xc0, 0x0, 0x0, 0x0,
    0x0, 0x0, 0x0, 0x0, 0x0, 0x0, 0x0, 0x78,
    0x0, 0x0, 0x3, 0xf0, 0x0, 0x0, 0xf, 0xc0,
    0x0, 0x0, 0x3f, 0x0, 0x0, 0x1, 0xfe, 0x0,
    0x0, 0x7, 0xf8, 0x0, 0x0, 0x1f, 0xf0, 0x0,
    0x0, 0xf3, 0xc0, 0x0, 0x3, 0xcf, 0x0, 0x0,
    0x1f, 0x3e, 0x0, 0x0, 0x78, 0x78, 0x0, 0x1,
    0xe1, 0xe0, 0x0, 0xf, 0x83, 0xc0, 0x0, 0x3c,
    0xf, 0x0, 0x0, 0xf0, 0x3e, 0x0, 0x7, 0xc0,
    0x78, 0x0, 0x1e, 0x1, 0xe0, 0x0, 0x78, 0x7,
    0xc0, 0x3, 0xe0, 0xf, 0x0, 0xf, 0x0, 0x3e,
    0x0, 0x7c, 0x0, 0x78, 0x1, 0xe0, 0x1, 0xe0,
    0x7, 0xff, 0xff, 0xc0, 0x3f, 0xff, 0xff, 0x0,
    0xff, 0xff, 0xfe, 0x3, 0xc0, 0x0, 0xf8, 0x1f,
    0x0, 0x1, 0xe0, 0x78, 0x0, 0x7, 0xc3, 0xe0,
    0x0, 0xf, 0xf, 0x80, 0x0, 0x3c, 0x3c, 0x0,
    0x0, 0xf9, 0xf0, 0x0, 0x1, 0xe7, 0xc0, 0x0,
    0x7, 0xde, 0x0, 0x0, 0x1f,

    /* U+00C2 "Â" */
    0x0, 0x3, 0x0, 0x0, 0x0, 0x1e, 0x0, 0x0,
    0x0, 0xfc, 0x0, 0x0, 0x7, 0xf8, 0x0, 0x0,
    0x3c, 0xf0, 0x0, 0x1, 0xe1, 0xe0, 0x0, 0xf,
    0x3, 0xc0, 0x0, 0x0, 0x0, 0x0, 0x0, 0x0,
    0x0, 0x0, 0x0, 0x0, 0x0, 0x0, 0x0, 0x78,
    0x0, 0x0, 0x3, 0xf0, 0x0, 0x0, 0xf, 0xc0,
    0x0, 0x0, 0x3f, 0x0, 0x0, 0x1, 0xfe, 0x0,
    0x0, 0x7, 0xf8, 0x0, 0x0, 0x1f, 0xf0, 0x0,
    0x0, 0xf3, 0xc0, 0x0, 0x3, 0xcf, 0x0, 0x0,
    0x1f, 0x3e, 0x0, 0x0, 0x78, 0x78, 0x0, 0x1,
    0xe1, 0xe0, 0x0, 0xf, 0x83, 0xc0, 0x0, 0x3c,
    0xf, 0x0, 0x0, 0xf0, 0x3e, 0x0, 0x7, 0xc0,
    0x78, 0x0, 0x1e, 0x1, 0xe0, 0x0, 0x78, 0x7,
    0xc0, 0x3, 0xe0, 0xf, 0x0, 0xf, 0x0, 0x3e,
    0x0, 0x7c, 0x0, 0x78, 0x1, 0xe0, 0x1, 0xe0,
    0x7, 0xff, 0xff, 0xc0, 0x3f, 0xff, 0xff, 0x0,
    0xff, 0xff, 0xfe, 0x3, 0xc0, 0x0, 0xf8, 0x1f,
    0x0, 0x1, 0xe0, 0x78, 0x0, 0x7, 0xc3, 0xe0,
    0x0, 0xf, 0xf, 0x80, 0x0, 0x3c, 0x3c, 0x0,
    0x0, 0xf9, 0xf0, 0x0, 0x1, 0xe7, 0xc0, 0x0,
    0x7, 0xde, 0x0, 0x0, 0x1f,

    /* U+00C3 "Ã" */
    0x0, 0x3c, 0x7, 0x0, 0x1, 0xf8, 0x1c, 0x0,
    0xf, 0xf8, 0xf0, 0x0, 0x78, 0xff, 0x80, 0x1,
    0xc1, 0xfc, 0x0, 0x7, 0x1, 0xe0, 0x0, 0x0,
    0x0, 0x0, 0x0, 0x0, 0x0, 0x0, 0x0, 0x0,
    0x0, 0x0, 0x0, 0x1e, 0x0, 0x0, 0x0, 0xfc,
    0x0, 0x0, 0x3, 0xf0, 0x0, 0x0, 0xf, 0xc0,
    0x0, 0x0, 0x7f, 0x80, 0x0, 0x1, 0xfe, 0x0,
    0x0, 0x7, 0xfc, 0x0, 0x0, 0x3c, 0xf0, 0x0,
    0x0, 0xf3, 0xc0, 0x0, 0x3, 0xcf, 0x80, 0x0,
    0x1e, 0x1e, 0x0, 0x0, 0x78, 0x7c, 0x0, 0x3,
    0xe0, 0xf0, 0x0, 0xf, 0x3, 0xc0, 0x0, 0x3c,
    0xf, 0x80, 0x1, 0xf0, 0x1e, 0x0, 0x7, 0x80,
    0x78, 0x0, 0x1e, 0x1, 0xf0, 0x0, 0xf8, 0x3,
    0xc0, 0x3, 0xc0, 0xf, 0x80, 0x1f, 0x0, 0x1e,
    0x0, 0x78, 0x0, 0x78, 0x1, 0xff, 0xff, 0xf0,
    0xf, 0xff, 0xff, 0xc0, 0x3f, 0xff, 0xff, 0x80,
    0xf0, 0x0, 0x3e, 0x7, 0xc0, 0x0, 0x78, 0x1e,
    0x0, 0x1, 0xf0, 0xf8, 0x0, 0x3, 0xc3, 0xe0,
    0x0, 0xf, 0xf, 0x0, 0x0, 0x3e, 0x7c, 0x0,
    0x0, 0x79, 0xf0, 0x0, 0x1, 0xf7, 0x80, 0x0,
    0x7, 0xc0,

    /* U+00C4 "Ä" */
    0x0, 0x70, 0x1c, 0x0, 0x3, 0xe0, 0xf8, 0x0,
    0xf, 0x83, 0xe0, 0x0, 0x3e, 0xf, 0x80, 0x0,
    0x70, 0x1c, 0x0, 0x0, 0x0, 0x0, 0x0, 0x0,
    0x0, 0x0, 0x0, 0x0, 0x0, 0x0, 0x0, 0x7,
    0x80, 0x0, 0x0, 0x1f, 0x0, 0x0, 0x0, 0xfc,
    0x0, 0x0, 0x3, 0xf8, 0x0, 0x0, 0xf, 0xe0,
    0x0, 0x0, 0x7f, 0x80, 0x0, 0x1, 0xff, 0x0,
    0x0, 0xf, 0x3c, 0x0, 0x0, 0x3c, 0xf0, 0x0,
    0x0, 0xf3, 0xe0, 0x0, 0x7, 0x87, 0x80, 0x0,
    0x1e, 0x1f, 0x0, 0x0, 0x78, 0x3c, 0x0, 0x3,
    0xc0, 0xf0, 0x0, 0xf, 0x3, 0xe0, 0x0, 0x7c,
    0x7, 0x80, 0x1, 0xe0, 0x1f, 0x0, 0x7, 0x80,
    0x7c, 0x0, 0x3e, 0x0, 0xf0, 0x0, 0xf0, 0x3,
    0xe0, 0x7, 0xc0, 0x7, 0x80, 0x1e, 0x0, 0x1e,
    0x0, 0x7f, 0xff, 0xfc, 0x3, 0xff, 0xff, 0xf0,
    0xf, 0xff, 0xff, 0xe0, 0x3c, 0x0, 0xf, 0x81,
    0xf0, 0x0, 0x1e, 0x7, 0x80, 0x0, 0x7c, 0x3e,
    0x0, 0x0, 0xf0, 0xf8, 0x0, 0x3, 0xe3, 0xc0,
    0x0, 0xf, 0x9f, 0x0, 0x0, 0x1e, 0x7c, 0x0,
    0x0, 0x7d, 0xe0, 0x0, 0x1, 0xf0,

    /* U+00C5 "Å" */
    0x0, 0x3, 0x80, 0x0, 0x0, 0x3f, 0x80, 0x0,
    0x0, 0xc6, 0x0, 0x0, 0x6, 0xc, 0x0, 0x0,
    0x18, 0x30, 0x0, 0x0, 0x60, 0xc0, 0x0, 0x1,
    0x83, 0x0, 0x0, 0x3, 0x18, 0x0, 0x0, 0xf,
    0xe0, 0x0, 0x0, 0x1e, 0x0, 0x0, 0x0, 0x0,
    0x0, 0x0, 0x0, 0x0, 0x0, 0x0, 0x7, 0x80,
    0x0, 0x0, 0x1f, 0x0, 0x0, 0x0, 0xfc, 0x0,
    0x0, 0x3, 0xf0, 0x0, 0x0, 0xf, 0xe0, 0x0,
    0x0, 0x7f, 0x80, 0x0, 0x1, 0xff, 0x0, 0x0,
    0x7, 0x3c, 0x0, 0x0, 0x3c, 0xf0, 0x0, 0x0,
    0xf3, 0xe0, 0x0, 0x7, 0x87, 0x80, 0x0, 0x1e,
    0x1f, 0x0, 0x0, 0x78, 0x3c, 0x0, 0x3, 0xc0,
    0xf0, 0x0, 0xf, 0x3, 0xe0, 0x0, 0x7c, 0x7,
    0x80, 0x1, 0xe0, 0x1e, 0x0, 0x7, 0x80, 0x7c,
    0x0, 0x3e, 0x0, 0xf0, 0x0, 0xf0, 0x3, 0xe0,
    0x3, 0xc0, 0x7, 0x80, 0x1e, 0x0, 0x1e, 0x0,
    0x7f, 0xff, 0xfc, 0x3, 0xff, 0xff, 0xf0, 0xf,
    0xff, 0xff, 0xe0, 0x3c, 0x0, 0xf, 0x81, 0xf0,
    0x0, 0x1e, 0x7, 0x80, 0x0, 0x7c, 0x3e, 0x0,
    0x0, 0xf0, 0xf8, 0x0, 0x3, 0xc3, 0xc0, 0x0,
    0xf, 0x9f, 0x0, 0x0, 0x1e, 0x7c, 0x0, 0x0,
    0x7d, 0xe0, 0x0, 0x1, 0xf0,

    /* U+00C6 "Æ" */
    0x0, 0x0, 0xf, 0xff, 0xff, 0xe0, 0x0, 0x0,
    0xff, 0xff, 0xff, 0x0, 0x0, 0x7, 0xff, 0xff,
    0xf8, 0x0, 0x0, 0x7f, 0xc0, 0x0, 0x0, 0x0,
    0x3, 0xfe, 0x0, 0x0, 0x0, 0x0, 0x3f, 0xf0,
    0x0, 0x0, 0x0, 0x3, 0xef, 0x80, 0x0, 0x0,
    0x0, 0x1f, 0x7c, 0x0, 0x0, 0x0, 0x1, 0xf3,
    0xe0, 0x0, 0x0, 0x0, 0xf, 0x1f, 0x0, 0x0,
    0x0, 0x0, 0xf8, 0xf8, 0x0, 0x0, 0x0, 0xf,
    0x87, 0xc0, 0x0, 0x0, 0x0, 0x7c, 0x1e, 0x0,
    0x0, 0x0, 0x7, 0xc0, 0xf0, 0x0, 0x0, 0x0,
    0x3c, 0x7, 0x80, 0x0, 0x0, 0x3, 0xe0, 0x3f,
    0xff, 0xf0, 0x0, 0x3e, 0x1, 0xff, 0xff, 0x80,
    0x1, 0xf0, 0xf, 0xff, 0xfc, 0x0, 0x1f, 0x0,
    0x78, 0x0, 0x0, 0x0, 0xf8, 0x3, 0xc0, 0x0,
    0x0, 0xf, 0x80, 0x1e, 0x0, 0x0, 0x0, 0xf8,
    0x0, 0xf0, 0x0, 0x0, 0x7, 0xff, 0xff, 0x80,
    0x0, 0x0, 0x7f, 0xff, 0xfc, 0x0, 0x0, 0x3,
    0xff, 0xff, 0xe0, 0x0, 0x0, 0x3e, 0x0, 0xf,
    0x80, 0x0, 0x3, 0xf0, 0x0, 0x7c, 0x0, 0x0,
    0x1f, 0x0, 0x3, 0xe0, 0x0, 0x1, 0xf0, 0x0,
    0x1f, 0x0, 0x0, 0xf, 0x80, 0x0, 0xf8, 0x0,
    0x0, 0xf8, 0x0, 0x7, 0xc0, 0x0, 0xf, 0xc0,
    0x0, 0x3f, 0xff, 0xff, 0x7c, 0x0, 0x1, 0xff,
    0xff, 0xff, 0xe0, 0x0, 0xf, 0xff, 0xff, 0xc0,

    /* U+00C7 "Ç" */
    0x0, 0x3f, 0xc0, 0x0, 0x7f, 0xfc, 0x0, 0x3f,
    0xff, 0xc0, 0x3f, 0x1, 0xf8, 0x1f, 0x0, 0x1f,
    0x7, 0x80, 0x3, 0xc3, 0xc0, 0x0, 0xf8, 0xf0,
    0x0, 0x1e, 0x78, 0x0, 0x7, 0xde, 0x0, 0x1,
    0xf7, 0x80, 0x0, 0x3f, 0xc0, 0x0, 0x0, 0xf0,
    0x0, 0x0, 0x3c, 0x0, 0x0, 0xf, 0x0, 0x0,
    0x3, 0xc0, 0x0, 0x0, 0xf0, 0x0, 0x0, 0x3c,
    0x0, 0x0, 0xf, 0x0, 0x0, 0x3, 0xc0, 0x0,
    0x0, 0xf0, 0x0, 0x0, 0x3c, 0x0, 0x0, 0xf,
    0x0, 0x0, 0x1, 0xe0, 0x0, 0xf, 0x78, 0x0,
    0x7, 0xde, 0x0, 0x1, 0xf3, 0xc0, 0x0, 0x78,
    0xf0, 0x0, 0x3e, 0x1e, 0x0, 0xf, 0x7, 0xc0,
    0x7, 0xc0, 0xfc, 0x7, 0xe0, 0x1f, 0xff, 0xf0,
    0x1, 0xff, 0xf0, 0x0, 0x1f, 0xf0, 0x0, 0x1,
    0xc0, 0x0, 0x0, 0x78, 0x0, 0x0, 0x3f, 0x80,
    0x0, 0x7, 0xf0, 0x0, 0x0, 0x3c, 0x0, 0x0,
    0xf, 0x0, 0x0, 0x3, 0xc0, 0x0, 0x1, 0xf0,
    0x0, 0x3, 0xf8, 0x0, 0x0, 0xf8, 0x0, 0x0,
    0x20, 0x0, 0x0,

    /* U+00C8 "È" */
    0x1f, 0x80, 0x0, 0x3e, 0x0, 0x0, 0x7c, 0x0,
    0x0, 0xf8, 0x0, 0x1, 0xe0, 0x0, 0x3, 0xc0,
    0x0, 0x7, 0x80, 0x0, 0x0, 0x0, 0x0, 0x0,
    0x0, 0x0, 0x0, 0xf, 0xff, 0xff, 0xff, 0xff,
    0xff, 0xff, 0xff, 0xff, 0xc0, 0x0, 0xf, 0x0,
    0x0, 0x3c, 0x0, 0x0, 0xf0, 0x0, 0x3, 0xc0,
    0x0, 0xf, 0x0, 0x0, 0x3c, 0x0, 0x0, 0xf0,
    0x0, 0x3, 0xc0, 0x0, 0xf, 0x0, 0x0, 0x3c,
    0x0, 0x0, 0xf0, 0x0, 0x3, 0xff, 0xff, 0xcf,
    0xff, 0xff, 0x3f, 0xff, 0xfc, 0xf0, 0x0, 0x3,
    0xc0, 0x0, 0xf, 0x0, 0x0, 0x3c, 0x0, 0x0,
    0xf0, 0x0, 0x3, 0xc0, 0x0, 0xf, 0x0, 0x0,
    0x3c, 0x0, 0x0, 0xf0, 0x0, 0x3, 0xc0, 0x0,
    0xf, 0x0, 0x0, 0x3c, 0x0, 0x0, 0xf0, 0x0,
    0x3, 0xff, 0xff, 0xff, 0xff, 0xff, 0xff, 0xff,
    0xff,

    /* U+00C9 "É" */
    0x0, 0xf, 0xc0, 0x0, 0x3e, 0x0, 0x1, 0xf0,
    0x0, 0xf, 0x80, 0x0, 0x3c, 0x0, 0x1, 0xe0,
    0x0, 0xf, 0x0, 0x0, 0x0, 0x0, 0x0, 0x0,
    0x0, 0x0, 0x0, 0xf, 0xff, 0xff, 0xff, 0xff,
    0xff, 0xff, 0xff, 0xff, 0xc0, 0x0, 0xf, 0x0,
    0x0, 0x3c, 0x0, 0x0, 0xf0, 0x0, 0x3, 0xc0,
    0x0, 0xf, 0x0, 0x0, 0x3c, 0x0, 0x0, 0xf0,
    0x0, 0x3, 0xc0, 0x0, 0xf, 0x0, 0x0, 0x3c,
    0x0, 0x0, 0xf0, 0x0, 0x3, 0xff, 0xff, 0xcf,
    0xff, 0xff, 0x3f, 0xff, 0xfc, 0xf0, 0x0, 0x3,
    0xc0, 0x0, 0xf, 0x0, 0x0, 0x3c, 0x0, 0x0,
    0xf0, 0x0, 0x3, 0xc0, 0x0, 0xf, 0x0, 0x0,
    0x3c, 0x0, 0x0, 0xf0, 0x0, 0x3, 0xc0, 0x0,
    0xf, 0x0, 0x0, 0x3c, 0x0, 0x0, 0xf0, 0x0,
    0x3, 0xff, 0xff, 0xff, 0xff, 0xff, 0xff, 0xff,
    0xff,

    /* U+00CA "Ê" */
    0x0, 0xf0, 0x0, 0x3, 0xe0, 0x0, 0x1f, 0xc0,
    0x0, 0xf7, 0x80, 0x7, 0x8f, 0x0, 0x3c, 0x1e,
    0x1, 0xe0, 0x3c, 0x0, 0x0, 0x0, 0x0, 0x0,
    0x0, 0x0, 0x0, 0xf, 0xff, 0xff, 0xff, 0xff,
    0xff, 0xff, 0xff, 0xff, 0xc0, 0x0, 0xf, 0x0,
    0x0, 0x3c, 0x0, 0x0, 0xf0, 0x0, 0x3, 0xc0,
    0x0, 0xf, 0x0, 0x0, 0x3c, 0x0, 0x0, 0xf0,
    0x0, 0x3, 0xc0, 0x0, 0xf, 0x0, 0x0, 0x3c,
    0x0, 0x0, 0xf0, 0x0, 0x3, 0xff, 0xff, 0xcf,
    0xff, 0xff, 0x3f, 0xff, 0xfc, 0xf0, 0x0, 0x3,
    0xc0, 0x0, 0xf, 0x0, 0x0, 0x3c, 0x0, 0x0,
    0xf0, 0x0, 0x3, 0xc0, 0x0, 0xf, 0x0, 0x0,
    0x3c, 0x0, 0x0, 0xf0, 0x0, 0x3, 0xc0, 0x0,
    0xf, 0x0, 0x0, 0x3c, 0x0, 0x0, 0xf0, 0x0,
    0x3, 0xff, 0xff, 0xff, 0xff, 0xff, 0xff, 0xff,
    0xff,

    /* U+00CB "Ë" */
    0xe, 0x3, 0x80, 0x7c, 0x1f, 0x1, 0xf0, 0x7c,
    0x7, 0xc1, 0xf0, 0xe, 0x3, 0x80, 0x0, 0x0,
    0x0, 0x0, 0x0, 0x0, 0x0, 0x0, 0xff, 0xff,
    0xff, 0xff, 0xff, 0xff, 0xff, 0xff, 0xfc, 0x0,
    0x0, 0xf0, 0x0, 0x3, 0xc0, 0x0, 0xf, 0x0,
    0x0, 0x3c, 0x0, 0x0, 0xf0, 0x0, 0x3, 0xc0,
    0x0, 0xf, 0x0, 0x0, 0x3c, 0x0, 0x0, 0xf0,
    0x0, 0x3, 0xc0, 0x0, 0xf, 0x0, 0x0, 0x3f,
    0xff, 0xfc, 0xff, 0xff, 0xf3, 0xff, 0xff, 0xcf,
    0x0, 0x0, 0x3c, 0x0, 0x0, 0xf0, 0x0, 0x3,
    0xc0, 0x0, 0xf, 0x0, 0x0, 0x3c, 0x0, 0x0,
    0xf0, 0x0, 0x3, 0xc0, 0x0, 0xf, 0x0, 0x0,
    0x3c, 0x0, 0x0, 0xf0, 0x0, 0x3, 0xc0, 0x0,
    0xf, 0x0, 0x0, 0x3f, 0xff, 0xff, 0xff, 0xff,
    0xff, 0xff, 0xff, 0xf0,

    /* U+00CC "Ì" */
    0xf8, 0x3e, 0xf, 0x83, 0xc0, 0xf0, 0x38, 0x1e,
    0x0, 0x0, 0x0, 0x1, 0xe0, 0xf0, 0x78, 0x3c,
    0x1e, 0xf, 0x7, 0x83, 0xc1, 0xe0, 0xf0, 0x78,
    0x3c, 0x1e, 0xf, 0x7, 0x83, 0xc1, 0xe0, 0xf0,
    0x78, 0x3c, 0x1e, 0xf, 0x7, 0x83, 0xc1, 0xe0,
    0xf0, 0x78, 0x3c, 0x1e, 0xf, 0x7, 0x83, 0xc1,
    0xe0, 0xf0,

    /* U+00CD "Í" */
    0xf, 0x8f, 0x8f, 0x87, 0x87, 0x83, 0x83, 0x80,
    0x0, 0x0, 0x0, 0x3c, 0x1e, 0xf, 0x7, 0x83,
    0xc1, 0xe0, 0xf0, 0x78, 0x3c, 0x1e, 0xf, 0x7,
    0x83, 0xc1, 0xe0, 0xf0, 0x78, 0x3c, 0x1e, 0xf,
    0x7, 0x83, 0xc1, 0xe0, 0xf0, 0x78, 0x3c, 0x1e,
    0xf, 0x7, 0x83, 0xc1, 0xe0, 0xf0, 0x78, 0x3c,
    0x1e, 0x0,

    /* U+00CE "Î" */
    0x7, 0x80, 0x3e, 0x0, 0xfc, 0x7, 0x38, 0x38,
    0x71, 0xe1, 0xef, 0x3, 0xc0, 0x0, 0x0, 0x0,
    0x0, 0x0, 0x78, 0x1, 0xe0, 0x7, 0x80, 0x1e,
    0x0, 0x78, 0x1, 0xe0, 0x7, 0x80, 0x1e, 0x0,
    0x78, 0x1, 0xe0, 0x7, 0x80, 0x1e, 0x0, 0x78,
    0x1, 0xe0, 0x7, 0x80, 0x1e, 0x0, 0x78, 0x1,
    0xe0, 0x7, 0x80, 0x1e, 0x0, 0x78, 0x1, 0xe0,
    0x7, 0x80, 0x1e, 0x0, 0x78, 0x1, 0xe0, 0x7,
    0x80, 0x1e, 0x0, 0x78, 0x1, 0xe0, 0x7, 0x80,
    0x1e, 0x0, 0x78, 0x1, 0xe0,

    /* U+00CF "Ï" */
    0x70, 0x1d, 0xf0, 0x7f, 0xe0, 0xff, 0xc1, 0xf7,
    0x1, 0xc0, 0x0, 0x0, 0x0, 0x0, 0x0, 0x3,
    0xc0, 0x7, 0x80, 0xf, 0x0, 0x1e, 0x0, 0x3c,
    0x0, 0x78, 0x0, 0xf0, 0x1, 0xe0, 0x3, 0xc0,
    0x7, 0x80, 0xf, 0x0, 0x1e, 0x0, 0x3c, 0x0,
    0x78, 0x0, 0xf0, 0x1, 0xe0, 0x3, 0xc0, 0x7,
    0x80, 0xf, 0x0, 0x1e, 0x0, 0x3c, 0x0, 0x78,
    0x0, 0xf0, 0x1, 0xe0, 0x3, 0xc0, 0x7, 0x80,
    0xf, 0x0, 0x1e, 0x0, 0x3c, 0x0, 0x78, 0x0,
    0xf0, 0x1, 0xe0, 0x3, 0xc0, 0x7, 0x80,

    /* U+00D0 "Ð" */
    0xf, 0xff, 0x80, 0x0, 0xff, 0xff, 0x0, 0xf,
    0xff, 0xfc, 0x0, 0xf0, 0x7, 0xe0, 0xf, 0x0,
    0x1f, 0x0, 0xf0, 0x0, 0xf8, 0xf, 0x0, 0x7,
    0xc0, 0xf0, 0x0, 0x3c, 0xf, 0x0, 0x1, 0xe0,
    0xf0, 0x0, 0x1e, 0xf, 0x0, 0x1, 0xe0, 0xf0,
    0x0, 0xf, 0xf, 0x0, 0x0, 0xf0, 0xf0, 0x0,
    0xf, 0xf, 0x0, 0x0, 0xff, 0xff, 0xe0, 0xf,
    0xff, 0xfe, 0x0, 0xff, 0xff, 0xe0, 0xf, 0xf,
    0x0, 0x0, 0xf0, 0xf0, 0x0, 0xf, 0xf, 0x0,
    0x0, 0xf0, 0xf0, 0x0, 0xf, 0xf, 0x0, 0x1,
    0xf0, 0xf0, 0x0, 0x1e, 0xf, 0x0, 0x1, 0xe0,
    0xf0, 0x0, 0x3e, 0xf, 0x0, 0x3, 0xc0, 0xf0,
    0x0, 0x7c, 0xf, 0x0, 0xf, 0x80, 0xf0, 0x1,
    0xf0, 0xf, 0x0, 0x7e, 0x0, 0xff, 0xff, 0xc0,
    0xf, 0xff, 0xf0, 0x0, 0xff, 0xf8, 0x0,

    /* U+00D1 "Ñ" */
    0x0, 0xf0, 0x38, 0x0, 0x7e, 0xe, 0x0, 0x3f,
    0xc7, 0x80, 0x1e, 0x3f, 0xc0, 0x7, 0x7, 0xe0,
    0x1, 0xc0, 0xf0, 0x0, 0x0, 0x0, 0x0, 0x0,
    0x0, 0x0, 0x0, 0x0, 0x0, 0x3c, 0x0, 0x0,
    0xff, 0x80, 0x0, 0x3f, 0xf0, 0x0, 0xf, 0xfc,
    0x0, 0x3, 0xff, 0x80, 0x0, 0xff, 0xf0, 0x0,
    0x3f, 0xfc, 0x0, 0xf, 0xff, 0x80, 0x3, 0xff,
    0xf0, 0x0, 0xff, 0x7e, 0x0, 0x3f, 0xcf, 0x80,
    0xf, 0xf1, 0xf0, 0x3, 0xfc, 0x7e, 0x0, 0xff,
    0xf, 0x80, 0x3f, 0xc1, 0xf0, 0xf, 0xf0, 0x7e,
    0x3, 0xfc, 0xf, 0x80, 0xff, 0x1, 0xf0, 0x3f,
    0xc0, 0x7e, 0xf, 0xf0, 0xf, 0x83, 0xfc, 0x1,
    0xf0, 0xff, 0x0, 0x7e, 0x3f, 0xc0, 0xf, 0x8f,
    0xf0, 0x1, 0xf3, 0xfc, 0x0, 0x7e, 0xff, 0x0,
    0xf, 0xbf, 0xc0, 0x1, 0xff, 0xf0, 0x0, 0x7f,
    0xfc, 0x0, 0xf, 0xff, 0x0, 0x1, 0xff, 0xc0,
    0x0, 0x7f, 0xf0, 0x0, 0xf, 0xfc, 0x0, 0x1,
    0xff, 0x0, 0x0, 0x7c,

    /* U+00D2 "Ò" */
    0x3, 0xf0, 0x0, 0x0, 0x3e, 0x0, 0x0, 0x3,
    0xe0, 0x0, 0x0, 0x3e, 0x0, 0x0, 0x3, 0xc0,
    0x0, 0x0, 0x3c, 0x0, 0x0, 0x3, 0xc0, 0x0,
    0x0, 0x0, 0x0, 0x0, 0x0, 0x0, 0x0, 0x0,
    0x0, 0x0, 0x0, 0xfe, 0x0, 0x0, 0xff, 0xf8,
    0x0, 0x3f, 0xff, 0x80, 0x1f, 0x80, 0xfc, 0x3,
    0xc0, 0x7, 0x80, 0xf0, 0x0, 0x78, 0x3c, 0x0,
    0x7, 0x87, 0x80, 0x0, 0xf1, 0xe0, 0x0, 0xf,
    0x3c, 0x0, 0x1, 0xe7, 0x80, 0x0, 0x3d, 0xe0,
    0x0, 0x3, 0xfc, 0x0, 0x0, 0x7f, 0x80, 0x0,
    0xf, 0xf0, 0x0, 0x1, 0xfe, 0x0, 0x0, 0x3f,
    0xc0, 0x0, 0x7, 0xf8, 0x0, 0x0, 0xff, 0x0,
    0x0, 0x1f, 0xe0, 0x0, 0x3, 0xfc, 0x0, 0x0,
    0x7f, 0x80, 0x0, 0xf, 0xf0, 0x0, 0x1, 0xef,
    0x0, 0x0, 0x79, 0xe0, 0x0, 0xf, 0x3c, 0x0,
    0x1, 0xe3, 0xc0, 0x0, 0x78, 0x78, 0x0, 0xf,
    0x7, 0x80, 0x3, 0xc0, 0x7c, 0x0, 0xf8, 0xf,
    0xc0, 0x7e, 0x0, 0x7f, 0xff, 0x80, 0x7, 0xff,
    0xc0, 0x0, 0x1f, 0xc0, 0x0,

    /* U+00D3 "Ó" */
    0x0, 0x1, 0xf8, 0x0, 0x0, 0x3e, 0x0, 0x0,
    0xf, 0x80, 0x0, 0x3, 0xe0, 0x0, 0x0, 0x78,
    0x0, 0x0, 0x1e, 0x0, 0x0, 0x7, 0x80, 0x0,
    0x0, 0x0, 0x0, 0x0, 0x0, 0x0, 0x0, 0x0,
    0x0, 0x0, 0x0, 0xfe, 0x0, 0x0, 0xff, 0xf8,
    0x0, 0x3f, 0xff, 0x80, 0x1f, 0x80, 0xfc, 0x3,
    0xc0, 0x7, 0x80, 0xf0, 0x0, 0x78, 0x3c, 0x0,
    0x7, 0x87, 0x80, 0x0, 0xf1, 0xe0, 0x0, 0xf,
    0x3c, 0x0, 0x1, 0xe7, 0x80, 0x0, 0x3d, 0xe0,
    0x0, 0x3, 0xfc, 0x0, 0x0, 0x7f, 0x80, 0x0,
    0xf, 0xf0, 0x0, 0x1, 0xfe, 0x0, 0x0, 0x3f,
    0xc0, 0x0, 0x7, 0xf8, 0x0, 0x0, 0xff, 0x0,
    0x0, 0x1f, 0xe0, 0x0, 0x3, 0xfc, 0x0, 0x0,
    0x7f, 0x80, 0x0, 0xf, 0xf0, 0x0, 0x1, 0xef,
    0x0, 0x0, 0x79, 0xe0, 0x0, 0xf, 0x3c, 0x0,
    0x1, 0xe3, 0xc0, 0x0, 0x78, 0x78, 0x0, 0xf,
    0x7, 0x80, 0x3, 0xc0, 0x7c, 0x0, 0xf8, 0xf,
    0xc0, 0x7e, 0x0, 0x7f, 0xff, 0x80, 0x7, 0xff,
    0xc0, 0x0, 0x1f, 0xc0, 0x0,

    /* U+00D4 "Ô" */
    0x0, 0xe, 0x0, 0x0, 0x3, 0xe0, 0x0, 0x0,
    0xfe, 0x0, 0x0, 0x3d, 0xe0, 0x0, 0xf, 0x1e,
    0x0, 0x3, 0xc1, 0xe0, 0x0, 0xf0, 0x1e, 0x0,
    0x0, 0x0, 0x0, 0x0, 0x0, 0x0, 0x0, 0x0,
    0x0, 0x0, 0x0, 0xfe, 0x0, 0x0, 0xff, 0xf8,
    0x0, 0x3f, 0xff, 0x80, 0x1f, 0x80, 0xfc, 0x3,
    0xc0, 0x7, 0x80, 0xf0, 0x0, 0x78, 0x3c, 0x0,
    0x7, 0x87, 0x80, 0x0, 0xf1, 0xe0, 0x0, 0xf,
    0x3c, 0x0, 0x1, 0xe7, 0x80, 0x0, 0x3d, 0xe0,
    0x0, 0x3, 0xfc, 0x0, 0x0, 0x7f, 0x80, 0x0,
    0xf, 0xf0, 0x0, 0x1, 0xfe, 0x0, 0x0, 0x3f,
    0xc0, 0x0, 0x7, 0xf8, 0x0, 0x0, 0xff, 0x0,
    0x0, 0x1f, 0xe0, 0x0, 0x3, 0xfc, 0x0, 0x0,
    0x7f, 0x80, 0x0, 0xf, 0xf0, 0x0, 0x1, 0xef,
    0x0, 0x0, 0x79, 0xe0, 0x0, 0xf, 0x3c, 0x0,
    0x1, 0xe3, 0xc0, 0x0, 0x78, 0x78, 0x0, 0xf,
    0x7, 0x80, 0x3, 0xc0, 0x7c, 0x0, 0xf8, 0xf,
    0xc0, 0x7e, 0x0, 0x7f, 0xff, 0x80, 0x7, 0xff,
    0xc0, 0x0, 0x1f, 0xc0, 0x0,

    /* U+00D5 "Õ" */
    0x0, 0xf0, 0x1c, 0x0, 0x3f, 0x87, 0x80, 0xf,
    0xff, 0xe0, 0x3, 0xc7, 0xfc, 0x0, 0x70, 0x3e,
    0x0, 0xe, 0x0, 0x0, 0x0, 0x0, 0x0, 0x0,
    0x0, 0x0, 0x0, 0x0, 0x0, 0x0, 0x0, 0x7,
    0xf0, 0x0, 0x7, 0xff, 0xc0, 0x1, 0xff, 0xfc,
    0x0, 0xfc, 0x7, 0xe0, 0x1e, 0x0, 0x3c, 0x7,
    0x80, 0x3, 0xc1, 0xe0, 0x0, 0x3c, 0x3c, 0x0,
    0x7, 0x8f, 0x0, 0x0, 0x79, 0xe0, 0x0, 0xf,
    0x3c, 0x0, 0x1, 0xef, 0x0, 0x0, 0x1f, 0xe0,
    0x0, 0x3, 0xfc, 0x0, 0x0, 0x7f, 0x80, 0x0,
    0xf, 0xf0, 0x0, 0x1, 0xfe, 0x0, 0x0, 0x3f,
    0xc0, 0x0, 0x7, 0xf8, 0x0, 0x0, 0xff, 0x0,
    0x0, 0x1f, 0xe0, 0x0, 0x3, 0xfc, 0x0, 0x0,
    0x7f, 0x80, 0x0, 0xf, 0x78, 0x0, 0x3, 0xcf,
    0x0, 0x0, 0x79, 0xe0, 0x0, 0xf, 0x1e, 0x0,
    0x3, 0xc3, 0xc0, 0x0, 0x78, 0x3c, 0x0, 0x1e,
    0x3, 0xe0, 0x7, 0xc0, 0x7e, 0x3, 0xf0, 0x3,
    0xff, 0xfc, 0x0, 0x3f, 0xfe, 0x0, 0x0, 0xfe,
    0x0, 0x0,

    /* U+00D6 "Ö" */
    0x1, 0xc0, 0x70, 0x0, 0x7c, 0x1f, 0x0, 0xf,
    0x83, 0xe0, 0x1, 0xf0, 0x7c, 0x0, 0x1c, 0x7,
    0x0, 0x0, 0x0, 0x0, 0x0, 0x0, 0x0, 0x0,
    0x0, 0x0, 0x0, 0x0, 0x0, 0x0, 0x0, 0x7,
    0xf0, 0x0, 0x7, 0xff, 0xc0, 0x1, 0xff, 0xfc,
    0x0, 0xfc, 0x7, 0xe0, 0x1e, 0x0, 0x3c, 0x7,
    0x80, 0x3, 0xc1, 0xe0, 0x0, 0x3c, 0x3c, 0x0,
    0x7, 0x8f, 0x0, 0x0, 0x79, 0xe0, 0x0, 0xf,
    0x3c, 0x0, 0x1, 0xef, 0x0, 0x0, 0x1f, 0xe0,
    0x0, 0x3, 0xfc, 0x0, 0x0, 0x7f, 0x80, 0x0,
    0xf, 0xf0, 0x0, 0x1, 0xfe, 0x0, 0x0, 0x3f,
    0xc0, 0x0, 0x7, 0xf8, 0x0, 0x0, 0xff, 0x0,
    0x0, 0x1f, 0xe0, 0x0, 0x3, 0xfc, 0x0, 0x0,
    0x7f, 0x80, 0x0, 0xf, 0x78, 0x0, 0x3, 0xcf,
    0x0, 0x0, 0x79, 0xe0, 0x0, 0xf, 0x1e, 0x0,
    0x3, 0xc3, 0xc0, 0x0, 0x78, 0x3c, 0x0, 0x1e,
    0x3, 0xe0, 0x7, 0xc0, 0x7e, 0x3, 0xf0, 0x3,
    0xff, 0xfc, 0x0, 0x3f, 0xfe, 0x0, 0x0, 0xfe,
    0x0, 0x0,

    /* U+00D7 "×" */
    0x0, 0x0, 0x1, 0x80, 0x3, 0x1e, 0x0, 0x3d,
    0xf8, 0x3, 0xf7, 0xe0, 0x3f, 0x1f, 0x83, 0xf0,
    0x7e, 0x3f, 0x1, 0xf9, 0xf0, 0x7, 0xff, 0x0,
    0x1f, 0xf0, 0x0, 0x7f, 0x0, 0x1, 0xf8, 0x0,
    0x1f, 0xe0, 0x1, 0xff, 0x80, 0x1f, 0x7e, 0x1,
    0xf1, 0xf8, 0x1f, 0x7, 0xe1, 0xf0, 0x1f, 0x9f,
    0x0, 0x7f, 0xf0, 0x1, 0xf7, 0x0, 0x7, 0x18,
    0x0, 0x10,

    /* U+00D8 "Ø" */
    0x0, 0x0, 0x0, 0xe0, 0x0, 0x0, 0x1c, 0x0,
    0xfe, 0x7, 0x0, 0xff, 0xf9, 0xc0, 0x3f, 0xff,
    0xb8, 0x1f, 0x80, 0xfe, 0x3, 0xc0, 0x7, 0x80,
    0xf0, 0x0, 0x78, 0x3c, 0x0, 0x1f, 0x87, 0x80,
    0x7, 0xf1, 0xe0, 0x0, 0xef, 0x3c, 0x0, 0x39,
    0xe7, 0x80, 0x7, 0x3d, 0xe0, 0x1, 0xc3, 0xfc,
    0x0, 0x70, 0x7f, 0x80, 0xe, 0xf, 0xf0, 0x3,
    0x81, 0xfe, 0x0, 0xe0, 0x3f, 0xc0, 0x1c, 0x7,
    0xf8, 0x7, 0x0, 0xff, 0x0, 0xe0, 0x1f, 0xe0,
    0x38, 0x3, 0xfc, 0xe, 0x0, 0x7f, 0x81, 0xc0,
    0xf, 0xf0, 0x70, 0x1, 0xef, 0x1c, 0x0, 0x79,
    0xe3, 0x80, 0xf, 0x3c, 0xe0, 0x1, 0xe3, 0xdc,
    0x0, 0x78, 0x7f, 0x0, 0xf, 0x7, 0xc0, 0x3,
    0xc0, 0x78, 0x0, 0xf8, 0xf, 0xc0, 0x7e, 0x3,
    0xff, 0xff, 0x80, 0x77, 0xff, 0xc0, 0x1c, 0x1f,
    0xc0, 0x3, 0x80, 0x0, 0x0, 0xe0, 0x0, 0x0,
    0x0,

    /* U+00D9 "Ù" */
    0x7, 0xc0, 0x0, 0x3, 0xe0, 0x0, 0x1, 0xf0,
    0x0, 0x0, 0xf0, 0x0, 0x0, 0x78, 0x0, 0x0,
    0x7c, 0x0, 0x0, 0x3c, 0x0, 0x0, 0x0, 0x0,
    0x0, 0x0, 0x0, 0x0, 0x0, 0x0, 0xf0, 0x0,
    0xf, 0xf0, 0x0, 0xf, 0xf0, 0x0, 0xf, 0xf0,
    0x0, 0xf, 0xf0, 0x0, 0xf, 0xf0, 0x0, 0xf,
    0xf0, 0x0, 0xf, 0xf0, 0x0, 0xf, 0xf0, 0x0,
    0xf, 0xf0, 0x0, 0xf, 0xf0, 0x0, 0xf, 0xf0,
    0x0, 0xf, 0xf0, 0x0, 0xf, 0xf0, 0x0, 0xf,
    0xf0, 0x0, 0xf, 0xf0, 0x0, 0xf, 0xf0, 0x0,
    0xf, 0xf0, 0x0, 0xf, 0xf0, 0x0, 0xf, 0xf0,
    0x0, 0xf, 0xf0, 0x0, 0xf, 0xf0, 0x0, 0xf,
    0xf0, 0x0, 0xf, 0xf0, 0x0, 0xf, 0xf0, 0x0,
    0xf, 0xf0, 0x0, 0xf, 0xf8, 0x0, 0x1e, 0x78,
    0x0, 0x1e, 0x7c, 0x0, 0x3e, 0x3e, 0x0, 0x7c,
    0x1f, 0x81, 0xf8, 0xf, 0xff, 0xf0, 0x7, 0xff,
    0xc0, 0x0, 0xff, 0x0,

    /* U+00DA "Ú" */
    0x0, 0x3, 0xe0, 0x0, 0x7, 0xc0, 0x0, 0x7,
    0x80, 0x0, 0xf, 0x0, 0x0, 0x1e, 0x0, 0x0,
    0x1e, 0x0, 0x0, 0x3c, 0x0, 0x0, 0x0, 0x0,
    0x0, 0x0, 0x0, 0x0, 0x0, 0x0, 0xf0, 0x0,
    0xf, 0xf0, 0x0, 0xf, 0xf0, 0x0, 0xf, 0xf0,
    0x0, 0xf, 0xf0, 0x0, 0xf, 0xf0, 0x0, 0xf,
    0xf0, 0x0, 0xf, 0xf0, 0x0, 0xf, 0xf0, 0x0,
    0xf, 0xf0, 0x0, 0xf, 0xf0, 0x0, 0xf, 0xf0,
    0x0, 0xf, 0xf0, 0x0, 0xf, 0xf0, 0x0, 0xf,
    0xf0, 0x0, 0xf, 0xf0, 0x0, 0xf, 0xf0, 0x0,
    0xf, 0xf0, 0x0, 0xf, 0xf0, 0x0, 0xf, 0xf0,
    0x0, 0xf, 0xf0, 0x0, 0xf, 0xf0, 0x0, 0xf,
    0xf0, 0x0, 0xf, 0xf0, 0x0, 0xf, 0xf0, 0x0,
    0xf, 0xf0, 0x0, 0xf, 0xf8, 0x0, 0x1e, 0x78,
    0x0, 0x1e, 0x7c, 0x0, 0x3e, 0x3e, 0x0, 0x7c,
    0x1f, 0x81, 0xf8, 0xf, 0xff, 0xf0, 0x7, 0xff,
    0xc0, 0x0, 0xff, 0x0,

    /* U+00DB "Û" */
    0x0, 0x3c, 0x0, 0x0, 0x7e, 0x0, 0x0, 0xff,
    0x0, 0x1, 0xe7, 0x80, 0x3, 0xc3, 0x80, 0x3,
    0x81, 0xc0, 0x7, 0x0, 0xe0, 0x0, 0x0, 0x0,
    0x0, 0x0, 0x0, 0x0, 0x0, 0x0, 0xf0, 0x0,
    0xf, 0xf0, 0x0, 0xf, 0xf0, 0x0, 0xf, 0xf0,
    0x0, 0xf, 0xf0, 0x0, 0xf, 0xf0, 0x0, 0xf,
    0xf0, 0x0, 0xf, 0xf0, 0x0, 0xf, 0xf0, 0x0,
    0xf, 0xf0, 0x0, 0xf, 0xf0, 0x0, 0xf, 0xf0,
    0x0, 0xf, 0xf0, 0x0, 0xf, 0xf0, 0x0, 0xf,
    0xf0, 0x0, 0xf, 0xf0, 0x0, 0xf, 0xf0, 0x0,
    0xf, 0xf0, 0x0, 0xf, 0xf0, 0x0, 0xf, 0xf0,
    0x0, 0xf, 0xf0, 0x0, 0xf, 0xf0, 0x0, 0xf,
    0xf0, 0x0, 0xf, 0xf0, 0x0, 0xf, 0xf0, 0x0,
    0xf, 0xf0, 0x0, 0xf, 0xf8, 0x0, 0x1e, 0x78,
    0x0, 0x1e, 0x7c, 0x0, 0x3e, 0x3e, 0x0, 0x7c,
    0x1f, 0x81, 0xf8, 0xf, 0xff, 0xf0, 0x7, 0xff,
    0xc0, 0x0, 0xff, 0x0,

    /* U+00DC "Ü" */
    0x3, 0x80, 0xe0, 0x7, 0xc1, 0xf0, 0x7, 0xc1,
    0xf0, 0x7, 0xc1, 0xf0, 0x3, 0x80, 0xe0, 0x0,
    0x0, 0x0, 0x0, 0x0, 0x0, 0x0, 0x0, 0x0,
    0x0, 0x0, 0x0, 0xf0, 0x0, 0xf, 0xf0, 0x0,
    0xf, 0xf0, 0x0, 0xf, 0xf0, 0x0, 0xf, 0xf0,
    0x0, 0xf, 0xf0, 0x0, 0xf, 0xf0, 0x0, 0xf,
    0xf0, 0x0, 0xf, 0xf0, 0x0, 0xf, 0xf0, 0x0,
    0xf, 0xf0, 0x0, 0xf, 0xf0, 0x0, 0xf, 0xf0,
    0x0, 0xf, 0xf0, 0x0, 0xf, 0xf0, 0x0, 0xf,
    0xf0, 0x0, 0xf, 0xf0, 0x0, 0xf, 0xf0, 0x0,
    0xf, 0xf0, 0x0, 0xf, 0xf0, 0x0, 0xf, 0xf0,
    0x0, 0xf, 0xf0, 0x0, 0xf, 0xf0, 0x0, 0xf,
    0xf0, 0x0, 0xf, 0xf0, 0x0, 0xf, 0xf0, 0x0,
    0xf, 0xf8, 0x0, 0x1e, 0x78, 0x0, 0x1e, 0x7c,
    0x0, 0x3e, 0x3e, 0x0, 0x7c, 0x1f, 0x81, 0xf8,
    0xf, 0xff, 0xf0, 0x7, 0xff, 0xc0, 0x0, 0xff,
    0x0,

    /* U+00DD "Ý" */
    0x0, 0x0, 0xf8, 0x0, 0x0, 0x1f, 0x0, 0x0,
    0x1, 0xe0, 0x0, 0x0, 0x3e, 0x0, 0x0, 0x3,
    0xc0, 0x0, 0x0, 0x78, 0x0, 0x0, 0x7, 0x0,
    0x0, 0x0, 0xe0, 0x0, 0x0, 0x0, 0x0, 0x0,
    0x0, 0x0, 0x0, 0x7c, 0x0, 0x3, 0xe7, 0xc0,
    0x0, 0x3e, 0x3e, 0x0, 0x7, 0xc3, 0xe0, 0x0,
    0x7c, 0x1f, 0x0, 0xf, 0x81, 0xf0, 0x0, 0xf8,
    0xf, 0x80, 0x1f, 0x0, 0xf8, 0x1, 0xf0, 0x7,
    0xc0, 0x3e, 0x0, 0x7c, 0x3, 0xe0, 0x3, 0xe0,
    0x7c, 0x0, 0x1e, 0x7, 0x80, 0x1, 0xf0, 0xf8,
    0x0, 0xf, 0xf, 0x0, 0x0, 0xf9, 0xf0, 0x0,
    0x7, 0x9e, 0x0, 0x0, 0x7f, 0xe0, 0x0, 0x3,
    0xfc, 0x0, 0x0, 0x3f, 0xc0, 0x0, 0x1, 0xf8,
    0x0, 0x0, 0xf, 0x0, 0x0, 0x0, 0xf0, 0x0,
    0x0, 0xf, 0x0, 0x0, 0x0, 0xf0, 0x0, 0x0,
    0xf, 0x0, 0x0, 0x0, 0xf0, 0x0, 0x0, 0xf,
    0x0, 0x0, 0x0, 0xf0, 0x0, 0x0, 0xf, 0x0,
    0x0, 0x0, 0xf0, 0x0, 0x0, 0xf, 0x0, 0x0,
    0x0, 0xf0, 0x0, 0x0, 0xf, 0x0, 0x0, 0x0,
    0xf0, 0x0,

    /* U+00DE "Þ" */
    0xf0, 0x0, 0x3, 0xc0, 0x0, 0xf, 0x0, 0x0,
    0x3c, 0x0, 0x0, 0xf0, 0x0, 0x3, 0xc0, 0x0,
    0xf, 0x0, 0x0, 0x3f, 0xff, 0x80, 0xff, 0xff,
    0x83, 0xff, 0xff, 0x8f, 0x0, 0x3f, 0x3c, 0x0,
    0x3e, 0xf0, 0x0, 0x7b, 0xc0, 0x1, 0xff, 0x0,
    0x3, 0xfc, 0x0, 0xf, 0xf0, 0x0, 0x3f, 0xc0,
    0x0, 0xff, 0x0, 0x3, 0xfc, 0x0, 0x1f, 0xf0,
    0x0, 0x7b, 0xc0, 0x3, 0xef, 0x0, 0x3f, 0x3f,
    0xff, 0xf8, 0xff, 0xff, 0x83, 0xff, 0xf8, 0xf,
    0x0, 0x0, 0x3c, 0x0, 0x0, 0xf0, 0x0, 0x3,
    0xc0, 0x0, 0xf, 0x0, 0x0, 0x3c, 0x0, 0x0,
    0xf0, 0x0, 0x3, 0xc0, 0x0, 0x0,

    /* U+00DF "ß" */
    0x3, 0xf8, 0x0, 0x1f, 0xfc, 0x0, 0x7f, 0xfc,
    0x1, 0xf0, 0x7c, 0x7, 0xc0, 0x78, 0xf, 0x0,
    0x78, 0x3c, 0x0, 0xf0, 0x78, 0x1, 0xe0, 0xf0,
    0x3, 0xc1, 0xe0, 0x7, 0x83, 0xc0, 0x1f, 0x7,
    0x80, 0x3c, 0xf, 0x0, 0xf8, 0x1e, 0x1, 0xe0,
    0x3c, 0x7, 0xc0, 0x78, 0xf, 0x0, 0xf0, 0x1e,
    0x1, 0xe0, 0x3c, 0x3, 0xc0, 0x78, 0x7, 0x80,
    0xf8, 0xf, 0x0, 0xf8, 0x1e, 0x1, 0xf8, 0x3c,
    0x1, 0xf8, 0x78, 0x1, 0xf8, 0xf0, 0x1, 0xf9,
    0xe0, 0x0, 0xfb, 0xc0, 0x0, 0xf7, 0x80, 0x1,
    0xff, 0x0, 0x1, 0xfe, 0x0, 0x3, 0xfc, 0x0,
    0x7, 0xf8, 0x0, 0xf, 0xf0, 0x80, 0x3d, 0xe1,
    0xc0, 0xfb, 0xc3, 0xff, 0xe7, 0x8f, 0xff, 0x8f,
    0x3, 0xfc, 0x0,

    /* U+00E0 "à" */
    0xf, 0x80, 0x0, 0x3e, 0x0, 0x0, 0xf8, 0x0,
    0x3, 0xc0, 0x0, 0xf, 0x0, 0x0, 0x3c, 0x0,
    0x0, 0xe0, 0x0, 0x0, 0x0, 0x0, 0x0, 0x0,
    0x0, 0x0, 0x0, 0x0, 0x0, 0x3, 0xf8, 0x0,
    0x7f, 0xf8, 0xf, 0xff, 0xe0, 0xfc, 0x1f, 0x87,
    0x80, 0x3c, 0x78, 0x1, 0xf3, 0xc0, 0x7, 0x80,
    0x0, 0x3c, 0x0, 0x1, 0xe0, 0x0, 0xf, 0x0,
    0xff, 0xf8, 0x3f, 0xff, 0xc3, 0xff, 0xfe, 0x3f,
    0x0, 0xf3, 0xe0, 0x7, 0xbe, 0x0, 0x3d, 0xe0,
    0x1, 0xef, 0x0, 0xf, 0x78, 0x0, 0x7b, 0xc0,
    0x3, 0xdf, 0x0, 0x3e, 0x78, 0x3, 0xf3, 0xf0,
    0x7f, 0x8f, 0xff, 0xbc, 0x3f, 0xf9, 0xf0, 0x7f,
    0x7, 0x80,

    /* U+00E1 "á" */
    0x0, 0x7, 0xe0, 0x0, 0x3e, 0x0, 0x3, 0xe0,
    0x0, 0x3e, 0x0, 0x1, 0xe0, 0x0, 0x1e, 0x0,
    0x1, 0xe0, 0x0, 0x0, 0x0, 0x0, 0x0, 0x0,
    0x0, 0x0, 0x0, 0x0, 0x0, 0x3, 0xf8, 0x0,
    0x7f, 0xf8, 0xf, 0xff, 0xe0, 0xfc, 0x1f, 0x87,
    0x80, 0x3c, 0x78, 0x1, 0xf3, 0xc0, 0x7, 0x80,
    0x0, 0x3c, 0x0, 0x1, 0xe0, 0x0, 0xf, 0x0,
    0xff, 0xf8, 0x3f, 0xff, 0xc3, 0xff, 0xfe, 0x3f,
    0x0, 0xf3, 0xe0, 0x7, 0xbe, 0x0, 0x3d, 0xe0,
    0x1, 0xef, 0x0, 0xf, 0x78, 0x0, 0x7b, 0xc0,
    0x3, 0xdf, 0x0, 0x3e, 0x78, 0x3, 0xf3, 0xf0,
    0x7f, 0x8f, 0xff, 0xbc, 0x3f, 0xf9, 0xf0, 0x7f,
    0x7, 0x80,

    /* U+00E2 "â" */
    0x0, 0x38, 0x0, 0x3, 0xe0, 0x0, 0x3f, 0x0,
    0x3, 0xdc, 0x0, 0x3c, 0x70, 0x3, 0xc3, 0xc0,
    0x3c, 0xf, 0x0, 0x0, 0x0, 0x0, 0x0, 0x0,
    0x0, 0x0, 0x0, 0x0, 0x0, 0x3, 0xf8, 0x0,
    0x7f, 0xf8, 0xf, 0xff, 0xe0, 0xfc, 0x1f, 0x87,
    0x80, 0x3c, 0x78, 0x1, 0xf3, 0xc0, 0x7, 0x80,
    0x0, 0x3c, 0x0, 0x1, 0xe0, 0x0, 0xf, 0x0,
    0xff, 0xf8, 0x3f, 0xff, 0xc3, 0xff, 0xfe, 0x3f,
    0x0, 0xf3, 0xe0, 0x7, 0xbe, 0x0, 0x3d, 0xe0,
    0x1, 0xef, 0x0, 0xf, 0x78, 0x0, 0x7b, 0xc0,
    0x3, 0xdf, 0x0, 0x3e, 0x78, 0x3, 0xf3, 0xf0,
    0x7f, 0x8f, 0xff, 0xbc, 0x3f, 0xf9, 0xf0, 0x7f,
    0x7, 0x80,

    /* U+00E3 "ã" */
    0x3, 0xc0, 0xe0, 0x3f, 0x7, 0x3, 0xfc, 0x78,
    0x3c, 0x7f, 0x81, 0xc1, 0xf8, 0xe, 0x7, 0x80,
    0x0, 0x0, 0x0, 0x0, 0x0, 0x0, 0x0, 0x0,
    0x0, 0x0, 0x0, 0x7f, 0x0, 0xf, 0xff, 0x1,
    0xff, 0xfc, 0x1f, 0x83, 0xf0, 0xf0, 0x7, 0x8f,
    0x0, 0x3e, 0x78, 0x0, 0xf0, 0x0, 0x7, 0x80,
    0x0, 0x3c, 0x0, 0x1, 0xe0, 0x1f, 0xff, 0x7,
    0xff, 0xf8, 0x7f, 0xff, 0xc7, 0xe0, 0x1e, 0x7c,
    0x0, 0xf7, 0xc0, 0x7, 0xbc, 0x0, 0x3d, 0xe0,
    0x1, 0xef, 0x0, 0xf, 0x78, 0x0, 0x7b, 0xe0,
    0x7, 0xcf, 0x0, 0x7e, 0x7e, 0xf, 0xf1, 0xff,
    0xf7, 0x87, 0xff, 0x3e, 0xf, 0xc1, 0xf0,

    /* U+00E4 "ä" */
    0x7, 0x1, 0xc0, 0x7c, 0x1f, 0x3, 0xe0, 0xf8,
    0x1f, 0x7, 0xc0, 0x70, 0x1c, 0x0, 0x0, 0x0,
    0x0, 0x0, 0x0, 0x0, 0x0, 0x1, 0xfc, 0x0,
    0x3f, 0xfc, 0x7, 0xff, 0xf0, 0x7e, 0xf, 0xc3,
    0xc0, 0x1e, 0x3c, 0x0, 0xf9, 0xe0, 0x3, 0xc0,
    0x0, 0x1e, 0x0, 0x0, 0xf0, 0x0, 0x7, 0x80,
    0x7f, 0xfc, 0x1f, 0xff, 0xe1, 0xff, 0xff, 0x1f,
    0x80, 0x79, 0xf0, 0x3, 0xdf, 0x0, 0x1e, 0xf0,
    0x0, 0xf7, 0x80, 0x7, 0xbc, 0x0, 0x3d, 0xe0,
    0x1, 0xef, 0x80, 0x1f, 0x3c, 0x1, 0xf9, 0xf8,
    0x3f, 0xc7, 0xff, 0xfe, 0x1f, 0xfc, 0xf8, 0x3f,
    0x83, 0xc0,

    /* U+00E5 "å" */
    0x0, 0x70, 0x0, 0x1f, 0xc0, 0x1, 0x8c, 0x0,
    0x30, 0x60, 0x3, 0x6, 0x0, 0x30, 0x60, 0x3,
    0x6, 0x0, 0x18, 0xc0, 0x1, 0xfc, 0x0, 0xf,
    0x0, 0x0, 0x0, 0x0, 0x0, 0x0, 0x0, 0x0,
    0x0, 0x1f, 0xc0, 0x7, 0xff, 0x1, 0xff, 0xf8,
    0x3f, 0x7, 0xc3, 0xc0, 0x1c, 0x78, 0x1, 0xe7,
    0x80, 0xe, 0x0, 0x0, 0xe0, 0x0, 0xe, 0x0,
    0x0, 0xe0, 0x3f, 0xee, 0xf, 0xfe, 0xe3, 0xff,
    0xee, 0x3f, 0x0, 0xe7, 0xc0, 0xe, 0xf8, 0x0,
    0xef, 0x0, 0xe, 0xf0, 0x0, 0xef, 0x0, 0xe,
    0xf0, 0x0, 0xef, 0x80, 0x1e, 0x78, 0x3, 0xe7,
    0xe0, 0xee, 0x3f, 0xfc, 0xe1, 0xff, 0x8f, 0x7,
    0xe1, 0xf0,

    /* U+00E6 "æ" */
    0x1, 0xfc, 0x0, 0xfc, 0x0, 0x3f, 0xf8, 0x3f,
    0xfc, 0x7, 0xff, 0xf3, 0xff, 0xf0, 0x7e, 0xf,
    0xbe, 0x7, 0xc3, 0xe0, 0x1f, 0xe0, 0x1e, 0x3e,
    0x0, 0xfe, 0x0, 0x79, 0xe0, 0x3, 0xe0, 0x3,
    0xc7, 0x0, 0x1f, 0x0, 0xf, 0x0, 0x0, 0xf8,
    0x0, 0x78, 0x0, 0x7, 0x80, 0x3, 0xc0, 0x0,
    0x3c, 0x0, 0x1e, 0x7, 0xff, 0xff, 0xff, 0xf1,
    0xff, 0xff, 0xff, 0xff, 0x9f, 0xff, 0xff, 0xff,
    0xfd, 0xf8, 0x3, 0xc0, 0x0, 0xf, 0x80, 0x1e,
    0x0, 0x0, 0xf8, 0x0, 0xf0, 0x0, 0x7, 0x80,
    0x7, 0xc0, 0x0, 0x3c, 0x0, 0x3e, 0x0, 0x1,
    0xe0, 0x1, 0xf0, 0x0, 0xf, 0x0, 0x1f, 0xc0,
    0x0, 0x7c, 0x1, 0xff, 0x0, 0x39, 0xf0, 0x3f,
    0x7e, 0x7, 0xc7, 0xff, 0xf1, 0xff, 0xff, 0x1f,
    0xff, 0x7, 0xff, 0xe0, 0x3f, 0xc0, 0x7, 0xf8,
    0x0,

    /* U+00E7 "ç" */
    0x0, 0xfe, 0x0, 0x1f, 0xfe, 0x0, 0xff, 0xfe,
    0x7, 0xe0, 0xfc, 0x3e, 0x0, 0xf0, 0xf0, 0x1,
    0xe7, 0x80, 0x7, 0x9e, 0x0, 0xe, 0xf8, 0x0,
    0x3b, 0xc0, 0x0, 0xf, 0x0, 0x0, 0x3c, 0x0,
    0x0, 0xf0, 0x0, 0x3, 0xc0, 0x0, 0xf, 0x0,
    0x0, 0x3c, 0x0, 0x0, 0xf0, 0x0, 0x3, 0xc0,
    0x0, 0x7, 0x80, 0x3, 0x9e, 0x0, 0x1e, 0x3c,
    0x0, 0x78, 0xf8, 0x3, 0xc1, 0xf0, 0x3f, 0x3,
    0xff, 0xf8, 0x7, 0xff, 0x80, 0x3, 0xf8, 0x0,
    0x7, 0x0, 0x0, 0x3e, 0x0, 0x0, 0xfe, 0x0,
    0x1, 0xfc, 0x0, 0x0, 0xf0, 0x0, 0x3, 0xc0,
    0x0, 0xf, 0x0, 0x0, 0x78, 0x0, 0xf, 0xe0,
    0x0, 0x3e, 0x0, 0x0, 0x0, 0x0,

    /* U+00E8 "è" */
    0x1f, 0x80, 0x0, 0x7c, 0x0, 0x1, 0xf0, 0x0,
    0x7, 0xc0, 0x0, 0x1f, 0x0, 0x0, 0x78, 0x0,
    0x1, 0xe0, 0x0, 0x0, 0x0, 0x0, 0x0, 0x0,
    0x0, 0x0, 0x0, 0x0, 0x0, 0x1, 0xf8, 0x0,
    0x3f, 0xf0, 0x7, 0xff, 0xe0, 0x7c, 0x1f, 0x87,
    0xc0, 0x3c, 0x3c, 0x0, 0xf3, 0xc0, 0x7, 0x9e,
    0x0, 0x1c, 0xf0, 0x0, 0xff, 0x0, 0x7, 0xf8,
    0x0, 0x3f, 0xff, 0xff, 0xff, 0xff, 0xff, 0xff,
    0xff, 0xff, 0x80, 0x0, 0x3c, 0x0, 0x1, 0xe0,
    0x0, 0xf, 0x80, 0x0, 0x3c, 0x0, 0x1, 0xe0,
    0x0, 0x87, 0x80, 0xe, 0x3e, 0x0, 0xf8, 0xfc,
    0x1f, 0x83, 0xff, 0xf8, 0xf, 0xff, 0x80, 0xf,
    0xe0, 0x0,

    /* U+00E9 "é" */
    0x0, 0x7, 0xc0, 0x0, 0x7c, 0x0, 0x3, 0xc0,
    0x0, 0x3c, 0x0, 0x3, 0xc0, 0x0, 0x3c, 0x0,
    0x1, 0xc0, 0x0, 0x0, 0x0, 0x0, 0x0, 0x0,
    0x0, 0x0, 0x0, 0x0, 0x0, 0x1, 0xf8, 0x0,
    0x3f, 0xf0, 0x7, 0xff, 0xe0, 0x7c, 0x1f, 0x87,
    0xc0, 0x3c, 0x3c, 0x0, 0xf3, 0xc0, 0x7, 0x9e,
    0x0, 0x1c, 0xf0, 0x0, 0xff, 0x0, 0x7, 0xf8,
    0x0, 0x3f, 0xff, 0xff, 0xff, 0xff, 0xff, 0xff,
    0xff, 0xff, 0x80, 0x0, 0x3c, 0x0, 0x1, 0xe0,
    0x0, 0xf, 0x80, 0x0, 0x3c, 0x0, 0x1, 0xe0,
    0x0, 0x87, 0x80, 0xe, 0x3e, 0x0, 0xf8, 0xfc,
    0x1f, 0x83, 0xff, 0xf8, 0xf, 0xff, 0x80, 0xf,
    0xe0, 0x0,

    /* U+00EA "ê" */
    0x0, 0x70, 0x0, 0x3, 0xc0, 0x0, 0x3f, 0x0,
    0x3, 0xfc, 0x0, 0x3c, 0xf0, 0x3, 0xc3, 0xc0,
    0x3c, 0xf, 0x0, 0x0, 0x0, 0x0, 0x0, 0x0,
    0x0, 0x0, 0x0, 0x0, 0x0, 0x1, 0xf8, 0x0,
    0x3f, 0xf0, 0x7, 0xff, 0xe0, 0x7c, 0x1f, 0x87,
    0xc0, 0x3c, 0x3c, 0x0, 0xf3, 0xc0, 0x7, 0x9e,
    0x0, 0x1c, 0xf0, 0x0, 0xff, 0x0, 0x7, 0xf8,
    0x0, 0x3f, 0xff, 0xff, 0xff, 0xff, 0xff, 0xff,
    0xff, 0xff, 0x80, 0x0, 0x3c, 0x0, 0x1, 0xe0,
    0x0, 0xf, 0x80, 0x0, 0x3c, 0x0, 0x1, 0xe0,
    0x0, 0x87, 0x80, 0xe, 0x3e, 0x0, 0xf8, 0xfc,
    0x1f, 0x83, 0xff, 0xf8, 0xf, 0xff, 0x80, 0xf,
    0xe0, 0x0,

    /* U+00EB "ë" */
    0x7, 0x1, 0xc0, 0x7c, 0x1f, 0x3, 0xe0, 0xf8,
    0x1f, 0x7, 0xc0, 0x70, 0x1c, 0x0, 0x0, 0x0,
    0x0, 0x0, 0x0, 0x0, 0x0, 0x0, 0xfc, 0x0,
    0x1f, 0xf8, 0x3, 0xff, 0xf0, 0x3e, 0xf, 0xc3,
    0xe0, 0x1e, 0x1e, 0x0, 0x79, 0xe0, 0x3, 0xcf,
    0x0, 0xe, 0x78, 0x0, 0x7f, 0x80, 0x3, 0xfc,
    0x0, 0x1f, 0xff, 0xff, 0xff, 0xff, 0xff, 0xff,
    0xff, 0xff, 0xc0, 0x0, 0x1e, 0x0, 0x0, 0xf0,
    0x0, 0x7, 0xc0, 0x0, 0x1e, 0x0, 0x0, 0xf0,
    0x0, 0x3, 0xc0, 0x3, 0x1f, 0x0, 0x3c, 0x7e,
    0x7, 0xc1, 0xff, 0xfc, 0x7, 0xff, 0xc0, 0x7,
    0xf0, 0x0,

    /* U+00EC "ì" */
    0xfc, 0x3e, 0xf, 0x83, 0xc0, 0xf0, 0x3c, 0xe,
    0x0, 0x0, 0x0, 0x1, 0xe0, 0xf0, 0x78, 0x3c,
    0x1e, 0xf, 0x7, 0x83, 0xc1, 0xe0, 0xf0, 0x78,
    0x3c, 0x1e, 0xf, 0x7, 0x83, 0xc1, 0xe0, 0xf0,
    0x78, 0x3c, 0x1e, 0xf, 0x7, 0x83, 0xc1, 0xe0,
    0xf0,

    /* U+00ED "í" */
    0xf, 0x8f, 0x8f, 0x87, 0x87, 0x87, 0x83, 0x80,
    0x0, 0x0, 0x0, 0x3c, 0x1e, 0xf, 0x7, 0x83,
    0xc1, 0xe0, 0xf0, 0x78, 0x3c, 0x1e, 0xf, 0x7,
    0x83, 0xc1, 0xe0, 0xf0, 0x78, 0x3c, 0x1e, 0xf,
    0x7, 0x83, 0xc1, 0xe0, 0xf0, 0x78, 0x3c, 0x1e,
    0x0,

    /* U+00EE "î" */
    0x7, 0x80, 0x3f, 0x0, 0xfe, 0x7, 0x38, 0x3c,
    0x71, 0xe0, 0xef, 0x3, 0xc0, 0x0, 0x0, 0x0,
    0x0, 0x0, 0x78, 0x1, 0xe0, 0x7, 0x80, 0x1e,
    0x0, 0x78, 0x1, 0xe0, 0x7, 0x80, 0x1e, 0x0,
    0x78, 0x1, 0xe0, 0x7, 0x80, 0x1e, 0x0, 0x78,
    0x1, 0xe0, 0x7, 0x80, 0x1e, 0x0, 0x78, 0x1,
    0xe0, 0x7, 0x80, 0x1e, 0x0, 0x78, 0x1, 0xe0,
    0x7, 0x80, 0x1e, 0x0, 0x78, 0x1, 0xe0,

    /* U+00EF "ï" */
    0x70, 0x1d, 0xf0, 0x7f, 0xe0, 0xff, 0xc1, 0xf7,
    0x1, 0xc0, 0x0, 0x0, 0x0, 0x0, 0x0, 0x7,
    0x80, 0xf, 0x0, 0x1e, 0x0, 0x3c, 0x0, 0x78,
    0x0, 0xf0, 0x1, 0xe0, 0x3, 0xc0, 0x7, 0x80,
    0xf, 0x0, 0x1e, 0x0, 0x3c, 0x0, 0x78, 0x0,
    0xf0, 0x1, 0xe0, 0x3, 0xc0, 0x7, 0x80, 0xf,
    0x0, 0x1e, 0x0, 0x3c, 0x0, 0x78, 0x0, 0xf0,
    0x1, 0xe0, 0x3, 0xc0, 0x7, 0x80, 0xf, 0x0,

    /* U+00F0 "ð" */
    0xe, 0x0, 0x0, 0x7e, 0x0, 0x81, 0xfe, 0x7,
    0x7, 0xfe, 0x7c, 0x3, 0xff, 0xe0, 0x3, 0xff,
    0x0, 0x3, 0xf0, 0x0, 0x1f, 0xe0, 0x0, 0xff,
    0xc0, 0xf, 0xdf, 0x80, 0x3c, 0x3e, 0x0, 0x60,
    0x7c, 0x0, 0x0, 0xf0, 0x0, 0x3, 0xe0, 0x1f,
    0xc7, 0x81, 0xff, 0xde, 0xf, 0xff, 0xf8, 0x7e,
    0x7, 0xf3, 0xe0, 0xf, 0xdf, 0x0, 0x1f, 0x78,
    0x0, 0x3d, 0xe0, 0x0, 0xff, 0x0, 0x3, 0xfc,
    0x0, 0xf, 0xf0, 0x0, 0x3f, 0xc0, 0x0, 0xff,
    0x0, 0x3, 0xfc, 0x0, 0xf, 0xf0, 0x0, 0x79,
    0xe0, 0x1, 0xe7, 0x80, 0x7, 0x9f, 0x0, 0x3c,
    0x3e, 0x1, 0xf0, 0x7e, 0xf, 0x80, 0xff, 0xfc,
    0x1, 0xff, 0xe0, 0x0, 0xfc, 0x0,

    /* U+00F1 "ñ" */
    0x7, 0x81, 0xc1, 0xf8, 0x38, 0x7f, 0x8f, 0x1e,
    0x3f, 0xc3, 0x83, 0xf0, 0x70, 0x3c, 0x0, 0x0,
    0x0, 0x0, 0x0, 0x0, 0x0, 0x0, 0x0, 0x3,
    0xc3, 0xf8, 0x79, 0xff, 0x8f, 0x7f, 0xf9, 0xfe,
    0xf, 0xbf, 0x0, 0xf7, 0xc0, 0x1f, 0xf0, 0x1,
    0xfe, 0x0, 0x3f, 0xc0, 0x7, 0xf8, 0x0, 0xff,
    0x0, 0x1f, 0xe0, 0x3, 0xfc, 0x0, 0x7f, 0x80,
    0xf, 0xf0, 0x1, 0xfe, 0x0, 0x3f, 0xc0, 0x7,
    0xf8, 0x0, 0xff, 0x0, 0x1f, 0xe0, 0x3, 0xfc,
    0x0, 0x7f, 0x80, 0xf, 0xf0, 0x1, 0xfe, 0x0,
    0x3f, 0xc0, 0x7, 0xf8, 0x0, 0xf0,

    /* U+00F2 "ò" */
    0xf, 0x80, 0x0, 0xf, 0x80, 0x0, 0xf, 0x80,
    0x0, 0xf, 0x0, 0x0, 0xf, 0x0, 0x0, 0x1f,
    0x0, 0x0, 0x1e, 0x0, 0x0, 0x0, 0x0, 0x0,
    0x0, 0x0, 0x0, 0x0, 0x0, 0x0, 0x0, 0x0,
    0x7, 0xf0, 0x0, 0x3f, 0xf8, 0x1, 0xff, 0xfc,
    0x7, 0xe0, 0xfc, 0x1f, 0x0, 0x7c, 0x3c, 0x0,
    0x78, 0xf8, 0x0, 0xf9, 0xe0, 0x0, 0xf3, 0xc0,
    0x1, 0xef, 0x0, 0x1, 0xfe, 0x0, 0x3, 0xfc,
    0x0, 0x7, 0xf8, 0x0, 0xf, 0xf0, 0x0, 0x1f,
    0xe0, 0x0, 0x3f, 0xc0, 0x0, 0x7f, 0x80, 0x0,
    0xf7, 0x80, 0x3, 0xcf, 0x0, 0x7, 0x9e, 0x0,
    0x1f, 0x1e, 0x0, 0x3c, 0x3e, 0x0, 0xf8, 0x3f,
    0x7, 0xe0, 0x3f, 0xff, 0x80, 0x1f, 0xfc, 0x0,
    0xf, 0xe0, 0x0,

    /* U+00F3 "ó" */
    0x0, 0x3, 0xe0, 0x0, 0xf, 0x80, 0x0, 0x3e,
    0x0, 0x0, 0xf8, 0x0, 0x1, 0xe0, 0x0, 0x7,
    0x80, 0x0, 0x1e, 0x0, 0x0, 0x0, 0x0, 0x0,
    0x0, 0x0, 0x0, 0x0, 0x0, 0x0, 0x0, 0x0,
    0x7, 0xf0, 0x0, 0x3f, 0xf8, 0x1, 0xff, 0xfc,
    0x7, 0xe0, 0xfc, 0x1f, 0x0, 0x7c, 0x3c, 0x0,
    0x78, 0xf8, 0x0, 0xf9, 0xe0, 0x0, 0xf3, 0xc0,
    0x1, 0xef, 0x0, 0x1, 0xfe, 0x0, 0x3, 0xfc,
    0x0, 0x7, 0xf8, 0x0, 0xf, 0xf0, 0x0, 0x1f,
    0xe0, 0x0, 0x3f, 0xc0, 0x0, 0x7f, 0x80, 0x0,
    0xf7, 0x80, 0x3, 0xcf, 0x0, 0x7, 0x9e, 0x0,
    0x1f, 0x1e, 0x0, 0x3c, 0x3e, 0x0, 0xf8, 0x3f,
    0x7, 0xe0, 0x3f, 0xff, 0x80, 0x1f, 0xfc, 0x0,
    0xf, 0xe0, 0x0,

    /* U+00F4 "ô" */
    0x0, 0x38, 0x0, 0x0, 0xf8, 0x0, 0x3, 0xf8,
    0x0, 0xf, 0x70, 0x0, 0x3c, 0x70, 0x0, 0xf0,
    0xf0, 0x3, 0xc0, 0xf0, 0x0, 0x0, 0x0, 0x0,
    0x0, 0x0, 0x0, 0x0, 0x0, 0x0, 0x0, 0x0,
    0x7, 0xf0, 0x0, 0x3f, 0xf8, 0x1, 0xff, 0xfc,
    0x7, 0xe0, 0xfc, 0x1f, 0x0, 0x7c, 0x3c, 0x0,
    0x78, 0xf8, 0x0, 0xf9, 0xe0, 0x0, 0xf3, 0xc0,
    0x1, 0xef, 0x0, 0x1, 0xfe, 0x0, 0x3, 0xfc,
    0x0, 0x7, 0xf8, 0x0, 0xf, 0xf0, 0x0, 0x1f,
    0xe0, 0x0, 0x3f, 0xc0, 0x0, 0x7f, 0x80, 0x0,
    0xf7, 0x80, 0x3, 0xcf, 0x0, 0x7, 0x9e, 0x0,
    0x1f, 0x1e, 0x0, 0x3c, 0x3e, 0x0, 0xf8, 0x3f,
    0x7, 0xe0, 0x3f, 0xff, 0x80, 0x1f, 0xfc, 0x0,
    0xf, 0xe0, 0x0,

    /* U+00F5 "õ" */
    0x3, 0xc0, 0x70, 0xf, 0xc0, 0xe0, 0x3f, 0xe3,
    0xc0, 0xf1, 0xff, 0x1, 0xc1, 0xfc, 0x3, 0x80,
    0xf0, 0x0, 0x0, 0x0, 0x0, 0x0, 0x0, 0x0,
    0x0, 0x0, 0x0, 0x0, 0x0, 0x3, 0xf8, 0x0,
    0x1f, 0xfc, 0x0, 0xff, 0xfe, 0x3, 0xf0, 0x7e,
    0xf, 0x80, 0x3e, 0x1e, 0x0, 0x3c, 0x7c, 0x0,
    0x7c, 0xf0, 0x0, 0x79, 0xe0, 0x0, 0xf7, 0x80,
    0x0, 0xff, 0x0, 0x1, 0xfe, 0x0, 0x3, 0xfc,
    0x0, 0x7, 0xf8, 0x0, 0xf, 0xf0, 0x0, 0x1f,
    0xe0, 0x0, 0x3f, 0xc0, 0x0, 0x7b, 0xc0, 0x1,
    0xe7, 0x80, 0x3, 0xcf, 0x0, 0xf, 0x8f, 0x0,
    0x1e, 0x1f, 0x0, 0x7c, 0x1f, 0x83, 0xf0, 0x1f,
    0xff, 0xc0, 0xf, 0xfe, 0x0, 0x7, 0xf0, 0x0,

    /* U+00F6 "ö" */
    0x7, 0x1, 0xc0, 0x1f, 0x7, 0xc0, 0x3e, 0xf,
    0x80, 0x7c, 0x1f, 0x0, 0x70, 0x1c, 0x0, 0x0,
    0x0, 0x0, 0x0, 0x0, 0x0, 0x0, 0x0, 0x0,
    0xfe, 0x0, 0x7, 0xff, 0x0, 0x3f, 0xff, 0x80,
    0xfc, 0x1f, 0x83, 0xe0, 0xf, 0x87, 0x80, 0xf,
    0x1f, 0x0, 0x1f, 0x3c, 0x0, 0x1e, 0x78, 0x0,
    0x3d, 0xe0, 0x0, 0x3f, 0xc0, 0x0, 0x7f, 0x80,
    0x0, 0xff, 0x0, 0x1, 0xfe, 0x0, 0x3, 0xfc,
    0x0, 0x7, 0xf8, 0x0, 0xf, 0xf0, 0x0, 0x1e,
    0xf0, 0x0, 0x79, 0xe0, 0x0, 0xf3, 0xc0, 0x3,
    0xe3, 0xc0, 0x7, 0x87, 0xc0, 0x1f, 0x7, 0xe0,
    0xfc, 0x7, 0xff, 0xf0, 0x3, 0xff, 0x80, 0x1,
    0xfc, 0x0,

    /* U+00F7 "÷" */
    0x0, 0x38, 0x0, 0x0, 0xf8, 0x0, 0x1, 0xf0,
    0x0, 0x3, 0xe0, 0x0, 0x3, 0x80, 0x0, 0x0,
    0x0, 0x0, 0x0, 0x0, 0x0, 0x0, 0x0, 0x0,
    0x0, 0x0, 0x0, 0x0, 0x3, 0xff, 0xff, 0xff,
    0xff, 0xff, 0xff, 0xff, 0xff, 0xe0, 0x0, 0x0,
    0x0, 0x0, 0x0, 0x0, 0x0, 0x0, 0x0, 0x0,
    0x0, 0x0, 0x0, 0x0, 0x0, 0x0, 0x0, 0x1,
    0xc0, 0x0, 0x7, 0xc0, 0x0, 0xf, 0x80, 0x0,
    0x1f, 0x0, 0x0, 0x1c, 0x0,

    /* U+00F8 "ø" */
    0x0, 0x0, 0x38, 0x0, 0x0, 0xe0, 0x0, 0x1,
    0xc0, 0x7, 0xf7, 0x0, 0x3f, 0xfe, 0x1, 0xff,
    0xfc, 0x7, 0xe0, 0xfc, 0x1f, 0x1, 0xfc, 0x3c,
    0x3, 0xf8, 0xf8, 0xe, 0xf9, 0xe0, 0x1c, 0xf3,
    0xc0, 0x71, 0xef, 0x0, 0xe1, 0xfe, 0x3, 0x83,
    0xfc, 0x7, 0x7, 0xf8, 0x1c, 0xf, 0xf0, 0x38,
    0x1f, 0xe0, 0xe0, 0x3f, 0xc1, 0xc0, 0x7f, 0x87,
    0x0, 0xf7, 0x8e, 0x3, 0xcf, 0x38, 0x7, 0x9e,
    0x70, 0x1f, 0x1f, 0xc0, 0x3c, 0x3f, 0x80, 0xf8,
    0x3f, 0x7, 0xe0, 0x3f, 0xff, 0x80, 0x7f, 0xfc,
    0x0, 0xef, 0xe0, 0x3, 0x80, 0x0, 0x7, 0x0,
    0x0, 0x1c, 0x0, 0x0,

    /* U+00F9 "ù" */
    0x1f, 0x0, 0x1, 0xf8, 0x0, 0xf, 0x80, 0x0,
    0x7c, 0x0, 0x3, 0xe0, 0x0, 0x1f, 0x0, 0x0,
    0xf0, 0x0, 0x0, 0x0, 0x0, 0x0, 0x0, 0x0,
    0x0, 0x0, 0x0, 0xf, 0x0, 0xf, 0xf0, 0x0,
    0xff, 0x0, 0xf, 0xf0, 0x0, 0xff, 0x0, 0xf,
    0xf0, 0x0, 0xff, 0x0, 0xf, 0xf0, 0x0, 0xff,
    0x0, 0xf, 0xf0, 0x0, 0xff, 0x0, 0xf, 0xf0,
    0x0, 0xff, 0x0, 0xf, 0xf0, 0x0, 0xff, 0x0,
    0xf, 0xf0, 0x0, 0xff, 0x0, 0xf, 0xf0, 0x0,
    0xff, 0x0, 0xf, 0xf0, 0x0, 0xff, 0x80, 0x1f,
    0x78, 0x3, 0xf7, 0xe0, 0xff, 0x3f, 0xff, 0xf1,
    0xff, 0xcf, 0x7, 0xf0, 0xf0,

    /* U+00FA "ú" */
    0x0, 0xf, 0xc0, 0x0, 0xf8, 0x0, 0x1f, 0x0,
    0x3, 0xe0, 0x0, 0x7c, 0x0, 0x7, 0x80, 0x0,
    0xf0, 0x0, 0x0, 0x0, 0x0, 0x0, 0x0, 0x0,
    0x0, 0x0, 0x0, 0xf, 0x0, 0xf, 0xf0, 0x0,
    0xff, 0x0, 0xf, 0xf0, 0x0, 0xff, 0x0, 0xf,
    0xf0, 0x0, 0xff, 0x0, 0xf, 0xf0, 0x0, 0xff,
    0x0, 0xf, 0xf0, 0x0, 0xff, 0x0, 0xf, 0xf0,
    0x0, 0xff, 0x0, 0xf, 0xf0, 0x0, 0xff, 0x0,
    0xf, 0xf0, 0x0, 0xff, 0x0, 0xf, 0xf0, 0x0,
    0xff, 0x0, 0xf, 0xf0, 0x0, 0xff, 0x80, 0x1f,
    0x78, 0x3, 0xf7, 0xe0, 0xff, 0x3f, 0xff, 0xf1,
    0xff, 0xcf, 0x7, 0xf0, 0xf0,

    /* U+00FB "û" */
    0x0, 0x60, 0x0, 0xf, 0x0, 0x1, 0xf8, 0x0,
    0x3f, 0xc0, 0x7, 0x9e, 0x0, 0xf0, 0xf0, 0x1e,
    0x7, 0x80, 0x0, 0x0, 0x0, 0x0, 0x0, 0x0,
    0x0, 0x0, 0x0, 0xf, 0x0, 0xf, 0xf0, 0x0,
    0xff, 0x0, 0xf, 0xf0, 0x0, 0xff, 0x0, 0xf,
    0xf0, 0x0, 0xff, 0x0, 0xf, 0xf0, 0x0, 0xff,
    0x0, 0xf, 0xf0, 0x0, 0xff, 0x0, 0xf, 0xf0,
    0x0, 0xff, 0x0, 0xf, 0xf0, 0x0, 0xff, 0x0,
    0xf, 0xf0, 0x0, 0xff, 0x0, 0xf, 0xf0, 0x0,
    0xff, 0x0, 0xf, 0xf0, 0x0, 0xff, 0x80, 0x1f,
    0x78, 0x3, 0xf7, 0xe0, 0xff, 0x3f, 0xff, 0xf1,
    0xff, 0xcf, 0x7, 0xf0, 0xf0,

    /* U+00FC "ü" */
    0xe, 0x3, 0x81, 0xf0, 0x7c, 0x1f, 0x7, 0xc1,
    0xf0, 0x7c, 0xe, 0x3, 0x80, 0x0, 0x0, 0x0,
    0x0, 0x0, 0x0, 0x0, 0xf0, 0x0, 0xff, 0x0,
    0xf, 0xf0, 0x0, 0xff, 0x0, 0xf, 0xf0, 0x0,
    0xff, 0x0, 0xf, 0xf0, 0x0, 0xff, 0x0, 0xf,
    0xf0, 0x0, 0xff, 0x0, 0xf, 0xf0, 0x0, 0xff,
    0x0, 0xf, 0xf0, 0x0, 0xff, 0x0, 0xf, 0xf0,
    0x0, 0xff, 0x0, 0xf, 0xf0, 0x0, 0xff, 0x0,
    0xf, 0xf0, 0x0, 0xff, 0x0, 0xf, 0xf8, 0x1,
    0xf7, 0x80, 0x3f, 0x7e, 0xf, 0xf3, 0xff, 0xff,
    0x1f, 0xfc, 0xf0, 0x7f, 0xf,

    /* U+00FD "ý" */
    0x0, 0x7, 0xc0, 0x0, 0x7c, 0x0, 0x7, 0xc0,
    0x0, 0x3c, 0x0, 0x3, 0xc0, 0x0, 0x3c, 0x0,
    0x1, 0xc0, 0x0, 0x0, 0x0, 0x0, 0x0, 0x0,
    0x0, 0x0, 0x3c, 0x0, 0x3f, 0xf0, 0x1, 0xff,
    0x80, 0xf, 0x3c, 0x0, 0xf9, 0xf0, 0x7, 0xcf,
    0x80, 0x3c, 0x3c, 0x1, 0xe1, 0xf0, 0x1f, 0xf,
    0x80, 0xf0, 0x3c, 0x7, 0x81, 0xf0, 0x7c, 0xf,
    0x83, 0xc0, 0x3c, 0x1e, 0x1, 0xf0, 0xf0, 0xf,
    0x8f, 0x0, 0x3c, 0x78, 0x1, 0xf3, 0xc0, 0x7,
    0xbc, 0x0, 0x3d, 0xe0, 0x1, 0xef, 0x0, 0x7,
    0xf0, 0x0, 0x3f, 0x80, 0x1, 0xfc, 0x0, 0x7,
    0xc0, 0x0, 0x3e, 0x0, 0x1, 0xe0, 0x0, 0x7,
    0x0, 0x0, 0x78, 0x0, 0x3, 0x80, 0x0, 0x3c,
    0x0, 0x1, 0xe0, 0x0, 0xe, 0x0, 0x0, 0xf0,
    0x0, 0xff, 0x0, 0x7, 0xf0, 0x0, 0x3f, 0x0,
    0x0, 0x40, 0x0, 0x0,

    /* U+00FE "þ" */
    0xf0, 0x0, 0x7, 0x80, 0x0, 0x3c, 0x0, 0x1,
    0xe0, 0x0, 0xf, 0x0, 0x0, 0x78, 0x0, 0x3,
    0xc0, 0x0, 0x1e, 0x0, 0x0, 0xf0, 0x0, 0x7,
    0x80, 0x0, 0x3c, 0x3f, 0x81, 0xe7, 0xfe, 0xf,
    0x7f, 0xfc, 0x7f, 0x3, 0xe3, 0xf0, 0xf, 0x9f,
    0x0, 0x3e, 0xf0, 0x0, 0xf7, 0x80, 0x7, 0xbc,
    0x0, 0x3f, 0xe0, 0x0, 0xff, 0x0, 0x7, 0xf8,
    0x0, 0x3f, 0xc0, 0x1, 0xfe, 0x0, 0xf, 0xf0,
    0x0, 0x7f, 0x80, 0x3, 0xfc, 0x0, 0x1f, 0xe0,
    0x1, 0xff, 0x0, 0xf, 0x78, 0x0, 0x7b, 0xe0,
    0x7, 0xdf, 0x80, 0x7c, 0xfe, 0x7, 0xc7, 0xbf,
    0xfe, 0x3c, 0xff, 0xc1, 0xe1, 0xf8, 0xf, 0x0,
    0x0, 0x78, 0x0, 0x3, 0xc0, 0x0, 0x1e, 0x0,
    0x0, 0xf0, 0x0, 0x7, 0x80, 0x0, 0x3c, 0x0,
    0x1, 0xe0, 0x0, 0xf, 0x0, 0x0, 0x78, 0x0,
    0x0,

    /* U+00FF "ÿ" */
    0x7, 0x1, 0xc0, 0x3e, 0xf, 0x80, 0xf8, 0x3e,
    0x3, 0xe0, 0xf8, 0x7, 0x1, 0xc0, 0x0, 0x0,
    0x0, 0x0, 0x0, 0x0, 0x0, 0x0, 0xf8, 0x0,
    0x79, 0xe0, 0x3, 0xe7, 0xc0, 0xf, 0x9f, 0x0,
    0x3c, 0x3c, 0x0, 0xf0, 0xf8, 0x7, 0xc3, 0xe0,
    0x1e, 0x7, 0x80, 0x78, 0x1f, 0x3, 0xe0, 0x7c,
    0xf, 0x0, 0xf0, 0x3c, 0x3, 0xc0, 0xf0, 0xf,
    0x87, 0x80, 0x1e, 0x1e, 0x0, 0x78, 0x78, 0x1,
    0xf3, 0xc0, 0x3, 0xcf, 0x0, 0xf, 0x3c, 0x0,
    0x3e, 0xe0, 0x0, 0x7f, 0x80, 0x1, 0xfe, 0x0,
    0x7, 0xf0, 0x0, 0xf, 0xc0, 0x0, 0x3f, 0x0,
    0x0, 0xf8, 0x0, 0x1, 0xe0, 0x0, 0x7, 0x80,
    0x0, 0x1c, 0x0, 0x0, 0xf0, 0x0, 0x3, 0xc0,
    0x0, 0xe, 0x0, 0x0, 0x78, 0x0, 0x3, 0xc0,
    0x0, 0xff, 0x0, 0x3, 0xf8, 0x0, 0xf, 0xc0,
    0x0, 0x10, 0x0, 0x0,

    /* U+2000 " " */
    0x0,

    /* U+2001 " " */
    0x0,

    /* U+2002 " " */
    0x0,

    /* U+2003 " " */
    0x0,

    /* U+2004 " " */
    0x0,

    /* U+2005 " " */
    0x0,

    /* U+2006 " " */
    0x0,

    /* U+2007 " " */
    0x0,

    /* U+2008 " " */
    0x0,

    /* U+2009 " " */
    0x0,

    /* U+200A " " */
    0x0,

    /* U+200B "​" */
    0x0,

    /* U+2010 "‐" */
    0xff, 0xff, 0xff, 0xff, 0x80,

    /* U+2011 "‑" */
    0xff, 0xff, 0xff, 0xff, 0x80,

    /* U+2013 "–" */
    0xff, 0xff, 0xff, 0xff, 0xff, 0xff, 0xff, 0xff,
    0xf8,

    /* U+2014 "—" */
    0xff, 0xff, 0xff, 0xff, 0xff, 0xff, 0xff, 0xff,
    0xff, 0xff, 0xff, 0xf8,

    /* U+2015 "―" */
    0xff, 0xff, 0xff, 0xff, 0xff, 0xff, 0xff, 0xff,
    0xff, 0xff, 0xff, 0xf8,

    /* U+2017 "‗" */
    0xff, 0xff, 0xff, 0xff, 0xff, 0xff, 0xff, 0xfe,
    0x0, 0x0, 0x0, 0x0, 0x0, 0x0, 0x0, 0x3,
    0xff, 0xff, 0xff, 0xff, 0xff, 0xff, 0xff, 0xf8,

    /* U+2018 "‘" */
    0x18, 0xf7, 0x9e, 0x7b, 0xcf, 0x3c, 0xf3, 0xcf,
    0x0,

    /* U+2019 "’" */
    0x3c, 0xf3, 0xcf, 0x3c, 0xf7, 0x9e, 0x7b, 0xc6,
    0x0,

    /* U+201A "‚" */
    0x3c, 0xf3, 0xcf, 0x3c, 0xf7, 0x9e, 0xf3, 0xc2,
    0x0,

    /* U+201B "‛" */
    0xf3, 0xcf, 0x3c, 0xf3, 0xc7, 0x9e, 0x78, 0xf1,
    0x80,

    /* U+201C "“" */
    0x18, 0x18, 0xf8, 0xf7, 0xc3, 0x9e, 0x1e, 0x78,
    0x7b, 0xc3, 0xcf, 0xf, 0x3c, 0x3c, 0xf0, 0xf3,
    0xc3, 0xcf, 0xf, 0x0,

    /* U+201D "”" */
    0x3c, 0x79, 0xe3, 0xcf, 0x1e, 0x78, 0xf3, 0xc7,
    0x9e, 0x3d, 0xe3, 0xcf, 0x1e, 0x78, 0xf7, 0x8f,
    0x18, 0x30, 0x0, 0x0,

    /* U+201E "„" */
    0x3c, 0x79, 0xe3, 0xcf, 0x1e, 0x78, 0xf3, 0xc7,
    0x9e, 0x3c, 0xf1, 0xe7, 0x1e, 0x78, 0xf3, 0xc7,
    0xbc, 0x79, 0xe3, 0xc2, 0x4, 0x0,

    /* U+2020 "†" */
    0x0, 0x3c, 0x0, 0x0, 0x3c, 0x0, 0x0, 0x3c,
    0x0, 0x0, 0x3c, 0x0, 0x0, 0x3c, 0x0, 0x0,
    0x3c, 0x0, 0x0, 0x3c, 0x0, 0x0, 0x3c, 0x0,
    0xff, 0xff, 0xff, 0xff, 0xff, 0xff, 0xff, 0xff,
    0xff, 0x0, 0x3c, 0x0, 0x0, 0x3c, 0x0, 0x0,
    0x3c, 0x0, 0x0, 0x3c, 0x0, 0x0, 0x3c, 0x0,
    0x0, 0x3c, 0x0, 0x0, 0x3c, 0x0, 0x0, 0x3c,
    0x0, 0x0, 0x3c, 0x0, 0x0, 0x3c, 0x0, 0x0,
    0x3c, 0x0, 0x0, 0x3c, 0x0, 0x0, 0x3c, 0x0,
    0x0, 0x3c, 0x0, 0x0, 0x3c, 0x0, 0x0, 0x3c,
    0x0, 0x0, 0x3c, 0x0, 0x0, 0x3c, 0x0, 0x0,
    0x3c, 0x0, 0x0, 0x3c, 0x0, 0x0, 0x3c, 0x0,
    0x0, 0x3c, 0x0, 0x0, 0x3c, 0x0,

    /* U+2021 "‡" */
    0x0, 0x3c, 0x0, 0x0, 0x3c, 0x0, 0x0, 0x3c,
    0x0, 0x0, 0x3c, 0x0, 0x0, 0x3c, 0x0, 0x0,
    0x3c, 0x0, 0x0, 0x3c, 0x0, 0x0, 0x3c, 0x0,
    0xff, 0xff, 0xff, 0xff, 0xff, 0xff, 0xff, 0xff,
    0xff, 0x0, 0x3c, 0x0, 0x0, 0x3c, 0x0, 0x0,
    0x3c, 0x0, 0x0, 0x3c, 0x0, 0x0, 0x3c, 0x0,
    0x0, 0x3c, 0x0, 0x0, 0x3c, 0x0, 0x0, 0x3c,
    0x0, 0x0, 0x3c, 0x0, 0x0, 0x3c, 0x0, 0x0,
    0x3c, 0x0, 0x0, 0x3c, 0x0, 0x0, 0x3c, 0x0,
    0x0, 0x3c, 0x0, 0x0, 0x3c, 0x0, 0x0, 0x3c,
    0x0, 0x0, 0x3c, 0x0, 0x0, 0x3c, 0x0, 0x0,
    0x3c, 0x0, 0x0, 0x3c, 0x0, 0xff, 0xff, 0xff,
    0xff, 0xff, 0xff, 0xff, 0xff, 0xff, 0x0, 0x3c,
    0x0, 0x0, 0x3c, 0x0, 0x0, 0x3c, 0x0, 0x0,
    0x3c, 0x0, 0x0, 0x3c, 0x0, 0x0, 0x3c, 0x0,
    0x0, 0x3c, 0x0, 0x0, 0x3c, 0x0, 0x0, 0x3c,
    0x0, 0x0, 0x3c, 0x0,

    /* U+2022 "•" */
    0x3e, 0x1f, 0xef, 0xff, 0xff, 0xff, 0xff, 0xff,
    0xff, 0xff, 0x7f, 0x87, 0x80,

    /* U+2025 "‥" */
    0x70, 0x1d, 0xf0, 0x7f, 0xe0, 0xff, 0xc1, 0xf7,
    0x1, 0xc0,

    /* U+2026 "…" */
    0x70, 0x1c, 0x7, 0x7c, 0x1f, 0x7, 0xfe, 0xf,
    0x83, 0xff, 0x7, 0xc1, 0xf7, 0x1, 0xc0, 0x70,

    /* U+2027 "‧" */
    0x77, 0xff, 0xf7, 0x0,

    /* U+2030 "‰" */
    0xf, 0xc0, 0x0, 0x0, 0x0, 0x7, 0xfe, 0x0,
    0x0, 0x0, 0x1, 0xff, 0xe0, 0x0, 0x0, 0x0,
    0x3e, 0x3c, 0x0, 0x0, 0x0, 0xf, 0x83, 0xc0,
    0x30, 0x0, 0x1, 0xe0, 0x38, 0x7, 0x0, 0x0,
    0x3c, 0x7, 0x1, 0xc0, 0x0, 0x7, 0x80, 0xe0,
    0x78, 0x0, 0x0, 0xf0, 0x1c, 0xe, 0x0, 0x0,
    0x1e, 0x3, 0x83, 0xc0, 0x0, 0x3, 0xe0, 0xf0,
    0xf0, 0x0, 0x0, 0x3e, 0x3c, 0x1c, 0x0, 0x0,
    0x7, 0xff, 0x87, 0x80, 0x0, 0x0, 0x7f, 0xe0,
    0xe0, 0x0, 0x0, 0x3, 0xf0, 0x38, 0x0, 0x0,
    0x0, 0x0, 0xf, 0x0, 0x0, 0x0, 0x0, 0x1,
    0xc0, 0x0, 0x0, 0x0, 0x0, 0x70, 0x0, 0x0,
    0x0, 0x0, 0x1e, 0xf, 0x81, 0xf8, 0x0, 0x3,
    0x87, 0xfc, 0xff, 0x80, 0x0, 0xe1, 0xff, 0xff,
    0xf8, 0x0, 0x3c, 0x3c, 0x3f, 0xf, 0x80, 0x7,
    0xf, 0x3, 0xc0, 0xf8, 0x1, 0xe1, 0xc0, 0x78,
    0xf, 0x0, 0x38, 0x38, 0x6, 0x1, 0xe0, 0xe,
    0x7, 0x0, 0xc0, 0x3c, 0x3, 0xc0, 0xe0, 0x18,
    0x7, 0x80, 0x70, 0x1c, 0x3, 0x0, 0xf0, 0x1c,
    0x3, 0x80, 0xf0, 0x1e, 0x3, 0x80, 0x78, 0x1e,
    0x7, 0xc0, 0x0, 0x7, 0x87, 0xe1, 0xf0, 0x0,
    0x0, 0xff, 0xff, 0xfc, 0x0, 0x0, 0xf, 0xf9,
    0xff, 0x0, 0x0, 0x0, 0x7c, 0xf, 0xc0,

    /* U+2032 "′" */
    0xff, 0xff, 0xff, 0xff, 0xff, 0xf0,

    /* U+2033 "″" */
    0xf3, 0xfc, 0xff, 0x3f, 0xcf, 0xf3, 0xfc, 0xff,
    0x3f, 0xcf, 0xe3, 0xb8, 0xee, 0x38,

    /* U+2039 "‹" */
    0x3, 0x81, 0xe0, 0x70, 0x3c, 0x1e, 0xf, 0x3,
    0xc1, 0xe0, 0xf0, 0x3c, 0xf, 0x1, 0xe0, 0x3c,
    0xf, 0x1, 0xe0, 0x3c, 0x7, 0x1, 0xe0, 0x38,

    /* U+203A "›" */
    0xf0, 0x1e, 0x3, 0x80, 0xf0, 0x1e, 0x3, 0xc0,
    0xf0, 0x1e, 0x3, 0xc0, 0xf0, 0x3c, 0x1e, 0xf,
    0x3, 0xc1, 0xe0, 0xf0, 0x38, 0x1e, 0xf, 0x0,

    /* U+203C "‼" */
    0xf0, 0x7, 0xf8, 0x3, 0xfc, 0x1, 0xfe, 0x0,
    0xff, 0x0, 0x7f, 0x80, 0x3f, 0xc0, 0x1f, 0xe0,
    0xf, 0xf0, 0x7, 0xf8, 0x3, 0xfc, 0x1, 0xfe,
    0x0, 0xff, 0x0, 0x7f, 0x80, 0x3f, 0xc0, 0x1f,
    0xe0, 0xf, 0xf0, 0x7, 0xf8, 0x3, 0xfc, 0x1,
    0xfe, 0x0, 0xff, 0x0, 0x7f, 0x80, 0x3f, 0xc0,
    0x1f, 0xe0, 0xf, 0x0, 0x0, 0x0, 0x0, 0x0,
    0x0, 0x0, 0x0, 0x0, 0x0, 0x3, 0x80, 0x3b,
    0xe0, 0x3f, 0xf0, 0x1f, 0xf8, 0xf, 0xb8, 0x3,
    0x80,

    /* U+2044 "⁄" */
    0x0, 0x0, 0x40, 0x0, 0xe, 0x0, 0x1, 0xe0,
    0x0, 0x1c, 0x0, 0x3, 0xc0, 0x0, 0x38, 0x0,
    0x7, 0x0, 0x0, 0xf0, 0x0, 0xe, 0x0, 0x1,
    0xe0, 0x0, 0x1c, 0x0, 0x3, 0x80, 0x0, 0x78,
    0x0, 0x7, 0x0, 0x0, 0xe0, 0x0, 0x1e, 0x0,
    0x1, 0xc0, 0x0, 0x3c, 0x0, 0x3, 0x80, 0x0,
    0x70, 0x0, 0xf, 0x0, 0x0, 0xe0, 0x0, 0x1e,
    0x0, 0x3, 0xc0, 0x0, 0x38, 0x0, 0x7, 0x80,
    0x0, 0x70, 0x0, 0x6, 0x0, 0x0,

    /* U+20A3 "₣" */
    0xf, 0xff, 0xff, 0x87, 0xff, 0xff, 0xc3, 0xff,
    0xff, 0xe1, 0xe0, 0x0, 0x0, 0xf0, 0x0, 0x0,
    0x78, 0x0, 0x0, 0x3c, 0x0, 0x0, 0x1e, 0x0,
    0x0, 0xf, 0x0, 0x0, 0x7, 0x80, 0x0, 0x3,
    0xc0, 0x0, 0x1, 0xe0, 0x0, 0x0, 0xf0, 0x0,
    0x0, 0x78, 0x0, 0x0, 0x3c, 0x0, 0x0, 0x1f,
    0xff, 0xfc, 0xf, 0xff, 0xfe, 0x7, 0xff, 0xff,
    0x3, 0xc0, 0x0, 0x1, 0xe0, 0x0, 0x0, 0xf0,
    0x0, 0x0, 0x78, 0x0, 0x0, 0x3c, 0x0, 0x0,
    0x1e, 0x0, 0x0, 0xff, 0xff, 0x0, 0x7f, 0xff,
    0x80, 0x3f, 0xff, 0xc0, 0x1, 0xe0, 0x0, 0x0,
    0xf0, 0x0, 0x0, 0x78, 0x0, 0x0, 0x3c, 0x0,
    0x0, 0x1e, 0x0, 0x0, 0xf, 0x0, 0x0, 0x7,
    0x80, 0x0, 0x0,

    /* U+20A4 "₤" */
    0x0, 0x3f, 0x80, 0x0, 0xff, 0xf0, 0x1, 0xff,
    0xf8, 0x3, 0xe0, 0xfc, 0x7, 0xc0, 0x3c, 0x7,
    0x80, 0x3e, 0x7, 0x80, 0x1e, 0xf, 0x0, 0x1e,
    0xf, 0x0, 0x1e, 0xf, 0x0, 0x0, 0xf, 0x0,
    0x0, 0xf, 0x0, 0x0, 0xf, 0x0, 0x0, 0xf,
    0x0, 0x0, 0xff, 0xff, 0x0, 0xff, 0xff, 0x0,
    0xff, 0xff, 0x0, 0xf, 0x0, 0x0, 0xf, 0x0,
    0x0, 0xf, 0x0, 0x0, 0xff, 0xff, 0x0, 0xff,
    0xff, 0x0, 0xff, 0xff, 0x0, 0xf, 0x0, 0x0,
    0xf, 0x0, 0x0, 0xf, 0x0, 0x0, 0xf, 0x0,
    0x0, 0xf, 0x0, 0x0, 0xf, 0x0, 0x0, 0x1e,
    0x0, 0x0, 0x1e, 0x0, 0x0, 0xff, 0xff, 0xff,
    0xff, 0xff, 0xff, 0xff, 0xff, 0xff,

    /* U+20A6 "₦" */
    0x7, 0x80, 0x0, 0x1e, 0x0, 0x3e, 0x0, 0x0,
    0xf0, 0x1, 0xf8, 0x0, 0x7, 0x80, 0xf, 0xc0,
    0x0, 0x3c, 0x0, 0x7f, 0x0, 0x1, 0xe0, 0x3,
    0xfc, 0x0, 0xf, 0x0, 0x1f, 0xf0, 0x0, 0x78,
    0x0, 0xff, 0x80, 0x3, 0xc0, 0x7, 0xfe, 0x0,
    0x1e, 0x0, 0x3d, 0xf8, 0x0, 0xf0, 0x1, 0xe7,
    0xc0, 0x7, 0x80, 0xf, 0x1f, 0x0, 0x3c, 0xf,
    0xff, 0xff, 0xff, 0xff, 0xff, 0xff, 0xff, 0xff,
    0xff, 0xff, 0xff, 0xff, 0xff, 0xe0, 0xf0, 0x7e,
    0x3, 0xc0, 0x7, 0x81, 0xf0, 0x1e, 0x0, 0x3c,
    0x7, 0xc0, 0xf0, 0x1, 0xe0, 0x3f, 0x7, 0x81,
    0xff, 0xff, 0xff, 0xff, 0xff, 0xff, 0xff, 0xff,
    0xff, 0xff, 0xff, 0xff, 0xff, 0xfc, 0x1e, 0x0,
    0x7e, 0x78, 0x0, 0xf0, 0x1, 0xf3, 0xc0, 0x7,
    0x80, 0xf, 0xde, 0x0, 0x3c, 0x0, 0x3f, 0xf0,
    0x1, 0xe0, 0x0, 0xff, 0x80, 0xf, 0x0, 0x7,
    0xfc, 0x0, 0x78, 0x0, 0x1f, 0xe0, 0x3, 0xc0,
    0x0, 0x7f, 0x0, 0x1e, 0x0, 0x1, 0xf8, 0x0,
    0xf0, 0x0, 0xf, 0xc0, 0x7, 0x80, 0x0, 0x3e,
    0x0, 0x3c, 0x0, 0x0, 0xf0, 0x0,

    /* U+20A7 "₧" */
    0xff, 0xf8, 0x0, 0x0, 0xff, 0xff, 0x0, 0x0,
    0xff, 0xff, 0x81, 0xe0, 0xf0, 0xf, 0xc1, 0xe0,
    0xf0, 0x3, 0xe1, 0xe0, 0xf0, 0x1, 0xe1, 0xe0,
    0xf0, 0x1, 0xf1, 0xe0, 0xf0, 0x0, 0xf1, 0xe0,
    0xf0, 0x0, 0xff, 0xff, 0xf0, 0x0, 0xff, 0xff,
    0xf0, 0x0, 0xff, 0xff, 0xf0, 0x0, 0xf1, 0xe0,
    0xf0, 0x0, 0xf1, 0xe0, 0xf0, 0x1, 0xe1, 0xe0,
    0xf0, 0x1, 0xe1, 0xe0, 0xf0, 0x3, 0xe1, 0xe0,
    0xf0, 0xf, 0xc1, 0xe0, 0xff, 0xff, 0x81, 0xe0,
    0xff, 0xff, 0x1, 0xe0, 0xff, 0xf8, 0x1, 0xe0,
    0xf0, 0x0, 0x1, 0xe0, 0xf0, 0x0, 0x1, 0xe0,
    0xf0, 0x0, 0x1, 0xe0, 0xf0, 0x0, 0x1, 0xe0,
    0xf0, 0x0, 0x1, 0xe0, 0xf0, 0x0, 0x1, 0xe0,
    0xf0, 0x0, 0x1, 0xe0, 0xf0, 0x0, 0x1, 0xe0,
    0xf0, 0x0, 0x1, 0xe0, 0xf0, 0x0, 0x1, 0xe0,
    0xf0, 0x0, 0x1, 0xf0, 0xf0, 0x0, 0x0, 0xff,
    0xf0, 0x0, 0x0, 0x7f, 0xf0, 0x0, 0x0, 0x3f,

    /* U+20A8 "₨" */
    0xff, 0xff, 0x0, 0x0, 0x0, 0xf, 0xff, 0xfc,
    0x0, 0x0, 0x0, 0xff, 0xff, 0xf0, 0x0, 0x0,
    0xf, 0x0, 0x1f, 0x80, 0x0, 0x0, 0xf0, 0x0,
    0x7c, 0x0, 0x0, 0xf, 0x0, 0x3, 0xc0, 0x0,
    0x0, 0xf0, 0x0, 0x3e, 0x0, 0x0, 0xf, 0x0,
    0x1, 0xe0, 0x0, 0x0, 0xf0, 0x0, 0x1e, 0x1,
    0xfc, 0xf, 0x0, 0x1, 0xe0, 0x7f, 0xf0, 0xf0,
    0x0, 0x1e, 0x1f, 0xff, 0xcf, 0x0, 0x1, 0xe3,
    0xe0, 0x7e, 0xf0, 0x0, 0x3e, 0x3c, 0x1, 0xef,
    0x0, 0x3, 0xc7, 0x80, 0x1f, 0xf0, 0x0, 0x7c,
    0x78, 0x0, 0xff, 0x0, 0x1f, 0x87, 0x80, 0xf,
    0xff, 0xff, 0xf0, 0x7c, 0x0, 0xf, 0xff, 0xfc,
    0x7, 0xe0, 0x0, 0xff, 0xff, 0x80, 0x3f, 0xc0,
    0xf, 0x0, 0xf8, 0x3, 0xff, 0xc0, 0xf0, 0x7,
    0xc0, 0xf, 0xff, 0xf, 0x0, 0x3c, 0x0, 0x7f,
    0xfc, 0xf0, 0x3, 0xe0, 0x0, 0x7f, 0xef, 0x0,
    0x1e, 0x0, 0x0, 0xfe, 0xf0, 0x1, 0xf0, 0x0,
    0x1, 0xff, 0x0, 0xf, 0x0, 0x0, 0xf, 0xf0,
    0x0, 0xf8, 0xf0, 0x0, 0xff, 0x0, 0x7, 0x8f,
    0x0, 0xf, 0xf0, 0x0, 0x7c, 0xf8, 0x0, 0xff,
    0x0, 0x3, 0xc7, 0xc0, 0x1e, 0xf0, 0x0, 0x3e,
    0x3e, 0x7, 0xef, 0x0, 0x1, 0xe1, 0xff, 0xfc,
    0xf0, 0x0, 0x1f, 0xf, 0xff, 0xf, 0x0, 0x0,
    0xf0, 0x3f, 0xc0,

    /* U+20A9 "₩" */
    0x78, 0x1, 0xe0, 0x7, 0x9e, 0x0, 0x78, 0x3,
    0xe7, 0xc0, 0x3f, 0x0, 0xf9, 0xf0, 0xf, 0xc0,
    0x3c, 0x3c, 0x3, 0xf0, 0xf, 0xf, 0x0, 0xfc,
    0x3, 0xc3, 0xc0, 0x3f, 0x1, 0xf0, 0xf8, 0xf,
    0xe0, 0x7c, 0x1e, 0x7, 0xf8, 0x1e, 0x7, 0x81,
    0xfe, 0x7, 0x81, 0xe0, 0x7b, 0x81, 0xe3, 0xff,
    0xff, 0xff, 0xff, 0xff, 0xff, 0xff, 0xff, 0xff,
    0xff, 0xff, 0xff, 0xf0, 0xf0, 0xf3, 0xc3, 0xc0,
    0x3c, 0x3c, 0xf0, 0xf0, 0xf, 0xe, 0x1c, 0x3c,
    0x3, 0xe3, 0x87, 0x1f, 0x0, 0x78, 0xe1, 0xe7,
    0x83, 0xff, 0xff, 0xff, 0xff, 0xff, 0xff, 0xff,
    0xff, 0xff, 0xff, 0xff, 0xff, 0xf0, 0x79, 0xc0,
    0xe7, 0x0, 0xf, 0x70, 0x3b, 0xc0, 0x3, 0xdc,
    0xf, 0xf0, 0x0, 0xff, 0x3, 0xfc, 0x0, 0x3f,
    0xc0, 0xff, 0x0, 0x7, 0xe0, 0x1f, 0x80, 0x1,
    0xf8, 0x7, 0xe0, 0x0, 0x7e, 0x1, 0xf8, 0x0,
    0x1f, 0x80, 0x7e, 0x0, 0x7, 0xe0, 0x1f, 0x80,
    0x0, 0xf8, 0x7, 0xc0, 0x0, 0x3c, 0x0, 0xf0,
    0x0,

    /* U+20AA "₪" */
    0xff, 0xff, 0x0, 0x3f, 0xff, 0xff, 0x0, 0xff,
    0xff, 0xfe, 0x3, 0xfc, 0x0, 0xfc, 0xf, 0xf0,
    0x0, 0xf0, 0x3f, 0xc0, 0x3, 0xe0, 0xff, 0x0,
    0x7, 0x83, 0xfc, 0x0, 0x1e, 0xf, 0xf0, 0x78,
    0x78, 0x3f, 0xc1, 0xe1, 0xe0, 0xff, 0x7, 0x87,
    0x83, 0xfc, 0x1e, 0x1e, 0xf, 0xf0, 0x78, 0x78,
    0x3f, 0xc1, 0xe1, 0xe0, 0xff, 0x7, 0x87, 0x83,
    0xfc, 0x1e, 0x1e, 0xf, 0xf0, 0x78, 0x78, 0x3f,
    0xc1, 0xe1, 0xe0, 0xff, 0x7, 0x80, 0x3, 0xfc,
    0x1e, 0x0, 0xf, 0xf0, 0x78, 0x0, 0x7f, 0xc1,
    0xe0, 0x1, 0xef, 0x7, 0x80, 0x1f, 0xbc, 0x1f,
    0xff, 0xfc, 0xf0, 0x7f, 0xff, 0xe3, 0xc1, 0xff,
    0xfe, 0x0,

    /* U+20AB "₫" */
    0x0, 0x0, 0x78, 0x0, 0x0, 0x1e, 0x0, 0x0,
    0x7, 0x80, 0x0, 0x1, 0xe0, 0x0, 0x1f, 0xff,
    0xc0, 0x7, 0xff, 0xf0, 0x1, 0xff, 0xfc, 0x0,
    0x1, 0xe0, 0x0, 0x0, 0x78, 0x0, 0x0, 0x1e,
    0x0, 0x0, 0x7, 0x80, 0x7, 0xe1, 0xe0, 0x7,
    0xfe, 0x78, 0x3, 0xff, 0xde, 0x1, 0xf0, 0x3f,
    0x80, 0xf8, 0x7, 0xe0, 0x7c, 0x0, 0xf8, 0x1e,
    0x0, 0x1e, 0x7, 0x80, 0x7, 0x83, 0xe0, 0x1,
    0xe0, 0xf0, 0x0, 0x78, 0x3c, 0x0, 0x1e, 0xf,
    0x0, 0x7, 0x83, 0xc0, 0x1, 0xe0, 0xf0, 0x0,
    0x78, 0x3c, 0x0, 0x1e, 0xf, 0x0, 0x7, 0x83,
    0xc0, 0x1, 0xe0, 0xf8, 0x0, 0x78, 0x1e, 0x0,
    0x1e, 0x7, 0x80, 0x7, 0x80, 0xf0, 0x3, 0xe0,
    0x3e, 0x1, 0xf8, 0x7, 0xc0, 0xfe, 0x0, 0xff,
    0xf7, 0x80, 0x1f, 0xf9, 0xe0, 0x1, 0xf8, 0x78,
    0x0, 0x0, 0x0, 0x0, 0x0, 0x0, 0x0, 0x0,
    0x0, 0x0, 0x0, 0x0, 0x0, 0xf, 0xff, 0xff,
    0x83, 0xff, 0xff, 0xe0, 0xff, 0xff, 0xf8,

    /* U+20AC "€" */
    0x0, 0x7, 0xfc, 0x0, 0xff, 0xf0, 0xf, 0xff,
    0xc0, 0x7e, 0x1, 0x3, 0xe0, 0x0, 0xf, 0x0,
    0x0, 0x78, 0x0, 0x1, 0xe0, 0x0, 0x7, 0x80,
    0x0, 0x3c, 0x0, 0x0, 0xf0, 0x0, 0x3, 0xc0,
    0x0, 0xff, 0xff, 0xc3, 0xff, 0xff, 0xf, 0xff,
    0xfc, 0x3, 0xc0, 0x0, 0xf, 0x0, 0x0, 0x3c,
    0x0, 0xf, 0xff, 0xfc, 0x3f, 0xff, 0xf0, 0xff,
    0xff, 0xc0, 0x3c, 0x0, 0x0, 0xf0, 0x0, 0x3,
    0xc0, 0x0, 0xf, 0x0, 0x0, 0x1e, 0x0, 0x0,
    0x78, 0x0, 0x1, 0xf0, 0x0, 0x3, 0xc0, 0x0,
    0xf, 0x80, 0x0, 0x1f, 0x80, 0x40, 0x3f, 0xff,
    0x0, 0x3f, 0xfc, 0x0, 0x3f, 0xf0,

    /* U+20B1 "₱" */
    0x7, 0xff, 0xfc, 0x0, 0x1, 0xff, 0xff, 0xc0,
    0x0, 0x7f, 0xff, 0xfc, 0x0, 0x1e, 0x0, 0x1f,
    0x80, 0x7, 0x80, 0x3, 0xe0, 0x1, 0xe0, 0x0,
    0x7c, 0xf, 0xff, 0xff, 0xff, 0xff, 0xff, 0xff,
    0xff, 0xff, 0xff, 0xff, 0xff, 0xff, 0xc1, 0xe0,
    0x0, 0x1e, 0x0, 0x78, 0x0, 0x7, 0x83, 0xff,
    0xff, 0xff, 0xff, 0xff, 0xff, 0xff, 0xff, 0xff,
    0xff, 0xff, 0xff, 0xf0, 0x78, 0x0, 0xf, 0x0,
    0x1e, 0x0, 0x7, 0xc0, 0x7, 0x80, 0x7, 0xe0,
    0x1, 0xff, 0xff, 0xf0, 0x0, 0x7f, 0xff, 0xf0,
    0x0, 0x1f, 0xff, 0xf0, 0x0, 0x7, 0x80, 0x0,
    0x0, 0x1, 0xe0, 0x0, 0x0, 0x0, 0x78, 0x0,
    0x0, 0x0, 0x1e, 0x0, 0x0, 0x0, 0x7, 0x80,
    0x0, 0x0, 0x1, 0xe0, 0x0, 0x0, 0x0, 0x78,
    0x0, 0x0, 0x0, 0x1e, 0x0, 0x0, 0x0, 0x7,
    0x80, 0x0, 0x0, 0x1, 0xe0, 0x0, 0x0, 0x0,
    0x78, 0x0, 0x0, 0x0, 0x1e, 0x0, 0x0, 0x0,
    0x7, 0x80, 0x0, 0x0, 0x1, 0xe0, 0x0, 0x0,
    0x0,

    /* U+20B9 "₹" */
    0x7f, 0xff, 0xfe, 0xff, 0xff, 0xfb, 0xff, 0xff,
    0xf7, 0xff, 0xff, 0xe0, 0x1, 0xf8, 0x0, 0x1,
    0xf0, 0x0, 0x1, 0xf0, 0x0, 0x3, 0xe0, 0x7f,
    0xff, 0xfe, 0xff, 0xff, 0xfb, 0xff, 0xff, 0xf7,
    0xff, 0xff, 0xe0, 0x0, 0x7c, 0x0, 0x0, 0xf8,
    0x0, 0x3, 0xf0, 0x0, 0xf, 0xc0, 0x0, 0xff,
    0x80, 0xff, 0xfe, 0x1, 0xff, 0xf0, 0x3, 0xff,
    0x80, 0x3, 0xe0, 0x0, 0x7, 0xe0, 0x0, 0x7,
    0xe0, 0x0, 0x7, 0xe0, 0x0, 0x7, 0xc0, 0x0,
    0x7, 0xc0, 0x0, 0x7, 0xc0, 0x0, 0x7, 0xc0,
    0x0, 0xf, 0xc0, 0x0, 0xf, 0xc0, 0x0, 0xf,
    0xc0, 0x0, 0xf, 0xc0, 0x0, 0xf, 0x80, 0x0,
    0xf, 0x80,

    /* U+20BA "₺" */
    0x3, 0xc0, 0x0, 0x3, 0xc0, 0x0, 0x3, 0xc0,
    0x0, 0x3, 0xc0, 0x0, 0x3, 0xc3, 0x0, 0x3,
    0xcf, 0x0, 0x3, 0xff, 0x0, 0x3, 0xff, 0x0,
    0x7, 0xfc, 0x0, 0x1f, 0xf0, 0x0, 0x7f, 0xc0,
    0x0, 0xff, 0xc0, 0x0, 0xff, 0xc3, 0x0, 0xf3,
    0xdf, 0x0, 0xc3, 0xff, 0x0, 0x3, 0xff, 0x0,
    0x7, 0xfc, 0xf, 0x1f, 0xf0, 0xf, 0x7f, 0xc0,
    0xf, 0xff, 0xc0, 0xf, 0xfb, 0xc0, 0xf, 0xe3,
    0xc0, 0xf, 0x83, 0xc0, 0xf, 0x3, 0xc0, 0x1e,
    0x3, 0xc0, 0x1e, 0x3, 0xc0, 0x1e, 0x3, 0xc0,
    0x3c, 0x3, 0xc0, 0x3c, 0x3, 0xc0, 0x78, 0x3,
    0xc0, 0xf8, 0x3, 0xc7, 0xf0, 0x3, 0xff, 0xc0,
    0x3, 0xff, 0x80, 0x3, 0xfc, 0x0,

    /* U+20BC "₼" */
    0x0, 0xf, 0x0, 0x0, 0x0, 0xf0, 0x0, 0x0,
    0xf, 0x0, 0x0, 0x0, 0xf0, 0x0, 0x0, 0xf,
    0x0, 0x0, 0x3, 0xfc, 0x0, 0x0, 0xff, 0xf0,
    0x0, 0x3f, 0xff, 0xc0, 0x7, 0xef, 0x7e, 0x0,
    0xf8, 0xf1, 0xf0, 0x1f, 0xf, 0x7, 0x83, 0xe0,
    0xf0, 0x7c, 0x3c, 0xf, 0x3, 0xc7, 0x80, 0xf0,
    0x1e, 0x78, 0xf, 0x1, 0xe7, 0x80, 0xf0, 0x1e,
    0xf0, 0xf, 0x0, 0xef, 0x0, 0xf0, 0xf, 0xf0,
    0xf, 0x0, 0xff, 0x0, 0xf0, 0xf, 0xf0, 0xf,
    0x0, 0xff, 0x0, 0xf0, 0xf, 0xf0, 0xf, 0x0,
    0xff, 0x0, 0xf0, 0xf, 0xf0, 0xf, 0x0, 0xff,
    0x0, 0xf0, 0xf,

    /* U+20BD "₽" */
    0x7, 0xff, 0xfc, 0x0, 0x3f, 0xff, 0xf8, 0x1,
    0xff, 0xff, 0xf0, 0xf, 0x0, 0xf, 0xc0, 0x78,
    0x0, 0x3e, 0x3, 0xc0, 0x0, 0xf8, 0x1e, 0x0,
    0x3, 0xc0, 0xf0, 0x0, 0xf, 0x7, 0x80, 0x0,
    0x78, 0x3c, 0x0, 0x3, 0xc1, 0xe0, 0x0, 0x1e,
    0xf, 0x0, 0x0, 0xf0, 0x78, 0x0, 0x7, 0x83,
    0xc0, 0x0, 0x78, 0x1e, 0x0, 0x3, 0xc0, 0xf0,
    0x0, 0x3e, 0x7, 0x80, 0x7, 0xe7, 0xff, 0xff,
    0xfe, 0x3f, 0xff, 0xff, 0xc1, 0xff, 0xff, 0xf8,
    0x0, 0x78, 0x0, 0x0, 0x3, 0xc0, 0x0, 0x0,
    0x1e, 0x0, 0x0, 0x0, 0xf0, 0x0, 0x0, 0xff,
    0xff, 0x80, 0x7, 0xff, 0xfc, 0x0, 0x3f, 0xff,
    0xe0, 0x0, 0xf, 0x0, 0x0, 0x0, 0x78, 0x0,
    0x0, 0x3, 0xc0, 0x0, 0x0, 0x1e, 0x0, 0x0,
    0x0, 0xf0, 0x0, 0x0, 0x7, 0x80, 0x0, 0x0,
    0x3c, 0x0, 0x0, 0x0
};


/*---------------------
 *  GLYPH DESCRIPTION
 *--------------------*/

static const lv_font_fmt_txt_glyph_dsc_t glyph_dsc[] = {
    {.bitmap_index = 0, .adv_w = 0, .box_w = 0, .box_h = 0, .ofs_x = 0, .ofs_y = 0} /* id = 0 reserved */,
    {.bitmap_index = 0, .adv_w = 191, .box_w = 1, .box_h = 1, .ofs_x = 0, .ofs_y = 0},
    {.bitmap_index = 1, .adv_w = 198, .box_w = 5, .box_h = 34, .ofs_x = 4, .ofs_y = 0},
    {.bitmap_index = 23, .adv_w = 246, .box_w = 10, .box_h = 11, .ofs_x = 3, .ofs_y = 25},
    {.bitmap_index = 37, .adv_w = 473, .box_w = 26, .box_h = 34, .ofs_x = 3, .ofs_y = 0},
    {.bitmap_index = 148, .adv_w = 432, .box_w = 22, .box_h = 46, .ofs_x = 3, .ofs_y = -5},
    {.bitmap_index = 275, .adv_w = 563, .box_w = 30, .box_h = 34, .ofs_x = 2, .ofs_y = 0},
    {.bitmap_index = 403, .adv_w = 478, .box_w = 27, .box_h = 34, .ofs_x = 2, .ofs_y = 0},
    {.bitmap_index = 518, .adv_w = 134, .box_w = 4, .box_h = 11, .ofs_x = 2, .ofs_y = 25},
    {.bitmap_index = 524, .adv_w = 263, .box_w = 12, .box_h = 50, .ofs_x = 3, .ofs_y = -11},
    {.bitmap_index = 599, .adv_w = 267, .box_w = 12, .box_h = 50, .ofs_x = 1, .ofs_y = -11},
    {.bitmap_index = 674, .adv_w = 331, .box_w = 20, .box_h = 20, .ofs_x = 1, .ofs_y = 14},
    {.bitmap_index = 724, .adv_w = 436, .box_w = 24, .box_h = 25, .ofs_x = 1, .ofs_y = 3},
    {.bitmap_index = 799, .adv_w = 151, .box_w = 6, .box_h = 12, .ofs_x = 1, .ofs_y = -7},
    {.bitmap_index = 808, .adv_w = 212, .box_w = 11, .box_h = 3, .ofs_x = 1, .ofs_y = 13},
    {.bitmap_index = 813, .adv_w = 203, .box_w = 5, .box_h = 5, .ofs_x = 3, .ofs_y = 0},
    {.bitmap_index = 817, .adv_w = 317, .box_w = 18, .box_h = 38, .ofs_x = 0, .ofs_y = -4},
    {.bitmap_index = 903, .adv_w = 432, .box_w = 21, .box_h = 34, .ofs_x = 3, .ofs_y = 0},
    {.bitmap_index = 993, .adv_w = 432, .box_w = 13, .box_h = 34, .ofs_x = 4, .ofs_y = 0},
    {.bitmap_index = 1049, .adv_w = 432, .box_w = 23, .box_h = 34, .ofs_x = 2, .ofs_y = 0},
    {.bitmap_index = 1147, .adv_w = 432, .box_w = 21, .box_h = 34, .ofs_x = 2, .ofs_y = 0},
    {.bitmap_index = 1237, .adv_w = 432, .box_w = 25, .box_h = 34, .ofs_x = 1, .ofs_y = 0},
    {.bitmap_index = 1344, .adv_w = 432, .box_w = 21, .box_h = 34, .ofs_x = 4, .ofs_y = 0},
    {.bitmap_index = 1434, .adv_w = 432, .box_w = 21, .box_h = 34, .ofs_x = 3, .ofs_y = 0},
    {.bitmap_index = 1524, .adv_w = 432, .box_w = 23, .box_h = 34, .ofs_x = 2, .ofs_y = 0},
    {.bitmap_index = 1622, .adv_w = 432, .box_w = 22, .box_h = 34, .ofs_x = 3, .ofs_y = 0},
    {.bitmap_index = 1716, .adv_w = 432, .box_w = 21, .box_h = 34, .ofs_x = 2, .ofs_y = 0},
    {.bitmap_index = 1806, .adv_w = 186, .box_w = 5, .box_h = 26, .ofs_x = 3, .ofs_y = 0},
    {.bitmap_index = 1823, .adv_w = 162, .box_w = 7, .box_h = 33, .ofs_x = 1, .ofs_y = -7},
    {.bitmap_index = 1852, .adv_w = 390, .box_w = 19, .box_h = 21, .ofs_x = 2, .ofs_y = 5},
    {.bitmap_index = 1902, .adv_w = 422, .box_w = 20, .box_h = 13, .ofs_x = 4, .ofs_y = 9},
    {.bitmap_index = 1935, .adv_w = 402, .box_w = 20, .box_h = 21, .ofs_x = 3, .ofs_y = 5},
    {.bitmap_index = 1988, .adv_w = 363, .box_w = 19, .box_h = 34, .ofs_x = 2, .ofs_y = 0},
    {.bitmap_index = 2069, .adv_w = 690, .box_w = 38, .box_h = 45, .ofs_x = 3, .ofs_y = -11},
    {.bitmap_index = 2283, .adv_w = 501, .box_w = 30, .box_h = 34, .ofs_x = 0, .ofs_y = 0},
    {.bitmap_index = 2411, .adv_w = 479, .box_w = 23, .box_h = 34, .ofs_x = 4, .ofs_y = 0},
    {.bitmap_index = 2509, .adv_w = 500, .box_w = 26, .box_h = 34, .ofs_x = 3, .ofs_y = 0},
    {.bitmap_index = 2620, .adv_w = 504, .box_w = 24, .box_h = 34, .ofs_x = 4, .ofs_y = 0},
    {.bitmap_index = 2722, .adv_w = 437, .box_w = 22, .box_h = 34, .ofs_x = 4, .ofs_y = 0},
    {.bitmap_index = 2816, .adv_w = 425, .box_w = 21, .box_h = 34, .ofs_x = 4, .ofs_y = 0},
    {.bitmap_index = 2906, .adv_w = 523, .box_w = 26, .box_h = 34, .ofs_x = 3, .ofs_y = 0},
    {.bitmap_index = 3017, .adv_w = 548, .box_w = 26, .box_h = 34, .ofs_x = 4, .ofs_y = 0},
    {.bitmap_index = 3128, .adv_w = 209, .box_w = 4, .box_h = 34, .ofs_x = 4, .ofs_y = 0},
    {.bitmap_index = 3145, .adv_w = 424, .box_w = 21, .box_h = 34, .ofs_x = 1, .ofs_y = 0},
    {.bitmap_index = 3235, .adv_w = 482, .box_w = 26, .box_h = 34, .ofs_x = 4, .ofs_y = 0},
    {.bitmap_index = 3346, .adv_w = 414, .box_w = 21, .box_h = 34, .ofs_x = 4, .ofs_y = 0},
    {.bitmap_index = 3436, .adv_w = 671, .box_w = 34, .box_h = 34, .ofs_x = 4, .ofs_y = 0},
    {.bitmap_index = 3581, .adv_w = 548, .box_w = 26, .box_h = 34, .ofs_x = 4, .ofs_y = 0},
    {.bitmap_index = 3692, .adv_w = 528, .box_w = 27, .box_h = 34, .ofs_x = 3, .ofs_y = 0},
    {.bitmap_index = 3807, .adv_w = 485, .box_w = 24, .box_h = 34, .ofs_x = 4, .ofs_y = 0},
    {.bitmap_index = 3909, .adv_w = 528, .box_w = 27, .box_h = 39, .ofs_x = 3, .ofs_y = -5},
    {.bitmap_index = 4041, .adv_w = 473, .box_w = 25, .box_h = 34, .ofs_x = 4, .ofs_y = 0},
    {.bitmap_index = 4148, .adv_w = 456, .box_w = 24, .box_h = 34, .ofs_x = 2, .ofs_y = 0},
    {.bitmap_index = 4250, .adv_w = 458, .box_w = 27, .box_h = 34, .ofs_x = 1, .ofs_y = 0},
    {.bitmap_index = 4365, .adv_w = 498, .box_w = 24, .box_h = 34, .ofs_x = 3, .ofs_y = 0},
    {.bitmap_index = 4467, .adv_w = 489, .box_w = 29, .box_h = 34, .ofs_x = 1, .ofs_y = 0},
    {.bitmap_index = 4591, .adv_w = 681, .box_w = 41, .box_h = 34, .ofs_x = 1, .ofs_y = 0},
    {.bitmap_index = 4766, .adv_w = 482, .box_w = 28, .box_h = 34, .ofs_x = 1, .ofs_y = 0},
    {.bitmap_index = 4885, .adv_w = 461, .box_w = 28, .box_h = 34, .ofs_x = 0, .ofs_y = 0},
    {.bitmap_index = 5004, .adv_w = 460, .box_w = 25, .box_h = 34, .ofs_x = 2, .ofs_y = 0},
    {.bitmap_index = 5111, .adv_w = 204, .box_w = 9, .box_h = 46, .ofs_x = 3, .ofs_y = -7},
    {.bitmap_index = 5163, .adv_w = 315, .box_w = 18, .box_h = 38, .ofs_x = 1, .ofs_y = -4},
    {.bitmap_index = 5249, .adv_w = 204, .box_w = 9, .box_h = 46, .ofs_x = 0, .ofs_y = -7},
    {.bitmap_index = 5301, .adv_w = 321, .box_w = 18, .box_h = 17, .ofs_x = 1, .ofs_y = 17},
    {.bitmap_index = 5340, .adv_w = 347, .box_w = 22, .box_h = 3, .ofs_x = 1, .ofs_y = -4},
    {.bitmap_index = 5349, .adv_w = 237, .box_w = 10, .box_h = 7, .ofs_x = 1, .ofs_y = 29},
    {.bitmap_index = 5358, .adv_w = 418, .box_w = 21, .box_h = 26, .ofs_x = 3, .ofs_y = 0},
    {.bitmap_index = 5427, .adv_w = 431, .box_w = 21, .box_h = 36, .ofs_x = 3, .ofs_y = 0},
    {.bitmap_index = 5522, .adv_w = 402, .box_w = 22, .box_h = 26, .ofs_x = 2, .ofs_y = 0},
    {.bitmap_index = 5594, .adv_w = 433, .box_w = 21, .box_h = 36, .ofs_x = 2, .ofs_y = 0},
    {.bitmap_index = 5689, .adv_w = 407, .box_w = 21, .box_h = 26, .ofs_x = 2, .ofs_y = 0},
    {.bitmap_index = 5758, .adv_w = 267, .box_w = 15, .box_h = 36, .ofs_x = 1, .ofs_y = 0},
    {.bitmap_index = 5826, .adv_w = 431, .box_w = 21, .box_h = 37, .ofs_x = 2, .ofs_y = -11},
    {.bitmap_index = 5924, .adv_w = 423, .box_w = 20, .box_h = 36, .ofs_x = 3, .ofs_y = 0},
    {.bitmap_index = 6014, .adv_w = 187, .box_w = 5, .box_h = 34, .ofs_x = 3, .ofs_y = 0},
    {.bitmap_index = 6036, .adv_w = 184, .box_w = 10, .box_h = 45, .ofs_x = -2, .ofs_y = -11},
    {.bitmap_index = 6093, .adv_w = 389, .box_w = 21, .box_h = 36, .ofs_x = 3, .ofs_y = 0},
    {.bitmap_index = 6188, .adv_w = 187, .box_w = 4, .box_h = 36, .ofs_x = 4, .ofs_y = 0},
    {.bitmap_index = 6206, .adv_w = 674, .box_w = 35, .box_h = 26, .ofs_x = 3, .ofs_y = 0},
    {.bitmap_index = 6320, .adv_w = 424, .box_w = 20, .box_h = 26, .ofs_x = 3, .ofs_y = 0},
    {.bitmap_index = 6385, .adv_w = 438, .box_w = 23, .box_h = 26, .ofs_x = 2, .ofs_y = 0},
    {.bitmap_index = 6460, .adv_w = 431, .box_w = 21, .box_h = 36, .ofs_x = 3, .ofs_y = -10},
    {.bitmap_index = 6555, .adv_w = 437, .box_w = 21, .box_h = 36, .ofs_x = 2, .ofs_y = -10},
    {.bitmap_index = 6650, .adv_w = 260, .box_w = 12, .box_h = 26, .ofs_x = 3, .ofs_y = 0},
    {.bitmap_index = 6689, .adv_w = 396, .box_w = 20, .box_h = 26, .ofs_x = 2, .ofs_y = 0},
    {.bitmap_index = 6754, .adv_w = 251, .box_w = 14, .box_h = 32, .ofs_x = 0, .ofs_y = 0},
    {.bitmap_index = 6810, .adv_w = 423, .box_w = 20, .box_h = 26, .ofs_x = 3, .ofs_y = 0},
    {.bitmap_index = 6875, .adv_w = 372, .box_w = 21, .box_h = 26, .ofs_x = 1, .ofs_y = 0},
    {.bitmap_index = 6944, .adv_w = 577, .box_w = 34, .box_h = 26, .ofs_x = 1, .ofs_y = 0},
    {.bitmap_index = 7055, .adv_w = 381, .box_w = 22, .box_h = 26, .ofs_x = 1, .ofs_y = 0},
    {.bitmap_index = 7127, .adv_w = 363, .box_w = 21, .box_h = 37, .ofs_x = 1, .ofs_y = -11},
    {.bitmap_index = 7225, .adv_w = 381, .box_w = 20, .box_h = 26, .ofs_x = 2, .ofs_y = 0},
    {.bitmap_index = 7290, .adv_w = 260, .box_w = 14, .box_h = 46, .ofs_x = 1, .ofs_y = -9},
    {.bitmap_index = 7371, .adv_w = 188, .box_w = 4, .box_h = 41, .ofs_x = 4, .ofs_y = -7},
    {.bitmap_index = 7392, .adv_w = 260, .box_w = 15, .box_h = 46, .ofs_x = 0, .ofs_y = -8},
    {.bitmap_index = 7479, .adv_w = 522, .box_w = 27, .box_h = 9, .ofs_x = 3, .ofs_y = 10},
    {.bitmap_index = 7510, .adv_w = 191, .box_w = 1, .box_h = 1, .ofs_x = 0, .ofs_y = 0},
    {.bitmap_index = 7511, .adv_w = 188, .box_w = 5, .box_h = 34, .ofs_x = 3, .ofs_y = -8},
    {.bitmap_index = 7533, .adv_w = 420, .box_w = 22, .box_h = 38, .ofs_x = 2, .ofs_y = -6},
    {.bitmap_index = 7638, .adv_w = 447, .box_w = 24, .box_h = 34, .ofs_x = 2, .ofs_y = 0},
    {.bitmap_index = 7740, .adv_w = 548, .box_w = 30, .box_h = 31, .ofs_x = 2, .ofs_y = -1},
    {.bitmap_index = 7857, .adv_w = 404, .box_w = 24, .box_h = 34, .ofs_x = 0, .ofs_y = 0},
    {.bitmap_index = 7959, .adv_w = 185, .box_w = 4, .box_h = 40, .ofs_x = 3, .ofs_y = -6},
    {.bitmap_index = 7979, .adv_w = 471, .box_w = 25, .box_h = 46, .ofs_x = 2, .ofs_y = -12},
    {.bitmap_index = 8123, .adv_w = 321, .box_w = 15, .box_h = 5, .ofs_x = 2, .ofs_y = 30},
    {.bitmap_index = 8133, .adv_w = 603, .box_w = 33, .box_h = 35, .ofs_x = 2, .ofs_y = 0},
    {.bitmap_index = 8278, .adv_w = 344, .box_w = 15, .box_h = 18, .ofs_x = 3, .ofs_y = 16},
    {.bitmap_index = 8312, .adv_w = 360, .box_w = 18, .box_h = 19, .ofs_x = 2, .ofs_y = 4},
    {.bitmap_index = 8355, .adv_w = 425, .box_w = 19, .box_h = 9, .ofs_x = 3, .ofs_y = 9},
    {.bitmap_index = 8377, .adv_w = 212, .box_w = 11, .box_h = 3, .ofs_x = 1, .ofs_y = 13},
    {.bitmap_index = 8382, .adv_w = 604, .box_w = 33, .box_h = 35, .ofs_x = 2, .ofs_y = 0},
    {.bitmap_index = 8527, .adv_w = 352, .box_w = 16, .box_h = 3, .ofs_x = 3, .ofs_y = 31},
    {.bitmap_index = 8533, .adv_w = 287, .box_w = 12, .box_h = 12, .ofs_x = 3, .ofs_y = 23},
    {.bitmap_index = 8551, .adv_w = 411, .box_w = 22, .box_h = 30, .ofs_x = 2, .ofs_y = 0},
    {.bitmap_index = 8634, .adv_w = 282, .box_w = 14, .box_h = 18, .ofs_x = 2, .ofs_y = 16},
    {.bitmap_index = 8666, .adv_w = 282, .box_w = 14, .box_h = 18, .ofs_x = 1, .ofs_y = 16},
    {.bitmap_index = 8698, .adv_w = 241, .box_w = 10, .box_h = 7, .ofs_x = 3, .ofs_y = 29},
    {.bitmap_index = 8707, .adv_w = 435, .box_w = 20, .box_h = 36, .ofs_x = 4, .ofs_y = -10},
    {.bitmap_index = 8797, .adv_w = 376, .box_w = 18, .box_h = 34, .ofs_x = 1, .ofs_y = 0},
    {.bitmap_index = 8874, .adv_w = 201, .box_w = 5, .box_h = 5, .ofs_x = 3, .ofs_y = 15},
    {.bitmap_index = 8878, .adv_w = 191, .box_w = 8, .box_h = 11, .ofs_x = 3, .ofs_y = -10},
    {.bitmap_index = 8889, .adv_w = 282, .box_w = 9, .box_h = 18, .ofs_x = 3, .ofs_y = 16},
    {.bitmap_index = 8910, .adv_w = 350, .box_w = 16, .box_h = 18, .ofs_x = 3, .ofs_y = 16},
    {.bitmap_index = 8946, .adv_w = 360, .box_w = 19, .box_h = 19, .ofs_x = 2, .ofs_y = 4},
    {.bitmap_index = 8992, .adv_w = 563, .box_w = 32, .box_h = 34, .ofs_x = 2, .ofs_y = 0},
    {.bitmap_index = 9128, .adv_w = 596, .box_w = 33, .box_h = 34, .ofs_x = 2, .ofs_y = 0},
    {.bitmap_index = 9269, .adv_w = 597, .box_w = 33, .box_h = 35, .ofs_x = 3, .ofs_y = 0},
    {.bitmap_index = 9414, .adv_w = 364, .box_w = 19, .box_h = 35, .ofs_x = 2, .ofs_y = -9},
    {.bitmap_index = 9498, .adv_w = 501, .box_w = 30, .box_h = 44, .ofs_x = 0, .ofs_y = 0},
    {.bitmap_index = 9663, .adv_w = 501, .box_w = 30, .box_h = 44, .ofs_x = 0, .ofs_y = 0},
    {.bitmap_index = 9828, .adv_w = 501, .box_w = 30, .box_h = 44, .ofs_x = 0, .ofs_y = 0},
    {.bitmap_index = 9993, .adv_w = 501, .box_w = 30, .box_h = 43, .ofs_x = 0, .ofs_y = 0},
    {.bitmap_index = 10155, .adv_w = 501, .box_w = 30, .box_h = 42, .ofs_x = 0, .ofs_y = 0},
    {.bitmap_index = 10313, .adv_w = 501, .box_w = 30, .box_h = 46, .ofs_x = 0, .ofs_y = 0},
    {.bitmap_index = 10486, .adv_w = 718, .box_w = 45, .box_h = 34, .ofs_x = 0, .ofs_y = 0},
    {.bitmap_index = 10678, .adv_w = 500, .box_w = 26, .box_h = 45, .ofs_x = 3, .ofs_y = -11},
    {.bitmap_index = 10825, .adv_w = 437, .box_w = 22, .box_h = 44, .ofs_x = 4, .ofs_y = 0},
    {.bitmap_index = 10946, .adv_w = 437, .box_w = 22, .box_h = 44, .ofs_x = 4, .ofs_y = 0},
    {.bitmap_index = 11067, .adv_w = 437, .box_w = 22, .box_h = 44, .ofs_x = 4, .ofs_y = 0},
    {.bitmap_index = 11188, .adv_w = 437, .box_w = 22, .box_h = 42, .ofs_x = 4, .ofs_y = 0},
    {.bitmap_index = 11304, .adv_w = 209, .box_w = 9, .box_h = 44, .ofs_x = -1, .ofs_y = 0},
    {.bitmap_index = 11354, .adv_w = 209, .box_w = 9, .box_h = 44, .ofs_x = 4, .ofs_y = 0},
    {.bitmap_index = 11404, .adv_w = 209, .box_w = 14, .box_h = 44, .ofs_x = -1, .ofs_y = 0},
    {.bitmap_index = 11481, .adv_w = 209, .box_w = 15, .box_h = 42, .ofs_x = -1, .ofs_y = 0},
    {.bitmap_index = 11560, .adv_w = 515, .box_w = 28, .box_h = 34, .ofs_x = 1, .ofs_y = 0},
    {.bitmap_index = 11679, .adv_w = 548, .box_w = 26, .box_h = 43, .ofs_x = 4, .ofs_y = 0},
    {.bitmap_index = 11819, .adv_w = 528, .box_w = 27, .box_h = 44, .ofs_x = 3, .ofs_y = 0},
    {.bitmap_index = 11968, .adv_w = 528, .box_w = 27, .box_h = 44, .ofs_x = 3, .ofs_y = 0},
    {.bitmap_index = 12117, .adv_w = 528, .box_w = 27, .box_h = 44, .ofs_x = 3, .ofs_y = 0},
    {.bitmap_index = 12266, .adv_w = 528, .box_w = 27, .box_h = 43, .ofs_x = 3, .ofs_y = 0},
    {.bitmap_index = 12412, .adv_w = 528, .box_w = 27, .box_h = 43, .ofs_x = 3, .ofs_y = 0},
    {.bitmap_index = 12558, .adv_w = 410, .box_w = 21, .box_h = 22, .ofs_x = 2, .ofs_y = 5},
    {.bitmap_index = 12616, .adv_w = 528, .box_w = 27, .box_h = 38, .ofs_x = 3, .ofs_y = -2},
    {.bitmap_index = 12745, .adv_w = 498, .box_w = 24, .box_h = 44, .ofs_x = 3, .ofs_y = 0},
    {.bitmap_index = 12877, .adv_w = 498, .box_w = 24, .box_h = 44, .ofs_x = 3, .ofs_y = 0},
    {.bitmap_index = 13009, .adv_w = 498, .box_w = 24, .box_h = 44, .ofs_x = 3, .ofs_y = 0},
    {.bitmap_index = 13141, .adv_w = 498, .box_w = 24, .box_h = 43, .ofs_x = 3, .ofs_y = 0},
    {.bitmap_index = 13270, .adv_w = 461, .box_w = 28, .box_h = 44, .ofs_x = 0, .ofs_y = 0},
    {.bitmap_index = 13424, .adv_w = 454, .box_w = 22, .box_h = 34, .ofs_x = 4, .ofs_y = 0},
    {.bitmap_index = 13518, .adv_w = 457, .box_w = 23, .box_h = 37, .ofs_x = 3, .ofs_y = 0},
    {.bitmap_index = 13625, .adv_w = 418, .box_w = 21, .box_h = 37, .ofs_x = 3, .ofs_y = 0},
    {.bitmap_index = 13723, .adv_w = 418, .box_w = 21, .box_h = 37, .ofs_x = 3, .ofs_y = 0},
    {.bitmap_index = 13821, .adv_w = 418, .box_w = 21, .box_h = 37, .ofs_x = 3, .ofs_y = 0},
    {.bitmap_index = 13919, .adv_w = 418, .box_w = 21, .box_h = 36, .ofs_x = 3, .ofs_y = 0},
    {.bitmap_index = 14014, .adv_w = 418, .box_w = 21, .box_h = 34, .ofs_x = 3, .ofs_y = 0},
    {.bitmap_index = 14104, .adv_w = 418, .box_w = 20, .box_h = 39, .ofs_x = 3, .ofs_y = 0},
    {.bitmap_index = 14202, .adv_w = 649, .box_w = 37, .box_h = 26, .ofs_x = 2, .ofs_y = 0},
    {.bitmap_index = 14323, .adv_w = 402, .box_w = 22, .box_h = 37, .ofs_x = 2, .ofs_y = -11},
    {.bitmap_index = 14425, .adv_w = 407, .box_w = 21, .box_h = 37, .ofs_x = 2, .ofs_y = 0},
    {.bitmap_index = 14523, .adv_w = 407, .box_w = 21, .box_h = 37, .ofs_x = 2, .ofs_y = 0},
    {.bitmap_index = 14621, .adv_w = 407, .box_w = 21, .box_h = 37, .ofs_x = 2, .ofs_y = 0},
    {.bitmap_index = 14719, .adv_w = 407, .box_w = 21, .box_h = 34, .ofs_x = 2, .ofs_y = 0},
    {.bitmap_index = 14809, .adv_w = 190, .box_w = 9, .box_h = 36, .ofs_x = -1, .ofs_y = 0},
    {.bitmap_index = 14850, .adv_w = 190, .box_w = 9, .box_h = 36, .ofs_x = 4, .ofs_y = 0},
    {.bitmap_index = 14891, .adv_w = 190, .box_w = 14, .box_h = 36, .ofs_x = -1, .ofs_y = 0},
    {.bitmap_index = 14954, .adv_w = 190, .box_w = 15, .box_h = 34, .ofs_x = -2, .ofs_y = 0},
    {.bitmap_index = 15018, .adv_w = 450, .box_w = 22, .box_h = 37, .ofs_x = 3, .ofs_y = 0},
    {.bitmap_index = 15120, .adv_w = 424, .box_w = 19, .box_h = 36, .ofs_x = 3, .ofs_y = 0},
    {.bitmap_index = 15206, .adv_w = 438, .box_w = 23, .box_h = 37, .ofs_x = 2, .ofs_y = 0},
    {.bitmap_index = 15313, .adv_w = 438, .box_w = 23, .box_h = 37, .ofs_x = 2, .ofs_y = 0},
    {.bitmap_index = 15420, .adv_w = 438, .box_w = 23, .box_h = 37, .ofs_x = 2, .ofs_y = 0},
    {.bitmap_index = 15527, .adv_w = 438, .box_w = 23, .box_h = 36, .ofs_x = 2, .ofs_y = 0},
    {.bitmap_index = 15631, .adv_w = 438, .box_w = 23, .box_h = 34, .ofs_x = 2, .ofs_y = 0},
    {.bitmap_index = 15729, .adv_w = 439, .box_w = 23, .box_h = 24, .ofs_x = 2, .ofs_y = 4},
    {.bitmap_index = 15798, .adv_w = 435, .box_w = 23, .box_h = 32, .ofs_x = 2, .ofs_y = -3},
    {.bitmap_index = 15890, .adv_w = 423, .box_w = 20, .box_h = 37, .ofs_x = 3, .ofs_y = 0},
    {.bitmap_index = 15983, .adv_w = 423, .box_w = 20, .box_h = 37, .ofs_x = 3, .ofs_y = 0},
    {.bitmap_index = 16076, .adv_w = 423, .box_w = 20, .box_h = 37, .ofs_x = 3, .ofs_y = 0},
    {.bitmap_index = 16169, .adv_w = 423, .box_w = 20, .box_h = 34, .ofs_x = 3, .ofs_y = 0},
    {.bitmap_index = 16254, .adv_w = 363, .box_w = 21, .box_h = 47, .ofs_x = 1, .ofs_y = -11},
    {.bitmap_index = 16378, .adv_w = 443, .box_w = 21, .box_h = 46, .ofs_x = 3, .ofs_y = -10},
    {.bitmap_index = 16499, .adv_w = 363, .box_w = 22, .box_h = 45, .ofs_x = 0, .ofs_y = -11},
    {.bitmap_index = 16623, .adv_w = 392, .box_w = 1, .box_h = 1, .ofs_x = 0, .ofs_y = 0},
    {.bitmap_index = 16624, .adv_w = 783, .box_w = 1, .box_h = 1, .ofs_x = 0, .ofs_y = 0},
    {.bitmap_index = 16625, .adv_w = 392, .box_w = 1, .box_h = 1, .ofs_x = 0, .ofs_y = 0},
    {.bitmap_index = 16626, .adv_w = 783, .box_w = 1, .box_h = 1, .ofs_x = 0, .ofs_y = 0},
    {.bitmap_index = 16627, .adv_w = 261, .box_w = 1, .box_h = 1, .ofs_x = 0, .ofs_y = 0},
    {.bitmap_index = 16628, .adv_w = 196, .box_w = 1, .box_h = 1, .ofs_x = 0, .ofs_y = 0},
    {.bitmap_index = 16629, .adv_w = 131, .box_w = 1, .box_h = 1, .ofs_x = 0, .ofs_y = 0},
    {.bitmap_index = 16630, .adv_w = 432, .box_w = 1, .box_h = 1, .ofs_x = 0, .ofs_y = 0},
    {.bitmap_index = 16631, .adv_w = 210, .box_w = 1, .box_h = 1, .ofs_x = 0, .ofs_y = 0},
    {.bitmap_index = 16632, .adv_w = 157, .box_w = 1, .box_h = 1, .ofs_x = 0, .ofs_y = 0},
    {.bitmap_index = 16633, .adv_w = 78, .box_w = 1, .box_h = 1, .ofs_x = 0, .ofs_y = 0},
    {.bitmap_index = 16634, .adv_w = 0, .box_w = 1, .box_h = 1, .ofs_x = 0, .ofs_y = 0},
    {.bitmap_index = 16635, .adv_w = 212, .box_w = 11, .box_h = 3, .ofs_x = 1, .ofs_y = 13},
    {.bitmap_index = 16640, .adv_w = 212, .box_w = 11, .box_h = 3, .ofs_x = 1, .ofs_y = 13},
    {.bitmap_index = 16645, .adv_w = 504, .box_w = 23, .box_h = 3, .ofs_x = 4, .ofs_y = 15},
    {.bitmap_index = 16654, .adv_w = 600, .box_w = 31, .box_h = 3, .ofs_x = 3, .ofs_y = 15},
    {.bitmap_index = 16666, .adv_w = 600, .box_w = 31, .box_h = 3, .ofs_x = 3, .ofs_y = 15},
    {.bitmap_index = 16678, .adv_w = 350, .box_w = 21, .box_h = 9, .ofs_x = 1, .ofs_y = -10},
    {.bitmap_index = 16702, .adv_w = 154, .box_w = 6, .box_h = 11, .ofs_x = 2, .ofs_y = 25},
    {.bitmap_index = 16711, .adv_w = 154, .box_w = 6, .box_h = 12, .ofs_x = 1, .ofs_y = 24},
    {.bitmap_index = 16720, .adv_w = 153, .box_w = 6, .box_h = 11, .ofs_x = 1, .ofs_y = -7},
    {.bitmap_index = 16729, .adv_w = 154, .box_w = 6, .box_h = 12, .ofs_x = 2, .ofs_y = 24},
    {.bitmap_index = 16738, .adv_w = 272, .box_w = 14, .box_h = 11, .ofs_x = 2, .ofs_y = 25},
    {.bitmap_index = 16758, .adv_w = 275, .box_w = 13, .box_h = 12, .ofs_x = 2, .ofs_y = 24},
    {.bitmap_index = 16778, .adv_w = 265, .box_w = 13, .box_h = 13, .ofs_x = 1, .ofs_y = -7},
    {.bitmap_index = 16800, .adv_w = 424, .box_w = 24, .box_h = 34, .ofs_x = 1, .ofs_y = 0},
    {.bitmap_index = 16902, .adv_w = 438, .box_w = 24, .box_h = 44, .ofs_x = 2, .ofs_y = -10},
    {.bitmap_index = 17034, .adv_w = 259, .box_w = 10, .box_h = 10, .ofs_x = 3, .ofs_y = 13},
    {.bitmap_index = 17047, .adv_w = 362, .box_w = 15, .box_h = 5, .ofs_x = 3, .ofs_y = 0},
    {.bitmap_index = 17057, .adv_w = 514, .box_w = 25, .box_h = 5, .ofs_x = 3, .ofs_y = 0},
    {.bitmap_index = 17073, .adv_w = 144, .box_w = 5, .box_h = 5, .ofs_x = 2, .ofs_y = 12},
    {.bitmap_index = 17077, .adv_w = 736, .box_w = 43, .box_h = 34, .ofs_x = 2, .ofs_y = 0},
    {.bitmap_index = 17260, .adv_w = 134, .box_w = 4, .box_h = 11, .ofs_x = 2, .ofs_y = 25},
    {.bitmap_index = 17266, .adv_w = 246, .box_w = 10, .box_h = 11, .ofs_x = 3, .ofs_y = 25},
    {.bitmap_index = 17280, .adv_w = 231, .box_w = 10, .box_h = 19, .ofs_x = 3, .ofs_y = 4},
    {.bitmap_index = 17304, .adv_w = 231, .box_w = 10, .box_h = 19, .ofs_x = 2, .ofs_y = 4},
    {.bitmap_index = 17328, .adv_w = 396, .box_w = 17, .box_h = 34, .ofs_x = 4, .ofs_y = 0},
    {.bitmap_index = 17401, .adv_w = 349, .box_w = 20, .box_h = 28, .ofs_x = 1, .ofs_y = 3},
    {.bitmap_index = 17471, .adv_w = 425, .box_w = 25, .box_h = 34, .ofs_x = 0, .ofs_y = 0},
    {.bitmap_index = 17578, .adv_w = 447, .box_w = 24, .box_h = 34, .ofs_x = 2, .ofs_y = 0},
    {.bitmap_index = 17680, .adv_w = 608, .box_w = 37, .box_h = 34, .ofs_x = 1, .ofs_y = 0},
    {.bitmap_index = 17838, .adv_w = 630, .box_w = 32, .box_h = 34, .ofs_x = 4, .ofs_y = 0},
    {.bitmap_index = 17974, .adv_w = 812, .box_w = 44, .box_h = 34, .ofs_x = 4, .ofs_y = 0},
    {.bitmap_index = 18161, .adv_w = 568, .box_w = 34, .box_h = 34, .ofs_x = 1, .ofs_y = 0},
    {.bitmap_index = 18306, .adv_w = 592, .box_w = 30, .box_h = 26, .ofs_x = 3, .ofs_y = 0},
    {.bitmap_index = 18404, .adv_w = 444, .box_w = 26, .box_h = 44, .ofs_x = 2, .ofs_y = -7},
    {.bitmap_index = 18547, .adv_w = 432, .box_w = 22, .box_h = 34, .ofs_x = 2, .ofs_y = 0},
    {.bitmap_index = 18641, .adv_w = 562, .box_w = 34, .box_h = 34, .ofs_x = 0, .ofs_y = 0},
    {.bitmap_index = 18786, .adv_w = 397, .box_w = 23, .box_h = 34, .ofs_x = 1, .ofs_y = 0},
    {.bitmap_index = 18884, .adv_w = 428, .box_w = 24, .box_h = 34, .ofs_x = 0, .ofs_y = 0},
    {.bitmap_index = 18986, .adv_w = 507, .box_w = 28, .box_h = 26, .ofs_x = 2, .ofs_y = 0},
    {.bitmap_index = 19077, .adv_w = 510, .box_w = 29, .box_h = 34, .ofs_x = 1, .ofs_y = 0}
};

/*---------------------
 *  CHARACTER MAPPING
 *--------------------*/

static const uint16_t unicode_list_3[] = {
    0x0, 0x1, 0x3, 0x4, 0x5, 0x7, 0x8, 0x9,
    0xa, 0xb, 0xc, 0xd, 0xe, 0x10, 0x11, 0x12,
    0x15, 0x16, 0x17, 0x20, 0x22, 0x23, 0x29, 0x2a,
    0x2c, 0x34, 0x93, 0x94, 0x96, 0x97, 0x98, 0x99,
    0x9a, 0x9b, 0x9c, 0xa1, 0xa9, 0xaa, 0xac, 0xad
};

/*Collect the unicode lists and glyph_id offsets*/
static const lv_font_fmt_txt_cmap_t cmaps[] =
{
    {
        .range_start = 32, .range_length = 95, .glyph_id_start = 1,
        .unicode_list = NULL, .glyph_id_ofs_list = NULL, .list_length = 0, .type = LV_FONT_FMT_TXT_CMAP_FORMAT0_TINY
    },
    {
        .range_start = 160, .range_length = 96, .glyph_id_start = 96,
        .unicode_list = NULL, .glyph_id_ofs_list = NULL, .list_length = 0, .type = LV_FONT_FMT_TXT_CMAP_FORMAT0_TINY
    },
    {
        .range_start = 8192, .range_length = 12, .glyph_id_start = 192,
        .unicode_list = NULL, .glyph_id_ofs_list = NULL, .list_length = 0, .type = LV_FONT_FMT_TXT_CMAP_FORMAT0_TINY
    },
    {
        .range_start = 8208, .range_length = 174, .glyph_id_start = 204,
        .unicode_list = unicode_list_3, .glyph_id_ofs_list = NULL, .list_length = 40, .type = LV_FONT_FMT_TXT_CMAP_SPARSE_TINY
    }
};

/*-----------------
 *    KERNING
 *----------------*/


/*Pair left and right glyphs for kerning*/
static const uint8_t kern_pair_glyph_ids[] =
{
    3, 3,
    3, 8,
    3, 210,
    3, 211,
    3, 213,
    3, 214,
    3, 215,
    3, 224,
    3, 225,
    8, 3,
    8, 8,
    8, 210,
    8, 211,
    8, 213,
    8, 214,
    8, 215,
    8, 224,
    8, 225,
    13, 3,
    13, 8,
    13, 210,
    13, 211,
    13, 213,
    13, 214,
    13, 215,
    13, 224,
    13, 225,
    15, 3,
    15, 8,
    15, 210,
    15, 211,
    15, 213,
    15, 214,
    15, 215,
    15, 224,
    15, 225,
    16, 16,
    210, 3,
    210, 8,
    210, 210,
    210, 211,
    210, 213,
    210, 214,
    210, 215,
    210, 224,
    210, 225,
    211, 3,
    211, 8,
    211, 210,
    211, 211,
    211, 213,
    211, 214,
    211, 215,
    211, 224,
    211, 225,
    212, 3,
    212, 8,
    212, 210,
    212, 211,
    212, 213,
    212, 214,
    212, 215,
    212, 224,
    212, 225,
    213, 3,
    213, 8,
    213, 210,
    213, 211,
    213, 213,
    213, 214,
    213, 215,
    213, 224,
    213, 225,
    214, 3,
    214, 8,
    214, 210,
    214, 211,
    214, 213,
    214, 214,
    214, 215,
    214, 224,
    214, 225,
    215, 3,
    215, 8,
    215, 210,
    215, 211,
    215, 213,
    215, 214,
    215, 215,
    215, 224,
    215, 225,
    216, 3,
    216, 8,
    216, 210,
    216, 211,
    216, 213,
    216, 214,
    216, 215,
    216, 224,
    216, 225,
    220, 3,
    220, 8,
    220, 210,
    220, 211,
    220, 213,
    220, 214,
    220, 215,
    220, 224,
    220, 225,
    221, 3,
    221, 8,
    221, 210,
    221, 211,
    221, 213,
    221, 214,
    221, 215,
    221, 224,
    221, 225,
    224, 3,
    224, 8,
    224, 210,
    224, 211,
    224, 213,
    224, 214,
    224, 215,
    224, 224,
    224, 225,
    225, 3,
    225, 8,
    225, 210,
    225, 211,
    225, 213,
    225, 214,
    225, 215,
    225, 224,
    225, 225
};

/* Kerning between the respective left and right glyphs
 * 4.4 format which needs to scaled with `kern_scale`*/
static const int8_t kern_pair_values[] =
{
    -40, -40, -40, -40, -40, -40, -40, -40,
    -40, -40, -40, -40, -40, -40, -40, -40,
    -40, -40, -64, -64, -64, -64, -64, -64,
    -64, -64, -64, -64, -64, -64, -64, -64,
    -64, -64, -64, -64, -84, -40, -40, -40,
    -40, -40, -40, -40, -40, -40, -40, -40,
    -40, -40, -40, -40, -40, -40, -40, -64,
    -64, -64, -64, -64, -64, -64, -64, -64,
    -40, -40, -40, -40, -40, -40, -40, -40,
    -40, -40, -40, -40, -40, -40, -40, -40,
    -40, -40, -40, -40, -40, -40, -40, -40,
    -40, -40, -40, -64, -64, -64, -64, -64,
    -64, -64, -64, -64, -64, -64, -64, -64,
    -64, -64, -64, -64, -64, -64, -64, -64,
    -64, -64, -64, -64, -64, -64, -40, -40,
    -40, -40, -40, -40, -40, -40, -40, -40,
    -40, -40, -40, -40, -40, -40, -40, -40
};

/*Collect the kern pair's data in one place*/
static const lv_font_fmt_txt_kern_pair_t kern_pairs =
{
    .glyph_ids = kern_pair_glyph_ids,
    .values = kern_pair_values,
    .pair_cnt = 136,
    .glyph_ids_size = 0
};

/*--------------------
 *  ALL CUSTOM DATA
 *--------------------*/

#if LVGL_VERSION_MAJOR == 8
/*Store all the custom data of the font*/
static  lv_font_fmt_txt_glyph_cache_t cache;
#endif

#if LVGL_VERSION_MAJOR >= 8
static const lv_font_fmt_txt_dsc_t font_dsc = {
#else
static lv_font_fmt_txt_dsc_t font_dsc = {
#endif
    .glyph_bitmap = glyph_bitmap,
    .glyph_dsc = glyph_dsc,
    .cmaps = cmaps,
    .kern_dsc = &kern_pairs,
    .kern_scale = 16,
    .cmap_num = 4,
    .bpp = 1,
    .kern_classes = 0,
    .bitmap_format = 0,
#if LVGL_VERSION_MAJOR == 8
    .cache = &cache
#endif

};

extern const lv_font_t roboto_reg_48;


/*-----------------
 *  PUBLIC FONT
 *----------------*/

/*Initialize a public general font descriptor*/
#if LVGL_VERSION_MAJOR >= 8
const lv_font_t roboto_reg_48 = {
#else
lv_font_t roboto_reg_48 = {
#endif
    .get_glyph_dsc = lv_font_get_glyph_dsc_fmt_txt,    /*Function pointer to get glyph's data*/
    .get_glyph_bitmap = lv_font_get_bitmap_fmt_txt,    /*Function pointer to get glyph's bitmap*/
    .line_height = 58,          /*The maximum line height required by the font*/
    .base_line = 12,             /*Baseline measured from the bottom of the line*/
#if !(LVGL_VERSION_MAJOR == 6 && LVGL_VERSION_MINOR == 0)
    .subpx = LV_FONT_SUBPX_NONE,
#endif
#if LV_VERSION_CHECK(7, 4, 0) || LVGL_VERSION_MAJOR >= 8
    .underline_position = -4,
    .underline_thickness = 2,
#endif
    .dsc = &font_dsc,          /*The custom font data. Will be accessed by `get_glyph_bitmap/dsc` */
#if LV_VERSION_CHECK(8, 2, 0) || LVGL_VERSION_MAJOR >= 9
    .fallback = &roboto_reg_48,
#endif
    .user_data = NULL,
};



#endif /*#if ROBOTO_REG_48*/
