/*******************************************************************************
 * Size: 48 px
 * Bpp: 1
 * Opts: --bpp 1 --size 48 --no-compress --stride 1 --align 1 --font Roboto-Bold.ttf --range 32-127,160-255,8352-8399,8192-8303 --format lvgl -o roboto_bold_48.c
 ******************************************************************************/

#include "UI.h"

#ifndef ROBOTO_BOLD_48
#define ROBOTO_BOLD_48 1
#endif

#if ROBOTO_BOLD_48

/*-----------------
 *    BITMAPS
 *----------------*/

/*Store the image of the glyphs*/
static LV_ATTRIBUTE_LARGE_CONST const uint8_t glyph_bitmap[] = {
    /* U+0020 " " */
    0x0,

    /* U+0021 "!" */
    0xff, 0xff, 0xff, 0xff, 0xff, 0xff, 0xff, 0xff,
    0xff, 0xff, 0xff, 0xff, 0xff, 0xff, 0xff, 0xff,
    0xff, 0xff, 0xff, 0xff, 0xff, 0x0, 0x0, 0x1,
    0xc7, 0xdf, 0xff, 0xff, 0x7c, 0x70,

    /* U+0022 "\"" */
    0xf9, 0xff, 0x9f, 0xf9, 0xff, 0x9f, 0xf9, 0xff,
    0x9f, 0xf9, 0xff, 0x9f, 0xf9, 0xff, 0x1e, 0xf1,
    0xef, 0x1e, 0xf1, 0xe0,

    /* U+0023 "#" */
    0x0, 0x3c, 0x3c, 0x0, 0x1f, 0xf, 0x0, 0x7,
    0x83, 0xc0, 0x1, 0xe0, 0xf0, 0x0, 0x78, 0x7c,
    0x0, 0x1e, 0x1e, 0x0, 0x7, 0x87, 0x80, 0x3,
    0xe1, 0xe0, 0x0, 0xf0, 0x78, 0xf, 0xff, 0xff,
    0xf3, 0xff, 0xff, 0xfc, 0xff, 0xff, 0xff, 0x3f,
    0xff, 0xff, 0xc0, 0x78, 0x3c, 0x0, 0x1e, 0xf,
    0x0, 0x7, 0x83, 0xc0, 0x1, 0xe1, 0xf0, 0x0,
    0x78, 0x78, 0x0, 0x3e, 0x1e, 0x0, 0xf, 0x7,
    0x80, 0xff, 0xff, 0xff, 0x3f, 0xff, 0xff, 0xcf,
    0xff, 0xff, 0xf3, 0xff, 0xff, 0xfc, 0x7, 0xc3,
    0xc0, 0x1, 0xe0, 0xf0, 0x0, 0x78, 0x3c, 0x0,
    0x1e, 0x1f, 0x0, 0x7, 0x87, 0x80, 0x1, 0xe1,
    0xe0, 0x0, 0xf8, 0x78, 0x0, 0x3c, 0x1e, 0x0,
    0xf, 0x7, 0x80, 0x3, 0xc3, 0xe0, 0x0,

    /* U+0024 "$" */
    0x0, 0x3c, 0x0, 0x0, 0x78, 0x0, 0x0, 0xf0,
    0x0, 0x1, 0xe0, 0x0, 0x3, 0xc0, 0x0, 0x7,
    0x80, 0x0, 0xf, 0x0, 0x0, 0x7f, 0x80, 0x7,
    0xff, 0xc0, 0x1f, 0xff, 0xe0, 0x7f, 0xff, 0xe1,
    0xff, 0xff, 0xc3, 0xfc, 0x3f, 0xcf, 0xf0, 0x3f,
    0x9f, 0xc0, 0x7f, 0xbf, 0x80, 0x7f, 0x7f, 0x0,
    0xfe, 0xfe, 0x1, 0xfd, 0xfe, 0x0, 0x1, 0xfc,
    0x0, 0x3, 0xfe, 0x0, 0x3, 0xff, 0x0, 0x3,
    0xff, 0xc0, 0x3, 0xff, 0xe0, 0x1, 0xff, 0xe0,
    0x0, 0xff, 0xf0, 0x0, 0x7f, 0xe0, 0x0, 0x3f,
    0xe0, 0x0, 0x1f, 0xc0, 0x0, 0x1f, 0xff, 0x80,
    0x3f, 0xff, 0x0, 0x7f, 0xfe, 0x0, 0xff, 0xfe,
    0x1, 0xfd, 0xfe, 0x7, 0xfb, 0xff, 0x3f, 0xe3,
    0xff, 0xff, 0xc3, 0xff, 0xff, 0x3, 0xff, 0xfc,
    0x3, 0xff, 0xf0, 0x0, 0xff, 0x0, 0x0, 0x78,
    0x0, 0x0, 0xf0, 0x0, 0x1, 0xe0, 0x0, 0x3,
    0xc0, 0x0, 0x7, 0x80, 0x0,

    /* U+0025 "%" */
    0xf, 0xe0, 0x0, 0x0, 0x7f, 0xf0, 0x0, 0x1,
    0xff, 0xf0, 0x0, 0x3, 0xff, 0xe0, 0x0, 0xf,
    0x87, 0xe0, 0x30, 0x1e, 0x7, 0xc0, 0xf8, 0x3c,
    0xf, 0x83, 0xe0, 0x78, 0x1f, 0x7, 0x80, 0xf0,
    0x3e, 0x1f, 0x1, 0xe0, 0x7c, 0x7c, 0x3, 0xe1,
    0xf8, 0xf0, 0x3, 0xff, 0xe3, 0xe0, 0x7, 0xff,
    0xcf, 0x80, 0x7, 0xff, 0x1e, 0x0, 0x3, 0xf8,
    0x7c, 0x0, 0x0, 0x1, 0xf0, 0x0, 0x0, 0x3,
    0xc0, 0x0, 0x0, 0xf, 0x0, 0x0, 0x0, 0x3e,
    0x3f, 0x80, 0x0, 0x78, 0xff, 0x80, 0x1, 0xe3,
    0xff, 0x80, 0x7, 0xcf, 0xff, 0x80, 0x1f, 0x3f,
    0xf, 0x80, 0x3c, 0x7c, 0xf, 0x0, 0xf8, 0xf8,
    0x1e, 0x3, 0xe1, 0xf0, 0x3c, 0x7, 0x83, 0xe0,
    0x78, 0x1f, 0x7, 0xc0, 0xf0, 0x7c, 0xf, 0x81,
    0xe0, 0x70, 0x1f, 0x87, 0xc0, 0x20, 0x1f, 0xff,
    0x0, 0x0, 0x1f, 0xfc, 0x0, 0x0, 0x1f, 0xf0,
    0x0, 0x0, 0x1f, 0xc0,

    /* U+0026 "&" */
    0x0, 0x7f, 0x0, 0x0, 0xf, 0xfe, 0x0, 0x1,
    0xff, 0xf8, 0x0, 0xf, 0xff, 0xe0, 0x0, 0xff,
    0xff, 0x0, 0xf, 0xe1, 0xfc, 0x0, 0x7e, 0x7,
    0xe0, 0x3, 0xf0, 0x3f, 0x0, 0x1f, 0x81, 0xf8,
    0x0, 0xfc, 0xf, 0xc0, 0x7, 0xe0, 0xfc, 0x0,
    0x3f, 0x8f, 0xe0, 0x0, 0xff, 0xfe, 0x0, 0x7,
    0xff, 0xe0, 0x0, 0x1f, 0xfe, 0x0, 0x0, 0x7f,
    0xe0, 0x0, 0x7, 0xfc, 0x0, 0x0, 0x7f, 0xf0,
    0x3f, 0x7, 0xff, 0xc1, 0xf8, 0x7f, 0xff, 0xf,
    0xc7, 0xfb, 0xf8, 0x7e, 0x3f, 0x9f, 0xe7, 0xf3,
    0xf8, 0x7f, 0xbf, 0x1f, 0xc1, 0xff, 0xf8, 0xfe,
    0x7, 0xff, 0xc7, 0xf0, 0x1f, 0xfc, 0x3f, 0x80,
    0x7f, 0xe1, 0xfe, 0x1, 0xfe, 0x7, 0xf8, 0x3f,
    0xf0, 0x3f, 0xff, 0xff, 0xc0, 0xff, 0xff, 0xff,
    0x3, 0xff, 0xff, 0xfc, 0x7, 0xff, 0xcf, 0xf0,
    0xf, 0xf0, 0x3f, 0xc0,

    /* U+0027 "'" */
    0xff, 0xff, 0xff, 0xff, 0xff, 0xff, 0xff, 0xef,
    0x0,

    /* U+0028 "(" */
    0x0, 0x10, 0x3, 0xc0, 0x3e, 0x3, 0xf0, 0x3f,
    0x3, 0xf0, 0x1f, 0x1, 0xf8, 0xf, 0x80, 0xfc,
    0x7, 0xc0, 0x7e, 0x3, 0xf0, 0x3f, 0x1, 0xf8,
    0xf, 0xc0, 0x7e, 0x7, 0xe0, 0x3f, 0x1, 0xf8,
    0xf, 0xc0, 0x7e, 0x3, 0xf0, 0x1f, 0x80, 0xfc,
    0x7, 0xe0, 0x3f, 0x1, 0xf8, 0xf, 0xc0, 0x7e,
    0x3, 0xf0, 0xf, 0x80, 0x7e, 0x3, 0xf0, 0x1f,
    0x80, 0x7c, 0x3, 0xf0, 0x1f, 0x80, 0x7c, 0x3,
    0xf0, 0xf, 0x80, 0x7e, 0x1, 0xf8, 0x7, 0xc0,
    0x1f, 0x0, 0xfc, 0x3, 0xe0, 0x6, 0x0, 0x10,

    /* U+0029 ")" */
    0x40, 0x7, 0x80, 0x3e, 0x1, 0xf8, 0x7, 0xe0,
    0x1f, 0x0, 0x7c, 0x3, 0xf0, 0xf, 0x80, 0x7e,
    0x1, 0xf0, 0xf, 0xc0, 0x7e, 0x1, 0xf0, 0xf,
    0xc0, 0x7e, 0x3, 0xf0, 0xf, 0x80, 0x7e, 0x3,
    0xf0, 0x1f, 0x80, 0xfc, 0x7, 0xe0, 0x3f, 0x1,
    0xf8, 0xf, 0xc0, 0x7e, 0x3, 0xf0, 0x1f, 0x80,
    0xfc, 0x7, 0xe0, 0x7e, 0x3, 0xf0, 0x1f, 0x80,
    0xfc, 0x7, 0xc0, 0x7e, 0x3, 0xf0, 0x1f, 0x1,
    0xf8, 0xf, 0x80, 0xfc, 0xf, 0xc0, 0x7c, 0x7,
    0xc0, 0x7e, 0x3, 0xe0, 0xc, 0x0, 0x40, 0x0,

    /* U+002A "*" */
    0x0, 0xf0, 0x0, 0xf, 0x0, 0x0, 0xf0, 0x0,
    0xf, 0x0, 0x0, 0xf0, 0x0, 0xf, 0x0, 0x70,
    0xf0, 0x6f, 0xcf, 0x3f, 0xff, 0xff, 0xff, 0xff,
    0xff, 0x1f, 0xff, 0xc0, 0x1f, 0xc0, 0x3, 0xf8,
    0x0, 0x7f, 0xc0, 0x7, 0xbe, 0x0, 0xf9, 0xf0,
    0x1f, 0x1f, 0x3, 0xe0, 0xf8, 0x1e, 0x7, 0x80,
    0xc0, 0x70, 0x4, 0x0, 0x0,

    /* U+002B "+" */
    0x0, 0x7f, 0x0, 0x0, 0x7f, 0x0, 0x0, 0x7f,
    0x0, 0x0, 0x7f, 0x0, 0x0, 0x7f, 0x0, 0x0,
    0x7f, 0x0, 0x0, 0x7f, 0x0, 0x0, 0x7f, 0x0,
    0x0, 0x7f, 0x0, 0xff, 0xff, 0xff, 0xff, 0xff,
    0xff, 0xff, 0xff, 0xff, 0xff, 0xff, 0xff, 0xff,
    0xff, 0xff, 0xff, 0xff, 0xff, 0x0, 0x7f, 0x0,
    0x0, 0x7f, 0x0, 0x0, 0x7f, 0x0, 0x0, 0x7f,
    0x0, 0x0, 0x7f, 0x0, 0x0, 0x7f, 0x0, 0x0,
    0x7f, 0x0, 0x0, 0x7f, 0x0, 0x0, 0x7f, 0x0,
    0x0, 0x7f, 0x0,

    /* U+002C "," */
    0x3f, 0x3f, 0x3f, 0x3f, 0x3f, 0x3f, 0x3f, 0x3f,
    0x7e, 0x7e, 0x7c, 0xfc, 0xf8, 0x30,

    /* U+002D "-" */
    0xff, 0xff, 0xff, 0xff, 0xff, 0xff, 0xff, 0xff,
    0x80,

    /* U+002E "." */
    0x38, 0xfb, 0xff, 0xff, 0xef, 0x8e, 0x0,

    /* U+002F "/" */
    0x0, 0xf, 0x80, 0x7, 0xc0, 0x7, 0xc0, 0x3,
    0xe0, 0x1, 0xf0, 0x1, 0xf0, 0x0, 0xf8, 0x0,
    0x7c, 0x0, 0x7c, 0x0, 0x3e, 0x0, 0x1f, 0x0,
    0x1f, 0x0, 0xf, 0x80, 0x7, 0xc0, 0x7, 0xc0,
    0x3, 0xe0, 0x1, 0xf0, 0x1, 0xf0, 0x0, 0xf8,
    0x0, 0x7c, 0x0, 0x7c, 0x0, 0x3e, 0x0, 0x1f,
    0x0, 0x1f, 0x0, 0xf, 0x80, 0x7, 0xc0, 0x7,
    0xc0, 0x3, 0xe0, 0x1, 0xf0, 0x1, 0xf0, 0x0,
    0xf8, 0x0, 0x7c, 0x0, 0x7c, 0x0, 0x3e, 0x0,
    0x1f, 0x0, 0x1f, 0x0, 0xf, 0x80, 0x7, 0xc0,
    0x0,

    /* U+0030 "0" */
    0x0, 0xfe, 0x0, 0xf, 0xff, 0x80, 0x3f, 0xff,
    0x80, 0xff, 0xff, 0x83, 0xff, 0xff, 0x87, 0xf0,
    0xff, 0x1f, 0xc0, 0x7f, 0x3f, 0x80, 0xfe, 0x7f,
    0x1, 0xfd, 0xfc, 0x1, 0xff, 0xf8, 0x3, 0xff,
    0xf0, 0x7, 0xff, 0xe0, 0xf, 0xff, 0xc0, 0x1f,
    0xff, 0x80, 0x3f, 0xff, 0x0, 0x7f, 0xfe, 0x0,
    0xff, 0xfc, 0x1, 0xff, 0xf8, 0x3, 0xff, 0xf0,
    0x7, 0xff, 0xe0, 0xf, 0xff, 0xc0, 0x1f, 0xff,
    0x80, 0x3f, 0xff, 0x0, 0x7f, 0xfe, 0x0, 0xfe,
    0xfe, 0x3, 0xf9, 0xfc, 0x7, 0xf3, 0xf8, 0xf,
    0xe3, 0xfc, 0x3f, 0x87, 0xff, 0xff, 0x7, 0xff,
    0xfc, 0x7, 0xff, 0xf0, 0x7, 0xff, 0xc0, 0x1,
    0xfc, 0x0,

    /* U+0031 "1" */
    0x0, 0x6, 0x0, 0x7c, 0x7, 0xf8, 0x7f, 0xf7,
    0xff, 0xff, 0xff, 0xff, 0xff, 0xff, 0xff, 0xfc,
    0xff, 0xc1, 0xfc, 0x3, 0xf8, 0x7, 0xf0, 0xf,
    0xe0, 0x1f, 0xc0, 0x3f, 0x80, 0x7f, 0x0, 0xfe,
    0x1, 0xfc, 0x3, 0xf8, 0x7, 0xf0, 0xf, 0xe0,
    0x1f, 0xc0, 0x3f, 0x80, 0x7f, 0x0, 0xfe, 0x1,
    0xfc, 0x3, 0xf8, 0x7, 0xf0, 0xf, 0xe0, 0x1f,
    0xc0, 0x3f, 0x80, 0x7f, 0x0, 0xfe, 0x1, 0xfc,

    /* U+0032 "2" */
    0x0, 0xff, 0x0, 0x3, 0xff, 0xe0, 0xf, 0xff,
    0xf0, 0x1f, 0xff, 0xf8, 0x3f, 0xff, 0xfc, 0x7f,
    0xc3, 0xfc, 0x7f, 0x1, 0xfe, 0xff, 0x0, 0xfe,
    0xfe, 0x0, 0xfe, 0xfe, 0x0, 0xfe, 0xfe, 0x0,
    0xfe, 0x0, 0x0, 0xfe, 0x0, 0x1, 0xfe, 0x0,
    0x1, 0xfc, 0x0, 0x3, 0xfc, 0x0, 0x3, 0xf8,
    0x0, 0x7, 0xf8, 0x0, 0xf, 0xf0, 0x0, 0x1f,
    0xe0, 0x0, 0x3f, 0xc0, 0x0, 0x7f, 0x80, 0x0,
    0xff, 0x0, 0x0, 0xfe, 0x0, 0x1, 0xfc, 0x0,
    0x3, 0xfc, 0x0, 0x7, 0xf8, 0x0, 0xf, 0xf0,
    0x0, 0x1f, 0xe0, 0x0, 0x3f, 0xc0, 0x0, 0x7f,
    0xff, 0xff, 0x7f, 0xff, 0xff, 0x7f, 0xff, 0xff,
    0x7f, 0xff, 0xff, 0x7f, 0xff, 0xff,

    /* U+0033 "3" */
    0x1, 0xff, 0x0, 0x7, 0xff, 0xc0, 0x1f, 0xff,
    0xf0, 0x3f, 0xff, 0xf8, 0x7f, 0xff, 0xfc, 0x7f,
    0x83, 0xfc, 0xff, 0x1, 0xfe, 0xfe, 0x0, 0xfe,
    0xfe, 0x0, 0xfe, 0x0, 0x0, 0xfe, 0x0, 0x0,
    0xfe, 0x0, 0x1, 0xfc, 0x0, 0x1, 0xfc, 0x0,
    0xff, 0xf8, 0x0, 0xff, 0xf0, 0x0, 0xff, 0xe0,
    0x0, 0xff, 0xf0, 0x0, 0xff, 0xf8, 0x0, 0xff,
    0xfc, 0x0, 0x1, 0xfe, 0x0, 0x0, 0xfe, 0x0,
    0x0, 0x7f, 0x0, 0x0, 0x7f, 0x0, 0x0, 0x7f,
    0xfe, 0x0, 0x7f, 0xfe, 0x0, 0x7f, 0xfe, 0x0,
    0xff, 0xff, 0x0, 0xfe, 0x7f, 0xc3, 0xfe, 0x3f,
    0xff, 0xfc, 0x3f, 0xff, 0xf8, 0x1f, 0xff, 0xf0,
    0x7, 0xff, 0xe0, 0x0, 0xff, 0x0,

    /* U+0034 "4" */
    0x0, 0x3, 0xf8, 0x0, 0x3, 0xfc, 0x0, 0x3,
    0xfe, 0x0, 0x1, 0xff, 0x0, 0x1, 0xff, 0x80,
    0x1, 0xff, 0xc0, 0x0, 0xff, 0xe0, 0x0, 0xff,
    0xf0, 0x0, 0xff, 0xf8, 0x0, 0x7f, 0xfc, 0x0,
    0x7e, 0xfe, 0x0, 0x7e, 0x7f, 0x0, 0x3f, 0x3f,
    0x80, 0x3f, 0x1f, 0xc0, 0x1f, 0x8f, 0xe0, 0x1f,
    0x87, 0xf0, 0x1f, 0x83, 0xf8, 0xf, 0xc1, 0xfc,
    0xf, 0xc0, 0xfe, 0xf, 0xc0, 0x7f, 0x7, 0xe0,
    0x3f, 0x87, 0xff, 0xff, 0xff, 0xff, 0xff, 0xff,
    0xff, 0xff, 0xff, 0xff, 0xff, 0xff, 0xff, 0xff,
    0xff, 0xc0, 0x0, 0xfe, 0x0, 0x0, 0x7f, 0x0,
    0x0, 0x3f, 0x80, 0x0, 0x1f, 0xc0, 0x0, 0xf,
    0xe0, 0x0, 0x7, 0xf0, 0x0, 0x3, 0xf8, 0x0,
    0x1, 0xfc, 0x0,

    /* U+0035 "5" */
    0x1f, 0xff, 0xfe, 0x1f, 0xff, 0xfe, 0x1f, 0xff,
    0xfe, 0x1f, 0xff, 0xfe, 0x1f, 0xff, 0xfe, 0x1f,
    0x80, 0x0, 0x1f, 0x80, 0x0, 0x3f, 0x80, 0x0,
    0x3f, 0x80, 0x0, 0x3f, 0x0, 0x0, 0x3f, 0x0,
    0x0, 0x3f, 0x3f, 0x80, 0x3f, 0xff, 0xe0, 0x3f,
    0xff, 0xf8, 0x3f, 0xff, 0xfc, 0x7f, 0xff, 0xfc,
    0x7f, 0x83, 0xfe, 0x6, 0x1, 0xfe, 0x0, 0x0,
    0xff, 0x0, 0x0, 0x7f, 0x0, 0x0, 0x7f, 0x0,
    0x0, 0x7f, 0x0, 0x0, 0x7f, 0x0, 0x0, 0x7f,
    0xfe, 0x0, 0x7f, 0x7e, 0x0, 0x7f, 0x7f, 0x0,
    0xfe, 0x7f, 0x80, 0xfe, 0x3f, 0xc3, 0xfe, 0x3f,
    0xff, 0xfc, 0x1f, 0xff, 0xf8, 0xf, 0xff, 0xf0,
    0x3, 0xff, 0xe0, 0x0, 0x7f, 0x0,

    /* U+0036 "6" */
    0x0, 0x7, 0xe0, 0x0, 0x3f, 0xe0, 0x0, 0xff,
    0xe0, 0x1, 0xff, 0xe0, 0x7, 0xff, 0xe0, 0xf,
    0xfc, 0x0, 0xf, 0xf0, 0x0, 0x1f, 0xe0, 0x0,
    0x3f, 0xc0, 0x0, 0x3f, 0x80, 0x0, 0x7f, 0x0,
    0x0, 0x7f, 0x1f, 0x80, 0x7e, 0x7f, 0xe0, 0xff,
    0xff, 0xf8, 0xff, 0xff, 0xfc, 0xff, 0xff, 0xfc,
    0xff, 0xc3, 0xfe, 0xff, 0x1, 0xfe, 0xfe, 0x0,
    0xff, 0xfe, 0x0, 0xff, 0xfe, 0x0, 0x7f, 0xfe,
    0x0, 0x7f, 0xfe, 0x0, 0x7f, 0xfe, 0x0, 0x7f,
    0xfe, 0x0, 0x7f, 0x7f, 0x0, 0x7f, 0x7f, 0x0,
    0xfe, 0x7f, 0x81, 0xfe, 0x3f, 0xc3, 0xfc, 0x1f,
    0xff, 0xfc, 0xf, 0xff, 0xf8, 0x7, 0xff, 0xf0,
    0x3, 0xff, 0xc0, 0x0, 0xff, 0x0,

    /* U+0037 "7" */
    0xff, 0xff, 0xff, 0xff, 0xff, 0xff, 0xff, 0xff,
    0xff, 0xff, 0xff, 0xff, 0xff, 0xff, 0xff, 0x0,
    0x0, 0x7e, 0x0, 0x0, 0xfe, 0x0, 0x0, 0xfc,
    0x0, 0x1, 0xfc, 0x0, 0x1, 0xf8, 0x0, 0x3,
    0xf8, 0x0, 0x3, 0xf8, 0x0, 0x7, 0xf0, 0x0,
    0x7, 0xf0, 0x0, 0x7, 0xe0, 0x0, 0xf, 0xe0,
    0x0, 0xf, 0xc0, 0x0, 0x1f, 0xc0, 0x0, 0x1f,
    0xc0, 0x0, 0x3f, 0x80, 0x0, 0x3f, 0x80, 0x0,
    0x7f, 0x0, 0x0, 0x7f, 0x0, 0x0, 0x7e, 0x0,
    0x0, 0xfe, 0x0, 0x0, 0xfe, 0x0, 0x1, 0xfc,
    0x0, 0x1, 0xfc, 0x0, 0x3, 0xf8, 0x0, 0x3,
    0xf8, 0x0, 0x7, 0xf0, 0x0, 0x7, 0xf0, 0x0,
    0xf, 0xf0, 0x0, 0xf, 0xe0, 0x0,

    /* U+0038 "8" */
    0x0, 0xff, 0x0, 0xf, 0xff, 0xc0, 0x3f, 0xff,
    0xc0, 0xff, 0xff, 0xc3, 0xff, 0xff, 0xc7, 0xf8,
    0x7f, 0x9f, 0xe0, 0x7f, 0xbf, 0x80, 0x7f, 0x7f,
    0x0, 0xfe, 0xfe, 0x1, 0xfd, 0xfc, 0x3, 0xfb,
    0xf8, 0x7, 0xe3, 0xf8, 0x1f, 0xc3, 0xfc, 0xff,
    0x3, 0xff, 0xfc, 0x3, 0xff, 0xf0, 0x7, 0xff,
    0xc0, 0x3f, 0xff, 0xe0, 0xff, 0xbf, 0xe3, 0xfc,
    0x1f, 0xe7, 0xf0, 0x1f, 0xdf, 0xc0, 0x1f, 0xff,
    0x80, 0x3f, 0xff, 0x0, 0x7f, 0xfe, 0x0, 0xff,
    0xfc, 0x1, 0xff, 0xfc, 0x7, 0xff, 0xf8, 0xf,
    0xf7, 0xf8, 0x3f, 0xcf, 0xff, 0xff, 0x8f, 0xff,
    0xfe, 0xf, 0xff, 0xf8, 0x7, 0xff, 0xc0, 0x3,
    0xfe, 0x0,

    /* U+0039 "9" */
    0x0, 0xfe, 0x0, 0x7, 0xff, 0x0, 0x3f, 0xff,
    0x80, 0xff, 0xff, 0x83, 0xff, 0xff, 0x7, 0xf8,
    0xff, 0x1f, 0xe0, 0xff, 0x3f, 0x80, 0xfe, 0xff,
    0x1, 0xfd, 0xfc, 0x1, 0xff, 0xf8, 0x3, 0xff,
    0xf0, 0x7, 0xff, 0xe0, 0xf, 0xff, 0xc0, 0x1f,
    0xff, 0x80, 0x3f, 0xff, 0x80, 0x7f, 0x7f, 0x1,
    0xfe, 0xff, 0x87, 0xfc, 0xff, 0xff, 0xf9, 0xff,
    0xff, 0xf1, 0xff, 0xff, 0xe1, 0xff, 0xdf, 0x80,
    0xfe, 0x3f, 0x0, 0x0, 0xfe, 0x0, 0x1, 0xf8,
    0x0, 0x7, 0xf0, 0x0, 0x1f, 0xc0, 0x0, 0x7f,
    0x80, 0x3, 0xfe, 0x0, 0xff, 0xf8, 0x1, 0xff,
    0xe0, 0x3, 0xff, 0x80, 0x7, 0xfc, 0x0, 0xf,
    0xc0, 0x0,

    /* U+003A ":" */
    0x38, 0xfb, 0xff, 0xff, 0xef, 0x8e, 0x0, 0x0,
    0x0, 0x0, 0x0, 0x0, 0x0, 0x0, 0x0, 0x0,
    0x1, 0xc7, 0xdf, 0xff, 0xff, 0x7c, 0x70,

    /* U+003B ";" */
    0x1c, 0x3e, 0x7f, 0x7f, 0x7f, 0x3e, 0x1c, 0x0,
    0x0, 0x0, 0x0, 0x0, 0x0, 0x0, 0x0, 0x0,
    0x0, 0x0, 0x0, 0x0, 0x3f, 0x3f, 0x3f, 0x3f,
    0x3f, 0x3f, 0x3f, 0x3f, 0x3e, 0x7e, 0x7e, 0xfc,
    0xf8, 0x70, 0x0,

    /* U+003C "<" */
    0x0, 0x0, 0x18, 0x0, 0x3, 0xc0, 0x0, 0x7e,
    0x0, 0x1f, 0xf0, 0x3, 0xff, 0x80, 0xff, 0xfc,
    0x1f, 0xff, 0xc3, 0xff, 0xf0, 0xff, 0xfe, 0x7,
    0xff, 0x80, 0x3f, 0xe0, 0x1, 0xfc, 0x0, 0xf,
    0xfc, 0x0, 0x7f, 0xfc, 0x1, 0xff, 0xfc, 0x1,
    0xff, 0xfc, 0x3, 0xff, 0xf8, 0x7, 0xff, 0xc0,
    0x7, 0xfe, 0x0, 0xf, 0xf0, 0x0, 0x1f, 0x80,
    0x0, 0x1c, 0x0, 0x0, 0x20,

    /* U+003D "=" */
    0xff, 0xff, 0xff, 0xff, 0xff, 0xff, 0xff, 0xff,
    0xff, 0xff, 0xff, 0xff, 0xff, 0x80, 0x0, 0x0,
    0x0, 0x0, 0x0, 0x0, 0x0, 0x0, 0x0, 0x0,
    0x0, 0x0, 0x3f, 0xff, 0xff, 0xff, 0xff, 0xff,
    0xff, 0xff, 0xff, 0xff, 0xff, 0xff, 0xff, 0xe0,

    /* U+003E ">" */
    0x80, 0x0, 0x7, 0x80, 0x0, 0x3f, 0x0, 0x1,
    0xfe, 0x0, 0xf, 0xfe, 0x0, 0x7f, 0xfc, 0x3,
    0xff, 0xf8, 0x3, 0xff, 0xf8, 0x3, 0xff, 0xf0,
    0x3, 0xff, 0xc0, 0x3, 0xfe, 0x0, 0xf, 0xf0,
    0x3, 0xff, 0x80, 0x7f, 0xfc, 0x1f, 0xff, 0x87,
    0xff, 0xf0, 0xff, 0xfe, 0x7, 0xff, 0x80, 0x3f,
    0xf0, 0x1, 0xfc, 0x0, 0xf, 0x80, 0x0, 0x70,
    0x0, 0x0, 0x0, 0x0, 0x0,

    /* U+003F "?" */
    0x1, 0xfe, 0x0, 0x7f, 0xfc, 0x7, 0xff, 0xf0,
    0x7f, 0xff, 0xc7, 0xff, 0xff, 0x3f, 0xc3, 0xfb,
    0xfc, 0x1f, 0xff, 0xc0, 0x7f, 0xfe, 0x3, 0xf8,
    0x0, 0x1f, 0xc0, 0x0, 0xfe, 0x0, 0xf, 0xf0,
    0x0, 0x7f, 0x0, 0x7, 0xf8, 0x0, 0x7f, 0x80,
    0x7, 0xf8, 0x0, 0x7f, 0x80, 0x7, 0xf8, 0x0,
    0x3f, 0x80, 0x3, 0xf8, 0x0, 0x1f, 0x80, 0x0,
    0xfc, 0x0, 0x7, 0xe0, 0x0, 0x0, 0x0, 0x0,
    0x0, 0x0, 0x0, 0x0, 0x0, 0x0, 0x0, 0x0,
    0xe0, 0x0, 0xf, 0x80, 0x0, 0xfe, 0x0, 0x7,
    0xf0, 0x0, 0x3f, 0x80, 0x0, 0xf8, 0x0, 0x3,
    0x80, 0x0,

    /* U+0040 "@" */
    0x0, 0x0, 0xff, 0x80, 0x0, 0x0, 0xf, 0xff,
    0xf0, 0x0, 0x0, 0x7f, 0xff, 0xf8, 0x0, 0x3,
    0xff, 0xff, 0xf8, 0x0, 0xf, 0xf8, 0x7, 0xf8,
    0x0, 0x3f, 0x80, 0x1, 0xf8, 0x0, 0xfc, 0x0,
    0x1, 0xf8, 0x3, 0xf0, 0x0, 0x0, 0xf8, 0xf,
    0xc0, 0x0, 0x0, 0xf0, 0x1f, 0x0, 0x0, 0x1,
    0xf0, 0x7e, 0x0, 0x7e, 0x1, 0xe1, 0xf8, 0x7,
    0xff, 0x3, 0xe3, 0xe0, 0x1f, 0xff, 0x3, 0xc7,
    0xc0, 0x7f, 0xfe, 0x7, 0x9f, 0x81, 0xfc, 0x3c,
    0xf, 0x3e, 0x3, 0xe0, 0x78, 0xf, 0x7c, 0xf,
    0xc1, 0xf0, 0x1f, 0xf8, 0x1f, 0x3, 0xe0, 0x3f,
    0xe0, 0x7e, 0x7, 0xc0, 0x7f, 0xc0, 0xf8, 0xf,
    0x80, 0xff, 0x81, 0xf0, 0x1f, 0x1, 0xff, 0x3,
    0xe0, 0x3e, 0x3, 0xfe, 0x7, 0xc0, 0x7c, 0x7,
    0xfc, 0x1f, 0x80, 0xf8, 0xf, 0xf8, 0x3f, 0x1,
    0xf0, 0x1f, 0xf0, 0x7e, 0x3, 0xc0, 0x3b, 0xe0,
    0xfc, 0xf, 0x80, 0xf7, 0xc0, 0xf8, 0x1f, 0x1,
    0xef, 0x81, 0xf0, 0x7e, 0x7, 0x8f, 0x83, 0xf1,
    0xfe, 0xf, 0x1f, 0x3, 0xff, 0xfc, 0x3c, 0x3e,
    0x7, 0xff, 0x7f, 0xf0, 0x7c, 0x7, 0xfc, 0x7f,
    0xc0, 0x7c, 0x3, 0xe0, 0x7e, 0x0, 0xf8, 0x0,
    0x0, 0x0, 0x1, 0xf8, 0x0, 0x0, 0x0, 0x1,
    0xf8, 0x0, 0x0, 0x0, 0x1, 0xf8, 0x0, 0x0,
    0x0, 0x3, 0xf8, 0x0, 0x0, 0x0, 0x3, 0xfc,
    0x0, 0x30, 0x0, 0x3, 0xff, 0xff, 0xe0, 0x0,
    0x1, 0xff, 0xff, 0xe0, 0x0, 0x0, 0xff, 0xff,
    0xc0, 0x0, 0x0, 0x7f, 0xfe, 0x0, 0x0, 0x0,
    0x3, 0x0, 0x0, 0x0,

    /* U+0041 "A" */
    0x0, 0xf, 0xe0, 0x0, 0x0, 0xf, 0xf0, 0x0,
    0x0, 0xf, 0xf0, 0x0, 0x0, 0x1f, 0xf0, 0x0,
    0x0, 0x1f, 0xf8, 0x0, 0x0, 0x1f, 0xf8, 0x0,
    0x0, 0x3f, 0xfc, 0x0, 0x0, 0x3f, 0xfc, 0x0,
    0x0, 0x7f, 0xfc, 0x0, 0x0, 0x7f, 0xfe, 0x0,
    0x0, 0x7e, 0x7e, 0x0, 0x0, 0xfe, 0x7e, 0x0,
    0x0, 0xfe, 0x7f, 0x0, 0x0, 0xfc, 0x3f, 0x0,
    0x1, 0xfc, 0x3f, 0x80, 0x1, 0xfc, 0x3f, 0x80,
    0x3, 0xf8, 0x1f, 0x80, 0x3, 0xf8, 0x1f, 0xc0,
    0x3, 0xf8, 0x1f, 0xc0, 0x7, 0xf0, 0xf, 0xc0,
    0x7, 0xf0, 0xf, 0xe0, 0x7, 0xff, 0xff, 0xe0,
    0xf, 0xff, 0xff, 0xf0, 0xf, 0xff, 0xff, 0xf0,
    0xf, 0xff, 0xff, 0xf0, 0x1f, 0xff, 0xff, 0xf8,
    0x1f, 0xc0, 0x3, 0xf8, 0x3f, 0xc0, 0x3, 0xf8,
    0x3f, 0x80, 0x1, 0xfc, 0x3f, 0x80, 0x1, 0xfc,
    0x7f, 0x80, 0x1, 0xfe, 0x7f, 0x0, 0x0, 0xfe,
    0x7f, 0x0, 0x0, 0xfe, 0xff, 0x0, 0x0, 0xff,

    /* U+0042 "B" */
    0xff, 0xff, 0x80, 0x7f, 0xff, 0xf8, 0x3f, 0xff,
    0xff, 0x1f, 0xff, 0xff, 0xcf, 0xff, 0xff, 0xf7,
    0xf0, 0xf, 0xfb, 0xf8, 0x1, 0xff, 0xfc, 0x0,
    0x7f, 0xfe, 0x0, 0x3f, 0xff, 0x0, 0x1f, 0xff,
    0x80, 0xf, 0xff, 0xc0, 0x7, 0xff, 0xe0, 0x7,
    0xf7, 0xf0, 0xf, 0xfb, 0xff, 0xff, 0xf9, 0xff,
    0xff, 0xf8, 0xff, 0xff, 0xf0, 0x7f, 0xff, 0xfe,
    0x3f, 0xff, 0xff, 0x9f, 0xc0, 0x1f, 0xef, 0xe0,
    0x7, 0xf7, 0xf0, 0x1, 0xff, 0xf8, 0x0, 0xff,
    0xfc, 0x0, 0x7f, 0xfe, 0x0, 0x3f, 0xff, 0x0,
    0x1f, 0xff, 0x80, 0xf, 0xff, 0xc0, 0xf, 0xef,
    0xe0, 0x1f, 0xf7, 0xff, 0xff, 0xfb, 0xff, 0xff,
    0xf9, 0xff, 0xff, 0xf8, 0xff, 0xff, 0xf0, 0x7f,
    0xff, 0xc0, 0x0,

    /* U+0043 "C" */
    0x0, 0x3f, 0xe0, 0x0, 0xf, 0xff, 0xc0, 0x3,
    0xff, 0xfe, 0x0, 0x7f, 0xff, 0xf8, 0xf, 0xff,
    0xff, 0x81, 0xff, 0x7, 0xfc, 0x3f, 0xc0, 0x1f,
    0xe3, 0xf8, 0x0, 0xfe, 0x7f, 0x0, 0xf, 0xf7,
    0xf0, 0x0, 0x7f, 0x7f, 0x0, 0x7, 0xff, 0xe0,
    0x0, 0x0, 0xfe, 0x0, 0x0, 0xf, 0xe0, 0x0,
    0x0, 0xfe, 0x0, 0x0, 0xf, 0xe0, 0x0, 0x0,
    0xfe, 0x0, 0x0, 0xf, 0xe0, 0x0, 0x0, 0xfe,
    0x0, 0x0, 0xf, 0xe0, 0x0, 0x0, 0xfe, 0x0,
    0x0, 0xf, 0xe0, 0x0, 0x0, 0xfe, 0x0, 0x0,
    0x7, 0xf0, 0x0, 0x7f, 0x7f, 0x0, 0x7, 0xf7,
    0xf0, 0x0, 0x7f, 0x3f, 0x80, 0xf, 0xe3, 0xfc,
    0x1, 0xfe, 0x1f, 0xe0, 0x7f, 0xc0, 0xff, 0xff,
    0xfc, 0x7, 0xff, 0xff, 0x80, 0x3f, 0xff, 0xe0,
    0x1, 0xff, 0xfc, 0x0, 0x3, 0xfe, 0x0,

    /* U+0044 "D" */
    0xff, 0xfe, 0x0, 0x3f, 0xff, 0xf0, 0xf, 0xff,
    0xfe, 0x3, 0xff, 0xff, 0xe0, 0xff, 0xff, 0xfc,
    0x3f, 0x80, 0xff, 0x8f, 0xe0, 0x1f, 0xe3, 0xf8,
    0x1, 0xfc, 0xfe, 0x0, 0x7f, 0x3f, 0x80, 0xf,
    0xef, 0xe0, 0x3, 0xfb, 0xf8, 0x0, 0xfe, 0xfe,
    0x0, 0x1f, 0xff, 0x80, 0x7, 0xff, 0xe0, 0x1,
    0xff, 0xf8, 0x0, 0x7f, 0xfe, 0x0, 0x1f, 0xff,
    0x80, 0x7, 0xff, 0xe0, 0x1, 0xff, 0xf8, 0x0,
    0x7f, 0xfe, 0x0, 0x1f, 0xff, 0x80, 0x7, 0xff,
    0xe0, 0x3, 0xfb, 0xf8, 0x0, 0xfe, 0xfe, 0x0,
    0x3f, 0xbf, 0x80, 0x1f, 0xcf, 0xe0, 0xf, 0xf3,
    0xf8, 0x7, 0xf8, 0xfe, 0x3, 0xfe, 0x3f, 0xff,
    0xff, 0xf, 0xff, 0xff, 0x83, 0xff, 0xff, 0x80,
    0xff, 0xff, 0xc0, 0x3f, 0xff, 0x80, 0x0,

    /* U+0045 "E" */
    0xff, 0xff, 0xff, 0xff, 0xff, 0xff, 0xff, 0xff,
    0xff, 0xff, 0xff, 0xff, 0xff, 0xff, 0xff, 0xc0,
    0x0, 0x3f, 0x80, 0x0, 0x7f, 0x0, 0x0, 0xfe,
    0x0, 0x1, 0xfc, 0x0, 0x3, 0xf8, 0x0, 0x7,
    0xf0, 0x0, 0xf, 0xe0, 0x0, 0x1f, 0xc0, 0x0,
    0x3f, 0xff, 0xfe, 0x7f, 0xff, 0xfc, 0xff, 0xff,
    0xf9, 0xff, 0xff, 0xf3, 0xff, 0xff, 0xe7, 0xf0,
    0x0, 0xf, 0xe0, 0x0, 0x1f, 0xc0, 0x0, 0x3f,
    0x80, 0x0, 0x7f, 0x0, 0x0, 0xfe, 0x0, 0x1,
    0xfc, 0x0, 0x3, 0xf8, 0x0, 0x7, 0xf0, 0x0,
    0xf, 0xe0, 0x0, 0x1f, 0xff, 0xff, 0xff, 0xff,
    0xff, 0xff, 0xff, 0xff, 0xff, 0xff, 0xff, 0xff,
    0xff, 0xfc,

    /* U+0046 "F" */
    0xff, 0xff, 0xff, 0xff, 0xff, 0xff, 0xff, 0xff,
    0xff, 0xff, 0xff, 0xff, 0xff, 0xff, 0xff, 0xc0,
    0x0, 0x3f, 0x80, 0x0, 0x7f, 0x0, 0x0, 0xfe,
    0x0, 0x1, 0xfc, 0x0, 0x3, 0xf8, 0x0, 0x7,
    0xf0, 0x0, 0xf, 0xe0, 0x0, 0x1f, 0xc0, 0x0,
    0x3f, 0x80, 0x0, 0x7f, 0xff, 0xfc, 0xff, 0xff,
    0xf9, 0xff, 0xff, 0xf3, 0xff, 0xff, 0xe7, 0xff,
    0xff, 0xcf, 0xe0, 0x0, 0x1f, 0xc0, 0x0, 0x3f,
    0x80, 0x0, 0x7f, 0x0, 0x0, 0xfe, 0x0, 0x1,
    0xfc, 0x0, 0x3, 0xf8, 0x0, 0x7, 0xf0, 0x0,
    0xf, 0xe0, 0x0, 0x1f, 0xc0, 0x0, 0x3f, 0x80,
    0x0, 0x7f, 0x0, 0x0, 0xfe, 0x0, 0x1, 0xfc,
    0x0, 0x0,

    /* U+0047 "G" */
    0x0, 0x3f, 0xe0, 0x0, 0xf, 0xff, 0xc0, 0x3,
    0xff, 0xff, 0x0, 0x7f, 0xff, 0xf8, 0xf, 0xff,
    0xff, 0xc1, 0xff, 0x3, 0xfc, 0x3f, 0xc0, 0x1f,
    0xe3, 0xf8, 0x0, 0xfe, 0x7f, 0x80, 0x7, 0xf7,
    0xf0, 0x0, 0x7f, 0x7f, 0x0, 0x7, 0xff, 0xe0,
    0x0, 0x0, 0xfe, 0x0, 0x0, 0xf, 0xe0, 0x0,
    0x0, 0xfe, 0x0, 0x0, 0xf, 0xe0, 0x0, 0x0,
    0xfe, 0x3, 0xff, 0xff, 0xe0, 0x3f, 0xff, 0xfe,
    0x3, 0xff, 0xff, 0xe0, 0x3f, 0xff, 0xfe, 0x3,
    0xff, 0xff, 0xe0, 0x0, 0x7f, 0xfe, 0x0, 0x7,
    0xf7, 0xf0, 0x0, 0x7f, 0x7f, 0x0, 0x7, 0xf7,
    0xf8, 0x0, 0x7f, 0x3f, 0x80, 0x7, 0xf3, 0xfc,
    0x0, 0x7f, 0x1f, 0xf0, 0x1f, 0xf0, 0xff, 0xff,
    0xff, 0x7, 0xff, 0xff, 0xe0, 0x3f, 0xff, 0xfc,
    0x0, 0xff, 0xff, 0x0, 0x1, 0xff, 0x0,

    /* U+0048 "H" */
    0xfe, 0x0, 0x7, 0xff, 0xe0, 0x0, 0x7f, 0xfe,
    0x0, 0x7, 0xff, 0xe0, 0x0, 0x7f, 0xfe, 0x0,
    0x7, 0xff, 0xe0, 0x0, 0x7f, 0xfe, 0x0, 0x7,
    0xff, 0xe0, 0x0, 0x7f, 0xfe, 0x0, 0x7, 0xff,
    0xe0, 0x0, 0x7f, 0xfe, 0x0, 0x7, 0xff, 0xe0,
    0x0, 0x7f, 0xfe, 0x0, 0x7, 0xff, 0xe0, 0x0,
    0x7f, 0xff, 0xff, 0xff, 0xff, 0xff, 0xff, 0xff,
    0xff, 0xff, 0xff, 0xff, 0xff, 0xff, 0xff, 0xff,
    0xff, 0xff, 0xff, 0xe0, 0x0, 0x7f, 0xfe, 0x0,
    0x7, 0xff, 0xe0, 0x0, 0x7f, 0xfe, 0x0, 0x7,
    0xff, 0xe0, 0x0, 0x7f, 0xfe, 0x0, 0x7, 0xff,
    0xe0, 0x0, 0x7f, 0xfe, 0x0, 0x7, 0xff, 0xe0,
    0x0, 0x7f, 0xfe, 0x0, 0x7, 0xff, 0xe0, 0x0,
    0x7f, 0xfe, 0x0, 0x7, 0xff, 0xe0, 0x0, 0x7f,
    0xfe, 0x0, 0x7, 0xff, 0xe0, 0x0, 0x7f,

    /* U+0049 "I" */
    0xff, 0xff, 0xff, 0xff, 0xff, 0xff, 0xff, 0xff,
    0xff, 0xff, 0xff, 0xff, 0xff, 0xff, 0xff, 0xff,
    0xff, 0xff, 0xff, 0xff, 0xff, 0xff, 0xff, 0xff,
    0xff, 0xff, 0xff, 0xff, 0xff, 0xfc,

    /* U+004A "J" */
    0x0, 0x0, 0xfe, 0x0, 0x1, 0xfc, 0x0, 0x3,
    0xf8, 0x0, 0x7, 0xf0, 0x0, 0xf, 0xe0, 0x0,
    0x1f, 0xc0, 0x0, 0x3f, 0x80, 0x0, 0x7f, 0x0,
    0x0, 0xfe, 0x0, 0x1, 0xfc, 0x0, 0x3, 0xf8,
    0x0, 0x7, 0xf0, 0x0, 0xf, 0xe0, 0x0, 0x1f,
    0xc0, 0x0, 0x3f, 0x80, 0x0, 0x7f, 0x0, 0x0,
    0xfe, 0x0, 0x1, 0xfc, 0x0, 0x3, 0xf8, 0x0,
    0x7, 0xf0, 0x0, 0xf, 0xe0, 0x0, 0x1f, 0xc0,
    0x0, 0x3f, 0x80, 0x0, 0x7f, 0xfe, 0x0, 0xff,
    0xfc, 0x1, 0xff, 0xf8, 0x7, 0xff, 0xf8, 0xf,
    0xe7, 0xf8, 0x3f, 0xcf, 0xff, 0xff, 0xf, 0xff,
    0xfc, 0xf, 0xff, 0xf0, 0x7, 0xff, 0xc0, 0x3,
    0xfc, 0x0,

    /* U+004B "K" */
    0xfe, 0x0, 0x3f, 0xef, 0xe0, 0x3, 0xfc, 0xfe,
    0x0, 0x7f, 0x8f, 0xe0, 0xf, 0xf8, 0xfe, 0x1,
    0xff, 0xf, 0xe0, 0x1f, 0xe0, 0xfe, 0x3, 0xfc,
    0xf, 0xe0, 0x7f, 0x80, 0xfe, 0xf, 0xf8, 0xf,
    0xe0, 0xff, 0x0, 0xfe, 0x1f, 0xe0, 0xf, 0xe3,
    0xfc, 0x0, 0xfe, 0x7f, 0x80, 0xf, 0xe7, 0xf8,
    0x0, 0xfe, 0xff, 0x0, 0xf, 0xff, 0xf0, 0x0,
    0xff, 0xff, 0x0, 0xf, 0xff, 0xf8, 0x0, 0xff,
    0xff, 0xc0, 0xf, 0xff, 0xfc, 0x0, 0xff, 0xdf,
    0xe0, 0xf, 0xfd, 0xff, 0x0, 0xff, 0x8f, 0xf0,
    0xf, 0xf0, 0x7f, 0x80, 0xfe, 0x7, 0xfc, 0xf,
    0xe0, 0x3f, 0xc0, 0xfe, 0x1, 0xfe, 0xf, 0xe0,
    0x1f, 0xf0, 0xfe, 0x0, 0xff, 0xf, 0xe0, 0x7,
    0xf8, 0xfe, 0x0, 0x7f, 0x8f, 0xe0, 0x3, 0xfc,
    0xfe, 0x0, 0x1f, 0xef, 0xe0, 0x1, 0xfe,

    /* U+004C "L" */
    0xfe, 0x0, 0x3, 0xf8, 0x0, 0xf, 0xe0, 0x0,
    0x3f, 0x80, 0x0, 0xfe, 0x0, 0x3, 0xf8, 0x0,
    0xf, 0xe0, 0x0, 0x3f, 0x80, 0x0, 0xfe, 0x0,
    0x3, 0xf8, 0x0, 0xf, 0xe0, 0x0, 0x3f, 0x80,
    0x0, 0xfe, 0x0, 0x3, 0xf8, 0x0, 0xf, 0xe0,
    0x0, 0x3f, 0x80, 0x0, 0xfe, 0x0, 0x3, 0xf8,
    0x0, 0xf, 0xe0, 0x0, 0x3f, 0x80, 0x0, 0xfe,
    0x0, 0x3, 0xf8, 0x0, 0xf, 0xe0, 0x0, 0x3f,
    0x80, 0x0, 0xfe, 0x0, 0x3, 0xf8, 0x0, 0xf,
    0xe0, 0x0, 0x3f, 0x80, 0x0, 0xfe, 0x0, 0x3,
    0xff, 0xff, 0xff, 0xff, 0xff, 0xff, 0xff, 0xff,
    0xff, 0xff, 0xff, 0xff, 0xff, 0xf0,

    /* U+004D "M" */
    0xff, 0x80, 0x0, 0x1f, 0xff, 0xfc, 0x0, 0x3,
    0xff, 0xff, 0xc0, 0x0, 0x3f, 0xff, 0xfc, 0x0,
    0x3, 0xff, 0xff, 0xe0, 0x0, 0x7f, 0xff, 0xfe,
    0x0, 0x7, 0xff, 0xff, 0xe0, 0x0, 0xff, 0xff,
    0xff, 0x0, 0xf, 0xff, 0xff, 0xf0, 0x0, 0xff,
    0xff, 0xdf, 0x80, 0x1f, 0xbf, 0xfd, 0xf8, 0x1,
    0xfb, 0xff, 0xdf, 0x80, 0x1f, 0xbf, 0xfe, 0xfc,
    0x3, 0xf7, 0xff, 0xef, 0xc0, 0x3f, 0x7f, 0xfe,
    0xfc, 0x3, 0xe7, 0xff, 0xe7, 0xe0, 0x7e, 0x7f,
    0xfe, 0x7e, 0x7, 0xe7, 0xff, 0xe3, 0xe0, 0x7c,
    0x7f, 0xfe, 0x3f, 0xf, 0xc7, 0xff, 0xe3, 0xf0,
    0xfc, 0x7f, 0xfe, 0x1f, 0xf, 0x87, 0xff, 0xe1,
    0xf9, 0xf8, 0x7f, 0xfe, 0x1f, 0x9f, 0x87, 0xff,
    0xe0, 0xfb, 0xf0, 0x7f, 0xfe, 0xf, 0xff, 0x7,
    0xff, 0xe0, 0xff, 0xe0, 0x7f, 0xfe, 0x7, 0xfe,
    0x7, 0xff, 0xe0, 0x7f, 0xe0, 0x7f, 0xfe, 0x3,
    0xfc, 0x7, 0xff, 0xe0, 0x3f, 0xc0, 0x7f, 0xfe,
    0x3, 0xfc, 0x7, 0xff, 0xe0, 0x1f, 0x80, 0x7f,
    0xfe, 0x1, 0xf8, 0x7, 0xff, 0xe0, 0x1f, 0x80,
    0x7f,

    /* U+004E "N" */
    0xfe, 0x0, 0x7, 0xff, 0xf0, 0x0, 0x7f, 0xff,
    0x80, 0x7, 0xff, 0xf8, 0x0, 0x7f, 0xff, 0xc0,
    0x7, 0xff, 0xfc, 0x0, 0x7f, 0xff, 0xe0, 0x7,
    0xff, 0xff, 0x0, 0x7f, 0xff, 0xf0, 0x7, 0xff,
    0xff, 0x80, 0x7f, 0xff, 0xf8, 0x7, 0xff, 0xff,
    0xc0, 0x7f, 0xfe, 0xfe, 0x7, 0xff, 0xef, 0xe0,
    0x7f, 0xfe, 0x7f, 0x7, 0xff, 0xe3, 0xf8, 0x7f,
    0xfe, 0x3f, 0x87, 0xff, 0xe1, 0xfc, 0x7f, 0xfe,
    0x1f, 0xc7, 0xff, 0xe0, 0xfe, 0x7f, 0xfe, 0x7,
    0xf7, 0xff, 0xe0, 0x7f, 0x7f, 0xfe, 0x3, 0xff,
    0xff, 0xe0, 0x1f, 0xff, 0xfe, 0x1, 0xff, 0xff,
    0xe0, 0xf, 0xff, 0xfe, 0x0, 0xff, 0xff, 0xe0,
    0x7, 0xff, 0xfe, 0x0, 0x3f, 0xff, 0xe0, 0x3,
    0xff, 0xfe, 0x0, 0x1f, 0xff, 0xe0, 0x1, 0xff,
    0xfe, 0x0, 0xf, 0xff, 0xe0, 0x0, 0x7f,

    /* U+004F "O" */
    0x0, 0x3f, 0xe0, 0x0, 0x7, 0xff, 0xc0, 0x0,
    0xff, 0xff, 0x80, 0xf, 0xff, 0xfe, 0x0, 0xff,
    0xff, 0xf8, 0xf, 0xf8, 0x3f, 0xe0, 0xff, 0x0,
    0x7f, 0x87, 0xf0, 0x1, 0xfc, 0x7f, 0x80, 0xf,
    0xf3, 0xf8, 0x0, 0x3f, 0x9f, 0xc0, 0x1, 0xfd,
    0xfc, 0x0, 0x7, 0xff, 0xe0, 0x0, 0x3f, 0xff,
    0x0, 0x1, 0xff, 0xf8, 0x0, 0xf, 0xff, 0xc0,
    0x0, 0x7f, 0xfe, 0x0, 0x3, 0xff, 0xf0, 0x0,
    0x1f, 0xff, 0x80, 0x0, 0xff, 0xfc, 0x0, 0x7,
    0xff, 0xe0, 0x0, 0x3f, 0xff, 0x0, 0x1, 0xff,
    0xf8, 0x0, 0xf, 0xef, 0xe0, 0x0, 0xfe, 0x7f,
    0x0, 0x7, 0xf3, 0xfc, 0x0, 0x7f, 0x8f, 0xe0,
    0x3, 0xf8, 0x7f, 0x80, 0x3f, 0xc1, 0xff, 0x7,
    0xfc, 0x7, 0xff, 0xff, 0xc0, 0x1f, 0xff, 0xfc,
    0x0, 0x7f, 0xff, 0xc0, 0x0, 0xff, 0xf8, 0x0,
    0x1, 0xfe, 0x0, 0x0,

    /* U+0050 "P" */
    0xff, 0xff, 0xc0, 0x3f, 0xff, 0xfc, 0xf, 0xff,
    0xff, 0xc3, 0xff, 0xff, 0xf8, 0xff, 0xff, 0xff,
    0x3f, 0x80, 0x3f, 0xef, 0xe0, 0x7, 0xfb, 0xf8,
    0x0, 0xff, 0xfe, 0x0, 0x1f, 0xff, 0x80, 0x7,
    0xff, 0xe0, 0x1, 0xff, 0xf8, 0x0, 0x7f, 0xfe,
    0x0, 0x1f, 0xff, 0x80, 0xf, 0xff, 0xe0, 0x3,
    0xfb, 0xf8, 0x3, 0xfe, 0xff, 0xff, 0xff, 0x3f,
    0xff, 0xff, 0x8f, 0xff, 0xff, 0xc3, 0xff, 0xff,
    0xe0, 0xff, 0xff, 0xc0, 0x3f, 0x80, 0x0, 0xf,
    0xe0, 0x0, 0x3, 0xf8, 0x0, 0x0, 0xfe, 0x0,
    0x0, 0x3f, 0x80, 0x0, 0xf, 0xe0, 0x0, 0x3,
    0xf8, 0x0, 0x0, 0xfe, 0x0, 0x0, 0x3f, 0x80,
    0x0, 0xf, 0xe0, 0x0, 0x3, 0xf8, 0x0, 0x0,
    0xfe, 0x0, 0x0, 0x3f, 0x80, 0x0, 0x0,

    /* U+0051 "Q" */
    0x0, 0x1f, 0xe0, 0x0, 0x7, 0xff, 0xc0, 0x0,
    0xff, 0xff, 0x80, 0xf, 0xff, 0xfe, 0x0, 0xff,
    0xff, 0xf8, 0xf, 0xf8, 0x3f, 0xe0, 0xff, 0x0,
    0x7f, 0x87, 0xf0, 0x1, 0xfc, 0x7f, 0x80, 0xf,
    0xf3, 0xf8, 0x0, 0x3f, 0x9f, 0xc0, 0x1, 0xfd,
    0xfc, 0x0, 0x7, 0xff, 0xe0, 0x0, 0x3f, 0xff,
    0x0, 0x1, 0xff, 0xf8, 0x0, 0xf, 0xff, 0xc0,
    0x0, 0x7f, 0xfe, 0x0, 0x3, 0xff, 0xf0, 0x0,
    0x1f, 0xff, 0x80, 0x0, 0xff, 0xfc, 0x0, 0x7,
    0xff, 0xe0, 0x0, 0x3f, 0xff, 0x0, 0x1, 0xff,
    0xf8, 0x0, 0xf, 0xef, 0xe0, 0x0, 0xfe, 0x7f,
    0x0, 0x7, 0xf3, 0xfc, 0x0, 0x7f, 0x8f, 0xe0,
    0x3, 0xf8, 0x7f, 0x80, 0x3f, 0xc1, 0xff, 0x7,
    0xfc, 0x7, 0xff, 0xff, 0xc0, 0x1f, 0xff, 0xfc,
    0x0, 0x7f, 0xff, 0xc0, 0x0, 0xff, 0xff, 0x80,
    0x1, 0xff, 0xfe, 0x0, 0x0, 0xf, 0xf8, 0x0,
    0x0, 0x3f, 0xe0, 0x0, 0x0, 0xff, 0x0, 0x0,
    0x1, 0xf0, 0x0, 0x0, 0x7, 0x0, 0x0, 0x0,
    0x10,

    /* U+0052 "R" */
    0xff, 0xff, 0x80, 0x3f, 0xff, 0xfc, 0xf, 0xff,
    0xff, 0xc3, 0xff, 0xff, 0xf8, 0xff, 0xff, 0xfe,
    0x3f, 0x80, 0x7f, 0xcf, 0xe0, 0x7, 0xf3, 0xf8,
    0x1, 0xfe, 0xfe, 0x0, 0x3f, 0xbf, 0x80, 0xf,
    0xef, 0xe0, 0x3, 0xfb, 0xf8, 0x0, 0xfe, 0xfe,
    0x0, 0x3f, 0xbf, 0x80, 0x1f, 0xef, 0xe0, 0x7,
    0xf3, 0xf8, 0x7, 0xfc, 0xff, 0xff, 0xfe, 0x3f,
    0xff, 0xff, 0xf, 0xff, 0xff, 0x83, 0xff, 0xff,
    0x80, 0xff, 0xff, 0xe0, 0x3f, 0x81, 0xfc, 0xf,
    0xe0, 0x7f, 0x3, 0xf8, 0xf, 0xe0, 0xfe, 0x3,
    0xf8, 0x3f, 0x80, 0x7f, 0xf, 0xe0, 0x1f, 0xc3,
    0xf8, 0x3, 0xf8, 0xfe, 0x0, 0xfe, 0x3f, 0x80,
    0x1f, 0xcf, 0xe0, 0x7, 0xf3, 0xf8, 0x0, 0xfe,
    0xfe, 0x0, 0x3f, 0xff, 0x80, 0x7, 0xf0,

    /* U+0053 "S" */
    0x0, 0x7f, 0xc0, 0x0, 0xff, 0xfe, 0x0, 0x7f,
    0xff, 0xc0, 0x7f, 0xff, 0xf8, 0x1f, 0xff, 0xff,
    0xf, 0xf8, 0x3f, 0xe7, 0xf8, 0x3, 0xf9, 0xfc,
    0x0, 0xff, 0x7f, 0x0, 0x1f, 0xdf, 0xc0, 0x7,
    0xf7, 0xf0, 0x0, 0x1, 0xfe, 0x0, 0x0, 0x3f,
    0xe0, 0x0, 0xf, 0xfe, 0x0, 0x1, 0xff, 0xf0,
    0x0, 0x3f, 0xff, 0x80, 0x7, 0xff, 0xf8, 0x0,
    0x7f, 0xff, 0x0, 0x7, 0xff, 0xe0, 0x0, 0x3f,
    0xfc, 0x0, 0x1, 0xff, 0x80, 0x0, 0x1f, 0xe0,
    0x0, 0x3, 0xff, 0xf8, 0x0, 0x7f, 0xfe, 0x0,
    0x1f, 0xff, 0x80, 0x7, 0xff, 0xf0, 0x1, 0xfd,
    0xfe, 0x0, 0xff, 0x7f, 0xc0, 0x7f, 0x8f, 0xff,
    0xff, 0xe1, 0xff, 0xff, 0xf0, 0x3f, 0xff, 0xf8,
    0x3, 0xff, 0xf8, 0x0, 0x1f, 0xf0, 0x0,

    /* U+0054 "T" */
    0xff, 0xff, 0xff, 0xff, 0xff, 0xff, 0xff, 0xff,
    0xff, 0xff, 0xff, 0xff, 0xff, 0xff, 0xff, 0xff,
    0xff, 0xff, 0x80, 0xf, 0xe0, 0x0, 0x0, 0x7f,
    0x0, 0x0, 0x3, 0xf8, 0x0, 0x0, 0x1f, 0xc0,
    0x0, 0x0, 0xfe, 0x0, 0x0, 0x7, 0xf0, 0x0,
    0x0, 0x3f, 0x80, 0x0, 0x1, 0xfc, 0x0, 0x0,
    0xf, 0xe0, 0x0, 0x0, 0x7f, 0x0, 0x0, 0x3,
    0xf8, 0x0, 0x0, 0x1f, 0xc0, 0x0, 0x0, 0xfe,
    0x0, 0x0, 0x7, 0xf0, 0x0, 0x0, 0x3f, 0x80,
    0x0, 0x1, 0xfc, 0x0, 0x0, 0xf, 0xe0, 0x0,
    0x0, 0x7f, 0x0, 0x0, 0x3, 0xf8, 0x0, 0x0,
    0x1f, 0xc0, 0x0, 0x0, 0xfe, 0x0, 0x0, 0x7,
    0xf0, 0x0, 0x0, 0x3f, 0x80, 0x0, 0x1, 0xfc,
    0x0, 0x0, 0xf, 0xe0, 0x0, 0x0, 0x7f, 0x0,
    0x0, 0x3, 0xf8, 0x0, 0x0, 0x1f, 0xc0, 0x0,
    0x0, 0xfe, 0x0, 0x0,

    /* U+0055 "U" */
    0xfe, 0x0, 0x1f, 0xff, 0x80, 0x7, 0xff, 0xe0,
    0x1, 0xff, 0xf8, 0x0, 0x7f, 0xfe, 0x0, 0x1f,
    0xff, 0x80, 0x7, 0xff, 0xe0, 0x1, 0xff, 0xf8,
    0x0, 0x7f, 0xfe, 0x0, 0x1f, 0xff, 0x80, 0x7,
    0xff, 0xe0, 0x1, 0xff, 0xf8, 0x0, 0x7f, 0xfe,
    0x0, 0x1f, 0xff, 0x80, 0x7, 0xff, 0xe0, 0x1,
    0xff, 0xf8, 0x0, 0x7f, 0xfe, 0x0, 0x1f, 0xff,
    0x80, 0x7, 0xff, 0xe0, 0x1, 0xff, 0xf8, 0x0,
    0x7f, 0xfe, 0x0, 0x1f, 0xff, 0x80, 0x7, 0xff,
    0xe0, 0x1, 0xff, 0xf8, 0x0, 0x7f, 0xfe, 0x0,
    0x1f, 0xff, 0x80, 0x7, 0xf7, 0xf0, 0x3, 0xf9,
    0xfe, 0x1, 0xfe, 0x3f, 0xc0, 0xff, 0xf, 0xff,
    0xff, 0xc1, 0xff, 0xff, 0xe0, 0x3f, 0xff, 0xf0,
    0x3, 0xff, 0xf0, 0x0, 0x1f, 0xe0, 0x0,

    /* U+0056 "V" */
    0xff, 0x0, 0x1, 0xfe, 0xfe, 0x0, 0x3, 0xfd,
    0xfe, 0x0, 0x7, 0xf3, 0xfc, 0x0, 0x1f, 0xe3,
    0xf8, 0x0, 0x3f, 0xc7, 0xf8, 0x0, 0x7f, 0xf,
    0xf0, 0x1, 0xfe, 0xf, 0xe0, 0x3, 0xfc, 0x1f,
    0xc0, 0x7, 0xf0, 0x3f, 0xc0, 0xf, 0xe0, 0x3f,
    0x80, 0x3f, 0xc0, 0x7f, 0x0, 0x7f, 0x0, 0x7f,
    0x0, 0xfe, 0x0, 0xfe, 0x3, 0xfc, 0x1, 0xfc,
    0x7, 0xf0, 0x1, 0xfc, 0xf, 0xe0, 0x3, 0xf8,
    0x3f, 0x80, 0x7, 0xf0, 0x7f, 0x0, 0x7, 0xe0,
    0xfe, 0x0, 0xf, 0xe1, 0xf8, 0x0, 0x1f, 0xc7,
    0xf0, 0x0, 0x1f, 0x8f, 0xe0, 0x0, 0x3f, 0x9f,
    0x80, 0x0, 0x7f, 0x7f, 0x0, 0x0, 0x7e, 0xfe,
    0x0, 0x0, 0xff, 0xf8, 0x0, 0x1, 0xff, 0xf0,
    0x0, 0x1, 0xff, 0xe0, 0x0, 0x3, 0xff, 0x80,
    0x0, 0x7, 0xff, 0x0, 0x0, 0x7, 0xfe, 0x0,
    0x0, 0xf, 0xf8, 0x0, 0x0, 0x1f, 0xf0, 0x0,
    0x0, 0x1f, 0xe0, 0x0,

    /* U+0057 "W" */
    0x7f, 0x0, 0x7f, 0x0, 0x7f, 0x7f, 0x0, 0x7f,
    0x0, 0x7f, 0x7f, 0x0, 0x7f, 0x0, 0x7f, 0x7f,
    0x0, 0x7f, 0x0, 0x7f, 0x7f, 0x0, 0x7f, 0x0,
    0x7f, 0x3f, 0x80, 0xff, 0x80, 0xfe, 0x3f, 0x80,
    0xff, 0x80, 0xfe, 0x3f, 0x80, 0xff, 0x80, 0xfe,
    0x3f, 0x80, 0xff, 0x80, 0xfe, 0x1f, 0x81, 0xff,
    0xc0, 0xfc, 0x1f, 0x81, 0xff, 0xc1, 0xfc, 0x1f,
    0xc1, 0xff, 0xc1, 0xfc, 0x1f, 0xc1, 0xf7, 0xc1,
    0xfc, 0x1f, 0xc3, 0xf7, 0xe1, 0xfc, 0xf, 0xc3,
    0xf7, 0xe1, 0xf8, 0xf, 0xc3, 0xf7, 0xe1, 0xf8,
    0xf, 0xe3, 0xe3, 0xe3, 0xf8, 0xf, 0xe3, 0xe3,
    0xe3, 0xf8, 0x7, 0xe7, 0xe3, 0xf3, 0xf0, 0x7,
    0xe7, 0xe3, 0xf3, 0xf0, 0x7, 0xe7, 0xc1, 0xf3,
    0xf0, 0x7, 0xf7, 0xc1, 0xf7, 0xf0, 0x7, 0xff,
    0xc1, 0xff, 0xf0, 0x3, 0xff, 0xc1, 0xff, 0xe0,
    0x3, 0xff, 0x80, 0xff, 0xe0, 0x3, 0xff, 0x80,
    0xff, 0xe0, 0x3, 0xff, 0x80, 0xff, 0xe0, 0x1,
    0xff, 0x80, 0xff, 0xc0, 0x1, 0xff, 0x0, 0x7f,
    0xc0, 0x1, 0xff, 0x0, 0x7f, 0xc0, 0x1, 0xff,
    0x0, 0x7f, 0xc0, 0x1, 0xff, 0x0, 0x7f, 0xc0,
    0x0, 0xfe, 0x0, 0x3f, 0x80, 0x0, 0xfe, 0x0,
    0x3f, 0x80,

    /* U+0058 "X" */
    0x7f, 0x80, 0x7, 0xf8, 0xff, 0x0, 0x1f, 0xe3,
    0xfc, 0x0, 0xff, 0x7, 0xf8, 0x3, 0xfc, 0x1f,
    0xe0, 0x1f, 0xe0, 0x3f, 0xc0, 0x7f, 0x0, 0x7f,
    0x3, 0xfc, 0x1, 0xfe, 0xf, 0xe0, 0x3, 0xf8,
    0x7f, 0x80, 0xf, 0xf1, 0xfc, 0x0, 0x1f, 0xef,
    0xf0, 0x0, 0x3f, 0xff, 0x80, 0x0, 0xff, 0xfc,
    0x0, 0x1, 0xff, 0xf0, 0x0, 0x7, 0xff, 0x80,
    0x0, 0xf, 0xfe, 0x0, 0x0, 0x3f, 0xf0, 0x0,
    0x0, 0xff, 0xc0, 0x0, 0x3, 0xff, 0x80, 0x0,
    0x1f, 0xfe, 0x0, 0x0, 0x7f, 0xfc, 0x0, 0x3,
    0xff, 0xf8, 0x0, 0x1f, 0xef, 0xe0, 0x0, 0x7f,
    0x3f, 0xc0, 0x3, 0xfc, 0x7f, 0x0, 0xf, 0xe1,
    0xfe, 0x0, 0x7f, 0x83, 0xfc, 0x3, 0xfc, 0xf,
    0xf0, 0xf, 0xf0, 0x1f, 0xe0, 0x7f, 0x80, 0x7f,
    0x81, 0xfe, 0x0, 0xff, 0xf, 0xf0, 0x1, 0xfc,
    0x7f, 0x80, 0x7, 0xf9, 0xfe, 0x0, 0xf, 0xf0,

    /* U+0059 "Y" */
    0xff, 0x0, 0x7, 0xfb, 0xf8, 0x0, 0x3f, 0x9f,
    0xe0, 0x3, 0xfc, 0x7f, 0x0, 0x1f, 0xc3, 0xf8,
    0x1, 0xfe, 0xf, 0xe0, 0xf, 0xe0, 0x7f, 0x0,
    0x7f, 0x1, 0xfc, 0x7, 0xf0, 0xf, 0xe0, 0x3f,
    0x80, 0x3f, 0x83, 0xf8, 0x1, 0xfc, 0x1f, 0xc0,
    0x7, 0xf1, 0xfc, 0x0, 0x3f, 0x8f, 0xe0, 0x0,
    0xfe, 0xfe, 0x0, 0x7, 0xf7, 0xf0, 0x0, 0x1f,
    0xff, 0x0, 0x0, 0xff, 0xf8, 0x0, 0x3, 0xff,
    0x80, 0x0, 0x1f, 0xfc, 0x0, 0x0, 0x7f, 0xc0,
    0x0, 0x3, 0xfe, 0x0, 0x0, 0xf, 0xe0, 0x0,
    0x0, 0x7f, 0x0, 0x0, 0x3, 0xf8, 0x0, 0x0,
    0x1f, 0xc0, 0x0, 0x0, 0xfe, 0x0, 0x0, 0x7,
    0xf0, 0x0, 0x0, 0x3f, 0x80, 0x0, 0x1, 0xfc,
    0x0, 0x0, 0xf, 0xe0, 0x0, 0x0, 0x7f, 0x0,
    0x0, 0x3, 0xf8, 0x0, 0x0, 0x1f, 0xc0, 0x0,
    0x0, 0xfe, 0x0, 0x0,

    /* U+005A "Z" */
    0xff, 0xff, 0xff, 0xff, 0xff, 0xff, 0xff, 0xff,
    0xff, 0xff, 0xff, 0xff, 0xff, 0xff, 0xff, 0xff,
    0x80, 0x0, 0x1f, 0xc0, 0x0, 0xf, 0xf0, 0x0,
    0x3, 0xf8, 0x0, 0x1, 0xfc, 0x0, 0x0, 0xff,
    0x0, 0x0, 0x7f, 0x80, 0x0, 0x1f, 0xc0, 0x0,
    0xf, 0xf0, 0x0, 0x7, 0xf8, 0x0, 0x1, 0xfc,
    0x0, 0x0, 0xff, 0x0, 0x0, 0x7f, 0x80, 0x0,
    0x1f, 0xc0, 0x0, 0xf, 0xf0, 0x0, 0x7, 0xf8,
    0x0, 0x1, 0xfc, 0x0, 0x0, 0xff, 0x0, 0x0,
    0x7f, 0x80, 0x0, 0x1f, 0xc0, 0x0, 0xf, 0xe0,
    0x0, 0x7, 0xf8, 0x0, 0x1, 0xfc, 0x0, 0x0,
    0xfe, 0x0, 0x0, 0x7f, 0x80, 0x0, 0x1f, 0xff,
    0xff, 0xff, 0xff, 0xff, 0xff, 0xff, 0xff, 0xff,
    0xff, 0xff, 0xff, 0xff, 0xff, 0xff, 0xf0,

    /* U+005B "[" */
    0xff, 0xff, 0xff, 0xff, 0xff, 0xff, 0xff, 0x8f,
    0xe3, 0xf8, 0xfe, 0x3f, 0x8f, 0xe3, 0xf8, 0xfe,
    0x3f, 0x8f, 0xe3, 0xf8, 0xfe, 0x3f, 0x8f, 0xe3,
    0xf8, 0xfe, 0x3f, 0x8f, 0xe3, 0xf8, 0xfe, 0x3f,
    0x8f, 0xe3, 0xf8, 0xfe, 0x3f, 0x8f, 0xe3, 0xf8,
    0xfe, 0x3f, 0x8f, 0xe3, 0xf8, 0xfe, 0x3f, 0x8f,
    0xe3, 0xf8, 0xfe, 0x3f, 0x8f, 0xe3, 0xff, 0xff,
    0xff, 0xff, 0xff, 0xff,

    /* U+005C "\\" */
    0xfe, 0x0, 0x3, 0xf0, 0x0, 0x1f, 0xc0, 0x0,
    0xfe, 0x0, 0x3, 0xf8, 0x0, 0x1f, 0xc0, 0x0,
    0xfe, 0x0, 0x3, 0xf8, 0x0, 0x1f, 0xc0, 0x0,
    0x7f, 0x0, 0x3, 0xf8, 0x0, 0x1f, 0xc0, 0x0,
    0x7f, 0x0, 0x3, 0xf8, 0x0, 0x1f, 0xc0, 0x0,
    0x7f, 0x0, 0x3, 0xf8, 0x0, 0xf, 0xe0, 0x0,
    0x7f, 0x0, 0x3, 0xf8, 0x0, 0xf, 0xe0, 0x0,
    0x7f, 0x0, 0x1, 0xf8, 0x0, 0xf, 0xe0, 0x0,
    0x7f, 0x0, 0x1, 0xfc, 0x0, 0xf, 0xe0, 0x0,
    0x7f, 0x0, 0x1, 0xfc, 0x0, 0xf, 0xe0, 0x0,
    0x3f, 0x80, 0x1, 0xfc, 0x0, 0xf, 0xe0, 0x0,
    0x3f, 0x80, 0x1, 0xfc, 0x0, 0xf, 0xe0, 0x0,
    0x3f, 0x80, 0x1, 0xfc,

    /* U+005D "]" */
    0xff, 0xff, 0xff, 0xff, 0xff, 0xff, 0xfe, 0x1f,
    0xc3, 0xf8, 0x7f, 0xf, 0xe1, 0xfc, 0x3f, 0x87,
    0xf0, 0xfe, 0x1f, 0xc3, 0xf8, 0x7f, 0xf, 0xe1,
    0xfc, 0x3f, 0x87, 0xf0, 0xfe, 0x1f, 0xc3, 0xf8,
    0x7f, 0xf, 0xe1, 0xfc, 0x3f, 0x87, 0xf0, 0xfe,
    0x1f, 0xc3, 0xf8, 0x7f, 0xf, 0xe1, 0xfc, 0x3f,
    0x87, 0xf0, 0xfe, 0x1f, 0xc3, 0xf8, 0x7f, 0xf,
    0xe1, 0xfc, 0x3f, 0xff, 0xff, 0xff, 0xff, 0xff,
    0xff, 0xff,

    /* U+005E "^" */
    0x1, 0xf0, 0x0, 0x7f, 0x0, 0xf, 0xe0, 0x1,
    0xfc, 0x0, 0x7f, 0xc0, 0xf, 0xf8, 0x3, 0xef,
    0x80, 0x7d, 0xf0, 0xf, 0xbf, 0x3, 0xe3, 0xe0,
    0x7c, 0x7c, 0x1f, 0x87, 0xc3, 0xe0, 0xf8, 0xfc,
    0x1f, 0x9f, 0x1, 0xf3, 0xe0, 0x3e, 0xfc, 0x7,
    0xe0,

    /* U+005F "_" */
    0xff, 0xff, 0xff, 0xff, 0xff, 0xff, 0xff, 0xff,
    0xff, 0xff, 0xff, 0xff, 0xff, 0x80,

    /* U+0060 "`" */
    0x7f, 0x3, 0xf8, 0x1f, 0x80, 0xfc, 0xf, 0xe0,
    0x7e, 0x3, 0xf0,

    /* U+0061 "a" */
    0x1, 0xfe, 0x0, 0x1f, 0xff, 0x80, 0x7f, 0xff,
    0x81, 0xff, 0xff, 0x87, 0xff, 0xff, 0x9f, 0xf0,
    0xff, 0x3f, 0x80, 0xff, 0x7f, 0x0, 0xfe, 0x0,
    0x1, 0xfc, 0x0, 0x3, 0xf8, 0x7, 0xff, 0xf0,
    0x7f, 0xff, 0xe1, 0xff, 0xff, 0xc7, 0xff, 0xff,
    0x9f, 0xe0, 0x7f, 0x7f, 0x80, 0xfe, 0xfe, 0x1,
    0xfd, 0xfc, 0x3, 0xfb, 0xf8, 0x7, 0xf7, 0xf0,
    0x1f, 0xef, 0xf0, 0x7f, 0xcf, 0xff, 0xff, 0x9f,
    0xff, 0xff, 0x1f, 0xff, 0xfe, 0x1f, 0xfd, 0xfc,
    0xf, 0xe1, 0xfc,

    /* U+0062 "b" */
    0xfe, 0x0, 0x1, 0xfc, 0x0, 0x3, 0xf8, 0x0,
    0x7, 0xf0, 0x0, 0xf, 0xe0, 0x0, 0x1f, 0xc0,
    0x0, 0x3f, 0x80, 0x0, 0x7f, 0x0, 0x0, 0xfe,
    0x0, 0x1, 0xfc, 0x0, 0x3, 0xf8, 0xfc, 0x7,
    0xf7, 0xfe, 0xf, 0xff, 0xff, 0x1f, 0xff, 0xff,
    0x3f, 0xff, 0xfe, 0x7f, 0xc3, 0xfe, 0xff, 0x1,
    0xfd, 0xfc, 0x3, 0xfb, 0xf8, 0x7, 0xff, 0xf0,
    0x7, 0xff, 0xe0, 0xf, 0xff, 0xc0, 0x1f, 0xff,
    0x80, 0x3f, 0xff, 0x0, 0x7f, 0xfe, 0x0, 0xff,
    0xfc, 0x1, 0xff, 0xf8, 0x3, 0xff, 0xf0, 0x7,
    0xff, 0xe0, 0x1f, 0xdf, 0xe0, 0x3f, 0xbf, 0xe1,
    0xff, 0x7f, 0xff, 0xfc, 0xff, 0xff, 0xf1, 0xff,
    0xff, 0xe3, 0xfb, 0xff, 0x7, 0xe1, 0xf8, 0x0,

    /* U+0063 "c" */
    0x0, 0xfe, 0x0, 0x1f, 0xff, 0x0, 0xff, 0xfe,
    0x7, 0xff, 0xfc, 0x3f, 0xff, 0xf8, 0xfe, 0x1f,
    0xe7, 0xf0, 0x3f, 0xdf, 0xc0, 0x7f, 0xfe, 0x1,
    0xff, 0xf8, 0x7, 0xff, 0xe0, 0x0, 0x3f, 0x80,
    0x0, 0xfe, 0x0, 0x3, 0xf8, 0x0, 0xf, 0xe0,
    0x0, 0x3f, 0x80, 0x0, 0xfe, 0x0, 0x3, 0xf8,
    0x7, 0xf7, 0xf0, 0x1f, 0xdf, 0xc0, 0xff, 0x3f,
    0x87, 0xf8, 0xff, 0xff, 0xe1, 0xff, 0xff, 0x3,
    0xff, 0xf8, 0x7, 0xff, 0xc0, 0x3, 0xf8, 0x0,

    /* U+0064 "d" */
    0x0, 0x0, 0xfe, 0x0, 0x1, 0xfc, 0x0, 0x3,
    0xf8, 0x0, 0x7, 0xf0, 0x0, 0xf, 0xe0, 0x0,
    0x1f, 0xc0, 0x0, 0x3f, 0x80, 0x0, 0x7f, 0x0,
    0x0, 0xfe, 0x0, 0x1, 0xfc, 0x7, 0xe3, 0xf8,
    0x3f, 0xf7, 0xf0, 0xff, 0xff, 0xe3, 0xff, 0xff,
    0xcf, 0xff, 0xff, 0xbf, 0xe1, 0xff, 0x7f, 0x81,
    0xfe, 0xfe, 0x1, 0xff, 0xfc, 0x3, 0xff, 0xf0,
    0x7, 0xff, 0xe0, 0xf, 0xff, 0xc0, 0x1f, 0xff,
    0x80, 0x3f, 0xff, 0x0, 0x7f, 0xfe, 0x0, 0xff,
    0xfc, 0x1, 0xff, 0xf8, 0x3, 0xff, 0xf8, 0x7,
    0xf7, 0xf0, 0xf, 0xef, 0xf0, 0x3f, 0xdf, 0xf0,
    0xff, 0x9f, 0xff, 0xff, 0x1f, 0xff, 0xfe, 0x1f,
    0xff, 0xfc, 0x1f, 0xfb, 0xf8, 0xf, 0xc3, 0xf0,

    /* U+0065 "e" */
    0x0, 0xff, 0x0, 0x7, 0xff, 0x80, 0x3f, 0xff,
    0x80, 0xff, 0xff, 0x83, 0xff, 0xff, 0x87, 0xf8,
    0x7f, 0x9f, 0xe0, 0x7f, 0x3f, 0x80, 0x7e, 0x7f,
    0x0, 0xff, 0xfc, 0x1, 0xff, 0xff, 0xff, 0xff,
    0xff, 0xff, 0xff, 0xff, 0xff, 0xff, 0xff, 0xff,
    0xff, 0xff, 0xff, 0xff, 0x0, 0x0, 0xfe, 0x0,
    0x1, 0xfe, 0x0, 0x1, 0xfc, 0x0, 0x3, 0xfc,
    0x1, 0x83, 0xfe, 0xf, 0x83, 0xff, 0xff, 0x87,
    0xff, 0xff, 0x7, 0xff, 0xfc, 0x3, 0xff, 0xe0,
    0x0, 0xfe, 0x0,

    /* U+0066 "f" */
    0x0, 0x3f, 0x80, 0xff, 0xc0, 0xff, 0xe0, 0xff,
    0xf0, 0x7f, 0xf8, 0x7f, 0xc0, 0x3f, 0xc0, 0x1f,
    0xc0, 0xf, 0xe0, 0x7, 0xf0, 0x3, 0xf8, 0x1f,
    0xff, 0xef, 0xff, 0xf7, 0xff, 0xfb, 0xff, 0xfd,
    0xff, 0xfe, 0xf, 0xe0, 0x7, 0xf0, 0x3, 0xf8,
    0x1, 0xfc, 0x0, 0xfe, 0x0, 0x7f, 0x0, 0x3f,
    0x80, 0x1f, 0xc0, 0xf, 0xe0, 0x7, 0xf0, 0x3,
    0xf8, 0x1, 0xfc, 0x0, 0xfe, 0x0, 0x7f, 0x0,
    0x3f, 0x80, 0x1f, 0xc0, 0xf, 0xe0, 0x7, 0xf0,
    0x3, 0xf8, 0x1, 0xfc, 0x0, 0xfe, 0x0,

    /* U+0067 "g" */
    0x1, 0xf8, 0x7e, 0xf, 0xfd, 0xfc, 0x3f, 0xff,
    0xf8, 0xff, 0xff, 0xf3, 0xff, 0xff, 0xef, 0xf8,
    0x7f, 0xdf, 0xe0, 0x7f, 0xbf, 0x80, 0x7f, 0xff,
    0x0, 0xff, 0xfc, 0x1, 0xff, 0xf8, 0x3, 0xff,
    0xf0, 0x7, 0xff, 0xe0, 0xf, 0xff, 0xc0, 0x1f,
    0xff, 0x80, 0x3f, 0xff, 0x0, 0x7f, 0xfe, 0x0,
    0xff, 0xfe, 0x1, 0xfd, 0xfc, 0x3, 0xfb, 0xfc,
    0xf, 0xf3, 0xfc, 0x3f, 0xe7, 0xff, 0xff, 0xc7,
    0xff, 0xff, 0x87, 0xff, 0xff, 0x7, 0xfe, 0xfe,
    0x3, 0xf1, 0xfc, 0x0, 0x3, 0xf8, 0x0, 0x7,
    0xf0, 0x80, 0x1f, 0xe3, 0x80, 0x3f, 0x87, 0xc1,
    0xff, 0x1f, 0xff, 0xfc, 0x3f, 0xff, 0xf0, 0x3f,
    0xff, 0xc0, 0x1f, 0xff, 0x0, 0xf, 0xf0, 0x0,

    /* U+0068 "h" */
    0xfe, 0x0, 0x3, 0xf8, 0x0, 0xf, 0xe0, 0x0,
    0x3f, 0x80, 0x0, 0xfe, 0x0, 0x3, 0xf8, 0x0,
    0xf, 0xe0, 0x0, 0x3f, 0x80, 0x0, 0xfe, 0x0,
    0x3, 0xf8, 0x0, 0xf, 0xe1, 0xf8, 0x3f, 0x9f,
    0xf8, 0xff, 0xff, 0xf3, 0xff, 0xff, 0xef, 0xff,
    0xff, 0xbf, 0xe1, 0xfe, 0xff, 0x3, 0xff, 0xf8,
    0x7, 0xff, 0xe0, 0x1f, 0xff, 0x80, 0x7f, 0xfe,
    0x1, 0xff, 0xf8, 0x7, 0xff, 0xe0, 0x1f, 0xff,
    0x80, 0x7f, 0xfe, 0x1, 0xff, 0xf8, 0x7, 0xff,
    0xe0, 0x1f, 0xff, 0x80, 0x7f, 0xfe, 0x1, 0xff,
    0xf8, 0x7, 0xff, 0xe0, 0x1f, 0xff, 0x80, 0x7f,
    0xfe, 0x1, 0xff, 0xf8, 0x7, 0xff, 0xe0, 0x1f,
    0xff, 0x80, 0x7f,

    /* U+0069 "i" */
    0x38, 0xfb, 0xff, 0xff, 0xef, 0x8e, 0x0, 0x0,
    0x3, 0xff, 0xff, 0xff, 0xff, 0xff, 0xff, 0xff,
    0xff, 0xff, 0xff, 0xff, 0xff, 0xff, 0xff, 0xff,
    0xff, 0xff, 0xff, 0xff, 0xff, 0xff, 0xff, 0xf0,

    /* U+006A "j" */
    0x1, 0xc0, 0x3e, 0x7, 0xf0, 0x7f, 0x7, 0xf0,
    0x3e, 0x1, 0xc0, 0x0, 0x0, 0x0, 0x0, 0x7,
    0xf0, 0x7f, 0x7, 0xf0, 0x7f, 0x7, 0xf0, 0x7f,
    0x7, 0xf0, 0x7f, 0x7, 0xf0, 0x7f, 0x7, 0xf0,
    0x7f, 0x7, 0xf0, 0x7f, 0x7, 0xf0, 0x7f, 0x7,
    0xf0, 0x7f, 0x7, 0xf0, 0x7f, 0x7, 0xf0, 0x7f,
    0x7, 0xf0, 0x7f, 0x7, 0xf0, 0x7f, 0x7, 0xf0,
    0x7f, 0x7, 0xf0, 0x7f, 0xf, 0xff, 0xfe, 0xff,
    0xef, 0xfc, 0xff, 0x8f, 0xf0, 0x10, 0x0,

    /* U+006B "k" */
    0xfe, 0x0, 0x0, 0xfe, 0x0, 0x0, 0xfe, 0x0,
    0x0, 0xfe, 0x0, 0x0, 0xfe, 0x0, 0x0, 0xfe,
    0x0, 0x0, 0xfe, 0x0, 0x0, 0xfe, 0x0, 0x0,
    0xfe, 0x0, 0x0, 0xfe, 0x0, 0x0, 0xfe, 0x3,
    0xfe, 0xfe, 0x3, 0xfc, 0xfe, 0x7, 0xf8, 0xfe,
    0xf, 0xf0, 0xfe, 0x1f, 0xe0, 0xfe, 0x3f, 0xc0,
    0xfe, 0x7f, 0x80, 0xfe, 0x7f, 0x80, 0xfe, 0xff,
    0x0, 0xff, 0xfe, 0x0, 0xff, 0xfc, 0x0, 0xff,
    0xfc, 0x0, 0xff, 0xfe, 0x0, 0xff, 0xff, 0x0,
    0xff, 0xff, 0x0, 0xff, 0xff, 0x80, 0xff, 0x3f,
    0xc0, 0xfe, 0x1f, 0xc0, 0xfe, 0x1f, 0xe0, 0xfe,
    0xf, 0xf0, 0xfe, 0x7, 0xf0, 0xfe, 0x7, 0xf8,
    0xfe, 0x3, 0xf8, 0xfe, 0x3, 0xfc, 0xfe, 0x1,
    0xfe, 0xfe, 0x0, 0xfe,

    /* U+006C "l" */
    0xff, 0xff, 0xff, 0xff, 0xff, 0xff, 0xff, 0xff,
    0xff, 0xff, 0xff, 0xff, 0xff, 0xff, 0xff, 0xff,
    0xff, 0xff, 0xff, 0xff, 0xff, 0xff, 0xff, 0xff,
    0xff, 0xff, 0xff, 0xff, 0xff, 0xff, 0xff, 0xf0,

    /* U+006D "m" */
    0xfe, 0x1f, 0x80, 0x7e, 0xf, 0xe7, 0xfe, 0x1f,
    0xf8, 0xff, 0xff, 0xf3, 0xff, 0xcf, 0xff, 0xff,
    0xff, 0xfe, 0xff, 0xff, 0xff, 0xff, 0xef, 0xf8,
    0x7f, 0xf0, 0xff, 0xff, 0x3, 0xfe, 0xf, 0xff,
    0xe0, 0x1f, 0xc0, 0x7f, 0xfe, 0x1, 0xfc, 0x7,
    0xff, 0xe0, 0x1f, 0xc0, 0x7f, 0xfe, 0x1, 0xfc,
    0x7, 0xff, 0xe0, 0x1f, 0xc0, 0x7f, 0xfe, 0x1,
    0xfc, 0x7, 0xff, 0xe0, 0x1f, 0xc0, 0x7f, 0xfe,
    0x1, 0xfc, 0x7, 0xff, 0xe0, 0x1f, 0xc0, 0x7f,
    0xfe, 0x1, 0xfc, 0x7, 0xff, 0xe0, 0x1f, 0xc0,
    0x7f, 0xfe, 0x1, 0xfc, 0x7, 0xff, 0xe0, 0x1f,
    0xc0, 0x7f, 0xfe, 0x1, 0xfc, 0x7, 0xff, 0xe0,
    0x1f, 0xc0, 0x7f, 0xfe, 0x1, 0xfc, 0x7, 0xff,
    0xe0, 0x1f, 0xc0, 0x7f, 0xfe, 0x1, 0xfc, 0x7,
    0xff, 0xe0, 0x1f, 0xc0, 0x7f,

    /* U+006E "n" */
    0xfe, 0x1f, 0x83, 0xf9, 0xff, 0x8f, 0xef, 0xff,
    0x3f, 0xff, 0xfe, 0xff, 0xff, 0xfb, 0xfe, 0x1f,
    0xff, 0xf0, 0x3f, 0xff, 0x80, 0x7f, 0xfe, 0x1,
    0xff, 0xf8, 0x7, 0xff, 0xe0, 0x1f, 0xff, 0x80,
    0x7f, 0xfe, 0x1, 0xff, 0xf8, 0x7, 0xff, 0xe0,
    0x1f, 0xff, 0x80, 0x7f, 0xfe, 0x1, 0xff, 0xf8,
    0x7, 0xff, 0xe0, 0x1f, 0xff, 0x80, 0x7f, 0xfe,
    0x1, 0xff, 0xf8, 0x7, 0xff, 0xe0, 0x1f, 0xff,
    0x80, 0x7f, 0xfe, 0x1, 0xff, 0xf8, 0x7, 0xf0,

    /* U+006F "o" */
    0x0, 0xff, 0x0, 0x3, 0xff, 0xc0, 0xf, 0xff,
    0xf0, 0x1f, 0xff, 0xf8, 0x3f, 0xff, 0xfc, 0x3f,
    0xc3, 0xfc, 0x7f, 0x81, 0xfe, 0x7f, 0x0, 0xfe,
    0x7f, 0x0, 0xfe, 0xfe, 0x0, 0x7f, 0xfe, 0x0,
    0x7f, 0xfe, 0x0, 0x7f, 0xfe, 0x0, 0x7f, 0xfe,
    0x0, 0x7f, 0xfe, 0x0, 0x7f, 0xfe, 0x0, 0x7f,
    0xfe, 0x0, 0x7f, 0x7f, 0x0, 0xfe, 0x7f, 0x0,
    0xfe, 0x7f, 0x81, 0xfe, 0x3f, 0xc3, 0xfc, 0x3f,
    0xff, 0xfc, 0x1f, 0xff, 0xf8, 0xf, 0xff, 0xf0,
    0x3, 0xff, 0xc0, 0x0, 0xff, 0x0,

    /* U+0070 "p" */
    0xfe, 0x3f, 0x1, 0xfd, 0xff, 0x83, 0xff, 0xff,
    0xc7, 0xff, 0xff, 0x8f, 0xff, 0xff, 0x9f, 0xf0,
    0xff, 0xbf, 0xc0, 0xff, 0x7f, 0x0, 0xfe, 0xfe,
    0x1, 0xff, 0xfc, 0x1, 0xff, 0xf8, 0x3, 0xff,
    0xf0, 0x7, 0xff, 0xe0, 0xf, 0xff, 0xc0, 0x1f,
    0xff, 0x80, 0x3f, 0xff, 0x0, 0x7f, 0xfe, 0x0,
    0xff, 0xfc, 0x3, 0xff, 0xf8, 0x7, 0xf7, 0xf8,
    0x1f, 0xef, 0xf8, 0x7f, 0xdf, 0xff, 0xff, 0x3f,
    0xff, 0xfc, 0x7f, 0xff, 0xf0, 0xfe, 0xff, 0xc1,
    0xfc, 0x7e, 0x3, 0xf8, 0x0, 0x7, 0xf0, 0x0,
    0xf, 0xe0, 0x0, 0x1f, 0xc0, 0x0, 0x3f, 0x80,
    0x0, 0x7f, 0x0, 0x0, 0xfe, 0x0, 0x1, 0xfc,
    0x0, 0x3, 0xf8, 0x0, 0x7, 0xf0, 0x0, 0x0,

    /* U+0071 "q" */
    0x1, 0xf8, 0x7e, 0xf, 0xfc, 0xfc, 0x7f, 0xff,
    0xf8, 0xff, 0xff, 0xf3, 0xff, 0xff, 0xef, 0xf8,
    0x7f, 0xdf, 0xe0, 0x7f, 0xbf, 0x80, 0x7f, 0xff,
    0x0, 0xff, 0xfc, 0x1, 0xff, 0xf8, 0x3, 0xff,
    0xf0, 0x7, 0xff, 0xe0, 0xf, 0xff, 0xc0, 0x1f,
    0xff, 0x80, 0x3f, 0xff, 0x0, 0x7f, 0xfe, 0x0,
    0xff, 0xfe, 0x1, 0xfd, 0xfc, 0x3, 0xfb, 0xfc,
    0xf, 0xf7, 0xfc, 0x3f, 0xe7, 0xff, 0xff, 0xc7,
    0xff, 0xff, 0x87, 0xff, 0xff, 0x7, 0xfe, 0xfe,
    0x3, 0xf1, 0xfc, 0x0, 0x3, 0xf8, 0x0, 0x7,
    0xf0, 0x0, 0xf, 0xe0, 0x0, 0x1f, 0xc0, 0x0,
    0x3f, 0x80, 0x0, 0x7f, 0x0, 0x0, 0xfe, 0x0,
    0x1, 0xfc, 0x0, 0x3, 0xf8, 0x0, 0x7, 0xf0,

    /* U+0072 "r" */
    0xfe, 0x3f, 0xfd, 0xff, 0xff, 0xff, 0xff, 0xff,
    0xff, 0xff, 0xff, 0xff, 0xe0, 0x7f, 0x80, 0xfe,
    0x1, 0xfc, 0x3, 0xf8, 0x7, 0xf0, 0xf, 0xe0,
    0x1f, 0xc0, 0x3f, 0x80, 0x7f, 0x0, 0xfe, 0x1,
    0xfc, 0x3, 0xf8, 0x7, 0xf0, 0xf, 0xe0, 0x1f,
    0xc0, 0x3f, 0x80, 0x7f, 0x0, 0xfe, 0x1, 0xfc,
    0x0,

    /* U+0073 "s" */
    0x1, 0xfe, 0x0, 0x1f, 0xff, 0x1, 0xff, 0xfe,
    0xf, 0xff, 0xfc, 0x3f, 0xff, 0xf9, 0xfe, 0xf,
    0xe7, 0xf0, 0x1f, 0xdf, 0xc0, 0x7f, 0x7f, 0x0,
    0x1, 0xfe, 0x0, 0x3, 0xfe, 0x0, 0xf, 0xff,
    0x80, 0x1f, 0xff, 0xc0, 0x1f, 0xff, 0xc0, 0xf,
    0xff, 0x80, 0x3, 0xfe, 0x0, 0x3, 0xff, 0xf8,
    0x7, 0xff, 0xe0, 0x1f, 0xff, 0xc0, 0x7f, 0x7f,
    0x83, 0xfd, 0xff, 0xff, 0xe3, 0xff, 0xff, 0x87,
    0xff, 0xfc, 0x7, 0xff, 0xc0, 0x7, 0xf8, 0x0,

    /* U+0074 "t" */
    0xf, 0xe0, 0x1f, 0xc0, 0x3f, 0x80, 0x7f, 0x0,
    0xfe, 0x1, 0xfc, 0x3, 0xf8, 0x7f, 0xff, 0xff,
    0xff, 0xff, 0xff, 0xff, 0xff, 0xff, 0xf0, 0xfe,
    0x1, 0xfc, 0x3, 0xf8, 0x7, 0xf0, 0xf, 0xe0,
    0x1f, 0xc0, 0x3f, 0x80, 0x7f, 0x0, 0xfe, 0x1,
    0xfc, 0x3, 0xf8, 0x7, 0xf0, 0xf, 0xe0, 0x1f,
    0xc0, 0x3f, 0x80, 0x7f, 0xc0, 0xff, 0xe0, 0xff,
    0xc1, 0xff, 0x81, 0xff, 0x0, 0xfe,

    /* U+0075 "u" */
    0xfe, 0x1, 0xff, 0xf8, 0x7, 0xff, 0xe0, 0x1f,
    0xff, 0x80, 0x7f, 0xfe, 0x1, 0xff, 0xf8, 0x7,
    0xff, 0xe0, 0x1f, 0xff, 0x80, 0x7f, 0xfe, 0x1,
    0xff, 0xf8, 0x7, 0xff, 0xe0, 0x1f, 0xff, 0x80,
    0x7f, 0xfe, 0x1, 0xff, 0xf8, 0x7, 0xff, 0xe0,
    0x1f, 0xff, 0x80, 0x7f, 0xfe, 0x1, 0xff, 0xf8,
    0x7, 0xff, 0xe0, 0x1f, 0xff, 0xc0, 0xff, 0xff,
    0x7, 0xfd, 0xff, 0xff, 0xf7, 0xff, 0xff, 0xcf,
    0xff, 0xff, 0x1f, 0xfd, 0xfc, 0x1f, 0xc7, 0xf0,

    /* U+0076 "v" */
    0xfe, 0x0, 0x7f, 0x7f, 0x0, 0xfe, 0x7f, 0x0,
    0xfe, 0x7f, 0x0, 0xfe, 0x3f, 0x0, 0xfc, 0x3f,
    0x81, 0xfc, 0x3f, 0x81, 0xfc, 0x1f, 0x81, 0xf8,
    0x1f, 0xc3, 0xf8, 0x1f, 0xc3, 0xf8, 0xf, 0xc3,
    0xf0, 0xf, 0xc3, 0xf0, 0xf, 0xe7, 0xf0, 0x7,
    0xe7, 0xe0, 0x7, 0xe7, 0xe0, 0x7, 0xef, 0xe0,
    0x3, 0xff, 0xc0, 0x3, 0xff, 0xc0, 0x3, 0xff,
    0xc0, 0x1, 0xff, 0x80, 0x1, 0xff, 0x80, 0x1,
    0xff, 0x80, 0x0, 0xff, 0x0, 0x0, 0xff, 0x0,
    0x0, 0xff, 0x0, 0x0, 0xfe, 0x0,

    /* U+0077 "w" */
    0xfc, 0x3, 0xe0, 0x1f, 0xfe, 0x1, 0xf0, 0xf,
    0xff, 0x81, 0xfc, 0xf, 0xff, 0xc0, 0xfe, 0x7,
    0xf7, 0xe0, 0x7f, 0x3, 0xf3, 0xf0, 0x7f, 0x81,
    0xf9, 0xf8, 0x3f, 0xe0, 0xfc, 0xfe, 0x1f, 0xf0,
    0xfe, 0x3f, 0xf, 0xf8, 0x7e, 0x1f, 0x8f, 0xbe,
    0x3f, 0xf, 0xc7, 0xdf, 0x1f, 0x87, 0xe3, 0xef,
    0x8f, 0xc1, 0xf9, 0xf7, 0xcf, 0xc0, 0xfd, 0xf1,
    0xf7, 0xe0, 0x7e, 0xf8, 0xfb, 0xf0, 0x3f, 0x7c,
    0x7d, 0xf8, 0xf, 0xfc, 0x1f, 0xf8, 0x7, 0xfe,
    0xf, 0xfc, 0x3, 0xff, 0x7, 0xfe, 0x1, 0xff,
    0x83, 0xff, 0x0, 0x7f, 0x80, 0xff, 0x0, 0x3f,
    0xc0, 0x7f, 0x80, 0x1f, 0xe0, 0x3f, 0xc0, 0xf,
    0xe0, 0xf, 0xe0, 0x3, 0xf0, 0x7, 0xe0, 0x1,
    0xf8, 0x3, 0xf0, 0x0,

    /* U+0078 "x" */
    0xfe, 0x1, 0xfc, 0xfe, 0x3, 0xf9, 0xfc, 0xf,
    0xe1, 0xfc, 0x1f, 0xc3, 0xf8, 0x7f, 0x3, 0xf8,
    0xfe, 0x3, 0xfb, 0xf8, 0x7, 0xff, 0xf0, 0x7,
    0xff, 0xc0, 0xf, 0xff, 0x0, 0xf, 0xfe, 0x0,
    0x1f, 0xf8, 0x0, 0x1f, 0xf0, 0x0, 0x3f, 0xe0,
    0x0, 0xff, 0xe0, 0x3, 0xff, 0xc0, 0x7, 0xff,
    0xc0, 0x1f, 0xff, 0x80, 0x3f, 0xbf, 0x80, 0xfe,
    0x7f, 0x1, 0xfc, 0x7f, 0x7, 0xf0, 0xff, 0x1f,
    0xe0, 0xfe, 0x3f, 0x80, 0xfe, 0xff, 0x1, 0xfd,
    0xfc, 0x1, 0xfc,

    /* U+0079 "y" */
    0xff, 0x0, 0x7f, 0x7f, 0x0, 0x7f, 0x7f, 0x0,
    0xfe, 0x7f, 0x80, 0xfe, 0x3f, 0x80, 0xfe, 0x3f,
    0x81, 0xfc, 0x3f, 0x81, 0xfc, 0x1f, 0xc1, 0xfc,
    0x1f, 0xc1, 0xf8, 0x1f, 0xc3, 0xf8, 0xf, 0xe3,
    0xf8, 0xf, 0xe3, 0xf0, 0xf, 0xe7, 0xf0, 0x7,
    0xe7, 0xf0, 0x7, 0xf7, 0xe0, 0x3, 0xf7, 0xe0,
    0x3, 0xff, 0xe0, 0x3, 0xff, 0xc0, 0x1, 0xff,
    0xc0, 0x1, 0xff, 0xc0, 0x1, 0xff, 0x80, 0x0,
    0xff, 0x80, 0x0, 0xff, 0x80, 0x0, 0xff, 0x0,
    0x0, 0x7f, 0x0, 0x0, 0x7f, 0x0, 0x0, 0x7e,
    0x0, 0x0, 0x7e, 0x0, 0x0, 0xfe, 0x0, 0x0,
    0xfc, 0x0, 0x1, 0xfc, 0x0, 0x1f, 0xf8, 0x0,
    0x1f, 0xf8, 0x0, 0x1f, 0xf0, 0x0, 0x1f, 0xe0,
    0x0, 0x1f, 0xc0, 0x0, 0x6, 0x0, 0x0,

    /* U+007A "z" */
    0x7f, 0xff, 0xfd, 0xff, 0xff, 0xf7, 0xff, 0xff,
    0xdf, 0xff, 0xff, 0x7f, 0xff, 0xf8, 0x0, 0x1f,
    0xc0, 0x0, 0xff, 0x0, 0x7, 0xf8, 0x0, 0x1f,
    0xc0, 0x0, 0xfe, 0x0, 0x7, 0xf8, 0x0, 0x3f,
    0xc0, 0x0, 0xfe, 0x0, 0x7, 0xf8, 0x0, 0x3f,
    0xc0, 0x1, 0xfe, 0x0, 0x7, 0xf0, 0x0, 0x3f,
    0xc0, 0x1, 0xfe, 0x0, 0xf, 0xf0, 0x0, 0x3f,
    0xc0, 0x1, 0xff, 0xff, 0xff, 0xff, 0xff, 0xff,
    0xff, 0xff, 0xff, 0xff, 0xff, 0xff, 0xff, 0xf0,

    /* U+007B "{" */
    0x0, 0x18, 0x1, 0xe0, 0xf, 0x80, 0x7f, 0x3,
    0xf0, 0x1f, 0x80, 0x7e, 0x3, 0xf0, 0xf, 0xc0,
    0x3f, 0x0, 0xfc, 0x3, 0xf0, 0xf, 0xc0, 0x3f,
    0x0, 0xfc, 0x3, 0xf0, 0xf, 0xc0, 0x3f, 0x0,
    0xfc, 0x7, 0xe0, 0x3f, 0x83, 0xfc, 0xf, 0xc0,
    0x3f, 0x0, 0xff, 0x0, 0xfe, 0x1, 0xf8, 0x3,
    0xf0, 0xf, 0xc0, 0x3f, 0x0, 0xfc, 0x3, 0xf0,
    0xf, 0xc0, 0x3f, 0x0, 0xfc, 0x3, 0xf0, 0xf,
    0xc0, 0x3f, 0x0, 0xfc, 0x1, 0xf8, 0x7, 0xe0,
    0xf, 0xc0, 0x1f, 0xc0, 0x3e, 0x0, 0x78, 0x0,
    0x0,

    /* U+007C "|" */
    0xff, 0xff, 0xff, 0xff, 0xff, 0xff, 0xff, 0xff,
    0xff, 0xff, 0xff, 0xff, 0xff, 0xff, 0xff, 0xff,
    0xff, 0xff, 0xff, 0xff,

    /* U+007D "}" */
    0x60, 0x0, 0xf0, 0x1, 0xf8, 0x7, 0xf8, 0x3,
    0xf0, 0x3, 0xf0, 0x7, 0xe0, 0x7, 0xe0, 0xf,
    0xc0, 0x1f, 0x80, 0x3f, 0x0, 0x7e, 0x0, 0xfc,
    0x1, 0xf8, 0x3, 0xf0, 0x7, 0xe0, 0xf, 0xc0,
    0x1f, 0x80, 0x3f, 0x0, 0x3f, 0x0, 0x7f, 0x80,
    0x7f, 0xc0, 0x3f, 0x80, 0x7f, 0x3, 0xfe, 0xf,
    0xe0, 0x1f, 0x80, 0x7e, 0x0, 0xfc, 0x1, 0xf8,
    0x3, 0xf0, 0x7, 0xe0, 0xf, 0xc0, 0x1f, 0x80,
    0x3f, 0x0, 0x7e, 0x0, 0xfc, 0x1, 0xf8, 0x3,
    0xf0, 0xf, 0xc0, 0x1f, 0x80, 0xfe, 0x3, 0xf8,
    0x3, 0xe0, 0x7, 0x80, 0x0, 0x0, 0x0,

    /* U+007E "~" */
    0x7, 0xc0, 0x0, 0x7, 0xfc, 0x1, 0xf3, 0xff,
    0xc0, 0x7d, 0xff, 0xf8, 0x3f, 0x7f, 0xff, 0x1f,
    0xbf, 0x8f, 0xff, 0xef, 0xc1, 0xff, 0xfb, 0xe0,
    0x3f, 0xfc, 0xf8, 0x3, 0xfe, 0x0, 0x0, 0x7e,
    0x0,

    /* U+00A0 " " */
    0x0,

    /* U+00A1 "¡" */
    0x38, 0xfb, 0xff, 0xff, 0xef, 0x8e, 0x0, 0x0,
    0x0, 0x7, 0xff, 0xff, 0xff, 0xff, 0xff, 0xff,
    0xff, 0xff, 0xff, 0xff, 0xff, 0xff, 0xff, 0xff,
    0xff, 0xff, 0xff, 0xff, 0xff, 0xff, 0xf8,

    /* U+00A2 "¢" */
    0x0, 0x7c, 0x0, 0x1, 0xf0, 0x0, 0x7, 0xc0,
    0x0, 0x1f, 0x0, 0x0, 0x7c, 0x0, 0x1, 0xf0,
    0x0, 0xf, 0xe0, 0x1, 0xff, 0xe0, 0xf, 0xff,
    0xe0, 0x7f, 0xff, 0xc3, 0xff, 0xff, 0x8f, 0xff,
    0xfe, 0x7f, 0x83, 0xf9, 0xfc, 0xf, 0xff, 0xf0,
    0x1f, 0xff, 0x80, 0x7f, 0xfe, 0x0, 0x3, 0xf8,
    0x0, 0xf, 0xe0, 0x0, 0x3f, 0x80, 0x0, 0xfe,
    0x0, 0x3, 0xf8, 0x0, 0xf, 0xe0, 0x0, 0x3f,
    0x80, 0x7f, 0x7f, 0x1, 0xfd, 0xfc, 0xf, 0xf3,
    0xf8, 0x3f, 0x8f, 0xff, 0xfe, 0x1f, 0xff, 0xf0,
    0x3f, 0xff, 0x80, 0x7f, 0xfc, 0x0, 0x3f, 0x80,
    0x0, 0x7c, 0x0, 0x1, 0xf0, 0x0, 0x7, 0xc0,
    0x0, 0x1f, 0x0, 0x0, 0x7c, 0x0, 0x1, 0xf0,
    0x0,

    /* U+00A3 "£" */
    0x0, 0x1f, 0xc0, 0x0, 0x7f, 0xfc, 0x0, 0x7f,
    0xff, 0x0, 0x7f, 0xff, 0xc0, 0x7f, 0xff, 0xf0,
    0x3f, 0xc3, 0xf8, 0x3f, 0xc0, 0xfe, 0x1f, 0xc0,
    0x7f, 0xf, 0xe0, 0x3f, 0x87, 0xf0, 0x0, 0x3,
    0xf8, 0x0, 0x1, 0xfc, 0x0, 0x0, 0xfe, 0x0,
    0x0, 0x7f, 0x0, 0x0, 0x3f, 0x80, 0x1, 0xff,
    0xff, 0x80, 0xff, 0xff, 0xc0, 0x7f, 0xff, 0xe0,
    0x3f, 0xff, 0xf0, 0x1f, 0xff, 0xf8, 0x0, 0xfe,
    0x0, 0x0, 0x7f, 0x0, 0x0, 0x3f, 0x80, 0x0,
    0x1f, 0xc0, 0x0, 0xf, 0xe0, 0x0, 0x7, 0xf0,
    0x0, 0x3, 0xf8, 0x0, 0x1, 0xf8, 0x0, 0x1,
    0xfc, 0x0, 0x7, 0xff, 0xff, 0xff, 0xff, 0xff,
    0xff, 0xff, 0xff, 0xff, 0xff, 0xff, 0xff, 0xff,
    0xff, 0xff, 0xc0,

    /* U+00A4 "¤" */
    0x0, 0x0, 0x0, 0x0, 0xc0, 0x7f, 0x80, 0xc7,
    0x87, 0xff, 0x87, 0x9f, 0x7f, 0xff, 0xbf, 0x7f,
    0xff, 0xff, 0xf8, 0xff, 0xff, 0xff, 0xe3, 0xff,
    0x3, 0xff, 0x7, 0xf0, 0x3, 0xf8, 0x1f, 0x0,
    0x3, 0xe0, 0xf8, 0x0, 0x7, 0xc3, 0xe0, 0x0,
    0x1f, 0xf, 0x0, 0x0, 0x3c, 0x7c, 0x0, 0x0,
    0xf9, 0xe0, 0x0, 0x1, 0xe7, 0x80, 0x0, 0x7,
    0x9e, 0x0, 0x0, 0x1e, 0x78, 0x0, 0x0, 0x79,
    0xe0, 0x0, 0x1, 0xe7, 0x80, 0x0, 0x7, 0x9f,
    0x0, 0x0, 0x3e, 0x3c, 0x0, 0x0, 0xf0, 0xf8,
    0x0, 0x7, 0xc3, 0xe0, 0x0, 0x1f, 0x7, 0xc0,
    0x0, 0xf8, 0x1f, 0xc0, 0xf, 0xe0, 0xff, 0xc0,
    0xff, 0xc7, 0xff, 0xff, 0xff, 0xbf, 0xff, 0xff,
    0xff, 0x7d, 0xff, 0xfe, 0x78, 0xe1, 0xff, 0xe0,
    0xc1, 0x1, 0xfe, 0x0, 0x0,

    /* U+00A5 "¥" */
    0xff, 0x0, 0x3f, 0xbf, 0x80, 0x3f, 0xdf, 0xc0,
    0x1f, 0xc7, 0xf0, 0xf, 0xe3, 0xf8, 0xf, 0xe0,
    0xfe, 0x7, 0xf0, 0x7f, 0x7, 0xf0, 0x1f, 0x83,
    0xf8, 0xf, 0xe1, 0xf8, 0x7, 0xf1, 0xfc, 0x1,
    0xf8, 0xfe, 0x0, 0xfe, 0xfe, 0x0, 0x3f, 0x7f,
    0x0, 0x1f, 0xff, 0x0, 0x7, 0xff, 0x80, 0x3,
    0xff, 0x80, 0x0, 0xff, 0xc0, 0x1f, 0xff, 0xff,
    0xf, 0xff, 0xff, 0x87, 0xff, 0xff, 0xc3, 0xff,
    0xff, 0xe0, 0x3, 0xf8, 0x0, 0x1, 0xfc, 0x0,
    0x7f, 0xff, 0xfc, 0x3f, 0xff, 0xfe, 0x1f, 0xff,
    0xff, 0xf, 0xff, 0xff, 0x80, 0xf, 0xe0, 0x0,
    0x7, 0xf0, 0x0, 0x3, 0xf8, 0x0, 0x1, 0xfc,
    0x0, 0x0, 0xfe, 0x0, 0x0, 0x7f, 0x0, 0x0,
    0x3f, 0x80, 0x0,

    /* U+00A6 "¦" */
    0xff, 0xff, 0xff, 0xff, 0xff, 0xff, 0xff, 0xff,
    0xff, 0xff, 0xff, 0xff, 0xff, 0xf0, 0x0, 0x0,
    0xf, 0xff, 0xff, 0xff, 0xff, 0xff, 0xff, 0xff,
    0xff, 0xff, 0xff, 0xff, 0xff, 0xff,

    /* U+00A7 "§" */
    0x0, 0xff, 0xc0, 0x0, 0xff, 0xfc, 0x0, 0xff,
    0xff, 0xc0, 0x7f, 0xff, 0xf8, 0x3f, 0xff, 0xff,
    0xf, 0xf0, 0x3f, 0xc7, 0xf8, 0x7, 0xf9, 0xfc,
    0x0, 0xfe, 0x7f, 0x0, 0x3f, 0x9f, 0xc0, 0x0,
    0x7, 0xf8, 0x0, 0x1, 0xff, 0x0, 0x0, 0x3f,
    0xf8, 0x0, 0x7, 0xff, 0xe0, 0x1, 0xff, 0xff,
    0x0, 0x7f, 0xff, 0xf0, 0x3f, 0xff, 0xfe, 0x1f,
    0xdf, 0xff, 0xcf, 0xe0, 0x7f, 0xfb, 0xf8, 0x3,
    0xff, 0xfe, 0x0, 0x3f, 0xff, 0x80, 0x7, 0xff,
    0xf0, 0x1, 0xff, 0xfe, 0x0, 0x7f, 0x7f, 0xf0,
    0x1f, 0xdf, 0xff, 0x8f, 0xe3, 0xff, 0xff, 0xf8,
    0x7f, 0xff, 0xf8, 0xf, 0xff, 0xfc, 0x0, 0xff,
    0xff, 0x80, 0x7, 0xff, 0xf0, 0x0, 0x3f, 0xfc,
    0x0, 0x1, 0xff, 0x80, 0x0, 0x1f, 0xe0, 0x0,
    0x3, 0xfb, 0xf8, 0x0, 0xfe, 0xfe, 0x0, 0x3f,
    0xbf, 0xc0, 0xf, 0xe7, 0xf8, 0x7, 0xf9, 0xff,
    0xff, 0xfc, 0x3f, 0xff, 0xfe, 0x7, 0xff, 0xff,
    0x80, 0xff, 0xff, 0x80, 0xf, 0xff, 0x80, 0x0,
    0xc, 0x0, 0x0,

    /* U+00A8 "¨" */
    0x38, 0x7, 0x3f, 0x87, 0xff, 0xe1, 0xff, 0xf8,
    0x7f, 0xfe, 0x1f, 0xde, 0x3, 0xe0,

    /* U+00A9 "©" */
    0x0, 0x7, 0xf0, 0x0, 0x0, 0x1f, 0xff, 0x0,
    0x0, 0x3f, 0xff, 0xe0, 0x0, 0x7f, 0x1, 0xf8,
    0x0, 0x7c, 0x0, 0x1f, 0x0, 0x7c, 0x0, 0x7,
    0xc0, 0x3c, 0x0, 0x1, 0xe0, 0x3c, 0xf, 0xe0,
    0x78, 0x3c, 0x1f, 0xf8, 0x1e, 0x1c, 0x1f, 0xff,
    0x7, 0x1e, 0x1f, 0xf, 0x83, 0xce, 0xf, 0x3,
    0xe0, 0xe7, 0x7, 0x80, 0xf0, 0x77, 0x87, 0x80,
    0x78, 0x3f, 0x83, 0xc0, 0x0, 0xf, 0xc1, 0xe0,
    0x0, 0x7, 0xe0, 0xf0, 0x0, 0x3, 0xf0, 0x78,
    0x0, 0x1, 0xf8, 0x3c, 0x0, 0x0, 0xfc, 0x1e,
    0x0, 0x0, 0x7e, 0xf, 0x0, 0x0, 0x3f, 0x7,
    0x80, 0x78, 0x3d, 0xc1, 0xe0, 0x3c, 0x1c, 0xe0,
    0xf0, 0x3e, 0xe, 0x78, 0x7c, 0x3e, 0xf, 0x1c,
    0x1f, 0xff, 0x7, 0xf, 0x7, 0xff, 0x7, 0x83,
    0xc0, 0xfe, 0x7, 0x80, 0xf0, 0x0, 0x7, 0x80,
    0x7c, 0x0, 0x7, 0xc0, 0x1f, 0x0, 0x7, 0xc0,
    0x3, 0xf0, 0x1f, 0x80, 0x0, 0xff, 0xff, 0x80,
    0x0, 0x1f, 0xff, 0x0, 0x0, 0x1, 0xfc, 0x0,
    0x0,

    /* U+00AA "ª" */
    0xf, 0xc0, 0x7f, 0xe1, 0xff, 0xe3, 0xff, 0xcf,
    0x87, 0xde, 0x7, 0x9c, 0xf, 0x0, 0x1e, 0x0,
    0x3c, 0x1f, 0xf8, 0xff, 0xf3, 0xc1, 0xef, 0x3,
    0xde, 0x7, 0xbe, 0x1f, 0x7f, 0xfe, 0x7f, 0xfc,
    0xff, 0x78, 0x7c, 0x78,

    /* U+00AB "«" */
    0x3, 0xc1, 0xe0, 0x7c, 0x3e, 0x7, 0x83, 0xc0,
    0xf8, 0x7c, 0x1f, 0xf, 0x81, 0xf0, 0xf8, 0x3e,
    0x1f, 0x7, 0xc3, 0xf0, 0x7c, 0x3e, 0xf, 0x87,
    0xc0, 0x7c, 0x3e, 0x7, 0xc3, 0xe0, 0x3e, 0x1f,
    0x1, 0xf0, 0xf8, 0x1f, 0xf, 0x80, 0xf8, 0x7c,
    0x7, 0x83, 0xc0, 0x7c, 0x3e, 0x3, 0xc1, 0xe0,

    /* U+00AC "¬" */
    0xff, 0xff, 0xff, 0xff, 0xff, 0xff, 0xff, 0xff,
    0xff, 0xff, 0x0, 0x1, 0xf0, 0x0, 0x1f, 0x0,
    0x1, 0xf0, 0x0, 0x1f, 0x0, 0x1, 0xf0, 0x0,
    0x1f,

    /* U+00AD "­" */
    0xff, 0xff, 0xff, 0xff, 0xff, 0xff, 0xff, 0xff,
    0x80,

    /* U+00AE "®" */
    0x0, 0x7, 0xf0, 0x0, 0x0, 0x1f, 0xff, 0x0,
    0x0, 0x3f, 0xff, 0xe0, 0x0, 0x7f, 0x1, 0xf8,
    0x0, 0x7c, 0x0, 0x1f, 0x0, 0x7c, 0x0, 0x7,
    0xc0, 0x3c, 0x0, 0x1, 0xe0, 0x3c, 0x7f, 0xe0,
    0x78, 0x3c, 0x3f, 0xfc, 0x1e, 0x1c, 0x1f, 0xff,
    0x7, 0x1e, 0xe, 0x3, 0x83, 0xce, 0x7, 0x0,
    0xe0, 0xe7, 0x3, 0x80, 0x70, 0x77, 0x81, 0xc0,
    0x38, 0x3f, 0x80, 0xe0, 0x1c, 0xf, 0xc0, 0x70,
    0x3c, 0x7, 0xe0, 0x3f, 0xfc, 0x3, 0xf0, 0x1f,
    0xfc, 0x1, 0xf8, 0xf, 0xff, 0x80, 0xfc, 0x7,
    0x1, 0xc0, 0x7e, 0x3, 0x80, 0x70, 0x3f, 0x1,
    0xc0, 0x38, 0x3d, 0xc0, 0xe0, 0x1c, 0x1c, 0xe0,
    0x70, 0xe, 0xe, 0x78, 0x38, 0x7, 0xf, 0x1c,
    0x1c, 0x3, 0x87, 0xf, 0xe, 0x1, 0xc7, 0x83,
    0xc0, 0x0, 0x7, 0x80, 0xf0, 0x0, 0x7, 0x80,
    0x7c, 0x0, 0x7, 0xc0, 0x1f, 0x0, 0x7, 0xc0,
    0x3, 0xf0, 0x1f, 0xc0, 0x0, 0xff, 0xff, 0x80,
    0x0, 0x1f, 0xff, 0x0, 0x0, 0x1, 0xfc, 0x0,
    0x0,

    /* U+00AF "¯" */
    0xff, 0xff, 0xff, 0xff, 0xff, 0xff, 0xff, 0xff,

    /* U+00B0 "°" */
    0xf, 0x3, 0xfc, 0x7f, 0xe7, 0xe, 0xf0, 0xfe,
    0x7, 0xe0, 0x7e, 0x7, 0xf0, 0x77, 0xe, 0x7f,
    0xe3, 0xfc, 0xf, 0x0,

    /* U+00B1 "±" */
    0x0, 0xfc, 0x0, 0x3, 0xf0, 0x0, 0xf, 0xc0,
    0x0, 0x3f, 0x0, 0x0, 0xfc, 0x0, 0x3, 0xf0,
    0x0, 0xf, 0xc0, 0x0, 0x3f, 0x0, 0x0, 0xfc,
    0x3, 0xff, 0xff, 0xff, 0xff, 0xff, 0xff, 0xff,
    0xff, 0xff, 0xff, 0xff, 0xff, 0xff, 0xf0, 0xf,
    0xc0, 0x0, 0x3f, 0x0, 0x0, 0xfc, 0x0, 0x3,
    0xf0, 0x0, 0xf, 0xc0, 0x0, 0x3f, 0x0, 0x0,
    0xfc, 0x0, 0x3, 0xf0, 0x0, 0xf, 0xc0, 0x0,
    0x0, 0x0, 0x0, 0x0, 0x0, 0x0, 0x0, 0x7,
    0xff, 0xff, 0x9f, 0xff, 0xfe, 0x7f, 0xff, 0xf9,
    0xff, 0xff, 0xe7, 0xff, 0xff, 0x80,

    /* U+00B2 "²" */
    0xf, 0xc0, 0x7f, 0xe1, 0xff, 0xe3, 0xff, 0xef,
    0xcf, 0xdf, 0xf, 0x80, 0x1f, 0x0, 0x7e, 0x1,
    0xf8, 0x3, 0xe0, 0x1f, 0x80, 0x7e, 0x1, 0xf0,
    0x7, 0xc0, 0x1f, 0xff, 0xbf, 0xff, 0x7f, 0xfe,
    0xff, 0xfc,

    /* U+00B3 "³" */
    0xf, 0xe0, 0x7f, 0xf1, 0xff, 0xf7, 0xff, 0xff,
    0x87, 0xe0, 0x7, 0xc0, 0x1f, 0x83, 0xfe, 0x7,
    0xf0, 0xf, 0xf8, 0x1, 0xf8, 0x1, 0xff, 0x83,
    0xff, 0x8f, 0xff, 0xff, 0xbf, 0xfe, 0x3f, 0xf8,
    0x1f, 0xc0,

    /* U+00B4 "´" */
    0x7, 0xf0, 0xfe, 0x1f, 0xc1, 0xf8, 0x3f, 0x7,
    0xe0, 0x7c, 0x0,

    /* U+00B5 "µ" */
    0xfe, 0x0, 0xff, 0xfc, 0x1, 0xff, 0xf8, 0x3,
    0xff, 0xf0, 0x7, 0xff, 0xe0, 0xf, 0xff, 0xc0,
    0x1f, 0xff, 0x80, 0x3f, 0xff, 0x0, 0x7f, 0xfe,
    0x0, 0xff, 0xfc, 0x1, 0xff, 0xf8, 0x3, 0xff,
    0xf0, 0x7, 0xff, 0xe0, 0xf, 0xff, 0xc0, 0x1f,
    0xff, 0x80, 0x3f, 0xff, 0x0, 0x7f, 0xfe, 0x0,
    0xff, 0xfc, 0x1, 0xff, 0xf8, 0x3, 0xff, 0xf8,
    0xf, 0xff, 0xf8, 0x3f, 0xff, 0xff, 0xff, 0xff,
    0xff, 0xff, 0xff, 0xff, 0xff, 0xff, 0xff, 0xff,
    0xfd, 0xf9, 0xff, 0xf8, 0x0, 0x7, 0xf0, 0x0,
    0xf, 0xe0, 0x0, 0x1f, 0xc0, 0x0, 0x3f, 0x80,
    0x0, 0x7f, 0x0, 0x0, 0xfe, 0x0, 0x1, 0xfc,
    0x0, 0x3, 0xf8, 0x0, 0x7, 0xf0, 0x0, 0x0,

    /* U+00B6 "¶" */
    0x0, 0xff, 0xe0, 0x7f, 0xfc, 0x3f, 0xff, 0x8f,
    0xff, 0xf3, 0xff, 0xfe, 0x7f, 0xff, 0xdf, 0xff,
    0xfb, 0xff, 0xff, 0x7f, 0xff, 0xef, 0xff, 0xff,
    0xff, 0xff, 0xbf, 0xff, 0xf7, 0xff, 0xfe, 0xff,
    0xff, 0xdf, 0xff, 0xfb, 0xff, 0xff, 0x3f, 0xff,
    0xe7, 0xff, 0xfc, 0x7f, 0xff, 0x87, 0xff, 0xf0,
    0x3f, 0xfe, 0x1, 0xff, 0xc0, 0x0, 0xf8, 0x0,
    0x1f, 0x0, 0x3, 0xe0, 0x0, 0x7c, 0x0, 0xf,
    0x80, 0x1, 0xf0, 0x0, 0x3e, 0x0, 0x7, 0xc0,
    0x0, 0xf8, 0x0, 0x1f, 0x0, 0x3, 0xe0, 0x0,
    0x7c,

    /* U+00B7 "·" */
    0x38, 0xfb, 0xff, 0xff, 0xef, 0x8e, 0x0,

    /* U+00B8 "¸" */
    0xf8, 0x7e, 0x3f, 0xc7, 0xf1, 0xf8, 0xfc, 0xff,
    0xff, 0xff, 0x7f, 0x3c, 0x0,

    /* U+00B9 "¹" */
    0x1, 0xc7, 0xff, 0xff, 0xff, 0xff, 0xf9, 0xf0,
    0x7c, 0x1f, 0x7, 0xc1, 0xf0, 0x7c, 0x1f, 0x7,
    0xc1, 0xf0, 0x7c, 0x1f, 0x7, 0xc1, 0xf0,

    /* U+00BA "º" */
    0x7, 0xe0, 0x1f, 0xf8, 0x3f, 0xfc, 0x7f, 0xfe,
    0x7c, 0x3e, 0xf8, 0x1f, 0xf0, 0xf, 0xf0, 0xf,
    0xf0, 0xf, 0xf0, 0xf, 0xf0, 0xf, 0xf0, 0xf,
    0xf0, 0xf, 0xf8, 0x1f, 0x7c, 0x3e, 0x7f, 0xfe,
    0x3f, 0xfc, 0x1f, 0xf8, 0x7, 0xe0,

    /* U+00BB "»" */
    0xf8, 0x7c, 0x7, 0x83, 0xe0, 0x7c, 0x1e, 0x3,
    0xe1, 0xf0, 0x1e, 0xf, 0x81, 0xf0, 0xf8, 0xf,
    0x87, 0xc0, 0xf8, 0x7c, 0x7, 0xc3, 0xe0, 0x7e,
    0x1f, 0x7, 0xc3, 0xe0, 0xf8, 0x7e, 0xf, 0x87,
    0xc1, 0xf0, 0xf8, 0x1e, 0xf, 0x83, 0xe1, 0xf0,
    0x7c, 0x1e, 0x7, 0x83, 0xe0, 0xf8, 0x7c, 0x0,

    /* U+00BC "¼" */
    0x0, 0x0, 0x0, 0x0, 0x7, 0x80, 0x0, 0x0,
    0x7f, 0x0, 0x0, 0x7, 0xfe, 0x0, 0x10, 0xf,
    0xfc, 0x0, 0x38, 0x1f, 0xf8, 0x0, 0xf0, 0x31,
    0xf0, 0x3, 0xe0, 0x3, 0xe0, 0x7, 0x80, 0x7,
    0xc0, 0x1f, 0x0, 0xf, 0x80, 0x3c, 0x0, 0x1f,
    0x0, 0xf0, 0x0, 0x3e, 0x3, 0xe0, 0x0, 0x7c,
    0x7, 0x80, 0x0, 0xf8, 0x1f, 0x0, 0x1, 0xf0,
    0x7c, 0x0, 0x3, 0xe0, 0xf0, 0x0, 0x7, 0xc3,
    0xe0, 0xf8, 0xf, 0x87, 0x83, 0xf0, 0x1f, 0x1f,
    0xf, 0xe0, 0x0, 0x7c, 0x1f, 0xc0, 0x0, 0xf0,
    0x7f, 0x80, 0x3, 0xe1, 0xff, 0x0, 0xf, 0x87,
    0xfe, 0x0, 0x1e, 0xf, 0x7c, 0x0, 0x7c, 0x3c,
    0xf8, 0x0, 0xf0, 0xf1, 0xf0, 0x3, 0xe1, 0xe3,
    0xe0, 0xf, 0x87, 0xff, 0xf0, 0x1e, 0xf, 0xff,
    0xe0, 0x7c, 0x1f, 0xff, 0xc0, 0xf0, 0x3f, 0xff,
    0x80, 0x60, 0x0, 0x7c, 0x0, 0x0, 0x0, 0xf8,
    0x0, 0x0, 0x1, 0xf0, 0x0, 0x0, 0x3, 0xe0,

    /* U+00BD "½" */
    0x1, 0xc0, 0x0, 0x0, 0xf, 0xe0, 0x0, 0x0,
    0x3f, 0xf0, 0x0, 0x0, 0x1f, 0xf8, 0x0, 0xe0,
    0xf, 0xfc, 0x0, 0x78, 0x7, 0x3e, 0x0, 0x78,
    0x0, 0x1f, 0x0, 0x7c, 0x0, 0xf, 0x80, 0x3c,
    0x0, 0x7, 0xc0, 0x3c, 0x0, 0x3, 0xe0, 0x3e,
    0x0, 0x1, 0xf0, 0x1e, 0x0, 0x0, 0xf8, 0x1f,
    0x0, 0x0, 0x7c, 0xf, 0x0, 0x0, 0x3e, 0xf,
    0x0, 0x0, 0x1f, 0xf, 0x80, 0x0, 0xf, 0x87,
    0x87, 0xf0, 0x7, 0xc7, 0xc7, 0xfe, 0x3, 0xe7,
    0xcf, 0xff, 0x80, 0x3, 0xc7, 0xff, 0xe0, 0x3,
    0xe7, 0xe3, 0xf0, 0x1, 0xe3, 0xe0, 0xf8, 0x1,
    0xe1, 0xf0, 0x7c, 0x1, 0xf0, 0x0, 0x7e, 0x0,
    0xf0, 0x0, 0x3e, 0x0, 0xf8, 0x0, 0x3f, 0x0,
    0xf8, 0x0, 0x3f, 0x0, 0x78, 0x0, 0x3e, 0x0,
    0x7c, 0x0, 0x7e, 0x0, 0x3c, 0x0, 0x7e, 0x0,
    0x3e, 0x0, 0x7e, 0x0, 0x6, 0x0, 0x7f, 0xfe,
    0x0, 0x0, 0x3f, 0xff, 0x0, 0x0, 0x1f, 0xff,
    0x80, 0x0, 0xf, 0xff, 0xc0,

    /* U+00BE "¾" */
    0xf, 0xe0, 0x0, 0x0, 0xf, 0xfe, 0x0, 0x0,
    0x7, 0xff, 0xc0, 0x0, 0x3, 0xff, 0xf8, 0x1,
    0x0, 0xfc, 0x7e, 0x0, 0x70, 0x0, 0xf, 0x80,
    0x3e, 0x0, 0x3, 0xe0, 0xf, 0x0, 0x1, 0xf0,
    0x7, 0x80, 0x7, 0xf8, 0x3, 0xe0, 0x1, 0xfc,
    0x0, 0xf0, 0x0, 0x7f, 0xc0, 0x78, 0x0, 0x1,
    0xf8, 0x3e, 0x0, 0x0, 0x3e, 0xf, 0x0, 0x3e,
    0xf, 0x87, 0xc0, 0xf, 0xc7, 0xe1, 0xe0, 0x3,
    0xff, 0xf8, 0xf0, 0x0, 0x7f, 0xfc, 0x7c, 0x3f,
    0xf, 0xfe, 0x1e, 0xf, 0xc0, 0xfe, 0xf, 0x87,
    0xf0, 0x0, 0x3, 0xc3, 0xfc, 0x0, 0x1, 0xe0,
    0xff, 0x0, 0x0, 0xf8, 0x7f, 0xc0, 0x0, 0x3c,
    0x3f, 0xf0, 0x0, 0x1e, 0xf, 0x7c, 0x0, 0x7,
    0x87, 0x9f, 0x0, 0x3, 0xc3, 0xc7, 0xc0, 0x1,
    0xf0, 0xf1, 0xf0, 0x0, 0x78, 0x7f, 0xff, 0x0,
    0x3c, 0x1f, 0xff, 0xc0, 0x1f, 0x7, 0xff, 0xf0,
    0x7, 0x81, 0xff, 0xfc, 0x0, 0x60, 0x0, 0x7c,
    0x0, 0x0, 0x0, 0x1f, 0x0, 0x0, 0x0, 0x7,
    0xc0, 0x0, 0x0, 0x1, 0xf0,

    /* U+00BF "¿" */
    0x0, 0x38, 0x0, 0x3, 0xe0, 0x0, 0x3f, 0x80,
    0x1, 0xfc, 0x0, 0xf, 0xe0, 0x0, 0x3e, 0x0,
    0x0, 0xe0, 0x0, 0x0, 0x0, 0x0, 0x0, 0x0,
    0x0, 0x0, 0x0, 0x0, 0x0, 0x1, 0xf8, 0x0,
    0xf, 0xc0, 0x0, 0x7e, 0x0, 0x7, 0xf0, 0x0,
    0x3f, 0x0, 0x3, 0xf8, 0x0, 0x3f, 0xc0, 0x3,
    0xfc, 0x0, 0x3f, 0xc0, 0x3, 0xfc, 0x0, 0x3f,
    0xc0, 0x1, 0xfc, 0x0, 0x1f, 0xe0, 0x0, 0xfe,
    0x0, 0x7, 0xf0, 0x0, 0x3f, 0x80, 0xff, 0xfc,
    0x7, 0xff, 0xf0, 0x7f, 0xbf, 0x87, 0xf9, 0xff,
    0xff, 0xc7, 0xff, 0xfc, 0x1f, 0xff, 0xc0, 0x7f,
    0xfc, 0x0, 0xff, 0x0,

    /* U+00C0 "À" */
    0x0, 0xfe, 0x0, 0x0, 0x0, 0x7f, 0x0, 0x0,
    0x0, 0x3f, 0x0, 0x0, 0x0, 0x1f, 0x80, 0x0,
    0x0, 0x1f, 0xc0, 0x0, 0x0, 0xf, 0xc0, 0x0,
    0x0, 0x7, 0xe0, 0x0, 0x0, 0x0, 0x0, 0x0,
    0x0, 0x0, 0x0, 0x0, 0x0, 0xf, 0xe0, 0x0,
    0x0, 0xf, 0xf0, 0x0, 0x0, 0xf, 0xf0, 0x0,
    0x0, 0x1f, 0xf0, 0x0, 0x0, 0x1f, 0xf8, 0x0,
    0x0, 0x1f, 0xf8, 0x0, 0x0, 0x3f, 0xfc, 0x0,
    0x0, 0x3f, 0xfc, 0x0, 0x0, 0x7f, 0xfc, 0x0,
    0x0, 0x7f, 0xfe, 0x0, 0x0, 0x7e, 0x7e, 0x0,
    0x0, 0xfe, 0x7e, 0x0, 0x0, 0xfe, 0x7f, 0x0,
    0x0, 0xfc, 0x3f, 0x0, 0x1, 0xfc, 0x3f, 0x80,
    0x1, 0xfc, 0x3f, 0x80, 0x3, 0xf8, 0x1f, 0x80,
    0x3, 0xf8, 0x1f, 0xc0, 0x3, 0xf8, 0x1f, 0xc0,
    0x7, 0xf0, 0xf, 0xc0, 0x7, 0xf0, 0xf, 0xe0,
    0x7, 0xff, 0xff, 0xe0, 0xf, 0xff, 0xff, 0xf0,
    0xf, 0xff, 0xff, 0xf0, 0xf, 0xff, 0xff, 0xf0,
    0x1f, 0xff, 0xff, 0xf8, 0x1f, 0xc0, 0x3, 0xf8,
    0x3f, 0xc0, 0x3, 0xf8, 0x3f, 0x80, 0x1, 0xfc,
    0x3f, 0x80, 0x1, 0xfc, 0x7f, 0x80, 0x1, 0xfe,
    0x7f, 0x0, 0x0, 0xfe, 0x7f, 0x0, 0x0, 0xfe,
    0xff, 0x0, 0x0, 0xff,

    /* U+00C1 "Á" */
    0x0, 0x0, 0x7f, 0x0, 0x0, 0x0, 0xfe, 0x0,
    0x0, 0x0, 0xfc, 0x0, 0x0, 0x1, 0xf8, 0x0,
    0x0, 0x3, 0xf8, 0x0, 0x0, 0x3, 0xf0, 0x0,
    0x0, 0x7, 0xe0, 0x0, 0x0, 0x0, 0x0, 0x0,
    0x0, 0x0, 0x0, 0x0, 0x0, 0xf, 0xe0, 0x0,
    0x0, 0xf, 0xf0, 0x0, 0x0, 0xf, 0xf0, 0x0,
    0x0, 0x1f, 0xf0, 0x0, 0x0, 0x1f, 0xf8, 0x0,
    0x0, 0x1f, 0xf8, 0x0, 0x0, 0x3f, 0xfc, 0x0,
    0x0, 0x3f, 0xfc, 0x0, 0x0, 0x7f, 0xfc, 0x0,
    0x0, 0x7f, 0xfe, 0x0, 0x0, 0x7e, 0x7e, 0x0,
    0x0, 0xfe, 0x7e, 0x0, 0x0, 0xfe, 0x7f, 0x0,
    0x0, 0xfc, 0x3f, 0x0, 0x1, 0xfc, 0x3f, 0x80,
    0x1, 0xfc, 0x3f, 0x80, 0x3, 0xf8, 0x1f, 0x80,
    0x3, 0xf8, 0x1f, 0xc0, 0x3, 0xf8, 0x1f, 0xc0,
    0x7, 0xf0, 0xf, 0xc0, 0x7, 0xf0, 0xf, 0xe0,
    0x7, 0xff, 0xff, 0xe0, 0xf, 0xff, 0xff, 0xf0,
    0xf, 0xff, 0xff, 0xf0, 0xf, 0xff, 0xff, 0xf0,
    0x1f, 0xff, 0xff, 0xf8, 0x1f, 0xc0, 0x3, 0xf8,
    0x3f, 0xc0, 0x3, 0xf8, 0x3f, 0x80, 0x1, 0xfc,
    0x3f, 0x80, 0x1, 0xfc, 0x7f, 0x80, 0x1, 0xfe,
    0x7f, 0x0, 0x0, 0xfe, 0x7f, 0x0, 0x0, 0xfe,
    0xff, 0x0, 0x0, 0xff,

    /* U+00C2 "Â" */
    0x0, 0x3, 0xc0, 0x0, 0x0, 0x7, 0xe0, 0x0,
    0x0, 0xf, 0xf0, 0x0, 0x0, 0x1f, 0xf8, 0x0,
    0x0, 0x3e, 0x7c, 0x0, 0x0, 0xfc, 0x3e, 0x0,
    0x1, 0xf8, 0x1f, 0x0, 0x0, 0x0, 0x0, 0x0,
    0x0, 0x0, 0x0, 0x0, 0x0, 0x0, 0x0, 0x0,
    0x0, 0xf, 0xe0, 0x0, 0x0, 0xf, 0xf0, 0x0,
    0x0, 0xf, 0xf0, 0x0, 0x0, 0x1f, 0xf0, 0x0,
    0x0, 0x1f, 0xf8, 0x0, 0x0, 0x1f, 0xf8, 0x0,
    0x0, 0x3f, 0xfc, 0x0, 0x0, 0x3f, 0xfc, 0x0,
    0x0, 0x7f, 0xfc, 0x0, 0x0, 0x7f, 0xfe, 0x0,
    0x0, 0x7e, 0x7e, 0x0, 0x0, 0xfe, 0x7e, 0x0,
    0x0, 0xfe, 0x7f, 0x0, 0x0, 0xfc, 0x3f, 0x0,
    0x1, 0xfc, 0x3f, 0x80, 0x1, 0xfc, 0x3f, 0x80,
    0x3, 0xf8, 0x1f, 0x80, 0x3, 0xf8, 0x1f, 0xc0,
    0x3, 0xf8, 0x1f, 0xc0, 0x7, 0xf0, 0xf, 0xc0,
    0x7, 0xf0, 0xf, 0xe0, 0x7, 0xff, 0xff, 0xe0,
    0xf, 0xff, 0xff, 0xf0, 0xf, 0xff, 0xff, 0xf0,
    0xf, 0xff, 0xff, 0xf0, 0x1f, 0xff, 0xff, 0xf8,
    0x1f, 0xc0, 0x3, 0xf8, 0x3f, 0xc0, 0x3, 0xf8,
    0x3f, 0x80, 0x1, 0xfc, 0x3f, 0x80, 0x1, 0xfc,
    0x7f, 0x80, 0x1, 0xfe, 0x7f, 0x0, 0x0, 0xfe,
    0x7f, 0x0, 0x0, 0xfe, 0xff, 0x0, 0x0, 0xff,

    /* U+00C3 "Ã" */
    0x0, 0x3c, 0x7, 0x80, 0x0, 0x7f, 0x7, 0x80,
    0x0, 0xff, 0x8f, 0x80, 0x0, 0xff, 0xff, 0x0,
    0x1, 0xff, 0xff, 0x0, 0x1, 0xf1, 0xfe, 0x0,
    0x1, 0xe0, 0x7c, 0x0, 0x0, 0x0, 0x0, 0x0,
    0x0, 0x0, 0x0, 0x0, 0x0, 0x0, 0x0, 0x0,
    0x0, 0xf, 0xe0, 0x0, 0x0, 0xf, 0xf0, 0x0,
    0x0, 0xf, 0xf0, 0x0, 0x0, 0x1f, 0xf8, 0x0,
    0x0, 0x1f, 0xf8, 0x0, 0x0, 0x1f, 0xf8, 0x0,
    0x0, 0x3f, 0xfc, 0x0, 0x0, 0x3f, 0xfc, 0x0,
    0x0, 0x7f, 0xfc, 0x0, 0x0, 0x7f, 0xfe, 0x0,
    0x0, 0x7e, 0x7e, 0x0, 0x0, 0xfe, 0x7f, 0x0,
    0x0, 0xfe, 0x7f, 0x0, 0x0, 0xfc, 0x3f, 0x0,
    0x1, 0xfc, 0x3f, 0x80, 0x1, 0xf8, 0x3f, 0x80,
    0x3, 0xf8, 0x1f, 0xc0, 0x3, 0xf8, 0x1f, 0xc0,
    0x3, 0xf0, 0x1f, 0xc0, 0x7, 0xf0, 0xf, 0xe0,
    0x7, 0xf0, 0xf, 0xe0, 0x7, 0xff, 0xff, 0xe0,
    0xf, 0xff, 0xff, 0xf0, 0xf, 0xff, 0xff, 0xf0,
    0x1f, 0xff, 0xff, 0xf8, 0x1f, 0xff, 0xff, 0xf8,
    0x1f, 0xc0, 0x3, 0xf8, 0x3f, 0x80, 0x3, 0xfc,
    0x3f, 0x80, 0x1, 0xfc, 0x3f, 0x80, 0x1, 0xfc,
    0x7f, 0x0, 0x1, 0xfe, 0x7f, 0x0, 0x0, 0xfe,
    0x7f, 0x0, 0x0, 0xff, 0xfe, 0x0, 0x0, 0xff,

    /* U+00C4 "Ä" */
    0x0, 0x70, 0xe, 0x0, 0x1, 0xfc, 0x3f, 0x80,
    0x1, 0xfc, 0x3f, 0x80, 0x1, 0xfc, 0x3f, 0x80,
    0x1, 0xfc, 0x3f, 0x80, 0x0, 0xf0, 0x1f, 0x0,
    0x0, 0x0, 0x0, 0x0, 0x0, 0x0, 0x0, 0x0,
    0x0, 0x0, 0x0, 0x0, 0x0, 0x7, 0xe0, 0x0,
    0x0, 0x7, 0xe0, 0x0, 0x0, 0xf, 0xf0, 0x0,
    0x0, 0xf, 0xf0, 0x0, 0x0, 0x1f, 0xf0, 0x0,
    0x0, 0x1f, 0xf8, 0x0, 0x0, 0x1f, 0xf8, 0x0,
    0x0, 0x3f, 0xfc, 0x0, 0x0, 0x3f, 0xfc, 0x0,
    0x0, 0x7e, 0x7c, 0x0, 0x0, 0x7e, 0x7e, 0x0,
    0x0, 0x7e, 0x7e, 0x0, 0x0, 0xfc, 0x3f, 0x0,
    0x0, 0xfc, 0x3f, 0x0, 0x0, 0xfc, 0x3f, 0x0,
    0x1, 0xf8, 0x1f, 0x80, 0x1, 0xf8, 0x1f, 0x80,
    0x3, 0xf8, 0x1f, 0xc0, 0x3, 0xf0, 0x1f, 0xc0,
    0x3, 0xf0, 0xf, 0xc0, 0x7, 0xf0, 0xf, 0xe0,
    0x7, 0xff, 0xff, 0xe0, 0xf, 0xff, 0xff, 0xe0,
    0xf, 0xff, 0xff, 0xf0, 0xf, 0xff, 0xff, 0xf0,
    0x1f, 0xff, 0xff, 0xf8, 0x1f, 0xc0, 0x3, 0xf8,
    0x3f, 0xc0, 0x3, 0xf8, 0x3f, 0x80, 0x1, 0xfc,
    0x3f, 0x80, 0x1, 0xfc, 0x7f, 0x80, 0x1, 0xfe,
    0x7f, 0x0, 0x0, 0xfe, 0x7f, 0x0, 0x0, 0xfe,
    0xff, 0x0, 0x0, 0xff,

    /* U+00C5 "Å" */
    0x0, 0x3, 0xc0, 0x0, 0x0, 0xf, 0xf0, 0x0,
    0x0, 0xe, 0x70, 0x0, 0x0, 0x1c, 0x38, 0x0,
    0x0, 0x1c, 0x38, 0x0, 0x0, 0x1c, 0x38, 0x0,
    0x0, 0x1c, 0x38, 0x0, 0x0, 0xe, 0x70, 0x0,
    0x0, 0xf, 0xf0, 0x0, 0x0, 0x3, 0xc0, 0x0,
    0x0, 0x0, 0x0, 0x0, 0x0, 0x0, 0x0, 0x0,
    0x0, 0x7, 0xe0, 0x0, 0x0, 0xf, 0xe0, 0x0,
    0x0, 0xf, 0xf0, 0x0, 0x0, 0xf, 0xf0, 0x0,
    0x0, 0x1f, 0xf0, 0x0, 0x0, 0x1f, 0xf8, 0x0,
    0x0, 0x1f, 0xf8, 0x0, 0x0, 0x3f, 0xfc, 0x0,
    0x0, 0x3f, 0xfc, 0x0, 0x0, 0x7e, 0x7c, 0x0,
    0x0, 0x7e, 0x7e, 0x0, 0x0, 0x7e, 0x7e, 0x0,
    0x0, 0xfc, 0x3f, 0x0, 0x0, 0xfc, 0x3f, 0x0,
    0x1, 0xfc, 0x3f, 0x0, 0x1, 0xf8, 0x3f, 0x80,
    0x1, 0xf8, 0x1f, 0x80, 0x3, 0xf8, 0x1f, 0xc0,
    0x3, 0xf0, 0x1f, 0xc0, 0x3, 0xf0, 0xf, 0xc0,
    0x7, 0xf0, 0xf, 0xe0, 0x7, 0xff, 0xff, 0xe0,
    0xf, 0xff, 0xff, 0xe0, 0xf, 0xff, 0xff, 0xf0,
    0xf, 0xff, 0xff, 0xf0, 0x1f, 0xff, 0xff, 0xf8,
    0x1f, 0xc0, 0x3, 0xf8, 0x3f, 0xc0, 0x3, 0xf8,
    0x3f, 0x80, 0x1, 0xfc, 0x3f, 0x80, 0x1, 0xfc,
    0x7f, 0x80, 0x1, 0xfe, 0x7f, 0x0, 0x0, 0xfe,
    0x7f, 0x0, 0x0, 0xfe, 0xff, 0x0, 0x0, 0xff,

    /* U+00C6 "Æ" */
    0x0, 0x0, 0x3f, 0xff, 0xff, 0xc0, 0x0, 0x3,
    0xff, 0xff, 0xfc, 0x0, 0x0, 0x7f, 0xff, 0xff,
    0xc0, 0x0, 0xf, 0xff, 0xff, 0xfc, 0x0, 0x0,
    0xff, 0xff, 0xff, 0xc0, 0x0, 0x1f, 0xff, 0x0,
    0x0, 0x0, 0x1, 0xff, 0xf0, 0x0, 0x0, 0x0,
    0x3f, 0xbf, 0x0, 0x0, 0x0, 0x3, 0xfb, 0xf0,
    0x0, 0x0, 0x0, 0x7f, 0x3f, 0x0, 0x0, 0x0,
    0x7, 0xf3, 0xf0, 0x0, 0x0, 0x0, 0xfe, 0x3f,
    0x0, 0x0, 0x0, 0xf, 0xe3, 0xf8, 0x0, 0x0,
    0x1, 0xfc, 0x3f, 0x80, 0x0, 0x0, 0x1f, 0xc3,
    0xff, 0xff, 0x0, 0x3, 0xf8, 0x3f, 0xff, 0xf0,
    0x0, 0x7f, 0x83, 0xff, 0xff, 0x0, 0x7, 0xf0,
    0x3f, 0xff, 0xf0, 0x0, 0xff, 0x3, 0xff, 0xff,
    0x0, 0xf, 0xe0, 0x3f, 0x80, 0x0, 0x1, 0xfe,
    0x3, 0xf8, 0x0, 0x0, 0x1f, 0xff, 0xff, 0x80,
    0x0, 0x3, 0xff, 0xff, 0xf8, 0x0, 0x0, 0x3f,
    0xff, 0xff, 0x80, 0x0, 0x7, 0xff, 0xff, 0xf8,
    0x0, 0x0, 0x7f, 0xff, 0xff, 0x80, 0x0, 0xf,
    0xf0, 0x3, 0xf8, 0x0, 0x1, 0xfe, 0x0, 0x3f,
    0x80, 0x0, 0x1f, 0xe0, 0x3, 0xf8, 0x0, 0x3,
    0xfc, 0x0, 0x3f, 0xff, 0xff, 0x3f, 0xc0, 0x3,
    0xff, 0xff, 0xf7, 0xf8, 0x0, 0x1f, 0xff, 0xff,
    0x7f, 0x80, 0x1, 0xff, 0xff, 0xff, 0xf0, 0x0,
    0x1f, 0xff, 0xff,

    /* U+00C7 "Ç" */
    0x0, 0x3f, 0xe0, 0x0, 0xf, 0xff, 0xc0, 0x3,
    0xff, 0xfe, 0x0, 0x7f, 0xff, 0xf8, 0xf, 0xff,
    0xff, 0xc1, 0xff, 0x3, 0xfc, 0x3f, 0xc0, 0x1f,
    0xe3, 0xf8, 0x0, 0xfe, 0x7f, 0x0, 0x7, 0xf7,
    0xf0, 0x0, 0x7f, 0x7f, 0x0, 0x7, 0xff, 0xe0,
    0x0, 0x0, 0xfe, 0x0, 0x0, 0xf, 0xe0, 0x0,
    0x0, 0xfe, 0x0, 0x0, 0xf, 0xe0, 0x0, 0x0,
    0xfe, 0x0, 0x0, 0xf, 0xe0, 0x0, 0x0, 0xfe,
    0x0, 0x0, 0xf, 0xe0, 0x0, 0x0, 0xfe, 0x0,
    0x0, 0xf, 0xe0, 0x0, 0x0, 0xfe, 0x0, 0x7,
    0xf7, 0xf0, 0x0, 0x7f, 0x7f, 0x0, 0x7, 0xf7,
    0xf8, 0x0, 0xff, 0x3f, 0x80, 0x1f, 0xe3, 0xfe,
    0x3, 0xfe, 0x1f, 0xff, 0xff, 0xc0, 0xff, 0xff,
    0xf8, 0x7, 0xff, 0xff, 0x0, 0x3f, 0xff, 0xe0,
    0x1, 0xff, 0xfc, 0x0, 0x3, 0xfe, 0x0, 0x0,
    0x1f, 0x0, 0x0, 0x1, 0xfc, 0x0, 0x0, 0x1f,
    0xe0, 0x0, 0x0, 0x7f, 0x0, 0x0, 0x3, 0xf0,
    0x0, 0x0, 0x3f, 0x0, 0x0, 0x7, 0xf0, 0x0,
    0x1, 0xfe, 0x0, 0x0, 0x1f, 0xe0, 0x0, 0x1,
    0xfc, 0x0, 0x0, 0x1e, 0x0, 0x0,

    /* U+00C8 "È" */
    0xf, 0xe0, 0x0, 0xf, 0xe0, 0x0, 0x1f, 0xc0,
    0x0, 0x1f, 0xc0, 0x0, 0x1f, 0xc0, 0x0, 0x1f,
    0x80, 0x0, 0x1f, 0x80, 0x0, 0x0, 0x0, 0x0,
    0x0, 0x0, 0x0, 0x0, 0x3, 0xff, 0xff, 0xff,
    0xff, 0xff, 0xff, 0xff, 0xff, 0xff, 0xff, 0xff,
    0xff, 0xff, 0xff, 0xff, 0x0, 0x0, 0xfe, 0x0,
    0x1, 0xfc, 0x0, 0x3, 0xf8, 0x0, 0x7, 0xf0,
    0x0, 0xf, 0xe0, 0x0, 0x1f, 0xc0, 0x0, 0x3f,
    0x80, 0x0, 0x7f, 0x0, 0x0, 0xff, 0xff, 0xf9,
    0xff, 0xff, 0xf3, 0xff, 0xff, 0xe7, 0xff, 0xff,
    0xcf, 0xff, 0xff, 0x9f, 0xc0, 0x0, 0x3f, 0x80,
    0x0, 0x7f, 0x0, 0x0, 0xfe, 0x0, 0x1, 0xfc,
    0x0, 0x3, 0xf8, 0x0, 0x7, 0xf0, 0x0, 0xf,
    0xe0, 0x0, 0x1f, 0xc0, 0x0, 0x3f, 0x80, 0x0,
    0x7f, 0xff, 0xff, 0xff, 0xff, 0xff, 0xff, 0xff,
    0xff, 0xff, 0xff, 0xff, 0xff, 0xff, 0xf0,

    /* U+00C9 "É" */
    0x0, 0x7, 0xf0, 0x0, 0x1f, 0xc0, 0x0, 0x3f,
    0x0, 0x0, 0xfc, 0x0, 0x3, 0xf0, 0x0, 0x7,
    0xe0, 0x0, 0x1f, 0x80, 0x0, 0x0, 0x0, 0x0,
    0x0, 0x0, 0x0, 0x0, 0x3, 0xff, 0xff, 0xff,
    0xff, 0xff, 0xff, 0xff, 0xff, 0xff, 0xff, 0xff,
    0xff, 0xff, 0xff, 0xff, 0x0, 0x0, 0xfe, 0x0,
    0x1, 0xfc, 0x0, 0x3, 0xf8, 0x0, 0x7, 0xf0,
    0x0, 0xf, 0xe0, 0x0, 0x1f, 0xc0, 0x0, 0x3f,
    0x80, 0x0, 0x7f, 0x0, 0x0, 0xff, 0xff, 0xf9,
    0xff, 0xff, 0xf3, 0xff, 0xff, 0xe7, 0xff, 0xff,
    0xcf, 0xff, 0xff, 0x9f, 0xc0, 0x0, 0x3f, 0x80,
    0x0, 0x7f, 0x0, 0x0, 0xfe, 0x0, 0x1, 0xfc,
    0x0, 0x3, 0xf8, 0x0, 0x7, 0xf0, 0x0, 0xf,
    0xe0, 0x0, 0x1f, 0xc0, 0x0, 0x3f, 0x80, 0x0,
    0x7f, 0xff, 0xff, 0xff, 0xff, 0xff, 0xff, 0xff,
    0xff, 0xff, 0xff, 0xff, 0xff, 0xff, 0xf0,

    /* U+00CA "Ê" */
    0x0, 0x3c, 0x0, 0x0, 0xfc, 0x0, 0x3, 0xfc,
    0x0, 0x1f, 0xfc, 0x0, 0x7e, 0x7c, 0x1, 0xf8,
    0x7c, 0x7, 0xe0, 0x7c, 0x0, 0x0, 0x0, 0x0,
    0x0, 0x0, 0x0, 0x0, 0x3, 0xff, 0xff, 0xff,
    0xff, 0xff, 0xff, 0xff, 0xff, 0xff, 0xff, 0xff,
    0xff, 0xff, 0xff, 0xff, 0x0, 0x0, 0xfe, 0x0,
    0x1, 0xfc, 0x0, 0x3, 0xf8, 0x0, 0x7, 0xf0,
    0x0, 0xf, 0xe0, 0x0, 0x1f, 0xc0, 0x0, 0x3f,
    0x80, 0x0, 0x7f, 0x0, 0x0, 0xff, 0xff, 0xf9,
    0xff, 0xff, 0xf3, 0xff, 0xff, 0xe7, 0xff, 0xff,
    0xcf, 0xff, 0xff, 0x9f, 0xc0, 0x0, 0x3f, 0x80,
    0x0, 0x7f, 0x0, 0x0, 0xfe, 0x0, 0x1, 0xfc,
    0x0, 0x3, 0xf8, 0x0, 0x7, 0xf0, 0x0, 0xf,
    0xe0, 0x0, 0x1f, 0xc0, 0x0, 0x3f, 0x80, 0x0,
    0x7f, 0xff, 0xff, 0xff, 0xff, 0xff, 0xff, 0xff,
    0xff, 0xff, 0xff, 0xff, 0xff, 0xff, 0xf0,

    /* U+00CB "Ë" */
    0x7, 0x0, 0xe0, 0x3f, 0x87, 0xf0, 0x7f, 0xf,
    0xe0, 0xfe, 0x1f, 0xc1, 0xfc, 0x3f, 0x81, 0xe0,
    0x3e, 0x0, 0x0, 0x0, 0x0, 0x0, 0x0, 0x0,
    0x0, 0x1, 0xff, 0xff, 0xff, 0xff, 0xff, 0xff,
    0xff, 0xff, 0xff, 0xff, 0xff, 0xff, 0xff, 0xff,
    0xff, 0x80, 0x0, 0x7f, 0x0, 0x0, 0xfe, 0x0,
    0x1, 0xfc, 0x0, 0x3, 0xf8, 0x0, 0x7, 0xf0,
    0x0, 0xf, 0xe0, 0x0, 0x1f, 0xc0, 0x0, 0x3f,
    0x80, 0x0, 0x7f, 0xff, 0xfc, 0xff, 0xff, 0xf9,
    0xff, 0xff, 0xf3, 0xff, 0xff, 0xe7, 0xff, 0xff,
    0xcf, 0xe0, 0x0, 0x1f, 0xc0, 0x0, 0x3f, 0x80,
    0x0, 0x7f, 0x0, 0x0, 0xfe, 0x0, 0x1, 0xfc,
    0x0, 0x3, 0xf8, 0x0, 0x7, 0xf0, 0x0, 0xf,
    0xe0, 0x0, 0x1f, 0xc0, 0x0, 0x3f, 0xff, 0xff,
    0xff, 0xff, 0xff, 0xff, 0xff, 0xff, 0xff, 0xff,
    0xff, 0xff, 0xff, 0xf8,

    /* U+00CC "Ì" */
    0xff, 0x7, 0xf0, 0x3f, 0x81, 0xfc, 0xf, 0xc0,
    0x7e, 0x3, 0xe0, 0x0, 0x0, 0x0, 0x0, 0x7,
    0xf0, 0x7f, 0x7, 0xf0, 0x7f, 0x7, 0xf0, 0x7f,
    0x7, 0xf0, 0x7f, 0x7, 0xf0, 0x7f, 0x7, 0xf0,
    0x7f, 0x7, 0xf0, 0x7f, 0x7, 0xf0, 0x7f, 0x7,
    0xf0, 0x7f, 0x7, 0xf0, 0x7f, 0x7, 0xf0, 0x7f,
    0x7, 0xf0, 0x7f, 0x7, 0xf0, 0x7f, 0x7, 0xf0,
    0x7f, 0x7, 0xf0, 0x7f, 0x7, 0xf0, 0x7f, 0x7,
    0xf0, 0x7f,

    /* U+00CD "Í" */
    0x7, 0xf0, 0xfe, 0x1f, 0xc1, 0xf8, 0x3f, 0x7,
    0xe0, 0x7c, 0x0, 0x0, 0x0, 0x0, 0x0, 0xfe,
    0xf, 0xe0, 0xfe, 0xf, 0xe0, 0xfe, 0xf, 0xe0,
    0xfe, 0xf, 0xe0, 0xfe, 0xf, 0xe0, 0xfe, 0xf,
    0xe0, 0xfe, 0xf, 0xe0, 0xfe, 0xf, 0xe0, 0xfe,
    0xf, 0xe0, 0xfe, 0xf, 0xe0, 0xfe, 0xf, 0xe0,
    0xfe, 0xf, 0xe0, 0xfe, 0xf, 0xe0, 0xfe, 0xf,
    0xe0, 0xfe, 0xf, 0xe0, 0xfe, 0xf, 0xe0, 0xfe,
    0xf, 0xe0,

    /* U+00CE "Î" */
    0x3, 0xc0, 0x1, 0xfc, 0x0, 0xff, 0x80, 0x7f,
    0xf0, 0x3f, 0x7e, 0x1f, 0x8f, 0xcf, 0x80, 0xf8,
    0x0, 0x0, 0x0, 0x0, 0x0, 0x0, 0x0, 0x7f,
    0x0, 0x1f, 0xc0, 0x7, 0xf0, 0x1, 0xfc, 0x0,
    0x7f, 0x0, 0x1f, 0xc0, 0x7, 0xf0, 0x1, 0xfc,
    0x0, 0x7f, 0x0, 0x1f, 0xc0, 0x7, 0xf0, 0x1,
    0xfc, 0x0, 0x7f, 0x0, 0x1f, 0xc0, 0x7, 0xf0,
    0x1, 0xfc, 0x0, 0x7f, 0x0, 0x1f, 0xc0, 0x7,
    0xf0, 0x1, 0xfc, 0x0, 0x7f, 0x0, 0x1f, 0xc0,
    0x7, 0xf0, 0x1, 0xfc, 0x0, 0x7f, 0x0, 0x1f,
    0xc0, 0x7, 0xf0, 0x1, 0xfc, 0x0, 0x7f, 0x0,
    0x1f, 0xc0, 0x7, 0xf0, 0x1, 0xfc, 0x0, 0x7f,
    0x0, 0x1f, 0xc0,

    /* U+00CF "Ï" */
    0x38, 0x7, 0x3f, 0x87, 0xff, 0xe1, 0xff, 0xf8,
    0x7f, 0xfe, 0x1f, 0xde, 0x3, 0xe0, 0x0, 0x0,
    0x0, 0x0, 0x0, 0x0, 0x0, 0xfe, 0x0, 0x3f,
    0x80, 0xf, 0xe0, 0x3, 0xf8, 0x0, 0xfe, 0x0,
    0x3f, 0x80, 0xf, 0xe0, 0x3, 0xf8, 0x0, 0xfe,
    0x0, 0x3f, 0x80, 0xf, 0xe0, 0x3, 0xf8, 0x0,
    0xfe, 0x0, 0x3f, 0x80, 0xf, 0xe0, 0x3, 0xf8,
    0x0, 0xfe, 0x0, 0x3f, 0x80, 0xf, 0xe0, 0x3,
    0xf8, 0x0, 0xfe, 0x0, 0x3f, 0x80, 0xf, 0xe0,
    0x3, 0xf8, 0x0, 0xfe, 0x0, 0x3f, 0x80, 0xf,
    0xe0, 0x3, 0xf8, 0x0, 0xfe, 0x0, 0x3f, 0x80,
    0xf, 0xe0, 0x3, 0xf8, 0x0, 0xfe, 0x0, 0x3f,
    0x80,

    /* U+00D0 "Ð" */
    0xf, 0xff, 0xe0, 0x0, 0x3f, 0xff, 0xf0, 0x0,
    0xff, 0xff, 0xe0, 0x3, 0xff, 0xff, 0xe0, 0xf,
    0xff, 0xff, 0xc0, 0x3f, 0x80, 0xff, 0x80, 0xfe,
    0x1, 0xfe, 0x3, 0xf8, 0x1, 0xfc, 0xf, 0xe0,
    0x7, 0xf0, 0x3f, 0x80, 0xf, 0xe0, 0xfe, 0x0,
    0x3f, 0x83, 0xf8, 0x0, 0xfe, 0xf, 0xe0, 0x1,
    0xfc, 0x3f, 0x80, 0x7, 0xf0, 0xfe, 0x0, 0x1f,
    0xff, 0xff, 0xe0, 0x7f, 0xff, 0xff, 0x81, 0xff,
    0xff, 0xfe, 0x7, 0xff, 0xff, 0xf8, 0x1f, 0xc3,
    0xf8, 0x0, 0x7f, 0xf, 0xe0, 0x1, 0xfc, 0x3f,
    0x80, 0x7, 0xf0, 0xfe, 0x0, 0x3f, 0x83, 0xf8,
    0x0, 0xfe, 0xf, 0xe0, 0x3, 0xf8, 0x3f, 0x80,
    0x1f, 0xc0, 0xfe, 0x0, 0xff, 0x3, 0xf8, 0x7,
    0xf8, 0xf, 0xe0, 0x3f, 0xe0, 0x3f, 0xff, 0xff,
    0x0, 0xff, 0xff, 0xf8, 0x3, 0xff, 0xff, 0x80,
    0xf, 0xff, 0xfc, 0x0, 0x3f, 0xff, 0x80, 0x0,

    /* U+00D1 "Ñ" */
    0x0, 0xf0, 0x1e, 0x0, 0x1f, 0xc1, 0xe0, 0x3,
    0xfe, 0x3e, 0x0, 0x3f, 0xff, 0xc0, 0x7, 0xff,
    0xfc, 0x0, 0x7c, 0x7f, 0x80, 0x7, 0x81, 0xf0,
    0x0, 0x0, 0x0, 0x0, 0x0, 0x0, 0x0, 0x0,
    0x0, 0x0, 0x0, 0xfe, 0x0, 0x7, 0xff, 0xf0,
    0x0, 0x7f, 0xff, 0x80, 0x7, 0xff, 0xf8, 0x0,
    0x7f, 0xff, 0xc0, 0x7, 0xff, 0xfc, 0x0, 0x7f,
    0xff, 0xe0, 0x7, 0xff, 0xff, 0x0, 0x7f, 0xff,
    0xf0, 0x7, 0xff, 0xff, 0x80, 0x7f, 0xff, 0xf8,
    0x7, 0xff, 0xff, 0xc0, 0x7f, 0xfe, 0xfe, 0x7,
    0xff, 0xef, 0xe0, 0x7f, 0xfe, 0x7f, 0x7, 0xff,
    0xe3, 0xf8, 0x7f, 0xfe, 0x3f, 0x87, 0xff, 0xe1,
    0xfc, 0x7f, 0xfe, 0x1f, 0xc7, 0xff, 0xe0, 0xfe,
    0x7f, 0xfe, 0x7, 0xf7, 0xff, 0xe0, 0x7f, 0x7f,
    0xfe, 0x3, 0xff, 0xff, 0xe0, 0x1f, 0xff, 0xfe,
    0x1, 0xff, 0xff, 0xe0, 0xf, 0xff, 0xfe, 0x0,
    0xff, 0xff, 0xe0, 0x7, 0xff, 0xfe, 0x0, 0x3f,
    0xff, 0xe0, 0x3, 0xff, 0xfe, 0x0, 0x1f, 0xff,
    0xe0, 0x1, 0xff, 0xfe, 0x0, 0xf, 0xff, 0xe0,
    0x0, 0x7f,

    /* U+00D2 "Ò" */
    0x3, 0xfc, 0x0, 0x0, 0xf, 0xe0, 0x0, 0x0,
    0x3f, 0x80, 0x0, 0x0, 0xfe, 0x0, 0x0, 0x3,
    0xf0, 0x0, 0x0, 0xf, 0xc0, 0x0, 0x0, 0x3f,
    0x0, 0x0, 0x0, 0x0, 0x0, 0x0, 0x0, 0x0,
    0x0, 0x0, 0x0, 0x0, 0x0, 0xf, 0xf8, 0x0,
    0x1, 0xff, 0xf0, 0x0, 0x3f, 0xff, 0xe0, 0x3,
    0xff, 0xff, 0x80, 0x3f, 0xff, 0xfe, 0x3, 0xfe,
    0xf, 0xf8, 0x3f, 0xc0, 0x1f, 0xe1, 0xfc, 0x0,
    0x7f, 0x1f, 0xe0, 0x3, 0xfc, 0xfe, 0x0, 0xf,
    0xe7, 0xf0, 0x0, 0x7f, 0x7f, 0x0, 0x1, 0xff,
    0xf8, 0x0, 0xf, 0xff, 0xc0, 0x0, 0x7f, 0xfe,
    0x0, 0x3, 0xff, 0xf0, 0x0, 0x1f, 0xff, 0x80,
    0x0, 0xff, 0xfc, 0x0, 0x7, 0xff, 0xe0, 0x0,
    0x3f, 0xff, 0x0, 0x1, 0xff, 0xf8, 0x0, 0xf,
    0xff, 0xc0, 0x0, 0x7f, 0xfe, 0x0, 0x3, 0xfb,
    0xf8, 0x0, 0x3f, 0x9f, 0xc0, 0x1, 0xfc, 0xff,
    0x0, 0x1f, 0xe3, 0xf8, 0x0, 0xfe, 0x1f, 0xe0,
    0xf, 0xf0, 0x7f, 0xc1, 0xff, 0x1, 0xff, 0xff,
    0xf0, 0x7, 0xff, 0xff, 0x0, 0x1f, 0xff, 0xf0,
    0x0, 0x3f, 0xfe, 0x0, 0x0, 0x7f, 0x80, 0x0,

    /* U+00D3 "Ó" */
    0x0, 0x0, 0xfe, 0x0, 0x0, 0xf, 0xe0, 0x0,
    0x0, 0xfe, 0x0, 0x0, 0x7, 0xe0, 0x0, 0x0,
    0x7e, 0x0, 0x0, 0x7, 0xe0, 0x0, 0x0, 0x3e,
    0x0, 0x0, 0x0, 0x0, 0x0, 0x0, 0x0, 0x0,
    0x0, 0x0, 0x0, 0x0, 0x0, 0xf, 0xf8, 0x0,
    0x1, 0xff, 0xf0, 0x0, 0x3f, 0xff, 0xe0, 0x3,
    0xff, 0xff, 0x80, 0x3f, 0xff, 0xfe, 0x3, 0xfe,
    0xf, 0xf8, 0x3f, 0xc0, 0x1f, 0xe1, 0xfc, 0x0,
    0x7f, 0x1f, 0xe0, 0x3, 0xfc, 0xfe, 0x0, 0xf,
    0xe7, 0xf0, 0x0, 0x7f, 0x7f, 0x0, 0x1, 0xff,
    0xf8, 0x0, 0xf, 0xff, 0xc0, 0x0, 0x7f, 0xfe,
    0x0, 0x3, 0xff, 0xf0, 0x0, 0x1f, 0xff, 0x80,
    0x0, 0xff, 0xfc, 0x0, 0x7, 0xff, 0xe0, 0x0,
    0x3f, 0xff, 0x0, 0x1, 0xff, 0xf8, 0x0, 0xf,
    0xff, 0xc0, 0x0, 0x7f, 0xfe, 0x0, 0x3, 0xfb,
    0xf8, 0x0, 0x3f, 0x9f, 0xc0, 0x1, 0xfc, 0xff,
    0x0, 0x1f, 0xe3, 0xf8, 0x0, 0xfe, 0x1f, 0xe0,
    0xf, 0xf0, 0x7f, 0xc1, 0xff, 0x1, 0xff, 0xff,
    0xf0, 0x7, 0xff, 0xff, 0x0, 0x1f, 0xff, 0xf0,
    0x0, 0x3f, 0xfe, 0x0, 0x0, 0x7f, 0x80, 0x0,

    /* U+00D4 "Ô" */
    0x0, 0xf, 0x80, 0x0, 0x0, 0xfe, 0x0, 0x0,
    0xf, 0xf8, 0x0, 0x0, 0xfb, 0xe0, 0x0, 0x1f,
    0x8f, 0x80, 0x1, 0xf8, 0x3e, 0x0, 0x1f, 0x80,
    0xfc, 0x0, 0x0, 0x0, 0x0, 0x0, 0x0, 0x0,
    0x0, 0x0, 0x0, 0x0, 0x0, 0xf, 0xf8, 0x0,
    0x1, 0xff, 0xf0, 0x0, 0x3f, 0xff, 0xe0, 0x3,
    0xff, 0xff, 0x80, 0x3f, 0xff, 0xfe, 0x3, 0xfe,
    0xf, 0xf8, 0x3f, 0xc0, 0x1f, 0xe1, 0xfc, 0x0,
    0x7f, 0x1f, 0xe0, 0x3, 0xfc, 0xfe, 0x0, 0xf,
    0xe7, 0xf0, 0x0, 0x7f, 0x7f, 0x0, 0x1, 0xff,
    0xf8, 0x0, 0xf, 0xff, 0xc0, 0x0, 0x7f, 0xfe,
    0x0, 0x3, 0xff, 0xf0, 0x0, 0x1f, 0xff, 0x80,
    0x0, 0xff, 0xfc, 0x0, 0x7, 0xff, 0xe0, 0x0,
    0x3f, 0xff, 0x0, 0x1, 0xff, 0xf8, 0x0, 0xf,
    0xff, 0xc0, 0x0, 0x7f, 0xfe, 0x0, 0x3, 0xfb,
    0xf8, 0x0, 0x3f, 0x9f, 0xc0, 0x1, 0xfc, 0xff,
    0x0, 0x1f, 0xe3, 0xf8, 0x0, 0xfe, 0x1f, 0xe0,
    0xf, 0xf0, 0x7f, 0xc1, 0xff, 0x1, 0xff, 0xff,
    0xf0, 0x7, 0xff, 0xff, 0x0, 0x1f, 0xff, 0xf0,
    0x0, 0x3f, 0xfe, 0x0, 0x0, 0x7f, 0x80, 0x0,

    /* U+00D5 "Õ" */
    0x0, 0x78, 0x1e, 0x0, 0x7, 0xf1, 0xf0, 0x0,
    0x7f, 0xff, 0x80, 0x7, 0xff, 0xf8, 0x0, 0x3f,
    0xff, 0x80, 0x1, 0xe0, 0xf8, 0x0, 0x0, 0x0,
    0x0, 0x0, 0x0, 0x0, 0x0, 0x0, 0x0, 0x0,
    0x0, 0x0, 0x0, 0x0, 0x0, 0xf, 0xf8, 0x0,
    0x1, 0xff, 0xf0, 0x0, 0x3f, 0xff, 0xe0, 0x3,
    0xff, 0xff, 0x80, 0x3f, 0xff, 0xfe, 0x3, 0xfe,
    0xf, 0xf8, 0x3f, 0xc0, 0x1f, 0xe1, 0xfc, 0x0,
    0x7f, 0x1f, 0xe0, 0x3, 0xfc, 0xfe, 0x0, 0xf,
    0xe7, 0xf0, 0x0, 0x7f, 0x7f, 0x0, 0x1, 0xff,
    0xf8, 0x0, 0xf, 0xff, 0xc0, 0x0, 0x7f, 0xfe,
    0x0, 0x3, 0xff, 0xf0, 0x0, 0x1f, 0xff, 0x80,
    0x0, 0xff, 0xfc, 0x0, 0x7, 0xff, 0xe0, 0x0,
    0x3f, 0xff, 0x0, 0x1, 0xff, 0xf8, 0x0, 0xf,
    0xff, 0xc0, 0x0, 0x7f, 0xfe, 0x0, 0x3, 0xfb,
    0xf8, 0x0, 0x3f, 0x9f, 0xc0, 0x1, 0xfc, 0xff,
    0x0, 0x1f, 0xe3, 0xf8, 0x0, 0xfe, 0x1f, 0xe0,
    0xf, 0xf0, 0x7f, 0xc1, 0xff, 0x1, 0xff, 0xff,
    0xf0, 0x7, 0xff, 0xff, 0x0, 0x1f, 0xff, 0xf0,
    0x0, 0x3f, 0xfe, 0x0, 0x0, 0x7f, 0x80, 0x0,

    /* U+00D6 "Ö" */
    0x1, 0xc0, 0x1c, 0x0, 0x3f, 0x83, 0xf8, 0x1,
    0xfc, 0x1f, 0xc0, 0xf, 0xe0, 0xfe, 0x0, 0x7f,
    0x7, 0xf0, 0x1, 0xe0, 0x1f, 0x0, 0x0, 0x0,
    0x0, 0x0, 0x0, 0x0, 0x0, 0x0, 0x0, 0x0,
    0x0, 0x1, 0xff, 0x0, 0x0, 0x3f, 0xfe, 0x0,
    0x7, 0xff, 0xfc, 0x0, 0x7f, 0xff, 0xf0, 0x7,
    0xff, 0xff, 0xc0, 0x7f, 0xc1, 0xff, 0x7, 0xf8,
    0x3, 0xfc, 0x3f, 0x80, 0xf, 0xe3, 0xfc, 0x0,
    0x7f, 0x9f, 0xc0, 0x1, 0xfc, 0xfe, 0x0, 0xf,
    0xef, 0xe0, 0x0, 0x3f, 0xff, 0x0, 0x1, 0xff,
    0xf8, 0x0, 0xf, 0xff, 0xc0, 0x0, 0x7f, 0xfe,
    0x0, 0x3, 0xff, 0xf0, 0x0, 0x1f, 0xff, 0x80,
    0x0, 0xff, 0xfc, 0x0, 0x7, 0xff, 0xe0, 0x0,
    0x3f, 0xff, 0x0, 0x1, 0xff, 0xf8, 0x0, 0xf,
    0xff, 0xc0, 0x0, 0x7f, 0x7f, 0x0, 0x7, 0xf3,
    0xf8, 0x0, 0x3f, 0x9f, 0xe0, 0x3, 0xfc, 0x7f,
    0x0, 0x1f, 0xc3, 0xfc, 0x1, 0xfe, 0xf, 0xf8,
    0x3f, 0xe0, 0x3f, 0xff, 0xfe, 0x0, 0xff, 0xff,
    0xe0, 0x3, 0xff, 0xfe, 0x0, 0x7, 0xff, 0xc0,
    0x0, 0xf, 0xf0, 0x0,

    /* U+00D7 "×" */
    0x10, 0x0, 0x60, 0xe0, 0x3, 0xc7, 0xc0, 0x1f,
    0xbf, 0x80, 0xff, 0xff, 0x7, 0xf9, 0xfe, 0x3f,
    0xc3, 0xfd, 0xfe, 0x7, 0xff, 0xf0, 0xf, 0xff,
    0x80, 0x1f, 0xfc, 0x0, 0x3f, 0xe0, 0x0, 0xff,
    0x80, 0x7, 0xff, 0x0, 0x3f, 0xfe, 0x1, 0xff,
    0xfc, 0xf, 0xf7, 0xf8, 0x7f, 0x8f, 0xf3, 0xfc,
    0x1f, 0xef, 0xe0, 0x3f, 0xdf, 0x0, 0x7e, 0x38,
    0x0, 0xf0, 0x40, 0x1, 0x80,

    /* U+00D8 "Ø" */
    0x0, 0x0, 0x1, 0xf0, 0x0, 0x0, 0xf, 0x0,
    0xf, 0xf8, 0xf0, 0x1, 0xff, 0xff, 0x80, 0x3f,
    0xff, 0xf8, 0x3, 0xff, 0xff, 0xc0, 0x3f, 0xff,
    0xfe, 0x3, 0xfe, 0xf, 0xf8, 0x3f, 0xc0, 0x1f,
    0xe1, 0xfc, 0x1, 0xff, 0x1f, 0xe0, 0x1f, 0xfc,
    0xfe, 0x0, 0xff, 0xe7, 0xf0, 0xf, 0x7f, 0x7f,
    0x0, 0x79, 0xff, 0xf8, 0x7, 0x8f, 0xff, 0xc0,
    0x7c, 0x7f, 0xfe, 0x3, 0xc3, 0xff, 0xf0, 0x3c,
    0x1f, 0xff, 0x81, 0xe0, 0xff, 0xfc, 0x1e, 0x7,
    0xff, 0xe1, 0xf0, 0x3f, 0xff, 0xf, 0x1, 0xff,
    0xf8, 0xf0, 0xf, 0xff, 0xc7, 0x80, 0x7f, 0xfe,
    0x78, 0x3, 0xfb, 0xff, 0xc0, 0x3f, 0x9f, 0xfc,
    0x1, 0xfc, 0xff, 0xe0, 0x1f, 0xe3, 0xfe, 0x0,
    0xfe, 0x1f, 0xe0, 0xf, 0xf0, 0x7f, 0xc1, 0xff,
    0x1, 0xff, 0xff, 0xf0, 0xf, 0xff, 0xff, 0x0,
    0x7f, 0xff, 0xf0, 0x7, 0xbf, 0xfe, 0x0, 0x7c,
    0x7f, 0x80, 0x3, 0xc0, 0x0, 0x0, 0x3e, 0x0,
    0x0, 0x0,

    /* U+00D9 "Ù" */
    0x7, 0xf0, 0x0, 0x0, 0xfe, 0x0, 0x0, 0x1f,
    0x80, 0x0, 0x3, 0xf0, 0x0, 0x0, 0xfe, 0x0,
    0x0, 0x1f, 0x80, 0x0, 0x3, 0xf0, 0x0, 0x0,
    0x0, 0x0, 0x0, 0x0, 0x0, 0x0, 0x0, 0x0,
    0xf, 0xe0, 0x1, 0xff, 0xf8, 0x0, 0x7f, 0xfe,
    0x0, 0x1f, 0xff, 0x80, 0x7, 0xff, 0xe0, 0x1,
    0xff, 0xf8, 0x0, 0x7f, 0xfe, 0x0, 0x1f, 0xff,
    0x80, 0x7, 0xff, 0xe0, 0x1, 0xff, 0xf8, 0x0,
    0x7f, 0xfe, 0x0, 0x1f, 0xff, 0x80, 0x7, 0xff,
    0xe0, 0x1, 0xff, 0xf8, 0x0, 0x7f, 0xfe, 0x0,
    0x1f, 0xff, 0x80, 0x7, 0xff, 0xe0, 0x1, 0xff,
    0xf8, 0x0, 0x7f, 0xfe, 0x0, 0x1f, 0xff, 0x80,
    0x7, 0xff, 0xe0, 0x1, 0xff, 0xf8, 0x0, 0x7f,
    0xfe, 0x0, 0x1f, 0xff, 0x80, 0x7, 0xff, 0xe0,
    0x1, 0xff, 0xf8, 0x0, 0x7f, 0x7f, 0x0, 0x3f,
    0x9f, 0xe0, 0x1f, 0xe3, 0xfc, 0xf, 0xf0, 0xff,
    0xff, 0xfc, 0x1f, 0xff, 0xfe, 0x3, 0xff, 0xff,
    0x0, 0x3f, 0xff, 0x0, 0x1, 0xfe, 0x0,

    /* U+00DA "Ú" */
    0x0, 0x3, 0xf8, 0x0, 0x1, 0xfc, 0x0, 0x0,
    0x7e, 0x0, 0x0, 0x3f, 0x0, 0x0, 0x1f, 0x80,
    0x0, 0x7, 0xe0, 0x0, 0x3, 0xf0, 0x0, 0x0,
    0x0, 0x0, 0x0, 0x0, 0x0, 0x0, 0x0, 0x0,
    0xf, 0xe0, 0x1, 0xff, 0xf8, 0x0, 0x7f, 0xfe,
    0x0, 0x1f, 0xff, 0x80, 0x7, 0xff, 0xe0, 0x1,
    0xff, 0xf8, 0x0, 0x7f, 0xfe, 0x0, 0x1f, 0xff,
    0x80, 0x7, 0xff, 0xe0, 0x1, 0xff, 0xf8, 0x0,
    0x7f, 0xfe, 0x0, 0x1f, 0xff, 0x80, 0x7, 0xff,
    0xe0, 0x1, 0xff, 0xf8, 0x0, 0x7f, 0xfe, 0x0,
    0x1f, 0xff, 0x80, 0x7, 0xff, 0xe0, 0x1, 0xff,
    0xf8, 0x0, 0x7f, 0xfe, 0x0, 0x1f, 0xff, 0x80,
    0x7, 0xff, 0xe0, 0x1, 0xff, 0xf8, 0x0, 0x7f,
    0xfe, 0x0, 0x1f, 0xff, 0x80, 0x7, 0xff, 0xe0,
    0x1, 0xff, 0xf8, 0x0, 0x7f, 0x7f, 0x0, 0x3f,
    0x9f, 0xe0, 0x1f, 0xe3, 0xfc, 0xf, 0xf0, 0xff,
    0xff, 0xfc, 0x1f, 0xff, 0xfe, 0x3, 0xff, 0xff,
    0x0, 0x3f, 0xff, 0x0, 0x1, 0xfe, 0x0,

    /* U+00DB "Û" */
    0x0, 0x3e, 0x0, 0x0, 0x1f, 0xc0, 0x0, 0xf,
    0xfc, 0x0, 0x7, 0xff, 0x80, 0x3, 0xf3, 0xf0,
    0x1, 0xf0, 0x7e, 0x0, 0xf8, 0x7, 0xc0, 0x0,
    0x0, 0x0, 0x0, 0x0, 0x0, 0x0, 0x0, 0x0,
    0xf, 0xe0, 0x1, 0xff, 0xf8, 0x0, 0x7f, 0xfe,
    0x0, 0x1f, 0xff, 0x80, 0x7, 0xff, 0xe0, 0x1,
    0xff, 0xf8, 0x0, 0x7f, 0xfe, 0x0, 0x1f, 0xff,
    0x80, 0x7, 0xff, 0xe0, 0x1, 0xff, 0xf8, 0x0,
    0x7f, 0xfe, 0x0, 0x1f, 0xff, 0x80, 0x7, 0xff,
    0xe0, 0x1, 0xff, 0xf8, 0x0, 0x7f, 0xfe, 0x0,
    0x1f, 0xff, 0x80, 0x7, 0xff, 0xe0, 0x1, 0xff,
    0xf8, 0x0, 0x7f, 0xfe, 0x0, 0x1f, 0xff, 0x80,
    0x7, 0xff, 0xe0, 0x1, 0xff, 0xf8, 0x0, 0x7f,
    0xfe, 0x0, 0x1f, 0xff, 0x80, 0x7, 0xff, 0xe0,
    0x1, 0xff, 0xf8, 0x0, 0x7f, 0x7f, 0x0, 0x3f,
    0x9f, 0xe0, 0x1f, 0xe3, 0xfc, 0xf, 0xf0, 0xff,
    0xff, 0xfc, 0x1f, 0xff, 0xfe, 0x3, 0xff, 0xff,
    0x0, 0x3f, 0xff, 0x0, 0x1, 0xfe, 0x0,

    /* U+00DC "Ü" */
    0x3, 0x80, 0x70, 0x3, 0xf8, 0x7f, 0x0, 0xfe,
    0x1f, 0xc0, 0x3f, 0x87, 0xf0, 0xf, 0xe1, 0xfc,
    0x1, 0xe0, 0x3e, 0x0, 0x0, 0x0, 0x0, 0x0,
    0x0, 0x0, 0x0, 0x0, 0x0, 0x3f, 0x80, 0x7,
    0xff, 0xe0, 0x1, 0xff, 0xf8, 0x0, 0x7f, 0xfe,
    0x0, 0x1f, 0xff, 0x80, 0x7, 0xff, 0xe0, 0x1,
    0xff, 0xf8, 0x0, 0x7f, 0xfe, 0x0, 0x1f, 0xff,
    0x80, 0x7, 0xff, 0xe0, 0x1, 0xff, 0xf8, 0x0,
    0x7f, 0xfe, 0x0, 0x1f, 0xff, 0x80, 0x7, 0xff,
    0xe0, 0x1, 0xff, 0xf8, 0x0, 0x7f, 0xfe, 0x0,
    0x1f, 0xff, 0x80, 0x7, 0xff, 0xe0, 0x1, 0xff,
    0xf8, 0x0, 0x7f, 0xfe, 0x0, 0x1f, 0xff, 0x80,
    0x7, 0xff, 0xe0, 0x1, 0xff, 0xf8, 0x0, 0x7f,
    0xfe, 0x0, 0x1f, 0xff, 0x80, 0x7, 0xff, 0xe0,
    0x1, 0xfd, 0xfc, 0x0, 0xfe, 0x7f, 0x80, 0x7f,
    0x8f, 0xf0, 0x3f, 0xc3, 0xff, 0xff, 0xf0, 0x7f,
    0xff, 0xf8, 0xf, 0xff, 0xfc, 0x0, 0xff, 0xfc,
    0x0, 0x7, 0xf8, 0x0,

    /* U+00DD "Ý" */
    0x0, 0x0, 0xfe, 0x0, 0x0, 0xf, 0xe0, 0x0,
    0x0, 0xfe, 0x0, 0x0, 0x7, 0xe0, 0x0, 0x0,
    0x7e, 0x0, 0x0, 0x7, 0xe0, 0x0, 0x0, 0x3e,
    0x0, 0x0, 0x0, 0x0, 0x0, 0x0, 0x0, 0x0,
    0x7, 0xf8, 0x0, 0x3f, 0xdf, 0xc0, 0x1, 0xfc,
    0xff, 0x0, 0x1f, 0xe3, 0xf8, 0x0, 0xfe, 0x1f,
    0xc0, 0xf, 0xf0, 0x7f, 0x0, 0x7f, 0x3, 0xf8,
    0x3, 0xf8, 0xf, 0xe0, 0x3f, 0x80, 0x7f, 0x1,
    0xfc, 0x1, 0xfc, 0x1f, 0xc0, 0xf, 0xe0, 0xfe,
    0x0, 0x3f, 0x8f, 0xe0, 0x1, 0xfc, 0x7f, 0x0,
    0x7, 0xf7, 0xf0, 0x0, 0x3f, 0xbf, 0x80, 0x0,
    0xff, 0xf8, 0x0, 0x7, 0xff, 0xc0, 0x0, 0x1f,
    0xfc, 0x0, 0x0, 0xff, 0xe0, 0x0, 0x3, 0xfe,
    0x0, 0x0, 0x1f, 0xf0, 0x0, 0x0, 0x7f, 0x0,
    0x0, 0x3, 0xf8, 0x0, 0x0, 0x1f, 0xc0, 0x0,
    0x0, 0xfe, 0x0, 0x0, 0x7, 0xf0, 0x0, 0x0,
    0x3f, 0x80, 0x0, 0x1, 0xfc, 0x0, 0x0, 0xf,
    0xe0, 0x0, 0x0, 0x7f, 0x0, 0x0, 0x3, 0xf8,
    0x0, 0x0, 0x1f, 0xc0, 0x0, 0x0, 0xfe, 0x0,
    0x0, 0x7, 0xf0, 0x0,

    /* U+00DE "Þ" */
    0xfe, 0x0, 0x0, 0x7f, 0x0, 0x0, 0x3f, 0x80,
    0x0, 0x1f, 0xc0, 0x0, 0xf, 0xe0, 0x0, 0x7,
    0xf0, 0x0, 0x3, 0xff, 0xfe, 0x1, 0xff, 0xff,
    0xe0, 0xff, 0xff, 0xf8, 0x7f, 0xff, 0xfe, 0x3f,
    0xff, 0xff, 0x9f, 0xc0, 0x3f, 0xef, 0xe0, 0xf,
    0xf7, 0xf0, 0x3, 0xff, 0xf8, 0x0, 0xff, 0xfc,
    0x0, 0x7f, 0xfe, 0x0, 0x3f, 0xff, 0x0, 0x1f,
    0xff, 0x80, 0xf, 0xff, 0xc0, 0xf, 0xff, 0xe0,
    0xf, 0xf7, 0xf0, 0xf, 0xfb, 0xff, 0xff, 0xf9,
    0xff, 0xff, 0xf8, 0xff, 0xff, 0xf8, 0x7f, 0xff,
    0xf8, 0x3f, 0xff, 0xe0, 0x1f, 0xc0, 0x0, 0xf,
    0xe0, 0x0, 0x7, 0xf0, 0x0, 0x3, 0xf8, 0x0,
    0x1, 0xfc, 0x0, 0x0, 0xfe, 0x0, 0x0, 0x7f,
    0x0, 0x0, 0x0,

    /* U+00DF "ß" */
    0x1, 0xfe, 0x0, 0x1, 0xff, 0xe0, 0x1, 0xff,
    0xfc, 0x0, 0xff, 0xff, 0x80, 0x3f, 0xff, 0xf0,
    0x1f, 0xe3, 0xfc, 0x7, 0xf0, 0x7f, 0x83, 0xf8,
    0xf, 0xe0, 0xfe, 0x3, 0xf8, 0x3f, 0x80, 0xfe,
    0xf, 0xe0, 0x3f, 0x83, 0xf8, 0xf, 0xe0, 0xfe,
    0x7, 0xf0, 0x3f, 0x81, 0xfc, 0xf, 0xe0, 0xfe,
    0x3, 0xf8, 0x3f, 0x80, 0xfe, 0xf, 0xe0, 0x3f,
    0x83, 0xf8, 0xf, 0xe0, 0xfe, 0x3, 0xf8, 0x3f,
    0xc0, 0xfe, 0x7, 0xf8, 0x3f, 0x81, 0xff, 0xf,
    0xe0, 0x3f, 0xe3, 0xf8, 0x7, 0xfc, 0xfe, 0x0,
    0xff, 0xbf, 0x80, 0x1f, 0xef, 0xe0, 0x3, 0xff,
    0xf8, 0x0, 0x7f, 0xfe, 0x0, 0x1f, 0xff, 0x80,
    0x7, 0xff, 0xe0, 0x3, 0xff, 0xf8, 0xc1, 0xfe,
    0xfe, 0x3f, 0xff, 0xbf, 0x9f, 0xff, 0xcf, 0xe7,
    0xff, 0xf3, 0xf9, 0xff, 0xf0, 0xfe, 0x3f, 0xf0,
    0x0,

    /* U+00E0 "à" */
    0x1f, 0xc0, 0x0, 0x1f, 0xc0, 0x0, 0x1f, 0xc0,
    0x0, 0x1f, 0x80, 0x0, 0x1f, 0x80, 0x0, 0x1f,
    0x80, 0x0, 0x3f, 0x80, 0x0, 0x0, 0x0, 0x0,
    0x0, 0x0, 0x0, 0x0, 0x0, 0x7, 0xf8, 0x0,
    0x7f, 0xfe, 0x1, 0xff, 0xfe, 0x7, 0xff, 0xfe,
    0x1f, 0xff, 0xfe, 0x7f, 0xc3, 0xfc, 0xfe, 0x3,
    0xfd, 0xfc, 0x3, 0xf8, 0x0, 0x7, 0xf0, 0x0,
    0xf, 0xe0, 0x1f, 0xff, 0xc1, 0xff, 0xff, 0x87,
    0xff, 0xff, 0x1f, 0xff, 0xfe, 0x7f, 0x81, 0xfd,
    0xfe, 0x3, 0xfb, 0xf8, 0x7, 0xf7, 0xf0, 0xf,
    0xef, 0xe0, 0x1f, 0xdf, 0xc0, 0x7f, 0xbf, 0xc1,
    0xff, 0x3f, 0xff, 0xfe, 0x7f, 0xff, 0xfc, 0x7f,
    0xff, 0xf8, 0x7f, 0xf7, 0xf0, 0x3f, 0x87, 0xf0,

    /* U+00E1 "á" */
    0x0, 0xf, 0xf0, 0x0, 0x1f, 0xc0, 0x0, 0x7f,
    0x0, 0x1, 0xfc, 0x0, 0x3, 0xf0, 0x0, 0xf,
    0xc0, 0x0, 0x3f, 0x0, 0x0, 0x0, 0x0, 0x0,
    0x0, 0x0, 0x0, 0x0, 0x0, 0x7, 0xf8, 0x0,
    0x7f, 0xfe, 0x1, 0xff, 0xfe, 0x7, 0xff, 0xfe,
    0x1f, 0xff, 0xfe, 0x7f, 0xc3, 0xfc, 0xfe, 0x3,
    0xfd, 0xfc, 0x3, 0xf8, 0x0, 0x7, 0xf0, 0x0,
    0xf, 0xe0, 0x1f, 0xff, 0xc1, 0xff, 0xff, 0x87,
    0xff, 0xff, 0x1f, 0xff, 0xfe, 0x7f, 0x81, 0xfd,
    0xfe, 0x3, 0xfb, 0xf8, 0x7, 0xf7, 0xf0, 0xf,
    0xef, 0xe0, 0x1f, 0xdf, 0xc0, 0x7f, 0xbf, 0xc1,
    0xff, 0x3f, 0xff, 0xfe, 0x7f, 0xff, 0xfc, 0x7f,
    0xff, 0xf8, 0x7f, 0xf7, 0xf0, 0x3f, 0x87, 0xf0,

    /* U+00E2 "â" */
    0x0, 0x7c, 0x0, 0x3, 0xfc, 0x0, 0xf, 0xfc,
    0x0, 0x3f, 0x7c, 0x0, 0xfc, 0x7e, 0x3, 0xf0,
    0x7e, 0xf, 0x80, 0x7e, 0x0, 0x0, 0x0, 0x0,
    0x0, 0x0, 0x0, 0x0, 0x0, 0x7, 0xf8, 0x0,
    0x7f, 0xfe, 0x1, 0xff, 0xfe, 0x7, 0xff, 0xfe,
    0x1f, 0xff, 0xfe, 0x7f, 0xc3, 0xfc, 0xfe, 0x3,
    0xfd, 0xfc, 0x3, 0xf8, 0x0, 0x7, 0xf0, 0x0,
    0xf, 0xe0, 0x1f, 0xff, 0xc1, 0xff, 0xff, 0x87,
    0xff, 0xff, 0x1f, 0xff, 0xfe, 0x7f, 0x81, 0xfd,
    0xfe, 0x3, 0xfb, 0xf8, 0x7, 0xf7, 0xf0, 0xf,
    0xef, 0xe0, 0x1f, 0xdf, 0xc0, 0x7f, 0xbf, 0xc1,
    0xff, 0x3f, 0xff, 0xfe, 0x7f, 0xff, 0xfc, 0x7f,
    0xff, 0xf8, 0x7f, 0xf7, 0xf0, 0x3f, 0x87, 0xf0,

    /* U+00E3 "ã" */
    0x7, 0xc0, 0xf0, 0x1f, 0xe3, 0xe0, 0x7f, 0xff,
    0xc1, 0xff, 0xff, 0x3, 0xff, 0xfc, 0x7, 0x83,
    0xf0, 0x0, 0x0, 0x0, 0x0, 0x0, 0x0, 0x0,
    0x0, 0x0, 0x0, 0x0, 0x0, 0x7, 0xf8, 0x0,
    0x7f, 0xfe, 0x1, 0xff, 0xfe, 0x7, 0xff, 0xfe,
    0x1f, 0xff, 0xfe, 0x7f, 0xc3, 0xfc, 0xfe, 0x3,
    0xfd, 0xfc, 0x3, 0xf8, 0x0, 0x7, 0xf0, 0x0,
    0xf, 0xe0, 0x1f, 0xff, 0xc1, 0xff, 0xff, 0x87,
    0xff, 0xff, 0x1f, 0xff, 0xfe, 0x7f, 0x81, 0xfd,
    0xfe, 0x3, 0xfb, 0xf8, 0x7, 0xf7, 0xf0, 0xf,
    0xef, 0xe0, 0x1f, 0xdf, 0xc0, 0x7f, 0xbf, 0xc1,
    0xff, 0x3f, 0xff, 0xfe, 0x7f, 0xff, 0xfc, 0x7f,
    0xfb, 0xf8, 0x7f, 0xe7, 0xf0, 0x3f, 0x7, 0xf0,

    /* U+00E4 "ä" */
    0xe, 0x0, 0xe0, 0x7f, 0x7, 0xf0, 0xfe, 0xf,
    0xe1, 0xfc, 0x1f, 0xc3, 0xf8, 0x3f, 0x83, 0xc0,
    0x3e, 0x0, 0x0, 0x0, 0x0, 0x0, 0x0, 0x1,
    0xfe, 0x0, 0x1f, 0xff, 0x80, 0x7f, 0xff, 0x81,
    0xff, 0xff, 0x87, 0xff, 0xff, 0x9f, 0xf0, 0xff,
    0x3f, 0x80, 0xff, 0x7f, 0x0, 0xfe, 0x0, 0x1,
    0xfc, 0x0, 0x3, 0xf8, 0x7, 0xff, 0xf0, 0x7f,
    0xff, 0xe1, 0xff, 0xff, 0xc7, 0xff, 0xff, 0x9f,
    0xe0, 0x7f, 0x7f, 0x80, 0xfe, 0xfe, 0x1, 0xfd,
    0xfc, 0x3, 0xfb, 0xf8, 0x7, 0xf7, 0xf0, 0x1f,
    0xef, 0xf0, 0x7f, 0xcf, 0xff, 0xff, 0x9f, 0xff,
    0xff, 0x1f, 0xff, 0xfe, 0x1f, 0xfd, 0xfc, 0xf,
    0xe1, 0xfc,

    /* U+00E5 "å" */
    0x0, 0x7c, 0x0, 0x1, 0xfc, 0x0, 0x7, 0x1c,
    0x0, 0x1c, 0x1c, 0x0, 0x38, 0x38, 0x0, 0x70,
    0x70, 0x0, 0xe0, 0xe0, 0x0, 0xe3, 0x80, 0x1,
    0xfe, 0x0, 0x0, 0xf8, 0x0, 0x0, 0x0, 0x0,
    0x0, 0x0, 0x0, 0x0, 0x0, 0x0, 0x3f, 0xc0,
    0x3, 0xff, 0xf0, 0xf, 0xff, 0xf0, 0x3f, 0xff,
    0xf0, 0xff, 0xff, 0xf3, 0xfe, 0x1f, 0xe7, 0xf0,
    0x1f, 0xef, 0xe0, 0x1f, 0xc0, 0x0, 0x3f, 0x80,
    0x0, 0x7f, 0x0, 0xff, 0xfe, 0xf, 0xff, 0xfc,
    0x3f, 0xff, 0xf8, 0xff, 0xff, 0xf3, 0xfc, 0xf,
    0xef, 0xf0, 0x1f, 0xdf, 0xc0, 0x3f, 0xbf, 0x80,
    0x7f, 0x7f, 0x0, 0xfe, 0xfe, 0x3, 0xfd, 0xfe,
    0xf, 0xf9, 0xff, 0xff, 0xf3, 0xff, 0xff, 0xe3,
    0xff, 0xff, 0xc3, 0xff, 0xbf, 0x81, 0xfc, 0x3f,
    0x80,

    /* U+00E6 "æ" */
    0x0, 0xff, 0x1, 0xfe, 0x0, 0x1f, 0xff, 0x1f,
    0xfe, 0x0, 0xff, 0xff, 0xff, 0xfe, 0xf, 0xff,
    0xff, 0xff, 0xf8, 0x3f, 0xff, 0xff, 0xff, 0xf1,
    0xfe, 0xf, 0xfe, 0x1f, 0xe7, 0xf0, 0x3f, 0xf0,
    0x3f, 0x9f, 0xc0, 0x7f, 0x80, 0x7f, 0x0, 0x1,
    0xfe, 0x1, 0xfc, 0x0, 0x7, 0xf0, 0x7, 0xf0,
    0x1f, 0xff, 0xff, 0xff, 0xc3, 0xff, 0xff, 0xff,
    0xff, 0x3f, 0xff, 0xff, 0xff, 0xfd, 0xff, 0xff,
    0xff, 0xff, 0xf7, 0xff, 0xff, 0xff, 0xff, 0xff,
    0xe0, 0x7f, 0x0, 0x0, 0xff, 0x1, 0xfc, 0x0,
    0x3, 0xf8, 0x7, 0xf8, 0x0, 0xf, 0xe0, 0x1f,
    0xe0, 0x0, 0x3f, 0x80, 0x7f, 0xc0, 0x4, 0xff,
    0x7, 0xff, 0xc0, 0xf1, 0xff, 0xff, 0xff, 0xff,
    0xe7, 0xff, 0xff, 0xff, 0xff, 0x8f, 0xff, 0xe7,
    0xff, 0xfe, 0x1f, 0xff, 0x7, 0xff, 0xe0, 0xf,
    0xe0, 0x7, 0xfc, 0x0,

    /* U+00E7 "ç" */
    0x0, 0xfe, 0x0, 0x1f, 0xff, 0x0, 0xff, 0xfe,
    0x7, 0xff, 0xfc, 0x3f, 0xff, 0xf8, 0xfe, 0x1f,
    0xe7, 0xf0, 0x3f, 0xdf, 0xc0, 0x7f, 0xfe, 0x1,
    0xff, 0xf8, 0x0, 0xf, 0xe0, 0x0, 0x3f, 0x80,
    0x0, 0xfe, 0x0, 0x3, 0xf8, 0x0, 0xf, 0xe0,
    0x0, 0x3f, 0x80, 0x0, 0xfe, 0x0, 0x3, 0xfc,
    0x7, 0xf7, 0xf0, 0x1f, 0xdf, 0xe0, 0xff, 0x3f,
    0xff, 0xf8, 0xff, 0xff, 0xe1, 0xff, 0xff, 0x3,
    0xff, 0xf8, 0x7, 0xff, 0x80, 0x3, 0xf8, 0x0,
    0x7, 0xc0, 0x0, 0x1f, 0xc0, 0x0, 0x7f, 0x80,
    0x0, 0x7f, 0x0, 0x0, 0xfc, 0x0, 0x3, 0xf0,
    0x0, 0x1f, 0xc0, 0x1, 0xfe, 0x0, 0x7, 0xf8,
    0x0, 0x1f, 0xc0, 0x0, 0x78, 0x0,

    /* U+00E8 "è" */
    0x1f, 0xc0, 0x0, 0x1f, 0xc0, 0x0, 0x1f, 0x80,
    0x0, 0x1f, 0x80, 0x0, 0x1f, 0x80, 0x0, 0x1f,
    0x0, 0x0, 0x1f, 0x0, 0x0, 0x0, 0x0, 0x0,
    0x0, 0x0, 0x0, 0x0, 0x0, 0x3, 0xfc, 0x0,
    0x1f, 0xfe, 0x0, 0xff, 0xfe, 0x3, 0xff, 0xfe,
    0xf, 0xff, 0xfe, 0x1f, 0xe1, 0xfe, 0x7f, 0x81,
    0xfc, 0xfe, 0x1, 0xf9, 0xfc, 0x3, 0xff, 0xf0,
    0x7, 0xff, 0xff, 0xff, 0xff, 0xff, 0xff, 0xff,
    0xff, 0xff, 0xff, 0xff, 0xff, 0xff, 0xff, 0xff,
    0xfc, 0x0, 0x3, 0xf8, 0x0, 0x7, 0xf8, 0x0,
    0x7, 0xf0, 0x0, 0xf, 0xf0, 0x6, 0xf, 0xf8,
    0x3e, 0xf, 0xff, 0xfe, 0x1f, 0xff, 0xfc, 0x1f,
    0xff, 0xf0, 0xf, 0xff, 0x80, 0x3, 0xf8, 0x0,

    /* U+00E9 "é" */
    0x0, 0xf, 0xe0, 0x0, 0x3f, 0x80, 0x0, 0x7e,
    0x0, 0x1, 0xf8, 0x0, 0x3, 0xe0, 0x0, 0xf,
    0xc0, 0x0, 0x3f, 0x0, 0x0, 0x0, 0x0, 0x0,
    0x0, 0x0, 0x0, 0x0, 0x0, 0x3, 0xfc, 0x0,
    0x1f, 0xfe, 0x0, 0xff, 0xfe, 0x3, 0xff, 0xfe,
    0xf, 0xff, 0xfe, 0x1f, 0xe1, 0xfe, 0x7f, 0x81,
    0xfc, 0xfe, 0x1, 0xf9, 0xfc, 0x3, 0xff, 0xf0,
    0x7, 0xff, 0xff, 0xff, 0xff, 0xff, 0xff, 0xff,
    0xff, 0xff, 0xff, 0xff, 0xff, 0xff, 0xff, 0xff,
    0xfc, 0x0, 0x3, 0xf8, 0x0, 0x7, 0xf8, 0x0,
    0x7, 0xf0, 0x0, 0xf, 0xf0, 0x6, 0xf, 0xf8,
    0x3e, 0xf, 0xff, 0xfe, 0x1f, 0xff, 0xfc, 0x1f,
    0xff, 0xf0, 0xf, 0xff, 0x80, 0x3, 0xf8, 0x0,

    /* U+00EA "ê" */
    0x0, 0x78, 0x0, 0x1, 0xfc, 0x0, 0xf, 0xfc,
    0x0, 0x3f, 0xfc, 0x0, 0xfc, 0xfc, 0x3, 0xf0,
    0xfc, 0xf, 0xc0, 0xfc, 0x0, 0x0, 0x0, 0x0,
    0x0, 0x0, 0x0, 0x0, 0x0, 0x3, 0xfc, 0x0,
    0x1f, 0xfe, 0x0, 0xff, 0xfe, 0x3, 0xff, 0xfe,
    0xf, 0xff, 0xfe, 0x1f, 0xe1, 0xfe, 0x7f, 0x81,
    0xfc, 0xfe, 0x1, 0xf9, 0xfc, 0x3, 0xff, 0xf0,
    0x7, 0xff, 0xff, 0xff, 0xff, 0xff, 0xff, 0xff,
    0xff, 0xff, 0xff, 0xff, 0xff, 0xff, 0xff, 0xff,
    0xfc, 0x0, 0x3, 0xf8, 0x0, 0x7, 0xf8, 0x0,
    0x7, 0xf0, 0x0, 0xf, 0xf0, 0x6, 0xf, 0xf8,
    0x3e, 0xf, 0xff, 0xfe, 0x1f, 0xff, 0xfc, 0x1f,
    0xff, 0xf0, 0xf, 0xff, 0x80, 0x3, 0xf8, 0x0,

    /* U+00EB "ë" */
    0xe, 0x1, 0xc0, 0x7f, 0xf, 0xe0, 0xfe, 0x1f,
    0xc1, 0xfc, 0x3f, 0x83, 0xf8, 0x7f, 0x3, 0xc0,
    0x7c, 0x0, 0x0, 0x0, 0x0, 0x0, 0x0, 0x0,
    0xff, 0x0, 0x7, 0xff, 0x80, 0x3f, 0xff, 0x80,
    0xff, 0xff, 0x83, 0xff, 0xff, 0x87, 0xf8, 0x7f,
    0x9f, 0xe0, 0x7f, 0x3f, 0x80, 0x7e, 0x7f, 0x0,
    0xff, 0xfc, 0x1, 0xff, 0xff, 0xff, 0xff, 0xff,
    0xff, 0xff, 0xff, 0xff, 0xff, 0xff, 0xff, 0xff,
    0xff, 0xff, 0xff, 0x0, 0x0, 0xfe, 0x0, 0x1,
    0xfe, 0x0, 0x1, 0xfc, 0x0, 0x43, 0xfc, 0x1,
    0x83, 0xfe, 0xf, 0x83, 0xff, 0xff, 0x87, 0xff,
    0xff, 0x3, 0xff, 0xfc, 0x3, 0xff, 0xe0, 0x0,
    0xfe, 0x0,

    /* U+00EC "ì" */
    0xff, 0x7, 0xf0, 0x3f, 0x81, 0xfc, 0xf, 0xc0,
    0x7e, 0x3, 0xf0, 0x0, 0x0, 0x0, 0x0, 0x7,
    0xf0, 0x7f, 0x7, 0xf0, 0x7f, 0x7, 0xf0, 0x7f,
    0x7, 0xf0, 0x7f, 0x7, 0xf0, 0x7f, 0x7, 0xf0,
    0x7f, 0x7, 0xf0, 0x7f, 0x7, 0xf0, 0x7f, 0x7,
    0xf0, 0x7f, 0x7, 0xf0, 0x7f, 0x7, 0xf0, 0x7f,
    0x7, 0xf0, 0x7f, 0x7, 0xf0, 0x7f,

    /* U+00ED "í" */
    0x7, 0xf0, 0xfe, 0x1f, 0xc1, 0xf8, 0x3f, 0x7,
    0xe0, 0x7c, 0x0, 0x0, 0x0, 0x0, 0x0, 0xfe,
    0xf, 0xe0, 0xfe, 0xf, 0xe0, 0xfe, 0xf, 0xe0,
    0xfe, 0xf, 0xe0, 0xfe, 0xf, 0xe0, 0xfe, 0xf,
    0xe0, 0xfe, 0xf, 0xe0, 0xfe, 0xf, 0xe0, 0xfe,
    0xf, 0xe0, 0xfe, 0xf, 0xe0, 0xfe, 0xf, 0xe0,
    0xfe, 0xf, 0xe0, 0xfe, 0xf, 0xe0,

    /* U+00EE "î" */
    0x1, 0xf0, 0x0, 0x7f, 0x0, 0x1f, 0xf0, 0xf,
    0xdf, 0x3, 0xf1, 0xf0, 0xfc, 0x1f, 0x80, 0x0,
    0x0, 0x0, 0x0, 0x0, 0x0, 0x0, 0x0, 0x0,
    0xf, 0xe0, 0x1, 0xfc, 0x0, 0x3f, 0x80, 0x7,
    0xf0, 0x0, 0xfe, 0x0, 0x1f, 0xc0, 0x3, 0xf8,
    0x0, 0x7f, 0x0, 0xf, 0xe0, 0x1, 0xfc, 0x0,
    0x3f, 0x80, 0x7, 0xf0, 0x0, 0xfe, 0x0, 0x1f,
    0xc0, 0x3, 0xf8, 0x0, 0x7f, 0x0, 0xf, 0xe0,
    0x1, 0xfc, 0x0, 0x3f, 0x80, 0x7, 0xf0, 0x0,
    0xfe, 0x0, 0x1f, 0xc0, 0x3, 0xf8, 0x0, 0x7f,
    0x0, 0xf, 0xe0, 0x1, 0xfc, 0x0,

    /* U+00EF "ï" */
    0x38, 0x7, 0x3f, 0x87, 0xff, 0xe1, 0xff, 0xf8,
    0x7f, 0xfe, 0x1f, 0xde, 0x3, 0xe0, 0x0, 0x0,
    0x0, 0x0, 0x7, 0xf0, 0x1, 0xfc, 0x0, 0x7f,
    0x0, 0x1f, 0xc0, 0x7, 0xf0, 0x1, 0xfc, 0x0,
    0x7f, 0x0, 0x1f, 0xc0, 0x7, 0xf0, 0x1, 0xfc,
    0x0, 0x7f, 0x0, 0x1f, 0xc0, 0x7, 0xf0, 0x1,
    0xfc, 0x0, 0x7f, 0x0, 0x1f, 0xc0, 0x7, 0xf0,
    0x1, 0xfc, 0x0, 0x7f, 0x0, 0x1f, 0xc0, 0x7,
    0xf0, 0x1, 0xfc, 0x0, 0x7f, 0x0, 0x1f, 0xc0,
    0x7, 0xf0, 0x1, 0xfc, 0x0,

    /* U+00F0 "ð" */
    0x7, 0x80, 0x0, 0x7, 0xf0, 0x10, 0x7, 0xfc,
    0x70, 0xf, 0xfe, 0xf8, 0xf, 0xff, 0xf0, 0x3,
    0xff, 0xe0, 0x0, 0xff, 0xe0, 0x0, 0x3f, 0xe0,
    0x0, 0xff, 0xf0, 0x1, 0xff, 0xf8, 0x1, 0xe7,
    0xf8, 0x0, 0x83, 0xfc, 0x0, 0x1, 0xfc, 0x0,
    0x1, 0xfe, 0x1, 0xfc, 0xfe, 0x7, 0xff, 0xfe,
    0x1f, 0xff, 0xff, 0x1f, 0xff, 0xff, 0x3f, 0xff,
    0xff, 0x7f, 0xc1, 0xff, 0x7f, 0x80, 0x7f, 0xff,
    0x0, 0x7f, 0xfe, 0x0, 0x7f, 0xfe, 0x0, 0x7f,
    0xfe, 0x0, 0x7f, 0xfe, 0x0, 0x7f, 0xfe, 0x0,
    0x7f, 0xfe, 0x0, 0x7e, 0xfe, 0x0, 0xfe, 0x7f,
    0x0, 0xfe, 0x7f, 0x81, 0xfc, 0x3f, 0xc3, 0xfc,
    0x3f, 0xff, 0xf8, 0x1f, 0xff, 0xf0, 0xf, 0xff,
    0xe0, 0x3, 0xff, 0xc0, 0x0, 0xfe, 0x0,

    /* U+00F1 "ñ" */
    0x7, 0xc0, 0xf0, 0x3f, 0xc7, 0xc1, 0xff, 0xff,
    0xf, 0xff, 0xf8, 0x3f, 0xff, 0xc0, 0xf0, 0x7e,
    0x0, 0x0, 0x0, 0x0, 0x0, 0x0, 0x0, 0x0,
    0x0, 0x0, 0x0, 0xf, 0xc1, 0xf8, 0x3f, 0x9f,
    0xf8, 0xff, 0xff, 0xf3, 0xff, 0xff, 0xef, 0xff,
    0xff, 0xbf, 0xe1, 0xfe, 0xff, 0x3, 0xff, 0xf8,
    0x7, 0xff, 0xe0, 0x1f, 0xff, 0x80, 0x7f, 0xfe,
    0x1, 0xff, 0xf8, 0x7, 0xff, 0xe0, 0x1f, 0xff,
    0x80, 0x7f, 0xfe, 0x1, 0xff, 0xf8, 0x7, 0xff,
    0xe0, 0x1f, 0xff, 0x80, 0x7f, 0xfe, 0x1, 0xff,
    0xf8, 0x7, 0xff, 0xe0, 0x1f, 0xff, 0x80, 0x7f,
    0xfe, 0x1, 0xff, 0xf8, 0x7, 0xff, 0xe0, 0x1f,
    0xff, 0x80, 0x7f,

    /* U+00F2 "ò" */
    0xf, 0xe0, 0x0, 0x7, 0xf0, 0x0, 0x3, 0xf0,
    0x0, 0x1, 0xf8, 0x0, 0x0, 0xfc, 0x0, 0x0,
    0xfc, 0x0, 0x0, 0x7e, 0x0, 0x0, 0x0, 0x0,
    0x0, 0x0, 0x0, 0x0, 0x0, 0x0, 0x0, 0xff,
    0x0, 0x3, 0xff, 0xc0, 0xf, 0xff, 0xf0, 0x1f,
    0xff, 0xf8, 0x3f, 0xff, 0xfc, 0x3f, 0xc3, 0xfc,
    0x7f, 0x81, 0xfe, 0x7f, 0x0, 0xfe, 0x7f, 0x0,
    0xfe, 0xfe, 0x0, 0x7f, 0xfe, 0x0, 0x7f, 0xfe,
    0x0, 0x7f, 0xfe, 0x0, 0x7f, 0xfe, 0x0, 0x7f,
    0xfe, 0x0, 0x7f, 0xfe, 0x0, 0x7f, 0xfe, 0x0,
    0x7f, 0x7f, 0x0, 0xfe, 0x7f, 0x0, 0xfe, 0x7f,
    0x81, 0xfe, 0x3f, 0xc3, 0xfc, 0x3f, 0xff, 0xfc,
    0x1f, 0xff, 0xf8, 0xf, 0xff, 0xf0, 0x3, 0xff,
    0xc0, 0x0, 0xff, 0x0,

    /* U+00F3 "ó" */
    0x0, 0x7, 0xf0, 0x0, 0xf, 0xe0, 0x0, 0xf,
    0xc0, 0x0, 0x1f, 0x80, 0x0, 0x3f, 0x0, 0x0,
    0x3f, 0x0, 0x0, 0x7e, 0x0, 0x0, 0x0, 0x0,
    0x0, 0x0, 0x0, 0x0, 0x0, 0x0, 0x0, 0xff,
    0x0, 0x3, 0xff, 0xc0, 0xf, 0xff, 0xf0, 0x1f,
    0xff, 0xf8, 0x3f, 0xff, 0xfc, 0x3f, 0xc3, 0xfc,
    0x7f, 0x81, 0xfe, 0x7f, 0x0, 0xfe, 0x7f, 0x0,
    0xfe, 0xfe, 0x0, 0x7f, 0xfe, 0x0, 0x7f, 0xfe,
    0x0, 0x7f, 0xfe, 0x0, 0x7f, 0xfe, 0x0, 0x7f,
    0xfe, 0x0, 0x7f, 0xfe, 0x0, 0x7f, 0xfe, 0x0,
    0x7f, 0x7f, 0x0, 0xfe, 0x7f, 0x0, 0xfe, 0x7f,
    0x81, 0xfe, 0x3f, 0xc3, 0xfc, 0x3f, 0xff, 0xfc,
    0x1f, 0xff, 0xf8, 0xf, 0xff, 0xf0, 0x3, 0xff,
    0xc0, 0x0, 0xff, 0x0,

    /* U+00F4 "ô" */
    0x0, 0x7c, 0x0, 0x0, 0xfe, 0x0, 0x1, 0xff,
    0x80, 0x3, 0xff, 0xc0, 0x7, 0xe7, 0xe0, 0xf,
    0xc3, 0xf0, 0x1f, 0x81, 0xf8, 0x0, 0x0, 0x0,
    0x0, 0x0, 0x0, 0x0, 0x0, 0x0, 0x0, 0xff,
    0x0, 0x3, 0xff, 0xc0, 0xf, 0xff, 0xf0, 0x1f,
    0xff, 0xf8, 0x3f, 0xff, 0xfc, 0x3f, 0xc3, 0xfc,
    0x7f, 0x81, 0xfe, 0x7f, 0x0, 0xfe, 0x7f, 0x0,
    0xfe, 0xfe, 0x0, 0x7f, 0xfe, 0x0, 0x7f, 0xfe,
    0x0, 0x7f, 0xfe, 0x0, 0x7f, 0xfe, 0x0, 0x7f,
    0xfe, 0x0, 0x7f, 0xfe, 0x0, 0x7f, 0xfe, 0x0,
    0x7f, 0x7f, 0x0, 0xfe, 0x7f, 0x0, 0xfe, 0x7f,
    0x81, 0xfe, 0x3f, 0xc3, 0xfc, 0x3f, 0xff, 0xfc,
    0x1f, 0xff, 0xf8, 0xf, 0xff, 0xf0, 0x3, 0xff,
    0xc0, 0x0, 0xff, 0x0,

    /* U+00F5 "õ" */
    0x3, 0xe0, 0x78, 0x7, 0xf8, 0xf8, 0xf, 0xff,
    0xf8, 0x1f, 0xff, 0xf0, 0x1f, 0xff, 0xe0, 0x1e,
    0xf, 0xc0, 0x0, 0x0, 0x0, 0x0, 0x0, 0x0,
    0x0, 0x0, 0x0, 0x0, 0x0, 0x0, 0x0, 0xff,
    0x0, 0x3, 0xff, 0xc0, 0xf, 0xff, 0xf0, 0x1f,
    0xff, 0xf8, 0x3f, 0xff, 0xfc, 0x3f, 0xc3, 0xfc,
    0x7f, 0x81, 0xfe, 0x7f, 0x0, 0xfe, 0x7f, 0x0,
    0xfe, 0xfe, 0x0, 0x7f, 0xfe, 0x0, 0x7f, 0xfe,
    0x0, 0x7f, 0xfe, 0x0, 0x7f, 0xfe, 0x0, 0x7f,
    0xfe, 0x0, 0x7f, 0xfe, 0x0, 0x7f, 0xfe, 0x0,
    0x7f, 0x7f, 0x0, 0xfe, 0x7f, 0x0, 0xfe, 0x7f,
    0x81, 0xfe, 0x3f, 0xc3, 0xfc, 0x3f, 0xff, 0xfc,
    0x1f, 0xff, 0xf8, 0xf, 0xff, 0xf0, 0x3, 0xff,
    0xc0, 0x0, 0xff, 0x0,

    /* U+00F6 "ö" */
    0x7, 0x0, 0xe0, 0x1f, 0xc3, 0xf8, 0x1f, 0xc3,
    0xf8, 0x1f, 0xc3, 0xf8, 0x1f, 0xc3, 0xf8, 0xf,
    0x1, 0xf0, 0x0, 0x0, 0x0, 0x0, 0x0, 0x0,
    0x0, 0xff, 0x0, 0x3, 0xff, 0xc0, 0xf, 0xff,
    0xf0, 0x1f, 0xff, 0xf8, 0x3f, 0xff, 0xfc, 0x3f,
    0xc3, 0xfc, 0x7f, 0x81, 0xfe, 0x7f, 0x0, 0xfe,
    0x7f, 0x0, 0xfe, 0xfe, 0x0, 0x7f, 0xfe, 0x0,
    0x7f, 0xfe, 0x0, 0x7f, 0xfe, 0x0, 0x7f, 0xfe,
    0x0, 0x7f, 0xfe, 0x0, 0x7f, 0xfe, 0x0, 0x7f,
    0xfe, 0x0, 0x7f, 0x7f, 0x0, 0xfe, 0x7f, 0x0,
    0xfe, 0x7f, 0x81, 0xfe, 0x3f, 0xc3, 0xfc, 0x3f,
    0xff, 0xfc, 0x1f, 0xff, 0xf8, 0xf, 0xff, 0xf0,
    0x3, 0xff, 0xc0, 0x0, 0xff, 0x0,

    /* U+00F7 "÷" */
    0x0, 0x1c, 0x0, 0x0, 0x3e, 0x0, 0x0, 0x7f,
    0x0, 0x0, 0x7f, 0x0, 0x0, 0x7f, 0x0, 0x0,
    0x3e, 0x0, 0x0, 0x1c, 0x0, 0x0, 0x0, 0x0,
    0x0, 0x0, 0x0, 0x0, 0x0, 0x0, 0xff, 0xff,
    0xff, 0xff, 0xff, 0xff, 0xff, 0xff, 0xff, 0xff,
    0xff, 0xff, 0xff, 0xff, 0xff, 0x0, 0x0, 0x0,
    0x0, 0x0, 0x0, 0x0, 0x0, 0x0, 0x0, 0x0,
    0x0, 0x0, 0x1c, 0x0, 0x0, 0x3e, 0x0, 0x0,
    0x7f, 0x0, 0x0, 0x7f, 0x0, 0x0, 0x7f, 0x0,
    0x0, 0x3e, 0x0, 0x0, 0x1c, 0x0,

    /* U+00F8 "ø" */
    0x0, 0x0, 0x78, 0x0, 0x0, 0x78, 0x0, 0x0,
    0x70, 0x0, 0xff, 0xf0, 0x3, 0xff, 0xf0, 0xf,
    0xff, 0xf0, 0x1f, 0xff, 0xf8, 0x3f, 0xff, 0xfc,
    0x3f, 0xc3, 0xfc, 0x7f, 0x87, 0xfe, 0x7f, 0x7,
    0xfe, 0x7f, 0xf, 0xfe, 0xfe, 0xf, 0x7f, 0xfe,
    0x1e, 0x7f, 0xfe, 0x1e, 0x7f, 0xfe, 0x3c, 0x7f,
    0xfe, 0x3c, 0x7f, 0xfe, 0x78, 0x7f, 0xfe, 0x78,
    0x7f, 0xfe, 0xf0, 0x7f, 0x7f, 0xf0, 0xfe, 0x7f,
    0xe0, 0xfe, 0x7f, 0xe1, 0xfe, 0x3f, 0xc3, 0xfc,
    0x3f, 0xff, 0xfc, 0x1f, 0xff, 0xf8, 0xf, 0xff,
    0xf0, 0x7, 0xff, 0xc0, 0xf, 0xff, 0x0, 0xf,
    0x0, 0x0, 0x1e, 0x0, 0x0, 0x1e, 0x0, 0x0,

    /* U+00F9 "ù" */
    0x1f, 0xc0, 0x0, 0x3f, 0x80, 0x0, 0x7e, 0x0,
    0x0, 0xfc, 0x0, 0x1, 0xf0, 0x0, 0x7, 0xe0,
    0x0, 0xf, 0xc0, 0x0, 0x0, 0x0, 0x0, 0x0,
    0x0, 0x0, 0x0, 0xf, 0xe0, 0x1f, 0xff, 0x80,
    0x7f, 0xfe, 0x1, 0xff, 0xf8, 0x7, 0xff, 0xe0,
    0x1f, 0xff, 0x80, 0x7f, 0xfe, 0x1, 0xff, 0xf8,
    0x7, 0xff, 0xe0, 0x1f, 0xff, 0x80, 0x7f, 0xfe,
    0x1, 0xff, 0xf8, 0x7, 0xff, 0xe0, 0x1f, 0xff,
    0x80, 0x7f, 0xfe, 0x1, 0xff, 0xf8, 0x7, 0xff,
    0xe0, 0x1f, 0xff, 0x80, 0x7f, 0xfe, 0x1, 0xff,
    0xfc, 0xf, 0xff, 0xf0, 0x7f, 0xdf, 0xff, 0xff,
    0x7f, 0xff, 0xfc, 0xff, 0xff, 0xf1, 0xff, 0xdf,
    0xc1, 0xfc, 0x7f,

    /* U+00FA "ú" */
    0x0, 0xf, 0xe0, 0x0, 0x7f, 0x0, 0x1, 0xf8,
    0x0, 0xf, 0xc0, 0x0, 0x7e, 0x0, 0x1, 0xf0,
    0x0, 0xf, 0xc0, 0x0, 0x0, 0x0, 0x0, 0x0,
    0x0, 0x0, 0x0, 0xf, 0xe0, 0x1f, 0xff, 0x80,
    0x7f, 0xfe, 0x1, 0xff, 0xf8, 0x7, 0xff, 0xe0,
    0x1f, 0xff, 0x80, 0x7f, 0xfe, 0x1, 0xff, 0xf8,
    0x7, 0xff, 0xe0, 0x1f, 0xff, 0x80, 0x7f, 0xfe,
    0x1, 0xff, 0xf8, 0x7, 0xff, 0xe0, 0x1f, 0xff,
    0x80, 0x7f, 0xfe, 0x1, 0xff, 0xf8, 0x7, 0xff,
    0xe0, 0x1f, 0xff, 0x80, 0x7f, 0xfe, 0x1, 0xff,
    0xfc, 0xf, 0xff, 0xf0, 0x7f, 0xdf, 0xff, 0xff,
    0x7f, 0xff, 0xfc, 0xff, 0xff, 0xf1, 0xff, 0xdf,
    0xc1, 0xfc, 0x7f,

    /* U+00FB "û" */
    0x0, 0x78, 0x0, 0x7, 0xf8, 0x0, 0x3f, 0xf0,
    0x1, 0xff, 0xe0, 0xf, 0xcf, 0xc0, 0x7c, 0x1f,
    0x80, 0x0, 0x0, 0x0, 0x0, 0x0, 0x0, 0x0,
    0x0, 0x0, 0x0, 0xf, 0xe0, 0x1f, 0xff, 0x80,
    0x7f, 0xfe, 0x1, 0xff, 0xf8, 0x7, 0xff, 0xe0,
    0x1f, 0xff, 0x80, 0x7f, 0xfe, 0x1, 0xff, 0xf8,
    0x7, 0xff, 0xe0, 0x1f, 0xff, 0x80, 0x7f, 0xfe,
    0x1, 0xff, 0xf8, 0x7, 0xff, 0xe0, 0x1f, 0xff,
    0x80, 0x7f, 0xfe, 0x1, 0xff, 0xf8, 0x7, 0xff,
    0xe0, 0x1f, 0xff, 0x80, 0x7f, 0xfe, 0x1, 0xff,
    0xfc, 0xf, 0xff, 0xf0, 0x7f, 0xdf, 0xff, 0xff,
    0x7f, 0xff, 0xfc, 0xff, 0xff, 0xf1, 0xff, 0xdf,
    0xc1, 0xfc, 0x7f,

    /* U+00FC "ü" */
    0xe, 0x1, 0xc0, 0xfe, 0x1f, 0xc3, 0xf8, 0x7f,
    0xf, 0xe1, 0xfc, 0x3f, 0x87, 0xf0, 0x78, 0xf,
    0x80, 0x0, 0x0, 0x0, 0x0, 0x0, 0xfe, 0x1,
    0xff, 0xf8, 0x7, 0xff, 0xe0, 0x1f, 0xff, 0x80,
    0x7f, 0xfe, 0x1, 0xff, 0xf8, 0x7, 0xff, 0xe0,
    0x1f, 0xff, 0x80, 0x7f, 0xfe, 0x1, 0xff, 0xf8,
    0x7, 0xff, 0xe0, 0x1f, 0xff, 0x80, 0x7f, 0xfe,
    0x1, 0xff, 0xf8, 0x7, 0xff, 0xe0, 0x1f, 0xff,
    0x80, 0x7f, 0xfe, 0x1, 0xff, 0xf8, 0x7, 0xff,
    0xe0, 0x1f, 0xff, 0xc0, 0xff, 0xff, 0x7, 0xfd,
    0xff, 0xff, 0xf7, 0xff, 0xff, 0xcf, 0xff, 0xff,
    0x1f, 0xfd, 0xfc, 0x1f, 0xc7, 0xf0,

    /* U+00FD "ý" */
    0x0, 0x7, 0xf8, 0x0, 0x7, 0xf0, 0x0, 0xf,
    0xe0, 0x0, 0x1f, 0xc0, 0x0, 0x1f, 0x80, 0x0,
    0x3f, 0x0, 0x0, 0x3e, 0x0, 0x0, 0x0, 0x0,
    0x0, 0x0, 0x0, 0x0, 0x0, 0x0, 0xff, 0x0,
    0x7f, 0x7f, 0x0, 0x7f, 0x7f, 0x0, 0xfe, 0x7f,
    0x80, 0xfe, 0x3f, 0x80, 0xfe, 0x3f, 0x81, 0xfc,
    0x3f, 0x81, 0xfc, 0x1f, 0xc1, 0xfc, 0x1f, 0xc1,
    0xf8, 0x1f, 0xc3, 0xf8, 0xf, 0xe3, 0xf8, 0xf,
    0xe3, 0xf0, 0xf, 0xe7, 0xf0, 0x7, 0xe7, 0xf0,
    0x7, 0xf7, 0xe0, 0x3, 0xf7, 0xe0, 0x3, 0xff,
    0xe0, 0x3, 0xff, 0xc0, 0x1, 0xff, 0xc0, 0x1,
    0xff, 0xc0, 0x1, 0xff, 0x80, 0x0, 0xff, 0x80,
    0x0, 0xff, 0x80, 0x0, 0xff, 0x0, 0x0, 0x7f,
    0x0, 0x0, 0x7f, 0x0, 0x0, 0x7e, 0x0, 0x0,
    0x7e, 0x0, 0x0, 0xfe, 0x0, 0x0, 0xfc, 0x0,
    0x1, 0xfc, 0x0, 0x1f, 0xf8, 0x0, 0x1f, 0xf8,
    0x0, 0x1f, 0xf0, 0x0, 0x1f, 0xe0, 0x0, 0x1f,
    0xc0, 0x0, 0x6, 0x0, 0x0,

    /* U+00FE "þ" */
    0xfe, 0x0, 0x1, 0xfc, 0x0, 0x3, 0xf8, 0x0,
    0x7, 0xf0, 0x0, 0xf, 0xe0, 0x0, 0x1f, 0xc0,
    0x0, 0x3f, 0x80, 0x0, 0x7f, 0x0, 0x0, 0xfe,
    0x0, 0x1, 0xfc, 0x0, 0x3, 0xf8, 0xfc, 0x7,
    0xf7, 0xfe, 0xf, 0xff, 0xff, 0x1f, 0xff, 0xfe,
    0x3f, 0xff, 0xfe, 0x7f, 0xc3, 0xfe, 0xff, 0x3,
    0xfd, 0xfc, 0x3, 0xfb, 0xf8, 0x7, 0xff, 0xf0,
    0x7, 0xff, 0xe0, 0xf, 0xff, 0xc0, 0x1f, 0xff,
    0x80, 0x3f, 0xff, 0x0, 0x7f, 0xfe, 0x0, 0xff,
    0xfc, 0x1, 0xff, 0xf8, 0x3, 0xff, 0xf0, 0xf,
    0xff, 0xe0, 0x1f, 0xdf, 0xe0, 0x7f, 0xbf, 0xe1,
    0xff, 0x7f, 0xff, 0xfc, 0xff, 0xff, 0xf1, 0xff,
    0xff, 0xe3, 0xfb, 0xff, 0x7, 0xf1, 0xf8, 0xf,
    0xe0, 0x0, 0x1f, 0xc0, 0x0, 0x3f, 0x80, 0x0,
    0x7f, 0x0, 0x0, 0xfe, 0x0, 0x1, 0xfc, 0x0,
    0x3, 0xf8, 0x0, 0x7, 0xf0, 0x0, 0xf, 0xe0,
    0x0, 0x1f, 0xc0, 0x0, 0x0,

    /* U+00FF "ÿ" */
    0x7, 0x0, 0xe0, 0x1f, 0xc3, 0xf8, 0x1f, 0xc3,
    0xf8, 0x1f, 0xc3, 0xf8, 0x1f, 0xc3, 0xf8, 0xf,
    0x1, 0xf0, 0x0, 0x0, 0x0, 0x0, 0x0, 0x0,
    0xff, 0x0, 0xff, 0xff, 0x0, 0xfe, 0x7f, 0x0,
    0xfe, 0x7f, 0x1, 0xfe, 0x7f, 0x81, 0xfc, 0x3f,
    0x81, 0xfc, 0x3f, 0x83, 0xfc, 0x3f, 0x83, 0xf8,
    0x1f, 0xc3, 0xf8, 0x1f, 0xc3, 0xf8, 0xf, 0xc7,
    0xf0, 0xf, 0xc7, 0xf0, 0xf, 0xe7, 0xf0, 0x7,
    0xef, 0xe0, 0x7, 0xef, 0xe0, 0x7, 0xef, 0xe0,
    0x3, 0xff, 0xc0, 0x3, 0xff, 0xc0, 0x3, 0xff,
    0xc0, 0x1, 0xff, 0x80, 0x1, 0xff, 0x80, 0x1,
    0xff, 0x80, 0x0, 0xff, 0x0, 0x0, 0xff, 0x0,
    0x0, 0x7f, 0x0, 0x0, 0x7e, 0x0, 0x0, 0x7e,
    0x0, 0x0, 0xfe, 0x0, 0x0, 0xfc, 0x0, 0x1,
    0xfc, 0x0, 0x1, 0xf8, 0x0, 0x3f, 0xf8, 0x0,
    0x3f, 0xf8, 0x0, 0x3f, 0xf0, 0x0, 0x3f, 0xe0,
    0x0, 0x3f, 0xc0, 0x0, 0x4, 0x0, 0x0,

    /* U+2000 " " */
    0x0,

    /* U+2001 " " */
    0x0,

    /* U+2002 " " */
    0x0,

    /* U+2003 " " */
    0x0,

    /* U+2004 " " */
    0x0,

    /* U+2005 " " */
    0x0,

    /* U+2006 " " */
    0x0,

    /* U+2007 " " */
    0x0,

    /* U+2008 " " */
    0x0,

    /* U+2009 " " */
    0x0,

    /* U+200A " " */
    0x0,

    /* U+200B "​" */
    0x0,

    /* U+2010 "‐" */
    0xff, 0xff, 0xff, 0xff, 0xff, 0xff, 0xff, 0xff,
    0x80,

    /* U+2011 "‑" */
    0xff, 0xff, 0xff, 0xff, 0xff, 0xff, 0xff, 0xff,
    0x80,

    /* U+2013 "–" */
    0xff, 0xff, 0xff, 0xff, 0xff, 0xff, 0xff, 0xff,
    0xff, 0xff, 0xff, 0xff, 0xff, 0xff, 0xff,

    /* U+2014 "—" */
    0xff, 0xff, 0xff, 0xff, 0xff, 0xff, 0xff, 0xff,
    0xff, 0xff, 0xff, 0xff, 0xff, 0xff, 0xff, 0xff,
    0xff, 0xff, 0xff, 0xff,

    /* U+2015 "―" */
    0xff, 0xff, 0xff, 0xff, 0xff, 0xff, 0xff, 0xff,
    0xff, 0xff, 0xff, 0xff, 0xff, 0xff, 0xff, 0xff,
    0xff, 0xff, 0xff, 0xff,

    /* U+2017 "‗" */
    0xff, 0xff, 0xff, 0xff, 0xff, 0xff, 0xff, 0xfe,
    0x0, 0x0, 0x0, 0x0, 0x0, 0x0, 0x0, 0x3,
    0xff, 0xff, 0xff, 0xff, 0xff, 0xff, 0xff, 0xf8,

    /* U+2018 "‘" */
    0x18, 0x7c, 0xfb, 0xe7, 0xdf, 0x3e, 0x7c, 0xf9,
    0xf3, 0xe7, 0xc0,

    /* U+2019 "’" */
    0x3e, 0x7c, 0xf9, 0xf3, 0xe7, 0xcf, 0xbe, 0x7d,
    0xf3, 0xe1, 0x80,

    /* U+201A "‚" */
    0x3e, 0x7c, 0xf9, 0xf3, 0xe7, 0xcf, 0xbe, 0x7c,
    0xf3, 0xe3, 0x80,

    /* U+201B "‛" */
    0xf9, 0xf3, 0xe7, 0xcf, 0x9f, 0x3e, 0x3e, 0x7c,
    0x7c, 0xf8, 0xc0,

    /* U+201C "“" */
    0x18, 0x18, 0x7c, 0x7c, 0xf8, 0xfb, 0xe3, 0xe7,
    0xc7, 0xdf, 0x1f, 0x3e, 0x3e, 0x7c, 0x7c, 0xf8,
    0xf9, 0xf1, 0xf3, 0xe3, 0xe7, 0xc7, 0xc0,

    /* U+201D "”" */
    0x3e, 0x3e, 0x7c, 0x7c, 0xf8, 0xf9, 0xf1, 0xf3,
    0xe3, 0xe7, 0xc7, 0xcf, 0x8f, 0xbe, 0x3e, 0x7c,
    0x7d, 0xf1, 0xf3, 0xe3, 0xe1, 0x81, 0x80,

    /* U+201E "„" */
    0x3e, 0x3e, 0x7c, 0x7c, 0xf8, 0xf9, 0xf1, 0xf3,
    0xe3, 0xe7, 0xc7, 0xcf, 0x8f, 0x9f, 0x1f, 0x3c,
    0x7c, 0xf8, 0xf9, 0xf3, 0xe7, 0xc7, 0xc7, 0x7,
    0x2, 0x0, 0x0,

    /* U+2020 "†" */
    0x0, 0xfe, 0x0, 0x1, 0xfc, 0x0, 0x3, 0xf8,
    0x0, 0x7, 0xf0, 0x0, 0xf, 0xe0, 0x0, 0x1f,
    0xc0, 0x0, 0x3f, 0x80, 0x0, 0x7f, 0x0, 0xff,
    0xff, 0xff, 0xff, 0xff, 0xff, 0xff, 0xff, 0xff,
    0xff, 0xff, 0xff, 0xff, 0xff, 0xe0, 0x1f, 0xc0,
    0x0, 0x3f, 0x80, 0x0, 0x7f, 0x0, 0x0, 0xfe,
    0x0, 0x1, 0xfc, 0x0, 0x3, 0xf8, 0x0, 0x7,
    0xf0, 0x0, 0xf, 0xe0, 0x0, 0x1f, 0xc0, 0x0,
    0x3f, 0x80, 0x0, 0x7f, 0x0, 0x0, 0xfe, 0x0,
    0x1, 0xfc, 0x0, 0x3, 0xf8, 0x0, 0x7, 0xf0,
    0x0, 0xf, 0xe0, 0x0, 0x1f, 0xc0, 0x0, 0x3f,
    0x80, 0x0, 0x7f, 0x0, 0x0, 0xfe, 0x0, 0x1,
    0xfc, 0x0,

    /* U+2021 "‡" */
    0x0, 0xfe, 0x0, 0x1, 0xfc, 0x0, 0x3, 0xf8,
    0x0, 0x7, 0xf0, 0x0, 0xf, 0xe0, 0x0, 0x1f,
    0xc0, 0x0, 0x3f, 0x80, 0x0, 0x7f, 0x0, 0xff,
    0xff, 0xff, 0xff, 0xff, 0xff, 0xff, 0xff, 0xff,
    0xff, 0xff, 0xff, 0xff, 0xff, 0xe0, 0x1f, 0xc0,
    0x0, 0x3f, 0x80, 0x0, 0x7f, 0x0, 0x0, 0xfe,
    0x0, 0x1, 0xfc, 0x0, 0x3, 0xf8, 0x0, 0x7,
    0xf0, 0x0, 0xf, 0xe0, 0x0, 0x1f, 0xc0, 0x0,
    0x3f, 0x80, 0x0, 0x7f, 0x0, 0x0, 0xfe, 0x0,
    0x1, 0xfc, 0x0, 0x3, 0xf8, 0x0, 0x7, 0xf0,
    0x0, 0xf, 0xe0, 0x1f, 0xff, 0xff, 0xff, 0xff,
    0xff, 0xff, 0xff, 0xff, 0xff, 0xff, 0xff, 0xff,
    0xff, 0xfc, 0x3, 0xf8, 0x0, 0x7, 0xf0, 0x0,
    0xf, 0xe0, 0x0, 0x1f, 0xc0, 0x0, 0x3f, 0x80,
    0x0, 0x7f, 0x0, 0x0, 0xfe, 0x0, 0x1, 0xfc,
    0x0, 0x3, 0xf8, 0x0, 0x7, 0xf0, 0x0,

    /* U+2022 "•" */
    0x1f, 0xf, 0xf9, 0xff, 0x7f, 0xff, 0xff, 0xff,
    0xff, 0xff, 0xff, 0x7f, 0xcf, 0xf8, 0x7c, 0x0,

    /* U+2025 "‥" */
    0x38, 0x7, 0x1f, 0x3, 0xef, 0xe1, 0xff, 0xf8,
    0x7f, 0xfe, 0x1f, 0xdf, 0x3, 0xe3, 0x80, 0x70,

    /* U+2026 "…" */
    0x38, 0x7, 0x0, 0xe3, 0xe0, 0x7c, 0xf, 0xbf,
    0x87, 0xf0, 0xff, 0xfc, 0x3f, 0x87, 0xff, 0xe1,
    0xfc, 0x3f, 0xbe, 0x7, 0xc0, 0xf8, 0xe0, 0x1c,
    0x3, 0x80,

    /* U+2027 "‧" */
    0x38, 0xfb, 0xff, 0xff, 0xef, 0x8e, 0x0,

    /* U+2030 "‰" */
    0xf, 0xe0, 0x0, 0x0, 0x0, 0x7, 0xfc, 0x0,
    0x0, 0x0, 0x7, 0xff, 0x80, 0x0, 0x0, 0x1,
    0xff, 0xf0, 0x0, 0x0, 0x0, 0xf8, 0x7e, 0x3,
    0x0, 0x0, 0x3c, 0xf, 0x80, 0xf0, 0x0, 0xf,
    0x3, 0xe0, 0x78, 0x0, 0x3, 0xc0, 0xf8, 0x3e,
    0x0, 0x0, 0xf0, 0x3e, 0xf, 0x0, 0x0, 0x3c,
    0xf, 0x87, 0x80, 0x0, 0xf, 0x87, 0xe3, 0xe0,
    0x0, 0x1, 0xff, 0xf1, 0xf0, 0x0, 0x0, 0x7f,
    0xf8, 0x78, 0x0, 0x0, 0x7, 0xfc, 0x3e, 0x0,
    0x0, 0x0, 0xfe, 0x1f, 0x0, 0x0, 0x0, 0x0,
    0x7, 0x80, 0x0, 0x0, 0x0, 0x3, 0xe0, 0x0,
    0x0, 0x0, 0x1, 0xf0, 0x0, 0x0, 0x0, 0x0,
    0x78, 0x7e, 0xf, 0xc0, 0x0, 0x3e, 0x3f, 0xef,
    0xf8, 0x0, 0x1f, 0x1f, 0xff, 0xff, 0x0, 0x7,
    0x8f, 0xff, 0xff, 0xe0, 0x3, 0xe7, 0xe3, 0xf8,
    0x7c, 0x1, 0xf1, 0xf0, 0x7c, 0xf, 0x0, 0x78,
    0x7c, 0x1f, 0x3, 0xc0, 0x3e, 0x1f, 0x7, 0xc0,
    0xf0, 0x1f, 0x7, 0xc1, 0xf0, 0x3c, 0x7, 0x81,
    0xf0, 0x7c, 0xf, 0x3, 0xe0, 0x7c, 0x1f, 0x3,
    0xc0, 0xf0, 0x1f, 0x8f, 0xe1, 0xf0, 0x8, 0x3,
    0xff, 0xff, 0xf8, 0x0, 0x0, 0x7f, 0xff, 0xfc,
    0x0, 0x0, 0xf, 0xfb, 0xfe, 0x0, 0x0, 0x1,
    0xf8, 0x3f, 0x0,

    /* U+2032 "′" */
    0xff, 0xff, 0xff, 0xff, 0xff, 0xff, 0xff, 0xef,
    0x0,

    /* U+2033 "″" */
    0xf9, 0xff, 0x9f, 0xf9, 0xff, 0x9f, 0xf9, 0xff,
    0x9f, 0xf9, 0xff, 0x9f, 0xf9, 0xff, 0x1e, 0xf1,
    0xef, 0x1e, 0xf1, 0xe0,

    /* U+2039 "‹" */
    0x3, 0xc1, 0xf0, 0xf8, 0x3c, 0x1f, 0xf, 0x83,
    0xe1, 0xf0, 0xfc, 0x3e, 0x7, 0xc1, 0xf0, 0x3e,
    0xf, 0x81, 0xf0, 0x3c, 0xf, 0x81, 0xf0, 0x3c,

    /* U+203A "›" */
    0xf8, 0xf, 0x1, 0xf0, 0x1f, 0x3, 0xe0, 0x3e,
    0x3, 0xe0, 0x7c, 0x7, 0xc0, 0xfc, 0x1f, 0x7,
    0xc0, 0xf8, 0x3e, 0xf, 0x81, 0xf0, 0x7c, 0xf,
    0x3, 0xe0, 0x0,

    /* U+203C "‼" */
    0xfe, 0x7, 0xff, 0xe0, 0x7f, 0xfe, 0x7, 0xff,
    0xe0, 0x7f, 0xfe, 0x7, 0xff, 0xe0, 0x7f, 0xfe,
    0x7, 0xff, 0xe0, 0x7f, 0xfe, 0x7, 0xff, 0xe0,
    0x7f, 0xfe, 0x7, 0xff, 0xe0, 0x7f, 0xfe, 0x7,
    0xff, 0xe0, 0x7f, 0xfe, 0x7, 0xff, 0xe0, 0x7f,
    0xfe, 0x7, 0xff, 0xe0, 0x7f, 0xfe, 0x7, 0xff,
    0xe0, 0x7f, 0xfe, 0x7, 0xff, 0xe0, 0x7f, 0xfe,
    0x7, 0xff, 0xe0, 0x7f, 0x0, 0x0, 0x0, 0x0,
    0x0, 0x0, 0x0, 0x3, 0x80, 0x1c, 0x7c, 0x3,
    0xef, 0xe0, 0x7f, 0xfe, 0x7, 0xff, 0xe0, 0x7f,
    0x7c, 0x3, 0xe3, 0x80, 0x1c,

    /* U+2044 "⁄" */
    0x0, 0x0, 0xc0, 0x0, 0x1f, 0x0, 0x1, 0xe0,
    0x0, 0x3c, 0x0, 0x7, 0xc0, 0x0, 0x78, 0x0,
    0xf, 0x80, 0x0, 0xf0, 0x0, 0x1e, 0x0, 0x3,
    0xe0, 0x0, 0x3c, 0x0, 0x7, 0x80, 0x0, 0xf8,
    0x0, 0xf, 0x0, 0x1, 0xf0, 0x0, 0x1e, 0x0,
    0x3, 0xc0, 0x0, 0x7c, 0x0, 0x7, 0x80, 0x0,
    0xf8, 0x0, 0xf, 0x0, 0x1, 0xe0, 0x0, 0x3e,
    0x0, 0x3, 0xc0, 0x0, 0x78, 0x0, 0xf, 0x80,
    0x0, 0xf0, 0x0, 0x7, 0x0, 0x0,

    /* U+20A3 "₣" */
    0xf, 0xff, 0xff, 0xe1, 0xff, 0xff, 0xfc, 0x3f,
    0xff, 0xff, 0x87, 0xff, 0xff, 0xf0, 0xff, 0xff,
    0xfe, 0x1f, 0xc0, 0x0, 0x3, 0xf8, 0x0, 0x0,
    0x7f, 0x0, 0x0, 0xf, 0xe0, 0x0, 0x1, 0xfc,
    0x0, 0x0, 0x3f, 0x80, 0x0, 0x7, 0xf0, 0x0,
    0x0, 0xfe, 0x0, 0x0, 0x1f, 0xc0, 0x0, 0x3,
    0xf8, 0x0, 0x0, 0x7f, 0xff, 0xfc, 0xf, 0xff,
    0xff, 0x81, 0xff, 0xff, 0xf0, 0x3f, 0xff, 0xfe,
    0x7, 0xff, 0xff, 0xc0, 0xfe, 0x0, 0x0, 0x1f,
    0xc0, 0x0, 0x3, 0xf8, 0x0, 0x0, 0x7f, 0x0,
    0x0, 0xf, 0xe0, 0x0, 0x1f, 0xff, 0xf0, 0x3,
    0xff, 0xfe, 0x0, 0x7f, 0xff, 0xc0, 0xf, 0xff,
    0xf8, 0x0, 0x1f, 0xc0, 0x0, 0x3, 0xf8, 0x0,
    0x0, 0x7f, 0x0, 0x0, 0xf, 0xe0, 0x0, 0x1,
    0xfc, 0x0, 0x0,

    /* U+20A4 "₤" */
    0x0, 0x1f, 0xc0, 0x0, 0x7f, 0xfc, 0x0, 0x7f,
    0xff, 0x0, 0x7f, 0xff, 0xc0, 0x7f, 0xff, 0xf0,
    0x3f, 0xc7, 0xf8, 0x3f, 0xc1, 0xfe, 0x1f, 0xc0,
    0x7f, 0xf, 0xe0, 0x3f, 0x87, 0xf0, 0x0, 0x3,
    0xf8, 0x0, 0x1, 0xfc, 0x0, 0x0, 0xfe, 0x0,
    0x7, 0xff, 0xfc, 0x3, 0xff, 0xfe, 0x1, 0xff,
    0xff, 0x0, 0xf, 0xe0, 0x0, 0x7, 0xf0, 0x0,
    0x3, 0xf8, 0x0, 0x1, 0xfc, 0x0, 0xf, 0xff,
    0xf8, 0x7, 0xff, 0xfc, 0x3, 0xff, 0xfe, 0x0,
    0x1f, 0xc0, 0x0, 0xf, 0xe0, 0x0, 0x7, 0xf0,
    0x0, 0x3, 0xf8, 0x0, 0x1, 0xf8, 0x0, 0x1,
    0xfc, 0x0, 0x7, 0xff, 0xff, 0xff, 0xff, 0xff,
    0xff, 0xff, 0xff, 0xff, 0xff, 0xff, 0xff, 0xff,
    0xff, 0xff, 0xc0,

    /* U+20A6 "₦" */
    0x7, 0xf0, 0x0, 0x3f, 0x80, 0x1f, 0xe0, 0x0,
    0xfe, 0x0, 0x7f, 0xc0, 0x3, 0xf8, 0x1, 0xff,
    0x0, 0xf, 0xe0, 0x7, 0xfe, 0x0, 0x3f, 0x80,
    0x1f, 0xf8, 0x0, 0xfe, 0x0, 0x7f, 0xf0, 0x3,
    0xf8, 0x1, 0xff, 0xe0, 0xf, 0xe0, 0x7, 0xff,
    0x80, 0x3f, 0x80, 0x1f, 0xff, 0x0, 0xfe, 0x0,
    0x7f, 0xfe, 0x3, 0xf8, 0x3f, 0xff, 0xff, 0xff,
    0xff, 0xff, 0xff, 0xff, 0xff, 0xff, 0xff, 0xff,
    0xff, 0xff, 0xf0, 0x7f, 0x3f, 0x83, 0xf8, 0x1,
    0xfc, 0x7f, 0xf, 0xe0, 0x7, 0xf1, 0xfc, 0x3f,
    0x80, 0x1f, 0xc3, 0xf8, 0xfe, 0x0, 0x7f, 0xf,
    0xe3, 0xf8, 0x3f, 0xff, 0xff, 0xff, 0xff, 0xff,
    0xff, 0xff, 0xff, 0xff, 0xff, 0xff, 0xff, 0xff,
    0xf0, 0x7f, 0x1, 0xff, 0xf8, 0x1, 0xfc, 0x3,
    0xff, 0xe0, 0x7, 0xf0, 0xf, 0xff, 0x80, 0x1f,
    0xc0, 0x1f, 0xfe, 0x0, 0x7f, 0x0, 0x7f, 0xf8,
    0x1, 0xfc, 0x0, 0xff, 0xe0, 0x7, 0xf0, 0x1,
    0xff, 0x80, 0x1f, 0xc0, 0x7, 0xfe, 0x0, 0x7f,
    0x0, 0xf, 0xf8, 0x1, 0xfc, 0x0, 0x3f, 0xe0,
    0x7, 0xf0, 0x0, 0x7f, 0x80, 0x1f, 0xc0, 0x0,
    0xfe, 0x0,

    /* U+20A7 "₧" */
    0xff, 0xfc, 0x0, 0x0, 0x1f, 0xff, 0xf0, 0x0,
    0x3, 0xff, 0xff, 0x3, 0xf8, 0x7f, 0xff, 0xf0,
    0x7f, 0xf, 0xff, 0xff, 0xf, 0xe1, 0xfc, 0x1f,
    0xf1, 0xfc, 0x3f, 0x81, 0xfe, 0x3f, 0x87, 0xf0,
    0x1f, 0xe7, 0xf0, 0xfe, 0x3, 0xff, 0xff, 0xff,
    0xc0, 0x3f, 0xff, 0xff, 0xf8, 0x7, 0xff, 0xff,
    0xff, 0x0, 0xff, 0xff, 0xff, 0xe0, 0x3f, 0xff,
    0xff, 0xfc, 0x7, 0xf9, 0xfc, 0x3f, 0x81, 0xfe,
    0x3f, 0x87, 0xf0, 0x7f, 0xc7, 0xf0, 0xff, 0xff,
    0xf0, 0xfe, 0x1f, 0xff, 0xfc, 0x1f, 0xc3, 0xff,
    0xff, 0x3, 0xf8, 0x7f, 0xff, 0xc0, 0x7f, 0xf,
    0xff, 0xc0, 0xf, 0xe1, 0xfc, 0x0, 0x1, 0xfc,
    0x3f, 0x80, 0x0, 0x3f, 0x87, 0xf0, 0x0, 0x7,
    0xf0, 0xfe, 0x0, 0x0, 0xfe, 0x1f, 0xc0, 0x0,
    0x1f, 0xc3, 0xf8, 0x0, 0x3, 0xf8, 0x7f, 0x0,
    0x0, 0x7f, 0xf, 0xe0, 0x0, 0xf, 0xf1, 0xfc,
    0x0, 0x1, 0xff, 0xff, 0x80, 0x0, 0x1f, 0xff,
    0xf0, 0x0, 0x3, 0xff, 0xfe, 0x0, 0x0, 0x3f,
    0xff, 0xc0, 0x0, 0x1, 0xfc,

    /* U+20A8 "₨" */
    0xff, 0xff, 0x80, 0x0, 0x0, 0x1, 0xff, 0xff,
    0xe0, 0x0, 0x0, 0x3, 0xff, 0xff, 0xf0, 0x0,
    0x0, 0x7, 0xff, 0xff, 0xf0, 0x0, 0x0, 0xf,
    0xff, 0xff, 0xe0, 0x0, 0x0, 0x1f, 0xc0, 0x3f,
    0xe0, 0x0, 0x0, 0x3f, 0x80, 0x1f, 0xc0, 0x0,
    0x0, 0x7f, 0x0, 0x3f, 0xc0, 0x0, 0x0, 0xfe,
    0x0, 0x3f, 0x80, 0xff, 0x1, 0xfc, 0x0, 0x7f,
    0x7, 0xff, 0xc3, 0xf8, 0x0, 0xfe, 0x3f, 0xff,
    0xc7, 0xf0, 0x1, 0xfc, 0xff, 0xff, 0xcf, 0xe0,
    0x3, 0xf9, 0xff, 0xff, 0xdf, 0xc0, 0xf, 0xf7,
    0xf8, 0x7f, 0xbf, 0x80, 0x1f, 0xcf, 0xe0, 0x3f,
    0xff, 0x0, 0xff, 0x9f, 0xc0, 0x7f, 0xff, 0xff,
    0xfe, 0x3f, 0x80, 0x1, 0xff, 0xff, 0xf8, 0x7f,
    0x80, 0x3, 0xff, 0xff, 0xe0, 0x7f, 0xc0, 0x7,
    0xff, 0xff, 0x0, 0xff, 0xf8, 0xf, 0xff, 0xfe,
    0x0, 0xff, 0xfe, 0x1f, 0xc0, 0xfe, 0x0, 0x7f,
    0xff, 0x3f, 0x81, 0xfc, 0x0, 0x1f, 0xff, 0x7f,
    0x1, 0xfc, 0x0, 0x3, 0xfe, 0xfe, 0x3, 0xf8,
    0x0, 0x1, 0xff, 0xfc, 0x3, 0xf8, 0x0, 0x1,
    0xff, 0xf8, 0x7, 0xf1, 0xfc, 0x3, 0xff, 0xf0,
    0x7, 0xf3, 0xf8, 0x7, 0xff, 0xe0, 0xf, 0xe3,
    0xfc, 0x1f, 0xff, 0xc0, 0xf, 0xe7, 0xff, 0xff,
    0xbf, 0x80, 0x1f, 0xc7, 0xff, 0xff, 0x7f, 0x0,
    0x1f, 0xc7, 0xff, 0xfc, 0xfe, 0x0, 0x3f, 0x87,
    0xff, 0xe1, 0xfc, 0x0, 0x3f, 0x81, 0xfe, 0x0,

    /* U+20A9 "₩" */
    0x3f, 0x81, 0xfc, 0xf, 0xe1, 0xfc, 0xf, 0xe0,
    0x7f, 0xf, 0xe0, 0x7f, 0x3, 0xf8, 0x7f, 0x3,
    0xf8, 0x1f, 0x81, 0xf8, 0x1f, 0xc0, 0xfc, 0xf,
    0xc0, 0xfe, 0x7, 0xe0, 0x7f, 0xf, 0xf0, 0x7f,
    0x1f, 0xff, 0xff, 0xff, 0xff, 0xff, 0xff, 0xff,
    0xff, 0xff, 0xff, 0xff, 0xff, 0xff, 0xc3, 0xf0,
    0xff, 0x87, 0xe0, 0x1f, 0x87, 0xfc, 0x3f, 0x0,
    0xfc, 0x7f, 0xe3, 0xf8, 0x7, 0xf3, 0xff, 0x9f,
    0xc3, 0xff, 0xff, 0xff, 0xff, 0xff, 0xff, 0xff,
    0xff, 0xff, 0xff, 0xff, 0xff, 0xff, 0xf8, 0x3f,
    0x3e, 0xf9, 0xf8, 0x1, 0xf9, 0xf7, 0xdf, 0xc0,
    0xf, 0xff, 0xbf, 0xfc, 0x0, 0x3f, 0xfd, 0xff,
    0xe0, 0x1, 0xff, 0xef, 0xff, 0x0, 0xf, 0xfe,
    0x7f, 0xf8, 0x0, 0x7f, 0xf1, 0xff, 0xc0, 0x3,
    0xff, 0x8f, 0xfe, 0x0, 0xf, 0xfc, 0x7f, 0xe0,
    0x0, 0x7f, 0xe3, 0xff, 0x0, 0x3, 0xff, 0x1f,
    0xf8, 0x0, 0x1f, 0xf8, 0xff, 0xc0, 0x0, 0xff,
    0x83, 0xfe, 0x0, 0x7, 0xfc, 0x1f, 0xe0, 0x0,
    0x1f, 0xe0, 0xff, 0x0, 0x0, 0xff, 0x7, 0xf8,
    0x0, 0x7, 0xf8, 0x3f, 0xc0, 0x0,

    /* U+20AA "₪" */
    0xff, 0xff, 0xfc, 0x3, 0xff, 0xff, 0xff, 0xf8,
    0x1f, 0xff, 0xff, 0xff, 0xe0, 0xff, 0xff, 0xff,
    0xff, 0x87, 0xff, 0xff, 0xff, 0xfc, 0x3f, 0xff,
    0x0, 0x1f, 0xf1, 0xff, 0xf8, 0x0, 0x7f, 0x8f,
    0xff, 0xc0, 0x1, 0xfc, 0x7f, 0xfe, 0x3f, 0x8f,
    0xe3, 0xff, 0xf1, 0xfc, 0x7f, 0x1f, 0xff, 0x8f,
    0xe3, 0xf8, 0xff, 0xfc, 0x7f, 0x1f, 0xc7, 0xff,
    0xe3, 0xf8, 0xfe, 0x3f, 0xff, 0x1f, 0xc7, 0xf1,
    0xff, 0xf8, 0xfe, 0x3f, 0x8f, 0xff, 0xc7, 0xf1,
    0xfc, 0x7f, 0xfe, 0x3f, 0x8f, 0xe3, 0xff, 0xf1,
    0xfc, 0x7f, 0x1f, 0xff, 0x8f, 0xe0, 0x0, 0xff,
    0xfc, 0x7f, 0x0, 0xf, 0xef, 0xe3, 0xf8, 0x0,
    0xff, 0x7f, 0x1f, 0xff, 0xff, 0xf3, 0xf8, 0xff,
    0xff, 0xff, 0x1f, 0xc7, 0xff, 0xff, 0xf0, 0xfe,
    0x3f, 0xff, 0xfe, 0x7, 0xf1, 0xff, 0xff, 0x80,
    0x0,

    /* U+20AB "₫" */
    0x0, 0x0, 0xfe, 0x0, 0x0, 0x1f, 0xc0, 0x0,
    0x3, 0xf8, 0x0, 0x1f, 0xff, 0xf0, 0x3, 0xff,
    0xfe, 0x0, 0x7f, 0xff, 0xc0, 0xf, 0xff, 0xf8,
    0x0, 0x7, 0xf0, 0x0, 0x0, 0xfe, 0x0, 0x0,
    0x1f, 0xc0, 0x7, 0xe3, 0xf8, 0x3, 0xff, 0x7f,
    0x0, 0xff, 0xff, 0xe0, 0x3f, 0xff, 0xfc, 0xf,
    0xff, 0xff, 0x83, 0xfe, 0x1f, 0xf0, 0x7f, 0x81,
    0xfe, 0xf, 0xe0, 0x1f, 0xc3, 0xfc, 0x3, 0xf8,
    0x7f, 0x0, 0x7f, 0xf, 0xe0, 0xf, 0xe1, 0xfc,
    0x1, 0xfc, 0x3f, 0x80, 0x3f, 0x87, 0xf0, 0x7,
    0xf0, 0xfe, 0x0, 0xfe, 0x1f, 0xc0, 0x1f, 0xc3,
    0xf8, 0x3, 0xf8, 0x7f, 0x80, 0x7f, 0x7, 0xf0,
    0xf, 0xe0, 0xff, 0x3, 0xfc, 0x1f, 0xf0, 0xff,
    0x81, 0xff, 0xff, 0xf0, 0x1f, 0xff, 0xfe, 0x1,
    0xff, 0xff, 0xc0, 0x1f, 0xfb, 0xf8, 0x0, 0xfc,
    0x3f, 0x0, 0x0, 0x0, 0x0, 0x0, 0x0, 0x0,
    0x0, 0x0, 0x0, 0x1, 0xff, 0xff, 0xf0, 0x3f,
    0xff, 0xfe, 0x7, 0xff, 0xff, 0xc0, 0xff, 0xff,
    0xf8, 0x1f, 0xff, 0xff, 0x0,

    /* U+20AC "€" */
    0x0, 0x3, 0xfe, 0x0, 0x1f, 0xff, 0x0, 0x7f,
    0xfe, 0x0, 0xff, 0xfe, 0x1, 0xff, 0xfe, 0x3,
    0xfe, 0x2, 0x3, 0xf8, 0x0, 0x7, 0xf0, 0x0,
    0x7, 0xf0, 0x0, 0xf, 0xf0, 0x0, 0xf, 0xe0,
    0x0, 0xf, 0xe0, 0x0, 0xff, 0xff, 0xe0, 0xff,
    0xff, 0xe0, 0xff, 0xff, 0xe0, 0xf, 0xe0, 0x0,
    0xf, 0xe0, 0x0, 0xf, 0xe0, 0x0, 0xff, 0xff,
    0xe0, 0xff, 0xff, 0xe0, 0xff, 0xff, 0xe0, 0xf,
    0xe0, 0x0, 0xf, 0xe0, 0x0, 0xf, 0xe0, 0x0,
    0xf, 0xe0, 0x0, 0x7, 0xf0, 0x0, 0x7, 0xf0,
    0x0, 0x7, 0xf8, 0x0, 0x3, 0xfe, 0x2, 0x1,
    0xff, 0xfe, 0x0, 0xff, 0xfe, 0x0, 0x7f, 0xfe,
    0x0, 0x3f, 0xff, 0x0, 0x7, 0xfe,

    /* U+20B1 "₱" */
    0xf, 0xff, 0xfc, 0x0, 0x3, 0xff, 0xff, 0xc0,
    0x0, 0xff, 0xff, 0xfc, 0x0, 0x3f, 0xff, 0xff,
    0x80, 0xf, 0xff, 0xff, 0xf0, 0x3, 0xf8, 0x3,
    0xfe, 0x0, 0xfe, 0x0, 0x7f, 0x83, 0xff, 0xff,
    0xff, 0xff, 0xff, 0xff, 0xff, 0xff, 0xff, 0xff,
    0xff, 0xff, 0xf0, 0xfe, 0x0, 0x1f, 0xc0, 0x3f,
    0x80, 0x7, 0xf0, 0xff, 0xff, 0xff, 0xff, 0xff,
    0xff, 0xff, 0xff, 0xff, 0xff, 0xff, 0xff, 0xfc,
    0x3f, 0x80, 0x3f, 0xe0, 0xf, 0xff, 0xff, 0xf0,
    0x3, 0xff, 0xff, 0xf8, 0x0, 0xff, 0xff, 0xfc,
    0x0, 0x3f, 0xff, 0xfe, 0x0, 0xf, 0xff, 0xfc,
    0x0, 0x3, 0xf8, 0x0, 0x0, 0x0, 0xfe, 0x0,
    0x0, 0x0, 0x3f, 0x80, 0x0, 0x0, 0xf, 0xe0,
    0x0, 0x0, 0x3, 0xf8, 0x0, 0x0, 0x0, 0xfe,
    0x0, 0x0, 0x0, 0x3f, 0x80, 0x0, 0x0, 0xf,
    0xe0, 0x0, 0x0, 0x3, 0xf8, 0x0, 0x0, 0x0,
    0xfe, 0x0, 0x0, 0x0, 0x3f, 0x80, 0x0, 0x0,
    0xf, 0xe0, 0x0, 0x0, 0x3, 0xf8, 0x0, 0x0,
    0x0,

    /* U+20B9 "₹" */
    0x7f, 0xff, 0xfe, 0xff, 0xff, 0xfd, 0xff, 0xff,
    0xff, 0xff, 0xff, 0xef, 0xff, 0xf8, 0x0, 0x3f,
    0xf8, 0x0, 0xf, 0xf0, 0x0, 0xf, 0xe0, 0x7f,
    0xff, 0xfe, 0xff, 0xff, 0xfd, 0xff, 0xff, 0xff,
    0xff, 0xff, 0xef, 0xff, 0xff, 0xc0, 0x3, 0xf8,
    0x0, 0x7, 0xf0, 0x0, 0x1f, 0xe0, 0x1, 0xff,
    0x80, 0xff, 0xff, 0x1, 0xff, 0xfc, 0x3, 0xff,
    0xf0, 0x7, 0xff, 0x80, 0xf, 0xf8, 0x0, 0xf,
    0xf0, 0x0, 0xf, 0xf0, 0x0, 0xf, 0xf0, 0x0,
    0xf, 0xf0, 0x0, 0xf, 0xf0, 0x0, 0x1f, 0xf0,
    0x0, 0x1f, 0xe0, 0x0, 0x1f, 0xe0, 0x0, 0x1f,
    0xe0, 0x0, 0x1f, 0xe0, 0x0, 0x1f, 0xe0, 0x0,
    0x1f, 0xc0,

    /* U+20BA "₺" */
    0x7, 0xf0, 0x0, 0x1, 0xfc, 0x0, 0x0, 0x7f,
    0x0, 0x0, 0x1f, 0xc4, 0x0, 0x7, 0xff, 0x0,
    0x1, 0xff, 0xc0, 0x0, 0x7f, 0xf0, 0x0, 0x7f,
    0xfc, 0x0, 0xff, 0xfc, 0x0, 0x3f, 0xfc, 0x0,
    0xf, 0xff, 0x0, 0x3, 0xff, 0xcc, 0x0, 0xe7,
    0xff, 0x0, 0x1, 0xff, 0xc0, 0x0, 0x7f, 0xf0,
    0x0, 0xff, 0xfc, 0x0, 0xff, 0xfc, 0x1f, 0xff,
    0xfc, 0x7, 0xff, 0xff, 0x1, 0xff, 0xff, 0xc0,
    0x7f, 0xc7, 0xf0, 0x1f, 0xc1, 0xfc, 0x7, 0xf0,
    0x7f, 0x1, 0xfc, 0x1f, 0xc0, 0xfe, 0x7, 0xf0,
    0x3f, 0x81, 0xfc, 0xf, 0xe0, 0x7f, 0x7, 0xf0,
    0x1f, 0xc3, 0xfc, 0x7, 0xf3, 0xfe, 0x1, 0xff,
    0xff, 0x0, 0x7f, 0xff, 0x80, 0x1f, 0xff, 0xc0,
    0x7, 0xff, 0xc0, 0x1, 0xff, 0xc0, 0x0,

    /* U+20BC "₼" */
    0x0, 0x1f, 0xc0, 0x0, 0x0, 0xfe, 0x0, 0x0,
    0x7, 0xf0, 0x0, 0x0, 0x3f, 0x80, 0x0, 0x1,
    0xfc, 0x0, 0x0, 0xf, 0xe0, 0x0, 0x3, 0xff,
    0xe0, 0x0, 0x7f, 0xff, 0xc0, 0x7, 0xff, 0xff,
    0x0, 0x7f, 0xff, 0xfc, 0x7, 0xff, 0xff, 0xf0,
    0x3f, 0xbf, 0xbf, 0x83, 0xf9, 0xfc, 0xfe, 0x1f,
    0xcf, 0xe7, 0xf1, 0xfc, 0x7f, 0x1f, 0xcf, 0xe3,
    0xf8, 0xfe, 0x7f, 0x1f, 0xc7, 0xf7, 0xf0, 0xfe,
    0x1f, 0xff, 0x87, 0xf0, 0xff, 0xfc, 0x3f, 0x87,
    0xff, 0xe1, 0xfc, 0x3f, 0xff, 0xf, 0xe1, 0xff,
    0xf8, 0x7f, 0xf, 0xff, 0xc3, 0xf8, 0x7f, 0xfe,
    0x1f, 0xc3, 0xff, 0xf0, 0xfe, 0x1f, 0xc0,

    /* U+20BD "₽" */
    0x7, 0xff, 0xfe, 0x0, 0xf, 0xff, 0xff, 0x0,
    0x1f, 0xff, 0xff, 0x80, 0x3f, 0xff, 0xff, 0x80,
    0x7f, 0xff, 0xff, 0x80, 0xfe, 0x0, 0xff, 0x81,
    0xfc, 0x0, 0xff, 0x3, 0xf8, 0x0, 0xff, 0x7,
    0xf0, 0x0, 0xfe, 0xf, 0xe0, 0x1, 0xfc, 0x1f,
    0xc0, 0x3, 0xf8, 0x3f, 0x80, 0x7, 0xf0, 0x7f,
    0x0, 0xf, 0xe0, 0xfe, 0x0, 0x3f, 0xc1, 0xfc,
    0x0, 0x7f, 0x3, 0xf8, 0x3, 0xfe, 0xff, 0xff,
    0xff, 0xf9, 0xff, 0xff, 0xff, 0xe3, 0xff, 0xff,
    0xff, 0x87, 0xff, 0xff, 0xfe, 0xf, 0xff, 0xff,
    0xe0, 0x0, 0xfe, 0x0, 0x0, 0x1, 0xfc, 0x0,
    0x0, 0x3, 0xf8, 0x0, 0x0, 0xff, 0xff, 0xe0,
    0x1, 0xff, 0xff, 0xc0, 0x3, 0xff, 0xff, 0x80,
    0x7, 0xff, 0xff, 0x0, 0xf, 0xff, 0xfe, 0x0,
    0x0, 0xfe, 0x0, 0x0, 0x1, 0xfc, 0x0, 0x0,
    0x3, 0xf8, 0x0, 0x0, 0x7, 0xf0, 0x0, 0x0,
    0xf, 0xe0, 0x0, 0x0
};


/*---------------------
 *  GLYPH DESCRIPTION
 *--------------------*/

static const lv_font_fmt_txt_glyph_dsc_t glyph_dsc[] = {
    {.bitmap_index = 0, .adv_w = 0, .box_w = 0, .box_h = 0, .ofs_x = 0, .ofs_y = 0} /* id = 0 reserved */,
    {.bitmap_index = 0, .adv_w = 191, .box_w = 1, .box_h = 1, .ofs_x = 0, .ofs_y = 0},
    {.bitmap_index = 1, .adv_w = 208, .box_w = 7, .box_h = 34, .ofs_x = 3, .ofs_y = 0},
    {.bitmap_index = 31, .adv_w = 245, .box_w = 12, .box_h = 13, .ofs_x = 1, .ofs_y = 23},
    {.bitmap_index = 51, .adv_w = 455, .box_w = 26, .box_h = 34, .ofs_x = 1, .ofs_y = 0},
    {.bitmap_index = 162, .adv_w = 441, .box_w = 23, .box_h = 46, .ofs_x = 2, .ofs_y = -5},
    {.bitmap_index = 295, .adv_w = 568, .box_w = 31, .box_h = 34, .ofs_x = 2, .ofs_y = 0},
    {.bitmap_index = 427, .adv_w = 505, .box_w = 29, .box_h = 34, .ofs_x = 2, .ofs_y = 0},
    {.bitmap_index = 551, .adv_w = 124, .box_w = 5, .box_h = 13, .ofs_x = 1, .ofs_y = 23},
    {.bitmap_index = 560, .adv_w = 269, .box_w = 13, .box_h = 49, .ofs_x = 3, .ofs_y = -11},
    {.bitmap_index = 640, .adv_w = 270, .box_w = 13, .box_h = 49, .ofs_x = 1, .ofs_y = -11},
    {.bitmap_index = 720, .adv_w = 349, .box_w = 20, .box_h = 21, .ofs_x = 1, .ofs_y = 13},
    {.bitmap_index = 773, .adv_w = 419, .box_w = 24, .box_h = 25, .ofs_x = 1, .ofs_y = 3},
    {.bitmap_index = 848, .adv_w = 189, .box_w = 8, .box_h = 14, .ofs_x = 1, .ofs_y = -8},
    {.bitmap_index = 862, .adv_w = 303, .box_w = 13, .box_h = 5, .ofs_x = 3, .ofs_y = 12},
    {.bitmap_index = 871, .adv_w = 223, .box_w = 7, .box_h = 7, .ofs_x = 3, .ofs_y = 0},
    {.bitmap_index = 878, .adv_w = 285, .box_w = 17, .box_h = 38, .ofs_x = 0, .ofs_y = -4},
    {.bitmap_index = 959, .adv_w = 441, .box_w = 23, .box_h = 34, .ofs_x = 2, .ofs_y = 0},
    {.bitmap_index = 1057, .adv_w = 441, .box_w = 15, .box_h = 34, .ofs_x = 4, .ofs_y = 0},
    {.bitmap_index = 1121, .adv_w = 441, .box_w = 24, .box_h = 34, .ofs_x = 2, .ofs_y = 0},
    {.bitmap_index = 1223, .adv_w = 441, .box_w = 24, .box_h = 34, .ofs_x = 1, .ofs_y = 0},
    {.bitmap_index = 1325, .adv_w = 441, .box_w = 25, .box_h = 34, .ofs_x = 2, .ofs_y = 0},
    {.bitmap_index = 1432, .adv_w = 441, .box_w = 24, .box_h = 34, .ofs_x = 2, .ofs_y = 0},
    {.bitmap_index = 1534, .adv_w = 441, .box_w = 24, .box_h = 34, .ofs_x = 2, .ofs_y = 0},
    {.bitmap_index = 1636, .adv_w = 441, .box_w = 24, .box_h = 34, .ofs_x = 1, .ofs_y = 0},
    {.bitmap_index = 1738, .adv_w = 441, .box_w = 23, .box_h = 34, .ofs_x = 2, .ofs_y = 0},
    {.bitmap_index = 1836, .adv_w = 441, .box_w = 23, .box_h = 34, .ofs_x = 2, .ofs_y = 0},
    {.bitmap_index = 1934, .adv_w = 216, .box_w = 7, .box_h = 26, .ofs_x = 3, .ofs_y = 0},
    {.bitmap_index = 1957, .adv_w = 202, .box_w = 8, .box_h = 35, .ofs_x = 2, .ofs_y = -9},
    {.bitmap_index = 1992, .adv_w = 392, .box_w = 21, .box_h = 23, .ofs_x = 1, .ofs_y = 3},
    {.bitmap_index = 2053, .adv_w = 441, .box_w = 21, .box_h = 15, .ofs_x = 3, .ofs_y = 8},
    {.bitmap_index = 2093, .adv_w = 396, .box_w = 21, .box_h = 23, .ofs_x = 3, .ofs_y = 3},
    {.bitmap_index = 2154, .adv_w = 382, .box_w = 21, .box_h = 34, .ofs_x = 1, .ofs_y = 0},
    {.bitmap_index = 2244, .adv_w = 689, .box_w = 39, .box_h = 45, .ofs_x = 2, .ofs_y = -11},
    {.bitmap_index = 2464, .adv_w = 516, .box_w = 32, .box_h = 34, .ofs_x = 0, .ofs_y = 0},
    {.bitmap_index = 2600, .adv_w = 490, .box_w = 25, .box_h = 34, .ofs_x = 3, .ofs_y = 0},
    {.bitmap_index = 2707, .adv_w = 503, .box_w = 28, .box_h = 34, .ofs_x = 2, .ofs_y = 0},
    {.bitmap_index = 2826, .adv_w = 499, .box_w = 26, .box_h = 34, .ofs_x = 3, .ofs_y = 0},
    {.bitmap_index = 2937, .adv_w = 432, .box_w = 23, .box_h = 34, .ofs_x = 3, .ofs_y = 0},
    {.bitmap_index = 3035, .adv_w = 422, .box_w = 23, .box_h = 34, .ofs_x = 3, .ofs_y = 0},
    {.bitmap_index = 3133, .adv_w = 524, .box_w = 28, .box_h = 34, .ofs_x = 2, .ofs_y = 0},
    {.bitmap_index = 3252, .adv_w = 542, .box_w = 28, .box_h = 34, .ofs_x = 3, .ofs_y = 0},
    {.bitmap_index = 3371, .adv_w = 225, .box_w = 7, .box_h = 34, .ofs_x = 4, .ofs_y = 0},
    {.bitmap_index = 3401, .adv_w = 429, .box_w = 23, .box_h = 34, .ofs_x = 1, .ofs_y = 0},
    {.bitmap_index = 3499, .adv_w = 488, .box_w = 28, .box_h = 34, .ofs_x = 3, .ofs_y = 0},
    {.bitmap_index = 3618, .adv_w = 416, .box_w = 22, .box_h = 34, .ofs_x = 3, .ofs_y = 0},
    {.bitmap_index = 3712, .adv_w = 672, .box_w = 36, .box_h = 34, .ofs_x = 3, .ofs_y = 0},
    {.bitmap_index = 3865, .adv_w = 542, .box_w = 28, .box_h = 34, .ofs_x = 3, .ofs_y = 0},
    {.bitmap_index = 3984, .adv_w = 530, .box_w = 29, .box_h = 34, .ofs_x = 2, .ofs_y = 0},
    {.bitmap_index = 4108, .adv_w = 495, .box_w = 26, .box_h = 34, .ofs_x = 3, .ofs_y = 0},
    {.bitmap_index = 4219, .adv_w = 530, .box_w = 29, .box_h = 40, .ofs_x = 2, .ofs_y = -6},
    {.bitmap_index = 4364, .adv_w = 492, .box_w = 26, .box_h = 34, .ofs_x = 3, .ofs_y = 0},
    {.bitmap_index = 4475, .adv_w = 473, .box_w = 26, .box_h = 34, .ofs_x = 2, .ofs_y = 0},
    {.bitmap_index = 4586, .adv_w = 476, .box_w = 29, .box_h = 34, .ofs_x = 0, .ofs_y = 0},
    {.bitmap_index = 4710, .adv_w = 506, .box_w = 26, .box_h = 34, .ofs_x = 3, .ofs_y = 0},
    {.bitmap_index = 4821, .adv_w = 502, .box_w = 31, .box_h = 34, .ofs_x = 0, .ofs_y = 0},
    {.bitmap_index = 4953, .adv_w = 672, .box_w = 40, .box_h = 34, .ofs_x = 0, .ofs_y = 0},
    {.bitmap_index = 5123, .adv_w = 488, .box_w = 30, .box_h = 34, .ofs_x = 0, .ofs_y = 0},
    {.bitmap_index = 5251, .adv_w = 476, .box_w = 29, .box_h = 34, .ofs_x = 0, .ofs_y = 0},
    {.bitmap_index = 5375, .adv_w = 466, .box_w = 26, .box_h = 34, .ofs_x = 2, .ofs_y = 0},
    {.bitmap_index = 5486, .adv_w = 213, .box_w = 10, .box_h = 48, .ofs_x = 3, .ofs_y = -8},
    {.bitmap_index = 5546, .adv_w = 324, .box_w = 21, .box_h = 38, .ofs_x = 0, .ofs_y = -4},
    {.bitmap_index = 5646, .adv_w = 213, .box_w = 11, .box_h = 48, .ofs_x = 0, .ofs_y = -8},
    {.bitmap_index = 5712, .adv_w = 336, .box_w = 19, .box_h = 17, .ofs_x = 1, .ofs_y = 17},
    {.bitmap_index = 5753, .adv_w = 342, .box_w = 21, .box_h = 5, .ofs_x = 1, .ofs_y = -5},
    {.bitmap_index = 5767, .adv_w = 254, .box_w = 12, .box_h = 7, .ofs_x = 1, .ofs_y = 29},
    {.bitmap_index = 5778, .adv_w = 411, .box_w = 23, .box_h = 26, .ofs_x = 2, .ofs_y = 0},
    {.bitmap_index = 5853, .adv_w = 432, .box_w = 23, .box_h = 36, .ofs_x = 3, .ofs_y = 0},
    {.bitmap_index = 5957, .adv_w = 400, .box_w = 22, .box_h = 26, .ofs_x = 2, .ofs_y = 0},
    {.bitmap_index = 6029, .adv_w = 432, .box_w = 23, .box_h = 36, .ofs_x = 2, .ofs_y = 0},
    {.bitmap_index = 6133, .adv_w = 415, .box_w = 23, .box_h = 26, .ofs_x = 2, .ofs_y = 0},
    {.bitmap_index = 6208, .adv_w = 275, .box_w = 17, .box_h = 37, .ofs_x = 1, .ofs_y = 0},
    {.bitmap_index = 6287, .adv_w = 439, .box_w = 23, .box_h = 36, .ofs_x = 2, .ofs_y = -10},
    {.bitmap_index = 6391, .adv_w = 430, .box_w = 22, .box_h = 36, .ofs_x = 2, .ofs_y = 0},
    {.bitmap_index = 6490, .adv_w = 203, .box_w = 7, .box_h = 36, .ofs_x = 3, .ofs_y = 0},
    {.bitmap_index = 6522, .adv_w = 200, .box_w = 12, .box_h = 47, .ofs_x = -2, .ofs_y = -11},
    {.bitmap_index = 6593, .adv_w = 410, .box_w = 24, .box_h = 36, .ofs_x = 3, .ofs_y = 0},
    {.bitmap_index = 6701, .adv_w = 203, .box_w = 7, .box_h = 36, .ofs_x = 3, .ofs_y = 0},
    {.bitmap_index = 6733, .adv_w = 665, .box_w = 36, .box_h = 26, .ofs_x = 3, .ofs_y = 0},
    {.bitmap_index = 6850, .adv_w = 431, .box_w = 22, .box_h = 26, .ofs_x = 2, .ofs_y = 0},
    {.bitmap_index = 6922, .adv_w = 434, .box_w = 24, .box_h = 26, .ofs_x = 2, .ofs_y = 0},
    {.bitmap_index = 7000, .adv_w = 432, .box_w = 23, .box_h = 36, .ofs_x = 3, .ofs_y = -10},
    {.bitmap_index = 7104, .adv_w = 433, .box_w = 23, .box_h = 36, .ofs_x = 2, .ofs_y = -10},
    {.bitmap_index = 7208, .adv_w = 281, .box_w = 15, .box_h = 26, .ofs_x = 3, .ofs_y = 0},
    {.bitmap_index = 7257, .adv_w = 395, .box_w = 22, .box_h = 26, .ofs_x = 1, .ofs_y = 0},
    {.bitmap_index = 7329, .adv_w = 260, .box_w = 15, .box_h = 33, .ofs_x = 0, .ofs_y = 0},
    {.bitmap_index = 7391, .adv_w = 430, .box_w = 22, .box_h = 26, .ofs_x = 2, .ofs_y = 0},
    {.bitmap_index = 7463, .adv_w = 389, .box_w = 24, .box_h = 26, .ofs_x = 0, .ofs_y = 0},
    {.bitmap_index = 7541, .adv_w = 564, .box_w = 33, .box_h = 26, .ofs_x = 1, .ofs_y = 0},
    {.bitmap_index = 7649, .adv_w = 391, .box_w = 23, .box_h = 26, .ofs_x = 1, .ofs_y = 0},
    {.bitmap_index = 7724, .adv_w = 387, .box_w = 24, .box_h = 37, .ofs_x = 0, .ofs_y = -11},
    {.bitmap_index = 7835, .adv_w = 391, .box_w = 22, .box_h = 26, .ofs_x = 1, .ofs_y = 0},
    {.bitmap_index = 7907, .adv_w = 253, .box_w = 14, .box_h = 46, .ofs_x = 1, .ofs_y = -9},
    {.bitmap_index = 7988, .adv_w = 194, .box_w = 4, .box_h = 40, .ofs_x = 4, .ofs_y = -6},
    {.bitmap_index = 8008, .adv_w = 253, .box_w = 15, .box_h = 46, .ofs_x = 0, .ofs_y = -9},
    {.bitmap_index = 8095, .adv_w = 498, .box_w = 26, .box_h = 10, .ofs_x = 2, .ofs_y = 9},
    {.bitmap_index = 8128, .adv_w = 191, .box_w = 1, .box_h = 1, .ofs_x = 0, .ofs_y = 0},
    {.bitmap_index = 8129, .adv_w = 217, .box_w = 7, .box_h = 35, .ofs_x = 3, .ofs_y = -9},
    {.bitmap_index = 8160, .adv_w = 443, .box_w = 22, .box_h = 38, .ofs_x = 2, .ofs_y = -6},
    {.bitmap_index = 8265, .adv_w = 456, .box_w = 25, .box_h = 34, .ofs_x = 2, .ofs_y = 0},
    {.bitmap_index = 8372, .adv_w = 532, .box_w = 30, .box_h = 31, .ofs_x = 2, .ofs_y = 0},
    {.bitmap_index = 8489, .adv_w = 412, .box_w = 25, .box_h = 34, .ofs_x = 0, .ofs_y = 0},
    {.bitmap_index = 8596, .adv_w = 193, .box_w = 6, .box_h = 40, .ofs_x = 3, .ofs_y = -6},
    {.bitmap_index = 8626, .adv_w = 483, .box_w = 26, .box_h = 45, .ofs_x = 2, .ofs_y = -11},
    {.bitmap_index = 8773, .adv_w = 361, .box_w = 18, .box_h = 6, .ofs_x = 2, .ofs_y = 29},
    {.bitmap_index = 8787, .adv_w = 603, .box_w = 33, .box_h = 35, .ofs_x = 2, .ofs_y = 0},
    {.bitmap_index = 8932, .adv_w = 341, .box_w = 15, .box_h = 19, .ofs_x = 3, .ofs_y = 15},
    {.bitmap_index = 8968, .adv_w = 384, .box_w = 20, .box_h = 19, .ofs_x = 2, .ofs_y = 3},
    {.bitmap_index = 9016, .adv_w = 423, .box_w = 20, .box_h = 10, .ofs_x = 3, .ofs_y = 9},
    {.bitmap_index = 9041, .adv_w = 303, .box_w = 13, .box_h = 5, .ofs_x = 3, .ofs_y = 12},
    {.bitmap_index = 9050, .adv_w = 603, .box_w = 33, .box_h = 35, .ofs_x = 2, .ofs_y = 0},
    {.bitmap_index = 9195, .adv_w = 384, .box_w = 16, .box_h = 4, .ofs_x = 4, .ofs_y = 30},
    {.bitmap_index = 9203, .adv_w = 299, .box_w = 12, .box_h = 13, .ofs_x = 3, .ofs_y = 22},
    {.bitmap_index = 9223, .adv_w = 413, .box_w = 22, .box_h = 31, .ofs_x = 2, .ofs_y = 0},
    {.bitmap_index = 9309, .adv_w = 286, .box_w = 15, .box_h = 18, .ofs_x = 1, .ofs_y = 16},
    {.bitmap_index = 9343, .adv_w = 286, .box_w = 15, .box_h = 18, .ofs_x = 1, .ofs_y = 16},
    {.bitmap_index = 9377, .adv_w = 254, .box_w = 12, .box_h = 7, .ofs_x = 2, .ofs_y = 29},
    {.bitmap_index = 9388, .adv_w = 474, .box_w = 23, .box_h = 36, .ofs_x = 3, .ofs_y = -10},
    {.bitmap_index = 9492, .adv_w = 375, .box_w = 19, .box_h = 34, .ofs_x = 1, .ofs_y = 0},
    {.bitmap_index = 9573, .adv_w = 232, .box_w = 7, .box_h = 7, .ofs_x = 3, .ofs_y = 13},
    {.bitmap_index = 9580, .adv_w = 206, .box_w = 9, .box_h = 11, .ofs_x = 3, .ofs_y = -11},
    {.bitmap_index = 9593, .adv_w = 286, .box_w = 10, .box_h = 18, .ofs_x = 3, .ofs_y = 16},
    {.bitmap_index = 9616, .adv_w = 351, .box_w = 16, .box_h = 19, .ofs_x = 3, .ofs_y = 15},
    {.bitmap_index = 9654, .adv_w = 384, .box_w = 20, .box_h = 19, .ofs_x = 2, .ofs_y = 3},
    {.bitmap_index = 9702, .adv_w = 550, .box_w = 31, .box_h = 35, .ofs_x = 2, .ofs_y = 0},
    {.bitmap_index = 9838, .adv_w = 583, .box_w = 33, .box_h = 34, .ofs_x = 2, .ofs_y = 0},
    {.bitmap_index = 9979, .adv_w = 622, .box_w = 34, .box_h = 35, .ofs_x = 2, .ofs_y = 0},
    {.bitmap_index = 10128, .adv_w = 383, .box_w = 21, .box_h = 35, .ofs_x = 2, .ofs_y = -9},
    {.bitmap_index = 10220, .adv_w = 516, .box_w = 32, .box_h = 43, .ofs_x = 0, .ofs_y = 0},
    {.bitmap_index = 10392, .adv_w = 516, .box_w = 32, .box_h = 43, .ofs_x = 0, .ofs_y = 0},
    {.bitmap_index = 10564, .adv_w = 516, .box_w = 32, .box_h = 44, .ofs_x = 0, .ofs_y = 0},
    {.bitmap_index = 10740, .adv_w = 516, .box_w = 32, .box_h = 44, .ofs_x = 0, .ofs_y = 0},
    {.bitmap_index = 10916, .adv_w = 516, .box_w = 32, .box_h = 43, .ofs_x = 0, .ofs_y = 0},
    {.bitmap_index = 11088, .adv_w = 516, .box_w = 32, .box_h = 46, .ofs_x = 0, .ofs_y = 0},
    {.bitmap_index = 11272, .adv_w = 721, .box_w = 44, .box_h = 34, .ofs_x = 0, .ofs_y = 0},
    {.bitmap_index = 11459, .adv_w = 503, .box_w = 28, .box_h = 45, .ofs_x = 2, .ofs_y = -11},
    {.bitmap_index = 11617, .adv_w = 432, .box_w = 23, .box_h = 44, .ofs_x = 3, .ofs_y = 0},
    {.bitmap_index = 11744, .adv_w = 432, .box_w = 23, .box_h = 44, .ofs_x = 3, .ofs_y = 0},
    {.bitmap_index = 11871, .adv_w = 432, .box_w = 23, .box_h = 44, .ofs_x = 3, .ofs_y = 0},
    {.bitmap_index = 11998, .adv_w = 432, .box_w = 23, .box_h = 43, .ofs_x = 3, .ofs_y = 0},
    {.bitmap_index = 12122, .adv_w = 225, .box_w = 12, .box_h = 44, .ofs_x = -1, .ofs_y = 0},
    {.bitmap_index = 12188, .adv_w = 225, .box_w = 12, .box_h = 44, .ofs_x = 4, .ofs_y = 0},
    {.bitmap_index = 12254, .adv_w = 225, .box_w = 18, .box_h = 44, .ofs_x = -1, .ofs_y = 0},
    {.bitmap_index = 12353, .adv_w = 225, .box_w = 18, .box_h = 43, .ofs_x = -2, .ofs_y = 0},
    {.bitmap_index = 12450, .adv_w = 510, .box_w = 30, .box_h = 34, .ofs_x = 0, .ofs_y = 0},
    {.bitmap_index = 12578, .adv_w = 542, .box_w = 28, .box_h = 44, .ofs_x = 3, .ofs_y = 0},
    {.bitmap_index = 12732, .adv_w = 530, .box_w = 29, .box_h = 44, .ofs_x = 2, .ofs_y = 0},
    {.bitmap_index = 12892, .adv_w = 530, .box_w = 29, .box_h = 44, .ofs_x = 2, .ofs_y = 0},
    {.bitmap_index = 13052, .adv_w = 530, .box_w = 29, .box_h = 44, .ofs_x = 2, .ofs_y = 0},
    {.bitmap_index = 13212, .adv_w = 530, .box_w = 29, .box_h = 44, .ofs_x = 2, .ofs_y = 0},
    {.bitmap_index = 13372, .adv_w = 530, .box_w = 29, .box_h = 43, .ofs_x = 2, .ofs_y = 0},
    {.bitmap_index = 13528, .adv_w = 408, .box_w = 22, .box_h = 22, .ofs_x = 2, .ofs_y = 5},
    {.bitmap_index = 13589, .adv_w = 529, .box_w = 29, .box_h = 38, .ofs_x = 2, .ofs_y = -2},
    {.bitmap_index = 13727, .adv_w = 506, .box_w = 26, .box_h = 44, .ofs_x = 3, .ofs_y = 0},
    {.bitmap_index = 13870, .adv_w = 506, .box_w = 26, .box_h = 44, .ofs_x = 3, .ofs_y = 0},
    {.bitmap_index = 14013, .adv_w = 506, .box_w = 26, .box_h = 44, .ofs_x = 3, .ofs_y = 0},
    {.bitmap_index = 14156, .adv_w = 506, .box_w = 26, .box_h = 43, .ofs_x = 3, .ofs_y = 0},
    {.bitmap_index = 14296, .adv_w = 476, .box_w = 29, .box_h = 43, .ofs_x = 0, .ofs_y = 0},
    {.bitmap_index = 14452, .adv_w = 468, .box_w = 25, .box_h = 34, .ofs_x = 3, .ofs_y = 0},
    {.bitmap_index = 14559, .adv_w = 485, .box_w = 26, .box_h = 37, .ofs_x = 3, .ofs_y = 0},
    {.bitmap_index = 14680, .adv_w = 411, .box_w = 23, .box_h = 36, .ofs_x = 2, .ofs_y = 0},
    {.bitmap_index = 14784, .adv_w = 411, .box_w = 23, .box_h = 36, .ofs_x = 2, .ofs_y = 0},
    {.bitmap_index = 14888, .adv_w = 411, .box_w = 23, .box_h = 36, .ofs_x = 2, .ofs_y = 0},
    {.bitmap_index = 14992, .adv_w = 411, .box_w = 23, .box_h = 36, .ofs_x = 2, .ofs_y = 0},
    {.bitmap_index = 15096, .adv_w = 411, .box_w = 23, .box_h = 34, .ofs_x = 2, .ofs_y = 0},
    {.bitmap_index = 15194, .adv_w = 411, .box_w = 23, .box_h = 39, .ofs_x = 2, .ofs_y = 0},
    {.bitmap_index = 15307, .adv_w = 649, .box_w = 38, .box_h = 26, .ofs_x = 2, .ofs_y = 0},
    {.bitmap_index = 15431, .adv_w = 400, .box_w = 22, .box_h = 37, .ofs_x = 2, .ofs_y = -11},
    {.bitmap_index = 15533, .adv_w = 415, .box_w = 23, .box_h = 36, .ofs_x = 2, .ofs_y = 0},
    {.bitmap_index = 15637, .adv_w = 415, .box_w = 23, .box_h = 36, .ofs_x = 2, .ofs_y = 0},
    {.bitmap_index = 15741, .adv_w = 415, .box_w = 23, .box_h = 36, .ofs_x = 2, .ofs_y = 0},
    {.bitmap_index = 15845, .adv_w = 415, .box_w = 23, .box_h = 34, .ofs_x = 2, .ofs_y = 0},
    {.bitmap_index = 15943, .adv_w = 210, .box_w = 12, .box_h = 36, .ofs_x = -2, .ofs_y = 0},
    {.bitmap_index = 15997, .adv_w = 210, .box_w = 12, .box_h = 36, .ofs_x = 3, .ofs_y = 0},
    {.bitmap_index = 16051, .adv_w = 210, .box_w = 19, .box_h = 36, .ofs_x = -3, .ofs_y = 0},
    {.bitmap_index = 16137, .adv_w = 210, .box_w = 18, .box_h = 34, .ofs_x = -2, .ofs_y = 0},
    {.bitmap_index = 16214, .adv_w = 441, .box_w = 24, .box_h = 37, .ofs_x = 2, .ofs_y = 0},
    {.bitmap_index = 16325, .adv_w = 431, .box_w = 22, .box_h = 36, .ofs_x = 2, .ofs_y = 0},
    {.bitmap_index = 16424, .adv_w = 434, .box_w = 24, .box_h = 36, .ofs_x = 2, .ofs_y = 0},
    {.bitmap_index = 16532, .adv_w = 434, .box_w = 24, .box_h = 36, .ofs_x = 2, .ofs_y = 0},
    {.bitmap_index = 16640, .adv_w = 434, .box_w = 24, .box_h = 36, .ofs_x = 2, .ofs_y = 0},
    {.bitmap_index = 16748, .adv_w = 434, .box_w = 24, .box_h = 36, .ofs_x = 2, .ofs_y = 0},
    {.bitmap_index = 16856, .adv_w = 434, .box_w = 24, .box_h = 34, .ofs_x = 2, .ofs_y = 0},
    {.bitmap_index = 16958, .adv_w = 438, .box_w = 24, .box_h = 26, .ofs_x = 1, .ofs_y = 3},
    {.bitmap_index = 17036, .adv_w = 433, .box_w = 24, .box_h = 32, .ofs_x = 2, .ofs_y = -3},
    {.bitmap_index = 17132, .adv_w = 430, .box_w = 22, .box_h = 36, .ofs_x = 2, .ofs_y = 0},
    {.bitmap_index = 17231, .adv_w = 430, .box_w = 22, .box_h = 36, .ofs_x = 2, .ofs_y = 0},
    {.bitmap_index = 17330, .adv_w = 430, .box_w = 22, .box_h = 36, .ofs_x = 2, .ofs_y = 0},
    {.bitmap_index = 17429, .adv_w = 430, .box_w = 22, .box_h = 34, .ofs_x = 2, .ofs_y = 0},
    {.bitmap_index = 17523, .adv_w = 387, .box_w = 24, .box_h = 47, .ofs_x = 0, .ofs_y = -11},
    {.bitmap_index = 17664, .adv_w = 435, .box_w = 23, .box_h = 46, .ofs_x = 3, .ofs_y = -10},
    {.bitmap_index = 17797, .adv_w = 387, .box_w = 24, .box_h = 45, .ofs_x = 0, .ofs_y = -11},
    {.bitmap_index = 17932, .adv_w = 392, .box_w = 1, .box_h = 1, .ofs_x = 0, .ofs_y = 0},
    {.bitmap_index = 17933, .adv_w = 783, .box_w = 1, .box_h = 1, .ofs_x = 0, .ofs_y = 0},
    {.bitmap_index = 17934, .adv_w = 392, .box_w = 1, .box_h = 1, .ofs_x = 0, .ofs_y = 0},
    {.bitmap_index = 17935, .adv_w = 783, .box_w = 1, .box_h = 1, .ofs_x = 0, .ofs_y = 0},
    {.bitmap_index = 17936, .adv_w = 261, .box_w = 1, .box_h = 1, .ofs_x = 0, .ofs_y = 0},
    {.bitmap_index = 17937, .adv_w = 196, .box_w = 1, .box_h = 1, .ofs_x = 0, .ofs_y = 0},
    {.bitmap_index = 17938, .adv_w = 131, .box_w = 1, .box_h = 1, .ofs_x = 0, .ofs_y = 0},
    {.bitmap_index = 17939, .adv_w = 432, .box_w = 1, .box_h = 1, .ofs_x = 0, .ofs_y = 0},
    {.bitmap_index = 17940, .adv_w = 210, .box_w = 1, .box_h = 1, .ofs_x = 0, .ofs_y = 0},
    {.bitmap_index = 17941, .adv_w = 157, .box_w = 1, .box_h = 1, .ofs_x = 0, .ofs_y = 0},
    {.bitmap_index = 17942, .adv_w = 78, .box_w = 1, .box_h = 1, .ofs_x = 0, .ofs_y = 0},
    {.bitmap_index = 17943, .adv_w = 0, .box_w = 1, .box_h = 1, .ofs_x = 0, .ofs_y = 0},
    {.bitmap_index = 17944, .adv_w = 302, .box_w = 13, .box_h = 5, .ofs_x = 3, .ofs_y = 12},
    {.bitmap_index = 17953, .adv_w = 302, .box_w = 13, .box_h = 5, .ofs_x = 3, .ofs_y = 12},
    {.bitmap_index = 17962, .adv_w = 484, .box_w = 24, .box_h = 5, .ofs_x = 4, .ofs_y = 14},
    {.bitmap_index = 17977, .adv_w = 585, .box_w = 32, .box_h = 5, .ofs_x = 2, .ofs_y = 14},
    {.bitmap_index = 17997, .adv_w = 585, .box_w = 32, .box_h = 5, .ofs_x = 2, .ofs_y = 14},
    {.bitmap_index = 18017, .adv_w = 342, .box_w = 21, .box_h = 9, .ofs_x = 1, .ofs_y = -10},
    {.bitmap_index = 18041, .adv_w = 179, .box_w = 7, .box_h = 12, .ofs_x = 2, .ofs_y = 25},
    {.bitmap_index = 18052, .adv_w = 176, .box_w = 7, .box_h = 12, .ofs_x = 1, .ofs_y = 24},
    {.bitmap_index = 18063, .adv_w = 191, .box_w = 7, .box_h = 12, .ofs_x = 1, .ofs_y = -7},
    {.bitmap_index = 18074, .adv_w = 160, .box_w = 7, .box_h = 12, .ofs_x = 2, .ofs_y = 24},
    {.bitmap_index = 18085, .adv_w = 310, .box_w = 15, .box_h = 12, .ofs_x = 3, .ofs_y = 25},
    {.bitmap_index = 18108, .adv_w = 312, .box_w = 15, .box_h = 12, .ofs_x = 2, .ofs_y = 24},
    {.bitmap_index = 18131, .adv_w = 308, .box_w = 15, .box_h = 14, .ofs_x = 1, .ofs_y = -8},
    {.bitmap_index = 18158, .adv_w = 413, .box_w = 23, .box_h = 34, .ofs_x = 1, .ofs_y = 0},
    {.bitmap_index = 18256, .adv_w = 445, .box_w = 23, .box_h = 44, .ofs_x = 2, .ofs_y = -10},
    {.bitmap_index = 18383, .adv_w = 276, .box_w = 11, .box_h = 11, .ofs_x = 3, .ofs_y = 12},
    {.bitmap_index = 18399, .adv_w = 401, .box_w = 18, .box_h = 7, .ofs_x = 3, .ofs_y = 0},
    {.bitmap_index = 18415, .adv_w = 569, .box_w = 29, .box_h = 7, .ofs_x = 3, .ofs_y = 0},
    {.bitmap_index = 18441, .adv_w = 199, .box_w = 7, .box_h = 7, .ofs_x = 2, .ofs_y = 11},
    {.bitmap_index = 18448, .adv_w = 738, .box_w = 42, .box_h = 34, .ofs_x = 2, .ofs_y = 0},
    {.bitmap_index = 18627, .adv_w = 124, .box_w = 5, .box_h = 13, .ofs_x = 1, .ofs_y = 23},
    {.bitmap_index = 18636, .adv_w = 245, .box_w = 12, .box_h = 13, .ofs_x = 1, .ofs_y = 23},
    {.bitmap_index = 18656, .adv_w = 240, .box_w = 10, .box_h = 19, .ofs_x = 3, .ofs_y = 3},
    {.bitmap_index = 18680, .adv_w = 232, .box_w = 11, .box_h = 19, .ofs_x = 2, .ofs_y = 3},
    {.bitmap_index = 18707, .adv_w = 415, .box_w = 20, .box_h = 34, .ofs_x = 3, .ofs_y = 0},
    {.bitmap_index = 18792, .adv_w = 342, .box_w = 20, .box_h = 28, .ofs_x = 1, .ofs_y = 3},
    {.bitmap_index = 18862, .adv_w = 422, .box_w = 27, .box_h = 34, .ofs_x = -1, .ofs_y = 0},
    {.bitmap_index = 18977, .adv_w = 456, .box_w = 25, .box_h = 34, .ofs_x = 2, .ofs_y = 0},
    {.bitmap_index = 19084, .adv_w = 624, .box_w = 38, .box_h = 34, .ofs_x = 0, .ofs_y = 0},
    {.bitmap_index = 19246, .adv_w = 662, .box_w = 35, .box_h = 34, .ofs_x = 3, .ofs_y = 0},
    {.bitmap_index = 19395, .adv_w = 834, .box_w = 47, .box_h = 34, .ofs_x = 3, .ofs_y = 0},
    {.bitmap_index = 19595, .adv_w = 624, .box_w = 37, .box_h = 34, .ofs_x = 1, .ofs_y = 0},
    {.bitmap_index = 19753, .adv_w = 670, .box_w = 37, .box_h = 26, .ofs_x = 3, .ofs_y = 0},
    {.bitmap_index = 19874, .adv_w = 444, .box_w = 27, .box_h = 44, .ofs_x = 2, .ofs_y = -8},
    {.bitmap_index = 20023, .adv_w = 441, .box_w = 24, .box_h = 34, .ofs_x = 2, .ofs_y = 0},
    {.bitmap_index = 20125, .adv_w = 573, .box_w = 34, .box_h = 34, .ofs_x = 1, .ofs_y = 0},
    {.bitmap_index = 20270, .adv_w = 404, .box_w = 23, .box_h = 34, .ofs_x = 1, .ofs_y = 0},
    {.bitmap_index = 20368, .adv_w = 455, .box_w = 26, .box_h = 34, .ofs_x = 0, .ofs_y = 0},
    {.bitmap_index = 20479, .adv_w = 525, .box_w = 29, .box_h = 26, .ofs_x = 2, .ofs_y = 0},
    {.bitmap_index = 20574, .adv_w = 542, .box_w = 31, .box_h = 34, .ofs_x = 1, .ofs_y = 0}
};

/*---------------------
 *  CHARACTER MAPPING
 *--------------------*/

static const uint16_t unicode_list_3[] = {
    0x0, 0x1, 0x3, 0x4, 0x5, 0x7, 0x8, 0x9,
    0xa, 0xb, 0xc, 0xd, 0xe, 0x10, 0x11, 0x12,
    0x15, 0x16, 0x17, 0x20, 0x22, 0x23, 0x29, 0x2a,
    0x2c, 0x34, 0x93, 0x94, 0x96, 0x97, 0x98, 0x99,
    0x9a, 0x9b, 0x9c, 0xa1, 0xa9, 0xaa, 0xac, 0xad
};

/*Collect the unicode lists and glyph_id offsets*/
static const lv_font_fmt_txt_cmap_t cmaps[] =
{
    {
        .range_start = 32, .range_length = 95, .glyph_id_start = 1,
        .unicode_list = NULL, .glyph_id_ofs_list = NULL, .list_length = 0, .type = LV_FONT_FMT_TXT_CMAP_FORMAT0_TINY
    },
    {
        .range_start = 160, .range_length = 96, .glyph_id_start = 96,
        .unicode_list = NULL, .glyph_id_ofs_list = NULL, .list_length = 0, .type = LV_FONT_FMT_TXT_CMAP_FORMAT0_TINY
    },
    {
        .range_start = 8192, .range_length = 12, .glyph_id_start = 192,
        .unicode_list = NULL, .glyph_id_ofs_list = NULL, .list_length = 0, .type = LV_FONT_FMT_TXT_CMAP_FORMAT0_TINY
    },
    {
        .range_start = 8208, .range_length = 174, .glyph_id_start = 204,
        .unicode_list = unicode_list_3, .glyph_id_ofs_list = NULL, .list_length = 40, .type = LV_FONT_FMT_TXT_CMAP_SPARSE_TINY
    }
};

/*-----------------
 *    KERNING
 *----------------*/


/*Pair left and right glyphs for kerning*/
static const uint8_t kern_pair_glyph_ids[] =
{
    3, 3,
    3, 8,
    3, 210,
    3, 211,
    3, 213,
    3, 214,
    3, 215,
    3, 224,
    3, 225,
    8, 3,
    8, 8,
    8, 210,
    8, 211,
    8, 213,
    8, 214,
    8, 215,
    8, 224,
    8, 225,
    13, 3,
    13, 8,
    13, 210,
    13, 211,
    13, 213,
    13, 214,
    13, 215,
    13, 224,
    13, 225,
    15, 3,
    15, 8,
    15, 210,
    15, 211,
    15, 213,
    15, 214,
    15, 215,
    15, 224,
    15, 225,
    16, 16,
    210, 3,
    210, 8,
    210, 210,
    210, 211,
    210, 213,
    210, 214,
    210, 215,
    210, 224,
    210, 225,
    211, 3,
    211, 8,
    211, 210,
    211, 211,
    211, 213,
    211, 214,
    211, 215,
    211, 224,
    211, 225,
    212, 3,
    212, 8,
    212, 210,
    212, 211,
    212, 213,
    212, 214,
    212, 215,
    212, 224,
    212, 225,
    213, 3,
    213, 8,
    213, 210,
    213, 211,
    213, 213,
    213, 214,
    213, 215,
    213, 224,
    213, 225,
    214, 3,
    214, 8,
    214, 210,
    214, 211,
    214, 213,
    214, 214,
    214, 215,
    214, 224,
    214, 225,
    215, 3,
    215, 8,
    215, 210,
    215, 211,
    215, 213,
    215, 214,
    215, 215,
    215, 224,
    215, 225,
    216, 3,
    216, 8,
    216, 210,
    216, 211,
    216, 213,
    216, 214,
    216, 215,
    216, 224,
    216, 225,
    220, 3,
    220, 8,
    220, 210,
    220, 211,
    220, 213,
    220, 214,
    220, 215,
    220, 224,
    220, 225,
    221, 3,
    221, 8,
    221, 210,
    221, 211,
    221, 213,
    221, 214,
    221, 215,
    221, 224,
    221, 225,
    224, 3,
    224, 8,
    224, 210,
    224, 211,
    224, 213,
    224, 214,
    224, 215,
    224, 224,
    224, 225,
    225, 3,
    225, 8,
    225, 210,
    225, 211,
    225, 213,
    225, 214,
    225, 215,
    225, 224,
    225, 225
};

/* Kerning between the respective left and right glyphs
 * 4.4 format which needs to scaled with `kern_scale`*/
static const int8_t kern_pair_values[] =
{
    -22, -22, -22, -22, -22, -22, -22, -22,
    -22, -22, -22, -22, -22, -22, -22, -22,
    -22, -22, -93, -93, -93, -93, -93, -93,
    -93, -93, -93, -93, -93, -93, -93, -93,
    -93, -93, -93, -93, -90, -22, -22, -22,
    -22, -22, -22, -22, -22, -22, -22, -22,
    -22, -22, -22, -22, -22, -22, -22, -93,
    -93, -93, -93, -93, -93, -93, -93, -93,
    -22, -22, -22, -22, -22, -22, -22, -22,
    -22, -22, -22, -22, -22, -22, -22, -22,
    -22, -22, -22, -22, -22, -22, -22, -22,
    -22, -22, -22, -93, -93, -93, -93, -93,
    -93, -93, -93, -93, -93, -93, -93, -93,
    -93, -93, -93, -93, -93, -93, -93, -93,
    -93, -93, -93, -93, -93, -93, -22, -22,
    -22, -22, -22, -22, -22, -22, -22, -22,
    -22, -22, -22, -22, -22, -22, -22, -22
};

/*Collect the kern pair's data in one place*/
static const lv_font_fmt_txt_kern_pair_t kern_pairs =
{
    .glyph_ids = kern_pair_glyph_ids,
    .values = kern_pair_values,
    .pair_cnt = 136,
    .glyph_ids_size = 0
};

/*--------------------
 *  ALL CUSTOM DATA
 *--------------------*/

#if LVGL_VERSION_MAJOR == 8
/*Store all the custom data of the font*/
static  lv_font_fmt_txt_glyph_cache_t cache;
#endif

#if LVGL_VERSION_MAJOR >= 8
static const lv_font_fmt_txt_dsc_t font_dsc = {
#else
static lv_font_fmt_txt_dsc_t font_dsc = {
#endif
    .glyph_bitmap = glyph_bitmap,
    .glyph_dsc = glyph_dsc,
    .cmaps = cmaps,
    .kern_dsc = &kern_pairs,
    .kern_scale = 16,
    .cmap_num = 4,
    .bpp = 1,
    .kern_classes = 0,
    .bitmap_format = 0,
#if LVGL_VERSION_MAJOR == 8
    .cache = &cache
#endif

};

extern const lv_font_t roboto_bold_48;


/*-----------------
 *  PUBLIC FONT
 *----------------*/

/*Initialize a public general font descriptor*/
#if LVGL_VERSION_MAJOR >= 8
const lv_font_t roboto_bold_48 = {
#else
lv_font_t roboto_bold_48 = {
#endif
    .get_glyph_dsc = lv_font_get_glyph_dsc_fmt_txt,    /*Function pointer to get glyph's data*/
    .get_glyph_bitmap = lv_font_get_bitmap_fmt_txt,    /*Function pointer to get glyph's bitmap*/
    .line_height = 57,          /*The maximum line height required by the font*/
    .base_line = 11,             /*Baseline measured from the bottom of the line*/
#if !(LVGL_VERSION_MAJOR == 6 && LVGL_VERSION_MINOR == 0)
    .subpx = LV_FONT_SUBPX_NONE,
#endif
#if LV_VERSION_CHECK(7, 4, 0) || LVGL_VERSION_MAJOR >= 8
    .underline_position = -4,
    .underline_thickness = 2,
#endif
    .dsc = &font_dsc,          /*The custom font data. Will be accessed by `get_glyph_bitmap/dsc` */
#if LV_VERSION_CHECK(8, 2, 0) || LVGL_VERSION_MAJOR >= 9
    .fallback = &roboto_bold_48,
#endif
    .user_data = NULL,
};



#endif /*#if ROBOTO_BOLD_48*/
