/*******************************************************************************
 * Size: 96 px
 * Bpp: 1
 * Opts: --bpp 1 --size 96 --no-compress --stride 1 --align 1 --font Roboto-Bold.ttf --range 32-127,160-255,8352-8399,8192-8303 --format lvgl -o roboto_bold_96.c
 ******************************************************************************/

#include "UI.h"

#ifndef ROBOTO_BOLD_96
#define ROBOTO_BOLD_96 1
#endif

#if ROBOTO_BOLD_96

/*-----------------
 *    BITMAPS
 *----------------*/

/*Store the image of the glyphs*/
static LV_ATTRIBUTE_LARGE_CONST const uint8_t glyph_bitmap[] = {
    /* U+0020 " " */
    0x0,

    /* U+0021 "!" */
    0xff, 0xff, 0xff, 0xff, 0xff, 0xff, 0xff, 0xe7,
    0xff, 0xcf, 0xff, 0x9f, 0xff, 0x3f, 0xfe, 0x7f,
    0xfc, 0xff, 0xf9, 0xff, 0xf3, 0xff, 0xe7, 0xff,
    0xcf, 0xff, 0x9f, 0xff, 0x3f, 0xfe, 0x7f, 0xfc,
    0xff, 0xf9, 0xff, 0xf3, 0xff, 0xe7, 0xff, 0xcf,
    0xff, 0x9f, 0xff, 0x3f, 0xfe, 0x7f, 0xfc, 0xff,
    0xf9, 0xff, 0xf3, 0xff, 0xe7, 0xff, 0xcf, 0xff,
    0x9f, 0xff, 0x3f, 0xfe, 0x7f, 0xfc, 0xff, 0xf8,
    0xff, 0xe1, 0xff, 0xc3, 0xff, 0x87, 0xff, 0xf,
    0xfe, 0x1f, 0xfc, 0x3f, 0xf8, 0x7f, 0xf0, 0xff,
    0xe1, 0xff, 0xc3, 0xff, 0x87, 0xff, 0xf, 0xfe,
    0x0, 0x0, 0x0, 0x0, 0x0, 0x0, 0x0, 0x0,
    0x0, 0x0, 0x0, 0x0, 0x0, 0x0, 0x0, 0x7,
    0xf0, 0x1f, 0xf0, 0x7f, 0xf1, 0xff, 0xf7, 0xff,
    0xff, 0xff, 0xff, 0xff, 0xff, 0xff, 0xff, 0xff,
    0xff, 0xfe, 0xff, 0xf8, 0xff, 0xe0, 0xff, 0x80,
    0xfe, 0x0,

    /* U+0022 "\"" */
    0xff, 0x81, 0xff, 0xff, 0x81, 0xff, 0xff, 0x81,
    0xff, 0xff, 0x81, 0xff, 0xff, 0x81, 0xff, 0xff,
    0x81, 0xff, 0xff, 0x81, 0xff, 0xff, 0x81, 0xff,
    0xff, 0x81, 0xff, 0xff, 0x81, 0xff, 0xff, 0x81,
    0xff, 0xff, 0x81, 0xff, 0xff, 0x1, 0xfe, 0xff,
    0x1, 0xfe, 0xff, 0x1, 0xfe, 0xff, 0x1, 0xfe,
    0xff, 0x1, 0xfe, 0xff, 0x1, 0xfe, 0xff, 0x1,
    0xfe, 0xff, 0x1, 0xfe, 0xff, 0x1, 0xfe, 0xff,
    0x1, 0xfe, 0xfe, 0x1, 0xfc, 0xfe, 0x1, 0xfc,
    0xfe, 0x1, 0xfc,

    /* U+0023 "#" */
    0x0, 0x0, 0x1f, 0xf0, 0x7, 0xfc, 0x0, 0x0,
    0x1, 0xfe, 0x0, 0x7f, 0x80, 0x0, 0x0, 0x1f,
    0xe0, 0x7, 0xf8, 0x0, 0x0, 0x3, 0xfe, 0x0,
    0xff, 0x80, 0x0, 0x0, 0x3f, 0xe0, 0xf, 0xf8,
    0x0, 0x0, 0x3, 0xfe, 0x0, 0xff, 0x80, 0x0,
    0x0, 0x3f, 0xe0, 0xf, 0xf0, 0x0, 0x0, 0x3,
    0xfc, 0x0, 0xff, 0x0, 0x0, 0x0, 0x3f, 0xc0,
    0x1f, 0xf0, 0x0, 0x0, 0x7, 0xfc, 0x1, 0xff,
    0x0, 0x0, 0x0, 0x7f, 0xc0, 0x1f, 0xf0, 0x0,
    0x0, 0x7, 0xfc, 0x1, 0xff, 0x0, 0x0, 0x0,
    0x7f, 0xc0, 0x1f, 0xe0, 0x0, 0x0, 0x7, 0xf8,
    0x1, 0xfe, 0x0, 0x0, 0x0, 0xff, 0x80, 0x3f,
    0xe0, 0x0, 0x0, 0xf, 0xf8, 0x3, 0xfe, 0x0,
    0x0, 0x0, 0xff, 0x80, 0x3f, 0xe0, 0x0, 0x0,
    0xf, 0xf8, 0x3, 0xfe, 0x0, 0x0, 0x0, 0xff,
    0x0, 0x3f, 0xc0, 0x0, 0x0, 0xf, 0xf0, 0x3,
    0xfc, 0x0, 0x1f, 0xff, 0xff, 0xff, 0xff, 0xff,
    0xf1, 0xff, 0xff, 0xff, 0xff, 0xff, 0xff, 0x1f,
    0xff, 0xff, 0xff, 0xff, 0xff, 0xf1, 0xff, 0xff,
    0xff, 0xff, 0xff, 0xff, 0x1f, 0xff, 0xff, 0xff,
    0xff, 0xff, 0xf1, 0xff, 0xff, 0xff, 0xff, 0xff,
    0xff, 0x1f, 0xff, 0xff, 0xff, 0xff, 0xff, 0xf1,
    0xff, 0xff, 0xff, 0xff, 0xff, 0xff, 0x0, 0x3,
    0xfe, 0x0, 0xff, 0x80, 0x0, 0x0, 0x3f, 0xe0,
    0xf, 0xf0, 0x0, 0x0, 0x3, 0xfc, 0x0, 0xff,
    0x0, 0x0, 0x0, 0x3f, 0xc0, 0x1f, 0xf0, 0x0,
    0x0, 0x7, 0xfc, 0x1, 0xff, 0x0, 0x0, 0x0,
    0x7f, 0xc0, 0x1f, 0xf0, 0x0, 0x0, 0x7, 0xfc,
    0x1, 0xff, 0x0, 0x0, 0x0, 0x7f, 0x80, 0x1f,
    0xe0, 0x0, 0x0, 0x7, 0xf8, 0x1, 0xfe, 0x0,
    0x0, 0x0, 0xff, 0x80, 0x3f, 0xe0, 0x0, 0x0,
    0xf, 0xf8, 0x3, 0xfe, 0x0, 0x0, 0x0, 0xff,
    0x80, 0x3f, 0xe0, 0x0, 0x0, 0xf, 0xf8, 0x3,
    0xfc, 0x0, 0x0, 0x0, 0xff, 0x0, 0x3f, 0xc0,
    0x0, 0xff, 0xff, 0xff, 0xff, 0xff, 0xff, 0x8f,
    0xff, 0xff, 0xff, 0xff, 0xff, 0xf8, 0xff, 0xff,
    0xff, 0xff, 0xff, 0xff, 0x8f, 0xff, 0xff, 0xff,
    0xff, 0xff, 0xf8, 0xff, 0xff, 0xff, 0xff, 0xff,
    0xff, 0x8f, 0xff, 0xff, 0xff, 0xff, 0xff, 0xf8,
    0xff, 0xff, 0xff, 0xff, 0xff, 0xff, 0x8f, 0xff,
    0xff, 0xff, 0xff, 0xff, 0xf8, 0x0, 0x3f, 0xe0,
    0xf, 0xf8, 0x0, 0x0, 0x3, 0xfe, 0x0, 0xff,
    0x80, 0x0, 0x0, 0x3f, 0xc0, 0xf, 0xf0, 0x0,
    0x0, 0x3, 0xfc, 0x0, 0xff, 0x0, 0x0, 0x0,
    0x7f, 0xc0, 0x1f, 0xf0, 0x0, 0x0, 0x7, 0xfc,
    0x1, 0xff, 0x0, 0x0, 0x0, 0x7f, 0xc0, 0x1f,
    0xf0, 0x0, 0x0, 0x7, 0xfc, 0x1, 0xfe, 0x0,
    0x0, 0x0, 0x7f, 0x80, 0x1f, 0xe0, 0x0, 0x0,
    0x7, 0xf8, 0x3, 0xfe, 0x0, 0x0, 0x0, 0xff,
    0x80, 0x3f, 0xe0, 0x0, 0x0, 0xf, 0xf8, 0x3,
    0xfe, 0x0, 0x0, 0x0, 0xff, 0x80, 0x3f, 0xe0,
    0x0, 0x0, 0xf, 0xf8, 0x3, 0xfc, 0x0, 0x0,
    0x0, 0xff, 0x0, 0x3f, 0xc0, 0x0, 0x0, 0xf,
    0xf0, 0x7, 0xfc, 0x0, 0x0, 0x1, 0xff, 0x0,
    0x7f, 0xc0, 0x0, 0x0, 0x1f, 0xf0, 0x7, 0xfc,
    0x0, 0x0, 0x1, 0xff, 0x0, 0x7f, 0xc0, 0x0,
    0x0, 0x1f, 0xe0, 0x7, 0xf8, 0x0, 0x0,

    /* U+0024 "$" */
    0x0, 0x0, 0x7, 0xf0, 0x0, 0x0, 0x0, 0x0,
    0xf, 0xe0, 0x0, 0x0, 0x0, 0x0, 0x1f, 0xc0,
    0x0, 0x0, 0x0, 0x0, 0x3f, 0x80, 0x0, 0x0,
    0x0, 0x0, 0x7f, 0x0, 0x0, 0x0, 0x0, 0x0,
    0xfe, 0x0, 0x0, 0x0, 0x0, 0x1, 0xfc, 0x0,
    0x0, 0x0, 0x0, 0x3, 0xf8, 0x0, 0x0, 0x0,
    0x0, 0x7, 0xf0, 0x0, 0x0, 0x0, 0x0, 0xf,
    0xe0, 0x0, 0x0, 0x0, 0x0, 0x7f, 0xf0, 0x0,
    0x0, 0x0, 0xf, 0xff, 0xfe, 0x0, 0x0, 0x0,
    0xff, 0xff, 0xff, 0x0, 0x0, 0x3, 0xff, 0xff,
    0xff, 0x80, 0x0, 0x1f, 0xff, 0xff, 0xff, 0x80,
    0x0, 0x7f, 0xff, 0xff, 0xff, 0x80, 0x1, 0xff,
    0xff, 0xff, 0xff, 0x80, 0x7, 0xff, 0xff, 0xff,
    0xff, 0x80, 0x1f, 0xff, 0xff, 0xff, 0xff, 0x80,
    0x3f, 0xff, 0xff, 0xff, 0xff, 0x80, 0xff, 0xff,
    0xff, 0xff, 0xff, 0x1, 0xff, 0xfe, 0x1, 0xff,
    0xff, 0x7, 0xff, 0xf8, 0x1, 0xff, 0xfe, 0xf,
    0xff, 0xe0, 0x1, 0xff, 0xfe, 0x1f, 0xff, 0x80,
    0x1, 0xff, 0xfc, 0x7f, 0xff, 0x0, 0x1, 0xff,
    0xf8, 0xff, 0xfc, 0x0, 0x3, 0xff, 0xf1, 0xff,
    0xf8, 0x0, 0x7, 0xff, 0xf3, 0xff, 0xf0, 0x0,
    0x7, 0xff, 0xe7, 0xff, 0xe0, 0x0, 0xf, 0xff,
    0xcf, 0xff, 0xc0, 0x0, 0x1f, 0xff, 0x9f, 0xff,
    0x80, 0x0, 0x3f, 0xff, 0x3f, 0xff, 0x0, 0x0,
    0x0, 0x0, 0x7f, 0xff, 0x0, 0x0, 0x0, 0x0,
    0x7f, 0xff, 0x0, 0x0, 0x0, 0x0, 0xff, 0xfe,
    0x0, 0x0, 0x0, 0x1, 0xff, 0xff, 0x0, 0x0,
    0x0, 0x3, 0xff, 0xff, 0x0, 0x0, 0x0, 0x3,
    0xff, 0xff, 0x80, 0x0, 0x0, 0x3, 0xff, 0xff,
    0xc0, 0x0, 0x0, 0x7, 0xff, 0xff, 0xf0, 0x0,
    0x0, 0x7, 0xff, 0xff, 0xf8, 0x0, 0x0, 0x7,
    0xff, 0xff, 0xfc, 0x0, 0x0, 0x7, 0xff, 0xff,
    0xfe, 0x0, 0x0, 0x7, 0xff, 0xff, 0xff, 0x0,
    0x0, 0x3, 0xff, 0xff, 0xff, 0x80, 0x0, 0x3,
    0xff, 0xff, 0xff, 0x80, 0x0, 0x1, 0xff, 0xff,
    0xff, 0xc0, 0x0, 0x0, 0xff, 0xff, 0xff, 0xc0,
    0x0, 0x0, 0x7f, 0xff, 0xff, 0xc0, 0x0, 0x0,
    0x1f, 0xff, 0xff, 0x80, 0x0, 0x0, 0xf, 0xff,
    0xff, 0x80, 0x0, 0x0, 0x3, 0xff, 0xff, 0x80,
    0x0, 0x0, 0x1, 0xff, 0xff, 0x0, 0x0, 0x0,
    0x1, 0xff, 0xff, 0x0, 0x0, 0x0, 0x1, 0xff,
    0xfe, 0x0, 0x0, 0x0, 0x1, 0xff, 0xfc, 0x0,
    0x0, 0x0, 0x1, 0xff, 0xfc, 0x0, 0x0, 0x0,
    0x3, 0xff, 0xff, 0xff, 0xe0, 0x0, 0x3, 0xff,
    0xff, 0xff, 0xc0, 0x0, 0x7, 0xff, 0xff, 0xff,
    0x80, 0x0, 0xf, 0xff, 0xff, 0xff, 0x0, 0x0,
    0x1f, 0xff, 0xff, 0xff, 0x0, 0x0, 0x3f, 0xff,
    0xff, 0xfe, 0x0, 0x0, 0x7f, 0xfe, 0xff, 0xfc,
    0x0, 0x1, 0xff, 0xfd, 0xff, 0xfc, 0x0, 0x3,
    0xff, 0xfb, 0xff, 0xf8, 0x0, 0xf, 0xff, 0xe3,
    0xff, 0xf8, 0x0, 0x1f, 0xff, 0xc7, 0xff, 0xfc,
    0x0, 0xff, 0xff, 0x87, 0xff, 0xff, 0x7, 0xff,
    0xfe, 0xf, 0xff, 0xff, 0xff, 0xff, 0xfc, 0xf,
    0xff, 0xff, 0xff, 0xff, 0xf0, 0xf, 0xff, 0xff,
    0xff, 0xff, 0xc0, 0xf, 0xff, 0xff, 0xff, 0xff,
    0x0, 0xf, 0xff, 0xff, 0xff, 0xfc, 0x0, 0xf,
    0xff, 0xff, 0xff, 0xf0, 0x0, 0x7, 0xff, 0xff,
    0xff, 0xc0, 0x0, 0x3, 0xff, 0xff, 0xfe, 0x0,
    0x0, 0x1, 0xff, 0xff, 0xe0, 0x0, 0x0, 0x0,
    0x1f, 0xfc, 0x0, 0x0, 0x0, 0x0, 0xf, 0xe0,
    0x0, 0x0, 0x0, 0x0, 0x1f, 0xc0, 0x0, 0x0,
    0x0, 0x0, 0x3f, 0x80, 0x0, 0x0, 0x0, 0x0,
    0x7f, 0x0, 0x0, 0x0, 0x0, 0x0, 0xfe, 0x0,
    0x0, 0x0, 0x0, 0x1, 0xfc, 0x0, 0x0, 0x0,
    0x0, 0x3, 0xf8, 0x0, 0x0, 0x0, 0x0, 0x7,
    0xf0, 0x0, 0x0, 0x0, 0x0, 0xf, 0xe0, 0x0,
    0x0,

    /* U+0025 "%" */
    0x0, 0x3f, 0xf0, 0x0, 0x0, 0x0, 0x0, 0x0,
    0x7, 0xff, 0xf8, 0x0, 0x0, 0x0, 0x0, 0x0,
    0x3f, 0xff, 0xf0, 0x0, 0x0, 0x0, 0x0, 0x3,
    0xff, 0xff, 0xf0, 0x0, 0x0, 0x0, 0x0, 0x1f,
    0xff, 0xff, 0xe0, 0x0, 0x0, 0x0, 0x0, 0x7f,
    0xff, 0xff, 0x80, 0x0, 0x0, 0x0, 0x3, 0xff,
    0xff, 0xff, 0x0, 0x0, 0x0, 0x0, 0x1f, 0xfc,
    0xf, 0xfe, 0x0, 0x3, 0x0, 0x0, 0x7f, 0xe0,
    0x1f, 0xf8, 0x0, 0x1f, 0x0, 0x1, 0xff, 0x0,
    0x3f, 0xe0, 0x0, 0x7f, 0x0, 0xf, 0xfc, 0x0,
    0xff, 0xc0, 0x3, 0xfe, 0x0, 0x3f, 0xe0, 0x1,
    0xff, 0x0, 0x1f, 0xf0, 0x0, 0xff, 0x80, 0x7,
    0xfc, 0x0, 0x7f, 0xc0, 0x3, 0xfe, 0x0, 0x1f,
    0xf0, 0x3, 0xfe, 0x0, 0xf, 0xf8, 0x0, 0x7f,
    0xc0, 0xf, 0xf0, 0x0, 0x3f, 0xe0, 0x1, 0xff,
    0x0, 0x7f, 0xc0, 0x0, 0xff, 0x80, 0x7, 0xfc,
    0x3, 0xfe, 0x0, 0x3, 0xfe, 0x0, 0x1f, 0xf0,
    0xf, 0xf8, 0x0, 0xf, 0xf8, 0x0, 0x7f, 0xc0,
    0x7f, 0xc0, 0x0, 0x3f, 0xe0, 0x1, 0xff, 0x1,
    0xfe, 0x0, 0x0, 0xff, 0xc0, 0xf, 0xfc, 0xf,
    0xf8, 0x0, 0x1, 0xff, 0x0, 0x3f, 0xe0, 0x7f,
    0xc0, 0x0, 0x7, 0xfe, 0x1, 0xff, 0x81, 0xff,
    0x0, 0x0, 0x1f, 0xfc, 0xf, 0xfe, 0xf, 0xf8,
    0x0, 0x0, 0x3f, 0xff, 0xff, 0xf0, 0x7f, 0xc0,
    0x0, 0x0, 0x7f, 0xff, 0xff, 0x81, 0xff, 0x0,
    0x0, 0x1, 0xff, 0xff, 0xfe, 0xf, 0xf8, 0x0,
    0x0, 0x3, 0xff, 0xff, 0xf0, 0x3f, 0xc0, 0x0,
    0x0, 0x3, 0xff, 0xff, 0x1, 0xff, 0x0, 0x0,
    0x0, 0x7, 0xff, 0xf8, 0xf, 0xf8, 0x0, 0x0,
    0x0, 0x3, 0xff, 0x0, 0x3f, 0xe0, 0x0, 0x0,
    0x0, 0x0, 0x0, 0x1, 0xff, 0x0, 0x0, 0x0,
    0x0, 0x0, 0x0, 0x7, 0xf8, 0x0, 0x0, 0x0,
    0x0, 0x0, 0x0, 0x3f, 0xe0, 0x0, 0x0, 0x0,
    0x0, 0x0, 0x1, 0xff, 0x0, 0x0, 0x0, 0x0,
    0x0, 0x0, 0x7, 0xfc, 0x0, 0x0, 0x0, 0x0,
    0x0, 0x0, 0x3f, 0xe0, 0x0, 0x0, 0x0, 0x0,
    0x0, 0x1, 0xff, 0x0, 0x0, 0x0, 0x0, 0x0,
    0x0, 0x7, 0xfc, 0x1, 0xff, 0x0, 0x0, 0x0,
    0x0, 0x3f, 0xe0, 0x3f, 0xff, 0x80, 0x0, 0x0,
    0x0, 0xff, 0x1, 0xff, 0xff, 0x0, 0x0, 0x0,
    0x7, 0xfc, 0x1f, 0xff, 0xff, 0x0, 0x0, 0x0,
    0x3f, 0xe0, 0xff, 0xff, 0xfe, 0x0, 0x0, 0x0,
    0xff, 0x83, 0xff, 0xff, 0xf8, 0x0, 0x0, 0x7,
    0xfc, 0x1f, 0xff, 0xff, 0xf0, 0x0, 0x0, 0x3f,
    0xe0, 0xff, 0xe0, 0xff, 0xe0, 0x0, 0x0, 0xff,
    0x83, 0xff, 0x1, 0xff, 0x80, 0x0, 0x7, 0xfc,
    0xf, 0xf8, 0x3, 0xfe, 0x0, 0x0, 0x1f, 0xf0,
    0x7f, 0xe0, 0xf, 0xfc, 0x0, 0x0, 0xff, 0x81,
    0xff, 0x0, 0x1f, 0xf0, 0x0, 0x7, 0xfc, 0x7,
    0xfc, 0x0, 0x7f, 0xc0, 0x0, 0x1f, 0xf0, 0x1f,
    0xf0, 0x1, 0xff, 0x0, 0x0, 0xff, 0x80, 0x7f,
    0xc0, 0x7, 0xfc, 0x0, 0x3, 0xfc, 0x1, 0xff,
    0x0, 0x1f, 0xf0, 0x0, 0x1f, 0xf0, 0x7, 0xfc,
    0x0, 0x7f, 0xc0, 0x0, 0xff, 0x80, 0x1f, 0xf0,
    0x1, 0xff, 0x0, 0x3, 0xfe, 0x0, 0x7f, 0xc0,
    0x7, 0xfc, 0x0, 0x1f, 0xf0, 0x1, 0xff, 0x0,
    0x1f, 0xf0, 0x0, 0xff, 0x80, 0x7, 0xfc, 0x0,
    0x7f, 0xc0, 0x3, 0xfe, 0x0, 0x1f, 0xf8, 0x3,
    0xff, 0x0, 0x1f, 0xf0, 0x0, 0x3f, 0xe0, 0xf,
    0xf8, 0x0, 0x3f, 0xc0, 0x0, 0xff, 0xc0, 0x7f,
    0xe0, 0x0, 0x3e, 0x0, 0x3, 0xff, 0x83, 0xff,
    0x80, 0x0, 0x30, 0x0, 0x7, 0xff, 0xff, 0xfc,
    0x0, 0x0, 0x0, 0x0, 0xf, 0xff, 0xff, 0xe0,
    0x0, 0x0, 0x0, 0x0, 0x3f, 0xff, 0xff, 0x80,
    0x0, 0x0, 0x0, 0x0, 0x7f, 0xff, 0xfc, 0x0,
    0x0, 0x0, 0x0, 0x0, 0x7f, 0xff, 0xc0, 0x0,
    0x0, 0x0, 0x0, 0x0, 0xff, 0xfe, 0x0, 0x0,
    0x0, 0x0, 0x0, 0x0, 0x7f, 0xc0, 0x0,

    /* U+0026 "&" */
    0x0, 0x0, 0xf, 0xf8, 0x0, 0x0, 0x0, 0x0,
    0x0, 0x3f, 0xff, 0xc0, 0x0, 0x0, 0x0, 0x0,
    0x3f, 0xff, 0xfc, 0x0, 0x0, 0x0, 0x0, 0x1f,
    0xff, 0xff, 0xc0, 0x0, 0x0, 0x0, 0x1f, 0xff,
    0xff, 0xf8, 0x0, 0x0, 0x0, 0xf, 0xff, 0xff,
    0xff, 0x0, 0x0, 0x0, 0x3, 0xff, 0xff, 0xff,
    0xe0, 0x0, 0x0, 0x1, 0xff, 0xff, 0xff, 0xfc,
    0x0, 0x0, 0x0, 0xff, 0xff, 0xff, 0xff, 0x0,
    0x0, 0x0, 0x3f, 0xff, 0xff, 0xff, 0xe0, 0x0,
    0x0, 0x1f, 0xff, 0xc1, 0xff, 0xf8, 0x0, 0x0,
    0x7, 0xff, 0xc0, 0x1f, 0xfe, 0x0, 0x0, 0x1,
    0xff, 0xe0, 0x3, 0xff, 0xc0, 0x0, 0x0, 0xff,
    0xf8, 0x0, 0xff, 0xf0, 0x0, 0x0, 0x3f, 0xfc,
    0x0, 0x1f, 0xfc, 0x0, 0x0, 0xf, 0xff, 0x0,
    0x7, 0xff, 0x0, 0x0, 0x3, 0xff, 0xc0, 0x1,
    0xff, 0xc0, 0x0, 0x0, 0xff, 0xf0, 0x0, 0x7f,
    0xf0, 0x0, 0x0, 0x3f, 0xfc, 0x0, 0x1f, 0xfc,
    0x0, 0x0, 0xf, 0xff, 0x0, 0xf, 0xff, 0x0,
    0x0, 0x3, 0xff, 0xe0, 0x3, 0xff, 0x80, 0x0,
    0x0, 0xff, 0xf8, 0x1, 0xff, 0xe0, 0x0, 0x0,
    0x1f, 0xff, 0x0, 0xff, 0xf0, 0x0, 0x0, 0x7,
    0xff, 0xc0, 0xff, 0xfc, 0x0, 0x0, 0x1, 0xff,
    0xf8, 0x7f, 0xfe, 0x0, 0x0, 0x0, 0x3f, 0xff,
    0x7f, 0xff, 0x80, 0x0, 0x0, 0xf, 0xff, 0xff,
    0xff, 0xc0, 0x0, 0x0, 0x1, 0xff, 0xff, 0xff,
    0xe0, 0x0, 0x0, 0x0, 0x7f, 0xff, 0xff, 0xf0,
    0x0, 0x0, 0x0, 0xf, 0xff, 0xff, 0xf8, 0x0,
    0x0, 0x0, 0x1, 0xff, 0xff, 0xfc, 0x0, 0x0,
    0x0, 0x0, 0x7f, 0xff, 0xfc, 0x0, 0x0, 0x0,
    0x0, 0xf, 0xff, 0xfe, 0x0, 0x0, 0x0, 0x0,
    0x7, 0xff, 0xfe, 0x0, 0x0, 0x0, 0x0, 0x3,
    0xff, 0xff, 0x80, 0x0, 0x0, 0x0, 0x1, 0xff,
    0xff, 0xf0, 0x0, 0x0, 0x0, 0x1, 0xff, 0xff,
    0xfe, 0x0, 0x1f, 0xfc, 0x0, 0xff, 0xff, 0xff,
    0xc0, 0x7, 0xff, 0x0, 0x7f, 0xff, 0xff, 0xf0,
    0x1, 0xff, 0xc0, 0x3f, 0xff, 0xff, 0xfe, 0x0,
    0x7f, 0xf0, 0x1f, 0xff, 0xff, 0xff, 0xc0, 0x1f,
    0xfc, 0x7, 0xff, 0xf7, 0xff, 0xf8, 0xf, 0xff,
    0x3, 0xff, 0xf8, 0xff, 0xff, 0x3, 0xff, 0xc0,
    0xff, 0xfc, 0x1f, 0xff, 0xe0, 0xff, 0xe0, 0x7f,
    0xff, 0x3, 0xff, 0xf8, 0x3f, 0xf8, 0x1f, 0xff,
    0x80, 0x7f, 0xff, 0x1f, 0xfe, 0xf, 0xff, 0xe0,
    0xf, 0xff, 0xe7, 0xff, 0x83, 0xff, 0xf0, 0x1,
    0xff, 0xfd, 0xff, 0xe0, 0xff, 0xfc, 0x0, 0x7f,
    0xff, 0xff, 0xf0, 0x3f, 0xff, 0x0, 0xf, 0xff,
    0xff, 0xfc, 0xf, 0xff, 0xc0, 0x1, 0xff, 0xff,
    0xff, 0x3, 0xff, 0xf0, 0x0, 0x3f, 0xff, 0xff,
    0x80, 0xff, 0xfc, 0x0, 0x7, 0xff, 0xff, 0xe0,
    0x3f, 0xff, 0x0, 0x0, 0xff, 0xff, 0xf0, 0xf,
    0xff, 0xe0, 0x0, 0x1f, 0xff, 0xfc, 0x1, 0xff,
    0xf8, 0x0, 0x3, 0xff, 0xfe, 0x0, 0x7f, 0xff,
    0x0, 0x0, 0xff, 0xff, 0x0, 0x1f, 0xff, 0xe0,
    0x0, 0x3f, 0xff, 0xc0, 0x3, 0xff, 0xfc, 0x0,
    0x3f, 0xff, 0xf8, 0x0, 0xff, 0xff, 0xc0, 0x7f,
    0xff, 0xff, 0x0, 0x1f, 0xff, 0xff, 0xff, 0xff,
    0xff, 0xe0, 0x7, 0xff, 0xff, 0xff, 0xff, 0xff,
    0xfc, 0x0, 0xff, 0xff, 0xff, 0xff, 0xff, 0xff,
    0x80, 0x1f, 0xff, 0xff, 0xff, 0xff, 0xff, 0xe0,
    0x3, 0xff, 0xff, 0xff, 0xff, 0xff, 0xfc, 0x0,
    0x7f, 0xff, 0xff, 0xff, 0xbf, 0xff, 0x80, 0xf,
    0xff, 0xff, 0xff, 0x87, 0xff, 0xf0, 0x0, 0xff,
    0xff, 0xff, 0x80, 0xff, 0xfe, 0x0, 0x7, 0xff,
    0xff, 0x0, 0x1f, 0xff, 0xc0, 0x0, 0x3f, 0xfc,
    0x0, 0x0, 0x0, 0x0,

    /* U+0027 "'" */
    0xff, 0xff, 0xff, 0xff, 0xff, 0xff, 0xff, 0xff,
    0xff, 0xff, 0xff, 0xff, 0xff, 0xff, 0xff, 0xff,
    0xff, 0xff, 0xfb, 0xfe, 0xff, 0xbf, 0xef, 0xfb,
    0xfe, 0xff, 0xbf, 0xef, 0xfb, 0xfe, 0xff, 0x80,

    /* U+0028 "(" */
    0x0, 0x0, 0x6, 0x0, 0x0, 0x3, 0xc0, 0x0,
    0x3, 0xf0, 0x0, 0x1, 0xfc, 0x0, 0x0, 0xff,
    0x80, 0x0, 0x7f, 0xe0, 0x0, 0x3f, 0xf8, 0x0,
    0x1f, 0xfe, 0x0, 0xf, 0xff, 0x0, 0x7, 0xff,
    0x80, 0x1, 0xff, 0xc0, 0x0, 0xff, 0xe0, 0x0,
    0x7f, 0xf0, 0x0, 0x1f, 0xf8, 0x0, 0xf, 0xfe,
    0x0, 0x3, 0xff, 0x0, 0x1, 0xff, 0xc0, 0x0,
    0x7f, 0xe0, 0x0, 0x3f, 0xf8, 0x0, 0xf, 0xfc,
    0x0, 0x7, 0xff, 0x0, 0x1, 0xff, 0x80, 0x0,
    0xff, 0xe0, 0x0, 0x3f, 0xf8, 0x0, 0xf, 0xfc,
    0x0, 0x7, 0xff, 0x0, 0x1, 0xff, 0xc0, 0x0,
    0x7f, 0xe0, 0x0, 0x3f, 0xf8, 0x0, 0xf, 0xfe,
    0x0, 0x3, 0xff, 0x80, 0x0, 0xff, 0xc0, 0x0,
    0x7f, 0xf0, 0x0, 0x1f, 0xfc, 0x0, 0x7, 0xff,
    0x0, 0x1, 0xff, 0xc0, 0x0, 0x7f, 0xf0, 0x0,
    0x1f, 0xfc, 0x0, 0x7, 0xfe, 0x0, 0x3, 0xff,
    0x80, 0x0, 0xff, 0xe0, 0x0, 0x3f, 0xf8, 0x0,
    0xf, 0xfe, 0x0, 0x3, 0xff, 0x80, 0x0, 0xff,
    0xe0, 0x0, 0x3f, 0xf8, 0x0, 0xf, 0xfe, 0x0,
    0x3, 0xff, 0x80, 0x0, 0xff, 0xe0, 0x0, 0x3f,
    0xf8, 0x0, 0xf, 0xfe, 0x0, 0x3, 0xff, 0x80,
    0x0, 0xff, 0xe0, 0x0, 0x3f, 0xf8, 0x0, 0xf,
    0xfe, 0x0, 0x3, 0xff, 0x80, 0x0, 0xff, 0xe0,
    0x0, 0x3f, 0xf8, 0x0, 0xf, 0xfe, 0x0, 0x1,
    0xff, 0xc0, 0x0, 0x7f, 0xf0, 0x0, 0x1f, 0xfc,
    0x0, 0x7, 0xff, 0x0, 0x1, 0xff, 0xc0, 0x0,
    0x7f, 0xf0, 0x0, 0xf, 0xfc, 0x0, 0x3, 0xff,
    0x80, 0x0, 0xff, 0xe0, 0x0, 0x3f, 0xf8, 0x0,
    0x7, 0xfe, 0x0, 0x1, 0xff, 0xc0, 0x0, 0x7f,
    0xf0, 0x0, 0xf, 0xfc, 0x0, 0x3, 0xff, 0x80,
    0x0, 0xff, 0xe0, 0x0, 0x1f, 0xf8, 0x0, 0x7,
    0xff, 0x0, 0x0, 0xff, 0xc0, 0x0, 0x3f, 0xf0,
    0x0, 0xf, 0xfe, 0x0, 0x1, 0xff, 0x80, 0x0,
    0x3f, 0xf0, 0x0, 0xf, 0xfe, 0x0, 0x1, 0xff,
    0x80, 0x0, 0x7f, 0xf0, 0x0, 0xf, 0xfe, 0x0,
    0x1, 0xff, 0x80, 0x0, 0x7f, 0xf0, 0x0, 0xf,
    0xfe, 0x0, 0x1, 0xff, 0xc0, 0x0, 0x3f, 0xfc,
    0x0, 0x7, 0xfe, 0x0, 0x0, 0xff, 0x80, 0x0,
    0x1f, 0xc0, 0x0, 0x3, 0xf0, 0x0, 0x0, 0x7c,
    0x0, 0x0, 0x6, 0x0, 0x0, 0x0, 0x0,

    /* U+0029 ")" */
    0x30, 0x0, 0x0, 0x1f, 0x0, 0x0, 0x7, 0xe0,
    0x0, 0x1, 0xfc, 0x0, 0x0, 0xff, 0x80, 0x0,
    0x3f, 0xf0, 0x0, 0xf, 0xfe, 0x0, 0x3, 0xff,
    0xc0, 0x0, 0x3f, 0xf8, 0x0, 0xf, 0xff, 0x0,
    0x1, 0xff, 0xe0, 0x0, 0x3f, 0xf8, 0x0, 0x7,
    0xff, 0x0, 0x0, 0xff, 0xe0, 0x0, 0x3f, 0xf8,
    0x0, 0x7, 0xff, 0x0, 0x1, 0xff, 0xc0, 0x0,
    0x3f, 0xf8, 0x0, 0xf, 0xfe, 0x0, 0x1, 0xff,
    0xc0, 0x0, 0x7f, 0xf0, 0x0, 0xf, 0xfe, 0x0,
    0x3, 0xff, 0x80, 0x0, 0xff, 0xf0, 0x0, 0x1f,
    0xfc, 0x0, 0x7, 0xff, 0x0, 0x1, 0xff, 0xe0,
    0x0, 0x3f, 0xf8, 0x0, 0xf, 0xfe, 0x0, 0x3,
    0xff, 0xc0, 0x0, 0xff, 0xf0, 0x0, 0x1f, 0xfc,
    0x0, 0x7, 0xff, 0x0, 0x1, 0xff, 0xe0, 0x0,
    0x7f, 0xf8, 0x0, 0x1f, 0xfe, 0x0, 0x7, 0xff,
    0x80, 0x1, 0xff, 0xe0, 0x0, 0x3f, 0xf8, 0x0,
    0xf, 0xff, 0x0, 0x3, 0xff, 0xc0, 0x0, 0xff,
    0xf0, 0x0, 0x3f, 0xfc, 0x0, 0xf, 0xff, 0x0,
    0x3, 0xff, 0xc0, 0x0, 0xff, 0xf0, 0x0, 0x3f,
    0xfc, 0x0, 0xf, 0xff, 0x0, 0x3, 0xff, 0xc0,
    0x0, 0xff, 0xf0, 0x0, 0x3f, 0xfc, 0x0, 0xf,
    0xff, 0x0, 0x3, 0xff, 0xc0, 0x0, 0xff, 0xf0,
    0x0, 0x3f, 0xfc, 0x0, 0xf, 0xff, 0x0, 0x3,
    0xff, 0xc0, 0x0, 0xff, 0xf0, 0x0, 0x3f, 0xf8,
    0x0, 0x1f, 0xfe, 0x0, 0x7, 0xff, 0x80, 0x1,
    0xff, 0xe0, 0x0, 0x7f, 0xf8, 0x0, 0x1f, 0xfe,
    0x0, 0x7, 0xff, 0x0, 0x1, 0xff, 0xc0, 0x0,
    0xff, 0xf0, 0x0, 0x3f, 0xfc, 0x0, 0xf, 0xfe,
    0x0, 0x3, 0xff, 0x80, 0x1, 0xff, 0xe0, 0x0,
    0x7f, 0xf0, 0x0, 0x1f, 0xfc, 0x0, 0xf, 0xff,
    0x0, 0x3, 0xff, 0x80, 0x0, 0xff, 0xe0, 0x0,
    0x7f, 0xf0, 0x0, 0x1f, 0xfc, 0x0, 0xf, 0xff,
    0x0, 0x3, 0xff, 0x80, 0x0, 0xff, 0xe0, 0x0,
    0x7f, 0xf0, 0x0, 0x3f, 0xf8, 0x0, 0xf, 0xfe,
    0x0, 0x7, 0xff, 0x0, 0x3, 0xff, 0x80, 0x0,
    0xff, 0xe0, 0x0, 0x7f, 0xf0, 0x0, 0x3f, 0xf8,
    0x0, 0x1f, 0xfc, 0x0, 0xf, 0xff, 0x0, 0x3,
    0xff, 0x80, 0x0, 0xff, 0xc0, 0x0, 0x1f, 0xc0,
    0x0, 0x7, 0xe0, 0x0, 0x1, 0xf0, 0x0, 0x0,
    0x30, 0x0, 0x0, 0x0, 0x0, 0x0, 0x0,

    /* U+002A "*" */
    0x0, 0x0, 0x7f, 0x80, 0x0, 0x0, 0x0, 0x1f,
    0xe0, 0x0, 0x0, 0x0, 0x7, 0xf8, 0x0, 0x0,
    0x0, 0x1, 0xfe, 0x0, 0x0, 0x0, 0x0, 0x7f,
    0x80, 0x0, 0x0, 0x0, 0x1f, 0xe0, 0x0, 0x0,
    0x0, 0x7, 0xf8, 0x0, 0x0, 0x0, 0x1, 0xfe,
    0x0, 0x0, 0x0, 0x0, 0x7f, 0x80, 0x0, 0x0,
    0x0, 0x1f, 0xe0, 0x0, 0x0, 0x0, 0x7, 0xf8,
    0x0, 0x0, 0x60, 0x1, 0xfe, 0x0, 0x8, 0x3e,
    0x0, 0x7f, 0x80, 0x1e, 0xf, 0xf0, 0x1f, 0xe0,
    0x1f, 0xc3, 0xff, 0x7, 0xf8, 0x3f, 0xf1, 0xff,
    0xf9, 0xfe, 0x3f, 0xfc, 0x7f, 0xff, 0xff, 0xbf,
    0xff, 0xbf, 0xff, 0xff, 0xff, 0xff, 0xef, 0xff,
    0xff, 0xff, 0xff, 0xf8, 0xff, 0xff, 0xff, 0xff,
    0xfe, 0x3, 0xff, 0xff, 0xff, 0xfc, 0x0, 0x1f,
    0xff, 0xff, 0xf0, 0x0, 0x0, 0x7f, 0xff, 0xe0,
    0x0, 0x0, 0x7, 0xff, 0x80, 0x0, 0x0, 0x3,
    0xff, 0xe0, 0x0, 0x0, 0x1, 0xff, 0xfc, 0x0,
    0x0, 0x0, 0xff, 0xff, 0x80, 0x0, 0x0, 0x7f,
    0xff, 0xf0, 0x0, 0x0, 0x1f, 0xf7, 0xfc, 0x0,
    0x0, 0xf, 0xf8, 0xff, 0x80, 0x0, 0x7, 0xfe,
    0x3f, 0xf0, 0x0, 0x3, 0xff, 0x7, 0xfe, 0x0,
    0x1, 0xff, 0x80, 0xff, 0x80, 0x0, 0x7f, 0xe0,
    0x3f, 0xf0, 0x0, 0x3f, 0xf0, 0x7, 0xfe, 0x0,
    0x1f, 0xfc, 0x1, 0xff, 0xc0, 0x7, 0xfe, 0x0,
    0x3f, 0xf0, 0x0, 0x7f, 0x0, 0x7, 0xf8, 0x0,
    0xf, 0xc0, 0x1, 0xf8, 0x0, 0x0, 0xe0, 0x0,
    0x3c, 0x0, 0x0, 0x10, 0x0, 0xc, 0x0, 0x0,

    /* U+002B "+" */
    0x0, 0x0, 0x7f, 0xfc, 0x0, 0x0, 0x0, 0x0,
    0xff, 0xf8, 0x0, 0x0, 0x0, 0x1, 0xff, 0xf0,
    0x0, 0x0, 0x0, 0x3, 0xff, 0xe0, 0x0, 0x0,
    0x0, 0x7, 0xff, 0xc0, 0x0, 0x0, 0x0, 0xf,
    0xff, 0x80, 0x0, 0x0, 0x0, 0x1f, 0xff, 0x0,
    0x0, 0x0, 0x0, 0x3f, 0xfe, 0x0, 0x0, 0x0,
    0x0, 0x7f, 0xfc, 0x0, 0x0, 0x0, 0x0, 0xff,
    0xf8, 0x0, 0x0, 0x0, 0x1, 0xff, 0xf0, 0x0,
    0x0, 0x0, 0x3, 0xff, 0xe0, 0x0, 0x0, 0x0,
    0x7, 0xff, 0xc0, 0x0, 0x0, 0x0, 0xf, 0xff,
    0x80, 0x0, 0x0, 0x0, 0x1f, 0xff, 0x0, 0x0,
    0x0, 0x0, 0x3f, 0xfe, 0x0, 0x0, 0x0, 0x0,
    0x7f, 0xfc, 0x0, 0x0, 0x0, 0x0, 0xff, 0xf8,
    0x0, 0x0, 0x0, 0x1, 0xff, 0xf0, 0x0, 0x7,
    0xff, 0xff, 0xff, 0xff, 0xff, 0xff, 0xff, 0xff,
    0xff, 0xff, 0xff, 0xff, 0xff, 0xff, 0xff, 0xff,
    0xff, 0xff, 0xff, 0xff, 0xff, 0xff, 0xff, 0xff,
    0xff, 0xff, 0xff, 0xff, 0xff, 0xff, 0xff, 0xff,
    0xff, 0xff, 0xff, 0xff, 0xff, 0xff, 0xff, 0xff,
    0xff, 0xff, 0xff, 0xff, 0xff, 0xff, 0xff, 0xff,
    0xff, 0xff, 0xff, 0xff, 0xff, 0xff, 0xff, 0xff,
    0xff, 0xff, 0xff, 0xff, 0xff, 0xff, 0xff, 0xff,
    0xff, 0xff, 0xff, 0xff, 0xff, 0xff, 0x80, 0x0,
    0x3f, 0xfe, 0x0, 0x0, 0x0, 0x0, 0x7f, 0xfc,
    0x0, 0x0, 0x0, 0x0, 0xff, 0xf8, 0x0, 0x0,
    0x0, 0x1, 0xff, 0xf0, 0x0, 0x0, 0x0, 0x3,
    0xff, 0xe0, 0x0, 0x0, 0x0, 0x7, 0xff, 0xc0,
    0x0, 0x0, 0x0, 0xf, 0xff, 0x80, 0x0, 0x0,
    0x0, 0x1f, 0xff, 0x0, 0x0, 0x0, 0x0, 0x3f,
    0xfe, 0x0, 0x0, 0x0, 0x0, 0x7f, 0xfc, 0x0,
    0x0, 0x0, 0x0, 0xff, 0xf8, 0x0, 0x0, 0x0,
    0x1, 0xff, 0xf0, 0x0, 0x0, 0x0, 0x3, 0xff,
    0xe0, 0x0, 0x0, 0x0, 0x7, 0xff, 0xc0, 0x0,
    0x0, 0x0, 0xf, 0xff, 0x80, 0x0, 0x0, 0x0,
    0x1f, 0xff, 0x0, 0x0, 0x0, 0x0, 0x3f, 0xfe,
    0x0, 0x0, 0x0, 0x0, 0x7f, 0xfc, 0x0, 0x0,
    0x0, 0x0, 0xff, 0xf8, 0x0, 0x0, 0x0, 0x1,
    0xff, 0xf0, 0x0, 0x0,

    /* U+002C "," */
    0x7, 0xff, 0x7, 0xff, 0x7, 0xff, 0x7, 0xff,
    0x7, 0xff, 0x7, 0xff, 0x7, 0xff, 0x7, 0xff,
    0x7, 0xff, 0x7, 0xff, 0x7, 0xff, 0x7, 0xff,
    0x7, 0xff, 0x7, 0xff, 0x7, 0xfe, 0xf, 0xfe,
    0xf, 0xfe, 0xf, 0xfc, 0x1f, 0xfc, 0x1f, 0xfc,
    0x3f, 0xf8, 0x3f, 0xf8, 0x7f, 0xf0, 0x7f, 0xe0,
    0xff, 0xe0, 0x7f, 0xc0, 0x1f, 0x80, 0x7, 0x0,

    /* U+002D "-" */
    0xff, 0xff, 0xff, 0xff, 0xff, 0xff, 0xff, 0xff,
    0xff, 0xff, 0xff, 0xff, 0xff, 0xff, 0xff, 0xff,
    0xff, 0xff, 0xff, 0xff, 0xff, 0xff, 0xff, 0xff,
    0xff, 0xff, 0xff, 0xff, 0xff, 0xff, 0xff, 0xff,
    0xf0,

    /* U+002E "." */
    0xf, 0xe0, 0x3f, 0xe0, 0xff, 0xe3, 0xff, 0xef,
    0xff, 0xff, 0xff, 0xff, 0xff, 0xff, 0xff, 0xff,
    0xff, 0xff, 0xfd, 0xff, 0xf1, 0xff, 0xc1, 0xff,
    0x1, 0xfc, 0x0,

    /* U+002F "/" */
    0x0, 0x0, 0x0, 0x7f, 0xe0, 0x0, 0x0, 0xf,
    0xfc, 0x0, 0x0, 0x1, 0xff, 0x80, 0x0, 0x0,
    0x7f, 0xe0, 0x0, 0x0, 0xf, 0xfc, 0x0, 0x0,
    0x1, 0xff, 0x80, 0x0, 0x0, 0x7f, 0xe0, 0x0,
    0x0, 0xf, 0xfc, 0x0, 0x0, 0x1, 0xff, 0x80,
    0x0, 0x0, 0x7f, 0xe0, 0x0, 0x0, 0xf, 0xfc,
    0x0, 0x0, 0x1, 0xff, 0x80, 0x0, 0x0, 0x7f,
    0xe0, 0x0, 0x0, 0xf, 0xfc, 0x0, 0x0, 0x1,
    0xff, 0x80, 0x0, 0x0, 0x7f, 0xe0, 0x0, 0x0,
    0xf, 0xfc, 0x0, 0x0, 0x1, 0xff, 0x80, 0x0,
    0x0, 0x7f, 0xe0, 0x0, 0x0, 0xf, 0xfc, 0x0,
    0x0, 0x1, 0xff, 0x80, 0x0, 0x0, 0x7f, 0xe0,
    0x0, 0x0, 0xf, 0xfc, 0x0, 0x0, 0x1, 0xff,
    0x80, 0x0, 0x0, 0x7f, 0xe0, 0x0, 0x0, 0xf,
    0xfc, 0x0, 0x0, 0x1, 0xff, 0x80, 0x0, 0x0,
    0x7f, 0xe0, 0x0, 0x0, 0xf, 0xfc, 0x0, 0x0,
    0x1, 0xff, 0x80, 0x0, 0x0, 0x7f, 0xe0, 0x0,
    0x0, 0xf, 0xfc, 0x0, 0x0, 0x1, 0xff, 0x80,
    0x0, 0x0, 0x7f, 0xe0, 0x0, 0x0, 0xf, 0xfc,
    0x0, 0x0, 0x1, 0xff, 0x80, 0x0, 0x0, 0x7f,
    0xe0, 0x0, 0x0, 0xf, 0xfc, 0x0, 0x0, 0x1,
    0xff, 0x80, 0x0, 0x0, 0x7f, 0xe0, 0x0, 0x0,
    0xf, 0xfc, 0x0, 0x0, 0x1, 0xff, 0x80, 0x0,
    0x0, 0x7f, 0xe0, 0x0, 0x0, 0xf, 0xfc, 0x0,
    0x0, 0x1, 0xff, 0x80, 0x0, 0x0, 0x7f, 0xe0,
    0x0, 0x0, 0xf, 0xfc, 0x0, 0x0, 0x1, 0xff,
    0x80, 0x0, 0x0, 0x7f, 0xe0, 0x0, 0x0, 0xf,
    0xfc, 0x0, 0x0, 0x1, 0xff, 0x80, 0x0, 0x0,
    0x7f, 0xe0, 0x0, 0x0, 0xf, 0xfc, 0x0, 0x0,
    0x1, 0xff, 0x80, 0x0, 0x0, 0x7f, 0xe0, 0x0,
    0x0, 0xf, 0xfc, 0x0, 0x0, 0x1, 0xff, 0x80,
    0x0, 0x0, 0x7f, 0xe0, 0x0, 0x0, 0xf, 0xfc,
    0x0, 0x0, 0x1, 0xff, 0x80, 0x0, 0x0, 0x7f,
    0xe0, 0x0, 0x0, 0xf, 0xfc, 0x0, 0x0, 0x1,
    0xff, 0x80, 0x0, 0x0, 0x7f, 0xe0, 0x0, 0x0,
    0xf, 0xfc, 0x0, 0x0, 0x1, 0xff, 0x80, 0x0,
    0x0, 0x7f, 0xe0, 0x0, 0x0, 0xf, 0xfc, 0x0,
    0x0, 0x1, 0xff, 0x80, 0x0, 0x0, 0x7f, 0xe0,
    0x0, 0x0, 0xf, 0xfc, 0x0, 0x0, 0x1, 0xff,
    0x80, 0x0, 0x0, 0x7f, 0xe0, 0x0, 0x0, 0xf,
    0xfc, 0x0, 0x0, 0x1, 0xff, 0x80, 0x0, 0x0,
    0x0,

    /* U+0030 "0" */
    0x0, 0x0, 0x3f, 0xf0, 0x0, 0x0, 0x0, 0xf,
    0xff, 0xfc, 0x0, 0x0, 0x0, 0xff, 0xff, 0xfc,
    0x0, 0x0, 0xf, 0xff, 0xff, 0xfc, 0x0, 0x0,
    0x7f, 0xff, 0xff, 0xf8, 0x0, 0x3, 0xff, 0xff,
    0xff, 0xf0, 0x0, 0x1f, 0xff, 0xff, 0xff, 0xe0,
    0x0, 0xff, 0xff, 0xff, 0xff, 0xc0, 0x7, 0xff,
    0xff, 0xff, 0xff, 0x80, 0x3f, 0xff, 0xff, 0xff,
    0xff, 0x0, 0xff, 0xff, 0x3, 0xff, 0xfc, 0x7,
    0xff, 0xf0, 0x3, 0xff, 0xf8, 0x1f, 0xff, 0x80,
    0x7, 0xff, 0xe0, 0xff, 0xfe, 0x0, 0x1f, 0xff,
    0xc3, 0xff, 0xf0, 0x0, 0x3f, 0xff, 0xf, 0xff,
    0xc0, 0x0, 0xff, 0xfc, 0x7f, 0xfe, 0x0, 0x1,
    0xff, 0xf9, 0xff, 0xf8, 0x0, 0x7, 0xff, 0xe7,
    0xff, 0xe0, 0x0, 0x1f, 0xff, 0x9f, 0xff, 0x80,
    0x0, 0x7f, 0xfe, 0x7f, 0xfc, 0x0, 0x0, 0xff,
    0xfb, 0xff, 0xf0, 0x0, 0x3, 0xff, 0xff, 0xff,
    0xc0, 0x0, 0xf, 0xff, 0xff, 0xff, 0x0, 0x0,
    0x3f, 0xff, 0xff, 0xfc, 0x0, 0x0, 0xff, 0xff,
    0xff, 0xf0, 0x0, 0x3, 0xff, 0xff, 0xff, 0xc0,
    0x0, 0xf, 0xff, 0xff, 0xff, 0x0, 0x0, 0x3f,
    0xff, 0xff, 0xfc, 0x0, 0x0, 0xff, 0xff, 0xff,
    0xf0, 0x0, 0x3, 0xff, 0xff, 0xff, 0xc0, 0x0,
    0xf, 0xff, 0xff, 0xff, 0x0, 0x0, 0x3f, 0xff,
    0xff, 0xfc, 0x0, 0x0, 0xff, 0xff, 0xff, 0xf0,
    0x0, 0x3, 0xff, 0xff, 0xff, 0xc0, 0x0, 0xf,
    0xff, 0xff, 0xff, 0x0, 0x0, 0x3f, 0xff, 0xff,
    0xfc, 0x0, 0x0, 0xff, 0xff, 0xff, 0xf0, 0x0,
    0x3, 0xff, 0xff, 0xff, 0xc0, 0x0, 0xf, 0xff,
    0xff, 0xff, 0x0, 0x0, 0x3f, 0xff, 0xff, 0xfc,
    0x0, 0x0, 0xff, 0xff, 0xff, 0xf0, 0x0, 0x3,
    0xff, 0xff, 0xff, 0xc0, 0x0, 0xf, 0xff, 0xff,
    0xff, 0x0, 0x0, 0x3f, 0xff, 0xff, 0xfc, 0x0,
    0x0, 0xff, 0xff, 0xff, 0xf0, 0x0, 0x3, 0xff,
    0xff, 0xff, 0xc0, 0x0, 0xf, 0xff, 0xff, 0xff,
    0x0, 0x0, 0x3f, 0xff, 0xff, 0xfc, 0x0, 0x0,
    0xff, 0xfd, 0xff, 0xf0, 0x0, 0x3, 0xff, 0xe7,
    0xff, 0xe0, 0x0, 0x1f, 0xff, 0x9f, 0xff, 0x80,
    0x0, 0x7f, 0xfe, 0x7f, 0xfe, 0x0, 0x1, 0xff,
    0xf9, 0xff, 0xf8, 0x0, 0x7, 0xff, 0xe3, 0xff,
    0xf0, 0x0, 0x3f, 0xff, 0xf, 0xff, 0xc0, 0x0,
    0xff, 0xfc, 0x3f, 0xff, 0x80, 0x7, 0xff, 0xf0,
    0x7f, 0xfe, 0x0, 0x1f, 0xff, 0x81, 0xff, 0xfc,
    0x0, 0xff, 0xfe, 0x3, 0xff, 0xfc, 0xf, 0xff,
    0xf0, 0xf, 0xff, 0xff, 0xff, 0xff, 0xc0, 0x1f,
    0xff, 0xff, 0xff, 0xfe, 0x0, 0x3f, 0xff, 0xff,
    0xff, 0xf0, 0x0, 0x7f, 0xff, 0xff, 0xff, 0x80,
    0x0, 0xff, 0xff, 0xff, 0xfc, 0x0, 0x1, 0xff,
    0xff, 0xff, 0xe0, 0x0, 0x3, 0xff, 0xff, 0xff,
    0x0, 0x0, 0x3, 0xff, 0xff, 0xf0, 0x0, 0x0,
    0x3, 0xff, 0xff, 0x0, 0x0, 0x0, 0x1, 0xff,
    0xe0, 0x0, 0x0,

    /* U+0031 "1" */
    0x0, 0x0, 0x0, 0x1c, 0x0, 0x0, 0x3, 0xf0,
    0x0, 0x0, 0x7f, 0xc0, 0x0, 0x7, 0xff, 0x0,
    0x0, 0xff, 0xfc, 0x0, 0x1f, 0xff, 0xf0, 0x3,
    0xff, 0xff, 0xc0, 0x7f, 0xff, 0xff, 0x7, 0xff,
    0xff, 0xfc, 0xff, 0xff, 0xff, 0xff, 0xff, 0xff,
    0xff, 0xff, 0xff, 0xff, 0xff, 0xff, 0xff, 0xff,
    0xff, 0xff, 0xff, 0xff, 0xff, 0xff, 0xff, 0xff,
    0xff, 0xff, 0xff, 0xff, 0xff, 0xfc, 0xff, 0xff,
    0xff, 0x3, 0xff, 0xff, 0xe0, 0xf, 0xff, 0xfc,
    0x0, 0x3f, 0xff, 0x80, 0x0, 0xff, 0xfc, 0x0,
    0x3, 0xff, 0xf0, 0x0, 0xf, 0xff, 0xc0, 0x0,
    0x3f, 0xff, 0x0, 0x0, 0xff, 0xfc, 0x0, 0x3,
    0xff, 0xf0, 0x0, 0xf, 0xff, 0xc0, 0x0, 0x3f,
    0xff, 0x0, 0x0, 0xff, 0xfc, 0x0, 0x3, 0xff,
    0xf0, 0x0, 0xf, 0xff, 0xc0, 0x0, 0x3f, 0xff,
    0x0, 0x0, 0xff, 0xfc, 0x0, 0x3, 0xff, 0xf0,
    0x0, 0xf, 0xff, 0xc0, 0x0, 0x3f, 0xff, 0x0,
    0x0, 0xff, 0xfc, 0x0, 0x3, 0xff, 0xf0, 0x0,
    0xf, 0xff, 0xc0, 0x0, 0x3f, 0xff, 0x0, 0x0,
    0xff, 0xfc, 0x0, 0x3, 0xff, 0xf0, 0x0, 0xf,
    0xff, 0xc0, 0x0, 0x3f, 0xff, 0x0, 0x0, 0xff,
    0xfc, 0x0, 0x3, 0xff, 0xf0, 0x0, 0xf, 0xff,
    0xc0, 0x0, 0x3f, 0xff, 0x0, 0x0, 0xff, 0xfc,
    0x0, 0x3, 0xff, 0xf0, 0x0, 0xf, 0xff, 0xc0,
    0x0, 0x3f, 0xff, 0x0, 0x0, 0xff, 0xfc, 0x0,
    0x3, 0xff, 0xf0, 0x0, 0xf, 0xff, 0xc0, 0x0,
    0x3f, 0xff, 0x0, 0x0, 0xff, 0xfc, 0x0, 0x3,
    0xff, 0xf0, 0x0, 0xf, 0xff, 0xc0, 0x0, 0x3f,
    0xff, 0x0, 0x0, 0xff, 0xfc, 0x0, 0x3, 0xff,
    0xf0, 0x0, 0xf, 0xff, 0xc0, 0x0, 0x3f, 0xff,
    0x0, 0x0, 0xff, 0xfc, 0x0, 0x3, 0xff, 0xf0,
    0x0, 0xf, 0xff, 0xc0, 0x0, 0x3f, 0xff, 0x0,
    0x0, 0xff, 0xfc,

    /* U+0032 "2" */
    0x0, 0x0, 0x3f, 0xfc, 0x0, 0x0, 0x0, 0x3,
    0xff, 0xff, 0xc0, 0x0, 0x0, 0xf, 0xff, 0xff,
    0xf0, 0x0, 0x0, 0x3f, 0xff, 0xff, 0xfc, 0x0,
    0x0, 0x7f, 0xff, 0xff, 0xfe, 0x0, 0x1, 0xff,
    0xff, 0xff, 0xff, 0x80, 0x3, 0xff, 0xff, 0xff,
    0xff, 0xc0, 0x7, 0xff, 0xff, 0xff, 0xff, 0xc0,
    0x7, 0xff, 0xff, 0xff, 0xff, 0xe0, 0xf, 0xff,
    0xff, 0xff, 0xff, 0xf0, 0x1f, 0xff, 0xf0, 0x1f,
    0xff, 0xf0, 0x1f, 0xff, 0xc0, 0xf, 0xff, 0xf8,
    0x3f, 0xff, 0x80, 0x3, 0xff, 0xf8, 0x3f, 0xff,
    0x0, 0x3, 0xff, 0xf8, 0x7f, 0xff, 0x0, 0x1,
    0xff, 0xfc, 0x7f, 0xfe, 0x0, 0x1, 0xff, 0xfc,
    0x7f, 0xfe, 0x0, 0x0, 0xff, 0xfc, 0xff, 0xfe,
    0x0, 0x0, 0xff, 0xfc, 0xff, 0xfc, 0x0, 0x0,
    0xff, 0xfc, 0xff, 0xfc, 0x0, 0x0, 0xff, 0xfc,
    0xff, 0xfc, 0x0, 0x0, 0xff, 0xfc, 0xff, 0xfc,
    0x0, 0x0, 0xff, 0xfc, 0x0, 0x0, 0x0, 0x0,
    0xff, 0xfc, 0x0, 0x0, 0x0, 0x1, 0xff, 0xfc,
    0x0, 0x0, 0x0, 0x1, 0xff, 0xf8, 0x0, 0x0,
    0x0, 0x1, 0xff, 0xf8, 0x0, 0x0, 0x0, 0x3,
    0xff, 0xf8, 0x0, 0x0, 0x0, 0x3, 0xff, 0xf0,
    0x0, 0x0, 0x0, 0x7, 0xff, 0xf0, 0x0, 0x0,
    0x0, 0xf, 0xff, 0xe0, 0x0, 0x0, 0x0, 0xf,
    0xff, 0xe0, 0x0, 0x0, 0x0, 0x1f, 0xff, 0xc0,
    0x0, 0x0, 0x0, 0x3f, 0xff, 0xc0, 0x0, 0x0,
    0x0, 0x3f, 0xff, 0x80, 0x0, 0x0, 0x0, 0x7f,
    0xff, 0x0, 0x0, 0x0, 0x0, 0xff, 0xff, 0x0,
    0x0, 0x0, 0x1, 0xff, 0xfe, 0x0, 0x0, 0x0,
    0x3, 0xff, 0xfc, 0x0, 0x0, 0x0, 0x7, 0xff,
    0xf8, 0x0, 0x0, 0x0, 0xf, 0xff, 0xf8, 0x0,
    0x0, 0x0, 0x1f, 0xff, 0xf0, 0x0, 0x0, 0x0,
    0x3f, 0xff, 0xe0, 0x0, 0x0, 0x0, 0x7f, 0xff,
    0xc0, 0x0, 0x0, 0x0, 0x7f, 0xff, 0x80, 0x0,
    0x0, 0x0, 0xff, 0xff, 0x0, 0x0, 0x0, 0x1,
    0xff, 0xfe, 0x0, 0x0, 0x0, 0x3, 0xff, 0xfc,
    0x0, 0x0, 0x0, 0x7, 0xff, 0xf8, 0x0, 0x0,
    0x0, 0xf, 0xff, 0xf0, 0x0, 0x0, 0x0, 0x1f,
    0xff, 0xe0, 0x0, 0x0, 0x0, 0x3f, 0xff, 0xe0,
    0x0, 0x0, 0x0, 0x7f, 0xff, 0xc0, 0x0, 0x0,
    0x0, 0xff, 0xff, 0x80, 0x0, 0x0, 0x1, 0xff,
    0xff, 0x0, 0x0, 0x0, 0x3, 0xff, 0xfe, 0x0,
    0x0, 0x0, 0x3, 0xff, 0xfc, 0x0, 0x0, 0x0,
    0x7, 0xff, 0xf8, 0x0, 0x0, 0x0, 0xf, 0xff,
    0xf0, 0x0, 0x0, 0x0, 0x1f, 0xff, 0xe0, 0x0,
    0x0, 0x0, 0x3f, 0xff, 0xff, 0xff, 0xff, 0xff,
    0x7f, 0xff, 0xff, 0xff, 0xff, 0xff, 0x7f, 0xff,
    0xff, 0xff, 0xff, 0xff, 0x7f, 0xff, 0xff, 0xff,
    0xff, 0xff, 0x7f, 0xff, 0xff, 0xff, 0xff, 0xff,
    0x7f, 0xff, 0xff, 0xff, 0xff, 0xff, 0x7f, 0xff,
    0xff, 0xff, 0xff, 0xff, 0x7f, 0xff, 0xff, 0xff,
    0xff, 0xff, 0x7f, 0xff, 0xff, 0xff, 0xff, 0xff,
    0x7f, 0xff, 0xff, 0xff, 0xff, 0xff,

    /* U+0033 "3" */
    0x0, 0x0, 0x3f, 0xfc, 0x0, 0x0, 0x0, 0x3,
    0xff, 0xff, 0xc0, 0x0, 0x0, 0xf, 0xff, 0xff,
    0xf8, 0x0, 0x0, 0x3f, 0xff, 0xff, 0xfc, 0x0,
    0x0, 0xff, 0xff, 0xff, 0xff, 0x0, 0x1, 0xff,
    0xff, 0xff, 0xff, 0x80, 0x3, 0xff, 0xff, 0xff,
    0xff, 0xc0, 0x7, 0xff, 0xff, 0xff, 0xff, 0xe0,
    0xf, 0xff, 0xff, 0xff, 0xff, 0xf0, 0x1f, 0xff,
    0xff, 0xff, 0xff, 0xf8, 0x1f, 0xff, 0xf8, 0x1f,
    0xff, 0xf8, 0x3f, 0xff, 0xe0, 0x3, 0xff, 0xfc,
    0x3f, 0xff, 0x80, 0x1, 0xff, 0xfc, 0x3f, 0xff,
    0x0, 0x0, 0xff, 0xfc, 0x7f, 0xff, 0x0, 0x0,
    0xff, 0xfe, 0x7f, 0xfe, 0x0, 0x0, 0xff, 0xfe,
    0x7f, 0xfe, 0x0, 0x0, 0x7f, 0xfe, 0x7f, 0xfe,
    0x0, 0x0, 0x7f, 0xfe, 0x0, 0x0, 0x0, 0x0,
    0x7f, 0xfe, 0x0, 0x0, 0x0, 0x0, 0x7f, 0xfe,
    0x0, 0x0, 0x0, 0x0, 0x7f, 0xfe, 0x0, 0x0,
    0x0, 0x0, 0x7f, 0xfe, 0x0, 0x0, 0x0, 0x0,
    0x7f, 0xfe, 0x0, 0x0, 0x0, 0x0, 0xff, 0xfc,
    0x0, 0x0, 0x0, 0x0, 0xff, 0xfc, 0x0, 0x0,
    0x0, 0x1, 0xff, 0xf8, 0x0, 0x0, 0x0, 0x3,
    0xff, 0xf8, 0x0, 0x0, 0x0, 0x7, 0xff, 0xf0,
    0x0, 0x0, 0x0, 0x7f, 0xff, 0xf0, 0x0, 0x0,
    0xff, 0xff, 0xff, 0xe0, 0x0, 0x0, 0xff, 0xff,
    0xff, 0xc0, 0x0, 0x0, 0xff, 0xff, 0xff, 0x0,
    0x0, 0x0, 0xff, 0xff, 0xfe, 0x0, 0x0, 0x0,
    0xff, 0xff, 0xf8, 0x0, 0x0, 0x0, 0xff, 0xff,
    0xfc, 0x0, 0x0, 0x0, 0xff, 0xff, 0xff, 0x0,
    0x0, 0x0, 0xff, 0xff, 0xff, 0xc0, 0x0, 0x0,
    0xff, 0xff, 0xff, 0xe0, 0x0, 0x0, 0xff, 0xff,
    0xff, 0xf0, 0x0, 0x0, 0x0, 0x3f, 0xff, 0xf8,
    0x0, 0x0, 0x0, 0x7, 0xff, 0xf8, 0x0, 0x0,
    0x0, 0x1, 0xff, 0xfc, 0x0, 0x0, 0x0, 0x0,
    0xff, 0xfe, 0x0, 0x0, 0x0, 0x0, 0xff, 0xfe,
    0x0, 0x0, 0x0, 0x0, 0x7f, 0xfe, 0x0, 0x0,
    0x0, 0x0, 0x7f, 0xff, 0x0, 0x0, 0x0, 0x0,
    0x3f, 0xff, 0x0, 0x0, 0x0, 0x0, 0x3f, 0xff,
    0x0, 0x0, 0x0, 0x0, 0x3f, 0xff, 0x0, 0x0,
    0x0, 0x0, 0x3f, 0xff, 0x0, 0x0, 0x0, 0x0,
    0x3f, 0xff, 0xff, 0xfc, 0x0, 0x0, 0x3f, 0xff,
    0xff, 0xfc, 0x0, 0x0, 0x3f, 0xff, 0xff, 0xfc,
    0x0, 0x0, 0x3f, 0xff, 0xff, 0xfe, 0x0, 0x0,
    0x7f, 0xff, 0x7f, 0xfe, 0x0, 0x0, 0x7f, 0xfe,
    0x7f, 0xff, 0x0, 0x0, 0xff, 0xfe, 0x7f, 0xff,
    0x80, 0x1, 0xff, 0xfe, 0x3f, 0xff, 0xc0, 0x3,
    0xff, 0xfc, 0x3f, 0xff, 0xf8, 0x1f, 0xff, 0xfc,
    0x1f, 0xff, 0xff, 0xff, 0xff, 0xf8, 0x1f, 0xff,
    0xff, 0xff, 0xff, 0xf0, 0xf, 0xff, 0xff, 0xff,
    0xff, 0xe0, 0x7, 0xff, 0xff, 0xff, 0xff, 0xc0,
    0x3, 0xff, 0xff, 0xff, 0xff, 0x80, 0x0, 0xff,
    0xff, 0xff, 0xff, 0x0, 0x0, 0x7f, 0xff, 0xff,
    0xfc, 0x0, 0x0, 0x1f, 0xff, 0xff, 0xf0, 0x0,
    0x0, 0x3, 0xff, 0xff, 0xc0, 0x0, 0x0, 0x0,
    0x3f, 0xf8, 0x0, 0x0,

    /* U+0034 "4" */
    0x0, 0x0, 0x0, 0x7, 0xff, 0xe0, 0x0, 0x0,
    0x0, 0x3, 0xff, 0xf8, 0x0, 0x0, 0x0, 0x0,
    0xff, 0xfe, 0x0, 0x0, 0x0, 0x0, 0x7f, 0xff,
    0x80, 0x0, 0x0, 0x0, 0x3f, 0xff, 0xe0, 0x0,
    0x0, 0x0, 0xf, 0xff, 0xf8, 0x0, 0x0, 0x0,
    0x7, 0xff, 0xfe, 0x0, 0x0, 0x0, 0x3, 0xff,
    0xff, 0x80, 0x0, 0x0, 0x0, 0xff, 0xff, 0xe0,
    0x0, 0x0, 0x0, 0x7f, 0xff, 0xf8, 0x0, 0x0,
    0x0, 0x1f, 0xff, 0xfe, 0x0, 0x0, 0x0, 0xf,
    0xff, 0xff, 0x80, 0x0, 0x0, 0x7, 0xff, 0xff,
    0xe0, 0x0, 0x0, 0x1, 0xff, 0xff, 0xf8, 0x0,
    0x0, 0x0, 0xff, 0xff, 0xfe, 0x0, 0x0, 0x0,
    0x7f, 0xff, 0xff, 0x80, 0x0, 0x0, 0x1f, 0xff,
    0xff, 0xe0, 0x0, 0x0, 0xf, 0xff, 0xff, 0xf8,
    0x0, 0x0, 0x3, 0xff, 0xff, 0xfe, 0x0, 0x0,
    0x1, 0xff, 0xff, 0xff, 0x80, 0x0, 0x0, 0xff,
    0xf7, 0xff, 0xe0, 0x0, 0x0, 0x3f, 0xf9, 0xff,
    0xf8, 0x0, 0x0, 0x1f, 0xfe, 0x7f, 0xfe, 0x0,
    0x0, 0xf, 0xff, 0x1f, 0xff, 0x80, 0x0, 0x3,
    0xff, 0xc7, 0xff, 0xe0, 0x0, 0x1, 0xff, 0xe1,
    0xff, 0xf8, 0x0, 0x0, 0x7f, 0xf0, 0x7f, 0xfe,
    0x0, 0x0, 0x3f, 0xfc, 0x1f, 0xff, 0x80, 0x0,
    0x1f, 0xfe, 0x7, 0xff, 0xe0, 0x0, 0x7, 0xff,
    0x81, 0xff, 0xf8, 0x0, 0x3, 0xff, 0xc0, 0x7f,
    0xfe, 0x0, 0x1, 0xff, 0xe0, 0x1f, 0xff, 0x80,
    0x0, 0x7f, 0xf8, 0x7, 0xff, 0xe0, 0x0, 0x3f,
    0xfc, 0x1, 0xff, 0xf8, 0x0, 0x1f, 0xff, 0x0,
    0x7f, 0xfe, 0x0, 0x7, 0xff, 0x80, 0x1f, 0xff,
    0x80, 0x3, 0xff, 0xc0, 0x7, 0xff, 0xe0, 0x0,
    0xff, 0xf0, 0x1, 0xff, 0xf8, 0x0, 0x7f, 0xf8,
    0x0, 0x7f, 0xfe, 0x0, 0x3f, 0xfe, 0x0, 0x1f,
    0xff, 0x80, 0xf, 0xff, 0x0, 0x7, 0xff, 0xe0,
    0x7, 0xff, 0x80, 0x1, 0xff, 0xf8, 0x3, 0xff,
    0xe0, 0x0, 0x7f, 0xfe, 0x0, 0xff, 0xf0, 0x0,
    0x1f, 0xff, 0x80, 0x7f, 0xff, 0xff, 0xff, 0xff,
    0xff, 0xdf, 0xff, 0xff, 0xff, 0xff, 0xff, 0xff,
    0xff, 0xff, 0xff, 0xff, 0xff, 0xfd, 0xff, 0xff,
    0xff, 0xff, 0xff, 0xff, 0x7f, 0xff, 0xff, 0xff,
    0xff, 0xff, 0xdf, 0xff, 0xff, 0xff, 0xff, 0xff,
    0xf7, 0xff, 0xff, 0xff, 0xff, 0xff, 0xfd, 0xff,
    0xff, 0xff, 0xff, 0xff, 0xff, 0x7f, 0xff, 0xff,
    0xff, 0xff, 0xff, 0xdf, 0xff, 0xff, 0xff, 0xff,
    0xff, 0xf0, 0x0, 0x0, 0x0, 0x7f, 0xfe, 0x0,
    0x0, 0x0, 0x0, 0x1f, 0xff, 0x80, 0x0, 0x0,
    0x0, 0x7, 0xff, 0xe0, 0x0, 0x0, 0x0, 0x1,
    0xff, 0xf8, 0x0, 0x0, 0x0, 0x0, 0x7f, 0xfe,
    0x0, 0x0, 0x0, 0x0, 0x1f, 0xff, 0x80, 0x0,
    0x0, 0x0, 0x7, 0xff, 0xe0, 0x0, 0x0, 0x0,
    0x1, 0xff, 0xf8, 0x0, 0x0, 0x0, 0x0, 0x7f,
    0xfe, 0x0, 0x0, 0x0, 0x0, 0x1f, 0xff, 0x80,
    0x0, 0x0, 0x0, 0x7, 0xff, 0xe0, 0x0, 0x0,
    0x0, 0x1, 0xff, 0xf8, 0x0, 0x0, 0x0, 0x0,
    0x7f, 0xfe, 0x0, 0x0, 0x0, 0x0, 0x1f, 0xff,
    0x80, 0x0, 0x0, 0x0, 0x7, 0xff, 0xe0, 0x0,

    /* U+0035 "5" */
    0x3, 0xff, 0xff, 0xff, 0xff, 0xf8, 0x7, 0xff,
    0xff, 0xff, 0xff, 0xf0, 0xf, 0xff, 0xff, 0xff,
    0xff, 0xe0, 0x1f, 0xff, 0xff, 0xff, 0xff, 0xc0,
    0x7f, 0xff, 0xff, 0xff, 0xff, 0x80, 0xff, 0xff,
    0xff, 0xff, 0xff, 0x1, 0xff, 0xff, 0xff, 0xff,
    0xfe, 0x3, 0xff, 0xff, 0xff, 0xff, 0xfc, 0x7,
    0xff, 0xff, 0xff, 0xff, 0xf8, 0xf, 0xff, 0xff,
    0xff, 0xff, 0xf0, 0x1f, 0xfe, 0x0, 0x0, 0x0,
    0x0, 0x3f, 0xfc, 0x0, 0x0, 0x0, 0x0, 0x7f,
    0xf8, 0x0, 0x0, 0x0, 0x1, 0xff, 0xf0, 0x0,
    0x0, 0x0, 0x3, 0xff, 0xe0, 0x0, 0x0, 0x0,
    0x7, 0xff, 0xc0, 0x0, 0x0, 0x0, 0xf, 0xff,
    0x0, 0x0, 0x0, 0x0, 0x1f, 0xfe, 0x0, 0x0,
    0x0, 0x0, 0x3f, 0xfc, 0x0, 0x0, 0x0, 0x0,
    0x7f, 0xf8, 0x0, 0x0, 0x0, 0x0, 0xff, 0xf0,
    0x0, 0x0, 0x0, 0x1, 0xff, 0xe0, 0x0, 0x0,
    0x0, 0x7, 0xff, 0xc0, 0x0, 0x0, 0x0, 0xf,
    0xff, 0x83, 0xff, 0x0, 0x0, 0x1f, 0xff, 0x3f,
    0xff, 0xe0, 0x0, 0x3f, 0xfd, 0xff, 0xff, 0xf0,
    0x0, 0x7f, 0xff, 0xff, 0xff, 0xf0, 0x0, 0xff,
    0xff, 0xff, 0xff, 0xf8, 0x1, 0xff, 0xff, 0xff,
    0xff, 0xf8, 0x3, 0xff, 0xff, 0xff, 0xff, 0xf8,
    0x7, 0xff, 0xff, 0xff, 0xff, 0xf8, 0x1f, 0xff,
    0xff, 0xff, 0xff, 0xf0, 0x3f, 0xff, 0xff, 0xff,
    0xff, 0xf0, 0x7f, 0xff, 0x80, 0x7f, 0xff, 0xe0,
    0x7f, 0xfc, 0x0, 0x3f, 0xff, 0xe0, 0xf, 0xe0,
    0x0, 0x3f, 0xff, 0xc0, 0x1, 0x80, 0x0, 0x3f,
    0xff, 0xc0, 0x0, 0x0, 0x0, 0x3f, 0xff, 0x80,
    0x0, 0x0, 0x0, 0x3f, 0xff, 0x0, 0x0, 0x0,
    0x0, 0x7f, 0xfe, 0x0, 0x0, 0x0, 0x0, 0xff,
    0xfe, 0x0, 0x0, 0x0, 0x0, 0xff, 0xfc, 0x0,
    0x0, 0x0, 0x1, 0xff, 0xf8, 0x0, 0x0, 0x0,
    0x3, 0xff, 0xf0, 0x0, 0x0, 0x0, 0x7, 0xff,
    0xe0, 0x0, 0x0, 0x0, 0xf, 0xff, 0xc0, 0x0,
    0x0, 0x0, 0x1f, 0xff, 0x80, 0x0, 0x0, 0x0,
    0x3f, 0xff, 0x0, 0x0, 0x0, 0x0, 0x7f, 0xff,
    0xff, 0xf8, 0x0, 0x0, 0xff, 0xfd, 0xff, 0xf0,
    0x0, 0x1, 0xff, 0xfb, 0xff, 0xe0, 0x0, 0x7,
    0xff, 0xe7, 0xff, 0xc0, 0x0, 0xf, 0xff, 0xcf,
    0xff, 0xc0, 0x0, 0x1f, 0xff, 0x9f, 0xff, 0x80,
    0x0, 0x7f, 0xff, 0x3f, 0xff, 0x80, 0x0, 0xff,
    0xfc, 0x3f, 0xff, 0x80, 0x3, 0xff, 0xf8, 0x7f,
    0xff, 0x80, 0xf, 0xff, 0xe0, 0x7f, 0xff, 0xc0,
    0x7f, 0xff, 0xc0, 0x7f, 0xff, 0xff, 0xff, 0xff,
    0x0, 0xff, 0xff, 0xff, 0xff, 0xfe, 0x0, 0xff,
    0xff, 0xff, 0xff, 0xf8, 0x0, 0xff, 0xff, 0xff,
    0xff, 0xe0, 0x0, 0xff, 0xff, 0xff, 0xff, 0x80,
    0x0, 0x7f, 0xff, 0xff, 0xfe, 0x0, 0x0, 0x7f,
    0xff, 0xff, 0xf0, 0x0, 0x0, 0x3f, 0xff, 0xff,
    0x80, 0x0, 0x0, 0x1f, 0xff, 0xfc, 0x0, 0x0,
    0x0, 0x3, 0xff, 0x80, 0x0, 0x0,

    /* U+0036 "6" */
    0x0, 0x0, 0x0, 0xf, 0xf0, 0x0, 0x0, 0x0,
    0x1, 0xff, 0xe0, 0x0, 0x0, 0x0, 0x1f, 0xff,
    0xc0, 0x0, 0x0, 0x0, 0xff, 0xff, 0x80, 0x0,
    0x0, 0x7, 0xff, 0xff, 0x0, 0x0, 0x0, 0x3f,
    0xff, 0xfe, 0x0, 0x0, 0x0, 0xff, 0xff, 0xfc,
    0x0, 0x0, 0x7, 0xff, 0xff, 0xf8, 0x0, 0x0,
    0x1f, 0xff, 0xff, 0xf0, 0x0, 0x0, 0x7f, 0xff,
    0xff, 0xe0, 0x0, 0x1, 0xff, 0xff, 0xf0, 0x0,
    0x0, 0x7, 0xff, 0xff, 0x0, 0x0, 0x0, 0xf,
    0xff, 0xf8, 0x0, 0x0, 0x0, 0x3f, 0xff, 0xc0,
    0x0, 0x0, 0x0, 0xff, 0xff, 0x0, 0x0, 0x0,
    0x1, 0xff, 0xfc, 0x0, 0x0, 0x0, 0x7, 0xff,
    0xf0, 0x0, 0x0, 0x0, 0xf, 0xff, 0xc0, 0x0,
    0x0, 0x0, 0x3f, 0xff, 0x0, 0x0, 0x0, 0x0,
    0x7f, 0xfc, 0x0, 0x0, 0x0, 0x1, 0xff, 0xf8,
    0x0, 0x0, 0x0, 0x3, 0xff, 0xe0, 0x0, 0x0,
    0x0, 0xf, 0xff, 0xc0, 0x0, 0x0, 0x0, 0x1f,
    0xff, 0x0, 0xff, 0x80, 0x0, 0x3f, 0xfe, 0xf,
    0xff, 0xe0, 0x0, 0xff, 0xfc, 0x7f, 0xff, 0xf0,
    0x1, 0xff, 0xfb, 0xff, 0xff, 0xf8, 0x3, 0xff,
    0xef, 0xff, 0xff, 0xf8, 0x7, 0xff, 0xff, 0xff,
    0xff, 0xf8, 0xf, 0xff, 0xff, 0xff, 0xff, 0xf8,
    0x3f, 0xff, 0xff, 0xff, 0xff, 0xf8, 0x7f, 0xff,
    0xff, 0xff, 0xff, 0xf0, 0xff, 0xff, 0xff, 0xff,
    0xff, 0xf1, 0xff, 0xff, 0xe0, 0x7f, 0xff, 0xe3,
    0xff, 0xff, 0x0, 0x3f, 0xff, 0xe7, 0xff, 0xfc,
    0x0, 0x3f, 0xff, 0xcf, 0xff, 0xf0, 0x0, 0x3f,
    0xff, 0xdf, 0xff, 0xc0, 0x0, 0x3f, 0xff, 0xbf,
    0xff, 0x80, 0x0, 0x7f, 0xff, 0x7f, 0xfe, 0x0,
    0x0, 0x7f, 0xfe, 0xff, 0xfc, 0x0, 0x0, 0xff,
    0xff, 0xff, 0xf8, 0x0, 0x1, 0xff, 0xff, 0xff,
    0xf0, 0x0, 0x1, 0xff, 0xff, 0xff, 0xe0, 0x0,
    0x3, 0xff, 0xff, 0xff, 0xc0, 0x0, 0x7, 0xff,
    0xff, 0xff, 0x80, 0x0, 0xf, 0xff, 0xff, 0xff,
    0x0, 0x0, 0x1f, 0xff, 0xff, 0xfe, 0x0, 0x0,
    0x3f, 0xff, 0xff, 0xfc, 0x0, 0x0, 0x7f, 0xfe,
    0xff, 0xf8, 0x0, 0x0, 0xff, 0xfd, 0xff, 0xf0,
    0x0, 0x1, 0xff, 0xfb, 0xff, 0xf0, 0x0, 0x7,
    0xff, 0xf7, 0xff, 0xe0, 0x0, 0xf, 0xff, 0xc7,
    0xff, 0xc0, 0x0, 0x1f, 0xff, 0x8f, 0xff, 0xc0,
    0x0, 0x7f, 0xff, 0x1f, 0xff, 0x80, 0x0, 0xff,
    0xfc, 0x1f, 0xff, 0x80, 0x3, 0xff, 0xf8, 0x3f,
    0xff, 0x80, 0xf, 0xff, 0xf0, 0x3f, 0xff, 0x80,
    0x3f, 0xff, 0xc0, 0x7f, 0xff, 0xc0, 0xff, 0xff,
    0x80, 0x7f, 0xff, 0xff, 0xff, 0xfe, 0x0, 0x7f,
    0xff, 0xff, 0xff, 0xf8, 0x0, 0x7f, 0xff, 0xff,
    0xff, 0xe0, 0x0, 0x7f, 0xff, 0xff, 0xff, 0x80,
    0x0, 0x7f, 0xff, 0xff, 0xfe, 0x0, 0x0, 0x7f,
    0xff, 0xff, 0xf8, 0x0, 0x0, 0x7f, 0xff, 0xff,
    0xe0, 0x0, 0x0, 0x3f, 0xff, 0xff, 0x0, 0x0,
    0x0, 0x1f, 0xff, 0xf8, 0x0, 0x0, 0x0, 0x3,
    0xff, 0x0, 0x0, 0x0,

    /* U+0037 "7" */
    0xff, 0xff, 0xff, 0xff, 0xff, 0xff, 0xff, 0xff,
    0xff, 0xff, 0xff, 0xff, 0xff, 0xff, 0xff, 0xff,
    0xff, 0xff, 0xff, 0xff, 0xff, 0xff, 0xff, 0xff,
    0xff, 0xff, 0xff, 0xff, 0xff, 0xff, 0xff, 0xff,
    0xff, 0xff, 0xff, 0xff, 0xff, 0xff, 0xff, 0xff,
    0xff, 0xff, 0xff, 0xff, 0xff, 0xff, 0xff, 0xff,
    0xff, 0xff, 0xff, 0xff, 0xff, 0xfe, 0xff, 0xff,
    0xff, 0xff, 0xff, 0xfe, 0x0, 0x0, 0x0, 0x0,
    0x3f, 0xfc, 0x0, 0x0, 0x0, 0x0, 0x7f, 0xfc,
    0x0, 0x0, 0x0, 0x0, 0x7f, 0xfc, 0x0, 0x0,
    0x0, 0x0, 0xff, 0xf8, 0x0, 0x0, 0x0, 0x0,
    0xff, 0xf8, 0x0, 0x0, 0x0, 0x1, 0xff, 0xf0,
    0x0, 0x0, 0x0, 0x1, 0xff, 0xf0, 0x0, 0x0,
    0x0, 0x3, 0xff, 0xe0, 0x0, 0x0, 0x0, 0x3,
    0xff, 0xe0, 0x0, 0x0, 0x0, 0x7, 0xff, 0xe0,
    0x0, 0x0, 0x0, 0x7, 0xff, 0xc0, 0x0, 0x0,
    0x0, 0x7, 0xff, 0xc0, 0x0, 0x0, 0x0, 0xf,
    0xff, 0x80, 0x0, 0x0, 0x0, 0xf, 0xff, 0x80,
    0x0, 0x0, 0x0, 0x1f, 0xff, 0x0, 0x0, 0x0,
    0x0, 0x1f, 0xff, 0x0, 0x0, 0x0, 0x0, 0x3f,
    0xff, 0x0, 0x0, 0x0, 0x0, 0x3f, 0xfe, 0x0,
    0x0, 0x0, 0x0, 0x7f, 0xfe, 0x0, 0x0, 0x0,
    0x0, 0x7f, 0xfc, 0x0, 0x0, 0x0, 0x0, 0x7f,
    0xfc, 0x0, 0x0, 0x0, 0x0, 0xff, 0xf8, 0x0,
    0x0, 0x0, 0x0, 0xff, 0xf8, 0x0, 0x0, 0x0,
    0x1, 0xff, 0xf8, 0x0, 0x0, 0x0, 0x1, 0xff,
    0xf0, 0x0, 0x0, 0x0, 0x3, 0xff, 0xf0, 0x0,
    0x0, 0x0, 0x3, 0xff, 0xe0, 0x0, 0x0, 0x0,
    0x7, 0xff, 0xe0, 0x0, 0x0, 0x0, 0x7, 0xff,
    0xc0, 0x0, 0x0, 0x0, 0xf, 0xff, 0xc0, 0x0,
    0x0, 0x0, 0xf, 0xff, 0xc0, 0x0, 0x0, 0x0,
    0xf, 0xff, 0x80, 0x0, 0x0, 0x0, 0x1f, 0xff,
    0x80, 0x0, 0x0, 0x0, 0x1f, 0xff, 0x0, 0x0,
    0x0, 0x0, 0x3f, 0xff, 0x0, 0x0, 0x0, 0x0,
    0x3f, 0xfe, 0x0, 0x0, 0x0, 0x0, 0x7f, 0xfe,
    0x0, 0x0, 0x0, 0x0, 0x7f, 0xfe, 0x0, 0x0,
    0x0, 0x0, 0xff, 0xfc, 0x0, 0x0, 0x0, 0x0,
    0xff, 0xfc, 0x0, 0x0, 0x0, 0x1, 0xff, 0xf8,
    0x0, 0x0, 0x0, 0x1, 0xff, 0xf8, 0x0, 0x0,
    0x0, 0x1, 0xff, 0xf0, 0x0, 0x0, 0x0, 0x3,
    0xff, 0xf0, 0x0, 0x0, 0x0, 0x3, 0xff, 0xf0,
    0x0, 0x0, 0x0, 0x7, 0xff, 0xe0, 0x0, 0x0,
    0x0, 0x7, 0xff, 0xe0, 0x0, 0x0, 0x0, 0xf,
    0xff, 0xc0, 0x0, 0x0, 0x0, 0xf, 0xff, 0xc0,
    0x0, 0x0, 0x0, 0x1f, 0xff, 0x80, 0x0, 0x0,
    0x0, 0x1f, 0xff, 0x80, 0x0, 0x0, 0x0, 0x3f,
    0xff, 0x80, 0x0, 0x0, 0x0, 0x3f, 0xff, 0x0,
    0x0, 0x0, 0x0, 0x3f, 0xff, 0x0, 0x0, 0x0,
    0x0, 0x7f, 0xfe, 0x0, 0x0, 0x0, 0x0, 0x7f,
    0xfe, 0x0, 0x0, 0x0, 0x0, 0xff, 0xfc, 0x0,
    0x0, 0x0, 0x0, 0xff, 0xfc, 0x0, 0x0, 0x0,

    /* U+0038 "8" */
    0x0, 0x0, 0x7f, 0xf8, 0x0, 0x0, 0x0, 0x1f,
    0xff, 0xfe, 0x0, 0x0, 0x1, 0xff, 0xff, 0xfe,
    0x0, 0x0, 0x1f, 0xff, 0xff, 0xfe, 0x0, 0x0,
    0xff, 0xff, 0xff, 0xfc, 0x0, 0xf, 0xff, 0xff,
    0xff, 0xfc, 0x0, 0x7f, 0xff, 0xff, 0xff, 0xf8,
    0x1, 0xff, 0xff, 0xff, 0xff, 0xe0, 0xf, 0xff,
    0xff, 0xff, 0xff, 0xc0, 0x7f, 0xff, 0xff, 0xff,
    0xff, 0x81, 0xff, 0xff, 0x3, 0xff, 0xfe, 0xf,
    0xff, 0xf0, 0x3, 0xff, 0xfc, 0x3f, 0xff, 0x80,
    0x7, 0xff, 0xf0, 0xff, 0xfc, 0x0, 0xf, 0xff,
    0xc7, 0xff, 0xf0, 0x0, 0x3f, 0xff, 0x9f, 0xff,
    0x80, 0x0, 0xff, 0xfe, 0x7f, 0xfe, 0x0, 0x1,
    0xff, 0xf9, 0xff, 0xf8, 0x0, 0x7, 0xff, 0xe7,
    0xff, 0xe0, 0x0, 0x1f, 0xff, 0x9f, 0xff, 0x80,
    0x0, 0x7f, 0xfe, 0x7f, 0xfe, 0x0, 0x1, 0xff,
    0xf9, 0xff, 0xf8, 0x0, 0x7, 0xff, 0xe7, 0xff,
    0xe0, 0x0, 0x1f, 0xff, 0x8f, 0xff, 0xc0, 0x0,
    0xff, 0xfc, 0x3f, 0xff, 0x0, 0x3, 0xff, 0xf0,
    0xff, 0xfe, 0x0, 0x1f, 0xff, 0x81, 0xff, 0xfc,
    0x0, 0xff, 0xfe, 0x3, 0xff, 0xf8, 0x7, 0xff,
    0xf0, 0xf, 0xff, 0xff, 0xff, 0xff, 0xc0, 0x1f,
    0xff, 0xff, 0xff, 0xfe, 0x0, 0x3f, 0xff, 0xff,
    0xff, 0xf0, 0x0, 0x3f, 0xff, 0xff, 0xff, 0x0,
    0x0, 0x7f, 0xff, 0xff, 0xf8, 0x0, 0x0, 0x7f,
    0xff, 0xff, 0x80, 0x0, 0x7, 0xff, 0xff, 0xff,
    0x80, 0x0, 0x7f, 0xff, 0xff, 0xff, 0x80, 0x3,
    0xff, 0xff, 0xff, 0xff, 0x0, 0x1f, 0xff, 0xff,
    0xff, 0xfe, 0x0, 0xff, 0xff, 0xff, 0xff, 0xfc,
    0x7, 0xff, 0xfc, 0xf, 0xff, 0xf8, 0x1f, 0xff,
    0xc0, 0xf, 0xff, 0xe0, 0xff, 0xfe, 0x0, 0x1f,
    0xff, 0xc3, 0xff, 0xf0, 0x0, 0x3f, 0xff, 0x1f,
    0xff, 0x80, 0x0, 0x7f, 0xfe, 0x7f, 0xfe, 0x0,
    0x1, 0xff, 0xf9, 0xff, 0xf8, 0x0, 0x7, 0xff,
    0xef, 0xff, 0xc0, 0x0, 0xf, 0xff, 0xff, 0xff,
    0x0, 0x0, 0x3f, 0xff, 0xff, 0xfc, 0x0, 0x0,
    0xff, 0xff, 0xff, 0xf0, 0x0, 0x3, 0xff, 0xff,
    0xff, 0xc0, 0x0, 0xf, 0xff, 0xff, 0xff, 0x0,
    0x0, 0x3f, 0xff, 0xff, 0xfc, 0x0, 0x0, 0xff,
    0xff, 0xff, 0xf8, 0x0, 0x7, 0xff, 0xff, 0xff,
    0xe0, 0x0, 0x1f, 0xff, 0xdf, 0xff, 0x80, 0x0,
    0x7f, 0xfe, 0x7f, 0xff, 0x0, 0x3, 0xff, 0xf9,
    0xff, 0xfe, 0x0, 0x1f, 0xff, 0xe3, 0xff, 0xfc,
    0x0, 0xff, 0xff, 0xf, 0xff, 0xfc, 0xf, 0xff,
    0xfc, 0x1f, 0xff, 0xff, 0xff, 0xff, 0xe0, 0x7f,
    0xff, 0xff, 0xff, 0xff, 0x80, 0xff, 0xff, 0xff,
    0xff, 0xfc, 0x1, 0xff, 0xff, 0xff, 0xff, 0xe0,
    0x3, 0xff, 0xff, 0xff, 0xff, 0x0, 0x7, 0xff,
    0xff, 0xff, 0xf8, 0x0, 0x7, 0xff, 0xff, 0xff,
    0x80, 0x0, 0x7, 0xff, 0xff, 0xf8, 0x0, 0x0,
    0x7, 0xff, 0xff, 0x80, 0x0, 0x0, 0x1, 0xff,
    0xe0, 0x0, 0x0,

    /* U+0039 "9" */
    0x0, 0x0, 0x3f, 0xf0, 0x0, 0x0, 0x0, 0xf,
    0xff, 0xf8, 0x0, 0x0, 0x0, 0xff, 0xff, 0xf8,
    0x0, 0x0, 0x7, 0xff, 0xff, 0xf8, 0x0, 0x0,
    0x7f, 0xff, 0xff, 0xf0, 0x0, 0x3, 0xff, 0xff,
    0xff, 0xf0, 0x0, 0x1f, 0xff, 0xff, 0xff, 0xe0,
    0x0, 0xff, 0xff, 0xff, 0xff, 0x80, 0x7, 0xff,
    0xff, 0xff, 0xff, 0x0, 0x3f, 0xff, 0xff, 0xff,
    0xfe, 0x0, 0xff, 0xff, 0x7, 0xff, 0xfc, 0x7,
    0xff, 0xf8, 0x7, 0xff, 0xf0, 0x1f, 0xff, 0xc0,
    0xf, 0xff, 0xe0, 0xff, 0xfe, 0x0, 0x1f, 0xff,
    0x83, 0xff, 0xf0, 0x0, 0x3f, 0xff, 0x1f, 0xff,
    0xc0, 0x0, 0xff, 0xfc, 0x7f, 0xfe, 0x0, 0x1,
    0xff, 0xf1, 0xff, 0xf8, 0x0, 0x7, 0xff, 0xe7,
    0xff, 0xe0, 0x0, 0x1f, 0xff, 0xbf, 0xff, 0x0,
    0x0, 0x7f, 0xfe, 0xff, 0xfc, 0x0, 0x0, 0xff,
    0xfb, 0xff, 0xf0, 0x0, 0x3, 0xff, 0xff, 0xff,
    0xc0, 0x0, 0xf, 0xff, 0xff, 0xff, 0x0, 0x0,
    0x3f, 0xff, 0xff, 0xfc, 0x0, 0x0, 0xff, 0xff,
    0xff, 0xf0, 0x0, 0x3, 0xff, 0xff, 0xff, 0xc0,
    0x0, 0xf, 0xff, 0xff, 0xff, 0x0, 0x0, 0x3f,
    0xff, 0xff, 0xfe, 0x0, 0x0, 0xff, 0xff, 0xff,
    0xf8, 0x0, 0x3, 0xff, 0xf7, 0xff, 0xe0, 0x0,
    0xf, 0xff, 0xdf, 0xff, 0x80, 0x0, 0x3f, 0xff,
    0x7f, 0xff, 0x0, 0x1, 0xff, 0xfd, 0xff, 0xfe,
    0x0, 0xf, 0xff, 0xf3, 0xff, 0xf8, 0x0, 0x7f,
    0xff, 0xcf, 0xff, 0xf8, 0x3, 0xff, 0xff, 0x1f,
    0xff, 0xf0, 0x3f, 0xff, 0xfc, 0x7f, 0xff, 0xff,
    0xff, 0xff, 0xf0, 0xff, 0xff, 0xff, 0xff, 0xff,
    0xc3, 0xff, 0xff, 0xff, 0xff, 0xff, 0x7, 0xff,
    0xff, 0xff, 0xff, 0xf8, 0xf, 0xff, 0xff, 0xff,
    0xff, 0xe0, 0x1f, 0xff, 0xff, 0xef, 0xff, 0x80,
    0x3f, 0xff, 0xff, 0x3f, 0xfe, 0x0, 0x3f, 0xff,
    0xf0, 0xff, 0xf8, 0x0, 0x3f, 0xff, 0x87, 0xff,
    0xc0, 0x0, 0x1f, 0xf0, 0x1f, 0xff, 0x0, 0x0,
    0x0, 0x0, 0x7f, 0xfc, 0x0, 0x0, 0x0, 0x1,
    0xff, 0xf0, 0x0, 0x0, 0x0, 0xf, 0xff, 0x80,
    0x0, 0x0, 0x0, 0x3f, 0xfe, 0x0, 0x0, 0x0,
    0x1, 0xff, 0xf0, 0x0, 0x0, 0x0, 0x7, 0xff,
    0xc0, 0x0, 0x0, 0x0, 0x3f, 0xfe, 0x0, 0x0,
    0x0, 0x1, 0xff, 0xf8, 0x0, 0x0, 0x0, 0xf,
    0xff, 0xc0, 0x0, 0x0, 0x0, 0x7f, 0xff, 0x0,
    0x0, 0x0, 0x7, 0xff, 0xf8, 0x0, 0x0, 0x0,
    0x7f, 0xff, 0xc0, 0x0, 0x0, 0x1f, 0xff, 0xfe,
    0x0, 0x0, 0x1f, 0xff, 0xff, 0xf0, 0x0, 0x0,
    0x7f, 0xff, 0xff, 0x80, 0x0, 0x1, 0xff, 0xff,
    0xfc, 0x0, 0x0, 0x7, 0xff, 0xff, 0xe0, 0x0,
    0x0, 0x1f, 0xff, 0xff, 0x0, 0x0, 0x0, 0x7f,
    0xff, 0xf0, 0x0, 0x0, 0x1, 0xff, 0xff, 0x0,
    0x0, 0x0, 0x7, 0xff, 0xf0, 0x0, 0x0, 0x0,
    0x1f, 0xfe, 0x0, 0x0, 0x0, 0x0, 0x7f, 0x0,
    0x0, 0x0, 0x0,

    /* U+003A ":" */
    0xf, 0xe0, 0x3f, 0xe0, 0xff, 0xe3, 0xff, 0xef,
    0xff, 0xff, 0xff, 0xff, 0xff, 0xff, 0xff, 0xff,
    0xff, 0xff, 0xfd, 0xff, 0xf1, 0xff, 0xc1, 0xff,
    0x1, 0xfc, 0x0, 0x0, 0x0, 0x0, 0x0, 0x0,
    0x0, 0x0, 0x0, 0x0, 0x0, 0x0, 0x0, 0x0,
    0x0, 0x0, 0x0, 0x0, 0x0, 0x0, 0x0, 0x0,
    0x0, 0x0, 0x0, 0x0, 0x0, 0x0, 0x0, 0x0,
    0x0, 0x0, 0x0, 0x0, 0x0, 0x0, 0x0, 0x0,
    0x0, 0x0, 0x0, 0x0, 0x0, 0x0, 0x0, 0x0,
    0x0, 0x7, 0xf0, 0x1f, 0xf0, 0x7f, 0xf1, 0xff,
    0xf7, 0xff, 0xff, 0xff, 0xff, 0xff, 0xff, 0xff,
    0xff, 0xff, 0xff, 0xfe, 0xff, 0xf8, 0xff, 0xe0,
    0xff, 0x80, 0xfe, 0x0,

    /* U+003B ";" */
    0x3, 0xf8, 0x3, 0xfe, 0x3, 0xff, 0x83, 0xff,
    0xe3, 0xff, 0xf9, 0xff, 0xfc, 0xff, 0xfe, 0x7f,
    0xff, 0x3f, 0xff, 0x9f, 0xff, 0xc7, 0xff, 0xc1,
    0xff, 0xc0, 0x7f, 0xc0, 0x1f, 0xc0, 0x0, 0x0,
    0x0, 0x0, 0x0, 0x0, 0x0, 0x0, 0x0, 0x0,
    0x0, 0x0, 0x0, 0x0, 0x0, 0x0, 0x0, 0x0,
    0x0, 0x0, 0x0, 0x0, 0x0, 0x0, 0x0, 0x0,
    0x0, 0x0, 0x0, 0x0, 0x0, 0x0, 0x0, 0x0,
    0x0, 0x0, 0x0, 0x0, 0x0, 0x0, 0x0, 0x0,
    0x0, 0x0, 0x0, 0x0, 0x0, 0x0, 0x0, 0x0,
    0x0, 0x0, 0x0, 0x0, 0x0, 0x0, 0x0, 0x3,
    0xff, 0x81, 0xff, 0xc0, 0xff, 0xe0, 0x7f, 0xf0,
    0x3f, 0xf8, 0x1f, 0xfc, 0xf, 0xfe, 0x7, 0xff,
    0x3, 0xff, 0x81, 0xff, 0xc0, 0xff, 0xe0, 0x7f,
    0xf0, 0x3f, 0xf8, 0x1f, 0xfc, 0x1f, 0xfc, 0xf,
    0xfe, 0x7, 0xff, 0x3, 0xff, 0x3, 0xff, 0x81,
    0xff, 0xc1, 0xff, 0xc0, 0xff, 0xe0, 0xff, 0xe0,
    0xff, 0xe0, 0x7f, 0xf0, 0x1f, 0xf0, 0x3, 0xf0,
    0x0, 0x70, 0x0,

    /* U+003C "<" */
    0x0, 0x0, 0x0, 0x0, 0x1, 0x80, 0x0, 0x0,
    0x0, 0x3, 0xc0, 0x0, 0x0, 0x0, 0x7, 0xe0,
    0x0, 0x0, 0x0, 0x1f, 0xf0, 0x0, 0x0, 0x0,
    0x3f, 0xf8, 0x0, 0x0, 0x0, 0x7f, 0xfc, 0x0,
    0x0, 0x1, 0xff, 0xfe, 0x0, 0x0, 0x3, 0xff,
    0xff, 0x0, 0x0, 0x7, 0xff, 0xff, 0x80, 0x0,
    0x1f, 0xff, 0xff, 0xc0, 0x0, 0x3f, 0xff, 0xff,
    0xe0, 0x0, 0x7f, 0xff, 0xff, 0xf0, 0x1, 0xff,
    0xff, 0xff, 0xf8, 0x3, 0xff, 0xff, 0xff, 0xe0,
    0xf, 0xff, 0xff, 0xff, 0xc0, 0x1f, 0xff, 0xff,
    0xff, 0x0, 0x3f, 0xff, 0xff, 0xfc, 0x0, 0x7f,
    0xff, 0xff, 0xf8, 0x0, 0x3f, 0xff, 0xff, 0xe0,
    0x0, 0x1f, 0xff, 0xff, 0x80, 0x0, 0xf, 0xff,
    0xff, 0x0, 0x0, 0x7, 0xff, 0xfc, 0x0, 0x0,
    0x3, 0xff, 0xf0, 0x0, 0x0, 0x1, 0xff, 0xfe,
    0x0, 0x0, 0x0, 0xff, 0xff, 0xe0, 0x0, 0x0,
    0x7f, 0xff, 0xfc, 0x0, 0x0, 0x3f, 0xff, 0xff,
    0xc0, 0x0, 0x1f, 0xff, 0xff, 0xfc, 0x0, 0x7,
    0xff, 0xff, 0xff, 0xc0, 0x0, 0x7f, 0xff, 0xff,
    0xf8, 0x0, 0xf, 0xff, 0xff, 0xff, 0x80, 0x1,
    0xff, 0xff, 0xff, 0xf8, 0x0, 0x1f, 0xff, 0xff,
    0xff, 0x80, 0x3, 0xff, 0xff, 0xff, 0xc0, 0x0,
    0x7f, 0xff, 0xff, 0xe0, 0x0, 0x7, 0xff, 0xff,
    0xf0, 0x0, 0x0, 0xff, 0xff, 0xf8, 0x0, 0x0,
    0x1f, 0xff, 0xfc, 0x0, 0x0, 0x1, 0xff, 0xfe,
    0x0, 0x0, 0x0, 0x3f, 0xff, 0x0, 0x0, 0x0,
    0x7, 0xff, 0x80, 0x0, 0x0, 0x0, 0x7f, 0xc0,
    0x0, 0x0, 0x0, 0xf, 0xe0, 0x0, 0x0, 0x0,
    0x1, 0xf0, 0x0, 0x0, 0x0, 0x0, 0x18,

    /* U+003D "=" */
    0xff, 0xff, 0xff, 0xff, 0xff, 0xff, 0xff, 0xff,
    0xff, 0xff, 0xff, 0xff, 0xff, 0xff, 0xff, 0xff,
    0xff, 0xff, 0xff, 0xff, 0xff, 0xff, 0xff, 0xff,
    0xff, 0xff, 0xff, 0xff, 0xff, 0xff, 0xff, 0xff,
    0xff, 0xff, 0xff, 0xff, 0xff, 0xff, 0xff, 0xff,
    0xff, 0xff, 0xff, 0xff, 0xff, 0xff, 0xff, 0xff,
    0xff, 0xff, 0xff, 0xff, 0xf0, 0x0, 0x0, 0x0,
    0x0, 0x0, 0x0, 0x0, 0x0, 0x0, 0x0, 0x0,
    0x0, 0x0, 0x0, 0x0, 0x0, 0x0, 0x0, 0x0,
    0x0, 0x0, 0x0, 0x0, 0x0, 0x0, 0x0, 0x0,
    0x0, 0x0, 0x0, 0x0, 0x0, 0x0, 0x0, 0x0,
    0x0, 0x0, 0x0, 0x0, 0x0, 0x0, 0x0, 0x0,
    0x0, 0x0, 0x0, 0x0, 0x0, 0x0, 0x0, 0x0,
    0x0, 0x0, 0x0, 0x0, 0x0, 0x0, 0x3f, 0xff,
    0xff, 0xff, 0xff, 0xff, 0xff, 0xff, 0xff, 0xff,
    0xff, 0xff, 0xff, 0xff, 0xff, 0xff, 0xff, 0xff,
    0xff, 0xff, 0xff, 0xff, 0xff, 0xff, 0xff, 0xff,
    0xff, 0xff, 0xff, 0xff, 0xff, 0xff, 0xff, 0xff,
    0xff, 0xff, 0xff, 0xff, 0xff, 0xff, 0xff, 0xff,
    0xff, 0xff, 0xff, 0xff, 0xff, 0xff, 0xff, 0xff,
    0xff, 0xff, 0xfc,

    /* U+003E ">" */
    0x80, 0x0, 0x0, 0x0, 0x0, 0x78, 0x0, 0x0,
    0x0, 0x0, 0x3f, 0x0, 0x0, 0x0, 0x0, 0x1f,
    0xe0, 0x0, 0x0, 0x0, 0xf, 0xfe, 0x0, 0x0,
    0x0, 0x7, 0xff, 0xc0, 0x0, 0x0, 0x3, 0xff,
    0xf8, 0x0, 0x0, 0x1, 0xff, 0xff, 0x80, 0x0,
    0x0, 0xff, 0xff, 0xf0, 0x0, 0x0, 0x7f, 0xff,
    0xff, 0x0, 0x0, 0x3f, 0xff, 0xff, 0xe0, 0x0,
    0x1f, 0xff, 0xff, 0xfc, 0x0, 0xf, 0xff, 0xff,
    0xff, 0xc0, 0x1, 0xff, 0xff, 0xff, 0xf8, 0x0,
    0x1f, 0xff, 0xff, 0xff, 0x0, 0x1, 0xff, 0xff,
    0xff, 0xf0, 0x0, 0x1f, 0xff, 0xff, 0xfe, 0x0,
    0x3, 0xff, 0xff, 0xff, 0xc0, 0x0, 0x3f, 0xff,
    0xff, 0xe0, 0x0, 0x3, 0xff, 0xff, 0xf0, 0x0,
    0x0, 0x3f, 0xff, 0xf8, 0x0, 0x0, 0x3, 0xff,
    0xfc, 0x0, 0x0, 0x0, 0x7f, 0xfe, 0x0, 0x0,
    0x0, 0xff, 0xff, 0x0, 0x0, 0x3, 0xff, 0xff,
    0x80, 0x0, 0xf, 0xff, 0xff, 0xc0, 0x0, 0x1f,
    0xff, 0xff, 0xe0, 0x0, 0x7f, 0xff, 0xff, 0xf0,
    0x1, 0xff, 0xff, 0xff, 0xf0, 0x7, 0xff, 0xff,
    0xff, 0xc0, 0xf, 0xff, 0xff, 0xff, 0x80, 0x3f,
    0xff, 0xff, 0xff, 0x0, 0xff, 0xff, 0xff, 0xfc,
    0x0, 0x7f, 0xff, 0xff, 0xf8, 0x0, 0x3f, 0xff,
    0xff, 0xf0, 0x0, 0x1f, 0xff, 0xff, 0xc0, 0x0,
    0xf, 0xff, 0xff, 0x80, 0x0, 0x7, 0xff, 0xfe,
    0x0, 0x0, 0x3, 0xff, 0xfc, 0x0, 0x0, 0x1,
    0xff, 0xf8, 0x0, 0x0, 0x0, 0xff, 0xe0, 0x0,
    0x0, 0x0, 0x7f, 0xc0, 0x0, 0x0, 0x0, 0x3f,
    0x80, 0x0, 0x0, 0x0, 0x1e, 0x0, 0x0, 0x0,
    0x0, 0xc, 0x0, 0x0, 0x0, 0x0, 0x0,

    /* U+003F "?" */
    0x0, 0x1, 0xff, 0xe0, 0x0, 0x0, 0x3, 0xff,
    0xff, 0x80, 0x0, 0x7, 0xff, 0xff, 0xf8, 0x0,
    0x7, 0xff, 0xff, 0xff, 0x80, 0x3, 0xff, 0xff,
    0xff, 0xf0, 0x1, 0xff, 0xff, 0xff, 0xfe, 0x0,
    0xff, 0xff, 0xff, 0xff, 0xc0, 0x7f, 0xff, 0xff,
    0xff, 0xf8, 0x1f, 0xff, 0xff, 0xff, 0xff, 0xf,
    0xff, 0xff, 0xff, 0xff, 0xc7, 0xff, 0xfc, 0xf,
    0xff, 0xf9, 0xff, 0xfe, 0x0, 0xff, 0xfe, 0x7f,
    0xff, 0x0, 0x1f, 0xff, 0xbf, 0xff, 0x80, 0x7,
    0xff, 0xff, 0xff, 0xe0, 0x1, 0xff, 0xff, 0xff,
    0xf0, 0x0, 0x3f, 0xff, 0xff, 0xfc, 0x0, 0xf,
    0xff, 0xff, 0xff, 0x0, 0x3, 0xff, 0xf0, 0x0,
    0x0, 0x0, 0xff, 0xfc, 0x0, 0x0, 0x0, 0x3f,
    0xff, 0x0, 0x0, 0x0, 0xf, 0xff, 0xc0, 0x0,
    0x0, 0x3, 0xff, 0xf0, 0x0, 0x0, 0x1, 0xff,
    0xfc, 0x0, 0x0, 0x0, 0x7f, 0xfe, 0x0, 0x0,
    0x0, 0x3f, 0xff, 0x80, 0x0, 0x0, 0x1f, 0xff,
    0xc0, 0x0, 0x0, 0x7, 0xff, 0xf0, 0x0, 0x0,
    0x3, 0xff, 0xf8, 0x0, 0x0, 0x1, 0xff, 0xfe,
    0x0, 0x0, 0x0, 0xff, 0xff, 0x0, 0x0, 0x0,
    0x7f, 0xff, 0x80, 0x0, 0x0, 0x3f, 0xff, 0xc0,
    0x0, 0x0, 0x1f, 0xff, 0xe0, 0x0, 0x0, 0xf,
    0xff, 0xf0, 0x0, 0x0, 0x7, 0xff, 0xf8, 0x0,
    0x0, 0x1, 0xff, 0xfc, 0x0, 0x0, 0x0, 0xff,
    0xfe, 0x0, 0x0, 0x0, 0x3f, 0xff, 0x0, 0x0,
    0x0, 0x1f, 0xff, 0x80, 0x0, 0x0, 0x7, 0xff,
    0xc0, 0x0, 0x0, 0x1, 0xff, 0xf0, 0x0, 0x0,
    0x0, 0xff, 0xf8, 0x0, 0x0, 0x0, 0x3f, 0xfe,
    0x0, 0x0, 0x0, 0xf, 0xff, 0x80, 0x0, 0x0,
    0x3, 0xff, 0xc0, 0x0, 0x0, 0x0, 0xff, 0xf0,
    0x0, 0x0, 0x0, 0x3f, 0xfc, 0x0, 0x0, 0x0,
    0xf, 0xff, 0x0, 0x0, 0x0, 0x0, 0x0, 0x0,
    0x0, 0x0, 0x0, 0x0, 0x0, 0x0, 0x0, 0x0,
    0x0, 0x0, 0x0, 0x0, 0x0, 0x0, 0x0, 0x0,
    0x0, 0x0, 0x0, 0x0, 0x0, 0x0, 0x0, 0x0,
    0x0, 0x0, 0x0, 0x0, 0x0, 0x0, 0x0, 0x0,
    0x0, 0x0, 0x0, 0x0, 0x0, 0x0, 0x0, 0x0,
    0x7f, 0x0, 0x0, 0x0, 0x0, 0x3f, 0xe0, 0x0,
    0x0, 0x0, 0x1f, 0xfc, 0x0, 0x0, 0x0, 0xf,
    0xff, 0x80, 0x0, 0x0, 0x7, 0xff, 0xf0, 0x0,
    0x0, 0x1, 0xff, 0xfc, 0x0, 0x0, 0x0, 0x7f,
    0xff, 0x0, 0x0, 0x0, 0x1f, 0xff, 0xc0, 0x0,
    0x0, 0x7, 0xff, 0xf0, 0x0, 0x0, 0x1, 0xff,
    0xfc, 0x0, 0x0, 0x0, 0x3f, 0xfe, 0x0, 0x0,
    0x0, 0x7, 0xff, 0x0, 0x0, 0x0, 0x0, 0xff,
    0x80, 0x0, 0x0, 0x0, 0x1f, 0xc0, 0x0, 0x0,

    /* U+0040 "@" */
    0x0, 0x0, 0x0, 0x0, 0x3f, 0xff, 0x0, 0x0,
    0x0, 0x0, 0x0, 0x0, 0x0, 0xf, 0xff, 0xff,
    0xe0, 0x0, 0x0, 0x0, 0x0, 0x0, 0x1, 0xff,
    0xff, 0xff, 0xf0, 0x0, 0x0, 0x0, 0x0, 0x0,
    0x3f, 0xff, 0xff, 0xff, 0xf0, 0x0, 0x0, 0x0,
    0x0, 0x3, 0xff, 0xff, 0xff, 0xff, 0xf0, 0x0,
    0x0, 0x0, 0x0, 0x3f, 0xff, 0xff, 0xff, 0xff,
    0xf0, 0x0, 0x0, 0x0, 0x1, 0xff, 0xff, 0xff,
    0xff, 0xff, 0xf0, 0x0, 0x0, 0x0, 0x1f, 0xff,
    0xf8, 0x0, 0x7f, 0xff, 0xe0, 0x0, 0x0, 0x0,
    0xff, 0xfe, 0x0, 0x0, 0xf, 0xff, 0xc0, 0x0,
    0x0, 0x7, 0xff, 0xc0, 0x0, 0x0, 0xf, 0xff,
    0x80, 0x0, 0x0, 0x3f, 0xfc, 0x0, 0x0, 0x0,
    0xf, 0xff, 0x0, 0x0, 0x1, 0xff, 0xe0, 0x0,
    0x0, 0x0, 0xf, 0xfe, 0x0, 0x0, 0xf, 0xfe,
    0x0, 0x0, 0x0, 0x0, 0x1f, 0xfc, 0x0, 0x0,
    0x7f, 0xf0, 0x0, 0x0, 0x0, 0x0, 0x1f, 0xf8,
    0x0, 0x3, 0xff, 0x80, 0x0, 0x0, 0x0, 0x0,
    0x3f, 0xe0, 0x0, 0x1f, 0xfc, 0x0, 0x0, 0x0,
    0x0, 0x0, 0x7f, 0xc0, 0x0, 0x7f, 0xe0, 0x0,
    0x0, 0x0, 0x0, 0x1, 0xff, 0x80, 0x3, 0xff,
    0x0, 0x0, 0x0, 0x0, 0x0, 0x3, 0xfe, 0x0,
    0x1f, 0xf8, 0x0, 0x0, 0x0, 0x0, 0x0, 0x7,
    0xfc, 0x0, 0x7f, 0xe0, 0x0, 0x0, 0x0, 0x0,
    0x0, 0x1f, 0xf0, 0x3, 0xff, 0x0, 0x0, 0x3,
    0xff, 0x0, 0x0, 0x3f, 0xc0, 0xf, 0xf8, 0x0,
    0x0, 0x7f, 0xff, 0x80, 0x0, 0x7f, 0x80, 0x7f,
    0xe0, 0x0, 0x7, 0xff, 0xff, 0x80, 0x1, 0xfe,
    0x1, 0xff, 0x0, 0x0, 0x3f, 0xff, 0xff, 0x0,
    0x7, 0xfc, 0xf, 0xfc, 0x0, 0x3, 0xff, 0xff,
    0xff, 0x0, 0xf, 0xf0, 0x3f, 0xe0, 0x0, 0x1f,
    0xff, 0xff, 0xfe, 0x0, 0x3f, 0xc1, 0xff, 0x80,
    0x0, 0xff, 0xff, 0xff, 0xf8, 0x0, 0xff, 0x7,
    0xfc, 0x0, 0x3, 0xff, 0xff, 0xff, 0xe0, 0x1,
    0xfe, 0x1f, 0xf0, 0x0, 0x1f, 0xff, 0x1, 0xff,
    0x80, 0x7, 0xf8, 0xff, 0x80, 0x0, 0xff, 0xf0,
    0x7, 0xfc, 0x0, 0x1f, 0xe3, 0xfe, 0x0, 0x7,
    0xff, 0x80, 0x1f, 0xf0, 0x0, 0x7f, 0x8f, 0xf8,
    0x0, 0x1f, 0xfc, 0x0, 0x7f, 0xc0, 0x1, 0xfe,
    0x7f, 0xe0, 0x0, 0xff, 0xe0, 0x1, 0xff, 0x0,
    0x7, 0xf9, 0xff, 0x0, 0x3, 0xff, 0x0, 0x7,
    0xfc, 0x0, 0xf, 0xf7, 0xfc, 0x0, 0x1f, 0xfc,
    0x0, 0x3f, 0xf0, 0x0, 0x3f, 0xdf, 0xf0, 0x0,
    0x7f, 0xe0, 0x0, 0xff, 0xc0, 0x0, 0xff, 0x7f,
    0xc0, 0x1, 0xff, 0x80, 0x3, 0xff, 0x0, 0x3,
    0xff, 0xfe, 0x0, 0xf, 0xfe, 0x0, 0xf, 0xfc,
    0x0, 0xf, 0xff, 0xf8, 0x0, 0x3f, 0xf0, 0x0,
    0x3f, 0xf0, 0x0, 0x3f, 0xff, 0xe0, 0x0, 0xff,
    0xc0, 0x0, 0xff, 0xc0, 0x0, 0xff, 0xff, 0x80,
    0x7, 0xff, 0x0, 0x3, 0xfe, 0x0, 0x3, 0xff,
    0xfe, 0x0, 0x1f, 0xfc, 0x0, 0xf, 0xf8, 0x0,
    0xf, 0xff, 0xf8, 0x0, 0x7f, 0xe0, 0x0, 0x3f,
    0xe0, 0x0, 0x3f, 0xff, 0xe0, 0x1, 0xff, 0x80,
    0x0, 0xff, 0x80, 0x0, 0xff, 0xff, 0x80, 0x7,
    0xfe, 0x0, 0x3, 0xfe, 0x0, 0x3, 0xff, 0xfe,
    0x0, 0x1f, 0xf8, 0x0, 0x1f, 0xf8, 0x0, 0xf,
    0xff, 0xf8, 0x0, 0xff, 0xe0, 0x0, 0x7f, 0xe0,
    0x0, 0x3f, 0xff, 0xe0, 0x3, 0xff, 0x80, 0x1,
    0xff, 0x80, 0x1, 0xfe, 0xff, 0x80, 0xf, 0xfe,
    0x0, 0x7, 0xfe, 0x0, 0x7, 0xfb, 0xfe, 0x0,
    0x3f, 0xf8, 0x0, 0x1f, 0xf8, 0x0, 0x1f, 0xef,
    0xf8, 0x0, 0xff, 0xe0, 0x0, 0x7f, 0xe0, 0x0,
    0x7f, 0xbf, 0xe0, 0x3, 0xff, 0x80, 0x1, 0xff,
    0x80, 0x3, 0xfe, 0xff, 0x80, 0xf, 0xfe, 0x0,
    0xf, 0xfc, 0x0, 0xf, 0xf3, 0xfe, 0x0, 0x1f,
    0xf8, 0x0, 0x3f, 0xf0, 0x0, 0x3f, 0xc7, 0xfc,
    0x0, 0x7f, 0xe0, 0x1, 0xff, 0xc0, 0x1, 0xfe,
    0x1f, 0xf0, 0x1, 0xff, 0xc0, 0x7, 0xff, 0x0,
    0xf, 0xf8, 0x7f, 0xc0, 0x7, 0xff, 0x0, 0x3f,
    0xfe, 0x0, 0x3f, 0xc1, 0xff, 0x0, 0xf, 0xfe,
    0x1, 0xff, 0xf8, 0x1, 0xff, 0x7, 0xfc, 0x0,
    0x3f, 0xfe, 0x1f, 0xff, 0xf0, 0xf, 0xf8, 0x1f,
    0xf8, 0x0, 0xff, 0xff, 0xff, 0xff, 0xe0, 0xff,
    0xe0, 0x3f, 0xe0, 0x1, 0xff, 0xff, 0xff, 0xff,
    0xff, 0xff, 0x0, 0xff, 0x80, 0x3, 0xff, 0xff,
    0xe7, 0xff, 0xff, 0xf8, 0x3, 0xfe, 0x0, 0xf,
    0xff, 0xff, 0x8f, 0xff, 0xff, 0xc0, 0xf, 0xfc,
    0x0, 0x1f, 0xff, 0xfc, 0x1f, 0xff, 0xfe, 0x0,
    0x1f, 0xf0, 0x0, 0x3f, 0xff, 0xc0, 0x3f, 0xff,
    0xe0, 0x0, 0x7f, 0xe0, 0x0, 0x3f, 0xfe, 0x0,
    0x7f, 0xfe, 0x0, 0x1, 0xff, 0x80, 0x0, 0x3f,
    0xc0, 0x0, 0x3f, 0xe0, 0x0, 0x3, 0xff, 0x0,
    0x0, 0x0, 0x0, 0x0, 0x0, 0x0, 0x0, 0xf,
    0xfc, 0x0, 0x0, 0x0, 0x0, 0x0, 0x0, 0x0,
    0x0, 0x1f, 0xf8, 0x0, 0x0, 0x0, 0x0, 0x0,
    0x0, 0x0, 0x0, 0x7f, 0xf0, 0x0, 0x0, 0x0,
    0x0, 0x0, 0x0, 0x0, 0x0, 0xff, 0xe0, 0x0,
    0x0, 0x0, 0x0, 0x0, 0x0, 0x0, 0x3, 0xff,
    0xc0, 0x0, 0x0, 0x0, 0x0, 0x0, 0x0, 0x0,
    0x7, 0xff, 0x80, 0x0, 0x0, 0x0, 0x0, 0x0,
    0x0, 0x0, 0xf, 0xff, 0x0, 0x0, 0x0, 0x0,
    0x0, 0x0, 0x0, 0x0, 0x3f, 0xfe, 0x0, 0x0,
    0x0, 0x0, 0x0, 0x0, 0x0, 0x0, 0x7f, 0xfe,
    0x0, 0x0, 0x0, 0x0, 0x0, 0x0, 0x0, 0x0,
    0xff, 0xfe, 0x0, 0x0, 0x0, 0x30, 0x0, 0x0,
    0x0, 0x1, 0xff, 0xff, 0x0, 0x0, 0x7, 0xc0,
    0x0, 0x0, 0x0, 0x3, 0xff, 0xff, 0xc0, 0x3,
    0xff, 0x0, 0x0, 0x0, 0x0, 0x7, 0xff, 0xff,
    0xff, 0xff, 0xfe, 0x0, 0x0, 0x0, 0x0, 0x7,
    0xff, 0xff, 0xff, 0xff, 0xf8, 0x0, 0x0, 0x0,
    0x0, 0xf, 0xff, 0xff, 0xff, 0xff, 0xe0, 0x0,
    0x0, 0x0, 0x0, 0xf, 0xff, 0xff, 0xff, 0xff,
    0x80, 0x0, 0x0, 0x0, 0x0, 0xf, 0xff, 0xff,
    0xff, 0xfc, 0x0, 0x0, 0x0, 0x0, 0x0, 0xf,
    0xff, 0xff, 0xff, 0xc0, 0x0, 0x0, 0x0, 0x0,
    0x0, 0x3, 0xff, 0xff, 0xf8, 0x0, 0x0, 0x0,
    0x0, 0x0, 0x0, 0x0, 0xff, 0xfe, 0x0, 0x0,
    0x0, 0x0,

    /* U+0041 "A" */
    0x0, 0x0, 0x0, 0x7f, 0xfe, 0x0, 0x0, 0x0,
    0x0, 0x0, 0x0, 0x7f, 0xfe, 0x0, 0x0, 0x0,
    0x0, 0x0, 0x0, 0xff, 0xfe, 0x0, 0x0, 0x0,
    0x0, 0x0, 0x0, 0xff, 0xff, 0x0, 0x0, 0x0,
    0x0, 0x0, 0x0, 0xff, 0xff, 0x0, 0x0, 0x0,
    0x0, 0x0, 0x1, 0xff, 0xff, 0x0, 0x0, 0x0,
    0x0, 0x0, 0x1, 0xff, 0xff, 0x80, 0x0, 0x0,
    0x0, 0x0, 0x1, 0xff, 0xff, 0x80, 0x0, 0x0,
    0x0, 0x0, 0x3, 0xff, 0xff, 0xc0, 0x0, 0x0,
    0x0, 0x0, 0x3, 0xff, 0xff, 0xc0, 0x0, 0x0,
    0x0, 0x0, 0x7, 0xff, 0xff, 0xc0, 0x0, 0x0,
    0x0, 0x0, 0x7, 0xff, 0xff, 0xe0, 0x0, 0x0,
    0x0, 0x0, 0x7, 0xff, 0xff, 0xe0, 0x0, 0x0,
    0x0, 0x0, 0xf, 0xff, 0xff, 0xe0, 0x0, 0x0,
    0x0, 0x0, 0xf, 0xff, 0xff, 0xf0, 0x0, 0x0,
    0x0, 0x0, 0xf, 0xff, 0xff, 0xf0, 0x0, 0x0,
    0x0, 0x0, 0x1f, 0xff, 0xff, 0xf8, 0x0, 0x0,
    0x0, 0x0, 0x1f, 0xff, 0xff, 0xf8, 0x0, 0x0,
    0x0, 0x0, 0x3f, 0xfe, 0xff, 0xf8, 0x0, 0x0,
    0x0, 0x0, 0x3f, 0xfe, 0x7f, 0xfc, 0x0, 0x0,
    0x0, 0x0, 0x3f, 0xfe, 0x7f, 0xfc, 0x0, 0x0,
    0x0, 0x0, 0x7f, 0xfc, 0x7f, 0xfc, 0x0, 0x0,
    0x0, 0x0, 0x7f, 0xfc, 0x3f, 0xfe, 0x0, 0x0,
    0x0, 0x0, 0x7f, 0xfc, 0x3f, 0xfe, 0x0, 0x0,
    0x0, 0x0, 0xff, 0xf8, 0x3f, 0xfe, 0x0, 0x0,
    0x0, 0x0, 0xff, 0xf8, 0x1f, 0xff, 0x0, 0x0,
    0x0, 0x1, 0xff, 0xf8, 0x1f, 0xff, 0x0, 0x0,
    0x0, 0x1, 0xff, 0xf0, 0x1f, 0xff, 0x80, 0x0,
    0x0, 0x1, 0xff, 0xf0, 0xf, 0xff, 0x80, 0x0,
    0x0, 0x3, 0xff, 0xf0, 0xf, 0xff, 0x80, 0x0,
    0x0, 0x3, 0xff, 0xe0, 0xf, 0xff, 0xc0, 0x0,
    0x0, 0x3, 0xff, 0xe0, 0x7, 0xff, 0xc0, 0x0,
    0x0, 0x7, 0xff, 0xe0, 0x7, 0xff, 0xc0, 0x0,
    0x0, 0x7, 0xff, 0xc0, 0x7, 0xff, 0xe0, 0x0,
    0x0, 0x7, 0xff, 0xc0, 0x3, 0xff, 0xe0, 0x0,
    0x0, 0xf, 0xff, 0xc0, 0x3, 0xff, 0xf0, 0x0,
    0x0, 0xf, 0xff, 0x80, 0x3, 0xff, 0xf0, 0x0,
    0x0, 0x1f, 0xff, 0x80, 0x1, 0xff, 0xf0, 0x0,
    0x0, 0x1f, 0xff, 0x80, 0x1, 0xff, 0xf8, 0x0,
    0x0, 0x1f, 0xff, 0x0, 0x1, 0xff, 0xf8, 0x0,
    0x0, 0x3f, 0xff, 0x0, 0x0, 0xff, 0xf8, 0x0,
    0x0, 0x3f, 0xff, 0x0, 0x0, 0xff, 0xfc, 0x0,
    0x0, 0x3f, 0xfe, 0x0, 0x0, 0xff, 0xfc, 0x0,
    0x0, 0x7f, 0xfe, 0x0, 0x0, 0x7f, 0xfe, 0x0,
    0x0, 0x7f, 0xff, 0xff, 0xff, 0xff, 0xfe, 0x0,
    0x0, 0xff, 0xff, 0xff, 0xff, 0xff, 0xfe, 0x0,
    0x0, 0xff, 0xff, 0xff, 0xff, 0xff, 0xff, 0x0,
    0x0, 0xff, 0xff, 0xff, 0xff, 0xff, 0xff, 0x0,
    0x1, 0xff, 0xff, 0xff, 0xff, 0xff, 0xff, 0x0,
    0x1, 0xff, 0xff, 0xff, 0xff, 0xff, 0xff, 0x80,
    0x1, 0xff, 0xff, 0xff, 0xff, 0xff, 0xff, 0x80,
    0x3, 0xff, 0xff, 0xff, 0xff, 0xff, 0xff, 0xc0,
    0x3, 0xff, 0xff, 0xff, 0xff, 0xff, 0xff, 0xc0,
    0x7, 0xff, 0xff, 0xff, 0xff, 0xff, 0xff, 0xc0,
    0x7, 0xff, 0xe0, 0x0, 0x0, 0xf, 0xff, 0xe0,
    0x7, 0xff, 0xe0, 0x0, 0x0, 0x7, 0xff, 0xe0,
    0xf, 0xff, 0xe0, 0x0, 0x0, 0x7, 0xff, 0xe0,
    0xf, 0xff, 0xe0, 0x0, 0x0, 0x7, 0xff, 0xf0,
    0xf, 0xff, 0xc0, 0x0, 0x0, 0x3, 0xff, 0xf0,
    0x1f, 0xff, 0xc0, 0x0, 0x0, 0x3, 0xff, 0xf8,
    0x1f, 0xff, 0xc0, 0x0, 0x0, 0x3, 0xff, 0xf8,
    0x1f, 0xff, 0x80, 0x0, 0x0, 0x1, 0xff, 0xf8,
    0x3f, 0xff, 0x80, 0x0, 0x0, 0x1, 0xff, 0xfc,
    0x3f, 0xff, 0x80, 0x0, 0x0, 0x1, 0xff, 0xfc,
    0x7f, 0xff, 0x0, 0x0, 0x0, 0x0, 0xff, 0xfc,
    0x7f, 0xff, 0x0, 0x0, 0x0, 0x0, 0xff, 0xfe,
    0x7f, 0xff, 0x0, 0x0, 0x0, 0x0, 0xff, 0xfe,
    0xff, 0xfe, 0x0, 0x0, 0x0, 0x0, 0x7f, 0xfe,
    0xff, 0xfe, 0x0, 0x0, 0x0, 0x0, 0x7f, 0xff,

    /* U+0042 "B" */
    0xff, 0xff, 0xff, 0xfe, 0x0, 0x0, 0x1f, 0xff,
    0xff, 0xff, 0xfe, 0x0, 0x3, 0xff, 0xff, 0xff,
    0xff, 0xf8, 0x0, 0x7f, 0xff, 0xff, 0xff, 0xff,
    0xc0, 0xf, 0xff, 0xff, 0xff, 0xff, 0xfc, 0x1,
    0xff, 0xff, 0xff, 0xff, 0xff, 0xe0, 0x3f, 0xff,
    0xff, 0xff, 0xff, 0xfe, 0x7, 0xff, 0xff, 0xff,
    0xff, 0xff, 0xe0, 0xff, 0xff, 0xff, 0xff, 0xff,
    0xfc, 0x1f, 0xff, 0xff, 0xff, 0xff, 0xff, 0xc3,
    0xff, 0xf0, 0x0, 0x1f, 0xff, 0xf8, 0x7f, 0xfe,
    0x0, 0x0, 0xff, 0xff, 0x8f, 0xff, 0xc0, 0x0,
    0x7, 0xff, 0xf1, 0xff, 0xf8, 0x0, 0x0, 0x7f,
    0xfe, 0x3f, 0xff, 0x0, 0x0, 0xf, 0xff, 0xe7,
    0xff, 0xe0, 0x0, 0x0, 0xff, 0xfc, 0xff, 0xfc,
    0x0, 0x0, 0x1f, 0xff, 0x9f, 0xff, 0x80, 0x0,
    0x3, 0xff, 0xf3, 0xff, 0xf0, 0x0, 0x0, 0x7f,
    0xfe, 0x7f, 0xfe, 0x0, 0x0, 0xf, 0xff, 0xcf,
    0xff, 0xc0, 0x0, 0x1, 0xff, 0xf9, 0xff, 0xf8,
    0x0, 0x0, 0x3f, 0xff, 0x3f, 0xff, 0x0, 0x0,
    0xf, 0xff, 0xc7, 0xff, 0xe0, 0x0, 0x1, 0xff,
    0xf8, 0xff, 0xfc, 0x0, 0x0, 0x7f, 0xff, 0x1f,
    0xff, 0x80, 0x0, 0x1f, 0xff, 0xc3, 0xff, 0xf0,
    0x0, 0x7, 0xff, 0xf8, 0x7f, 0xfe, 0x0, 0x7,
    0xff, 0xfe, 0xf, 0xff, 0xff, 0xff, 0xff, 0xff,
    0x81, 0xff, 0xff, 0xff, 0xff, 0xff, 0xe0, 0x3f,
    0xff, 0xff, 0xff, 0xff, 0xf8, 0x7, 0xff, 0xff,
    0xff, 0xff, 0xfe, 0x0, 0xff, 0xff, 0xff, 0xff,
    0xff, 0x0, 0x1f, 0xff, 0xff, 0xff, 0xff, 0xf8,
    0x3, 0xff, 0xff, 0xff, 0xff, 0xff, 0xc0, 0x7f,
    0xff, 0xff, 0xff, 0xff, 0xfc, 0xf, 0xff, 0xff,
    0xff, 0xff, 0xff, 0xc1, 0xff, 0xf8, 0x0, 0x3,
    0xff, 0xfc, 0x3f, 0xff, 0x0, 0x0, 0x1f, 0xff,
    0xc7, 0xff, 0xe0, 0x0, 0x1, 0xff, 0xfc, 0xff,
    0xfc, 0x0, 0x0, 0x1f, 0xff, 0x9f, 0xff, 0x80,
    0x0, 0x1, 0xff, 0xfb, 0xff, 0xf0, 0x0, 0x0,
    0x3f, 0xff, 0x7f, 0xfe, 0x0, 0x0, 0x7, 0xff,
    0xef, 0xff, 0xc0, 0x0, 0x0, 0x7f, 0xff, 0xff,
    0xf8, 0x0, 0x0, 0xf, 0xff, 0xff, 0xff, 0x0,
    0x0, 0x1, 0xff, 0xff, 0xff, 0xe0, 0x0, 0x0,
    0x3f, 0xff, 0xff, 0xfc, 0x0, 0x0, 0x7, 0xff,
    0xff, 0xff, 0x80, 0x0, 0x0, 0xff, 0xff, 0xff,
    0xf0, 0x0, 0x0, 0x1f, 0xff, 0xff, 0xfe, 0x0,
    0x0, 0x7, 0xff, 0xff, 0xff, 0xc0, 0x0, 0x0,
    0xff, 0xff, 0xff, 0xf8, 0x0, 0x0, 0x1f, 0xff,
    0xbf, 0xff, 0x0, 0x0, 0x7, 0xff, 0xf7, 0xff,
    0xe0, 0x0, 0x1, 0xff, 0xfe, 0xff, 0xfc, 0x0,
    0x0, 0x7f, 0xff, 0x9f, 0xff, 0x80, 0x0, 0x7f,
    0xff, 0xf3, 0xff, 0xff, 0xff, 0xff, 0xff, 0xfc,
    0x7f, 0xff, 0xff, 0xff, 0xff, 0xff, 0x8f, 0xff,
    0xff, 0xff, 0xff, 0xff, 0xe1, 0xff, 0xff, 0xff,
    0xff, 0xff, 0xf8, 0x3f, 0xff, 0xff, 0xff, 0xff,
    0xfe, 0x7, 0xff, 0xff, 0xff, 0xff, 0xff, 0x80,
    0xff, 0xff, 0xff, 0xff, 0xff, 0xc0, 0x1f, 0xff,
    0xff, 0xff, 0xff, 0xe0, 0x3, 0xff, 0xff, 0xff,
    0xff, 0xf0, 0x0, 0x7f, 0xff, 0xff, 0xff, 0xc0,
    0x0, 0x0,

    /* U+0043 "C" */
    0x0, 0x0, 0x1, 0xff, 0xc0, 0x0, 0x0, 0x0,
    0x0, 0x3f, 0xff, 0xfc, 0x0, 0x0, 0x0, 0x3,
    0xff, 0xff, 0xfe, 0x0, 0x0, 0x0, 0x1f, 0xff,
    0xff, 0xff, 0x0, 0x0, 0x0, 0x7f, 0xff, 0xff,
    0xff, 0x80, 0x0, 0x3, 0xff, 0xff, 0xff, 0xff,
    0x80, 0x0, 0xf, 0xff, 0xff, 0xff, 0xff, 0x80,
    0x0, 0x3f, 0xff, 0xff, 0xff, 0xff, 0x80, 0x0,
    0xff, 0xff, 0xff, 0xff, 0xff, 0x80, 0x3, 0xff,
    0xff, 0xff, 0xff, 0xff, 0x80, 0xf, 0xff, 0xfc,
    0x3, 0xff, 0xff, 0x80, 0x1f, 0xff, 0xe0, 0x0,
    0xff, 0xff, 0x0, 0x7f, 0xff, 0x0, 0x0, 0x7f,
    0xff, 0x1, 0xff, 0xfc, 0x0, 0x0, 0x7f, 0xff,
    0x3, 0xff, 0xf0, 0x0, 0x0, 0x7f, 0xfe, 0xf,
    0xff, 0xe0, 0x0, 0x0, 0xff, 0xfc, 0x1f, 0xff,
    0x80, 0x0, 0x0, 0xff, 0xfc, 0x3f, 0xfe, 0x0,
    0x0, 0x1, 0xff, 0xf8, 0xff, 0xfc, 0x0, 0x0,
    0x3, 0xff, 0xf1, 0xff, 0xf8, 0x0, 0x0, 0x3,
    0xff, 0xf3, 0xff, 0xe0, 0x0, 0x0, 0x7, 0xff,
    0xef, 0xff, 0xc0, 0x0, 0x0, 0xf, 0xff, 0xdf,
    0xff, 0x80, 0x0, 0x0, 0x1f, 0xff, 0xbf, 0xff,
    0x0, 0x0, 0x0, 0x3f, 0xff, 0x7f, 0xfe, 0x0,
    0x0, 0x0, 0x0, 0x0, 0xff, 0xf8, 0x0, 0x0,
    0x0, 0x0, 0x3, 0xff, 0xf0, 0x0, 0x0, 0x0,
    0x0, 0x7, 0xff, 0xe0, 0x0, 0x0, 0x0, 0x0,
    0xf, 0xff, 0xc0, 0x0, 0x0, 0x0, 0x0, 0x1f,
    0xff, 0x80, 0x0, 0x0, 0x0, 0x0, 0x3f, 0xff,
    0x0, 0x0, 0x0, 0x0, 0x0, 0x7f, 0xfe, 0x0,
    0x0, 0x0, 0x0, 0x0, 0xff, 0xfc, 0x0, 0x0,
    0x0, 0x0, 0x1, 0xff, 0xf8, 0x0, 0x0, 0x0,
    0x0, 0x3, 0xff, 0xf0, 0x0, 0x0, 0x0, 0x0,
    0x7, 0xff, 0xe0, 0x0, 0x0, 0x0, 0x0, 0xf,
    0xff, 0xc0, 0x0, 0x0, 0x0, 0x0, 0x1f, 0xff,
    0x80, 0x0, 0x0, 0x0, 0x0, 0x3f, 0xff, 0x0,
    0x0, 0x0, 0x0, 0x0, 0x7f, 0xfe, 0x0, 0x0,
    0x0, 0x0, 0x0, 0xff, 0xfc, 0x0, 0x0, 0x0,
    0x0, 0x1, 0xff, 0xf8, 0x0, 0x0, 0x0, 0x0,
    0x3, 0xff, 0xf0, 0x0, 0x0, 0x0, 0x0, 0x7,
    0xff, 0xe0, 0x0, 0x0, 0x0, 0x0, 0xf, 0xff,
    0xc0, 0x0, 0x0, 0x0, 0x0, 0xf, 0xff, 0x80,
    0x0, 0x0, 0x0, 0x0, 0x1f, 0xff, 0x80, 0x0,
    0x0, 0x0, 0x0, 0x3f, 0xff, 0x0, 0x0, 0x0,
    0x0, 0x0, 0x7f, 0xfe, 0x0, 0x0, 0x0, 0x7f,
    0xfe, 0xff, 0xfc, 0x0, 0x0, 0x0, 0xff, 0xfc,
    0xff, 0xf8, 0x0, 0x0, 0x1, 0xff, 0xf9, 0xff,
    0xf8, 0x0, 0x0, 0x3, 0xff, 0xf3, 0xff, 0xf0,
    0x0, 0x0, 0xf, 0xff, 0xe3, 0xff, 0xe0, 0x0,
    0x0, 0x1f, 0xff, 0x87, 0xff, 0xe0, 0x0, 0x0,
    0x3f, 0xff, 0xf, 0xff, 0xc0, 0x0, 0x0, 0xff,
    0xfe, 0xf, 0xff, 0xc0, 0x0, 0x1, 0xff, 0xf8,
    0x1f, 0xff, 0xc0, 0x0, 0x7, 0xff, 0xf0, 0x1f,
    0xff, 0xc0, 0x0, 0x1f, 0xff, 0xc0, 0x1f, 0xff,
    0xc0, 0x0, 0xff, 0xff, 0x80, 0x3f, 0xff, 0xf0,
    0xf, 0xff, 0xfe, 0x0, 0x3f, 0xff, 0xff, 0xff,
    0xff, 0xf8, 0x0, 0x3f, 0xff, 0xff, 0xff, 0xff,
    0xf0, 0x0, 0x3f, 0xff, 0xff, 0xff, 0xff, 0xc0,
    0x0, 0x3f, 0xff, 0xff, 0xff, 0xff, 0x0, 0x0,
    0x3f, 0xff, 0xff, 0xff, 0xfc, 0x0, 0x0, 0x3f,
    0xff, 0xff, 0xff, 0xe0, 0x0, 0x0, 0x1f, 0xff,
    0xff, 0xff, 0x0, 0x0, 0x0, 0xf, 0xff, 0xff,
    0xf8, 0x0, 0x0, 0x0, 0x7, 0xff, 0xff, 0xc0,
    0x0, 0x0, 0x0, 0x0, 0xff, 0xf0, 0x0, 0x0,
    0x0,

    /* U+0044 "D" */
    0xff, 0xff, 0xff, 0xe0, 0x0, 0x0, 0xf, 0xff,
    0xff, 0xff, 0xe0, 0x0, 0x0, 0xff, 0xff, 0xff,
    0xff, 0xc0, 0x0, 0xf, 0xff, 0xff, 0xff, 0xff,
    0x0, 0x0, 0xff, 0xff, 0xff, 0xff, 0xfc, 0x0,
    0xf, 0xff, 0xff, 0xff, 0xff, 0xe0, 0x0, 0xff,
    0xff, 0xff, 0xff, 0xff, 0x80, 0xf, 0xff, 0xff,
    0xff, 0xff, 0xfc, 0x0, 0xff, 0xff, 0xff, 0xff,
    0xff, 0xe0, 0xf, 0xff, 0xff, 0xff, 0xff, 0xff,
    0x0, 0xff, 0xfc, 0x0, 0x7f, 0xff, 0xf8, 0xf,
    0xff, 0xc0, 0x0, 0xff, 0xff, 0xc0, 0xff, 0xfc,
    0x0, 0x3, 0xff, 0xfc, 0xf, 0xff, 0xc0, 0x0,
    0xf, 0xff, 0xe0, 0xff, 0xfc, 0x0, 0x0, 0x7f,
    0xfe, 0xf, 0xff, 0xc0, 0x0, 0x7, 0xff, 0xf0,
    0xff, 0xfc, 0x0, 0x0, 0x3f, 0xff, 0x8f, 0xff,
    0xc0, 0x0, 0x1, 0xff, 0xf8, 0xff, 0xfc, 0x0,
    0x0, 0x1f, 0xff, 0x8f, 0xff, 0xc0, 0x0, 0x0,
    0xff, 0xfc, 0xff, 0xfc, 0x0, 0x0, 0xf, 0xff,
    0xcf, 0xff, 0xc0, 0x0, 0x0, 0x7f, 0xfe, 0xff,
    0xfc, 0x0, 0x0, 0x7, 0xff, 0xef, 0xff, 0xc0,
    0x0, 0x0, 0x7f, 0xfe, 0xff, 0xfc, 0x0, 0x0,
    0x7, 0xff, 0xef, 0xff, 0xc0, 0x0, 0x0, 0x7f,
    0xfe, 0xff, 0xfc, 0x0, 0x0, 0x3, 0xff, 0xff,
    0xff, 0xc0, 0x0, 0x0, 0x3f, 0xff, 0xff, 0xfc,
    0x0, 0x0, 0x3, 0xff, 0xff, 0xff, 0xc0, 0x0,
    0x0, 0x3f, 0xff, 0xff, 0xfc, 0x0, 0x0, 0x3,
    0xff, 0xff, 0xff, 0xc0, 0x0, 0x0, 0x3f, 0xff,
    0xff, 0xfc, 0x0, 0x0, 0x3, 0xff, 0xff, 0xff,
    0xc0, 0x0, 0x0, 0x3f, 0xff, 0xff, 0xfc, 0x0,
    0x0, 0x3, 0xff, 0xff, 0xff, 0xc0, 0x0, 0x0,
    0x3f, 0xff, 0xff, 0xfc, 0x0, 0x0, 0x3, 0xff,
    0xff, 0xff, 0xc0, 0x0, 0x0, 0x3f, 0xff, 0xff,
    0xfc, 0x0, 0x0, 0x3, 0xff, 0xff, 0xff, 0xc0,
    0x0, 0x0, 0x3f, 0xff, 0xff, 0xfc, 0x0, 0x0,
    0x3, 0xff, 0xff, 0xff, 0xc0, 0x0, 0x0, 0x3f,
    0xff, 0xff, 0xfc, 0x0, 0x0, 0x7, 0xff, 0xef,
    0xff, 0xc0, 0x0, 0x0, 0x7f, 0xfe, 0xff, 0xfc,
    0x0, 0x0, 0x7, 0xff, 0xef, 0xff, 0xc0, 0x0,
    0x0, 0x7f, 0xfe, 0xff, 0xfc, 0x0, 0x0, 0xf,
    0xff, 0xef, 0xff, 0xc0, 0x0, 0x0, 0xff, 0xfc,
    0xff, 0xfc, 0x0, 0x0, 0xf, 0xff, 0xcf, 0xff,
    0xc0, 0x0, 0x1, 0xff, 0xf8, 0xff, 0xfc, 0x0,
    0x0, 0x1f, 0xff, 0x8f, 0xff, 0xc0, 0x0, 0x3,
    0xff, 0xf8, 0xff, 0xfc, 0x0, 0x0, 0x7f, 0xff,
    0xf, 0xff, 0xc0, 0x0, 0x7, 0xff, 0xf0, 0xff,
    0xfc, 0x0, 0x1, 0xff, 0xfe, 0xf, 0xff, 0xc0,
    0x0, 0x3f, 0xff, 0xc0, 0xff, 0xfc, 0x0, 0xf,
    0xff, 0xfc, 0xf, 0xff, 0xc0, 0x7, 0xff, 0xff,
    0x80, 0xff, 0xff, 0xff, 0xff, 0xff, 0xf0, 0xf,
    0xff, 0xff, 0xff, 0xff, 0xfe, 0x0, 0xff, 0xff,
    0xff, 0xff, 0xff, 0xc0, 0xf, 0xff, 0xff, 0xff,
    0xff, 0xf8, 0x0, 0xff, 0xff, 0xff, 0xff, 0xfe,
    0x0, 0xf, 0xff, 0xff, 0xff, 0xff, 0xc0, 0x0,
    0xff, 0xff, 0xff, 0xff, 0xf0, 0x0, 0xf, 0xff,
    0xff, 0xff, 0xfc, 0x0, 0x0, 0xff, 0xff, 0xff,
    0xfe, 0x0, 0x0, 0xf, 0xff, 0xff, 0xfe, 0x0,
    0x0, 0x0,

    /* U+0045 "E" */
    0xff, 0xff, 0xff, 0xff, 0xff, 0xff, 0xff, 0xff,
    0xff, 0xff, 0xff, 0xff, 0xff, 0xff, 0xff, 0xff,
    0xff, 0xff, 0xff, 0xff, 0xff, 0xff, 0xff, 0xff,
    0xff, 0xff, 0xff, 0xff, 0xff, 0xff, 0xff, 0xff,
    0xff, 0xff, 0xff, 0xff, 0xff, 0xff, 0xff, 0xff,
    0xff, 0xff, 0xff, 0xff, 0xff, 0xff, 0xff, 0xff,
    0xff, 0xff, 0xff, 0xff, 0xff, 0xff, 0xff, 0xff,
    0xff, 0xff, 0xff, 0xc0, 0x0, 0x0, 0x0, 0x3f,
    0xff, 0x0, 0x0, 0x0, 0x0, 0xff, 0xfc, 0x0,
    0x0, 0x0, 0x3, 0xff, 0xf0, 0x0, 0x0, 0x0,
    0xf, 0xff, 0xc0, 0x0, 0x0, 0x0, 0x3f, 0xff,
    0x0, 0x0, 0x0, 0x0, 0xff, 0xfc, 0x0, 0x0,
    0x0, 0x3, 0xff, 0xf0, 0x0, 0x0, 0x0, 0xf,
    0xff, 0xc0, 0x0, 0x0, 0x0, 0x3f, 0xff, 0x0,
    0x0, 0x0, 0x0, 0xff, 0xfc, 0x0, 0x0, 0x0,
    0x3, 0xff, 0xf0, 0x0, 0x0, 0x0, 0xf, 0xff,
    0xc0, 0x0, 0x0, 0x0, 0x3f, 0xff, 0x0, 0x0,
    0x0, 0x0, 0xff, 0xfc, 0x0, 0x0, 0x0, 0x3,
    0xff, 0xf0, 0x0, 0x0, 0x0, 0xf, 0xff, 0xc0,
    0x0, 0x0, 0x0, 0x3f, 0xff, 0x0, 0x0, 0x0,
    0x0, 0xff, 0xff, 0xff, 0xff, 0xff, 0x83, 0xff,
    0xff, 0xff, 0xff, 0xfe, 0xf, 0xff, 0xff, 0xff,
    0xff, 0xf8, 0x3f, 0xff, 0xff, 0xff, 0xff, 0xe0,
    0xff, 0xff, 0xff, 0xff, 0xff, 0x83, 0xff, 0xff,
    0xff, 0xff, 0xfe, 0xf, 0xff, 0xff, 0xff, 0xff,
    0xf8, 0x3f, 0xff, 0xff, 0xff, 0xff, 0xe0, 0xff,
    0xff, 0xff, 0xff, 0xff, 0x83, 0xff, 0xff, 0xff,
    0xff, 0xfe, 0xf, 0xff, 0xc0, 0x0, 0x0, 0x0,
    0x3f, 0xff, 0x0, 0x0, 0x0, 0x0, 0xff, 0xfc,
    0x0, 0x0, 0x0, 0x3, 0xff, 0xf0, 0x0, 0x0,
    0x0, 0xf, 0xff, 0xc0, 0x0, 0x0, 0x0, 0x3f,
    0xff, 0x0, 0x0, 0x0, 0x0, 0xff, 0xfc, 0x0,
    0x0, 0x0, 0x3, 0xff, 0xf0, 0x0, 0x0, 0x0,
    0xf, 0xff, 0xc0, 0x0, 0x0, 0x0, 0x3f, 0xff,
    0x0, 0x0, 0x0, 0x0, 0xff, 0xfc, 0x0, 0x0,
    0x0, 0x3, 0xff, 0xf0, 0x0, 0x0, 0x0, 0xf,
    0xff, 0xc0, 0x0, 0x0, 0x0, 0x3f, 0xff, 0x0,
    0x0, 0x0, 0x0, 0xff, 0xfc, 0x0, 0x0, 0x0,
    0x3, 0xff, 0xf0, 0x0, 0x0, 0x0, 0xf, 0xff,
    0xc0, 0x0, 0x0, 0x0, 0x3f, 0xff, 0x0, 0x0,
    0x0, 0x0, 0xff, 0xfc, 0x0, 0x0, 0x0, 0x3,
    0xff, 0xf0, 0x0, 0x0, 0x0, 0xf, 0xff, 0xff,
    0xff, 0xff, 0xff, 0xff, 0xff, 0xff, 0xff, 0xff,
    0xff, 0xff, 0xff, 0xff, 0xff, 0xff, 0xff, 0xff,
    0xff, 0xff, 0xff, 0xff, 0xff, 0xff, 0xff, 0xff,
    0xff, 0xff, 0xff, 0xff, 0xff, 0xff, 0xff, 0xff,
    0xff, 0xff, 0xff, 0xff, 0xff, 0xff, 0xff, 0xff,
    0xff, 0xff, 0xff, 0xff, 0xff, 0xff, 0xff, 0xff,
    0xff, 0xff, 0xff, 0xff, 0xff, 0xff, 0xff,

    /* U+0046 "F" */
    0xff, 0xff, 0xff, 0xff, 0xff, 0xff, 0xff, 0xff,
    0xff, 0xff, 0xff, 0xff, 0xff, 0xff, 0xff, 0xff,
    0xff, 0xff, 0xff, 0xff, 0xff, 0xff, 0xff, 0xff,
    0xff, 0xff, 0xff, 0xff, 0xff, 0xff, 0xff, 0xff,
    0xff, 0xff, 0xff, 0xff, 0xff, 0xff, 0xff, 0xff,
    0xff, 0xff, 0xff, 0xff, 0xff, 0xff, 0xff, 0xff,
    0xff, 0xff, 0xff, 0xff, 0xff, 0xff, 0xff, 0xff,
    0xff, 0xff, 0x0, 0x0, 0x0, 0x1, 0xff, 0xf8,
    0x0, 0x0, 0x0, 0xf, 0xff, 0xc0, 0x0, 0x0,
    0x0, 0x7f, 0xfe, 0x0, 0x0, 0x0, 0x3, 0xff,
    0xf0, 0x0, 0x0, 0x0, 0x1f, 0xff, 0x80, 0x0,
    0x0, 0x0, 0xff, 0xfc, 0x0, 0x0, 0x0, 0x7,
    0xff, 0xe0, 0x0, 0x0, 0x0, 0x3f, 0xff, 0x0,
    0x0, 0x0, 0x1, 0xff, 0xf8, 0x0, 0x0, 0x0,
    0xf, 0xff, 0xc0, 0x0, 0x0, 0x0, 0x7f, 0xfe,
    0x0, 0x0, 0x0, 0x3, 0xff, 0xf0, 0x0, 0x0,
    0x0, 0x1f, 0xff, 0x80, 0x0, 0x0, 0x0, 0xff,
    0xfc, 0x0, 0x0, 0x0, 0x7, 0xff, 0xe0, 0x0,
    0x0, 0x0, 0x3f, 0xff, 0x0, 0x0, 0x0, 0x1,
    0xff, 0xf8, 0x0, 0x0, 0x0, 0xf, 0xff, 0xc0,
    0x0, 0x0, 0x0, 0x7f, 0xfe, 0x0, 0x0, 0x0,
    0x3, 0xff, 0xff, 0xff, 0xff, 0xff, 0x1f, 0xff,
    0xff, 0xff, 0xff, 0xf8, 0xff, 0xff, 0xff, 0xff,
    0xff, 0xc7, 0xff, 0xff, 0xff, 0xff, 0xfe, 0x3f,
    0xff, 0xff, 0xff, 0xff, 0xf1, 0xff, 0xff, 0xff,
    0xff, 0xff, 0x8f, 0xff, 0xff, 0xff, 0xff, 0xfc,
    0x7f, 0xff, 0xff, 0xff, 0xff, 0xe3, 0xff, 0xff,
    0xff, 0xff, 0xff, 0x1f, 0xff, 0xff, 0xff, 0xff,
    0xf8, 0xff, 0xfc, 0x0, 0x0, 0x0, 0x7, 0xff,
    0xe0, 0x0, 0x0, 0x0, 0x3f, 0xff, 0x0, 0x0,
    0x0, 0x1, 0xff, 0xf8, 0x0, 0x0, 0x0, 0xf,
    0xff, 0xc0, 0x0, 0x0, 0x0, 0x7f, 0xfe, 0x0,
    0x0, 0x0, 0x3, 0xff, 0xf0, 0x0, 0x0, 0x0,
    0x1f, 0xff, 0x80, 0x0, 0x0, 0x0, 0xff, 0xfc,
    0x0, 0x0, 0x0, 0x7, 0xff, 0xe0, 0x0, 0x0,
    0x0, 0x3f, 0xff, 0x0, 0x0, 0x0, 0x1, 0xff,
    0xf8, 0x0, 0x0, 0x0, 0xf, 0xff, 0xc0, 0x0,
    0x0, 0x0, 0x7f, 0xfe, 0x0, 0x0, 0x0, 0x3,
    0xff, 0xf0, 0x0, 0x0, 0x0, 0x1f, 0xff, 0x80,
    0x0, 0x0, 0x0, 0xff, 0xfc, 0x0, 0x0, 0x0,
    0x7, 0xff, 0xe0, 0x0, 0x0, 0x0, 0x3f, 0xff,
    0x0, 0x0, 0x0, 0x1, 0xff, 0xf8, 0x0, 0x0,
    0x0, 0xf, 0xff, 0xc0, 0x0, 0x0, 0x0, 0x7f,
    0xfe, 0x0, 0x0, 0x0, 0x3, 0xff, 0xf0, 0x0,
    0x0, 0x0, 0x1f, 0xff, 0x80, 0x0, 0x0, 0x0,
    0xff, 0xfc, 0x0, 0x0, 0x0, 0x7, 0xff, 0xe0,
    0x0, 0x0, 0x0, 0x3f, 0xff, 0x0, 0x0, 0x0,
    0x1, 0xff, 0xf8, 0x0, 0x0, 0x0, 0xf, 0xff,
    0xc0, 0x0, 0x0, 0x0, 0x0,

    /* U+0047 "G" */
    0x0, 0x0, 0x1, 0xff, 0xf0, 0x0, 0x0, 0x0,
    0x0, 0x1f, 0xff, 0xff, 0x0, 0x0, 0x0, 0x0,
    0xff, 0xff, 0xff, 0xe0, 0x0, 0x0, 0x3, 0xff,
    0xff, 0xff, 0xf8, 0x0, 0x0, 0x7, 0xff, 0xff,
    0xff, 0xfc, 0x0, 0x0, 0x1f, 0xff, 0xff, 0xff,
    0xff, 0x0, 0x0, 0x3f, 0xff, 0xff, 0xff, 0xff,
    0x80, 0x0, 0x7f, 0xff, 0xff, 0xff, 0xff, 0xc0,
    0x0, 0xff, 0xff, 0xff, 0xff, 0xff, 0xe0, 0x1,
    0xff, 0xff, 0xff, 0xff, 0xff, 0xf0, 0x3, 0xff,
    0xff, 0x80, 0x7f, 0xff, 0xf0, 0x3, 0xff, 0xfe,
    0x0, 0xf, 0xff, 0xf8, 0x7, 0xff, 0xf8, 0x0,
    0x3, 0xff, 0xf8, 0xf, 0xff, 0xf0, 0x0, 0x1,
    0xff, 0xfc, 0xf, 0xff, 0xe0, 0x0, 0x0, 0xff,
    0xfc, 0x1f, 0xff, 0xc0, 0x0, 0x0, 0xff, 0xfe,
    0x1f, 0xff, 0xc0, 0x0, 0x0, 0x7f, 0xfe, 0x1f,
    0xff, 0x80, 0x0, 0x0, 0x7f, 0xfe, 0x3f, 0xff,
    0x0, 0x0, 0x0, 0x3f, 0xfe, 0x3f, 0xff, 0x0,
    0x0, 0x0, 0x3f, 0xff, 0x3f, 0xff, 0x0, 0x0,
    0x0, 0x3f, 0xff, 0x7f, 0xfe, 0x0, 0x0, 0x0,
    0x3f, 0xff, 0x7f, 0xfe, 0x0, 0x0, 0x0, 0x0,
    0x0, 0x7f, 0xfe, 0x0, 0x0, 0x0, 0x0, 0x0,
    0x7f, 0xfe, 0x0, 0x0, 0x0, 0x0, 0x0, 0xff,
    0xfe, 0x0, 0x0, 0x0, 0x0, 0x0, 0xff, 0xfc,
    0x0, 0x0, 0x0, 0x0, 0x0, 0xff, 0xfc, 0x0,
    0x0, 0x0, 0x0, 0x0, 0xff, 0xfc, 0x0, 0x0,
    0x0, 0x0, 0x0, 0xff, 0xfc, 0x0, 0x0, 0x0,
    0x0, 0x0, 0xff, 0xfc, 0x0, 0x0, 0x0, 0x0,
    0x0, 0xff, 0xfc, 0x0, 0x0, 0x0, 0x0, 0x0,
    0xff, 0xfc, 0x0, 0x0, 0x0, 0x0, 0x0, 0xff,
    0xfc, 0x0, 0x7, 0xff, 0xff, 0xff, 0xff, 0xfc,
    0x0, 0x7, 0xff, 0xff, 0xff, 0xff, 0xfc, 0x0,
    0x7, 0xff, 0xff, 0xff, 0xff, 0xfc, 0x0, 0x7,
    0xff, 0xff, 0xff, 0xff, 0xfc, 0x0, 0x7, 0xff,
    0xff, 0xff, 0xff, 0xfc, 0x0, 0x7, 0xff, 0xff,
    0xff, 0xff, 0xfc, 0x0, 0x7, 0xff, 0xff, 0xff,
    0xff, 0xfc, 0x0, 0x7, 0xff, 0xff, 0xff, 0xff,
    0xfc, 0x0, 0x7, 0xff, 0xff, 0xff, 0xff, 0xfc,
    0x0, 0x7, 0xff, 0xff, 0xff, 0xff, 0xfc, 0x0,
    0x0, 0x0, 0x3f, 0xff, 0xff, 0xfe, 0x0, 0x0,
    0x0, 0x3f, 0xff, 0x7f, 0xfe, 0x0, 0x0, 0x0,
    0x3f, 0xff, 0x7f, 0xfe, 0x0, 0x0, 0x0, 0x3f,
    0xff, 0x7f, 0xfe, 0x0, 0x0, 0x0, 0x3f, 0xff,
    0x7f, 0xfe, 0x0, 0x0, 0x0, 0x3f, 0xff, 0x3f,
    0xff, 0x0, 0x0, 0x0, 0x3f, 0xff, 0x3f, 0xff,
    0x0, 0x0, 0x0, 0x3f, 0xff, 0x3f, 0xff, 0x80,
    0x0, 0x0, 0x3f, 0xff, 0x1f, 0xff, 0x80, 0x0,
    0x0, 0x3f, 0xff, 0x1f, 0xff, 0xc0, 0x0, 0x0,
    0x3f, 0xff, 0x1f, 0xff, 0xc0, 0x0, 0x0, 0x3f,
    0xff, 0xf, 0xff, 0xe0, 0x0, 0x0, 0x3f, 0xff,
    0x7, 0xff, 0xf0, 0x0, 0x0, 0x3f, 0xff, 0x7,
    0xff, 0xfc, 0x0, 0x0, 0xff, 0xff, 0x3, 0xff,
    0xfe, 0x0, 0x1, 0xff, 0xff, 0x1, 0xff, 0xff,
    0xc0, 0xf, 0xff, 0xff, 0x1, 0xff, 0xff, 0xff,
    0xff, 0xff, 0xff, 0x0, 0xff, 0xff, 0xff, 0xff,
    0xff, 0xff, 0x0, 0x7f, 0xff, 0xff, 0xff, 0xff,
    0xfe, 0x0, 0x3f, 0xff, 0xff, 0xff, 0xff, 0xf8,
    0x0, 0xf, 0xff, 0xff, 0xff, 0xff, 0xf0, 0x0,
    0x7, 0xff, 0xff, 0xff, 0xff, 0xc0, 0x0, 0x1,
    0xff, 0xff, 0xff, 0xff, 0x0, 0x0, 0x0, 0x7f,
    0xff, 0xff, 0xfc, 0x0, 0x0, 0x0, 0x1f, 0xff,
    0xff, 0xe0, 0x0, 0x0, 0x0, 0x0, 0xff, 0xf8,
    0x0, 0x0,

    /* U+0048 "H" */
    0xff, 0xfc, 0x0, 0x0, 0x0, 0x3f, 0xff, 0xff,
    0xfc, 0x0, 0x0, 0x0, 0x3f, 0xff, 0xff, 0xfc,
    0x0, 0x0, 0x0, 0x3f, 0xff, 0xff, 0xfc, 0x0,
    0x0, 0x0, 0x3f, 0xff, 0xff, 0xfc, 0x0, 0x0,
    0x0, 0x3f, 0xff, 0xff, 0xfc, 0x0, 0x0, 0x0,
    0x3f, 0xff, 0xff, 0xfc, 0x0, 0x0, 0x0, 0x3f,
    0xff, 0xff, 0xfc, 0x0, 0x0, 0x0, 0x3f, 0xff,
    0xff, 0xfc, 0x0, 0x0, 0x0, 0x3f, 0xff, 0xff,
    0xfc, 0x0, 0x0, 0x0, 0x3f, 0xff, 0xff, 0xfc,
    0x0, 0x0, 0x0, 0x3f, 0xff, 0xff, 0xfc, 0x0,
    0x0, 0x0, 0x3f, 0xff, 0xff, 0xfc, 0x0, 0x0,
    0x0, 0x3f, 0xff, 0xff, 0xfc, 0x0, 0x0, 0x0,
    0x3f, 0xff, 0xff, 0xfc, 0x0, 0x0, 0x0, 0x3f,
    0xff, 0xff, 0xfc, 0x0, 0x0, 0x0, 0x3f, 0xff,
    0xff, 0xfc, 0x0, 0x0, 0x0, 0x3f, 0xff, 0xff,
    0xfc, 0x0, 0x0, 0x0, 0x3f, 0xff, 0xff, 0xfc,
    0x0, 0x0, 0x0, 0x3f, 0xff, 0xff, 0xfc, 0x0,
    0x0, 0x0, 0x3f, 0xff, 0xff, 0xfc, 0x0, 0x0,
    0x0, 0x3f, 0xff, 0xff, 0xfc, 0x0, 0x0, 0x0,
    0x3f, 0xff, 0xff, 0xfc, 0x0, 0x0, 0x0, 0x3f,
    0xff, 0xff, 0xfc, 0x0, 0x0, 0x0, 0x3f, 0xff,
    0xff, 0xfc, 0x0, 0x0, 0x0, 0x3f, 0xff, 0xff,
    0xfc, 0x0, 0x0, 0x0, 0x3f, 0xff, 0xff, 0xfc,
    0x0, 0x0, 0x0, 0x3f, 0xff, 0xff, 0xfc, 0x0,
    0x0, 0x0, 0x3f, 0xff, 0xff, 0xfc, 0x0, 0x0,
    0x0, 0x3f, 0xff, 0xff, 0xff, 0xff, 0xff, 0xff,
    0xff, 0xff, 0xff, 0xff, 0xff, 0xff, 0xff, 0xff,
    0xff, 0xff, 0xff, 0xff, 0xff, 0xff, 0xff, 0xff,
    0xff, 0xff, 0xff, 0xff, 0xff, 0xff, 0xff, 0xff,
    0xff, 0xff, 0xff, 0xff, 0xff, 0xff, 0xff, 0xff,
    0xff, 0xff, 0xff, 0xff, 0xff, 0xff, 0xff, 0xff,
    0xff, 0xff, 0xff, 0xff, 0xff, 0xff, 0xff, 0xff,
    0xff, 0xff, 0xff, 0xff, 0xff, 0xff, 0xff, 0xff,
    0xff, 0xff, 0xff, 0xff, 0xff, 0xff, 0xff, 0xff,
    0xff, 0xff, 0xfc, 0x0, 0x0, 0x0, 0x3f, 0xff,
    0xff, 0xfc, 0x0, 0x0, 0x0, 0x3f, 0xff, 0xff,
    0xfc, 0x0, 0x0, 0x0, 0x3f, 0xff, 0xff, 0xfc,
    0x0, 0x0, 0x0, 0x3f, 0xff, 0xff, 0xfc, 0x0,
    0x0, 0x0, 0x3f, 0xff, 0xff, 0xfc, 0x0, 0x0,
    0x0, 0x3f, 0xff, 0xff, 0xfc, 0x0, 0x0, 0x0,
    0x3f, 0xff, 0xff, 0xfc, 0x0, 0x0, 0x0, 0x3f,
    0xff, 0xff, 0xfc, 0x0, 0x0, 0x0, 0x3f, 0xff,
    0xff, 0xfc, 0x0, 0x0, 0x0, 0x3f, 0xff, 0xff,
    0xfc, 0x0, 0x0, 0x0, 0x3f, 0xff, 0xff, 0xfc,
    0x0, 0x0, 0x0, 0x3f, 0xff, 0xff, 0xfc, 0x0,
    0x0, 0x0, 0x3f, 0xff, 0xff, 0xfc, 0x0, 0x0,
    0x0, 0x3f, 0xff, 0xff, 0xfc, 0x0, 0x0, 0x0,
    0x3f, 0xff, 0xff, 0xfc, 0x0, 0x0, 0x0, 0x3f,
    0xff, 0xff, 0xfc, 0x0, 0x0, 0x0, 0x3f, 0xff,
    0xff, 0xfc, 0x0, 0x0, 0x0, 0x3f, 0xff, 0xff,
    0xfc, 0x0, 0x0, 0x0, 0x3f, 0xff, 0xff, 0xfc,
    0x0, 0x0, 0x0, 0x3f, 0xff, 0xff, 0xfc, 0x0,
    0x0, 0x0, 0x3f, 0xff, 0xff, 0xfc, 0x0, 0x0,
    0x0, 0x3f, 0xff, 0xff, 0xfc, 0x0, 0x0, 0x0,
    0x3f, 0xff, 0xff, 0xfc, 0x0, 0x0, 0x0, 0x3f,
    0xff, 0xff, 0xfc, 0x0, 0x0, 0x0, 0x3f, 0xff,
    0xff, 0xfc, 0x0, 0x0, 0x0, 0x3f, 0xff, 0xff,
    0xfc, 0x0, 0x0, 0x0, 0x3f, 0xff, 0xff, 0xfc,
    0x0, 0x0, 0x0, 0x3f, 0xff, 0xff, 0xfc, 0x0,
    0x0, 0x0, 0x3f, 0xff, 0xff, 0xfc, 0x0, 0x0,
    0x0, 0x3f, 0xff,

    /* U+0049 "I" */
    0xff, 0xff, 0xff, 0xff, 0xff, 0xff, 0xff, 0xff,
    0xff, 0xff, 0xff, 0xff, 0xff, 0xff, 0xff, 0xff,
    0xff, 0xff, 0xff, 0xff, 0xff, 0xff, 0xff, 0xff,
    0xff, 0xff, 0xff, 0xff, 0xff, 0xff, 0xff, 0xff,
    0xff, 0xff, 0xff, 0xff, 0xff, 0xff, 0xff, 0xff,
    0xff, 0xff, 0xff, 0xff, 0xff, 0xff, 0xff, 0xff,
    0xff, 0xff, 0xff, 0xff, 0xff, 0xff, 0xff, 0xff,
    0xff, 0xff, 0xff, 0xff, 0xff, 0xff, 0xff, 0xff,
    0xff, 0xff, 0xff, 0xff, 0xff, 0xff, 0xff, 0xff,
    0xff, 0xff, 0xff, 0xff, 0xff, 0xff, 0xff, 0xff,
    0xff, 0xff, 0xff, 0xff, 0xff, 0xff, 0xff, 0xff,
    0xff, 0xff, 0xff, 0xff, 0xff, 0xff, 0xff, 0xff,
    0xff, 0xff, 0xff, 0xff, 0xff, 0xff, 0xff, 0xff,
    0xff, 0xff, 0xff, 0xff, 0xff, 0xff, 0xff, 0xff,
    0xff, 0xff, 0xff, 0xff, 0xff, 0xff, 0xff,

    /* U+004A "J" */
    0x0, 0x0, 0x0, 0x0, 0xff, 0xfc, 0x0, 0x0,
    0x0, 0x3, 0xff, 0xf0, 0x0, 0x0, 0x0, 0xf,
    0xff, 0xc0, 0x0, 0x0, 0x0, 0x3f, 0xff, 0x0,
    0x0, 0x0, 0x0, 0xff, 0xfc, 0x0, 0x0, 0x0,
    0x3, 0xff, 0xf0, 0x0, 0x0, 0x0, 0xf, 0xff,
    0xc0, 0x0, 0x0, 0x0, 0x3f, 0xff, 0x0, 0x0,
    0x0, 0x0, 0xff, 0xfc, 0x0, 0x0, 0x0, 0x3,
    0xff, 0xf0, 0x0, 0x0, 0x0, 0xf, 0xff, 0xc0,
    0x0, 0x0, 0x0, 0x3f, 0xff, 0x0, 0x0, 0x0,
    0x0, 0xff, 0xfc, 0x0, 0x0, 0x0, 0x3, 0xff,
    0xf0, 0x0, 0x0, 0x0, 0xf, 0xff, 0xc0, 0x0,
    0x0, 0x0, 0x3f, 0xff, 0x0, 0x0, 0x0, 0x0,
    0xff, 0xfc, 0x0, 0x0, 0x0, 0x3, 0xff, 0xf0,
    0x0, 0x0, 0x0, 0xf, 0xff, 0xc0, 0x0, 0x0,
    0x0, 0x3f, 0xff, 0x0, 0x0, 0x0, 0x0, 0xff,
    0xfc, 0x0, 0x0, 0x0, 0x3, 0xff, 0xf0, 0x0,
    0x0, 0x0, 0xf, 0xff, 0xc0, 0x0, 0x0, 0x0,
    0x3f, 0xff, 0x0, 0x0, 0x0, 0x0, 0xff, 0xfc,
    0x0, 0x0, 0x0, 0x3, 0xff, 0xf0, 0x0, 0x0,
    0x0, 0xf, 0xff, 0xc0, 0x0, 0x0, 0x0, 0x3f,
    0xff, 0x0, 0x0, 0x0, 0x0, 0xff, 0xfc, 0x0,
    0x0, 0x0, 0x3, 0xff, 0xf0, 0x0, 0x0, 0x0,
    0xf, 0xff, 0xc0, 0x0, 0x0, 0x0, 0x3f, 0xff,
    0x0, 0x0, 0x0, 0x0, 0xff, 0xfc, 0x0, 0x0,
    0x0, 0x3, 0xff, 0xf0, 0x0, 0x0, 0x0, 0xf,
    0xff, 0xc0, 0x0, 0x0, 0x0, 0x3f, 0xff, 0x0,
    0x0, 0x0, 0x0, 0xff, 0xfc, 0x0, 0x0, 0x0,
    0x3, 0xff, 0xf0, 0x0, 0x0, 0x0, 0xf, 0xff,
    0xc0, 0x0, 0x0, 0x0, 0x3f, 0xff, 0x0, 0x0,
    0x0, 0x0, 0xff, 0xfc, 0x0, 0x0, 0x0, 0x3,
    0xff, 0xf0, 0x0, 0x0, 0x0, 0xf, 0xff, 0xc0,
    0x0, 0x0, 0x0, 0x3f, 0xff, 0x0, 0x0, 0x0,
    0x0, 0xff, 0xfc, 0x0, 0x0, 0x0, 0x3, 0xff,
    0xf0, 0x0, 0x0, 0x0, 0xf, 0xff, 0xc0, 0x0,
    0x0, 0x0, 0x3f, 0xff, 0x0, 0x0, 0x0, 0x0,
    0xff, 0xff, 0xff, 0xf0, 0x0, 0x3, 0xff, 0xff,
    0xff, 0xc0, 0x0, 0xf, 0xff, 0xff, 0xff, 0x0,
    0x0, 0x3f, 0xff, 0xff, 0xfc, 0x0, 0x0, 0xff,
    0xff, 0xff, 0xf0, 0x0, 0x7, 0xff, 0xef, 0xff,
    0xe0, 0x0, 0x1f, 0xff, 0x9f, 0xff, 0x80, 0x0,
    0x7f, 0xfe, 0x7f, 0xff, 0x0, 0x3, 0xff, 0xf9,
    0xff, 0xfc, 0x0, 0x1f, 0xff, 0xc3, 0xff, 0xf8,
    0x0, 0xff, 0xff, 0xf, 0xff, 0xfc, 0xf, 0xff,
    0xf8, 0x1f, 0xff, 0xff, 0xff, 0xff, 0xe0, 0x7f,
    0xff, 0xff, 0xff, 0xff, 0x0, 0xff, 0xff, 0xff,
    0xff, 0xf8, 0x1, 0xff, 0xff, 0xff, 0xff, 0xc0,
    0x3, 0xff, 0xff, 0xff, 0xfe, 0x0, 0x7, 0xff,
    0xff, 0xff, 0xf0, 0x0, 0x7, 0xff, 0xff, 0xff,
    0x0, 0x0, 0x7, 0xff, 0xff, 0xf8, 0x0, 0x0,
    0x7, 0xff, 0xff, 0x0, 0x0, 0x0, 0x1, 0xff,
    0xc0, 0x0, 0x0,

    /* U+004B "K" */
    0xff, 0xfc, 0x0, 0x0, 0x7, 0xff, 0xfc, 0xff,
    0xfc, 0x0, 0x0, 0xf, 0xff, 0xfc, 0xff, 0xfc,
    0x0, 0x0, 0xf, 0xff, 0xf8, 0xff, 0xfc, 0x0,
    0x0, 0x1f, 0xff, 0xf0, 0xff, 0xfc, 0x0, 0x0,
    0x3f, 0xff, 0xe0, 0xff, 0xfc, 0x0, 0x0, 0x7f,
    0xff, 0xc0, 0xff, 0xfc, 0x0, 0x0, 0x7f, 0xff,
    0xc0, 0xff, 0xfc, 0x0, 0x0, 0xff, 0xff, 0x80,
    0xff, 0xfc, 0x0, 0x1, 0xff, 0xff, 0x0, 0xff,
    0xfc, 0x0, 0x3, 0xff, 0xfe, 0x0, 0xff, 0xfc,
    0x0, 0x3, 0xff, 0xfc, 0x0, 0xff, 0xfc, 0x0,
    0x7, 0xff, 0xfc, 0x0, 0xff, 0xfc, 0x0, 0xf,
    0xff, 0xf8, 0x0, 0xff, 0xfc, 0x0, 0x1f, 0xff,
    0xf0, 0x0, 0xff, 0xfc, 0x0, 0x3f, 0xff, 0xe0,
    0x0, 0xff, 0xfc, 0x0, 0x3f, 0xff, 0xc0, 0x0,
    0xff, 0xfc, 0x0, 0x7f, 0xff, 0xc0, 0x0, 0xff,
    0xfc, 0x0, 0xff, 0xff, 0x80, 0x0, 0xff, 0xfc,
    0x1, 0xff, 0xff, 0x0, 0x0, 0xff, 0xfc, 0x1,
    0xff, 0xfe, 0x0, 0x0, 0xff, 0xfc, 0x3, 0xff,
    0xfc, 0x0, 0x0, 0xff, 0xfc, 0x7, 0xff, 0xfc,
    0x0, 0x0, 0xff, 0xfc, 0xf, 0xff, 0xf8, 0x0,
    0x0, 0xff, 0xfc, 0xf, 0xff, 0xf0, 0x0, 0x0,
    0xff, 0xfc, 0x1f, 0xff, 0xe0, 0x0, 0x0, 0xff,
    0xfc, 0x3f, 0xff, 0xc0, 0x0, 0x0, 0xff, 0xfc,
    0x7f, 0xff, 0xc0, 0x0, 0x0, 0xff, 0xfc, 0x7f,
    0xff, 0x80, 0x0, 0x0, 0xff, 0xfc, 0xff, 0xff,
    0x0, 0x0, 0x0, 0xff, 0xfd, 0xff, 0xfe, 0x0,
    0x0, 0x0, 0xff, 0xff, 0xff, 0xfe, 0x0, 0x0,
    0x0, 0xff, 0xff, 0xff, 0xff, 0x0, 0x0, 0x0,
    0xff, 0xff, 0xff, 0xff, 0x0, 0x0, 0x0, 0xff,
    0xff, 0xff, 0xff, 0x80, 0x0, 0x0, 0xff, 0xff,
    0xff, 0xff, 0xc0, 0x0, 0x0, 0xff, 0xff, 0xff,
    0xff, 0xc0, 0x0, 0x0, 0xff, 0xff, 0xff, 0xff,
    0xe0, 0x0, 0x0, 0xff, 0xff, 0xff, 0xff, 0xf0,
    0x0, 0x0, 0xff, 0xff, 0xff, 0xff, 0xf0, 0x0,
    0x0, 0xff, 0xff, 0xff, 0xff, 0xf8, 0x0, 0x0,
    0xff, 0xff, 0xff, 0xff, 0xf8, 0x0, 0x0, 0xff,
    0xff, 0xf3, 0xff, 0xfc, 0x0, 0x0, 0xff, 0xff,
    0xf1, 0xff, 0xfe, 0x0, 0x0, 0xff, 0xff, 0xe1,
    0xff, 0xfe, 0x0, 0x0, 0xff, 0xff, 0xc0, 0xff,
    0xff, 0x0, 0x0, 0xff, 0xff, 0x80, 0x7f, 0xff,
    0x80, 0x0, 0xff, 0xff, 0x0, 0x7f, 0xff, 0x80,
    0x0, 0xff, 0xfe, 0x0, 0x3f, 0xff, 0xc0, 0x0,
    0xff, 0xfc, 0x0, 0x3f, 0xff, 0xe0, 0x0, 0xff,
    0xfc, 0x0, 0x1f, 0xff, 0xe0, 0x0, 0xff, 0xfc,
    0x0, 0xf, 0xff, 0xf0, 0x0, 0xff, 0xfc, 0x0,
    0xf, 0xff, 0xf8, 0x0, 0xff, 0xfc, 0x0, 0x7,
    0xff, 0xf8, 0x0, 0xff, 0xfc, 0x0, 0x3, 0xff,
    0xfc, 0x0, 0xff, 0xfc, 0x0, 0x3, 0xff, 0xfe,
    0x0, 0xff, 0xfc, 0x0, 0x1, 0xff, 0xfe, 0x0,
    0xff, 0xfc, 0x0, 0x0, 0xff, 0xff, 0x0, 0xff,
    0xfc, 0x0, 0x0, 0xff, 0xff, 0x80, 0xff, 0xfc,
    0x0, 0x0, 0x7f, 0xff, 0x80, 0xff, 0xfc, 0x0,
    0x0, 0x7f, 0xff, 0xc0, 0xff, 0xfc, 0x0, 0x0,
    0x3f, 0xff, 0xe0, 0xff, 0xfc, 0x0, 0x0, 0x1f,
    0xff, 0xe0, 0xff, 0xfc, 0x0, 0x0, 0x1f, 0xff,
    0xf0, 0xff, 0xfc, 0x0, 0x0, 0xf, 0xff, 0xf8,
    0xff, 0xfc, 0x0, 0x0, 0x7, 0xff, 0xf8, 0xff,
    0xfc, 0x0, 0x0, 0x7, 0xff, 0xfc, 0xff, 0xfc,
    0x0, 0x0, 0x3, 0xff, 0xfe, 0xff, 0xfc, 0x0,
    0x0, 0x1, 0xff, 0xfe,

    /* U+004C "L" */
    0xff, 0xfc, 0x0, 0x0, 0x0, 0xf, 0xff, 0xc0,
    0x0, 0x0, 0x0, 0xff, 0xfc, 0x0, 0x0, 0x0,
    0xf, 0xff, 0xc0, 0x0, 0x0, 0x0, 0xff, 0xfc,
    0x0, 0x0, 0x0, 0xf, 0xff, 0xc0, 0x0, 0x0,
    0x0, 0xff, 0xfc, 0x0, 0x0, 0x0, 0xf, 0xff,
    0xc0, 0x0, 0x0, 0x0, 0xff, 0xfc, 0x0, 0x0,
    0x0, 0xf, 0xff, 0xc0, 0x0, 0x0, 0x0, 0xff,
    0xfc, 0x0, 0x0, 0x0, 0xf, 0xff, 0xc0, 0x0,
    0x0, 0x0, 0xff, 0xfc, 0x0, 0x0, 0x0, 0xf,
    0xff, 0xc0, 0x0, 0x0, 0x0, 0xff, 0xfc, 0x0,
    0x0, 0x0, 0xf, 0xff, 0xc0, 0x0, 0x0, 0x0,
    0xff, 0xfc, 0x0, 0x0, 0x0, 0xf, 0xff, 0xc0,
    0x0, 0x0, 0x0, 0xff, 0xfc, 0x0, 0x0, 0x0,
    0xf, 0xff, 0xc0, 0x0, 0x0, 0x0, 0xff, 0xfc,
    0x0, 0x0, 0x0, 0xf, 0xff, 0xc0, 0x0, 0x0,
    0x0, 0xff, 0xfc, 0x0, 0x0, 0x0, 0xf, 0xff,
    0xc0, 0x0, 0x0, 0x0, 0xff, 0xfc, 0x0, 0x0,
    0x0, 0xf, 0xff, 0xc0, 0x0, 0x0, 0x0, 0xff,
    0xfc, 0x0, 0x0, 0x0, 0xf, 0xff, 0xc0, 0x0,
    0x0, 0x0, 0xff, 0xfc, 0x0, 0x0, 0x0, 0xf,
    0xff, 0xc0, 0x0, 0x0, 0x0, 0xff, 0xfc, 0x0,
    0x0, 0x0, 0xf, 0xff, 0xc0, 0x0, 0x0, 0x0,
    0xff, 0xfc, 0x0, 0x0, 0x0, 0xf, 0xff, 0xc0,
    0x0, 0x0, 0x0, 0xff, 0xfc, 0x0, 0x0, 0x0,
    0xf, 0xff, 0xc0, 0x0, 0x0, 0x0, 0xff, 0xfc,
    0x0, 0x0, 0x0, 0xf, 0xff, 0xc0, 0x0, 0x0,
    0x0, 0xff, 0xfc, 0x0, 0x0, 0x0, 0xf, 0xff,
    0xc0, 0x0, 0x0, 0x0, 0xff, 0xfc, 0x0, 0x0,
    0x0, 0xf, 0xff, 0xc0, 0x0, 0x0, 0x0, 0xff,
    0xfc, 0x0, 0x0, 0x0, 0xf, 0xff, 0xc0, 0x0,
    0x0, 0x0, 0xff, 0xfc, 0x0, 0x0, 0x0, 0xf,
    0xff, 0xc0, 0x0, 0x0, 0x0, 0xff, 0xfc, 0x0,
    0x0, 0x0, 0xf, 0xff, 0xc0, 0x0, 0x0, 0x0,
    0xff, 0xfc, 0x0, 0x0, 0x0, 0xf, 0xff, 0xc0,
    0x0, 0x0, 0x0, 0xff, 0xfc, 0x0, 0x0, 0x0,
    0xf, 0xff, 0xc0, 0x0, 0x0, 0x0, 0xff, 0xfc,
    0x0, 0x0, 0x0, 0xf, 0xff, 0xc0, 0x0, 0x0,
    0x0, 0xff, 0xfc, 0x0, 0x0, 0x0, 0xf, 0xff,
    0xc0, 0x0, 0x0, 0x0, 0xff, 0xfc, 0x0, 0x0,
    0x0, 0xf, 0xff, 0xc0, 0x0, 0x0, 0x0, 0xff,
    0xfc, 0x0, 0x0, 0x0, 0xf, 0xff, 0xff, 0xff,
    0xff, 0xff, 0xff, 0xff, 0xff, 0xff, 0xff, 0xff,
    0xff, 0xff, 0xff, 0xff, 0xff, 0xff, 0xff, 0xff,
    0xff, 0xff, 0xff, 0xff, 0xff, 0xff, 0xff, 0xff,
    0xff, 0xff, 0xff, 0xff, 0xff, 0xff, 0xff, 0xff,
    0xff, 0xff, 0xff, 0xff, 0xff, 0xff, 0xff, 0xff,
    0xff, 0xff, 0xff, 0xff, 0xff, 0xff, 0xff, 0xff,
    0xff, 0xff, 0xff, 0xf0,

    /* U+004D "M" */
    0xff, 0xff, 0xe0, 0x0, 0x0, 0x0, 0x7, 0xff,
    0xff, 0xff, 0xff, 0xe0, 0x0, 0x0, 0x0, 0x7,
    0xff, 0xff, 0xff, 0xff, 0xe0, 0x0, 0x0, 0x0,
    0x7, 0xff, 0xff, 0xff, 0xff, 0xf0, 0x0, 0x0,
    0x0, 0xf, 0xff, 0xff, 0xff, 0xff, 0xf0, 0x0,
    0x0, 0x0, 0xf, 0xff, 0xff, 0xff, 0xff, 0xf0,
    0x0, 0x0, 0x0, 0xf, 0xff, 0xff, 0xff, 0xff,
    0xf8, 0x0, 0x0, 0x0, 0x1f, 0xff, 0xff, 0xff,
    0xff, 0xf8, 0x0, 0x0, 0x0, 0x1f, 0xff, 0xff,
    0xff, 0xff, 0xf8, 0x0, 0x0, 0x0, 0x1f, 0xff,
    0xff, 0xff, 0xff, 0xfc, 0x0, 0x0, 0x0, 0x3f,
    0xff, 0xff, 0xff, 0xff, 0xfc, 0x0, 0x0, 0x0,
    0x3f, 0xff, 0xff, 0xff, 0xff, 0xfc, 0x0, 0x0,
    0x0, 0x3f, 0xff, 0xff, 0xff, 0xff, 0xfe, 0x0,
    0x0, 0x0, 0x7f, 0xff, 0xff, 0xff, 0xff, 0xfe,
    0x0, 0x0, 0x0, 0x7f, 0xff, 0xff, 0xff, 0xff,
    0xff, 0x0, 0x0, 0x0, 0xff, 0xff, 0xff, 0xff,
    0xff, 0xff, 0x0, 0x0, 0x0, 0xff, 0xff, 0xff,
    0xff, 0xff, 0xff, 0x0, 0x0, 0x0, 0xff, 0xff,
    0xff, 0xff, 0xff, 0xff, 0x80, 0x0, 0x1, 0xff,
    0xff, 0xff, 0xff, 0xff, 0xff, 0x80, 0x0, 0x1,
    0xff, 0xff, 0xff, 0xff, 0xfb, 0xff, 0x80, 0x0,
    0x1, 0xff, 0xdf, 0xff, 0xff, 0xfb, 0xff, 0xc0,
    0x0, 0x3, 0xff, 0xdf, 0xff, 0xff, 0xfb, 0xff,
    0xc0, 0x0, 0x3, 0xff, 0xdf, 0xff, 0xff, 0xf9,
    0xff, 0xc0, 0x0, 0x3, 0xff, 0x9f, 0xff, 0xff,
    0xf9, 0xff, 0xe0, 0x0, 0x7, 0xff, 0x9f, 0xff,
    0xff, 0xf9, 0xff, 0xe0, 0x0, 0x7, 0xff, 0x9f,
    0xff, 0xff, 0xf8, 0xff, 0xe0, 0x0, 0x7, 0xff,
    0x1f, 0xff, 0xff, 0xf8, 0xff, 0xf0, 0x0, 0xf,
    0xff, 0x1f, 0xff, 0xff, 0xf8, 0xff, 0xf0, 0x0,
    0xf, 0xff, 0x1f, 0xff, 0xff, 0xf8, 0x7f, 0xf0,
    0x0, 0xf, 0xfe, 0x1f, 0xff, 0xff, 0xf8, 0x7f,
    0xf8, 0x0, 0x1f, 0xfe, 0x1f, 0xff, 0xff, 0xf8,
    0x3f, 0xf8, 0x0, 0x1f, 0xfc, 0x1f, 0xff, 0xff,
    0xf8, 0x3f, 0xf8, 0x0, 0x3f, 0xfc, 0x1f, 0xff,
    0xff, 0xf8, 0x3f, 0xfc, 0x0, 0x3f, 0xfc, 0x1f,
    0xff, 0xff, 0xf8, 0x1f, 0xfc, 0x0, 0x3f, 0xf8,
    0x1f, 0xff, 0xff, 0xf8, 0x1f, 0xfe, 0x0, 0x7f,
    0xf8, 0x3f, 0xff, 0xff, 0xf8, 0x1f, 0xfe, 0x0,
    0x7f, 0xf8, 0x3f, 0xff, 0xff, 0xfc, 0xf, 0xfe,
    0x0, 0x7f, 0xf0, 0x3f, 0xff, 0xff, 0xfc, 0xf,
    0xff, 0x0, 0xff, 0xf0, 0x3f, 0xff, 0xff, 0xfc,
    0xf, 0xff, 0x0, 0xff, 0xf0, 0x3f, 0xff, 0xff,
    0xfc, 0x7, 0xff, 0x0, 0xff, 0xe0, 0x3f, 0xff,
    0xff, 0xfc, 0x7, 0xff, 0x81, 0xff, 0xe0, 0x3f,
    0xff, 0xff, 0xfc, 0x3, 0xff, 0x81, 0xff, 0xc0,
    0x3f, 0xff, 0xff, 0xfc, 0x3, 0xff, 0x81, 0xff,
    0xc0, 0x3f, 0xff, 0xff, 0xfc, 0x3, 0xff, 0xc3,
    0xff, 0xc0, 0x3f, 0xff, 0xff, 0xfc, 0x1, 0xff,
    0xc3, 0xff, 0x80, 0x3f, 0xff, 0xff, 0xfc, 0x1,
    0xff, 0xc3, 0xff, 0x80, 0x3f, 0xff, 0xff, 0xfc,
    0x1, 0xff, 0xe7, 0xff, 0x80, 0x3f, 0xff, 0xff,
    0xfc, 0x0, 0xff, 0xe7, 0xff, 0x0, 0x3f, 0xff,
    0xff, 0xfc, 0x0, 0xff, 0xef, 0xff, 0x0, 0x3f,
    0xff, 0xff, 0xfc, 0x0, 0xff, 0xff, 0xff, 0x0,
    0x3f, 0xff, 0xff, 0xfc, 0x0, 0x7f, 0xff, 0xfe,
    0x0, 0x3f, 0xff, 0xff, 0xfc, 0x0, 0x7f, 0xff,
    0xfe, 0x0, 0x3f, 0xff, 0xff, 0xfc, 0x0, 0x3f,
    0xff, 0xfc, 0x0, 0x3f, 0xff, 0xff, 0xfc, 0x0,
    0x3f, 0xff, 0xfc, 0x0, 0x3f, 0xff, 0xff, 0xfc,
    0x0, 0x3f, 0xff, 0xfc, 0x0, 0x3f, 0xff, 0xff,
    0xfc, 0x0, 0x1f, 0xff, 0xf8, 0x0, 0x3f, 0xff,
    0xff, 0xfc, 0x0, 0x1f, 0xff, 0xf8, 0x0, 0x3f,
    0xff, 0xff, 0xfc, 0x0, 0x1f, 0xff, 0xf8, 0x0,
    0x3f, 0xff, 0xff, 0xfc, 0x0, 0xf, 0xff, 0xf0,
    0x0, 0x3f, 0xff, 0xff, 0xfc, 0x0, 0xf, 0xff,
    0xf0, 0x0, 0x3f, 0xff, 0xff, 0xfc, 0x0, 0xf,
    0xff, 0xf0, 0x0, 0x3f, 0xff, 0xff, 0xfc, 0x0,
    0x7, 0xff, 0xe0, 0x0, 0x3f, 0xff, 0xff, 0xfc,
    0x0, 0x7, 0xff, 0xe0, 0x0, 0x3f, 0xff, 0xff,
    0xfc, 0x0, 0x3, 0xff, 0xc0, 0x0, 0x3f, 0xff,
    0xff, 0xfc, 0x0, 0x3, 0xff, 0xc0, 0x0, 0x3f,
    0xff, 0xff, 0xfc, 0x0, 0x3, 0xff, 0xc0, 0x0,
    0x3f, 0xff, 0xff, 0xfc, 0x0, 0x1, 0xff, 0x80,
    0x0, 0x3f, 0xff, 0xff, 0xfc, 0x0, 0x1, 0xff,
    0x80, 0x0, 0x3f, 0xff,

    /* U+004E "N" */
    0xff, 0xfc, 0x0, 0x0, 0x0, 0x3f, 0xff, 0xff,
    0xfe, 0x0, 0x0, 0x0, 0x3f, 0xff, 0xff, 0xff,
    0x0, 0x0, 0x0, 0x3f, 0xff, 0xff, 0xff, 0x0,
    0x0, 0x0, 0x3f, 0xff, 0xff, 0xff, 0x80, 0x0,
    0x0, 0x3f, 0xff, 0xff, 0xff, 0x80, 0x0, 0x0,
    0x3f, 0xff, 0xff, 0xff, 0xc0, 0x0, 0x0, 0x3f,
    0xff, 0xff, 0xff, 0xe0, 0x0, 0x0, 0x3f, 0xff,
    0xff, 0xff, 0xe0, 0x0, 0x0, 0x3f, 0xff, 0xff,
    0xff, 0xf0, 0x0, 0x0, 0x3f, 0xff, 0xff, 0xff,
    0xf0, 0x0, 0x0, 0x3f, 0xff, 0xff, 0xff, 0xf8,
    0x0, 0x0, 0x3f, 0xff, 0xff, 0xff, 0xfc, 0x0,
    0x0, 0x3f, 0xff, 0xff, 0xff, 0xfc, 0x0, 0x0,
    0x3f, 0xff, 0xff, 0xff, 0xfe, 0x0, 0x0, 0x3f,
    0xff, 0xff, 0xff, 0xff, 0x0, 0x0, 0x3f, 0xff,
    0xff, 0xff, 0xff, 0x0, 0x0, 0x3f, 0xff, 0xff,
    0xff, 0xff, 0x80, 0x0, 0x3f, 0xff, 0xff, 0xff,
    0xff, 0x80, 0x0, 0x3f, 0xff, 0xff, 0xff, 0xff,
    0xc0, 0x0, 0x3f, 0xff, 0xff, 0xff, 0xff, 0xe0,
    0x0, 0x3f, 0xff, 0xff, 0xff, 0xff, 0xe0, 0x0,
    0x3f, 0xff, 0xff, 0xff, 0xff, 0xf0, 0x0, 0x3f,
    0xff, 0xff, 0xfd, 0xff, 0xf0, 0x0, 0x3f, 0xff,
    0xff, 0xfd, 0xff, 0xf8, 0x0, 0x3f, 0xff, 0xff,
    0xfc, 0xff, 0xfc, 0x0, 0x3f, 0xff, 0xff, 0xfc,
    0xff, 0xfc, 0x0, 0x3f, 0xff, 0xff, 0xfc, 0x7f,
    0xfe, 0x0, 0x3f, 0xff, 0xff, 0xfc, 0x3f, 0xff,
    0x0, 0x3f, 0xff, 0xff, 0xfc, 0x3f, 0xff, 0x0,
    0x3f, 0xff, 0xff, 0xfc, 0x1f, 0xff, 0x80, 0x3f,
    0xff, 0xff, 0xfc, 0xf, 0xff, 0x80, 0x3f, 0xff,
    0xff, 0xfc, 0xf, 0xff, 0xc0, 0x3f, 0xff, 0xff,
    0xfc, 0x7, 0xff, 0xe0, 0x3f, 0xff, 0xff, 0xfc,
    0x7, 0xff, 0xe0, 0x3f, 0xff, 0xff, 0xfc, 0x3,
    0xff, 0xf0, 0x3f, 0xff, 0xff, 0xfc, 0x1, 0xff,
    0xf0, 0x3f, 0xff, 0xff, 0xfc, 0x1, 0xff, 0xf8,
    0x3f, 0xff, 0xff, 0xfc, 0x0, 0xff, 0xfc, 0x3f,
    0xff, 0xff, 0xfc, 0x0, 0xff, 0xfc, 0x3f, 0xff,
    0xff, 0xfc, 0x0, 0x7f, 0xfe, 0x3f, 0xff, 0xff,
    0xfc, 0x0, 0x3f, 0xfe, 0x3f, 0xff, 0xff, 0xfc,
    0x0, 0x3f, 0xff, 0x3f, 0xff, 0xff, 0xfc, 0x0,
    0x1f, 0xff, 0xbf, 0xff, 0xff, 0xfc, 0x0, 0xf,
    0xff, 0xbf, 0xff, 0xff, 0xfc, 0x0, 0xf, 0xff,
    0xff, 0xff, 0xff, 0xfc, 0x0, 0x7, 0xff, 0xff,
    0xff, 0xff, 0xfc, 0x0, 0x7, 0xff, 0xff, 0xff,
    0xff, 0xfc, 0x0, 0x3, 0xff, 0xff, 0xff, 0xff,
    0xfc, 0x0, 0x1, 0xff, 0xff, 0xff, 0xff, 0xfc,
    0x0, 0x1, 0xff, 0xff, 0xff, 0xff, 0xfc, 0x0,
    0x0, 0xff, 0xff, 0xff, 0xff, 0xfc, 0x0, 0x0,
    0xff, 0xff, 0xff, 0xff, 0xfc, 0x0, 0x0, 0x7f,
    0xff, 0xff, 0xff, 0xfc, 0x0, 0x0, 0x3f, 0xff,
    0xff, 0xff, 0xfc, 0x0, 0x0, 0x3f, 0xff, 0xff,
    0xff, 0xfc, 0x0, 0x0, 0x1f, 0xff, 0xff, 0xff,
    0xfc, 0x0, 0x0, 0xf, 0xff, 0xff, 0xff, 0xfc,
    0x0, 0x0, 0xf, 0xff, 0xff, 0xff, 0xfc, 0x0,
    0x0, 0x7, 0xff, 0xff, 0xff, 0xfc, 0x0, 0x0,
    0x7, 0xff, 0xff, 0xff, 0xfc, 0x0, 0x0, 0x3,
    0xff, 0xff, 0xff, 0xfc, 0x0, 0x0, 0x1, 0xff,
    0xff, 0xff, 0xfc, 0x0, 0x0, 0x1, 0xff, 0xff,
    0xff, 0xfc, 0x0, 0x0, 0x0, 0xff, 0xff, 0xff,
    0xfc, 0x0, 0x0, 0x0, 0xff, 0xff, 0xff, 0xfc,
    0x0, 0x0, 0x0, 0x7f, 0xff, 0xff, 0xfc, 0x0,
    0x0, 0x0, 0x3f, 0xff,

    /* U+004F "O" */
    0x0, 0x0, 0x1, 0xff, 0xe0, 0x0, 0x0, 0x0,
    0x0, 0x7, 0xff, 0xff, 0x80, 0x0, 0x0, 0x0,
    0x7, 0xff, 0xff, 0xf8, 0x0, 0x0, 0x0, 0x7,
    0xff, 0xff, 0xff, 0x80, 0x0, 0x0, 0x7, 0xff,
    0xff, 0xff, 0xf8, 0x0, 0x0, 0x3, 0xff, 0xff,
    0xff, 0xff, 0x0, 0x0, 0x3, 0xff, 0xff, 0xff,
    0xff, 0xf0, 0x0, 0x1, 0xff, 0xff, 0xff, 0xff,
    0xfe, 0x0, 0x0, 0xff, 0xff, 0xff, 0xff, 0xff,
    0xc0, 0x0, 0x7f, 0xff, 0xff, 0xff, 0xff, 0xf0,
    0x0, 0x1f, 0xff, 0xf8, 0x7, 0xff, 0xfe, 0x0,
    0xf, 0xff, 0xf8, 0x0, 0x7f, 0xff, 0xc0, 0x7,
    0xff, 0xf8, 0x0, 0x7, 0xff, 0xf8, 0x1, 0xff,
    0xfc, 0x0, 0x0, 0xff, 0xfe, 0x0, 0xff, 0xfe,
    0x0, 0x0, 0x1f, 0xff, 0xc0, 0x3f, 0xff, 0x0,
    0x0, 0x3, 0xff, 0xf0, 0x1f, 0xff, 0x80, 0x0,
    0x0, 0xff, 0xfe, 0x7, 0xff, 0xe0, 0x0, 0x0,
    0x1f, 0xff, 0x83, 0xff, 0xf0, 0x0, 0x0, 0x3,
    0xff, 0xf0, 0xff, 0xfc, 0x0, 0x0, 0x0, 0xff,
    0xfc, 0x3f, 0xff, 0x0, 0x0, 0x0, 0x3f, 0xff,
    0x1f, 0xff, 0x80, 0x0, 0x0, 0x7, 0xff, 0xe7,
    0xff, 0xe0, 0x0, 0x0, 0x1, 0xff, 0xf9, 0xff,
    0xf8, 0x0, 0x0, 0x0, 0x7f, 0xfe, 0x7f, 0xfe,
    0x0, 0x0, 0x0, 0x1f, 0xff, 0x9f, 0xff, 0x0,
    0x0, 0x0, 0x7, 0xff, 0xef, 0xff, 0xc0, 0x0,
    0x0, 0x0, 0xff, 0xff, 0xff, 0xf0, 0x0, 0x0,
    0x0, 0x3f, 0xff, 0xff, 0xfc, 0x0, 0x0, 0x0,
    0xf, 0xff, 0xff, 0xff, 0x0, 0x0, 0x0, 0x3,
    0xff, 0xff, 0xff, 0xc0, 0x0, 0x0, 0x0, 0xff,
    0xff, 0xff, 0xf0, 0x0, 0x0, 0x0, 0x3f, 0xff,
    0xff, 0xfc, 0x0, 0x0, 0x0, 0xf, 0xff, 0xff,
    0xff, 0x0, 0x0, 0x0, 0x3, 0xff, 0xff, 0xff,
    0xc0, 0x0, 0x0, 0x0, 0xff, 0xff, 0xff, 0xf0,
    0x0, 0x0, 0x0, 0x3f, 0xff, 0xff, 0xfc, 0x0,
    0x0, 0x0, 0xf, 0xff, 0xff, 0xff, 0x0, 0x0,
    0x0, 0x3, 0xff, 0xff, 0xff, 0xc0, 0x0, 0x0,
    0x0, 0xff, 0xff, 0xff, 0xf0, 0x0, 0x0, 0x0,
    0x3f, 0xff, 0xff, 0xfc, 0x0, 0x0, 0x0, 0xf,
    0xff, 0xff, 0xff, 0x0, 0x0, 0x0, 0x3, 0xff,
    0xff, 0xff, 0xc0, 0x0, 0x0, 0x0, 0xff, 0xfd,
    0xff, 0xf8, 0x0, 0x0, 0x0, 0x7f, 0xfe, 0x7f,
    0xfe, 0x0, 0x0, 0x0, 0x1f, 0xff, 0x9f, 0xff,
    0x80, 0x0, 0x0, 0x7, 0xff, 0xe7, 0xff, 0xe0,
    0x0, 0x0, 0x1, 0xff, 0xf9, 0xff, 0xf8, 0x0,
    0x0, 0x0, 0x7f, 0xfe, 0x3f, 0xff, 0x0, 0x0,
    0x0, 0x3f, 0xff, 0xf, 0xff, 0xc0, 0x0, 0x0,
    0xf, 0xff, 0xc3, 0xff, 0xf0, 0x0, 0x0, 0x3,
    0xff, 0xf0, 0x7f, 0xfe, 0x0, 0x0, 0x1, 0xff,
    0xf8, 0x1f, 0xff, 0xc0, 0x0, 0x0, 0xff, 0xfe,
    0x3, 0xff, 0xf0, 0x0, 0x0, 0x3f, 0xff, 0x0,
    0xff, 0xfe, 0x0, 0x0, 0x1f, 0xff, 0xc0, 0x1f,
    0xff, 0xc0, 0x0, 0xf, 0xff, 0xe0, 0x7, 0xff,
    0xf8, 0x0, 0x7, 0xff, 0xf8, 0x0, 0xff, 0xff,
    0x80, 0x7, 0xff, 0xfc, 0x0, 0x1f, 0xff, 0xf8,
    0x7, 0xff, 0xfe, 0x0, 0x7, 0xff, 0xff, 0xff,
    0xff, 0xff, 0x80, 0x0, 0xff, 0xff, 0xff, 0xff,
    0xff, 0xc0, 0x0, 0x1f, 0xff, 0xff, 0xff, 0xff,
    0xe0, 0x0, 0x3, 0xff, 0xff, 0xff, 0xff, 0xf0,
    0x0, 0x0, 0x3f, 0xff, 0xff, 0xff, 0xf0, 0x0,
    0x0, 0x7, 0xff, 0xff, 0xff, 0xf8, 0x0, 0x0,
    0x0, 0x7f, 0xff, 0xff, 0xf8, 0x0, 0x0, 0x0,
    0x7, 0xff, 0xff, 0xf8, 0x0, 0x0, 0x0, 0x0,
    0x7f, 0xff, 0xf8, 0x0, 0x0, 0x0, 0x0, 0x1,
    0xff, 0xe0, 0x0, 0x0, 0x0,

    /* U+0050 "P" */
    0xff, 0xff, 0xff, 0xff, 0x80, 0x0, 0xf, 0xff,
    0xff, 0xff, 0xff, 0x80, 0x0, 0xff, 0xff, 0xff,
    0xff, 0xfe, 0x0, 0xf, 0xff, 0xff, 0xff, 0xff,
    0xf8, 0x0, 0xff, 0xff, 0xff, 0xff, 0xff, 0xe0,
    0xf, 0xff, 0xff, 0xff, 0xff, 0xff, 0x0, 0xff,
    0xff, 0xff, 0xff, 0xff, 0xf8, 0xf, 0xff, 0xff,
    0xff, 0xff, 0xff, 0xc0, 0xff, 0xff, 0xff, 0xff,
    0xff, 0xfe, 0xf, 0xff, 0xff, 0xff, 0xff, 0xff,
    0xf0, 0xff, 0xfc, 0x0, 0x3, 0xff, 0xff, 0x8f,
    0xff, 0xc0, 0x0, 0x7, 0xff, 0xf8, 0xff, 0xfc,
    0x0, 0x0, 0x3f, 0xff, 0xcf, 0xff, 0xc0, 0x0,
    0x1, 0xff, 0xfc, 0xff, 0xfc, 0x0, 0x0, 0xf,
    0xff, 0xef, 0xff, 0xc0, 0x0, 0x0, 0xff, 0xfe,
    0xff, 0xfc, 0x0, 0x0, 0x7, 0xff, 0xef, 0xff,
    0xc0, 0x0, 0x0, 0x7f, 0xff, 0xff, 0xfc, 0x0,
    0x0, 0x3, 0xff, 0xff, 0xff, 0xc0, 0x0, 0x0,
    0x3f, 0xff, 0xff, 0xfc, 0x0, 0x0, 0x3, 0xff,
    0xff, 0xff, 0xc0, 0x0, 0x0, 0x3f, 0xff, 0xff,
    0xfc, 0x0, 0x0, 0x3, 0xff, 0xff, 0xff, 0xc0,
    0x0, 0x0, 0x3f, 0xff, 0xff, 0xfc, 0x0, 0x0,
    0x3, 0xff, 0xff, 0xff, 0xc0, 0x0, 0x0, 0x3f,
    0xff, 0xff, 0xfc, 0x0, 0x0, 0x7, 0xff, 0xff,
    0xff, 0xc0, 0x0, 0x0, 0x7f, 0xfe, 0xff, 0xfc,
    0x0, 0x0, 0x7, 0xff, 0xef, 0xff, 0xc0, 0x0,
    0x0, 0xff, 0xfe, 0xff, 0xfc, 0x0, 0x0, 0xf,
    0xff, 0xef, 0xff, 0xc0, 0x0, 0x1, 0xff, 0xfc,
    0xff, 0xfc, 0x0, 0x0, 0x7f, 0xff, 0xcf, 0xff,
    0xc0, 0x0, 0x1f, 0xff, 0xf8, 0xff, 0xff, 0xff,
    0xff, 0xff, 0xff, 0x8f, 0xff, 0xff, 0xff, 0xff,
    0xff, 0xf0, 0xff, 0xff, 0xff, 0xff, 0xff, 0xfe,
    0xf, 0xff, 0xff, 0xff, 0xff, 0xff, 0xc0, 0xff,
    0xff, 0xff, 0xff, 0xff, 0xf8, 0xf, 0xff, 0xff,
    0xff, 0xff, 0xfe, 0x0, 0xff, 0xff, 0xff, 0xff,
    0xff, 0xc0, 0xf, 0xff, 0xff, 0xff, 0xff, 0xf0,
    0x0, 0xff, 0xff, 0xff, 0xff, 0xf8, 0x0, 0xf,
    0xff, 0xff, 0xff, 0xf8, 0x0, 0x0, 0xff, 0xfc,
    0x0, 0x0, 0x0, 0x0, 0xf, 0xff, 0xc0, 0x0,
    0x0, 0x0, 0x0, 0xff, 0xfc, 0x0, 0x0, 0x0,
    0x0, 0xf, 0xff, 0xc0, 0x0, 0x0, 0x0, 0x0,
    0xff, 0xfc, 0x0, 0x0, 0x0, 0x0, 0xf, 0xff,
    0xc0, 0x0, 0x0, 0x0, 0x0, 0xff, 0xfc, 0x0,
    0x0, 0x0, 0x0, 0xf, 0xff, 0xc0, 0x0, 0x0,
    0x0, 0x0, 0xff, 0xfc, 0x0, 0x0, 0x0, 0x0,
    0xf, 0xff, 0xc0, 0x0, 0x0, 0x0, 0x0, 0xff,
    0xfc, 0x0, 0x0, 0x0, 0x0, 0xf, 0xff, 0xc0,
    0x0, 0x0, 0x0, 0x0, 0xff, 0xfc, 0x0, 0x0,
    0x0, 0x0, 0xf, 0xff, 0xc0, 0x0, 0x0, 0x0,
    0x0, 0xff, 0xfc, 0x0, 0x0, 0x0, 0x0, 0xf,
    0xff, 0xc0, 0x0, 0x0, 0x0, 0x0, 0xff, 0xfc,
    0x0, 0x0, 0x0, 0x0, 0xf, 0xff, 0xc0, 0x0,
    0x0, 0x0, 0x0, 0xff, 0xfc, 0x0, 0x0, 0x0,
    0x0, 0xf, 0xff, 0xc0, 0x0, 0x0, 0x0, 0x0,
    0xff, 0xfc, 0x0, 0x0, 0x0, 0x0, 0xf, 0xff,
    0xc0, 0x0, 0x0, 0x0, 0x0, 0xff, 0xfc, 0x0,
    0x0, 0x0, 0x0, 0xf, 0xff, 0xc0, 0x0, 0x0,
    0x0, 0x0, 0xff, 0xfc, 0x0, 0x0, 0x0, 0x0,
    0x0,

    /* U+0051 "Q" */
    0x0, 0x0, 0x1, 0xff, 0xe0, 0x0, 0x0, 0x0,
    0x0, 0x7, 0xff, 0xff, 0x80, 0x0, 0x0, 0x0,
    0x7, 0xff, 0xff, 0xf8, 0x0, 0x0, 0x0, 0x7,
    0xff, 0xff, 0xff, 0x80, 0x0, 0x0, 0x7, 0xff,
    0xff, 0xff, 0xf8, 0x0, 0x0, 0x3, 0xff, 0xff,
    0xff, 0xff, 0x0, 0x0, 0x3, 0xff, 0xff, 0xff,
    0xff, 0xf0, 0x0, 0x1, 0xff, 0xff, 0xff, 0xff,
    0xfe, 0x0, 0x0, 0xff, 0xff, 0xff, 0xff, 0xff,
    0xc0, 0x0, 0x7f, 0xff, 0xff, 0xff, 0xff, 0xf8,
    0x0, 0x1f, 0xff, 0xf8, 0x7, 0xff, 0xfe, 0x0,
    0xf, 0xff, 0xf8, 0x0, 0x7f, 0xff, 0xc0, 0x7,
    0xff, 0xf8, 0x0, 0x7, 0xff, 0xf8, 0x1, 0xff,
    0xfc, 0x0, 0x0, 0xff, 0xfe, 0x0, 0xff, 0xfe,
    0x0, 0x0, 0x1f, 0xff, 0xc0, 0x3f, 0xff, 0x0,
    0x0, 0x3, 0xff, 0xf0, 0x1f, 0xff, 0x80, 0x0,
    0x0, 0xff, 0xfe, 0x7, 0xff, 0xe0, 0x0, 0x0,
    0x1f, 0xff, 0x83, 0xff, 0xf0, 0x0, 0x0, 0x7,
    0xff, 0xf0, 0xff, 0xfc, 0x0, 0x0, 0x0, 0xff,
    0xfc, 0x3f, 0xff, 0x0, 0x0, 0x0, 0x3f, 0xff,
    0x1f, 0xff, 0x80, 0x0, 0x0, 0x7, 0xff, 0xe7,
    0xff, 0xe0, 0x0, 0x0, 0x1, 0xff, 0xf9, 0xff,
    0xf8, 0x0, 0x0, 0x0, 0x7f, 0xfe, 0x7f, 0xfe,
    0x0, 0x0, 0x0, 0x1f, 0xff, 0x9f, 0xff, 0x0,
    0x0, 0x0, 0x7, 0xff, 0xef, 0xff, 0xc0, 0x0,
    0x0, 0x0, 0xff, 0xff, 0xff, 0xf0, 0x0, 0x0,
    0x0, 0x3f, 0xff, 0xff, 0xfc, 0x0, 0x0, 0x0,
    0xf, 0xff, 0xff, 0xff, 0x0, 0x0, 0x0, 0x3,
    0xff, 0xff, 0xff, 0xc0, 0x0, 0x0, 0x0, 0xff,
    0xff, 0xff, 0xf0, 0x0, 0x0, 0x0, 0x3f, 0xff,
    0xff, 0xfc, 0x0, 0x0, 0x0, 0xf, 0xff, 0xff,
    0xff, 0x0, 0x0, 0x0, 0x3, 0xff, 0xff, 0xff,
    0xc0, 0x0, 0x0, 0x0, 0xff, 0xff, 0xff, 0xf0,
    0x0, 0x0, 0x0, 0x3f, 0xff, 0xff, 0xfc, 0x0,
    0x0, 0x0, 0xf, 0xff, 0xff, 0xff, 0x0, 0x0,
    0x0, 0x3, 0xff, 0xff, 0xff, 0xc0, 0x0, 0x0,
    0x0, 0xff, 0xff, 0xff, 0xf0, 0x0, 0x0, 0x0,
    0x3f, 0xff, 0xff, 0xfc, 0x0, 0x0, 0x0, 0xf,
    0xff, 0xff, 0xff, 0x0, 0x0, 0x0, 0x3, 0xff,
    0xff, 0xff, 0xc0, 0x0, 0x0, 0x0, 0xff, 0xfd,
    0xff, 0xf8, 0x0, 0x0, 0x0, 0x7f, 0xfe, 0x7f,
    0xfe, 0x0, 0x0, 0x0, 0x1f, 0xff, 0x9f, 0xff,
    0x80, 0x0, 0x0, 0x7, 0xff, 0xe7, 0xff, 0xe0,
    0x0, 0x0, 0x1, 0xff, 0xf9, 0xff, 0xf8, 0x0,
    0x0, 0x0, 0x7f, 0xfe, 0x3f, 0xff, 0x0, 0x0,
    0x0, 0x3f, 0xff, 0xf, 0xff, 0xc0, 0x0, 0x0,
    0xf, 0xff, 0xc3, 0xff, 0xf0, 0x0, 0x0, 0x7,
    0xff, 0xf0, 0x7f, 0xfe, 0x0, 0x0, 0x1, 0xff,
    0xf8, 0x1f, 0xff, 0xc0, 0x0, 0x0, 0xff, 0xfe,
    0x3, 0xff, 0xf0, 0x0, 0x0, 0x3f, 0xff, 0x0,
    0xff, 0xfe, 0x0, 0x0, 0x1f, 0xff, 0xc0, 0x1f,
    0xff, 0xc0, 0x0, 0xf, 0xff, 0xe0, 0x7, 0xff,
    0xf8, 0x0, 0x7, 0xff, 0xf8, 0x0, 0xff, 0xff,
    0x80, 0x7, 0xff, 0xfc, 0x0, 0x1f, 0xff, 0xf8,
    0x7, 0xff, 0xfe, 0x0, 0x7, 0xff, 0xff, 0xff,
    0xff, 0xff, 0x80, 0x0, 0xff, 0xff, 0xff, 0xff,
    0xff, 0xc0, 0x0, 0x1f, 0xff, 0xff, 0xff, 0xff,
    0xe0, 0x0, 0x3, 0xff, 0xff, 0xff, 0xff, 0xf0,
    0x0, 0x0, 0x3f, 0xff, 0xff, 0xff, 0xf0, 0x0,
    0x0, 0x7, 0xff, 0xff, 0xff, 0xfe, 0x0, 0x0,
    0x0, 0x7f, 0xff, 0xff, 0xff, 0xc0, 0x0, 0x0,
    0x7, 0xff, 0xff, 0xff, 0xfc, 0x0, 0x0, 0x0,
    0x7f, 0xff, 0xff, 0xff, 0x80, 0x0, 0x0, 0x1,
    0xff, 0xff, 0xff, 0xf0, 0x0, 0x0, 0x0, 0x0,
    0x7, 0xff, 0xff, 0x0, 0x0, 0x0, 0x0, 0x0,
    0xff, 0xff, 0xe0, 0x0, 0x0, 0x0, 0x0, 0xf,
    0xff, 0xfc, 0x0, 0x0, 0x0, 0x0, 0x1, 0xff,
    0xff, 0x80, 0x0, 0x0, 0x0, 0x0, 0x3f, 0xff,
    0xe0, 0x0, 0x0, 0x0, 0x0, 0x7, 0xff, 0xe0,
    0x0, 0x0, 0x0, 0x0, 0x0, 0x7f, 0xf0, 0x0,
    0x0, 0x0, 0x0, 0x0, 0xf, 0xf8, 0x0, 0x0,
    0x0, 0x0, 0x0, 0x1, 0xfc, 0x0, 0x0, 0x0,
    0x0, 0x0, 0x0, 0x3e, 0x0, 0x0, 0x0, 0x0,
    0x0, 0x0, 0x3, 0x0,

    /* U+0052 "R" */
    0xff, 0xff, 0xff, 0xff, 0x0, 0x0, 0x3, 0xff,
    0xff, 0xff, 0xff, 0xe0, 0x0, 0xf, 0xff, 0xff,
    0xff, 0xff, 0xf0, 0x0, 0x3f, 0xff, 0xff, 0xff,
    0xff, 0xf0, 0x0, 0xff, 0xff, 0xff, 0xff, 0xff,
    0xe0, 0x3, 0xff, 0xff, 0xff, 0xff, 0xff, 0xe0,
    0xf, 0xff, 0xff, 0xff, 0xff, 0xff, 0xc0, 0x3f,
    0xff, 0xff, 0xff, 0xff, 0xff, 0x80, 0xff, 0xff,
    0xff, 0xff, 0xff, 0xfe, 0x3, 0xff, 0xff, 0xff,
    0xff, 0xff, 0xfc, 0xf, 0xff, 0xc0, 0x0, 0x3f,
    0xff, 0xf8, 0x3f, 0xff, 0x0, 0x0, 0x3f, 0xff,
    0xe0, 0xff, 0xfc, 0x0, 0x0, 0x3f, 0xff, 0xc3,
    0xff, 0xf0, 0x0, 0x0, 0x7f, 0xff, 0xf, 0xff,
    0xc0, 0x0, 0x1, 0xff, 0xfc, 0x3f, 0xff, 0x0,
    0x0, 0x3, 0xff, 0xf0, 0xff, 0xfc, 0x0, 0x0,
    0xf, 0xff, 0xe3, 0xff, 0xf0, 0x0, 0x0, 0x3f,
    0xff, 0x8f, 0xff, 0xc0, 0x0, 0x0, 0x7f, 0xfe,
    0x3f, 0xff, 0x0, 0x0, 0x1, 0xff, 0xf8, 0xff,
    0xfc, 0x0, 0x0, 0x7, 0xff, 0xe3, 0xff, 0xf0,
    0x0, 0x0, 0x1f, 0xff, 0x8f, 0xff, 0xc0, 0x0,
    0x0, 0x7f, 0xfe, 0x3f, 0xff, 0x0, 0x0, 0x1,
    0xff, 0xf8, 0xff, 0xfc, 0x0, 0x0, 0x7, 0xff,
    0xe3, 0xff, 0xf0, 0x0, 0x0, 0x3f, 0xff, 0x8f,
    0xff, 0xc0, 0x0, 0x0, 0xff, 0xfc, 0x3f, 0xff,
    0x0, 0x0, 0x3, 0xff, 0xf0, 0xff, 0xfc, 0x0,
    0x0, 0x1f, 0xff, 0xc3, 0xff, 0xf0, 0x0, 0x0,
    0xff, 0xfe, 0xf, 0xff, 0xc0, 0x0, 0x7, 0xff,
    0xf8, 0x3f, 0xff, 0x0, 0x0, 0x3f, 0xff, 0xc0,
    0xff, 0xfc, 0x0, 0x3, 0xff, 0xff, 0x3, 0xff,
    0xff, 0xff, 0xff, 0xff, 0xf8, 0xf, 0xff, 0xff,
    0xff, 0xff, 0xff, 0xc0, 0x3f, 0xff, 0xff, 0xff,
    0xff, 0xfe, 0x0, 0xff, 0xff, 0xff, 0xff, 0xff,
    0xf0, 0x3, 0xff, 0xff, 0xff, 0xff, 0xff, 0x80,
    0xf, 0xff, 0xff, 0xff, 0xff, 0xf8, 0x0, 0x3f,
    0xff, 0xff, 0xff, 0xff, 0x80, 0x0, 0xff, 0xff,
    0xff, 0xff, 0xfe, 0x0, 0x3, 0xff, 0xff, 0xff,
    0xff, 0xfc, 0x0, 0xf, 0xff, 0xff, 0xff, 0xff,
    0xf0, 0x0, 0x3f, 0xff, 0x0, 0x1f, 0xff, 0xe0,
    0x0, 0xff, 0xfc, 0x0, 0x3f, 0xff, 0x80, 0x3,
    0xff, 0xf0, 0x0, 0x7f, 0xff, 0x0, 0xf, 0xff,
    0xc0, 0x1, 0xff, 0xfc, 0x0, 0x3f, 0xff, 0x0,
    0x3, 0xff, 0xf8, 0x0, 0xff, 0xfc, 0x0, 0xf,
    0xff, 0xe0, 0x3, 0xff, 0xf0, 0x0, 0x1f, 0xff,
    0xc0, 0xf, 0xff, 0xc0, 0x0, 0x7f, 0xff, 0x0,
    0x3f, 0xff, 0x0, 0x0, 0xff, 0xfe, 0x0, 0xff,
    0xfc, 0x0, 0x3, 0xff, 0xf8, 0x3, 0xff, 0xf0,
    0x0, 0x7, 0xff, 0xf0, 0xf, 0xff, 0xc0, 0x0,
    0x1f, 0xff, 0xc0, 0x3f, 0xff, 0x0, 0x0, 0x3f,
    0xff, 0x80, 0xff, 0xfc, 0x0, 0x0, 0xff, 0xfe,
    0x3, 0xff, 0xf0, 0x0, 0x1, 0xff, 0xfc, 0xf,
    0xff, 0xc0, 0x0, 0x7, 0xff, 0xf0, 0x3f, 0xff,
    0x0, 0x0, 0xf, 0xff, 0xe0, 0xff, 0xfc, 0x0,
    0x0, 0x3f, 0xff, 0xc3, 0xff, 0xf0, 0x0, 0x0,
    0x7f, 0xff, 0xf, 0xff, 0xc0, 0x0, 0x0, 0xff,
    0xfe, 0x3f, 0xff, 0x0, 0x0, 0x3, 0xff, 0xf8,
    0xff, 0xfc, 0x0, 0x0, 0x7, 0xff, 0xf3, 0xff,
    0xf0, 0x0, 0x0, 0x1f, 0xff, 0xcf, 0xff, 0xc0,
    0x0, 0x0, 0x3f, 0xff, 0xbf, 0xff, 0x0, 0x0,
    0x0, 0xff, 0xfe, 0xff, 0xfc, 0x0, 0x0, 0x0,
    0x0, 0x0,

    /* U+0053 "S" */
    0x0, 0x0, 0x7, 0xff, 0x80, 0x0, 0x0, 0x0,
    0x7, 0xff, 0xff, 0x80, 0x0, 0x0, 0x3, 0xff,
    0xff, 0xff, 0x0, 0x0, 0x0, 0xff, 0xff, 0xff,
    0xfc, 0x0, 0x0, 0x3f, 0xff, 0xff, 0xff, 0xe0,
    0x0, 0x7, 0xff, 0xff, 0xff, 0xff, 0x80, 0x0,
    0xff, 0xff, 0xff, 0xff, 0xfc, 0x0, 0x1f, 0xff,
    0xff, 0xff, 0xff, 0xe0, 0x3, 0xff, 0xff, 0xff,
    0xff, 0xff, 0x0, 0x7f, 0xff, 0xff, 0xff, 0xff,
    0xf8, 0xf, 0xff, 0xfe, 0x1, 0xff, 0xff, 0x80,
    0xff, 0xff, 0x0, 0x7, 0xff, 0xfc, 0x1f, 0xff,
    0xe0, 0x0, 0x1f, 0xff, 0xc1, 0xff, 0xfc, 0x0,
    0x0, 0xff, 0xfe, 0x1f, 0xff, 0x80, 0x0, 0xf,
    0xff, 0xe3, 0xff, 0xf0, 0x0, 0x0, 0x7f, 0xfe,
    0x3f, 0xff, 0x0, 0x0, 0x7, 0xff, 0xf3, 0xff,
    0xf0, 0x0, 0x0, 0x3f, 0xff, 0x3f, 0xff, 0x0,
    0x0, 0x3, 0xff, 0xf3, 0xff, 0xf0, 0x0, 0x0,
    0x3f, 0xff, 0x3f, 0xff, 0x0, 0x0, 0x0, 0x0,
    0x3, 0xff, 0xf8, 0x0, 0x0, 0x0, 0x0, 0x3f,
    0xff, 0xc0, 0x0, 0x0, 0x0, 0x3, 0xff, 0xfe,
    0x0, 0x0, 0x0, 0x0, 0x1f, 0xff, 0xf0, 0x0,
    0x0, 0x0, 0x1, 0xff, 0xff, 0xc0, 0x0, 0x0,
    0x0, 0x1f, 0xff, 0xff, 0x0, 0x0, 0x0, 0x0,
    0xff, 0xff, 0xfc, 0x0, 0x0, 0x0, 0x7, 0xff,
    0xff, 0xf8, 0x0, 0x0, 0x0, 0x7f, 0xff, 0xff,
    0xf0, 0x0, 0x0, 0x3, 0xff, 0xff, 0xff, 0xe0,
    0x0, 0x0, 0x1f, 0xff, 0xff, 0xff, 0x80, 0x0,
    0x0, 0xff, 0xff, 0xff, 0xfe, 0x0, 0x0, 0x7,
    0xff, 0xff, 0xff, 0xf8, 0x0, 0x0, 0x1f, 0xff,
    0xff, 0xff, 0xe0, 0x0, 0x0, 0xff, 0xff, 0xff,
    0xff, 0x0, 0x0, 0x3, 0xff, 0xff, 0xff, 0xf8,
    0x0, 0x0, 0xf, 0xff, 0xff, 0xff, 0xe0, 0x0,
    0x0, 0x1f, 0xff, 0xff, 0xff, 0x0, 0x0, 0x0,
    0x7f, 0xff, 0xff, 0xf0, 0x0, 0x0, 0x0, 0xff,
    0xff, 0xff, 0x80, 0x0, 0x0, 0x1, 0xff, 0xff,
    0xfc, 0x0, 0x0, 0x0, 0x3, 0xff, 0xff, 0xc0,
    0x0, 0x0, 0x0, 0xf, 0xff, 0xfe, 0x0, 0x0,
    0x0, 0x0, 0x3f, 0xff, 0xe0, 0x0, 0x0, 0x0,
    0x1, 0xff, 0xfe, 0x0, 0x0, 0x0, 0x0, 0xf,
    0xff, 0xf0, 0x0, 0x0, 0x0, 0x0, 0x7f, 0xff,
    0xff, 0xfc, 0x0, 0x0, 0x7, 0xff, 0xff, 0xff,
    0xc0, 0x0, 0x0, 0x3f, 0xff, 0xff, 0xfc, 0x0,
    0x0, 0x3, 0xff, 0xff, 0xff, 0xc0, 0x0, 0x0,
    0x3f, 0xff, 0xff, 0xfe, 0x0, 0x0, 0x3, 0xff,
    0xf7, 0xff, 0xe0, 0x0, 0x0, 0x3f, 0xff, 0x7f,
    0xfe, 0x0, 0x0, 0x3, 0xff, 0xf7, 0xff, 0xf0,
    0x0, 0x0, 0x7f, 0xfe, 0x3f, 0xff, 0x80, 0x0,
    0x7, 0xff, 0xe3, 0xff, 0xfc, 0x0, 0x0, 0xff,
    0xfe, 0x1f, 0xff, 0xf0, 0x0, 0x3f, 0xff, 0xc1,
    0xff, 0xff, 0xe0, 0xf, 0xff, 0xfc, 0xf, 0xff,
    0xff, 0xff, 0xff, 0xff, 0x80, 0x7f, 0xff, 0xff,
    0xff, 0xff, 0xf8, 0x3, 0xff, 0xff, 0xff, 0xff,
    0xff, 0x0, 0x1f, 0xff, 0xff, 0xff, 0xff, 0xe0,
    0x0, 0xff, 0xff, 0xff, 0xff, 0xfc, 0x0, 0x3,
    0xff, 0xff, 0xff, 0xff, 0x80, 0x0, 0xf, 0xff,
    0xff, 0xff, 0xe0, 0x0, 0x0, 0x3f, 0xff, 0xff,
    0xf8, 0x0, 0x0, 0x0, 0x7f, 0xff, 0xfc, 0x0,
    0x0, 0x0, 0x0, 0x7f, 0xfc, 0x0, 0x0,

    /* U+0054 "T" */
    0xff, 0xff, 0xff, 0xff, 0xff, 0xff, 0xff, 0xff,
    0xff, 0xff, 0xff, 0xff, 0xff, 0xff, 0xff, 0xff,
    0xff, 0xff, 0xff, 0xff, 0xff, 0xff, 0xff, 0xff,
    0xff, 0xff, 0xff, 0xff, 0xff, 0xff, 0xff, 0xff,
    0xff, 0xff, 0xff, 0xff, 0xff, 0xff, 0xff, 0xff,
    0xff, 0xff, 0xff, 0xff, 0xff, 0xff, 0xff, 0xff,
    0xff, 0xff, 0xff, 0xff, 0xff, 0xff, 0xff, 0xff,
    0xff, 0xff, 0xff, 0xff, 0xff, 0xff, 0xff, 0xff,
    0xff, 0xff, 0xff, 0xff, 0xff, 0xff, 0x0, 0x0,
    0x7, 0xff, 0xe0, 0x0, 0x0, 0x0, 0x0, 0x7,
    0xff, 0xe0, 0x0, 0x0, 0x0, 0x0, 0x7, 0xff,
    0xe0, 0x0, 0x0, 0x0, 0x0, 0x7, 0xff, 0xe0,
    0x0, 0x0, 0x0, 0x0, 0x7, 0xff, 0xe0, 0x0,
    0x0, 0x0, 0x0, 0x7, 0xff, 0xe0, 0x0, 0x0,
    0x0, 0x0, 0x7, 0xff, 0xe0, 0x0, 0x0, 0x0,
    0x0, 0x7, 0xff, 0xe0, 0x0, 0x0, 0x0, 0x0,
    0x7, 0xff, 0xe0, 0x0, 0x0, 0x0, 0x0, 0x7,
    0xff, 0xe0, 0x0, 0x0, 0x0, 0x0, 0x7, 0xff,
    0xe0, 0x0, 0x0, 0x0, 0x0, 0x7, 0xff, 0xe0,
    0x0, 0x0, 0x0, 0x0, 0x7, 0xff, 0xe0, 0x0,
    0x0, 0x0, 0x0, 0x7, 0xff, 0xe0, 0x0, 0x0,
    0x0, 0x0, 0x7, 0xff, 0xe0, 0x0, 0x0, 0x0,
    0x0, 0x7, 0xff, 0xe0, 0x0, 0x0, 0x0, 0x0,
    0x7, 0xff, 0xe0, 0x0, 0x0, 0x0, 0x0, 0x7,
    0xff, 0xe0, 0x0, 0x0, 0x0, 0x0, 0x7, 0xff,
    0xe0, 0x0, 0x0, 0x0, 0x0, 0x7, 0xff, 0xe0,
    0x0, 0x0, 0x0, 0x0, 0x7, 0xff, 0xe0, 0x0,
    0x0, 0x0, 0x0, 0x7, 0xff, 0xe0, 0x0, 0x0,
    0x0, 0x0, 0x7, 0xff, 0xe0, 0x0, 0x0, 0x0,
    0x0, 0x7, 0xff, 0xe0, 0x0, 0x0, 0x0, 0x0,
    0x7, 0xff, 0xe0, 0x0, 0x0, 0x0, 0x0, 0x7,
    0xff, 0xe0, 0x0, 0x0, 0x0, 0x0, 0x7, 0xff,
    0xe0, 0x0, 0x0, 0x0, 0x0, 0x7, 0xff, 0xe0,
    0x0, 0x0, 0x0, 0x0, 0x7, 0xff, 0xe0, 0x0,
    0x0, 0x0, 0x0, 0x7, 0xff, 0xe0, 0x0, 0x0,
    0x0, 0x0, 0x7, 0xff, 0xe0, 0x0, 0x0, 0x0,
    0x0, 0x7, 0xff, 0xe0, 0x0, 0x0, 0x0, 0x0,
    0x7, 0xff, 0xe0, 0x0, 0x0, 0x0, 0x0, 0x7,
    0xff, 0xe0, 0x0, 0x0, 0x0, 0x0, 0x7, 0xff,
    0xe0, 0x0, 0x0, 0x0, 0x0, 0x7, 0xff, 0xe0,
    0x0, 0x0, 0x0, 0x0, 0x7, 0xff, 0xe0, 0x0,
    0x0, 0x0, 0x0, 0x7, 0xff, 0xe0, 0x0, 0x0,
    0x0, 0x0, 0x7, 0xff, 0xe0, 0x0, 0x0, 0x0,
    0x0, 0x7, 0xff, 0xe0, 0x0, 0x0, 0x0, 0x0,
    0x7, 0xff, 0xe0, 0x0, 0x0, 0x0, 0x0, 0x7,
    0xff, 0xe0, 0x0, 0x0, 0x0, 0x0, 0x7, 0xff,
    0xe0, 0x0, 0x0, 0x0, 0x0, 0x7, 0xff, 0xe0,
    0x0, 0x0, 0x0, 0x0, 0x7, 0xff, 0xe0, 0x0,
    0x0, 0x0, 0x0, 0x7, 0xff, 0xe0, 0x0, 0x0,
    0x0, 0x0, 0x7, 0xff, 0xe0, 0x0, 0x0, 0x0,
    0x0, 0x7, 0xff, 0xe0, 0x0, 0x0, 0x0, 0x0,
    0x7, 0xff, 0xe0, 0x0, 0x0, 0x0, 0x0, 0x7,
    0xff, 0xe0, 0x0, 0x0, 0x0, 0x0, 0x7, 0xff,
    0xe0, 0x0, 0x0, 0x0, 0x0, 0x7, 0xff, 0xe0,
    0x0, 0x0, 0x0, 0x0, 0x7, 0xff, 0xe0, 0x0,
    0x0, 0x0, 0x0, 0x7, 0xff, 0xe0, 0x0, 0x0,
    0x0, 0x0, 0x7, 0xff, 0xe0, 0x0, 0x0, 0x0,
    0x0, 0x7, 0xff, 0xe0, 0x0, 0x0, 0x0, 0x0,
    0x7, 0xff, 0xe0, 0x0, 0x0, 0x0, 0x0, 0x7,
    0xff, 0xe0, 0x0, 0x0,

    /* U+0055 "U" */
    0xff, 0xfc, 0x0, 0x0, 0x3, 0xff, 0xff, 0xff,
    0xc0, 0x0, 0x0, 0x3f, 0xff, 0xff, 0xfc, 0x0,
    0x0, 0x3, 0xff, 0xff, 0xff, 0xc0, 0x0, 0x0,
    0x3f, 0xff, 0xff, 0xfc, 0x0, 0x0, 0x3, 0xff,
    0xff, 0xff, 0xc0, 0x0, 0x0, 0x3f, 0xff, 0xff,
    0xfc, 0x0, 0x0, 0x3, 0xff, 0xff, 0xff, 0xc0,
    0x0, 0x0, 0x3f, 0xff, 0xff, 0xfc, 0x0, 0x0,
    0x3, 0xff, 0xff, 0xff, 0xc0, 0x0, 0x0, 0x3f,
    0xff, 0xff, 0xfc, 0x0, 0x0, 0x3, 0xff, 0xff,
    0xff, 0xc0, 0x0, 0x0, 0x3f, 0xff, 0xff, 0xfc,
    0x0, 0x0, 0x3, 0xff, 0xff, 0xff, 0xc0, 0x0,
    0x0, 0x3f, 0xff, 0xff, 0xfc, 0x0, 0x0, 0x3,
    0xff, 0xff, 0xff, 0xc0, 0x0, 0x0, 0x3f, 0xff,
    0xff, 0xfc, 0x0, 0x0, 0x3, 0xff, 0xff, 0xff,
    0xc0, 0x0, 0x0, 0x3f, 0xff, 0xff, 0xfc, 0x0,
    0x0, 0x3, 0xff, 0xff, 0xff, 0xc0, 0x0, 0x0,
    0x3f, 0xff, 0xff, 0xfc, 0x0, 0x0, 0x3, 0xff,
    0xff, 0xff, 0xc0, 0x0, 0x0, 0x3f, 0xff, 0xff,
    0xfc, 0x0, 0x0, 0x3, 0xff, 0xff, 0xff, 0xc0,
    0x0, 0x0, 0x3f, 0xff, 0xff, 0xfc, 0x0, 0x0,
    0x3, 0xff, 0xff, 0xff, 0xc0, 0x0, 0x0, 0x3f,
    0xff, 0xff, 0xfc, 0x0, 0x0, 0x3, 0xff, 0xff,
    0xff, 0xc0, 0x0, 0x0, 0x3f, 0xff, 0xff, 0xfc,
    0x0, 0x0, 0x3, 0xff, 0xff, 0xff, 0xc0, 0x0,
    0x0, 0x3f, 0xff, 0xff, 0xfc, 0x0, 0x0, 0x3,
    0xff, 0xff, 0xff, 0xc0, 0x0, 0x0, 0x3f, 0xff,
    0xff, 0xfc, 0x0, 0x0, 0x3, 0xff, 0xff, 0xff,
    0xc0, 0x0, 0x0, 0x3f, 0xff, 0xff, 0xfc, 0x0,
    0x0, 0x3, 0xff, 0xff, 0xff, 0xc0, 0x0, 0x0,
    0x3f, 0xff, 0xff, 0xfc, 0x0, 0x0, 0x3, 0xff,
    0xff, 0xff, 0xc0, 0x0, 0x0, 0x3f, 0xff, 0xff,
    0xfc, 0x0, 0x0, 0x3, 0xff, 0xff, 0xff, 0xc0,
    0x0, 0x0, 0x3f, 0xff, 0xff, 0xfc, 0x0, 0x0,
    0x3, 0xff, 0xff, 0xff, 0xc0, 0x0, 0x0, 0x3f,
    0xff, 0xff, 0xfc, 0x0, 0x0, 0x3, 0xff, 0xff,
    0xff, 0xc0, 0x0, 0x0, 0x3f, 0xff, 0xff, 0xfc,
    0x0, 0x0, 0x3, 0xff, 0xff, 0xff, 0xc0, 0x0,
    0x0, 0x3f, 0xff, 0xff, 0xfc, 0x0, 0x0, 0x3,
    0xff, 0xff, 0xff, 0xc0, 0x0, 0x0, 0x3f, 0xff,
    0xff, 0xfc, 0x0, 0x0, 0x3, 0xff, 0xff, 0xff,
    0xc0, 0x0, 0x0, 0x3f, 0xff, 0xff, 0xfc, 0x0,
    0x0, 0x3, 0xff, 0xff, 0xff, 0xc0, 0x0, 0x0,
    0x7f, 0xfe, 0x7f, 0xfe, 0x0, 0x0, 0x7, 0xff,
    0xe7, 0xff, 0xe0, 0x0, 0x0, 0x7f, 0xfe, 0x7f,
    0xff, 0x0, 0x0, 0xf, 0xff, 0xe3, 0xff, 0xf0,
    0x0, 0x0, 0xff, 0xfc, 0x3f, 0xff, 0x80, 0x0,
    0x1f, 0xff, 0xc3, 0xff, 0xfc, 0x0, 0x3, 0xff,
    0xfc, 0x1f, 0xff, 0xe0, 0x0, 0x7f, 0xff, 0x80,
    0xff, 0xff, 0xc0, 0x3f, 0xff, 0xf0, 0xf, 0xff,
    0xff, 0xff, 0xff, 0xff, 0x0, 0x7f, 0xff, 0xff,
    0xff, 0xff, 0xe0, 0x3, 0xff, 0xff, 0xff, 0xff,
    0xfc, 0x0, 0x1f, 0xff, 0xff, 0xff, 0xff, 0x80,
    0x0, 0xff, 0xff, 0xff, 0xff, 0xf0, 0x0, 0x7,
    0xff, 0xff, 0xff, 0xfe, 0x0, 0x0, 0x1f, 0xff,
    0xff, 0xff, 0x80, 0x0, 0x0, 0x7f, 0xff, 0xff,
    0xe0, 0x0, 0x0, 0x0, 0xff, 0xff, 0xf0, 0x0,
    0x0, 0x0, 0x0, 0xff, 0xf0, 0x0, 0x0,

    /* U+0056 "V" */
    0xff, 0xff, 0x0, 0x0, 0x0, 0x1, 0xff, 0xfd,
    0xff, 0xfc, 0x0, 0x0, 0x0, 0xf, 0xff, 0xf7,
    0xff, 0xf0, 0x0, 0x0, 0x0, 0x3f, 0xff, 0xdf,
    0xff, 0xe0, 0x0, 0x0, 0x0, 0xff, 0xfe, 0x3f,
    0xff, 0x80, 0x0, 0x0, 0x3, 0xff, 0xf8, 0xff,
    0xfe, 0x0, 0x0, 0x0, 0x1f, 0xff, 0xe3, 0xff,
    0xfc, 0x0, 0x0, 0x0, 0x7f, 0xff, 0x7, 0xff,
    0xf0, 0x0, 0x0, 0x1, 0xff, 0xfc, 0x1f, 0xff,
    0xc0, 0x0, 0x0, 0xf, 0xff, 0xf0, 0x7f, 0xff,
    0x80, 0x0, 0x0, 0x3f, 0xff, 0x80, 0xff, 0xfe,
    0x0, 0x0, 0x0, 0xff, 0xfe, 0x3, 0xff, 0xf8,
    0x0, 0x0, 0x3, 0xff, 0xf8, 0xf, 0xff, 0xe0,
    0x0, 0x0, 0x1f, 0xff, 0xc0, 0x1f, 0xff, 0xc0,
    0x0, 0x0, 0x7f, 0xff, 0x0, 0x7f, 0xff, 0x0,
    0x0, 0x1, 0xff, 0xfc, 0x1, 0xff, 0xfc, 0x0,
    0x0, 0xf, 0xff, 0xe0, 0x3, 0xff, 0xf8, 0x0,
    0x0, 0x3f, 0xff, 0x80, 0xf, 0xff, 0xe0, 0x0,
    0x0, 0xff, 0xfe, 0x0, 0x1f, 0xff, 0x80, 0x0,
    0x7, 0xff, 0xf0, 0x0, 0x7f, 0xff, 0x0, 0x0,
    0x1f, 0xff, 0xc0, 0x1, 0xff, 0xfc, 0x0, 0x0,
    0x7f, 0xff, 0x0, 0x3, 0xff, 0xf0, 0x0, 0x1,
    0xff, 0xf8, 0x0, 0xf, 0xff, 0xc0, 0x0, 0xf,
    0xff, 0xe0, 0x0, 0x3f, 0xff, 0x80, 0x0, 0x3f,
    0xff, 0x0, 0x0, 0x7f, 0xfe, 0x0, 0x0, 0xff,
    0xfc, 0x0, 0x1, 0xff, 0xf8, 0x0, 0x7, 0xff,
    0xf0, 0x0, 0x7, 0xff, 0xf0, 0x0, 0x1f, 0xff,
    0x80, 0x0, 0xf, 0xff, 0xc0, 0x0, 0x7f, 0xfe,
    0x0, 0x0, 0x3f, 0xff, 0x0, 0x3, 0xff, 0xf8,
    0x0, 0x0, 0xff, 0xfc, 0x0, 0xf, 0xff, 0xc0,
    0x0, 0x1, 0xff, 0xf8, 0x0, 0x3f, 0xff, 0x0,
    0x0, 0x7, 0xff, 0xe0, 0x0, 0xff, 0xfc, 0x0,
    0x0, 0x1f, 0xff, 0x80, 0x7, 0xff, 0xe0, 0x0,
    0x0, 0x3f, 0xff, 0x0, 0x1f, 0xff, 0x80, 0x0,
    0x0, 0xff, 0xfc, 0x0, 0x7f, 0xfe, 0x0, 0x0,
    0x3, 0xff, 0xf0, 0x3, 0xff, 0xf0, 0x0, 0x0,
    0x7, 0xff, 0xe0, 0xf, 0xff, 0xc0, 0x0, 0x0,
    0x1f, 0xff, 0x80, 0x3f, 0xff, 0x0, 0x0, 0x0,
    0x7f, 0xfe, 0x1, 0xff, 0xf8, 0x0, 0x0, 0x0,
    0xff, 0xf8, 0x7, 0xff, 0xe0, 0x0, 0x0, 0x3,
    0xff, 0xf0, 0x1f, 0xff, 0x80, 0x0, 0x0, 0xf,
    0xff, 0xc0, 0x7f, 0xfc, 0x0, 0x0, 0x0, 0x1f,
    0xff, 0x3, 0xff, 0xf0, 0x0, 0x0, 0x0, 0x7f,
    0xfe, 0xf, 0xff, 0xc0, 0x0, 0x0, 0x1, 0xff,
    0xf8, 0x3f, 0xfe, 0x0, 0x0, 0x0, 0x3, 0xff,
    0xe1, 0xff, 0xf8, 0x0, 0x0, 0x0, 0xf, 0xff,
    0x87, 0xff, 0xc0, 0x0, 0x0, 0x0, 0x1f, 0xff,
    0x1f, 0xff, 0x0, 0x0, 0x0, 0x0, 0x7f, 0xfc,
    0x7f, 0xfc, 0x0, 0x0, 0x0, 0x1, 0xff, 0xf3,
    0xff, 0xe0, 0x0, 0x0, 0x0, 0x3, 0xff, 0xef,
    0xff, 0x80, 0x0, 0x0, 0x0, 0xf, 0xff, 0xbf,
    0xfe, 0x0, 0x0, 0x0, 0x0, 0x3f, 0xff, 0xff,
    0xf0, 0x0, 0x0, 0x0, 0x0, 0x7f, 0xff, 0xff,
    0xc0, 0x0, 0x0, 0x0, 0x1, 0xff, 0xff, 0xff,
    0x0, 0x0, 0x0, 0x0, 0x7, 0xff, 0xff, 0xf8,
    0x0, 0x0, 0x0, 0x0, 0xf, 0xff, 0xff, 0xe0,
    0x0, 0x0, 0x0, 0x0, 0x3f, 0xff, 0xff, 0x80,
    0x0, 0x0, 0x0, 0x0, 0xff, 0xff, 0xfc, 0x0,
    0x0, 0x0, 0x0, 0x1, 0xff, 0xff, 0xf0, 0x0,
    0x0, 0x0, 0x0, 0x7, 0xff, 0xff, 0xc0, 0x0,
    0x0, 0x0, 0x0, 0x1f, 0xff, 0xfe, 0x0, 0x0,
    0x0, 0x0, 0x0, 0x3f, 0xff, 0xf8, 0x0, 0x0,
    0x0, 0x0, 0x0, 0xff, 0xff, 0xe0, 0x0, 0x0,
    0x0, 0x0, 0x3, 0xff, 0xff, 0x0, 0x0, 0x0,
    0x0, 0x0, 0x7, 0xff, 0xfc, 0x0, 0x0, 0x0,
    0x0, 0x0, 0x1f, 0xff, 0xf0, 0x0, 0x0, 0x0,
    0x0, 0x0, 0x7f, 0xff, 0x80, 0x0, 0x0, 0x0,
    0x0, 0x0, 0xff, 0xfe, 0x0, 0x0, 0x0,

    /* U+0057 "W" */
    0xff, 0xfc, 0x0, 0x0, 0x3f, 0xfc, 0x0, 0x0,
    0x1f, 0xff, 0xff, 0xfe, 0x0, 0x0, 0x1f, 0xff,
    0x0, 0x0, 0xf, 0xff, 0xff, 0xff, 0x0, 0x0,
    0xf, 0xff, 0x80, 0x0, 0x7, 0xff, 0xef, 0xff,
    0x80, 0x0, 0x7, 0xff, 0xc0, 0x0, 0x7, 0xff,
    0xe7, 0xff, 0xe0, 0x0, 0x3, 0xff, 0xe0, 0x0,
    0x3, 0xff, 0xf3, 0xff, 0xf0, 0x0, 0x3, 0xff,
    0xf8, 0x0, 0x1, 0xff, 0xf9, 0xff, 0xf8, 0x0,
    0x1, 0xff, 0xfc, 0x0, 0x0, 0xff, 0xfc, 0xff,
    0xfc, 0x0, 0x0, 0xff, 0xfe, 0x0, 0x0, 0x7f,
    0xfc, 0x3f, 0xfe, 0x0, 0x0, 0x7f, 0xff, 0x0,
    0x0, 0x7f, 0xfe, 0x1f, 0xff, 0x80, 0x0, 0x7f,
    0xff, 0xc0, 0x0, 0x3f, 0xff, 0xf, 0xff, 0xc0,
    0x0, 0x3f, 0xff, 0xe0, 0x0, 0x1f, 0xff, 0x87,
    0xff, 0xe0, 0x0, 0x1f, 0xff, 0xf0, 0x0, 0xf,
    0xff, 0xc1, 0xff, 0xf0, 0x0, 0xf, 0xff, 0xf8,
    0x0, 0x7, 0xff, 0xc0, 0xff, 0xf8, 0x0, 0xf,
    0xff, 0xfc, 0x0, 0x7, 0xff, 0xe0, 0x7f, 0xfe,
    0x0, 0x7, 0xff, 0xff, 0x0, 0x3, 0xff, 0xf0,
    0x3f, 0xff, 0x0, 0x3, 0xff, 0xff, 0x80, 0x1,
    0xff, 0xf8, 0x1f, 0xff, 0x80, 0x1, 0xff, 0xff,
    0xc0, 0x0, 0xff, 0xf8, 0x7, 0xff, 0xc0, 0x0,
    0xff, 0xff, 0xe0, 0x0, 0x7f, 0xfc, 0x3, 0xff,
    0xe0, 0x0, 0xff, 0xff, 0xf8, 0x0, 0x3f, 0xfe,
    0x1, 0xff, 0xf8, 0x0, 0x7f, 0xff, 0xfc, 0x0,
    0x3f, 0xff, 0x0, 0xff, 0xfc, 0x0, 0x3f, 0xff,
    0xfe, 0x0, 0x1f, 0xff, 0x80, 0x3f, 0xfe, 0x0,
    0x1f, 0xff, 0xff, 0x0, 0xf, 0xff, 0x80, 0x1f,
    0xff, 0x0, 0x1f, 0xff, 0xff, 0xc0, 0x7, 0xff,
    0xc0, 0xf, 0xff, 0x80, 0xf, 0xff, 0xff, 0xe0,
    0x3, 0xff, 0xe0, 0x7, 0xff, 0xe0, 0x7, 0xff,
    0x7f, 0xf0, 0x3, 0xff, 0xf0, 0x3, 0xff, 0xf0,
    0x3, 0xff, 0xbf, 0xf8, 0x1, 0xff, 0xf0, 0x0,
    0xff, 0xf8, 0x3, 0xff, 0xdf, 0xfe, 0x0, 0xff,
    0xf8, 0x0, 0x7f, 0xfc, 0x1, 0xff, 0xef, 0xff,
    0x0, 0x7f, 0xfc, 0x0, 0x3f, 0xfe, 0x0, 0xff,
    0xe3, 0xff, 0x80, 0x3f, 0xfe, 0x0, 0x1f, 0xff,
    0x80, 0x7f, 0xf1, 0xff, 0xc0, 0x3f, 0xff, 0x0,
    0x7, 0xff, 0xc0, 0x7f, 0xf8, 0xff, 0xe0, 0x1f,
    0xff, 0x0, 0x3, 0xff, 0xe0, 0x3f, 0xfc, 0x7f,
    0xf8, 0xf, 0xff, 0x80, 0x1, 0xff, 0xf0, 0x1f,
    0xfc, 0x1f, 0xfc, 0x7, 0xff, 0xc0, 0x0, 0xff,
    0xf8, 0xf, 0xfe, 0xf, 0xfe, 0x3, 0xff, 0xe0,
    0x0, 0x7f, 0xfe, 0x7, 0xff, 0x7, 0xff, 0x3,
    0xff, 0xe0, 0x0, 0x1f, 0xff, 0x7, 0xff, 0x83,
    0xff, 0xc1, 0xff, 0xf0, 0x0, 0xf, 0xff, 0x83,
    0xff, 0x80, 0xff, 0xe0, 0xff, 0xf8, 0x0, 0x7,
    0xff, 0xc1, 0xff, 0xc0, 0x7f, 0xf0, 0x7f, 0xfc,
    0x0, 0x3, 0xff, 0xe0, 0xff, 0xe0, 0x3f, 0xf8,
    0x3f, 0xfe, 0x0, 0x0, 0xff, 0xf8, 0xff, 0xf0,
    0x1f, 0xfe, 0x3f, 0xfe, 0x0, 0x0, 0x7f, 0xfc,
    0x7f, 0xf0, 0x7, 0xff, 0x1f, 0xff, 0x0, 0x0,
    0x3f, 0xfe, 0x3f, 0xf8, 0x3, 0xff, 0x8f, 0xff,
    0x80, 0x0, 0x1f, 0xff, 0x1f, 0xfc, 0x1, 0xff,
    0xc7, 0xff, 0xc0, 0x0, 0xf, 0xff, 0x9f, 0xfe,
    0x0, 0xff, 0xf3, 0xff, 0xc0, 0x0, 0x3, 0xff,
    0xcf, 0xfe, 0x0, 0x3f, 0xfb, 0xff, 0xe0, 0x0,
    0x1, 0xff, 0xf7, 0xff, 0x0, 0x1f, 0xfd, 0xff,
    0xf0, 0x0, 0x0, 0xff, 0xfb, 0xff, 0x80, 0xf,
    0xfe, 0xff, 0xf8, 0x0, 0x0, 0x7f, 0xff, 0xff,
    0xc0, 0x7, 0xff, 0x7f, 0xfc, 0x0, 0x0, 0x1f,
    0xff, 0xff, 0xc0, 0x1, 0xff, 0xff, 0xfc, 0x0,
    0x0, 0xf, 0xff, 0xff, 0xe0, 0x0, 0xff, 0xff,
    0xfe, 0x0, 0x0, 0x7, 0xff, 0xff, 0xf0, 0x0,
    0x7f, 0xff, 0xff, 0x0, 0x0, 0x3, 0xff, 0xff,
    0xf8, 0x0, 0x3f, 0xff, 0xff, 0x80, 0x0, 0x1,
    0xff, 0xff, 0xf8, 0x0, 0xf, 0xff, 0xff, 0xc0,
    0x0, 0x0, 0x7f, 0xff, 0xfc, 0x0, 0x7, 0xff,
    0xff, 0xc0, 0x0, 0x0, 0x3f, 0xff, 0xfe, 0x0,
    0x3, 0xff, 0xff, 0xe0, 0x0, 0x0, 0x1f, 0xff,
    0xff, 0x0, 0x1, 0xff, 0xff, 0xf0, 0x0, 0x0,
    0xf, 0xff, 0xff, 0x0, 0x0, 0x7f, 0xff, 0xf8,
    0x0, 0x0, 0x3, 0xff, 0xff, 0x80, 0x0, 0x3f,
    0xff, 0xf8, 0x0, 0x0, 0x1, 0xff, 0xff, 0xc0,
    0x0, 0x1f, 0xff, 0xfc, 0x0, 0x0, 0x0, 0xff,
    0xff, 0xe0, 0x0, 0xf, 0xff, 0xfe, 0x0, 0x0,
    0x0, 0x7f, 0xff, 0xe0, 0x0, 0x7, 0xff, 0xff,
    0x0, 0x0, 0x0, 0x3f, 0xff, 0xf0, 0x0, 0x1,
    0xff, 0xff, 0x80, 0x0, 0x0, 0xf, 0xff, 0xf8,
    0x0, 0x0, 0xff, 0xff, 0x80, 0x0, 0x0, 0x7,
    0xff, 0xfc, 0x0, 0x0, 0x7f, 0xff, 0xc0, 0x0,
    0x0, 0x3, 0xff, 0xfc, 0x0, 0x0, 0x3f, 0xff,
    0xe0, 0x0, 0x0, 0x1, 0xff, 0xfe, 0x0, 0x0,
    0xf, 0xff, 0xf0, 0x0, 0x0, 0x0, 0x7f, 0xff,
    0x0, 0x0, 0x7, 0xff, 0xf0, 0x0, 0x0, 0x0,
    0x3f, 0xff, 0x80, 0x0, 0x3, 0xff, 0xf8, 0x0,
    0x0, 0x0, 0x1f, 0xff, 0x80, 0x0, 0x1, 0xff,
    0xfc, 0x0, 0x0,

    /* U+0058 "X" */
    0x7f, 0xff, 0x80, 0x0, 0x0, 0x3f, 0xff, 0xcf,
    0xff, 0xf0, 0x0, 0x0, 0x7, 0xff, 0xf8, 0xff,
    0xff, 0x0, 0x0, 0x1, 0xff, 0xfe, 0xf, 0xff,
    0xf0, 0x0, 0x0, 0x7f, 0xff, 0x81, 0xff, 0xfe,
    0x0, 0x0, 0xf, 0xff, 0xf0, 0x1f, 0xff, 0xe0,
    0x0, 0x3, 0xff, 0xfc, 0x3, 0xff, 0xfc, 0x0,
    0x0, 0x7f, 0xff, 0x80, 0x3f, 0xff, 0xc0, 0x0,
    0x1f, 0xff, 0xe0, 0x3, 0xff, 0xf8, 0x0, 0x3,
    0xff, 0xf8, 0x0, 0x7f, 0xff, 0x80, 0x0, 0xff,
    0xff, 0x0, 0x7, 0xff, 0xf0, 0x0, 0x1f, 0xff,
    0xc0, 0x0, 0xff, 0xff, 0x0, 0x7, 0xff, 0xf8,
    0x0, 0xf, 0xff, 0xe0, 0x0, 0xff, 0xfe, 0x0,
    0x1, 0xff, 0xfe, 0x0, 0x3f, 0xff, 0xc0, 0x0,
    0x1f, 0xff, 0xe0, 0xf, 0xff, 0xf0, 0x0, 0x1,
    0xff, 0xfc, 0x1, 0xff, 0xfc, 0x0, 0x0, 0x3f,
    0xff, 0xc0, 0x7f, 0xff, 0x80, 0x0, 0x3, 0xff,
    0xf8, 0xf, 0xff, 0xe0, 0x0, 0x0, 0x7f, 0xff,
    0x83, 0xff, 0xfc, 0x0, 0x0, 0x7, 0xff, 0xf0,
    0x7f, 0xff, 0x0, 0x0, 0x0, 0x7f, 0xff, 0x1f,
    0xff, 0xc0, 0x0, 0x0, 0xf, 0xff, 0xe3, 0xff,
    0xf8, 0x0, 0x0, 0x0, 0xff, 0xfe, 0xff, 0xfe,
    0x0, 0x0, 0x0, 0x1f, 0xff, 0xdf, 0xff, 0xc0,
    0x0, 0x0, 0x1, 0xff, 0xff, 0xff, 0xf0, 0x0,
    0x0, 0x0, 0x1f, 0xff, 0xff, 0xfc, 0x0, 0x0,
    0x0, 0x3, 0xff, 0xff, 0xff, 0x80, 0x0, 0x0,
    0x0, 0x3f, 0xff, 0xff, 0xe0, 0x0, 0x0, 0x0,
    0x7, 0xff, 0xff, 0xfc, 0x0, 0x0, 0x0, 0x0,
    0x7f, 0xff, 0xff, 0x0, 0x0, 0x0, 0x0, 0xf,
    0xff, 0xff, 0xe0, 0x0, 0x0, 0x0, 0x0, 0xff,
    0xff, 0xf8, 0x0, 0x0, 0x0, 0x0, 0xf, 0xff,
    0xfe, 0x0, 0x0, 0x0, 0x0, 0x1, 0xff, 0xff,
    0xc0, 0x0, 0x0, 0x0, 0x0, 0x3f, 0xff, 0xf8,
    0x0, 0x0, 0x0, 0x0, 0xf, 0xff, 0xff, 0x80,
    0x0, 0x0, 0x0, 0x1, 0xff, 0xff, 0xf0, 0x0,
    0x0, 0x0, 0x0, 0x7f, 0xff, 0xff, 0x0, 0x0,
    0x0, 0x0, 0xf, 0xff, 0xff, 0xe0, 0x0, 0x0,
    0x0, 0x3, 0xff, 0xff, 0xfe, 0x0, 0x0, 0x0,
    0x0, 0xff, 0xff, 0xff, 0xe0, 0x0, 0x0, 0x0,
    0x1f, 0xff, 0xff, 0xfc, 0x0, 0x0, 0x0, 0x7,
    0xff, 0xff, 0xff, 0xc0, 0x0, 0x0, 0x0, 0xff,
    0xff, 0xff, 0xf8, 0x0, 0x0, 0x0, 0x3f, 0xff,
    0xbf, 0xff, 0x80, 0x0, 0x0, 0xf, 0xff, 0xf7,
    0xff, 0xf8, 0x0, 0x0, 0x1, 0xff, 0xfc, 0x7f,
    0xff, 0x0, 0x0, 0x0, 0x7f, 0xff, 0x87, 0xff,
    0xf0, 0x0, 0x0, 0xf, 0xff, 0xe0, 0xff, 0xfe,
    0x0, 0x0, 0x3, 0xff, 0xf8, 0xf, 0xff, 0xe0,
    0x0, 0x0, 0xff, 0xff, 0x1, 0xff, 0xfe, 0x0,
    0x0, 0x1f, 0xff, 0xc0, 0x1f, 0xff, 0xc0, 0x0,
    0x7, 0xff, 0xf8, 0x3, 0xff, 0xfc, 0x0, 0x0,
    0xff, 0xfe, 0x0, 0x3f, 0xff, 0x80, 0x0, 0x3f,
    0xff, 0xc0, 0x7, 0xff, 0xf8, 0x0, 0xf, 0xff,
    0xf0, 0x0, 0x7f, 0xff, 0x80, 0x1, 0xff, 0xfe,
    0x0, 0xf, 0xff, 0xf0, 0x0, 0x7f, 0xff, 0x80,
    0x0, 0xff, 0xff, 0x0, 0xf, 0xff, 0xf0, 0x0,
    0xf, 0xff, 0xe0, 0x3, 0xff, 0xfc, 0x0, 0x1,
    0xff, 0xfe, 0x0, 0xff, 0xff, 0x0, 0x0, 0x1f,
    0xff, 0xe0, 0x1f, 0xff, 0xe0, 0x0, 0x3, 0xff,
    0xfc, 0x7, 0xff, 0xf8, 0x0, 0x0, 0x3f, 0xff,
    0xc0, 0xff, 0xff, 0x0, 0x0, 0x7, 0xff, 0xf8,
    0x3f, 0xff, 0xc0, 0x0, 0x0, 0x7f, 0xff, 0x8f,
    0xff, 0xf8, 0x0, 0x0, 0xf, 0xff, 0xf1, 0xff,
    0xfe, 0x0, 0x0, 0x0, 0xff, 0xff, 0x7f, 0xff,
    0xc0, 0x0, 0x0, 0x1f, 0xff, 0xf0,

    /* U+0059 "Y" */
    0xff, 0xff, 0x0, 0x0, 0x0, 0xf, 0xff, 0xef,
    0xff, 0xe0, 0x0, 0x0, 0x1, 0xff, 0xfc, 0xff,
    0xfe, 0x0, 0x0, 0x0, 0x7f, 0xff, 0x1f, 0xff,
    0xc0, 0x0, 0x0, 0xf, 0xff, 0xe1, 0xff, 0xfc,
    0x0, 0x0, 0x3, 0xff, 0xf8, 0x3f, 0xff, 0x80,
    0x0, 0x0, 0x7f, 0xff, 0x3, 0xff, 0xf8, 0x0,
    0x0, 0x1f, 0xff, 0xc0, 0x7f, 0xff, 0x0, 0x0,
    0x3, 0xff, 0xf8, 0x7, 0xff, 0xf0, 0x0, 0x0,
    0xff, 0xfe, 0x0, 0xff, 0xfe, 0x0, 0x0, 0x1f,
    0xff, 0xc0, 0xf, 0xff, 0xc0, 0x0, 0x3, 0xff,
    0xf0, 0x1, 0xff, 0xfc, 0x0, 0x0, 0xff, 0xfe,
    0x0, 0x1f, 0xff, 0x80, 0x0, 0x1f, 0xff, 0x80,
    0x3, 0xff, 0xf8, 0x0, 0x7, 0xff, 0xf0, 0x0,
    0x3f, 0xff, 0x0, 0x0, 0xff, 0xfc, 0x0, 0x7,
    0xff, 0xf0, 0x0, 0x3f, 0xff, 0x80, 0x0, 0x7f,
    0xfe, 0x0, 0x7, 0xff, 0xe0, 0x0, 0xf, 0xff,
    0xe0, 0x1, 0xff, 0xfc, 0x0, 0x0, 0xff, 0xfc,
    0x0, 0x3f, 0xff, 0x0, 0x0, 0x1f, 0xff, 0x80,
    0x7, 0xff, 0xe0, 0x0, 0x1, 0xff, 0xf8, 0x1,
    0xff, 0xf8, 0x0, 0x0, 0x3f, 0xff, 0x0, 0x3f,
    0xff, 0x0, 0x0, 0x3, 0xff, 0xf0, 0xf, 0xff,
    0xc0, 0x0, 0x0, 0x7f, 0xfe, 0x1, 0xff, 0xf8,
    0x0, 0x0, 0x7, 0xff, 0xe0, 0x7f, 0xfe, 0x0,
    0x0, 0x0, 0xff, 0xfc, 0xf, 0xff, 0xc0, 0x0,
    0x0, 0xf, 0xff, 0xc3, 0xff, 0xf0, 0x0, 0x0,
    0x1, 0xff, 0xf8, 0x7f, 0xfe, 0x0, 0x0, 0x0,
    0x1f, 0xff, 0x9f, 0xff, 0x80, 0x0, 0x0, 0x3,
    0xff, 0xf3, 0xff, 0xf0, 0x0, 0x0, 0x0, 0x3f,
    0xfe, 0x7f, 0xfc, 0x0, 0x0, 0x0, 0x3, 0xff,
    0xff, 0xff, 0x0, 0x0, 0x0, 0x0, 0x7f, 0xff,
    0xff, 0xe0, 0x0, 0x0, 0x0, 0x7, 0xff, 0xff,
    0xf8, 0x0, 0x0, 0x0, 0x0, 0xff, 0xff, 0xff,
    0x0, 0x0, 0x0, 0x0, 0xf, 0xff, 0xff, 0xc0,
    0x0, 0x0, 0x0, 0x1, 0xff, 0xff, 0xf8, 0x0,
    0x0, 0x0, 0x0, 0x1f, 0xff, 0xfe, 0x0, 0x0,
    0x0, 0x0, 0x3, 0xff, 0xff, 0xc0, 0x0, 0x0,
    0x0, 0x0, 0x3f, 0xff, 0xf0, 0x0, 0x0, 0x0,
    0x0, 0x7, 0xff, 0xfe, 0x0, 0x0, 0x0, 0x0,
    0x0, 0x7f, 0xff, 0x80, 0x0, 0x0, 0x0, 0x0,
    0xf, 0xff, 0xf0, 0x0, 0x0, 0x0, 0x0, 0x0,
    0xff, 0xfc, 0x0, 0x0, 0x0, 0x0, 0x0, 0x1f,
    0xff, 0x80, 0x0, 0x0, 0x0, 0x0, 0x3, 0xff,
    0xf0, 0x0, 0x0, 0x0, 0x0, 0x0, 0x7f, 0xfe,
    0x0, 0x0, 0x0, 0x0, 0x0, 0xf, 0xff, 0xc0,
    0x0, 0x0, 0x0, 0x0, 0x1, 0xff, 0xf8, 0x0,
    0x0, 0x0, 0x0, 0x0, 0x3f, 0xff, 0x0, 0x0,
    0x0, 0x0, 0x0, 0x7, 0xff, 0xe0, 0x0, 0x0,
    0x0, 0x0, 0x0, 0xff, 0xfc, 0x0, 0x0, 0x0,
    0x0, 0x0, 0x1f, 0xff, 0x80, 0x0, 0x0, 0x0,
    0x0, 0x3, 0xff, 0xf0, 0x0, 0x0, 0x0, 0x0,
    0x0, 0x7f, 0xfe, 0x0, 0x0, 0x0, 0x0, 0x0,
    0xf, 0xff, 0xc0, 0x0, 0x0, 0x0, 0x0, 0x1,
    0xff, 0xf8, 0x0, 0x0, 0x0, 0x0, 0x0, 0x3f,
    0xff, 0x0, 0x0, 0x0, 0x0, 0x0, 0x7, 0xff,
    0xe0, 0x0, 0x0, 0x0, 0x0, 0x0, 0xff, 0xfc,
    0x0, 0x0, 0x0, 0x0, 0x0, 0x1f, 0xff, 0x80,
    0x0, 0x0, 0x0, 0x0, 0x3, 0xff, 0xf0, 0x0,
    0x0, 0x0, 0x0, 0x0, 0x7f, 0xfe, 0x0, 0x0,
    0x0, 0x0, 0x0, 0xf, 0xff, 0xc0, 0x0, 0x0,
    0x0, 0x0, 0x1, 0xff, 0xf8, 0x0, 0x0, 0x0,
    0x0, 0x0, 0x3f, 0xff, 0x0, 0x0, 0x0, 0x0,
    0x0, 0x7, 0xff, 0xe0, 0x0, 0x0, 0x0, 0x0,
    0x0, 0xff, 0xfc, 0x0, 0x0, 0x0, 0x0, 0x0,
    0x1f, 0xff, 0x80, 0x0, 0x0,

    /* U+005A "Z" */
    0xff, 0xff, 0xff, 0xff, 0xff, 0xff, 0xef, 0xff,
    0xff, 0xff, 0xff, 0xff, 0xfe, 0xff, 0xff, 0xff,
    0xff, 0xff, 0xff, 0xef, 0xff, 0xff, 0xff, 0xff,
    0xff, 0xfe, 0xff, 0xff, 0xff, 0xff, 0xff, 0xff,
    0xef, 0xff, 0xff, 0xff, 0xff, 0xff, 0xfe, 0xff,
    0xff, 0xff, 0xff, 0xff, 0xff, 0xef, 0xff, 0xff,
    0xff, 0xff, 0xff, 0xfe, 0xff, 0xff, 0xff, 0xff,
    0xff, 0xff, 0xcf, 0xff, 0xff, 0xff, 0xff, 0xff,
    0xfc, 0x0, 0x0, 0x0, 0x0, 0x1f, 0xff, 0x80,
    0x0, 0x0, 0x0, 0x3, 0xff, 0xf0, 0x0, 0x0,
    0x0, 0x0, 0x3f, 0xff, 0x0, 0x0, 0x0, 0x0,
    0x7, 0xff, 0xe0, 0x0, 0x0, 0x0, 0x0, 0xff,
    0xfc, 0x0, 0x0, 0x0, 0x0, 0x1f, 0xff, 0xc0,
    0x0, 0x0, 0x0, 0x1, 0xff, 0xf8, 0x0, 0x0,
    0x0, 0x0, 0x3f, 0xff, 0x0, 0x0, 0x0, 0x0,
    0x7, 0xff, 0xf0, 0x0, 0x0, 0x0, 0x0, 0x7f,
    0xfe, 0x0, 0x0, 0x0, 0x0, 0xf, 0xff, 0xc0,
    0x0, 0x0, 0x0, 0x1, 0xff, 0xfc, 0x0, 0x0,
    0x0, 0x0, 0x1f, 0xff, 0x80, 0x0, 0x0, 0x0,
    0x3, 0xff, 0xf0, 0x0, 0x0, 0x0, 0x0, 0x7f,
    0xff, 0x0, 0x0, 0x0, 0x0, 0xf, 0xff, 0xe0,
    0x0, 0x0, 0x0, 0x0, 0xff, 0xfc, 0x0, 0x0,
    0x0, 0x0, 0x1f, 0xff, 0xc0, 0x0, 0x0, 0x0,
    0x3, 0xff, 0xf8, 0x0, 0x0, 0x0, 0x0, 0x3f,
    0xff, 0x0, 0x0, 0x0, 0x0, 0x7, 0xff, 0xf0,
    0x0, 0x0, 0x0, 0x0, 0xff, 0xfe, 0x0, 0x0,
    0x0, 0x0, 0xf, 0xff, 0xc0, 0x0, 0x0, 0x0,
    0x1, 0xff, 0xfc, 0x0, 0x0, 0x0, 0x0, 0x3f,
    0xff, 0x80, 0x0, 0x0, 0x0, 0x3, 0xff, 0xf0,
    0x0, 0x0, 0x0, 0x0, 0x7f, 0xff, 0x0, 0x0,
    0x0, 0x0, 0xf, 0xff, 0xe0, 0x0, 0x0, 0x0,
    0x1, 0xff, 0xfc, 0x0, 0x0, 0x0, 0x0, 0x1f,
    0xff, 0xc0, 0x0, 0x0, 0x0, 0x3, 0xff, 0xf8,
    0x0, 0x0, 0x0, 0x0, 0x7f, 0xff, 0x0, 0x0,
    0x0, 0x0, 0x7, 0xff, 0xe0, 0x0, 0x0, 0x0,
    0x0, 0xff, 0xfe, 0x0, 0x0, 0x0, 0x0, 0x1f,
    0xff, 0xc0, 0x0, 0x0, 0x0, 0x1, 0xff, 0xf8,
    0x0, 0x0, 0x0, 0x0, 0x3f, 0xff, 0x80, 0x0,
    0x0, 0x0, 0x7, 0xff, 0xf0, 0x0, 0x0, 0x0,
    0x0, 0xff, 0xfe, 0x0, 0x0, 0x0, 0x0, 0xf,
    0xff, 0xe0, 0x0, 0x0, 0x0, 0x1, 0xff, 0xfc,
    0x0, 0x0, 0x0, 0x0, 0x3f, 0xff, 0x80, 0x0,
    0x0, 0x0, 0x3, 0xff, 0xf8, 0x0, 0x0, 0x0,
    0x0, 0x7f, 0xff, 0x0, 0x0, 0x0, 0x0, 0xf,
    0xff, 0xe0, 0x0, 0x0, 0x0, 0x0, 0xff, 0xfe,
    0x0, 0x0, 0x0, 0x0, 0x1f, 0xff, 0xc0, 0x0,
    0x0, 0x0, 0x3, 0xff, 0xf8, 0x0, 0x0, 0x0,
    0x0, 0x7f, 0xff, 0xff, 0xff, 0xff, 0xff, 0xf7,
    0xff, 0xff, 0xff, 0xff, 0xff, 0xff, 0xff, 0xff,
    0xff, 0xff, 0xff, 0xff, 0xff, 0xff, 0xff, 0xff,
    0xff, 0xff, 0xff, 0xff, 0xff, 0xff, 0xff, 0xff,
    0xff, 0xff, 0xff, 0xff, 0xff, 0xff, 0xff, 0xff,
    0xff, 0xff, 0xff, 0xff, 0xff, 0xff, 0xff, 0xff,
    0xff, 0xff, 0xff, 0xff, 0xff, 0xff, 0xff, 0xff,
    0xff, 0xff, 0xff, 0xff, 0xff, 0xff, 0xff, 0xff,
    0xff, 0xff,

    /* U+005B "[" */
    0xff, 0xff, 0xff, 0xff, 0xff, 0xff, 0xff, 0xff,
    0xff, 0xff, 0xff, 0xff, 0xff, 0xff, 0xff, 0xff,
    0xff, 0xff, 0xff, 0xff, 0xff, 0xff, 0xff, 0xff,
    0xff, 0xff, 0xfc, 0xf, 0xff, 0xc0, 0xff, 0xfc,
    0xf, 0xff, 0xc0, 0xff, 0xfc, 0xf, 0xff, 0xc0,
    0xff, 0xfc, 0xf, 0xff, 0xc0, 0xff, 0xfc, 0xf,
    0xff, 0xc0, 0xff, 0xfc, 0xf, 0xff, 0xc0, 0xff,
    0xfc, 0xf, 0xff, 0xc0, 0xff, 0xfc, 0xf, 0xff,
    0xc0, 0xff, 0xfc, 0xf, 0xff, 0xc0, 0xff, 0xfc,
    0xf, 0xff, 0xc0, 0xff, 0xfc, 0xf, 0xff, 0xc0,
    0xff, 0xfc, 0xf, 0xff, 0xc0, 0xff, 0xfc, 0xf,
    0xff, 0xc0, 0xff, 0xfc, 0xf, 0xff, 0xc0, 0xff,
    0xfc, 0xf, 0xff, 0xc0, 0xff, 0xfc, 0xf, 0xff,
    0xc0, 0xff, 0xfc, 0xf, 0xff, 0xc0, 0xff, 0xfc,
    0xf, 0xff, 0xc0, 0xff, 0xfc, 0xf, 0xff, 0xc0,
    0xff, 0xfc, 0xf, 0xff, 0xc0, 0xff, 0xfc, 0xf,
    0xff, 0xc0, 0xff, 0xfc, 0xf, 0xff, 0xc0, 0xff,
    0xfc, 0xf, 0xff, 0xc0, 0xff, 0xfc, 0xf, 0xff,
    0xc0, 0xff, 0xfc, 0xf, 0xff, 0xc0, 0xff, 0xfc,
    0xf, 0xff, 0xc0, 0xff, 0xfc, 0xf, 0xff, 0xc0,
    0xff, 0xfc, 0xf, 0xff, 0xc0, 0xff, 0xfc, 0xf,
    0xff, 0xc0, 0xff, 0xfc, 0xf, 0xff, 0xc0, 0xff,
    0xfc, 0xf, 0xff, 0xc0, 0xff, 0xfc, 0xf, 0xff,
    0xc0, 0xff, 0xfc, 0xf, 0xff, 0xc0, 0xff, 0xfc,
    0xf, 0xff, 0xc0, 0xff, 0xfc, 0xf, 0xff, 0xc0,
    0xff, 0xfc, 0xf, 0xff, 0xc0, 0xff, 0xfc, 0xf,
    0xff, 0xc0, 0xff, 0xfc, 0xf, 0xff, 0xc0, 0xff,
    0xff, 0xff, 0xff, 0xff, 0xff, 0xff, 0xff, 0xff,
    0xff, 0xff, 0xff, 0xff, 0xff, 0xff, 0xff, 0xff,
    0xff, 0xff, 0xff, 0xff, 0xff, 0xff, 0xff, 0xff,

    /* U+005C "\\" */
    0xff, 0xfc, 0x0, 0x0, 0x0, 0x3f, 0xff, 0x0,
    0x0, 0x0, 0x7, 0xff, 0xe0, 0x0, 0x0, 0x1,
    0xff, 0xf8, 0x0, 0x0, 0x0, 0x7f, 0xfe, 0x0,
    0x0, 0x0, 0xf, 0xff, 0xc0, 0x0, 0x0, 0x3,
    0xff, 0xf0, 0x0, 0x0, 0x0, 0x7f, 0xfe, 0x0,
    0x0, 0x0, 0x1f, 0xff, 0x80, 0x0, 0x0, 0x7,
    0xff, 0xe0, 0x0, 0x0, 0x0, 0xff, 0xfc, 0x0,
    0x0, 0x0, 0x3f, 0xff, 0x0, 0x0, 0x0, 0x7,
    0xff, 0xc0, 0x0, 0x0, 0x1, 0xff, 0xf8, 0x0,
    0x0, 0x0, 0x7f, 0xfe, 0x0, 0x0, 0x0, 0xf,
    0xff, 0xc0, 0x0, 0x0, 0x3, 0xff, 0xf0, 0x0,
    0x0, 0x0, 0xff, 0xfc, 0x0, 0x0, 0x0, 0x1f,
    0xff, 0x80, 0x0, 0x0, 0x7, 0xff, 0xe0, 0x0,
    0x0, 0x0, 0xff, 0xf8, 0x0, 0x0, 0x0, 0x3f,
    0xff, 0x0, 0x0, 0x0, 0xf, 0xff, 0xc0, 0x0,
    0x0, 0x1, 0xff, 0xf8, 0x0, 0x0, 0x0, 0x7f,
    0xfe, 0x0, 0x0, 0x0, 0x1f, 0xff, 0x80, 0x0,
    0x0, 0x3, 0xff, 0xf0, 0x0, 0x0, 0x0, 0xff,
    0xfc, 0x0, 0x0, 0x0, 0x1f, 0xff, 0x80, 0x0,
    0x0, 0x7, 0xff, 0xe0, 0x0, 0x0, 0x1, 0xff,
    0xf8, 0x0, 0x0, 0x0, 0x3f, 0xff, 0x0, 0x0,
    0x0, 0xf, 0xff, 0xc0, 0x0, 0x0, 0x1, 0xff,
    0xf0, 0x0, 0x0, 0x0, 0x7f, 0xfe, 0x0, 0x0,
    0x0, 0x1f, 0xff, 0x80, 0x0, 0x0, 0x3, 0xff,
    0xf0, 0x0, 0x0, 0x0, 0xff, 0xfc, 0x0, 0x0,
    0x0, 0x3f, 0xff, 0x0, 0x0, 0x0, 0x7, 0xff,
    0xe0, 0x0, 0x0, 0x1, 0xff, 0xf8, 0x0, 0x0,
    0x0, 0x3f, 0xff, 0x0, 0x0, 0x0, 0xf, 0xff,
    0xc0, 0x0, 0x0, 0x3, 0xff, 0xf0, 0x0, 0x0,
    0x0, 0x7f, 0xfe, 0x0, 0x0, 0x0, 0x1f, 0xff,
    0x80, 0x0, 0x0, 0x3, 0xff, 0xe0, 0x0, 0x0,
    0x0, 0xff, 0xfc, 0x0, 0x0, 0x0, 0x3f, 0xff,
    0x0, 0x0, 0x0, 0x7, 0xff, 0xe0, 0x0, 0x0,
    0x1, 0xff, 0xf8, 0x0, 0x0, 0x0, 0x7f, 0xfe,
    0x0, 0x0, 0x0, 0xf, 0xff, 0xc0, 0x0, 0x0,
    0x3, 0xff, 0xf0, 0x0, 0x0, 0x0, 0x7f, 0xfc,
    0x0, 0x0, 0x0, 0x1f, 0xff, 0x80, 0x0, 0x0,
    0x7, 0xff, 0xe0, 0x0, 0x0, 0x0, 0xff, 0xfc,
    0x0, 0x0, 0x0, 0x3f, 0xff, 0x0, 0x0, 0x0,
    0xf, 0xff, 0xc0, 0x0, 0x0, 0x1, 0xff, 0xf8,
    0x0, 0x0, 0x0, 0x7f, 0xfe, 0x0, 0x0, 0x0,
    0xf, 0xff, 0xc0, 0x0, 0x0, 0x3, 0xff, 0xf0,
    0x0, 0x0, 0x0, 0xff, 0xfc, 0x0, 0x0, 0x0,
    0x1f, 0xff, 0x80, 0x0, 0x0, 0x7, 0xff, 0xe0,
    0x0, 0x0, 0x0, 0xff, 0xf8, 0x0, 0x0, 0x0,
    0x3f, 0xff, 0x0, 0x0, 0x0, 0xf, 0xff, 0xc0,
    0x0, 0x0, 0x1, 0xff, 0xf8, 0x0, 0x0, 0x0,
    0x7f, 0xfe, 0x0, 0x0, 0x0, 0x1f, 0xff, 0x80,
    0x0, 0x0, 0x3, 0xff, 0xf0, 0x0, 0x0, 0x0,
    0xff, 0xfc,

    /* U+005D "]" */
    0xff, 0xff, 0xff, 0xff, 0xff, 0xff, 0xff, 0xff,
    0xff, 0xff, 0xff, 0xff, 0xff, 0xff, 0xff, 0xff,
    0xff, 0xff, 0xff, 0xff, 0xff, 0xff, 0xff, 0xff,
    0xff, 0xff, 0xc0, 0x7f, 0xfe, 0x3, 0xff, 0xf0,
    0x1f, 0xff, 0x80, 0xff, 0xfc, 0x7, 0xff, 0xe0,
    0x3f, 0xff, 0x1, 0xff, 0xf8, 0xf, 0xff, 0xc0,
    0x7f, 0xfe, 0x3, 0xff, 0xf0, 0x1f, 0xff, 0x80,
    0xff, 0xfc, 0x7, 0xff, 0xe0, 0x3f, 0xff, 0x1,
    0xff, 0xf8, 0xf, 0xff, 0xc0, 0x7f, 0xfe, 0x3,
    0xff, 0xf0, 0x1f, 0xff, 0x80, 0xff, 0xfc, 0x7,
    0xff, 0xe0, 0x3f, 0xff, 0x1, 0xff, 0xf8, 0xf,
    0xff, 0xc0, 0x7f, 0xfe, 0x3, 0xff, 0xf0, 0x1f,
    0xff, 0x80, 0xff, 0xfc, 0x7, 0xff, 0xe0, 0x3f,
    0xff, 0x1, 0xff, 0xf8, 0xf, 0xff, 0xc0, 0x7f,
    0xfe, 0x3, 0xff, 0xf0, 0x1f, 0xff, 0x80, 0xff,
    0xfc, 0x7, 0xff, 0xe0, 0x3f, 0xff, 0x1, 0xff,
    0xf8, 0xf, 0xff, 0xc0, 0x7f, 0xfe, 0x3, 0xff,
    0xf0, 0x1f, 0xff, 0x80, 0xff, 0xfc, 0x7, 0xff,
    0xe0, 0x3f, 0xff, 0x1, 0xff, 0xf8, 0xf, 0xff,
    0xc0, 0x7f, 0xfe, 0x3, 0xff, 0xf0, 0x1f, 0xff,
    0x80, 0xff, 0xfc, 0x7, 0xff, 0xe0, 0x3f, 0xff,
    0x1, 0xff, 0xf8, 0xf, 0xff, 0xc0, 0x7f, 0xfe,
    0x3, 0xff, 0xf0, 0x1f, 0xff, 0x80, 0xff, 0xfc,
    0x7, 0xff, 0xe0, 0x3f, 0xff, 0x1, 0xff, 0xf8,
    0xf, 0xff, 0xc0, 0x7f, 0xfe, 0x3, 0xff, 0xf0,
    0x1f, 0xff, 0x80, 0xff, 0xfc, 0x7, 0xff, 0xe0,
    0x3f, 0xff, 0x1, 0xff, 0xf8, 0xf, 0xff, 0xc0,
    0x7f, 0xfe, 0x3, 0xff, 0xf0, 0x1f, 0xff, 0x80,
    0xff, 0xff, 0xff, 0xff, 0xff, 0xff, 0xff, 0xff,
    0xff, 0xff, 0xff, 0xff, 0xff, 0xff, 0xff, 0xff,
    0xff, 0xff, 0xff, 0xff, 0xff, 0xff, 0xff, 0xff,
    0xff, 0xff, 0xff, 0xff,

    /* U+005E "^" */
    0x0, 0x3, 0xff, 0x0, 0x0, 0x0, 0xf, 0xfc,
    0x0, 0x0, 0x0, 0x7f, 0xf8, 0x0, 0x0, 0x1,
    0xff, 0xe0, 0x0, 0x0, 0xf, 0xff, 0xc0, 0x0,
    0x0, 0x3f, 0xff, 0x0, 0x0, 0x0, 0xff, 0xfc,
    0x0, 0x0, 0x7, 0xff, 0xf8, 0x0, 0x0, 0x1f,
    0xff, 0xe0, 0x0, 0x0, 0xff, 0xff, 0xc0, 0x0,
    0x3, 0xff, 0xff, 0x0, 0x0, 0xf, 0xff, 0xfc,
    0x0, 0x0, 0x7f, 0xff, 0xf8, 0x0, 0x1, 0xff,
    0xff, 0xe0, 0x0, 0xf, 0xfe, 0xff, 0xc0, 0x0,
    0x3f, 0xf3, 0xff, 0x0, 0x0, 0xff, 0xcf, 0xfc,
    0x0, 0x7, 0xfe, 0x1f, 0xf8, 0x0, 0x1f, 0xf8,
    0x7f, 0xe0, 0x0, 0xff, 0xe1, 0xff, 0xc0, 0x3,
    0xff, 0x3, 0xff, 0x0, 0xf, 0xfc, 0xf, 0xfe,
    0x0, 0x7f, 0xf0, 0x1f, 0xf8, 0x1, 0xff, 0x80,
    0x7f, 0xe0, 0xf, 0xfe, 0x1, 0xff, 0xc0, 0x3f,
    0xf0, 0x3, 0xff, 0x0, 0xff, 0xc0, 0xf, 0xfe,
    0x7, 0xff, 0x0, 0x1f, 0xf8, 0x1f, 0xf8, 0x0,
    0x7f, 0xe0, 0xff, 0xe0, 0x1, 0xff, 0xc3, 0xff,
    0x80, 0x3, 0xff, 0xf, 0xfc, 0x0, 0xf, 0xfe,
    0x7f, 0xf0, 0x0, 0x3f, 0xf9, 0xff, 0x80, 0x0,
    0x7f, 0xef, 0xfe, 0x0, 0x1, 0xff, 0xc0,

    /* U+005F "_" */
    0xff, 0xff, 0xff, 0xff, 0xff, 0xff, 0xff, 0xff,
    0xff, 0xff, 0xff, 0xff, 0xff, 0xff, 0xff, 0xff,
    0xff, 0xff, 0xff, 0xff, 0xff, 0xff, 0xff, 0xff,
    0xff, 0xff, 0xff, 0xff, 0xff, 0xff, 0xff, 0xff,
    0xff, 0xff, 0xff, 0xff, 0xff, 0xff, 0xff, 0xff,
    0xff, 0xff, 0xff, 0xff, 0xff, 0xff, 0xff, 0xff,
    0xff, 0xff, 0xff, 0xff, 0xff, 0xfc,

    /* U+0060 "`" */
    0xff, 0xfe, 0x0, 0x7f, 0xfe, 0x0, 0x3f, 0xff,
    0x0, 0x1f, 0xff, 0x80, 0xf, 0xff, 0x80, 0x7,
    0xff, 0xc0, 0x3, 0xff, 0xe0, 0x3, 0xff, 0xe0,
    0x1, 0xff, 0xf0, 0x0, 0xff, 0xf8, 0x0, 0x7f,
    0xf8, 0x0, 0x3f, 0xfc, 0x0, 0x1f, 0xfe, 0x0,
    0xf, 0xfe,

    /* U+0061 "a" */
    0x0, 0x0, 0x7f, 0xf0, 0x0, 0x0, 0x0, 0x3f,
    0xff, 0xf8, 0x0, 0x0, 0x7, 0xff, 0xff, 0xf0,
    0x0, 0x0, 0xff, 0xff, 0xff, 0xe0, 0x0, 0x1f,
    0xff, 0xff, 0xff, 0x80, 0x1, 0xff, 0xff, 0xff,
    0xfe, 0x0, 0x1f, 0xff, 0xff, 0xff, 0xf8, 0x1,
    0xff, 0xff, 0xff, 0xff, 0xe0, 0x1f, 0xff, 0xff,
    0xff, 0xff, 0x80, 0xff, 0xff, 0xff, 0xff, 0xfc,
    0xf, 0xff, 0xf8, 0x1f, 0xff, 0xf0, 0x7f, 0xff,
    0x0, 0x3f, 0xff, 0x83, 0xff, 0xf0, 0x0, 0xff,
    0xfc, 0x3f, 0xff, 0x80, 0x7, 0xff, 0xf1, 0xff,
    0xf8, 0x0, 0x1f, 0xff, 0x8f, 0xff, 0xc0, 0x0,
    0xff, 0xfc, 0x0, 0x0, 0x0, 0x7, 0xff, 0xe0,
    0x0, 0x0, 0x0, 0x3f, 0xff, 0x0, 0x0, 0x0,
    0x1, 0xff, 0xf8, 0x0, 0x0, 0x0, 0xf, 0xff,
    0xc0, 0x0, 0x0, 0x0, 0x7f, 0xfe, 0x0, 0x0,
    0x7f, 0xff, 0xff, 0xf0, 0x0, 0x3f, 0xff, 0xff,
    0xff, 0x80, 0xf, 0xff, 0xff, 0xff, 0xfc, 0x1,
    0xff, 0xff, 0xff, 0xff, 0xe0, 0x1f, 0xff, 0xff,
    0xff, 0xff, 0x3, 0xff, 0xff, 0xff, 0xff, 0xf8,
    0x1f, 0xff, 0xff, 0xff, 0xff, 0xc1, 0xff, 0xff,
    0x0, 0x7f, 0xfe, 0x1f, 0xff, 0xe0, 0x3, 0xff,
    0xf0, 0xff, 0xfc, 0x0, 0x1f, 0xff, 0x8f, 0xff,
    0xc0, 0x0, 0xff, 0xfc, 0x7f, 0xfe, 0x0, 0x7,
    0xff, 0xe7, 0xff, 0xe0, 0x0, 0x3f, 0xff, 0x3f,
    0xff, 0x0, 0x1, 0xff, 0xf9, 0xff, 0xf8, 0x0,
    0xf, 0xff, 0xcf, 0xff, 0xc0, 0x0, 0x7f, 0xfe,
    0x7f, 0xfe, 0x0, 0x3, 0xff, 0xf3, 0xff, 0xf0,
    0x0, 0x3f, 0xff, 0x9f, 0xff, 0xc0, 0x1, 0xff,
    0xfc, 0xff, 0xfe, 0x0, 0x1f, 0xff, 0xe7, 0xff,
    0xf8, 0x1, 0xff, 0xff, 0x1f, 0xff, 0xf0, 0x7f,
    0xff, 0xf8, 0xff, 0xff, 0xff, 0xff, 0xff, 0xc3,
    0xff, 0xff, 0xff, 0xff, 0xfe, 0x1f, 0xff, 0xff,
    0xff, 0xff, 0xf0, 0x7f, 0xff, 0xff, 0xff, 0xff,
    0x81, 0xff, 0xff, 0xff, 0xff, 0xfe, 0x7, 0xff,
    0xff, 0xfb, 0xff, 0xf0, 0x1f, 0xff, 0xff, 0x1f,
    0xff, 0x80, 0x7f, 0xff, 0xf0, 0xff, 0xfc, 0x0,
    0xff, 0xfe, 0x3, 0xff, 0xf0, 0x0, 0xff, 0xc0,
    0x0, 0x0, 0x0,

    /* U+0062 "b" */
    0xff, 0xfc, 0x0, 0x0, 0x0, 0x3, 0xff, 0xf0,
    0x0, 0x0, 0x0, 0xf, 0xff, 0xc0, 0x0, 0x0,
    0x0, 0x3f, 0xff, 0x0, 0x0, 0x0, 0x0, 0xff,
    0xfc, 0x0, 0x0, 0x0, 0x3, 0xff, 0xf0, 0x0,
    0x0, 0x0, 0xf, 0xff, 0xc0, 0x0, 0x0, 0x0,
    0x3f, 0xff, 0x0, 0x0, 0x0, 0x0, 0xff, 0xfc,
    0x0, 0x0, 0x0, 0x3, 0xff, 0xf0, 0x0, 0x0,
    0x0, 0xf, 0xff, 0xc0, 0x0, 0x0, 0x0, 0x3f,
    0xff, 0x0, 0x0, 0x0, 0x0, 0xff, 0xfc, 0x0,
    0x0, 0x0, 0x3, 0xff, 0xf0, 0x0, 0x0, 0x0,
    0xf, 0xff, 0xc0, 0x0, 0x0, 0x0, 0x3f, 0xff,
    0x0, 0x0, 0x0, 0x0, 0xff, 0xfc, 0x0, 0x0,
    0x0, 0x3, 0xff, 0xf0, 0x0, 0x0, 0x0, 0xf,
    0xff, 0xc0, 0x0, 0x0, 0x0, 0x3f, 0xff, 0x0,
    0x0, 0x0, 0x0, 0xff, 0xfc, 0x3, 0xfe, 0x0,
    0x3, 0xff, 0xf0, 0x7f, 0xff, 0x0, 0xf, 0xff,
    0xc7, 0xff, 0xff, 0x0, 0x3f, 0xff, 0x3f, 0xff,
    0xfe, 0x0, 0xff, 0xfd, 0xff, 0xff, 0xfe, 0x3,
    0xff, 0xff, 0xff, 0xff, 0xfc, 0xf, 0xff, 0xff,
    0xff, 0xff, 0xf8, 0x3f, 0xff, 0xff, 0xff, 0xff,
    0xe0, 0xff, 0xff, 0xff, 0xff, 0xff, 0xc3, 0xff,
    0xff, 0xff, 0xff, 0xff, 0xf, 0xff, 0xfe, 0x3,
    0xff, 0xfe, 0x3f, 0xff, 0xe0, 0x7, 0xff, 0xf8,
    0xff, 0xff, 0x0, 0x7, 0xff, 0xf3, 0xff, 0xf8,
    0x0, 0x1f, 0xff, 0xcf, 0xff, 0xc0, 0x0, 0x3f,
    0xff, 0xbf, 0xff, 0x0, 0x0, 0xff, 0xfe, 0xff,
    0xfc, 0x0, 0x1, 0xff, 0xfb, 0xff, 0xf0, 0x0,
    0x7, 0xff, 0xef, 0xff, 0xc0, 0x0, 0x1f, 0xff,
    0xbf, 0xff, 0x0, 0x0, 0x3f, 0xff, 0xff, 0xfc,
    0x0, 0x0, 0xff, 0xff, 0xff, 0xf0, 0x0, 0x3,
    0xff, 0xff, 0xff, 0xc0, 0x0, 0xf, 0xff, 0xff,
    0xff, 0x0, 0x0, 0x3f, 0xff, 0xff, 0xfc, 0x0,
    0x0, 0xff, 0xff, 0xff, 0xf0, 0x0, 0x3, 0xff,
    0xff, 0xff, 0xc0, 0x0, 0xf, 0xff, 0xff, 0xff,
    0x0, 0x0, 0x3f, 0xff, 0xff, 0xfc, 0x0, 0x0,
    0xff, 0xff, 0xff, 0xf0, 0x0, 0x3, 0xff, 0xff,
    0xff, 0xc0, 0x0, 0xf, 0xff, 0xff, 0xff, 0x0,
    0x0, 0x3f, 0xff, 0xff, 0xfc, 0x0, 0x0, 0xff,
    0xff, 0xff, 0xf0, 0x0, 0x3, 0xff, 0xff, 0xff,
    0xc0, 0x0, 0x1f, 0xff, 0xbf, 0xff, 0x0, 0x0,
    0x7f, 0xfe, 0xff, 0xfc, 0x0, 0x1, 0xff, 0xfb,
    0xff, 0xf0, 0x0, 0x7, 0xff, 0xef, 0xff, 0xc0,
    0x0, 0x3f, 0xff, 0xbf, 0xff, 0x80, 0x0, 0xff,
    0xfc, 0xff, 0xff, 0x0, 0x7, 0xff, 0xf3, 0xff,
    0xfe, 0x0, 0x3f, 0xff, 0x8f, 0xff, 0xfe, 0x3,
    0xff, 0xfe, 0x3f, 0xff, 0xff, 0xff, 0xff, 0xf0,
    0xff, 0xff, 0xff, 0xff, 0xff, 0xc3, 0xff, 0xff,
    0xff, 0xff, 0xfe, 0xf, 0xff, 0xff, 0xff, 0xff,
    0xf0, 0x3f, 0xfe, 0xff, 0xff, 0xff, 0xc0, 0xff,
    0xf9, 0xff, 0xff, 0xfe, 0x3, 0xff, 0xe3, 0xff,
    0xff, 0xe0, 0xf, 0xff, 0x87, 0xff, 0xff, 0x0,
    0x3f, 0xfe, 0x7, 0xff, 0xf0, 0x0, 0x0, 0x0,
    0x3, 0xfe, 0x0, 0x0,

    /* U+0063 "c" */
    0x0, 0x0, 0x3f, 0xf0, 0x0, 0x0, 0x0, 0x3f,
    0xff, 0xf0, 0x0, 0x0, 0xf, 0xff, 0xff, 0xc0,
    0x0, 0x3, 0xff, 0xff, 0xff, 0x0, 0x0, 0x7f,
    0xff, 0xff, 0xf8, 0x0, 0xf, 0xff, 0xff, 0xff,
    0xc0, 0x1, 0xff, 0xff, 0xff, 0xfe, 0x0, 0x3f,
    0xff, 0xff, 0xff, 0xf0, 0x7, 0xff, 0xff, 0xff,
    0xff, 0x80, 0xff, 0xff, 0xff, 0xff, 0xfc, 0xf,
    0xff, 0xf0, 0x3f, 0xff, 0xc1, 0xff, 0xfc, 0x0,
    0xff, 0xfc, 0x1f, 0xff, 0x80, 0x7, 0xff, 0xe3,
    0xff, 0xf0, 0x0, 0x7f, 0xfe, 0x3f, 0xff, 0x0,
    0x3, 0xff, 0xe7, 0xff, 0xe0, 0x0, 0x3f, 0xff,
    0x7f, 0xfe, 0x0, 0x1, 0xff, 0xf7, 0xff, 0xe0,
    0x0, 0x1f, 0xff, 0x7f, 0xfe, 0x0, 0x1, 0xff,
    0xf7, 0xff, 0xc0, 0x0, 0x1f, 0xff, 0xff, 0xfc,
    0x0, 0x0, 0x0, 0xf, 0xff, 0xc0, 0x0, 0x0,
    0x0, 0xff, 0xfc, 0x0, 0x0, 0x0, 0xf, 0xff,
    0xc0, 0x0, 0x0, 0x0, 0xff, 0xfc, 0x0, 0x0,
    0x0, 0xf, 0xff, 0xc0, 0x0, 0x0, 0x0, 0xff,
    0xfc, 0x0, 0x0, 0x0, 0xf, 0xff, 0xc0, 0x0,
    0x0, 0x0, 0xff, 0xfc, 0x0, 0x0, 0x0, 0xf,
    0xff, 0xc0, 0x0, 0x0, 0x0, 0xff, 0xfc, 0x0,
    0x0, 0x0, 0xf, 0xff, 0xc0, 0x0, 0x0, 0x0,
    0xff, 0xfc, 0x0, 0x0, 0x0, 0x7, 0xff, 0xc0,
    0x0, 0x0, 0x0, 0x7f, 0xfe, 0x0, 0x0, 0x0,
    0x7, 0xff, 0xe0, 0x0, 0x1f, 0xff, 0x7f, 0xfe,
    0x0, 0x1, 0xff, 0xf7, 0xff, 0xe0, 0x0, 0x1f,
    0xff, 0x3f, 0xff, 0x0, 0x3, 0xff, 0xf3, 0xff,
    0xf0, 0x0, 0x3f, 0xfe, 0x1f, 0xff, 0x80, 0x7,
    0xff, 0xe1, 0xff, 0xfc, 0x0, 0xff, 0xfe, 0xf,
    0xff, 0xf0, 0x3f, 0xff, 0xc0, 0xff, 0xff, 0xff,
    0xff, 0xfc, 0x7, 0xff, 0xff, 0xff, 0xff, 0x80,
    0x3f, 0xff, 0xff, 0xff, 0xf0, 0x1, 0xff, 0xff,
    0xff, 0xfe, 0x0, 0xf, 0xff, 0xff, 0xff, 0xc0,
    0x0, 0x7f, 0xff, 0xff, 0xf8, 0x0, 0x3, 0xff,
    0xff, 0xff, 0x0, 0x0, 0xf, 0xff, 0xff, 0xc0,
    0x0, 0x0, 0x3f, 0xff, 0xf0, 0x0, 0x0, 0x0,
    0x3f, 0xf0, 0x0, 0x0,

    /* U+0064 "d" */
    0x0, 0x0, 0x0, 0x0, 0xff, 0xfc, 0x0, 0x0,
    0x0, 0x3, 0xff, 0xf0, 0x0, 0x0, 0x0, 0xf,
    0xff, 0xc0, 0x0, 0x0, 0x0, 0x3f, 0xff, 0x0,
    0x0, 0x0, 0x0, 0xff, 0xfc, 0x0, 0x0, 0x0,
    0x3, 0xff, 0xf0, 0x0, 0x0, 0x0, 0xf, 0xff,
    0xc0, 0x0, 0x0, 0x0, 0x3f, 0xff, 0x0, 0x0,
    0x0, 0x0, 0xff, 0xfc, 0x0, 0x0, 0x0, 0x3,
    0xff, 0xf0, 0x0, 0x0, 0x0, 0xf, 0xff, 0xc0,
    0x0, 0x0, 0x0, 0x3f, 0xff, 0x0, 0x0, 0x0,
    0x0, 0xff, 0xfc, 0x0, 0x0, 0x0, 0x3, 0xff,
    0xf0, 0x0, 0x0, 0x0, 0xf, 0xff, 0xc0, 0x0,
    0x0, 0x0, 0x3f, 0xff, 0x0, 0x0, 0x0, 0x0,
    0xff, 0xfc, 0x0, 0x0, 0x0, 0x3, 0xff, 0xf0,
    0x0, 0x0, 0x0, 0xf, 0xff, 0xc0, 0x0, 0x0,
    0x0, 0x3f, 0xff, 0x0, 0x1, 0xff, 0x0, 0xff,
    0xfc, 0x0, 0x3f, 0xff, 0x83, 0xff, 0xf0, 0x3,
    0xff, 0xff, 0x8f, 0xff, 0xc0, 0x1f, 0xff, 0xff,
    0x3f, 0xff, 0x0, 0xff, 0xff, 0xfe, 0xff, 0xfc,
    0x7, 0xff, 0xff, 0xff, 0xff, 0xf0, 0x3f, 0xff,
    0xff, 0xff, 0xff, 0xc1, 0xff, 0xff, 0xff, 0xff,
    0xff, 0xf, 0xff, 0xff, 0xff, 0xff, 0xfc, 0x3f,
    0xff, 0xff, 0xff, 0xff, 0xf1, 0xff, 0xff, 0x81,
    0xff, 0xff, 0xc7, 0xff, 0xf8, 0x1, 0xff, 0xff,
    0x3f, 0xff, 0xc0, 0x3, 0xff, 0xfc, 0xff, 0xfe,
    0x0, 0x7, 0xff, 0xf3, 0xff, 0xf0, 0x0, 0x1f,
    0xff, 0xdf, 0xff, 0xc0, 0x0, 0x3f, 0xff, 0x7f,
    0xfe, 0x0, 0x0, 0xff, 0xfd, 0xff, 0xf8, 0x0,
    0x3, 0xff, 0xf7, 0xff, 0xe0, 0x0, 0xf, 0xff,
    0xff, 0xff, 0x80, 0x0, 0x3f, 0xff, 0xff, 0xfc,
    0x0, 0x0, 0xff, 0xff, 0xff, 0xf0, 0x0, 0x3,
    0xff, 0xff, 0xff, 0xc0, 0x0, 0xf, 0xff, 0xff,
    0xff, 0x0, 0x0, 0x3f, 0xff, 0xff, 0xfc, 0x0,
    0x0, 0xff, 0xff, 0xff, 0xf0, 0x0, 0x3, 0xff,
    0xff, 0xff, 0xc0, 0x0, 0xf, 0xff, 0xff, 0xff,
    0x0, 0x0, 0x3f, 0xff, 0xff, 0xfc, 0x0, 0x0,
    0xff, 0xff, 0xff, 0xf0, 0x0, 0x3, 0xff, 0xff,
    0xff, 0xc0, 0x0, 0xf, 0xff, 0xff, 0xff, 0x0,
    0x0, 0x3f, 0xff, 0xff, 0xfc, 0x0, 0x0, 0xff,
    0xff, 0xff, 0xf8, 0x0, 0x3, 0xff, 0xf7, 0xff,
    0xe0, 0x0, 0xf, 0xff, 0xdf, 0xff, 0x80, 0x0,
    0x3f, 0xff, 0x7f, 0xfe, 0x0, 0x0, 0xff, 0xfd,
    0xff, 0xfc, 0x0, 0x3, 0xff, 0xf3, 0xff, 0xf0,
    0x0, 0xf, 0xff, 0xcf, 0xff, 0xe0, 0x0, 0x7f,
    0xff, 0x3f, 0xff, 0xc0, 0x3, 0xff, 0xfc, 0x7f,
    0xff, 0x80, 0x1f, 0xff, 0xf1, 0xff, 0xff, 0x81,
    0xff, 0xff, 0xc3, 0xff, 0xff, 0xff, 0xff, 0xff,
    0xf, 0xff, 0xff, 0xff, 0xff, 0xfc, 0x1f, 0xff,
    0xff, 0xff, 0xff, 0xf0, 0x3f, 0xff, 0xff, 0xff,
    0xff, 0xc0, 0x7f, 0xff, 0xff, 0xdf, 0xff, 0x0,
    0xff, 0xff, 0xfe, 0x7f, 0xfc, 0x1, 0xff, 0xff,
    0xf1, 0xff, 0xf0, 0x3, 0xff, 0xff, 0x87, 0xff,
    0xc0, 0x3, 0xff, 0xf8, 0x1f, 0xff, 0x0, 0x1,
    0xff, 0x0, 0x0, 0x0,

    /* U+0065 "e" */
    0x0, 0x0, 0x3f, 0xf8, 0x0, 0x0, 0x0, 0x7,
    0xff, 0xfe, 0x0, 0x0, 0x0, 0x7f, 0xff, 0xfe,
    0x0, 0x0, 0x7, 0xff, 0xff, 0xfc, 0x0, 0x0,
    0x7f, 0xff, 0xff, 0xfc, 0x0, 0x3, 0xff, 0xff,
    0xff, 0xf8, 0x0, 0x1f, 0xff, 0xff, 0xff, 0xf0,
    0x0, 0xff, 0xff, 0xff, 0xff, 0xe0, 0x7, 0xff,
    0xff, 0xff, 0xff, 0x80, 0x1f, 0xff, 0xff, 0xff,
    0xff, 0x0, 0xff, 0xff, 0x83, 0xff, 0xfe, 0x7,
    0xff, 0xf8, 0x3, 0xff, 0xf8, 0x1f, 0xff, 0xc0,
    0x7, 0xff, 0xf0, 0xff, 0xfe, 0x0, 0xf, 0xff,
    0xc3, 0xff, 0xf0, 0x0, 0x1f, 0xff, 0xf, 0xff,
    0xc0, 0x0, 0x7f, 0xfe, 0x7f, 0xfe, 0x0, 0x1,
    0xff, 0xf9, 0xff, 0xf8, 0x0, 0x3, 0xff, 0xe7,
    0xff, 0xe0, 0x0, 0xf, 0xff, 0x9f, 0xff, 0x80,
    0x0, 0x3f, 0xff, 0xff, 0xfc, 0x0, 0x0, 0xff,
    0xff, 0xff, 0xf0, 0x0, 0x3, 0xff, 0xff, 0xff,
    0xff, 0xff, 0xff, 0xff, 0xff, 0xff, 0xff, 0xff,
    0xff, 0xff, 0xff, 0xff, 0xff, 0xff, 0xff, 0xff,
    0xff, 0xff, 0xff, 0xff, 0xff, 0xff, 0xff, 0xff,
    0xff, 0xff, 0xff, 0xff, 0xff, 0xff, 0xff, 0xff,
    0xff, 0xff, 0xff, 0xff, 0xff, 0xff, 0xff, 0xff,
    0xff, 0xff, 0xff, 0xff, 0xff, 0xff, 0xff, 0xff,
    0xff, 0xff, 0xff, 0xff, 0x0, 0x0, 0x0, 0x0,
    0xff, 0xfc, 0x0, 0x0, 0x0, 0x3, 0xff, 0xf8,
    0x0, 0x0, 0x0, 0x7, 0xff, 0xe0, 0x0, 0x0,
    0x0, 0x1f, 0xff, 0x80, 0x0, 0x0, 0x0, 0x7f,
    0xff, 0x0, 0x0, 0x0, 0x0, 0xff, 0xfc, 0x0,
    0x0, 0x0, 0x3, 0xff, 0xf8, 0x0, 0x0, 0x60,
    0xf, 0xff, 0xf0, 0x0, 0x3, 0xc0, 0x1f, 0xff,
    0xe0, 0x0, 0x3f, 0x80, 0x7f, 0xff, 0xc0, 0x1,
    0xff, 0x0, 0xff, 0xff, 0xe0, 0x3f, 0xfe, 0x1,
    0xff, 0xff, 0xff, 0xff, 0xfc, 0x3, 0xff, 0xff,
    0xff, 0xff, 0xf8, 0xf, 0xff, 0xff, 0xff, 0xff,
    0xc0, 0x1f, 0xff, 0xff, 0xff, 0xfe, 0x0, 0x1f,
    0xff, 0xff, 0xff, 0xf0, 0x0, 0x3f, 0xff, 0xff,
    0xff, 0x0, 0x0, 0x7f, 0xff, 0xff, 0xf8, 0x0,
    0x0, 0x7f, 0xff, 0xff, 0x80, 0x0, 0x0, 0x3f,
    0xff, 0xf8, 0x0, 0x0, 0x0, 0x1f, 0xfe, 0x0,
    0x0,

    /* U+0066 "f" */
    0x0, 0x0, 0x7, 0xff, 0x0, 0x0, 0xf, 0xff,
    0xf0, 0x0, 0xf, 0xff, 0xfc, 0x0, 0xf, 0xff,
    0xff, 0x0, 0x7, 0xff, 0xff, 0xc0, 0x3, 0xff,
    0xff, 0xf0, 0x1, 0xff, 0xff, 0xfc, 0x0, 0x7f,
    0xff, 0xff, 0x0, 0x3f, 0xff, 0xff, 0xc0, 0xf,
    0xff, 0xff, 0xf0, 0x7, 0xff, 0xfc, 0x0, 0x1,
    0xff, 0xfc, 0x0, 0x0, 0x7f, 0xfe, 0x0, 0x0,
    0x3f, 0xff, 0x80, 0x0, 0xf, 0xff, 0xc0, 0x0,
    0x3, 0xff, 0xf0, 0x0, 0x0, 0xff, 0xfc, 0x0,
    0x0, 0x3f, 0xff, 0x0, 0x0, 0xf, 0xff, 0xc0,
    0x0, 0x3, 0xff, 0xf0, 0x0, 0x0, 0xff, 0xfc,
    0x0, 0x0, 0x3f, 0xff, 0x0, 0x0, 0xf, 0xff,
    0xc0, 0x3, 0xff, 0xff, 0xff, 0xfc, 0xff, 0xff,
    0xff, 0xff, 0x3f, 0xff, 0xff, 0xff, 0xcf, 0xff,
    0xff, 0xff, 0xf3, 0xff, 0xff, 0xff, 0xfc, 0xff,
    0xff, 0xff, 0xff, 0x3f, 0xff, 0xff, 0xff, 0xcf,
    0xff, 0xff, 0xff, 0xf3, 0xff, 0xff, 0xff, 0xfc,
    0x0, 0xff, 0xfc, 0x0, 0x0, 0x3f, 0xff, 0x0,
    0x0, 0xf, 0xff, 0xc0, 0x0, 0x3, 0xff, 0xf0,
    0x0, 0x0, 0xff, 0xfc, 0x0, 0x0, 0x3f, 0xff,
    0x0, 0x0, 0xf, 0xff, 0xc0, 0x0, 0x3, 0xff,
    0xf0, 0x0, 0x0, 0xff, 0xfc, 0x0, 0x0, 0x3f,
    0xff, 0x0, 0x0, 0xf, 0xff, 0xc0, 0x0, 0x3,
    0xff, 0xf0, 0x0, 0x0, 0xff, 0xfc, 0x0, 0x0,
    0x3f, 0xff, 0x0, 0x0, 0xf, 0xff, 0xc0, 0x0,
    0x3, 0xff, 0xf0, 0x0, 0x0, 0xff, 0xfc, 0x0,
    0x0, 0x3f, 0xff, 0x0, 0x0, 0xf, 0xff, 0xc0,
    0x0, 0x3, 0xff, 0xf0, 0x0, 0x0, 0xff, 0xfc,
    0x0, 0x0, 0x3f, 0xff, 0x0, 0x0, 0xf, 0xff,
    0xc0, 0x0, 0x3, 0xff, 0xf0, 0x0, 0x0, 0xff,
    0xfc, 0x0, 0x0, 0x3f, 0xff, 0x0, 0x0, 0xf,
    0xff, 0xc0, 0x0, 0x3, 0xff, 0xf0, 0x0, 0x0,
    0xff, 0xfc, 0x0, 0x0, 0x3f, 0xff, 0x0, 0x0,
    0xf, 0xff, 0xc0, 0x0, 0x3, 0xff, 0xf0, 0x0,
    0x0, 0xff, 0xfc, 0x0, 0x0, 0x3f, 0xff, 0x0,
    0x0, 0xf, 0xff, 0xc0, 0x0, 0x3, 0xff, 0xf0,
    0x0, 0x0, 0xff, 0xfc, 0x0, 0x0, 0x3f, 0xff,
    0x0, 0x0, 0xf, 0xff, 0xc0, 0x0, 0x3, 0xff,
    0xf0, 0x0, 0x0, 0xff, 0xfc, 0x0, 0x0, 0x3f,
    0xff, 0x0, 0x0,

    /* U+0067 "g" */
    0x0, 0x0, 0xff, 0xc0, 0x0, 0x0, 0x0, 0xf,
    0xff, 0xf0, 0x7f, 0xfc, 0x0, 0x7f, 0xff, 0xf0,
    0xff, 0xf8, 0x3, 0xff, 0xff, 0xf9, 0xff, 0xf0,
    0xf, 0xff, 0xff, 0xfb, 0xff, 0xe0, 0x3f, 0xff,
    0xff, 0xff, 0xff, 0xc0, 0xff, 0xff, 0xff, 0xff,
    0xff, 0x83, 0xff, 0xff, 0xff, 0xff, 0xff, 0x7,
    0xff, 0xff, 0xff, 0xff, 0xfe, 0x1f, 0xff, 0xff,
    0xff, 0xff, 0xfc, 0x7f, 0xff, 0xe0, 0x3f, 0xff,
    0xf8, 0xff, 0xff, 0x0, 0x1f, 0xff, 0xf3, 0xff,
    0xfc, 0x0, 0x1f, 0xff, 0xe7, 0xff, 0xf0, 0x0,
    0x1f, 0xff, 0xcf, 0xff, 0xe0, 0x0, 0x1f, 0xff,
    0xbf, 0xff, 0x80, 0x0, 0x3f, 0xff, 0x7f, 0xff,
    0x0, 0x0, 0x7f, 0xfe, 0xff, 0xfc, 0x0, 0x0,
    0xff, 0xfd, 0xff, 0xf8, 0x0, 0x1, 0xff, 0xff,
    0xff, 0xf0, 0x0, 0x3, 0xff, 0xff, 0xff, 0xc0,
    0x0, 0x7, 0xff, 0xff, 0xff, 0x80, 0x0, 0xf,
    0xff, 0xff, 0xff, 0x0, 0x0, 0x1f, 0xff, 0xff,
    0xfe, 0x0, 0x0, 0x3f, 0xff, 0xff, 0xfc, 0x0,
    0x0, 0x7f, 0xff, 0xff, 0xf8, 0x0, 0x0, 0xff,
    0xff, 0xff, 0xf0, 0x0, 0x1, 0xff, 0xff, 0xff,
    0xe0, 0x0, 0x3, 0xff, 0xff, 0xff, 0xc0, 0x0,
    0x7, 0xff, 0xff, 0xff, 0x80, 0x0, 0xf, 0xff,
    0xff, 0xff, 0x0, 0x0, 0x1f, 0xff, 0xff, 0xfe,
    0x0, 0x0, 0x3f, 0xff, 0xff, 0xfe, 0x0, 0x0,
    0x7f, 0xfe, 0xff, 0xfc, 0x0, 0x0, 0xff, 0xfd,
    0xff, 0xf8, 0x0, 0x1, 0xff, 0xfb, 0xff, 0xf0,
    0x0, 0x3, 0xff, 0xf7, 0xff, 0xf0, 0x0, 0x7,
    0xff, 0xe7, 0xff, 0xe0, 0x0, 0xf, 0xff, 0xcf,
    0xff, 0xe0, 0x0, 0x3f, 0xff, 0x9f, 0xff, 0xe0,
    0x0, 0xff, 0xff, 0x1f, 0xff, 0xe0, 0x3, 0xff,
    0xfe, 0x3f, 0xff, 0xf0, 0x1f, 0xff, 0xfc, 0x3f,
    0xff, 0xff, 0xff, 0xff, 0xf8, 0x3f, 0xff, 0xff,
    0xff, 0xff, 0xf0, 0x7f, 0xff, 0xff, 0xff, 0xff,
    0xe0, 0x7f, 0xff, 0xff, 0xff, 0xff, 0xc0, 0x7f,
    0xff, 0xff, 0xff, 0xff, 0x80, 0x7f, 0xff, 0xff,
    0xbf, 0xff, 0x0, 0x7f, 0xff, 0xfe, 0x7f, 0xfe,
    0x0, 0x3f, 0xff, 0xf8, 0xff, 0xfc, 0x0, 0x1f,
    0xff, 0xc1, 0xff, 0xf8, 0x0, 0x7, 0xfc, 0x3,
    0xff, 0xf0, 0x0, 0x0, 0x0, 0x7, 0xff, 0xe0,
    0x0, 0x0, 0x0, 0xf, 0xff, 0xc0, 0x0, 0x0,
    0x0, 0x3f, 0xff, 0x80, 0x0, 0x0, 0x0, 0x7f,
    0xff, 0x0, 0x40, 0x0, 0x0, 0xff, 0xfc, 0x1,
    0xc0, 0x0, 0x3, 0xff, 0xf8, 0x7, 0xc0, 0x0,
    0xf, 0xff, 0xf0, 0xf, 0xe0, 0x0, 0x3f, 0xff,
    0xc0, 0x3f, 0xe0, 0x0, 0xff, 0xff, 0x80, 0xff,
    0xf8, 0x7, 0xff, 0xfe, 0x3, 0xff, 0xff, 0xff,
    0xff, 0xfc, 0x7, 0xff, 0xff, 0xff, 0xff, 0xf0,
    0xf, 0xff, 0xff, 0xff, 0xff, 0xc0, 0x1f, 0xff,
    0xff, 0xff, 0xff, 0x0, 0xf, 0xff, 0xff, 0xff,
    0xfc, 0x0, 0xf, 0xff, 0xff, 0xff, 0xf0, 0x0,
    0xf, 0xff, 0xff, 0xff, 0x80, 0x0, 0x7, 0xff,
    0xff, 0xfc, 0x0, 0x0, 0x1, 0xff, 0xff, 0xe0,
    0x0, 0x0, 0x0, 0x3f, 0xf8, 0x0, 0x0,

    /* U+0068 "h" */
    0xff, 0xfc, 0x0, 0x0, 0x0, 0xf, 0xff, 0xc0,
    0x0, 0x0, 0x0, 0xff, 0xfc, 0x0, 0x0, 0x0,
    0xf, 0xff, 0xc0, 0x0, 0x0, 0x0, 0xff, 0xfc,
    0x0, 0x0, 0x0, 0xf, 0xff, 0xc0, 0x0, 0x0,
    0x0, 0xff, 0xfc, 0x0, 0x0, 0x0, 0xf, 0xff,
    0xc0, 0x0, 0x0, 0x0, 0xff, 0xfc, 0x0, 0x0,
    0x0, 0xf, 0xff, 0xc0, 0x0, 0x0, 0x0, 0xff,
    0xfc, 0x0, 0x0, 0x0, 0xf, 0xff, 0xc0, 0x0,
    0x0, 0x0, 0xff, 0xfc, 0x0, 0x0, 0x0, 0xf,
    0xff, 0xc0, 0x0, 0x0, 0x0, 0xff, 0xfc, 0x0,
    0x0, 0x0, 0xf, 0xff, 0xc0, 0x0, 0x0, 0x0,
    0xff, 0xfc, 0x0, 0x0, 0x0, 0xf, 0xff, 0xc0,
    0x0, 0x0, 0x0, 0xff, 0xfc, 0x0, 0x0, 0x0,
    0xf, 0xff, 0xc0, 0x0, 0x0, 0x0, 0xff, 0xfc,
    0x0, 0x0, 0x0, 0xf, 0xff, 0xc0, 0x1f, 0xf0,
    0x0, 0xff, 0xfc, 0xf, 0xff, 0xe0, 0xf, 0xff,
    0xc3, 0xff, 0xff, 0x80, 0xff, 0xfc, 0x7f, 0xff,
    0xfc, 0xf, 0xff, 0xcf, 0xff, 0xff, 0xe0, 0xff,
    0xfd, 0xff, 0xff, 0xff, 0xf, 0xff, 0xff, 0xff,
    0xff, 0xf8, 0xff, 0xff, 0xff, 0xff, 0xff, 0xcf,
    0xff, 0xff, 0xff, 0xff, 0xfc, 0xff, 0xff, 0xff,
    0xff, 0xff, 0xcf, 0xff, 0xfe, 0x3, 0xff, 0xfe,
    0xff, 0xff, 0x80, 0x1f, 0xff, 0xef, 0xff, 0xe0,
    0x0, 0xff, 0xfe, 0xff, 0xfe, 0x0, 0x7, 0xff,
    0xff, 0xff, 0xc0, 0x0, 0x7f, 0xff, 0xff, 0xfc,
    0x0, 0x3, 0xff, 0xff, 0xff, 0xc0, 0x0, 0x3f,
    0xff, 0xff, 0xfc, 0x0, 0x3, 0xff, 0xff, 0xff,
    0xc0, 0x0, 0x3f, 0xff, 0xff, 0xfc, 0x0, 0x3,
    0xff, 0xff, 0xff, 0xc0, 0x0, 0x3f, 0xff, 0xff,
    0xfc, 0x0, 0x3, 0xff, 0xff, 0xff, 0xc0, 0x0,
    0x3f, 0xff, 0xff, 0xfc, 0x0, 0x3, 0xff, 0xff,
    0xff, 0xc0, 0x0, 0x3f, 0xff, 0xff, 0xfc, 0x0,
    0x3, 0xff, 0xff, 0xff, 0xc0, 0x0, 0x3f, 0xff,
    0xff, 0xfc, 0x0, 0x3, 0xff, 0xff, 0xff, 0xc0,
    0x0, 0x3f, 0xff, 0xff, 0xfc, 0x0, 0x3, 0xff,
    0xff, 0xff, 0xc0, 0x0, 0x3f, 0xff, 0xff, 0xfc,
    0x0, 0x3, 0xff, 0xff, 0xff, 0xc0, 0x0, 0x3f,
    0xff, 0xff, 0xfc, 0x0, 0x3, 0xff, 0xff, 0xff,
    0xc0, 0x0, 0x3f, 0xff, 0xff, 0xfc, 0x0, 0x3,
    0xff, 0xff, 0xff, 0xc0, 0x0, 0x3f, 0xff, 0xff,
    0xfc, 0x0, 0x3, 0xff, 0xff, 0xff, 0xc0, 0x0,
    0x3f, 0xff, 0xff, 0xfc, 0x0, 0x3, 0xff, 0xff,
    0xff, 0xc0, 0x0, 0x3f, 0xff, 0xff, 0xfc, 0x0,
    0x3, 0xff, 0xff, 0xff, 0xc0, 0x0, 0x3f, 0xff,
    0xff, 0xfc, 0x0, 0x3, 0xff, 0xff, 0xff, 0xc0,
    0x0, 0x3f, 0xff, 0xff, 0xfc, 0x0, 0x3, 0xff,
    0xff, 0xff, 0xc0, 0x0, 0x3f, 0xff, 0xff, 0xfc,
    0x0, 0x3, 0xff, 0xff, 0xff, 0xc0, 0x0, 0x3f,
    0xff, 0xff, 0xfc, 0x0, 0x3, 0xff, 0xff, 0xff,
    0xc0, 0x0, 0x3f, 0xff, 0xff, 0xfc, 0x0, 0x3,
    0xff, 0xf0,

    /* U+0069 "i" */
    0xf, 0xe0, 0x7f, 0xf1, 0xff, 0xf3, 0xff, 0xef,
    0xff, 0xff, 0xff, 0xff, 0xff, 0xff, 0xff, 0xff,
    0xfe, 0xff, 0xf9, 0xff, 0xf1, 0xff, 0xc0, 0xfe,
    0x0, 0x0, 0x0, 0x0, 0x0, 0x0, 0x0, 0x0,
    0x0, 0x0, 0x0, 0x0, 0x0, 0x7, 0xff, 0xef,
    0xff, 0xdf, 0xff, 0xbf, 0xff, 0x7f, 0xfe, 0xff,
    0xfd, 0xff, 0xfb, 0xff, 0xf7, 0xff, 0xef, 0xff,
    0xdf, 0xff, 0xbf, 0xff, 0x7f, 0xfe, 0xff, 0xfd,
    0xff, 0xfb, 0xff, 0xf7, 0xff, 0xef, 0xff, 0xdf,
    0xff, 0xbf, 0xff, 0x7f, 0xfe, 0xff, 0xfd, 0xff,
    0xfb, 0xff, 0xf7, 0xff, 0xef, 0xff, 0xdf, 0xff,
    0xbf, 0xff, 0x7f, 0xfe, 0xff, 0xfd, 0xff, 0xfb,
    0xff, 0xf7, 0xff, 0xef, 0xff, 0xdf, 0xff, 0xbf,
    0xff, 0x7f, 0xfe, 0xff, 0xfd, 0xff, 0xfb, 0xff,
    0xf7, 0xff, 0xef, 0xff, 0xdf, 0xff, 0xbf, 0xff,
    0x7f, 0xfe, 0xff, 0xfd, 0xff, 0xfb, 0xff, 0xf7,
    0xff, 0xef, 0xff, 0xdf, 0xff, 0x80,

    /* U+006A "j" */
    0x0, 0x3, 0xf8, 0x0, 0x7, 0xff, 0x0, 0x7,
    0xff, 0xc0, 0x3, 0xff, 0xe0, 0x3, 0xff, 0xf8,
    0x1, 0xff, 0xfc, 0x0, 0xff, 0xfe, 0x0, 0x7f,
    0xff, 0x0, 0x3f, 0xff, 0x80, 0xf, 0xff, 0x80,
    0x7, 0xff, 0xc0, 0x1, 0xff, 0xc0, 0x0, 0x3f,
    0x80, 0x0, 0x0, 0x0, 0x0, 0x0, 0x0, 0x0,
    0x0, 0x0, 0x0, 0x0, 0x0, 0x0, 0x0, 0x0,
    0x0, 0x0, 0x0, 0x0, 0x0, 0x0, 0x0, 0x1,
    0xff, 0xf8, 0x0, 0xff, 0xfc, 0x0, 0x7f, 0xfe,
    0x0, 0x3f, 0xff, 0x0, 0x1f, 0xff, 0x80, 0xf,
    0xff, 0xc0, 0x7, 0xff, 0xe0, 0x3, 0xff, 0xf0,
    0x1, 0xff, 0xf8, 0x0, 0xff, 0xfc, 0x0, 0x7f,
    0xfe, 0x0, 0x3f, 0xff, 0x0, 0x1f, 0xff, 0x80,
    0xf, 0xff, 0xc0, 0x7, 0xff, 0xe0, 0x3, 0xff,
    0xf0, 0x1, 0xff, 0xf8, 0x0, 0xff, 0xfc, 0x0,
    0x7f, 0xfe, 0x0, 0x3f, 0xff, 0x0, 0x1f, 0xff,
    0x80, 0xf, 0xff, 0xc0, 0x7, 0xff, 0xe0, 0x3,
    0xff, 0xf0, 0x1, 0xff, 0xf8, 0x0, 0xff, 0xfc,
    0x0, 0x7f, 0xfe, 0x0, 0x3f, 0xff, 0x0, 0x1f,
    0xff, 0x80, 0xf, 0xff, 0xc0, 0x7, 0xff, 0xe0,
    0x3, 0xff, 0xf0, 0x1, 0xff, 0xf8, 0x0, 0xff,
    0xfc, 0x0, 0x7f, 0xfe, 0x0, 0x3f, 0xff, 0x0,
    0x1f, 0xff, 0x80, 0xf, 0xff, 0xc0, 0x7, 0xff,
    0xe0, 0x3, 0xff, 0xf0, 0x1, 0xff, 0xf8, 0x0,
    0xff, 0xfc, 0x0, 0x7f, 0xfe, 0x0, 0x3f, 0xff,
    0x0, 0x1f, 0xff, 0x80, 0xf, 0xff, 0xc0, 0x7,
    0xff, 0xe0, 0x3, 0xff, 0xf0, 0x1, 0xff, 0xf8,
    0x0, 0xff, 0xfc, 0x0, 0x7f, 0xfe, 0x0, 0x3f,
    0xff, 0x0, 0x1f, 0xff, 0x80, 0xf, 0xff, 0xc0,
    0x7, 0xff, 0xe0, 0x3, 0xff, 0xf0, 0x1, 0xff,
    0xf8, 0x1, 0xff, 0xfc, 0x0, 0xff, 0xfe, 0x0,
    0xff, 0xfe, 0x0, 0xff, 0xff, 0x7f, 0xff, 0xff,
    0xbf, 0xff, 0xff, 0x9f, 0xff, 0xff, 0xcf, 0xff,
    0xff, 0xc7, 0xff, 0xff, 0xc3, 0xff, 0xff, 0xc1,
    0xff, 0xff, 0xc0, 0xff, 0xff, 0xc0, 0x7f, 0xff,
    0x80, 0xf, 0xfc, 0x0, 0x0,

    /* U+006B "k" */
    0xff, 0xfc, 0x0, 0x0, 0x0, 0x0, 0xff, 0xfc,
    0x0, 0x0, 0x0, 0x0, 0xff, 0xfc, 0x0, 0x0,
    0x0, 0x0, 0xff, 0xfc, 0x0, 0x0, 0x0, 0x0,
    0xff, 0xfc, 0x0, 0x0, 0x0, 0x0, 0xff, 0xfc,
    0x0, 0x0, 0x0, 0x0, 0xff, 0xfc, 0x0, 0x0,
    0x0, 0x0, 0xff, 0xfc, 0x0, 0x0, 0x0, 0x0,
    0xff, 0xfc, 0x0, 0x0, 0x0, 0x0, 0xff, 0xfc,
    0x0, 0x0, 0x0, 0x0, 0xff, 0xfc, 0x0, 0x0,
    0x0, 0x0, 0xff, 0xfc, 0x0, 0x0, 0x0, 0x0,
    0xff, 0xfc, 0x0, 0x0, 0x0, 0x0, 0xff, 0xfc,
    0x0, 0x0, 0x0, 0x0, 0xff, 0xfc, 0x0, 0x0,
    0x0, 0x0, 0xff, 0xfc, 0x0, 0x0, 0x0, 0x0,
    0xff, 0xfc, 0x0, 0x0, 0x0, 0x0, 0xff, 0xfc,
    0x0, 0x0, 0x0, 0x0, 0xff, 0xfc, 0x0, 0x0,
    0x0, 0x0, 0xff, 0xfc, 0x0, 0x0, 0x0, 0x0,
    0xff, 0xfc, 0x0, 0x0, 0x0, 0x0, 0xff, 0xfc,
    0x0, 0x7, 0xff, 0xfc, 0xff, 0xfc, 0x0, 0xf,
    0xff, 0xf8, 0xff, 0xfc, 0x0, 0xf, 0xff, 0xf0,
    0xff, 0xfc, 0x0, 0x1f, 0xff, 0xe0, 0xff, 0xfc,
    0x0, 0x3f, 0xff, 0xc0, 0xff, 0xfc, 0x0, 0x7f,
    0xff, 0x80, 0xff, 0xfc, 0x0, 0xff, 0xff, 0x0,
    0xff, 0xfc, 0x1, 0xff, 0xfe, 0x0, 0xff, 0xfc,
    0x3, 0xff, 0xfe, 0x0, 0xff, 0xfc, 0x3, 0xff,
    0xfc, 0x0, 0xff, 0xfc, 0x7, 0xff, 0xf8, 0x0,
    0xff, 0xfc, 0xf, 0xff, 0xf0, 0x0, 0xff, 0xfc,
    0x1f, 0xff, 0xe0, 0x0, 0xff, 0xfc, 0x3f, 0xff,
    0xc0, 0x0, 0xff, 0xfc, 0x7f, 0xff, 0x80, 0x0,
    0xff, 0xfc, 0xff, 0xff, 0x0, 0x0, 0xff, 0xfc,
    0xff, 0xff, 0x0, 0x0, 0xff, 0xfd, 0xff, 0xfe,
    0x0, 0x0, 0xff, 0xff, 0xff, 0xfc, 0x0, 0x0,
    0xff, 0xff, 0xff, 0xf8, 0x0, 0x0, 0xff, 0xff,
    0xff, 0xf0, 0x0, 0x0, 0xff, 0xff, 0xff, 0xf0,
    0x0, 0x0, 0xff, 0xff, 0xff, 0xf0, 0x0, 0x0,
    0xff, 0xff, 0xff, 0xf8, 0x0, 0x0, 0xff, 0xff,
    0xff, 0xfc, 0x0, 0x0, 0xff, 0xff, 0xff, 0xfc,
    0x0, 0x0, 0xff, 0xff, 0xff, 0xfe, 0x0, 0x0,
    0xff, 0xff, 0xff, 0xff, 0x0, 0x0, 0xff, 0xff,
    0xff, 0xff, 0x0, 0x0, 0xff, 0xff, 0xff, 0xff,
    0x80, 0x0, 0xff, 0xff, 0xff, 0xff, 0xc0, 0x0,
    0xff, 0xff, 0xcf, 0xff, 0xc0, 0x0, 0xff, 0xff,
    0x8f, 0xff, 0xe0, 0x0, 0xff, 0xff, 0x7, 0xff,
    0xf0, 0x0, 0xff, 0xfe, 0x7, 0xff, 0xf0, 0x0,
    0xff, 0xfc, 0x3, 0xff, 0xf8, 0x0, 0xff, 0xfc,
    0x1, 0xff, 0xfc, 0x0, 0xff, 0xfc, 0x1, 0xff,
    0xfe, 0x0, 0xff, 0xfc, 0x0, 0xff, 0xfe, 0x0,
    0xff, 0xfc, 0x0, 0x7f, 0xff, 0x0, 0xff, 0xfc,
    0x0, 0x7f, 0xff, 0x80, 0xff, 0xfc, 0x0, 0x3f,
    0xff, 0x80, 0xff, 0xfc, 0x0, 0x1f, 0xff, 0xc0,
    0xff, 0xfc, 0x0, 0x1f, 0xff, 0xc0, 0xff, 0xfc,
    0x0, 0xf, 0xff, 0xe0, 0xff, 0xfc, 0x0, 0xf,
    0xff, 0xf0, 0xff, 0xfc, 0x0, 0x7, 0xff, 0xf8,
    0xff, 0xfc, 0x0, 0x3, 0xff, 0xf8, 0xff, 0xfc,
    0x0, 0x3, 0xff, 0xfc, 0xff, 0xfc, 0x0, 0x1,
    0xff, 0xfe, 0xff, 0xfc, 0x0, 0x0, 0xff, 0xfe,

    /* U+006C "l" */
    0xff, 0xff, 0xff, 0xff, 0xff, 0xff, 0xff, 0xff,
    0xff, 0xff, 0xff, 0xff, 0xff, 0xff, 0xff, 0xff,
    0xff, 0xff, 0xff, 0xff, 0xff, 0xff, 0xff, 0xff,
    0xff, 0xff, 0xff, 0xff, 0xff, 0xff, 0xff, 0xff,
    0xff, 0xff, 0xff, 0xff, 0xff, 0xff, 0xff, 0xff,
    0xff, 0xff, 0xff, 0xff, 0xff, 0xff, 0xff, 0xff,
    0xff, 0xff, 0xff, 0xff, 0xff, 0xff, 0xff, 0xff,
    0xff, 0xff, 0xff, 0xff, 0xff, 0xff, 0xff, 0xff,
    0xff, 0xff, 0xff, 0xff, 0xff, 0xff, 0xff, 0xff,
    0xff, 0xff, 0xff, 0xff, 0xff, 0xff, 0xff, 0xff,
    0xff, 0xff, 0xff, 0xff, 0xff, 0xff, 0xff, 0xff,
    0xff, 0xff, 0xff, 0xff, 0xff, 0xff, 0xff, 0xff,
    0xff, 0xff, 0xff, 0xff, 0xff, 0xff, 0xff, 0xff,
    0xff, 0xff, 0xff, 0xff, 0xff, 0xff, 0xff, 0xff,
    0xff, 0xff, 0xff, 0xff, 0xff, 0xff, 0xff, 0xff,
    0xff, 0xff, 0xff, 0xff, 0xff, 0xff,

    /* U+006D "m" */
    0x0, 0x0, 0x1, 0xff, 0x0, 0x0, 0xf, 0xf8,
    0x0, 0x7f, 0xfc, 0x7, 0xff, 0xf0, 0x0, 0x3f,
    0xff, 0x80, 0x3f, 0xfe, 0xf, 0xff, 0xfe, 0x0,
    0x7f, 0xff, 0xf0, 0x1f, 0xff, 0xf, 0xff, 0xff,
    0x80, 0xff, 0xff, 0xfe, 0xf, 0xff, 0x9f, 0xff,
    0xff, 0xe0, 0xff, 0xff, 0xff, 0x87, 0xff, 0xff,
    0xff, 0xff, 0xf8, 0xff, 0xff, 0xff, 0xc3, 0xff,
    0xff, 0xff, 0xff, 0xfe, 0xff, 0xff, 0xff, 0xf1,
    0xff, 0xff, 0xff, 0xff, 0xff, 0xff, 0xff, 0xff,
    0xfc, 0xff, 0xff, 0xff, 0xff, 0xff, 0xff, 0xff,
    0xff, 0xfe, 0x7f, 0xff, 0xff, 0xff, 0xff, 0xff,
    0xff, 0xff, 0xff, 0xbf, 0xff, 0xf8, 0x1f, 0xff,
    0xff, 0xc0, 0x7f, 0xff, 0xdf, 0xff, 0xf0, 0x3,
    0xff, 0xff, 0x80, 0xf, 0xff, 0xef, 0xff, 0xf0,
    0x0, 0xff, 0xff, 0x80, 0x3, 0xff, 0xf7, 0xff,
    0xf0, 0x0, 0x7f, 0xff, 0x80, 0x1, 0xff, 0xff,
    0xff, 0xf0, 0x0, 0x3f, 0xff, 0xc0, 0x0, 0xff,
    0xff, 0xff, 0xf8, 0x0, 0xf, 0xff, 0xc0, 0x0,
    0x3f, 0xff, 0xff, 0xfc, 0x0, 0x7, 0xff, 0xe0,
    0x0, 0x1f, 0xff, 0xff, 0xfe, 0x0, 0x3, 0xff,
    0xf0, 0x0, 0xf, 0xff, 0xff, 0xff, 0x0, 0x1,
    0xff, 0xf8, 0x0, 0x7, 0xff, 0xff, 0xff, 0x80,
    0x0, 0xff, 0xfc, 0x0, 0x3, 0xff, 0xff, 0xff,
    0xc0, 0x0, 0x7f, 0xfe, 0x0, 0x1, 0xff, 0xff,
    0xff, 0xe0, 0x0, 0x3f, 0xff, 0x0, 0x0, 0xff,
    0xff, 0xff, 0xf0, 0x0, 0x1f, 0xff, 0x80, 0x0,
    0x7f, 0xff, 0xff, 0xf8, 0x0, 0xf, 0xff, 0xc0,
    0x0, 0x3f, 0xff, 0xff, 0xfc, 0x0, 0x7, 0xff,
    0xe0, 0x0, 0x1f, 0xff, 0xff, 0xfe, 0x0, 0x3,
    0xff, 0xf0, 0x0, 0xf, 0xff, 0xff, 0xff, 0x0,
    0x1, 0xff, 0xf8, 0x0, 0x7, 0xff, 0xff, 0xff,
    0x80, 0x0, 0xff, 0xfc, 0x0, 0x3, 0xff, 0xff,
    0xff, 0xc0, 0x0, 0x7f, 0xfe, 0x0, 0x1, 0xff,
    0xff, 0xff, 0xe0, 0x0, 0x3f, 0xff, 0x0, 0x0,
    0xff, 0xff, 0xff, 0xf0, 0x0, 0x1f, 0xff, 0x80,
    0x0, 0x7f, 0xff, 0xff, 0xf8, 0x0, 0xf, 0xff,
    0xc0, 0x0, 0x3f, 0xff, 0xff, 0xfc, 0x0, 0x7,
    0xff, 0xe0, 0x0, 0x1f, 0xff, 0xff, 0xfe, 0x0,
    0x3, 0xff, 0xf0, 0x0, 0xf, 0xff, 0xff, 0xff,
    0x0, 0x1, 0xff, 0xf8, 0x0, 0x7, 0xff, 0xff,
    0xff, 0x80, 0x0, 0xff, 0xfc, 0x0, 0x3, 0xff,
    0xff, 0xff, 0xc0, 0x0, 0x7f, 0xfe, 0x0, 0x1,
    0xff, 0xff, 0xff, 0xe0, 0x0, 0x3f, 0xff, 0x0,
    0x0, 0xff, 0xff, 0xff, 0xf0, 0x0, 0x1f, 0xff,
    0x80, 0x0, 0x7f, 0xff, 0xff, 0xf8, 0x0, 0xf,
    0xff, 0xc0, 0x0, 0x3f, 0xff, 0xff, 0xfc, 0x0,
    0x7, 0xff, 0xe0, 0x0, 0x1f, 0xff, 0xff, 0xfe,
    0x0, 0x3, 0xff, 0xf0, 0x0, 0xf, 0xff, 0xff,
    0xff, 0x0, 0x1, 0xff, 0xf8, 0x0, 0x7, 0xff,
    0xff, 0xff, 0x80, 0x0, 0xff, 0xfc, 0x0, 0x3,
    0xff, 0xff, 0xff, 0xc0, 0x0, 0x7f, 0xfe, 0x0,
    0x1, 0xff, 0xff, 0xff, 0xe0, 0x0, 0x3f, 0xff,
    0x0, 0x0, 0xff, 0xff, 0xff, 0xf0, 0x0, 0x1f,
    0xff, 0x80, 0x0, 0x7f, 0xff, 0xff, 0xf8, 0x0,
    0xf, 0xff, 0xc0, 0x0, 0x3f, 0xff, 0xff, 0xfc,
    0x0, 0x7, 0xff, 0xe0, 0x0, 0x1f, 0xff, 0xff,
    0xfe, 0x0, 0x3, 0xff, 0xf0, 0x0, 0xf, 0xff,
    0xff, 0xff, 0x0, 0x1, 0xff, 0xf8, 0x0, 0x7,
    0xff, 0xff, 0xff, 0x80, 0x0, 0xff, 0xfc, 0x0,
    0x3, 0xff, 0xf0,

    /* U+006E "n" */
    0x0, 0x0, 0x1, 0xff, 0x80, 0xf, 0xff, 0x80,
    0xff, 0xff, 0x0, 0xff, 0xf8, 0x3f, 0xff, 0xf8,
    0xf, 0xff, 0x87, 0xff, 0xff, 0xe0, 0xff, 0xf8,
    0xff, 0xff, 0xff, 0xf, 0xff, 0xdf, 0xff, 0xff,
    0xf8, 0xff, 0xff, 0xff, 0xff, 0xff, 0x8f, 0xff,
    0xff, 0xff, 0xff, 0xfc, 0xff, 0xff, 0xff, 0xff,
    0xff, 0xcf, 0xff, 0xff, 0xff, 0xff, 0xfe, 0xff,
    0xff, 0xe0, 0x3f, 0xff, 0xef, 0xff, 0xf8, 0x0,
    0xff, 0xfe, 0xff, 0xff, 0x0, 0x7, 0xff, 0xef,
    0xff, 0xe0, 0x0, 0x7f, 0xff, 0xff, 0xfc, 0x0,
    0x7, 0xff, 0xff, 0xff, 0xc0, 0x0, 0x3f, 0xff,
    0xff, 0xfc, 0x0, 0x3, 0xff, 0xff, 0xff, 0xc0,
    0x0, 0x3f, 0xff, 0xff, 0xfc, 0x0, 0x3, 0xff,
    0xff, 0xff, 0xc0, 0x0, 0x3f, 0xff, 0xff, 0xfc,
    0x0, 0x3, 0xff, 0xff, 0xff, 0xc0, 0x0, 0x3f,
    0xff, 0xff, 0xfc, 0x0, 0x3, 0xff, 0xff, 0xff,
    0xc0, 0x0, 0x3f, 0xff, 0xff, 0xfc, 0x0, 0x3,
    0xff, 0xff, 0xff, 0xc0, 0x0, 0x3f, 0xff, 0xff,
    0xfc, 0x0, 0x3, 0xff, 0xff, 0xff, 0xc0, 0x0,
    0x3f, 0xff, 0xff, 0xfc, 0x0, 0x3, 0xff, 0xff,
    0xff, 0xc0, 0x0, 0x3f, 0xff, 0xff, 0xfc, 0x0,
    0x3, 0xff, 0xff, 0xff, 0xc0, 0x0, 0x3f, 0xff,
    0xff, 0xfc, 0x0, 0x3, 0xff, 0xff, 0xff, 0xc0,
    0x0, 0x3f, 0xff, 0xff, 0xfc, 0x0, 0x3, 0xff,
    0xff, 0xff, 0xc0, 0x0, 0x3f, 0xff, 0xff, 0xfc,
    0x0, 0x3, 0xff, 0xff, 0xff, 0xc0, 0x0, 0x3f,
    0xff, 0xff, 0xfc, 0x0, 0x3, 0xff, 0xff, 0xff,
    0xc0, 0x0, 0x3f, 0xff, 0xff, 0xfc, 0x0, 0x3,
    0xff, 0xff, 0xff, 0xc0, 0x0, 0x3f, 0xff, 0xff,
    0xfc, 0x0, 0x3, 0xff, 0xff, 0xff, 0xc0, 0x0,
    0x3f, 0xff, 0xff, 0xfc, 0x0, 0x3, 0xff, 0xff,
    0xff, 0xc0, 0x0, 0x3f, 0xff, 0xff, 0xfc, 0x0,
    0x3, 0xff, 0xff, 0xff, 0xc0, 0x0, 0x3f, 0xff,
    0xff, 0xfc, 0x0, 0x3, 0xff, 0xff, 0xff, 0xc0,
    0x0, 0x3f, 0xff, 0xff, 0xfc, 0x0, 0x3, 0xff,
    0xff, 0xff, 0xc0, 0x0, 0x3f, 0xff,

    /* U+006F "o" */
    0x0, 0x0, 0x3f, 0xf8, 0x0, 0x0, 0x0, 0x1,
    0xff, 0xff, 0x80, 0x0, 0x0, 0x7, 0xff, 0xff,
    0xe0, 0x0, 0x0, 0x1f, 0xff, 0xff, 0xf8, 0x0,
    0x0, 0x7f, 0xff, 0xff, 0xfe, 0x0, 0x0, 0xff,
    0xff, 0xff, 0xff, 0x0, 0x1, 0xff, 0xff, 0xff,
    0xff, 0x80, 0x3, 0xff, 0xff, 0xff, 0xff, 0xc0,
    0x7, 0xff, 0xff, 0xff, 0xff, 0xe0, 0x7, 0xff,
    0xff, 0xff, 0xff, 0xe0, 0xf, 0xff, 0xf8, 0x1f,
    0xff, 0xf0, 0x1f, 0xff, 0xe0, 0x7, 0xff, 0xf8,
    0x1f, 0xff, 0xc0, 0x3, 0xff, 0xf8, 0x3f, 0xff,
    0x80, 0x1, 0xff, 0xfc, 0x3f, 0xff, 0x0, 0x0,
    0xff, 0xfc, 0x3f, 0xff, 0x0, 0x0, 0xff, 0xfc,
    0x7f, 0xff, 0x0, 0x0, 0xff, 0xfe, 0x7f, 0xfe,
    0x0, 0x0, 0x7f, 0xfe, 0x7f, 0xfe, 0x0, 0x0,
    0x7f, 0xfe, 0x7f, 0xfe, 0x0, 0x0, 0x7f, 0xfe,
    0xff, 0xfc, 0x0, 0x0, 0x3f, 0xff, 0xff, 0xfc,
    0x0, 0x0, 0x3f, 0xff, 0xff, 0xfc, 0x0, 0x0,
    0x3f, 0xff, 0xff, 0xfc, 0x0, 0x0, 0x3f, 0xff,
    0xff, 0xfc, 0x0, 0x0, 0x3f, 0xff, 0xff, 0xfc,
    0x0, 0x0, 0x3f, 0xff, 0xff, 0xfc, 0x0, 0x0,
    0x3f, 0xff, 0xff, 0xfc, 0x0, 0x0, 0x3f, 0xff,
    0xff, 0xfc, 0x0, 0x0, 0x3f, 0xff, 0xff, 0xfc,
    0x0, 0x0, 0x3f, 0xff, 0xff, 0xfc, 0x0, 0x0,
    0x3f, 0xff, 0xff, 0xfc, 0x0, 0x0, 0x3f, 0xff,
    0xff, 0xfc, 0x0, 0x0, 0x3f, 0xff, 0x7f, 0xfe,
    0x0, 0x0, 0x7f, 0xfe, 0x7f, 0xfe, 0x0, 0x0,
    0x7f, 0xfe, 0x7f, 0xfe, 0x0, 0x0, 0x7f, 0xfe,
    0x7f, 0xfe, 0x0, 0x0, 0x7f, 0xfe, 0x3f, 0xff,
    0x0, 0x0, 0xff, 0xfc, 0x3f, 0xff, 0x0, 0x0,
    0xff, 0xfc, 0x3f, 0xff, 0x80, 0x1, 0xff, 0xfc,
    0x1f, 0xff, 0xc0, 0x3, 0xff, 0xf8, 0x1f, 0xff,
    0xe0, 0x7, 0xff, 0xf8, 0xf, 0xff, 0xf8, 0x1f,
    0xff, 0xf0, 0x7, 0xff, 0xff, 0xff, 0xff, 0xe0,
    0x7, 0xff, 0xff, 0xff, 0xff, 0xe0, 0x3, 0xff,
    0xff, 0xff, 0xff, 0xc0, 0x1, 0xff, 0xff, 0xff,
    0xff, 0x80, 0x0, 0xff, 0xff, 0xff, 0xff, 0x0,
    0x0, 0x7f, 0xff, 0xff, 0xfe, 0x0, 0x0, 0x1f,
    0xff, 0xff, 0xf8, 0x0, 0x0, 0x7, 0xff, 0xff,
    0xf0, 0x0, 0x0, 0x1, 0xff, 0xff, 0x80, 0x0,
    0x0, 0x0, 0x3f, 0xfc, 0x0, 0x0,

    /* U+0070 "p" */
    0x0, 0x0, 0x3, 0xfe, 0x0, 0x3, 0xff, 0xe0,
    0x7f, 0xff, 0x0, 0xf, 0xff, 0x87, 0xff, 0xff,
    0x0, 0x3f, 0xfe, 0x3f, 0xff, 0xfe, 0x0, 0xff,
    0xf9, 0xff, 0xff, 0xfe, 0x3, 0xff, 0xef, 0xff,
    0xff, 0xfc, 0xf, 0xff, 0xff, 0xff, 0xff, 0xf0,
    0x3f, 0xff, 0xff, 0xff, 0xff, 0xe0, 0xff, 0xff,
    0xff, 0xff, 0xff, 0xc3, 0xff, 0xff, 0xff, 0xff,
    0xff, 0xf, 0xff, 0xfe, 0x7, 0xff, 0xfe, 0x3f,
    0xff, 0xe0, 0x7, 0xff, 0xf8, 0xff, 0xff, 0x0,
    0xf, 0xff, 0xf3, 0xff, 0xf8, 0x0, 0x1f, 0xff,
    0xcf, 0xff, 0xc0, 0x0, 0x3f, 0xff, 0xbf, 0xff,
    0x0, 0x0, 0xff, 0xfe, 0xff, 0xfc, 0x0, 0x1,
    0xff, 0xfb, 0xff, 0xf0, 0x0, 0x7, 0xff, 0xef,
    0xff, 0xc0, 0x0, 0x1f, 0xff, 0xbf, 0xff, 0x0,
    0x0, 0x7f, 0xff, 0xff, 0xfc, 0x0, 0x0, 0xff,
    0xff, 0xff, 0xf0, 0x0, 0x3, 0xff, 0xff, 0xff,
    0xc0, 0x0, 0xf, 0xff, 0xff, 0xff, 0x0, 0x0,
    0x3f, 0xff, 0xff, 0xfc, 0x0, 0x0, 0xff, 0xff,
    0xff, 0xf0, 0x0, 0x3, 0xff, 0xff, 0xff, 0xc0,
    0x0, 0xf, 0xff, 0xff, 0xff, 0x0, 0x0, 0x3f,
    0xff, 0xff, 0xfc, 0x0, 0x0, 0xff, 0xff, 0xff,
    0xf0, 0x0, 0x3, 0xff, 0xff, 0xff, 0xc0, 0x0,
    0xf, 0xff, 0xff, 0xff, 0x0, 0x0, 0x3f, 0xff,
    0xff, 0xfc, 0x0, 0x1, 0xff, 0xff, 0xff, 0xf0,
    0x0, 0x7, 0xff, 0xef, 0xff, 0xc0, 0x0, 0x1f,
    0xff, 0xbf, 0xff, 0x0, 0x0, 0x7f, 0xfe, 0xff,
    0xfc, 0x0, 0x3, 0xff, 0xfb, 0xff, 0xf0, 0x0,
    0xf, 0xff, 0xcf, 0xff, 0xe0, 0x0, 0x7f, 0xff,
    0x3f, 0xff, 0xc0, 0x3, 0xff, 0xfc, 0xff, 0xff,
    0x80, 0x1f, 0xff, 0xe3, 0xff, 0xff, 0x80, 0xff,
    0xff, 0x8f, 0xff, 0xff, 0xff, 0xff, 0xfc, 0x3f,
    0xff, 0xff, 0xff, 0xff, 0xf0, 0xff, 0xff, 0xff,
    0xff, 0xff, 0x83, 0xff, 0xff, 0xff, 0xff, 0xfc,
    0xf, 0xff, 0xff, 0xff, 0xff, 0xe0, 0x3f, 0xff,
    0xff, 0xff, 0xff, 0x0, 0xff, 0xfc, 0xff, 0xff,
    0xf8, 0x3, 0xff, 0xf1, 0xff, 0xff, 0xc0, 0xf,
    0xff, 0xc1, 0xff, 0xfc, 0x0, 0x3f, 0xff, 0x0,
    0xff, 0x80, 0x0, 0xff, 0xfc, 0x0, 0x0, 0x0,
    0x3, 0xff, 0xf0, 0x0, 0x0, 0x0, 0xf, 0xff,
    0xc0, 0x0, 0x0, 0x0, 0x3f, 0xff, 0x0, 0x0,
    0x0, 0x0, 0xff, 0xfc, 0x0, 0x0, 0x0, 0x3,
    0xff, 0xf0, 0x0, 0x0, 0x0, 0xf, 0xff, 0xc0,
    0x0, 0x0, 0x0, 0x3f, 0xff, 0x0, 0x0, 0x0,
    0x0, 0xff, 0xfc, 0x0, 0x0, 0x0, 0x3, 0xff,
    0xf0, 0x0, 0x0, 0x0, 0xf, 0xff, 0xc0, 0x0,
    0x0, 0x0, 0x3f, 0xff, 0x0, 0x0, 0x0, 0x0,
    0xff, 0xfc, 0x0, 0x0, 0x0, 0x3, 0xff, 0xf0,
    0x0, 0x0, 0x0, 0xf, 0xff, 0xc0, 0x0, 0x0,
    0x0, 0x3f, 0xff, 0x0, 0x0, 0x0, 0x0, 0xff,
    0xfc, 0x0, 0x0, 0x0, 0x3, 0xff, 0xf0, 0x0,
    0x0, 0x0, 0xf, 0xff, 0xc0, 0x0, 0x0, 0x0,
    0x0,

    /* U+0071 "q" */
    0x0, 0x1, 0xff, 0x0, 0x0, 0x0, 0x0, 0x3f,
    0xff, 0x80, 0xff, 0xf0, 0x3, 0xff, 0xff, 0x87,
    0xff, 0xc0, 0x1f, 0xff, 0xff, 0x1f, 0xff, 0x1,
    0xff, 0xff, 0xff, 0x7f, 0xfc, 0xf, 0xff, 0xff,
    0xfd, 0xff, 0xf0, 0x3f, 0xff, 0xff, 0xff, 0xff,
    0xc1, 0xff, 0xff, 0xff, 0xff, 0xff, 0xf, 0xff,
    0xff, 0xff, 0xff, 0xfc, 0x3f, 0xff, 0xff, 0xff,
    0xff, 0xf1, 0xff, 0xff, 0x81, 0xff, 0xff, 0xc7,
    0xff, 0xf8, 0x1, 0xff, 0xff, 0x3f, 0xff, 0xc0,
    0x3, 0xff, 0xfc, 0xff, 0xfe, 0x0, 0x7, 0xff,
    0xf7, 0xff, 0xf0, 0x0, 0xf, 0xff, 0xdf, 0xff,
    0xc0, 0x0, 0x3f, 0xff, 0x7f, 0xfe, 0x0, 0x0,
    0xff, 0xfd, 0xff, 0xf8, 0x0, 0x3, 0xff, 0xf7,
    0xff, 0xe0, 0x0, 0xf, 0xff, 0xff, 0xff, 0x80,
    0x0, 0x3f, 0xff, 0xff, 0xfc, 0x0, 0x0, 0xff,
    0xff, 0xff, 0xf0, 0x0, 0x3, 0xff, 0xff, 0xff,
    0xc0, 0x0, 0xf, 0xff, 0xff, 0xff, 0x0, 0x0,
    0x3f, 0xff, 0xff, 0xfc, 0x0, 0x0, 0xff, 0xff,
    0xff, 0xf0, 0x0, 0x3, 0xff, 0xff, 0xff, 0xc0,
    0x0, 0xf, 0xff, 0xff, 0xff, 0x0, 0x0, 0x3f,
    0xff, 0xff, 0xfc, 0x0, 0x0, 0xff, 0xff, 0xff,
    0xf0, 0x0, 0x3, 0xff, 0xff, 0xff, 0xc0, 0x0,
    0xf, 0xff, 0xff, 0xff, 0x0, 0x0, 0x3f, 0xff,
    0xff, 0xfe, 0x0, 0x0, 0xff, 0xfd, 0xff, 0xf8,
    0x0, 0x3, 0xff, 0xf7, 0xff, 0xe0, 0x0, 0xf,
    0xff, 0xdf, 0xff, 0x80, 0x0, 0x3f, 0xff, 0x7f,
    0xff, 0x0, 0x0, 0xff, 0xfc, 0xff, 0xfc, 0x0,
    0x3, 0xff, 0xf3, 0xff, 0xf8, 0x0, 0x1f, 0xff,
    0xcf, 0xff, 0xf0, 0x0, 0xff, 0xff, 0x1f, 0xff,
    0xe0, 0x7, 0xff, 0xfc, 0x7f, 0xff, 0xe0, 0x7f,
    0xff, 0xf0, 0xff, 0xff, 0xff, 0xff, 0xff, 0xc3,
    0xff, 0xff, 0xff, 0xff, 0xff, 0x7, 0xff, 0xff,
    0xff, 0xff, 0xfc, 0xf, 0xff, 0xff, 0xff, 0xff,
    0xf0, 0x1f, 0xff, 0xff, 0xff, 0xff, 0xc0, 0x3f,
    0xff, 0xff, 0xff, 0xff, 0x0, 0x7f, 0xff, 0xfc,
    0xff, 0xfc, 0x0, 0xff, 0xff, 0xe3, 0xff, 0xf0,
    0x0, 0xff, 0xfe, 0xf, 0xff, 0xc0, 0x0, 0x7f,
    0xc0, 0x3f, 0xff, 0x0, 0x0, 0x0, 0x0, 0xff,
    0xfc, 0x0, 0x0, 0x0, 0x3, 0xff, 0xf0, 0x0,
    0x0, 0x0, 0xf, 0xff, 0xc0, 0x0, 0x0, 0x0,
    0x3f, 0xff, 0x0, 0x0, 0x0, 0x0, 0xff, 0xfc,
    0x0, 0x0, 0x0, 0x3, 0xff, 0xf0, 0x0, 0x0,
    0x0, 0xf, 0xff, 0xc0, 0x0, 0x0, 0x0, 0x3f,
    0xff, 0x0, 0x0, 0x0, 0x0, 0xff, 0xfc, 0x0,
    0x0, 0x0, 0x3, 0xff, 0xf0, 0x0, 0x0, 0x0,
    0xf, 0xff, 0xc0, 0x0, 0x0, 0x0, 0x3f, 0xff,
    0x0, 0x0, 0x0, 0x0, 0xff, 0xfc, 0x0, 0x0,
    0x0, 0x3, 0xff, 0xf0, 0x0, 0x0, 0x0, 0xf,
    0xff, 0xc0, 0x0, 0x0, 0x0, 0x3f, 0xff, 0x0,
    0x0, 0x0, 0x0, 0xff, 0xfc, 0x0, 0x0, 0x0,
    0x3, 0xff, 0xf0, 0x0, 0x0, 0x0, 0xf, 0xff,
    0xc0,

    /* U+0072 "r" */
    0x0, 0x0, 0x7, 0xf7, 0xff, 0xc0, 0xff, 0xff,
    0xfe, 0x1f, 0xff, 0xff, 0xf1, 0xff, 0xff, 0xff,
    0x9f, 0xff, 0xff, 0xff, 0xff, 0xff, 0xff, 0xff,
    0xff, 0xff, 0xff, 0xff, 0xff, 0xff, 0xff, 0xff,
    0xff, 0xff, 0xff, 0xff, 0xff, 0xff, 0xff, 0xff,
    0xff, 0xff, 0xff, 0xff, 0xff, 0xff, 0xff, 0xff,
    0xff, 0xf8, 0x3, 0xff, 0xfe, 0x0, 0x1f, 0xff,
    0xe0, 0x0, 0xff, 0xfe, 0x0, 0x7, 0xff, 0xe0,
    0x0, 0x3f, 0xff, 0x0, 0x1, 0xff, 0xf8, 0x0,
    0xf, 0xff, 0xc0, 0x0, 0x7f, 0xfe, 0x0, 0x3,
    0xff, 0xf0, 0x0, 0x1f, 0xff, 0x80, 0x0, 0xff,
    0xfc, 0x0, 0x7, 0xff, 0xe0, 0x0, 0x3f, 0xff,
    0x0, 0x1, 0xff, 0xf8, 0x0, 0xf, 0xff, 0xc0,
    0x0, 0x7f, 0xfe, 0x0, 0x3, 0xff, 0xf0, 0x0,
    0x1f, 0xff, 0x80, 0x0, 0xff, 0xfc, 0x0, 0x7,
    0xff, 0xe0, 0x0, 0x3f, 0xff, 0x0, 0x1, 0xff,
    0xf8, 0x0, 0xf, 0xff, 0xc0, 0x0, 0x7f, 0xfe,
    0x0, 0x3, 0xff, 0xf0, 0x0, 0x1f, 0xff, 0x80,
    0x0, 0xff, 0xfc, 0x0, 0x7, 0xff, 0xe0, 0x0,
    0x3f, 0xff, 0x0, 0x1, 0xff, 0xf8, 0x0, 0xf,
    0xff, 0xc0, 0x0, 0x7f, 0xfe, 0x0, 0x3, 0xff,
    0xf0, 0x0, 0x1f, 0xff, 0x80, 0x0, 0xff, 0xfc,
    0x0, 0x7, 0xff, 0xe0, 0x0, 0x3f, 0xff, 0x0,
    0x1, 0xff, 0xf8, 0x0, 0x0,

    /* U+0073 "s" */
    0x0, 0x0, 0x7f, 0xf0, 0x0, 0x0, 0x0, 0xff,
    0xff, 0xe0, 0x0, 0x0, 0x7f, 0xff, 0xff, 0x0,
    0x0, 0x3f, 0xff, 0xff, 0xf8, 0x0, 0xf, 0xff,
    0xff, 0xff, 0x80, 0x7, 0xff, 0xff, 0xff, 0xf8,
    0x0, 0xff, 0xff, 0xff, 0xff, 0x80, 0x3f, 0xff,
    0xff, 0xff, 0xf8, 0xf, 0xff, 0xff, 0xff, 0xff,
    0x81, 0xff, 0xfc, 0xf, 0xff, 0xf0, 0x7f, 0xfe,
    0x0, 0x7f, 0xff, 0xf, 0xff, 0x80, 0x7, 0xff,
    0xe3, 0xff, 0xe0, 0x0, 0xff, 0xfe, 0x7f, 0xfc,
    0x0, 0xf, 0xff, 0xcf, 0xff, 0x80, 0x1, 0xff,
    0xf9, 0xff, 0xf0, 0x0, 0x3f, 0xff, 0x3f, 0xfe,
    0x0, 0x0, 0x0, 0x7, 0xff, 0xe0, 0x0, 0x0,
    0x0, 0xff, 0xfe, 0x0, 0x0, 0x0, 0x1f, 0xff,
    0xf0, 0x0, 0x0, 0x1, 0xff, 0xff, 0xc0, 0x0,
    0x0, 0x3f, 0xff, 0xff, 0x80, 0x0, 0x3, 0xff,
    0xff, 0xfe, 0x0, 0x0, 0x7f, 0xff, 0xff, 0xf8,
    0x0, 0x7, 0xff, 0xff, 0xff, 0xe0, 0x0, 0x7f,
    0xff, 0xff, 0xfe, 0x0, 0x7, 0xff, 0xff, 0xff,
    0xf0, 0x0, 0x3f, 0xff, 0xff, 0xff, 0x0, 0x1,
    0xff, 0xff, 0xff, 0xf0, 0x0, 0xf, 0xff, 0xff,
    0xff, 0x0, 0x0, 0x3f, 0xff, 0xff, 0xe0, 0x0,
    0x0, 0xff, 0xff, 0xfe, 0x0, 0x0, 0x1, 0xff,
    0xff, 0xc0, 0x0, 0x0, 0x7, 0xff, 0xfc, 0x0,
    0x0, 0x0, 0x3f, 0xff, 0x80, 0x0, 0x0, 0x3,
    0xff, 0xff, 0xff, 0x80, 0x0, 0x3f, 0xff, 0xff,
    0xf0, 0x0, 0x7, 0xff, 0xff, 0xfe, 0x0, 0x0,
    0xff, 0xff, 0xff, 0xe0, 0x0, 0x1f, 0xff, 0x7f,
    0xfc, 0x0, 0x3, 0xff, 0xef, 0xff, 0xc0, 0x0,
    0xff, 0xf8, 0xff, 0xfc, 0x0, 0x3f, 0xff, 0x1f,
    0xff, 0xf0, 0x1f, 0xff, 0xe1, 0xff, 0xff, 0xff,
    0xff, 0xf8, 0x3f, 0xff, 0xff, 0xff, 0xfe, 0x3,
    0xff, 0xff, 0xff, 0xff, 0x80, 0x3f, 0xff, 0xff,
    0xff, 0xe0, 0x1, 0xff, 0xff, 0xff, 0xf8, 0x0,
    0x1f, 0xff, 0xff, 0xfe, 0x0, 0x0, 0xff, 0xff,
    0xff, 0x0, 0x0, 0x7, 0xff, 0xff, 0x80, 0x0,
    0x0, 0xf, 0xff, 0x0, 0x0,

    /* U+0074 "t" */
    0x0, 0xff, 0xfc, 0x0, 0x1, 0xff, 0xf8, 0x0,
    0x3, 0xff, 0xf0, 0x0, 0x7, 0xff, 0xe0, 0x0,
    0xf, 0xff, 0xc0, 0x0, 0x1f, 0xff, 0x80, 0x0,
    0x3f, 0xff, 0x0, 0x0, 0x7f, 0xfe, 0x0, 0x0,
    0xff, 0xfc, 0x0, 0x1, 0xff, 0xf8, 0x0, 0x3,
    0xff, 0xf0, 0x0, 0x7, 0xff, 0xe0, 0x0, 0xf,
    0xff, 0xc0, 0x1f, 0xff, 0xff, 0xff, 0xbf, 0xff,
    0xff, 0xff, 0x7f, 0xff, 0xff, 0xfe, 0xff, 0xff,
    0xff, 0xfd, 0xff, 0xff, 0xff, 0xfb, 0xff, 0xff,
    0xff, 0xf7, 0xff, 0xff, 0xff, 0xef, 0xff, 0xff,
    0xff, 0xdf, 0xff, 0xff, 0xff, 0x80, 0x3f, 0xff,
    0x0, 0x0, 0x7f, 0xfe, 0x0, 0x0, 0xff, 0xfc,
    0x0, 0x1, 0xff, 0xf8, 0x0, 0x3, 0xff, 0xf0,
    0x0, 0x7, 0xff, 0xe0, 0x0, 0xf, 0xff, 0xc0,
    0x0, 0x1f, 0xff, 0x80, 0x0, 0x3f, 0xff, 0x0,
    0x0, 0x7f, 0xfe, 0x0, 0x0, 0xff, 0xfc, 0x0,
    0x1, 0xff, 0xf8, 0x0, 0x3, 0xff, 0xf0, 0x0,
    0x7, 0xff, 0xe0, 0x0, 0xf, 0xff, 0xc0, 0x0,
    0x1f, 0xff, 0x80, 0x0, 0x3f, 0xff, 0x0, 0x0,
    0x7f, 0xfe, 0x0, 0x0, 0xff, 0xfc, 0x0, 0x1,
    0xff, 0xf8, 0x0, 0x3, 0xff, 0xf0, 0x0, 0x7,
    0xff, 0xe0, 0x0, 0xf, 0xff, 0xc0, 0x0, 0x1f,
    0xff, 0x80, 0x0, 0x3f, 0xff, 0x0, 0x0, 0x7f,
    0xfe, 0x0, 0x0, 0xff, 0xfc, 0x0, 0x1, 0xff,
    0xf8, 0x0, 0x3, 0xff, 0xf0, 0x0, 0x7, 0xff,
    0xf0, 0x0, 0xf, 0xff, 0xe0, 0x0, 0x1f, 0xff,
    0xf8, 0xc0, 0x3f, 0xff, 0xff, 0x80, 0x3f, 0xff,
    0xff, 0x0, 0x7f, 0xff, 0xfe, 0x0, 0xff, 0xff,
    0xfc, 0x0, 0xff, 0xff, 0xf8, 0x0, 0xff, 0xff,
    0xf0, 0x1, 0xff, 0xff, 0xe0, 0x1, 0xff, 0xff,
    0xc0, 0x0, 0xff, 0xff, 0x80, 0x0, 0x7f, 0xfe,
    0x0, 0x0, 0x6, 0x0,

    /* U+0075 "u" */
    0xff, 0xfc, 0x0, 0x1, 0xff, 0xff, 0xff, 0xc0,
    0x0, 0x1f, 0xff, 0xff, 0xfc, 0x0, 0x1, 0xff,
    0xff, 0xff, 0xc0, 0x0, 0x1f, 0xff, 0xff, 0xfc,
    0x0, 0x1, 0xff, 0xff, 0xff, 0xc0, 0x0, 0x1f,
    0xff, 0xff, 0xfc, 0x0, 0x1, 0xff, 0xff, 0xff,
    0xc0, 0x0, 0x1f, 0xff, 0xff, 0xfc, 0x0, 0x1,
    0xff, 0xff, 0xff, 0xc0, 0x0, 0x1f, 0xff, 0xff,
    0xfc, 0x0, 0x1, 0xff, 0xff, 0xff, 0xc0, 0x0,
    0x1f, 0xff, 0xff, 0xfc, 0x0, 0x1, 0xff, 0xff,
    0xff, 0xc0, 0x0, 0x1f, 0xff, 0xff, 0xfc, 0x0,
    0x1, 0xff, 0xff, 0xff, 0xc0, 0x0, 0x1f, 0xff,
    0xff, 0xfc, 0x0, 0x1, 0xff, 0xff, 0xff, 0xc0,
    0x0, 0x1f, 0xff, 0xff, 0xfc, 0x0, 0x1, 0xff,
    0xff, 0xff, 0xc0, 0x0, 0x1f, 0xff, 0xff, 0xfc,
    0x0, 0x1, 0xff, 0xff, 0xff, 0xc0, 0x0, 0x1f,
    0xff, 0xff, 0xfc, 0x0, 0x1, 0xff, 0xff, 0xff,
    0xc0, 0x0, 0x1f, 0xff, 0xff, 0xfc, 0x0, 0x1,
    0xff, 0xff, 0xff, 0xc0, 0x0, 0x1f, 0xff, 0xff,
    0xfc, 0x0, 0x1, 0xff, 0xff, 0xff, 0xc0, 0x0,
    0x1f, 0xff, 0xff, 0xfc, 0x0, 0x1, 0xff, 0xff,
    0xff, 0xc0, 0x0, 0x1f, 0xff, 0xff, 0xfc, 0x0,
    0x1, 0xff, 0xff, 0xff, 0xc0, 0x0, 0x1f, 0xff,
    0xff, 0xfc, 0x0, 0x1, 0xff, 0xff, 0xff, 0xc0,
    0x0, 0x1f, 0xff, 0xff, 0xfc, 0x0, 0x1, 0xff,
    0xff, 0xff, 0xc0, 0x0, 0x1f, 0xff, 0xff, 0xfc,
    0x0, 0x1, 0xff, 0xff, 0xff, 0xe0, 0x0, 0x3f,
    0xff, 0xff, 0xfe, 0x0, 0x7, 0xff, 0xf7, 0xff,
    0xf0, 0x0, 0xff, 0xff, 0x7f, 0xff, 0x0, 0x1f,
    0xff, 0xf7, 0xff, 0xfc, 0x7, 0xff, 0xff, 0x3f,
    0xff, 0xff, 0xff, 0xff, 0xf3, 0xff, 0xff, 0xff,
    0xff, 0xff, 0x3f, 0xff, 0xff, 0xff, 0xff, 0xf1,
    0xff, 0xff, 0xff, 0xff, 0xff, 0xf, 0xff, 0xff,
    0xfd, 0xff, 0xf0, 0x7f, 0xff, 0xff, 0x9f, 0xff,
    0x3, 0xff, 0xff, 0xf1, 0xff, 0xf0, 0x1f, 0xff,
    0xfe, 0x1f, 0xff, 0x0, 0x7f, 0xff, 0x81, 0xff,
    0xf0, 0x0, 0xff, 0xc0, 0x0, 0x0,

    /* U+0076 "v" */
    0xff, 0xfe, 0x0, 0x0, 0x7f, 0xff, 0x7f, 0xfe,
    0x0, 0x0, 0x7f, 0xfe, 0x7f, 0xfe, 0x0, 0x0,
    0x7f, 0xfe, 0x7f, 0xfe, 0x0, 0x0, 0x7f, 0xfe,
    0x3f, 0xff, 0x0, 0x0, 0xff, 0xfc, 0x3f, 0xff,
    0x0, 0x0, 0xff, 0xfc, 0x3f, 0xff, 0x0, 0x0,
    0xff, 0xfc, 0x1f, 0xff, 0x80, 0x1, 0xff, 0xf8,
    0x1f, 0xff, 0x80, 0x1, 0xff, 0xf8, 0x1f, 0xff,
    0x80, 0x1, 0xff, 0xf8, 0xf, 0xff, 0x80, 0x1,
    0xff, 0xf0, 0xf, 0xff, 0xc0, 0x3, 0xff, 0xf0,
    0xf, 0xff, 0xc0, 0x3, 0xff, 0xf0, 0x7, 0xff,
    0xc0, 0x3, 0xff, 0xe0, 0x7, 0xff, 0xc0, 0x7,
    0xff, 0xe0, 0x7, 0xff, 0xe0, 0x7, 0xff, 0xe0,
    0x3, 0xff, 0xe0, 0x7, 0xff, 0xc0, 0x3, 0xff,
    0xe0, 0x7, 0xff, 0xc0, 0x3, 0xff, 0xf0, 0xf,
    0xff, 0xc0, 0x1, 0xff, 0xf0, 0xf, 0xff, 0x80,
    0x1, 0xff, 0xf0, 0xf, 0xff, 0x80, 0x1, 0xff,
    0xf0, 0xf, 0xff, 0x80, 0x0, 0xff, 0xf8, 0x1f,
    0xff, 0x0, 0x0, 0xff, 0xf8, 0x1f, 0xff, 0x0,
    0x0, 0xff, 0xf8, 0x1f, 0xfe, 0x0, 0x0, 0x7f,
    0xfc, 0x3f, 0xfe, 0x0, 0x0, 0x7f, 0xfc, 0x3f,
    0xfe, 0x0, 0x0, 0x7f, 0xfc, 0x3f, 0xfc, 0x0,
    0x0, 0x3f, 0xfc, 0x3f, 0xfc, 0x0, 0x0, 0x3f,
    0xfe, 0x7f, 0xfc, 0x0, 0x0, 0x3f, 0xfe, 0x7f,
    0xf8, 0x0, 0x0, 0x1f, 0xfe, 0x7f, 0xf8, 0x0,
    0x0, 0x1f, 0xff, 0xff, 0xf8, 0x0, 0x0, 0x1f,
    0xff, 0xff, 0xf0, 0x0, 0x0, 0xf, 0xff, 0xff,
    0xf0, 0x0, 0x0, 0xf, 0xff, 0xff, 0xf0, 0x0,
    0x0, 0xf, 0xff, 0xff, 0xe0, 0x0, 0x0, 0x7,
    0xff, 0xff, 0xe0, 0x0, 0x0, 0x7, 0xff, 0xff,
    0xe0, 0x0, 0x0, 0x7, 0xff, 0xff, 0xc0, 0x0,
    0x0, 0x3, 0xff, 0xff, 0xc0, 0x0, 0x0, 0x3,
    0xff, 0xff, 0xc0, 0x0, 0x0, 0x1, 0xff, 0xff,
    0x80, 0x0, 0x0, 0x1, 0xff, 0xff, 0x80, 0x0,
    0x0, 0x1, 0xff, 0xff, 0x80, 0x0, 0x0, 0x0,
    0xff, 0xff, 0x0, 0x0, 0x0, 0x0, 0xff, 0xff,
    0x0, 0x0, 0x0, 0x0, 0xff, 0xff, 0x0, 0x0,
    0x0, 0x0, 0x7f, 0xfe, 0x0, 0x0, 0x0, 0x0,
    0x7f, 0xfe, 0x0, 0x0, 0x0, 0x0, 0x7f, 0xfe,
    0x0, 0x0,

    /* U+0077 "w" */
    0xff, 0xf8, 0x0, 0x7, 0xfe, 0x0, 0x1, 0xff,
    0xff, 0xff, 0x80, 0x0, 0x7f, 0xe0, 0x0, 0x3f,
    0xfe, 0x7f, 0xfc, 0x0, 0xf, 0xff, 0x0, 0x3,
    0xff, 0xe7, 0xff, 0xc0, 0x0, 0xff, 0xf0, 0x0,
    0x3f, 0xfe, 0x7f, 0xfc, 0x0, 0xf, 0xff, 0x0,
    0x3, 0xff, 0xe7, 0xff, 0xc0, 0x0, 0xff, 0xf0,
    0x0, 0x3f, 0xfc, 0x3f, 0xfc, 0x0, 0x1f, 0xff,
    0x80, 0x7, 0xff, 0xc3, 0xff, 0xe0, 0x1, 0xff,
    0xf8, 0x0, 0x7f, 0xfc, 0x3f, 0xfe, 0x0, 0x1f,
    0xff, 0x80, 0x7, 0xff, 0xc3, 0xff, 0xe0, 0x3,
    0xff, 0xfc, 0x0, 0x7f, 0xf8, 0x1f, 0xfe, 0x0,
    0x3f, 0xff, 0xc0, 0x7, 0xff, 0x81, 0xff, 0xf0,
    0x3, 0xff, 0xfc, 0x0, 0xff, 0xf8, 0x1f, 0xff,
    0x0, 0x3f, 0xff, 0xc0, 0xf, 0xff, 0x81, 0xff,
    0xf0, 0x7, 0xff, 0xfe, 0x0, 0xff, 0xf0, 0xf,
    0xff, 0x0, 0x7f, 0xff, 0xe0, 0xf, 0xff, 0x0,
    0xff, 0xf0, 0x7, 0xff, 0xfe, 0x0, 0xff, 0xf0,
    0xf, 0xff, 0x80, 0xff, 0xff, 0xf0, 0x1f, 0xff,
    0x0, 0xff, 0xf8, 0xf, 0xff, 0xff, 0x1, 0xff,
    0xe0, 0x7, 0xff, 0x80, 0xff, 0xff, 0xf0, 0x1f,
    0xfe, 0x0, 0x7f, 0xf8, 0xf, 0xff, 0xff, 0x1,
    0xff, 0xe0, 0x7, 0xff, 0x81, 0xff, 0x9f, 0xf8,
    0x3f, 0xfe, 0x0, 0x3f, 0xfc, 0x1f, 0xf9, 0xff,
    0x83, 0xff, 0xc0, 0x3, 0xff, 0xc1, 0xff, 0x9f,
    0xf8, 0x3f, 0xfc, 0x0, 0x3f, 0xfc, 0x3f, 0xf0,
    0xff, 0xc3, 0xff, 0xc0, 0x3, 0xff, 0xc3, 0xff,
    0xf, 0xfc, 0x3f, 0xfc, 0x0, 0x1f, 0xfc, 0x3f,
    0xf0, 0xff, 0xc7, 0xff, 0x80, 0x1, 0xff, 0xe3,
    0xff, 0xf, 0xfc, 0x7f, 0xf8, 0x0, 0x1f, 0xfe,
    0x7f, 0xe0, 0x7f, 0xe7, 0xff, 0x80, 0x1, 0xff,
    0xe7, 0xfe, 0x7, 0xfe, 0x7f, 0xf8, 0x0, 0xf,
    0xfe, 0x7f, 0xe0, 0x7f, 0xe7, 0xff, 0x0, 0x0,
    0xff, 0xef, 0xfc, 0x3, 0xfe, 0xff, 0xf0, 0x0,
    0xf, 0xff, 0xff, 0xc0, 0x3f, 0xff, 0xff, 0x0,
    0x0, 0xff, 0xff, 0xfc, 0x3, 0xff, 0xff, 0xf0,
    0x0, 0x7, 0xff, 0xff, 0x80, 0x1f, 0xff, 0xfe,
    0x0, 0x0, 0x7f, 0xff, 0xf8, 0x1, 0xff, 0xff,
    0xe0, 0x0, 0x7, 0xff, 0xff, 0x80, 0x1f, 0xff,
    0xfe, 0x0, 0x0, 0x7f, 0xff, 0xf8, 0x1, 0xff,
    0xff, 0xe0, 0x0, 0x3, 0xff, 0xff, 0x0, 0xf,
    0xff, 0xfc, 0x0, 0x0, 0x3f, 0xff, 0xf0, 0x0,
    0xff, 0xff, 0xc0, 0x0, 0x3, 0xff, 0xff, 0x0,
    0xf, 0xff, 0xfc, 0x0, 0x0, 0x3f, 0xff, 0xe0,
    0x0, 0x7f, 0xff, 0xc0, 0x0, 0x1, 0xff, 0xfe,
    0x0, 0x7, 0xff, 0xf8, 0x0, 0x0, 0x1f, 0xff,
    0xe0, 0x0, 0x7f, 0xff, 0x80, 0x0, 0x1, 0xff,
    0xfe, 0x0, 0x7, 0xff, 0xf8, 0x0, 0x0, 0x1f,
    0xff, 0xc0, 0x0, 0x3f, 0xff, 0x80, 0x0, 0x0,
    0xff, 0xfc, 0x0, 0x3, 0xff, 0xf0, 0x0, 0x0,
    0xf, 0xff, 0xc0, 0x0, 0x3f, 0xff, 0x0, 0x0,
    0x0, 0xff, 0xf8, 0x0, 0x1, 0xff, 0xf0, 0x0,
    0x0, 0xf, 0xff, 0x80, 0x0, 0x1f, 0xff, 0x0,
    0x0, 0x0, 0x7f, 0xf8, 0x0, 0x1, 0xff, 0xe0,
    0x0, 0x0, 0x7, 0xff, 0x0, 0x0, 0xf, 0xfe,
    0x0, 0x0,

    /* U+0078 "x" */
    0x7f, 0xfe, 0x0, 0x0, 0xff, 0xfc, 0x7f, 0xfe,
    0x0, 0x3, 0xff, 0xf8, 0xff, 0xfc, 0x0, 0x7,
    0xff, 0xe0, 0xff, 0xfc, 0x0, 0x1f, 0xff, 0xc1,
    0xff, 0xfc, 0x0, 0x3f, 0xff, 0x1, 0xff, 0xf8,
    0x0, 0xff, 0xfc, 0x3, 0xff, 0xf8, 0x1, 0xff,
    0xf8, 0x3, 0xff, 0xf0, 0x7, 0xff, 0xe0, 0x3,
    0xff, 0xf0, 0x1f, 0xff, 0xc0, 0x7, 0xff, 0xe0,
    0x3f, 0xff, 0x0, 0x7, 0xff, 0xe0, 0xff, 0xfe,
    0x0, 0xf, 0xff, 0xc1, 0xff, 0xf8, 0x0, 0xf,
    0xff, 0xc7, 0xff, 0xe0, 0x0, 0x1f, 0xff, 0x8f,
    0xff, 0xc0, 0x0, 0x1f, 0xff, 0xbf, 0xff, 0x0,
    0x0, 0x1f, 0xff, 0xff, 0xfe, 0x0, 0x0, 0x3f,
    0xff, 0xff, 0xf8, 0x0, 0x0, 0x3f, 0xff, 0xff,
    0xe0, 0x0, 0x0, 0x7f, 0xff, 0xff, 0xc0, 0x0,
    0x0, 0x7f, 0xff, 0xff, 0x0, 0x0, 0x0, 0xff,
    0xff, 0xfe, 0x0, 0x0, 0x0, 0xff, 0xff, 0xf8,
    0x0, 0x0, 0x0, 0xff, 0xff, 0xf0, 0x0, 0x0,
    0x1, 0xff, 0xff, 0xc0, 0x0, 0x0, 0x1, 0xff,
    0xff, 0x0, 0x0, 0x0, 0x3, 0xff, 0xff, 0x0,
    0x0, 0x0, 0xf, 0xff, 0xfe, 0x0, 0x0, 0x0,
    0x1f, 0xff, 0xfe, 0x0, 0x0, 0x0, 0x7f, 0xff,
    0xfc, 0x0, 0x0, 0x1, 0xff, 0xff, 0xfc, 0x0,
    0x0, 0x3, 0xff, 0xff, 0xf8, 0x0, 0x0, 0xf,
    0xff, 0xff, 0xf8, 0x0, 0x0, 0x1f, 0xff, 0xff,
    0xf8, 0x0, 0x0, 0x7f, 0xff, 0xff, 0xf0, 0x0,
    0x0, 0xff, 0xff, 0xff, 0xf0, 0x0, 0x3, 0xff,
    0xf7, 0xff, 0xe0, 0x0, 0xf, 0xff, 0xe7, 0xff,
    0xe0, 0x0, 0x1f, 0xff, 0x8f, 0xff, 0xc0, 0x0,
    0x7f, 0xfe, 0xf, 0xff, 0xc0, 0x0, 0xff, 0xfc,
    0x1f, 0xff, 0xc0, 0x3, 0xff, 0xf0, 0x1f, 0xff,
    0x80, 0xf, 0xff, 0xe0, 0x3f, 0xff, 0x80, 0x1f,
    0xff, 0x80, 0x3f, 0xff, 0x0, 0x7f, 0xff, 0x0,
    0x3f, 0xff, 0x0, 0xff, 0xfc, 0x0, 0x7f, 0xfe,
    0x3, 0xff, 0xf8, 0x0, 0x7f, 0xfe, 0x7, 0xff,
    0xe0, 0x0, 0xff, 0xfe, 0x1f, 0xff, 0x80, 0x0,
    0xff, 0xfc, 0x7f, 0xff, 0x0, 0x1, 0xff, 0xfc,
    0xff, 0xfc, 0x0, 0x1, 0xff, 0xfb, 0xff, 0xf8,
    0x0, 0x3, 0xff, 0xf8,

    /* U+0079 "y" */
    0xff, 0xfc, 0x0, 0x0, 0x7f, 0xff, 0xff, 0xfc,
    0x0, 0x0, 0x7f, 0xfe, 0xff, 0xfe, 0x0, 0x0,
    0x7f, 0xfe, 0x7f, 0xfe, 0x0, 0x0, 0xff, 0xfe,
    0x7f, 0xfe, 0x0, 0x0, 0xff, 0xfc, 0x7f, 0xff,
    0x0, 0x0, 0xff, 0xfc, 0x3f, 0xff, 0x0, 0x1,
    0xff, 0xfc, 0x3f, 0xff, 0x0, 0x1, 0xff, 0xf8,
    0x3f, 0xff, 0x0, 0x1, 0xff, 0xf8, 0x1f, 0xff,
    0x80, 0x3, 0xff, 0xf0, 0x1f, 0xff, 0x80, 0x3,
    0xff, 0xf0, 0x1f, 0xff, 0x80, 0x3, 0xff, 0xf0,
    0xf, 0xff, 0xc0, 0x3, 0xff, 0xe0, 0xf, 0xff,
    0xc0, 0x7, 0xff, 0xe0, 0xf, 0xff, 0xc0, 0x7,
    0xff, 0xe0, 0x7, 0xff, 0xc0, 0x7, 0xff, 0xc0,
    0x7, 0xff, 0xe0, 0xf, 0xff, 0xc0, 0x7, 0xff,
    0xe0, 0xf, 0xff, 0xc0, 0x3, 0xff, 0xe0, 0xf,
    0xff, 0x80, 0x3, 0xff, 0xf0, 0xf, 0xff, 0x80,
    0x3, 0xff, 0xf0, 0x1f, 0xff, 0x80, 0x1, 0xff,
    0xf0, 0x1f, 0xff, 0x0, 0x1, 0xff, 0xf8, 0x1f,
    0xff, 0x0, 0x1, 0xff, 0xf8, 0x3f, 0xff, 0x0,
    0x0, 0xff, 0xf8, 0x3f, 0xfe, 0x0, 0x0, 0xff,
    0xf8, 0x3f, 0xfe, 0x0, 0x0, 0x7f, 0xfc, 0x7f,
    0xfe, 0x0, 0x0, 0x7f, 0xfc, 0x7f, 0xfc, 0x0,
    0x0, 0x7f, 0xfc, 0x7f, 0xfc, 0x0, 0x0, 0x3f,
    0xfe, 0x7f, 0xfc, 0x0, 0x0, 0x3f, 0xfe, 0xff,
    0xf8, 0x0, 0x0, 0x3f, 0xfe, 0xff, 0xf8, 0x0,
    0x0, 0x1f, 0xfe, 0xff, 0xf0, 0x0, 0x0, 0x1f,
    0xff, 0xff, 0xf0, 0x0, 0x0, 0x1f, 0xff, 0xff,
    0xf0, 0x0, 0x0, 0xf, 0xff, 0xff, 0xe0, 0x0,
    0x0, 0xf, 0xff, 0xff, 0xe0, 0x0, 0x0, 0xf,
    0xff, 0xff, 0xe0, 0x0, 0x0, 0x7, 0xff, 0xff,
    0xc0, 0x0, 0x0, 0x7, 0xff, 0xff, 0xc0, 0x0,
    0x0, 0x7, 0xff, 0xff, 0xc0, 0x0, 0x0, 0x3,
    0xff, 0xff, 0x80, 0x0, 0x0, 0x3, 0xff, 0xff,
    0x80, 0x0, 0x0, 0x3, 0xff, 0xff, 0x80, 0x0,
    0x0, 0x1, 0xff, 0xff, 0x0, 0x0, 0x0, 0x1,
    0xff, 0xff, 0x0, 0x0, 0x0, 0x1, 0xff, 0xff,
    0x0, 0x0, 0x0, 0x0, 0xff, 0xfe, 0x0, 0x0,
    0x0, 0x0, 0xff, 0xfe, 0x0, 0x0, 0x0, 0x0,
    0xff, 0xfe, 0x0, 0x0, 0x0, 0x0, 0x7f, 0xfc,
    0x0, 0x0, 0x0, 0x0, 0x7f, 0xfc, 0x0, 0x0,
    0x0, 0x0, 0x7f, 0xfc, 0x0, 0x0, 0x0, 0x0,
    0x7f, 0xf8, 0x0, 0x0, 0x0, 0x0, 0x7f, 0xf8,
    0x0, 0x0, 0x0, 0x0, 0xff, 0xf0, 0x0, 0x0,
    0x0, 0x0, 0xff, 0xf0, 0x0, 0x0, 0x0, 0x1,
    0xff, 0xf0, 0x0, 0x0, 0x0, 0x1, 0xff, 0xe0,
    0x0, 0x0, 0x0, 0x3, 0xff, 0xe0, 0x0, 0x0,
    0x0, 0x7, 0xff, 0xe0, 0x0, 0x0, 0x0, 0x1f,
    0xff, 0xc0, 0x0, 0x0, 0x7, 0xff, 0xff, 0xc0,
    0x0, 0x0, 0x7, 0xff, 0xff, 0x80, 0x0, 0x0,
    0x7, 0xff, 0xff, 0x80, 0x0, 0x0, 0x7, 0xff,
    0xff, 0x0, 0x0, 0x0, 0x7, 0xff, 0xfe, 0x0,
    0x0, 0x0, 0x7, 0xff, 0xfc, 0x0, 0x0, 0x0,
    0x7, 0xff, 0xf8, 0x0, 0x0, 0x0, 0x7, 0xff,
    0xf0, 0x0, 0x0, 0x0, 0x7, 0xff, 0xc0, 0x0,
    0x0, 0x0, 0x3, 0xfe, 0x0, 0x0, 0x0, 0x0,

    /* U+007A "z" */
    0x7f, 0xff, 0xff, 0xff, 0xff, 0xcf, 0xff, 0xff,
    0xff, 0xff, 0xf9, 0xff, 0xff, 0xff, 0xff, 0xff,
    0x3f, 0xff, 0xff, 0xff, 0xff, 0xe7, 0xff, 0xff,
    0xff, 0xff, 0xfc, 0xff, 0xff, 0xff, 0xff, 0xff,
    0x9f, 0xff, 0xff, 0xff, 0xff, 0xf3, 0xff, 0xff,
    0xff, 0xff, 0xfe, 0x7f, 0xff, 0xff, 0xff, 0xff,
    0x8f, 0xff, 0xff, 0xff, 0xff, 0xf0, 0x0, 0x0,
    0x1, 0xff, 0xfc, 0x0, 0x0, 0x0, 0x7f, 0xff,
    0x0, 0x0, 0x0, 0x1f, 0xff, 0xc0, 0x0, 0x0,
    0x3, 0xff, 0xf8, 0x0, 0x0, 0x0, 0xff, 0xfe,
    0x0, 0x0, 0x0, 0x3f, 0xff, 0x80, 0x0, 0x0,
    0xf, 0xff, 0xe0, 0x0, 0x0, 0x1, 0xff, 0xfc,
    0x0, 0x0, 0x0, 0x7f, 0xff, 0x0, 0x0, 0x0,
    0x1f, 0xff, 0xc0, 0x0, 0x0, 0x7, 0xff, 0xf0,
    0x0, 0x0, 0x0, 0xff, 0xfe, 0x0, 0x0, 0x0,
    0x3f, 0xff, 0x80, 0x0, 0x0, 0xf, 0xff, 0xe0,
    0x0, 0x0, 0x3, 0xff, 0xf8, 0x0, 0x0, 0x0,
    0x7f, 0xff, 0x0, 0x0, 0x0, 0x1f, 0xff, 0xc0,
    0x0, 0x0, 0x7, 0xff, 0xf0, 0x0, 0x0, 0x0,
    0xff, 0xfc, 0x0, 0x0, 0x0, 0x3f, 0xff, 0x80,
    0x0, 0x0, 0xf, 0xff, 0xe0, 0x0, 0x0, 0x3,
    0xff, 0xf8, 0x0, 0x0, 0x0, 0x7f, 0xfe, 0x0,
    0x0, 0x0, 0x1f, 0xff, 0xc0, 0x0, 0x0, 0x7,
    0xff, 0xf0, 0x0, 0x0, 0x1, 0xff, 0xfc, 0x0,
    0x0, 0x0, 0x3f, 0xff, 0x0, 0x0, 0x0, 0xf,
    0xff, 0xe0, 0x0, 0x0, 0x3, 0xff, 0xf8, 0x0,
    0x0, 0x0, 0xff, 0xfe, 0x0, 0x0, 0x0, 0x1f,
    0xff, 0x80, 0x0, 0x0, 0x7, 0xff, 0xff, 0xff,
    0xff, 0xfd, 0xff, 0xff, 0xff, 0xff, 0xff, 0xff,
    0xff, 0xff, 0xff, 0xff, 0xff, 0xff, 0xff, 0xff,
    0xff, 0xff, 0xff, 0xff, 0xff, 0xff, 0xff, 0xff,
    0xff, 0xff, 0xff, 0xff, 0xff, 0xff, 0xff, 0xff,
    0xff, 0xff, 0xff, 0xff, 0xff, 0xff, 0xff, 0xff,
    0xff, 0xff, 0xff, 0xff, 0xff, 0xff, 0xff, 0xff,
    0xff, 0xff, 0x80,

    /* U+007B "{" */
    0x0, 0x0, 0x1, 0xc0, 0x0, 0x0, 0xfc, 0x0,
    0x0, 0x1f, 0xe0, 0x0, 0x7, 0xfe, 0x0, 0x0,
    0xff, 0xf0, 0x0, 0x1f, 0xff, 0x0, 0x3, 0xff,
    0xf0, 0x0, 0x7f, 0xfe, 0x0, 0xf, 0xff, 0x80,
    0x0, 0xff, 0xf0, 0x0, 0x1f, 0xff, 0x0, 0x1,
    0xff, 0xe0, 0x0, 0x3f, 0xfe, 0x0, 0x3, 0xff,
    0xc0, 0x0, 0x3f, 0xfc, 0x0, 0x3, 0xff, 0xc0,
    0x0, 0x7f, 0xf8, 0x0, 0x7, 0xff, 0x80, 0x0,
    0x7f, 0xf8, 0x0, 0x7, 0xff, 0x80, 0x0, 0x7f,
    0xf8, 0x0, 0x7, 0xff, 0x80, 0x0, 0x7f, 0xf8,
    0x0, 0x7, 0xff, 0x80, 0x0, 0x7f, 0xf8, 0x0,
    0x7, 0xff, 0x80, 0x0, 0x7f, 0xf8, 0x0, 0x7,
    0xff, 0x80, 0x0, 0x7f, 0xf8, 0x0, 0x7, 0xff,
    0x80, 0x0, 0x7f, 0xf8, 0x0, 0x7, 0xff, 0x80,
    0x0, 0x7f, 0xf8, 0x0, 0x7, 0xff, 0x80, 0x0,
    0x7f, 0xf8, 0x0, 0xf, 0xff, 0x0, 0x0, 0xff,
    0xf0, 0x0, 0xf, 0xff, 0x0, 0x1, 0xff, 0xe0,
    0x0, 0x3f, 0xfe, 0x0, 0xf, 0xff, 0xc0, 0xf,
    0xff, 0xfc, 0x0, 0xff, 0xff, 0x80, 0xf, 0xff,
    0xf0, 0x0, 0xff, 0xfc, 0x0, 0xf, 0xff, 0x80,
    0x0, 0xff, 0xfc, 0x0, 0xf, 0xff, 0xf0, 0x0,
    0xff, 0xff, 0x80, 0xf, 0xff, 0xfc, 0x0, 0xff,
    0xff, 0xc0, 0x0, 0x7f, 0xfe, 0x0, 0x3, 0xff,
    0xe0, 0x0, 0x1f, 0xff, 0x0, 0x0, 0xff, 0xf0,
    0x0, 0xf, 0xff, 0x0, 0x0, 0x7f, 0xf8, 0x0,
    0x7, 0xff, 0x80, 0x0, 0x7f, 0xf8, 0x0, 0x7,
    0xff, 0x80, 0x0, 0x7f, 0xf8, 0x0, 0x7, 0xff,
    0x80, 0x0, 0x7f, 0xf8, 0x0, 0x7, 0xff, 0x80,
    0x0, 0x7f, 0xf8, 0x0, 0x7, 0xff, 0x80, 0x0,
    0x7f, 0xf8, 0x0, 0x7, 0xff, 0x80, 0x0, 0x7f,
    0xf8, 0x0, 0x7, 0xff, 0x80, 0x0, 0x7f, 0xf8,
    0x0, 0x7, 0xff, 0x80, 0x0, 0x7f, 0xf8, 0x0,
    0x7, 0xff, 0x80, 0x0, 0x7f, 0xf8, 0x0, 0x7,
    0xff, 0xc0, 0x0, 0x3f, 0xfc, 0x0, 0x3, 0xff,
    0xc0, 0x0, 0x3f, 0xfc, 0x0, 0x1, 0xff, 0xe0,
    0x0, 0x1f, 0xfe, 0x0, 0x1, 0xff, 0xf0, 0x0,
    0xf, 0xff, 0x80, 0x0, 0x7f, 0xfc, 0x0, 0x7,
    0xff, 0xf0, 0x0, 0x3f, 0xff, 0x0, 0x1, 0xff,
    0xf0, 0x0, 0xf, 0xfe, 0x0, 0x0, 0x3f, 0xe0,
    0x0, 0x1, 0xfe, 0x0, 0x0, 0x3, 0xc0, 0x0,
    0x0, 0xc,

    /* U+007C "|" */
    0xff, 0xff, 0xff, 0xff, 0xff, 0xff, 0xff, 0xff,
    0xff, 0xff, 0xff, 0xff, 0xff, 0xff, 0xff, 0xff,
    0xff, 0xff, 0xff, 0xff, 0xff, 0xff, 0xff, 0xff,
    0xff, 0xff, 0xff, 0xff, 0xff, 0xff, 0xff, 0xff,
    0xff, 0xff, 0xff, 0xff, 0xff, 0xff, 0xff, 0xff,
    0xff, 0xff, 0xff, 0xff, 0xff, 0xff, 0xff, 0xff,
    0xff, 0xff, 0xff, 0xff, 0xff, 0xff, 0xff, 0xff,
    0xff, 0xff, 0xff, 0xff, 0xff, 0xff, 0xff, 0xff,
    0xff, 0xff, 0xff, 0xff, 0xff, 0xff, 0xff, 0xff,
    0xff, 0xff, 0xff, 0xff, 0xff, 0xff, 0xff, 0xff,
    0xff,

    /* U+007D "}" */
    0x38, 0x0, 0x0, 0x3, 0xf0, 0x0, 0x0, 0x7f,
    0xc0, 0x0, 0x7, 0xfe, 0x0, 0x0, 0x7f, 0xf0,
    0x0, 0xf, 0xff, 0x80, 0x0, 0xff, 0xfc, 0x0,
    0x7, 0xff, 0xe0, 0x0, 0x1f, 0xff, 0x0, 0x0,
    0xff, 0xf0, 0x0, 0xf, 0xff, 0x80, 0x0, 0x7f,
    0xf8, 0x0, 0x3, 0xff, 0xc0, 0x0, 0x3f, 0xfc,
    0x0, 0x3, 0xff, 0xc0, 0x0, 0x3f, 0xfc, 0x0,
    0x1, 0xff, 0xe0, 0x0, 0x1f, 0xfe, 0x0, 0x1,
    0xff, 0xe0, 0x0, 0x1f, 0xfe, 0x0, 0x1, 0xff,
    0xe0, 0x0, 0x1f, 0xfe, 0x0, 0x1, 0xff, 0xe0,
    0x0, 0x1f, 0xfe, 0x0, 0x1, 0xff, 0xe0, 0x0,
    0x1f, 0xfe, 0x0, 0x1, 0xff, 0xe0, 0x0, 0x1f,
    0xfe, 0x0, 0x1, 0xff, 0xe0, 0x0, 0x1f, 0xfe,
    0x0, 0x1, 0xff, 0xe0, 0x0, 0x1f, 0xfe, 0x0,
    0x1, 0xff, 0xe0, 0x0, 0x1f, 0xfe, 0x0, 0x1,
    0xff, 0xe0, 0x0, 0x1f, 0xff, 0x0, 0x0, 0xff,
    0xf0, 0x0, 0xf, 0xff, 0x0, 0x0, 0xff, 0xf8,
    0x0, 0x7, 0xff, 0xc0, 0x0, 0x3f, 0xff, 0x0,
    0x3, 0xff, 0xff, 0x0, 0x1f, 0xff, 0xf0, 0x0,
    0xff, 0xff, 0x0, 0x7, 0xff, 0xf0, 0x0, 0x1f,
    0xff, 0x0, 0x1, 0xff, 0xf0, 0x0, 0x3f, 0xff,
    0x0, 0xf, 0xff, 0xf0, 0x1, 0xff, 0xff, 0x0,
    0x3f, 0xff, 0xf0, 0x3, 0xff, 0xe0, 0x0, 0x7f,
    0xfc, 0x0, 0xf, 0xff, 0x80, 0x0, 0xff, 0xf0,
    0x0, 0xf, 0xff, 0x0, 0x1, 0xff, 0xe0, 0x0,
    0x1f, 0xfe, 0x0, 0x1, 0xff, 0xe0, 0x0, 0x1f,
    0xfe, 0x0, 0x1, 0xff, 0xe0, 0x0, 0x1f, 0xfe,
    0x0, 0x1, 0xff, 0xe0, 0x0, 0x1f, 0xfe, 0x0,
    0x1, 0xff, 0xe0, 0x0, 0x1f, 0xfe, 0x0, 0x1,
    0xff, 0xe0, 0x0, 0x1f, 0xfe, 0x0, 0x1, 0xff,
    0xe0, 0x0, 0x1f, 0xfe, 0x0, 0x1, 0xff, 0xe0,
    0x0, 0x1f, 0xfe, 0x0, 0x1, 0xff, 0xe0, 0x0,
    0x1f, 0xfe, 0x0, 0x1, 0xff, 0xe0, 0x0, 0x1f,
    0xfc, 0x0, 0x3, 0xff, 0xc0, 0x0, 0x3f, 0xfc,
    0x0, 0x3, 0xff, 0xc0, 0x0, 0x7f, 0xf8, 0x0,
    0x7, 0xff, 0x80, 0x0, 0xff, 0xf8, 0x0, 0x1f,
    0xff, 0x0, 0x3, 0xff, 0xe0, 0x0, 0xff, 0xfe,
    0x0, 0xf, 0xff, 0xc0, 0x0, 0xff, 0xf8, 0x0,
    0x7, 0xff, 0x0, 0x0, 0x7f, 0xc0, 0x0, 0x7,
    0xf8, 0x0, 0x0, 0x3c, 0x0, 0x0, 0x3, 0x0,
    0x0, 0x0,

    /* U+007E "~" */
    0x0, 0x1f, 0xe0, 0x0, 0x0, 0x0, 0x0, 0x7,
    0xff, 0xc0, 0x0, 0x0, 0x0, 0x1, 0xff, 0xff,
    0x0, 0x0, 0x3f, 0xf0, 0x3f, 0xff, 0xf8, 0x0,
    0x3, 0xff, 0x7, 0xff, 0xff, 0xe0, 0x0, 0x3f,
    0xf0, 0xff, 0xff, 0xff, 0x0, 0x7, 0xff, 0x1f,
    0xff, 0xff, 0xf8, 0x0, 0x7f, 0xf1, 0xff, 0xff,
    0xff, 0xc0, 0xf, 0xfe, 0x3f, 0xff, 0xff, 0xfe,
    0x1, 0xff, 0xe3, 0xff, 0xff, 0xff, 0xf8, 0x3f,
    0xfe, 0x7f, 0xfc, 0x1f, 0xff, 0xff, 0xff, 0xe7,
    0xff, 0x80, 0xff, 0xff, 0xff, 0xfc, 0x7f, 0xf0,
    0x3, 0xff, 0xff, 0xff, 0xcf, 0xfe, 0x0, 0x1f,
    0xff, 0xff, 0xf8, 0xff, 0xe0, 0x0, 0xff, 0xff,
    0xff, 0x8f, 0xfc, 0x0, 0x7, 0xff, 0xff, 0xf0,
    0xff, 0xc0, 0x0, 0x3f, 0xff, 0xfe, 0xf, 0xfc,
    0x0, 0x1, 0xff, 0xff, 0xc0, 0xff, 0xc0, 0x0,
    0xf, 0xff, 0xf8, 0x0, 0x0, 0x0, 0x0, 0x3f,
    0xfe, 0x0, 0x0, 0x0, 0x0, 0x0, 0xff, 0x0,
    0x0,

    /* U+00A0 " " */
    0x0,

    /* U+00A1 "¡" */
    0xf, 0xe0, 0x3f, 0xe0, 0xff, 0xe3, 0xff, 0xef,
    0xff, 0xff, 0xff, 0xff, 0xff, 0xff, 0xff, 0xff,
    0xff, 0xff, 0xfd, 0xff, 0xf1, 0xff, 0xc1, 0xff,
    0x1, 0xfc, 0x0, 0x0, 0x0, 0x0, 0x0, 0x0,
    0x0, 0x0, 0x0, 0x0, 0x0, 0x0, 0x0, 0x0,
    0x0, 0xf, 0xfe, 0x1f, 0xfc, 0x3f, 0xf8, 0x7f,
    0xf0, 0xff, 0xe1, 0xff, 0xc3, 0xff, 0x87, 0xff,
    0xf, 0xfe, 0x1f, 0xfc, 0x3f, 0xf8, 0x7f, 0xf0,
    0xff, 0xf1, 0xff, 0xe7, 0xff, 0xcf, 0xff, 0x9f,
    0xff, 0x3f, 0xfe, 0x7f, 0xfc, 0xff, 0xf9, 0xff,
    0xf3, 0xff, 0xe7, 0xff, 0xcf, 0xff, 0x9f, 0xff,
    0x3f, 0xfe, 0x7f, 0xfc, 0xff, 0xf9, 0xff, 0xf3,
    0xff, 0xe7, 0xff, 0xcf, 0xff, 0x9f, 0xff, 0x3f,
    0xfe, 0x7f, 0xfc, 0xff, 0xf9, 0xff, 0xf3, 0xff,
    0xe7, 0xff, 0xcf, 0xff, 0x9f, 0xff, 0x3f, 0xfe,
    0x7f, 0xfc, 0xff, 0xff, 0xff, 0xff, 0xff, 0xff,
    0xff, 0xe0,

    /* U+00A2 "¢" */
    0x0, 0x0, 0x1f, 0xf0, 0x0, 0x0, 0x0, 0x0,
    0xff, 0x80, 0x0, 0x0, 0x0, 0x7, 0xfc, 0x0,
    0x0, 0x0, 0x0, 0x3f, 0xe0, 0x0, 0x0, 0x0,
    0x1, 0xff, 0x0, 0x0, 0x0, 0x0, 0xf, 0xf8,
    0x0, 0x0, 0x0, 0x0, 0x7f, 0xc0, 0x0, 0x0,
    0x0, 0x3, 0xfe, 0x0, 0x0, 0x0, 0x0, 0x1f,
    0xf0, 0x0, 0x0, 0x0, 0x0, 0xff, 0x80, 0x0,
    0x0, 0x0, 0xf, 0xfe, 0x0, 0x0, 0x0, 0x7,
    0xff, 0xff, 0x0, 0x0, 0x0, 0xff, 0xff, 0xfe,
    0x0, 0x0, 0x1f, 0xff, 0xff, 0xfc, 0x0, 0x1,
    0xff, 0xff, 0xff, 0xf0, 0x0, 0x1f, 0xff, 0xff,
    0xff, 0xc0, 0x1, 0xff, 0xff, 0xff, 0xff, 0x0,
    0x1f, 0xff, 0xff, 0xff, 0xfc, 0x1, 0xff, 0xff,
    0xff, 0xff, 0xf0, 0x1f, 0xff, 0xff, 0xff, 0xff,
    0x80, 0xff, 0xff, 0x83, 0xff, 0xfe, 0xf, 0xff,
    0xf0, 0x7, 0xff, 0xf0, 0x7f, 0xfe, 0x0, 0x1f,
    0xff, 0xc7, 0xff, 0xf0, 0x0, 0x7f, 0xfe, 0x3f,
    0xff, 0x0, 0x1, 0xff, 0xf1, 0xff, 0xf8, 0x0,
    0xf, 0xff, 0xdf, 0xff, 0x80, 0x0, 0x3f, 0xfe,
    0xff, 0xfc, 0x0, 0x1, 0xff, 0xf7, 0xff, 0xe0,
    0x0, 0xf, 0xff, 0xbf, 0xfe, 0x0, 0x0, 0x7f,
    0xff, 0xff, 0xf0, 0x0, 0x0, 0x0, 0x1f, 0xff,
    0x80, 0x0, 0x0, 0x0, 0xff, 0xfc, 0x0, 0x0,
    0x0, 0x7, 0xff, 0xe0, 0x0, 0x0, 0x0, 0x3f,
    0xff, 0x0, 0x0, 0x0, 0x1, 0xff, 0xf8, 0x0,
    0x0, 0x0, 0xf, 0xff, 0xc0, 0x0, 0x0, 0x0,
    0x7f, 0xfe, 0x0, 0x0, 0x0, 0x3, 0xff, 0xf0,
    0x0, 0x0, 0x0, 0x1f, 0xff, 0x80, 0x0, 0x0,
    0x0, 0xff, 0xfc, 0x0, 0x0, 0x0, 0x7, 0xff,
    0xe0, 0x0, 0x0, 0x0, 0x3f, 0xff, 0x0, 0x0,
    0x0, 0x0, 0xff, 0xf8, 0x0, 0x0, 0x0, 0x7,
    0xff, 0xe0, 0x0, 0xf, 0xff, 0xbf, 0xff, 0x0,
    0x0, 0x7f, 0xfd, 0xff, 0xf8, 0x0, 0x3, 0xff,
    0xe7, 0xff, 0xe0, 0x0, 0x3f, 0xff, 0x3f, 0xff,
    0x0, 0x1, 0xff, 0xf9, 0xff, 0xfc, 0x0, 0x1f,
    0xff, 0x87, 0xff, 0xf0, 0x1, 0xff, 0xfc, 0x3f,
    0xff, 0xc0, 0x1f, 0xff, 0xe0, 0xff, 0xff, 0xff,
    0xff, 0xfe, 0x7, 0xff, 0xff, 0xff, 0xff, 0xe0,
    0x1f, 0xff, 0xff, 0xff, 0xff, 0x0, 0x7f, 0xff,
    0xff, 0xff, 0xf0, 0x1, 0xff, 0xff, 0xff, 0xff,
    0x0, 0x7, 0xff, 0xff, 0xff, 0xf0, 0x0, 0x1f,
    0xff, 0xff, 0xff, 0x0, 0x0, 0x7f, 0xff, 0xff,
    0xe0, 0x0, 0x0, 0xff, 0xff, 0xfe, 0x0, 0x0,
    0x1, 0xff, 0xff, 0x80, 0x0, 0x0, 0x0, 0xff,
    0xe0, 0x0, 0x0, 0x0, 0x3, 0xfe, 0x0, 0x0,
    0x0, 0x0, 0x1f, 0xf0, 0x0, 0x0, 0x0, 0x0,
    0xff, 0x80, 0x0, 0x0, 0x0, 0x7, 0xfc, 0x0,
    0x0, 0x0, 0x0, 0x3f, 0xe0, 0x0, 0x0, 0x0,
    0x1, 0xff, 0x0, 0x0, 0x0, 0x0, 0xf, 0xf8,
    0x0, 0x0, 0x0, 0x0, 0x7f, 0xc0, 0x0, 0x0,
    0x0, 0x3, 0xfe, 0x0, 0x0, 0x0, 0x0, 0x1f,
    0xf0, 0x0, 0x0, 0x0, 0x0, 0xff, 0x80, 0x0,
    0x0,

    /* U+00A3 "£" */
    0x0, 0x0, 0x1, 0xff, 0xc0, 0x0, 0x0, 0x0,
    0x3, 0xff, 0xff, 0x0, 0x0, 0x0, 0x7, 0xff,
    0xff, 0xf8, 0x0, 0x0, 0x3, 0xff, 0xff, 0xff,
    0x0, 0x0, 0x3, 0xff, 0xff, 0xff, 0xf0, 0x0,
    0x1, 0xff, 0xff, 0xff, 0xfe, 0x0, 0x0, 0xff,
    0xff, 0xff, 0xff, 0xc0, 0x0, 0x7f, 0xff, 0xff,
    0xff, 0xf8, 0x0, 0x1f, 0xff, 0xff, 0xff, 0xfe,
    0x0, 0xf, 0xff, 0xff, 0xff, 0xff, 0xc0, 0x7,
    0xff, 0xfc, 0x1f, 0xff, 0xf0, 0x1, 0xff, 0xfc,
    0x1, 0xff, 0xfe, 0x0, 0x7f, 0xfe, 0x0, 0x3f,
    0xff, 0x80, 0x3f, 0xff, 0x0, 0x7, 0xff, 0xe0,
    0xf, 0xff, 0xc0, 0x1, 0xff, 0xfc, 0x3, 0xff,
    0xe0, 0x0, 0x3f, 0xff, 0x0, 0xff, 0xf8, 0x0,
    0xf, 0xff, 0xc0, 0x7f, 0xfe, 0x0, 0x3, 0xff,
    0xf0, 0x1f, 0xff, 0x80, 0x0, 0xff, 0xfc, 0x7,
    0xff, 0xe0, 0x0, 0x0, 0x0, 0x1, 0xff, 0xf8,
    0x0, 0x0, 0x0, 0x0, 0x7f, 0xfe, 0x0, 0x0,
    0x0, 0x0, 0x1f, 0xff, 0x80, 0x0, 0x0, 0x0,
    0x7, 0xff, 0xe0, 0x0, 0x0, 0x0, 0x1, 0xff,
    0xf8, 0x0, 0x0, 0x0, 0x0, 0x7f, 0xfe, 0x0,
    0x0, 0x0, 0x0, 0x1f, 0xff, 0x80, 0x0, 0x0,
    0x0, 0x7, 0xff, 0xe0, 0x0, 0x0, 0x0, 0x1,
    0xff, 0xf8, 0x0, 0x0, 0x0, 0x0, 0x7f, 0xfe,
    0x0, 0x0, 0x0, 0x0, 0x1f, 0xff, 0x80, 0x0,
    0x0, 0x3, 0xff, 0xff, 0xff, 0xff, 0xc0, 0x0,
    0xff, 0xff, 0xff, 0xff, 0xf0, 0x0, 0x3f, 0xff,
    0xff, 0xff, 0xfc, 0x0, 0xf, 0xff, 0xff, 0xff,
    0xff, 0x0, 0x3, 0xff, 0xff, 0xff, 0xff, 0xc0,
    0x0, 0xff, 0xff, 0xff, 0xff, 0xf0, 0x0, 0x3f,
    0xff, 0xff, 0xff, 0xfc, 0x0, 0xf, 0xff, 0xff,
    0xff, 0xff, 0x0, 0x3, 0xff, 0xff, 0xff, 0xff,
    0xc0, 0x0, 0xff, 0xff, 0xff, 0xff, 0xf0, 0x0,
    0x0, 0x7f, 0xff, 0x0, 0x0, 0x0, 0x0, 0x1f,
    0xff, 0xc0, 0x0, 0x0, 0x0, 0x7, 0xff, 0xf0,
    0x0, 0x0, 0x0, 0x1, 0xff, 0xfc, 0x0, 0x0,
    0x0, 0x0, 0x7f, 0xff, 0x0, 0x0, 0x0, 0x0,
    0x1f, 0xff, 0xc0, 0x0, 0x0, 0x0, 0x7, 0xff,
    0xf0, 0x0, 0x0, 0x0, 0x1, 0xff, 0xfc, 0x0,
    0x0, 0x0, 0x0, 0x7f, 0xff, 0x0, 0x0, 0x0,
    0x0, 0x1f, 0xff, 0xc0, 0x0, 0x0, 0x0, 0x7,
    0xff, 0xf0, 0x0, 0x0, 0x0, 0x1, 0xff, 0xfc,
    0x0, 0x0, 0x0, 0x0, 0x7f, 0xff, 0x0, 0x0,
    0x0, 0x0, 0x1f, 0xff, 0x80, 0x0, 0x0, 0x0,
    0x7, 0xff, 0xe0, 0x0, 0x0, 0x0, 0x1, 0xff,
    0xf0, 0x0, 0x0, 0x0, 0x0, 0xff, 0xfc, 0x0,
    0x0, 0x0, 0x0, 0x7f, 0xfe, 0x0, 0x0, 0x0,
    0x3, 0xff, 0xff, 0xff, 0xff, 0xff, 0xff, 0xff,
    0xff, 0xff, 0xff, 0xff, 0xff, 0xff, 0xff, 0xff,
    0xff, 0xff, 0xff, 0xff, 0xff, 0xff, 0xff, 0xff,
    0xff, 0xff, 0xff, 0xff, 0xff, 0xff, 0xff, 0xff,
    0xff, 0xff, 0xff, 0xff, 0xff, 0xff, 0xff, 0xff,
    0xff, 0xff, 0xff, 0xff, 0xff, 0xff, 0xff, 0xff,
    0xff, 0xff, 0xff, 0xff, 0xff, 0xff, 0xff, 0xff,
    0xff, 0xff, 0xff, 0xff, 0xff, 0xff, 0xff, 0xc0,

    /* U+00A4 "¤" */
    0x2, 0x0, 0x0, 0x0, 0x0, 0x0, 0xc, 0x0,
    0x70, 0x0, 0x7, 0xfe, 0x0, 0x1, 0xe0, 0xf,
    0x80, 0x7, 0xff, 0xfe, 0x0, 0x3f, 0x1, 0xfc,
    0x1, 0xff, 0xff, 0xf8, 0x7, 0xf8, 0x3f, 0xe0,
    0x7f, 0xff, 0xff, 0xe0, 0xff, 0xc7, 0xff, 0x1f,
    0xff, 0xff, 0xff, 0x9f, 0xfe, 0xff, 0xfb, 0xff,
    0xff, 0xff, 0xff, 0xff, 0xe7, 0xff, 0xff, 0xff,
    0xff, 0xff, 0xff, 0xfe, 0x3f, 0xff, 0xff, 0xff,
    0xff, 0xff, 0xff, 0xc1, 0xff, 0xff, 0xff, 0xff,
    0xff, 0xff, 0xf8, 0xf, 0xff, 0xff, 0x80, 0x3f,
    0xff, 0xff, 0x0, 0x7f, 0xff, 0xc0, 0x0, 0x7f,
    0xff, 0xe0, 0x3, 0xff, 0xf0, 0x0, 0x1, 0xff,
    0xfc, 0x0, 0x1f, 0xfe, 0x0, 0x0, 0x7, 0xff,
    0x80, 0x3, 0xff, 0x80, 0x0, 0x0, 0x3f, 0xfc,
    0x0, 0x3f, 0xf0, 0x0, 0x0, 0x1, 0xff, 0xc0,
    0x7, 0xfe, 0x0, 0x0, 0x0, 0xf, 0xfe, 0x0,
    0x7f, 0xc0, 0x0, 0x0, 0x0, 0x7f, 0xe0, 0xf,
    0xfc, 0x0, 0x0, 0x0, 0x7, 0xff, 0x0, 0xff,
    0x80, 0x0, 0x0, 0x0, 0x3f, 0xf0, 0xf, 0xf0,
    0x0, 0x0, 0x0, 0x1, 0xff, 0x1, 0xff, 0x0,
    0x0, 0x0, 0x0, 0x1f, 0xf8, 0x1f, 0xe0, 0x0,
    0x0, 0x0, 0x0, 0xff, 0x81, 0xfe, 0x0, 0x0,
    0x0, 0x0, 0xf, 0xf8, 0x1f, 0xe0, 0x0, 0x0,
    0x0, 0x0, 0xff, 0x83, 0xfe, 0x0, 0x0, 0x0,
    0x0, 0xf, 0xfc, 0x3f, 0xc0, 0x0, 0x0, 0x0,
    0x0, 0x7f, 0xc3, 0xfc, 0x0, 0x0, 0x0, 0x0,
    0x7, 0xfc, 0x3f, 0xc0, 0x0, 0x0, 0x0, 0x0,
    0x7f, 0xc3, 0xfc, 0x0, 0x0, 0x0, 0x0, 0x7,
    0xfc, 0x3f, 0xc0, 0x0, 0x0, 0x0, 0x0, 0x7f,
    0xc3, 0xfc, 0x0, 0x0, 0x0, 0x0, 0x7, 0xfc,
    0x3f, 0xc0, 0x0, 0x0, 0x0, 0x0, 0x7f, 0xc3,
    0xfc, 0x0, 0x0, 0x0, 0x0, 0x7, 0xfc, 0x3f,
    0xc0, 0x0, 0x0, 0x0, 0x0, 0x7f, 0xc3, 0xfe,
    0x0, 0x0, 0x0, 0x0, 0xf, 0xfc, 0x1f, 0xe0,
    0x0, 0x0, 0x0, 0x0, 0xff, 0x81, 0xfe, 0x0,
    0x0, 0x0, 0x0, 0xf, 0xf8, 0x1f, 0xe0, 0x0,
    0x0, 0x0, 0x1, 0xff, 0x81, 0xff, 0x0, 0x0,
    0x0, 0x0, 0x1f, 0xf8, 0xf, 0xf0, 0x0, 0x0,
    0x0, 0x1, 0xff, 0x0, 0xff, 0x80, 0x0, 0x0,
    0x0, 0x3f, 0xf0, 0xf, 0xfc, 0x0, 0x0, 0x0,
    0x7, 0xff, 0x0, 0x7f, 0xc0, 0x0, 0x0, 0x0,
    0x7f, 0xe0, 0x7, 0xfe, 0x0, 0x0, 0x0, 0xf,
    0xfe, 0x0, 0x3f, 0xf0, 0x0, 0x0, 0x1, 0xff,
    0xc0, 0x3, 0xff, 0x80, 0x0, 0x0, 0x3f, 0xfc,
    0x0, 0x3f, 0xfe, 0x0, 0x0, 0xf, 0xff, 0xc0,
    0x7, 0xff, 0xf0, 0x0, 0x1, 0xff, 0xfe, 0x0,
    0xff, 0xff, 0xc0, 0x0, 0x7f, 0xff, 0xf0, 0x1f,
    0xff, 0xff, 0x80, 0x3f, 0xff, 0xff, 0x83, 0xff,
    0xff, 0xff, 0xff, 0xff, 0xff, 0xfc, 0x7f, 0xff,
    0xff, 0xff, 0xff, 0xff, 0xff, 0xef, 0xff, 0xff,
    0xff, 0xff, 0xff, 0xff, 0xff, 0x7f, 0xf3, 0xff,
    0xff, 0xff, 0xfc, 0xff, 0xe3, 0xfe, 0x1f, 0xff,
    0xff, 0xff, 0x87, 0xfc, 0x1f, 0xc0, 0x7f, 0xff,
    0xff, 0xe0, 0x3f, 0x80, 0xf8, 0x1, 0xff, 0xff,
    0xf8, 0x1, 0xf0, 0x7, 0x0, 0x7, 0xff, 0xfe,
    0x0, 0xe, 0x0, 0x20, 0x0, 0x7, 0xfe, 0x0,
    0x0, 0x40,

    /* U+00A5 "¥" */
    0xff, 0xfe, 0x0, 0x0, 0xf, 0xff, 0xff, 0xff,
    0x80, 0x0, 0x7, 0xff, 0xf7, 0xff, 0xe0, 0x0,
    0x1, 0xff, 0xf9, 0xff, 0xfc, 0x0, 0x0, 0x7f,
    0xfe, 0x3f, 0xff, 0x0, 0x0, 0x3f, 0xff, 0xf,
    0xff, 0xe0, 0x0, 0xf, 0xff, 0xc1, 0xff, 0xf8,
    0x0, 0x7, 0xff, 0xf0, 0x7f, 0xfe, 0x0, 0x1,
    0xff, 0xf8, 0xf, 0xff, 0xc0, 0x0, 0x7f, 0xfe,
    0x3, 0xff, 0xf0, 0x0, 0x3f, 0xff, 0x0, 0xff,
    0xfe, 0x0, 0xf, 0xff, 0xc0, 0x1f, 0xff, 0x80,
    0x7, 0xff, 0xe0, 0x7, 0xff, 0xe0, 0x1, 0xff,
    0xf8, 0x0, 0xff, 0xfc, 0x0, 0x7f, 0xfc, 0x0,
    0x3f, 0xff, 0x0, 0x3f, 0xff, 0x0, 0x7, 0xff,
    0xe0, 0xf, 0xff, 0xc0, 0x1, 0xff, 0xf8, 0x7,
    0xff, 0xe0, 0x0, 0x3f, 0xfe, 0x1, 0xff, 0xf8,
    0x0, 0xf, 0xff, 0xc0, 0x7f, 0xfc, 0x0, 0x1,
    0xff, 0xf0, 0x3f, 0xff, 0x0, 0x0, 0x7f, 0xfe,
    0xf, 0xff, 0x80, 0x0, 0x1f, 0xff, 0x87, 0xff,
    0xe0, 0x0, 0x3, 0xff, 0xe1, 0xff, 0xf0, 0x0,
    0x0, 0xff, 0xfc, 0x7f, 0xfc, 0x0, 0x0, 0x1f,
    0xff, 0x3f, 0xfe, 0x0, 0x0, 0x7, 0xff, 0xcf,
    0xff, 0x80, 0x0, 0x0, 0xff, 0xfb, 0xff, 0xe0,
    0x0, 0x0, 0x3f, 0xff, 0xff, 0xf0, 0x0, 0x0,
    0x7, 0xff, 0xff, 0xfc, 0x0, 0x0, 0x1, 0xff,
    0xff, 0xfe, 0x0, 0x0, 0x0, 0x3f, 0xff, 0xff,
    0x80, 0x0, 0x0, 0xf, 0xff, 0xff, 0xc0, 0x0,
    0x0, 0x3, 0xff, 0xff, 0xf0, 0x0, 0x0, 0x0,
    0x7f, 0xff, 0xf8, 0x0, 0x1, 0xff, 0xff, 0xff,
    0xff, 0xff, 0xc0, 0x7f, 0xff, 0xff, 0xff, 0xff,
    0xf0, 0x1f, 0xff, 0xff, 0xff, 0xff, 0xfc, 0x7,
    0xff, 0xff, 0xff, 0xff, 0xff, 0x1, 0xff, 0xff,
    0xff, 0xff, 0xff, 0xc0, 0x7f, 0xff, 0xff, 0xff,
    0xff, 0xf0, 0x1f, 0xff, 0xff, 0xff, 0xff, 0xfc,
    0x7, 0xff, 0xff, 0xff, 0xff, 0xff, 0x0, 0x0,
    0x3, 0xff, 0xf0, 0x0, 0x0, 0x0, 0x0, 0xff,
    0xfc, 0x0, 0x0, 0x0, 0x0, 0x3f, 0xff, 0x0,
    0x0, 0x0, 0x0, 0xf, 0xff, 0xc0, 0x0, 0x0,
    0x0, 0x3, 0xff, 0xf0, 0x0, 0x0, 0x0, 0x0,
    0xff, 0xfc, 0x0, 0x0, 0x1f, 0xff, 0xff, 0xff,
    0xff, 0xfc, 0x7, 0xff, 0xff, 0xff, 0xff, 0xff,
    0x1, 0xff, 0xff, 0xff, 0xff, 0xff, 0xc0, 0x7f,
    0xff, 0xff, 0xff, 0xff, 0xf0, 0x1f, 0xff, 0xff,
    0xff, 0xff, 0xfc, 0x7, 0xff, 0xff, 0xff, 0xff,
    0xff, 0x1, 0xff, 0xff, 0xff, 0xff, 0xff, 0xc0,
    0x7f, 0xff, 0xff, 0xff, 0xff, 0xf0, 0x0, 0x0,
    0x3f, 0xff, 0x0, 0x0, 0x0, 0x0, 0xf, 0xff,
    0xc0, 0x0, 0x0, 0x0, 0x3, 0xff, 0xf0, 0x0,
    0x0, 0x0, 0x0, 0xff, 0xfc, 0x0, 0x0, 0x0,
    0x0, 0x3f, 0xff, 0x0, 0x0, 0x0, 0x0, 0xf,
    0xff, 0xc0, 0x0, 0x0, 0x0, 0x3, 0xff, 0xf0,
    0x0, 0x0, 0x0, 0x0, 0xff, 0xfc, 0x0, 0x0,
    0x0, 0x0, 0x3f, 0xff, 0x0, 0x0, 0x0, 0x0,
    0xf, 0xff, 0xc0, 0x0, 0x0, 0x0, 0x3, 0xff,
    0xf0, 0x0, 0x0, 0x0, 0x0, 0xff, 0xfc, 0x0,
    0x0, 0x0, 0x0, 0x3f, 0xff, 0x0, 0x0, 0x0,
    0x0, 0xf, 0xff, 0xc0, 0x0, 0x0,

    /* U+00A6 "¦" */
    0xff, 0xff, 0xff, 0xff, 0xff, 0xff, 0xff, 0xff,
    0xff, 0xff, 0xff, 0xff, 0xff, 0xff, 0xff, 0xff,
    0xff, 0xff, 0xff, 0xff, 0xff, 0xff, 0xff, 0xff,
    0xff, 0xff, 0xff, 0xff, 0xff, 0xff, 0xff, 0xff,
    0xff, 0xff, 0xff, 0xff, 0xff, 0xff, 0xff, 0xff,
    0xff, 0xff, 0xff, 0xff, 0xff, 0xff, 0xff, 0xff,
    0xff, 0xff, 0xff, 0xff, 0xff, 0xff, 0x0, 0x0,
    0x0, 0x0, 0x0, 0x0, 0x0, 0x0, 0x0, 0x0,
    0x0, 0x0, 0x0, 0xf, 0xff, 0xff, 0xff, 0xff,
    0xff, 0xff, 0xff, 0xff, 0xff, 0xff, 0xff, 0xff,
    0xff, 0xff, 0xff, 0xff, 0xff, 0xff, 0xff, 0xff,
    0xff, 0xff, 0xff, 0xff, 0xff, 0xff, 0xff, 0xff,
    0xff, 0xff, 0xff, 0xff, 0xff, 0xff, 0xff, 0xff,
    0xff, 0xff, 0xff, 0xff, 0xff, 0xff, 0xff, 0xff,
    0xff, 0xff, 0xff, 0xff, 0xff, 0xff, 0xff, 0xff,
    0xff, 0xff, 0xff,

    /* U+00A7 "§" */
    0x0, 0x0, 0x1f, 0xff, 0x0, 0x0, 0x0, 0x0,
    0x3f, 0xff, 0xfe, 0x0, 0x0, 0x0, 0x3f, 0xff,
    0xff, 0xf8, 0x0, 0x0, 0x1f, 0xff, 0xff, 0xff,
    0xc0, 0x0, 0xf, 0xff, 0xff, 0xff, 0xfe, 0x0,
    0x3, 0xff, 0xff, 0xff, 0xff, 0xe0, 0x0, 0xff,
    0xff, 0xff, 0xff, 0xfe, 0x0, 0x3f, 0xff, 0xff,
    0xff, 0xff, 0xe0, 0xf, 0xff, 0xff, 0xff, 0xff,
    0xfe, 0x3, 0xff, 0xff, 0xff, 0xff, 0xff, 0xc0,
    0x7f, 0xff, 0xe0, 0x1f, 0xff, 0xfc, 0x1f, 0xff,
    0xe0, 0x0, 0x7f, 0xff, 0x83, 0xff, 0xf8, 0x0,
    0x7, 0xff, 0xf8, 0x7f, 0xfe, 0x0, 0x0, 0x7f,
    0xff, 0x1f, 0xff, 0xc0, 0x0, 0x7, 0xff, 0xe3,
    0xff, 0xf0, 0x0, 0x0, 0xff, 0xfe, 0x7f, 0xfe,
    0x0, 0x0, 0xf, 0xff, 0xcf, 0xff, 0xc0, 0x0,
    0x1, 0xff, 0xf9, 0xff, 0xf8, 0x0, 0x0, 0x3f,
    0xff, 0x3f, 0xff, 0x0, 0x0, 0x7, 0xff, 0xe7,
    0xff, 0xf0, 0x0, 0x0, 0x0, 0x0, 0xff, 0xfe,
    0x0, 0x0, 0x0, 0x0, 0x1f, 0xff, 0xe0, 0x0,
    0x0, 0x0, 0x1, 0xff, 0xff, 0x0, 0x0, 0x0,
    0x0, 0x3f, 0xff, 0xf8, 0x0, 0x0, 0x0, 0x7,
    0xff, 0xff, 0xe0, 0x0, 0x0, 0x0, 0x7f, 0xff,
    0xff, 0xc0, 0x0, 0x0, 0xf, 0xff, 0xff, 0xff,
    0x0, 0x0, 0x0, 0xff, 0xff, 0xff, 0xfc, 0x0,
    0x0, 0xf, 0xff, 0xff, 0xff, 0xf0, 0x0, 0x0,
    0xff, 0xff, 0xff, 0xff, 0xc0, 0x0, 0xf, 0xff,
    0xff, 0xff, 0xfc, 0x0, 0x3, 0xff, 0xff, 0xff,
    0xff, 0xe0, 0x0, 0xff, 0xff, 0xff, 0xff, 0xff,
    0x0, 0x3f, 0xff, 0xff, 0xff, 0xff, 0xf0, 0xf,
    0xff, 0xff, 0xff, 0xff, 0xff, 0x3, 0xff, 0xff,
    0xff, 0xff, 0xff, 0xf0, 0x7f, 0xfe, 0x1f, 0xff,
    0xff, 0xfe, 0x1f, 0xff, 0x80, 0x7f, 0xff, 0xff,
    0xe3, 0xff, 0xf0, 0x1, 0xff, 0xff, 0xfe, 0xff,
    0xfc, 0x0, 0x7, 0xff, 0xff, 0xdf, 0xff, 0x80,
    0x0, 0x3f, 0xff, 0xfb, 0xff, 0xf0, 0x0, 0x1,
    0xff, 0xff, 0xff, 0xfe, 0x0, 0x0, 0xf, 0xff,
    0xff, 0xff, 0xc0, 0x0, 0x0, 0xff, 0xff, 0xff,
    0xf8, 0x0, 0x0, 0x1f, 0xff, 0xff, 0xff, 0x80,
    0x0, 0x1, 0xff, 0xff, 0xff, 0xf0, 0x0, 0x0,
    0x3f, 0xff, 0xff, 0xff, 0x0, 0x0, 0x7, 0xff,
    0xef, 0xff, 0xf8, 0x0, 0x0, 0xff, 0xfd, 0xff,
    0xff, 0xc0, 0x0, 0x1f, 0xff, 0xbf, 0xff, 0xfe,
    0x0, 0x3, 0xff, 0xe3, 0xff, 0xff, 0xf8, 0x0,
    0xff, 0xfc, 0x7f, 0xff, 0xff, 0xf0, 0x1f, 0xff,
    0x7, 0xff, 0xff, 0xff, 0xc7, 0xff, 0xe0, 0x7f,
    0xff, 0xff, 0xff, 0xff, 0xf8, 0x7, 0xff, 0xff,
    0xff, 0xff, 0xfe, 0x0, 0x7f, 0xff, 0xff, 0xff,
    0xff, 0x80, 0x7, 0xff, 0xff, 0xff, 0xff, 0xe0,
    0x0, 0x3f, 0xff, 0xff, 0xff, 0xf0, 0x0, 0x1,
    0xff, 0xff, 0xff, 0xff, 0x0, 0x0, 0xf, 0xff,
    0xff, 0xff, 0xf8, 0x0, 0x0, 0x3f, 0xff, 0xff,
    0xff, 0x0, 0x0, 0x0, 0xff, 0xff, 0xff, 0xf0,
    0x0, 0x0, 0x3, 0xff, 0xff, 0xff, 0x0, 0x0,
    0x0, 0xf, 0xff, 0xff, 0xe0, 0x0, 0x0, 0x0,
    0x3f, 0xff, 0xfe, 0x0, 0x0, 0x0, 0x0, 0xff,
    0xff, 0xc0, 0x0, 0x0, 0x0, 0x7, 0xff, 0xf8,
    0x0, 0x0, 0x0, 0x0, 0x7f, 0xff, 0x80, 0x0,
    0x0, 0x0, 0x7, 0xff, 0xf0, 0x0, 0x0, 0x0,
    0x0, 0xff, 0xfe, 0xff, 0xfc, 0x0, 0x0, 0xf,
    0xff, 0xdf, 0xff, 0x80, 0x0, 0x1, 0xff, 0xfb,
    0xff, 0xf0, 0x0, 0x0, 0x3f, 0xff, 0x7f, 0xff,
    0x0, 0x0, 0x7, 0xff, 0xef, 0xff, 0xe0, 0x0,
    0x1, 0xff, 0xfc, 0xff, 0xfe, 0x0, 0x0, 0x3f,
    0xff, 0x9f, 0xff, 0xe0, 0x0, 0xf, 0xff, 0xe3,
    0xff, 0xfe, 0x0, 0x3, 0xff, 0xfc, 0x3f, 0xff,
    0xf8, 0x3, 0xff, 0xff, 0x3, 0xff, 0xff, 0xff,
    0xff, 0xff, 0xe0, 0x7f, 0xff, 0xff, 0xff, 0xff,
    0xf8, 0x7, 0xff, 0xff, 0xff, 0xff, 0xff, 0x0,
    0x7f, 0xff, 0xff, 0xff, 0xff, 0xc0, 0x7, 0xff,
    0xff, 0xff, 0xff, 0xf0, 0x0, 0x7f, 0xff, 0xff,
    0xff, 0xf8, 0x0, 0x3, 0xff, 0xff, 0xff, 0xfe,
    0x0, 0x0, 0x1f, 0xff, 0xff, 0xff, 0x0, 0x0,
    0x0, 0x7f, 0xff, 0xff, 0x0, 0x0, 0x0, 0x0,
    0x7f, 0xfe, 0x0, 0x0, 0x0,

    /* U+00A8 "¨" */
    0xf, 0x80, 0x0, 0x1f, 0x3, 0xfe, 0x0, 0x7,
    0xfc, 0x7f, 0xf0, 0x0, 0xff, 0xe7, 0xff, 0x0,
    0xf, 0xfe, 0xff, 0xf8, 0x1, 0xff, 0xff, 0xff,
    0x80, 0x1f, 0xff, 0xff, 0xf8, 0x1, 0xff, 0xff,
    0xff, 0x80, 0x1f, 0xff, 0x7f, 0xf0, 0x1, 0xff,
    0xe7, 0xff, 0x0, 0xf, 0xfe, 0x3f, 0xe0, 0x0,
    0x7f, 0xc0, 0xf8, 0x0, 0x1, 0xf0,

    /* U+00A9 "©" */
    0x0, 0x0, 0x0, 0xf, 0xfe, 0x0, 0x0, 0x0,
    0x0, 0x0, 0x0, 0x1f, 0xff, 0xfc, 0x0, 0x0,
    0x0, 0x0, 0x0, 0x1f, 0xff, 0xff, 0xf0, 0x0,
    0x0, 0x0, 0x0, 0xf, 0xff, 0xff, 0xff, 0x80,
    0x0, 0x0, 0x0, 0x7, 0xff, 0xff, 0xff, 0xfc,
    0x0, 0x0, 0x0, 0x3, 0xff, 0xff, 0xff, 0xff,
    0xe0, 0x0, 0x0, 0x0, 0xff, 0xfc, 0x0, 0x7f,
    0xfe, 0x0, 0x0, 0x0, 0x3f, 0xfc, 0x0, 0x1,
    0xff, 0xe0, 0x0, 0x0, 0xf, 0xfc, 0x0, 0x0,
    0x7, 0xfe, 0x0, 0x0, 0x7, 0xfe, 0x0, 0x0,
    0x0, 0x3f, 0xe0, 0x0, 0x0, 0xff, 0x80, 0x0,
    0x0, 0x3, 0xfe, 0x0, 0x0, 0x3f, 0xc0, 0x0,
    0x0, 0x0, 0x1f, 0xe0, 0x0, 0xf, 0xf0, 0x0,
    0x0, 0x0, 0x1, 0xfe, 0x0, 0x3, 0xfc, 0x0,
    0x0, 0x0, 0x0, 0x1f, 0xe0, 0x0, 0xff, 0x0,
    0x0, 0x0, 0x0, 0x1, 0xfe, 0x0, 0x1f, 0xc0,
    0x0, 0x7f, 0xc0, 0x0, 0x1f, 0xc0, 0x7, 0xf0,
    0x0, 0x7f, 0xff, 0x0, 0x1, 0xfc, 0x1, 0xfe,
    0x0, 0x3f, 0xff, 0xf8, 0x0, 0x3f, 0x80, 0x3f,
    0x80, 0xf, 0xff, 0xff, 0xc0, 0x3, 0xf8, 0xf,
    0xe0, 0x3, 0xff, 0xff, 0xfc, 0x0, 0x3f, 0x81,
    0xfc, 0x0, 0xff, 0xff, 0xff, 0x80, 0x7, 0xf0,
    0x3f, 0x0, 0x3f, 0xf0, 0x1f, 0xf8, 0x0, 0x7e,
    0xf, 0xe0, 0x7, 0xf8, 0x0, 0xff, 0x80, 0xf,
    0xe1, 0xf8, 0x1, 0xfe, 0x0, 0xf, 0xf0, 0x0,
    0xfc, 0x3f, 0x0, 0x3f, 0x80, 0x0, 0xfe, 0x0,
    0x1f, 0x8f, 0xe0, 0xf, 0xf0, 0x0, 0x1f, 0xe0,
    0x3, 0xf9, 0xf8, 0x1, 0xfc, 0x0, 0x1, 0xfc,
    0x0, 0x3f, 0x3f, 0x0, 0x3f, 0x80, 0x0, 0x3f,
    0x80, 0x7, 0xe7, 0xe0, 0xf, 0xf0, 0x0, 0x7,
    0xf0, 0x0, 0xfd, 0xfc, 0x1, 0xfc, 0x0, 0x0,
    0xfe, 0x0, 0x1f, 0xff, 0x0, 0x3f, 0x80, 0x0,
    0x0, 0x0, 0x1, 0xff, 0xe0, 0x7, 0xf0, 0x0,
    0x0, 0x0, 0x0, 0x3f, 0xfc, 0x0, 0xfe, 0x0,
    0x0, 0x0, 0x0, 0x7, 0xff, 0x80, 0x1f, 0xc0,
    0x0, 0x0, 0x0, 0x0, 0xff, 0xf0, 0x3, 0xf8,
    0x0, 0x0, 0x0, 0x0, 0x1f, 0xfe, 0x0, 0x7f,
    0x0, 0x0, 0x0, 0x0, 0x3, 0xff, 0xc0, 0xf,
    0xe0, 0x0, 0x0, 0x0, 0x0, 0x7f, 0xf8, 0x1,
    0xfc, 0x0, 0x0, 0x0, 0x0, 0xf, 0xff, 0x0,
    0x3f, 0x80, 0x0, 0x0, 0x0, 0x1, 0xff, 0xe0,
    0x7, 0xf0, 0x0, 0x0, 0x0, 0x0, 0x3f, 0xfc,
    0x0, 0xfe, 0x0, 0x0, 0x0, 0x0, 0x7, 0xff,
    0xc0, 0x1f, 0xc0, 0x0, 0x0, 0x0, 0x1, 0xfd,
    0xf8, 0x3, 0xf8, 0x0, 0x1, 0xfc, 0x0, 0x3f,
    0x3f, 0x0, 0x7f, 0x80, 0x0, 0x3f, 0x80, 0x7,
    0xe7, 0xe0, 0x7, 0xf0, 0x0, 0x7, 0xf0, 0x0,
    0xfc, 0xfe, 0x0, 0xfe, 0x0, 0x0, 0xfe, 0x0,
    0x3f, 0x8f, 0xc0, 0x1f, 0xe0, 0x0, 0x3f, 0xc0,
    0x7, 0xe1, 0xf8, 0x1, 0xfc, 0x0, 0x7, 0xf0,
    0x0, 0xfc, 0x3f, 0x80, 0x3f, 0xc0, 0x1, 0xfe,
    0x0, 0x3f, 0x83, 0xf0, 0x3, 0xfc, 0x0, 0x7f,
    0xc0, 0x7, 0xe0, 0x7f, 0x0, 0x7f, 0xe0, 0x3f,
    0xf0, 0x1, 0xfc, 0xf, 0xe0, 0x7, 0xff, 0xff,
    0xfc, 0x0, 0x3f, 0x80, 0xfe, 0x0, 0x7f, 0xff,
    0xff, 0x80, 0xf, 0xe0, 0x1f, 0xe0, 0x7, 0xff,
    0xff, 0xe0, 0x3, 0xf8, 0x1, 0xfc, 0x0, 0x7f,
    0xff, 0xf0, 0x0, 0x7f, 0x0, 0x1f, 0xc0, 0x3,
    0xff, 0xf8, 0x0, 0x1f, 0xc0, 0x3, 0xfc, 0x0,
    0xf, 0xf8, 0x0, 0x7, 0xf8, 0x0, 0x3f, 0xc0,
    0x0, 0x0, 0x0, 0x1, 0xfe, 0x0, 0x3, 0xfc,
    0x0, 0x0, 0x0, 0x0, 0x7f, 0x80, 0x0, 0x3f,
    0xc0, 0x0, 0x0, 0x0, 0x1f, 0xe0, 0x0, 0x3,
    0xfe, 0x0, 0x0, 0x0, 0xf, 0xf8, 0x0, 0x0,
    0x3f, 0xe0, 0x0, 0x0, 0x3, 0xfe, 0x0, 0x0,
    0x3, 0xff, 0x0, 0x0, 0x1, 0xff, 0x80, 0x0,
    0x0, 0x3f, 0xfc, 0x0, 0x1, 0xff, 0xe0, 0x0,
    0x0, 0x3, 0xff, 0xf0, 0x1, 0xff, 0xf8, 0x0,
    0x0, 0x0, 0x3f, 0xff, 0xff, 0xff, 0xfe, 0x0,
    0x0, 0x0, 0x1, 0xff, 0xff, 0xff, 0xff, 0x0,
    0x0, 0x0, 0x0, 0xf, 0xff, 0xff, 0xff, 0x80,
    0x0, 0x0, 0x0, 0x0, 0x7f, 0xff, 0xff, 0xc0,
    0x0, 0x0, 0x0, 0x0, 0x1, 0xff, 0xff, 0xc0,
    0x0, 0x0, 0x0, 0x0, 0x0, 0x3, 0xff, 0x80,
    0x0, 0x0, 0x0,

    /* U+00AA "ª" */
    0x0, 0x1, 0x0, 0x0, 0x1, 0xff, 0xf0, 0x0,
    0x1f, 0xff, 0xf0, 0x1, 0xff, 0xff, 0xe0, 0xf,
    0xff, 0xff, 0xc0, 0x7f, 0xff, 0xff, 0x83, 0xff,
    0xff, 0xfe, 0xf, 0xff, 0xff, 0xfc, 0x7f, 0xe0,
    0x1f, 0xf1, 0xff, 0x0, 0x3f, 0xe7, 0xf8, 0x0,
    0xff, 0x9f, 0xe0, 0x1, 0xfe, 0x0, 0x0, 0x7,
    0xf8, 0x0, 0x0, 0x1f, 0xe0, 0x0, 0x0, 0x7f,
    0x80, 0x0, 0x1, 0xfe, 0x0, 0x3f, 0xff, 0xf8,
    0xf, 0xff, 0xff, 0xe0, 0xff, 0xff, 0xff, 0x87,
    0xff, 0xff, 0xfe, 0x3f, 0xff, 0xff, 0xf9, 0xff,
    0xc0, 0x1f, 0xe7, 0xfc, 0x0, 0x7f, 0xbf, 0xe0,
    0x1, 0xfe, 0xff, 0x0, 0x7, 0xfb, 0xfc, 0x0,
    0x1f, 0xef, 0xf0, 0x0, 0x7f, 0xbf, 0xc0, 0x1,
    0xfe, 0xff, 0x0, 0xf, 0xfb, 0xfe, 0x0, 0x7f,
    0xe7, 0xfe, 0x7, 0xff, 0x9f, 0xff, 0xff, 0xfe,
    0x3f, 0xff, 0xff, 0xf8, 0xff, 0xff, 0xff, 0xf1,
    0xff, 0xff, 0x3f, 0xc1, 0xff, 0xf0, 0xff, 0x1,
    0xff, 0x0, 0x0,

    /* U+00AB "«" */
    0x0, 0xf, 0xf8, 0x3, 0xfe, 0x0, 0xf, 0xf0,
    0x3, 0xfe, 0x0, 0x1f, 0xf0, 0x7, 0xfc, 0x0,
    0x3f, 0xe0, 0xf, 0xf8, 0x0, 0x7f, 0xe0, 0xf,
    0xf8, 0x0, 0x7f, 0xc0, 0x1f, 0xf0, 0x0, 0xff,
    0x80, 0x3f, 0xf0, 0x1, 0xff, 0x80, 0x7f, 0xe0,
    0x1, 0xff, 0x0, 0x7f, 0xc0, 0x3, 0xff, 0x0,
    0xff, 0xc0, 0x7, 0xfe, 0x1, 0xff, 0x80, 0xf,
    0xfc, 0x1, 0xff, 0x80, 0xf, 0xfc, 0x3, 0xff,
    0x0, 0x1f, 0xf8, 0x7, 0xfe, 0x0, 0x3f, 0xf8,
    0xf, 0xfe, 0x0, 0x3f, 0xf0, 0xf, 0xfc, 0x0,
    0x7f, 0xe0, 0x1f, 0xfc, 0x0, 0xff, 0xe0, 0x3f,
    0xf8, 0x0, 0xff, 0xc0, 0x3f, 0xf0, 0x0, 0x7f,
    0xe0, 0x1f, 0xf8, 0x0, 0x7f, 0xe0, 0x1f, 0xfc,
    0x0, 0x3f, 0xf0, 0xf, 0xfc, 0x0, 0x1f, 0xf8,
    0x7, 0xfe, 0x0, 0x1f, 0xf8, 0x3, 0xfe, 0x0,
    0xf, 0xfc, 0x3, 0xff, 0x0, 0x7, 0xfc, 0x1,
    0xff, 0x80, 0x7, 0xfe, 0x0, 0xff, 0x80, 0x3,
    0xff, 0x0, 0xff, 0xc0, 0x1, 0xff, 0x0, 0x7f,
    0xc0, 0x1, 0xff, 0x80, 0x3f, 0xe0, 0x0, 0xff,
    0x80, 0x3f, 0xf0, 0x0, 0x7f, 0xc0, 0x1f, 0xf0,
    0x0, 0x3f, 0xe0, 0xf, 0xf8, 0x0, 0x3f, 0xe0,
    0xf, 0xf8, 0x0, 0x1f, 0xf0, 0x7, 0xfc, 0x0,
    0xf, 0xf0, 0x3, 0xfe, 0x0, 0xf, 0xf8, 0x3,
    0xfe,

    /* U+00AC "¬" */
    0xff, 0xff, 0xff, 0xff, 0xff, 0xff, 0xff, 0xff,
    0xff, 0xff, 0xff, 0xff, 0xff, 0xff, 0xff, 0xff,
    0xff, 0xff, 0xff, 0xff, 0xff, 0xff, 0xff, 0xff,
    0xff, 0xff, 0xff, 0xff, 0xff, 0xff, 0xff, 0xff,
    0xff, 0xff, 0xff, 0xff, 0xff, 0xff, 0xff, 0x0,
    0x0, 0x0, 0x3, 0xfe, 0x0, 0x0, 0x0, 0x7,
    0xfc, 0x0, 0x0, 0x0, 0xf, 0xf8, 0x0, 0x0,
    0x0, 0x1f, 0xf0, 0x0, 0x0, 0x0, 0x3f, 0xe0,
    0x0, 0x0, 0x0, 0x7f, 0xc0, 0x0, 0x0, 0x0,
    0xff, 0x80, 0x0, 0x0, 0x1, 0xff, 0x0, 0x0,
    0x0, 0x3, 0xfe, 0x0, 0x0, 0x0, 0x7, 0xfc,
    0x0, 0x0, 0x0, 0xf, 0xf8, 0x0, 0x0, 0x0,
    0x1f, 0xf0, 0x0, 0x0, 0x0, 0x3f, 0xe0,

    /* U+00AD "­" */
    0xff, 0xff, 0xff, 0xff, 0xff, 0xff, 0xff, 0xff,
    0xff, 0xff, 0xff, 0xff, 0xff, 0xff, 0xff, 0xff,
    0xff, 0xff, 0xff, 0xff, 0xff, 0xff, 0xff, 0xff,
    0xff, 0xff, 0xff, 0xff, 0xff, 0xff, 0xff, 0xff,
    0xf0,

    /* U+00AE "®" */
    0x0, 0x0, 0x0, 0xf, 0xfe, 0x0, 0x0, 0x0,
    0x0, 0x0, 0x0, 0x1f, 0xff, 0xfc, 0x0, 0x0,
    0x0, 0x0, 0x0, 0x1f, 0xff, 0xff, 0xf0, 0x0,
    0x0, 0x0, 0x0, 0xf, 0xff, 0xff, 0xff, 0x80,
    0x0, 0x0, 0x0, 0x7, 0xff, 0xff, 0xff, 0xfc,
    0x0, 0x0, 0x0, 0x3, 0xff, 0xff, 0xff, 0xff,
    0xe0, 0x0, 0x0, 0x0, 0xff, 0xfc, 0x0, 0x7f,
    0xfe, 0x0, 0x0, 0x0, 0x3f, 0xfc, 0x0, 0x1,
    0xff, 0xe0, 0x0, 0x0, 0xf, 0xfc, 0x0, 0x0,
    0x7, 0xfe, 0x0, 0x0, 0x7, 0xfe, 0x0, 0x0,
    0x0, 0x3f, 0xf0, 0x0, 0x0, 0xff, 0x80, 0x0,
    0x0, 0x3, 0xfe, 0x0, 0x0, 0x3f, 0xc0, 0x0,
    0x0, 0x0, 0x1f, 0xe0, 0x0, 0xf, 0xf0, 0x0,
    0x0, 0x0, 0x1, 0xfe, 0x0, 0x3, 0xfc, 0x0,
    0x0, 0x0, 0x0, 0x1f, 0xe0, 0x0, 0xff, 0x0,
    0x0, 0x0, 0x0, 0x1, 0xfe, 0x0, 0x1f, 0xc0,
    0xff, 0xff, 0xe0, 0x0, 0x1f, 0xc0, 0x7, 0xf0,
    0x1f, 0xff, 0xff, 0x80, 0x1, 0xfc, 0x1, 0xfe,
    0x3, 0xff, 0xff, 0xfc, 0x0, 0x3f, 0xc0, 0x3f,
    0x80, 0x7f, 0xff, 0xff, 0xc0, 0x3, 0xf8, 0xf,
    0xe0, 0xf, 0xff, 0xff, 0xfc, 0x0, 0x3f, 0x81,
    0xfc, 0x1, 0xff, 0xff, 0xff, 0xc0, 0x7, 0xf0,
    0x3f, 0x0, 0x3f, 0x80, 0xf, 0xfc, 0x0, 0x7e,
    0xf, 0xe0, 0x7, 0xf0, 0x0, 0x7f, 0x80, 0xf,
    0xe1, 0xf8, 0x0, 0xfe, 0x0, 0x7, 0xf8, 0x0,
    0xfc, 0x3f, 0x0, 0x1f, 0xc0, 0x0, 0x7f, 0x0,
    0x1f, 0x8f, 0xe0, 0x3, 0xf8, 0x0, 0xf, 0xe0,
    0x3, 0xf9, 0xf8, 0x0, 0x7f, 0x0, 0x1, 0xfc,
    0x0, 0x3f, 0x3f, 0x0, 0xf, 0xe0, 0x0, 0x3f,
    0x80, 0x7, 0xe7, 0xe0, 0x1, 0xfc, 0x0, 0x7,
    0xf0, 0x0, 0xfd, 0xfc, 0x0, 0x3f, 0x80, 0x1,
    0xfe, 0x0, 0x1f, 0xff, 0x0, 0x7, 0xf0, 0x0,
    0x3f, 0x80, 0x1, 0xff, 0xe0, 0x0, 0xfe, 0x0,
    0xf, 0xf0, 0x0, 0x3f, 0xfc, 0x0, 0x1f, 0xc0,
    0xf, 0xfc, 0x0, 0x7, 0xff, 0x80, 0x3, 0xff,
    0xff, 0xff, 0x0, 0x0, 0xff, 0xf0, 0x0, 0x7f,
    0xff, 0xff, 0xc0, 0x0, 0x1f, 0xfe, 0x0, 0xf,
    0xff, 0xff, 0xf0, 0x0, 0x3, 0xff, 0xc0, 0x1,
    0xff, 0xff, 0xff, 0x0, 0x0, 0x7f, 0xf8, 0x0,
    0x3f, 0xff, 0xff, 0xf0, 0x0, 0xf, 0xff, 0x0,
    0x7, 0xff, 0xff, 0xff, 0x0, 0x1, 0xff, 0xe0,
    0x0, 0xfe, 0x0, 0x3f, 0xf0, 0x0, 0x3f, 0xfc,
    0x0, 0x1f, 0xc0, 0x1, 0xfe, 0x0, 0x7, 0xff,
    0xc0, 0x3, 0xf8, 0x0, 0x1f, 0xc0, 0x1, 0xfd,
    0xf8, 0x0, 0x7f, 0x0, 0x3, 0xfc, 0x0, 0x3f,
    0x3f, 0x0, 0xf, 0xe0, 0x0, 0x3f, 0x80, 0x7,
    0xe7, 0xe0, 0x1, 0xfc, 0x0, 0x7, 0xf0, 0x0,
    0xfc, 0xfe, 0x0, 0x3f, 0x80, 0x0, 0xfe, 0x0,
    0x3f, 0x8f, 0xc0, 0x7, 0xf0, 0x0, 0x1f, 0xc0,
    0x7, 0xe1, 0xf8, 0x0, 0xfe, 0x0, 0x3, 0xf8,
    0x0, 0xfc, 0x3f, 0x80, 0x1f, 0xc0, 0x0, 0x7f,
    0x0, 0x3f, 0x83, 0xf0, 0x3, 0xf8, 0x0, 0xf,
    0xe0, 0x7, 0xe0, 0x7f, 0x0, 0x7f, 0x0, 0x1,
    0xfc, 0x1, 0xfc, 0xf, 0xe0, 0xf, 0xe0, 0x0,
    0x3f, 0x80, 0x3f, 0x80, 0xfe, 0x1, 0xfc, 0x0,
    0x7, 0xf0, 0xf, 0xe0, 0x1f, 0xe0, 0x3f, 0x80,
    0x0, 0xfe, 0x3, 0xf8, 0x1, 0xfc, 0x7, 0xf0,
    0x0, 0x1f, 0xe0, 0x7f, 0x0, 0x1f, 0xc0, 0x0,
    0x0, 0x0, 0x0, 0x1f, 0xc0, 0x3, 0xfc, 0x0,
    0x0, 0x0, 0x0, 0x7, 0xf8, 0x0, 0x3f, 0xc0,
    0x0, 0x0, 0x0, 0x1, 0xfe, 0x0, 0x3, 0xfc,
    0x0, 0x0, 0x0, 0x0, 0x7f, 0x80, 0x0, 0x3f,
    0xc0, 0x0, 0x0, 0x0, 0x1f, 0xe0, 0x0, 0x3,
    0xfe, 0x0, 0x0, 0x0, 0xf, 0xf8, 0x0, 0x0,
    0x3f, 0xe0, 0x0, 0x0, 0x3, 0xff, 0x0, 0x0,
    0x3, 0xff, 0x0, 0x0, 0x1, 0xff, 0x80, 0x0,
    0x0, 0x3f, 0xfc, 0x0, 0x1, 0xff, 0xe0, 0x0,
    0x0, 0x3, 0xff, 0xf0, 0x1, 0xff, 0xf8, 0x0,
    0x0, 0x0, 0x3f, 0xff, 0xff, 0xff, 0xfe, 0x0,
    0x0, 0x0, 0x1, 0xff, 0xff, 0xff, 0xff, 0x0,
    0x0, 0x0, 0x0, 0xf, 0xff, 0xff, 0xff, 0x80,
    0x0, 0x0, 0x0, 0x0, 0x7f, 0xff, 0xff, 0xc0,
    0x0, 0x0, 0x0, 0x0, 0x1, 0xff, 0xff, 0xc0,
    0x0, 0x0, 0x0, 0x0, 0x0, 0x3, 0xff, 0x80,
    0x0, 0x0, 0x0,

    /* U+00AF "¯" */
    0xff, 0xff, 0xff, 0xff, 0xff, 0xff, 0xff, 0xff,
    0xff, 0xff, 0xff, 0xff, 0xff, 0xff, 0xff, 0xff,
    0xff, 0xff, 0xff, 0xff, 0xff, 0xff, 0xff, 0xff,
    0xff, 0xff, 0xff, 0xff,

    /* U+00B0 "°" */
    0x0, 0x7f, 0x0, 0x0, 0xff, 0xe0, 0x1, 0xff,
    0xfc, 0x1, 0xff, 0xff, 0x1, 0xff, 0xff, 0xc1,
    0xff, 0xff, 0xf0, 0xff, 0xff, 0xf8, 0xff, 0x83,
    0xfe, 0x7f, 0x80, 0xff, 0x7f, 0x80, 0x3f, 0xff,
    0x80, 0xf, 0xff, 0xc0, 0x7, 0xff, 0xe0, 0x3,
    0xff, 0xf0, 0x1, 0xff, 0xf8, 0x0, 0xff, 0xfc,
    0x0, 0x7f, 0xff, 0x0, 0x7f, 0xbf, 0xc0, 0x7f,
    0x9f, 0xf0, 0x7f, 0xc7, 0xff, 0xff, 0xc3, 0xff,
    0xff, 0xe0, 0xff, 0xff, 0xe0, 0x3f, 0xff, 0xe0,
    0xf, 0xff, 0xe0, 0x1, 0xff, 0xc0, 0x0, 0x3f,
    0x80, 0x0,

    /* U+00B1 "±" */
    0x0, 0x1, 0xff, 0xe0, 0x0, 0x0, 0x0, 0x3f,
    0xfc, 0x0, 0x0, 0x0, 0x7, 0xff, 0x80, 0x0,
    0x0, 0x0, 0xff, 0xf0, 0x0, 0x0, 0x0, 0x1f,
    0xfe, 0x0, 0x0, 0x0, 0x3, 0xff, 0xc0, 0x0,
    0x0, 0x0, 0x7f, 0xf8, 0x0, 0x0, 0x0, 0xf,
    0xff, 0x0, 0x0, 0x0, 0x1, 0xff, 0xe0, 0x0,
    0x0, 0x0, 0x3f, 0xfc, 0x0, 0x0, 0x0, 0x7,
    0xff, 0x80, 0x0, 0x0, 0x0, 0xff, 0xf0, 0x0,
    0x0, 0x0, 0x1f, 0xfe, 0x0, 0x0, 0x0, 0x3,
    0xff, 0xc0, 0x0, 0x0, 0x0, 0x7f, 0xf8, 0x0,
    0x0, 0x0, 0xf, 0xff, 0x0, 0x0, 0x0, 0x1,
    0xff, 0xe0, 0x0, 0x1f, 0xff, 0xff, 0xff, 0xff,
    0xff, 0xff, 0xff, 0xff, 0xff, 0xff, 0xff, 0xff,
    0xff, 0xff, 0xff, 0xff, 0xff, 0xff, 0xff, 0xff,
    0xff, 0xff, 0xff, 0xff, 0xff, 0xff, 0xff, 0xff,
    0xff, 0xff, 0xff, 0xff, 0xff, 0xff, 0xff, 0xff,
    0xff, 0xff, 0xff, 0xff, 0xff, 0xff, 0xff, 0xff,
    0xff, 0xff, 0xff, 0xff, 0xff, 0xff, 0xff, 0xff,
    0xff, 0x80, 0x0, 0xff, 0xf0, 0x0, 0x0, 0x0,
    0x1f, 0xfe, 0x0, 0x0, 0x0, 0x3, 0xff, 0xc0,
    0x0, 0x0, 0x0, 0x7f, 0xf8, 0x0, 0x0, 0x0,
    0xf, 0xff, 0x0, 0x0, 0x0, 0x1, 0xff, 0xe0,
    0x0, 0x0, 0x0, 0x3f, 0xfc, 0x0, 0x0, 0x0,
    0x7, 0xff, 0x80, 0x0, 0x0, 0x0, 0xff, 0xf0,
    0x0, 0x0, 0x0, 0x1f, 0xfe, 0x0, 0x0, 0x0,
    0x3, 0xff, 0xc0, 0x0, 0x0, 0x0, 0x7f, 0xf8,
    0x0, 0x0, 0x0, 0xf, 0xff, 0x0, 0x0, 0x0,
    0x1, 0xff, 0xe0, 0x0, 0x0, 0x0, 0x3f, 0xfc,
    0x0, 0x0, 0x0, 0x7, 0xff, 0x80, 0x0, 0x0,
    0x0, 0xff, 0xf0, 0x0, 0x0, 0x0, 0x1f, 0xfe,
    0x0, 0x0, 0x0, 0x3, 0xff, 0xc0, 0x0, 0x0,
    0x0, 0x0, 0x0, 0x0, 0x0, 0x0, 0x0, 0x0,
    0x0, 0x0, 0x0, 0x0, 0x0, 0x0, 0x0, 0x0,
    0x0, 0x0, 0x0, 0x0, 0x0, 0x0, 0x0, 0x0,
    0x0, 0x0, 0x3f, 0xff, 0xff, 0xff, 0xff, 0xe7,
    0xff, 0xff, 0xff, 0xff, 0xfc, 0xff, 0xff, 0xff,
    0xff, 0xff, 0x9f, 0xff, 0xff, 0xff, 0xff, 0xf3,
    0xff, 0xff, 0xff, 0xff, 0xfe, 0x7f, 0xff, 0xff,
    0xff, 0xff, 0xcf, 0xff, 0xff, 0xff, 0xff, 0xf9,
    0xff, 0xff, 0xff, 0xff, 0xff, 0x3f, 0xff, 0xff,
    0xff, 0xff, 0xe7, 0xff, 0xff, 0xff, 0xff, 0xfc,

    /* U+00B2 "²" */
    0x0, 0x0, 0x0, 0x0, 0x3, 0xff, 0xe0, 0x0,
    0x3f, 0xff, 0xe0, 0x1, 0xff, 0xff, 0xc0, 0x1f,
    0xff, 0xff, 0x80, 0x7f, 0xff, 0xff, 0x3, 0xff,
    0xff, 0xfe, 0x1f, 0xff, 0xff, 0xf8, 0x7f, 0xe0,
    0x3f, 0xe3, 0xff, 0x0, 0xff, 0xcf, 0xf8, 0x1,
    0xff, 0x3f, 0xe0, 0x7, 0xfc, 0xff, 0x80, 0x1f,
    0xf0, 0x0, 0x0, 0x7f, 0xc0, 0x0, 0x3, 0xff,
    0x0, 0x0, 0x1f, 0xfc, 0x0, 0x0, 0x7f, 0xe0,
    0x0, 0x3, 0xff, 0x80, 0x0, 0x1f, 0xfc, 0x0,
    0x0, 0xff, 0xf0, 0x0, 0x7, 0xff, 0x80, 0x0,
    0x3f, 0xfc, 0x0, 0x1, 0xff, 0xe0, 0x0, 0xf,
    0xff, 0x0, 0x0, 0x7f, 0xf0, 0x0, 0x3, 0xff,
    0x80, 0x0, 0x1f, 0xfc, 0x0, 0x0, 0xff, 0xe0,
    0x0, 0x7, 0xff, 0x0, 0x0, 0x3f, 0xf8, 0x0,
    0x1, 0xff, 0x80, 0x0, 0xf, 0xff, 0xff, 0xff,
    0x7f, 0xff, 0xff, 0xfd, 0xff, 0xff, 0xff, 0xf7,
    0xff, 0xff, 0xff, 0xdf, 0xff, 0xff, 0xff, 0x7f,
    0xff, 0xff, 0xfd, 0xff, 0xff, 0xff, 0xf0,

    /* U+00B3 "³" */
    0x0, 0x0, 0x0, 0x0, 0x3, 0xff, 0xe0, 0x0,
    0x3f, 0xff, 0xf0, 0x1, 0xff, 0xff, 0xe0, 0x1f,
    0xff, 0xff, 0xe0, 0x7f, 0xff, 0xff, 0x83, 0xff,
    0xff, 0xff, 0x1f, 0xff, 0xff, 0xfc, 0x7f, 0xe0,
    0x1f, 0xf9, 0xff, 0x0, 0x7f, 0xe7, 0xfc, 0x0,
    0xff, 0x80, 0x0, 0x3, 0xfe, 0x0, 0x0, 0xf,
    0xf8, 0x0, 0x0, 0x7f, 0xe0, 0x0, 0x1, 0xff,
    0x0, 0x0, 0x3f, 0xfc, 0x0, 0x3f, 0xff, 0xe0,
    0x0, 0xff, 0xfe, 0x0, 0x3, 0xff, 0xf0, 0x0,
    0xf, 0xff, 0xe0, 0x0, 0x3f, 0xff, 0xe0, 0x0,
    0xff, 0xff, 0xc0, 0x0, 0x7, 0xff, 0x80, 0x0,
    0x7, 0xfe, 0x0, 0x0, 0xf, 0xfc, 0x0, 0x0,
    0x1f, 0xf0, 0x0, 0x0, 0x7f, 0xff, 0xe0, 0x1,
    0xff, 0xff, 0x80, 0x7, 0xff, 0xff, 0x0, 0x3f,
    0xff, 0xfe, 0x1, 0xff, 0xdf, 0xff, 0xff, 0xfe,
    0x7f, 0xff, 0xff, 0xf8, 0xff, 0xff, 0xff, 0xc1,
    0xff, 0xff, 0xfe, 0x3, 0xff, 0xff, 0xf0, 0x3,
    0xff, 0xff, 0x0, 0x3, 0xff, 0xf0, 0x0, 0x0,
    0x20, 0x0, 0x0,

    /* U+00B4 "´" */
    0x0, 0x7f, 0xfe, 0x0, 0xff, 0xfc, 0x1, 0xff,
    0xf8, 0x1, 0xff, 0xf0, 0x3, 0xff, 0xe0, 0x7,
    0xff, 0xe0, 0x7, 0xff, 0xc0, 0xf, 0xff, 0x80,
    0x1f, 0xff, 0x0, 0x1f, 0xfe, 0x0, 0x3f, 0xfc,
    0x0, 0x7f, 0xf8, 0x0, 0x7f, 0xf0, 0x0, 0xff,
    0xe0, 0x0,

    /* U+00B5 "µ" */
    0xff, 0xfc, 0x0, 0x1, 0xff, 0xff, 0xff, 0xe0,
    0x0, 0xf, 0xff, 0xff, 0xff, 0x0, 0x0, 0x7f,
    0xff, 0xff, 0xf8, 0x0, 0x3, 0xff, 0xff, 0xff,
    0xc0, 0x0, 0x1f, 0xff, 0xff, 0xfe, 0x0, 0x0,
    0xff, 0xff, 0xff, 0xf0, 0x0, 0x7, 0xff, 0xff,
    0xff, 0x80, 0x0, 0x3f, 0xff, 0xff, 0xfc, 0x0,
    0x1, 0xff, 0xff, 0xff, 0xe0, 0x0, 0xf, 0xff,
    0xff, 0xff, 0x0, 0x0, 0x7f, 0xff, 0xff, 0xf8,
    0x0, 0x3, 0xff, 0xff, 0xff, 0xc0, 0x0, 0x1f,
    0xff, 0xff, 0xfe, 0x0, 0x0, 0xff, 0xff, 0xff,
    0xf0, 0x0, 0x7, 0xff, 0xff, 0xff, 0x80, 0x0,
    0x3f, 0xff, 0xff, 0xfc, 0x0, 0x1, 0xff, 0xff,
    0xff, 0xe0, 0x0, 0xf, 0xff, 0xff, 0xff, 0x0,
    0x0, 0x7f, 0xff, 0xff, 0xf8, 0x0, 0x3, 0xff,
    0xff, 0xff, 0xc0, 0x0, 0x1f, 0xff, 0xff, 0xfe,
    0x0, 0x0, 0xff, 0xff, 0xff, 0xf0, 0x0, 0x7,
    0xff, 0xff, 0xff, 0x80, 0x0, 0x3f, 0xff, 0xff,
    0xfc, 0x0, 0x1, 0xff, 0xff, 0xff, 0xe0, 0x0,
    0xf, 0xff, 0xff, 0xff, 0x0, 0x0, 0x7f, 0xff,
    0xff, 0xf8, 0x0, 0x3, 0xff, 0xff, 0xff, 0xc0,
    0x0, 0x1f, 0xff, 0xff, 0xfe, 0x0, 0x0, 0xff,
    0xff, 0xff, 0xf0, 0x0, 0x7, 0xff, 0xff, 0xff,
    0x80, 0x0, 0x3f, 0xff, 0xff, 0xfc, 0x0, 0x1,
    0xff, 0xff, 0xff, 0xe0, 0x0, 0xf, 0xff, 0xff,
    0xff, 0x0, 0x0, 0x7f, 0xff, 0xff, 0xf8, 0x0,
    0x3, 0xff, 0xff, 0xff, 0xe0, 0x0, 0x1f, 0xff,
    0xff, 0xff, 0x0, 0x0, 0xff, 0xff, 0xff, 0xf8,
    0x0, 0xf, 0xff, 0xff, 0xff, 0xe0, 0x0, 0xff,
    0xff, 0xff, 0xff, 0x80, 0xf, 0xff, 0xff, 0xff,
    0xff, 0x1, 0xff, 0xff, 0xff, 0xff, 0xff, 0xff,
    0xff, 0xff, 0xff, 0xff, 0xff, 0xff, 0xff, 0xff,
    0xff, 0xff, 0xff, 0xff, 0xff, 0xff, 0xff, 0xff,
    0xff, 0xff, 0xff, 0xff, 0xff, 0xff, 0xff, 0xff,
    0xff, 0xff, 0xff, 0xff, 0xff, 0xff, 0xff, 0xff,
    0xff, 0xfe, 0xff, 0xff, 0xff, 0xff, 0xff, 0xe7,
    0xff, 0xff, 0xff, 0x7f, 0xfc, 0x3f, 0xff, 0xff,
    0xf8, 0xff, 0x80, 0x0, 0xf, 0xff, 0xc0, 0x0,
    0x0, 0x0, 0x7f, 0xfe, 0x0, 0x0, 0x0, 0x3,
    0xff, 0xf0, 0x0, 0x0, 0x0, 0x1f, 0xff, 0x80,
    0x0, 0x0, 0x0, 0xff, 0xfc, 0x0, 0x0, 0x0,
    0x7, 0xff, 0xe0, 0x0, 0x0, 0x0, 0x3f, 0xff,
    0x0, 0x0, 0x0, 0x1, 0xff, 0xf8, 0x0, 0x0,
    0x0, 0xf, 0xff, 0xc0, 0x0, 0x0, 0x0, 0x7f,
    0xfe, 0x0, 0x0, 0x0, 0x3, 0xff, 0xf0, 0x0,
    0x0, 0x0, 0x1f, 0xff, 0x80, 0x0, 0x0, 0x0,
    0xff, 0xfc, 0x0, 0x0, 0x0, 0x7, 0xff, 0xe0,
    0x0, 0x0, 0x0, 0x3f, 0xff, 0x0, 0x0, 0x0,
    0x1, 0xff, 0xf8, 0x0, 0x0, 0x0, 0xf, 0xff,
    0xc0, 0x0, 0x0, 0x0, 0x7f, 0xfe, 0x0, 0x0,
    0x0, 0x3, 0xff, 0xf0, 0x0, 0x0, 0x0, 0x0,

    /* U+00B6 "¶" */
    0x0, 0x0, 0x7f, 0xff, 0xf8, 0x0, 0x3f, 0xff,
    0xff, 0xc0, 0x7, 0xff, 0xff, 0xfe, 0x0, 0xff,
    0xff, 0xff, 0xf0, 0xf, 0xff, 0xff, 0xff, 0x80,
    0xff, 0xff, 0xff, 0xfc, 0xf, 0xff, 0xff, 0xff,
    0xe0, 0xff, 0xff, 0xff, 0xff, 0xf, 0xff, 0xff,
    0xff, 0xf8, 0xff, 0xff, 0xff, 0xff, 0xc7, 0xff,
    0xff, 0xff, 0xfe, 0x7f, 0xff, 0xff, 0xff, 0xf3,
    0xff, 0xff, 0xff, 0xff, 0xbf, 0xff, 0xff, 0xff,
    0xfd, 0xff, 0xff, 0xff, 0xff, 0xef, 0xff, 0xff,
    0xff, 0xff, 0x7f, 0xff, 0xff, 0xff, 0xff, 0xff,
    0xff, 0xff, 0xff, 0xff, 0xff, 0xff, 0xff, 0xff,
    0xff, 0xff, 0xff, 0xff, 0xff, 0xff, 0xff, 0xff,
    0xff, 0xff, 0xff, 0xff, 0xff, 0xff, 0xff, 0xff,
    0xff, 0xff, 0xff, 0xff, 0xff, 0xff, 0xff, 0xff,
    0xff, 0xff, 0xff, 0xff, 0xff, 0xff, 0xff, 0xff,
    0xff, 0xff, 0xff, 0xff, 0xfe, 0xff, 0xff, 0xff,
    0xff, 0xf7, 0xff, 0xff, 0xff, 0xff, 0xbf, 0xff,
    0xff, 0xff, 0xfd, 0xff, 0xff, 0xff, 0xff, 0xe7,
    0xff, 0xff, 0xff, 0xff, 0x3f, 0xff, 0xff, 0xff,
    0xf8, 0xff, 0xff, 0xff, 0xff, 0xc7, 0xff, 0xff,
    0xff, 0xfe, 0x1f, 0xff, 0xff, 0xff, 0xf0, 0x7f,
    0xff, 0xff, 0xff, 0x81, 0xff, 0xff, 0xff, 0xfc,
    0x7, 0xff, 0xff, 0xff, 0xe0, 0x1f, 0xff, 0xff,
    0xff, 0x0, 0x7f, 0xff, 0xff, 0xf8, 0x0, 0xff,
    0xff, 0xff, 0xc0, 0x1, 0xff, 0xff, 0xfe, 0x0,
    0x0, 0xff, 0xff, 0xf0, 0x0, 0x0, 0x1, 0xff,
    0x80, 0x0, 0x0, 0xf, 0xfc, 0x0, 0x0, 0x0,
    0x7f, 0xe0, 0x0, 0x0, 0x3, 0xff, 0x0, 0x0,
    0x0, 0x1f, 0xf8, 0x0, 0x0, 0x0, 0xff, 0xc0,
    0x0, 0x0, 0x7, 0xfe, 0x0, 0x0, 0x0, 0x3f,
    0xf0, 0x0, 0x0, 0x1, 0xff, 0x80, 0x0, 0x0,
    0xf, 0xfc, 0x0, 0x0, 0x0, 0x7f, 0xe0, 0x0,
    0x0, 0x3, 0xff, 0x0, 0x0, 0x0, 0x1f, 0xf8,
    0x0, 0x0, 0x0, 0xff, 0xc0, 0x0, 0x0, 0x7,
    0xfe, 0x0, 0x0, 0x0, 0x3f, 0xf0, 0x0, 0x0,
    0x1, 0xff, 0x80, 0x0, 0x0, 0xf, 0xfc, 0x0,
    0x0, 0x0, 0x7f, 0xe0, 0x0, 0x0, 0x3, 0xff,
    0x0, 0x0, 0x0, 0x1f, 0xf8, 0x0, 0x0, 0x0,
    0xff, 0xc0, 0x0, 0x0, 0x7, 0xfe, 0x0, 0x0,
    0x0, 0x3f, 0xf0, 0x0, 0x0, 0x1, 0xff, 0x80,

    /* U+00B7 "·" */
    0xf, 0xe0, 0x3f, 0xe0, 0xff, 0xe3, 0xff, 0xef,
    0xff, 0xff, 0xff, 0xff, 0xff, 0xff, 0xff, 0xff,
    0xff, 0xff, 0xfd, 0xff, 0xf1, 0xff, 0xc1, 0xff,
    0x1, 0xfc, 0x0,

    /* U+00B8 "¸" */
    0x3f, 0xf0, 0xf, 0xf8, 0x7, 0xfe, 0x1, 0xff,
    0xe0, 0x7f, 0xfe, 0x1f, 0xff, 0xc7, 0xff, 0xf8,
    0x3f, 0xfe, 0x3, 0xff, 0xc0, 0x7f, 0xf0, 0x1f,
    0xfc, 0x7, 0xff, 0x1, 0xff, 0xc0, 0xff, 0xf0,
    0x7f, 0xf8, 0xff, 0xfe, 0x3f, 0xff, 0xf, 0xff,
    0xc3, 0xff, 0xe0, 0xff, 0xe0, 0x3f, 0xe0, 0xf,
    0xc0, 0x0,

    /* U+00B9 "¹" */
    0x0, 0x0, 0x40, 0x0, 0xf0, 0x3, 0xfc, 0x7,
    0xff, 0xf, 0xff, 0xdf, 0xff, 0xff, 0xff, 0xff,
    0xff, 0xff, 0xff, 0xff, 0xff, 0xff, 0xff, 0xff,
    0xff, 0xf9, 0xff, 0xc0, 0x7f, 0xc0, 0x1f, 0xf0,
    0x7, 0xfc, 0x1, 0xff, 0x0, 0x7f, 0xc0, 0x1f,
    0xf0, 0x7, 0xfc, 0x1, 0xff, 0x0, 0x7f, 0xc0,
    0x1f, 0xf0, 0x7, 0xfc, 0x1, 0xff, 0x0, 0x7f,
    0xc0, 0x1f, 0xf0, 0x7, 0xfc, 0x1, 0xff, 0x0,
    0x7f, 0xc0, 0x1f, 0xf0, 0x7, 0xfc, 0x1, 0xff,
    0x0, 0x7f, 0xc0, 0x1f, 0xf0, 0x7, 0xfc, 0x1,
    0xff, 0x0, 0x7f, 0xc0,

    /* U+00BA "º" */
    0x0, 0x0, 0x0, 0x0, 0x0, 0x3f, 0xfc, 0x0,
    0x0, 0xff, 0xff, 0x0, 0x3, 0xff, 0xff, 0xc0,
    0x7, 0xff, 0xff, 0xe0, 0xf, 0xff, 0xff, 0xf0,
    0x1f, 0xff, 0xff, 0xf8, 0x1f, 0xff, 0xff, 0xf8,
    0x3f, 0xf0, 0xf, 0xfc, 0x3f, 0xe0, 0x7, 0xfc,
    0x7f, 0xc0, 0x3, 0xfe, 0x7f, 0x80, 0x1, 0xfe,
    0x7f, 0x80, 0x1, 0xfe, 0xff, 0x80, 0x1, 0xff,
    0xff, 0x0, 0x0, 0xff, 0xff, 0x0, 0x0, 0xff,
    0xff, 0x0, 0x0, 0xff, 0xff, 0x0, 0x0, 0xff,
    0xff, 0x0, 0x0, 0xff, 0xff, 0x0, 0x0, 0xff,
    0xff, 0x0, 0x0, 0xff, 0xff, 0x0, 0x0, 0xff,
    0xff, 0x0, 0x0, 0xff, 0xff, 0x0, 0x0, 0xff,
    0xff, 0x0, 0x0, 0xff, 0xff, 0x80, 0x1, 0xff,
    0x7f, 0x80, 0x1, 0xfe, 0x7f, 0xc0, 0x3, 0xfe,
    0x7f, 0xc0, 0x3, 0xfe, 0x3f, 0xe0, 0x7, 0xfc,
    0x3f, 0xf8, 0x1f, 0xfc, 0x1f, 0xff, 0xff, 0xf8,
    0xf, 0xff, 0xff, 0xf0, 0x7, 0xff, 0xff, 0xe0,
    0x3, 0xff, 0xff, 0xc0, 0x1, 0xff, 0xff, 0x80,
    0x0, 0x7f, 0xfe, 0x0, 0x0, 0xf, 0xf0, 0x0,

    /* U+00BB "»" */
    0xff, 0x80, 0x1f, 0xe0, 0x0, 0x7f, 0xc0, 0x1f,
    0xf0, 0x0, 0x3f, 0xc0, 0xf, 0xf8, 0x0, 0x3f,
    0xe0, 0xf, 0xfc, 0x0, 0x1f, 0xf0, 0x7, 0xfc,
    0x0, 0x1f, 0xf8, 0x3, 0xfe, 0x0, 0xf, 0xf8,
    0x3, 0xff, 0x0, 0x7, 0xfc, 0x1, 0xff, 0x0,
    0x7, 0xfe, 0x1, 0xff, 0x80, 0x3, 0xfe, 0x0,
    0xff, 0xc0, 0x3, 0xff, 0x0, 0x7f, 0xc0, 0x1,
    0xff, 0x80, 0x7f, 0xe0, 0x0, 0xff, 0x80, 0x3f,
    0xf0, 0x0, 0xff, 0xc0, 0x3f, 0xf0, 0x0, 0x7f,
    0xe0, 0x1f, 0xf8, 0x0, 0x7f, 0xe0, 0xf, 0xfc,
    0x0, 0x3f, 0xf0, 0xf, 0xfe, 0x0, 0x1f, 0xf8,
    0x7, 0xfe, 0x0, 0x1f, 0xfc, 0x7, 0xff, 0x0,
    0x1f, 0xf8, 0x7, 0xff, 0x0, 0x3f, 0xf8, 0xf,
    0xfe, 0x0, 0x7f, 0xf0, 0xf, 0xfc, 0x0, 0x7f,
    0xe0, 0x1f, 0xf8, 0x0, 0xff, 0xc0, 0x3f, 0xf8,
    0x0, 0xff, 0xc0, 0x3f, 0xf0, 0x1, 0xff, 0x80,
    0x7f, 0xe0, 0x3, 0xff, 0x0, 0x7f, 0xe0, 0x3,
    0xff, 0x0, 0xff, 0xc0, 0x7, 0xfe, 0x1, 0xff,
    0x80, 0x7, 0xfc, 0x1, 0xff, 0x0, 0xf, 0xf8,
    0x3, 0xff, 0x0, 0x1f, 0xf8, 0x3, 0xfe, 0x0,
    0x1f, 0xf0, 0x7, 0xfc, 0x0, 0x3f, 0xe0, 0xf,
    0xfc, 0x0, 0x3f, 0xe0, 0xf, 0xf8, 0x0, 0x7f,
    0xc0, 0x1f, 0xf0, 0x0, 0xff, 0x80, 0x1f, 0xe0,
    0x0,

    /* U+00BC "¼" */
    0x0, 0x0, 0x40, 0x0, 0x0, 0x0, 0x0, 0x0,
    0x0, 0x1e, 0x0, 0x0, 0x0, 0x0, 0x0, 0x0,
    0x7, 0xf0, 0x0, 0x0, 0x0, 0x0, 0x0, 0x1,
    0xff, 0x80, 0x0, 0x0, 0x0, 0x0, 0x0, 0x7f,
    0xfc, 0x0, 0x0, 0x0, 0x0, 0x0, 0x3f, 0xff,
    0xe0, 0x0, 0x0, 0x0, 0x0, 0x3, 0xff, 0xff,
    0x0, 0x0, 0x0, 0x40, 0x0, 0x1f, 0xff, 0xf8,
    0x0, 0x0, 0x7, 0x80, 0x0, 0xff, 0xff, 0xc0,
    0x0, 0x0, 0x7f, 0x0, 0x7, 0xff, 0xfe, 0x0,
    0x0, 0x3, 0xfc, 0x0, 0x3f, 0xff, 0xf0, 0x0,
    0x0, 0x3f, 0xe0, 0x1, 0xfe, 0xff, 0x80, 0x0,
    0x1, 0xfe, 0x0, 0xe, 0x7, 0xfc, 0x0, 0x0,
    0x1f, 0xf0, 0x0, 0x0, 0x3f, 0xe0, 0x0, 0x1,
    0xff, 0x0, 0x0, 0x1, 0xff, 0x0, 0x0, 0xf,
    0xf0, 0x0, 0x0, 0xf, 0xf8, 0x0, 0x0, 0xff,
    0x80, 0x0, 0x0, 0x7f, 0xc0, 0x0, 0xf, 0xf8,
    0x0, 0x0, 0x3, 0xfe, 0x0, 0x0, 0x7f, 0xc0,
    0x0, 0x0, 0x1f, 0xf0, 0x0, 0x7, 0xfc, 0x0,
    0x0, 0x0, 0xff, 0x80, 0x0, 0x3f, 0xc0, 0x0,
    0x0, 0x7, 0xfc, 0x0, 0x3, 0xfe, 0x0, 0x0,
    0x0, 0x3f, 0xe0, 0x0, 0x3f, 0xe0, 0x0, 0x0,
    0x1, 0xff, 0x0, 0x1, 0xfe, 0x0, 0x0, 0x0,
    0xf, 0xf8, 0x0, 0x1f, 0xf0, 0x0, 0x0, 0x0,
    0x7f, 0xc0, 0x0, 0xff, 0x0, 0x0, 0x0, 0x3,
    0xfe, 0x0, 0xf, 0xf8, 0x0, 0x0, 0x0, 0x1f,
    0xf0, 0x0, 0xff, 0x80, 0x0, 0x0, 0x0, 0xff,
    0x80, 0x7, 0xf8, 0x0, 0x0, 0x0, 0x7, 0xfc,
    0x0, 0x7f, 0xc0, 0x0, 0x0, 0x0, 0x3f, 0xe0,
    0x3, 0xfc, 0x0, 0x0, 0x0, 0x1, 0xff, 0x0,
    0x3f, 0xe0, 0x0, 0x0, 0x0, 0xf, 0xf8, 0x3,
    0xfe, 0x0, 0x7f, 0xe0, 0x0, 0x7f, 0xc0, 0x1f,
    0xe0, 0x7, 0xff, 0x0, 0x3, 0xfe, 0x1, 0xff,
    0x0, 0x3f, 0xf8, 0x0, 0x1f, 0xf0, 0xf, 0xf0,
    0x3, 0xff, 0xc0, 0x0, 0xff, 0x80, 0xff, 0x0,
    0x3f, 0xfe, 0x0, 0x7, 0xfc, 0xf, 0xf8, 0x3,
    0xff, 0xf0, 0x0, 0x3f, 0xe0, 0x7f, 0x80, 0x1f,
    0xff, 0x80, 0x0, 0x0, 0x7, 0xfc, 0x1, 0xff,
    0xfc, 0x0, 0x0, 0x0, 0x7f, 0xc0, 0x1f, 0xff,
    0xe0, 0x0, 0x0, 0x3, 0xfc, 0x0, 0xff, 0xff,
    0x0, 0x0, 0x0, 0x3f, 0xe0, 0xf, 0xff, 0xf8,
    0x0, 0x0, 0x1, 0xfe, 0x0, 0xff, 0xff, 0xc0,
    0x0, 0x0, 0x1f, 0xf0, 0xf, 0xff, 0xfe, 0x0,
    0x0, 0x1, 0xff, 0x0, 0x7f, 0xbf, 0xf0, 0x0,
    0x0, 0xf, 0xf0, 0x7, 0xfd, 0xff, 0x80, 0x0,
    0x0, 0xff, 0x80, 0x7f, 0xcf, 0xfc, 0x0, 0x0,
    0x7, 0xf8, 0x3, 0xfc, 0x7f, 0xe0, 0x0, 0x0,
    0x7f, 0xc0, 0x3f, 0xe3, 0xff, 0x0, 0x0, 0x7,
    0xfc, 0x3, 0xfe, 0x1f, 0xf8, 0x0, 0x0, 0x3f,
    0xc0, 0x1f, 0xe0, 0xff, 0xc0, 0x0, 0x3, 0xfe,
    0x1, 0xfe, 0x7, 0xfe, 0x0, 0x0, 0x1f, 0xe0,
    0x1f, 0xf0, 0x3f, 0xf0, 0x0, 0x1, 0xfe, 0x1,
    0xff, 0x1, 0xff, 0x80, 0x0, 0x1f, 0xf0, 0xf,
    0xff, 0xff, 0xff, 0xe0, 0x0, 0xff, 0x0, 0x7f,
    0xff, 0xff, 0xff, 0x0, 0xf, 0xf8, 0x3, 0xff,
    0xff, 0xff, 0xf8, 0x0, 0xff, 0x80, 0x1f, 0xff,
    0xff, 0xff, 0xc0, 0x7, 0xf8, 0x0, 0xff, 0xff,
    0xff, 0xfe, 0x0, 0x7f, 0xc0, 0x7, 0xff, 0xff,
    0xff, 0xf0, 0x0, 0xfc, 0x0, 0x3f, 0xff, 0xff,
    0xff, 0x80, 0x1, 0xe0, 0x0, 0x0, 0x1, 0xff,
    0x80, 0x0, 0x2, 0x0, 0x0, 0x0, 0xf, 0xfc,
    0x0, 0x0, 0x0, 0x0, 0x0, 0x0, 0x7f, 0xe0,
    0x0, 0x0, 0x0, 0x0, 0x0, 0x3, 0xff, 0x0,
    0x0, 0x0, 0x0, 0x0, 0x0, 0x1f, 0xf8, 0x0,
    0x0, 0x0, 0x0, 0x0, 0x0, 0xff, 0xc0, 0x0,
    0x0, 0x0, 0x0, 0x0, 0x7, 0xfe, 0x0, 0x0,
    0x0, 0x0, 0x0, 0x0, 0x3f, 0xf0, 0x0,

    /* U+00BD "½" */
    0x0, 0x0, 0x40, 0x0, 0x0, 0x0, 0x0, 0x0,
    0x0, 0x1, 0xe0, 0x0, 0x0, 0x0, 0x0, 0x0,
    0x0, 0xf, 0xf0, 0x0, 0x0, 0x0, 0x0, 0x0,
    0x0, 0x3f, 0xf8, 0x0, 0x0, 0x0, 0x0, 0x0,
    0x0, 0xff, 0xfc, 0x0, 0x0, 0x0, 0x0, 0x0,
    0x3, 0xff, 0xfe, 0x0, 0x0, 0x0, 0x0, 0x0,
    0x3, 0xff, 0xff, 0x0, 0x0, 0x0, 0x80, 0x0,
    0x1, 0xff, 0xff, 0x80, 0x0, 0x0, 0xf0, 0x0,
    0x0, 0xff, 0xff, 0xc0, 0x0, 0x0, 0x7e, 0x0,
    0x0, 0x7f, 0xff, 0xe0, 0x0, 0x0, 0x7f, 0xc0,
    0x0, 0x3f, 0xff, 0xf0, 0x0, 0x0, 0x3f, 0xc0,
    0x0, 0x1f, 0xcf, 0xf8, 0x0, 0x0, 0x3f, 0xe0,
    0x0, 0xe, 0x7, 0xfc, 0x0, 0x0, 0x3f, 0xe0,
    0x0, 0x0, 0x3, 0xfe, 0x0, 0x0, 0x1f, 0xe0,
    0x0, 0x0, 0x1, 0xff, 0x0, 0x0, 0x1f, 0xf0,
    0x0, 0x0, 0x0, 0xff, 0x80, 0x0, 0xf, 0xf0,
    0x0, 0x0, 0x0, 0x7f, 0xc0, 0x0, 0xf, 0xf8,
    0x0, 0x0, 0x0, 0x3f, 0xe0, 0x0, 0xf, 0xf8,
    0x0, 0x0, 0x0, 0x1f, 0xf0, 0x0, 0x7, 0xf8,
    0x0, 0x0, 0x0, 0xf, 0xf8, 0x0, 0x7, 0xfc,
    0x0, 0x0, 0x0, 0x7, 0xfc, 0x0, 0x7, 0xfc,
    0x0, 0x0, 0x0, 0x3, 0xfe, 0x0, 0x3, 0xfe,
    0x0, 0x0, 0x0, 0x1, 0xff, 0x0, 0x3, 0xfe,
    0x0, 0x0, 0x0, 0x0, 0xff, 0x80, 0x1, 0xfe,
    0x0, 0x0, 0x0, 0x0, 0x7f, 0xc0, 0x1, 0xff,
    0x0, 0x0, 0x0, 0x0, 0x3f, 0xe0, 0x1, 0xff,
    0x0, 0x0, 0x0, 0x0, 0x1f, 0xf0, 0x0, 0xff,
    0x0, 0x0, 0x0, 0x0, 0xf, 0xf8, 0x0, 0xff,
    0x80, 0x0, 0x0, 0x0, 0x7, 0xfc, 0x0, 0x7f,
    0x80, 0x0, 0x0, 0x0, 0x3, 0xfe, 0x0, 0x7f,
    0xc0, 0x0, 0x0, 0x0, 0x1, 0xff, 0x0, 0x7f,
    0xc0, 0x0, 0x0, 0x0, 0x0, 0xff, 0x80, 0x3f,
    0xc0, 0xf, 0xf8, 0x0, 0x0, 0x7f, 0xc0, 0x3f,
    0xe0, 0x3f, 0xff, 0x80, 0x0, 0x3f, 0xe0, 0x1f,
    0xe0, 0x7f, 0xff, 0xf0, 0x0, 0x1f, 0xf0, 0x1f,
    0xf0, 0x7f, 0xff, 0xfe, 0x0, 0xf, 0xf8, 0x1f,
    0xf0, 0x7f, 0xff, 0xff, 0x80, 0x7, 0xfc, 0xf,
    0xf0, 0x7f, 0xff, 0xff, 0xc0, 0x0, 0x0, 0xf,
    0xf8, 0x3f, 0xff, 0xff, 0xf0, 0x0, 0x0, 0xf,
    0xf8, 0x3f, 0xfc, 0x3f, 0xf8, 0x0, 0x0, 0x7,
    0xf8, 0x1f, 0xf8, 0xf, 0xfe, 0x0, 0x0, 0x7,
    0xfc, 0x1f, 0xfc, 0x3, 0xff, 0x0, 0x0, 0x3,
    0xfc, 0xf, 0xfc, 0x1, 0xff, 0x80, 0x0, 0x3,
    0xfe, 0x7, 0xfe, 0x0, 0xff, 0xc0, 0x0, 0x3,
    0xfe, 0x3, 0xff, 0x0, 0x7f, 0xe0, 0x0, 0x1,
    0xfe, 0x0, 0x0, 0x0, 0x7f, 0xf0, 0x0, 0x1,
    0xff, 0x0, 0x0, 0x0, 0x3f, 0xf8, 0x0, 0x0,
    0xff, 0x0, 0x0, 0x0, 0x3f, 0xf8, 0x0, 0x0,
    0xff, 0x80, 0x0, 0x0, 0x1f, 0xfc, 0x0, 0x0,
    0xff, 0x80, 0x0, 0x0, 0x1f, 0xfe, 0x0, 0x0,
    0x7f, 0x80, 0x0, 0x0, 0x1f, 0xfe, 0x0, 0x0,
    0x7f, 0xc0, 0x0, 0x0, 0x1f, 0xfe, 0x0, 0x0,
    0x7f, 0xc0, 0x0, 0x0, 0x1f, 0xfe, 0x0, 0x0,
    0x3f, 0xe0, 0x0, 0x0, 0x1f, 0xff, 0x0, 0x0,
    0x3f, 0xe0, 0x0, 0x0, 0x1f, 0xfe, 0x0, 0x0,
    0x1f, 0xe0, 0x0, 0x0, 0x1f, 0xfe, 0x0, 0x0,
    0x1f, 0xf0, 0x0, 0x0, 0x1f, 0xfe, 0x0, 0x0,
    0x1f, 0xf0, 0x0, 0x0, 0x1f, 0xfe, 0x0, 0x0,
    0xf, 0xf0, 0x0, 0x0, 0x1f, 0xfe, 0x0, 0x0,
    0xf, 0xf8, 0x0, 0x0, 0x1f, 0xfe, 0x0, 0x0,
    0x7, 0xf8, 0x0, 0x0, 0x1f, 0xfc, 0x0, 0x0,
    0x7, 0xfc, 0x0, 0x0, 0x1f, 0xfc, 0x0, 0x0,
    0x0, 0xfc, 0x0, 0x0, 0x1f, 0xfc, 0x0, 0x0,
    0x0, 0x1c, 0x0, 0x0, 0x1f, 0xff, 0xff, 0xfe,
    0x0, 0x2, 0x0, 0x0, 0x1f, 0xff, 0xff, 0xff,
    0x0, 0x0, 0x0, 0x0, 0xf, 0xff, 0xff, 0xff,
    0x80, 0x0, 0x0, 0x0, 0x7, 0xff, 0xff, 0xff,
    0xc0, 0x0, 0x0, 0x0, 0x3, 0xff, 0xff, 0xff,
    0xe0, 0x0, 0x0, 0x0, 0x1, 0xff, 0xff, 0xff,
    0xf0, 0x0, 0x0, 0x0, 0x0, 0xff, 0xff, 0xff,
    0xf8,

    /* U+00BE "¾" */
    0x0, 0x3f, 0xf0, 0x0, 0x0, 0x0, 0x0, 0x0,
    0x0, 0xf, 0xff, 0xf0, 0x0, 0x0, 0x0, 0x0,
    0x0, 0x1, 0xff, 0xff, 0xf0, 0x0, 0x0, 0x0,
    0x0, 0x0, 0x3f, 0xff, 0xff, 0xc0, 0x0, 0x0,
    0x0, 0x0, 0x3, 0xff, 0xff, 0xff, 0x0, 0x0,
    0x0, 0x0, 0x0, 0x3f, 0xff, 0xff, 0xfc, 0x0,
    0x0, 0x0, 0x0, 0x1, 0xff, 0xff, 0xff, 0xe0,
    0x0, 0x0, 0x40, 0x0, 0x1f, 0xfe, 0x7, 0xff,
    0x80, 0x0, 0x7, 0x80, 0x0, 0xff, 0xe0, 0x1f,
    0xfc, 0x0, 0x0, 0x7f, 0x0, 0x7, 0xfe, 0x0,
    0x7f, 0xe0, 0x0, 0x3, 0xfc, 0x0, 0x0, 0x0,
    0x3, 0xff, 0x0, 0x0, 0x3f, 0xe0, 0x0, 0x0,
    0x0, 0x1f, 0xf8, 0x0, 0x1, 0xfe, 0x0, 0x0,
    0x0, 0x0, 0xff, 0xc0, 0x0, 0x1f, 0xf0, 0x0,
    0x0, 0x0, 0xf, 0xfc, 0x0, 0x1, 0xff, 0x0,
    0x0, 0x0, 0x1, 0xff, 0xe0, 0x0, 0xf, 0xf0,
    0x0, 0x0, 0x7, 0xff, 0xfe, 0x0, 0x0, 0xff,
    0x80, 0x0, 0x0, 0x3f, 0xff, 0xc0, 0x0, 0xf,
    0xf8, 0x0, 0x0, 0x1, 0xff, 0xfc, 0x0, 0x0,
    0x7f, 0x80, 0x0, 0x0, 0xf, 0xff, 0xe0, 0x0,
    0x7, 0xfc, 0x0, 0x0, 0x0, 0x7f, 0xff, 0xc0,
    0x0, 0x3f, 0xc0, 0x0, 0x0, 0x3, 0xff, 0xff,
    0x0, 0x3, 0xfe, 0x0, 0x0, 0x0, 0x0, 0x3f,
    0xfc, 0x0, 0x3f, 0xe0, 0x0, 0x0, 0x0, 0x0,
    0x7f, 0xe0, 0x1, 0xfe, 0x0, 0x0, 0x0, 0x0,
    0x1, 0xff, 0x80, 0x1f, 0xf0, 0x0, 0x0, 0x0,
    0x0, 0xf, 0xfc, 0x0, 0xff, 0x0, 0x0, 0x0,
    0x0, 0x0, 0x7f, 0xe0, 0xf, 0xf8, 0x0, 0x0,
    0x3f, 0xf0, 0x3, 0xff, 0x0, 0xff, 0x80, 0x0,
    0x1, 0xff, 0x80, 0x1f, 0xf8, 0x7, 0xf8, 0x0,
    0x0, 0xf, 0xfe, 0x1, 0xff, 0xc0, 0x7f, 0xc0,
    0x0, 0x0, 0x3f, 0xfc, 0x1f, 0xfc, 0x3, 0xfc,
    0x0, 0x0, 0x1, 0xff, 0xff, 0xff, 0xe0, 0x3f,
    0xc0, 0x0, 0x0, 0xf, 0xff, 0xff, 0xfe, 0x3,
    0xfe, 0x0, 0x7f, 0xe0, 0x3f, 0xff, 0xff, 0xf0,
    0x1f, 0xe0, 0x7, 0xff, 0x0, 0xff, 0xff, 0xfe,
    0x1, 0xff, 0x0, 0x7f, 0xf8, 0x1, 0xff, 0xff,
    0xe0, 0x1f, 0xf0, 0x3, 0xff, 0xc0, 0x3, 0xff,
    0xfc, 0x0, 0xff, 0x0, 0x3f, 0xfe, 0x0, 0x3,
    0xff, 0x0, 0xf, 0xf8, 0x3, 0xff, 0xf0, 0x0,
    0x0, 0x0, 0x0, 0x7f, 0x80, 0x1f, 0xff, 0x80,
    0x0, 0x0, 0x0, 0x7, 0xfc, 0x1, 0xff, 0xfc,
    0x0, 0x0, 0x0, 0x0, 0x7f, 0xc0, 0x1f, 0xff,
    0xe0, 0x0, 0x0, 0x0, 0x3, 0xfc, 0x1, 0xff,
    0xff, 0x0, 0x0, 0x0, 0x0, 0x3f, 0xe0, 0xf,
    0xff, 0xf8, 0x0, 0x0, 0x0, 0x1, 0xfe, 0x0,
    0xff, 0xff, 0xc0, 0x0, 0x0, 0x0, 0x1f, 0xe0,
    0xf, 0xff, 0xfe, 0x0, 0x0, 0x0, 0x1, 0xff,
    0x0, 0x7f, 0xbf, 0xf0, 0x0, 0x0, 0x0, 0xf,
    0xf0, 0x7, 0xfd, 0xff, 0x80, 0x0, 0x0, 0x0,
    0xff, 0x80, 0x7f, 0xcf, 0xfc, 0x0, 0x0, 0x0,
    0xf, 0xf8, 0x3, 0xfc, 0x7f, 0xe0, 0x0, 0x0,
    0x0, 0x7f, 0x80, 0x3f, 0xc3, 0xff, 0x0, 0x0,
    0x0, 0x7, 0xfc, 0x3, 0xfe, 0x1f, 0xf8, 0x0,
    0x0, 0x0, 0x3f, 0xc0, 0x3f, 0xe0, 0xff, 0xc0,
    0x0, 0x0, 0x3, 0xfe, 0x1, 0xfe, 0x7, 0xfe,
    0x0, 0x0, 0x0, 0x3f, 0xe0, 0x1f, 0xf0, 0x3f,
    0xf0, 0x0, 0x0, 0x1, 0xfe, 0x1, 0xff, 0x1,
    0xff, 0x80, 0x0, 0x0, 0x1f, 0xf0, 0xf, 0xff,
    0xff, 0xff, 0xe0, 0x0, 0x0, 0xff, 0x0, 0xff,
    0xff, 0xff, 0xff, 0x0, 0x0, 0xf, 0xf0, 0x3,
    0xff, 0xff, 0xff, 0xf8, 0x0, 0x0, 0xff, 0x80,
    0x1f, 0xff, 0xff, 0xff, 0xc0, 0x0, 0x7, 0xf8,
    0x0, 0xff, 0xff, 0xff, 0xfe, 0x0, 0x0, 0x7f,
    0xc0, 0x7, 0xff, 0xff, 0xff, 0xf0, 0x0, 0x0,
    0xfc, 0x0, 0x3f, 0xff, 0xff, 0xff, 0x80, 0x0,
    0x1, 0xc0, 0x0, 0x0, 0x1, 0xff, 0x80, 0x0,
    0x0, 0x6, 0x0, 0x0, 0x0, 0xf, 0xfc, 0x0,
    0x0, 0x0, 0x0, 0x0, 0x0, 0x0, 0x7f, 0xe0,
    0x0, 0x0, 0x0, 0x0, 0x0, 0x0, 0x3, 0xff,
    0x0, 0x0, 0x0, 0x0, 0x0, 0x0, 0x0, 0x1f,
    0xf8, 0x0, 0x0, 0x0, 0x0, 0x0, 0x0, 0x0,
    0xff, 0xc0, 0x0, 0x0, 0x0, 0x0, 0x0, 0x0,
    0x7, 0xfe, 0x0, 0x0, 0x0, 0x0, 0x0, 0x0,
    0x0, 0x3f, 0xf0, 0x0,

    /* U+00BF "¿" */
    0x0, 0x0, 0x1f, 0xc0, 0x0, 0x0, 0x0, 0xf,
    0xf8, 0x0, 0x0, 0x0, 0x7, 0xff, 0x0, 0x0,
    0x0, 0x3, 0xff, 0xe0, 0x0, 0x0, 0x1, 0xff,
    0xfc, 0x0, 0x0, 0x0, 0x7f, 0xff, 0x0, 0x0,
    0x0, 0x1f, 0xff, 0xc0, 0x0, 0x0, 0x7, 0xff,
    0xf0, 0x0, 0x0, 0x1, 0xff, 0xfc, 0x0, 0x0,
    0x0, 0x7f, 0xff, 0x0, 0x0, 0x0, 0xf, 0xff,
    0x80, 0x0, 0x0, 0x1, 0xff, 0xc0, 0x0, 0x0,
    0x0, 0x3f, 0xe0, 0x0, 0x0, 0x0, 0x7, 0xf0,
    0x0, 0x0, 0x0, 0x0, 0x0, 0x0, 0x0, 0x0,
    0x0, 0x0, 0x0, 0x0, 0x0, 0x0, 0x0, 0x0,
    0x0, 0x0, 0x0, 0x0, 0x0, 0x0, 0x0, 0x0,
    0x0, 0x0, 0x0, 0x0, 0x0, 0x0, 0x0, 0x0,
    0x0, 0x0, 0x0, 0x0, 0x0, 0x0, 0x0, 0x0,
    0x0, 0x0, 0x0, 0x0, 0x0, 0xf, 0xff, 0x0,
    0x0, 0x0, 0x3, 0xff, 0xc0, 0x0, 0x0, 0x0,
    0xff, 0xf0, 0x0, 0x0, 0x0, 0x3f, 0xfc, 0x0,
    0x0, 0x0, 0xf, 0xff, 0x0, 0x0, 0x0, 0x7,
    0xff, 0xc0, 0x0, 0x0, 0x1, 0xff, 0xf0, 0x0,
    0x0, 0x0, 0xff, 0xf8, 0x0, 0x0, 0x0, 0x3f,
    0xfe, 0x0, 0x0, 0x0, 0x1f, 0xff, 0x80, 0x0,
    0x0, 0xf, 0xff, 0xc0, 0x0, 0x0, 0x7, 0xff,
    0xf0, 0x0, 0x0, 0x3, 0xff, 0xf8, 0x0, 0x0,
    0x1, 0xff, 0xfe, 0x0, 0x0, 0x0, 0xff, 0xff,
    0x0, 0x0, 0x0, 0x7f, 0xff, 0x80, 0x0, 0x0,
    0x3f, 0xff, 0xc0, 0x0, 0x0, 0x1f, 0xff, 0xe0,
    0x0, 0x0, 0xf, 0xff, 0xf0, 0x0, 0x0, 0x7,
    0xff, 0xf8, 0x0, 0x0, 0x1, 0xff, 0xfc, 0x0,
    0x0, 0x0, 0xff, 0xff, 0x0, 0x0, 0x0, 0x3f,
    0xff, 0x80, 0x0, 0x0, 0x1f, 0xff, 0xc0, 0x0,
    0x0, 0x7, 0xff, 0xe0, 0x0, 0x0, 0x3, 0xff,
    0xf8, 0x0, 0x0, 0x0, 0xff, 0xfe, 0x0, 0x0,
    0x0, 0x3f, 0xff, 0x0, 0x0, 0x0, 0xf, 0xff,
    0xc0, 0x0, 0x0, 0x3, 0xff, 0xf0, 0x0, 0x0,
    0x0, 0xff, 0xfc, 0x0, 0xf, 0xff, 0xff, 0xff,
    0x0, 0x3, 0xff, 0xff, 0xff, 0xc0, 0x0, 0xff,
    0xff, 0xff, 0xf0, 0x0, 0x7f, 0xff, 0xff, 0xfe,
    0x0, 0x1f, 0xff, 0x9f, 0xff, 0x80, 0xf, 0xff,
    0xe7, 0xff, 0xf0, 0x7, 0xff, 0xf9, 0xff, 0xff,
    0x7, 0xff, 0xfe, 0x3f, 0xff, 0xff, 0xff, 0xff,
    0xf, 0xff, 0xff, 0xff, 0xff, 0x81, 0xff, 0xff,
    0xff, 0xff, 0xe0, 0x3f, 0xff, 0xff, 0xff, 0xf0,
    0x7, 0xff, 0xff, 0xff, 0xf8, 0x0, 0xff, 0xff,
    0xff, 0xfc, 0x0, 0x1f, 0xff, 0xff, 0xfc, 0x0,
    0x1, 0xff, 0xff, 0xfe, 0x0, 0x0, 0x1f, 0xff,
    0xfc, 0x0, 0x0, 0x0, 0x7f, 0xf8, 0x0, 0x0,

    /* U+00C0 "À" */
    0x0, 0x1, 0xff, 0xfc, 0x0, 0x0, 0x0, 0x0,
    0x0, 0x0, 0xff, 0xfc, 0x0, 0x0, 0x0, 0x0,
    0x0, 0x0, 0x7f, 0xfe, 0x0, 0x0, 0x0, 0x0,
    0x0, 0x0, 0x3f, 0xff, 0x0, 0x0, 0x0, 0x0,
    0x0, 0x0, 0x1f, 0xff, 0x0, 0x0, 0x0, 0x0,
    0x0, 0x0, 0xf, 0xff, 0x80, 0x0, 0x0, 0x0,
    0x0, 0x0, 0x7, 0xff, 0xc0, 0x0, 0x0, 0x0,
    0x0, 0x0, 0x3, 0xff, 0xc0, 0x0, 0x0, 0x0,
    0x0, 0x0, 0x3, 0xff, 0xe0, 0x0, 0x0, 0x0,
    0x0, 0x0, 0x1, 0xff, 0xf0, 0x0, 0x0, 0x0,
    0x0, 0x0, 0x0, 0xff, 0xf0, 0x0, 0x0, 0x0,
    0x0, 0x0, 0x0, 0x7f, 0xf8, 0x0, 0x0, 0x0,
    0x0, 0x0, 0x0, 0x3f, 0xfc, 0x0, 0x0, 0x0,
    0x0, 0x0, 0x0, 0x1f, 0xfc, 0x0, 0x0, 0x0,
    0x0, 0x0, 0x0, 0x0, 0x0, 0x0, 0x0, 0x0,
    0x0, 0x0, 0x0, 0x0, 0x0, 0x0, 0x0, 0x0,
    0x0, 0x0, 0x0, 0x0, 0x0, 0x0, 0x0, 0x0,
    0x0, 0x0, 0x0, 0x0, 0x0, 0x0, 0x0, 0x0,
    0x0, 0x0, 0x0, 0x7f, 0xfe, 0x0, 0x0, 0x0,
    0x0, 0x0, 0x0, 0x7f, 0xfe, 0x0, 0x0, 0x0,
    0x0, 0x0, 0x0, 0xff, 0xfe, 0x0, 0x0, 0x0,
    0x0, 0x0, 0x0, 0xff, 0xff, 0x0, 0x0, 0x0,
    0x0, 0x0, 0x0, 0xff, 0xff, 0x0, 0x0, 0x0,
    0x0, 0x0, 0x1, 0xff, 0xff, 0x0, 0x0, 0x0,
    0x0, 0x0, 0x1, 0xff, 0xff, 0x80, 0x0, 0x0,
    0x0, 0x0, 0x3, 0xff, 0xff, 0x80, 0x0, 0x0,
    0x0, 0x0, 0x3, 0xff, 0xff, 0xc0, 0x0, 0x0,
    0x0, 0x0, 0x3, 0xff, 0xff, 0xc0, 0x0, 0x0,
    0x0, 0x0, 0x7, 0xff, 0xff, 0xc0, 0x0, 0x0,
    0x0, 0x0, 0x7, 0xff, 0xff, 0xe0, 0x0, 0x0,
    0x0, 0x0, 0x7, 0xff, 0xff, 0xe0, 0x0, 0x0,
    0x0, 0x0, 0xf, 0xff, 0xff, 0xe0, 0x0, 0x0,
    0x0, 0x0, 0xf, 0xff, 0xff, 0xf0, 0x0, 0x0,
    0x0, 0x0, 0xf, 0xff, 0xff, 0xf0, 0x0, 0x0,
    0x0, 0x0, 0x1f, 0xff, 0xff, 0xf8, 0x0, 0x0,
    0x0, 0x0, 0x1f, 0xff, 0xff, 0xf8, 0x0, 0x0,
    0x0, 0x0, 0x3f, 0xfe, 0xff, 0xf8, 0x0, 0x0,
    0x0, 0x0, 0x3f, 0xfe, 0x7f, 0xfc, 0x0, 0x0,
    0x0, 0x0, 0x3f, 0xfe, 0x7f, 0xfc, 0x0, 0x0,
    0x0, 0x0, 0x7f, 0xfc, 0x7f, 0xfc, 0x0, 0x0,
    0x0, 0x0, 0x7f, 0xfc, 0x3f, 0xfe, 0x0, 0x0,
    0x0, 0x0, 0x7f, 0xfc, 0x3f, 0xfe, 0x0, 0x0,
    0x0, 0x0, 0xff, 0xf8, 0x3f, 0xfe, 0x0, 0x0,
    0x0, 0x0, 0xff, 0xf8, 0x1f, 0xff, 0x0, 0x0,
    0x0, 0x1, 0xff, 0xf8, 0x1f, 0xff, 0x0, 0x0,
    0x0, 0x1, 0xff, 0xf0, 0x1f, 0xff, 0x80, 0x0,
    0x0, 0x1, 0xff, 0xf0, 0xf, 0xff, 0x80, 0x0,
    0x0, 0x3, 0xff, 0xf0, 0xf, 0xff, 0x80, 0x0,
    0x0, 0x3, 0xff, 0xe0, 0xf, 0xff, 0xc0, 0x0,
    0x0, 0x3, 0xff, 0xe0, 0x7, 0xff, 0xc0, 0x0,
    0x0, 0x7, 0xff, 0xe0, 0x7, 0xff, 0xc0, 0x0,
    0x0, 0x7, 0xff, 0xc0, 0x7, 0xff, 0xe0, 0x0,
    0x0, 0x7, 0xff, 0xc0, 0x3, 0xff, 0xe0, 0x0,
    0x0, 0xf, 0xff, 0xc0, 0x3, 0xff, 0xf0, 0x0,
    0x0, 0xf, 0xff, 0x80, 0x3, 0xff, 0xf0, 0x0,
    0x0, 0x1f, 0xff, 0x80, 0x1, 0xff, 0xf0, 0x0,
    0x0, 0x1f, 0xff, 0x80, 0x1, 0xff, 0xf8, 0x0,
    0x0, 0x1f, 0xff, 0x0, 0x1, 0xff, 0xf8, 0x0,
    0x0, 0x3f, 0xff, 0x0, 0x0, 0xff, 0xf8, 0x0,
    0x0, 0x3f, 0xff, 0x0, 0x0, 0xff, 0xfc, 0x0,
    0x0, 0x3f, 0xfe, 0x0, 0x0, 0xff, 0xfc, 0x0,
    0x0, 0x7f, 0xfe, 0x0, 0x0, 0x7f, 0xfe, 0x0,
    0x0, 0x7f, 0xff, 0xff, 0xff, 0xff, 0xfe, 0x0,
    0x0, 0xff, 0xff, 0xff, 0xff, 0xff, 0xfe, 0x0,
    0x0, 0xff, 0xff, 0xff, 0xff, 0xff, 0xff, 0x0,
    0x0, 0xff, 0xff, 0xff, 0xff, 0xff, 0xff, 0x0,
    0x1, 0xff, 0xff, 0xff, 0xff, 0xff, 0xff, 0x0,
    0x1, 0xff, 0xff, 0xff, 0xff, 0xff, 0xff, 0x80,
    0x1, 0xff, 0xff, 0xff, 0xff, 0xff, 0xff, 0x80,
    0x3, 0xff, 0xff, 0xff, 0xff, 0xff, 0xff, 0xc0,
    0x3, 0xff, 0xff, 0xff, 0xff, 0xff, 0xff, 0xc0,
    0x7, 0xff, 0xff, 0xff, 0xff, 0xff, 0xff, 0xc0,
    0x7, 0xff, 0xe0, 0x0, 0x0, 0xf, 0xff, 0xe0,
    0x7, 0xff, 0xe0, 0x0, 0x0, 0x7, 0xff, 0xe0,
    0xf, 0xff, 0xe0, 0x0, 0x0, 0x7, 0xff, 0xe0,
    0xf, 0xff, 0xe0, 0x0, 0x0, 0x7, 0xff, 0xf0,
    0xf, 0xff, 0xc0, 0x0, 0x0, 0x3, 0xff, 0xf0,
    0x1f, 0xff, 0xc0, 0x0, 0x0, 0x3, 0xff, 0xf8,
    0x1f, 0xff, 0xc0, 0x0, 0x0, 0x3, 0xff, 0xf8,
    0x1f, 0xff, 0x80, 0x0, 0x0, 0x1, 0xff, 0xf8,
    0x3f, 0xff, 0x80, 0x0, 0x0, 0x1, 0xff, 0xfc,
    0x3f, 0xff, 0x80, 0x0, 0x0, 0x1, 0xff, 0xfc,
    0x7f, 0xff, 0x0, 0x0, 0x0, 0x0, 0xff, 0xfc,
    0x7f, 0xff, 0x0, 0x0, 0x0, 0x0, 0xff, 0xfe,
    0x7f, 0xff, 0x0, 0x0, 0x0, 0x0, 0xff, 0xfe,
    0xff, 0xfe, 0x0, 0x0, 0x0, 0x0, 0x7f, 0xfe,
    0xff, 0xfe, 0x0, 0x0, 0x0, 0x0, 0x7f, 0xff,

    /* U+00C1 "Á" */
    0x0, 0x0, 0x0, 0x0, 0x3f, 0xff, 0x80, 0x0,
    0x0, 0x0, 0x0, 0x0, 0x3f, 0xff, 0x0, 0x0,
    0x0, 0x0, 0x0, 0x0, 0x7f, 0xfe, 0x0, 0x0,
    0x0, 0x0, 0x0, 0x0, 0xff, 0xfc, 0x0, 0x0,
    0x0, 0x0, 0x0, 0x0, 0xff, 0xf8, 0x0, 0x0,
    0x0, 0x0, 0x0, 0x1, 0xff, 0xf0, 0x0, 0x0,
    0x0, 0x0, 0x0, 0x3, 0xff, 0xe0, 0x0, 0x0,
    0x0, 0x0, 0x0, 0x3, 0xff, 0xc0, 0x0, 0x0,
    0x0, 0x0, 0x0, 0x7, 0xff, 0xc0, 0x0, 0x0,
    0x0, 0x0, 0x0, 0xf, 0xff, 0x80, 0x0, 0x0,
    0x0, 0x0, 0x0, 0xf, 0xff, 0x0, 0x0, 0x0,
    0x0, 0x0, 0x0, 0x1f, 0xfe, 0x0, 0x0, 0x0,
    0x0, 0x0, 0x0, 0x3f, 0xfc, 0x0, 0x0, 0x0,
    0x0, 0x0, 0x0, 0x3f, 0xf8, 0x0, 0x0, 0x0,
    0x0, 0x0, 0x0, 0x0, 0x0, 0x0, 0x0, 0x0,
    0x0, 0x0, 0x0, 0x0, 0x0, 0x0, 0x0, 0x0,
    0x0, 0x0, 0x0, 0x0, 0x0, 0x0, 0x0, 0x0,
    0x0, 0x0, 0x0, 0x0, 0x0, 0x0, 0x0, 0x0,
    0x0, 0x0, 0x0, 0x7f, 0xfe, 0x0, 0x0, 0x0,
    0x0, 0x0, 0x0, 0x7f, 0xfe, 0x0, 0x0, 0x0,
    0x0, 0x0, 0x0, 0xff, 0xfe, 0x0, 0x0, 0x0,
    0x0, 0x0, 0x0, 0xff, 0xff, 0x0, 0x0, 0x0,
    0x0, 0x0, 0x0, 0xff, 0xff, 0x0, 0x0, 0x0,
    0x0, 0x0, 0x1, 0xff, 0xff, 0x0, 0x0, 0x0,
    0x0, 0x0, 0x1, 0xff, 0xff, 0x80, 0x0, 0x0,
    0x0, 0x0, 0x3, 0xff, 0xff, 0x80, 0x0, 0x0,
    0x0, 0x0, 0x3, 0xff, 0xff, 0xc0, 0x0, 0x0,
    0x0, 0x0, 0x3, 0xff, 0xff, 0xc0, 0x0, 0x0,
    0x0, 0x0, 0x7, 0xff, 0xff, 0xc0, 0x0, 0x0,
    0x0, 0x0, 0x7, 0xff, 0xff, 0xe0, 0x0, 0x0,
    0x0, 0x0, 0x7, 0xff, 0xff, 0xe0, 0x0, 0x0,
    0x0, 0x0, 0xf, 0xff, 0xff, 0xe0, 0x0, 0x0,
    0x0, 0x0, 0xf, 0xff, 0xff, 0xf0, 0x0, 0x0,
    0x0, 0x0, 0xf, 0xff, 0xff, 0xf0, 0x0, 0x0,
    0x0, 0x0, 0x1f, 0xff, 0xff, 0xf8, 0x0, 0x0,
    0x0, 0x0, 0x1f, 0xff, 0xff, 0xf8, 0x0, 0x0,
    0x0, 0x0, 0x3f, 0xfe, 0xff, 0xf8, 0x0, 0x0,
    0x0, 0x0, 0x3f, 0xfe, 0x7f, 0xfc, 0x0, 0x0,
    0x0, 0x0, 0x3f, 0xfe, 0x7f, 0xfc, 0x0, 0x0,
    0x0, 0x0, 0x7f, 0xfc, 0x7f, 0xfc, 0x0, 0x0,
    0x0, 0x0, 0x7f, 0xfc, 0x3f, 0xfe, 0x0, 0x0,
    0x0, 0x0, 0x7f, 0xfc, 0x3f, 0xfe, 0x0, 0x0,
    0x0, 0x0, 0xff, 0xf8, 0x3f, 0xfe, 0x0, 0x0,
    0x0, 0x0, 0xff, 0xf8, 0x1f, 0xff, 0x0, 0x0,
    0x0, 0x1, 0xff, 0xf8, 0x1f, 0xff, 0x0, 0x0,
    0x0, 0x1, 0xff, 0xf0, 0x1f, 0xff, 0x80, 0x0,
    0x0, 0x1, 0xff, 0xf0, 0xf, 0xff, 0x80, 0x0,
    0x0, 0x3, 0xff, 0xf0, 0xf, 0xff, 0x80, 0x0,
    0x0, 0x3, 0xff, 0xe0, 0xf, 0xff, 0xc0, 0x0,
    0x0, 0x3, 0xff, 0xe0, 0x7, 0xff, 0xc0, 0x0,
    0x0, 0x7, 0xff, 0xe0, 0x7, 0xff, 0xc0, 0x0,
    0x0, 0x7, 0xff, 0xc0, 0x7, 0xff, 0xe0, 0x0,
    0x0, 0x7, 0xff, 0xc0, 0x3, 0xff, 0xe0, 0x0,
    0x0, 0xf, 0xff, 0xc0, 0x3, 0xff, 0xf0, 0x0,
    0x0, 0xf, 0xff, 0x80, 0x3, 0xff, 0xf0, 0x0,
    0x0, 0x1f, 0xff, 0x80, 0x1, 0xff, 0xf0, 0x0,
    0x0, 0x1f, 0xff, 0x80, 0x1, 0xff, 0xf8, 0x0,
    0x0, 0x1f, 0xff, 0x0, 0x1, 0xff, 0xf8, 0x0,
    0x0, 0x3f, 0xff, 0x0, 0x0, 0xff, 0xf8, 0x0,
    0x0, 0x3f, 0xff, 0x0, 0x0, 0xff, 0xfc, 0x0,
    0x0, 0x3f, 0xfe, 0x0, 0x0, 0xff, 0xfc, 0x0,
    0x0, 0x7f, 0xfe, 0x0, 0x0, 0x7f, 0xfe, 0x0,
    0x0, 0x7f, 0xff, 0xff, 0xff, 0xff, 0xfe, 0x0,
    0x0, 0xff, 0xff, 0xff, 0xff, 0xff, 0xfe, 0x0,
    0x0, 0xff, 0xff, 0xff, 0xff, 0xff, 0xff, 0x0,
    0x0, 0xff, 0xff, 0xff, 0xff, 0xff, 0xff, 0x0,
    0x1, 0xff, 0xff, 0xff, 0xff, 0xff, 0xff, 0x0,
    0x1, 0xff, 0xff, 0xff, 0xff, 0xff, 0xff, 0x80,
    0x1, 0xff, 0xff, 0xff, 0xff, 0xff, 0xff, 0x80,
    0x3, 0xff, 0xff, 0xff, 0xff, 0xff, 0xff, 0xc0,
    0x3, 0xff, 0xff, 0xff, 0xff, 0xff, 0xff, 0xc0,
    0x7, 0xff, 0xff, 0xff, 0xff, 0xff, 0xff, 0xc0,
    0x7, 0xff, 0xe0, 0x0, 0x0, 0xf, 0xff, 0xe0,
    0x7, 0xff, 0xe0, 0x0, 0x0, 0x7, 0xff, 0xe0,
    0xf, 0xff, 0xe0, 0x0, 0x0, 0x7, 0xff, 0xe0,
    0xf, 0xff, 0xe0, 0x0, 0x0, 0x7, 0xff, 0xf0,
    0xf, 0xff, 0xc0, 0x0, 0x0, 0x3, 0xff, 0xf0,
    0x1f, 0xff, 0xc0, 0x0, 0x0, 0x3, 0xff, 0xf8,
    0x1f, 0xff, 0xc0, 0x0, 0x0, 0x3, 0xff, 0xf8,
    0x1f, 0xff, 0x80, 0x0, 0x0, 0x1, 0xff, 0xf8,
    0x3f, 0xff, 0x80, 0x0, 0x0, 0x1, 0xff, 0xfc,
    0x3f, 0xff, 0x80, 0x0, 0x0, 0x1, 0xff, 0xfc,
    0x7f, 0xff, 0x0, 0x0, 0x0, 0x0, 0xff, 0xfc,
    0x7f, 0xff, 0x0, 0x0, 0x0, 0x0, 0xff, 0xfe,
    0x7f, 0xff, 0x0, 0x0, 0x0, 0x0, 0xff, 0xfe,
    0xff, 0xfe, 0x0, 0x0, 0x0, 0x0, 0x7f, 0xfe,
    0xff, 0xfe, 0x0, 0x0, 0x0, 0x0, 0x7f, 0xff,

    /* U+00C2 "Â" */
    0x0, 0x0, 0x0, 0xf, 0xf0, 0x0, 0x0, 0x0,
    0x0, 0x0, 0x0, 0x1f, 0xf8, 0x0, 0x0, 0x0,
    0x0, 0x0, 0x0, 0x3f, 0xfc, 0x0, 0x0, 0x0,
    0x0, 0x0, 0x0, 0x7f, 0xfe, 0x0, 0x0, 0x0,
    0x0, 0x0, 0x0, 0xff, 0xff, 0x0, 0x0, 0x0,
    0x0, 0x0, 0x1, 0xff, 0xff, 0x80, 0x0, 0x0,
    0x0, 0x0, 0x3, 0xff, 0xff, 0xc0, 0x0, 0x0,
    0x0, 0x0, 0xf, 0xff, 0xff, 0xe0, 0x0, 0x0,
    0x0, 0x0, 0x1f, 0xfe, 0x7f, 0xf0, 0x0, 0x0,
    0x0, 0x0, 0x3f, 0xfc, 0x3f, 0xf8, 0x0, 0x0,
    0x0, 0x0, 0x7f, 0xf8, 0x1f, 0xfc, 0x0, 0x0,
    0x0, 0x0, 0xff, 0xe0, 0x7, 0xfe, 0x0, 0x0,
    0x0, 0x1, 0xff, 0xc0, 0x3, 0xff, 0x0, 0x0,
    0x0, 0x3, 0xff, 0x80, 0x1, 0xff, 0xc0, 0x0,
    0x0, 0x0, 0x0, 0x0, 0x0, 0x0, 0x0, 0x0,
    0x0, 0x0, 0x0, 0x0, 0x0, 0x0, 0x0, 0x0,
    0x0, 0x0, 0x0, 0x0, 0x0, 0x0, 0x0, 0x0,
    0x0, 0x0, 0x0, 0x0, 0x0, 0x0, 0x0, 0x0,
    0x0, 0x0, 0x0, 0x0, 0x0, 0x0, 0x0, 0x0,
    0x0, 0x0, 0x0, 0x7f, 0xfe, 0x0, 0x0, 0x0,
    0x0, 0x0, 0x0, 0x7f, 0xfe, 0x0, 0x0, 0x0,
    0x0, 0x0, 0x0, 0xff, 0xfe, 0x0, 0x0, 0x0,
    0x0, 0x0, 0x0, 0xff, 0xff, 0x0, 0x0, 0x0,
    0x0, 0x0, 0x0, 0xff, 0xff, 0x0, 0x0, 0x0,
    0x0, 0x0, 0x1, 0xff, 0xff, 0x0, 0x0, 0x0,
    0x0, 0x0, 0x1, 0xff, 0xff, 0x80, 0x0, 0x0,
    0x0, 0x0, 0x1, 0xff, 0xff, 0x80, 0x0, 0x0,
    0x0, 0x0, 0x3, 0xff, 0xff, 0xc0, 0x0, 0x0,
    0x0, 0x0, 0x3, 0xff, 0xff, 0xc0, 0x0, 0x0,
    0x0, 0x0, 0x7, 0xff, 0xff, 0xc0, 0x0, 0x0,
    0x0, 0x0, 0x7, 0xff, 0xff, 0xe0, 0x0, 0x0,
    0x0, 0x0, 0x7, 0xff, 0xff, 0xe0, 0x0, 0x0,
    0x0, 0x0, 0xf, 0xff, 0xff, 0xe0, 0x0, 0x0,
    0x0, 0x0, 0xf, 0xff, 0xff, 0xf0, 0x0, 0x0,
    0x0, 0x0, 0xf, 0xff, 0xff, 0xf0, 0x0, 0x0,
    0x0, 0x0, 0x1f, 0xff, 0xff, 0xf8, 0x0, 0x0,
    0x0, 0x0, 0x1f, 0xff, 0xff, 0xf8, 0x0, 0x0,
    0x0, 0x0, 0x3f, 0xfe, 0xff, 0xf8, 0x0, 0x0,
    0x0, 0x0, 0x3f, 0xfe, 0x7f, 0xfc, 0x0, 0x0,
    0x0, 0x0, 0x3f, 0xfe, 0x7f, 0xfc, 0x0, 0x0,
    0x0, 0x0, 0x7f, 0xfc, 0x7f, 0xfc, 0x0, 0x0,
    0x0, 0x0, 0x7f, 0xfc, 0x3f, 0xfe, 0x0, 0x0,
    0x0, 0x0, 0x7f, 0xfc, 0x3f, 0xfe, 0x0, 0x0,
    0x0, 0x0, 0xff, 0xf8, 0x3f, 0xfe, 0x0, 0x0,
    0x0, 0x0, 0xff, 0xf8, 0x1f, 0xff, 0x0, 0x0,
    0x0, 0x1, 0xff, 0xf8, 0x1f, 0xff, 0x0, 0x0,
    0x0, 0x1, 0xff, 0xf0, 0x1f, 0xff, 0x80, 0x0,
    0x0, 0x1, 0xff, 0xf0, 0xf, 0xff, 0x80, 0x0,
    0x0, 0x3, 0xff, 0xf0, 0xf, 0xff, 0x80, 0x0,
    0x0, 0x3, 0xff, 0xe0, 0xf, 0xff, 0xc0, 0x0,
    0x0, 0x3, 0xff, 0xe0, 0x7, 0xff, 0xc0, 0x0,
    0x0, 0x7, 0xff, 0xe0, 0x7, 0xff, 0xc0, 0x0,
    0x0, 0x7, 0xff, 0xc0, 0x7, 0xff, 0xe0, 0x0,
    0x0, 0x7, 0xff, 0xc0, 0x3, 0xff, 0xe0, 0x0,
    0x0, 0xf, 0xff, 0xc0, 0x3, 0xff, 0xf0, 0x0,
    0x0, 0xf, 0xff, 0x80, 0x3, 0xff, 0xf0, 0x0,
    0x0, 0x1f, 0xff, 0x80, 0x1, 0xff, 0xf0, 0x0,
    0x0, 0x1f, 0xff, 0x80, 0x1, 0xff, 0xf8, 0x0,
    0x0, 0x1f, 0xff, 0x0, 0x1, 0xff, 0xf8, 0x0,
    0x0, 0x3f, 0xff, 0x0, 0x0, 0xff, 0xf8, 0x0,
    0x0, 0x3f, 0xff, 0x0, 0x0, 0xff, 0xfc, 0x0,
    0x0, 0x3f, 0xfe, 0x0, 0x0, 0xff, 0xfc, 0x0,
    0x0, 0x7f, 0xfe, 0x0, 0x0, 0x7f, 0xfe, 0x0,
    0x0, 0x7f, 0xff, 0xff, 0xff, 0xff, 0xfe, 0x0,
    0x0, 0xff, 0xff, 0xff, 0xff, 0xff, 0xfe, 0x0,
    0x0, 0xff, 0xff, 0xff, 0xff, 0xff, 0xff, 0x0,
    0x0, 0xff, 0xff, 0xff, 0xff, 0xff, 0xff, 0x0,
    0x1, 0xff, 0xff, 0xff, 0xff, 0xff, 0xff, 0x0,
    0x1, 0xff, 0xff, 0xff, 0xff, 0xff, 0xff, 0x80,
    0x1, 0xff, 0xff, 0xff, 0xff, 0xff, 0xff, 0x80,
    0x3, 0xff, 0xff, 0xff, 0xff, 0xff, 0xff, 0xc0,
    0x3, 0xff, 0xff, 0xff, 0xff, 0xff, 0xff, 0xc0,
    0x7, 0xff, 0xff, 0xff, 0xff, 0xff, 0xff, 0xc0,
    0x7, 0xff, 0xe0, 0x0, 0x0, 0xf, 0xff, 0xe0,
    0x7, 0xff, 0xe0, 0x0, 0x0, 0x7, 0xff, 0xe0,
    0xf, 0xff, 0xe0, 0x0, 0x0, 0x7, 0xff, 0xe0,
    0xf, 0xff, 0xe0, 0x0, 0x0, 0x7, 0xff, 0xf0,
    0xf, 0xff, 0xc0, 0x0, 0x0, 0x3, 0xff, 0xf0,
    0x1f, 0xff, 0xc0, 0x0, 0x0, 0x3, 0xff, 0xf8,
    0x1f, 0xff, 0xc0, 0x0, 0x0, 0x3, 0xff, 0xf8,
    0x1f, 0xff, 0x80, 0x0, 0x0, 0x1, 0xff, 0xf8,
    0x3f, 0xff, 0x80, 0x0, 0x0, 0x1, 0xff, 0xfc,
    0x3f, 0xff, 0x80, 0x0, 0x0, 0x1, 0xff, 0xfc,
    0x7f, 0xff, 0x0, 0x0, 0x0, 0x0, 0xff, 0xfc,
    0x7f, 0xff, 0x0, 0x0, 0x0, 0x0, 0xff, 0xfe,
    0x7f, 0xff, 0x0, 0x0, 0x0, 0x0, 0xff, 0xfe,
    0xff, 0xfe, 0x0, 0x0, 0x0, 0x0, 0x7f, 0xfe,
    0xff, 0xfe, 0x0, 0x0, 0x0, 0x0, 0x7f, 0xff,

    /* U+00C3 "Ã" */
    0x0, 0x0, 0x3, 0xf0, 0x0, 0x3f, 0xc0, 0x0,
    0x0, 0x0, 0xf, 0xfc, 0x0, 0x3f, 0xc0, 0x0,
    0x0, 0x0, 0x3f, 0xff, 0x0, 0x7f, 0xc0, 0x0,
    0x0, 0x0, 0x7f, 0xff, 0xe0, 0xff, 0xc0, 0x0,
    0x0, 0x0, 0xff, 0xff, 0xff, 0xff, 0x80, 0x0,
    0x0, 0x0, 0xff, 0xff, 0xff, 0xff, 0x80, 0x0,
    0x0, 0x1, 0xff, 0xff, 0xff, 0xff, 0x0, 0x0,
    0x0, 0x1, 0xff, 0xff, 0xff, 0xff, 0x0, 0x0,
    0x0, 0x3, 0xff, 0x7, 0xff, 0xfe, 0x0, 0x0,
    0x0, 0x3, 0xfe, 0x1, 0xff, 0xfc, 0x0, 0x0,
    0x0, 0x3, 0xfc, 0x0, 0x7f, 0xf8, 0x0, 0x0,
    0x0, 0x3, 0xfc, 0x0, 0xf, 0xe0, 0x0, 0x0,
    0x0, 0x0, 0x0, 0x0, 0x0, 0x0, 0x0, 0x0,
    0x0, 0x0, 0x0, 0x0, 0x0, 0x0, 0x0, 0x0,
    0x0, 0x0, 0x0, 0x0, 0x0, 0x0, 0x0, 0x0,
    0x0, 0x0, 0x0, 0x0, 0x0, 0x0, 0x0, 0x0,
    0x0, 0x0, 0x0, 0x0, 0x0, 0x0, 0x0, 0x0,
    0x0, 0x0, 0x0, 0x7f, 0xfe, 0x0, 0x0, 0x0,
    0x0, 0x0, 0x0, 0x7f, 0xfe, 0x0, 0x0, 0x0,
    0x0, 0x0, 0x0, 0xff, 0xfe, 0x0, 0x0, 0x0,
    0x0, 0x0, 0x0, 0xff, 0xff, 0x0, 0x0, 0x0,
    0x0, 0x0, 0x0, 0xff, 0xff, 0x0, 0x0, 0x0,
    0x0, 0x0, 0x1, 0xff, 0xff, 0x0, 0x0, 0x0,
    0x0, 0x0, 0x1, 0xff, 0xff, 0x80, 0x0, 0x0,
    0x0, 0x0, 0x1, 0xff, 0xff, 0x80, 0x0, 0x0,
    0x0, 0x0, 0x3, 0xff, 0xff, 0xc0, 0x0, 0x0,
    0x0, 0x0, 0x3, 0xff, 0xff, 0xc0, 0x0, 0x0,
    0x0, 0x0, 0x7, 0xff, 0xff, 0xc0, 0x0, 0x0,
    0x0, 0x0, 0x7, 0xff, 0xff, 0xe0, 0x0, 0x0,
    0x0, 0x0, 0x7, 0xff, 0xff, 0xe0, 0x0, 0x0,
    0x0, 0x0, 0xf, 0xff, 0xff, 0xe0, 0x0, 0x0,
    0x0, 0x0, 0xf, 0xff, 0xff, 0xf0, 0x0, 0x0,
    0x0, 0x0, 0xf, 0xff, 0xff, 0xf0, 0x0, 0x0,
    0x0, 0x0, 0x1f, 0xff, 0xff, 0xf8, 0x0, 0x0,
    0x0, 0x0, 0x1f, 0xff, 0xff, 0xf8, 0x0, 0x0,
    0x0, 0x0, 0x1f, 0xfe, 0xff, 0xf8, 0x0, 0x0,
    0x0, 0x0, 0x3f, 0xfe, 0x7f, 0xfc, 0x0, 0x0,
    0x0, 0x0, 0x3f, 0xfe, 0x7f, 0xfc, 0x0, 0x0,
    0x0, 0x0, 0x7f, 0xfc, 0x7f, 0xfc, 0x0, 0x0,
    0x0, 0x0, 0x7f, 0xfc, 0x3f, 0xfe, 0x0, 0x0,
    0x0, 0x0, 0x7f, 0xfc, 0x3f, 0xfe, 0x0, 0x0,
    0x0, 0x0, 0xff, 0xf8, 0x3f, 0xff, 0x0, 0x0,
    0x0, 0x0, 0xff, 0xf8, 0x1f, 0xff, 0x0, 0x0,
    0x0, 0x0, 0xff, 0xf8, 0x1f, 0xff, 0x0, 0x0,
    0x0, 0x1, 0xff, 0xf0, 0x1f, 0xff, 0x80, 0x0,
    0x0, 0x1, 0xff, 0xf0, 0xf, 0xff, 0x80, 0x0,
    0x0, 0x1, 0xff, 0xf0, 0xf, 0xff, 0x80, 0x0,
    0x0, 0x3, 0xff, 0xe0, 0xf, 0xff, 0xc0, 0x0,
    0x0, 0x3, 0xff, 0xe0, 0x7, 0xff, 0xc0, 0x0,
    0x0, 0x7, 0xff, 0xe0, 0x7, 0xff, 0xc0, 0x0,
    0x0, 0x7, 0xff, 0xc0, 0x7, 0xff, 0xe0, 0x0,
    0x0, 0x7, 0xff, 0xc0, 0x3, 0xff, 0xe0, 0x0,
    0x0, 0xf, 0xff, 0xc0, 0x3, 0xff, 0xf0, 0x0,
    0x0, 0xf, 0xff, 0x80, 0x3, 0xff, 0xf0, 0x0,
    0x0, 0xf, 0xff, 0x80, 0x1, 0xff, 0xf0, 0x0,
    0x0, 0x1f, 0xff, 0x80, 0x1, 0xff, 0xf8, 0x0,
    0x0, 0x1f, 0xff, 0x80, 0x1, 0xff, 0xf8, 0x0,
    0x0, 0x1f, 0xff, 0x0, 0x0, 0xff, 0xf8, 0x0,
    0x0, 0x3f, 0xff, 0x0, 0x0, 0xff, 0xfc, 0x0,
    0x0, 0x3f, 0xff, 0x0, 0x0, 0xff, 0xfc, 0x0,
    0x0, 0x7f, 0xfe, 0x0, 0x0, 0x7f, 0xfe, 0x0,
    0x0, 0x7f, 0xfe, 0x0, 0x0, 0x7f, 0xfe, 0x0,
    0x0, 0x7f, 0xff, 0xff, 0xff, 0xff, 0xfe, 0x0,
    0x0, 0xff, 0xff, 0xff, 0xff, 0xff, 0xff, 0x0,
    0x0, 0xff, 0xff, 0xff, 0xff, 0xff, 0xff, 0x0,
    0x0, 0xff, 0xff, 0xff, 0xff, 0xff, 0xff, 0x0,
    0x1, 0xff, 0xff, 0xff, 0xff, 0xff, 0xff, 0x80,
    0x1, 0xff, 0xff, 0xff, 0xff, 0xff, 0xff, 0x80,
    0x1, 0xff, 0xff, 0xff, 0xff, 0xff, 0xff, 0xc0,
    0x3, 0xff, 0xff, 0xff, 0xff, 0xff, 0xff, 0xc0,
    0x3, 0xff, 0xff, 0xff, 0xff, 0xff, 0xff, 0xc0,
    0x7, 0xff, 0xff, 0xff, 0xff, 0xff, 0xff, 0xe0,
    0x7, 0xff, 0xe0, 0x0, 0x0, 0xf, 0xff, 0xe0,
    0x7, 0xff, 0xe0, 0x0, 0x0, 0x7, 0xff, 0xe0,
    0xf, 0xff, 0xe0, 0x0, 0x0, 0x7, 0xff, 0xf0,
    0xf, 0xff, 0xc0, 0x0, 0x0, 0x7, 0xff, 0xf0,
    0xf, 0xff, 0xc0, 0x0, 0x0, 0x3, 0xff, 0xf8,
    0x1f, 0xff, 0xc0, 0x0, 0x0, 0x3, 0xff, 0xf8,
    0x1f, 0xff, 0x80, 0x0, 0x0, 0x3, 0xff, 0xf8,
    0x3f, 0xff, 0x80, 0x0, 0x0, 0x1, 0xff, 0xfc,
    0x3f, 0xff, 0x80, 0x0, 0x0, 0x1, 0xff, 0xfc,
    0x3f, 0xff, 0x0, 0x0, 0x0, 0x1, 0xff, 0xfc,
    0x7f, 0xff, 0x0, 0x0, 0x0, 0x0, 0xff, 0xfe,
    0x7f, 0xff, 0x0, 0x0, 0x0, 0x0, 0xff, 0xfe,
    0x7f, 0xfe, 0x0, 0x0, 0x0, 0x0, 0xff, 0xff,
    0xff, 0xfe, 0x0, 0x0, 0x0, 0x0, 0x7f, 0xff,
    0xff, 0xfe, 0x0, 0x0, 0x0, 0x0, 0x7f, 0xff,

    /* U+00C4 "Ä" */
    0x0, 0x0, 0x3e, 0x0, 0x0, 0x7c, 0x0, 0x0,
    0x0, 0x0, 0xff, 0x80, 0x1, 0xff, 0x0, 0x0,
    0x0, 0x1, 0xff, 0xc0, 0x3, 0xff, 0x80, 0x0,
    0x0, 0x1, 0xff, 0xc0, 0x3, 0xff, 0x80, 0x0,
    0x0, 0x3, 0xff, 0xe0, 0x7, 0xff, 0xc0, 0x0,
    0x0, 0x3, 0xff, 0xe0, 0x7, 0xff, 0xc0, 0x0,
    0x0, 0x3, 0xff, 0xe0, 0x7, 0xff, 0xc0, 0x0,
    0x0, 0x3, 0xff, 0xe0, 0x7, 0xff, 0xc0, 0x0,
    0x0, 0x1, 0xff, 0xc0, 0x7, 0xff, 0x80, 0x0,
    0x0, 0x1, 0xff, 0xc0, 0x3, 0xff, 0x80, 0x0,
    0x0, 0x0, 0xff, 0x80, 0x1, 0xff, 0x0, 0x0,
    0x0, 0x0, 0x3e, 0x0, 0x0, 0x7c, 0x0, 0x0,
    0x0, 0x0, 0x0, 0x0, 0x0, 0x0, 0x0, 0x0,
    0x0, 0x0, 0x0, 0x0, 0x0, 0x0, 0x0, 0x0,
    0x0, 0x0, 0x0, 0x0, 0x0, 0x0, 0x0, 0x0,
    0x0, 0x0, 0x0, 0x0, 0x0, 0x0, 0x0, 0x0,
    0x0, 0x0, 0x0, 0x0, 0x0, 0x0, 0x0, 0x0,
    0x0, 0x0, 0x0, 0x7f, 0xfe, 0x0, 0x0, 0x0,
    0x0, 0x0, 0x0, 0x7f, 0xfe, 0x0, 0x0, 0x0,
    0x0, 0x0, 0x0, 0xff, 0xfe, 0x0, 0x0, 0x0,
    0x0, 0x0, 0x0, 0xff, 0xff, 0x0, 0x0, 0x0,
    0x0, 0x0, 0x0, 0xff, 0xff, 0x0, 0x0, 0x0,
    0x0, 0x0, 0x1, 0xff, 0xff, 0x80, 0x0, 0x0,
    0x0, 0x0, 0x1, 0xff, 0xff, 0x80, 0x0, 0x0,
    0x0, 0x0, 0x3, 0xff, 0xff, 0x80, 0x0, 0x0,
    0x0, 0x0, 0x3, 0xff, 0xff, 0xc0, 0x0, 0x0,
    0x0, 0x0, 0x3, 0xff, 0xff, 0xc0, 0x0, 0x0,
    0x0, 0x0, 0x7, 0xff, 0xff, 0xc0, 0x0, 0x0,
    0x0, 0x0, 0x7, 0xff, 0xff, 0xe0, 0x0, 0x0,
    0x0, 0x0, 0x7, 0xff, 0xff, 0xe0, 0x0, 0x0,
    0x0, 0x0, 0xf, 0xff, 0xff, 0xf0, 0x0, 0x0,
    0x0, 0x0, 0xf, 0xff, 0xff, 0xf0, 0x0, 0x0,
    0x0, 0x0, 0xf, 0xff, 0xff, 0xf0, 0x0, 0x0,
    0x0, 0x0, 0x1f, 0xff, 0xff, 0xf8, 0x0, 0x0,
    0x0, 0x0, 0x1f, 0xff, 0xff, 0xf8, 0x0, 0x0,
    0x0, 0x0, 0x3f, 0xfe, 0x7f, 0xf8, 0x0, 0x0,
    0x0, 0x0, 0x3f, 0xfe, 0x7f, 0xfc, 0x0, 0x0,
    0x0, 0x0, 0x3f, 0xfe, 0x7f, 0xfc, 0x0, 0x0,
    0x0, 0x0, 0x7f, 0xfc, 0x3f, 0xfc, 0x0, 0x0,
    0x0, 0x0, 0x7f, 0xfc, 0x3f, 0xfe, 0x0, 0x0,
    0x0, 0x0, 0x7f, 0xfc, 0x3f, 0xfe, 0x0, 0x0,
    0x0, 0x0, 0xff, 0xf8, 0x1f, 0xff, 0x0, 0x0,
    0x0, 0x0, 0xff, 0xf8, 0x1f, 0xff, 0x0, 0x0,
    0x0, 0x1, 0xff, 0xf8, 0x1f, 0xff, 0x0, 0x0,
    0x0, 0x1, 0xff, 0xf0, 0xf, 0xff, 0x80, 0x0,
    0x0, 0x1, 0xff, 0xf0, 0xf, 0xff, 0x80, 0x0,
    0x0, 0x3, 0xff, 0xf0, 0xf, 0xff, 0x80, 0x0,
    0x0, 0x3, 0xff, 0xe0, 0x7, 0xff, 0xc0, 0x0,
    0x0, 0x3, 0xff, 0xe0, 0x7, 0xff, 0xc0, 0x0,
    0x0, 0x7, 0xff, 0xe0, 0x7, 0xff, 0xe0, 0x0,
    0x0, 0x7, 0xff, 0xc0, 0x3, 0xff, 0xe0, 0x0,
    0x0, 0x7, 0xff, 0xc0, 0x3, 0xff, 0xe0, 0x0,
    0x0, 0xf, 0xff, 0xc0, 0x3, 0xff, 0xf0, 0x0,
    0x0, 0xf, 0xff, 0x80, 0x3, 0xff, 0xf0, 0x0,
    0x0, 0x1f, 0xff, 0x80, 0x1, 0xff, 0xf0, 0x0,
    0x0, 0x1f, 0xff, 0x80, 0x1, 0xff, 0xf8, 0x0,
    0x0, 0x1f, 0xff, 0x0, 0x1, 0xff, 0xf8, 0x0,
    0x0, 0x3f, 0xff, 0x0, 0x0, 0xff, 0xfc, 0x0,
    0x0, 0x3f, 0xff, 0x0, 0x0, 0xff, 0xfc, 0x0,
    0x0, 0x3f, 0xfe, 0x0, 0x0, 0xff, 0xfc, 0x0,
    0x0, 0x7f, 0xfe, 0x0, 0x0, 0x7f, 0xfe, 0x0,
    0x0, 0x7f, 0xff, 0xff, 0xff, 0xff, 0xfe, 0x0,
    0x0, 0xff, 0xff, 0xff, 0xff, 0xff, 0xfe, 0x0,
    0x0, 0xff, 0xff, 0xff, 0xff, 0xff, 0xff, 0x0,
    0x0, 0xff, 0xff, 0xff, 0xff, 0xff, 0xff, 0x0,
    0x1, 0xff, 0xff, 0xff, 0xff, 0xff, 0xff, 0x80,
    0x1, 0xff, 0xff, 0xff, 0xff, 0xff, 0xff, 0x80,
    0x1, 0xff, 0xff, 0xff, 0xff, 0xff, 0xff, 0x80,
    0x3, 0xff, 0xff, 0xff, 0xff, 0xff, 0xff, 0xc0,
    0x3, 0xff, 0xff, 0xff, 0xff, 0xff, 0xff, 0xc0,
    0x7, 0xff, 0xff, 0xff, 0xff, 0xff, 0xff, 0xc0,
    0x7, 0xff, 0xe0, 0x0, 0x0, 0xf, 0xff, 0xe0,
    0x7, 0xff, 0xe0, 0x0, 0x0, 0x7, 0xff, 0xe0,
    0xf, 0xff, 0xe0, 0x0, 0x0, 0x7, 0xff, 0xf0,
    0xf, 0xff, 0xc0, 0x0, 0x0, 0x7, 0xff, 0xf0,
    0xf, 0xff, 0xc0, 0x0, 0x0, 0x3, 0xff, 0xf0,
    0x1f, 0xff, 0xc0, 0x0, 0x0, 0x3, 0xff, 0xf8,
    0x1f, 0xff, 0xc0, 0x0, 0x0, 0x3, 0xff, 0xf8,
    0x1f, 0xff, 0x80, 0x0, 0x0, 0x1, 0xff, 0xf8,
    0x3f, 0xff, 0x80, 0x0, 0x0, 0x1, 0xff, 0xfc,
    0x3f, 0xff, 0x80, 0x0, 0x0, 0x1, 0xff, 0xfc,
    0x7f, 0xff, 0x0, 0x0, 0x0, 0x0, 0xff, 0xfc,
    0x7f, 0xff, 0x0, 0x0, 0x0, 0x0, 0xff, 0xfe,
    0x7f, 0xff, 0x0, 0x0, 0x0, 0x0, 0xff, 0xfe,
    0xff, 0xfe, 0x0, 0x0, 0x0, 0x0, 0x7f, 0xff,
    0xff, 0xfe, 0x0, 0x0, 0x0, 0x0, 0x7f, 0xff,

    /* U+00C5 "Å" */
    0x0, 0x0, 0x0, 0x7, 0xe0, 0x0, 0x0, 0x0,
    0x0, 0x0, 0x0, 0x1f, 0xf8, 0x0, 0x0, 0x0,
    0x0, 0x0, 0x0, 0x7f, 0xfe, 0x0, 0x0, 0x0,
    0x0, 0x0, 0x0, 0xff, 0xff, 0x0, 0x0, 0x0,
    0x0, 0x0, 0x1, 0xfc, 0x3f, 0x0, 0x0, 0x0,
    0x0, 0x0, 0x1, 0xf0, 0x1f, 0x80, 0x0, 0x0,
    0x0, 0x0, 0x3, 0xf0, 0xf, 0x80, 0x0, 0x0,
    0x0, 0x0, 0x3, 0xe0, 0x7, 0xc0, 0x0, 0x0,
    0x0, 0x0, 0x3, 0xe0, 0x7, 0xc0, 0x0, 0x0,
    0x0, 0x0, 0x3, 0xe0, 0x7, 0xc0, 0x0, 0x0,
    0x0, 0x0, 0x3, 0xe0, 0x7, 0xc0, 0x0, 0x0,
    0x0, 0x0, 0x3, 0xe0, 0x7, 0xc0, 0x0, 0x0,
    0x0, 0x0, 0x3, 0xf0, 0xf, 0xc0, 0x0, 0x0,
    0x0, 0x0, 0x1, 0xf0, 0xf, 0x80, 0x0, 0x0,
    0x0, 0x0, 0x1, 0xfc, 0x3f, 0x80, 0x0, 0x0,
    0x0, 0x0, 0x0, 0xff, 0xff, 0x0, 0x0, 0x0,
    0x0, 0x0, 0x0, 0x7f, 0xfe, 0x0, 0x0, 0x0,
    0x0, 0x0, 0x0, 0x3f, 0xf8, 0x0, 0x0, 0x0,
    0x0, 0x0, 0x0, 0xf, 0xe0, 0x0, 0x0, 0x0,
    0x0, 0x0, 0x0, 0x0, 0x0, 0x0, 0x0, 0x0,
    0x0, 0x0, 0x0, 0x0, 0x0, 0x0, 0x0, 0x0,
    0x0, 0x0, 0x0, 0x0, 0x0, 0x0, 0x0, 0x0,
    0x0, 0x0, 0x0, 0x0, 0x0, 0x0, 0x0, 0x0,
    0x0, 0x0, 0x0, 0x7f, 0xfe, 0x0, 0x0, 0x0,
    0x0, 0x0, 0x0, 0x7f, 0xfe, 0x0, 0x0, 0x0,
    0x0, 0x0, 0x0, 0xff, 0xfe, 0x0, 0x0, 0x0,
    0x0, 0x0, 0x0, 0xff, 0xff, 0x0, 0x0, 0x0,
    0x0, 0x0, 0x0, 0xff, 0xff, 0x0, 0x0, 0x0,
    0x0, 0x0, 0x1, 0xff, 0xff, 0x0, 0x0, 0x0,
    0x0, 0x0, 0x1, 0xff, 0xff, 0x80, 0x0, 0x0,
    0x0, 0x0, 0x3, 0xff, 0xff, 0x80, 0x0, 0x0,
    0x0, 0x0, 0x3, 0xff, 0xff, 0xc0, 0x0, 0x0,
    0x0, 0x0, 0x3, 0xff, 0xff, 0xc0, 0x0, 0x0,
    0x0, 0x0, 0x7, 0xff, 0xff, 0xc0, 0x0, 0x0,
    0x0, 0x0, 0x7, 0xff, 0xff, 0xe0, 0x0, 0x0,
    0x0, 0x0, 0x7, 0xff, 0xff, 0xe0, 0x0, 0x0,
    0x0, 0x0, 0xf, 0xff, 0xff, 0xe0, 0x0, 0x0,
    0x0, 0x0, 0xf, 0xff, 0xff, 0xf0, 0x0, 0x0,
    0x0, 0x0, 0x1f, 0xff, 0xff, 0xf0, 0x0, 0x0,
    0x0, 0x0, 0x1f, 0xff, 0xff, 0xf0, 0x0, 0x0,
    0x0, 0x0, 0x1f, 0xfe, 0xff, 0xf8, 0x0, 0x0,
    0x0, 0x0, 0x3f, 0xfe, 0x7f, 0xf8, 0x0, 0x0,
    0x0, 0x0, 0x3f, 0xfe, 0x7f, 0xfc, 0x0, 0x0,
    0x0, 0x0, 0x3f, 0xfc, 0x7f, 0xfc, 0x0, 0x0,
    0x0, 0x0, 0x7f, 0xfc, 0x3f, 0xfc, 0x0, 0x0,
    0x0, 0x0, 0x7f, 0xfc, 0x3f, 0xfe, 0x0, 0x0,
    0x0, 0x0, 0x7f, 0xf8, 0x3f, 0xfe, 0x0, 0x0,
    0x0, 0x0, 0xff, 0xf8, 0x1f, 0xfe, 0x0, 0x0,
    0x0, 0x0, 0xff, 0xf8, 0x1f, 0xff, 0x0, 0x0,
    0x0, 0x1, 0xff, 0xf8, 0x1f, 0xff, 0x0, 0x0,
    0x0, 0x1, 0xff, 0xf0, 0x1f, 0xff, 0x80, 0x0,
    0x0, 0x1, 0xff, 0xf0, 0xf, 0xff, 0x80, 0x0,
    0x0, 0x3, 0xff, 0xf0, 0xf, 0xff, 0x80, 0x0,
    0x0, 0x3, 0xff, 0xe0, 0xf, 0xff, 0xc0, 0x0,
    0x0, 0x3, 0xff, 0xe0, 0x7, 0xff, 0xc0, 0x0,
    0x0, 0x7, 0xff, 0xe0, 0x7, 0xff, 0xc0, 0x0,
    0x0, 0x7, 0xff, 0xc0, 0x7, 0xff, 0xe0, 0x0,
    0x0, 0xf, 0xff, 0xc0, 0x3, 0xff, 0xe0, 0x0,
    0x0, 0xf, 0xff, 0xc0, 0x3, 0xff, 0xf0, 0x0,
    0x0, 0xf, 0xff, 0x80, 0x3, 0xff, 0xf0, 0x0,
    0x0, 0x1f, 0xff, 0x80, 0x1, 0xff, 0xf0, 0x0,
    0x0, 0x1f, 0xff, 0x80, 0x1, 0xff, 0xf8, 0x0,
    0x0, 0x1f, 0xff, 0x0, 0x1, 0xff, 0xf8, 0x0,
    0x0, 0x3f, 0xff, 0x0, 0x0, 0xff, 0xf8, 0x0,
    0x0, 0x3f, 0xff, 0x0, 0x0, 0xff, 0xfc, 0x0,
    0x0, 0x3f, 0xfe, 0x0, 0x0, 0xff, 0xfc, 0x0,
    0x0, 0x7f, 0xfe, 0x0, 0x0, 0x7f, 0xfe, 0x0,
    0x0, 0x7f, 0xff, 0xff, 0xff, 0xff, 0xfe, 0x0,
    0x0, 0xff, 0xff, 0xff, 0xff, 0xff, 0xfe, 0x0,
    0x0, 0xff, 0xff, 0xff, 0xff, 0xff, 0xff, 0x0,
    0x0, 0xff, 0xff, 0xff, 0xff, 0xff, 0xff, 0x0,
    0x1, 0xff, 0xff, 0xff, 0xff, 0xff, 0xff, 0x0,
    0x1, 0xff, 0xff, 0xff, 0xff, 0xff, 0xff, 0x80,
    0x1, 0xff, 0xff, 0xff, 0xff, 0xff, 0xff, 0x80,
    0x3, 0xff, 0xff, 0xff, 0xff, 0xff, 0xff, 0xc0,
    0x3, 0xff, 0xff, 0xff, 0xff, 0xff, 0xff, 0xc0,
    0x7, 0xff, 0xff, 0xff, 0xff, 0xff, 0xff, 0xc0,
    0x7, 0xff, 0xf0, 0x0, 0x0, 0xf, 0xff, 0xe0,
    0x7, 0xff, 0xe0, 0x0, 0x0, 0x7, 0xff, 0xe0,
    0xf, 0xff, 0xe0, 0x0, 0x0, 0x7, 0xff, 0xe0,
    0xf, 0xff, 0xe0, 0x0, 0x0, 0x7, 0xff, 0xf0,
    0xf, 0xff, 0xc0, 0x0, 0x0, 0x3, 0xff, 0xf0,
    0x1f, 0xff, 0xc0, 0x0, 0x0, 0x3, 0xff, 0xf0,
    0x1f, 0xff, 0xc0, 0x0, 0x0, 0x3, 0xff, 0xf8,
    0x1f, 0xff, 0x80, 0x0, 0x0, 0x1, 0xff, 0xf8,
    0x3f, 0xff, 0x80, 0x0, 0x0, 0x1, 0xff, 0xfc,
    0x3f, 0xff, 0x80, 0x0, 0x0, 0x1, 0xff, 0xfc,
    0x7f, 0xff, 0x0, 0x0, 0x0, 0x0, 0xff, 0xfc,
    0x7f, 0xff, 0x0, 0x0, 0x0, 0x0, 0xff, 0xfe,
    0x7f, 0xff, 0x0, 0x0, 0x0, 0x0, 0xff, 0xfe,
    0xff, 0xfe, 0x0, 0x0, 0x0, 0x0, 0x7f, 0xfe,
    0xff, 0xfe, 0x0, 0x0, 0x0, 0x0, 0x7f, 0xff,

    /* U+00C6 "Æ" */
    0x0, 0x0, 0x0, 0x0, 0x7, 0xff, 0xff, 0xff,
    0xff, 0xff, 0xf0, 0x0, 0x0, 0x0, 0x0, 0x1f,
    0xff, 0xff, 0xff, 0xff, 0xff, 0xe0, 0x0, 0x0,
    0x0, 0x0, 0x7f, 0xff, 0xff, 0xff, 0xff, 0xff,
    0xc0, 0x0, 0x0, 0x0, 0x0, 0xff, 0xff, 0xff,
    0xff, 0xff, 0xff, 0x80, 0x0, 0x0, 0x0, 0x3,
    0xff, 0xff, 0xff, 0xff, 0xff, 0xff, 0x0, 0x0,
    0x0, 0x0, 0x7, 0xff, 0xff, 0xff, 0xff, 0xff,
    0xfe, 0x0, 0x0, 0x0, 0x0, 0x1f, 0xff, 0xff,
    0xff, 0xff, 0xff, 0xfc, 0x0, 0x0, 0x0, 0x0,
    0x3f, 0xff, 0xff, 0xff, 0xff, 0xff, 0xf8, 0x0,
    0x0, 0x0, 0x0, 0xff, 0xff, 0xff, 0xff, 0xff,
    0xff, 0xf0, 0x0, 0x0, 0x0, 0x1, 0xff, 0xff,
    0xff, 0xff, 0xff, 0xff, 0xe0, 0x0, 0x0, 0x0,
    0x7, 0xff, 0xff, 0xfc, 0x0, 0x0, 0x0, 0x0,
    0x0, 0x0, 0x0, 0xf, 0xff, 0xff, 0xf8, 0x0,
    0x0, 0x0, 0x0, 0x0, 0x0, 0x0, 0x3f, 0xff,
    0xff, 0xf0, 0x0, 0x0, 0x0, 0x0, 0x0, 0x0,
    0x0, 0xff, 0xff, 0xff, 0xe0, 0x0, 0x0, 0x0,
    0x0, 0x0, 0x0, 0x1, 0xff, 0xff, 0xff, 0xc0,
    0x0, 0x0, 0x0, 0x0, 0x0, 0x0, 0x7, 0xff,
    0xef, 0xff, 0x80, 0x0, 0x0, 0x0, 0x0, 0x0,
    0x0, 0xf, 0xff, 0xdf, 0xff, 0x0, 0x0, 0x0,
    0x0, 0x0, 0x0, 0x0, 0x3f, 0xff, 0x3f, 0xfe,
    0x0, 0x0, 0x0, 0x0, 0x0, 0x0, 0x0, 0x7f,
    0xfe, 0x7f, 0xfc, 0x0, 0x0, 0x0, 0x0, 0x0,
    0x0, 0x1, 0xff, 0xf8, 0xff, 0xf8, 0x0, 0x0,
    0x0, 0x0, 0x0, 0x0, 0x3, 0xff, 0xf1, 0xff,
    0xf8, 0x0, 0x0, 0x0, 0x0, 0x0, 0x0, 0xf,
    0xff, 0xc3, 0xff, 0xf0, 0x0, 0x0, 0x0, 0x0,
    0x0, 0x0, 0x1f, 0xff, 0x87, 0xff, 0xe0, 0x0,
    0x0, 0x0, 0x0, 0x0, 0x0, 0x7f, 0xfe, 0xf,
    0xff, 0xc0, 0x0, 0x0, 0x0, 0x0, 0x0, 0x0,
    0xff, 0xfc, 0x1f, 0xff, 0x80, 0x0, 0x0, 0x0,
    0x0, 0x0, 0x3, 0xff, 0xf0, 0x3f, 0xff, 0x0,
    0x0, 0x0, 0x0, 0x0, 0x0, 0xf, 0xff, 0xe0,
    0x3f, 0xfe, 0x0, 0x0, 0x0, 0x0, 0x0, 0x0,
    0x1f, 0xff, 0x80, 0x7f, 0xfc, 0x0, 0x0, 0x0,
    0x0, 0x0, 0x0, 0x7f, 0xff, 0x0, 0xff, 0xff,
    0xff, 0xff, 0xf8, 0x0, 0x0, 0x0, 0xff, 0xfc,
    0x1, 0xff, 0xff, 0xff, 0xff, 0xf0, 0x0, 0x0,
    0x3, 0xff, 0xf8, 0x3, 0xff, 0xff, 0xff, 0xff,
    0xe0, 0x0, 0x0, 0x7, 0xff, 0xe0, 0x7, 0xff,
    0xff, 0xff, 0xff, 0xc0, 0x0, 0x0, 0x1f, 0xff,
    0xc0, 0xf, 0xff, 0xff, 0xff, 0xff, 0x80, 0x0,
    0x0, 0x3f, 0xff, 0x0, 0x1f, 0xff, 0xff, 0xff,
    0xff, 0x0, 0x0, 0x0, 0xff, 0xfe, 0x0, 0x3f,
    0xff, 0xff, 0xff, 0xfe, 0x0, 0x0, 0x1, 0xff,
    0xf8, 0x0, 0x7f, 0xff, 0xff, 0xff, 0xfc, 0x0,
    0x0, 0x7, 0xff, 0xf0, 0x0, 0xff, 0xff, 0xff,
    0xff, 0xf8, 0x0, 0x0, 0x1f, 0xff, 0xc0, 0x1,
    0xff, 0xff, 0xff, 0xff, 0xf0, 0x0, 0x0, 0x3f,
    0xff, 0x80, 0x3, 0xff, 0xe0, 0x0, 0x0, 0x0,
    0x0, 0x0, 0xff, 0xfe, 0x0, 0x7, 0xff, 0xc0,
    0x0, 0x0, 0x0, 0x0, 0x1, 0xff, 0xfc, 0x0,
    0xf, 0xff, 0x80, 0x0, 0x0, 0x0, 0x0, 0x7,
    0xff, 0xff, 0xff, 0xff, 0xff, 0x0, 0x0, 0x0,
    0x0, 0x0, 0xf, 0xff, 0xff, 0xff, 0xff, 0xfe,
    0x0, 0x0, 0x0, 0x0, 0x0, 0x3f, 0xff, 0xff,
    0xff, 0xff, 0xfe, 0x0, 0x0, 0x0, 0x0, 0x0,
    0x7f, 0xff, 0xff, 0xff, 0xff, 0xfc, 0x0, 0x0,
    0x0, 0x0, 0x1, 0xff, 0xff, 0xff, 0xff, 0xff,
    0xf8, 0x0, 0x0, 0x0, 0x0, 0x3, 0xff, 0xff,
    0xff, 0xff, 0xff, 0xf0, 0x0, 0x0, 0x0, 0x0,
    0xf, 0xff, 0xff, 0xff, 0xff, 0xff, 0xe0, 0x0,
    0x0, 0x0, 0x0, 0x1f, 0xff, 0xff, 0xff, 0xff,
    0xff, 0xc0, 0x0, 0x0, 0x0, 0x0, 0x7f, 0xff,
    0xff, 0xff, 0xff, 0xff, 0x80, 0x0, 0x0, 0x0,
    0x1, 0xff, 0xff, 0xff, 0xff, 0xff, 0xff, 0x0,
    0x0, 0x0, 0x0, 0x3, 0xff, 0xf8, 0x0, 0x0,
    0x3f, 0xfe, 0x0, 0x0, 0x0, 0x0, 0xf, 0xff,
    0xf0, 0x0, 0x0, 0x7f, 0xfc, 0x0, 0x0, 0x0,
    0x0, 0x1f, 0xff, 0xc0, 0x0, 0x0, 0xff, 0xf8,
    0x0, 0x0, 0x0, 0x0, 0x7f, 0xff, 0x80, 0x0,
    0x1, 0xff, 0xf0, 0x0, 0x0, 0x0, 0x0, 0xff,
    0xfe, 0x0, 0x0, 0x3, 0xff, 0xe0, 0x0, 0x0,
    0x0, 0x3, 0xff, 0xfc, 0x0, 0x0, 0x7, 0xff,
    0xc0, 0x0, 0x0, 0x0, 0x7, 0xff, 0xf0, 0x0,
    0x0, 0xf, 0xff, 0x80, 0x0, 0x0, 0x0, 0x1f,
    0xff, 0xe0, 0x0, 0x0, 0x1f, 0xff, 0xff, 0xff,
    0xff, 0xf8, 0x3f, 0xff, 0x80, 0x0, 0x0, 0x3f,
    0xff, 0xff, 0xff, 0xff, 0xf0, 0xff, 0xff, 0x0,
    0x0, 0x0, 0x7f, 0xff, 0xff, 0xff, 0xff, 0xe1,
    0xff, 0xfc, 0x0, 0x0, 0x0, 0xff, 0xff, 0xff,
    0xff, 0xff, 0xc7, 0xff, 0xf8, 0x0, 0x0, 0x1,
    0xff, 0xff, 0xff, 0xff, 0xff, 0x9f, 0xff, 0xe0,
    0x0, 0x0, 0x3, 0xff, 0xff, 0xff, 0xff, 0xff,
    0x3f, 0xff, 0xc0, 0x0, 0x0, 0x7, 0xff, 0xff,
    0xff, 0xff, 0xfe, 0xff, 0xff, 0x0, 0x0, 0x0,
    0xf, 0xff, 0xff, 0xff, 0xff, 0xfd, 0xff, 0xfe,
    0x0, 0x0, 0x0, 0x1f, 0xff, 0xff, 0xff, 0xff,
    0xff, 0xff, 0xf8, 0x0, 0x0, 0x0, 0x3f, 0xff,
    0xff, 0xff, 0xff, 0xf0,

    /* U+00C7 "Ç" */
    0x0, 0x0, 0x3, 0xff, 0xe0, 0x0, 0x0, 0x0,
    0x0, 0x7f, 0xff, 0xfc, 0x0, 0x0, 0x0, 0x3,
    0xff, 0xff, 0xfe, 0x0, 0x0, 0x0, 0x1f, 0xff,
    0xff, 0xff, 0x0, 0x0, 0x0, 0xff, 0xff, 0xff,
    0xff, 0x80, 0x0, 0x3, 0xff, 0xff, 0xff, 0xff,
    0x80, 0x0, 0xf, 0xff, 0xff, 0xff, 0xff, 0xc0,
    0x0, 0x3f, 0xff, 0xff, 0xff, 0xff, 0xc0, 0x0,
    0xff, 0xff, 0xff, 0xff, 0xff, 0xc0, 0x3, 0xff,
    0xff, 0xff, 0xff, 0xff, 0x80, 0xf, 0xff, 0xfc,
    0x1, 0xff, 0xff, 0x80, 0x3f, 0xff, 0xe0, 0x0,
    0xff, 0xff, 0x80, 0x7f, 0xff, 0x0, 0x0, 0x7f,
    0xff, 0x1, 0xff, 0xfc, 0x0, 0x0, 0x7f, 0xff,
    0x3, 0xff, 0xf0, 0x0, 0x0, 0x7f, 0xfe, 0xf,
    0xff, 0xc0, 0x0, 0x0, 0xff, 0xfe, 0x1f, 0xff,
    0x80, 0x0, 0x0, 0xff, 0xfc, 0x7f, 0xfe, 0x0,
    0x0, 0x1, 0xff, 0xf8, 0xff, 0xfc, 0x0, 0x0,
    0x3, 0xff, 0xf9, 0xff, 0xf8, 0x0, 0x0, 0x3,
    0xff, 0xf7, 0xff, 0xe0, 0x0, 0x0, 0x7, 0xff,
    0xef, 0xff, 0xc0, 0x0, 0x0, 0xf, 0xff, 0xdf,
    0xff, 0x80, 0x0, 0x0, 0x1f, 0xff, 0xbf, 0xff,
    0x0, 0x0, 0x0, 0x0, 0x0, 0x7f, 0xfc, 0x0,
    0x0, 0x0, 0x0, 0x1, 0xff, 0xf8, 0x0, 0x0,
    0x0, 0x0, 0x3, 0xff, 0xf0, 0x0, 0x0, 0x0,
    0x0, 0x7, 0xff, 0xe0, 0x0, 0x0, 0x0, 0x0,
    0xf, 0xff, 0xc0, 0x0, 0x0, 0x0, 0x0, 0x1f,
    0xff, 0x80, 0x0, 0x0, 0x0, 0x0, 0x3f, 0xff,
    0x0, 0x0, 0x0, 0x0, 0x0, 0x7f, 0xfe, 0x0,
    0x0, 0x0, 0x0, 0x0, 0xff, 0xfc, 0x0, 0x0,
    0x0, 0x0, 0x1, 0xff, 0xf8, 0x0, 0x0, 0x0,
    0x0, 0x3, 0xff, 0xf0, 0x0, 0x0, 0x0, 0x0,
    0x7, 0xff, 0xe0, 0x0, 0x0, 0x0, 0x0, 0xf,
    0xff, 0xc0, 0x0, 0x0, 0x0, 0x0, 0x1f, 0xff,
    0x80, 0x0, 0x0, 0x0, 0x0, 0x3f, 0xff, 0x0,
    0x0, 0x0, 0x0, 0x0, 0x7f, 0xfe, 0x0, 0x0,
    0x0, 0x0, 0x0, 0xff, 0xfc, 0x0, 0x0, 0x0,
    0x0, 0x1, 0xff, 0xf8, 0x0, 0x0, 0x0, 0x0,
    0x3, 0xff, 0xf0, 0x0, 0x0, 0x0, 0x0, 0x7,
    0xff, 0xe0, 0x0, 0x0, 0x0, 0x0, 0x7, 0xff,
    0xe0, 0x0, 0x0, 0x0, 0x0, 0xf, 0xff, 0xc0,
    0x0, 0x0, 0xf, 0xff, 0xdf, 0xff, 0x80, 0x0,
    0x0, 0x1f, 0xff, 0xbf, 0xff, 0x0, 0x0, 0x0,
    0x3f, 0xff, 0x7f, 0xfe, 0x0, 0x0, 0x0, 0x7f,
    0xfe, 0x7f, 0xfe, 0x0, 0x0, 0x0, 0xff, 0xfc,
    0xff, 0xfc, 0x0, 0x0, 0x3, 0xff, 0xf9, 0xff,
    0xfc, 0x0, 0x0, 0x7, 0xff, 0xe1, 0xff, 0xf8,
    0x0, 0x0, 0x1f, 0xff, 0xc3, 0xff, 0xf8, 0x0,
    0x0, 0x3f, 0xff, 0x83, 0xff, 0xf8, 0x0, 0x0,
    0xff, 0xfe, 0x7, 0xff, 0xf8, 0x0, 0x3, 0xff,
    0xfc, 0x7, 0xff, 0xf8, 0x0, 0x1f, 0xff, 0xf0,
    0xf, 0xff, 0xfe, 0x1, 0xff, 0xff, 0xe0, 0xf,
    0xff, 0xff, 0xff, 0xff, 0xff, 0x80, 0xf, 0xff,
    0xff, 0xff, 0xff, 0xfe, 0x0, 0xf, 0xff, 0xff,
    0xff, 0xff, 0xfc, 0x0, 0xf, 0xff, 0xff, 0xff,
    0xff, 0xf0, 0x0, 0xf, 0xff, 0xff, 0xff, 0xff,
    0xc0, 0x0, 0xf, 0xff, 0xff, 0xff, 0xfe, 0x0,
    0x0, 0xf, 0xff, 0xff, 0xff, 0xf8, 0x0, 0x0,
    0x7, 0xff, 0xff, 0xff, 0xc0, 0x0, 0x0, 0x3,
    0xff, 0xff, 0xfe, 0x0, 0x0, 0x0, 0x1, 0xff,
    0xff, 0xf0, 0x0, 0x0, 0x0, 0x0, 0x3f, 0xfc,
    0x0, 0x0, 0x0, 0x0, 0x0, 0x3f, 0xf0, 0x0,
    0x0, 0x0, 0x0, 0x0, 0x7f, 0xe0, 0x0, 0x0,
    0x0, 0x0, 0x0, 0xff, 0xf8, 0x0, 0x0, 0x0,
    0x0, 0x3, 0xff, 0xf8, 0x0, 0x0, 0x0, 0x0,
    0x7, 0xff, 0xf8, 0x0, 0x0, 0x0, 0x0, 0xf,
    0xff, 0xf8, 0x0, 0x0, 0x0, 0x0, 0x1, 0xff,
    0xf8, 0x0, 0x0, 0x0, 0x0, 0x0, 0xff, 0xf0,
    0x0, 0x0, 0x0, 0x0, 0x0, 0xff, 0xe0, 0x0,
    0x0, 0x0, 0x0, 0x1, 0xff, 0xc0, 0x0, 0x0,
    0x0, 0x0, 0x3, 0xff, 0x80, 0x0, 0x0, 0x0,
    0x0, 0x7, 0xff, 0x0, 0x0, 0x0, 0x0, 0x0,
    0x1f, 0xfe, 0x0, 0x0, 0x0, 0x0, 0x0, 0xff,
    0xf8, 0x0, 0x0, 0x0, 0x0, 0x7, 0xff, 0xf0,
    0x0, 0x0, 0x0, 0x0, 0xf, 0xff, 0xc0, 0x0,
    0x0, 0x0, 0x0, 0x1f, 0xff, 0x0, 0x0, 0x0,
    0x0, 0x0, 0x3f, 0xfc, 0x0, 0x0, 0x0, 0x0,
    0x0, 0x7f, 0xf0, 0x0, 0x0, 0x0, 0x0, 0x0,
    0xff, 0x80, 0x0, 0x0, 0x0, 0x0, 0x1, 0xf8,
    0x0, 0x0, 0x0,

    /* U+00C8 "È" */
    0x1, 0xff, 0xf8, 0x0, 0x0, 0x0, 0x3, 0xff,
    0xf0, 0x0, 0x0, 0x0, 0x7, 0xff, 0xe0, 0x0,
    0x0, 0x0, 0xf, 0xff, 0x80, 0x0, 0x0, 0x0,
    0x1f, 0xff, 0x0, 0x0, 0x0, 0x0, 0x7f, 0xfe,
    0x0, 0x0, 0x0, 0x0, 0xff, 0xf8, 0x0, 0x0,
    0x0, 0x1, 0xff, 0xf0, 0x0, 0x0, 0x0, 0x3,
    0xff, 0xe0, 0x0, 0x0, 0x0, 0x7, 0xff, 0x80,
    0x0, 0x0, 0x0, 0xf, 0xff, 0x0, 0x0, 0x0,
    0x0, 0x1f, 0xfe, 0x0, 0x0, 0x0, 0x0, 0x3f,
    0xf8, 0x0, 0x0, 0x0, 0x0, 0x7f, 0xf0, 0x0,
    0x0, 0x0, 0x0, 0x0, 0x0, 0x0, 0x0, 0x0,
    0x0, 0x0, 0x0, 0x0, 0x0, 0x0, 0x0, 0x0,
    0x0, 0x0, 0x0, 0x0, 0x0, 0x0, 0x0, 0x0,
    0x0, 0x0, 0x0, 0x0, 0x0, 0x3f, 0xff, 0xff,
    0xff, 0xff, 0xff, 0xff, 0xff, 0xff, 0xff, 0xff,
    0xff, 0xff, 0xff, 0xff, 0xff, 0xff, 0xff, 0xff,
    0xff, 0xff, 0xff, 0xff, 0xff, 0xff, 0xff, 0xff,
    0xff, 0xff, 0xff, 0xff, 0xff, 0xff, 0xff, 0xff,
    0xff, 0xff, 0xff, 0xff, 0xff, 0xff, 0xff, 0xff,
    0xff, 0xff, 0xff, 0xff, 0xff, 0xff, 0xff, 0xff,
    0xff, 0xff, 0xff, 0xff, 0xff, 0xff, 0xff, 0xff,
    0xf0, 0x0, 0x0, 0x0, 0xf, 0xff, 0xc0, 0x0,
    0x0, 0x0, 0x3f, 0xff, 0x0, 0x0, 0x0, 0x0,
    0xff, 0xfc, 0x0, 0x0, 0x0, 0x3, 0xff, 0xf0,
    0x0, 0x0, 0x0, 0xf, 0xff, 0xc0, 0x0, 0x0,
    0x0, 0x3f, 0xff, 0x0, 0x0, 0x0, 0x0, 0xff,
    0xfc, 0x0, 0x0, 0x0, 0x3, 0xff, 0xf0, 0x0,
    0x0, 0x0, 0xf, 0xff, 0xc0, 0x0, 0x0, 0x0,
    0x3f, 0xff, 0x0, 0x0, 0x0, 0x0, 0xff, 0xfc,
    0x0, 0x0, 0x0, 0x3, 0xff, 0xf0, 0x0, 0x0,
    0x0, 0xf, 0xff, 0xc0, 0x0, 0x0, 0x0, 0x3f,
    0xff, 0x0, 0x0, 0x0, 0x0, 0xff, 0xfc, 0x0,
    0x0, 0x0, 0x3, 0xff, 0xf0, 0x0, 0x0, 0x0,
    0xf, 0xff, 0xc0, 0x0, 0x0, 0x0, 0x3f, 0xff,
    0xff, 0xff, 0xff, 0xe0, 0xff, 0xff, 0xff, 0xff,
    0xff, 0x83, 0xff, 0xff, 0xff, 0xff, 0xfe, 0xf,
    0xff, 0xff, 0xff, 0xff, 0xf8, 0x3f, 0xff, 0xff,
    0xff, 0xff, 0xe0, 0xff, 0xff, 0xff, 0xff, 0xff,
    0x83, 0xff, 0xff, 0xff, 0xff, 0xfe, 0xf, 0xff,
    0xff, 0xff, 0xff, 0xf8, 0x3f, 0xff, 0xff, 0xff,
    0xff, 0xe0, 0xff, 0xff, 0xff, 0xff, 0xff, 0x83,
    0xff, 0xf0, 0x0, 0x0, 0x0, 0xf, 0xff, 0xc0,
    0x0, 0x0, 0x0, 0x3f, 0xff, 0x0, 0x0, 0x0,
    0x0, 0xff, 0xfc, 0x0, 0x0, 0x0, 0x3, 0xff,
    0xf0, 0x0, 0x0, 0x0, 0xf, 0xff, 0xc0, 0x0,
    0x0, 0x0, 0x3f, 0xff, 0x0, 0x0, 0x0, 0x0,
    0xff, 0xfc, 0x0, 0x0, 0x0, 0x3, 0xff, 0xf0,
    0x0, 0x0, 0x0, 0xf, 0xff, 0xc0, 0x0, 0x0,
    0x0, 0x3f, 0xff, 0x0, 0x0, 0x0, 0x0, 0xff,
    0xfc, 0x0, 0x0, 0x0, 0x3, 0xff, 0xf0, 0x0,
    0x0, 0x0, 0xf, 0xff, 0xc0, 0x0, 0x0, 0x0,
    0x3f, 0xff, 0x0, 0x0, 0x0, 0x0, 0xff, 0xfc,
    0x0, 0x0, 0x0, 0x3, 0xff, 0xf0, 0x0, 0x0,
    0x0, 0xf, 0xff, 0xc0, 0x0, 0x0, 0x0, 0x3f,
    0xff, 0x0, 0x0, 0x0, 0x0, 0xff, 0xfc, 0x0,
    0x0, 0x0, 0x3, 0xff, 0xff, 0xff, 0xff, 0xff,
    0xff, 0xff, 0xff, 0xff, 0xff, 0xff, 0xff, 0xff,
    0xff, 0xff, 0xff, 0xff, 0xff, 0xff, 0xff, 0xff,
    0xff, 0xff, 0xff, 0xff, 0xff, 0xff, 0xff, 0xff,
    0xff, 0xff, 0xff, 0xff, 0xff, 0xff, 0xff, 0xff,
    0xff, 0xff, 0xff, 0xff, 0xff, 0xff, 0xff, 0xff,
    0xff, 0xff, 0xff, 0xff, 0xff, 0xff, 0xff, 0xff,
    0xff, 0xff, 0xff, 0xff, 0xc0,

    /* U+00C9 "É" */
    0x0, 0x0, 0x0, 0x3f, 0xff, 0x80, 0x0, 0x0,
    0x1, 0xff, 0xfc, 0x0, 0x0, 0x0, 0x7, 0xff,
    0xe0, 0x0, 0x0, 0x0, 0x3f, 0xff, 0x0, 0x0,
    0x0, 0x1, 0xff, 0xf8, 0x0, 0x0, 0x0, 0x7,
    0xff, 0xc0, 0x0, 0x0, 0x0, 0x3f, 0xfe, 0x0,
    0x0, 0x0, 0x1, 0xff, 0xf0, 0x0, 0x0, 0x0,
    0x7, 0xff, 0x80, 0x0, 0x0, 0x0, 0x3f, 0xfc,
    0x0, 0x0, 0x0, 0x0, 0xff, 0xe0, 0x0, 0x0,
    0x0, 0x7, 0xff, 0x80, 0x0, 0x0, 0x0, 0x3f,
    0xfc, 0x0, 0x0, 0x0, 0x0, 0xff, 0xe0, 0x0,
    0x0, 0x0, 0x0, 0x0, 0x0, 0x0, 0x0, 0x0,
    0x0, 0x0, 0x0, 0x0, 0x0, 0x0, 0x0, 0x0,
    0x0, 0x0, 0x0, 0x0, 0x0, 0x0, 0x0, 0x0,
    0x0, 0x0, 0x0, 0x0, 0x0, 0x3f, 0xff, 0xff,
    0xff, 0xff, 0xff, 0xff, 0xff, 0xff, 0xff, 0xff,
    0xff, 0xff, 0xff, 0xff, 0xff, 0xff, 0xff, 0xff,
    0xff, 0xff, 0xff, 0xff, 0xff, 0xff, 0xff, 0xff,
    0xff, 0xff, 0xff, 0xff, 0xff, 0xff, 0xff, 0xff,
    0xff, 0xff, 0xff, 0xff, 0xff, 0xff, 0xff, 0xff,
    0xff, 0xff, 0xff, 0xff, 0xff, 0xff, 0xff, 0xff,
    0xff, 0xff, 0xff, 0xff, 0xff, 0xff, 0xff, 0xff,
    0xf0, 0x0, 0x0, 0x0, 0xf, 0xff, 0xc0, 0x0,
    0x0, 0x0, 0x3f, 0xff, 0x0, 0x0, 0x0, 0x0,
    0xff, 0xfc, 0x0, 0x0, 0x0, 0x3, 0xff, 0xf0,
    0x0, 0x0, 0x0, 0xf, 0xff, 0xc0, 0x0, 0x0,
    0x0, 0x3f, 0xff, 0x0, 0x0, 0x0, 0x0, 0xff,
    0xfc, 0x0, 0x0, 0x0, 0x3, 0xff, 0xf0, 0x0,
    0x0, 0x0, 0xf, 0xff, 0xc0, 0x0, 0x0, 0x0,
    0x3f, 0xff, 0x0, 0x0, 0x0, 0x0, 0xff, 0xfc,
    0x0, 0x0, 0x0, 0x3, 0xff, 0xf0, 0x0, 0x0,
    0x0, 0xf, 0xff, 0xc0, 0x0, 0x0, 0x0, 0x3f,
    0xff, 0x0, 0x0, 0x0, 0x0, 0xff, 0xfc, 0x0,
    0x0, 0x0, 0x3, 0xff, 0xf0, 0x0, 0x0, 0x0,
    0xf, 0xff, 0xc0, 0x0, 0x0, 0x0, 0x3f, 0xff,
    0xff, 0xff, 0xff, 0xe0, 0xff, 0xff, 0xff, 0xff,
    0xff, 0x83, 0xff, 0xff, 0xff, 0xff, 0xfe, 0xf,
    0xff, 0xff, 0xff, 0xff, 0xf8, 0x3f, 0xff, 0xff,
    0xff, 0xff, 0xe0, 0xff, 0xff, 0xff, 0xff, 0xff,
    0x83, 0xff, 0xff, 0xff, 0xff, 0xfe, 0xf, 0xff,
    0xff, 0xff, 0xff, 0xf8, 0x3f, 0xff, 0xff, 0xff,
    0xff, 0xe0, 0xff, 0xff, 0xff, 0xff, 0xff, 0x83,
    0xff, 0xf0, 0x0, 0x0, 0x0, 0xf, 0xff, 0xc0,
    0x0, 0x0, 0x0, 0x3f, 0xff, 0x0, 0x0, 0x0,
    0x0, 0xff, 0xfc, 0x0, 0x0, 0x0, 0x3, 0xff,
    0xf0, 0x0, 0x0, 0x0, 0xf, 0xff, 0xc0, 0x0,
    0x0, 0x0, 0x3f, 0xff, 0x0, 0x0, 0x0, 0x0,
    0xff, 0xfc, 0x0, 0x0, 0x0, 0x3, 0xff, 0xf0,
    0x0, 0x0, 0x0, 0xf, 0xff, 0xc0, 0x0, 0x0,
    0x0, 0x3f, 0xff, 0x0, 0x0, 0x0, 0x0, 0xff,
    0xfc, 0x0, 0x0, 0x0, 0x3, 0xff, 0xf0, 0x0,
    0x0, 0x0, 0xf, 0xff, 0xc0, 0x0, 0x0, 0x0,
    0x3f, 0xff, 0x0, 0x0, 0x0, 0x0, 0xff, 0xfc,
    0x0, 0x0, 0x0, 0x3, 0xff, 0xf0, 0x0, 0x0,
    0x0, 0xf, 0xff, 0xc0, 0x0, 0x0, 0x0, 0x3f,
    0xff, 0x0, 0x0, 0x0, 0x0, 0xff, 0xfc, 0x0,
    0x0, 0x0, 0x3, 0xff, 0xff, 0xff, 0xff, 0xff,
    0xff, 0xff, 0xff, 0xff, 0xff, 0xff, 0xff, 0xff,
    0xff, 0xff, 0xff, 0xff, 0xff, 0xff, 0xff, 0xff,
    0xff, 0xff, 0xff, 0xff, 0xff, 0xff, 0xff, 0xff,
    0xff, 0xff, 0xff, 0xff, 0xff, 0xff, 0xff, 0xff,
    0xff, 0xff, 0xff, 0xff, 0xff, 0xff, 0xff, 0xff,
    0xff, 0xff, 0xff, 0xff, 0xff, 0xff, 0xff, 0xff,
    0xff, 0xff, 0xff, 0xff, 0xc0,

    /* U+00CA "Ê" */
    0x0, 0x0, 0xf, 0xf0, 0x0, 0x0, 0x0, 0x0,
    0x7f, 0xe0, 0x0, 0x0, 0x0, 0x3, 0xff, 0xc0,
    0x0, 0x0, 0x0, 0x1f, 0xff, 0x80, 0x0, 0x0,
    0x0, 0xff, 0xff, 0x0, 0x0, 0x0, 0xf, 0xff,
    0xfe, 0x0, 0x0, 0x0, 0x7f, 0xff, 0xfc, 0x0,
    0x0, 0x3, 0xff, 0xbf, 0xf8, 0x0, 0x0, 0x1f,
    0xfc, 0x7f, 0xf0, 0x0, 0x0, 0xff, 0xe0, 0xff,
    0xe0, 0x0, 0x7, 0xff, 0x1, 0xff, 0xc0, 0x0,
    0x3f, 0xf8, 0x3, 0xff, 0x80, 0x1, 0xff, 0xc0,
    0x7, 0xff, 0x0, 0xf, 0xfe, 0x0, 0xf, 0xfe,
    0x0, 0x3f, 0xf0, 0x0, 0x0, 0x0, 0x0, 0x0,
    0x0, 0x0, 0x0, 0x0, 0x0, 0x0, 0x0, 0x0,
    0x0, 0x0, 0x0, 0x0, 0x0, 0x0, 0x0, 0x0,
    0x0, 0x0, 0x0, 0x0, 0x0, 0x0, 0x0, 0x0,
    0x0, 0x0, 0x0, 0xff, 0xff, 0xff, 0xff, 0xff,
    0xff, 0xff, 0xff, 0xff, 0xff, 0xff, 0xff, 0xff,
    0xff, 0xff, 0xff, 0xff, 0xff, 0xff, 0xff, 0xff,
    0xff, 0xff, 0xff, 0xff, 0xff, 0xff, 0xff, 0xff,
    0xff, 0xff, 0xff, 0xff, 0xff, 0xff, 0xff, 0xff,
    0xff, 0xff, 0xff, 0xff, 0xff, 0xff, 0xff, 0xff,
    0xff, 0xff, 0xff, 0xff, 0xff, 0xff, 0xff, 0xff,
    0xff, 0xff, 0xff, 0xff, 0xff, 0xff, 0xc0, 0x0,
    0x0, 0x0, 0x3f, 0xff, 0x0, 0x0, 0x0, 0x0,
    0xff, 0xfc, 0x0, 0x0, 0x0, 0x3, 0xff, 0xf0,
    0x0, 0x0, 0x0, 0xf, 0xff, 0xc0, 0x0, 0x0,
    0x0, 0x3f, 0xff, 0x0, 0x0, 0x0, 0x0, 0xff,
    0xfc, 0x0, 0x0, 0x0, 0x3, 0xff, 0xf0, 0x0,
    0x0, 0x0, 0xf, 0xff, 0xc0, 0x0, 0x0, 0x0,
    0x3f, 0xff, 0x0, 0x0, 0x0, 0x0, 0xff, 0xfc,
    0x0, 0x0, 0x0, 0x3, 0xff, 0xf0, 0x0, 0x0,
    0x0, 0xf, 0xff, 0xc0, 0x0, 0x0, 0x0, 0x3f,
    0xff, 0x0, 0x0, 0x0, 0x0, 0xff, 0xfc, 0x0,
    0x0, 0x0, 0x3, 0xff, 0xf0, 0x0, 0x0, 0x0,
    0xf, 0xff, 0xc0, 0x0, 0x0, 0x0, 0x3f, 0xff,
    0x0, 0x0, 0x0, 0x0, 0xff, 0xff, 0xff, 0xff,
    0xff, 0x83, 0xff, 0xff, 0xff, 0xff, 0xfe, 0xf,
    0xff, 0xff, 0xff, 0xff, 0xf8, 0x3f, 0xff, 0xff,
    0xff, 0xff, 0xe0, 0xff, 0xff, 0xff, 0xff, 0xff,
    0x83, 0xff, 0xff, 0xff, 0xff, 0xfe, 0xf, 0xff,
    0xff, 0xff, 0xff, 0xf8, 0x3f, 0xff, 0xff, 0xff,
    0xff, 0xe0, 0xff, 0xff, 0xff, 0xff, 0xff, 0x83,
    0xff, 0xff, 0xff, 0xff, 0xfe, 0xf, 0xff, 0xc0,
    0x0, 0x0, 0x0, 0x3f, 0xff, 0x0, 0x0, 0x0,
    0x0, 0xff, 0xfc, 0x0, 0x0, 0x0, 0x3, 0xff,
    0xf0, 0x0, 0x0, 0x0, 0xf, 0xff, 0xc0, 0x0,
    0x0, 0x0, 0x3f, 0xff, 0x0, 0x0, 0x0, 0x0,
    0xff, 0xfc, 0x0, 0x0, 0x0, 0x3, 0xff, 0xf0,
    0x0, 0x0, 0x0, 0xf, 0xff, 0xc0, 0x0, 0x0,
    0x0, 0x3f, 0xff, 0x0, 0x0, 0x0, 0x0, 0xff,
    0xfc, 0x0, 0x0, 0x0, 0x3, 0xff, 0xf0, 0x0,
    0x0, 0x0, 0xf, 0xff, 0xc0, 0x0, 0x0, 0x0,
    0x3f, 0xff, 0x0, 0x0, 0x0, 0x0, 0xff, 0xfc,
    0x0, 0x0, 0x0, 0x3, 0xff, 0xf0, 0x0, 0x0,
    0x0, 0xf, 0xff, 0xc0, 0x0, 0x0, 0x0, 0x3f,
    0xff, 0x0, 0x0, 0x0, 0x0, 0xff, 0xfc, 0x0,
    0x0, 0x0, 0x3, 0xff, 0xf0, 0x0, 0x0, 0x0,
    0xf, 0xff, 0xff, 0xff, 0xff, 0xff, 0xff, 0xff,
    0xff, 0xff, 0xff, 0xff, 0xff, 0xff, 0xff, 0xff,
    0xff, 0xff, 0xff, 0xff, 0xff, 0xff, 0xff, 0xff,
    0xff, 0xff, 0xff, 0xff, 0xff, 0xff, 0xff, 0xff,
    0xff, 0xff, 0xff, 0xff, 0xff, 0xff, 0xff, 0xff,
    0xff, 0xff, 0xff, 0xff, 0xff, 0xff, 0xff, 0xff,
    0xff, 0xff, 0xff, 0xff, 0xff, 0xff, 0xff, 0xff,
    0xff, 0xff,

    /* U+00CB "Ë" */
    0x0, 0x3e, 0x0, 0x0, 0x7c, 0x0, 0x3, 0xfe,
    0x0, 0x7, 0xfc, 0x0, 0x1f, 0xfc, 0x0, 0x3f,
    0xf8, 0x0, 0x7f, 0xf0, 0x0, 0xff, 0xe0, 0x3,
    0xff, 0xe0, 0x7, 0xff, 0xc0, 0xf, 0xff, 0x80,
    0x1f, 0xff, 0x0, 0x3f, 0xfe, 0x0, 0x7f, 0xfc,
    0x0, 0xff, 0xf8, 0x1, 0xff, 0xf0, 0x1, 0xff,
    0xc0, 0x3, 0xff, 0x80, 0x7, 0xff, 0x0, 0xf,
    0xfe, 0x0, 0xf, 0xf8, 0x0, 0x1f, 0xf0, 0x0,
    0xf, 0x80, 0x0, 0x1f, 0x0, 0x0, 0x0, 0x0,
    0x0, 0x0, 0x0, 0x0, 0x0, 0x0, 0x0, 0x0,
    0x0, 0x0, 0x0, 0x0, 0x0, 0x0, 0x0, 0x0,
    0x0, 0x0, 0x0, 0x0, 0x0, 0x0, 0x0, 0x0,
    0x0, 0x3, 0xff, 0xff, 0xff, 0xff, 0xff, 0xff,
    0xff, 0xff, 0xff, 0xff, 0xff, 0xff, 0xff, 0xff,
    0xff, 0xff, 0xff, 0xff, 0xff, 0xff, 0xff, 0xff,
    0xff, 0xff, 0xff, 0xff, 0xff, 0xff, 0xff, 0xff,
    0xff, 0xff, 0xff, 0xff, 0xff, 0xff, 0xff, 0xff,
    0xff, 0xff, 0xff, 0xff, 0xff, 0xff, 0xff, 0xff,
    0xff, 0xff, 0xff, 0xff, 0xff, 0xff, 0xff, 0xff,
    0xff, 0xff, 0xff, 0xff, 0xff, 0x0, 0x0, 0x0,
    0x0, 0xff, 0xfc, 0x0, 0x0, 0x0, 0x3, 0xff,
    0xf0, 0x0, 0x0, 0x0, 0xf, 0xff, 0xc0, 0x0,
    0x0, 0x0, 0x3f, 0xff, 0x0, 0x0, 0x0, 0x0,
    0xff, 0xfc, 0x0, 0x0, 0x0, 0x3, 0xff, 0xf0,
    0x0, 0x0, 0x0, 0xf, 0xff, 0xc0, 0x0, 0x0,
    0x0, 0x3f, 0xff, 0x0, 0x0, 0x0, 0x0, 0xff,
    0xfc, 0x0, 0x0, 0x0, 0x3, 0xff, 0xf0, 0x0,
    0x0, 0x0, 0xf, 0xff, 0xc0, 0x0, 0x0, 0x0,
    0x3f, 0xff, 0x0, 0x0, 0x0, 0x0, 0xff, 0xfc,
    0x0, 0x0, 0x0, 0x3, 0xff, 0xf0, 0x0, 0x0,
    0x0, 0xf, 0xff, 0xc0, 0x0, 0x0, 0x0, 0x3f,
    0xff, 0x0, 0x0, 0x0, 0x0, 0xff, 0xfc, 0x0,
    0x0, 0x0, 0x3, 0xff, 0xff, 0xff, 0xff, 0xfe,
    0xf, 0xff, 0xff, 0xff, 0xff, 0xf8, 0x3f, 0xff,
    0xff, 0xff, 0xff, 0xe0, 0xff, 0xff, 0xff, 0xff,
    0xff, 0x83, 0xff, 0xff, 0xff, 0xff, 0xfe, 0xf,
    0xff, 0xff, 0xff, 0xff, 0xf8, 0x3f, 0xff, 0xff,
    0xff, 0xff, 0xe0, 0xff, 0xff, 0xff, 0xff, 0xff,
    0x83, 0xff, 0xff, 0xff, 0xff, 0xfe, 0xf, 0xff,
    0xff, 0xff, 0xff, 0xf8, 0x3f, 0xff, 0x0, 0x0,
    0x0, 0x0, 0xff, 0xfc, 0x0, 0x0, 0x0, 0x3,
    0xff, 0xf0, 0x0, 0x0, 0x0, 0xf, 0xff, 0xc0,
    0x0, 0x0, 0x0, 0x3f, 0xff, 0x0, 0x0, 0x0,
    0x0, 0xff, 0xfc, 0x0, 0x0, 0x0, 0x3, 0xff,
    0xf0, 0x0, 0x0, 0x0, 0xf, 0xff, 0xc0, 0x0,
    0x0, 0x0, 0x3f, 0xff, 0x0, 0x0, 0x0, 0x0,
    0xff, 0xfc, 0x0, 0x0, 0x0, 0x3, 0xff, 0xf0,
    0x0, 0x0, 0x0, 0xf, 0xff, 0xc0, 0x0, 0x0,
    0x0, 0x3f, 0xff, 0x0, 0x0, 0x0, 0x0, 0xff,
    0xfc, 0x0, 0x0, 0x0, 0x3, 0xff, 0xf0, 0x0,
    0x0, 0x0, 0xf, 0xff, 0xc0, 0x0, 0x0, 0x0,
    0x3f, 0xff, 0x0, 0x0, 0x0, 0x0, 0xff, 0xfc,
    0x0, 0x0, 0x0, 0x3, 0xff, 0xf0, 0x0, 0x0,
    0x0, 0xf, 0xff, 0xc0, 0x0, 0x0, 0x0, 0x3f,
    0xff, 0xff, 0xff, 0xff, 0xff, 0xff, 0xff, 0xff,
    0xff, 0xff, 0xff, 0xff, 0xff, 0xff, 0xff, 0xff,
    0xff, 0xff, 0xff, 0xff, 0xff, 0xff, 0xff, 0xff,
    0xff, 0xff, 0xff, 0xff, 0xff, 0xff, 0xff, 0xff,
    0xff, 0xff, 0xff, 0xff, 0xff, 0xff, 0xff, 0xff,
    0xff, 0xff, 0xff, 0xff, 0xff, 0xff, 0xff, 0xff,
    0xff, 0xff, 0xff, 0xff, 0xff, 0xff, 0xff, 0xff,
    0xfc,

    /* U+00CC "Ì" */
    0xff, 0xfe, 0x0, 0x7f, 0xfe, 0x0, 0x3f, 0xff,
    0x0, 0x1f, 0xff, 0x80, 0xf, 0xff, 0x80, 0x7,
    0xff, 0xc0, 0x3, 0xff, 0xe0, 0x1, 0xff, 0xe0,
    0x0, 0xff, 0xf0, 0x0, 0xff, 0xf8, 0x0, 0x7f,
    0xf8, 0x0, 0x3f, 0xfc, 0x0, 0x1f, 0xfe, 0x0,
    0xf, 0xfe, 0x0, 0x0, 0x0, 0x0, 0x0, 0x0,
    0x0, 0x0, 0x0, 0x0, 0x0, 0x0, 0x0, 0x0,
    0x0, 0x0, 0x3f, 0xff, 0x0, 0x3f, 0xff, 0x0,
    0x3f, 0xff, 0x0, 0x3f, 0xff, 0x0, 0x3f, 0xff,
    0x0, 0x3f, 0xff, 0x0, 0x3f, 0xff, 0x0, 0x3f,
    0xff, 0x0, 0x3f, 0xff, 0x0, 0x3f, 0xff, 0x0,
    0x3f, 0xff, 0x0, 0x3f, 0xff, 0x0, 0x3f, 0xff,
    0x0, 0x3f, 0xff, 0x0, 0x3f, 0xff, 0x0, 0x3f,
    0xff, 0x0, 0x3f, 0xff, 0x0, 0x3f, 0xff, 0x0,
    0x3f, 0xff, 0x0, 0x3f, 0xff, 0x0, 0x3f, 0xff,
    0x0, 0x3f, 0xff, 0x0, 0x3f, 0xff, 0x0, 0x3f,
    0xff, 0x0, 0x3f, 0xff, 0x0, 0x3f, 0xff, 0x0,
    0x3f, 0xff, 0x0, 0x3f, 0xff, 0x0, 0x3f, 0xff,
    0x0, 0x3f, 0xff, 0x0, 0x3f, 0xff, 0x0, 0x3f,
    0xff, 0x0, 0x3f, 0xff, 0x0, 0x3f, 0xff, 0x0,
    0x3f, 0xff, 0x0, 0x3f, 0xff, 0x0, 0x3f, 0xff,
    0x0, 0x3f, 0xff, 0x0, 0x3f, 0xff, 0x0, 0x3f,
    0xff, 0x0, 0x3f, 0xff, 0x0, 0x3f, 0xff, 0x0,
    0x3f, 0xff, 0x0, 0x3f, 0xff, 0x0, 0x3f, 0xff,
    0x0, 0x3f, 0xff, 0x0, 0x3f, 0xff, 0x0, 0x3f,
    0xff, 0x0, 0x3f, 0xff, 0x0, 0x3f, 0xff, 0x0,
    0x3f, 0xff, 0x0, 0x3f, 0xff, 0x0, 0x3f, 0xff,
    0x0, 0x3f, 0xff, 0x0, 0x3f, 0xff, 0x0, 0x3f,
    0xff, 0x0, 0x3f, 0xff, 0x0, 0x3f, 0xff, 0x0,
    0x3f, 0xff, 0x0, 0x3f, 0xff, 0x0, 0x3f, 0xff,
    0x0, 0x3f, 0xff, 0x0, 0x3f, 0xff, 0x0, 0x3f,
    0xff, 0x0, 0x3f, 0xff, 0x0, 0x3f, 0xff, 0x0,
    0x3f, 0xff, 0x0, 0x3f, 0xff,

    /* U+00CD "Í" */
    0x0, 0x7f, 0xff, 0x0, 0x7f, 0xfe, 0x0, 0xff,
    0xfc, 0x1, 0xff, 0xf8, 0x1, 0xff, 0xf0, 0x3,
    0xff, 0xe0, 0x7, 0xff, 0xc0, 0x7, 0xff, 0xc0,
    0xf, 0xff, 0x80, 0x1f, 0xff, 0x0, 0x1f, 0xfe,
    0x0, 0x3f, 0xfc, 0x0, 0x3f, 0xf8, 0x0, 0x7f,
    0xf0, 0x0, 0x0, 0x0, 0x0, 0x0, 0x0, 0x0,
    0x0, 0x0, 0x0, 0x0, 0x0, 0x0, 0x0, 0x0,
    0x0, 0xff, 0xfc, 0x0, 0xff, 0xfc, 0x0, 0xff,
    0xfc, 0x0, 0xff, 0xfc, 0x0, 0xff, 0xfc, 0x0,
    0xff, 0xfc, 0x0, 0xff, 0xfc, 0x0, 0xff, 0xfc,
    0x0, 0xff, 0xfc, 0x0, 0xff, 0xfc, 0x0, 0xff,
    0xfc, 0x0, 0xff, 0xfc, 0x0, 0xff, 0xfc, 0x0,
    0xff, 0xfc, 0x0, 0xff, 0xfc, 0x0, 0xff, 0xfc,
    0x0, 0xff, 0xfc, 0x0, 0xff, 0xfc, 0x0, 0xff,
    0xfc, 0x0, 0xff, 0xfc, 0x0, 0xff, 0xfc, 0x0,
    0xff, 0xfc, 0x0, 0xff, 0xfc, 0x0, 0xff, 0xfc,
    0x0, 0xff, 0xfc, 0x0, 0xff, 0xfc, 0x0, 0xff,
    0xfc, 0x0, 0xff, 0xfc, 0x0, 0xff, 0xfc, 0x0,
    0xff, 0xfc, 0x0, 0xff, 0xfc, 0x0, 0xff, 0xfc,
    0x0, 0xff, 0xfc, 0x0, 0xff, 0xfc, 0x0, 0xff,
    0xfc, 0x0, 0xff, 0xfc, 0x0, 0xff, 0xfc, 0x0,
    0xff, 0xfc, 0x0, 0xff, 0xfc, 0x0, 0xff, 0xfc,
    0x0, 0xff, 0xfc, 0x0, 0xff, 0xfc, 0x0, 0xff,
    0xfc, 0x0, 0xff, 0xfc, 0x0, 0xff, 0xfc, 0x0,
    0xff, 0xfc, 0x0, 0xff, 0xfc, 0x0, 0xff, 0xfc,
    0x0, 0xff, 0xfc, 0x0, 0xff, 0xfc, 0x0, 0xff,
    0xfc, 0x0, 0xff, 0xfc, 0x0, 0xff, 0xfc, 0x0,
    0xff, 0xfc, 0x0, 0xff, 0xfc, 0x0, 0xff, 0xfc,
    0x0, 0xff, 0xfc, 0x0, 0xff, 0xfc, 0x0, 0xff,
    0xfc, 0x0, 0xff, 0xfc, 0x0, 0xff, 0xfc, 0x0,
    0xff, 0xfc, 0x0, 0xff, 0xfc, 0x0, 0xff, 0xfc,
    0x0, 0xff, 0xfc, 0x0, 0xff, 0xfc, 0x0, 0xff,
    0xfc, 0x0, 0xff, 0xfc, 0x0,

    /* U+00CE "Î" */
    0x0, 0x3, 0xfc, 0x0, 0x0, 0x0, 0x7f, 0xe0,
    0x0, 0x0, 0xf, 0xff, 0x0, 0x0, 0x1, 0xff,
    0xf8, 0x0, 0x0, 0x3f, 0xff, 0xc0, 0x0, 0x7,
    0xff, 0xfe, 0x0, 0x0, 0xff, 0xff, 0xf0, 0x0,
    0x1f, 0xff, 0xff, 0x80, 0x3, 0xff, 0x9f, 0xfc,
    0x0, 0x7f, 0xf0, 0xff, 0xe0, 0xf, 0xfe, 0x7,
    0xff, 0x1, 0xff, 0xc0, 0x1f, 0xf8, 0x7f, 0xf8,
    0x0, 0xff, 0xcf, 0xff, 0x0, 0x7, 0xff, 0xff,
    0xe0, 0x0, 0x0, 0x0, 0x0, 0x0, 0x0, 0x0,
    0x0, 0x0, 0x0, 0x0, 0x0, 0x0, 0x0, 0x0,
    0x0, 0x0, 0x0, 0x0, 0x0, 0x0, 0x0, 0x0,
    0x0, 0x0, 0x0, 0x1f, 0xff, 0x80, 0x0, 0x1,
    0xff, 0xf8, 0x0, 0x0, 0x1f, 0xff, 0x80, 0x0,
    0x1, 0xff, 0xf8, 0x0, 0x0, 0x1f, 0xff, 0x80,
    0x0, 0x1, 0xff, 0xf8, 0x0, 0x0, 0x1f, 0xff,
    0x80, 0x0, 0x1, 0xff, 0xf8, 0x0, 0x0, 0x1f,
    0xff, 0x80, 0x0, 0x1, 0xff, 0xf8, 0x0, 0x0,
    0x1f, 0xff, 0x80, 0x0, 0x1, 0xff, 0xf8, 0x0,
    0x0, 0x1f, 0xff, 0x80, 0x0, 0x1, 0xff, 0xf8,
    0x0, 0x0, 0x1f, 0xff, 0x80, 0x0, 0x1, 0xff,
    0xf8, 0x0, 0x0, 0x1f, 0xff, 0x80, 0x0, 0x1,
    0xff, 0xf8, 0x0, 0x0, 0x1f, 0xff, 0x80, 0x0,
    0x1, 0xff, 0xf8, 0x0, 0x0, 0x1f, 0xff, 0x80,
    0x0, 0x1, 0xff, 0xf8, 0x0, 0x0, 0x1f, 0xff,
    0x80, 0x0, 0x1, 0xff, 0xf8, 0x0, 0x0, 0x1f,
    0xff, 0x80, 0x0, 0x1, 0xff, 0xf8, 0x0, 0x0,
    0x1f, 0xff, 0x80, 0x0, 0x1, 0xff, 0xf8, 0x0,
    0x0, 0x1f, 0xff, 0x80, 0x0, 0x1, 0xff, 0xf8,
    0x0, 0x0, 0x1f, 0xff, 0x80, 0x0, 0x1, 0xff,
    0xf8, 0x0, 0x0, 0x1f, 0xff, 0x80, 0x0, 0x1,
    0xff, 0xf8, 0x0, 0x0, 0x1f, 0xff, 0x80, 0x0,
    0x1, 0xff, 0xf8, 0x0, 0x0, 0x1f, 0xff, 0x80,
    0x0, 0x1, 0xff, 0xf8, 0x0, 0x0, 0x1f, 0xff,
    0x80, 0x0, 0x1, 0xff, 0xf8, 0x0, 0x0, 0x1f,
    0xff, 0x80, 0x0, 0x1, 0xff, 0xf8, 0x0, 0x0,
    0x1f, 0xff, 0x80, 0x0, 0x1, 0xff, 0xf8, 0x0,
    0x0, 0x1f, 0xff, 0x80, 0x0, 0x1, 0xff, 0xf8,
    0x0, 0x0, 0x1f, 0xff, 0x80, 0x0, 0x1, 0xff,
    0xf8, 0x0, 0x0, 0x1f, 0xff, 0x80, 0x0, 0x1,
    0xff, 0xf8, 0x0, 0x0, 0x1f, 0xff, 0x80, 0x0,
    0x1, 0xff, 0xf8, 0x0, 0x0, 0x1f, 0xff, 0x80,
    0x0, 0x1, 0xff, 0xf8, 0x0, 0x0, 0x1f, 0xff,
    0x80, 0x0, 0x1, 0xff, 0xf8, 0x0, 0x0, 0x1f,
    0xff, 0x80, 0x0, 0x1, 0xff, 0xf8, 0x0, 0x0,
    0x1f, 0xff, 0x80, 0x0, 0x1, 0xff, 0xf8, 0x0,
    0x0, 0x1f, 0xff, 0x80, 0x0, 0x1, 0xff, 0xf8,
    0x0, 0x0, 0x1f, 0xff, 0x80, 0x0, 0x1, 0xff,
    0xf8, 0x0, 0x0, 0x1f, 0xff, 0x80, 0x0, 0x1,
    0xff, 0xf8, 0x0, 0x0, 0x1f, 0xff, 0x80, 0x0,
    0x1, 0xff, 0xf8, 0x0,

    /* U+00CF "Ï" */
    0xf, 0x80, 0x0, 0x1f, 0x3, 0xfe, 0x0, 0x7,
    0xfc, 0x7f, 0xf0, 0x0, 0xff, 0xe7, 0xff, 0x0,
    0xf, 0xfe, 0xff, 0xf8, 0x1, 0xff, 0xff, 0xff,
    0x80, 0x1f, 0xff, 0xff, 0xf8, 0x1, 0xff, 0xff,
    0xff, 0x80, 0x1f, 0xff, 0x7f, 0xf0, 0x0, 0xff,
    0xe7, 0xff, 0x0, 0xf, 0xfe, 0x3f, 0xe0, 0x0,
    0x7f, 0xc0, 0xf8, 0x0, 0x1, 0xf0, 0x0, 0x0,
    0x0, 0x0, 0x0, 0x0, 0x0, 0x0, 0x0, 0x0,
    0x0, 0x0, 0x0, 0x0, 0x0, 0x0, 0x0, 0x0,
    0x0, 0x0, 0x0, 0x0, 0x0, 0x1, 0xff, 0xf8,
    0x0, 0x0, 0x1f, 0xff, 0x80, 0x0, 0x1, 0xff,
    0xf8, 0x0, 0x0, 0x1f, 0xff, 0x80, 0x0, 0x1,
    0xff, 0xf8, 0x0, 0x0, 0x1f, 0xff, 0x80, 0x0,
    0x1, 0xff, 0xf8, 0x0, 0x0, 0x1f, 0xff, 0x80,
    0x0, 0x1, 0xff, 0xf8, 0x0, 0x0, 0x1f, 0xff,
    0x80, 0x0, 0x1, 0xff, 0xf8, 0x0, 0x0, 0x1f,
    0xff, 0x80, 0x0, 0x1, 0xff, 0xf8, 0x0, 0x0,
    0x1f, 0xff, 0x80, 0x0, 0x1, 0xff, 0xf8, 0x0,
    0x0, 0x1f, 0xff, 0x80, 0x0, 0x1, 0xff, 0xf8,
    0x0, 0x0, 0x1f, 0xff, 0x80, 0x0, 0x1, 0xff,
    0xf8, 0x0, 0x0, 0x1f, 0xff, 0x80, 0x0, 0x1,
    0xff, 0xf8, 0x0, 0x0, 0x1f, 0xff, 0x80, 0x0,
    0x1, 0xff, 0xf8, 0x0, 0x0, 0x1f, 0xff, 0x80,
    0x0, 0x1, 0xff, 0xf8, 0x0, 0x0, 0x1f, 0xff,
    0x80, 0x0, 0x1, 0xff, 0xf8, 0x0, 0x0, 0x1f,
    0xff, 0x80, 0x0, 0x1, 0xff, 0xf8, 0x0, 0x0,
    0x1f, 0xff, 0x80, 0x0, 0x1, 0xff, 0xf8, 0x0,
    0x0, 0x1f, 0xff, 0x80, 0x0, 0x1, 0xff, 0xf8,
    0x0, 0x0, 0x1f, 0xff, 0x80, 0x0, 0x1, 0xff,
    0xf8, 0x0, 0x0, 0x1f, 0xff, 0x80, 0x0, 0x1,
    0xff, 0xf8, 0x0, 0x0, 0x1f, 0xff, 0x80, 0x0,
    0x1, 0xff, 0xf8, 0x0, 0x0, 0x1f, 0xff, 0x80,
    0x0, 0x1, 0xff, 0xf8, 0x0, 0x0, 0x1f, 0xff,
    0x80, 0x0, 0x1, 0xff, 0xf8, 0x0, 0x0, 0x1f,
    0xff, 0x80, 0x0, 0x1, 0xff, 0xf8, 0x0, 0x0,
    0x1f, 0xff, 0x80, 0x0, 0x1, 0xff, 0xf8, 0x0,
    0x0, 0x1f, 0xff, 0x80, 0x0, 0x1, 0xff, 0xf8,
    0x0, 0x0, 0x1f, 0xff, 0x80, 0x0, 0x1, 0xff,
    0xf8, 0x0, 0x0, 0x1f, 0xff, 0x80, 0x0, 0x1,
    0xff, 0xf8, 0x0, 0x0, 0x1f, 0xff, 0x80, 0x0,
    0x1, 0xff, 0xf8, 0x0, 0x0, 0x1f, 0xff, 0x80,
    0x0, 0x1, 0xff, 0xf8, 0x0, 0x0, 0x1f, 0xff,
    0x80, 0x0, 0x1, 0xff, 0xf8, 0x0, 0x0, 0x1f,
    0xff, 0x80, 0x0, 0x1, 0xff, 0xf8, 0x0, 0x0,
    0x1f, 0xff, 0x80, 0x0, 0x1, 0xff, 0xf8, 0x0,
    0x0, 0x1f, 0xff, 0x80, 0x0, 0x1, 0xff, 0xf8,
    0x0, 0x0, 0x1f, 0xff, 0x80, 0x0, 0x1, 0xff,
    0xf8, 0x0, 0x0, 0x1f, 0xff, 0x80, 0x0,

    /* U+00D0 "Ð" */
    0x1, 0xff, 0xff, 0xff, 0xc0, 0x0, 0x0, 0x0,
    0x3f, 0xff, 0xff, 0xff, 0x80, 0x0, 0x0, 0x7,
    0xff, 0xff, 0xff, 0xfe, 0x0, 0x0, 0x0, 0xff,
    0xff, 0xff, 0xff, 0xf0, 0x0, 0x0, 0x1f, 0xff,
    0xff, 0xff, 0xff, 0x80, 0x0, 0x3, 0xff, 0xff,
    0xff, 0xff, 0xf8, 0x0, 0x0, 0x7f, 0xff, 0xff,
    0xff, 0xff, 0xc0, 0x0, 0xf, 0xff, 0xff, 0xff,
    0xff, 0xfc, 0x0, 0x1, 0xff, 0xff, 0xff, 0xff,
    0xff, 0xc0, 0x0, 0x3f, 0xff, 0xff, 0xff, 0xff,
    0xfc, 0x0, 0x7, 0xff, 0xe0, 0x3, 0xff, 0xff,
    0xc0, 0x0, 0xff, 0xfc, 0x0, 0xf, 0xff, 0xfc,
    0x0, 0x1f, 0xff, 0x80, 0x0, 0x7f, 0xff, 0x80,
    0x3, 0xff, 0xf0, 0x0, 0x3, 0xff, 0xf8, 0x0,
    0x7f, 0xfe, 0x0, 0x0, 0x3f, 0xff, 0x0, 0xf,
    0xff, 0xc0, 0x0, 0x7, 0xff, 0xf0, 0x1, 0xff,
    0xf8, 0x0, 0x0, 0x7f, 0xff, 0x0, 0x3f, 0xff,
    0x0, 0x0, 0x7, 0xff, 0xe0, 0x7, 0xff, 0xe0,
    0x0, 0x0, 0xff, 0xfc, 0x0, 0xff, 0xfc, 0x0,
    0x0, 0xf, 0xff, 0xc0, 0x1f, 0xff, 0x80, 0x0,
    0x1, 0xff, 0xf8, 0x3, 0xff, 0xf0, 0x0, 0x0,
    0x1f, 0xff, 0x80, 0x7f, 0xfe, 0x0, 0x0, 0x3,
    0xff, 0xf0, 0xf, 0xff, 0xc0, 0x0, 0x0, 0x7f,
    0xfe, 0x1, 0xff, 0xf8, 0x0, 0x0, 0xf, 0xff,
    0xc0, 0x3f, 0xff, 0x0, 0x0, 0x1, 0xff, 0xf8,
    0x7, 0xff, 0xe0, 0x0, 0x0, 0x1f, 0xff, 0x80,
    0xff, 0xfc, 0x0, 0x0, 0x3, 0xff, 0xf0, 0x1f,
    0xff, 0x80, 0x0, 0x0, 0x7f, 0xff, 0xff, 0xff,
    0xff, 0xff, 0x0, 0xf, 0xff, 0xff, 0xff, 0xff,
    0xff, 0xe0, 0x1, 0xff, 0xff, 0xff, 0xff, 0xff,
    0xfc, 0x0, 0x3f, 0xff, 0xff, 0xff, 0xff, 0xff,
    0x80, 0x7, 0xff, 0xff, 0xff, 0xff, 0xff, 0xf0,
    0x0, 0xff, 0xff, 0xff, 0xff, 0xff, 0xfe, 0x0,
    0x1f, 0xff, 0xff, 0xff, 0xff, 0xff, 0xc0, 0x3,
    0xff, 0xff, 0xff, 0xff, 0xff, 0xf8, 0x0, 0x7f,
    0xfe, 0x3, 0xff, 0xf0, 0x0, 0x0, 0xf, 0xff,
    0xc0, 0x7f, 0xfe, 0x0, 0x0, 0x1, 0xff, 0xf8,
    0xf, 0xff, 0xc0, 0x0, 0x0, 0x3f, 0xff, 0x1,
    0xff, 0xf8, 0x0, 0x0, 0x7, 0xff, 0xe0, 0x3f,
    0xff, 0x0, 0x0, 0x0, 0xff, 0xfc, 0x7, 0xff,
    0xe0, 0x0, 0x0, 0x3f, 0xff, 0x0, 0xff, 0xfc,
    0x0, 0x0, 0x7, 0xff, 0xe0, 0x1f, 0xff, 0x80,
    0x0, 0x0, 0xff, 0xfc, 0x3, 0xff, 0xf0, 0x0,
    0x0, 0x1f, 0xff, 0x80, 0x7f, 0xfe, 0x0, 0x0,
    0x7, 0xff, 0xf0, 0xf, 0xff, 0xc0, 0x0, 0x0,
    0xff, 0xfc, 0x1, 0xff, 0xf8, 0x0, 0x0, 0x1f,
    0xff, 0x80, 0x3f, 0xff, 0x0, 0x0, 0x7, 0xff,
    0xe0, 0x7, 0xff, 0xe0, 0x0, 0x0, 0xff, 0xfc,
    0x0, 0xff, 0xfc, 0x0, 0x0, 0x3f, 0xff, 0x80,
    0x1f, 0xff, 0x80, 0x0, 0xf, 0xff, 0xe0, 0x3,
    0xff, 0xf0, 0x0, 0x1, 0xff, 0xfc, 0x0, 0x7f,
    0xfe, 0x0, 0x0, 0xff, 0xff, 0x0, 0xf, 0xff,
    0xc0, 0x0, 0x3f, 0xff, 0xc0, 0x1, 0xff, 0xf8,
    0x0, 0x1f, 0xff, 0xf8, 0x0, 0x3f, 0xff, 0x0,
    0x1f, 0xff, 0xfe, 0x0, 0x7, 0xff, 0xff, 0xff,
    0xff, 0xff, 0x80, 0x0, 0xff, 0xff, 0xff, 0xff,
    0xff, 0xe0, 0x0, 0x1f, 0xff, 0xff, 0xff, 0xff,
    0xf8, 0x0, 0x3, 0xff, 0xff, 0xff, 0xff, 0xfe,
    0x0, 0x0, 0x7f, 0xff, 0xff, 0xff, 0xff, 0x0,
    0x0, 0xf, 0xff, 0xff, 0xff, 0xff, 0xc0, 0x0,
    0x1, 0xff, 0xff, 0xff, 0xff, 0xe0, 0x0, 0x0,
    0x3f, 0xff, 0xff, 0xff, 0xf0, 0x0, 0x0, 0x7,
    0xff, 0xff, 0xff, 0xf0, 0x0, 0x0, 0x0, 0xff,
    0xff, 0xff, 0xe0, 0x0, 0x0, 0x0,

    /* U+00D1 "Ñ" */
    0x0, 0x0, 0x3f, 0x0, 0x3, 0xfc, 0x0, 0x0,
    0x0, 0xff, 0xc0, 0x3, 0xfc, 0x0, 0x0, 0x3,
    0xff, 0xf0, 0x7, 0xfc, 0x0, 0x0, 0x7, 0xff,
    0xfe, 0xf, 0xfc, 0x0, 0x0, 0xf, 0xff, 0xff,
    0xff, 0xf8, 0x0, 0x0, 0xf, 0xff, 0xff, 0xff,
    0xf8, 0x0, 0x0, 0x1f, 0xff, 0xff, 0xff, 0xf0,
    0x0, 0x0, 0x1f, 0xff, 0xff, 0xff, 0xf0, 0x0,
    0x0, 0x3f, 0xf0, 0x7f, 0xff, 0xe0, 0x0, 0x0,
    0x3f, 0xe0, 0x1f, 0xff, 0xc0, 0x0, 0x0, 0x3f,
    0xc0, 0x7, 0xff, 0x80, 0x0, 0x0, 0x3f, 0xc0,
    0x0, 0xfe, 0x0, 0x0, 0x0, 0x0, 0x0, 0x0,
    0x0, 0x0, 0x0, 0x0, 0x0, 0x0, 0x0, 0x0,
    0x0, 0x0, 0x0, 0x0, 0x0, 0x0, 0x0, 0x0,
    0x0, 0x0, 0x0, 0x0, 0x0, 0x0, 0x0, 0x0,
    0x0, 0x0, 0x0, 0x0, 0x0, 0x0, 0x0, 0x0,
    0x0, 0x0, 0x0, 0x0, 0x0, 0x0, 0xff, 0xfc,
    0x0, 0x0, 0x0, 0x3f, 0xff, 0xff, 0xfe, 0x0,
    0x0, 0x0, 0x3f, 0xff, 0xff, 0xff, 0x0, 0x0,
    0x0, 0x3f, 0xff, 0xff, 0xff, 0x0, 0x0, 0x0,
    0x3f, 0xff, 0xff, 0xff, 0x80, 0x0, 0x0, 0x3f,
    0xff, 0xff, 0xff, 0x80, 0x0, 0x0, 0x3f, 0xff,
    0xff, 0xff, 0xc0, 0x0, 0x0, 0x3f, 0xff, 0xff,
    0xff, 0xe0, 0x0, 0x0, 0x3f, 0xff, 0xff, 0xff,
    0xe0, 0x0, 0x0, 0x3f, 0xff, 0xff, 0xff, 0xf0,
    0x0, 0x0, 0x3f, 0xff, 0xff, 0xff, 0xf0, 0x0,
    0x0, 0x3f, 0xff, 0xff, 0xff, 0xf8, 0x0, 0x0,
    0x3f, 0xff, 0xff, 0xff, 0xfc, 0x0, 0x0, 0x3f,
    0xff, 0xff, 0xff, 0xfc, 0x0, 0x0, 0x3f, 0xff,
    0xff, 0xff, 0xfe, 0x0, 0x0, 0x3f, 0xff, 0xff,
    0xff, 0xff, 0x0, 0x0, 0x3f, 0xff, 0xff, 0xff,
    0xff, 0x0, 0x0, 0x3f, 0xff, 0xff, 0xff, 0xff,
    0x80, 0x0, 0x3f, 0xff, 0xff, 0xff, 0xff, 0x80,
    0x0, 0x3f, 0xff, 0xff, 0xff, 0xff, 0xc0, 0x0,
    0x3f, 0xff, 0xff, 0xff, 0xff, 0xe0, 0x0, 0x3f,
    0xff, 0xff, 0xff, 0xff, 0xe0, 0x0, 0x3f, 0xff,
    0xff, 0xff, 0xff, 0xf0, 0x0, 0x3f, 0xff, 0xff,
    0xfd, 0xff, 0xf0, 0x0, 0x3f, 0xff, 0xff, 0xfd,
    0xff, 0xf8, 0x0, 0x3f, 0xff, 0xff, 0xfc, 0xff,
    0xfc, 0x0, 0x3f, 0xff, 0xff, 0xfc, 0xff, 0xfc,
    0x0, 0x3f, 0xff, 0xff, 0xfc, 0x7f, 0xfe, 0x0,
    0x3f, 0xff, 0xff, 0xfc, 0x3f, 0xff, 0x0, 0x3f,
    0xff, 0xff, 0xfc, 0x3f, 0xff, 0x0, 0x3f, 0xff,
    0xff, 0xfc, 0x1f, 0xff, 0x80, 0x3f, 0xff, 0xff,
    0xfc, 0xf, 0xff, 0x80, 0x3f, 0xff, 0xff, 0xfc,
    0xf, 0xff, 0xc0, 0x3f, 0xff, 0xff, 0xfc, 0x7,
    0xff, 0xe0, 0x3f, 0xff, 0xff, 0xfc, 0x7, 0xff,
    0xe0, 0x3f, 0xff, 0xff, 0xfc, 0x3, 0xff, 0xf0,
    0x3f, 0xff, 0xff, 0xfc, 0x1, 0xff, 0xf0, 0x3f,
    0xff, 0xff, 0xfc, 0x1, 0xff, 0xf8, 0x3f, 0xff,
    0xff, 0xfc, 0x0, 0xff, 0xfc, 0x3f, 0xff, 0xff,
    0xfc, 0x0, 0xff, 0xfc, 0x3f, 0xff, 0xff, 0xfc,
    0x0, 0x7f, 0xfe, 0x3f, 0xff, 0xff, 0xfc, 0x0,
    0x3f, 0xfe, 0x3f, 0xff, 0xff, 0xfc, 0x0, 0x3f,
    0xff, 0x3f, 0xff, 0xff, 0xfc, 0x0, 0x1f, 0xff,
    0xbf, 0xff, 0xff, 0xfc, 0x0, 0xf, 0xff, 0xbf,
    0xff, 0xff, 0xfc, 0x0, 0xf, 0xff, 0xff, 0xff,
    0xff, 0xfc, 0x0, 0x7, 0xff, 0xff, 0xff, 0xff,
    0xfc, 0x0, 0x7, 0xff, 0xff, 0xff, 0xff, 0xfc,
    0x0, 0x3, 0xff, 0xff, 0xff, 0xff, 0xfc, 0x0,
    0x1, 0xff, 0xff, 0xff, 0xff, 0xfc, 0x0, 0x1,
    0xff, 0xff, 0xff, 0xff, 0xfc, 0x0, 0x0, 0xff,
    0xff, 0xff, 0xff, 0xfc, 0x0, 0x0, 0xff, 0xff,
    0xff, 0xff, 0xfc, 0x0, 0x0, 0x7f, 0xff, 0xff,
    0xff, 0xfc, 0x0, 0x0, 0x3f, 0xff, 0xff, 0xff,
    0xfc, 0x0, 0x0, 0x3f, 0xff, 0xff, 0xff, 0xfc,
    0x0, 0x0, 0x1f, 0xff, 0xff, 0xff, 0xfc, 0x0,
    0x0, 0xf, 0xff, 0xff, 0xff, 0xfc, 0x0, 0x0,
    0xf, 0xff, 0xff, 0xff, 0xfc, 0x0, 0x0, 0x7,
    0xff, 0xff, 0xff, 0xfc, 0x0, 0x0, 0x7, 0xff,
    0xff, 0xff, 0xfc, 0x0, 0x0, 0x3, 0xff, 0xff,
    0xff, 0xfc, 0x0, 0x0, 0x1, 0xff, 0xff, 0xff,
    0xfc, 0x0, 0x0, 0x1, 0xff, 0xff, 0xff, 0xfc,
    0x0, 0x0, 0x0, 0xff, 0xff, 0xff, 0xfc, 0x0,
    0x0, 0x0, 0xff, 0xff, 0xff, 0xfc, 0x0, 0x0,
    0x0, 0x7f, 0xff, 0xff, 0xfc, 0x0, 0x0, 0x0,
    0x3f, 0xff,

    /* U+00D2 "Ò" */
    0x0, 0xf, 0xff, 0xe0, 0x0, 0x0, 0x0, 0x0,
    0x1, 0xff, 0xf8, 0x0, 0x0, 0x0, 0x0, 0x0,
    0x3f, 0xff, 0x0, 0x0, 0x0, 0x0, 0x0, 0x7,
    0xff, 0xe0, 0x0, 0x0, 0x0, 0x0, 0x0, 0xff,
    0xf8, 0x0, 0x0, 0x0, 0x0, 0x0, 0x1f, 0xff,
    0x0, 0x0, 0x0, 0x0, 0x0, 0x3, 0xff, 0xe0,
    0x0, 0x0, 0x0, 0x0, 0x0, 0xff, 0xf8, 0x0,
    0x0, 0x0, 0x0, 0x0, 0x1f, 0xff, 0x0, 0x0,
    0x0, 0x0, 0x0, 0x3, 0xff, 0xe0, 0x0, 0x0,
    0x0, 0x0, 0x0, 0x7f, 0xf8, 0x0, 0x0, 0x0,
    0x0, 0x0, 0xf, 0xff, 0x0, 0x0, 0x0, 0x0,
    0x0, 0x1, 0xff, 0xe0, 0x0, 0x0, 0x0, 0x0,
    0x0, 0x3f, 0xf8, 0x0, 0x0, 0x0, 0x0, 0x0,
    0x0, 0x0, 0x0, 0x0, 0x0, 0x0, 0x0, 0x0,
    0x0, 0x0, 0x0, 0x0, 0x0, 0x0, 0x0, 0x0,
    0x0, 0x0, 0x0, 0x0, 0x0, 0x0, 0x0, 0x0,
    0x0, 0x0, 0x0, 0x0, 0x0, 0x0, 0x0, 0x0,
    0x0, 0x0, 0x0, 0x0, 0x7, 0xff, 0x80, 0x0,
    0x0, 0x0, 0x0, 0x1f, 0xff, 0xfe, 0x0, 0x0,
    0x0, 0x0, 0x1f, 0xff, 0xff, 0xe0, 0x0, 0x0,
    0x0, 0x1f, 0xff, 0xff, 0xfe, 0x0, 0x0, 0x0,
    0x1f, 0xff, 0xff, 0xff, 0xe0, 0x0, 0x0, 0xf,
    0xff, 0xff, 0xff, 0xfc, 0x0, 0x0, 0xf, 0xff,
    0xff, 0xff, 0xff, 0xc0, 0x0, 0x7, 0xff, 0xff,
    0xff, 0xff, 0xf8, 0x0, 0x3, 0xff, 0xff, 0xff,
    0xff, 0xff, 0x0, 0x1, 0xff, 0xff, 0xff, 0xff,
    0xff, 0xc0, 0x0, 0x7f, 0xff, 0xe0, 0x1f, 0xff,
    0xf8, 0x0, 0x3f, 0xff, 0xe0, 0x1, 0xff, 0xff,
    0x0, 0x1f, 0xff, 0xe0, 0x0, 0x1f, 0xff, 0xe0,
    0x7, 0xff, 0xf0, 0x0, 0x3, 0xff, 0xf8, 0x3,
    0xff, 0xf8, 0x0, 0x0, 0x7f, 0xff, 0x0, 0xff,
    0xfc, 0x0, 0x0, 0xf, 0xff, 0xc0, 0x7f, 0xfe,
    0x0, 0x0, 0x3, 0xff, 0xf8, 0x1f, 0xff, 0x80,
    0x0, 0x0, 0x7f, 0xfe, 0xf, 0xff, 0xc0, 0x0,
    0x0, 0xf, 0xff, 0xc3, 0xff, 0xf0, 0x0, 0x0,
    0x3, 0xff, 0xf0, 0xff, 0xfc, 0x0, 0x0, 0x0,
    0xff, 0xfc, 0x7f, 0xfe, 0x0, 0x0, 0x0, 0x1f,
    0xff, 0x9f, 0xff, 0x80, 0x0, 0x0, 0x7, 0xff,
    0xe7, 0xff, 0xe0, 0x0, 0x0, 0x1, 0xff, 0xf9,
    0xff, 0xf8, 0x0, 0x0, 0x0, 0x7f, 0xfe, 0x7f,
    0xfc, 0x0, 0x0, 0x0, 0x1f, 0xff, 0xbf, 0xff,
    0x0, 0x0, 0x0, 0x3, 0xff, 0xff, 0xff, 0xc0,
    0x0, 0x0, 0x0, 0xff, 0xff, 0xff, 0xf0, 0x0,
    0x0, 0x0, 0x3f, 0xff, 0xff, 0xfc, 0x0, 0x0,
    0x0, 0xf, 0xff, 0xff, 0xff, 0x0, 0x0, 0x0,
    0x3, 0xff, 0xff, 0xff, 0xc0, 0x0, 0x0, 0x0,
    0xff, 0xff, 0xff, 0xf0, 0x0, 0x0, 0x0, 0x3f,
    0xff, 0xff, 0xfc, 0x0, 0x0, 0x0, 0xf, 0xff,
    0xff, 0xff, 0x0, 0x0, 0x0, 0x3, 0xff, 0xff,
    0xff, 0xc0, 0x0, 0x0, 0x0, 0xff, 0xff, 0xff,
    0xf0, 0x0, 0x0, 0x0, 0x3f, 0xff, 0xff, 0xfc,
    0x0, 0x0, 0x0, 0xf, 0xff, 0xff, 0xff, 0x0,
    0x0, 0x0, 0x3, 0xff, 0xff, 0xff, 0xc0, 0x0,
    0x0, 0x0, 0xff, 0xff, 0xff, 0xf0, 0x0, 0x0,
    0x0, 0x3f, 0xff, 0xff, 0xfc, 0x0, 0x0, 0x0,
    0xf, 0xff, 0xff, 0xff, 0x0, 0x0, 0x0, 0x3,
    0xff, 0xf7, 0xff, 0xe0, 0x0, 0x0, 0x1, 0xff,
    0xf9, 0xff, 0xf8, 0x0, 0x0, 0x0, 0x7f, 0xfe,
    0x7f, 0xfe, 0x0, 0x0, 0x0, 0x1f, 0xff, 0x9f,
    0xff, 0x80, 0x0, 0x0, 0x7, 0xff, 0xe7, 0xff,
    0xe0, 0x0, 0x0, 0x1, 0xff, 0xf8, 0xff, 0xfc,
    0x0, 0x0, 0x0, 0xff, 0xfc, 0x3f, 0xff, 0x0,
    0x0, 0x0, 0x3f, 0xff, 0xf, 0xff, 0xc0, 0x0,
    0x0, 0xf, 0xff, 0xc1, 0xff, 0xf8, 0x0, 0x0,
    0x7, 0xff, 0xe0, 0x7f, 0xff, 0x0, 0x0, 0x3,
    0xff, 0xf8, 0xf, 0xff, 0xc0, 0x0, 0x0, 0xff,
    0xfc, 0x3, 0xff, 0xf8, 0x0, 0x0, 0x7f, 0xff,
    0x0, 0x7f, 0xff, 0x0, 0x0, 0x3f, 0xff, 0x80,
    0x1f, 0xff, 0xe0, 0x0, 0x1f, 0xff, 0xe0, 0x3,
    0xff, 0xfe, 0x0, 0x1f, 0xff, 0xf0, 0x0, 0x7f,
    0xff, 0xe0, 0x1f, 0xff, 0xf8, 0x0, 0x1f, 0xff,
    0xff, 0xff, 0xff, 0xfe, 0x0, 0x3, 0xff, 0xff,
    0xff, 0xff, 0xff, 0x0, 0x0, 0x7f, 0xff, 0xff,
    0xff, 0xff, 0x80, 0x0, 0xf, 0xff, 0xff, 0xff,
    0xff, 0xc0, 0x0, 0x0, 0xff, 0xff, 0xff, 0xff,
    0xc0, 0x0, 0x0, 0x1f, 0xff, 0xff, 0xff, 0xe0,
    0x0, 0x0, 0x1, 0xff, 0xff, 0xff, 0xe0, 0x0,
    0x0, 0x0, 0x1f, 0xff, 0xff, 0xe0, 0x0, 0x0,
    0x0, 0x1, 0xff, 0xff, 0xe0, 0x0, 0x0, 0x0,
    0x0, 0x7, 0xff, 0x80, 0x0, 0x0,

    /* U+00D3 "Ó" */
    0x0, 0x0, 0x0, 0x1, 0xff, 0xfc, 0x0, 0x0,
    0x0, 0x0, 0x0, 0x7f, 0xfe, 0x0, 0x0, 0x0,
    0x0, 0x0, 0x3f, 0xff, 0x0, 0x0, 0x0, 0x0,
    0x0, 0x1f, 0xff, 0x80, 0x0, 0x0, 0x0, 0x0,
    0x7, 0xff, 0xc0, 0x0, 0x0, 0x0, 0x0, 0x3,
    0xff, 0xe0, 0x0, 0x0, 0x0, 0x0, 0x1, 0xff,
    0xf0, 0x0, 0x0, 0x0, 0x0, 0x0, 0x7f, 0xfc,
    0x0, 0x0, 0x0, 0x0, 0x0, 0x3f, 0xfe, 0x0,
    0x0, 0x0, 0x0, 0x0, 0x1f, 0xff, 0x0, 0x0,
    0x0, 0x0, 0x0, 0x7, 0xff, 0x80, 0x0, 0x0,
    0x0, 0x0, 0x3, 0xff, 0xc0, 0x0, 0x0, 0x0,
    0x0, 0x1, 0xff, 0xe0, 0x0, 0x0, 0x0, 0x0,
    0x0, 0x7f, 0xf0, 0x0, 0x0, 0x0, 0x0, 0x0,
    0x0, 0x0, 0x0, 0x0, 0x0, 0x0, 0x0, 0x0,
    0x0, 0x0, 0x0, 0x0, 0x0, 0x0, 0x0, 0x0,
    0x0, 0x0, 0x0, 0x0, 0x0, 0x0, 0x0, 0x0,
    0x0, 0x0, 0x0, 0x0, 0x0, 0x0, 0x0, 0x0,
    0x0, 0x0, 0x0, 0x0, 0x7, 0xff, 0x80, 0x0,
    0x0, 0x0, 0x0, 0x1f, 0xff, 0xfe, 0x0, 0x0,
    0x0, 0x0, 0x1f, 0xff, 0xff, 0xe0, 0x0, 0x0,
    0x0, 0x1f, 0xff, 0xff, 0xfe, 0x0, 0x0, 0x0,
    0x1f, 0xff, 0xff, 0xff, 0xe0, 0x0, 0x0, 0xf,
    0xff, 0xff, 0xff, 0xfc, 0x0, 0x0, 0xf, 0xff,
    0xff, 0xff, 0xff, 0xc0, 0x0, 0x7, 0xff, 0xff,
    0xff, 0xff, 0xf8, 0x0, 0x3, 0xff, 0xff, 0xff,
    0xff, 0xff, 0x0, 0x1, 0xff, 0xff, 0xff, 0xff,
    0xff, 0xc0, 0x0, 0x7f, 0xff, 0xe0, 0x1f, 0xff,
    0xf8, 0x0, 0x3f, 0xff, 0xe0, 0x1, 0xff, 0xff,
    0x0, 0x1f, 0xff, 0xe0, 0x0, 0x1f, 0xff, 0xe0,
    0x7, 0xff, 0xf0, 0x0, 0x3, 0xff, 0xf8, 0x3,
    0xff, 0xf8, 0x0, 0x0, 0x7f, 0xff, 0x0, 0xff,
    0xfc, 0x0, 0x0, 0xf, 0xff, 0xc0, 0x7f, 0xfe,
    0x0, 0x0, 0x3, 0xff, 0xf8, 0x1f, 0xff, 0x80,
    0x0, 0x0, 0x7f, 0xfe, 0xf, 0xff, 0xc0, 0x0,
    0x0, 0xf, 0xff, 0xc3, 0xff, 0xf0, 0x0, 0x0,
    0x3, 0xff, 0xf0, 0xff, 0xfc, 0x0, 0x0, 0x0,
    0xff, 0xfc, 0x7f, 0xfe, 0x0, 0x0, 0x0, 0x1f,
    0xff, 0x9f, 0xff, 0x80, 0x0, 0x0, 0x7, 0xff,
    0xe7, 0xff, 0xe0, 0x0, 0x0, 0x1, 0xff, 0xf9,
    0xff, 0xf8, 0x0, 0x0, 0x0, 0x7f, 0xfe, 0x7f,
    0xfc, 0x0, 0x0, 0x0, 0x1f, 0xff, 0xbf, 0xff,
    0x0, 0x0, 0x0, 0x3, 0xff, 0xff, 0xff, 0xc0,
    0x0, 0x0, 0x0, 0xff, 0xff, 0xff, 0xf0, 0x0,
    0x0, 0x0, 0x3f, 0xff, 0xff, 0xfc, 0x0, 0x0,
    0x0, 0xf, 0xff, 0xff, 0xff, 0x0, 0x0, 0x0,
    0x3, 0xff, 0xff, 0xff, 0xc0, 0x0, 0x0, 0x0,
    0xff, 0xff, 0xff, 0xf0, 0x0, 0x0, 0x0, 0x3f,
    0xff, 0xff, 0xfc, 0x0, 0x0, 0x0, 0xf, 0xff,
    0xff, 0xff, 0x0, 0x0, 0x0, 0x3, 0xff, 0xff,
    0xff, 0xc0, 0x0, 0x0, 0x0, 0xff, 0xff, 0xff,
    0xf0, 0x0, 0x0, 0x0, 0x3f, 0xff, 0xff, 0xfc,
    0x0, 0x0, 0x0, 0xf, 0xff, 0xff, 0xff, 0x0,
    0x0, 0x0, 0x3, 0xff, 0xff, 0xff, 0xc0, 0x0,
    0x0, 0x0, 0xff, 0xff, 0xff, 0xf0, 0x0, 0x0,
    0x0, 0x3f, 0xff, 0xff, 0xfc, 0x0, 0x0, 0x0,
    0xf, 0xff, 0xff, 0xff, 0x0, 0x0, 0x0, 0x3,
    0xff, 0xf7, 0xff, 0xe0, 0x0, 0x0, 0x1, 0xff,
    0xf9, 0xff, 0xf8, 0x0, 0x0, 0x0, 0x7f, 0xfe,
    0x7f, 0xfe, 0x0, 0x0, 0x0, 0x1f, 0xff, 0x9f,
    0xff, 0x80, 0x0, 0x0, 0x7, 0xff, 0xe7, 0xff,
    0xe0, 0x0, 0x0, 0x1, 0xff, 0xf8, 0xff, 0xfc,
    0x0, 0x0, 0x0, 0xff, 0xfc, 0x3f, 0xff, 0x0,
    0x0, 0x0, 0x3f, 0xff, 0xf, 0xff, 0xc0, 0x0,
    0x0, 0xf, 0xff, 0xc1, 0xff, 0xf8, 0x0, 0x0,
    0x7, 0xff, 0xe0, 0x7f, 0xff, 0x0, 0x0, 0x3,
    0xff, 0xf8, 0xf, 0xff, 0xc0, 0x0, 0x0, 0xff,
    0xfc, 0x3, 0xff, 0xf8, 0x0, 0x0, 0x7f, 0xff,
    0x0, 0x7f, 0xff, 0x0, 0x0, 0x3f, 0xff, 0x80,
    0x1f, 0xff, 0xe0, 0x0, 0x1f, 0xff, 0xe0, 0x3,
    0xff, 0xfe, 0x0, 0x1f, 0xff, 0xf0, 0x0, 0x7f,
    0xff, 0xe0, 0x1f, 0xff, 0xf8, 0x0, 0x1f, 0xff,
    0xff, 0xff, 0xff, 0xfe, 0x0, 0x3, 0xff, 0xff,
    0xff, 0xff, 0xff, 0x0, 0x0, 0x7f, 0xff, 0xff,
    0xff, 0xff, 0x80, 0x0, 0xf, 0xff, 0xff, 0xff,
    0xff, 0xc0, 0x0, 0x0, 0xff, 0xff, 0xff, 0xff,
    0xc0, 0x0, 0x0, 0x1f, 0xff, 0xff, 0xff, 0xe0,
    0x0, 0x0, 0x1, 0xff, 0xff, 0xff, 0xe0, 0x0,
    0x0, 0x0, 0x1f, 0xff, 0xff, 0xe0, 0x0, 0x0,
    0x0, 0x1, 0xff, 0xff, 0xe0, 0x0, 0x0, 0x0,
    0x0, 0x7, 0xff, 0x80, 0x0, 0x0,

    /* U+00D4 "Ô" */
    0x0, 0x0, 0x0, 0xff, 0x80, 0x0, 0x0, 0x0,
    0x0, 0x0, 0x7f, 0xf0, 0x0, 0x0, 0x0, 0x0,
    0x0, 0x3f, 0xff, 0x0, 0x0, 0x0, 0x0, 0x0,
    0x1f, 0xff, 0xe0, 0x0, 0x0, 0x0, 0x0, 0xf,
    0xff, 0xfc, 0x0, 0x0, 0x0, 0x0, 0x7, 0xff,
    0xff, 0x80, 0x0, 0x0, 0x0, 0x3, 0xff, 0xff,
    0xf0, 0x0, 0x0, 0x0, 0x1, 0xff, 0xcf, 0xfe,
    0x0, 0x0, 0x0, 0x0, 0xff, 0xe1, 0xff, 0xc0,
    0x0, 0x0, 0x0, 0x7f, 0xf0, 0x3f, 0xf8, 0x0,
    0x0, 0x0, 0x3f, 0xf8, 0x7, 0xff, 0x0, 0x0,
    0x0, 0x3f, 0xfc, 0x0, 0xff, 0xe0, 0x0, 0x0,
    0x1f, 0xfe, 0x0, 0x1f, 0xfc, 0x0, 0x0, 0x7,
    0xff, 0x0, 0x3, 0xff, 0x80, 0x0, 0x0, 0x0,
    0x0, 0x0, 0x0, 0x0, 0x0, 0x0, 0x0, 0x0,
    0x0, 0x0, 0x0, 0x0, 0x0, 0x0, 0x0, 0x0,
    0x0, 0x0, 0x0, 0x0, 0x0, 0x0, 0x0, 0x0,
    0x0, 0x0, 0x0, 0x0, 0x0, 0x0, 0x0, 0x0,
    0x0, 0x0, 0x0, 0x0, 0x7, 0xff, 0x80, 0x0,
    0x0, 0x0, 0x0, 0x1f, 0xff, 0xfe, 0x0, 0x0,
    0x0, 0x0, 0x1f, 0xff, 0xff, 0xe0, 0x0, 0x0,
    0x0, 0x1f, 0xff, 0xff, 0xfe, 0x0, 0x0, 0x0,
    0x1f, 0xff, 0xff, 0xff, 0xe0, 0x0, 0x0, 0xf,
    0xff, 0xff, 0xff, 0xfc, 0x0, 0x0, 0xf, 0xff,
    0xff, 0xff, 0xff, 0xc0, 0x0, 0x7, 0xff, 0xff,
    0xff, 0xff, 0xf8, 0x0, 0x3, 0xff, 0xff, 0xff,
    0xff, 0xff, 0x0, 0x1, 0xff, 0xff, 0xff, 0xff,
    0xff, 0xc0, 0x0, 0x7f, 0xff, 0xe0, 0x1f, 0xff,
    0xf8, 0x0, 0x3f, 0xff, 0xe0, 0x1, 0xff, 0xff,
    0x0, 0x1f, 0xff, 0xe0, 0x0, 0x1f, 0xff, 0xe0,
    0x7, 0xff, 0xf0, 0x0, 0x3, 0xff, 0xf8, 0x3,
    0xff, 0xf8, 0x0, 0x0, 0x7f, 0xff, 0x0, 0xff,
    0xfc, 0x0, 0x0, 0xf, 0xff, 0xc0, 0x7f, 0xfe,
    0x0, 0x0, 0x3, 0xff, 0xf8, 0x1f, 0xff, 0x80,
    0x0, 0x0, 0x7f, 0xfe, 0xf, 0xff, 0xc0, 0x0,
    0x0, 0xf, 0xff, 0xc3, 0xff, 0xf0, 0x0, 0x0,
    0x3, 0xff, 0xf0, 0xff, 0xfc, 0x0, 0x0, 0x0,
    0xff, 0xfc, 0x7f, 0xfe, 0x0, 0x0, 0x0, 0x1f,
    0xff, 0x9f, 0xff, 0x80, 0x0, 0x0, 0x7, 0xff,
    0xe7, 0xff, 0xe0, 0x0, 0x0, 0x1, 0xff, 0xf9,
    0xff, 0xf8, 0x0, 0x0, 0x0, 0x7f, 0xfe, 0x7f,
    0xfc, 0x0, 0x0, 0x0, 0x1f, 0xff, 0xbf, 0xff,
    0x0, 0x0, 0x0, 0x3, 0xff, 0xff, 0xff, 0xc0,
    0x0, 0x0, 0x0, 0xff, 0xff, 0xff, 0xf0, 0x0,
    0x0, 0x0, 0x3f, 0xff, 0xff, 0xfc, 0x0, 0x0,
    0x0, 0xf, 0xff, 0xff, 0xff, 0x0, 0x0, 0x0,
    0x3, 0xff, 0xff, 0xff, 0xc0, 0x0, 0x0, 0x0,
    0xff, 0xff, 0xff, 0xf0, 0x0, 0x0, 0x0, 0x3f,
    0xff, 0xff, 0xfc, 0x0, 0x0, 0x0, 0xf, 0xff,
    0xff, 0xff, 0x0, 0x0, 0x0, 0x3, 0xff, 0xff,
    0xff, 0xc0, 0x0, 0x0, 0x0, 0xff, 0xff, 0xff,
    0xf0, 0x0, 0x0, 0x0, 0x3f, 0xff, 0xff, 0xfc,
    0x0, 0x0, 0x0, 0xf, 0xff, 0xff, 0xff, 0x0,
    0x0, 0x0, 0x3, 0xff, 0xff, 0xff, 0xc0, 0x0,
    0x0, 0x0, 0xff, 0xff, 0xff, 0xf0, 0x0, 0x0,
    0x0, 0x3f, 0xff, 0xff, 0xfc, 0x0, 0x0, 0x0,
    0xf, 0xff, 0xff, 0xff, 0x0, 0x0, 0x0, 0x3,
    0xff, 0xf7, 0xff, 0xe0, 0x0, 0x0, 0x1, 0xff,
    0xf9, 0xff, 0xf8, 0x0, 0x0, 0x0, 0x7f, 0xfe,
    0x7f, 0xfe, 0x0, 0x0, 0x0, 0x1f, 0xff, 0x9f,
    0xff, 0x80, 0x0, 0x0, 0x7, 0xff, 0xe7, 0xff,
    0xe0, 0x0, 0x0, 0x1, 0xff, 0xf8, 0xff, 0xfc,
    0x0, 0x0, 0x0, 0xff, 0xfc, 0x3f, 0xff, 0x0,
    0x0, 0x0, 0x3f, 0xff, 0xf, 0xff, 0xc0, 0x0,
    0x0, 0xf, 0xff, 0xc1, 0xff, 0xf8, 0x0, 0x0,
    0x7, 0xff, 0xe0, 0x7f, 0xff, 0x0, 0x0, 0x3,
    0xff, 0xf8, 0xf, 0xff, 0xc0, 0x0, 0x0, 0xff,
    0xfc, 0x3, 0xff, 0xf8, 0x0, 0x0, 0x7f, 0xff,
    0x0, 0x7f, 0xff, 0x0, 0x0, 0x3f, 0xff, 0x80,
    0x1f, 0xff, 0xe0, 0x0, 0x1f, 0xff, 0xe0, 0x3,
    0xff, 0xfe, 0x0, 0x1f, 0xff, 0xf0, 0x0, 0x7f,
    0xff, 0xe0, 0x1f, 0xff, 0xf8, 0x0, 0x1f, 0xff,
    0xff, 0xff, 0xff, 0xfe, 0x0, 0x3, 0xff, 0xff,
    0xff, 0xff, 0xff, 0x0, 0x0, 0x7f, 0xff, 0xff,
    0xff, 0xff, 0x80, 0x0, 0xf, 0xff, 0xff, 0xff,
    0xff, 0xc0, 0x0, 0x0, 0xff, 0xff, 0xff, 0xff,
    0xc0, 0x0, 0x0, 0x1f, 0xff, 0xff, 0xff, 0xe0,
    0x0, 0x0, 0x1, 0xff, 0xff, 0xff, 0xe0, 0x0,
    0x0, 0x0, 0x1f, 0xff, 0xff, 0xe0, 0x0, 0x0,
    0x0, 0x1, 0xff, 0xff, 0xe0, 0x0, 0x0, 0x0,
    0x0, 0x7, 0xff, 0x80, 0x0, 0x0,

    /* U+00D5 "Õ" */
    0x0, 0x0, 0x1f, 0x80, 0x1, 0xfe, 0x0, 0x0,
    0x0, 0x1f, 0xf8, 0x0, 0x7f, 0x80, 0x0, 0x0,
    0x1f, 0xff, 0x80, 0x3f, 0xe0, 0x0, 0x0, 0xf,
    0xff, 0xfc, 0x1f, 0xf8, 0x0, 0x0, 0x7, 0xff,
    0xff, 0xff, 0xfc, 0x0, 0x0, 0x1, 0xff, 0xff,
    0xff, 0xff, 0x0, 0x0, 0x0, 0xff, 0xff, 0xff,
    0xff, 0x80, 0x0, 0x0, 0x3f, 0xff, 0xff, 0xff,
    0xe0, 0x0, 0x0, 0x1f, 0xf8, 0x3f, 0xff, 0xf0,
    0x0, 0x0, 0x7, 0xfc, 0x3, 0xff, 0xf8, 0x0,
    0x0, 0x1, 0xfe, 0x0, 0x3f, 0xfc, 0x0, 0x0,
    0x0, 0x7f, 0x80, 0x1, 0xfc, 0x0, 0x0, 0x0,
    0x0, 0x0, 0x0, 0x0, 0x0, 0x0, 0x0, 0x0,
    0x0, 0x0, 0x0, 0x0, 0x0, 0x0, 0x0, 0x0,
    0x0, 0x0, 0x0, 0x0, 0x0, 0x0, 0x0, 0x0,
    0x0, 0x0, 0x0, 0x0, 0x0, 0x0, 0x0, 0x0,
    0x0, 0x0, 0x0, 0x0, 0x0, 0x0, 0x0, 0x0,
    0x0, 0x0, 0x0, 0x0, 0x0, 0x1f, 0xfe, 0x0,
    0x0, 0x0, 0x0, 0x0, 0x7f, 0xff, 0xf8, 0x0,
    0x0, 0x0, 0x0, 0x7f, 0xff, 0xff, 0x80, 0x0,
    0x0, 0x0, 0x7f, 0xff, 0xff, 0xf8, 0x0, 0x0,
    0x0, 0x7f, 0xff, 0xff, 0xff, 0x80, 0x0, 0x0,
    0x3f, 0xff, 0xff, 0xff, 0xf0, 0x0, 0x0, 0x3f,
    0xff, 0xff, 0xff, 0xff, 0x0, 0x0, 0x1f, 0xff,
    0xff, 0xff, 0xff, 0xe0, 0x0, 0xf, 0xff, 0xff,
    0xff, 0xff, 0xfc, 0x0, 0x7, 0xff, 0xff, 0xff,
    0xff, 0xff, 0x0, 0x1, 0xff, 0xff, 0x80, 0x7f,
    0xff, 0xe0, 0x0, 0xff, 0xff, 0x80, 0x7, 0xff,
    0xfc, 0x0, 0x7f, 0xff, 0x80, 0x0, 0x7f, 0xff,
    0x80, 0x1f, 0xff, 0xc0, 0x0, 0xf, 0xff, 0xe0,
    0xf, 0xff, 0xe0, 0x0, 0x1, 0xff, 0xfc, 0x3,
    0xff, 0xf0, 0x0, 0x0, 0x3f, 0xff, 0x1, 0xff,
    0xf8, 0x0, 0x0, 0xf, 0xff, 0xe0, 0x7f, 0xfe,
    0x0, 0x0, 0x1, 0xff, 0xf8, 0x3f, 0xff, 0x0,
    0x0, 0x0, 0x3f, 0xff, 0xf, 0xff, 0xc0, 0x0,
    0x0, 0xf, 0xff, 0xc3, 0xff, 0xf0, 0x0, 0x0,
    0x3, 0xff, 0xf1, 0xff, 0xf8, 0x0, 0x0, 0x0,
    0x7f, 0xfe, 0x7f, 0xfe, 0x0, 0x0, 0x0, 0x1f,
    0xff, 0x9f, 0xff, 0x80, 0x0, 0x0, 0x7, 0xff,
    0xe7, 0xff, 0xe0, 0x0, 0x0, 0x1, 0xff, 0xf9,
    0xff, 0xf0, 0x0, 0x0, 0x0, 0x7f, 0xfe, 0xff,
    0xfc, 0x0, 0x0, 0x0, 0xf, 0xff, 0xff, 0xff,
    0x0, 0x0, 0x0, 0x3, 0xff, 0xff, 0xff, 0xc0,
    0x0, 0x0, 0x0, 0xff, 0xff, 0xff, 0xf0, 0x0,
    0x0, 0x0, 0x3f, 0xff, 0xff, 0xfc, 0x0, 0x0,
    0x0, 0xf, 0xff, 0xff, 0xff, 0x0, 0x0, 0x0,
    0x3, 0xff, 0xff, 0xff, 0xc0, 0x0, 0x0, 0x0,
    0xff, 0xff, 0xff, 0xf0, 0x0, 0x0, 0x0, 0x3f,
    0xff, 0xff, 0xfc, 0x0, 0x0, 0x0, 0xf, 0xff,
    0xff, 0xff, 0x0, 0x0, 0x0, 0x3, 0xff, 0xff,
    0xff, 0xc0, 0x0, 0x0, 0x0, 0xff, 0xff, 0xff,
    0xf0, 0x0, 0x0, 0x0, 0x3f, 0xff, 0xff, 0xfc,
    0x0, 0x0, 0x0, 0xf, 0xff, 0xff, 0xff, 0x0,
    0x0, 0x0, 0x3, 0xff, 0xff, 0xff, 0xc0, 0x0,
    0x0, 0x0, 0xff, 0xff, 0xff, 0xf0, 0x0, 0x0,
    0x0, 0x3f, 0xff, 0xff, 0xfc, 0x0, 0x0, 0x0,
    0xf, 0xff, 0xdf, 0xff, 0x80, 0x0, 0x0, 0x7,
    0xff, 0xe7, 0xff, 0xe0, 0x0, 0x0, 0x1, 0xff,
    0xf9, 0xff, 0xf8, 0x0, 0x0, 0x0, 0x7f, 0xfe,
    0x7f, 0xfe, 0x0, 0x0, 0x0, 0x1f, 0xff, 0x9f,
    0xff, 0x80, 0x0, 0x0, 0x7, 0xff, 0xe3, 0xff,
    0xf0, 0x0, 0x0, 0x3, 0xff, 0xf0, 0xff, 0xfc,
    0x0, 0x0, 0x0, 0xff, 0xfc, 0x3f, 0xff, 0x0,
    0x0, 0x0, 0x3f, 0xff, 0x7, 0xff, 0xe0, 0x0,
    0x0, 0x1f, 0xff, 0x81, 0xff, 0xfc, 0x0, 0x0,
    0xf, 0xff, 0xe0, 0x3f, 0xff, 0x0, 0x0, 0x3,
    0xff, 0xf0, 0xf, 0xff, 0xe0, 0x0, 0x1, 0xff,
    0xfc, 0x1, 0xff, 0xfc, 0x0, 0x0, 0xff, 0xfe,
    0x0, 0x7f, 0xff, 0x80, 0x0, 0x7f, 0xff, 0x80,
    0xf, 0xff, 0xf8, 0x0, 0x7f, 0xff, 0xc0, 0x1,
    0xff, 0xff, 0x80, 0x7f, 0xff, 0xe0, 0x0, 0x7f,
    0xff, 0xff, 0xff, 0xff, 0xf8, 0x0, 0xf, 0xff,
    0xff, 0xff, 0xff, 0xfc, 0x0, 0x1, 0xff, 0xff,
    0xff, 0xff, 0xfe, 0x0, 0x0, 0x3f, 0xff, 0xff,
    0xff, 0xff, 0x0, 0x0, 0x3, 0xff, 0xff, 0xff,
    0xff, 0x0, 0x0, 0x0, 0x7f, 0xff, 0xff, 0xff,
    0x80, 0x0, 0x0, 0x7, 0xff, 0xff, 0xff, 0x80,
    0x0, 0x0, 0x0, 0x7f, 0xff, 0xff, 0x80, 0x0,
    0x0, 0x0, 0x7, 0xff, 0xff, 0x80, 0x0, 0x0,
    0x0, 0x0, 0x1f, 0xfe, 0x0, 0x0, 0x0,

    /* U+00D6 "Ö" */
    0x0, 0x1, 0xf0, 0x0, 0x3, 0xe0, 0x0, 0x0,
    0x1, 0xff, 0x0, 0x3, 0xfe, 0x0, 0x0, 0x0,
    0xff, 0xe0, 0x1, 0xff, 0xc0, 0x0, 0x0, 0x3f,
    0xf8, 0x0, 0x7f, 0xf0, 0x0, 0x0, 0x1f, 0xff,
    0x0, 0x3f, 0xfe, 0x0, 0x0, 0x7, 0xff, 0xc0,
    0xf, 0xff, 0x80, 0x0, 0x1, 0xff, 0xf0, 0x3,
    0xff, 0xe0, 0x0, 0x0, 0x7f, 0xfc, 0x0, 0xff,
    0xf8, 0x0, 0x0, 0xf, 0xfe, 0x0, 0x3f, 0xfc,
    0x0, 0x0, 0x3, 0xff, 0x80, 0x7, 0xff, 0x0,
    0x0, 0x0, 0x7f, 0xc0, 0x0, 0xff, 0x80, 0x0,
    0x0, 0x7, 0xc0, 0x0, 0xf, 0x80, 0x0, 0x0,
    0x0, 0x0, 0x0, 0x0, 0x0, 0x0, 0x0, 0x0,
    0x0, 0x0, 0x0, 0x0, 0x0, 0x0, 0x0, 0x0,
    0x0, 0x0, 0x0, 0x0, 0x0, 0x0, 0x0, 0x0,
    0x0, 0x0, 0x0, 0x0, 0x0, 0x0, 0x0, 0x0,
    0x0, 0x0, 0x0, 0x0, 0x0, 0x0, 0x7f, 0xf8,
    0x0, 0x0, 0x0, 0x0, 0x1, 0xff, 0xff, 0xe0,
    0x0, 0x0, 0x0, 0x1, 0xff, 0xff, 0xfe, 0x0,
    0x0, 0x0, 0x1, 0xff, 0xff, 0xff, 0xe0, 0x0,
    0x0, 0x1, 0xff, 0xff, 0xff, 0xfe, 0x0, 0x0,
    0x0, 0xff, 0xff, 0xff, 0xff, 0xc0, 0x0, 0x0,
    0xff, 0xff, 0xff, 0xff, 0xfc, 0x0, 0x0, 0x7f,
    0xff, 0xff, 0xff, 0xff, 0x80, 0x0, 0x3f, 0xff,
    0xff, 0xff, 0xff, 0xf0, 0x0, 0x1f, 0xff, 0xff,
    0xff, 0xff, 0xfc, 0x0, 0x7, 0xff, 0xfe, 0x1,
    0xff, 0xff, 0x80, 0x3, 0xff, 0xfe, 0x0, 0x1f,
    0xff, 0xf0, 0x1, 0xff, 0xfe, 0x0, 0x1, 0xff,
    0xfe, 0x0, 0x7f, 0xff, 0x0, 0x0, 0x3f, 0xff,
    0x80, 0x3f, 0xff, 0x80, 0x0, 0x7, 0xff, 0xf0,
    0xf, 0xff, 0xc0, 0x0, 0x0, 0xff, 0xfc, 0x7,
    0xff, 0xe0, 0x0, 0x0, 0x3f, 0xff, 0x81, 0xff,
    0xf8, 0x0, 0x0, 0x7, 0xff, 0xe0, 0xff, 0xfc,
    0x0, 0x0, 0x0, 0xff, 0xfc, 0x3f, 0xff, 0x0,
    0x0, 0x0, 0x3f, 0xff, 0xf, 0xff, 0xc0, 0x0,
    0x0, 0xf, 0xff, 0xc7, 0xff, 0xe0, 0x0, 0x0,
    0x1, 0xff, 0xf9, 0xff, 0xf8, 0x0, 0x0, 0x0,
    0x7f, 0xfe, 0x7f, 0xfe, 0x0, 0x0, 0x0, 0x1f,
    0xff, 0x9f, 0xff, 0x80, 0x0, 0x0, 0x7, 0xff,
    0xe7, 0xff, 0xc0, 0x0, 0x0, 0x1, 0xff, 0xfb,
    0xff, 0xf0, 0x0, 0x0, 0x0, 0x3f, 0xff, 0xff,
    0xfc, 0x0, 0x0, 0x0, 0xf, 0xff, 0xff, 0xff,
    0x0, 0x0, 0x0, 0x3, 0xff, 0xff, 0xff, 0xc0,
    0x0, 0x0, 0x0, 0xff, 0xff, 0xff, 0xf0, 0x0,
    0x0, 0x0, 0x3f, 0xff, 0xff, 0xfc, 0x0, 0x0,
    0x0, 0xf, 0xff, 0xff, 0xff, 0x0, 0x0, 0x0,
    0x3, 0xff, 0xff, 0xff, 0xc0, 0x0, 0x0, 0x0,
    0xff, 0xff, 0xff, 0xf0, 0x0, 0x0, 0x0, 0x3f,
    0xff, 0xff, 0xfc, 0x0, 0x0, 0x0, 0xf, 0xff,
    0xff, 0xff, 0x0, 0x0, 0x0, 0x3, 0xff, 0xff,
    0xff, 0xc0, 0x0, 0x0, 0x0, 0xff, 0xff, 0xff,
    0xf0, 0x0, 0x0, 0x0, 0x3f, 0xff, 0xff, 0xfc,
    0x0, 0x0, 0x0, 0xf, 0xff, 0xff, 0xff, 0x0,
    0x0, 0x0, 0x3, 0xff, 0xff, 0xff, 0xc0, 0x0,
    0x0, 0x0, 0xff, 0xff, 0xff, 0xf0, 0x0, 0x0,
    0x0, 0x3f, 0xff, 0x7f, 0xfe, 0x0, 0x0, 0x0,
    0x1f, 0xff, 0x9f, 0xff, 0x80, 0x0, 0x0, 0x7,
    0xff, 0xe7, 0xff, 0xe0, 0x0, 0x0, 0x1, 0xff,
    0xf9, 0xff, 0xf8, 0x0, 0x0, 0x0, 0x7f, 0xfe,
    0x7f, 0xfe, 0x0, 0x0, 0x0, 0x1f, 0xff, 0x8f,
    0xff, 0xc0, 0x0, 0x0, 0xf, 0xff, 0xc3, 0xff,
    0xf0, 0x0, 0x0, 0x3, 0xff, 0xf0, 0xff, 0xfc,
    0x0, 0x0, 0x0, 0xff, 0xfc, 0x1f, 0xff, 0x80,
    0x0, 0x0, 0x7f, 0xfe, 0x7, 0xff, 0xf0, 0x0,
    0x0, 0x3f, 0xff, 0x80, 0xff, 0xfc, 0x0, 0x0,
    0xf, 0xff, 0xc0, 0x3f, 0xff, 0x80, 0x0, 0x7,
    0xff, 0xf0, 0x7, 0xff, 0xf0, 0x0, 0x3, 0xff,
    0xf8, 0x1, 0xff, 0xfe, 0x0, 0x1, 0xff, 0xfe,
    0x0, 0x3f, 0xff, 0xe0, 0x1, 0xff, 0xff, 0x0,
    0x7, 0xff, 0xfe, 0x1, 0xff, 0xff, 0x80, 0x1,
    0xff, 0xff, 0xff, 0xff, 0xff, 0xe0, 0x0, 0x3f,
    0xff, 0xff, 0xff, 0xff, 0xf0, 0x0, 0x7, 0xff,
    0xff, 0xff, 0xff, 0xf8, 0x0, 0x0, 0xff, 0xff,
    0xff, 0xff, 0xfc, 0x0, 0x0, 0xf, 0xff, 0xff,
    0xff, 0xfc, 0x0, 0x0, 0x1, 0xff, 0xff, 0xff,
    0xfe, 0x0, 0x0, 0x0, 0x1f, 0xff, 0xff, 0xfe,
    0x0, 0x0, 0x0, 0x1, 0xff, 0xff, 0xfe, 0x0,
    0x0, 0x0, 0x0, 0x1f, 0xff, 0xfe, 0x0, 0x0,
    0x0, 0x0, 0x0, 0x7f, 0xf8, 0x0, 0x0, 0x0,

    /* U+00D7 "×" */
    0x0, 0x0, 0x0, 0x0, 0x8, 0x0, 0xc, 0x0,
    0x0, 0x0, 0xe0, 0x0, 0xf0, 0x0, 0x0, 0xf,
    0x80, 0xf, 0xc0, 0x0, 0x0, 0xfe, 0x0, 0xff,
    0x0, 0x0, 0xf, 0xf8, 0xf, 0xfc, 0x0, 0x0,
    0xff, 0xe0, 0xff, 0xf0, 0x0, 0x7, 0xff, 0x8f,
    0xff, 0xc0, 0x0, 0x7f, 0xfe, 0x7f, 0xff, 0x0,
    0x7, 0xff, 0xf3, 0xff, 0xfc, 0x0, 0x7f, 0xff,
    0xf, 0xff, 0xf0, 0x7, 0xff, 0xf0, 0x3f, 0xff,
    0xc0, 0x7f, 0xff, 0x0, 0xff, 0xff, 0x7, 0xff,
    0xf0, 0x3, 0xff, 0xfc, 0x7f, 0xff, 0x0, 0xf,
    0xff, 0xf7, 0xff, 0xf0, 0x0, 0x3f, 0xff, 0xff,
    0xff, 0x0, 0x0, 0xff, 0xff, 0xff, 0xf0, 0x0,
    0x3, 0xff, 0xff, 0xff, 0x0, 0x0, 0xf, 0xff,
    0xff, 0xf0, 0x0, 0x0, 0x3f, 0xff, 0xff, 0x0,
    0x0, 0x0, 0xff, 0xff, 0xf0, 0x0, 0x0, 0x3,
    0xff, 0xff, 0x0, 0x0, 0x0, 0xf, 0xff, 0xf0,
    0x0, 0x0, 0x0, 0x7f, 0xff, 0xc0, 0x0, 0x0,
    0x7, 0xff, 0xff, 0x0, 0x0, 0x0, 0x7f, 0xff,
    0xfc, 0x0, 0x0, 0x7, 0xff, 0xff, 0xf0, 0x0,
    0x0, 0x7f, 0xff, 0xff, 0x80, 0x0, 0x7, 0xff,
    0xff, 0xfe, 0x0, 0x0, 0x7f, 0xff, 0xff, 0xf8,
    0x0, 0x7, 0xff, 0xff, 0xff, 0xe0, 0x0, 0x7f,
    0xff, 0xbf, 0xff, 0x80, 0x7, 0xff, 0xf8, 0xff,
    0xfe, 0x0, 0x7f, 0xff, 0x83, 0xff, 0xf8, 0x7,
    0xff, 0xf8, 0xf, 0xff, 0xe0, 0x7f, 0xff, 0x80,
    0x3f, 0xff, 0x87, 0xff, 0xf8, 0x0, 0xff, 0xfe,
    0x7f, 0xff, 0x80, 0x3, 0xff, 0xf9, 0xff, 0xf8,
    0x0, 0xf, 0xff, 0xc7, 0xff, 0x80, 0x0, 0x3f,
    0xfc, 0x1f, 0xf8, 0x0, 0x0, 0xff, 0xc0, 0x7f,
    0x80, 0x0, 0x3, 0xfc, 0x1, 0xf8, 0x0, 0x0,
    0xf, 0xc0, 0x7, 0x80, 0x0, 0x0, 0x3c, 0x0,
    0x18, 0x0, 0x0, 0x0, 0xc0, 0x0, 0x0, 0x0,
    0x0, 0x0, 0x0,

    /* U+00D8 "Ø" */
    0x0, 0x0, 0x0, 0x0, 0x0, 0x1, 0xfe, 0x0,
    0x0, 0x0, 0x0, 0x0, 0x0, 0xff, 0x80, 0x0,
    0x0, 0x0, 0x0, 0x0, 0x3f, 0xc0, 0x0, 0x0,
    0x7, 0xff, 0x80, 0x1f, 0xf0, 0x0, 0x0, 0x1f,
    0xff, 0xfe, 0xf, 0xf8, 0x0, 0x0, 0x1f, 0xff,
    0xff, 0xe3, 0xfe, 0x0, 0x0, 0x1f, 0xff, 0xff,
    0xff, 0xff, 0x0, 0x0, 0x1f, 0xff, 0xff, 0xff,
    0xff, 0x80, 0x0, 0xf, 0xff, 0xff, 0xff, 0xff,
    0xe0, 0x0, 0xf, 0xff, 0xff, 0xff, 0xff, 0xf0,
    0x0, 0x7, 0xff, 0xff, 0xff, 0xff, 0xfc, 0x0,
    0x3, 0xff, 0xff, 0xff, 0xff, 0xff, 0x0, 0x1,
    0xff, 0xff, 0xff, 0xff, 0xff, 0xe0, 0x0, 0x7f,
    0xff, 0xe0, 0x1f, 0xff, 0xf8, 0x0, 0x3f, 0xff,
    0xc0, 0x1, 0xff, 0xff, 0x0, 0x1f, 0xff, 0xe0,
    0x0, 0x1f, 0xff, 0xe0, 0x7, 0xff, 0xf0, 0x0,
    0x7, 0xff, 0xf8, 0x3, 0xff, 0xf8, 0x0, 0x1,
    0xff, 0xff, 0x0, 0xff, 0xfc, 0x0, 0x0, 0xff,
    0xff, 0xc0, 0x7f, 0xfe, 0x0, 0x0, 0x3f, 0xff,
    0xf8, 0x1f, 0xff, 0x80, 0x0, 0x1f, 0xff, 0xfe,
    0xf, 0xff, 0xc0, 0x0, 0xf, 0xff, 0xff, 0xc3,
    0xff, 0xf0, 0x0, 0x3, 0xff, 0xff, 0xf0, 0xff,
    0xfc, 0x0, 0x1, 0xff, 0xff, 0xfc, 0x7f, 0xfe,
    0x0, 0x0, 0x7f, 0x9f, 0xff, 0x9f, 0xff, 0x80,
    0x0, 0x3f, 0xe7, 0xff, 0xe7, 0xff, 0xe0, 0x0,
    0xf, 0xf1, 0xff, 0xf9, 0xff, 0xf8, 0x0, 0x7,
    0xfc, 0x7f, 0xfe, 0xff, 0xfc, 0x0, 0x3, 0xfe,
    0x1f, 0xff, 0xbf, 0xff, 0x0, 0x0, 0xff, 0x3,
    0xff, 0xff, 0xff, 0xc0, 0x0, 0x7f, 0xc0, 0xff,
    0xff, 0xff, 0xf0, 0x0, 0x1f, 0xe0, 0x3f, 0xff,
    0xff, 0xfc, 0x0, 0xf, 0xf8, 0xf, 0xff, 0xff,
    0xff, 0x0, 0x7, 0xfc, 0x3, 0xff, 0xff, 0xff,
    0xc0, 0x1, 0xfe, 0x0, 0xff, 0xff, 0xff, 0xf0,
    0x0, 0xff, 0x80, 0x3f, 0xff, 0xff, 0xfc, 0x0,
    0x3f, 0xc0, 0xf, 0xff, 0xff, 0xff, 0x0, 0x1f,
    0xf0, 0x3, 0xff, 0xff, 0xff, 0xc0, 0x7, 0xf8,
    0x0, 0xff, 0xff, 0xff, 0xf0, 0x3, 0xfe, 0x0,
    0x3f, 0xff, 0xff, 0xfc, 0x1, 0xff, 0x0, 0xf,
    0xff, 0xff, 0xff, 0x0, 0x7f, 0x80, 0x3, 0xff,
    0xff, 0xff, 0xc0, 0x3f, 0xe0, 0x0, 0xff, 0xff,
    0xff, 0xf0, 0xf, 0xf0, 0x0, 0x3f, 0xff, 0xff,
    0xfc, 0x7, 0xfc, 0x0, 0xf, 0xff, 0xff, 0xff,
    0x3, 0xfe, 0x0, 0x3, 0xff, 0xf7, 0xff, 0xe0,
    0xff, 0x0, 0x1, 0xff, 0xf9, 0xff, 0xf8, 0x7f,
    0xc0, 0x0, 0x7f, 0xfe, 0x7f, 0xfe, 0x1f, 0xe0,
    0x0, 0x1f, 0xff, 0x9f, 0xff, 0x8f, 0xf8, 0x0,
    0x7, 0xff, 0xe3, 0xff, 0xf7, 0xfc, 0x0, 0x3,
    0xff, 0xf0, 0xff, 0xfd, 0xfe, 0x0, 0x0, 0xff,
    0xfc, 0x3f, 0xff, 0xff, 0x80, 0x0, 0x3f, 0xff,
    0x7, 0xff, 0xff, 0xc0, 0x0, 0x1f, 0xff, 0x81,
    0xff, 0xff, 0xf0, 0x0, 0x7, 0xff, 0xe0, 0x3f,
    0xff, 0xf8, 0x0, 0x3, 0xff, 0xf8, 0xf, 0xff,
    0xfe, 0x0, 0x1, 0xff, 0xfc, 0x1, 0xff, 0xff,
    0x0, 0x0, 0xff, 0xff, 0x0, 0x7f, 0xff, 0x80,
    0x0, 0x7f, 0xff, 0x80, 0xf, 0xff, 0xf8, 0x0,
    0x7f, 0xff, 0xc0, 0x1, 0xff, 0xff, 0x80, 0x7f,
    0xff, 0xe0, 0x0, 0x7f, 0xff, 0xff, 0xff, 0xff,
    0xf8, 0x0, 0xf, 0xff, 0xff, 0xff, 0xff, 0xfc,
    0x0, 0x1, 0xff, 0xff, 0xff, 0xff, 0xfe, 0x0,
    0x0, 0x7f, 0xff, 0xff, 0xff, 0xff, 0x0, 0x0,
    0x1f, 0xff, 0xff, 0xff, 0xff, 0x0, 0x0, 0xf,
    0xff, 0xff, 0xff, 0xff, 0x80, 0x0, 0x7, 0xff,
    0xff, 0xff, 0xff, 0x80, 0x0, 0x1, 0xff, 0x7f,
    0xff, 0xff, 0xc0, 0x0, 0x0, 0xff, 0x87, 0xff,
    0xff, 0x80, 0x0, 0x0, 0x3f, 0xc0, 0x1f, 0xfe,
    0x0, 0x0, 0x0, 0x1f, 0xf0, 0x0, 0x0, 0x0,
    0x0, 0x0, 0x7, 0xf8, 0x0, 0x0, 0x0, 0x0,
    0x0, 0x3, 0xfe, 0x0, 0x0, 0x0, 0x0, 0x0,
    0x1, 0xff, 0x0, 0x0, 0x0, 0x0, 0x0, 0x0,
    0x7f, 0x80, 0x0, 0x0, 0x0, 0x0, 0x0,

    /* U+00D9 "Ù" */
    0x0, 0x7f, 0xff, 0x0, 0x0, 0x0, 0x0, 0x3,
    0xff, 0xf0, 0x0, 0x0, 0x0, 0x0, 0x1f, 0xff,
    0x80, 0x0, 0x0, 0x0, 0x0, 0xff, 0xfc, 0x0,
    0x0, 0x0, 0x0, 0x7, 0xff, 0xc0, 0x0, 0x0,
    0x0, 0x0, 0x3f, 0xfe, 0x0, 0x0, 0x0, 0x0,
    0x1, 0xff, 0xf0, 0x0, 0x0, 0x0, 0x0, 0xf,
    0xff, 0x0, 0x0, 0x0, 0x0, 0x0, 0xff, 0xf8,
    0x0, 0x0, 0x0, 0x0, 0x7, 0xff, 0x80, 0x0,
    0x0, 0x0, 0x0, 0x3f, 0xfc, 0x0, 0x0, 0x0,
    0x0, 0x1, 0xff, 0xe0, 0x0, 0x0, 0x0, 0x0,
    0xf, 0xfe, 0x0, 0x0, 0x0, 0x0, 0x0, 0x7f,
    0xf0, 0x0, 0x0, 0x0, 0x0, 0x0, 0x0, 0x0,
    0x0, 0x0, 0x0, 0x0, 0x0, 0x0, 0x0, 0x0,
    0x0, 0x0, 0x0, 0x0, 0x0, 0x0, 0x0, 0x0,
    0x0, 0x0, 0x0, 0x0, 0x0, 0xff, 0xfc, 0x0,
    0x0, 0x3, 0xff, 0xff, 0xff, 0xc0, 0x0, 0x0,
    0x3f, 0xff, 0xff, 0xfc, 0x0, 0x0, 0x3, 0xff,
    0xff, 0xff, 0xc0, 0x0, 0x0, 0x3f, 0xff, 0xff,
    0xfc, 0x0, 0x0, 0x3, 0xff, 0xff, 0xff, 0xc0,
    0x0, 0x0, 0x3f, 0xff, 0xff, 0xfc, 0x0, 0x0,
    0x3, 0xff, 0xff, 0xff, 0xc0, 0x0, 0x0, 0x3f,
    0xff, 0xff, 0xfc, 0x0, 0x0, 0x3, 0xff, 0xff,
    0xff, 0xc0, 0x0, 0x0, 0x3f, 0xff, 0xff, 0xfc,
    0x0, 0x0, 0x3, 0xff, 0xff, 0xff, 0xc0, 0x0,
    0x0, 0x3f, 0xff, 0xff, 0xfc, 0x0, 0x0, 0x3,
    0xff, 0xff, 0xff, 0xc0, 0x0, 0x0, 0x3f, 0xff,
    0xff, 0xfc, 0x0, 0x0, 0x3, 0xff, 0xff, 0xff,
    0xc0, 0x0, 0x0, 0x3f, 0xff, 0xff, 0xfc, 0x0,
    0x0, 0x3, 0xff, 0xff, 0xff, 0xc0, 0x0, 0x0,
    0x3f, 0xff, 0xff, 0xfc, 0x0, 0x0, 0x3, 0xff,
    0xff, 0xff, 0xc0, 0x0, 0x0, 0x3f, 0xff, 0xff,
    0xfc, 0x0, 0x0, 0x3, 0xff, 0xff, 0xff, 0xc0,
    0x0, 0x0, 0x3f, 0xff, 0xff, 0xfc, 0x0, 0x0,
    0x3, 0xff, 0xff, 0xff, 0xc0, 0x0, 0x0, 0x3f,
    0xff, 0xff, 0xfc, 0x0, 0x0, 0x3, 0xff, 0xff,
    0xff, 0xc0, 0x0, 0x0, 0x3f, 0xff, 0xff, 0xfc,
    0x0, 0x0, 0x3, 0xff, 0xff, 0xff, 0xc0, 0x0,
    0x0, 0x3f, 0xff, 0xff, 0xfc, 0x0, 0x0, 0x3,
    0xff, 0xff, 0xff, 0xc0, 0x0, 0x0, 0x3f, 0xff,
    0xff, 0xfc, 0x0, 0x0, 0x3, 0xff, 0xff, 0xff,
    0xc0, 0x0, 0x0, 0x3f, 0xff, 0xff, 0xfc, 0x0,
    0x0, 0x3, 0xff, 0xff, 0xff, 0xc0, 0x0, 0x0,
    0x3f, 0xff, 0xff, 0xfc, 0x0, 0x0, 0x3, 0xff,
    0xff, 0xff, 0xc0, 0x0, 0x0, 0x3f, 0xff, 0xff,
    0xfc, 0x0, 0x0, 0x3, 0xff, 0xff, 0xff, 0xc0,
    0x0, 0x0, 0x3f, 0xff, 0xff, 0xfc, 0x0, 0x0,
    0x3, 0xff, 0xff, 0xff, 0xc0, 0x0, 0x0, 0x3f,
    0xff, 0xff, 0xfc, 0x0, 0x0, 0x3, 0xff, 0xff,
    0xff, 0xc0, 0x0, 0x0, 0x3f, 0xff, 0xff, 0xfc,
    0x0, 0x0, 0x3, 0xff, 0xff, 0xff, 0xc0, 0x0,
    0x0, 0x3f, 0xff, 0xff, 0xfc, 0x0, 0x0, 0x3,
    0xff, 0xff, 0xff, 0xc0, 0x0, 0x0, 0x3f, 0xff,
    0xff, 0xfc, 0x0, 0x0, 0x3, 0xff, 0xff, 0xff,
    0xc0, 0x0, 0x0, 0x3f, 0xff, 0xff, 0xfc, 0x0,
    0x0, 0x3, 0xff, 0xff, 0xff, 0xc0, 0x0, 0x0,
    0x3f, 0xff, 0xff, 0xfc, 0x0, 0x0, 0x3, 0xff,
    0xff, 0xff, 0xc0, 0x0, 0x0, 0x7f, 0xfe, 0x7f,
    0xfe, 0x0, 0x0, 0x7, 0xff, 0xe7, 0xff, 0xe0,
    0x0, 0x0, 0x7f, 0xfe, 0x7f, 0xff, 0x0, 0x0,
    0xf, 0xff, 0xe3, 0xff, 0xf0, 0x0, 0x0, 0xff,
    0xfc, 0x3f, 0xff, 0x80, 0x0, 0x1f, 0xff, 0xc3,
    0xff, 0xfc, 0x0, 0x3, 0xff, 0xfc, 0x1f, 0xff,
    0xe0, 0x0, 0x7f, 0xff, 0x80, 0xff, 0xff, 0xc0,
    0x3f, 0xff, 0xf0, 0xf, 0xff, 0xff, 0xff, 0xff,
    0xff, 0x0, 0x7f, 0xff, 0xff, 0xff, 0xff, 0xe0,
    0x3, 0xff, 0xff, 0xff, 0xff, 0xfc, 0x0, 0x1f,
    0xff, 0xff, 0xff, 0xff, 0x80, 0x0, 0xff, 0xff,
    0xff, 0xff, 0xf0, 0x0, 0x7, 0xff, 0xff, 0xff,
    0xfe, 0x0, 0x0, 0x1f, 0xff, 0xff, 0xff, 0x80,
    0x0, 0x0, 0x7f, 0xff, 0xff, 0xe0, 0x0, 0x0,
    0x0, 0xff, 0xff, 0xf0, 0x0, 0x0, 0x0, 0x0,
    0xff, 0xf0, 0x0, 0x0,

    /* U+00DA "Ú" */
    0x0, 0x0, 0x0, 0xf, 0xff, 0xe0, 0x0, 0x0,
    0x0, 0x0, 0xff, 0xfc, 0x0, 0x0, 0x0, 0x0,
    0x1f, 0xff, 0x80, 0x0, 0x0, 0x0, 0x3, 0xff,
    0xf0, 0x0, 0x0, 0x0, 0x0, 0x3f, 0xfe, 0x0,
    0x0, 0x0, 0x0, 0x7, 0xff, 0xc0, 0x0, 0x0,
    0x0, 0x0, 0xff, 0xf8, 0x0, 0x0, 0x0, 0x0,
    0xf, 0xff, 0x0, 0x0, 0x0, 0x0, 0x1, 0xff,
    0xe0, 0x0, 0x0, 0x0, 0x0, 0x3f, 0xfc, 0x0,
    0x0, 0x0, 0x0, 0x3, 0xff, 0xc0, 0x0, 0x0,
    0x0, 0x0, 0x7f, 0xf8, 0x0, 0x0, 0x0, 0x0,
    0xf, 0xff, 0x0, 0x0, 0x0, 0x0, 0x0, 0xff,
    0xe0, 0x0, 0x0, 0x0, 0x0, 0x0, 0x0, 0x0,
    0x0, 0x0, 0x0, 0x0, 0x0, 0x0, 0x0, 0x0,
    0x0, 0x0, 0x0, 0x0, 0x0, 0x0, 0x0, 0x0,
    0x0, 0x0, 0x0, 0x0, 0x0, 0xff, 0xfc, 0x0,
    0x0, 0x3, 0xff, 0xff, 0xff, 0xc0, 0x0, 0x0,
    0x3f, 0xff, 0xff, 0xfc, 0x0, 0x0, 0x3, 0xff,
    0xff, 0xff, 0xc0, 0x0, 0x0, 0x3f, 0xff, 0xff,
    0xfc, 0x0, 0x0, 0x3, 0xff, 0xff, 0xff, 0xc0,
    0x0, 0x0, 0x3f, 0xff, 0xff, 0xfc, 0x0, 0x0,
    0x3, 0xff, 0xff, 0xff, 0xc0, 0x0, 0x0, 0x3f,
    0xff, 0xff, 0xfc, 0x0, 0x0, 0x3, 0xff, 0xff,
    0xff, 0xc0, 0x0, 0x0, 0x3f, 0xff, 0xff, 0xfc,
    0x0, 0x0, 0x3, 0xff, 0xff, 0xff, 0xc0, 0x0,
    0x0, 0x3f, 0xff, 0xff, 0xfc, 0x0, 0x0, 0x3,
    0xff, 0xff, 0xff, 0xc0, 0x0, 0x0, 0x3f, 0xff,
    0xff, 0xfc, 0x0, 0x0, 0x3, 0xff, 0xff, 0xff,
    0xc0, 0x0, 0x0, 0x3f, 0xff, 0xff, 0xfc, 0x0,
    0x0, 0x3, 0xff, 0xff, 0xff, 0xc0, 0x0, 0x0,
    0x3f, 0xff, 0xff, 0xfc, 0x0, 0x0, 0x3, 0xff,
    0xff, 0xff, 0xc0, 0x0, 0x0, 0x3f, 0xff, 0xff,
    0xfc, 0x0, 0x0, 0x3, 0xff, 0xff, 0xff, 0xc0,
    0x0, 0x0, 0x3f, 0xff, 0xff, 0xfc, 0x0, 0x0,
    0x3, 0xff, 0xff, 0xff, 0xc0, 0x0, 0x0, 0x3f,
    0xff, 0xff, 0xfc, 0x0, 0x0, 0x3, 0xff, 0xff,
    0xff, 0xc0, 0x0, 0x0, 0x3f, 0xff, 0xff, 0xfc,
    0x0, 0x0, 0x3, 0xff, 0xff, 0xff, 0xc0, 0x0,
    0x0, 0x3f, 0xff, 0xff, 0xfc, 0x0, 0x0, 0x3,
    0xff, 0xff, 0xff, 0xc0, 0x0, 0x0, 0x3f, 0xff,
    0xff, 0xfc, 0x0, 0x0, 0x3, 0xff, 0xff, 0xff,
    0xc0, 0x0, 0x0, 0x3f, 0xff, 0xff, 0xfc, 0x0,
    0x0, 0x3, 0xff, 0xff, 0xff, 0xc0, 0x0, 0x0,
    0x3f, 0xff, 0xff, 0xfc, 0x0, 0x0, 0x3, 0xff,
    0xff, 0xff, 0xc0, 0x0, 0x0, 0x3f, 0xff, 0xff,
    0xfc, 0x0, 0x0, 0x3, 0xff, 0xff, 0xff, 0xc0,
    0x0, 0x0, 0x3f, 0xff, 0xff, 0xfc, 0x0, 0x0,
    0x3, 0xff, 0xff, 0xff, 0xc0, 0x0, 0x0, 0x3f,
    0xff, 0xff, 0xfc, 0x0, 0x0, 0x3, 0xff, 0xff,
    0xff, 0xc0, 0x0, 0x0, 0x3f, 0xff, 0xff, 0xfc,
    0x0, 0x0, 0x3, 0xff, 0xff, 0xff, 0xc0, 0x0,
    0x0, 0x3f, 0xff, 0xff, 0xfc, 0x0, 0x0, 0x3,
    0xff, 0xff, 0xff, 0xc0, 0x0, 0x0, 0x3f, 0xff,
    0xff, 0xfc, 0x0, 0x0, 0x3, 0xff, 0xff, 0xff,
    0xc0, 0x0, 0x0, 0x3f, 0xff, 0xff, 0xfc, 0x0,
    0x0, 0x3, 0xff, 0xff, 0xff, 0xc0, 0x0, 0x0,
    0x3f, 0xff, 0xff, 0xfc, 0x0, 0x0, 0x3, 0xff,
    0xff, 0xff, 0xc0, 0x0, 0x0, 0x7f, 0xfe, 0x7f,
    0xfe, 0x0, 0x0, 0x7, 0xff, 0xe7, 0xff, 0xe0,
    0x0, 0x0, 0x7f, 0xfe, 0x7f, 0xff, 0x0, 0x0,
    0xf, 0xff, 0xe3, 0xff, 0xf0, 0x0, 0x0, 0xff,
    0xfc, 0x3f, 0xff, 0x80, 0x0, 0x1f, 0xff, 0xc3,
    0xff, 0xfc, 0x0, 0x3, 0xff, 0xfc, 0x1f, 0xff,
    0xe0, 0x0, 0x7f, 0xff, 0x80, 0xff, 0xff, 0xc0,
    0x3f, 0xff, 0xf0, 0xf, 0xff, 0xff, 0xff, 0xff,
    0xff, 0x0, 0x7f, 0xff, 0xff, 0xff, 0xff, 0xe0,
    0x3, 0xff, 0xff, 0xff, 0xff, 0xfc, 0x0, 0x1f,
    0xff, 0xff, 0xff, 0xff, 0x80, 0x0, 0xff, 0xff,
    0xff, 0xff, 0xf0, 0x0, 0x7, 0xff, 0xff, 0xff,
    0xfe, 0x0, 0x0, 0x1f, 0xff, 0xff, 0xff, 0x80,
    0x0, 0x0, 0x7f, 0xff, 0xff, 0xe0, 0x0, 0x0,
    0x0, 0xff, 0xff, 0xf0, 0x0, 0x0, 0x0, 0x0,
    0xff, 0xf0, 0x0, 0x0,

    /* U+00DB "Û" */
    0x0, 0x0, 0x7, 0xfc, 0x0, 0x0, 0x0, 0x0,
    0x0, 0xff, 0xe0, 0x0, 0x0, 0x0, 0x0, 0x1f,
    0xff, 0x0, 0x0, 0x0, 0x0, 0x3, 0xff, 0xf8,
    0x0, 0x0, 0x0, 0x0, 0x7f, 0xff, 0xc0, 0x0,
    0x0, 0x0, 0xf, 0xff, 0xfe, 0x0, 0x0, 0x0,
    0x1, 0xff, 0xff, 0xf0, 0x0, 0x0, 0x0, 0x3f,
    0xf9, 0xff, 0xc0, 0x0, 0x0, 0x7, 0xff, 0xf,
    0xfe, 0x0, 0x0, 0x0, 0xff, 0xe0, 0x7f, 0xf0,
    0x0, 0x0, 0x1f, 0xfc, 0x3, 0xff, 0x80, 0x0,
    0x3, 0xff, 0x80, 0x1f, 0xfc, 0x0, 0x0, 0xff,
    0xf0, 0x0, 0xff, 0xe0, 0x0, 0xf, 0xfe, 0x0,
    0x7, 0xff, 0x0, 0x0, 0x0, 0x0, 0x0, 0x0,
    0x0, 0x0, 0x0, 0x0, 0x0, 0x0, 0x0, 0x0,
    0x0, 0x0, 0x0, 0x0, 0x0, 0x0, 0x0, 0x0,
    0x0, 0x0, 0x0, 0x0, 0x0, 0xff, 0xfc, 0x0,
    0x0, 0x3, 0xff, 0xff, 0xff, 0xc0, 0x0, 0x0,
    0x3f, 0xff, 0xff, 0xfc, 0x0, 0x0, 0x3, 0xff,
    0xff, 0xff, 0xc0, 0x0, 0x0, 0x3f, 0xff, 0xff,
    0xfc, 0x0, 0x0, 0x3, 0xff, 0xff, 0xff, 0xc0,
    0x0, 0x0, 0x3f, 0xff, 0xff, 0xfc, 0x0, 0x0,
    0x3, 0xff, 0xff, 0xff, 0xc0, 0x0, 0x0, 0x3f,
    0xff, 0xff, 0xfc, 0x0, 0x0, 0x3, 0xff, 0xff,
    0xff, 0xc0, 0x0, 0x0, 0x3f, 0xff, 0xff, 0xfc,
    0x0, 0x0, 0x3, 0xff, 0xff, 0xff, 0xc0, 0x0,
    0x0, 0x3f, 0xff, 0xff, 0xfc, 0x0, 0x0, 0x3,
    0xff, 0xff, 0xff, 0xc0, 0x0, 0x0, 0x3f, 0xff,
    0xff, 0xfc, 0x0, 0x0, 0x3, 0xff, 0xff, 0xff,
    0xc0, 0x0, 0x0, 0x3f, 0xff, 0xff, 0xfc, 0x0,
    0x0, 0x3, 0xff, 0xff, 0xff, 0xc0, 0x0, 0x0,
    0x3f, 0xff, 0xff, 0xfc, 0x0, 0x0, 0x3, 0xff,
    0xff, 0xff, 0xc0, 0x0, 0x0, 0x3f, 0xff, 0xff,
    0xfc, 0x0, 0x0, 0x3, 0xff, 0xff, 0xff, 0xc0,
    0x0, 0x0, 0x3f, 0xff, 0xff, 0xfc, 0x0, 0x0,
    0x3, 0xff, 0xff, 0xff, 0xc0, 0x0, 0x0, 0x3f,
    0xff, 0xff, 0xfc, 0x0, 0x0, 0x3, 0xff, 0xff,
    0xff, 0xc0, 0x0, 0x0, 0x3f, 0xff, 0xff, 0xfc,
    0x0, 0x0, 0x3, 0xff, 0xff, 0xff, 0xc0, 0x0,
    0x0, 0x3f, 0xff, 0xff, 0xfc, 0x0, 0x0, 0x3,
    0xff, 0xff, 0xff, 0xc0, 0x0, 0x0, 0x3f, 0xff,
    0xff, 0xfc, 0x0, 0x0, 0x3, 0xff, 0xff, 0xff,
    0xc0, 0x0, 0x0, 0x3f, 0xff, 0xff, 0xfc, 0x0,
    0x0, 0x3, 0xff, 0xff, 0xff, 0xc0, 0x0, 0x0,
    0x3f, 0xff, 0xff, 0xfc, 0x0, 0x0, 0x3, 0xff,
    0xff, 0xff, 0xc0, 0x0, 0x0, 0x3f, 0xff, 0xff,
    0xfc, 0x0, 0x0, 0x3, 0xff, 0xff, 0xff, 0xc0,
    0x0, 0x0, 0x3f, 0xff, 0xff, 0xfc, 0x0, 0x0,
    0x3, 0xff, 0xff, 0xff, 0xc0, 0x0, 0x0, 0x3f,
    0xff, 0xff, 0xfc, 0x0, 0x0, 0x3, 0xff, 0xff,
    0xff, 0xc0, 0x0, 0x0, 0x3f, 0xff, 0xff, 0xfc,
    0x0, 0x0, 0x3, 0xff, 0xff, 0xff, 0xc0, 0x0,
    0x0, 0x3f, 0xff, 0xff, 0xfc, 0x0, 0x0, 0x3,
    0xff, 0xff, 0xff, 0xc0, 0x0, 0x0, 0x3f, 0xff,
    0xff, 0xfc, 0x0, 0x0, 0x3, 0xff, 0xff, 0xff,
    0xc0, 0x0, 0x0, 0x3f, 0xff, 0xff, 0xfc, 0x0,
    0x0, 0x3, 0xff, 0xff, 0xff, 0xc0, 0x0, 0x0,
    0x3f, 0xff, 0xff, 0xfc, 0x0, 0x0, 0x3, 0xff,
    0xff, 0xff, 0xc0, 0x0, 0x0, 0x7f, 0xfe, 0x7f,
    0xfe, 0x0, 0x0, 0x7, 0xff, 0xe7, 0xff, 0xe0,
    0x0, 0x0, 0x7f, 0xfe, 0x7f, 0xff, 0x0, 0x0,
    0xf, 0xff, 0xe3, 0xff, 0xf0, 0x0, 0x0, 0xff,
    0xfc, 0x3f, 0xff, 0x80, 0x0, 0x1f, 0xff, 0xc3,
    0xff, 0xfc, 0x0, 0x3, 0xff, 0xfc, 0x1f, 0xff,
    0xe0, 0x0, 0x7f, 0xff, 0x80, 0xff, 0xff, 0xc0,
    0x3f, 0xff, 0xf0, 0xf, 0xff, 0xff, 0xff, 0xff,
    0xff, 0x0, 0x7f, 0xff, 0xff, 0xff, 0xff, 0xe0,
    0x3, 0xff, 0xff, 0xff, 0xff, 0xfc, 0x0, 0x1f,
    0xff, 0xff, 0xff, 0xff, 0x80, 0x0, 0xff, 0xff,
    0xff, 0xff, 0xf0, 0x0, 0x7, 0xff, 0xff, 0xff,
    0xfe, 0x0, 0x0, 0x1f, 0xff, 0xff, 0xff, 0x80,
    0x0, 0x0, 0x7f, 0xff, 0xff, 0xe0, 0x0, 0x0,
    0x0, 0xff, 0xff, 0xf0, 0x0, 0x0, 0x0, 0x0,
    0xff, 0xf0, 0x0, 0x0,

    /* U+00DC "Ü" */
    0x0, 0xf, 0x80, 0x0, 0x1f, 0x0, 0x0, 0x3,
    0xfe, 0x0, 0x7, 0xfc, 0x0, 0x0, 0x7f, 0xf0,
    0x0, 0xff, 0xe0, 0x0, 0x7, 0xff, 0x0, 0xf,
    0xfe, 0x0, 0x0, 0xff, 0xf8, 0x1, 0xff, 0xf0,
    0x0, 0xf, 0xff, 0x80, 0x1f, 0xff, 0x0, 0x0,
    0xff, 0xf8, 0x1, 0xff, 0xf0, 0x0, 0xf, 0xff,
    0x80, 0x1f, 0xff, 0x0, 0x0, 0x7f, 0xf0, 0x1,
    0xff, 0xe0, 0x0, 0x7, 0xff, 0x0, 0xf, 0xfe,
    0x0, 0x0, 0x3f, 0xe0, 0x0, 0x7f, 0xc0, 0x0,
    0x0, 0xf8, 0x0, 0x1, 0xf0, 0x0, 0x0, 0x0,
    0x0, 0x0, 0x0, 0x0, 0x0, 0x0, 0x0, 0x0,
    0x0, 0x0, 0x0, 0x0, 0x0, 0x0, 0x0, 0x0,
    0x0, 0x0, 0x0, 0x0, 0x0, 0x0, 0x0, 0x0,
    0x0, 0x0, 0x0, 0x0, 0x0, 0x0, 0xf, 0xff,
    0xc0, 0x0, 0x0, 0x3f, 0xff, 0xff, 0xfc, 0x0,
    0x0, 0x3, 0xff, 0xff, 0xff, 0xc0, 0x0, 0x0,
    0x3f, 0xff, 0xff, 0xfc, 0x0, 0x0, 0x3, 0xff,
    0xff, 0xff, 0xc0, 0x0, 0x0, 0x3f, 0xff, 0xff,
    0xfc, 0x0, 0x0, 0x3, 0xff, 0xff, 0xff, 0xc0,
    0x0, 0x0, 0x3f, 0xff, 0xff, 0xfc, 0x0, 0x0,
    0x3, 0xff, 0xff, 0xff, 0xc0, 0x0, 0x0, 0x3f,
    0xff, 0xff, 0xfc, 0x0, 0x0, 0x3, 0xff, 0xff,
    0xff, 0xc0, 0x0, 0x0, 0x3f, 0xff, 0xff, 0xfc,
    0x0, 0x0, 0x3, 0xff, 0xff, 0xff, 0xc0, 0x0,
    0x0, 0x3f, 0xff, 0xff, 0xfc, 0x0, 0x0, 0x3,
    0xff, 0xff, 0xff, 0xc0, 0x0, 0x0, 0x3f, 0xff,
    0xff, 0xfc, 0x0, 0x0, 0x3, 0xff, 0xff, 0xff,
    0xc0, 0x0, 0x0, 0x3f, 0xff, 0xff, 0xfc, 0x0,
    0x0, 0x3, 0xff, 0xff, 0xff, 0xc0, 0x0, 0x0,
    0x3f, 0xff, 0xff, 0xfc, 0x0, 0x0, 0x3, 0xff,
    0xff, 0xff, 0xc0, 0x0, 0x0, 0x3f, 0xff, 0xff,
    0xfc, 0x0, 0x0, 0x3, 0xff, 0xff, 0xff, 0xc0,
    0x0, 0x0, 0x3f, 0xff, 0xff, 0xfc, 0x0, 0x0,
    0x3, 0xff, 0xff, 0xff, 0xc0, 0x0, 0x0, 0x3f,
    0xff, 0xff, 0xfc, 0x0, 0x0, 0x3, 0xff, 0xff,
    0xff, 0xc0, 0x0, 0x0, 0x3f, 0xff, 0xff, 0xfc,
    0x0, 0x0, 0x3, 0xff, 0xff, 0xff, 0xc0, 0x0,
    0x0, 0x3f, 0xff, 0xff, 0xfc, 0x0, 0x0, 0x3,
    0xff, 0xff, 0xff, 0xc0, 0x0, 0x0, 0x3f, 0xff,
    0xff, 0xfc, 0x0, 0x0, 0x3, 0xff, 0xff, 0xff,
    0xc0, 0x0, 0x0, 0x3f, 0xff, 0xff, 0xfc, 0x0,
    0x0, 0x3, 0xff, 0xff, 0xff, 0xc0, 0x0, 0x0,
    0x3f, 0xff, 0xff, 0xfc, 0x0, 0x0, 0x3, 0xff,
    0xff, 0xff, 0xc0, 0x0, 0x0, 0x3f, 0xff, 0xff,
    0xfc, 0x0, 0x0, 0x3, 0xff, 0xff, 0xff, 0xc0,
    0x0, 0x0, 0x3f, 0xff, 0xff, 0xfc, 0x0, 0x0,
    0x3, 0xff, 0xff, 0xff, 0xc0, 0x0, 0x0, 0x3f,
    0xff, 0xff, 0xfc, 0x0, 0x0, 0x3, 0xff, 0xff,
    0xff, 0xc0, 0x0, 0x0, 0x3f, 0xff, 0xff, 0xfc,
    0x0, 0x0, 0x3, 0xff, 0xff, 0xff, 0xc0, 0x0,
    0x0, 0x3f, 0xff, 0xff, 0xfc, 0x0, 0x0, 0x3,
    0xff, 0xff, 0xff, 0xc0, 0x0, 0x0, 0x3f, 0xff,
    0xff, 0xfc, 0x0, 0x0, 0x3, 0xff, 0xff, 0xff,
    0xc0, 0x0, 0x0, 0x3f, 0xff, 0xff, 0xfc, 0x0,
    0x0, 0x3, 0xff, 0xff, 0xff, 0xc0, 0x0, 0x0,
    0x7f, 0xff, 0x7f, 0xfe, 0x0, 0x0, 0x7, 0xff,
    0xe7, 0xff, 0xe0, 0x0, 0x0, 0x7f, 0xfe, 0x7f,
    0xff, 0x0, 0x0, 0xf, 0xff, 0xe3, 0xff, 0xf0,
    0x0, 0x0, 0xff, 0xfc, 0x3f, 0xff, 0x80, 0x0,
    0x1f, 0xff, 0xc3, 0xff, 0xfc, 0x0, 0x3, 0xff,
    0xfc, 0x1f, 0xff, 0xe0, 0x0, 0x7f, 0xff, 0x80,
    0xff, 0xff, 0xc0, 0x3f, 0xff, 0xf0, 0xf, 0xff,
    0xff, 0xff, 0xff, 0xff, 0x0, 0x7f, 0xff, 0xff,
    0xff, 0xff, 0xe0, 0x3, 0xff, 0xff, 0xff, 0xff,
    0xfc, 0x0, 0x1f, 0xff, 0xff, 0xff, 0xff, 0x80,
    0x0, 0xff, 0xff, 0xff, 0xff, 0xf0, 0x0, 0x7,
    0xff, 0xff, 0xff, 0xfe, 0x0, 0x0, 0x1f, 0xff,
    0xff, 0xff, 0x80, 0x0, 0x0, 0x7f, 0xff, 0xff,
    0xe0, 0x0, 0x0, 0x0, 0xff, 0xff, 0xf0, 0x0,
    0x0, 0x0, 0x0, 0xff, 0xf0, 0x0, 0x0,

    /* U+00DD "Ý" */
    0x0, 0x0, 0x0, 0x0, 0xff, 0xfe, 0x0, 0x0,
    0x0, 0x0, 0x0, 0x1f, 0xff, 0x80, 0x0, 0x0,
    0x0, 0x0, 0x7, 0xff, 0xe0, 0x0, 0x0, 0x0,
    0x0, 0x0, 0xff, 0xf8, 0x0, 0x0, 0x0, 0x0,
    0x0, 0x3f, 0xfe, 0x0, 0x0, 0x0, 0x0, 0x0,
    0xf, 0xff, 0x80, 0x0, 0x0, 0x0, 0x0, 0x1,
    0xff, 0xe0, 0x0, 0x0, 0x0, 0x0, 0x0, 0x7f,
    0xfc, 0x0, 0x0, 0x0, 0x0, 0x0, 0x1f, 0xff,
    0x0, 0x0, 0x0, 0x0, 0x0, 0x3, 0xff, 0xc0,
    0x0, 0x0, 0x0, 0x0, 0x0, 0xff, 0xf0, 0x0,
    0x0, 0x0, 0x0, 0x0, 0x3f, 0xfc, 0x0, 0x0,
    0x0, 0x0, 0x0, 0x7, 0xff, 0x0, 0x0, 0x0,
    0x0, 0x0, 0x1, 0xff, 0xc0, 0x0, 0x0, 0x0,
    0x0, 0x0, 0x0, 0x0, 0x0, 0x0, 0x0, 0x0,
    0x0, 0x0, 0x0, 0x0, 0x0, 0x0, 0x0, 0x0,
    0x0, 0x0, 0x0, 0x0, 0x0, 0x0, 0x0, 0x0,
    0x0, 0x0, 0x0, 0x0, 0x1, 0xff, 0xfc, 0x0,
    0x0, 0x0, 0x3f, 0xff, 0xbf, 0xff, 0xc0, 0x0,
    0x0, 0xf, 0xff, 0xf3, 0xff, 0xf8, 0x0, 0x0,
    0x1, 0xff, 0xfc, 0x7f, 0xff, 0x80, 0x0, 0x0,
    0x7f, 0xff, 0x87, 0xff, 0xf0, 0x0, 0x0, 0xf,
    0xff, 0xe0, 0xff, 0xfe, 0x0, 0x0, 0x1, 0xff,
    0xfc, 0xf, 0xff, 0xe0, 0x0, 0x0, 0x7f, 0xff,
    0x1, 0xff, 0xfc, 0x0, 0x0, 0xf, 0xff, 0xe0,
    0x1f, 0xff, 0xc0, 0x0, 0x3, 0xff, 0xf8, 0x3,
    0xff, 0xf8, 0x0, 0x0, 0x7f, 0xff, 0x0, 0x3f,
    0xff, 0x80, 0x0, 0x1f, 0xff, 0xc0, 0x7, 0xff,
    0xf0, 0x0, 0x3, 0xff, 0xf0, 0x0, 0x7f, 0xff,
    0x0, 0x0, 0xff, 0xfe, 0x0, 0x7, 0xff, 0xe0,
    0x0, 0x1f, 0xff, 0x80, 0x0, 0xff, 0xfc, 0x0,
    0x3, 0xff, 0xf0, 0x0, 0xf, 0xff, 0xc0, 0x0,
    0xff, 0xfc, 0x0, 0x1, 0xff, 0xf8, 0x0, 0x1f,
    0xff, 0x80, 0x0, 0x1f, 0xff, 0x80, 0x7, 0xff,
    0xe0, 0x0, 0x3, 0xff, 0xf0, 0x0, 0xff, 0xfc,
    0x0, 0x0, 0x3f, 0xff, 0x0, 0x3f, 0xff, 0x0,
    0x0, 0x7, 0xff, 0xe0, 0x7, 0xff, 0xe0, 0x0,
    0x0, 0x7f, 0xfe, 0x1, 0xff, 0xf8, 0x0, 0x0,
    0xf, 0xff, 0xc0, 0x3f, 0xff, 0x0, 0x0, 0x0,
    0xff, 0xfc, 0xf, 0xff, 0xc0, 0x0, 0x0, 0x1f,
    0xff, 0x81, 0xff, 0xf8, 0x0, 0x0, 0x1, 0xff,
    0xf0, 0x3f, 0xfe, 0x0, 0x0, 0x0, 0x3f, 0xff,
    0xf, 0xff, 0xc0, 0x0, 0x0, 0x3, 0xff, 0xe1,
    0xff, 0xf0, 0x0, 0x0, 0x0, 0x7f, 0xfe, 0x7f,
    0xfe, 0x0, 0x0, 0x0, 0x7, 0xff, 0xcf, 0xff,
    0x80, 0x0, 0x0, 0x0, 0xff, 0xff, 0xff, 0xf0,
    0x0, 0x0, 0x0, 0xf, 0xff, 0xff, 0xfc, 0x0,
    0x0, 0x0, 0x1, 0xff, 0xff, 0xff, 0x80, 0x0,
    0x0, 0x0, 0x1f, 0xff, 0xff, 0xe0, 0x0, 0x0,
    0x0, 0x3, 0xff, 0xff, 0xfc, 0x0, 0x0, 0x0,
    0x0, 0x3f, 0xff, 0xff, 0x0, 0x0, 0x0, 0x0,
    0x7, 0xff, 0xff, 0xe0, 0x0, 0x0, 0x0, 0x0,
    0x7f, 0xff, 0xf8, 0x0, 0x0, 0x0, 0x0, 0xf,
    0xff, 0xff, 0x0, 0x0, 0x0, 0x0, 0x0, 0xff,
    0xff, 0xc0, 0x0, 0x0, 0x0, 0x0, 0x1f, 0xff,
    0xf8, 0x0, 0x0, 0x0, 0x0, 0x1, 0xff, 0xfe,
    0x0, 0x0, 0x0, 0x0, 0x0, 0x3f, 0xff, 0xc0,
    0x0, 0x0, 0x0, 0x0, 0x3, 0xff, 0xf0, 0x0,
    0x0, 0x0, 0x0, 0x0, 0x7f, 0xfe, 0x0, 0x0,
    0x0, 0x0, 0x0, 0xf, 0xff, 0xc0, 0x0, 0x0,
    0x0, 0x0, 0x1, 0xff, 0xf8, 0x0, 0x0, 0x0,
    0x0, 0x0, 0x3f, 0xff, 0x0, 0x0, 0x0, 0x0,
    0x0, 0x7, 0xff, 0xe0, 0x0, 0x0, 0x0, 0x0,
    0x0, 0xff, 0xfc, 0x0, 0x0, 0x0, 0x0, 0x0,
    0x1f, 0xff, 0x80, 0x0, 0x0, 0x0, 0x0, 0x3,
    0xff, 0xf0, 0x0, 0x0, 0x0, 0x0, 0x0, 0x7f,
    0xfe, 0x0, 0x0, 0x0, 0x0, 0x0, 0xf, 0xff,
    0xc0, 0x0, 0x0, 0x0, 0x0, 0x1, 0xff, 0xf8,
    0x0, 0x0, 0x0, 0x0, 0x0, 0x3f, 0xff, 0x0,
    0x0, 0x0, 0x0, 0x0, 0x7, 0xff, 0xe0, 0x0,
    0x0, 0x0, 0x0, 0x0, 0xff, 0xfc, 0x0, 0x0,
    0x0, 0x0, 0x0, 0x1f, 0xff, 0x80, 0x0, 0x0,
    0x0, 0x0, 0x3, 0xff, 0xf0, 0x0, 0x0, 0x0,
    0x0, 0x0, 0x7f, 0xfe, 0x0, 0x0, 0x0, 0x0,
    0x0, 0xf, 0xff, 0xc0, 0x0, 0x0, 0x0, 0x0,
    0x1, 0xff, 0xf8, 0x0, 0x0, 0x0, 0x0, 0x0,
    0x3f, 0xff, 0x0, 0x0, 0x0, 0x0, 0x0, 0x7,
    0xff, 0xe0, 0x0, 0x0, 0x0, 0x0, 0x0, 0xff,
    0xfc, 0x0, 0x0, 0x0, 0x0, 0x0, 0x1f, 0xff,
    0x80, 0x0, 0x0, 0x0, 0x0, 0x3, 0xff, 0xf0,
    0x0, 0x0, 0x0, 0x0, 0x0, 0x7f, 0xfe, 0x0,
    0x0, 0x0,

    /* U+00DE "Þ" */
    0xff, 0xfc, 0x0, 0x0, 0x0, 0x0, 0x7f, 0xfe,
    0x0, 0x0, 0x0, 0x0, 0x3f, 0xff, 0x0, 0x0,
    0x0, 0x0, 0x1f, 0xff, 0x80, 0x0, 0x0, 0x0,
    0xf, 0xff, 0xc0, 0x0, 0x0, 0x0, 0x7, 0xff,
    0xe0, 0x0, 0x0, 0x0, 0x3, 0xff, 0xf0, 0x0,
    0x0, 0x0, 0x1, 0xff, 0xf8, 0x0, 0x0, 0x0,
    0x0, 0xff, 0xfc, 0x0, 0x0, 0x0, 0x0, 0x7f,
    0xfe, 0x0, 0x0, 0x0, 0x0, 0x3f, 0xff, 0x0,
    0x0, 0x0, 0x0, 0x1f, 0xff, 0x80, 0x0, 0x0,
    0x0, 0xf, 0xff, 0xc0, 0x0, 0x0, 0x0, 0x7,
    0xff, 0xff, 0xff, 0xf0, 0x0, 0x3, 0xff, 0xff,
    0xff, 0xff, 0x80, 0x1, 0xff, 0xff, 0xff, 0xff,
    0xf0, 0x0, 0xff, 0xff, 0xff, 0xff, 0xfe, 0x0,
    0x7f, 0xff, 0xff, 0xff, 0xff, 0xc0, 0x3f, 0xff,
    0xff, 0xff, 0xff, 0xf0, 0x1f, 0xff, 0xff, 0xff,
    0xff, 0xfc, 0xf, 0xff, 0xff, 0xff, 0xff, 0xff,
    0x7, 0xff, 0xff, 0xff, 0xff, 0xff, 0xc3, 0xff,
    0xff, 0xff, 0xff, 0xff, 0xf1, 0xff, 0xf8, 0x0,
    0x1f, 0xff, 0xf8, 0xff, 0xfc, 0x0, 0x3, 0xff,
    0xfe, 0x7f, 0xfe, 0x0, 0x0, 0x7f, 0xff, 0x3f,
    0xff, 0x0, 0x0, 0x3f, 0xff, 0xdf, 0xff, 0x80,
    0x0, 0xf, 0xff, 0xef, 0xff, 0xc0, 0x0, 0x3,
    0xff, 0xf7, 0xff, 0xe0, 0x0, 0x1, 0xff, 0xff,
    0xff, 0xf0, 0x0, 0x0, 0xff, 0xff, 0xff, 0xf8,
    0x0, 0x0, 0x3f, 0xff, 0xff, 0xfc, 0x0, 0x0,
    0x1f, 0xff, 0xff, 0xfe, 0x0, 0x0, 0xf, 0xff,
    0xff, 0xff, 0x0, 0x0, 0x7, 0xff, 0xff, 0xff,
    0x80, 0x0, 0x3, 0xff, 0xff, 0xff, 0xc0, 0x0,
    0x1, 0xff, 0xff, 0xff, 0xe0, 0x0, 0x0, 0xff,
    0xff, 0xff, 0xf0, 0x0, 0x0, 0xff, 0xff, 0xff,
    0xf8, 0x0, 0x0, 0x7f, 0xfe, 0xff, 0xfc, 0x0,
    0x0, 0x7f, 0xff, 0x7f, 0xfe, 0x0, 0x0, 0x3f,
    0xff, 0xbf, 0xff, 0x0, 0x0, 0x3f, 0xff, 0x9f,
    0xff, 0x80, 0x0, 0x7f, 0xff, 0xcf, 0xff, 0xc0,
    0x0, 0xff, 0xff, 0xc7, 0xff, 0xff, 0xff, 0xff,
    0xff, 0xe3, 0xff, 0xff, 0xff, 0xff, 0xff, 0xe1,
    0xff, 0xff, 0xff, 0xff, 0xff, 0xe0, 0xff, 0xff,
    0xff, 0xff, 0xff, 0xe0, 0x7f, 0xff, 0xff, 0xff,
    0xff, 0xe0, 0x3f, 0xff, 0xff, 0xff, 0xff, 0xe0,
    0x1f, 0xff, 0xff, 0xff, 0xff, 0xc0, 0xf, 0xff,
    0xff, 0xff, 0xff, 0x80, 0x7, 0xff, 0xff, 0xff,
    0xff, 0x0, 0x3, 0xff, 0xff, 0xff, 0xf8, 0x0,
    0x1, 0xff, 0xf8, 0x0, 0x0, 0x0, 0x0, 0xff,
    0xfc, 0x0, 0x0, 0x0, 0x0, 0x7f, 0xfe, 0x0,
    0x0, 0x0, 0x0, 0x3f, 0xff, 0x0, 0x0, 0x0,
    0x0, 0x1f, 0xff, 0x80, 0x0, 0x0, 0x0, 0xf,
    0xff, 0xc0, 0x0, 0x0, 0x0, 0x7, 0xff, 0xe0,
    0x0, 0x0, 0x0, 0x3, 0xff, 0xf0, 0x0, 0x0,
    0x0, 0x1, 0xff, 0xf8, 0x0, 0x0, 0x0, 0x0,
    0xff, 0xfc, 0x0, 0x0, 0x0, 0x0, 0x7f, 0xfe,
    0x0, 0x0, 0x0, 0x0, 0x3f, 0xff, 0x0, 0x0,
    0x0, 0x0, 0x1f, 0xff, 0x80, 0x0, 0x0, 0x0,
    0xf, 0xff, 0xc0, 0x0, 0x0, 0x0, 0x0,

    /* U+00DF "ß" */
    0x0, 0x0, 0xff, 0xf0, 0x0, 0x0, 0x0, 0x0,
    0xff, 0xff, 0xc0, 0x0, 0x0, 0x0, 0xff, 0xff,
    0xfe, 0x0, 0x0, 0x0, 0x7f, 0xff, 0xff, 0xf0,
    0x0, 0x0, 0x1f, 0xff, 0xff, 0xff, 0x0, 0x0,
    0x7, 0xff, 0xff, 0xff, 0xf8, 0x0, 0x1, 0xff,
    0xff, 0xff, 0xff, 0x0, 0x0, 0x7f, 0xff, 0xff,
    0xff, 0xf0, 0x0, 0x1f, 0xff, 0xff, 0xff, 0xff,
    0x0, 0x3, 0xff, 0xff, 0xff, 0xff, 0xe0, 0x0,
    0xff, 0xff, 0x3, 0xff, 0xfe, 0x0, 0x1f, 0xff,
    0xc0, 0x3f, 0xff, 0xc0, 0x7, 0xff, 0xf0, 0x3,
    0xff, 0xf8, 0x0, 0xff, 0xfc, 0x0, 0x3f, 0xff,
    0x80, 0x1f, 0xff, 0x80, 0x3, 0xff, 0xf0, 0x3,
    0xff, 0xf0, 0x0, 0x7f, 0xfe, 0x0, 0xff, 0xfc,
    0x0, 0xf, 0xff, 0xc0, 0x1f, 0xff, 0x80, 0x1,
    0xff, 0xf8, 0x3, 0xff, 0xf0, 0x0, 0x3f, 0xff,
    0x0, 0x7f, 0xfe, 0x0, 0x7, 0xff, 0xe0, 0xf,
    0xff, 0xc0, 0x0, 0xff, 0xfc, 0x1, 0xff, 0xf8,
    0x0, 0x3f, 0xff, 0x80, 0x3f, 0xff, 0x0, 0x7,
    0xff, 0xe0, 0x7, 0xff, 0xe0, 0x0, 0xff, 0xfc,
    0x0, 0xff, 0xfc, 0x0, 0x3f, 0xff, 0x80, 0x1f,
    0xff, 0x80, 0x7, 0xff, 0xe0, 0x3, 0xff, 0xf0,
    0x1, 0xff, 0xf8, 0x0, 0x7f, 0xfe, 0x0, 0x3f,
    0xff, 0x0, 0xf, 0xff, 0xc0, 0xf, 0xff, 0xc0,
    0x1, 0xff, 0xf8, 0x1, 0xff, 0xf8, 0x0, 0x3f,
    0xff, 0x0, 0x7f, 0xfe, 0x0, 0x7, 0xff, 0xe0,
    0xf, 0xff, 0xc0, 0x0, 0xff, 0xfc, 0x1, 0xff,
    0xf8, 0x0, 0x1f, 0xff, 0x80, 0x3f, 0xff, 0x0,
    0x3, 0xff, 0xf0, 0x7, 0xff, 0xe0, 0x0, 0x7f,
    0xfe, 0x0, 0xff, 0xfc, 0x0, 0xf, 0xff, 0xc0,
    0x1f, 0xff, 0xc0, 0x1, 0xff, 0xf8, 0x3, 0xff,
    0xf8, 0x0, 0x3f, 0xff, 0x0, 0x7f, 0xff, 0x80,
    0x7, 0xff, 0xe0, 0x7, 0xff, 0xf8, 0x0, 0xff,
    0xfc, 0x0, 0xff, 0xff, 0x80, 0x1f, 0xff, 0x80,
    0xf, 0xff, 0xf8, 0x3, 0xff, 0xf0, 0x1, 0xff,
    0xff, 0x80, 0x7f, 0xfe, 0x0, 0x1f, 0xff, 0xf8,
    0xf, 0xff, 0xc0, 0x1, 0xff, 0xff, 0x81, 0xff,
    0xf8, 0x0, 0x1f, 0xff, 0xf8, 0x3f, 0xff, 0x0,
    0x1, 0xff, 0xff, 0x87, 0xff, 0xe0, 0x0, 0x1f,
    0xff, 0xf8, 0xff, 0xfc, 0x0, 0x1, 0xff, 0xff,
    0x9f, 0xff, 0x80, 0x0, 0x1f, 0xff, 0xf3, 0xff,
    0xf0, 0x0, 0x1, 0xff, 0xff, 0x7f, 0xfe, 0x0,
    0x0, 0x1f, 0xff, 0xef, 0xff, 0xc0, 0x0, 0x1,
    0xff, 0xfd, 0xff, 0xf8, 0x0, 0x0, 0x1f, 0xff,
    0xff, 0xff, 0x0, 0x0, 0x3, 0xff, 0xff, 0xff,
    0xe0, 0x0, 0x0, 0x3f, 0xff, 0xff, 0xfc, 0x0,
    0x0, 0x7, 0xff, 0xff, 0xff, 0x80, 0x0, 0x0,
    0xff, 0xff, 0xff, 0xf0, 0x0, 0x0, 0x1f, 0xff,
    0xff, 0xfe, 0x0, 0x0, 0x3, 0xff, 0xff, 0xff,
    0xc0, 0x0, 0x0, 0xff, 0xff, 0xff, 0xf8, 0x20,
    0x0, 0x1f, 0xff, 0xbf, 0xff, 0x7, 0x0, 0x7,
    0xff, 0xf7, 0xff, 0xe0, 0xfc, 0x3, 0xff, 0xfe,
    0xff, 0xfc, 0x1f, 0xff, 0xff, 0xff, 0x9f, 0xff,
    0x83, 0xff, 0xff, 0xff, 0xf3, 0xff, 0xf0, 0xff,
    0xff, 0xff, 0xfc, 0x7f, 0xfe, 0x1f, 0xff, 0xff,
    0xff, 0x8f, 0xff, 0xc3, 0xff, 0xff, 0xff, 0xe1,
    0xff, 0xf8, 0x7f, 0xff, 0xff, 0xf8, 0x3f, 0xff,
    0x1f, 0xff, 0xff, 0xfc, 0x7, 0xff, 0xe3, 0xff,
    0xff, 0xff, 0x0, 0xff, 0xfc, 0xf, 0xff, 0xff,
    0x0, 0x0, 0x0, 0x0, 0x1f, 0xfe, 0x0, 0x0,

    /* U+00E0 "à" */
    0x3, 0xff, 0xf0, 0x0, 0x0, 0x0, 0xf, 0xff,
    0xc0, 0x0, 0x0, 0x0, 0x3f, 0xff, 0x0, 0x0,
    0x0, 0x0, 0xff, 0xf8, 0x0, 0x0, 0x0, 0x3,
    0xff, 0xe0, 0x0, 0x0, 0x0, 0xf, 0xff, 0x80,
    0x0, 0x0, 0x0, 0x7f, 0xfc, 0x0, 0x0, 0x0,
    0x1, 0xff, 0xf0, 0x0, 0x0, 0x0, 0x7, 0xff,
    0x80, 0x0, 0x0, 0x0, 0x1f, 0xfe, 0x0, 0x0,
    0x0, 0x0, 0x7f, 0xf8, 0x0, 0x0, 0x0, 0x1,
    0xff, 0xc0, 0x0, 0x0, 0x0, 0x7, 0xff, 0x0,
    0x0, 0x0, 0x0, 0x1f, 0xfc, 0x0, 0x0, 0x0,
    0x0, 0x0, 0x0, 0x0, 0x0, 0x0, 0x0, 0x0,
    0x0, 0x0, 0x0, 0x0, 0x0, 0x0, 0x0, 0x0,
    0x0, 0x0, 0x0, 0x0, 0x0, 0x0, 0x0, 0x0,
    0x0, 0x0, 0x0, 0x0, 0x0, 0x0, 0x0, 0x0,
    0x0, 0x0, 0x7, 0xff, 0x0, 0x0, 0x0, 0x3,
    0xff, 0xff, 0x80, 0x0, 0x0, 0x7f, 0xff, 0xff,
    0x0, 0x0, 0xf, 0xff, 0xff, 0xfe, 0x0, 0x1,
    0xff, 0xff, 0xff, 0xf8, 0x0, 0x1f, 0xff, 0xff,
    0xff, 0xe0, 0x1, 0xff, 0xff, 0xff, 0xff, 0x80,
    0x1f, 0xff, 0xff, 0xff, 0xfe, 0x1, 0xff, 0xff,
    0xff, 0xff, 0xf8, 0xf, 0xff, 0xff, 0xff, 0xff,
    0xc0, 0xff, 0xff, 0x81, 0xff, 0xff, 0x7, 0xff,
    0xf0, 0x3, 0xff, 0xf8, 0x3f, 0xff, 0x0, 0xf,
    0xff, 0xc3, 0xff, 0xf8, 0x0, 0x7f, 0xff, 0x1f,
    0xff, 0x80, 0x1, 0xff, 0xf8, 0xff, 0xfc, 0x0,
    0xf, 0xff, 0xc0, 0x0, 0x0, 0x0, 0x7f, 0xfe,
    0x0, 0x0, 0x0, 0x3, 0xff, 0xf0, 0x0, 0x0,
    0x0, 0x1f, 0xff, 0x80, 0x0, 0x0, 0x0, 0xff,
    0xfc, 0x0, 0x0, 0x0, 0x7, 0xff, 0xe0, 0x0,
    0x7, 0xff, 0xff, 0xff, 0x0, 0x3, 0xff, 0xff,
    0xff, 0xf8, 0x0, 0xff, 0xff, 0xff, 0xff, 0xc0,
    0x1f, 0xff, 0xff, 0xff, 0xfe, 0x1, 0xff, 0xff,
    0xff, 0xff, 0xf0, 0x3f, 0xff, 0xff, 0xff, 0xff,
    0x81, 0xff, 0xff, 0xff, 0xff, 0xfc, 0x1f, 0xff,
    0xf0, 0x7, 0xff, 0xe1, 0xff, 0xfe, 0x0, 0x3f,
    0xff, 0xf, 0xff, 0xc0, 0x1, 0xff, 0xf8, 0xff,
    0xfc, 0x0, 0xf, 0xff, 0xc7, 0xff, 0xe0, 0x0,
    0x7f, 0xfe, 0x7f, 0xfe, 0x0, 0x3, 0xff, 0xf3,
    0xff, 0xf0, 0x0, 0x1f, 0xff, 0x9f, 0xff, 0x80,
    0x0, 0xff, 0xfc, 0xff, 0xfc, 0x0, 0x7, 0xff,
    0xe7, 0xff, 0xe0, 0x0, 0x3f, 0xff, 0x3f, 0xff,
    0x0, 0x3, 0xff, 0xf9, 0xff, 0xfc, 0x0, 0x1f,
    0xff, 0xcf, 0xff, 0xe0, 0x1, 0xff, 0xfe, 0x7f,
    0xff, 0x80, 0x1f, 0xff, 0xf1, 0xff, 0xff, 0x7,
    0xff, 0xff, 0x8f, 0xff, 0xff, 0xff, 0xff, 0xfc,
    0x3f, 0xff, 0xff, 0xff, 0xff, 0xe1, 0xff, 0xff,
    0xff, 0xff, 0xff, 0x7, 0xff, 0xff, 0xff, 0xff,
    0xf8, 0x1f, 0xff, 0xff, 0xff, 0xff, 0xe0, 0x7f,
    0xff, 0xff, 0xbf, 0xff, 0x1, 0xff, 0xff, 0xf1,
    0xff, 0xf8, 0x7, 0xff, 0xff, 0xf, 0xff, 0xc0,
    0xf, 0xff, 0xe0, 0x3f, 0xff, 0x0, 0xf, 0xfc,
    0x0, 0x0, 0x0,

    /* U+00E1 "á" */
    0x0, 0x0, 0x0, 0x7f, 0xfe, 0x0, 0x0, 0x0,
    0x7, 0xff, 0xf0, 0x0, 0x0, 0x0, 0x3f, 0xff,
    0x0, 0x0, 0x0, 0x3, 0xff, 0xf0, 0x0, 0x0,
    0x0, 0x3f, 0xff, 0x0, 0x0, 0x0, 0x1, 0xff,
    0xf0, 0x0, 0x0, 0x0, 0x1f, 0xff, 0x0, 0x0,
    0x0, 0x0, 0xff, 0xf0, 0x0, 0x0, 0x0, 0xf,
    0xff, 0x0, 0x0, 0x0, 0x0, 0xff, 0xf0, 0x0,
    0x0, 0x0, 0x7, 0xff, 0x0, 0x0, 0x0, 0x0,
    0x7f, 0xf0, 0x0, 0x0, 0x0, 0x7, 0xff, 0x0,
    0x0, 0x0, 0x0, 0x3f, 0xf0, 0x0, 0x0, 0x0,
    0x0, 0x0, 0x0, 0x0, 0x0, 0x0, 0x0, 0x0,
    0x0, 0x0, 0x0, 0x0, 0x0, 0x0, 0x0, 0x0,
    0x0, 0x0, 0x0, 0x0, 0x0, 0x0, 0x0, 0x0,
    0x0, 0x0, 0x0, 0x0, 0x0, 0x0, 0x0, 0x0,
    0x0, 0x0, 0x7, 0xff, 0x0, 0x0, 0x0, 0x3,
    0xff, 0xff, 0x80, 0x0, 0x0, 0x7f, 0xff, 0xff,
    0x0, 0x0, 0xf, 0xff, 0xff, 0xfe, 0x0, 0x1,
    0xff, 0xff, 0xff, 0xf8, 0x0, 0x1f, 0xff, 0xff,
    0xff, 0xe0, 0x1, 0xff, 0xff, 0xff, 0xff, 0x80,
    0x1f, 0xff, 0xff, 0xff, 0xfe, 0x1, 0xff, 0xff,
    0xff, 0xff, 0xf8, 0xf, 0xff, 0xff, 0xff, 0xff,
    0xc0, 0xff, 0xff, 0x81, 0xff, 0xff, 0x7, 0xff,
    0xf0, 0x3, 0xff, 0xf8, 0x3f, 0xff, 0x0, 0xf,
    0xff, 0xc3, 0xff, 0xf8, 0x0, 0x7f, 0xff, 0x1f,
    0xff, 0x80, 0x1, 0xff, 0xf8, 0xff, 0xfc, 0x0,
    0xf, 0xff, 0xc0, 0x0, 0x0, 0x0, 0x7f, 0xfe,
    0x0, 0x0, 0x0, 0x3, 0xff, 0xf0, 0x0, 0x0,
    0x0, 0x1f, 0xff, 0x80, 0x0, 0x0, 0x0, 0xff,
    0xfc, 0x0, 0x0, 0x0, 0x7, 0xff, 0xe0, 0x0,
    0x7, 0xff, 0xff, 0xff, 0x0, 0x3, 0xff, 0xff,
    0xff, 0xf8, 0x0, 0xff, 0xff, 0xff, 0xff, 0xc0,
    0x1f, 0xff, 0xff, 0xff, 0xfe, 0x1, 0xff, 0xff,
    0xff, 0xff, 0xf0, 0x3f, 0xff, 0xff, 0xff, 0xff,
    0x81, 0xff, 0xff, 0xff, 0xff, 0xfc, 0x1f, 0xff,
    0xf0, 0x7, 0xff, 0xe1, 0xff, 0xfe, 0x0, 0x3f,
    0xff, 0xf, 0xff, 0xc0, 0x1, 0xff, 0xf8, 0xff,
    0xfc, 0x0, 0xf, 0xff, 0xc7, 0xff, 0xe0, 0x0,
    0x7f, 0xfe, 0x7f, 0xfe, 0x0, 0x3, 0xff, 0xf3,
    0xff, 0xf0, 0x0, 0x1f, 0xff, 0x9f, 0xff, 0x80,
    0x0, 0xff, 0xfc, 0xff, 0xfc, 0x0, 0x7, 0xff,
    0xe7, 0xff, 0xe0, 0x0, 0x3f, 0xff, 0x3f, 0xff,
    0x0, 0x3, 0xff, 0xf9, 0xff, 0xfc, 0x0, 0x1f,
    0xff, 0xcf, 0xff, 0xe0, 0x1, 0xff, 0xfe, 0x7f,
    0xff, 0x80, 0x1f, 0xff, 0xf1, 0xff, 0xff, 0x7,
    0xff, 0xff, 0x8f, 0xff, 0xff, 0xff, 0xff, 0xfc,
    0x3f, 0xff, 0xff, 0xff, 0xff, 0xe1, 0xff, 0xff,
    0xff, 0xff, 0xff, 0x7, 0xff, 0xff, 0xff, 0xff,
    0xf8, 0x1f, 0xff, 0xff, 0xff, 0xff, 0xe0, 0x7f,
    0xff, 0xff, 0xbf, 0xff, 0x1, 0xff, 0xff, 0xf1,
    0xff, 0xf8, 0x7, 0xff, 0xff, 0xf, 0xff, 0xc0,
    0xf, 0xff, 0xe0, 0x3f, 0xff, 0x0, 0xf, 0xfc,
    0x0, 0x0, 0x0,

    /* U+00E2 "â" */
    0x0, 0x0, 0x1f, 0xc0, 0x0, 0x0, 0x0, 0x1,
    0xff, 0x0, 0x0, 0x0, 0x0, 0x1f, 0xfc, 0x0,
    0x0, 0x0, 0x1, 0xff, 0xf0, 0x0, 0x0, 0x0,
    0x1f, 0xff, 0xe0, 0x0, 0x0, 0x1, 0xff, 0xff,
    0x80, 0x0, 0x0, 0x1f, 0xff, 0xfe, 0x0, 0x0,
    0x3, 0xff, 0xbf, 0xf8, 0x0, 0x0, 0x3f, 0xf8,
    0xff, 0xe0, 0x0, 0x3, 0xff, 0x83, 0xff, 0x80,
    0x0, 0x3f, 0xfc, 0xf, 0xfe, 0x0, 0x3, 0xff,
    0xc0, 0x3f, 0xf8, 0x0, 0x3f, 0xfc, 0x0, 0xff,
    0xe0, 0x3, 0xff, 0xc0, 0x3, 0xff, 0x80, 0x1f,
    0xfc, 0x0, 0x0, 0x0, 0x0, 0x0, 0x0, 0x0,
    0x0, 0x0, 0x0, 0x0, 0x0, 0x0, 0x0, 0x0,
    0x0, 0x0, 0x0, 0x0, 0x0, 0x0, 0x0, 0x0,
    0x0, 0x0, 0x0, 0x0, 0x0, 0x0, 0x0, 0x0,
    0x0, 0x0, 0x0, 0x0, 0x0, 0x0, 0x0, 0x0,
    0x3f, 0xf8, 0x0, 0x0, 0x0, 0x1f, 0xff, 0xfc,
    0x0, 0x0, 0x3, 0xff, 0xff, 0xf8, 0x0, 0x0,
    0x7f, 0xff, 0xff, 0xf0, 0x0, 0xf, 0xff, 0xff,
    0xff, 0xc0, 0x0, 0xff, 0xff, 0xff, 0xff, 0x0,
    0xf, 0xff, 0xff, 0xff, 0xfc, 0x0, 0xff, 0xff,
    0xff, 0xff, 0xf0, 0xf, 0xff, 0xff, 0xff, 0xff,
    0xc0, 0x7f, 0xff, 0xff, 0xff, 0xfe, 0x7, 0xff,
    0xfc, 0xf, 0xff, 0xf8, 0x3f, 0xff, 0x80, 0x1f,
    0xff, 0xc1, 0xff, 0xf8, 0x0, 0x7f, 0xfe, 0x1f,
    0xff, 0xc0, 0x3, 0xff, 0xf8, 0xff, 0xfc, 0x0,
    0xf, 0xff, 0xc7, 0xff, 0xe0, 0x0, 0x7f, 0xfe,
    0x0, 0x0, 0x0, 0x3, 0xff, 0xf0, 0x0, 0x0,
    0x0, 0x1f, 0xff, 0x80, 0x0, 0x0, 0x0, 0xff,
    0xfc, 0x0, 0x0, 0x0, 0x7, 0xff, 0xe0, 0x0,
    0x0, 0x0, 0x3f, 0xff, 0x0, 0x0, 0x3f, 0xff,
    0xff, 0xf8, 0x0, 0x1f, 0xff, 0xff, 0xff, 0xc0,
    0x7, 0xff, 0xff, 0xff, 0xfe, 0x0, 0xff, 0xff,
    0xff, 0xff, 0xf0, 0xf, 0xff, 0xff, 0xff, 0xff,
    0x81, 0xff, 0xff, 0xff, 0xff, 0xfc, 0xf, 0xff,
    0xff, 0xff, 0xff, 0xe0, 0xff, 0xff, 0x80, 0x3f,
    0xff, 0xf, 0xff, 0xf0, 0x1, 0xff, 0xf8, 0x7f,
    0xfe, 0x0, 0xf, 0xff, 0xc7, 0xff, 0xe0, 0x0,
    0x7f, 0xfe, 0x3f, 0xff, 0x0, 0x3, 0xff, 0xf3,
    0xff, 0xf0, 0x0, 0x1f, 0xff, 0x9f, 0xff, 0x80,
    0x0, 0xff, 0xfc, 0xff, 0xfc, 0x0, 0x7, 0xff,
    0xe7, 0xff, 0xe0, 0x0, 0x3f, 0xff, 0x3f, 0xff,
    0x0, 0x1, 0xff, 0xf9, 0xff, 0xf8, 0x0, 0x1f,
    0xff, 0xcf, 0xff, 0xe0, 0x0, 0xff, 0xfe, 0x7f,
    0xff, 0x0, 0xf, 0xff, 0xf3, 0xff, 0xfc, 0x0,
    0xff, 0xff, 0x8f, 0xff, 0xf8, 0x3f, 0xff, 0xfc,
    0x7f, 0xff, 0xff, 0xff, 0xff, 0xe1, 0xff, 0xff,
    0xff, 0xff, 0xff, 0xf, 0xff, 0xff, 0xff, 0xff,
    0xf8, 0x3f, 0xff, 0xff, 0xff, 0xff, 0xc0, 0xff,
    0xff, 0xff, 0xff, 0xff, 0x3, 0xff, 0xff, 0xfd,
    0xff, 0xf8, 0xf, 0xff, 0xff, 0x8f, 0xff, 0xc0,
    0x3f, 0xff, 0xf8, 0x7f, 0xfe, 0x0, 0x7f, 0xff,
    0x1, 0xff, 0xf8, 0x0, 0x7f, 0xe0, 0x0, 0x0,
    0x0,

    /* U+00E3 "ã" */
    0x0, 0xf, 0xc0, 0x0, 0xff, 0x0, 0x1, 0xff,
    0xc0, 0x7, 0xf8, 0x0, 0x1f, 0xff, 0x80, 0x7f,
    0xc0, 0x1, 0xff, 0xff, 0x7, 0xfe, 0x0, 0x1f,
    0xff, 0xff, 0xff, 0xe0, 0x0, 0xff, 0xff, 0xff,
    0xff, 0x0, 0xf, 0xff, 0xff, 0xff, 0xf0, 0x0,
    0x7f, 0xff, 0xff, 0xff, 0x80, 0x7, 0xfe, 0xf,
    0xff, 0xf8, 0x0, 0x3f, 0xe0, 0x1f, 0xff, 0x80,
    0x1, 0xfe, 0x0, 0x3f, 0xf8, 0x0, 0xf, 0xf0,
    0x0, 0x7f, 0x0, 0x0, 0x0, 0x0, 0x0, 0x0,
    0x0, 0x0, 0x0, 0x0, 0x0, 0x0, 0x0, 0x0,
    0x0, 0x0, 0x0, 0x0, 0x0, 0x0, 0x0, 0x0,
    0x0, 0x0, 0x0, 0x0, 0x0, 0x0, 0x0, 0x0,
    0x0, 0x0, 0x0, 0x0, 0x0, 0x0, 0x0, 0x0,
    0x0, 0x0, 0x0, 0x0, 0x0, 0xff, 0xe0, 0x0,
    0x0, 0x0, 0x7f, 0xff, 0xf0, 0x0, 0x0, 0xf,
    0xff, 0xff, 0xe0, 0x0, 0x1, 0xff, 0xff, 0xff,
    0xc0, 0x0, 0x3f, 0xff, 0xff, 0xff, 0x0, 0x3,
    0xff, 0xff, 0xff, 0xfc, 0x0, 0x3f, 0xff, 0xff,
    0xff, 0xf0, 0x3, 0xff, 0xff, 0xff, 0xff, 0xc0,
    0x1f, 0xff, 0xff, 0xff, 0xff, 0x1, 0xff, 0xff,
    0xff, 0xff, 0xf8, 0x1f, 0xff, 0xf0, 0x3f, 0xff,
    0xe0, 0xff, 0xfe, 0x0, 0x7f, 0xff, 0x7, 0xff,
    0xe0, 0x1, 0xff, 0xf8, 0x7f, 0xff, 0x0, 0xf,
    0xff, 0xe3, 0xff, 0xf0, 0x0, 0x3f, 0xff, 0x1f,
    0xff, 0x80, 0x1, 0xff, 0xf8, 0xff, 0xfc, 0x0,
    0xf, 0xff, 0xc0, 0x0, 0x0, 0x0, 0x7f, 0xfe,
    0x0, 0x0, 0x0, 0x3, 0xff, 0xf0, 0x0, 0x0,
    0x0, 0x1f, 0xff, 0x80, 0x0, 0x0, 0x0, 0xff,
    0xfc, 0x0, 0x0, 0x0, 0x7, 0xff, 0xe0, 0x0,
    0x7, 0xff, 0xff, 0xff, 0x0, 0x3, 0xff, 0xff,
    0xff, 0xf8, 0x0, 0xff, 0xff, 0xff, 0xff, 0xc0,
    0x1f, 0xff, 0xff, 0xff, 0xfe, 0x3, 0xff, 0xff,
    0xff, 0xff, 0xf0, 0x3f, 0xff, 0xff, 0xff, 0xff,
    0x83, 0xff, 0xff, 0xff, 0xff, 0xfc, 0x1f, 0xff,
    0xf0, 0x7, 0xff, 0xe1, 0xff, 0xfc, 0x0, 0x3f,
    0xff, 0x1f, 0xff, 0xc0, 0x1, 0xff, 0xf8, 0xff,
    0xfc, 0x0, 0xf, 0xff, 0xc7, 0xff, 0xe0, 0x0,
    0x7f, 0xfe, 0x7f, 0xfe, 0x0, 0x3, 0xff, 0xf3,
    0xff, 0xf0, 0x0, 0x1f, 0xff, 0x9f, 0xff, 0x80,
    0x0, 0xff, 0xfc, 0xff, 0xfc, 0x0, 0x7, 0xff,
    0xe7, 0xff, 0xe0, 0x0, 0x3f, 0xff, 0x3f, 0xff,
    0x0, 0x3, 0xff, 0xf9, 0xff, 0xfc, 0x0, 0x3f,
    0xff, 0xcf, 0xff, 0xf0, 0x3, 0xff, 0xfe, 0x3f,
    0xff, 0xe0, 0x7f, 0xff, 0xf1, 0xff, 0xff, 0xff,
    0xff, 0xff, 0x8f, 0xff, 0xff, 0xff, 0xff, 0xfc,
    0x3f, 0xff, 0xff, 0xff, 0xff, 0xe0, 0xff, 0xff,
    0xff, 0xff, 0xff, 0x7, 0xff, 0xff, 0xff, 0xff,
    0xfc, 0x1f, 0xff, 0xff, 0xf7, 0xff, 0xe0, 0x3f,
    0xff, 0xfe, 0x3f, 0xff, 0x0, 0xff, 0xff, 0xe1,
    0xff, 0xf8, 0x1, 0xff, 0xfc, 0x7, 0xff, 0xe0,
    0x1, 0xff, 0x80, 0x0, 0x0,

    /* U+00E4 "ä" */
    0x0, 0x7c, 0x0, 0x0, 0xf8, 0x0, 0xf, 0xf8,
    0x0, 0x1f, 0xf0, 0x0, 0xff, 0xe0, 0x1, 0xff,
    0xc0, 0x7, 0xff, 0x0, 0xf, 0xfe, 0x0, 0x7f,
    0xfc, 0x0, 0xff, 0xf8, 0x3, 0xff, 0xe0, 0x7,
    0xff, 0xc0, 0x1f, 0xff, 0x0, 0x3f, 0xfe, 0x0,
    0xff, 0xf8, 0x1, 0xff, 0xf0, 0x3, 0xff, 0x80,
    0xf, 0xff, 0x0, 0x1f, 0xfc, 0x0, 0x3f, 0xf8,
    0x0, 0x7f, 0xc0, 0x0, 0xff, 0x80, 0x0, 0xf8,
    0x0, 0x1, 0xf0, 0x0, 0x0, 0x0, 0x0, 0x0,
    0x0, 0x0, 0x0, 0x0, 0x0, 0x0, 0x0, 0x0,
    0x0, 0x0, 0x0, 0x0, 0x0, 0x0, 0x0, 0x0,
    0x0, 0x0, 0x0, 0x0, 0x0, 0x0, 0x0, 0x0,
    0x0, 0x0, 0x0, 0x0, 0x0, 0x0, 0x0, 0x1f,
    0xfc, 0x0, 0x0, 0x0, 0xf, 0xff, 0xfe, 0x0,
    0x0, 0x1, 0xff, 0xff, 0xfc, 0x0, 0x0, 0x3f,
    0xff, 0xff, 0xf8, 0x0, 0x7, 0xff, 0xff, 0xff,
    0xe0, 0x0, 0x7f, 0xff, 0xff, 0xff, 0x80, 0x7,
    0xff, 0xff, 0xff, 0xfe, 0x0, 0x7f, 0xff, 0xff,
    0xff, 0xf8, 0x7, 0xff, 0xff, 0xff, 0xff, 0xe0,
    0x3f, 0xff, 0xff, 0xff, 0xff, 0x3, 0xff, 0xfe,
    0x7, 0xff, 0xfc, 0x1f, 0xff, 0xc0, 0xf, 0xff,
    0xe0, 0xff, 0xfc, 0x0, 0x3f, 0xff, 0xf, 0xff,
    0xe0, 0x1, 0xff, 0xfc, 0x7f, 0xfe, 0x0, 0x7,
    0xff, 0xe3, 0xff, 0xf0, 0x0, 0x3f, 0xff, 0x0,
    0x0, 0x0, 0x1, 0xff, 0xf8, 0x0, 0x0, 0x0,
    0xf, 0xff, 0xc0, 0x0, 0x0, 0x0, 0x7f, 0xfe,
    0x0, 0x0, 0x0, 0x3, 0xff, 0xf0, 0x0, 0x0,
    0x0, 0x1f, 0xff, 0x80, 0x0, 0x1f, 0xff, 0xff,
    0xfc, 0x0, 0xf, 0xff, 0xff, 0xff, 0xe0, 0x3,
    0xff, 0xff, 0xff, 0xff, 0x0, 0x7f, 0xff, 0xff,
    0xff, 0xf8, 0x7, 0xff, 0xff, 0xff, 0xff, 0xc0,
    0xff, 0xff, 0xff, 0xff, 0xfe, 0x7, 0xff, 0xff,
    0xff, 0xff, 0xf0, 0x7f, 0xff, 0xc0, 0x1f, 0xff,
    0x87, 0xff, 0xf8, 0x0, 0xff, 0xfc, 0x3f, 0xff,
    0x0, 0x7, 0xff, 0xe3, 0xff, 0xf0, 0x0, 0x3f,
    0xff, 0x1f, 0xff, 0x80, 0x1, 0xff, 0xf9, 0xff,
    0xf8, 0x0, 0xf, 0xff, 0xcf, 0xff, 0xc0, 0x0,
    0x7f, 0xfe, 0x7f, 0xfe, 0x0, 0x3, 0xff, 0xf3,
    0xff, 0xf0, 0x0, 0x1f, 0xff, 0x9f, 0xff, 0x80,
    0x0, 0xff, 0xfc, 0xff, 0xfc, 0x0, 0xf, 0xff,
    0xe7, 0xff, 0xf0, 0x0, 0x7f, 0xff, 0x3f, 0xff,
    0x80, 0x7, 0xff, 0xf9, 0xff, 0xfe, 0x0, 0x7f,
    0xff, 0xc7, 0xff, 0xfc, 0x1f, 0xff, 0xfe, 0x3f,
    0xff, 0xff, 0xff, 0xff, 0xf0, 0xff, 0xff, 0xff,
    0xff, 0xff, 0x87, 0xff, 0xff, 0xff, 0xff, 0xfc,
    0x1f, 0xff, 0xff, 0xff, 0xff, 0xe0, 0x7f, 0xff,
    0xff, 0xff, 0xff, 0x81, 0xff, 0xff, 0xfe, 0xff,
    0xfc, 0x7, 0xff, 0xff, 0xe7, 0xff, 0xe0, 0x1f,
    0xff, 0xfc, 0x1f, 0xff, 0x0, 0x3f, 0xff, 0x80,
    0xff, 0xfc, 0x0, 0x3f, 0xe0, 0x0, 0x0, 0x0,

    /* U+00E5 "å" */
    0x0, 0x0, 0xf, 0xc0, 0x0, 0x0, 0x0, 0x3,
    0xff, 0xc0, 0x0, 0x0, 0x0, 0x3f, 0xff, 0x0,
    0x0, 0x0, 0x3, 0xff, 0xfc, 0x0, 0x0, 0x0,
    0x3f, 0x87, 0xf0, 0x0, 0x0, 0x1, 0xf0, 0xf,
    0x80, 0x0, 0x0, 0x1f, 0x80, 0x7e, 0x0, 0x0,
    0x0, 0xf8, 0x1, 0xf0, 0x0, 0x0, 0x7, 0xc0,
    0xf, 0x80, 0x0, 0x0, 0x3e, 0x0, 0x7c, 0x0,
    0x0, 0x1, 0xf0, 0x3, 0xe0, 0x0, 0x0, 0xf,
    0xc0, 0x3f, 0x0, 0x0, 0x0, 0x3e, 0x1, 0xf0,
    0x0, 0x0, 0x1, 0xfc, 0x3f, 0x80, 0x0, 0x0,
    0x7, 0xff, 0xf8, 0x0, 0x0, 0x0, 0x1f, 0xff,
    0x80, 0x0, 0x0, 0x0, 0x7f, 0xf8, 0x0, 0x0,
    0x0, 0x0, 0x7f, 0x0, 0x0, 0x0, 0x0, 0x0,
    0x0, 0x0, 0x0, 0x0, 0x0, 0x0, 0x0, 0x0,
    0x0, 0x0, 0x0, 0x0, 0x0, 0x0, 0x0, 0x0,
    0x0, 0x0, 0x0, 0x0, 0x0, 0x0, 0x0, 0x0,
    0x0, 0x0, 0x0, 0x0, 0x0, 0x0, 0x0, 0x0,
    0x0, 0x7f, 0xf0, 0x0, 0x0, 0x0, 0x3f, 0xff,
    0xf8, 0x0, 0x0, 0x7, 0xff, 0xff, 0xf0, 0x0,
    0x0, 0xff, 0xff, 0xff, 0xe0, 0x0, 0x1f, 0xff,
    0xff, 0xff, 0x80, 0x1, 0xff, 0xff, 0xff, 0xfe,
    0x0, 0x1f, 0xff, 0xff, 0xff, 0xf8, 0x1, 0xff,
    0xff, 0xff, 0xff, 0xe0, 0x1f, 0xff, 0xff, 0xff,
    0xff, 0x80, 0xff, 0xff, 0xff, 0xff, 0xfc, 0xf,
    0xff, 0xf8, 0x1f, 0xff, 0xf0, 0x7f, 0xff, 0x0,
    0x3f, 0xff, 0x83, 0xff, 0xf0, 0x0, 0xff, 0xfc,
    0x3f, 0xff, 0x80, 0x7, 0xff, 0xf1, 0xff, 0xf8,
    0x0, 0x1f, 0xff, 0x8f, 0xff, 0xc0, 0x0, 0xff,
    0xfc, 0x0, 0x0, 0x0, 0x7, 0xff, 0xe0, 0x0,
    0x0, 0x0, 0x3f, 0xff, 0x0, 0x0, 0x0, 0x1,
    0xff, 0xf8, 0x0, 0x0, 0x0, 0xf, 0xff, 0xc0,
    0x0, 0x0, 0x0, 0x7f, 0xfe, 0x0, 0x0, 0x7f,
    0xff, 0xff, 0xf0, 0x0, 0x3f, 0xff, 0xff, 0xff,
    0x80, 0xf, 0xff, 0xff, 0xff, 0xfc, 0x1, 0xff,
    0xff, 0xff, 0xff, 0xe0, 0x1f, 0xff, 0xff, 0xff,
    0xff, 0x3, 0xff, 0xff, 0xff, 0xff, 0xf8, 0x1f,
    0xff, 0xff, 0xff, 0xff, 0xc1, 0xff, 0xff, 0x0,
    0x7f, 0xfe, 0x1f, 0xff, 0xe0, 0x3, 0xff, 0xf0,
    0xff, 0xfc, 0x0, 0x1f, 0xff, 0x8f, 0xff, 0xc0,
    0x0, 0xff, 0xfc, 0x7f, 0xfe, 0x0, 0x7, 0xff,
    0xe7, 0xff, 0xe0, 0x0, 0x3f, 0xff, 0x3f, 0xff,
    0x0, 0x1, 0xff, 0xf9, 0xff, 0xf8, 0x0, 0xf,
    0xff, 0xcf, 0xff, 0xc0, 0x0, 0x7f, 0xfe, 0x7f,
    0xfe, 0x0, 0x3, 0xff, 0xf3, 0xff, 0xf0, 0x0,
    0x3f, 0xff, 0x9f, 0xff, 0xc0, 0x1, 0xff, 0xfc,
    0xff, 0xfe, 0x0, 0x1f, 0xff, 0xe7, 0xff, 0xf8,
    0x1, 0xff, 0xff, 0x1f, 0xff, 0xf0, 0x7f, 0xff,
    0xf8, 0xff, 0xff, 0xff, 0xff, 0xff, 0xc3, 0xff,
    0xff, 0xff, 0xff, 0xfe, 0x1f, 0xff, 0xff, 0xff,
    0xff, 0xf0, 0x7f, 0xff, 0xff, 0xff, 0xff, 0x81,
    0xff, 0xff, 0xff, 0xff, 0xfe, 0x7, 0xff, 0xff,
    0xfb, 0xff, 0xf0, 0x1f, 0xff, 0xff, 0x9f, 0xff,
    0x80, 0x7f, 0xff, 0xf0, 0x7f, 0xfc, 0x0, 0xff,
    0xfe, 0x3, 0xff, 0xf0, 0x0, 0xff, 0xc0, 0x0,
    0x0, 0x0,

    /* U+00E6 "æ" */
    0x0, 0x0, 0x7f, 0xf8, 0x0, 0x0, 0x7f, 0xf0,
    0x0, 0x0, 0x0, 0x7f, 0xff, 0xf8, 0x0, 0x7f,
    0xff, 0xe0, 0x0, 0x0, 0x1f, 0xff, 0xff, 0xe0,
    0x1f, 0xff, 0xff, 0x80, 0x0, 0x7, 0xff, 0xff,
    0xff, 0x87, 0xff, 0xff, 0xfe, 0x0, 0x1, 0xff,
    0xff, 0xff, 0xfc, 0xff, 0xff, 0xff, 0xf0, 0x0,
    0x3f, 0xff, 0xff, 0xff, 0xff, 0xff, 0xff, 0xff,
    0xc0, 0x7, 0xff, 0xff, 0xff, 0xff, 0xff, 0xff,
    0xff, 0xfc, 0x0, 0xff, 0xff, 0xff, 0xff, 0xff,
    0xff, 0xff, 0xff, 0xe0, 0x1f, 0xff, 0xff, 0xff,
    0xff, 0xff, 0xff, 0xff, 0xff, 0x1, 0xff, 0xff,
    0xff, 0xff, 0xff, 0xff, 0xff, 0xff, 0xf8, 0x3f,
    0xff, 0xf0, 0x3f, 0xff, 0xff, 0xe0, 0x7f, 0xff,
    0x83, 0xff, 0xfc, 0x0, 0xff, 0xff, 0xf8, 0x1,
    0xff, 0xfc, 0x7f, 0xff, 0x80, 0x7, 0xff, 0xff,
    0x0, 0xf, 0xff, 0xc7, 0xff, 0xf0, 0x0, 0x3f,
    0xff, 0xe0, 0x0, 0xff, 0xfc, 0x7f, 0xfe, 0x0,
    0x3, 0xff, 0xfc, 0x0, 0x7, 0xff, 0xe7, 0xff,
    0xe0, 0x0, 0x1f, 0xff, 0xc0, 0x0, 0x7f, 0xfe,
    0x0, 0x0, 0x0, 0x1, 0xff, 0xf8, 0x0, 0x3,
    0xff, 0xe0, 0x0, 0x0, 0x0, 0x1f, 0xff, 0x80,
    0x0, 0x3f, 0xfe, 0x0, 0x0, 0x0, 0x1, 0xff,
    0xf8, 0x0, 0x3, 0xff, 0xf0, 0x0, 0x0, 0x0,
    0x1f, 0xff, 0x80, 0x0, 0x3f, 0xff, 0x0, 0x0,
    0x0, 0x1, 0xff, 0xf0, 0x0, 0x3, 0xff, 0xf0,
    0x0, 0x0, 0x0, 0x1f, 0xff, 0x0, 0x0, 0x3f,
    0xff, 0x0, 0x0, 0xff, 0xff, 0xff, 0xff, 0xff,
    0xff, 0xff, 0xf0, 0x1, 0xff, 0xff, 0xff, 0xff,
    0xff, 0xff, 0xff, 0xff, 0x0, 0x7f, 0xff, 0xff,
    0xff, 0xff, 0xff, 0xff, 0xff, 0xf0, 0x1f, 0xff,
    0xff, 0xff, 0xff, 0xff, 0xff, 0xff, 0xff, 0x7,
    0xff, 0xff, 0xff, 0xff, 0xff, 0xff, 0xff, 0xff,
    0xf0, 0xff, 0xff, 0xff, 0xff, 0xff, 0xff, 0xff,
    0xff, 0xff, 0x1f, 0xff, 0xff, 0xff, 0xff, 0xff,
    0xff, 0xff, 0xff, 0xf3, 0xff, 0xff, 0xff, 0xff,
    0xff, 0xff, 0xff, 0xff, 0xff, 0x3f, 0xff, 0xf0,
    0x1, 0xff, 0xff, 0xff, 0xff, 0xff, 0xf7, 0xff,
    0xfc, 0x0, 0x1f, 0xff, 0x0, 0x0, 0x0, 0x0,
    0x7f, 0xff, 0x0, 0x1, 0xff, 0xf0, 0x0, 0x0,
    0x0, 0xf, 0xff, 0xe0, 0x0, 0x1f, 0xff, 0x80,
    0x0, 0x0, 0x0, 0xff, 0xfe, 0x0, 0x1, 0xff,
    0xf8, 0x0, 0x0, 0x0, 0xf, 0xff, 0xc0, 0x0,
    0x1f, 0xff, 0x80, 0x0, 0x0, 0x0, 0xff, 0xfc,
    0x0, 0x1, 0xff, 0xfc, 0x0, 0x0, 0x0, 0xf,
    0xff, 0xc0, 0x0, 0x1f, 0xff, 0xc0, 0x0, 0x0,
    0x0, 0xff, 0xfc, 0x0, 0x1, 0xff, 0xfe, 0x0,
    0x0, 0x0, 0xf, 0xff, 0xc0, 0x0, 0x1f, 0xff,
    0xe0, 0x0, 0x0, 0x20, 0xff, 0xfe, 0x0, 0x3,
    0xff, 0xff, 0x80, 0x0, 0xe, 0xf, 0xff, 0xe0,
    0x0, 0x7f, 0xff, 0xfc, 0x0, 0x3, 0xf0, 0x7f,
    0xff, 0x0, 0x1f, 0xff, 0xff, 0xf8, 0x3, 0xff,
    0x7, 0xff, 0xfc, 0x7, 0xff, 0xff, 0xff, 0xff,
    0xff, 0xf8, 0x3f, 0xff, 0xff, 0xff, 0xff, 0xff,
    0xff, 0xff, 0xff, 0x83, 0xff, 0xff, 0xff, 0xff,
    0xff, 0xff, 0xff, 0xff, 0xfc, 0x1f, 0xff, 0xff,
    0xff, 0xfb, 0xff, 0xff, 0xff, 0xff, 0xc0, 0xff,
    0xff, 0xff, 0xff, 0x1f, 0xff, 0xff, 0xff, 0xfc,
    0x7, 0xff, 0xff, 0xff, 0xe0, 0xff, 0xff, 0xff,
    0xff, 0x80, 0x3f, 0xff, 0xff, 0xf8, 0x7, 0xff,
    0xff, 0xff, 0xe0, 0x1, 0xff, 0xff, 0xfe, 0x0,
    0x1f, 0xff, 0xff, 0xf8, 0x0, 0x7, 0xff, 0xff,
    0x80, 0x0, 0x3f, 0xff, 0xfc, 0x0, 0x0, 0x7,
    0xff, 0x80, 0x0, 0x0, 0x3f, 0xfc, 0x0, 0x0,

    /* U+00E7 "ç" */
    0x0, 0x0, 0x3f, 0xf0, 0x0, 0x0, 0x0, 0x3f,
    0xff, 0xf0, 0x0, 0x0, 0xf, 0xff, 0xff, 0xc0,
    0x0, 0x3, 0xff, 0xff, 0xff, 0x0, 0x0, 0x7f,
    0xff, 0xff, 0xf8, 0x0, 0xf, 0xff, 0xff, 0xff,
    0xc0, 0x1, 0xff, 0xff, 0xff, 0xfe, 0x0, 0x3f,
    0xff, 0xff, 0xff, 0xf0, 0x7, 0xff, 0xff, 0xff,
    0xff, 0x80, 0xff, 0xff, 0xff, 0xff, 0xfc, 0xf,
    0xff, 0xf0, 0x3f, 0xff, 0xc1, 0xff, 0xfc, 0x0,
    0xff, 0xfe, 0x1f, 0xff, 0x80, 0x7, 0xff, 0xe3,
    0xff, 0xf0, 0x0, 0x7f, 0xfe, 0x3f, 0xff, 0x0,
    0x3, 0xff, 0xe7, 0xff, 0xe0, 0x0, 0x3f, 0xff,
    0x7f, 0xfe, 0x0, 0x1, 0xff, 0xf7, 0xff, 0xe0,
    0x0, 0x1f, 0xff, 0x7f, 0xfe, 0x0, 0x1, 0xff,
    0xf7, 0xff, 0xc0, 0x0, 0x0, 0x0, 0xff, 0xfc,
    0x0, 0x0, 0x0, 0xf, 0xff, 0xc0, 0x0, 0x0,
    0x0, 0xff, 0xfc, 0x0, 0x0, 0x0, 0xf, 0xff,
    0xc0, 0x0, 0x0, 0x0, 0xff, 0xfc, 0x0, 0x0,
    0x0, 0xf, 0xff, 0xc0, 0x0, 0x0, 0x0, 0xff,
    0xfc, 0x0, 0x0, 0x0, 0xf, 0xff, 0xc0, 0x0,
    0x0, 0x0, 0xff, 0xfc, 0x0, 0x0, 0x0, 0xf,
    0xff, 0xc0, 0x0, 0x0, 0x0, 0xff, 0xfc, 0x0,
    0x0, 0x0, 0xf, 0xff, 0xc0, 0x0, 0x0, 0x0,
    0xff, 0xfc, 0x0, 0x0, 0x0, 0x7, 0xff, 0xc0,
    0x0, 0x0, 0x0, 0x7f, 0xfe, 0x0, 0x1, 0xff,
    0xf7, 0xff, 0xe0, 0x0, 0x1f, 0xff, 0x7f, 0xfe,
    0x0, 0x1, 0xff, 0xf7, 0xff, 0xf0, 0x0, 0x3f,
    0xff, 0x3f, 0xff, 0x0, 0x3, 0xff, 0xf3, 0xff,
    0xf8, 0x0, 0x7f, 0xfe, 0x1f, 0xff, 0xc0, 0xf,
    0xff, 0xe1, 0xff, 0xfe, 0x1, 0xff, 0xfe, 0xf,
    0xff, 0xff, 0xff, 0xff, 0xc0, 0xff, 0xff, 0xff,
    0xff, 0xf8, 0x7, 0xff, 0xff, 0xff, 0xff, 0x80,
    0x3f, 0xff, 0xff, 0xff, 0xf0, 0x1, 0xff, 0xff,
    0xff, 0xfe, 0x0, 0xf, 0xff, 0xff, 0xff, 0xc0,
    0x0, 0x7f, 0xff, 0xff, 0xf8, 0x0, 0x3, 0xff,
    0xff, 0xff, 0x0, 0x0, 0xf, 0xff, 0xff, 0xc0,
    0x0, 0x0, 0x3f, 0xff, 0xf0, 0x0, 0x0, 0x0,
    0x3f, 0xf0, 0x0, 0x0, 0x0, 0x3, 0xff, 0x0,
    0x0, 0x0, 0x0, 0x3f, 0xf0, 0x0, 0x0, 0x0,
    0x3, 0xff, 0xc0, 0x0, 0x0, 0x0, 0x3f, 0xff,
    0x0, 0x0, 0x0, 0x7, 0xff, 0xf8, 0x0, 0x0,
    0x0, 0x7f, 0xff, 0xc0, 0x0, 0x0, 0x0, 0x7f,
    0xfc, 0x0, 0x0, 0x0, 0x1, 0xff, 0xe0, 0x0,
    0x0, 0x0, 0xf, 0xfe, 0x0, 0x0, 0x0, 0x0,
    0xff, 0xe0, 0x0, 0x0, 0x0, 0xf, 0xfe, 0x0,
    0x0, 0x0, 0x0, 0xff, 0xe0, 0x0, 0x0, 0x0,
    0x1f, 0xfe, 0x0, 0x0, 0x0, 0x3, 0xff, 0xc0,
    0x0, 0x0, 0x1, 0xff, 0xfc, 0x0, 0x0, 0x0,
    0x1f, 0xff, 0x80, 0x0, 0x0, 0x1, 0xff, 0xf8,
    0x0, 0x0, 0x0, 0x1f, 0xfe, 0x0, 0x0, 0x0,
    0x1, 0xff, 0xc0, 0x0, 0x0, 0x0, 0x1f, 0xf0,
    0x0, 0x0, 0x0, 0x1, 0xf0, 0x0, 0x0,

    /* U+00E8 "è" */
    0x3, 0xff, 0xf0, 0x0, 0x0, 0x0, 0xf, 0xff,
    0xe0, 0x0, 0x0, 0x0, 0x1f, 0xff, 0x80, 0x0,
    0x0, 0x0, 0x3f, 0xff, 0x0, 0x0, 0x0, 0x0,
    0x7f, 0xfc, 0x0, 0x0, 0x0, 0x0, 0xff, 0xf8,
    0x0, 0x0, 0x0, 0x1, 0xff, 0xf0, 0x0, 0x0,
    0x0, 0x3, 0xff, 0xc0, 0x0, 0x0, 0x0, 0x7,
    0xff, 0x80, 0x0, 0x0, 0x0, 0xf, 0xff, 0x0,
    0x0, 0x0, 0x0, 0x1f, 0xfc, 0x0, 0x0, 0x0,
    0x0, 0x3f, 0xf8, 0x0, 0x0, 0x0, 0x0, 0x7f,
    0xe0, 0x0, 0x0, 0x0, 0x1, 0xff, 0xc0, 0x0,
    0x0, 0x0, 0x0, 0x0, 0x0, 0x0, 0x0, 0x0,
    0x0, 0x0, 0x0, 0x0, 0x0, 0x0, 0x0, 0x0,
    0x0, 0x0, 0x0, 0x0, 0x0, 0x0, 0x0, 0x0,
    0x0, 0x0, 0x0, 0x0, 0x0, 0x0, 0x0, 0x0,
    0x0, 0x0, 0x0, 0x0, 0x0, 0x3f, 0xf8, 0x0,
    0x0, 0x0, 0x7, 0xff, 0xfe, 0x0, 0x0, 0x0,
    0x7f, 0xff, 0xfe, 0x0, 0x0, 0x7, 0xff, 0xff,
    0xfc, 0x0, 0x0, 0x7f, 0xff, 0xff, 0xfc, 0x0,
    0x3, 0xff, 0xff, 0xff, 0xf8, 0x0, 0x1f, 0xff,
    0xff, 0xff, 0xf0, 0x0, 0xff, 0xff, 0xff, 0xff,
    0xe0, 0x7, 0xff, 0xff, 0xff, 0xff, 0x80, 0x1f,
    0xff, 0xff, 0xff, 0xff, 0x0, 0xff, 0xff, 0x83,
    0xff, 0xfe, 0x7, 0xff, 0xf8, 0x3, 0xff, 0xf8,
    0x1f, 0xff, 0xc0, 0x7, 0xff, 0xf0, 0xff, 0xfe,
    0x0, 0xf, 0xff, 0xc3, 0xff, 0xf0, 0x0, 0x1f,
    0xff, 0xf, 0xff, 0xc0, 0x0, 0x7f, 0xfe, 0x7f,
    0xfe, 0x0, 0x1, 0xff, 0xf9, 0xff, 0xf8, 0x0,
    0x3, 0xff, 0xe7, 0xff, 0xe0, 0x0, 0xf, 0xff,
    0x9f, 0xff, 0x80, 0x0, 0x3f, 0xff, 0xff, 0xfc,
    0x0, 0x0, 0xff, 0xff, 0xff, 0xf0, 0x0, 0x3,
    0xff, 0xff, 0xff, 0xff, 0xff, 0xff, 0xff, 0xff,
    0xff, 0xff, 0xff, 0xff, 0xff, 0xff, 0xff, 0xff,
    0xff, 0xff, 0xff, 0xff, 0xff, 0xff, 0xff, 0xff,
    0xff, 0xff, 0xff, 0xff, 0xff, 0xff, 0xff, 0xff,
    0xff, 0xff, 0xff, 0xff, 0xff, 0xff, 0xff, 0xff,
    0xff, 0xff, 0xff, 0xff, 0xff, 0xff, 0xff, 0xff,
    0xff, 0xff, 0xff, 0xff, 0xff, 0xff, 0xff, 0x0,
    0x0, 0x0, 0x0, 0xff, 0xfc, 0x0, 0x0, 0x0,
    0x3, 0xff, 0xf8, 0x0, 0x0, 0x0, 0x7, 0xff,
    0xe0, 0x0, 0x0, 0x0, 0x1f, 0xff, 0x80, 0x0,
    0x0, 0x0, 0x7f, 0xff, 0x0, 0x0, 0x0, 0x0,
    0xff, 0xfc, 0x0, 0x0, 0x0, 0x3, 0xff, 0xf8,
    0x0, 0x0, 0x60, 0xf, 0xff, 0xf0, 0x0, 0x3,
    0xc0, 0x1f, 0xff, 0xe0, 0x0, 0x3f, 0x80, 0x7f,
    0xff, 0xc0, 0x1, 0xff, 0x0, 0xff, 0xff, 0xe0,
    0x3f, 0xfe, 0x1, 0xff, 0xff, 0xff, 0xff, 0xfc,
    0x3, 0xff, 0xff, 0xff, 0xff, 0xf8, 0xf, 0xff,
    0xff, 0xff, 0xff, 0xc0, 0x1f, 0xff, 0xff, 0xff,
    0xfe, 0x0, 0x1f, 0xff, 0xff, 0xff, 0xf0, 0x0,
    0x3f, 0xff, 0xff, 0xff, 0x0, 0x0, 0x7f, 0xff,
    0xff, 0xf8, 0x0, 0x0, 0x7f, 0xff, 0xff, 0x80,
    0x0, 0x0, 0x3f, 0xff, 0xf8, 0x0, 0x0, 0x0,
    0x1f, 0xfe, 0x0, 0x0,

    /* U+00E9 "é" */
    0x0, 0x0, 0x0, 0xff, 0xfe, 0x0, 0x0, 0x0,
    0x3, 0xff, 0xf0, 0x0, 0x0, 0x0, 0x1f, 0xff,
    0x80, 0x0, 0x0, 0x0, 0xff, 0xfc, 0x0, 0x0,
    0x0, 0x3, 0xff, 0xe0, 0x0, 0x0, 0x0, 0x1f,
    0xff, 0x0, 0x0, 0x0, 0x0, 0x7f, 0xf8, 0x0,
    0x0, 0x0, 0x3, 0xff, 0xc0, 0x0, 0x0, 0x0,
    0x1f, 0xfe, 0x0, 0x0, 0x0, 0x0, 0x7f, 0xf0,
    0x0, 0x0, 0x0, 0x3, 0xff, 0xc0, 0x0, 0x0,
    0x0, 0xf, 0xfe, 0x0, 0x0, 0x0, 0x0, 0x7f,
    0xf0, 0x0, 0x0, 0x0, 0x3, 0xff, 0x80, 0x0,
    0x0, 0x0, 0x0, 0x0, 0x0, 0x0, 0x0, 0x0,
    0x0, 0x0, 0x0, 0x0, 0x0, 0x0, 0x0, 0x0,
    0x0, 0x0, 0x0, 0x0, 0x0, 0x0, 0x0, 0x0,
    0x0, 0x0, 0x0, 0x0, 0x0, 0x0, 0x0, 0x0,
    0x0, 0x0, 0x0, 0x0, 0x0, 0x3f, 0xf8, 0x0,
    0x0, 0x0, 0x7, 0xff, 0xfe, 0x0, 0x0, 0x0,
    0x7f, 0xff, 0xfe, 0x0, 0x0, 0x7, 0xff, 0xff,
    0xfc, 0x0, 0x0, 0x7f, 0xff, 0xff, 0xfc, 0x0,
    0x3, 0xff, 0xff, 0xff, 0xf8, 0x0, 0x1f, 0xff,
    0xff, 0xff, 0xf0, 0x0, 0xff, 0xff, 0xff, 0xff,
    0xe0, 0x7, 0xff, 0xff, 0xff, 0xff, 0x80, 0x1f,
    0xff, 0xff, 0xff, 0xff, 0x0, 0xff, 0xff, 0x83,
    0xff, 0xfe, 0x7, 0xff, 0xf8, 0x3, 0xff, 0xf8,
    0x1f, 0xff, 0xc0, 0x7, 0xff, 0xf0, 0xff, 0xfe,
    0x0, 0xf, 0xff, 0xc3, 0xff, 0xf0, 0x0, 0x1f,
    0xff, 0xf, 0xff, 0xc0, 0x0, 0x7f, 0xfe, 0x7f,
    0xfe, 0x0, 0x1, 0xff, 0xf9, 0xff, 0xf8, 0x0,
    0x3, 0xff, 0xe7, 0xff, 0xe0, 0x0, 0xf, 0xff,
    0x9f, 0xff, 0x80, 0x0, 0x3f, 0xff, 0xff, 0xfc,
    0x0, 0x0, 0xff, 0xff, 0xff, 0xf0, 0x0, 0x3,
    0xff, 0xff, 0xff, 0xff, 0xff, 0xff, 0xff, 0xff,
    0xff, 0xff, 0xff, 0xff, 0xff, 0xff, 0xff, 0xff,
    0xff, 0xff, 0xff, 0xff, 0xff, 0xff, 0xff, 0xff,
    0xff, 0xff, 0xff, 0xff, 0xff, 0xff, 0xff, 0xff,
    0xff, 0xff, 0xff, 0xff, 0xff, 0xff, 0xff, 0xff,
    0xff, 0xff, 0xff, 0xff, 0xff, 0xff, 0xff, 0xff,
    0xff, 0xff, 0xff, 0xff, 0xff, 0xff, 0xff, 0x0,
    0x0, 0x0, 0x0, 0xff, 0xfc, 0x0, 0x0, 0x0,
    0x3, 0xff, 0xf8, 0x0, 0x0, 0x0, 0x7, 0xff,
    0xe0, 0x0, 0x0, 0x0, 0x1f, 0xff, 0x80, 0x0,
    0x0, 0x0, 0x7f, 0xff, 0x0, 0x0, 0x0, 0x0,
    0xff, 0xfc, 0x0, 0x0, 0x0, 0x3, 0xff, 0xf8,
    0x0, 0x0, 0x60, 0xf, 0xff, 0xf0, 0x0, 0x3,
    0xc0, 0x1f, 0xff, 0xe0, 0x0, 0x3f, 0x80, 0x7f,
    0xff, 0xc0, 0x1, 0xff, 0x0, 0xff, 0xff, 0xe0,
    0x3f, 0xfe, 0x1, 0xff, 0xff, 0xff, 0xff, 0xfc,
    0x3, 0xff, 0xff, 0xff, 0xff, 0xf8, 0xf, 0xff,
    0xff, 0xff, 0xff, 0xc0, 0x1f, 0xff, 0xff, 0xff,
    0xfe, 0x0, 0x1f, 0xff, 0xff, 0xff, 0xf0, 0x0,
    0x3f, 0xff, 0xff, 0xff, 0x0, 0x0, 0x7f, 0xff,
    0xff, 0xf8, 0x0, 0x0, 0x7f, 0xff, 0xff, 0x80,
    0x0, 0x0, 0x3f, 0xff, 0xf8, 0x0, 0x0, 0x0,
    0x1f, 0xfe, 0x0, 0x0,

    /* U+00EA "ê" */
    0x0, 0x0, 0x3f, 0xc0, 0x0, 0x0, 0x0, 0x1,
    0xff, 0x80, 0x0, 0x0, 0x0, 0xf, 0xff, 0x0,
    0x0, 0x0, 0x0, 0x7f, 0xfe, 0x0, 0x0, 0x0,
    0x3, 0xff, 0xfc, 0x0, 0x0, 0x0, 0x1f, 0xff,
    0xf8, 0x0, 0x0, 0x0, 0xff, 0xff, 0xf0, 0x0,
    0x0, 0x7, 0xff, 0xff, 0xe0, 0x0, 0x0, 0x3f,
    0xf9, 0xff, 0xc0, 0x0, 0x1, 0xff, 0xc3, 0xff,
    0x80, 0x0, 0xf, 0xfe, 0x7, 0xff, 0x0, 0x0,
    0xff, 0xf0, 0xf, 0xfe, 0x0, 0x7, 0xff, 0x80,
    0x1f, 0xfc, 0x0, 0x3f, 0xfc, 0x0, 0x3f, 0xf8,
    0x0, 0x0, 0x0, 0x0, 0x0, 0x0, 0x0, 0x0,
    0x0, 0x0, 0x0, 0x0, 0x0, 0x0, 0x0, 0x0,
    0x0, 0x0, 0x0, 0x0, 0x0, 0x0, 0x0, 0x0,
    0x0, 0x0, 0x0, 0x0, 0x0, 0x0, 0x0, 0x0,
    0x0, 0x0, 0x0, 0x0, 0x0, 0x0, 0x0, 0x0,
    0x0, 0x0, 0x0, 0xff, 0xe0, 0x0, 0x0, 0x0,
    0x1f, 0xff, 0xf8, 0x0, 0x0, 0x1, 0xff, 0xff,
    0xf8, 0x0, 0x0, 0x1f, 0xff, 0xff, 0xf0, 0x0,
    0x1, 0xff, 0xff, 0xff, 0xf0, 0x0, 0xf, 0xff,
    0xff, 0xff, 0xe0, 0x0, 0x7f, 0xff, 0xff, 0xff,
    0xc0, 0x3, 0xff, 0xff, 0xff, 0xff, 0x80, 0x1f,
    0xff, 0xff, 0xff, 0xfe, 0x0, 0x7f, 0xff, 0xff,
    0xff, 0xfc, 0x3, 0xff, 0xfe, 0xf, 0xff, 0xf8,
    0x1f, 0xff, 0xe0, 0xf, 0xff, 0xe0, 0x7f, 0xff,
    0x0, 0x1f, 0xff, 0xc3, 0xff, 0xf8, 0x0, 0x3f,
    0xff, 0xf, 0xff, 0xc0, 0x0, 0x7f, 0xfc, 0x3f,
    0xff, 0x0, 0x1, 0xff, 0xf9, 0xff, 0xf8, 0x0,
    0x7, 0xff, 0xe7, 0xff, 0xe0, 0x0, 0xf, 0xff,
    0x9f, 0xff, 0x80, 0x0, 0x3f, 0xfe, 0x7f, 0xfe,
    0x0, 0x0, 0xff, 0xff, 0xff, 0xf0, 0x0, 0x3,
    0xff, 0xff, 0xff, 0xc0, 0x0, 0xf, 0xff, 0xff,
    0xff, 0xff, 0xff, 0xff, 0xff, 0xff, 0xff, 0xff,
    0xff, 0xff, 0xff, 0xff, 0xff, 0xff, 0xff, 0xff,
    0xff, 0xff, 0xff, 0xff, 0xff, 0xff, 0xff, 0xff,
    0xff, 0xff, 0xff, 0xff, 0xff, 0xff, 0xff, 0xff,
    0xff, 0xff, 0xff, 0xff, 0xff, 0xff, 0xff, 0xff,
    0xff, 0xff, 0xff, 0xff, 0xff, 0xff, 0xff, 0xff,
    0xff, 0xff, 0xff, 0xff, 0xfc, 0x0, 0x0, 0x0,
    0x3, 0xff, 0xf0, 0x0, 0x0, 0x0, 0xf, 0xff,
    0xe0, 0x0, 0x0, 0x0, 0x1f, 0xff, 0x80, 0x0,
    0x0, 0x0, 0x7f, 0xfe, 0x0, 0x0, 0x0, 0x1,
    0xff, 0xfc, 0x0, 0x0, 0x0, 0x3, 0xff, 0xf0,
    0x0, 0x0, 0x0, 0xf, 0xff, 0xe0, 0x0, 0x1,
    0x80, 0x3f, 0xff, 0xc0, 0x0, 0xf, 0x0, 0x7f,
    0xff, 0x80, 0x0, 0xfe, 0x1, 0xff, 0xff, 0x0,
    0x7, 0xfc, 0x3, 0xff, 0xff, 0x80, 0xff, 0xf8,
    0x7, 0xff, 0xff, 0xff, 0xff, 0xf0, 0xf, 0xff,
    0xff, 0xff, 0xff, 0xe0, 0x3f, 0xff, 0xff, 0xff,
    0xff, 0x0, 0x7f, 0xff, 0xff, 0xff, 0xf8, 0x0,
    0x7f, 0xff, 0xff, 0xff, 0xc0, 0x0, 0xff, 0xff,
    0xff, 0xfc, 0x0, 0x1, 0xff, 0xff, 0xff, 0xe0,
    0x0, 0x1, 0xff, 0xff, 0xfe, 0x0, 0x0, 0x0,
    0xff, 0xff, 0xe0, 0x0, 0x0, 0x0, 0x7f, 0xf8,
    0x0, 0x0,

    /* U+00EB "ë" */
    0x0, 0xf8, 0x0, 0x1, 0xf0, 0x0, 0xf, 0xf8,
    0x0, 0x1f, 0xf0, 0x0, 0x7f, 0xf0, 0x0, 0xff,
    0xe0, 0x1, 0xff, 0xc0, 0x3, 0xff, 0x80, 0xf,
    0xff, 0x80, 0x1f, 0xff, 0x0, 0x3f, 0xfe, 0x0,
    0x7f, 0xfc, 0x0, 0xff, 0xf8, 0x1, 0xff, 0xf0,
    0x3, 0xff, 0xe0, 0x7, 0xff, 0xc0, 0x7, 0xff,
    0x0, 0x1f, 0xfe, 0x0, 0x1f, 0xfc, 0x0, 0x3f,
    0xf8, 0x0, 0x3f, 0xe0, 0x0, 0x7f, 0xc0, 0x0,
    0x3e, 0x0, 0x0, 0x7c, 0x0, 0x0, 0x0, 0x0,
    0x0, 0x0, 0x0, 0x0, 0x0, 0x0, 0x0, 0x0,
    0x0, 0x0, 0x0, 0x0, 0x0, 0x0, 0x0, 0x0,
    0x0, 0x0, 0x0, 0x0, 0x0, 0x0, 0x0, 0x0,
    0x0, 0x0, 0x0, 0x0, 0x0, 0x0, 0x0, 0x0,
    0x0, 0x0, 0x0, 0x0, 0x0, 0x0, 0x0, 0xf,
    0xfe, 0x0, 0x0, 0x0, 0x1, 0xff, 0xff, 0x80,
    0x0, 0x0, 0x1f, 0xff, 0xff, 0x80, 0x0, 0x1,
    0xff, 0xff, 0xff, 0x0, 0x0, 0x1f, 0xff, 0xff,
    0xff, 0x0, 0x0, 0xff, 0xff, 0xff, 0xfe, 0x0,
    0x7, 0xff, 0xff, 0xff, 0xfc, 0x0, 0x3f, 0xff,
    0xff, 0xff, 0xf8, 0x1, 0xff, 0xff, 0xff, 0xff,
    0xe0, 0x7, 0xff, 0xff, 0xff, 0xff, 0xc0, 0x3f,
    0xff, 0xe0, 0xff, 0xff, 0x81, 0xff, 0xfe, 0x0,
    0xff, 0xfe, 0x7, 0xff, 0xf0, 0x1, 0xff, 0xfc,
    0x3f, 0xff, 0x80, 0x3, 0xff, 0xf0, 0xff, 0xfc,
    0x0, 0x7, 0xff, 0xc3, 0xff, 0xf0, 0x0, 0x1f,
    0xff, 0x9f, 0xff, 0x80, 0x0, 0x7f, 0xfe, 0x7f,
    0xfe, 0x0, 0x0, 0xff, 0xf9, 0xff, 0xf8, 0x0,
    0x3, 0xff, 0xe7, 0xff, 0xe0, 0x0, 0xf, 0xff,
    0xff, 0xff, 0x0, 0x0, 0x3f, 0xff, 0xff, 0xfc,
    0x0, 0x0, 0xff, 0xff, 0xff, 0xff, 0xff, 0xff,
    0xff, 0xff, 0xff, 0xff, 0xff, 0xff, 0xff, 0xff,
    0xff, 0xff, 0xff, 0xff, 0xff, 0xff, 0xff, 0xff,
    0xff, 0xff, 0xff, 0xff, 0xff, 0xff, 0xff, 0xff,
    0xff, 0xff, 0xff, 0xff, 0xff, 0xff, 0xff, 0xff,
    0xff, 0xff, 0xff, 0xff, 0xff, 0xff, 0xff, 0xff,
    0xff, 0xff, 0xff, 0xff, 0xff, 0xff, 0xff, 0xff,
    0xff, 0xc0, 0x0, 0x0, 0x0, 0x3f, 0xff, 0x0,
    0x0, 0x0, 0x0, 0xff, 0xfe, 0x0, 0x0, 0x0,
    0x1, 0xff, 0xf8, 0x0, 0x0, 0x0, 0x7, 0xff,
    0xe0, 0x0, 0x0, 0x0, 0x1f, 0xff, 0xc0, 0x0,
    0x0, 0x0, 0x3f, 0xff, 0x0, 0x0, 0x2, 0x0,
    0xff, 0xfe, 0x0, 0x0, 0x1c, 0x3, 0xff, 0xfc,
    0x0, 0x0, 0xf0, 0x7, 0xff, 0xf8, 0x0, 0x7,
    0xe0, 0x1f, 0xff, 0xf0, 0x0, 0x7f, 0xc0, 0x3f,
    0xff, 0xf8, 0xf, 0xff, 0x80, 0x7f, 0xff, 0xff,
    0xff, 0xff, 0x0, 0xff, 0xff, 0xff, 0xff, 0xfe,
    0x3, 0xff, 0xff, 0xff, 0xff, 0xf0, 0x7, 0xff,
    0xff, 0xff, 0xff, 0x80, 0x7, 0xff, 0xff, 0xff,
    0xfc, 0x0, 0xf, 0xff, 0xff, 0xff, 0xe0, 0x0,
    0x1f, 0xff, 0xff, 0xfe, 0x0, 0x0, 0x1f, 0xff,
    0xff, 0xe0, 0x0, 0x0, 0xf, 0xff, 0xfe, 0x0,
    0x0, 0x0, 0x7, 0xff, 0x80, 0x0,

    /* U+00EC "ì" */
    0xff, 0xfe, 0x0, 0x7f, 0xfe, 0x0, 0x3f, 0xff,
    0x0, 0x1f, 0xff, 0x80, 0xf, 0xff, 0x80, 0x7,
    0xff, 0xc0, 0x3, 0xff, 0xe0, 0x1, 0xff, 0xf0,
    0x1, 0xff, 0xf0, 0x0, 0xff, 0xf8, 0x0, 0x7f,
    0xfc, 0x0, 0x3f, 0xfc, 0x0, 0x1f, 0xfe, 0x0,
    0xf, 0xff, 0x0, 0x0, 0x0, 0x0, 0x0, 0x0,
    0x0, 0x0, 0x0, 0x0, 0x0, 0x0, 0x0, 0x0,
    0x0, 0x0, 0x0, 0x0, 0x0, 0x3f, 0xff, 0x0,
    0x3f, 0xff, 0x0, 0x3f, 0xff, 0x0, 0x3f, 0xff,
    0x0, 0x3f, 0xff, 0x0, 0x3f, 0xff, 0x0, 0x3f,
    0xff, 0x0, 0x3f, 0xff, 0x0, 0x3f, 0xff, 0x0,
    0x3f, 0xff, 0x0, 0x3f, 0xff, 0x0, 0x3f, 0xff,
    0x0, 0x3f, 0xff, 0x0, 0x3f, 0xff, 0x0, 0x3f,
    0xff, 0x0, 0x3f, 0xff, 0x0, 0x3f, 0xff, 0x0,
    0x3f, 0xff, 0x0, 0x3f, 0xff, 0x0, 0x3f, 0xff,
    0x0, 0x3f, 0xff, 0x0, 0x3f, 0xff, 0x0, 0x3f,
    0xff, 0x0, 0x3f, 0xff, 0x0, 0x3f, 0xff, 0x0,
    0x3f, 0xff, 0x0, 0x3f, 0xff, 0x0, 0x3f, 0xff,
    0x0, 0x3f, 0xff, 0x0, 0x3f, 0xff, 0x0, 0x3f,
    0xff, 0x0, 0x3f, 0xff, 0x0, 0x3f, 0xff, 0x0,
    0x3f, 0xff, 0x0, 0x3f, 0xff, 0x0, 0x3f, 0xff,
    0x0, 0x3f, 0xff, 0x0, 0x3f, 0xff, 0x0, 0x3f,
    0xff, 0x0, 0x3f, 0xff, 0x0, 0x3f, 0xff, 0x0,
    0x3f, 0xff, 0x0, 0x3f, 0xff, 0x0, 0x3f, 0xff,
    0x0, 0x3f, 0xff, 0x0, 0x3f, 0xff, 0x0, 0x3f,
    0xff, 0x0, 0x3f, 0xff, 0x0, 0x3f, 0xff, 0x0,
    0x3f, 0xff, 0x0, 0x3f, 0xff,

    /* U+00ED "í" */
    0x0, 0x3f, 0xff, 0x0, 0x3f, 0xff, 0x0, 0x3f,
    0xff, 0x0, 0x1f, 0xff, 0x80, 0x1f, 0xff, 0x80,
    0x1f, 0xff, 0x80, 0xf, 0xff, 0x80, 0xf, 0xff,
    0x80, 0xf, 0xff, 0x80, 0xf, 0xff, 0x80, 0x7,
    0xff, 0x80, 0x7, 0xff, 0x80, 0x7, 0xff, 0x80,
    0x3, 0xff, 0x80, 0x0, 0x0, 0x0, 0x0, 0x0,
    0x0, 0x0, 0x0, 0x0, 0x0, 0x0, 0x0, 0x0,
    0x0, 0x0, 0x0, 0x0, 0x0, 0x0, 0xf, 0xff,
    0xc0, 0x7, 0xff, 0xe0, 0x3, 0xff, 0xf0, 0x1,
    0xff, 0xf8, 0x0, 0xff, 0xfc, 0x0, 0x7f, 0xfe,
    0x0, 0x3f, 0xff, 0x0, 0x1f, 0xff, 0x80, 0xf,
    0xff, 0xc0, 0x7, 0xff, 0xe0, 0x3, 0xff, 0xf0,
    0x1, 0xff, 0xf8, 0x0, 0xff, 0xfc, 0x0, 0x7f,
    0xfe, 0x0, 0x3f, 0xff, 0x0, 0x1f, 0xff, 0x80,
    0xf, 0xff, 0xc0, 0x7, 0xff, 0xe0, 0x3, 0xff,
    0xf0, 0x1, 0xff, 0xf8, 0x0, 0xff, 0xfc, 0x0,
    0x7f, 0xfe, 0x0, 0x3f, 0xff, 0x0, 0x1f, 0xff,
    0x80, 0xf, 0xff, 0xc0, 0x7, 0xff, 0xe0, 0x3,
    0xff, 0xf0, 0x1, 0xff, 0xf8, 0x0, 0xff, 0xfc,
    0x0, 0x7f, 0xfe, 0x0, 0x3f, 0xff, 0x0, 0x1f,
    0xff, 0x80, 0xf, 0xff, 0xc0, 0x7, 0xff, 0xe0,
    0x3, 0xff, 0xf0, 0x1, 0xff, 0xf8, 0x0, 0xff,
    0xfc, 0x0, 0x7f, 0xfe, 0x0, 0x3f, 0xff, 0x0,
    0x1f, 0xff, 0x80, 0xf, 0xff, 0xc0, 0x7, 0xff,
    0xe0, 0x3, 0xff, 0xf0, 0x1, 0xff, 0xf8, 0x0,
    0xff, 0xfc, 0x0, 0x7f, 0xfe, 0x0, 0x3f, 0xff,
    0x0, 0x1f, 0xff, 0x80, 0xf, 0xff, 0xc0, 0x7,
    0xff, 0xe0, 0x3, 0xff, 0xf0, 0x0,

    /* U+00EE "î" */
    0x0, 0x7, 0xfe, 0x0, 0x0, 0x0, 0xff, 0xf0,
    0x0, 0x0, 0x1f, 0xff, 0x80, 0x0, 0x3, 0xff,
    0xfc, 0x0, 0x0, 0x7f, 0xff, 0xe0, 0x0, 0xf,
    0xff, 0xff, 0x0, 0x1, 0xff, 0xff, 0xf8, 0x0,
    0x3f, 0xf9, 0xff, 0xc0, 0x7, 0xff, 0xf, 0xfe,
    0x0, 0xff, 0xe0, 0x7f, 0xf0, 0x1f, 0xfc, 0x3,
    0xff, 0x83, 0xff, 0x80, 0x1f, 0xfc, 0x7f, 0xf0,
    0x0, 0xff, 0xef, 0xfe, 0x0, 0x7, 0xff, 0x0,
    0x0, 0x0, 0x0, 0x0, 0x0, 0x0, 0x0, 0x0,
    0x0, 0x0, 0x0, 0x0, 0x0, 0x0, 0x0, 0x0,
    0x0, 0x0, 0x0, 0x0, 0x0, 0x0, 0x0, 0x0,
    0x0, 0x0, 0x0, 0x0, 0x0, 0x0, 0x0, 0x1,
    0xff, 0xf8, 0x0, 0x0, 0x1f, 0xff, 0x80, 0x0,
    0x1, 0xff, 0xf8, 0x0, 0x0, 0x1f, 0xff, 0x80,
    0x0, 0x1, 0xff, 0xf8, 0x0, 0x0, 0x1f, 0xff,
    0x80, 0x0, 0x1, 0xff, 0xf8, 0x0, 0x0, 0x1f,
    0xff, 0x80, 0x0, 0x1, 0xff, 0xf8, 0x0, 0x0,
    0x1f, 0xff, 0x80, 0x0, 0x1, 0xff, 0xf8, 0x0,
    0x0, 0x1f, 0xff, 0x80, 0x0, 0x1, 0xff, 0xf8,
    0x0, 0x0, 0x1f, 0xff, 0x80, 0x0, 0x1, 0xff,
    0xf8, 0x0, 0x0, 0x1f, 0xff, 0x80, 0x0, 0x1,
    0xff, 0xf8, 0x0, 0x0, 0x1f, 0xff, 0x80, 0x0,
    0x1, 0xff, 0xf8, 0x0, 0x0, 0x1f, 0xff, 0x80,
    0x0, 0x1, 0xff, 0xf8, 0x0, 0x0, 0x1f, 0xff,
    0x80, 0x0, 0x1, 0xff, 0xf8, 0x0, 0x0, 0x1f,
    0xff, 0x80, 0x0, 0x1, 0xff, 0xf8, 0x0, 0x0,
    0x1f, 0xff, 0x80, 0x0, 0x1, 0xff, 0xf8, 0x0,
    0x0, 0x1f, 0xff, 0x80, 0x0, 0x1, 0xff, 0xf8,
    0x0, 0x0, 0x1f, 0xff, 0x80, 0x0, 0x1, 0xff,
    0xf8, 0x0, 0x0, 0x1f, 0xff, 0x80, 0x0, 0x1,
    0xff, 0xf8, 0x0, 0x0, 0x1f, 0xff, 0x80, 0x0,
    0x1, 0xff, 0xf8, 0x0, 0x0, 0x1f, 0xff, 0x80,
    0x0, 0x1, 0xff, 0xf8, 0x0, 0x0, 0x1f, 0xff,
    0x80, 0x0, 0x1, 0xff, 0xf8, 0x0, 0x0, 0x1f,
    0xff, 0x80, 0x0, 0x1, 0xff, 0xf8, 0x0, 0x0,
    0x1f, 0xff, 0x80, 0x0, 0x1, 0xff, 0xf8, 0x0,
    0x0, 0x1f, 0xff, 0x80, 0x0, 0x1, 0xff, 0xf8,
    0x0, 0x0, 0x1f, 0xff, 0x80, 0x0, 0x1, 0xff,
    0xf8, 0x0, 0x0, 0x1f, 0xff, 0x80, 0x0, 0x1,
    0xff, 0xf8, 0x0, 0x0, 0x1f, 0xff, 0x80, 0x0,
    0x1, 0xff, 0xf8, 0x0,

    /* U+00EF "ï" */
    0xf, 0x80, 0x0, 0x1f, 0x3, 0xfe, 0x0, 0x7,
    0xfc, 0x7f, 0xf0, 0x0, 0xff, 0xef, 0xff, 0x80,
    0x1f, 0xff, 0xff, 0xf8, 0x1, 0xff, 0xff, 0xff,
    0x80, 0x1f, 0xff, 0xff, 0xf8, 0x1, 0xff, 0xf7,
    0xff, 0x0, 0xf, 0xfe, 0x3f, 0xe0, 0x0, 0x7f,
    0xc1, 0xfc, 0x0, 0x1, 0xf8, 0x0, 0x0, 0x0,
    0x0, 0x0, 0x0, 0x0, 0x0, 0x0, 0x0, 0x0,
    0x0, 0x0, 0x0, 0x0, 0x0, 0x0, 0x0, 0x0,
    0x0, 0x0, 0x0, 0x0, 0x0, 0x0, 0x0, 0x0,
    0x0, 0x0, 0x0, 0x0, 0x0, 0x1, 0xff, 0xf8,
    0x0, 0x0, 0x1f, 0xff, 0x80, 0x0, 0x1, 0xff,
    0xf8, 0x0, 0x0, 0x1f, 0xff, 0x80, 0x0, 0x1,
    0xff, 0xf8, 0x0, 0x0, 0x1f, 0xff, 0x80, 0x0,
    0x1, 0xff, 0xf8, 0x0, 0x0, 0x1f, 0xff, 0x80,
    0x0, 0x1, 0xff, 0xf8, 0x0, 0x0, 0x1f, 0xff,
    0x80, 0x0, 0x1, 0xff, 0xf8, 0x0, 0x0, 0x1f,
    0xff, 0x80, 0x0, 0x1, 0xff, 0xf8, 0x0, 0x0,
    0x1f, 0xff, 0x80, 0x0, 0x1, 0xff, 0xf8, 0x0,
    0x0, 0x1f, 0xff, 0x80, 0x0, 0x1, 0xff, 0xf8,
    0x0, 0x0, 0x1f, 0xff, 0x80, 0x0, 0x1, 0xff,
    0xf8, 0x0, 0x0, 0x1f, 0xff, 0x80, 0x0, 0x1,
    0xff, 0xf8, 0x0, 0x0, 0x1f, 0xff, 0x80, 0x0,
    0x1, 0xff, 0xf8, 0x0, 0x0, 0x1f, 0xff, 0x80,
    0x0, 0x1, 0xff, 0xf8, 0x0, 0x0, 0x1f, 0xff,
    0x80, 0x0, 0x1, 0xff, 0xf8, 0x0, 0x0, 0x1f,
    0xff, 0x80, 0x0, 0x1, 0xff, 0xf8, 0x0, 0x0,
    0x1f, 0xff, 0x80, 0x0, 0x1, 0xff, 0xf8, 0x0,
    0x0, 0x1f, 0xff, 0x80, 0x0, 0x1, 0xff, 0xf8,
    0x0, 0x0, 0x1f, 0xff, 0x80, 0x0, 0x1, 0xff,
    0xf8, 0x0, 0x0, 0x1f, 0xff, 0x80, 0x0, 0x1,
    0xff, 0xf8, 0x0, 0x0, 0x1f, 0xff, 0x80, 0x0,
    0x1, 0xff, 0xf8, 0x0, 0x0, 0x1f, 0xff, 0x80,
    0x0, 0x1, 0xff, 0xf8, 0x0, 0x0, 0x1f, 0xff,
    0x80, 0x0, 0x1, 0xff, 0xf8, 0x0, 0x0, 0x1f,
    0xff, 0x80, 0x0, 0x1, 0xff, 0xf8, 0x0, 0x0,
    0x1f, 0xff, 0x80, 0x0, 0x1, 0xff, 0xf8, 0x0,
    0x0, 0x1f, 0xff, 0x80, 0x0, 0x1, 0xff, 0xf8,
    0x0, 0x0, 0x1f, 0xff, 0x80, 0x0, 0x1, 0xff,
    0xf8, 0x0,

    /* U+00F0 "ð" */
    0x0, 0xc, 0x0, 0x0, 0x0, 0x0, 0x0, 0x1f,
    0x80, 0x0, 0x0, 0x0, 0x0, 0x1f, 0xf0, 0x0,
    0x0, 0x0, 0x0, 0x3f, 0xfc, 0x0, 0x0, 0x0,
    0x0, 0x3f, 0xff, 0x0, 0x6, 0x0, 0x0, 0x3f,
    0xff, 0xc0, 0x1f, 0x0, 0x0, 0x7f, 0xff, 0xf0,
    0x3f, 0x80, 0x0, 0x7f, 0xff, 0xf8, 0xff, 0x80,
    0x0, 0xff, 0xff, 0xff, 0xff, 0xc0, 0x0, 0xff,
    0xff, 0xff, 0xff, 0x80, 0x0, 0xff, 0xff, 0xff,
    0xfe, 0x0, 0x0, 0x1f, 0xff, 0xff, 0xfc, 0x0,
    0x0, 0x7, 0xff, 0xff, 0xf0, 0x0, 0x0, 0x1,
    0xff, 0xff, 0xf0, 0x0, 0x0, 0x0, 0x7f, 0xff,
    0xf8, 0x0, 0x0, 0x0, 0x1f, 0xff, 0xfc, 0x0,
    0x0, 0x0, 0x1f, 0xff, 0xfe, 0x0, 0x0, 0x0,
    0x7f, 0xff, 0xff, 0x0, 0x0, 0x0, 0xff, 0xff,
    0xff, 0x0, 0x0, 0x3, 0xff, 0xff, 0xff, 0x80,
    0x0, 0x7, 0xff, 0x7f, 0xff, 0xc0, 0x0, 0x3,
    0xfe, 0x3f, 0xff, 0xc0, 0x0, 0x3, 0xf8, 0x1f,
    0xff, 0xe0, 0x0, 0x1, 0xf0, 0xf, 0xff, 0xe0,
    0x0, 0x0, 0xc0, 0xf, 0xff, 0xf0, 0x0, 0x0,
    0x80, 0x7, 0xff, 0xf0, 0x0, 0x0, 0x0, 0x3,
    0xff, 0xf8, 0x0, 0x0, 0x0, 0x3, 0xff, 0xf8,
    0x0, 0x0, 0x0, 0x1, 0xff, 0xfc, 0x0, 0x0,
    0xff, 0xc1, 0xff, 0xfc, 0x0, 0x7, 0xff, 0xf8,
    0xff, 0xfc, 0x0, 0x3f, 0xff, 0xfe, 0xff, 0xfc,
    0x0, 0x7f, 0xff, 0xff, 0xff, 0xfe, 0x0, 0xff,
    0xff, 0xff, 0xff, 0xfe, 0x3, 0xff, 0xff, 0xff,
    0xff, 0xfe, 0x3, 0xff, 0xff, 0xff, 0xff, 0xfe,
    0x7, 0xff, 0xff, 0xff, 0xff, 0xfe, 0xf, 0xff,
    0xff, 0xff, 0xff, 0xff, 0x1f, 0xff, 0xff, 0xff,
    0xff, 0xff, 0x1f, 0xff, 0xf8, 0xf, 0xff, 0xff,
    0x3f, 0xff, 0xe0, 0x1, 0xff, 0xff, 0x3f, 0xff,
    0xc0, 0x0, 0xff, 0xff, 0x3f, 0xff, 0x80, 0x0,
    0x7f, 0xff, 0x7f, 0xff, 0x0, 0x0, 0x3f, 0xff,
    0x7f, 0xff, 0x0, 0x0, 0x3f, 0xff, 0x7f, 0xfe,
    0x0, 0x0, 0x3f, 0xff, 0xff, 0xfe, 0x0, 0x0,
    0x3f, 0xff, 0xff, 0xfe, 0x0, 0x0, 0x3f, 0xff,
    0xff, 0xfc, 0x0, 0x0, 0x3f, 0xff, 0xff, 0xfc,
    0x0, 0x0, 0x3f, 0xff, 0xff, 0xfc, 0x0, 0x0,
    0x3f, 0xff, 0xff, 0xfc, 0x0, 0x0, 0x3f, 0xff,
    0xff, 0xfc, 0x0, 0x0, 0x3f, 0xff, 0xff, 0xfc,
    0x0, 0x0, 0x3f, 0xff, 0xff, 0xfc, 0x0, 0x0,
    0x3f, 0xfe, 0xff, 0xfc, 0x0, 0x0, 0x7f, 0xfe,
    0xff, 0xfc, 0x0, 0x0, 0x7f, 0xfe, 0xff, 0xfe,
    0x0, 0x0, 0x7f, 0xfe, 0x7f, 0xfe, 0x0, 0x0,
    0x7f, 0xfc, 0x7f, 0xfe, 0x0, 0x0, 0xff, 0xfc,
    0x7f, 0xff, 0x0, 0x0, 0xff, 0xfc, 0x3f, 0xff,
    0x0, 0x1, 0xff, 0xf8, 0x3f, 0xff, 0x80, 0x1,
    0xff, 0xf8, 0x3f, 0xff, 0xc0, 0x3, 0xff, 0xf0,
    0x1f, 0xff, 0xe0, 0x7, 0xff, 0xf0, 0xf, 0xff,
    0xf8, 0x1f, 0xff, 0xe0, 0xf, 0xff, 0xff, 0xff,
    0xff, 0xc0, 0x7, 0xff, 0xff, 0xff, 0xff, 0xc0,
    0x3, 0xff, 0xff, 0xff, 0xff, 0x80, 0x1, 0xff,
    0xff, 0xff, 0xff, 0x0, 0x0, 0xff, 0xff, 0xff,
    0xfe, 0x0, 0x0, 0x7f, 0xff, 0xff, 0xfc, 0x0,
    0x0, 0x1f, 0xff, 0xff, 0xf0, 0x0, 0x0, 0xf,
    0xff, 0xff, 0xc0, 0x0, 0x0, 0x1, 0xff, 0xff,
    0x0, 0x0, 0x0, 0x0, 0x3f, 0xf8, 0x0, 0x0,

    /* U+00F1 "ñ" */
    0x0, 0xf, 0xc0, 0x0, 0xff, 0x0, 0x3, 0xff,
    0x0, 0xf, 0xf0, 0x0, 0xff, 0xfc, 0x1, 0xff,
    0x0, 0x1f, 0xff, 0xf8, 0x3f, 0xf0, 0x3, 0xff,
    0xff, 0xff, 0xfe, 0x0, 0x3f, 0xff, 0xff, 0xff,
    0xe0, 0x7, 0xff, 0xff, 0xff, 0xfc, 0x0, 0x7f,
    0xff, 0xff, 0xff, 0xc0, 0xf, 0xfc, 0x1f, 0xff,
    0xf8, 0x0, 0xff, 0x80, 0x7f, 0xff, 0x0, 0xf,
    0xf0, 0x1, 0xff, 0xe0, 0x0, 0xff, 0x0, 0x3,
    0xf8, 0x0, 0x0, 0x0, 0x0, 0x0, 0x0, 0x0,
    0x0, 0x0, 0x0, 0x0, 0x0, 0x0, 0x0, 0x0,
    0x0, 0x0, 0x0, 0x0, 0x0, 0x0, 0x0, 0x0,
    0x0, 0x0, 0x0, 0x0, 0x0, 0x0, 0x0, 0x0,
    0x0, 0x0, 0x0, 0x0, 0x0, 0x0, 0x0, 0x0,
    0x0, 0x0, 0x0, 0x0, 0x0, 0x0, 0x0, 0x0,
    0x1, 0xff, 0x0, 0xf, 0xff, 0x80, 0xff, 0xff,
    0x0, 0xff, 0xf8, 0x3f, 0xff, 0xf8, 0xf, 0xff,
    0x8f, 0xff, 0xff, 0xe0, 0xff, 0xf9, 0xff, 0xff,
    0xff, 0xf, 0xff, 0xbf, 0xff, 0xff, 0xf8, 0xff,
    0xff, 0xff, 0xff, 0xff, 0x8f, 0xff, 0xff, 0xff,
    0xff, 0xfc, 0xff, 0xff, 0xff, 0xff, 0xff, 0xcf,
    0xff, 0xff, 0xff, 0xff, 0xfe, 0xff, 0xff, 0xe0,
    0x7f, 0xff, 0xef, 0xff, 0xf8, 0x1, 0xff, 0xfe,
    0xff, 0xfe, 0x0, 0xf, 0xff, 0xef, 0xff, 0xc0,
    0x0, 0x7f, 0xff, 0xff, 0xfc, 0x0, 0x7, 0xff,
    0xff, 0xff, 0xc0, 0x0, 0x3f, 0xff, 0xff, 0xfc,
    0x0, 0x3, 0xff, 0xff, 0xff, 0xc0, 0x0, 0x3f,
    0xff, 0xff, 0xfc, 0x0, 0x3, 0xff, 0xff, 0xff,
    0xc0, 0x0, 0x3f, 0xff, 0xff, 0xfc, 0x0, 0x3,
    0xff, 0xff, 0xff, 0xc0, 0x0, 0x3f, 0xff, 0xff,
    0xfc, 0x0, 0x3, 0xff, 0xff, 0xff, 0xc0, 0x0,
    0x3f, 0xff, 0xff, 0xfc, 0x0, 0x3, 0xff, 0xff,
    0xff, 0xc0, 0x0, 0x3f, 0xff, 0xff, 0xfc, 0x0,
    0x3, 0xff, 0xff, 0xff, 0xc0, 0x0, 0x3f, 0xff,
    0xff, 0xfc, 0x0, 0x3, 0xff, 0xff, 0xff, 0xc0,
    0x0, 0x3f, 0xff, 0xff, 0xfc, 0x0, 0x3, 0xff,
    0xff, 0xff, 0xc0, 0x0, 0x3f, 0xff, 0xff, 0xfc,
    0x0, 0x3, 0xff, 0xff, 0xff, 0xc0, 0x0, 0x3f,
    0xff, 0xff, 0xfc, 0x0, 0x3, 0xff, 0xff, 0xff,
    0xc0, 0x0, 0x3f, 0xff, 0xff, 0xfc, 0x0, 0x3,
    0xff, 0xff, 0xff, 0xc0, 0x0, 0x3f, 0xff, 0xff,
    0xfc, 0x0, 0x3, 0xff, 0xff, 0xff, 0xc0, 0x0,
    0x3f, 0xff, 0xff, 0xfc, 0x0, 0x3, 0xff, 0xff,
    0xff, 0xc0, 0x0, 0x3f, 0xff, 0xff, 0xfc, 0x0,
    0x3, 0xff, 0xff, 0xff, 0xc0, 0x0, 0x3f, 0xff,
    0xff, 0xfc, 0x0, 0x3, 0xff, 0xff, 0xff, 0xc0,
    0x0, 0x3f, 0xff, 0xff, 0xfc, 0x0, 0x3, 0xff,
    0xff, 0xff, 0xc0, 0x0, 0x3f, 0xff, 0xff, 0xfc,
    0x0, 0x3, 0xff, 0xff, 0xff, 0xc0, 0x0, 0x3f,
    0xff, 0xff, 0xfc, 0x0, 0x3, 0xff, 0xff, 0xff,
    0xc0, 0x0, 0x3f, 0xff,

    /* U+00F2 "ò" */
    0x1, 0xff, 0xfc, 0x0, 0x0, 0x0, 0x0, 0xff,
    0xfc, 0x0, 0x0, 0x0, 0x0, 0x7f, 0xfe, 0x0,
    0x0, 0x0, 0x0, 0x3f, 0xff, 0x0, 0x0, 0x0,
    0x0, 0x1f, 0xff, 0x0, 0x0, 0x0, 0x0, 0xf,
    0xff, 0x80, 0x0, 0x0, 0x0, 0x7, 0xff, 0xc0,
    0x0, 0x0, 0x0, 0x3, 0xff, 0xc0, 0x0, 0x0,
    0x0, 0x1, 0xff, 0xe0, 0x0, 0x0, 0x0, 0x0,
    0xff, 0xe0, 0x0, 0x0, 0x0, 0x0, 0xff, 0xf0,
    0x0, 0x0, 0x0, 0x0, 0x7f, 0xf8, 0x0, 0x0,
    0x0, 0x0, 0x3f, 0xf8, 0x0, 0x0, 0x0, 0x0,
    0x1f, 0xfc, 0x0, 0x0, 0x0, 0x0, 0x0, 0x0,
    0x0, 0x0, 0x0, 0x0, 0x0, 0x0, 0x0, 0x0,
    0x0, 0x0, 0x0, 0x0, 0x0, 0x0, 0x0, 0x0,
    0x0, 0x0, 0x0, 0x0, 0x0, 0x0, 0x0, 0x0,
    0x0, 0x0, 0x0, 0x0, 0x0, 0x0, 0x0, 0x0,
    0x0, 0x0, 0x3f, 0xf8, 0x0, 0x0, 0x0, 0x1,
    0xff, 0xff, 0x80, 0x0, 0x0, 0x7, 0xff, 0xff,
    0xe0, 0x0, 0x0, 0x1f, 0xff, 0xff, 0xf8, 0x0,
    0x0, 0x7f, 0xff, 0xff, 0xfe, 0x0, 0x0, 0xff,
    0xff, 0xff, 0xff, 0x0, 0x1, 0xff, 0xff, 0xff,
    0xff, 0x80, 0x3, 0xff, 0xff, 0xff, 0xff, 0xc0,
    0x7, 0xff, 0xff, 0xff, 0xff, 0xe0, 0x7, 0xff,
    0xff, 0xff, 0xff, 0xe0, 0xf, 0xff, 0xf8, 0x1f,
    0xff, 0xf0, 0x1f, 0xff, 0xe0, 0x7, 0xff, 0xf8,
    0x1f, 0xff, 0xc0, 0x3, 0xff, 0xf8, 0x3f, 0xff,
    0x80, 0x1, 0xff, 0xfc, 0x3f, 0xff, 0x0, 0x0,
    0xff, 0xfc, 0x3f, 0xff, 0x0, 0x0, 0xff, 0xfc,
    0x7f, 0xff, 0x0, 0x0, 0xff, 0xfe, 0x7f, 0xfe,
    0x0, 0x0, 0x7f, 0xfe, 0x7f, 0xfe, 0x0, 0x0,
    0x7f, 0xfe, 0x7f, 0xfe, 0x0, 0x0, 0x7f, 0xfe,
    0xff, 0xfc, 0x0, 0x0, 0x3f, 0xff, 0xff, 0xfc,
    0x0, 0x0, 0x3f, 0xff, 0xff, 0xfc, 0x0, 0x0,
    0x3f, 0xff, 0xff, 0xfc, 0x0, 0x0, 0x3f, 0xff,
    0xff, 0xfc, 0x0, 0x0, 0x3f, 0xff, 0xff, 0xfc,
    0x0, 0x0, 0x3f, 0xff, 0xff, 0xfc, 0x0, 0x0,
    0x3f, 0xff, 0xff, 0xfc, 0x0, 0x0, 0x3f, 0xff,
    0xff, 0xfc, 0x0, 0x0, 0x3f, 0xff, 0xff, 0xfc,
    0x0, 0x0, 0x3f, 0xff, 0xff, 0xfc, 0x0, 0x0,
    0x3f, 0xff, 0xff, 0xfc, 0x0, 0x0, 0x3f, 0xff,
    0xff, 0xfc, 0x0, 0x0, 0x3f, 0xff, 0x7f, 0xfe,
    0x0, 0x0, 0x7f, 0xfe, 0x7f, 0xfe, 0x0, 0x0,
    0x7f, 0xfe, 0x7f, 0xfe, 0x0, 0x0, 0x7f, 0xfe,
    0x7f, 0xfe, 0x0, 0x0, 0x7f, 0xfe, 0x3f, 0xff,
    0x0, 0x0, 0xff, 0xfc, 0x3f, 0xff, 0x0, 0x0,
    0xff, 0xfc, 0x3f, 0xff, 0x80, 0x1, 0xff, 0xfc,
    0x1f, 0xff, 0xc0, 0x3, 0xff, 0xf8, 0x1f, 0xff,
    0xe0, 0x7, 0xff, 0xf8, 0xf, 0xff, 0xf8, 0x1f,
    0xff, 0xf0, 0x7, 0xff, 0xff, 0xff, 0xff, 0xe0,
    0x7, 0xff, 0xff, 0xff, 0xff, 0xe0, 0x3, 0xff,
    0xff, 0xff, 0xff, 0xc0, 0x1, 0xff, 0xff, 0xff,
    0xff, 0x80, 0x0, 0xff, 0xff, 0xff, 0xff, 0x0,
    0x0, 0x7f, 0xff, 0xff, 0xfe, 0x0, 0x0, 0x1f,
    0xff, 0xff, 0xf8, 0x0, 0x0, 0x7, 0xff, 0xff,
    0xf0, 0x0, 0x0, 0x1, 0xff, 0xff, 0x80, 0x0,
    0x0, 0x0, 0x3f, 0xfc, 0x0, 0x0,

    /* U+00F3 "ó" */
    0x0, 0x0, 0x0, 0x3f, 0xff, 0x80, 0x0, 0x0,
    0x0, 0x3f, 0xff, 0x0, 0x0, 0x0, 0x0, 0x7f,
    0xfe, 0x0, 0x0, 0x0, 0x0, 0xff, 0xfc, 0x0,
    0x0, 0x0, 0x0, 0xff, 0xf8, 0x0, 0x0, 0x0,
    0x1, 0xff, 0xf0, 0x0, 0x0, 0x0, 0x3, 0xff,
    0xe0, 0x0, 0x0, 0x0, 0x3, 0xff, 0xc0, 0x0,
    0x0, 0x0, 0x7, 0xff, 0x80, 0x0, 0x0, 0x0,
    0x7, 0xff, 0x0, 0x0, 0x0, 0x0, 0xf, 0xfe,
    0x0, 0x0, 0x0, 0x0, 0x1f, 0xfe, 0x0, 0x0,
    0x0, 0x0, 0x1f, 0xfc, 0x0, 0x0, 0x0, 0x0,
    0x3f, 0xf8, 0x0, 0x0, 0x0, 0x0, 0x0, 0x0,
    0x0, 0x0, 0x0, 0x0, 0x0, 0x0, 0x0, 0x0,
    0x0, 0x0, 0x0, 0x0, 0x0, 0x0, 0x0, 0x0,
    0x0, 0x0, 0x0, 0x0, 0x0, 0x0, 0x0, 0x0,
    0x0, 0x0, 0x0, 0x0, 0x0, 0x0, 0x0, 0x0,
    0x0, 0x0, 0x3f, 0xf8, 0x0, 0x0, 0x0, 0x1,
    0xff, 0xff, 0x80, 0x0, 0x0, 0x7, 0xff, 0xff,
    0xe0, 0x0, 0x0, 0x1f, 0xff, 0xff, 0xf8, 0x0,
    0x0, 0x7f, 0xff, 0xff, 0xfe, 0x0, 0x0, 0xff,
    0xff, 0xff, 0xff, 0x0, 0x1, 0xff, 0xff, 0xff,
    0xff, 0x80, 0x3, 0xff, 0xff, 0xff, 0xff, 0xc0,
    0x7, 0xff, 0xff, 0xff, 0xff, 0xe0, 0x7, 0xff,
    0xff, 0xff, 0xff, 0xe0, 0xf, 0xff, 0xf8, 0x1f,
    0xff, 0xf0, 0x1f, 0xff, 0xe0, 0x7, 0xff, 0xf8,
    0x1f, 0xff, 0xc0, 0x3, 0xff, 0xf8, 0x3f, 0xff,
    0x80, 0x1, 0xff, 0xfc, 0x3f, 0xff, 0x0, 0x0,
    0xff, 0xfc, 0x3f, 0xff, 0x0, 0x0, 0xff, 0xfc,
    0x7f, 0xff, 0x0, 0x0, 0xff, 0xfe, 0x7f, 0xfe,
    0x0, 0x0, 0x7f, 0xfe, 0x7f, 0xfe, 0x0, 0x0,
    0x7f, 0xfe, 0x7f, 0xfe, 0x0, 0x0, 0x7f, 0xfe,
    0xff, 0xfc, 0x0, 0x0, 0x3f, 0xff, 0xff, 0xfc,
    0x0, 0x0, 0x3f, 0xff, 0xff, 0xfc, 0x0, 0x0,
    0x3f, 0xff, 0xff, 0xfc, 0x0, 0x0, 0x3f, 0xff,
    0xff, 0xfc, 0x0, 0x0, 0x3f, 0xff, 0xff, 0xfc,
    0x0, 0x0, 0x3f, 0xff, 0xff, 0xfc, 0x0, 0x0,
    0x3f, 0xff, 0xff, 0xfc, 0x0, 0x0, 0x3f, 0xff,
    0xff, 0xfc, 0x0, 0x0, 0x3f, 0xff, 0xff, 0xfc,
    0x0, 0x0, 0x3f, 0xff, 0xff, 0xfc, 0x0, 0x0,
    0x3f, 0xff, 0xff, 0xfc, 0x0, 0x0, 0x3f, 0xff,
    0xff, 0xfc, 0x0, 0x0, 0x3f, 0xff, 0x7f, 0xfe,
    0x0, 0x0, 0x7f, 0xfe, 0x7f, 0xfe, 0x0, 0x0,
    0x7f, 0xfe, 0x7f, 0xfe, 0x0, 0x0, 0x7f, 0xfe,
    0x7f, 0xfe, 0x0, 0x0, 0x7f, 0xfe, 0x3f, 0xff,
    0x0, 0x0, 0xff, 0xfc, 0x3f, 0xff, 0x0, 0x0,
    0xff, 0xfc, 0x3f, 0xff, 0x80, 0x1, 0xff, 0xfc,
    0x1f, 0xff, 0xc0, 0x3, 0xff, 0xf8, 0x1f, 0xff,
    0xe0, 0x7, 0xff, 0xf8, 0xf, 0xff, 0xf8, 0x1f,
    0xff, 0xf0, 0x7, 0xff, 0xff, 0xff, 0xff, 0xe0,
    0x7, 0xff, 0xff, 0xff, 0xff, 0xe0, 0x3, 0xff,
    0xff, 0xff, 0xff, 0xc0, 0x1, 0xff, 0xff, 0xff,
    0xff, 0x80, 0x0, 0xff, 0xff, 0xff, 0xff, 0x0,
    0x0, 0x7f, 0xff, 0xff, 0xfe, 0x0, 0x0, 0x1f,
    0xff, 0xff, 0xf8, 0x0, 0x0, 0x7, 0xff, 0xff,
    0xf0, 0x0, 0x0, 0x1, 0xff, 0xff, 0x80, 0x0,
    0x0, 0x0, 0x3f, 0xfc, 0x0, 0x0,

    /* U+00F4 "ô" */
    0x0, 0x0, 0xf, 0xf0, 0x0, 0x0, 0x0, 0x0,
    0x1f, 0xf8, 0x0, 0x0, 0x0, 0x0, 0x3f, 0xfc,
    0x0, 0x0, 0x0, 0x0, 0x7f, 0xfe, 0x0, 0x0,
    0x0, 0x0, 0xff, 0xff, 0x0, 0x0, 0x0, 0x1,
    0xff, 0xff, 0x80, 0x0, 0x0, 0x3, 0xff, 0xff,
    0xc0, 0x0, 0x0, 0x7, 0xff, 0xff, 0xe0, 0x0,
    0x0, 0xf, 0xfe, 0x7f, 0xf0, 0x0, 0x0, 0x1f,
    0xfc, 0x3f, 0xf8, 0x0, 0x0, 0x3f, 0xf8, 0x1f,
    0xfc, 0x0, 0x0, 0x7f, 0xf0, 0xf, 0xfe, 0x0,
    0x0, 0xff, 0xe0, 0x7, 0xff, 0x0, 0x1, 0xff,
    0xc0, 0x3, 0xff, 0x80, 0x3, 0xff, 0x80, 0x0,
    0x0, 0x0, 0x0, 0x0, 0x0, 0x0, 0x0, 0x0,
    0x0, 0x0, 0x0, 0x0, 0x0, 0x0, 0x0, 0x0,
    0x0, 0x0, 0x0, 0x0, 0x0, 0x0, 0x0, 0x0,
    0x0, 0x0, 0x0, 0x0, 0x0, 0x0, 0x0, 0x0,
    0x0, 0x0, 0x0, 0x0, 0x0, 0x0, 0x0, 0x0,
    0x3f, 0xf8, 0x0, 0x0, 0x0, 0x1, 0xff, 0xff,
    0x80, 0x0, 0x0, 0x7, 0xff, 0xff, 0xe0, 0x0,
    0x0, 0x1f, 0xff, 0xff, 0xf8, 0x0, 0x0, 0x7f,
    0xff, 0xff, 0xfe, 0x0, 0x0, 0xff, 0xff, 0xff,
    0xff, 0x0, 0x1, 0xff, 0xff, 0xff, 0xff, 0x80,
    0x3, 0xff, 0xff, 0xff, 0xff, 0xc0, 0x7, 0xff,
    0xff, 0xff, 0xff, 0xe0, 0x7, 0xff, 0xff, 0xff,
    0xff, 0xe0, 0xf, 0xff, 0xf8, 0x1f, 0xff, 0xf0,
    0x1f, 0xff, 0xe0, 0x7, 0xff, 0xf8, 0x1f, 0xff,
    0xc0, 0x3, 0xff, 0xf8, 0x3f, 0xff, 0x80, 0x1,
    0xff, 0xfc, 0x3f, 0xff, 0x0, 0x0, 0xff, 0xfc,
    0x3f, 0xff, 0x0, 0x0, 0xff, 0xfc, 0x7f, 0xff,
    0x0, 0x0, 0xff, 0xfe, 0x7f, 0xfe, 0x0, 0x0,
    0x7f, 0xfe, 0x7f, 0xfe, 0x0, 0x0, 0x7f, 0xfe,
    0x7f, 0xfe, 0x0, 0x0, 0x7f, 0xfe, 0xff, 0xfc,
    0x0, 0x0, 0x3f, 0xff, 0xff, 0xfc, 0x0, 0x0,
    0x3f, 0xff, 0xff, 0xfc, 0x0, 0x0, 0x3f, 0xff,
    0xff, 0xfc, 0x0, 0x0, 0x3f, 0xff, 0xff, 0xfc,
    0x0, 0x0, 0x3f, 0xff, 0xff, 0xfc, 0x0, 0x0,
    0x3f, 0xff, 0xff, 0xfc, 0x0, 0x0, 0x3f, 0xff,
    0xff, 0xfc, 0x0, 0x0, 0x3f, 0xff, 0xff, 0xfc,
    0x0, 0x0, 0x3f, 0xff, 0xff, 0xfc, 0x0, 0x0,
    0x3f, 0xff, 0xff, 0xfc, 0x0, 0x0, 0x3f, 0xff,
    0xff, 0xfc, 0x0, 0x0, 0x3f, 0xff, 0xff, 0xfc,
    0x0, 0x0, 0x3f, 0xff, 0x7f, 0xfe, 0x0, 0x0,
    0x7f, 0xfe, 0x7f, 0xfe, 0x0, 0x0, 0x7f, 0xfe,
    0x7f, 0xfe, 0x0, 0x0, 0x7f, 0xfe, 0x7f, 0xfe,
    0x0, 0x0, 0x7f, 0xfe, 0x3f, 0xff, 0x0, 0x0,
    0xff, 0xfc, 0x3f, 0xff, 0x0, 0x0, 0xff, 0xfc,
    0x3f, 0xff, 0x80, 0x1, 0xff, 0xfc, 0x1f, 0xff,
    0xc0, 0x3, 0xff, 0xf8, 0x1f, 0xff, 0xe0, 0x7,
    0xff, 0xf8, 0xf, 0xff, 0xf8, 0x1f, 0xff, 0xf0,
    0x7, 0xff, 0xff, 0xff, 0xff, 0xe0, 0x7, 0xff,
    0xff, 0xff, 0xff, 0xe0, 0x3, 0xff, 0xff, 0xff,
    0xff, 0xc0, 0x1, 0xff, 0xff, 0xff, 0xff, 0x80,
    0x0, 0xff, 0xff, 0xff, 0xff, 0x0, 0x0, 0x7f,
    0xff, 0xff, 0xfe, 0x0, 0x0, 0x1f, 0xff, 0xff,
    0xf8, 0x0, 0x0, 0x7, 0xff, 0xff, 0xf0, 0x0,
    0x0, 0x1, 0xff, 0xff, 0x80, 0x0, 0x0, 0x0,
    0x3f, 0xfc, 0x0, 0x0,

    /* U+00F5 "õ" */
    0x0, 0x3, 0xf0, 0x0, 0x3f, 0xc0, 0x0, 0xf,
    0xfc, 0x0, 0x3f, 0xc0, 0x0, 0x3f, 0xff, 0x0,
    0x7f, 0xc0, 0x0, 0x7f, 0xff, 0xe0, 0xff, 0xc0,
    0x0, 0xff, 0xff, 0xff, 0xff, 0x80, 0x0, 0xff,
    0xff, 0xff, 0xff, 0x80, 0x1, 0xff, 0xff, 0xff,
    0xff, 0x0, 0x1, 0xff, 0xff, 0xff, 0xff, 0x0,
    0x3, 0xff, 0x7, 0xff, 0xfe, 0x0, 0x3, 0xfe,
    0x1, 0xff, 0xfc, 0x0, 0x3, 0xfc, 0x0, 0x7f,
    0xf8, 0x0, 0x3, 0xfc, 0x0, 0xf, 0xe0, 0x0,
    0x0, 0x0, 0x0, 0x0, 0x0, 0x0, 0x0, 0x0,
    0x0, 0x0, 0x0, 0x0, 0x0, 0x0, 0x0, 0x0,
    0x0, 0x0, 0x0, 0x0, 0x0, 0x0, 0x0, 0x0,
    0x0, 0x0, 0x0, 0x0, 0x0, 0x0, 0x0, 0x0,
    0x0, 0x0, 0x0, 0x0, 0x0, 0x0, 0x0, 0x0,
    0x0, 0x0, 0x0, 0x0, 0x0, 0x0, 0x0, 0x0,
    0x0, 0x0, 0x3f, 0xf8, 0x0, 0x0, 0x0, 0x1,
    0xff, 0xff, 0x80, 0x0, 0x0, 0x7, 0xff, 0xff,
    0xe0, 0x0, 0x0, 0x1f, 0xff, 0xff, 0xf8, 0x0,
    0x0, 0x7f, 0xff, 0xff, 0xfe, 0x0, 0x0, 0xff,
    0xff, 0xff, 0xff, 0x0, 0x1, 0xff, 0xff, 0xff,
    0xff, 0x80, 0x3, 0xff, 0xff, 0xff, 0xff, 0xc0,
    0x7, 0xff, 0xff, 0xff, 0xff, 0xe0, 0xf, 0xff,
    0xff, 0xff, 0xff, 0xe0, 0xf, 0xff, 0xf8, 0x1f,
    0xff, 0xf0, 0x1f, 0xff, 0xe0, 0x7, 0xff, 0xf8,
    0x1f, 0xff, 0xc0, 0x3, 0xff, 0xf8, 0x3f, 0xff,
    0x80, 0x1, 0xff, 0xfc, 0x3f, 0xff, 0x0, 0x0,
    0xff, 0xfc, 0x3f, 0xff, 0x0, 0x0, 0xff, 0xfc,
    0x7f, 0xfe, 0x0, 0x0, 0x7f, 0xfe, 0x7f, 0xfe,
    0x0, 0x0, 0x7f, 0xfe, 0x7f, 0xfe, 0x0, 0x0,
    0x7f, 0xfe, 0xff, 0xfe, 0x0, 0x0, 0x7f, 0xfe,
    0xff, 0xfc, 0x0, 0x0, 0x3f, 0xff, 0xff, 0xfc,
    0x0, 0x0, 0x3f, 0xff, 0xff, 0xfc, 0x0, 0x0,
    0x3f, 0xff, 0xff, 0xfc, 0x0, 0x0, 0x3f, 0xff,
    0xff, 0xfc, 0x0, 0x0, 0x3f, 0xff, 0xff, 0xfc,
    0x0, 0x0, 0x3f, 0xff, 0xff, 0xfc, 0x0, 0x0,
    0x3f, 0xff, 0xff, 0xfc, 0x0, 0x0, 0x3f, 0xff,
    0xff, 0xfc, 0x0, 0x0, 0x3f, 0xff, 0xff, 0xfc,
    0x0, 0x0, 0x3f, 0xff, 0xff, 0xfc, 0x0, 0x0,
    0x3f, 0xff, 0xff, 0xfc, 0x0, 0x0, 0x3f, 0xff,
    0xff, 0xfe, 0x0, 0x0, 0x7f, 0xfe, 0x7f, 0xfe,
    0x0, 0x0, 0x7f, 0xfe, 0x7f, 0xfe, 0x0, 0x0,
    0x7f, 0xfe, 0x7f, 0xfe, 0x0, 0x0, 0x7f, 0xfe,
    0x3f, 0xff, 0x0, 0x0, 0xff, 0xfc, 0x3f, 0xff,
    0x0, 0x0, 0xff, 0xfc, 0x3f, 0xff, 0x80, 0x1,
    0xff, 0xfc, 0x1f, 0xff, 0xc0, 0x3, 0xff, 0xf8,
    0x1f, 0xff, 0xe0, 0x7, 0xff, 0xf8, 0xf, 0xff,
    0xf8, 0x1f, 0xff, 0xf0, 0xf, 0xff, 0xff, 0xff,
    0xff, 0xe0, 0x7, 0xff, 0xff, 0xff, 0xff, 0xe0,
    0x3, 0xff, 0xff, 0xff, 0xff, 0xc0, 0x1, 0xff,
    0xff, 0xff, 0xff, 0x80, 0x0, 0xff, 0xff, 0xff,
    0xff, 0x0, 0x0, 0x7f, 0xff, 0xff, 0xfe, 0x0,
    0x0, 0x1f, 0xff, 0xff, 0xf8, 0x0, 0x0, 0xf,
    0xff, 0xff, 0xe0, 0x0, 0x0, 0x1, 0xff, 0xff,
    0x80, 0x0, 0x0, 0x0, 0x3f, 0xfc, 0x0, 0x0,

    /* U+00F6 "ö" */
    0x0, 0x3e, 0x0, 0x0, 0x7c, 0x0, 0x0, 0xff,
    0x80, 0x1, 0xff, 0x0, 0x1, 0xff, 0xc0, 0x3,
    0xff, 0x80, 0x1, 0xff, 0xc0, 0x3, 0xff, 0x80,
    0x3, 0xff, 0xe0, 0x7, 0xff, 0xc0, 0x3, 0xff,
    0xe0, 0x7, 0xff, 0xc0, 0x3, 0xff, 0xe0, 0x7,
    0xff, 0xc0, 0x3, 0xff, 0xe0, 0x7, 0xff, 0xc0,
    0x1, 0xff, 0xc0, 0x7, 0xff, 0x80, 0x1, 0xff,
    0xc0, 0x3, 0xff, 0x80, 0x0, 0xff, 0x80, 0x1,
    0xff, 0x0, 0x0, 0x3e, 0x0, 0x0, 0x7c, 0x0,
    0x0, 0x0, 0x0, 0x0, 0x0, 0x0, 0x0, 0x0,
    0x0, 0x0, 0x0, 0x0, 0x0, 0x0, 0x0, 0x0,
    0x0, 0x0, 0x0, 0x0, 0x0, 0x0, 0x0, 0x0,
    0x0, 0x0, 0x0, 0x0, 0x0, 0x0, 0x0, 0x0,
    0x0, 0x0, 0x0, 0x0, 0x0, 0x0, 0x3f, 0xf8,
    0x0, 0x0, 0x0, 0x1, 0xff, 0xff, 0x80, 0x0,
    0x0, 0x7, 0xff, 0xff, 0xe0, 0x0, 0x0, 0x1f,
    0xff, 0xff, 0xf8, 0x0, 0x0, 0x7f, 0xff, 0xff,
    0xfe, 0x0, 0x0, 0xff, 0xff, 0xff, 0xff, 0x0,
    0x1, 0xff, 0xff, 0xff, 0xff, 0x80, 0x3, 0xff,
    0xff, 0xff, 0xff, 0xc0, 0x7, 0xff, 0xff, 0xff,
    0xff, 0xe0, 0x7, 0xff, 0xff, 0xff, 0xff, 0xe0,
    0xf, 0xff, 0xf8, 0x1f, 0xff, 0xf0, 0x1f, 0xff,
    0xe0, 0x7, 0xff, 0xf8, 0x1f, 0xff, 0xc0, 0x3,
    0xff, 0xf8, 0x3f, 0xff, 0x80, 0x1, 0xff, 0xfc,
    0x3f, 0xff, 0x0, 0x0, 0xff, 0xfc, 0x3f, 0xff,
    0x0, 0x0, 0xff, 0xfc, 0x7f, 0xff, 0x0, 0x0,
    0xff, 0xfe, 0x7f, 0xfe, 0x0, 0x0, 0x7f, 0xfe,
    0x7f, 0xfe, 0x0, 0x0, 0x7f, 0xfe, 0x7f, 0xfe,
    0x0, 0x0, 0x7f, 0xfe, 0xff, 0xfc, 0x0, 0x0,
    0x3f, 0xff, 0xff, 0xfc, 0x0, 0x0, 0x3f, 0xff,
    0xff, 0xfc, 0x0, 0x0, 0x3f, 0xff, 0xff, 0xfc,
    0x0, 0x0, 0x3f, 0xff, 0xff, 0xfc, 0x0, 0x0,
    0x3f, 0xff, 0xff, 0xfc, 0x0, 0x0, 0x3f, 0xff,
    0xff, 0xfc, 0x0, 0x0, 0x3f, 0xff, 0xff, 0xfc,
    0x0, 0x0, 0x3f, 0xff, 0xff, 0xfc, 0x0, 0x0,
    0x3f, 0xff, 0xff, 0xfc, 0x0, 0x0, 0x3f, 0xff,
    0xff, 0xfc, 0x0, 0x0, 0x3f, 0xff, 0xff, 0xfc,
    0x0, 0x0, 0x3f, 0xff, 0xff, 0xfc, 0x0, 0x0,
    0x3f, 0xff, 0x7f, 0xfe, 0x0, 0x0, 0x7f, 0xfe,
    0x7f, 0xfe, 0x0, 0x0, 0x7f, 0xfe, 0x7f, 0xfe,
    0x0, 0x0, 0x7f, 0xfe, 0x7f, 0xfe, 0x0, 0x0,
    0x7f, 0xfe, 0x3f, 0xff, 0x0, 0x0, 0xff, 0xfc,
    0x3f, 0xff, 0x0, 0x0, 0xff, 0xfc, 0x3f, 0xff,
    0x80, 0x1, 0xff, 0xfc, 0x1f, 0xff, 0xc0, 0x3,
    0xff, 0xf8, 0x1f, 0xff, 0xe0, 0x7, 0xff, 0xf8,
    0xf, 0xff, 0xf8, 0x1f, 0xff, 0xf0, 0x7, 0xff,
    0xff, 0xff, 0xff, 0xe0, 0x7, 0xff, 0xff, 0xff,
    0xff, 0xe0, 0x3, 0xff, 0xff, 0xff, 0xff, 0xc0,
    0x1, 0xff, 0xff, 0xff, 0xff, 0x80, 0x0, 0xff,
    0xff, 0xff, 0xff, 0x0, 0x0, 0x7f, 0xff, 0xff,
    0xfe, 0x0, 0x0, 0x1f, 0xff, 0xff, 0xf8, 0x0,
    0x0, 0x7, 0xff, 0xff, 0xf0, 0x0, 0x0, 0x1,
    0xff, 0xff, 0x80, 0x0, 0x0, 0x0, 0x3f, 0xfc,
    0x0, 0x0,

    /* U+00F7 "÷" */
    0x0, 0x0, 0x7, 0xf0, 0x0, 0x0, 0x0, 0x0,
    0xf, 0xf8, 0x0, 0x0, 0x0, 0x0, 0x1f, 0xfc,
    0x0, 0x0, 0x0, 0x0, 0x3f, 0xfe, 0x0, 0x0,
    0x0, 0x0, 0x7f, 0xff, 0x0, 0x0, 0x0, 0x0,
    0x7f, 0xff, 0x0, 0x0, 0x0, 0x0, 0x7f, 0xff,
    0x0, 0x0, 0x0, 0x0, 0x7f, 0xff, 0x0, 0x0,
    0x0, 0x0, 0x7f, 0xff, 0x0, 0x0, 0x0, 0x0,
    0x7f, 0xff, 0x0, 0x0, 0x0, 0x0, 0x3f, 0xfe,
    0x0, 0x0, 0x0, 0x0, 0x1f, 0xfc, 0x0, 0x0,
    0x0, 0x0, 0xf, 0xf8, 0x0, 0x0, 0x0, 0x0,
    0x7, 0xf0, 0x0, 0x0, 0x0, 0x0, 0x0, 0x0,
    0x0, 0x0, 0x0, 0x0, 0x0, 0x0, 0x0, 0x0,
    0x0, 0x0, 0x0, 0x0, 0x0, 0x0, 0x0, 0x0,
    0x0, 0x0, 0x0, 0x0, 0x0, 0x0, 0x0, 0x0,
    0x0, 0x0, 0x0, 0x0, 0x0, 0x0, 0x0, 0x0,
    0x0, 0x0, 0x0, 0x0, 0x0, 0x0, 0xff, 0xff,
    0xff, 0xff, 0xff, 0xff, 0xff, 0xff, 0xff, 0xff,
    0xff, 0xff, 0xff, 0xff, 0xff, 0xff, 0xff, 0xff,
    0xff, 0xff, 0xff, 0xff, 0xff, 0xff, 0xff, 0xff,
    0xff, 0xff, 0xff, 0xff, 0xff, 0xff, 0xff, 0xff,
    0xff, 0xff, 0xff, 0xff, 0xff, 0xff, 0xff, 0xff,
    0xff, 0xff, 0xff, 0xff, 0xff, 0xff, 0xff, 0xff,
    0xff, 0xff, 0xff, 0xff, 0xff, 0xff, 0xff, 0xff,
    0xff, 0xff, 0x0, 0x0, 0x0, 0x0, 0x0, 0x0,
    0x0, 0x0, 0x0, 0x0, 0x0, 0x0, 0x0, 0x0,
    0x0, 0x0, 0x0, 0x0, 0x0, 0x0, 0x0, 0x0,
    0x0, 0x0, 0x0, 0x0, 0x0, 0x0, 0x0, 0x0,
    0x0, 0x0, 0x0, 0x0, 0x0, 0x0, 0x0, 0x0,
    0x0, 0x0, 0x0, 0x0, 0x0, 0x0, 0x7, 0xf0,
    0x0, 0x0, 0x0, 0x0, 0xf, 0xf8, 0x0, 0x0,
    0x0, 0x0, 0x1f, 0xfc, 0x0, 0x0, 0x0, 0x0,
    0x3f, 0xfe, 0x0, 0x0, 0x0, 0x0, 0x7f, 0xff,
    0x0, 0x0, 0x0, 0x0, 0x7f, 0xff, 0x0, 0x0,
    0x0, 0x0, 0x7f, 0xff, 0x0, 0x0, 0x0, 0x0,
    0x7f, 0xff, 0x0, 0x0, 0x0, 0x0, 0x7f, 0xff,
    0x0, 0x0, 0x0, 0x0, 0x7f, 0xff, 0x0, 0x0,
    0x0, 0x0, 0x3f, 0xfe, 0x0, 0x0, 0x0, 0x0,
    0x1f, 0xfc, 0x0, 0x0, 0x0, 0x0, 0xf, 0xf8,
    0x0, 0x0, 0x0, 0x0, 0x7, 0xf0, 0x0, 0x0,

    /* U+00F8 "ø" */
    0x0, 0x0, 0x0, 0x0, 0x1f, 0xe0, 0x0, 0x0,
    0x0, 0x0, 0x1f, 0xe0, 0x0, 0x0, 0x0, 0x0,
    0x1f, 0xc0, 0x0, 0x0, 0x0, 0x0, 0x3f, 0xc0,
    0x0, 0x0, 0x0, 0x0, 0x3f, 0x80, 0x0, 0x0,
    0x0, 0x0, 0x7f, 0x80, 0x0, 0x0, 0x1f, 0xf8,
    0x7f, 0x0, 0x0, 0x1, 0xff, 0xff, 0xff, 0x0,
    0x0, 0x7, 0xff, 0xff, 0xfe, 0x0, 0x0, 0x1f,
    0xff, 0xff, 0xfe, 0x0, 0x0, 0x7f, 0xff, 0xff,
    0xfe, 0x0, 0x0, 0xff, 0xff, 0xff, 0xff, 0x0,
    0x1, 0xff, 0xff, 0xff, 0xff, 0x80, 0x3, 0xff,
    0xff, 0xff, 0xff, 0xc0, 0x7, 0xff, 0xff, 0xff,
    0xff, 0xe0, 0x7, 0xff, 0xff, 0xff, 0xff, 0xe0,
    0xf, 0xff, 0xf8, 0x1f, 0xff, 0xf0, 0x1f, 0xff,
    0xe0, 0x1f, 0xff, 0xf8, 0x1f, 0xff, 0xc0, 0x1f,
    0xff, 0xf8, 0x3f, 0xff, 0x80, 0x1f, 0xff, 0xfc,
    0x3f, 0xff, 0x0, 0x3f, 0xff, 0xfc, 0x3f, 0xff,
    0x0, 0x3f, 0xff, 0xfc, 0x7f, 0xff, 0x0, 0x7f,
    0xff, 0xfe, 0x7f, 0xfe, 0x0, 0x7f, 0x7f, 0xfe,
    0x7f, 0xfe, 0x0, 0xff, 0x7f, 0xfe, 0x7f, 0xfe,
    0x0, 0xfe, 0x7f, 0xfe, 0xff, 0xfc, 0x1, 0xfe,
    0x3f, 0xff, 0xff, 0xfc, 0x1, 0xfe, 0x3f, 0xff,
    0xff, 0xfc, 0x3, 0xfc, 0x3f, 0xff, 0xff, 0xfc,
    0x3, 0xfc, 0x3f, 0xff, 0xff, 0xfc, 0x7, 0xf8,
    0x3f, 0xff, 0xff, 0xfc, 0x7, 0xf8, 0x3f, 0xff,
    0xff, 0xfc, 0xf, 0xf0, 0x3f, 0xff, 0xff, 0xfc,
    0xf, 0xf0, 0x3f, 0xff, 0xff, 0xfc, 0x1f, 0xe0,
    0x3f, 0xff, 0xff, 0xfc, 0x1f, 0xe0, 0x3f, 0xff,
    0xff, 0xfc, 0x3f, 0xc0, 0x3f, 0xff, 0xff, 0xfc,
    0x3f, 0xc0, 0x3f, 0xff, 0xff, 0xfc, 0x3f, 0x80,
    0x3f, 0xff, 0x7f, 0xfe, 0x7f, 0x80, 0x7f, 0xfe,
    0x7f, 0xfe, 0x7f, 0x0, 0x7f, 0xfe, 0x7f, 0xfe,
    0xff, 0x0, 0x7f, 0xfe, 0x7f, 0xfe, 0xfe, 0x0,
    0x7f, 0xfe, 0x3f, 0xff, 0xfe, 0x0, 0xff, 0xfc,
    0x3f, 0xff, 0xfc, 0x0, 0xff, 0xfc, 0x3f, 0xff,
    0xfc, 0x1, 0xff, 0xfc, 0x1f, 0xff, 0xfc, 0x3,
    0xff, 0xf8, 0x1f, 0xff, 0xf8, 0x7, 0xff, 0xf8,
    0xf, 0xff, 0xf8, 0x1f, 0xff, 0xf0, 0x7, 0xff,
    0xff, 0xff, 0xff, 0xe0, 0x7, 0xff, 0xff, 0xff,
    0xff, 0xe0, 0x3, 0xff, 0xff, 0xff, 0xff, 0xc0,
    0x1, 0xff, 0xff, 0xff, 0xff, 0x80, 0x0, 0xff,
    0xff, 0xff, 0xff, 0x0, 0x0, 0x7f, 0xff, 0xff,
    0xfe, 0x0, 0x0, 0x3f, 0xff, 0xff, 0xf8, 0x0,
    0x0, 0x7f, 0xff, 0xff, 0xe0, 0x0, 0x0, 0x7f,
    0xff, 0xff, 0x80, 0x0, 0x0, 0xff, 0x3f, 0xfc,
    0x0, 0x0, 0x0, 0xfe, 0x0, 0x0, 0x0, 0x0,
    0x1, 0xfe, 0x0, 0x0, 0x0, 0x0, 0x1, 0xfc,
    0x0, 0x0, 0x0, 0x0, 0x3, 0xfc, 0x0, 0x0,
    0x0, 0x0, 0x3, 0xfc, 0x0, 0x0, 0x0, 0x0,
    0x7, 0xf8, 0x0, 0x0, 0x0, 0x0,

    /* U+00F9 "ù" */
    0x7, 0xff, 0xf0, 0x0, 0x0, 0x0, 0x3f, 0xff,
    0x80, 0x0, 0x0, 0x1, 0xff, 0xf8, 0x0, 0x0,
    0x0, 0xf, 0xff, 0xc0, 0x0, 0x0, 0x0, 0x7f,
    0xfe, 0x0, 0x0, 0x0, 0x3, 0xff, 0xe0, 0x0,
    0x0, 0x0, 0x1f, 0xff, 0x0, 0x0, 0x0, 0x0,
    0xff, 0xf8, 0x0, 0x0, 0x0, 0x7, 0xff, 0x80,
    0x0, 0x0, 0x0, 0x3f, 0xfc, 0x0, 0x0, 0x0,
    0x1, 0xff, 0xe0, 0x0, 0x0, 0x0, 0xf, 0xfe,
    0x0, 0x0, 0x0, 0x0, 0x7f, 0xf0, 0x0, 0x0,
    0x0, 0x3, 0xff, 0x80, 0x0, 0x0, 0x0, 0x0,
    0x0, 0x0, 0x0, 0x0, 0x0, 0x0, 0x0, 0x0,
    0x0, 0x0, 0x0, 0x0, 0x0, 0x0, 0x0, 0x0,
    0x0, 0x0, 0x0, 0x0, 0x0, 0x0, 0x0, 0x0,
    0x0, 0x0, 0x0, 0x0, 0x0, 0x0, 0x0, 0x0,
    0x0, 0x0, 0x0, 0xf, 0xff, 0xc0, 0x0, 0x1f,
    0xff, 0xff, 0xfc, 0x0, 0x1, 0xff, 0xff, 0xff,
    0xc0, 0x0, 0x1f, 0xff, 0xff, 0xfc, 0x0, 0x1,
    0xff, 0xff, 0xff, 0xc0, 0x0, 0x1f, 0xff, 0xff,
    0xfc, 0x0, 0x1, 0xff, 0xff, 0xff, 0xc0, 0x0,
    0x1f, 0xff, 0xff, 0xfc, 0x0, 0x1, 0xff, 0xff,
    0xff, 0xc0, 0x0, 0x1f, 0xff, 0xff, 0xfc, 0x0,
    0x1, 0xff, 0xff, 0xff, 0xc0, 0x0, 0x1f, 0xff,
    0xff, 0xfc, 0x0, 0x1, 0xff, 0xff, 0xff, 0xc0,
    0x0, 0x1f, 0xff, 0xff, 0xfc, 0x0, 0x1, 0xff,
    0xff, 0xff, 0xc0, 0x0, 0x1f, 0xff, 0xff, 0xfc,
    0x0, 0x1, 0xff, 0xff, 0xff, 0xc0, 0x0, 0x1f,
    0xff, 0xff, 0xfc, 0x0, 0x1, 0xff, 0xff, 0xff,
    0xc0, 0x0, 0x1f, 0xff, 0xff, 0xfc, 0x0, 0x1,
    0xff, 0xff, 0xff, 0xc0, 0x0, 0x1f, 0xff, 0xff,
    0xfc, 0x0, 0x1, 0xff, 0xff, 0xff, 0xc0, 0x0,
    0x1f, 0xff, 0xff, 0xfc, 0x0, 0x1, 0xff, 0xff,
    0xff, 0xc0, 0x0, 0x1f, 0xff, 0xff, 0xfc, 0x0,
    0x1, 0xff, 0xff, 0xff, 0xc0, 0x0, 0x1f, 0xff,
    0xff, 0xfc, 0x0, 0x1, 0xff, 0xff, 0xff, 0xc0,
    0x0, 0x1f, 0xff, 0xff, 0xfc, 0x0, 0x1, 0xff,
    0xff, 0xff, 0xc0, 0x0, 0x1f, 0xff, 0xff, 0xfc,
    0x0, 0x1, 0xff, 0xff, 0xff, 0xc0, 0x0, 0x1f,
    0xff, 0xff, 0xfc, 0x0, 0x1, 0xff, 0xff, 0xff,
    0xc0, 0x0, 0x1f, 0xff, 0xff, 0xfc, 0x0, 0x1,
    0xff, 0xff, 0xff, 0xc0, 0x0, 0x1f, 0xff, 0xff,
    0xfe, 0x0, 0x3, 0xff, 0xff, 0xff, 0xe0, 0x0,
    0x7f, 0xff, 0x7f, 0xff, 0x0, 0xf, 0xff, 0xf7,
    0xff, 0xf0, 0x1, 0xff, 0xff, 0x7f, 0xff, 0xc0,
    0x7f, 0xff, 0xf3, 0xff, 0xff, 0xff, 0xff, 0xff,
    0x3f, 0xff, 0xff, 0xff, 0xff, 0xf3, 0xff, 0xff,
    0xff, 0xff, 0xff, 0x1f, 0xff, 0xff, 0xff, 0xff,
    0xf0, 0xff, 0xff, 0xff, 0xdf, 0xff, 0x7, 0xff,
    0xff, 0xf9, 0xff, 0xf0, 0x3f, 0xff, 0xff, 0x1f,
    0xff, 0x1, 0xff, 0xff, 0xe1, 0xff, 0xf0, 0x7,
    0xff, 0xf8, 0x1f, 0xff, 0x0, 0xf, 0xfc, 0x0,
    0x0, 0x0,

    /* U+00FA "ú" */
    0x0, 0x0, 0x0, 0x7f, 0xfe, 0x0, 0x0, 0x0,
    0xf, 0xff, 0xc0, 0x0, 0x0, 0x1, 0xff, 0xf8,
    0x0, 0x0, 0x0, 0x1f, 0xff, 0x0, 0x0, 0x0,
    0x3, 0xff, 0xf0, 0x0, 0x0, 0x0, 0x3f, 0xfe,
    0x0, 0x0, 0x0, 0x7, 0xff, 0xc0, 0x0, 0x0,
    0x0, 0xff, 0xf8, 0x0, 0x0, 0x0, 0xf, 0xff,
    0x0, 0x0, 0x0, 0x1, 0xff, 0xe0, 0x0, 0x0,
    0x0, 0x3f, 0xfc, 0x0, 0x0, 0x0, 0x3, 0xff,
    0x80, 0x0, 0x0, 0x0, 0x7f, 0xf0, 0x0, 0x0,
    0x0, 0xf, 0xfe, 0x0, 0x0, 0x0, 0x0, 0x0,
    0x0, 0x0, 0x0, 0x0, 0x0, 0x0, 0x0, 0x0,
    0x0, 0x0, 0x0, 0x0, 0x0, 0x0, 0x0, 0x0,
    0x0, 0x0, 0x0, 0x0, 0x0, 0x0, 0x0, 0x0,
    0x0, 0x0, 0x0, 0x0, 0x0, 0x0, 0x0, 0x0,
    0x0, 0x0, 0x0, 0xf, 0xff, 0xc0, 0x0, 0x1f,
    0xff, 0xff, 0xfc, 0x0, 0x1, 0xff, 0xff, 0xff,
    0xc0, 0x0, 0x1f, 0xff, 0xff, 0xfc, 0x0, 0x1,
    0xff, 0xff, 0xff, 0xc0, 0x0, 0x1f, 0xff, 0xff,
    0xfc, 0x0, 0x1, 0xff, 0xff, 0xff, 0xc0, 0x0,
    0x1f, 0xff, 0xff, 0xfc, 0x0, 0x1, 0xff, 0xff,
    0xff, 0xc0, 0x0, 0x1f, 0xff, 0xff, 0xfc, 0x0,
    0x1, 0xff, 0xff, 0xff, 0xc0, 0x0, 0x1f, 0xff,
    0xff, 0xfc, 0x0, 0x1, 0xff, 0xff, 0xff, 0xc0,
    0x0, 0x1f, 0xff, 0xff, 0xfc, 0x0, 0x1, 0xff,
    0xff, 0xff, 0xc0, 0x0, 0x1f, 0xff, 0xff, 0xfc,
    0x0, 0x1, 0xff, 0xff, 0xff, 0xc0, 0x0, 0x1f,
    0xff, 0xff, 0xfc, 0x0, 0x1, 0xff, 0xff, 0xff,
    0xc0, 0x0, 0x1f, 0xff, 0xff, 0xfc, 0x0, 0x1,
    0xff, 0xff, 0xff, 0xc0, 0x0, 0x1f, 0xff, 0xff,
    0xfc, 0x0, 0x1, 0xff, 0xff, 0xff, 0xc0, 0x0,
    0x1f, 0xff, 0xff, 0xfc, 0x0, 0x1, 0xff, 0xff,
    0xff, 0xc0, 0x0, 0x1f, 0xff, 0xff, 0xfc, 0x0,
    0x1, 0xff, 0xff, 0xff, 0xc0, 0x0, 0x1f, 0xff,
    0xff, 0xfc, 0x0, 0x1, 0xff, 0xff, 0xff, 0xc0,
    0x0, 0x1f, 0xff, 0xff, 0xfc, 0x0, 0x1, 0xff,
    0xff, 0xff, 0xc0, 0x0, 0x1f, 0xff, 0xff, 0xfc,
    0x0, 0x1, 0xff, 0xff, 0xff, 0xc0, 0x0, 0x1f,
    0xff, 0xff, 0xfc, 0x0, 0x1, 0xff, 0xff, 0xff,
    0xc0, 0x0, 0x1f, 0xff, 0xff, 0xfc, 0x0, 0x1,
    0xff, 0xff, 0xff, 0xc0, 0x0, 0x1f, 0xff, 0xff,
    0xfe, 0x0, 0x3, 0xff, 0xff, 0xff, 0xe0, 0x0,
    0x7f, 0xff, 0x7f, 0xff, 0x0, 0xf, 0xff, 0xf7,
    0xff, 0xf0, 0x1, 0xff, 0xff, 0x7f, 0xff, 0xc0,
    0x7f, 0xff, 0xf3, 0xff, 0xff, 0xff, 0xff, 0xff,
    0x3f, 0xff, 0xff, 0xff, 0xff, 0xf3, 0xff, 0xff,
    0xff, 0xff, 0xff, 0x1f, 0xff, 0xff, 0xff, 0xff,
    0xf0, 0xff, 0xff, 0xff, 0xdf, 0xff, 0x7, 0xff,
    0xff, 0xf9, 0xff, 0xf0, 0x3f, 0xff, 0xff, 0x1f,
    0xff, 0x1, 0xff, 0xff, 0xe1, 0xff, 0xf0, 0x7,
    0xff, 0xf8, 0x1f, 0xff, 0x0, 0xf, 0xfc, 0x0,
    0x0, 0x0,

    /* U+00FB "û" */
    0x0, 0x0, 0x1f, 0xc0, 0x0, 0x0, 0x0, 0x7,
    0xfe, 0x0, 0x0, 0x0, 0x0, 0xff, 0xf0, 0x0,
    0x0, 0x0, 0x1f, 0xff, 0x80, 0x0, 0x0, 0x3,
    0xff, 0xfc, 0x0, 0x0, 0x0, 0x7f, 0xff, 0xe0,
    0x0, 0x0, 0xf, 0xff, 0xff, 0x0, 0x0, 0x1,
    0xff, 0xdf, 0xfc, 0x0, 0x0, 0x3f, 0xf8, 0xff,
    0xe0, 0x0, 0x7, 0xff, 0x7, 0xff, 0x0, 0x0,
    0xff, 0xe0, 0x3f, 0xf8, 0x0, 0x1f, 0xfc, 0x1,
    0xff, 0xc0, 0x3, 0xff, 0x80, 0xf, 0xfe, 0x0,
    0x7f, 0xf0, 0x0, 0x7f, 0xf0, 0xf, 0xfe, 0x0,
    0x0, 0x0, 0x0, 0x0, 0x0, 0x0, 0x0, 0x0,
    0x0, 0x0, 0x0, 0x0, 0x0, 0x0, 0x0, 0x0,
    0x0, 0x0, 0x0, 0x0, 0x0, 0x0, 0x0, 0x0,
    0x0, 0x0, 0x0, 0x0, 0x0, 0x0, 0x0, 0x0,
    0x0, 0x0, 0x0, 0x0, 0x0, 0x0, 0x0, 0x0,
    0x0, 0xff, 0xfc, 0x0, 0x1, 0xff, 0xff, 0xff,
    0xc0, 0x0, 0x1f, 0xff, 0xff, 0xfc, 0x0, 0x1,
    0xff, 0xff, 0xff, 0xc0, 0x0, 0x1f, 0xff, 0xff,
    0xfc, 0x0, 0x1, 0xff, 0xff, 0xff, 0xc0, 0x0,
    0x1f, 0xff, 0xff, 0xfc, 0x0, 0x1, 0xff, 0xff,
    0xff, 0xc0, 0x0, 0x1f, 0xff, 0xff, 0xfc, 0x0,
    0x1, 0xff, 0xff, 0xff, 0xc0, 0x0, 0x1f, 0xff,
    0xff, 0xfc, 0x0, 0x1, 0xff, 0xff, 0xff, 0xc0,
    0x0, 0x1f, 0xff, 0xff, 0xfc, 0x0, 0x1, 0xff,
    0xff, 0xff, 0xc0, 0x0, 0x1f, 0xff, 0xff, 0xfc,
    0x0, 0x1, 0xff, 0xff, 0xff, 0xc0, 0x0, 0x1f,
    0xff, 0xff, 0xfc, 0x0, 0x1, 0xff, 0xff, 0xff,
    0xc0, 0x0, 0x1f, 0xff, 0xff, 0xfc, 0x0, 0x1,
    0xff, 0xff, 0xff, 0xc0, 0x0, 0x1f, 0xff, 0xff,
    0xfc, 0x0, 0x1, 0xff, 0xff, 0xff, 0xc0, 0x0,
    0x1f, 0xff, 0xff, 0xfc, 0x0, 0x1, 0xff, 0xff,
    0xff, 0xc0, 0x0, 0x1f, 0xff, 0xff, 0xfc, 0x0,
    0x1, 0xff, 0xff, 0xff, 0xc0, 0x0, 0x1f, 0xff,
    0xff, 0xfc, 0x0, 0x1, 0xff, 0xff, 0xff, 0xc0,
    0x0, 0x1f, 0xff, 0xff, 0xfc, 0x0, 0x1, 0xff,
    0xff, 0xff, 0xc0, 0x0, 0x1f, 0xff, 0xff, 0xfc,
    0x0, 0x1, 0xff, 0xff, 0xff, 0xc0, 0x0, 0x1f,
    0xff, 0xff, 0xfc, 0x0, 0x1, 0xff, 0xff, 0xff,
    0xc0, 0x0, 0x1f, 0xff, 0xff, 0xfc, 0x0, 0x1,
    0xff, 0xff, 0xff, 0xc0, 0x0, 0x1f, 0xff, 0xff,
    0xfc, 0x0, 0x1, 0xff, 0xff, 0xff, 0xe0, 0x0,
    0x3f, 0xff, 0xff, 0xfe, 0x0, 0x7, 0xff, 0xf7,
    0xff, 0xf0, 0x0, 0xff, 0xff, 0x7f, 0xff, 0x0,
    0x1f, 0xff, 0xf7, 0xff, 0xfc, 0x7, 0xff, 0xff,
    0x3f, 0xff, 0xff, 0xff, 0xff, 0xf3, 0xff, 0xff,
    0xff, 0xff, 0xff, 0x3f, 0xff, 0xff, 0xff, 0xff,
    0xf1, 0xff, 0xff, 0xff, 0xff, 0xff, 0xf, 0xff,
    0xff, 0xfd, 0xff, 0xf0, 0x7f, 0xff, 0xff, 0x9f,
    0xff, 0x3, 0xff, 0xff, 0xf1, 0xff, 0xf0, 0x1f,
    0xff, 0xfe, 0x1f, 0xff, 0x0, 0x7f, 0xff, 0x81,
    0xff, 0xf0, 0x0, 0xff, 0xc0, 0x0, 0x0,

    /* U+00FC "ü" */
    0x0, 0xf8, 0x0, 0x1, 0xf0, 0x0, 0x3f, 0xe0,
    0x0, 0x7f, 0xc0, 0x7, 0xff, 0x0, 0xf, 0xfe,
    0x0, 0x7f, 0xf0, 0x0, 0xff, 0xe0, 0xf, 0xff,
    0x80, 0x1f, 0xff, 0x0, 0xff, 0xf8, 0x1, 0xff,
    0xf0, 0xf, 0xff, 0x80, 0x1f, 0xff, 0x0, 0xff,
    0xf8, 0x1, 0xff, 0xf0, 0x7, 0xff, 0x0, 0x1f,
    0xfe, 0x0, 0x7f, 0xf0, 0x0, 0xff, 0xe0, 0x3,
    0xfe, 0x0, 0x7, 0xfc, 0x0, 0xf, 0x80, 0x0,
    0x1f, 0x0, 0x0, 0x0, 0x0, 0x0, 0x0, 0x0,
    0x0, 0x0, 0x0, 0x0, 0x0, 0x0, 0x0, 0x0,
    0x0, 0x0, 0x0, 0x0, 0x0, 0x0, 0x0, 0x0,
    0x0, 0x0, 0x0, 0x0, 0x0, 0x0, 0x0, 0x0,
    0x0, 0x0, 0x0, 0x0, 0x0, 0x0, 0x0, 0x0,
    0xf, 0xff, 0xc0, 0x0, 0x1f, 0xff, 0xff, 0xfc,
    0x0, 0x1, 0xff, 0xff, 0xff, 0xc0, 0x0, 0x1f,
    0xff, 0xff, 0xfc, 0x0, 0x1, 0xff, 0xff, 0xff,
    0xc0, 0x0, 0x1f, 0xff, 0xff, 0xfc, 0x0, 0x1,
    0xff, 0xff, 0xff, 0xc0, 0x0, 0x1f, 0xff, 0xff,
    0xfc, 0x0, 0x1, 0xff, 0xff, 0xff, 0xc0, 0x0,
    0x1f, 0xff, 0xff, 0xfc, 0x0, 0x1, 0xff, 0xff,
    0xff, 0xc0, 0x0, 0x1f, 0xff, 0xff, 0xfc, 0x0,
    0x1, 0xff, 0xff, 0xff, 0xc0, 0x0, 0x1f, 0xff,
    0xff, 0xfc, 0x0, 0x1, 0xff, 0xff, 0xff, 0xc0,
    0x0, 0x1f, 0xff, 0xff, 0xfc, 0x0, 0x1, 0xff,
    0xff, 0xff, 0xc0, 0x0, 0x1f, 0xff, 0xff, 0xfc,
    0x0, 0x1, 0xff, 0xff, 0xff, 0xc0, 0x0, 0x1f,
    0xff, 0xff, 0xfc, 0x0, 0x1, 0xff, 0xff, 0xff,
    0xc0, 0x0, 0x1f, 0xff, 0xff, 0xfc, 0x0, 0x1,
    0xff, 0xff, 0xff, 0xc0, 0x0, 0x1f, 0xff, 0xff,
    0xfc, 0x0, 0x1, 0xff, 0xff, 0xff, 0xc0, 0x0,
    0x1f, 0xff, 0xff, 0xfc, 0x0, 0x1, 0xff, 0xff,
    0xff, 0xc0, 0x0, 0x1f, 0xff, 0xff, 0xfc, 0x0,
    0x1, 0xff, 0xff, 0xff, 0xc0, 0x0, 0x1f, 0xff,
    0xff, 0xfc, 0x0, 0x1, 0xff, 0xff, 0xff, 0xc0,
    0x0, 0x1f, 0xff, 0xff, 0xfc, 0x0, 0x1, 0xff,
    0xff, 0xff, 0xc0, 0x0, 0x1f, 0xff, 0xff, 0xfc,
    0x0, 0x1, 0xff, 0xff, 0xff, 0xc0, 0x0, 0x1f,
    0xff, 0xff, 0xfc, 0x0, 0x1, 0xff, 0xff, 0xff,
    0xc0, 0x0, 0x1f, 0xff, 0xff, 0xfe, 0x0, 0x3,
    0xff, 0xff, 0xff, 0xe0, 0x0, 0x7f, 0xff, 0x7f,
    0xfe, 0x0, 0xf, 0xff, 0xf7, 0xff, 0xf0, 0x1,
    0xff, 0xff, 0x7f, 0xff, 0xc0, 0x7f, 0xff, 0xf3,
    0xff, 0xff, 0xff, 0xff, 0xff, 0x3f, 0xff, 0xff,
    0xff, 0xff, 0xf3, 0xff, 0xff, 0xff, 0xff, 0xff,
    0x1f, 0xff, 0xff, 0xff, 0xff, 0xf0, 0xff, 0xff,
    0xff, 0xdf, 0xff, 0x7, 0xff, 0xff, 0xf9, 0xff,
    0xf0, 0x3f, 0xff, 0xff, 0x1f, 0xff, 0x1, 0xff,
    0xff, 0xe1, 0xff, 0xf0, 0x7, 0xff, 0xf8, 0x1f,
    0xff, 0x0, 0xf, 0xfc, 0x0, 0x0, 0x0,

    /* U+00FD "ý" */
    0x0, 0x0, 0x0, 0x3f, 0xff, 0x80, 0x0, 0x0,
    0x0, 0x3f, 0xff, 0x0, 0x0, 0x0, 0x0, 0x7f,
    0xfe, 0x0, 0x0, 0x0, 0x0, 0xff, 0xfc, 0x0,
    0x0, 0x0, 0x0, 0xff, 0xf8, 0x0, 0x0, 0x0,
    0x1, 0xff, 0xf0, 0x0, 0x0, 0x0, 0x3, 0xff,
    0xe0, 0x0, 0x0, 0x0, 0x3, 0xff, 0xc0, 0x0,
    0x0, 0x0, 0x7, 0xff, 0x80, 0x0, 0x0, 0x0,
    0xf, 0xff, 0x80, 0x0, 0x0, 0x0, 0xf, 0xff,
    0x0, 0x0, 0x0, 0x0, 0x1f, 0xfe, 0x0, 0x0,
    0x0, 0x0, 0x3f, 0xfc, 0x0, 0x0, 0x0, 0x0,
    0x3f, 0xf8, 0x0, 0x0, 0x0, 0x0, 0x0, 0x0,
    0x0, 0x0, 0x0, 0x0, 0x0, 0x0, 0x0, 0x0,
    0x0, 0x0, 0x0, 0x0, 0x0, 0x0, 0x0, 0x0,
    0x0, 0x0, 0x0, 0x0, 0x0, 0x0, 0x0, 0x0,
    0x0, 0x0, 0x0, 0x0, 0x0, 0x0, 0x0, 0x0,
    0x0, 0x0, 0x0, 0x0, 0x0, 0x0, 0xff, 0xfc,
    0x0, 0x0, 0x7f, 0xfe, 0xff, 0xfc, 0x0, 0x0,
    0x7f, 0xfe, 0xff, 0xfe, 0x0, 0x0, 0xff, 0xfe,
    0x7f, 0xfe, 0x0, 0x0, 0xff, 0xfc, 0x7f, 0xfe,
    0x0, 0x0, 0xff, 0xfc, 0x7f, 0xff, 0x0, 0x0,
    0xff, 0xfc, 0x3f, 0xff, 0x0, 0x1, 0xff, 0xf8,
    0x3f, 0xff, 0x0, 0x1, 0xff, 0xf8, 0x3f, 0xff,
    0x80, 0x1, 0xff, 0xf8, 0x1f, 0xff, 0x80, 0x3,
    0xff, 0xf0, 0x1f, 0xff, 0x80, 0x3, 0xff, 0xf0,
    0x1f, 0xff, 0x80, 0x3, 0xff, 0xf0, 0xf, 0xff,
    0xc0, 0x7, 0xff, 0xe0, 0xf, 0xff, 0xc0, 0x7,
    0xff, 0xe0, 0x7, 0xff, 0xc0, 0x7, 0xff, 0xe0,
    0x7, 0xff, 0xe0, 0x7, 0xff, 0xc0, 0x7, 0xff,
    0xe0, 0xf, 0xff, 0xc0, 0x3, 0xff, 0xe0, 0xf,
    0xff, 0xc0, 0x3, 0xff, 0xe0, 0xf, 0xff, 0x80,
    0x3, 0xff, 0xf0, 0x1f, 0xff, 0x80, 0x1, 0xff,
    0xf0, 0x1f, 0xff, 0x80, 0x1, 0xff, 0xf0, 0x1f,
    0xff, 0x0, 0x1, 0xff, 0xf8, 0x1f, 0xff, 0x0,
    0x0, 0xff, 0xf8, 0x3f, 0xff, 0x0, 0x0, 0xff,
    0xf8, 0x3f, 0xfe, 0x0, 0x0, 0xff, 0xfc, 0x3f,
    0xfe, 0x0, 0x0, 0x7f, 0xfc, 0x7f, 0xfc, 0x0,
    0x0, 0x7f, 0xfc, 0x7f, 0xfc, 0x0, 0x0, 0x7f,
    0xfc, 0x7f, 0xfc, 0x0, 0x0, 0x3f, 0xfe, 0x7f,
    0xf8, 0x0, 0x0, 0x3f, 0xfe, 0xff, 0xf8, 0x0,
    0x0, 0x3f, 0xfe, 0xff, 0xf8, 0x0, 0x0, 0x1f,
    0xff, 0xff, 0xf0, 0x0, 0x0, 0x1f, 0xff, 0xff,
    0xf0, 0x0, 0x0, 0x1f, 0xff, 0xff, 0xf0, 0x0,
    0x0, 0xf, 0xff, 0xff, 0xe0, 0x0, 0x0, 0xf,
    0xff, 0xff, 0xe0, 0x0, 0x0, 0xf, 0xff, 0xff,
    0xe0, 0x0, 0x0, 0x7, 0xff, 0xff, 0xc0, 0x0,
    0x0, 0x7, 0xff, 0xff, 0xc0, 0x0, 0x0, 0x7,
    0xff, 0xff, 0xc0, 0x0, 0x0, 0x3, 0xff, 0xff,
    0x80, 0x0, 0x0, 0x3, 0xff, 0xff, 0x80, 0x0,
    0x0, 0x3, 0xff, 0xff, 0x80, 0x0, 0x0, 0x1,
    0xff, 0xff, 0x0, 0x0, 0x0, 0x1, 0xff, 0xff,
    0x0, 0x0, 0x0, 0x1, 0xff, 0xff, 0x0, 0x0,
    0x0, 0x0, 0xff, 0xfe, 0x0, 0x0, 0x0, 0x0,
    0xff, 0xfe, 0x0, 0x0, 0x0, 0x0, 0xff, 0xfe,
    0x0, 0x0, 0x0, 0x0, 0x7f, 0xfc, 0x0, 0x0,
    0x0, 0x0, 0x7f, 0xfc, 0x0, 0x0, 0x0, 0x0,
    0x7f, 0xf8, 0x0, 0x0, 0x0, 0x0, 0x7f, 0xf8,
    0x0, 0x0, 0x0, 0x0, 0x7f, 0xf8, 0x0, 0x0,
    0x0, 0x0, 0xff, 0xf0, 0x0, 0x0, 0x0, 0x0,
    0xff, 0xf0, 0x0, 0x0, 0x0, 0x1, 0xff, 0xf0,
    0x0, 0x0, 0x0, 0x1, 0xff, 0xe0, 0x0, 0x0,
    0x0, 0x3, 0xff, 0xe0, 0x0, 0x0, 0x0, 0x7,
    0xff, 0xe0, 0x0, 0x0, 0x0, 0x1f, 0xff, 0xc0,
    0x0, 0x0, 0x7, 0xff, 0xff, 0xc0, 0x0, 0x0,
    0x7, 0xff, 0xff, 0x80, 0x0, 0x0, 0x7, 0xff,
    0xff, 0x80, 0x0, 0x0, 0x7, 0xff, 0xff, 0x0,
    0x0, 0x0, 0x7, 0xff, 0xfe, 0x0, 0x0, 0x0,
    0x7, 0xff, 0xfc, 0x0, 0x0, 0x0, 0x7, 0xff,
    0xf8, 0x0, 0x0, 0x0, 0x7, 0xff, 0xf0, 0x0,
    0x0, 0x0, 0x7, 0xff, 0xc0, 0x0, 0x0, 0x0,
    0x3, 0xfe, 0x0, 0x0, 0x0, 0x0,

    /* U+00FE "þ" */
    0xff, 0xfc, 0x0, 0x0, 0x0, 0x3, 0xff, 0xf0,
    0x0, 0x0, 0x0, 0xf, 0xff, 0xc0, 0x0, 0x0,
    0x0, 0x3f, 0xff, 0x0, 0x0, 0x0, 0x0, 0xff,
    0xfc, 0x0, 0x0, 0x0, 0x3, 0xff, 0xf0, 0x0,
    0x0, 0x0, 0xf, 0xff, 0xc0, 0x0, 0x0, 0x0,
    0x3f, 0xff, 0x0, 0x0, 0x0, 0x0, 0xff, 0xfc,
    0x0, 0x0, 0x0, 0x3, 0xff, 0xf0, 0x0, 0x0,
    0x0, 0xf, 0xff, 0xc0, 0x0, 0x0, 0x0, 0x3f,
    0xff, 0x0, 0x0, 0x0, 0x0, 0xff, 0xfc, 0x0,
    0x0, 0x0, 0x3, 0xff, 0xf0, 0x0, 0x0, 0x0,
    0xf, 0xff, 0xc0, 0x0, 0x0, 0x0, 0x3f, 0xff,
    0x0, 0x0, 0x0, 0x0, 0xff, 0xfc, 0x0, 0x0,
    0x0, 0x3, 0xff, 0xf0, 0x0, 0x0, 0x0, 0xf,
    0xff, 0xc0, 0x0, 0x0, 0x0, 0x3f, 0xff, 0x0,
    0x0, 0x0, 0x0, 0xff, 0xfc, 0x0, 0x0, 0x0,
    0x3, 0xff, 0xf0, 0xf, 0xf8, 0x0, 0xf, 0xff,
    0xc1, 0xff, 0xfc, 0x0, 0x3f, 0xff, 0x1f, 0xff,
    0xfc, 0x0, 0xff, 0xfc, 0xff, 0xff, 0xf8, 0x3,
    0xff, 0xf7, 0xff, 0xff, 0xf8, 0xf, 0xff, 0xff,
    0xff, 0xff, 0xf0, 0x3f, 0xff, 0xff, 0xff, 0xff,
    0xe0, 0xff, 0xff, 0xff, 0xff, 0xff, 0x83, 0xff,
    0xff, 0xff, 0xff, 0xff, 0xf, 0xff, 0xff, 0xff,
    0xff, 0xfe, 0x3f, 0xff, 0xf8, 0x1f, 0xff, 0xf8,
    0xff, 0xff, 0x80, 0x1f, 0xff, 0xe3, 0xff, 0xfc,
    0x0, 0x3f, 0xff, 0xcf, 0xff, 0xe0, 0x0, 0x7f,
    0xff, 0x3f, 0xff, 0x0, 0x0, 0xff, 0xfe, 0xff,
    0xfc, 0x0, 0x3, 0xff, 0xfb, 0xff, 0xf0, 0x0,
    0x7, 0xff, 0xef, 0xff, 0xc0, 0x0, 0x1f, 0xff,
    0xbf, 0xff, 0x0, 0x0, 0x7f, 0xfe, 0xff, 0xfc,
    0x0, 0x1, 0xff, 0xff, 0xff, 0xf0, 0x0, 0x3,
    0xff, 0xff, 0xff, 0xc0, 0x0, 0xf, 0xff, 0xff,
    0xff, 0x0, 0x0, 0x3f, 0xff, 0xff, 0xfc, 0x0,
    0x0, 0xff, 0xff, 0xff, 0xf0, 0x0, 0x3, 0xff,
    0xff, 0xff, 0xc0, 0x0, 0xf, 0xff, 0xff, 0xff,
    0x0, 0x0, 0x3f, 0xff, 0xff, 0xfc, 0x0, 0x0,
    0xff, 0xff, 0xff, 0xf0, 0x0, 0x3, 0xff, 0xff,
    0xff, 0xc0, 0x0, 0xf, 0xff, 0xff, 0xff, 0x0,
    0x0, 0x3f, 0xff, 0xff, 0xfc, 0x0, 0x0, 0xff,
    0xff, 0xff, 0xf0, 0x0, 0x7, 0xff, 0xff, 0xff,
    0xc0, 0x0, 0x1f, 0xff, 0xbf, 0xff, 0x0, 0x0,
    0x7f, 0xfe, 0xff, 0xfc, 0x0, 0x1, 0xff, 0xfb,
    0xff, 0xf0, 0x0, 0xf, 0xff, 0xef, 0xff, 0xc0,
    0x0, 0x3f, 0xff, 0x3f, 0xff, 0x80, 0x1, 0xff,
    0xfc, 0xff, 0xff, 0x0, 0xf, 0xff, 0xf3, 0xff,
    0xfe, 0x0, 0x7f, 0xff, 0x8f, 0xff, 0xfe, 0x3,
    0xff, 0xfe, 0x3f, 0xff, 0xff, 0xff, 0xff, 0xf0,
    0xff, 0xff, 0xff, 0xff, 0xff, 0xc3, 0xff, 0xff,
    0xff, 0xff, 0xfe, 0xf, 0xff, 0xff, 0xff, 0xff,
    0xf0, 0x3f, 0xff, 0xff, 0xff, 0xff, 0x80, 0xff,
    0xfd, 0xff, 0xff, 0xfc, 0x3, 0xff, 0xf3, 0xff,
    0xff, 0xe0, 0xf, 0xff, 0xc7, 0xff, 0xff, 0x0,
    0x3f, 0xff, 0x7, 0xff, 0xf0, 0x0, 0xff, 0xfc,
    0x3, 0xfe, 0x0, 0x3, 0xff, 0xf0, 0x0, 0x0,
    0x0, 0xf, 0xff, 0xc0, 0x0, 0x0, 0x0, 0x3f,
    0xff, 0x0, 0x0, 0x0, 0x0, 0xff, 0xfc, 0x0,
    0x0, 0x0, 0x3, 0xff, 0xf0, 0x0, 0x0, 0x0,
    0xf, 0xff, 0xc0, 0x0, 0x0, 0x0, 0x3f, 0xff,
    0x0, 0x0, 0x0, 0x0, 0xff, 0xfc, 0x0, 0x0,
    0x0, 0x3, 0xff, 0xf0, 0x0, 0x0, 0x0, 0xf,
    0xff, 0xc0, 0x0, 0x0, 0x0, 0x3f, 0xff, 0x0,
    0x0, 0x0, 0x0, 0xff, 0xfc, 0x0, 0x0, 0x0,
    0x3, 0xff, 0xf0, 0x0, 0x0, 0x0, 0xf, 0xff,
    0xc0, 0x0, 0x0, 0x0, 0x3f, 0xff, 0x0, 0x0,
    0x0, 0x0, 0xff, 0xfc, 0x0, 0x0, 0x0, 0x3,
    0xff, 0xf0, 0x0, 0x0, 0x0, 0xf, 0xff, 0xc0,
    0x0, 0x0, 0x0, 0x3f, 0xff, 0x0, 0x0, 0x0,
    0x0,

    /* U+00FF "ÿ" */
    0x0, 0x3e, 0x0, 0x0, 0x7c, 0x0, 0x0, 0xff,
    0x80, 0x1, 0xff, 0x0, 0x1, 0xff, 0xc0, 0x3,
    0xff, 0x80, 0x1, 0xff, 0xc0, 0x3, 0xff, 0x80,
    0x3, 0xff, 0xe0, 0x7, 0xff, 0xc0, 0x3, 0xff,
    0xe0, 0x7, 0xff, 0xc0, 0x3, 0xff, 0xe0, 0x7,
    0xff, 0xc0, 0x3, 0xff, 0xe0, 0x7, 0xff, 0xc0,
    0x1, 0xff, 0xc0, 0x7, 0xff, 0x80, 0x1, 0xff,
    0xc0, 0x3, 0xff, 0x80, 0x0, 0xff, 0x80, 0x1,
    0xff, 0x0, 0x0, 0x3e, 0x0, 0x0, 0x7c, 0x0,
    0x0, 0x0, 0x0, 0x0, 0x0, 0x0, 0x0, 0x0,
    0x0, 0x0, 0x0, 0x0, 0x0, 0x0, 0x0, 0x0,
    0x0, 0x0, 0x0, 0x0, 0x0, 0x0, 0x0, 0x0,
    0x0, 0x0, 0x0, 0x0, 0x0, 0x0, 0x0, 0x0,
    0x0, 0x0, 0x0, 0x0, 0x0, 0x0, 0x0, 0x0,
    0x0, 0x0, 0x0, 0x0, 0x0, 0x0, 0x0, 0x0,
    0xff, 0xfe, 0x0, 0x0, 0x7f, 0xff, 0xff, 0xfe,
    0x0, 0x0, 0x7f, 0xfe, 0x7f, 0xfe, 0x0, 0x0,
    0xff, 0xfe, 0x7f, 0xfe, 0x0, 0x0, 0xff, 0xfe,
    0x7f, 0xff, 0x0, 0x0, 0xff, 0xfc, 0x3f, 0xff,
    0x0, 0x0, 0xff, 0xfc, 0x3f, 0xff, 0x0, 0x1,
    0xff, 0xf8, 0x3f, 0xff, 0x80, 0x1, 0xff, 0xf8,
    0x1f, 0xff, 0x80, 0x1, 0xff, 0xf8, 0x1f, 0xff,
    0x80, 0x3, 0xff, 0xf0, 0x1f, 0xff, 0x80, 0x3,
    0xff, 0xf0, 0xf, 0xff, 0xc0, 0x3, 0xff, 0xf0,
    0xf, 0xff, 0xc0, 0x7, 0xff, 0xe0, 0xf, 0xff,
    0xc0, 0x7, 0xff, 0xe0, 0x7, 0xff, 0xe0, 0x7,
    0xff, 0xe0, 0x7, 0xff, 0xe0, 0x7, 0xff, 0xc0,
    0x7, 0xff, 0xe0, 0xf, 0xff, 0xc0, 0x3, 0xff,
    0xf0, 0xf, 0xff, 0xc0, 0x3, 0xff, 0xf0, 0xf,
    0xff, 0x80, 0x1, 0xff, 0xf0, 0x1f, 0xff, 0x80,
    0x1, 0xff, 0xf0, 0x1f, 0xff, 0x80, 0x1, 0xff,
    0xf8, 0x1f, 0xff, 0x0, 0x0, 0xff, 0xf8, 0x1f,
    0xff, 0x0, 0x0, 0xff, 0xf8, 0x3f, 0xff, 0x0,
    0x0, 0xff, 0xfc, 0x3f, 0xfe, 0x0, 0x0, 0x7f,
    0xfc, 0x3f, 0xfe, 0x0, 0x0, 0x7f, 0xfc, 0x7f,
    0xfc, 0x0, 0x0, 0x7f, 0xfc, 0x7f, 0xfc, 0x0,
    0x0, 0x3f, 0xfe, 0x7f, 0xfc, 0x0, 0x0, 0x3f,
    0xfe, 0xff, 0xf8, 0x0, 0x0, 0x3f, 0xfe, 0xff,
    0xf8, 0x0, 0x0, 0x1f, 0xff, 0xff, 0xf8, 0x0,
    0x0, 0x1f, 0xff, 0xff, 0xf0, 0x0, 0x0, 0x1f,
    0xff, 0xff, 0xf0, 0x0, 0x0, 0xf, 0xff, 0xff,
    0xf0, 0x0, 0x0, 0xf, 0xff, 0xff, 0xe0, 0x0,
    0x0, 0xf, 0xff, 0xff, 0xe0, 0x0, 0x0, 0x7,
    0xff, 0xff, 0xe0, 0x0, 0x0, 0x7, 0xff, 0xff,
    0xc0, 0x0, 0x0, 0x3, 0xff, 0xff, 0xc0, 0x0,
    0x0, 0x3, 0xff, 0xff, 0xc0, 0x0, 0x0, 0x3,
    0xff, 0xff, 0x80, 0x0, 0x0, 0x1, 0xff, 0xff,
    0x80, 0x0, 0x0, 0x1, 0xff, 0xff, 0x0, 0x0,
    0x0, 0x1, 0xff, 0xff, 0x0, 0x0, 0x0, 0x0,
    0xff, 0xff, 0x0, 0x0, 0x0, 0x0, 0xff, 0xfe,
    0x0, 0x0, 0x0, 0x0, 0xff, 0xfe, 0x0, 0x0,
    0x0, 0x0, 0x7f, 0xfe, 0x0, 0x0, 0x0, 0x0,
    0x7f, 0xfc, 0x0, 0x0, 0x0, 0x0, 0x7f, 0xfc,
    0x0, 0x0, 0x0, 0x0, 0x7f, 0xfc, 0x0, 0x0,
    0x0, 0x0, 0x7f, 0xf8, 0x0, 0x0, 0x0, 0x0,
    0x7f, 0xf8, 0x0, 0x0, 0x0, 0x0, 0xff, 0xf8,
    0x0, 0x0, 0x0, 0x0, 0xff, 0xf0, 0x0, 0x0,
    0x0, 0x1, 0xff, 0xf0, 0x0, 0x0, 0x0, 0x1,
    0xff, 0xf0, 0x0, 0x0, 0x0, 0x3, 0xff, 0xe0,
    0x0, 0x0, 0x0, 0x7, 0xff, 0xe0, 0x0, 0x0,
    0x0, 0x1f, 0xff, 0xc0, 0x0, 0x0, 0x7, 0xff,
    0xff, 0xc0, 0x0, 0x0, 0x7, 0xff, 0xff, 0x80,
    0x0, 0x0, 0x7, 0xff, 0xff, 0x80, 0x0, 0x0,
    0x7, 0xff, 0xff, 0x0, 0x0, 0x0, 0x7, 0xff,
    0xfe, 0x0, 0x0, 0x0, 0x7, 0xff, 0xfe, 0x0,
    0x0, 0x0, 0x7, 0xff, 0xfc, 0x0, 0x0, 0x0,
    0x7, 0xff, 0xf0, 0x0, 0x0, 0x0, 0x7, 0xff,
    0xc0, 0x0, 0x0, 0x0, 0x3, 0xff, 0x0, 0x0,
    0x0, 0x0,

    /* U+2000 " " */
    0x0,

    /* U+2001 " " */
    0x0,

    /* U+2002 " " */
    0x0,

    /* U+2003 " " */
    0x0,

    /* U+2004 " " */
    0x0,

    /* U+2005 " " */
    0x0,

    /* U+2006 " " */
    0x0,

    /* U+2007 " " */
    0x0,

    /* U+2008 " " */
    0x0,

    /* U+2009 " " */
    0x0,

    /* U+200A " " */
    0x0,

    /* U+200B "​" */
    0x0,

    /* U+2010 "‐" */
    0xff, 0xff, 0xff, 0xff, 0xff, 0xff, 0xff, 0xff,
    0xff, 0xff, 0xff, 0xff, 0xff, 0xff, 0xff, 0xff,
    0xff, 0xff, 0xff, 0xff, 0xff, 0xff, 0xff, 0xff,
    0xff, 0xff, 0xff, 0xff, 0xff, 0xff, 0xff, 0xff,
    0xf0,

    /* U+2011 "‑" */
    0xff, 0xff, 0xff, 0xff, 0xff, 0xff, 0xff, 0xff,
    0xff, 0xff, 0xff, 0xff, 0xff, 0xff, 0xff, 0xff,
    0xff, 0xff, 0xff, 0xff, 0xff, 0xff, 0xff, 0xff,
    0xff, 0xff, 0xff, 0xff, 0xff, 0xff, 0xff, 0xff,
    0xf0,

    /* U+2013 "–" */
    0xff, 0xff, 0xff, 0xff, 0xff, 0xff, 0xff, 0xff,
    0xff, 0xff, 0xff, 0xff, 0xff, 0xff, 0xff, 0xff,
    0xff, 0xff, 0xff, 0xff, 0xff, 0xff, 0xff, 0xff,
    0xff, 0xff, 0xff, 0xff, 0xff, 0xff, 0xff, 0xff,
    0xff, 0xff, 0xff, 0xff, 0xff, 0xff, 0xff, 0xff,
    0xff, 0xff, 0xff, 0xff, 0xff, 0xff, 0xff, 0xff,
    0xff, 0xff, 0xff, 0xff, 0xff, 0xff, 0xff, 0xff,
    0xff, 0xff, 0xff, 0xff, 0xff, 0xc0,

    /* U+2014 "—" */
    0xff, 0xff, 0xff, 0xff, 0xff, 0xff, 0xff, 0xff,
    0xff, 0xff, 0xff, 0xff, 0xff, 0xff, 0xff, 0xff,
    0xff, 0xff, 0xff, 0xff, 0xff, 0xff, 0xff, 0xff,
    0xff, 0xff, 0xff, 0xff, 0xff, 0xff, 0xff, 0xff,
    0xff, 0xff, 0xff, 0xff, 0xff, 0xff, 0xff, 0xff,
    0xff, 0xff, 0xff, 0xff, 0xff, 0xff, 0xff, 0xff,
    0xff, 0xff, 0xff, 0xff, 0xff, 0xff, 0xff, 0xff,
    0xff, 0xff, 0xff, 0xff, 0xff, 0xff, 0xff, 0xff,
    0xff, 0xff, 0xff, 0xff, 0xff, 0xff, 0xff, 0xff,
    0xff, 0xff, 0xff, 0xff, 0xff, 0xff, 0xff, 0xff,
    0xff, 0xc0,

    /* U+2015 "―" */
    0xff, 0xff, 0xff, 0xff, 0xff, 0xff, 0xff, 0xff,
    0xff, 0xff, 0xff, 0xff, 0xff, 0xff, 0xff, 0xff,
    0xff, 0xff, 0xff, 0xff, 0xff, 0xff, 0xff, 0xff,
    0xff, 0xff, 0xff, 0xff, 0xff, 0xff, 0xff, 0xff,
    0xff, 0xff, 0xff, 0xff, 0xff, 0xff, 0xff, 0xff,
    0xff, 0xff, 0xff, 0xff, 0xff, 0xff, 0xff, 0xff,
    0xff, 0xff, 0xff, 0xff, 0xff, 0xff, 0xff, 0xff,
    0xff, 0xff, 0xff, 0xff, 0xff, 0xff, 0xff, 0xff,
    0xff, 0xff, 0xff, 0xff, 0xff, 0xff, 0xff, 0xff,
    0xff, 0xff, 0xff, 0xff, 0xff, 0xff, 0xff, 0xff,
    0xff, 0xc0,

    /* U+2017 "‗" */
    0xff, 0xff, 0xff, 0xff, 0xff, 0xff, 0xff, 0xff,
    0xff, 0xff, 0xff, 0xff, 0xff, 0xff, 0xff, 0xff,
    0xff, 0xff, 0xff, 0xff, 0xff, 0xff, 0xff, 0xff,
    0xff, 0xff, 0xff, 0xff, 0xff, 0xff, 0xff, 0xff,
    0xff, 0xff, 0xff, 0xff, 0xff, 0xf8, 0x0, 0x0,
    0x0, 0x0, 0x0, 0x0, 0x0, 0x0, 0x0, 0x0,
    0x0, 0x0, 0x0, 0x0, 0x0, 0x0, 0x0, 0x0,
    0x0, 0x0, 0x0, 0x0, 0x0, 0x0, 0x0, 0x0,
    0xf, 0xff, 0xff, 0xff, 0xff, 0xff, 0xff, 0xff,
    0xff, 0xff, 0xff, 0xff, 0xff, 0xff, 0xff, 0xff,
    0xff, 0xff, 0xff, 0xff, 0xff, 0xff, 0xff, 0xff,
    0xff, 0xff, 0xff, 0xff, 0xff, 0xff, 0xff, 0xff,
    0xff, 0xff, 0xff, 0xff, 0xff, 0xff, 0x80,

    /* U+2018 "‘" */
    0x0, 0xc0, 0x3, 0xe0, 0xf, 0xf0, 0x3f, 0xf0,
    0xff, 0xc1, 0xff, 0x87, 0xfe, 0xf, 0xfc, 0x3f,
    0xf8, 0x7f, 0xe1, 0xff, 0xc3, 0xff, 0x87, 0xfe,
    0x1f, 0xfc, 0x3f, 0xf8, 0x7f, 0xf0, 0xff, 0xe1,
    0xff, 0xc3, 0xff, 0x87, 0xff, 0xf, 0xfe, 0x1f,
    0xfc, 0x3f, 0xf8, 0x7f, 0xf0,

    /* U+2019 "’" */
    0xf, 0xfe, 0x1f, 0xfc, 0x3f, 0xf8, 0x7f, 0xf0,
    0xff, 0xe1, 0xff, 0xc3, 0xff, 0x87, 0xff, 0xf,
    0xfe, 0x1f, 0xfc, 0x3f, 0xf8, 0x7f, 0xe1, 0xff,
    0xc3, 0xff, 0x87, 0xfe, 0xf, 0xfc, 0x3f, 0xf0,
    0x7f, 0xe1, 0xff, 0x83, 0xff, 0xf, 0xfc, 0xf,
    0xf0, 0x7, 0xc0, 0x7, 0x0, 0x0, 0x0,

    /* U+201A "‚" */
    0xf, 0xfe, 0x1f, 0xfc, 0x3f, 0xf8, 0x7f, 0xf0,
    0xff, 0xe1, 0xff, 0xc3, 0xff, 0x87, 0xff, 0xf,
    0xfe, 0x1f, 0xfc, 0x3f, 0xf8, 0x7f, 0xf0, 0xff,
    0xc3, 0xff, 0x87, 0xff, 0xf, 0xfc, 0x3f, 0xf8,
    0x7f, 0xe0, 0xff, 0xc3, 0xff, 0x7, 0xfc, 0xf,
    0xf8, 0xf, 0xe0, 0x7, 0x80, 0x2, 0x0,

    /* U+201B "‛" */
    0xff, 0xe1, 0xff, 0xc3, 0xff, 0x87, 0xff, 0xf,
    0xfe, 0x1f, 0xfc, 0x3f, 0xf8, 0x7f, 0xf0, 0xff,
    0xe1, 0xff, 0xc3, 0xff, 0x83, 0xff, 0x7, 0xff,
    0xf, 0xfe, 0xf, 0xfc, 0x1f, 0xf8, 0x3f, 0xf8,
    0x3f, 0xf0, 0x3f, 0xf0, 0x7f, 0xe0, 0x7f, 0xe0,
    0x7f, 0x80, 0x7c, 0x0, 0x70, 0x0, 0x0,

    /* U+201C "“" */
    0x0, 0xc0, 0x0, 0xc0, 0x3, 0xe0, 0x3, 0xe0,
    0xf, 0xf0, 0xf, 0xf0, 0x3f, 0xf0, 0x3f, 0xf0,
    0xff, 0xc0, 0xff, 0xc1, 0xff, 0x81, 0xff, 0x87,
    0xfe, 0x7, 0xfe, 0xf, 0xfc, 0xf, 0xfc, 0x3f,
    0xf0, 0x3f, 0xf8, 0x7f, 0xe0, 0x7f, 0xe1, 0xff,
    0xc1, 0xff, 0xc3, 0xff, 0x83, 0xff, 0x87, 0xfe,
    0x7, 0xfe, 0x1f, 0xfc, 0x1f, 0xfc, 0x3f, 0xf8,
    0x3f, 0xf8, 0x7f, 0xf0, 0x7f, 0xf0, 0xff, 0xe0,
    0xff, 0xe1, 0xff, 0xc1, 0xff, 0xc3, 0xff, 0x83,
    0xff, 0x87, 0xff, 0x7, 0xff, 0xf, 0xfe, 0xf,
    0xfe, 0x1f, 0xfc, 0x1f, 0xfc, 0x3f, 0xf8, 0x3f,
    0xf8, 0x7f, 0xf0, 0x7f, 0xf0,

    /* U+201D "”" */
    0xf, 0xfe, 0xf, 0xfe, 0x1f, 0xfc, 0x1f, 0xfc,
    0x3f, 0xf8, 0x3f, 0xf8, 0x7f, 0xf0, 0x7f, 0xf0,
    0xff, 0xe0, 0xff, 0xe1, 0xff, 0xc1, 0xff, 0xc3,
    0xff, 0x83, 0xff, 0x87, 0xff, 0x7, 0xff, 0xf,
    0xfe, 0xf, 0xfe, 0x1f, 0xfc, 0x1f, 0xfc, 0x3f,
    0xf8, 0x3f, 0xf8, 0x7f, 0xe0, 0x7f, 0xe1, 0xff,
    0xc1, 0xff, 0xc3, 0xff, 0x83, 0xff, 0x87, 0xfe,
    0x7, 0xfe, 0xf, 0xfc, 0xf, 0xfc, 0x3f, 0xf0,
    0x3f, 0xf0, 0x7f, 0xe0, 0x7f, 0xe1, 0xff, 0x81,
    0xff, 0x83, 0xff, 0x3, 0xff, 0xf, 0xfc, 0xf,
    0xfc, 0xf, 0xf0, 0xf, 0xf0, 0x7, 0xc0, 0x7,
    0xc0, 0x7, 0x0, 0x7, 0x0, 0x0, 0x0, 0x0,
    0x0,

    /* U+201E "„" */
    0xf, 0xfe, 0xf, 0xfe, 0x1f, 0xfc, 0x1f, 0xfc,
    0x3f, 0xf8, 0x3f, 0xf8, 0x7f, 0xf0, 0x7f, 0xf0,
    0xff, 0xe0, 0xff, 0xe1, 0xff, 0xc1, 0xff, 0xc3,
    0xff, 0x83, 0xff, 0x87, 0xff, 0x7, 0xff, 0xf,
    0xfe, 0xf, 0xfe, 0x1f, 0xfc, 0x1f, 0xfc, 0x3f,
    0xf8, 0x3f, 0xf8, 0x7f, 0xf0, 0x7f, 0xf0, 0xff,
    0xe0, 0xff, 0xe1, 0xff, 0xc1, 0xff, 0x83, 0xff,
    0x3, 0xff, 0xf, 0xfe, 0xf, 0xfe, 0x1f, 0xfc,
    0x1f, 0xfc, 0x3f, 0xf0, 0x3f, 0xf0, 0x7f, 0xe0,
    0xff, 0xe1, 0xff, 0xc1, 0xff, 0x83, 0xff, 0x3,
    0xff, 0xf, 0xfe, 0xf, 0xfc, 0x1f, 0xf8, 0x1f,
    0xf8, 0x7f, 0xe0, 0x7f, 0xe0, 0x7f, 0xc0, 0x7f,
    0x80, 0x3f, 0x0, 0x3e, 0x0, 0x1c, 0x0, 0x1c,
    0x0, 0x0, 0x0, 0x0, 0x0,

    /* U+2020 "†" */
    0x0, 0x0, 0x7f, 0xfe, 0x0, 0x0, 0x0, 0x0,
    0xff, 0xfc, 0x0, 0x0, 0x0, 0x1, 0xff, 0xf8,
    0x0, 0x0, 0x0, 0x3, 0xff, 0xf0, 0x0, 0x0,
    0x0, 0x7, 0xff, 0xe0, 0x0, 0x0, 0x0, 0xf,
    0xff, 0xc0, 0x0, 0x0, 0x0, 0x1f, 0xff, 0x80,
    0x0, 0x0, 0x0, 0x3f, 0xff, 0x0, 0x0, 0x0,
    0x0, 0x7f, 0xfe, 0x0, 0x0, 0x0, 0x0, 0xff,
    0xfc, 0x0, 0x0, 0x0, 0x1, 0xff, 0xf8, 0x0,
    0x0, 0x0, 0x3, 0xff, 0xf0, 0x0, 0x0, 0x0,
    0x7, 0xff, 0xe0, 0x0, 0x0, 0x0, 0xf, 0xff,
    0xc0, 0x0, 0x0, 0x0, 0x1f, 0xff, 0x80, 0x0,
    0x0, 0x0, 0x3f, 0xff, 0x0, 0x0, 0x0, 0x0,
    0x7f, 0xfe, 0x0, 0x0, 0x0, 0x0, 0xff, 0xfc,
    0x0, 0x0, 0x0, 0x1, 0xff, 0xf8, 0x0, 0x7,
    0xff, 0xff, 0xff, 0xff, 0xff, 0xff, 0xff, 0xff,
    0xff, 0xff, 0xff, 0xff, 0xff, 0xff, 0xff, 0xff,
    0xff, 0xff, 0xff, 0xff, 0xff, 0xff, 0xff, 0xff,
    0xff, 0xff, 0xff, 0xff, 0xff, 0xff, 0xff, 0xff,
    0xff, 0xff, 0xff, 0xff, 0xff, 0xff, 0xff, 0xff,
    0xff, 0xff, 0xff, 0xff, 0xff, 0xff, 0xff, 0xff,
    0xff, 0xff, 0xff, 0xff, 0xff, 0xff, 0xff, 0xff,
    0xff, 0xff, 0xe0, 0x0, 0xf, 0xff, 0xc0, 0x0,
    0x0, 0x0, 0x1f, 0xff, 0x80, 0x0, 0x0, 0x0,
    0x3f, 0xff, 0x0, 0x0, 0x0, 0x0, 0x7f, 0xfe,
    0x0, 0x0, 0x0, 0x0, 0xff, 0xfc, 0x0, 0x0,
    0x0, 0x1, 0xff, 0xf8, 0x0, 0x0, 0x0, 0x3,
    0xff, 0xf0, 0x0, 0x0, 0x0, 0x7, 0xff, 0xe0,
    0x0, 0x0, 0x0, 0xf, 0xff, 0xc0, 0x0, 0x0,
    0x0, 0x1f, 0xff, 0x80, 0x0, 0x0, 0x0, 0x3f,
    0xff, 0x0, 0x0, 0x0, 0x0, 0x7f, 0xfe, 0x0,
    0x0, 0x0, 0x0, 0xff, 0xfc, 0x0, 0x0, 0x0,
    0x1, 0xff, 0xf8, 0x0, 0x0, 0x0, 0x3, 0xff,
    0xf0, 0x0, 0x0, 0x0, 0x7, 0xff, 0xe0, 0x0,
    0x0, 0x0, 0xf, 0xff, 0xc0, 0x0, 0x0, 0x0,
    0x1f, 0xff, 0x80, 0x0, 0x0, 0x0, 0x3f, 0xff,
    0x0, 0x0, 0x0, 0x0, 0x7f, 0xfe, 0x0, 0x0,
    0x0, 0x0, 0xff, 0xfc, 0x0, 0x0, 0x0, 0x1,
    0xff, 0xf8, 0x0, 0x0, 0x0, 0x3, 0xff, 0xf0,
    0x0, 0x0, 0x0, 0x7, 0xff, 0xe0, 0x0, 0x0,
    0x0, 0xf, 0xff, 0xc0, 0x0, 0x0, 0x0, 0x1f,
    0xff, 0x80, 0x0, 0x0, 0x0, 0x3f, 0xff, 0x0,
    0x0, 0x0, 0x0, 0x7f, 0xfe, 0x0, 0x0, 0x0,
    0x0, 0xff, 0xfc, 0x0, 0x0, 0x0, 0x1, 0xff,
    0xf8, 0x0, 0x0, 0x0, 0x3, 0xff, 0xf0, 0x0,
    0x0, 0x0, 0x7, 0xff, 0xe0, 0x0, 0x0, 0x0,
    0xf, 0xff, 0xc0, 0x0, 0x0, 0x0, 0x1f, 0xff,
    0x80, 0x0, 0x0, 0x0, 0x3f, 0xff, 0x0, 0x0,
    0x0, 0x0, 0x7f, 0xfe, 0x0, 0x0, 0x0, 0x0,
    0xff, 0xfc, 0x0, 0x0, 0x0, 0x1, 0xff, 0xf8,
    0x0, 0x0, 0x0, 0x3, 0xff, 0xf0, 0x0, 0x0,
    0x0, 0x7, 0xff, 0xe0, 0x0, 0x0,

    /* U+2021 "‡" */
    0x0, 0x0, 0xff, 0xfc, 0x0, 0x0, 0x0, 0x3,
    0xff, 0xf0, 0x0, 0x0, 0x0, 0xf, 0xff, 0xc0,
    0x0, 0x0, 0x0, 0x3f, 0xff, 0x0, 0x0, 0x0,
    0x0, 0xff, 0xfc, 0x0, 0x0, 0x0, 0x3, 0xff,
    0xf0, 0x0, 0x0, 0x0, 0xf, 0xff, 0xc0, 0x0,
    0x0, 0x0, 0x3f, 0xff, 0x0, 0x0, 0x0, 0x0,
    0xff, 0xfc, 0x0, 0x0, 0x0, 0x3, 0xff, 0xf0,
    0x0, 0x0, 0x0, 0xf, 0xff, 0xc0, 0x0, 0x0,
    0x0, 0x3f, 0xff, 0x0, 0x0, 0x0, 0x0, 0xff,
    0xfc, 0x0, 0x0, 0x0, 0x3, 0xff, 0xf0, 0x0,
    0x0, 0x0, 0xf, 0xff, 0xc0, 0x0, 0x0, 0x0,
    0x3f, 0xff, 0x0, 0x0, 0x0, 0x0, 0xff, 0xfc,
    0x0, 0x0, 0x0, 0x3, 0xff, 0xf0, 0x0, 0xf,
    0xff, 0xff, 0xff, 0xff, 0xff, 0xff, 0xff, 0xff,
    0xff, 0xff, 0xff, 0xff, 0xff, 0xff, 0xff, 0xff,
    0xff, 0xff, 0xff, 0xff, 0xff, 0xff, 0xff, 0xff,
    0xff, 0xff, 0xff, 0xff, 0xff, 0xff, 0xff, 0xff,
    0xff, 0xff, 0xff, 0xff, 0xff, 0xff, 0xff, 0xff,
    0xff, 0xff, 0xff, 0xff, 0xff, 0xff, 0xff, 0xff,
    0xff, 0xff, 0xff, 0xff, 0xff, 0xff, 0xff, 0xff,
    0xff, 0x0, 0x0, 0xff, 0xfc, 0x0, 0x0, 0x0,
    0x3, 0xff, 0xf0, 0x0, 0x0, 0x0, 0xf, 0xff,
    0xc0, 0x0, 0x0, 0x0, 0x3f, 0xff, 0x0, 0x0,
    0x0, 0x0, 0xff, 0xfc, 0x0, 0x0, 0x0, 0x3,
    0xff, 0xf0, 0x0, 0x0, 0x0, 0xf, 0xff, 0xc0,
    0x0, 0x0, 0x0, 0x3f, 0xff, 0x0, 0x0, 0x0,
    0x0, 0xff, 0xfc, 0x0, 0x0, 0x0, 0x3, 0xff,
    0xf0, 0x0, 0x0, 0x0, 0xf, 0xff, 0xc0, 0x0,
    0x0, 0x0, 0x3f, 0xff, 0x0, 0x0, 0x0, 0x0,
    0xff, 0xfc, 0x0, 0x0, 0x0, 0x3, 0xff, 0xf0,
    0x0, 0x0, 0x0, 0xf, 0xff, 0xc0, 0x0, 0x0,
    0x0, 0x3f, 0xff, 0x0, 0x0, 0x0, 0x0, 0xff,
    0xfc, 0x0, 0x0, 0x0, 0x3, 0xff, 0xf0, 0x0,
    0x0, 0x0, 0xf, 0xff, 0xc0, 0x0, 0x0, 0x0,
    0x3f, 0xff, 0x0, 0x0, 0x0, 0x0, 0xff, 0xfc,
    0x0, 0x0, 0x0, 0x3, 0xff, 0xf0, 0x0, 0x0,
    0x0, 0xf, 0xff, 0xc0, 0x0, 0x0, 0x0, 0x3f,
    0xff, 0x0, 0x0, 0x0, 0x0, 0xff, 0xfc, 0x0,
    0x0, 0x0, 0x3, 0xff, 0xf0, 0x0, 0x0, 0x0,
    0xf, 0xff, 0xc0, 0x0, 0x0, 0x0, 0x3f, 0xff,
    0x0, 0x0, 0x0, 0x0, 0xff, 0xfc, 0x0, 0x0,
    0x0, 0x3, 0xff, 0xf0, 0x0, 0x0, 0x0, 0xf,
    0xff, 0xc0, 0x0, 0x3f, 0xff, 0xff, 0xff, 0xff,
    0xff, 0xff, 0xff, 0xff, 0xff, 0xff, 0xff, 0xff,
    0xff, 0xff, 0xff, 0xff, 0xff, 0xff, 0xff, 0xff,
    0xff, 0xff, 0xff, 0xff, 0xff, 0xff, 0xff, 0xff,
    0xff, 0xff, 0xff, 0xff, 0xff, 0xff, 0xff, 0xff,
    0xff, 0xff, 0xff, 0xff, 0xff, 0xff, 0xff, 0xff,
    0xff, 0xff, 0xff, 0xff, 0xff, 0xff, 0xff, 0xff,
    0xff, 0xff, 0xff, 0xff, 0xfc, 0x0, 0x3, 0xff,
    0xf0, 0x0, 0x0, 0x0, 0xf, 0xff, 0xc0, 0x0,
    0x0, 0x0, 0x3f, 0xff, 0x0, 0x0, 0x0, 0x0,
    0xff, 0xfc, 0x0, 0x0, 0x0, 0x3, 0xff, 0xf0,
    0x0, 0x0, 0x0, 0xf, 0xff, 0xc0, 0x0, 0x0,
    0x0, 0x3f, 0xff, 0x0, 0x0, 0x0, 0x0, 0xff,
    0xfc, 0x0, 0x0, 0x0, 0x3, 0xff, 0xf0, 0x0,
    0x0, 0x0, 0xf, 0xff, 0xc0, 0x0, 0x0, 0x0,
    0x3f, 0xff, 0x0, 0x0, 0x0, 0x0, 0xff, 0xfc,
    0x0, 0x0, 0x0, 0x3, 0xff, 0xf0, 0x0, 0x0,
    0x0, 0xf, 0xff, 0xc0, 0x0, 0x0, 0x0, 0x3f,
    0xff, 0x0, 0x0, 0x0, 0x0, 0xff, 0xfc, 0x0,
    0x0, 0x0, 0x3, 0xff, 0xf0, 0x0, 0x0, 0x0,
    0xf, 0xff, 0xc0, 0x0, 0x0, 0x0, 0x3f, 0xff,
    0x0, 0x0, 0x0, 0x0, 0xff, 0xfc, 0x0, 0x0,

    /* U+2022 "•" */
    0x1, 0xfe, 0x0, 0x1f, 0xfe, 0x1, 0xff, 0xfe,
    0xf, 0xff, 0xfc, 0x3f, 0xff, 0xf1, 0xff, 0xff,
    0xe7, 0xff, 0xff, 0xbf, 0xff, 0xff, 0xff, 0xff,
    0xff, 0xff, 0xff, 0xff, 0xff, 0xff, 0xff, 0xff,
    0xff, 0xff, 0xff, 0xff, 0xff, 0xff, 0xff, 0xff,
    0xff, 0xff, 0xff, 0xff, 0x7f, 0xff, 0xf9, 0xff,
    0xff, 0xe3, 0xff, 0xff, 0xf, 0xff, 0xfc, 0x1f,
    0xff, 0xe0, 0x1f, 0xfe, 0x0, 0x1f, 0xe0, 0x0,

    /* U+2025 "‥" */
    0xf, 0xe0, 0x0, 0x3f, 0x80, 0xff, 0x80, 0x3,
    0xfe, 0xf, 0xfe, 0x0, 0x3f, 0xf8, 0xff, 0xf8,
    0x3, 0xff, 0xef, 0xff, 0xe0, 0x3f, 0xff, 0xff,
    0xff, 0x1, 0xff, 0xff, 0xff, 0xf8, 0xf, 0xff,
    0xff, 0xff, 0xc0, 0x7f, 0xff, 0xff, 0xfe, 0x3,
    0xff, 0xff, 0xff, 0xf0, 0x1f, 0xff, 0xdf, 0xff,
    0x0, 0x7f, 0xfc, 0x7f, 0xf0, 0x1, 0xff, 0xc1,
    0xff, 0x0, 0x7, 0xfc, 0x7, 0xf0, 0x0, 0x1f,
    0xc0,

    /* U+2026 "…" */
    0xf, 0xe0, 0x0, 0x3f, 0x80, 0x0, 0xfe, 0x3,
    0xfe, 0x0, 0xf, 0xf8, 0x0, 0x3f, 0xe0, 0xff,
    0xe0, 0x3, 0xff, 0x80, 0xf, 0xfe, 0x3f, 0xfe,
    0x0, 0xff, 0xf8, 0x3, 0xff, 0xef, 0xff, 0xe0,
    0x3f, 0xff, 0x80, 0xff, 0xff, 0xff, 0xfc, 0x7,
    0xff, 0xf0, 0x1f, 0xff, 0xff, 0xff, 0x80, 0xff,
    0xfe, 0x3, 0xff, 0xff, 0xff, 0xf0, 0x1f, 0xff,
    0xc0, 0x7f, 0xff, 0xff, 0xfe, 0x3, 0xff, 0xf8,
    0xf, 0xff, 0xff, 0xff, 0xc0, 0x7f, 0xff, 0x1,
    0xff, 0xfd, 0xff, 0xf0, 0x7, 0xff, 0xc0, 0x1f,
    0xff, 0x1f, 0xfc, 0x0, 0x7f, 0xf0, 0x1, 0xff,
    0xc1, 0xff, 0x0, 0x7, 0xfc, 0x0, 0x1f, 0xf0,
    0x1f, 0xc0, 0x0, 0x7f, 0x0, 0x1, 0xfc, 0x0,

    /* U+2027 "‧" */
    0xf, 0xe0, 0x7f, 0xf1, 0xff, 0xf3, 0xff, 0xef,
    0xff, 0xff, 0xff, 0xff, 0xff, 0xff, 0xff, 0xff,
    0xfe, 0xff, 0xf9, 0xff, 0xf1, 0xff, 0xc0, 0xfe,
    0x0,

    /* U+2030 "‰" */
    0x0, 0x3f, 0xe0, 0x0, 0x0, 0x0, 0x0, 0x0,
    0x0, 0x0, 0x0, 0xf, 0xff, 0xc0, 0x0, 0x0,
    0x0, 0x0, 0x0, 0x0, 0x0, 0x0, 0xff, 0xff,
    0x80, 0x0, 0x0, 0x0, 0x0, 0x0, 0x0, 0x0,
    0x1f, 0xff, 0xfe, 0x0, 0x0, 0x0, 0x0, 0x0,
    0x0, 0x0, 0x1, 0xff, 0xff, 0xf8, 0x0, 0x0,
    0x0, 0x0, 0x0, 0x0, 0x0, 0xf, 0xff, 0xff,
    0xe0, 0x0, 0x0, 0x0, 0x0, 0x0, 0x0, 0x0,
    0xff, 0xff, 0xff, 0x80, 0x0, 0x0, 0x0, 0x0,
    0x0, 0x0, 0xf, 0xfc, 0xf, 0xfe, 0x0, 0x1,
    0x80, 0x0, 0x0, 0x0, 0x0, 0x7f, 0xc0, 0x3f,
    0xf0, 0x0, 0x1f, 0x0, 0x0, 0x0, 0x0, 0x3,
    0xfc, 0x0, 0xff, 0x80, 0x0, 0xfe, 0x0, 0x0,
    0x0, 0x0, 0x3f, 0xe0, 0x7, 0xfe, 0x0, 0xf,
    0xf8, 0x0, 0x0, 0x0, 0x1, 0xfe, 0x0, 0x1f,
    0xf0, 0x0, 0x7f, 0x80, 0x0, 0x0, 0x0, 0xf,
    0xf0, 0x0, 0xff, 0x80, 0x7, 0xfc, 0x0, 0x0,
    0x0, 0x0, 0x7f, 0x80, 0x7, 0xfc, 0x0, 0x7f,
    0xc0, 0x0, 0x0, 0x0, 0x3, 0xfc, 0x0, 0x3f,
    0xe0, 0x3, 0xfe, 0x0, 0x0, 0x0, 0x0, 0x1f,
    0xe0, 0x1, 0xff, 0x0, 0x3f, 0xe0, 0x0, 0x0,
    0x0, 0x0, 0xff, 0x0, 0xf, 0xf8, 0x1, 0xfe,
    0x0, 0x0, 0x0, 0x0, 0x7, 0xf8, 0x0, 0x7f,
    0xc0, 0x1f, 0xf0, 0x0, 0x0, 0x0, 0x0, 0x3f,
    0xc0, 0x3, 0xfe, 0x1, 0xff, 0x0, 0x0, 0x0,
    0x0, 0x1, 0xfe, 0x0, 0x1f, 0xf0, 0xf, 0xf8,
    0x0, 0x0, 0x0, 0x0, 0xf, 0xf8, 0x1, 0xff,
    0x80, 0xff, 0x80, 0x0, 0x0, 0x0, 0x0, 0x3f,
    0xc0, 0xf, 0xf8, 0xf, 0xf8, 0x0, 0x0, 0x0,
    0x0, 0x1, 0xff, 0x0, 0xff, 0xc0, 0x7f, 0xc0,
    0x0, 0x0, 0x0, 0x0, 0xf, 0xfc, 0xf, 0xfe,
    0x7, 0xfc, 0x0, 0x0, 0x0, 0x0, 0x0, 0x3f,
    0xff, 0xff, 0xe0, 0x3f, 0xc0, 0x0, 0x0, 0x0,
    0x0, 0x0, 0xff, 0xff, 0xfe, 0x3, 0xfe, 0x0,
    0x0, 0x0, 0x0, 0x0, 0x7, 0xff, 0xff, 0xe0,
    0x3f, 0xe0, 0x0, 0x0, 0x0, 0x0, 0x0, 0x1f,
    0xff, 0xfe, 0x1, 0xff, 0x0, 0x0, 0x0, 0x0,
    0x0, 0x0, 0x3f, 0xff, 0xe0, 0x1f, 0xf0, 0x0,
    0x0, 0x0, 0x0, 0x0, 0x0, 0xff, 0xfc, 0x0,
    0xff, 0x0, 0x0, 0x0, 0x0, 0x0, 0x0, 0x0,
    0xff, 0x80, 0xf, 0xf8, 0x0, 0x0, 0x0, 0x0,
    0x0, 0x0, 0x0, 0x0, 0x0, 0xff, 0x80, 0x0,
    0x0, 0x0, 0x0, 0x0, 0x0, 0x0, 0x0, 0x7,
    0xfc, 0x0, 0x0, 0x0, 0x0, 0x0, 0x0, 0x0,
    0x0, 0x0, 0x7f, 0xc0, 0x0, 0x0, 0x0, 0x0,
    0x0, 0x0, 0x0, 0x0, 0x7, 0xfc, 0x0, 0x0,
    0x0, 0x0, 0x0, 0x0, 0x0, 0x0, 0x0, 0x3f,
    0xe0, 0x0, 0x0, 0x0, 0x0, 0x0, 0x0, 0x0,
    0x0, 0x3, 0xfe, 0x0, 0x0, 0x0, 0x0, 0x0,
    0x0, 0x0, 0x0, 0x0, 0x1f, 0xe0, 0x0, 0x0,
    0x0, 0x0, 0x0, 0x0, 0x0, 0x0, 0x1, 0xff,
    0x0, 0x3f, 0xe0, 0x0, 0xff, 0x0, 0x0, 0x0,
    0x0, 0x1f, 0xf0, 0x7, 0xff, 0xc0, 0x3f, 0xff,
    0x0, 0x0, 0x0, 0x0, 0xff, 0x80, 0xff, 0xff,
    0x83, 0xff, 0xfe, 0x0, 0x0, 0x0, 0xf, 0xf8,
    0xf, 0xff, 0xfe, 0x7f, 0xff, 0xf8, 0x0, 0x0,
    0x0, 0xff, 0x80, 0xff, 0xff, 0xff, 0xff, 0xff,
    0xe0, 0x0, 0x0, 0x7, 0xfc, 0xf, 0xff, 0xff,
    0xff, 0xff, 0xff, 0x80, 0x0, 0x0, 0x7f, 0xc0,
    0xff, 0xff, 0xff, 0xff, 0xff, 0xfe, 0x0, 0x0,
    0x3, 0xfe, 0x7, 0xfe, 0xf, 0xff, 0xf8, 0x7f,
    0xf0, 0x0, 0x0, 0x3f, 0xe0, 0x7f, 0xe0, 0x3f,
    0xff, 0x0, 0xff, 0xc0, 0x0, 0x3, 0xfe, 0x3,
    0xfe, 0x0, 0xff, 0xf0, 0x3, 0xfe, 0x0, 0x0,
    0x1f, 0xf0, 0x3f, 0xf0, 0x7, 0xff, 0x80, 0x1f,
    0xf8, 0x0, 0x1, 0xff, 0x1, 0xff, 0x0, 0x1f,
    0xf8, 0x0, 0x7f, 0xc0, 0x0, 0xf, 0xf0, 0xf,
    0xf8, 0x0, 0xff, 0xc0, 0x3, 0xfe, 0x0, 0x0,
    0xff, 0x80, 0x7f, 0xc0, 0x7, 0xfe, 0x0, 0x1f,
    0xf0, 0x0, 0xf, 0xf8, 0x3, 0xfe, 0x0, 0x3f,
    0xf0, 0x0, 0xff, 0x80, 0x0, 0x7f, 0xc0, 0x1f,
    0xf0, 0x1, 0xff, 0x80, 0x7, 0xfc, 0x0, 0x7,
    0xfc, 0x0, 0xff, 0x80, 0xf, 0xfc, 0x0, 0x3f,
    0xe0, 0x0, 0x7f, 0xc0, 0x7, 0xfc, 0x0, 0x7f,
    0xe0, 0x1, 0xff, 0x0, 0x3, 0xfe, 0x0, 0x3f,
    0xe0, 0x3, 0xff, 0x0, 0xf, 0xf8, 0x0, 0x3f,
    0xe0, 0x1, 0xff, 0x0, 0x1f, 0xf8, 0x0, 0x7f,
    0xc0, 0x1, 0xff, 0x0, 0xf, 0xf8, 0x0, 0xff,
    0xc0, 0x3, 0xfe, 0x0, 0x1f, 0xf0, 0x0, 0x7f,
    0xe0, 0x7, 0xff, 0x0, 0x3f, 0xf0, 0x1, 0xff,
    0x0, 0x1, 0xff, 0x0, 0x7f, 0xf8, 0x1, 0xff,
    0x0, 0x7, 0xf8, 0x0, 0xf, 0xfc, 0x3, 0xff,
    0xe0, 0x1f, 0xf8, 0x0, 0xf, 0x80, 0x0, 0x3f,
    0xf0, 0x7f, 0xff, 0xc1, 0xff, 0x80, 0x0, 0x18,
    0x0, 0x1, 0xff, 0xff, 0xff, 0xff, 0xff, 0xfc,
    0x0, 0x0, 0x0, 0x0, 0x7, 0xff, 0xff, 0xff,
    0xff, 0xff, 0xc0, 0x0, 0x0, 0x0, 0x0, 0x1f,
    0xff, 0xff, 0xff, 0xff, 0xfc, 0x0, 0x0, 0x0,
    0x0, 0x0, 0x7f, 0xff, 0xf3, 0xff, 0xff, 0xc0,
    0x0, 0x0, 0x0, 0x0, 0x1, 0xff, 0xff, 0x7,
    0xff, 0xfc, 0x0, 0x0, 0x0, 0x0, 0x0, 0x3,
    0xff, 0xe0, 0x1f, 0xff, 0x80, 0x0, 0x0, 0x0,
    0x0, 0x0, 0x7, 0xfc, 0x0, 0x1f, 0xf0, 0x0,

    /* U+2032 "′" */
    0xff, 0xff, 0xff, 0xff, 0xff, 0xff, 0xff, 0xff,
    0xff, 0xff, 0xff, 0xff, 0xff, 0xff, 0xff, 0xff,
    0xff, 0xff, 0xfb, 0xfe, 0xff, 0xbf, 0xef, 0xfb,
    0xfe, 0xff, 0xbf, 0xef, 0xfb, 0xfe, 0xff, 0x80,

    /* U+2033 "″" */
    0xff, 0x81, 0xff, 0xff, 0x81, 0xff, 0xff, 0x81,
    0xff, 0xff, 0x81, 0xff, 0xff, 0x81, 0xff, 0xff,
    0x81, 0xff, 0xff, 0x81, 0xff, 0xff, 0x81, 0xff,
    0xff, 0x81, 0xff, 0xff, 0x81, 0xff, 0xff, 0x81,
    0xff, 0xff, 0x81, 0xff, 0xff, 0x1, 0xfe, 0xff,
    0x1, 0xfe, 0xff, 0x1, 0xfe, 0xff, 0x1, 0xfe,
    0xff, 0x1, 0xfe, 0xff, 0x1, 0xfe, 0xff, 0x1,
    0xfe, 0xff, 0x1, 0xfe, 0xff, 0x1, 0xfe, 0xff,
    0x1, 0xfe, 0xfe, 0x1, 0xfc, 0xfe, 0x1, 0xfc,
    0xfe, 0x1, 0xfc,

    /* U+2039 "‹" */
    0x0, 0x7, 0xfc, 0x0, 0x3f, 0xe0, 0x1, 0xff,
    0x0, 0x7, 0xfc, 0x0, 0x3f, 0xe0, 0x1, 0xff,
    0x80, 0x7, 0xfc, 0x0, 0x3f, 0xe0, 0x1, 0xff,
    0x80, 0xf, 0xfc, 0x0, 0x3f, 0xf0, 0x1, 0xff,
    0x80, 0xf, 0xfc, 0x0, 0x3f, 0xf0, 0x1, 0xff,
    0x80, 0xf, 0xfe, 0x0, 0x7f, 0xf0, 0x1, 0xff,
    0x80, 0xf, 0xfe, 0x0, 0x1f, 0xf8, 0x0, 0x3f,
    0xf0, 0x0, 0xff, 0xe0, 0x1, 0xff, 0x80, 0x3,
    0xff, 0x0, 0x7, 0xfc, 0x0, 0x1f, 0xf8, 0x0,
    0x3f, 0xf0, 0x0, 0x7f, 0xc0, 0x1, 0xff, 0x80,
    0x3, 0xfe, 0x0, 0x7, 0xfc, 0x0, 0x1f, 0xf8,
    0x0, 0x3f, 0xe0, 0x0, 0x7f, 0xc0, 0x1, 0xff,
    0x0, 0x3, 0xfe, 0x0, 0x7, 0xfc,

    /* U+203A "›" */
    0xff, 0x80, 0x1, 0xff, 0x0, 0x7, 0xfc, 0x0,
    0xf, 0xf8, 0x0, 0x3f, 0xf0, 0x0, 0x7f, 0xc0,
    0x0, 0xff, 0x80, 0x3, 0xff, 0x0, 0x7, 0xfc,
    0x0, 0x1f, 0xf8, 0x0, 0x3f, 0xf0, 0x0, 0x7f,
    0xc0, 0x1, 0xff, 0x80, 0x3, 0xff, 0x0, 0xf,
    0xfe, 0x0, 0x1f, 0xf8, 0x0, 0x3f, 0xf0, 0x0,
    0xff, 0xe0, 0x1, 0xff, 0xc0, 0xf, 0xfe, 0x0,
    0x3f, 0xf0, 0x1, 0xff, 0xc0, 0xf, 0xfe, 0x0,
    0x3f, 0xf0, 0x1, 0xff, 0x80, 0x7, 0xfe, 0x0,
    0x3f, 0xf0, 0x1, 0xff, 0x80, 0x7, 0xfe, 0x0,
    0x3f, 0xf0, 0x0, 0xff, 0x80, 0x7, 0xfc, 0x0,
    0x3f, 0xf0, 0x0, 0xff, 0x80, 0x7, 0xfc, 0x0,
    0x1f, 0xf0, 0x0, 0xff, 0x80, 0x0,

    /* U+203C "‼" */
    0xff, 0xfe, 0x0, 0x3f, 0xff, 0xff, 0xff, 0x0,
    0x1f, 0xff, 0xff, 0xff, 0x80, 0xf, 0xff, 0xff,
    0xff, 0x80, 0x7, 0xff, 0xe7, 0xff, 0xc0, 0x1,
    0xff, 0xf3, 0xff, 0xe0, 0x0, 0xff, 0xf9, 0xff,
    0xf0, 0x0, 0x7f, 0xfc, 0xff, 0xf8, 0x0, 0x3f,
    0xfe, 0x7f, 0xfc, 0x0, 0x1f, 0xff, 0x3f, 0xfe,
    0x0, 0xf, 0xff, 0x9f, 0xff, 0x0, 0x7, 0xff,
    0xcf, 0xff, 0x80, 0x3, 0xff, 0xe7, 0xff, 0xc0,
    0x1, 0xff, 0xf3, 0xff, 0xe0, 0x0, 0xff, 0xf9,
    0xff, 0xf0, 0x0, 0x7f, 0xfc, 0xff, 0xf8, 0x0,
    0x3f, 0xfe, 0x7f, 0xfc, 0x0, 0x1f, 0xff, 0x3f,
    0xfe, 0x0, 0xf, 0xff, 0x9f, 0xff, 0x0, 0x7,
    0xff, 0xcf, 0xff, 0x80, 0x3, 0xff, 0xe7, 0xff,
    0xc0, 0x1, 0xff, 0xf3, 0xff, 0xe0, 0x0, 0xff,
    0xf9, 0xff, 0xf0, 0x0, 0x7f, 0xfc, 0xff, 0xf8,
    0x0, 0x3f, 0xfe, 0x7f, 0xfc, 0x0, 0x1f, 0xff,
    0x3f, 0xfe, 0x0, 0xf, 0xff, 0x9f, 0xff, 0x0,
    0x7, 0xff, 0xcf, 0xff, 0x80, 0x3, 0xff, 0xe7,
    0xff, 0xc0, 0x1, 0xff, 0xf3, 0xff, 0xe0, 0x0,
    0xff, 0xf9, 0xff, 0xf0, 0x0, 0x7f, 0xfc, 0xff,
    0xf8, 0x0, 0x3f, 0xfe, 0x7f, 0xfc, 0x0, 0x1f,
    0xff, 0x3f, 0xfe, 0x0, 0xf, 0xff, 0x8f, 0xfe,
    0x0, 0x3, 0xff, 0x87, 0xff, 0x0, 0x1, 0xff,
    0xc3, 0xff, 0x80, 0x0, 0xff, 0xe1, 0xff, 0xc0,
    0x0, 0x7f, 0xf0, 0xff, 0xe0, 0x0, 0x3f, 0xf8,
    0x7f, 0xf0, 0x0, 0x1f, 0xfc, 0x3f, 0xf8, 0x0,
    0xf, 0xfe, 0x1f, 0xfc, 0x0, 0x7, 0xff, 0xf,
    0xfe, 0x0, 0x3, 0xff, 0x87, 0xff, 0x0, 0x1,
    0xff, 0xc3, 0xff, 0x80, 0x0, 0xff, 0xe1, 0xff,
    0xc0, 0x0, 0x7f, 0xf0, 0xff, 0xe0, 0x0, 0x3f,
    0xf8, 0x0, 0x0, 0x0, 0x0, 0x0, 0x0, 0x0,
    0x0, 0x0, 0x0, 0x0, 0x0, 0x0, 0x0, 0x0,
    0x0, 0x0, 0x0, 0x0, 0x0, 0x0, 0x0, 0x0,
    0x0, 0x0, 0x0, 0x0, 0x0, 0x0, 0x0, 0x0,
    0x0, 0x0, 0x0, 0x0, 0x0, 0x0, 0x0, 0x0,
    0x0, 0x0, 0x1f, 0xc0, 0x0, 0x7, 0xf0, 0x1f,
    0xf0, 0x0, 0x7, 0xfc, 0x1f, 0xfc, 0x0, 0x7,
    0xff, 0x1f, 0xff, 0x0, 0x7, 0xff, 0xdf, 0xff,
    0xc0, 0x7, 0xff, 0xff, 0xff, 0xe0, 0x3, 0xff,
    0xff, 0xff, 0xf0, 0x1, 0xff, 0xff, 0xff, 0xf8,
    0x0, 0xff, 0xff, 0xff, 0xfc, 0x0, 0x7f, 0xff,
    0xff, 0xfe, 0x0, 0x3f, 0xff, 0xbf, 0xfe, 0x0,
    0xf, 0xff, 0x8f, 0xfe, 0x0, 0x3, 0xff, 0x83,
    0xfe, 0x0, 0x0, 0xff, 0x80, 0xfe, 0x0, 0x0,
    0x3f, 0x80,

    /* U+2044 "⁄" */
    0x0, 0x0, 0x0, 0x0, 0x60, 0x0, 0x0, 0x0,
    0x0, 0x78, 0x0, 0x0, 0x0, 0x0, 0xfe, 0x0,
    0x0, 0x0, 0x1, 0xff, 0x0, 0x0, 0x0, 0x1,
    0xfe, 0x0, 0x0, 0x0, 0x3, 0xfe, 0x0, 0x0,
    0x0, 0x7, 0xfc, 0x0, 0x0, 0x0, 0x7, 0xfc,
    0x0, 0x0, 0x0, 0xf, 0xf8, 0x0, 0x0, 0x0,
    0xf, 0xf0, 0x0, 0x0, 0x0, 0x1f, 0xf0, 0x0,
    0x0, 0x0, 0x3f, 0xe0, 0x0, 0x0, 0x0, 0x3f,
    0xc0, 0x0, 0x0, 0x0, 0x7f, 0xc0, 0x0, 0x0,
    0x0, 0xff, 0x80, 0x0, 0x0, 0x0, 0xff, 0x80,
    0x0, 0x0, 0x1, 0xff, 0x0, 0x0, 0x0, 0x1,
    0xfe, 0x0, 0x0, 0x0, 0x3, 0xfe, 0x0, 0x0,
    0x0, 0x7, 0xfc, 0x0, 0x0, 0x0, 0x7, 0xf8,
    0x0, 0x0, 0x0, 0xf, 0xf8, 0x0, 0x0, 0x0,
    0xf, 0xf0, 0x0, 0x0, 0x0, 0x1f, 0xf0, 0x0,
    0x0, 0x0, 0x3f, 0xe0, 0x0, 0x0, 0x0, 0x3f,
    0xc0, 0x0, 0x0, 0x0, 0x7f, 0xc0, 0x0, 0x0,
    0x0, 0xff, 0x80, 0x0, 0x0, 0x0, 0xff, 0x80,
    0x0, 0x0, 0x1, 0xff, 0x0, 0x0, 0x0, 0x1,
    0xfe, 0x0, 0x0, 0x0, 0x3, 0xfe, 0x0, 0x0,
    0x0, 0x7, 0xfc, 0x0, 0x0, 0x0, 0x7, 0xf8,
    0x0, 0x0, 0x0, 0xf, 0xf8, 0x0, 0x0, 0x0,
    0x1f, 0xf0, 0x0, 0x0, 0x0, 0x1f, 0xf0, 0x0,
    0x0, 0x0, 0x3f, 0xe0, 0x0, 0x0, 0x0, 0x3f,
    0xc0, 0x0, 0x0, 0x0, 0x7f, 0xc0, 0x0, 0x0,
    0x0, 0xff, 0x80, 0x0, 0x0, 0x0, 0xff, 0x0,
    0x0, 0x0, 0x1, 0xff, 0x0, 0x0, 0x0, 0x3,
    0xfe, 0x0, 0x0, 0x0, 0x3, 0xfe, 0x0, 0x0,
    0x0, 0x7, 0xfc, 0x0, 0x0, 0x0, 0x7, 0xf8,
    0x0, 0x0, 0x0, 0xf, 0xf8, 0x0, 0x0, 0x0,
    0x1f, 0xf0, 0x0, 0x0, 0x0, 0x1f, 0xe0, 0x0,
    0x0, 0x0, 0x3f, 0xe0, 0x0, 0x0, 0x0, 0x3f,
    0xc0, 0x0, 0x0, 0x0, 0x7f, 0xc0, 0x0, 0x0,
    0x0, 0x7f, 0x80, 0x0, 0x0, 0x0, 0x1f, 0x0,
    0x0, 0x0, 0x0, 0xf, 0x0, 0x0, 0x0, 0x0,
    0x2, 0x0, 0x0, 0x0, 0x0,

    /* U+20A3 "₣" */
    0x1, 0xff, 0xff, 0xff, 0xff, 0xff, 0xf0, 0x1f,
    0xff, 0xff, 0xff, 0xff, 0xff, 0x1, 0xff, 0xff,
    0xff, 0xff, 0xff, 0xf0, 0x1f, 0xff, 0xff, 0xff,
    0xff, 0xff, 0x1, 0xff, 0xff, 0xff, 0xff, 0xff,
    0xf0, 0x1f, 0xff, 0xff, 0xff, 0xff, 0xff, 0x1,
    0xff, 0xff, 0xff, 0xff, 0xff, 0xf0, 0x1f, 0xff,
    0xff, 0xff, 0xff, 0xff, 0x1, 0xff, 0xff, 0xff,
    0xff, 0xff, 0xf0, 0x1f, 0xff, 0xff, 0xff, 0xff,
    0xff, 0x1, 0xff, 0xf8, 0x0, 0x0, 0x0, 0x0,
    0x1f, 0xff, 0x80, 0x0, 0x0, 0x0, 0x1, 0xff,
    0xf8, 0x0, 0x0, 0x0, 0x0, 0x1f, 0xff, 0x80,
    0x0, 0x0, 0x0, 0x1, 0xff, 0xf8, 0x0, 0x0,
    0x0, 0x0, 0x1f, 0xff, 0x80, 0x0, 0x0, 0x0,
    0x1, 0xff, 0xf8, 0x0, 0x0, 0x0, 0x0, 0x1f,
    0xff, 0x80, 0x0, 0x0, 0x0, 0x1, 0xff, 0xf8,
    0x0, 0x0, 0x0, 0x0, 0x1f, 0xff, 0x80, 0x0,
    0x0, 0x0, 0x1, 0xff, 0xf8, 0x0, 0x0, 0x0,
    0x0, 0x1f, 0xff, 0x80, 0x0, 0x0, 0x0, 0x1,
    0xff, 0xf8, 0x0, 0x0, 0x0, 0x0, 0x1f, 0xff,
    0x80, 0x0, 0x0, 0x0, 0x1, 0xff, 0xf8, 0x0,
    0x0, 0x0, 0x0, 0x1f, 0xff, 0x80, 0x0, 0x0,
    0x0, 0x1, 0xff, 0xf8, 0x0, 0x0, 0x0, 0x0,
    0x1f, 0xff, 0x80, 0x0, 0x0, 0x0, 0x1, 0xff,
    0xf8, 0x0, 0x0, 0x0, 0x0, 0x1f, 0xff, 0x80,
    0x0, 0x0, 0x0, 0x1, 0xff, 0xff, 0xff, 0xff,
    0xff, 0x80, 0x1f, 0xff, 0xff, 0xff, 0xff, 0xf8,
    0x1, 0xff, 0xff, 0xff, 0xff, 0xff, 0x80, 0x1f,
    0xff, 0xff, 0xff, 0xff, 0xf8, 0x1, 0xff, 0xff,
    0xff, 0xff, 0xff, 0x80, 0x1f, 0xff, 0xff, 0xff,
    0xff, 0xf8, 0x1, 0xff, 0xff, 0xff, 0xff, 0xff,
    0x80, 0x1f, 0xff, 0xff, 0xff, 0xff, 0xf8, 0x1,
    0xff, 0xff, 0xff, 0xff, 0xff, 0x80, 0x1f, 0xff,
    0xff, 0xff, 0xff, 0xf8, 0x1, 0xff, 0xf8, 0x0,
    0x0, 0x0, 0x0, 0x1f, 0xff, 0x80, 0x0, 0x0,
    0x0, 0x1, 0xff, 0xf8, 0x0, 0x0, 0x0, 0x0,
    0x1f, 0xff, 0x80, 0x0, 0x0, 0x0, 0x1, 0xff,
    0xf8, 0x0, 0x0, 0x0, 0x0, 0x1f, 0xff, 0x80,
    0x0, 0x0, 0x0, 0x1, 0xff, 0xf8, 0x0, 0x0,
    0x0, 0x0, 0x1f, 0xff, 0x80, 0x0, 0x0, 0x0,
    0x1, 0xff, 0xf8, 0x0, 0x0, 0x0, 0x0, 0x1f,
    0xff, 0x80, 0x0, 0x0, 0x0, 0xff, 0xff, 0xff,
    0xff, 0x80, 0x0, 0xf, 0xff, 0xff, 0xff, 0xf8,
    0x0, 0x0, 0xff, 0xff, 0xff, 0xff, 0x80, 0x0,
    0xf, 0xff, 0xff, 0xff, 0xf8, 0x0, 0x0, 0xff,
    0xff, 0xff, 0xff, 0x80, 0x0, 0xf, 0xff, 0xff,
    0xff, 0xf8, 0x0, 0x0, 0xff, 0xff, 0xff, 0xff,
    0x80, 0x0, 0xf, 0xff, 0xff, 0xff, 0xf8, 0x0,
    0x0, 0x1, 0xff, 0xf8, 0x0, 0x0, 0x0, 0x0,
    0x1f, 0xff, 0x80, 0x0, 0x0, 0x0, 0x1, 0xff,
    0xf8, 0x0, 0x0, 0x0, 0x0, 0x1f, 0xff, 0x80,
    0x0, 0x0, 0x0, 0x1, 0xff, 0xf8, 0x0, 0x0,
    0x0, 0x0, 0x1f, 0xff, 0x80, 0x0, 0x0, 0x0,
    0x1, 0xff, 0xf8, 0x0, 0x0, 0x0, 0x0, 0x1f,
    0xff, 0x80, 0x0, 0x0, 0x0, 0x1, 0xff, 0xf8,
    0x0, 0x0, 0x0, 0x0, 0x1f, 0xff, 0x80, 0x0,
    0x0, 0x0, 0x1, 0xff, 0xf8, 0x0, 0x0, 0x0,
    0x0,

    /* U+20A4 "₤" */
    0x0, 0x0, 0x1, 0xff, 0xc0, 0x0, 0x0, 0x0,
    0x3, 0xff, 0xff, 0x0, 0x0, 0x0, 0x7, 0xff,
    0xff, 0xf8, 0x0, 0x0, 0x3, 0xff, 0xff, 0xff,
    0x0, 0x0, 0x3, 0xff, 0xff, 0xff, 0xf0, 0x0,
    0x1, 0xff, 0xff, 0xff, 0xfe, 0x0, 0x0, 0xff,
    0xff, 0xff, 0xff, 0xc0, 0x0, 0x7f, 0xff, 0xff,
    0xff, 0xf8, 0x0, 0x1f, 0xff, 0xff, 0xff, 0xfe,
    0x0, 0xf, 0xff, 0xff, 0xff, 0xff, 0xc0, 0x7,
    0xff, 0xfc, 0x1f, 0xff, 0xf0, 0x1, 0xff, 0xfc,
    0x1, 0xff, 0xfe, 0x0, 0x7f, 0xfe, 0x0, 0x3f,
    0xff, 0x80, 0x3f, 0xff, 0x0, 0x7, 0xff, 0xe0,
    0xf, 0xff, 0xc0, 0x1, 0xff, 0xfc, 0x3, 0xff,
    0xe0, 0x0, 0x3f, 0xff, 0x0, 0xff, 0xf8, 0x0,
    0xf, 0xff, 0xc0, 0x7f, 0xfe, 0x0, 0x3, 0xff,
    0xf0, 0x1f, 0xff, 0x80, 0x0, 0xff, 0xfc, 0x7,
    0xff, 0xe0, 0x0, 0x0, 0x0, 0x1, 0xff, 0xf8,
    0x0, 0x0, 0x0, 0x0, 0x7f, 0xfe, 0x0, 0x0,
    0x0, 0x0, 0x1f, 0xff, 0x80, 0x0, 0x0, 0x0,
    0x7, 0xff, 0xe0, 0x0, 0x0, 0x0, 0x1, 0xff,
    0xf8, 0x0, 0x0, 0x0, 0x0, 0x7f, 0xfe, 0x0,
    0x0, 0x0, 0x0, 0x1f, 0xff, 0x80, 0x0, 0x0,
    0x3, 0xff, 0xff, 0xff, 0xff, 0x80, 0x0, 0xff,
    0xff, 0xff, 0xff, 0xe0, 0x0, 0x3f, 0xff, 0xff,
    0xff, 0xf8, 0x0, 0xf, 0xff, 0xff, 0xff, 0xfe,
    0x0, 0x3, 0xff, 0xff, 0xff, 0xff, 0x80, 0x0,
    0xff, 0xff, 0xff, 0xff, 0xe0, 0x0, 0x3f, 0xff,
    0xff, 0xff, 0xf8, 0x0, 0x0, 0x1f, 0xff, 0x80,
    0x0, 0x0, 0x0, 0x7, 0xff, 0xf0, 0x0, 0x0,
    0x0, 0x1, 0xff, 0xfc, 0x0, 0x0, 0x0, 0x0,
    0x7f, 0xff, 0x0, 0x0, 0x0, 0x0, 0x1f, 0xff,
    0xc0, 0x0, 0x0, 0x0, 0x7, 0xff, 0xf0, 0x0,
    0x0, 0x0, 0xff, 0xff, 0xff, 0xff, 0xe0, 0x0,
    0x3f, 0xff, 0xff, 0xff, 0xf8, 0x0, 0xf, 0xff,
    0xff, 0xff, 0xfe, 0x0, 0x3, 0xff, 0xff, 0xff,
    0xff, 0x80, 0x0, 0xff, 0xff, 0xff, 0xff, 0xe0,
    0x0, 0x3f, 0xff, 0xff, 0xff, 0xf8, 0x0, 0xf,
    0xff, 0xff, 0xff, 0xfe, 0x0, 0x0, 0x7, 0xff,
    0xf0, 0x0, 0x0, 0x0, 0x1, 0xff, 0xfc, 0x0,
    0x0, 0x0, 0x0, 0x7f, 0xff, 0x0, 0x0, 0x0,
    0x0, 0x1f, 0xff, 0xc0, 0x0, 0x0, 0x0, 0x7,
    0xff, 0xf0, 0x0, 0x0, 0x0, 0x1, 0xff, 0xfc,
    0x0, 0x0, 0x0, 0x0, 0x7f, 0xff, 0x0, 0x0,
    0x0, 0x0, 0x1f, 0xff, 0x80, 0x0, 0x0, 0x0,
    0x7, 0xff, 0xe0, 0x0, 0x0, 0x0, 0x1, 0xff,
    0xf0, 0x0, 0x0, 0x0, 0x0, 0xff, 0xfc, 0x0,
    0x0, 0x0, 0x0, 0x7f, 0xfe, 0x0, 0x0, 0x0,
    0x3, 0xff, 0xff, 0xff, 0xff, 0xff, 0xff, 0xff,
    0xff, 0xff, 0xff, 0xff, 0xff, 0xff, 0xff, 0xff,
    0xff, 0xff, 0xff, 0xff, 0xff, 0xff, 0xff, 0xff,
    0xff, 0xff, 0xff, 0xff, 0xff, 0xff, 0xff, 0xff,
    0xff, 0xff, 0xff, 0xff, 0xff, 0xff, 0xff, 0xff,
    0xff, 0xff, 0xff, 0xff, 0xff, 0xff, 0xff, 0xff,
    0xff, 0xff, 0xff, 0xff, 0xff, 0xff, 0xff, 0xff,
    0xff, 0xff, 0xff, 0xff, 0xff, 0xff, 0xff, 0xc0,

    /* U+20A6 "₦" */
    0x0, 0x3f, 0xff, 0x0, 0x0, 0x0, 0xf, 0xff,
    0xc0, 0x0, 0x7, 0xff, 0xf0, 0x0, 0x0, 0x1,
    0xff, 0xf8, 0x0, 0x0, 0xff, 0xff, 0x0, 0x0,
    0x0, 0x3f, 0xff, 0x0, 0x0, 0x1f, 0xff, 0xe0,
    0x0, 0x0, 0x7, 0xff, 0xe0, 0x0, 0x3, 0xff,
    0xfe, 0x0, 0x0, 0x0, 0xff, 0xfc, 0x0, 0x0,
    0x7f, 0xff, 0xc0, 0x0, 0x0, 0x1f, 0xff, 0x80,
    0x0, 0xf, 0xff, 0xfc, 0x0, 0x0, 0x3, 0xff,
    0xf0, 0x0, 0x1, 0xff, 0xff, 0xc0, 0x0, 0x0,
    0x7f, 0xfe, 0x0, 0x0, 0x3f, 0xff, 0xf8, 0x0,
    0x0, 0xf, 0xff, 0xc0, 0x0, 0x7, 0xff, 0xff,
    0x80, 0x0, 0x1, 0xff, 0xf8, 0x0, 0x0, 0xff,
    0xff, 0xf0, 0x0, 0x0, 0x3f, 0xff, 0x0, 0x0,
    0x1f, 0xff, 0xff, 0x0, 0x0, 0x7, 0xff, 0xe0,
    0x0, 0x3, 0xff, 0xff, 0xf0, 0x0, 0x0, 0xff,
    0xfc, 0x0, 0x0, 0x7f, 0xff, 0xfe, 0x0, 0x0,
    0x1f, 0xff, 0x80, 0x0, 0xf, 0xff, 0xff, 0xe0,
    0x0, 0x3, 0xff, 0xf0, 0x0, 0x1, 0xff, 0xff,
    0xfc, 0x0, 0x0, 0x7f, 0xfe, 0x0, 0x0, 0x3f,
    0xff, 0xff, 0xc0, 0x0, 0xf, 0xff, 0xc0, 0x0,
    0x7, 0xff, 0xff, 0xfc, 0x0, 0x1, 0xff, 0xf8,
    0x0, 0x0, 0xff, 0xff, 0xff, 0x80, 0x0, 0x3f,
    0xff, 0x0, 0x0, 0x1f, 0xff, 0xff, 0xf8, 0x0,
    0x7, 0xff, 0xe0, 0x0, 0x3, 0xff, 0xff, 0xff,
    0x0, 0x0, 0xff, 0xfc, 0x0, 0x0, 0x7f, 0xff,
    0xff, 0xf0, 0x0, 0x1f, 0xff, 0x80, 0x0, 0xf,
    0xff, 0xff, 0xff, 0x0, 0x3, 0xff, 0xf0, 0x7,
    0xff, 0xff, 0xff, 0xff, 0xff, 0xff, 0xff, 0xff,
    0xff, 0xff, 0xff, 0xff, 0xff, 0xff, 0xff, 0xff,
    0xff, 0xff, 0xff, 0xff, 0xff, 0xff, 0xff, 0xff,
    0xff, 0xff, 0xff, 0xff, 0xff, 0xff, 0xff, 0xff,
    0xff, 0xff, 0xff, 0xff, 0xff, 0xff, 0xff, 0xff,
    0xff, 0xff, 0xff, 0xff, 0xff, 0xff, 0xff, 0xff,
    0xff, 0xff, 0xff, 0xff, 0xff, 0xff, 0xff, 0xff,
    0xff, 0xff, 0xff, 0xff, 0xff, 0xff, 0xff, 0xff,
    0xff, 0xc0, 0xf, 0xff, 0xc3, 0xff, 0xf0, 0x3,
    0xff, 0xf0, 0x0, 0x1, 0xff, 0xf8, 0x3f, 0xff,
    0x0, 0x7f, 0xfe, 0x0, 0x0, 0x3f, 0xff, 0x3,
    0xff, 0xf0, 0xf, 0xff, 0xc0, 0x0, 0x7, 0xff,
    0xe0, 0x7f, 0xfe, 0x1, 0xff, 0xf8, 0x0, 0x0,
    0xff, 0xfc, 0x7, 0xff, 0xe0, 0x3f, 0xff, 0x0,
    0x0, 0x1f, 0xff, 0x80, 0xff, 0xfe, 0x7, 0xff,
    0xe0, 0x0, 0x3, 0xff, 0xf0, 0xf, 0xff, 0xc0,
    0xff, 0xfc, 0x0, 0x0, 0x7f, 0xfe, 0x0, 0xff,
    0xfc, 0x1f, 0xff, 0x80, 0x3f, 0xff, 0xff, 0xff,
    0xff, 0xff, 0xff, 0xff, 0xff, 0xff, 0xff, 0xff,
    0xff, 0xff, 0xff, 0xff, 0xff, 0xff, 0xff, 0xff,
    0xff, 0xff, 0xff, 0xff, 0xff, 0xff, 0xff, 0xff,
    0xff, 0xff, 0xff, 0xff, 0xff, 0xff, 0xff, 0xff,
    0xff, 0xff, 0xff, 0xff, 0xff, 0xff, 0xff, 0xff,
    0xff, 0xff, 0xff, 0xff, 0xff, 0xff, 0xff, 0xff,
    0xff, 0xff, 0xff, 0xff, 0xff, 0xff, 0xff, 0xff,
    0xff, 0xff, 0xff, 0xff, 0xff, 0xfe, 0x0, 0x7f,
    0xfe, 0x0, 0x7, 0xff, 0xff, 0xff, 0x80, 0x0,
    0xf, 0xff, 0xc0, 0x0, 0xff, 0xff, 0xff, 0xf0,
    0x0, 0x1, 0xff, 0xf8, 0x0, 0xf, 0xff, 0xff,
    0xfe, 0x0, 0x0, 0x3f, 0xff, 0x0, 0x1, 0xff,
    0xff, 0xff, 0xc0, 0x0, 0x7, 0xff, 0xe0, 0x0,
    0x1f, 0xff, 0xff, 0xf8, 0x0, 0x0, 0xff, 0xfc,
    0x0, 0x1, 0xff, 0xff, 0xff, 0x0, 0x0, 0x1f,
    0xff, 0x80, 0x0, 0x3f, 0xff, 0xff, 0xe0, 0x0,
    0x3, 0xff, 0xf0, 0x0, 0x3, 0xff, 0xff, 0xfc,
    0x0, 0x0, 0x7f, 0xfe, 0x0, 0x0, 0x7f, 0xff,
    0xff, 0x80, 0x0, 0xf, 0xff, 0xc0, 0x0, 0x7,
    0xff, 0xff, 0xf0, 0x0, 0x1, 0xff, 0xf8, 0x0,
    0x0, 0x7f, 0xff, 0xfe, 0x0, 0x0, 0x3f, 0xff,
    0x0, 0x0, 0xf, 0xff, 0xff, 0xc0, 0x0, 0x7,
    0xff, 0xe0, 0x0, 0x0, 0xff, 0xff, 0xf8, 0x0,
    0x0, 0xff, 0xfc, 0x0, 0x0, 0xf, 0xff, 0xff,
    0x0, 0x0, 0x1f, 0xff, 0x80, 0x0, 0x1, 0xff,
    0xff, 0xe0, 0x0, 0x3, 0xff, 0xf0, 0x0, 0x0,
    0x1f, 0xff, 0xfc, 0x0, 0x0, 0x7f, 0xfe, 0x0,
    0x0, 0x3, 0xff, 0xff, 0x80, 0x0, 0xf, 0xff,
    0xc0, 0x0, 0x0, 0x3f, 0xff, 0xf0, 0x0, 0x1,
    0xff, 0xf8, 0x0, 0x0, 0x3, 0xff, 0xfe, 0x0,
    0x0, 0x3f, 0xff, 0x0, 0x0, 0x0, 0x7f, 0xff,
    0xc0, 0x0, 0x7, 0xff, 0xe0, 0x0, 0x0, 0x7,
    0xff, 0xf8, 0x0, 0x0, 0xff, 0xfc, 0x0, 0x0,
    0x0, 0xff, 0xff, 0x0, 0x0, 0x1f, 0xff, 0x80,
    0x0, 0x0, 0xf, 0xff, 0xe0, 0x0, 0x3, 0xff,
    0xf0, 0x0, 0x0, 0x0, 0xff, 0xfc, 0x0,

    /* U+20A7 "₧" */
    0xff, 0xff, 0xff, 0xc0, 0x0, 0x0, 0x0, 0x0,
    0x1, 0xff, 0xff, 0xff, 0xf8, 0x0, 0x0, 0x0,
    0x0, 0x3, 0xff, 0xff, 0xff, 0xfc, 0x0, 0x0,
    0x0, 0x0, 0x7, 0xff, 0xff, 0xff, 0xfe, 0x0,
    0x0, 0x0, 0x0, 0xf, 0xff, 0xff, 0xff, 0xff,
    0x0, 0xf, 0xff, 0xc0, 0x1f, 0xff, 0xff, 0xff,
    0xff, 0x0, 0x1f, 0xff, 0x80, 0x3f, 0xff, 0xff,
    0xff, 0xff, 0x0, 0x3f, 0xff, 0x0, 0x7f, 0xff,
    0xff, 0xff, 0xff, 0x0, 0x7f, 0xfe, 0x0, 0xff,
    0xff, 0xff, 0xff, 0xff, 0x0, 0xff, 0xfc, 0x1,
    0xff, 0xff, 0xff, 0xff, 0xff, 0x1, 0xff, 0xf8,
    0x3, 0xff, 0xf0, 0x7, 0xff, 0xfe, 0x3, 0xff,
    0xf0, 0x7, 0xff, 0xe0, 0x3, 0xff, 0xfe, 0x7,
    0xff, 0xe0, 0xf, 0xff, 0xc0, 0x3, 0xff, 0xfc,
    0xf, 0xff, 0xc0, 0x1f, 0xff, 0x80, 0x3, 0xff,
    0xfc, 0x1f, 0xff, 0x80, 0x3f, 0xff, 0x0, 0x3,
    0xff, 0xf8, 0x3f, 0xff, 0x0, 0x7f, 0xfe, 0x0,
    0x3, 0xff, 0xf0, 0x7f, 0xfe, 0x0, 0xff, 0xfc,
    0x0, 0x7, 0xff, 0xf0, 0xff, 0xfc, 0x1, 0xff,
    0xf8, 0x0, 0xf, 0xff, 0xff, 0xff, 0xff, 0xff,
    0xff, 0xf0, 0x0, 0xf, 0xff, 0xff, 0xff, 0xff,
    0xff, 0xff, 0xe0, 0x0, 0x1f, 0xff, 0xff, 0xff,
    0xff, 0xff, 0xff, 0xc0, 0x0, 0x3f, 0xff, 0xff,
    0xff, 0xff, 0xff, 0xff, 0x80, 0x0, 0x7f, 0xff,
    0xff, 0xff, 0xff, 0xff, 0xff, 0x0, 0x0, 0xff,
    0xff, 0xff, 0xff, 0xff, 0xff, 0xfe, 0x0, 0x1,
    0xff, 0xff, 0xff, 0xff, 0xff, 0xff, 0xfc, 0x0,
    0x7, 0xff, 0xff, 0xff, 0xff, 0xff, 0xff, 0xf8,
    0x0, 0xf, 0xff, 0xff, 0xff, 0xff, 0xff, 0xff,
    0xf0, 0x0, 0x1f, 0xff, 0x83, 0xff, 0xf0, 0x7,
    0xff, 0xe0, 0x0, 0x7f, 0xff, 0x7, 0xff, 0xe0,
    0xf, 0xff, 0xc0, 0x0, 0xff, 0xfe, 0xf, 0xff,
    0xc0, 0x1f, 0xff, 0x80, 0x3, 0xff, 0xfc, 0x1f,
    0xff, 0x80, 0x3f, 0xff, 0x0, 0xf, 0xff, 0xf0,
    0x3f, 0xff, 0x0, 0x7f, 0xfe, 0x0, 0x3f, 0xff,
    0xe0, 0x7f, 0xfe, 0x0, 0xff, 0xfc, 0x1, 0xff,
    0xff, 0x80, 0xff, 0xfc, 0x1, 0xff, 0xff, 0xff,
    0xff, 0xfe, 0x1, 0xff, 0xf8, 0x3, 0xff, 0xff,
    0xff, 0xff, 0xfc, 0x3, 0xff, 0xf0, 0x7, 0xff,
    0xff, 0xff, 0xff, 0xf0, 0x7, 0xff, 0xe0, 0xf,
    0xff, 0xff, 0xff, 0xff, 0xc0, 0xf, 0xff, 0xc0,
    0x1f, 0xff, 0xff, 0xff, 0xff, 0x0, 0x1f, 0xff,
    0x80, 0x3f, 0xff, 0xff, 0xff, 0xf8, 0x0, 0x3f,
    0xff, 0x0, 0x7f, 0xff, 0xff, 0xff, 0xe0, 0x0,
    0x7f, 0xfe, 0x0, 0xff, 0xff, 0xff, 0xff, 0x0,
    0x0, 0xff, 0xfc, 0x1, 0xff, 0xff, 0xff, 0xf0,
    0x0, 0x1, 0xff, 0xf8, 0x3, 0xff, 0xff, 0xfe,
    0x0, 0x0, 0x3, 0xff, 0xf0, 0x7, 0xff, 0xe0,
    0x0, 0x0, 0x0, 0x7, 0xff, 0xe0, 0xf, 0xff,
    0xc0, 0x0, 0x0, 0x0, 0xf, 0xff, 0xc0, 0x1f,
    0xff, 0x80, 0x0, 0x0, 0x0, 0x1f, 0xff, 0x80,
    0x3f, 0xff, 0x0, 0x0, 0x0, 0x0, 0x3f, 0xff,
    0x0, 0x7f, 0xfe, 0x0, 0x0, 0x0, 0x0, 0x7f,
    0xfe, 0x0, 0xff, 0xfc, 0x0, 0x0, 0x0, 0x0,
    0xff, 0xfc, 0x1, 0xff, 0xf8, 0x0, 0x0, 0x0,
    0x1, 0xff, 0xf8, 0x3, 0xff, 0xf0, 0x0, 0x0,
    0x0, 0x3, 0xff, 0xf0, 0x7, 0xff, 0xe0, 0x0,
    0x0, 0x0, 0x7, 0xff, 0xe0, 0xf, 0xff, 0xc0,
    0x0, 0x0, 0x0, 0xf, 0xff, 0xc0, 0x1f, 0xff,
    0x80, 0x0, 0x0, 0x0, 0x1f, 0xff, 0x80, 0x3f,
    0xff, 0x0, 0x0, 0x0, 0x0, 0x3f, 0xff, 0x0,
    0x7f, 0xfe, 0x0, 0x0, 0x0, 0x0, 0x7f, 0xff,
    0x0, 0xff, 0xfc, 0x0, 0x0, 0x0, 0x0, 0xff,
    0xfe, 0x1, 0xff, 0xf8, 0x0, 0x0, 0x0, 0x1,
    0xff, 0xff, 0x87, 0xff, 0xf0, 0x0, 0x0, 0x0,
    0x3, 0xff, 0xff, 0xff, 0xff, 0xe0, 0x0, 0x0,
    0x0, 0x3, 0xff, 0xff, 0xff, 0xff, 0xc0, 0x0,
    0x0, 0x0, 0x7, 0xff, 0xff, 0xff, 0xff, 0x80,
    0x0, 0x0, 0x0, 0xf, 0xff, 0xff, 0xff, 0xff,
    0x0, 0x0, 0x0, 0x0, 0xf, 0xff, 0xff, 0xff,
    0xfe, 0x0, 0x0, 0x0, 0x0, 0xf, 0xff, 0xff,
    0xff, 0xfc, 0x0, 0x0, 0x0, 0x0, 0x1f, 0xff,
    0xff, 0xff, 0xf8, 0x0, 0x0, 0x0, 0x0, 0x1f,
    0xff, 0xff, 0xff, 0xf0, 0x0, 0x0, 0x0, 0x0,
    0xf, 0xff, 0xff, 0xff, 0xe0, 0x0, 0x0, 0x0,
    0x0, 0x7, 0xff, 0xe0, 0x0, 0x0, 0x0, 0x0,
    0x0, 0x0, 0x0, 0x30, 0x0,

    /* U+20A8 "₨" */
    0xff, 0xff, 0xff, 0xff, 0x0, 0x0, 0x0, 0x0,
    0x0, 0x0, 0x0, 0x1, 0xff, 0xff, 0xff, 0xff,
    0xf0, 0x0, 0x0, 0x0, 0x0, 0x0, 0x0, 0x3,
    0xff, 0xff, 0xff, 0xff, 0xfc, 0x0, 0x0, 0x0,
    0x0, 0x0, 0x0, 0x7, 0xff, 0xff, 0xff, 0xff,
    0xfe, 0x0, 0x0, 0x0, 0x0, 0x0, 0x0, 0xf,
    0xff, 0xff, 0xff, 0xff, 0xfe, 0x0, 0x0, 0x0,
    0x0, 0x0, 0x0, 0x1f, 0xff, 0xff, 0xff, 0xff,
    0xff, 0x0, 0x0, 0x0, 0x0, 0x0, 0x0, 0x3f,
    0xff, 0xff, 0xff, 0xff, 0xff, 0x0, 0x0, 0x0,
    0x0, 0x0, 0x0, 0x7f, 0xff, 0xff, 0xff, 0xff,
    0xff, 0x0, 0x0, 0x0, 0x0, 0x0, 0x0, 0xff,
    0xff, 0xff, 0xff, 0xff, 0xff, 0x0, 0x0, 0x0,
    0x0, 0x0, 0x1, 0xff, 0xff, 0xff, 0xff, 0xff,
    0xfe, 0x0, 0x0, 0x0, 0x0, 0x0, 0x3, 0xff,
    0xf0, 0x0, 0xf, 0xff, 0xfe, 0x0, 0x0, 0x0,
    0x0, 0x0, 0x7, 0xff, 0xe0, 0x0, 0x7, 0xff,
    0xfc, 0x0, 0x0, 0x0, 0x0, 0x0, 0xf, 0xff,
    0xc0, 0x0, 0x3, 0xff, 0xfc, 0x0, 0x0, 0x0,
    0x0, 0x0, 0x1f, 0xff, 0x80, 0x0, 0x3, 0xff,
    0xf8, 0x0, 0x0, 0x0, 0x0, 0x0, 0x3f, 0xff,
    0x0, 0x0, 0x7, 0xff, 0xf0, 0x0, 0x0, 0x0,
    0x0, 0x0, 0x7f, 0xfe, 0x0, 0x0, 0x7, 0xff,
    0xf0, 0x0, 0x0, 0x0, 0x0, 0x0, 0xff, 0xfc,
    0x0, 0x0, 0xf, 0xff, 0xe0, 0x0, 0xf, 0xfe,
    0x0, 0x1, 0xff, 0xf8, 0x0, 0x0, 0xf, 0xff,
    0xc0, 0x1, 0xff, 0xff, 0xc0, 0x3, 0xff, 0xf0,
    0x0, 0x0, 0x1f, 0xff, 0x80, 0xf, 0xff, 0xff,
    0xf0, 0x7, 0xff, 0xe0, 0x0, 0x0, 0x3f, 0xff,
    0x0, 0x7f, 0xff, 0xff, 0xf8, 0xf, 0xff, 0xc0,
    0x0, 0x0, 0x7f, 0xfe, 0x1, 0xff, 0xff, 0xff,
    0xf8, 0x1f, 0xff, 0x80, 0x0, 0x0, 0xff, 0xfc,
    0x7, 0xff, 0xff, 0xff, 0xf8, 0x3f, 0xff, 0x0,
    0x0, 0x1, 0xff, 0xf8, 0x1f, 0xff, 0xff, 0xff,
    0xf8, 0x7f, 0xfe, 0x0, 0x0, 0x3, 0xff, 0xf0,
    0x7f, 0xff, 0xff, 0xff, 0xf8, 0xff, 0xfc, 0x0,
    0x0, 0x7, 0xff, 0xe1, 0xff, 0xff, 0xff, 0xff,
    0xf9, 0xff, 0xf8, 0x0, 0x0, 0x1f, 0xff, 0x83,
    0xff, 0xf8, 0x1f, 0xff, 0xf3, 0xff, 0xf0, 0x0,
    0x0, 0x3f, 0xff, 0xf, 0xff, 0xc0, 0xf, 0xff,
    0xf7, 0xff, 0xe0, 0x0, 0x0, 0xff, 0xfe, 0x1f,
    0xff, 0x0, 0xf, 0xff, 0xef, 0xff, 0xc0, 0x0,
    0x1, 0xff, 0xf8, 0x7f, 0xfe, 0x0, 0xf, 0xff,
    0xdf, 0xff, 0x80, 0x0, 0x7, 0xff, 0xf0, 0xff,
    0xf8, 0x0, 0x1f, 0xff, 0xff, 0xff, 0x0, 0x0,
    0x3f, 0xff, 0xc1, 0xff, 0xf0, 0x0, 0x1f, 0xff,
    0xff, 0xfe, 0x0, 0x1, 0xff, 0xff, 0x83, 0xff,
    0xe0, 0x0, 0x3f, 0xff, 0xff, 0xff, 0xff, 0xff,
    0xff, 0xfe, 0x7, 0xff, 0xc0, 0x0, 0x7f, 0xff,
    0xff, 0xff, 0xff, 0xff, 0xff, 0xf8, 0xf, 0xff,
    0xc0, 0x0, 0x0, 0x3, 0xff, 0xff, 0xff, 0xff,
    0xff, 0xe0, 0x1f, 0xff, 0xc0, 0x0, 0x0, 0x7,
    0xff, 0xff, 0xff, 0xff, 0xff, 0x80, 0x3f, 0xff,
    0xe0, 0x0, 0x0, 0xf, 0xff, 0xff, 0xff, 0xff,
    0xfe, 0x0, 0x3f, 0xff, 0xf8, 0x0, 0x0, 0x1f,
    0xff, 0xff, 0xff, 0xff, 0xf0, 0x0, 0x7f, 0xff,
    0xff, 0x0, 0x0, 0x3f, 0xff, 0xff, 0xff, 0xff,
    0x80, 0x0, 0x7f, 0xff, 0xff, 0xe0, 0x0, 0x7f,
    0xff, 0xff, 0xff, 0xff, 0x0, 0x0, 0xff, 0xff,
    0xff, 0xf8, 0x0, 0xff, 0xff, 0xff, 0xff, 0xfe,
    0x0, 0x0, 0xff, 0xff, 0xff, 0xfc, 0x1, 0xff,
    0xff, 0xff, 0xff, 0xfe, 0x0, 0x0, 0xff, 0xff,
    0xff, 0xfe, 0x3, 0xff, 0xf0, 0x1, 0xff, 0xfc,
    0x0, 0x0, 0x7f, 0xff, 0xff, 0xff, 0x7, 0xff,
    0xe0, 0x1, 0xff, 0xfc, 0x0, 0x0, 0x7f, 0xff,
    0xff, 0xff, 0xf, 0xff, 0xc0, 0x3, 0xff, 0xf8,
    0x0, 0x0, 0x3f, 0xff, 0xff, 0xff, 0x1f, 0xff,
    0x80, 0x3, 0xff, 0xf8, 0x0, 0x0, 0x1f, 0xff,
    0xff, 0xff, 0x3f, 0xff, 0x0, 0x7, 0xff, 0xf0,
    0x0, 0x0, 0x7, 0xff, 0xff, 0xfe, 0x7f, 0xfe,
    0x0, 0x7, 0xff, 0xf0, 0x0, 0x0, 0x0, 0xff,
    0xff, 0xfe, 0xff, 0xfc, 0x0, 0xf, 0xff, 0xe0,
    0x0, 0x0, 0x0, 0x1f, 0xff, 0xfd, 0xff, 0xf8,
    0x0, 0xf, 0xff, 0xe0, 0x0, 0x0, 0x0, 0x7,
    0xff, 0xff, 0xff, 0xf0, 0x0, 0xf, 0xff, 0xc0,
    0x0, 0x0, 0x0, 0x3, 0xff, 0xff, 0xff, 0xe0,
    0x0, 0x1f, 0xff, 0xc0, 0x0, 0x0, 0x0, 0x3,
    0xff, 0xff, 0xff, 0xc0, 0x0, 0x1f, 0xff, 0x81,
    0xff, 0xf0, 0x0, 0x3, 0xff, 0xff, 0xff, 0x80,
    0x0, 0x3f, 0xff, 0x83, 0xff, 0xe0, 0x0, 0x7,
    0xff, 0xff, 0xff, 0x0, 0x0, 0x3f, 0xff, 0x7,
    0xff, 0xc0, 0x0, 0xf, 0xff, 0xff, 0xfe, 0x0,
    0x0, 0x7f, 0xff, 0xf, 0xff, 0xc0, 0x0, 0x1f,
    0xff, 0xff, 0xfc, 0x0, 0x0, 0x7f, 0xfe, 0xf,
    0xff, 0x80, 0x0, 0x7f, 0xff, 0xff, 0xf8, 0x0,
    0x0, 0xff, 0xfe, 0x1f, 0xff, 0x80, 0x0, 0xff,
    0xfb, 0xff, 0xf0, 0x0, 0x0, 0xff, 0xfc, 0x1f,
    0xff, 0x80, 0x3, 0xff, 0xf7, 0xff, 0xe0, 0x0,
    0x1, 0xff, 0xfc, 0x3f, 0xff, 0xe0, 0x1f, 0xff,
    0xef, 0xff, 0xc0, 0x0, 0x1, 0xff, 0xf8, 0x3f,
    0xff, 0xff, 0xff, 0xff, 0x9f, 0xff, 0x80, 0x0,
    0x3, 0xff, 0xf8, 0x3f, 0xff, 0xff, 0xff, 0xfe,
    0x3f, 0xff, 0x0, 0x0, 0x3, 0xff, 0xf0, 0x3f,
    0xff, 0xff, 0xff, 0xf8, 0x7f, 0xfe, 0x0, 0x0,
    0x7, 0xff, 0xf0, 0x3f, 0xff, 0xff, 0xff, 0xe0,
    0xff, 0xfc, 0x0, 0x0, 0x7, 0xff, 0xe0, 0x3f,
    0xff, 0xff, 0xff, 0x81, 0xff, 0xf8, 0x0, 0x0,
    0xf, 0xff, 0xe0, 0x3f, 0xff, 0xff, 0xfe, 0x3,
    0xff, 0xf0, 0x0, 0x0, 0xf, 0xff, 0xc0, 0x1f,
    0xff, 0xff, 0xf0, 0x7, 0xff, 0xe0, 0x0, 0x0,
    0x1f, 0xff, 0xc0, 0xf, 0xff, 0xff, 0x0, 0x0,
    0x0, 0x0, 0x0, 0x0, 0x0, 0x0, 0x0, 0x1,
    0xff, 0xe0, 0x0, 0x0,

    /* U+20A9 "₩" */
    0xf, 0xff, 0xc0, 0x1, 0xff, 0xe0, 0x0, 0xff,
    0xfc, 0x3, 0xff, 0xf0, 0x0, 0x7f, 0xf8, 0x0,
    0x3f, 0xff, 0x0, 0xff, 0xfc, 0x0, 0x1f, 0xfe,
    0x0, 0xf, 0xff, 0x80, 0x3f, 0xff, 0x0, 0xf,
    0xff, 0x80, 0x3, 0xff, 0xe0, 0x7, 0xff, 0xc0,
    0x3, 0xff, 0xf0, 0x1, 0xff, 0xf8, 0x1, 0xff,
    0xf8, 0x0, 0xff, 0xfc, 0x0, 0x7f, 0xfe, 0x0,
    0x7f, 0xfe, 0x0, 0x3f, 0xff, 0x0, 0x1f, 0xff,
    0x80, 0x1f, 0xff, 0x80, 0xf, 0xff, 0xc0, 0x7,
    0xff, 0xe0, 0x7, 0xff, 0xe0, 0x3, 0xff, 0xf0,
    0x1, 0xff, 0xf0, 0x0, 0xff, 0xf8, 0x0, 0xff,
    0xfc, 0x0, 0x7f, 0xfc, 0x0, 0x3f, 0xfe, 0x0,
    0x3f, 0xff, 0x0, 0x1f, 0xff, 0x0, 0xf, 0xff,
    0x80, 0x1f, 0xff, 0xe0, 0xf, 0xff, 0xc0, 0x3,
    0xff, 0xf0, 0x7, 0xff, 0xf8, 0x3, 0xff, 0xf0,
    0x0, 0xff, 0xfc, 0x1, 0xff, 0xfe, 0x0, 0xff,
    0xf8, 0x0, 0x1f, 0xff, 0x0, 0x7f, 0xff, 0x80,
    0x3f, 0xfe, 0x3, 0xff, 0xff, 0xff, 0xff, 0xff,
    0xff, 0xff, 0xff, 0xff, 0xff, 0xff, 0xff, 0xff,
    0xff, 0xff, 0xff, 0xff, 0xff, 0xff, 0xff, 0xff,
    0xff, 0xff, 0xff, 0xff, 0xff, 0xff, 0xff, 0xff,
    0xff, 0xff, 0xff, 0xff, 0xff, 0xff, 0xff, 0xff,
    0xff, 0xff, 0xff, 0xff, 0xff, 0xff, 0xff, 0xff,
    0xff, 0xff, 0xff, 0xff, 0xff, 0xff, 0xff, 0xff,
    0xff, 0xff, 0xff, 0xff, 0xff, 0xff, 0xff, 0xff,
    0xff, 0xff, 0xff, 0xf0, 0xf, 0xff, 0x80, 0xff,
    0xff, 0xc0, 0x7f, 0xfc, 0x0, 0x3, 0xff, 0xe0,
    0x3f, 0xff, 0xf0, 0x1f, 0xfe, 0x0, 0x0, 0x7f,
    0xf8, 0xf, 0xff, 0xfc, 0x7, 0xff, 0x80, 0x0,
    0x1f, 0xfe, 0x7, 0xff, 0xff, 0x83, 0xff, 0xe0,
    0x0, 0x7, 0xff, 0xc1, 0xff, 0xff, 0xe0, 0xff,
    0xf8, 0x0, 0x1, 0xff, 0xf0, 0x7f, 0xff, 0xf8,
    0x3f, 0xfe, 0x0, 0x0, 0x7f, 0xfc, 0x1f, 0xff,
    0xfe, 0xf, 0xff, 0x0, 0x3f, 0xff, 0xff, 0xff,
    0xff, 0xff, 0xff, 0xff, 0xff, 0xff, 0xff, 0xff,
    0xff, 0xff, 0xff, 0xff, 0xff, 0xff, 0xff, 0xff,
    0xff, 0xff, 0xff, 0xff, 0xff, 0xff, 0xff, 0xff,
    0xff, 0xff, 0xff, 0xff, 0xff, 0xff, 0xff, 0xff,
    0xff, 0xff, 0xff, 0xff, 0xff, 0xff, 0xff, 0xff,
    0xff, 0xff, 0xff, 0xff, 0xff, 0xff, 0xff, 0xff,
    0xff, 0xff, 0xff, 0xff, 0xff, 0xff, 0xff, 0xff,
    0xff, 0xff, 0xff, 0xff, 0xff, 0x0, 0x1f, 0xfe,
    0x3f, 0xf3, 0xff, 0x1f, 0xfe, 0x0, 0x0, 0x7,
    0xff, 0x8f, 0xfc, 0xff, 0xc7, 0xff, 0x80, 0x0,
    0x1, 0xff, 0xe3, 0xff, 0x3f, 0xf1, 0xff, 0xe0,
    0x0, 0x0, 0x7f, 0xf9, 0xff, 0xcf, 0xfc, 0xff,
    0xf0, 0x0, 0x0, 0xf, 0xff, 0x7f, 0xf3, 0xff,
    0xbf, 0xfc, 0x0, 0x0, 0x3, 0xff, 0xdf, 0xfc,
    0xff, 0xef, 0xff, 0x0, 0x0, 0x0, 0xff, 0xf7,
    0xfe, 0x1f, 0xfb, 0xff, 0xc0, 0x0, 0x0, 0x3f,
    0xfd, 0xff, 0x87, 0xfe, 0xff, 0xf0, 0x0, 0x0,
    0xf, 0xff, 0x7f, 0xe1, 0xff, 0xbf, 0xf8, 0x0,
    0x0, 0x1, 0xff, 0xdf, 0xf8, 0x7f, 0xef, 0xfe,
    0x0, 0x0, 0x0, 0x7f, 0xff, 0xfe, 0x1f, 0xff,
    0xff, 0x80, 0x0, 0x0, 0x1f, 0xff, 0xff, 0x87,
    0xff, 0xff, 0xe0, 0x0, 0x0, 0x7, 0xff, 0xff,
    0xc1, 0xff, 0xff, 0xf8, 0x0, 0x0, 0x1, 0xff,
    0xff, 0xf0, 0x3f, 0xff, 0xfc, 0x0, 0x0, 0x0,
    0x3f, 0xff, 0xfc, 0xf, 0xff, 0xff, 0x0, 0x0,
    0x0, 0xf, 0xff, 0xff, 0x3, 0xff, 0xff, 0xc0,
    0x0, 0x0, 0x3, 0xff, 0xff, 0xc0, 0xff, 0xff,
    0xf0, 0x0, 0x0, 0x0, 0xff, 0xff, 0xf0, 0x3f,
    0xff, 0xfc, 0x0, 0x0, 0x0, 0x3f, 0xff, 0xf8,
    0xf, 0xff, 0xfe, 0x0, 0x0, 0x0, 0x7, 0xff,
    0xfe, 0x1, 0xff, 0xff, 0x80, 0x0, 0x0, 0x1,
    0xff, 0xff, 0x80, 0x7f, 0xff, 0xe0, 0x0, 0x0,
    0x0, 0x7f, 0xff, 0xe0, 0x1f, 0xff, 0xf8, 0x0,
    0x0, 0x0, 0x1f, 0xff, 0xf8, 0x7, 0xff, 0xfe,
    0x0, 0x0, 0x0, 0x7, 0xff, 0xfe, 0x1, 0xff,
    0xff, 0x80, 0x0, 0x0, 0x1, 0xff, 0xff, 0x80,
    0x7f, 0xff, 0xc0, 0x0, 0x0, 0x0, 0x3f, 0xff,
    0xc0, 0xf, 0xff, 0xf0, 0x0, 0x0, 0x0, 0xf,
    0xff, 0xf0, 0x3, 0xff, 0xfc, 0x0, 0x0, 0x0,
    0x3, 0xff, 0xfc, 0x0, 0xff, 0xff, 0x0, 0x0,
    0x0, 0x0, 0xff, 0xff, 0x0, 0x3f, 0xff, 0xc0,
    0x0, 0x0, 0x0, 0x3f, 0xff, 0xc0, 0xf, 0xff,
    0xe0, 0x0, 0x0, 0x0, 0x7, 0xff, 0xf0, 0x3,
    0xff, 0xf8, 0x0, 0x0, 0x0, 0x1, 0xff, 0xf8,
    0x0, 0xff, 0xfe, 0x0, 0x0, 0x0, 0x0, 0x7f,
    0xfe, 0x0, 0x1f, 0xff, 0x80, 0x0, 0x0,

    /* U+20AA "₪" */
    0xff, 0xff, 0xff, 0xff, 0xff, 0x80, 0x0, 0x1f,
    0xff, 0xff, 0xff, 0xff, 0xff, 0xff, 0xf8, 0x0,
    0xf, 0xff, 0xff, 0xff, 0xff, 0xff, 0xff, 0xff,
    0x0, 0x7, 0xff, 0xff, 0xff, 0xff, 0xff, 0xff,
    0xff, 0xe0, 0x3, 0xff, 0xff, 0xff, 0xff, 0xff,
    0xff, 0xff, 0xf8, 0x1, 0xff, 0xff, 0xff, 0xff,
    0xff, 0xff, 0xff, 0xfe, 0x0, 0xff, 0xff, 0xff,
    0xff, 0xff, 0xff, 0xff, 0xff, 0x0, 0x7f, 0xff,
    0xff, 0xff, 0xff, 0xff, 0xff, 0xff, 0xc0, 0x3f,
    0xff, 0xff, 0xff, 0xff, 0xff, 0xff, 0xff, 0xe0,
    0x1f, 0xff, 0xff, 0xff, 0xff, 0xff, 0xff, 0xff,
    0xf8, 0xf, 0xff, 0xff, 0xff, 0x0, 0x0, 0x7,
    0xff, 0xfc, 0x7, 0xff, 0xff, 0xff, 0x80, 0x0,
    0x0, 0xff, 0xfe, 0x3, 0xff, 0xff, 0xff, 0xc0,
    0x0, 0x0, 0x7f, 0xff, 0x1, 0xff, 0xff, 0xff,
    0xe0, 0x0, 0x0, 0x1f, 0xff, 0xc0, 0xff, 0xff,
    0xff, 0xf0, 0x0, 0x0, 0xf, 0xff, 0xe0, 0x7f,
    0xff, 0xff, 0xf8, 0x0, 0x0, 0x3, 0xff, 0xf0,
    0x3f, 0xff, 0xff, 0xfc, 0x0, 0x0, 0x1, 0xff,
    0xf8, 0x1f, 0xff, 0xff, 0xfe, 0x7, 0xff, 0xe0,
    0xff, 0xfc, 0xf, 0xff, 0xff, 0xff, 0x3, 0xff,
    0xf0, 0x7f, 0xfe, 0x7, 0xff, 0xff, 0xff, 0x81,
    0xff, 0xf8, 0x3f, 0xff, 0x3, 0xff, 0xff, 0xff,
    0xc0, 0xff, 0xfc, 0x1f, 0xff, 0x81, 0xff, 0xff,
    0xff, 0xe0, 0x7f, 0xfe, 0xf, 0xff, 0xc0, 0xff,
    0xff, 0xff, 0xf0, 0x3f, 0xff, 0x7, 0xff, 0xe0,
    0x7f, 0xff, 0xff, 0xf8, 0x1f, 0xff, 0x83, 0xff,
    0xf0, 0x3f, 0xff, 0xff, 0xfc, 0xf, 0xff, 0xc1,
    0xff, 0xf8, 0x1f, 0xff, 0xff, 0xfe, 0x7, 0xff,
    0xe0, 0xff, 0xfc, 0xf, 0xff, 0xff, 0xff, 0x3,
    0xff, 0xf0, 0x7f, 0xfe, 0x7, 0xff, 0xff, 0xff,
    0x81, 0xff, 0xf8, 0x3f, 0xff, 0x3, 0xff, 0xff,
    0xff, 0xc0, 0xff, 0xfc, 0x1f, 0xff, 0x81, 0xff,
    0xff, 0xff, 0xe0, 0x7f, 0xfe, 0xf, 0xff, 0xc0,
    0xff, 0xff, 0xff, 0xf0, 0x3f, 0xff, 0x7, 0xff,
    0xe0, 0x7f, 0xff, 0xff, 0xf8, 0x1f, 0xff, 0x83,
    0xff, 0xf0, 0x3f, 0xff, 0xff, 0xfc, 0xf, 0xff,
    0xc1, 0xff, 0xf8, 0x1f, 0xff, 0xff, 0xfe, 0x7,
    0xff, 0xe0, 0xff, 0xfc, 0xf, 0xff, 0xff, 0xff,
    0x3, 0xff, 0xf0, 0x0, 0x0, 0x7, 0xff, 0xff,
    0xff, 0x81, 0xff, 0xf8, 0x0, 0x0, 0x3, 0xff,
    0xff, 0xff, 0xc0, 0xff, 0xfc, 0x0, 0x0, 0x3,
    0xff, 0xf7, 0xff, 0xe0, 0x7f, 0xfe, 0x0, 0x0,
    0x1, 0xff, 0xfb, 0xff, 0xf0, 0x3f, 0xff, 0x0,
    0x0, 0x0, 0xff, 0xfd, 0xff, 0xf8, 0x1f, 0xff,
    0x80, 0x0, 0x0, 0xff, 0xfc, 0xff, 0xfc, 0xf,
    0xff, 0xc0, 0x0, 0x3, 0xff, 0xfe, 0x7f, 0xfe,
    0x7, 0xff, 0xff, 0xff, 0xff, 0xff, 0xfe, 0x3f,
    0xff, 0x3, 0xff, 0xff, 0xff, 0xff, 0xff, 0xfe,
    0x1f, 0xff, 0x81, 0xff, 0xff, 0xff, 0xff, 0xff,
    0xfe, 0xf, 0xff, 0xc0, 0xff, 0xff, 0xff, 0xff,
    0xff, 0xfe, 0x7, 0xff, 0xe0, 0x7f, 0xff, 0xff,
    0xff, 0xff, 0xfe, 0x3, 0xff, 0xf0, 0x3f, 0xff,
    0xff, 0xff, 0xff, 0xfc, 0x1, 0xff, 0xf8, 0x1f,
    0xff, 0xff, 0xff, 0xff, 0xf8, 0x0, 0xff, 0xfc,
    0xf, 0xff, 0xff, 0xff, 0xff, 0xf0, 0x0, 0x7f,
    0xfe, 0x7, 0xff, 0xff, 0xff, 0xff, 0xc0, 0x0,
    0x3f, 0xff, 0x3, 0xff, 0xff, 0xff, 0xfc, 0x0,
    0x0, 0x0,

    /* U+20AB "₫" */
    0x0, 0x0, 0x0, 0x0, 0xff, 0xfc, 0x0, 0x0,
    0x0, 0x0, 0x7, 0xff, 0xe0, 0x0, 0x0, 0x0,
    0x0, 0x3f, 0xff, 0x0, 0x0, 0x0, 0x0, 0x1,
    0xff, 0xf8, 0x0, 0x0, 0x0, 0x0, 0xf, 0xff,
    0xc0, 0x0, 0x0, 0x0, 0x0, 0x7f, 0xfe, 0x0,
    0x0, 0x0, 0x0, 0x3, 0xff, 0xf0, 0x0, 0x0,
    0x1, 0xff, 0xff, 0xff, 0xff, 0x0, 0x0, 0xf,
    0xff, 0xff, 0xff, 0xf8, 0x0, 0x0, 0x7f, 0xff,
    0xff, 0xff, 0xc0, 0x0, 0x3, 0xff, 0xff, 0xff,
    0xfe, 0x0, 0x0, 0x1f, 0xff, 0xff, 0xff, 0xf0,
    0x0, 0x0, 0xff, 0xff, 0xff, 0xff, 0x80, 0x0,
    0x7, 0xff, 0xff, 0xff, 0xfc, 0x0, 0x0, 0x3f,
    0xff, 0xff, 0xff, 0xe0, 0x0, 0x0, 0x0, 0x1f,
    0xff, 0x80, 0x0, 0x0, 0x0, 0x0, 0xff, 0xfc,
    0x0, 0x0, 0x0, 0x0, 0x7, 0xff, 0xe0, 0x0,
    0x0, 0x0, 0x0, 0x3f, 0xff, 0x0, 0x0, 0x0,
    0x0, 0x1, 0xff, 0xf8, 0x0, 0x0, 0x0, 0x0,
    0xf, 0xff, 0xc0, 0x0, 0x0, 0xff, 0x80, 0x7f,
    0xfe, 0x0, 0x0, 0x3f, 0xff, 0x83, 0xff, 0xf0,
    0x0, 0x7, 0xff, 0xff, 0x1f, 0xff, 0x80, 0x0,
    0x7f, 0xff, 0xfc, 0xff, 0xfc, 0x0, 0x7, 0xff,
    0xff, 0xf7, 0xff, 0xe0, 0x0, 0x7f, 0xff, 0xff,
    0xff, 0xff, 0x0, 0x7, 0xff, 0xff, 0xff, 0xff,
    0xf8, 0x0, 0x7f, 0xff, 0xff, 0xff, 0xff, 0xc0,
    0x7, 0xff, 0xff, 0xff, 0xff, 0xfe, 0x0, 0x3f,
    0xff, 0xff, 0xff, 0xff, 0xf0, 0x3, 0xff, 0xff,
    0x3, 0xff, 0xff, 0x80, 0x1f, 0xff, 0xe0, 0x7,
    0xff, 0xfc, 0x1, 0xff, 0xfe, 0x0, 0x1f, 0xff,
    0xe0, 0xf, 0xff, 0xe0, 0x0, 0x7f, 0xff, 0x0,
    0x7f, 0xfe, 0x0, 0x3, 0xff, 0xf8, 0x7, 0xff,
    0xf0, 0x0, 0xf, 0xff, 0xc0, 0x3f, 0xff, 0x0,
    0x0, 0x7f, 0xfe, 0x1, 0xff, 0xf8, 0x0, 0x3,
    0xff, 0xf0, 0xf, 0xff, 0xc0, 0x0, 0x1f, 0xff,
    0x80, 0xff, 0xfe, 0x0, 0x0, 0xff, 0xfc, 0x7,
    0xff, 0xe0, 0x0, 0x7, 0xff, 0xe0, 0x3f, 0xff,
    0x0, 0x0, 0x3f, 0xff, 0x1, 0xff, 0xf8, 0x0,
    0x1, 0xff, 0xf8, 0xf, 0xff, 0xc0, 0x0, 0xf,
    0xff, 0xc0, 0x7f, 0xfe, 0x0, 0x0, 0x7f, 0xfe,
    0x3, 0xff, 0xf0, 0x0, 0x3, 0xff, 0xf0, 0x1f,
    0xff, 0x80, 0x0, 0x1f, 0xff, 0x80, 0xff, 0xfc,
    0x0, 0x0, 0xff, 0xfc, 0x7, 0xff, 0xe0, 0x0,
    0x7, 0xff, 0xe0, 0x3f, 0xff, 0x0, 0x0, 0x3f,
    0xff, 0x1, 0xff, 0xf8, 0x0, 0x1, 0xff, 0xf8,
    0xf, 0xff, 0xc0, 0x0, 0xf, 0xff, 0xc0, 0x7f,
    0xfe, 0x0, 0x0, 0x7f, 0xfe, 0x3, 0xff, 0xf8,
    0x0, 0x3, 0xff, 0xf0, 0xf, 0xff, 0xc0, 0x0,
    0x1f, 0xff, 0x80, 0x7f, 0xfe, 0x0, 0x0, 0xff,
    0xfc, 0x3, 0xff, 0xf0, 0x0, 0x7, 0xff, 0xe0,
    0x1f, 0xff, 0xc0, 0x0, 0x3f, 0xff, 0x0, 0x7f,
    0xfe, 0x0, 0x1, 0xff, 0xf8, 0x3, 0xff, 0xf8,
    0x0, 0x1f, 0xff, 0xc0, 0x1f, 0xff, 0xe0, 0x1,
    0xff, 0xfe, 0x0, 0x7f, 0xff, 0x80, 0x1f, 0xff,
    0xf0, 0x3, 0xff, 0xff, 0x3, 0xff, 0xff, 0x80,
    0xf, 0xff, 0xff, 0xff, 0xff, 0xfc, 0x0, 0x7f,
    0xff, 0xff, 0xff, 0xff, 0xe0, 0x1, 0xff, 0xff,
    0xff, 0xff, 0xff, 0x0, 0x7, 0xff, 0xff, 0xff,
    0xff, 0xf8, 0x0, 0x1f, 0xff, 0xff, 0xf7, 0xff,
    0xc0, 0x0, 0x7f, 0xff, 0xff, 0x3f, 0xfe, 0x0,
    0x1, 0xff, 0xff, 0xf1, 0xff, 0xf0, 0x0, 0x7,
    0xff, 0xff, 0xf, 0xff, 0x80, 0x0, 0xf, 0xff,
    0xe0, 0x7f, 0xfc, 0x0, 0x0, 0xf, 0xf8, 0x0,
    0x0, 0x0, 0x0, 0x0, 0x0, 0x0, 0x0, 0x0,
    0x0, 0x0, 0x0, 0x0, 0x0, 0x0, 0x0, 0x0,
    0x0, 0x0, 0x0, 0x0, 0x0, 0x0, 0x0, 0x0,
    0x0, 0x0, 0x0, 0x0, 0x0, 0x0, 0x0, 0x0,
    0x0, 0x0, 0x0, 0x0, 0x0, 0x0, 0x0, 0x0,
    0x0, 0x0, 0xf, 0xff, 0xff, 0xff, 0xff, 0xfe,
    0x0, 0x7f, 0xff, 0xff, 0xff, 0xff, 0xf0, 0x3,
    0xff, 0xff, 0xff, 0xff, 0xff, 0x80, 0x1f, 0xff,
    0xff, 0xff, 0xff, 0xfc, 0x0, 0xff, 0xff, 0xff,
    0xff, 0xff, 0xe0, 0x7, 0xff, 0xff, 0xff, 0xff,
    0xff, 0x0, 0x3f, 0xff, 0xff, 0xff, 0xff, 0xf8,
    0x1, 0xff, 0xff, 0xff, 0xff, 0xff, 0xc0, 0xf,
    0xff, 0xff, 0xff, 0xff, 0xfe, 0x0, 0x7f, 0xff,
    0xff, 0xff, 0xff, 0xf0, 0x0,

    /* U+20AC "€" */
    0x0, 0x0, 0x0, 0x3, 0xff, 0xe0, 0x0, 0x0,
    0x0, 0x7f, 0xff, 0xfc, 0x0, 0x0, 0x7, 0xff,
    0xff, 0xf8, 0x0, 0x0, 0x3f, 0xff, 0xff, 0xf0,
    0x0, 0x1, 0xff, 0xff, 0xff, 0xe0, 0x0, 0x7,
    0xff, 0xff, 0xff, 0xc0, 0x0, 0x3f, 0xff, 0xff,
    0xff, 0x80, 0x0, 0xff, 0xff, 0xff, 0xfe, 0x0,
    0x3, 0xff, 0xff, 0xff, 0xfc, 0x0, 0x7, 0xff,
    0xff, 0xff, 0xf8, 0x0, 0x1f, 0xff, 0xfc, 0x0,
    0xf0, 0x0, 0x7f, 0xff, 0xc0, 0x0, 0x20, 0x1,
    0xff, 0xff, 0x0, 0x0, 0x0, 0x3, 0xff, 0xfc,
    0x0, 0x0, 0x0, 0xf, 0xff, 0xf0, 0x0, 0x0,
    0x0, 0x1f, 0xff, 0xc0, 0x0, 0x0, 0x0, 0x3f,
    0xff, 0x0, 0x0, 0x0, 0x0, 0xff, 0xfe, 0x0,
    0x0, 0x0, 0x1, 0xff, 0xf8, 0x0, 0x0, 0x0,
    0x3, 0xff, 0xf0, 0x0, 0x0, 0x0, 0x7, 0xff,
    0xe0, 0x0, 0x0, 0x0, 0x1f, 0xff, 0x80, 0x0,
    0x0, 0x0, 0x3f, 0xff, 0x0, 0x0, 0x0, 0x0,
    0x7f, 0xfe, 0x0, 0x0, 0x0, 0x0, 0xff, 0xfc,
    0x0, 0x0, 0x1, 0xff, 0xff, 0xff, 0xff, 0xf8,
    0x3, 0xff, 0xff, 0xff, 0xff, 0xf0, 0x7, 0xff,
    0xff, 0xff, 0xff, 0xe0, 0xf, 0xff, 0xff, 0xff,
    0xff, 0xc0, 0x1f, 0xff, 0xff, 0xff, 0xff, 0x80,
    0x3f, 0xff, 0xff, 0xff, 0xff, 0x0, 0x7f, 0xff,
    0xff, 0xff, 0xfe, 0x0, 0x0, 0xff, 0xfc, 0x0,
    0x0, 0x0, 0x1, 0xff, 0xf8, 0x0, 0x0, 0x0,
    0x3, 0xff, 0xf0, 0x0, 0x0, 0x0, 0x7, 0xff,
    0xe0, 0x0, 0x0, 0x0, 0xf, 0xff, 0xc0, 0x0,
    0x0, 0x0, 0x1f, 0xff, 0x80, 0x0, 0x0, 0x3f,
    0xff, 0xff, 0xff, 0xff, 0x0, 0x7f, 0xff, 0xff,
    0xff, 0xfe, 0x0, 0xff, 0xff, 0xff, 0xff, 0xfc,
    0x1, 0xff, 0xff, 0xff, 0xff, 0xf8, 0x3, 0xff,
    0xff, 0xff, 0xff, 0xf0, 0x7, 0xff, 0xff, 0xff,
    0xff, 0xe0, 0xf, 0xff, 0xff, 0xff, 0xff, 0xc0,
    0x0, 0x1f, 0xff, 0x80, 0x0, 0x0, 0x0, 0x3f,
    0xff, 0x0, 0x0, 0x0, 0x0, 0x7f, 0xfe, 0x0,
    0x0, 0x0, 0x0, 0xff, 0xfc, 0x0, 0x0, 0x0,
    0x1, 0xff, 0xf8, 0x0, 0x0, 0x0, 0x1, 0xff,
    0xf8, 0x0, 0x0, 0x0, 0x3, 0xff, 0xf0, 0x0,
    0x0, 0x0, 0x7, 0xff, 0xe0, 0x0, 0x0, 0x0,
    0xf, 0xff, 0xe0, 0x0, 0x0, 0x0, 0xf, 0xff,
    0xc0, 0x0, 0x0, 0x0, 0x1f, 0xff, 0xc0, 0x0,
    0x0, 0x0, 0x1f, 0xff, 0xc0, 0x0, 0x0, 0x0,
    0x3f, 0xff, 0xc0, 0x0, 0x0, 0x0, 0x3f, 0xff,
    0xe0, 0x0, 0x10, 0x0, 0x7f, 0xff, 0xf8, 0x1,
    0xe0, 0x0, 0x7f, 0xff, 0xff, 0xff, 0xc0, 0x0,
    0x7f, 0xff, 0xff, 0xff, 0x80, 0x0, 0x7f, 0xff,
    0xff, 0xff, 0x0, 0x0, 0x7f, 0xff, 0xff, 0xff,
    0x0, 0x0, 0x7f, 0xff, 0xff, 0xfe, 0x0, 0x0,
    0x7f, 0xff, 0xff, 0xfc, 0x0, 0x0, 0x3f, 0xff,
    0xff, 0xf8, 0x0, 0x0, 0x1f, 0xff, 0xff, 0xf0,
    0x0, 0x0, 0x7, 0xff, 0xff, 0xe0, 0x0, 0x0,
    0x0, 0xff, 0xfc, 0x0,

    /* U+20B1 "₱" */
    0x0, 0xff, 0xff, 0xff, 0xff, 0x80, 0x0, 0x0,
    0x0, 0xf, 0xff, 0xff, 0xff, 0xff, 0x80, 0x0,
    0x0, 0x0, 0xff, 0xff, 0xff, 0xff, 0xfe, 0x0,
    0x0, 0x0, 0xf, 0xff, 0xff, 0xff, 0xff, 0xf8,
    0x0, 0x0, 0x0, 0xff, 0xff, 0xff, 0xff, 0xff,
    0xe0, 0x0, 0x0, 0xf, 0xff, 0xff, 0xff, 0xff,
    0xff, 0x0, 0x0, 0x0, 0xff, 0xff, 0xff, 0xff,
    0xff, 0xf8, 0x0, 0x0, 0xf, 0xff, 0xff, 0xff,
    0xff, 0xff, 0xc0, 0x0, 0x0, 0xff, 0xff, 0xff,
    0xff, 0xff, 0xfe, 0x0, 0x0, 0xf, 0xff, 0xff,
    0xff, 0xff, 0xff, 0xf0, 0x0, 0x0, 0xff, 0xfc,
    0x0, 0x3, 0xff, 0xff, 0x80, 0x0, 0xf, 0xff,
    0xc0, 0x0, 0x7, 0xff, 0xf8, 0x0, 0x0, 0xff,
    0xfc, 0x0, 0x0, 0x3f, 0xff, 0xc0, 0xf, 0xff,
    0xff, 0xff, 0xff, 0xff, 0xff, 0xff, 0xff, 0xff,
    0xff, 0xff, 0xff, 0xff, 0xff, 0xff, 0xff, 0xff,
    0xff, 0xff, 0xff, 0xff, 0xff, 0xff, 0xff, 0xff,
    0xff, 0xff, 0xff, 0xff, 0xff, 0xff, 0xff, 0xff,
    0xff, 0xff, 0xff, 0xff, 0xff, 0xff, 0xff, 0xff,
    0xff, 0xff, 0xff, 0xff, 0xff, 0xff, 0xff, 0xff,
    0xff, 0xff, 0xff, 0xff, 0xff, 0xff, 0xff, 0xff,
    0xff, 0xff, 0x0, 0xff, 0xfc, 0x0, 0x0, 0x3,
    0xff, 0xf0, 0x0, 0xf, 0xff, 0xc0, 0x0, 0x0,
    0x3f, 0xff, 0x0, 0x0, 0xff, 0xfc, 0x0, 0x0,
    0x3, 0xff, 0xf0, 0x0, 0xf, 0xff, 0xc0, 0x0,
    0x0, 0x3f, 0xff, 0x0, 0xff, 0xff, 0xff, 0xff,
    0xff, 0xff, 0xff, 0xff, 0xff, 0xff, 0xff, 0xff,
    0xff, 0xff, 0xff, 0xff, 0xff, 0xff, 0xff, 0xff,
    0xff, 0xff, 0xff, 0xff, 0xff, 0xff, 0xff, 0xff,
    0xff, 0xff, 0xff, 0xff, 0xff, 0xff, 0xff, 0xff,
    0xff, 0xff, 0xff, 0xff, 0xff, 0xff, 0xff, 0xff,
    0xff, 0xff, 0xff, 0xff, 0xff, 0xff, 0xff, 0xff,
    0xff, 0xff, 0xff, 0xff, 0xff, 0xff, 0xff, 0xf0,
    0xf, 0xff, 0xc0, 0x0, 0x1, 0xff, 0xfc, 0x0,
    0x0, 0xff, 0xfc, 0x0, 0x0, 0x7f, 0xff, 0xc0,
    0x0, 0xf, 0xff, 0xc0, 0x0, 0x1f, 0xff, 0xf8,
    0x0, 0x0, 0xff, 0xff, 0xff, 0xff, 0xff, 0xff,
    0x80, 0x0, 0xf, 0xff, 0xff, 0xff, 0xff, 0xff,
    0xf0, 0x0, 0x0, 0xff, 0xff, 0xff, 0xff, 0xff,
    0xfe, 0x0, 0x0, 0xf, 0xff, 0xff, 0xff, 0xff,
    0xff, 0xc0, 0x0, 0x0, 0xff, 0xff, 0xff, 0xff,
    0xff, 0xf8, 0x0, 0x0, 0xf, 0xff, 0xff, 0xff,
    0xff, 0xfe, 0x0, 0x0, 0x0, 0xff, 0xff, 0xff,
    0xff, 0xff, 0xc0, 0x0, 0x0, 0xf, 0xff, 0xff,
    0xff, 0xff, 0xf0, 0x0, 0x0, 0x0, 0xff, 0xff,
    0xff, 0xff, 0xf8, 0x0, 0x0, 0x0, 0xf, 0xff,
    0xff, 0xff, 0xf8, 0x0, 0x0, 0x0, 0x0, 0xff,
    0xfc, 0x0, 0x0, 0x0, 0x0, 0x0, 0x0, 0xf,
    0xff, 0xc0, 0x0, 0x0, 0x0, 0x0, 0x0, 0x0,
    0xff, 0xfc, 0x0, 0x0, 0x0, 0x0, 0x0, 0x0,
    0xf, 0xff, 0xc0, 0x0, 0x0, 0x0, 0x0, 0x0,
    0x0, 0xff, 0xfc, 0x0, 0x0, 0x0, 0x0, 0x0,
    0x0, 0xf, 0xff, 0xc0, 0x0, 0x0, 0x0, 0x0,
    0x0, 0x0, 0xff, 0xfc, 0x0, 0x0, 0x0, 0x0,
    0x0, 0x0, 0xf, 0xff, 0xc0, 0x0, 0x0, 0x0,
    0x0, 0x0, 0x0, 0xff, 0xfc, 0x0, 0x0, 0x0,
    0x0, 0x0, 0x0, 0xf, 0xff, 0xc0, 0x0, 0x0,
    0x0, 0x0, 0x0, 0x0, 0xff, 0xfc, 0x0, 0x0,
    0x0, 0x0, 0x0, 0x0, 0xf, 0xff, 0xc0, 0x0,
    0x0, 0x0, 0x0, 0x0, 0x0, 0xff, 0xfc, 0x0,
    0x0, 0x0, 0x0, 0x0, 0x0, 0xf, 0xff, 0xc0,
    0x0, 0x0, 0x0, 0x0, 0x0, 0x0, 0xff, 0xfc,
    0x0, 0x0, 0x0, 0x0, 0x0, 0x0, 0xf, 0xff,
    0xc0, 0x0, 0x0, 0x0, 0x0, 0x0, 0x0, 0xff,
    0xfc, 0x0, 0x0, 0x0, 0x0, 0x0, 0x0, 0xf,
    0xff, 0xc0, 0x0, 0x0, 0x0, 0x0, 0x0, 0x0,
    0xff, 0xfc, 0x0, 0x0, 0x0, 0x0, 0x0, 0x0,
    0xf, 0xff, 0xc0, 0x0, 0x0, 0x0, 0x0, 0x0,
    0x0, 0xff, 0xfc, 0x0, 0x0, 0x0, 0x0, 0x0,
    0x0, 0xf, 0xff, 0xc0, 0x0, 0x0, 0x0, 0x0,
    0x0, 0x0, 0xff, 0xfc, 0x0, 0x0, 0x0, 0x0,
    0x0, 0x0, 0xf, 0xff, 0xc0, 0x0, 0x0, 0x0,
    0x0, 0x0, 0x0, 0xff, 0xfc, 0x0, 0x0, 0x0,
    0x0, 0x0, 0x0,

    /* U+20B9 "₹" */
    0x1f, 0xff, 0xff, 0xff, 0xff, 0xfc, 0x7f, 0xff,
    0xff, 0xff, 0xff, 0xf8, 0xff, 0xff, 0xff, 0xff,
    0xff, 0xf1, 0xff, 0xff, 0xff, 0xff, 0xff, 0xe3,
    0xff, 0xff, 0xff, 0xff, 0xff, 0x8f, 0xff, 0xff,
    0xff, 0xff, 0xff, 0x1f, 0xff, 0xff, 0xff, 0xff,
    0xfe, 0x3f, 0xff, 0xff, 0xff, 0xff, 0xfc, 0x7f,
    0xff, 0xff, 0xff, 0xff, 0xf1, 0xff, 0xff, 0xff,
    0xff, 0xc0, 0x3, 0xff, 0xff, 0xff, 0xff, 0x80,
    0x0, 0x0, 0x3, 0xff, 0xff, 0x80, 0x0, 0x0,
    0x1, 0xff, 0xff, 0x0, 0x0, 0x0, 0x1, 0xff,
    0xfe, 0x0, 0x0, 0x0, 0x1, 0xff, 0xfe, 0x0,
    0x0, 0x0, 0x1, 0xff, 0xfc, 0x0, 0x0, 0x0,
    0x1, 0xff, 0xf8, 0x0, 0x7f, 0xff, 0xff, 0xff,
    0xff, 0xf8, 0xff, 0xff, 0xff, 0xff, 0xff, 0xf1,
    0xff, 0xff, 0xff, 0xff, 0xff, 0xe7, 0xff, 0xff,
    0xff, 0xff, 0xff, 0xcf, 0xff, 0xff, 0xff, 0xff,
    0xff, 0x1f, 0xff, 0xff, 0xff, 0xff, 0xfe, 0x3f,
    0xff, 0xff, 0xff, 0xff, 0xfc, 0xff, 0xff, 0xff,
    0xff, 0xff, 0xf9, 0xff, 0xff, 0xff, 0xff, 0xff,
    0xe0, 0x0, 0x0, 0x7, 0xff, 0xe0, 0x0, 0x0,
    0x0, 0x1f, 0xff, 0xc0, 0x0, 0x0, 0x0, 0x3f,
    0xff, 0x80, 0x0, 0x0, 0x0, 0xff, 0xfe, 0x0,
    0x0, 0x0, 0x3, 0xff, 0xfc, 0x0, 0x0, 0x0,
    0xf, 0xff, 0xf8, 0x0, 0x0, 0x0, 0x7f, 0xff,
    0xe0, 0x0, 0xff, 0xff, 0xff, 0xff, 0xc0, 0x1,
    0xff, 0xff, 0xff, 0xff, 0x0, 0x3, 0xff, 0xff,
    0xff, 0xfc, 0x0, 0x7, 0xff, 0xff, 0xff, 0xf0,
    0x0, 0xf, 0xff, 0xff, 0xff, 0xc0, 0x0, 0x1f,
    0xff, 0xff, 0xff, 0x0, 0x0, 0x3f, 0xff, 0xff,
    0xfc, 0x0, 0x0, 0x7f, 0xff, 0xff, 0xe0, 0x0,
    0x0, 0x7f, 0xff, 0xfe, 0x0, 0x0, 0x0, 0xff,
    0xff, 0xe0, 0x0, 0x0, 0x0, 0xff, 0xff, 0x0,
    0x0, 0x0, 0x0, 0xff, 0xff, 0x0, 0x0, 0x0,
    0x0, 0xff, 0xff, 0x0, 0x0, 0x0, 0x0, 0xff,
    0xff, 0x0, 0x0, 0x0, 0x0, 0xff, 0xff, 0x0,
    0x0, 0x0, 0x1, 0xff, 0xff, 0x0, 0x0, 0x0,
    0x1, 0xff, 0xfe, 0x0, 0x0, 0x0, 0x1, 0xff,
    0xfe, 0x0, 0x0, 0x0, 0x1, 0xff, 0xfe, 0x0,
    0x0, 0x0, 0x1, 0xff, 0xfe, 0x0, 0x0, 0x0,
    0x1, 0xff, 0xfe, 0x0, 0x0, 0x0, 0x3, 0xff,
    0xfe, 0x0, 0x0, 0x0, 0x3, 0xff, 0xfc, 0x0,
    0x0, 0x0, 0x3, 0xff, 0xfc, 0x0, 0x0, 0x0,
    0x3, 0xff, 0xfc, 0x0, 0x0, 0x0, 0x3, 0xff,
    0xfc, 0x0, 0x0, 0x0, 0x3, 0xff, 0xfc, 0x0,
    0x0, 0x0, 0x3, 0xff, 0xfc, 0x0, 0x0, 0x0,
    0x7, 0xff, 0xf8, 0x0, 0x0, 0x0, 0x7, 0xff,
    0xf8, 0x0, 0x0, 0x0, 0x7, 0xff, 0xf8, 0x0,
    0x0, 0x0, 0x7, 0xff, 0xf8, 0x0, 0x0, 0x0,
    0x7, 0xff, 0xf8, 0x0, 0x0, 0x0, 0x7, 0xff,
    0xf8, 0x0, 0x0, 0x0, 0xf, 0xff, 0xf0, 0x0,

    /* U+20BA "₺" */
    0x0, 0x7f, 0xfe, 0x0, 0x0, 0x0, 0x0, 0x7,
    0xff, 0xe0, 0x0, 0x0, 0x0, 0x0, 0x7f, 0xfe,
    0x0, 0x0, 0x0, 0x0, 0x7, 0xff, 0xe0, 0x0,
    0x0, 0x0, 0x0, 0x7f, 0xfe, 0x0, 0x0, 0x0,
    0x0, 0x7, 0xff, 0xe0, 0x0, 0x0, 0x0, 0x0,
    0x7f, 0xfe, 0x1, 0x0, 0x0, 0x0, 0x7, 0xff,
    0xe0, 0xf0, 0x0, 0x0, 0x0, 0x7f, 0xfe, 0x7f,
    0x0, 0x0, 0x0, 0x7, 0xff, 0xff, 0xf0, 0x0,
    0x0, 0x0, 0x7f, 0xff, 0xff, 0x0, 0x0, 0x0,
    0x7, 0xff, 0xff, 0xf0, 0x0, 0x0, 0x0, 0x7f,
    0xff, 0xff, 0x0, 0x0, 0x0, 0x7, 0xff, 0xff,
    0xf0, 0x0, 0x0, 0x1, 0xff, 0xff, 0xff, 0x0,
    0x0, 0x0, 0xff, 0xff, 0xff, 0xf0, 0x0, 0x0,
    0x3f, 0xff, 0xff, 0xfc, 0x0, 0x0, 0xf, 0xff,
    0xff, 0xff, 0x0, 0x0, 0x0, 0xff, 0xff, 0xff,
    0x80, 0x0, 0x0, 0xf, 0xff, 0xff, 0xe0, 0x0,
    0x0, 0x0, 0xff, 0xff, 0xfe, 0x0, 0x0, 0x0,
    0xf, 0xff, 0xff, 0xe0, 0x0, 0x0, 0x0, 0xff,
    0xff, 0xfe, 0x3, 0x0, 0x0, 0xf, 0xff, 0xff,
    0xe1, 0xf0, 0x0, 0x0, 0xfe, 0x7f, 0xfe, 0xff,
    0x0, 0x0, 0xf, 0x7, 0xff, 0xff, 0xf0, 0x0,
    0x0, 0x80, 0x7f, 0xff, 0xff, 0x0, 0x0, 0x0,
    0x7, 0xff, 0xff, 0xf0, 0x0, 0x0, 0x0, 0x7f,
    0xff, 0xff, 0x0, 0x0, 0x0, 0x7, 0xff, 0xff,
    0xf0, 0x0, 0x0, 0x1, 0xff, 0xff, 0xff, 0x0,
    0x0, 0x0, 0xff, 0xff, 0xff, 0xf0, 0x0, 0x0,
    0x7f, 0xff, 0xff, 0xfc, 0x0, 0x0, 0xf, 0xff,
    0xff, 0xfe, 0x0, 0x3f, 0xff, 0xff, 0xff, 0xff,
    0x0, 0x3, 0xff, 0xff, 0xff, 0xff, 0xe0, 0x0,
    0x3f, 0xff, 0xff, 0xff, 0xfe, 0x0, 0x3, 0xff,
    0xff, 0xff, 0xff, 0xe0, 0x0, 0x3f, 0xff, 0xff,
    0xff, 0xfe, 0x0, 0x3, 0xff, 0xff, 0xff, 0xff,
    0xe0, 0x0, 0x3f, 0xff, 0xfc, 0x7f, 0xfe, 0x0,
    0x3, 0xff, 0xff, 0x7, 0xff, 0xe0, 0x0, 0x3f,
    0xff, 0x80, 0x7f, 0xfe, 0x0, 0x3, 0xff, 0xf0,
    0x7, 0xff, 0xe0, 0x0, 0x7f, 0xfe, 0x0, 0x7f,
    0xfe, 0x0, 0x7, 0xff, 0xe0, 0x7, 0xff, 0xe0,
    0x0, 0x7f, 0xfe, 0x0, 0x7f, 0xfe, 0x0, 0x7,
    0xff, 0xe0, 0x7, 0xff, 0xe0, 0x0, 0x7f, 0xfe,
    0x0, 0x7f, 0xfe, 0x0, 0xf, 0xff, 0xc0, 0x7,
    0xff, 0xe0, 0x0, 0xff, 0xfc, 0x0, 0x7f, 0xfe,
    0x0, 0xf, 0xff, 0xc0, 0x7, 0xff, 0xe0, 0x1,
    0xff, 0xf8, 0x0, 0x7f, 0xfe, 0x0, 0x1f, 0xff,
    0x80, 0x7, 0xff, 0xe0, 0x3, 0xff, 0xf0, 0x0,
    0x7f, 0xfe, 0x0, 0x7f, 0xff, 0x0, 0x7, 0xff,
    0xe0, 0xf, 0xff, 0xe0, 0x0, 0x7f, 0xfe, 0x1,
    0xff, 0xfe, 0x0, 0x7, 0xff, 0xe0, 0x7f, 0xff,
    0xc0, 0x0, 0x7f, 0xfe, 0x1f, 0xff, 0xf8, 0x0,
    0x7, 0xff, 0xff, 0xff, 0xff, 0x0, 0x0, 0x7f,
    0xff, 0xff, 0xff, 0xf0, 0x0, 0x7, 0xff, 0xff,
    0xff, 0xfe, 0x0, 0x0, 0x7f, 0xff, 0xff, 0xff,
    0xc0, 0x0, 0x7, 0xff, 0xff, 0xff, 0xf0, 0x0,
    0x0, 0x7f, 0xff, 0xff, 0xfe, 0x0, 0x0, 0x7,
    0xff, 0xff, 0xff, 0x80, 0x0, 0x0, 0x7f, 0xff,
    0xff, 0xe0, 0x0, 0x0, 0x7, 0xff, 0xff, 0xf8,
    0x0, 0x0, 0x0, 0x7, 0xff, 0xf8, 0x0, 0x0,
    0x0,

    /* U+20BC "₼" */
    0x0, 0x0, 0x1, 0xff, 0xf8, 0x0, 0x0, 0x0,
    0x0, 0x0, 0x1f, 0xff, 0x80, 0x0, 0x0, 0x0,
    0x0, 0x1, 0xff, 0xf8, 0x0, 0x0, 0x0, 0x0,
    0x0, 0x1f, 0xff, 0x80, 0x0, 0x0, 0x0, 0x0,
    0x1, 0xff, 0xf8, 0x0, 0x0, 0x0, 0x0, 0x0,
    0x1f, 0xff, 0x80, 0x0, 0x0, 0x0, 0x0, 0x1,
    0xff, 0xf8, 0x0, 0x0, 0x0, 0x0, 0x0, 0x1f,
    0xff, 0x80, 0x0, 0x0, 0x0, 0x0, 0x1, 0xff,
    0xf8, 0x0, 0x0, 0x0, 0x0, 0x0, 0x1f, 0xff,
    0x80, 0x0, 0x0, 0x0, 0x0, 0x1, 0xff, 0xf8,
    0x0, 0x0, 0x0, 0x0, 0x0, 0x1f, 0xff, 0x80,
    0x0, 0x0, 0x0, 0x0, 0xf, 0xff, 0xff, 0x0,
    0x0, 0x0, 0x0, 0x3, 0xff, 0xff, 0xfc, 0x0,
    0x0, 0x0, 0x1, 0xff, 0xff, 0xff, 0xf8, 0x0,
    0x0, 0x0, 0x3f, 0xff, 0xff, 0xff, 0xc0, 0x0,
    0x0, 0xf, 0xff, 0xff, 0xff, 0xff, 0x0, 0x0,
    0x1, 0xff, 0xff, 0xff, 0xff, 0xf8, 0x0, 0x0,
    0x3f, 0xff, 0xff, 0xff, 0xff, 0xc0, 0x0, 0x7,
    0xff, 0xff, 0xff, 0xff, 0xfe, 0x0, 0x0, 0xff,
    0xff, 0xff, 0xff, 0xff, 0xf0, 0x0, 0x1f, 0xff,
    0xff, 0xff, 0xff, 0xff, 0x80, 0x3, 0xff, 0xff,
    0xff, 0xff, 0xff, 0xfc, 0x0, 0x3f, 0xff, 0xdf,
    0xff, 0xbf, 0xff, 0xc0, 0x7, 0xff, 0xf1, 0xff,
    0xf9, 0xff, 0xfe, 0x0, 0xff, 0xfe, 0x1f, 0xff,
    0x8f, 0xff, 0xf0, 0xf, 0xff, 0xe1, 0xff, 0xf8,
    0x7f, 0xff, 0x1, 0xff, 0xfc, 0x1f, 0xff, 0x83,
    0xff, 0xf8, 0x1f, 0xff, 0x81, 0xff, 0xf8, 0x1f,
    0xff, 0x83, 0xff, 0xf8, 0x1f, 0xff, 0x81, 0xff,
    0xf8, 0x3f, 0xff, 0x1, 0xff, 0xf8, 0xf, 0xff,
    0xc3, 0xff, 0xf0, 0x1f, 0xff, 0x80, 0xff, 0xfc,
    0x7f, 0xff, 0x1, 0xff, 0xf8, 0xf, 0xff, 0xc7,
    0xff, 0xe0, 0x1f, 0xff, 0x80, 0x7f, 0xfe, 0x7f,
    0xfe, 0x1, 0xff, 0xf8, 0x7, 0xff, 0xe7, 0xff,
    0xe0, 0x1f, 0xff, 0x80, 0x7f, 0xfe, 0x7f, 0xfe,
    0x1, 0xff, 0xf8, 0x7, 0xff, 0xef, 0xff, 0xc0,
    0x1f, 0xff, 0x80, 0x3f, 0xff, 0xff, 0xfc, 0x1,
    0xff, 0xf8, 0x3, 0xff, 0xff, 0xff, 0xc0, 0x1f,
    0xff, 0x80, 0x3f, 0xff, 0xff, 0xfc, 0x1, 0xff,
    0xf8, 0x3, 0xff, 0xff, 0xff, 0xc0, 0x1f, 0xff,
    0x80, 0x3f, 0xff, 0xff, 0xfc, 0x1, 0xff, 0xf8,
    0x3, 0xff, 0xff, 0xff, 0xc0, 0x1f, 0xff, 0x80,
    0x3f, 0xff, 0xff, 0xfc, 0x1, 0xff, 0xf8, 0x3,
    0xff, 0xff, 0xff, 0xc0, 0x1f, 0xff, 0x80, 0x3f,
    0xff, 0xff, 0xfc, 0x1, 0xff, 0xf8, 0x3, 0xff,
    0xff, 0xff, 0xc0, 0x1f, 0xff, 0x80, 0x3f, 0xff,
    0xff, 0xfc, 0x1, 0xff, 0xf8, 0x3, 0xff, 0xff,
    0xff, 0xc0, 0x1f, 0xff, 0x80, 0x3f, 0xff, 0xff,
    0xfc, 0x1, 0xff, 0xf8, 0x3, 0xff, 0xff, 0xff,
    0xc0, 0x1f, 0xff, 0x80, 0x3f, 0xff,

    /* U+20BD "₽" */
    0x0, 0x3f, 0xff, 0xff, 0xff, 0xe0, 0x0, 0x0,
    0x0, 0xff, 0xff, 0xff, 0xff, 0xf8, 0x0, 0x0,
    0x3, 0xff, 0xff, 0xff, 0xff, 0xf8, 0x0, 0x0,
    0xf, 0xff, 0xff, 0xff, 0xff, 0xf8, 0x0, 0x0,
    0x3f, 0xff, 0xff, 0xff, 0xff, 0xf8, 0x0, 0x0,
    0xff, 0xff, 0xff, 0xff, 0xff, 0xf0, 0x0, 0x3,
    0xff, 0xff, 0xff, 0xff, 0xff, 0xe0, 0x0, 0xf,
    0xff, 0xff, 0xff, 0xff, 0xff, 0xc0, 0x0, 0x3f,
    0xff, 0xff, 0xff, 0xff, 0xff, 0x80, 0x0, 0xff,
    0xff, 0xff, 0xff, 0xff, 0xff, 0x0, 0x3, 0xff,
    0xf0, 0x0, 0xf, 0xff, 0xfe, 0x0, 0xf, 0xff,
    0xc0, 0x0, 0x7, 0xff, 0xf8, 0x0, 0x3f, 0xff,
    0x0, 0x0, 0xf, 0xff, 0xf0, 0x0, 0xff, 0xfc,
    0x0, 0x0, 0x1f, 0xff, 0xc0, 0x3, 0xff, 0xf0,
    0x0, 0x0, 0x3f, 0xff, 0x80, 0xf, 0xff, 0xc0,
    0x0, 0x0, 0xff, 0xfe, 0x0, 0x3f, 0xff, 0x0,
    0x0, 0x1, 0xff, 0xf8, 0x0, 0xff, 0xfc, 0x0,
    0x0, 0x7, 0xff, 0xf0, 0x3, 0xff, 0xf0, 0x0,
    0x0, 0xf, 0xff, 0xc0, 0xf, 0xff, 0xc0, 0x0,
    0x0, 0x3f, 0xff, 0x0, 0x3f, 0xff, 0x0, 0x0,
    0x0, 0xff, 0xfc, 0x0, 0xff, 0xfc, 0x0, 0x0,
    0x3, 0xff, 0xf0, 0x3, 0xff, 0xf0, 0x0, 0x0,
    0xf, 0xff, 0xc0, 0xf, 0xff, 0xc0, 0x0, 0x0,
    0x3f, 0xff, 0x0, 0x3f, 0xff, 0x0, 0x0, 0x0,
    0xff, 0xfc, 0x0, 0xff, 0xfc, 0x0, 0x0, 0x3,
    0xff, 0xf0, 0x3, 0xff, 0xf0, 0x0, 0x0, 0x1f,
    0xff, 0xc0, 0xf, 0xff, 0xc0, 0x0, 0x0, 0x7f,
    0xfe, 0x0, 0x3f, 0xff, 0x0, 0x0, 0x1, 0xff,
    0xf8, 0x0, 0xff, 0xfc, 0x0, 0x0, 0xf, 0xff,
    0xe0, 0x3, 0xff, 0xf0, 0x0, 0x0, 0x3f, 0xff,
    0x80, 0xf, 0xff, 0xc0, 0x0, 0x3, 0xff, 0xfc,
    0x0, 0x3f, 0xff, 0x0, 0x0, 0x1f, 0xff, 0xf0,
    0x0, 0xff, 0xfc, 0x0, 0x3, 0xff, 0xff, 0x8f,
    0xff, 0xff, 0xff, 0xff, 0xff, 0xff, 0xfc, 0x3f,
    0xff, 0xff, 0xff, 0xff, 0xff, 0xff, 0xf0, 0xff,
    0xff, 0xff, 0xff, 0xff, 0xff, 0xff, 0x83, 0xff,
    0xff, 0xff, 0xff, 0xff, 0xff, 0xfc, 0xf, 0xff,
    0xff, 0xff, 0xff, 0xff, 0xff, 0xe0, 0x3f, 0xff,
    0xff, 0xff, 0xff, 0xff, 0xfe, 0x0, 0xff, 0xff,
    0xff, 0xff, 0xff, 0xff, 0xf0, 0x3, 0xff, 0xff,
    0xff, 0xff, 0xff, 0xff, 0x0, 0xf, 0xff, 0xff,
    0xff, 0xff, 0xff, 0xe0, 0x0, 0x3f, 0xff, 0xff,
    0xff, 0xff, 0xf8, 0x0, 0x0, 0x0, 0x3f, 0xff,
    0x0, 0x0, 0x0, 0x0, 0x0, 0x0, 0xff, 0xfc,
    0x0, 0x0, 0x0, 0x0, 0x0, 0x3, 0xff, 0xf0,
    0x0, 0x0, 0x0, 0x0, 0x0, 0xf, 0xff, 0xc0,
    0x0, 0x0, 0x0, 0x0, 0x0, 0x3f, 0xff, 0x0,
    0x0, 0x0, 0x0, 0x3, 0xff, 0xff, 0xff, 0xff,
    0xf8, 0x0, 0x0, 0xf, 0xff, 0xff, 0xff, 0xff,
    0xe0, 0x0, 0x0, 0x3f, 0xff, 0xff, 0xff, 0xff,
    0x80, 0x0, 0x0, 0xff, 0xff, 0xff, 0xff, 0xfe,
    0x0, 0x0, 0x3, 0xff, 0xff, 0xff, 0xff, 0xf8,
    0x0, 0x0, 0xf, 0xff, 0xff, 0xff, 0xff, 0xe0,
    0x0, 0x0, 0x3f, 0xff, 0xff, 0xff, 0xff, 0x80,
    0x0, 0x0, 0xff, 0xff, 0xff, 0xff, 0xfe, 0x0,
    0x0, 0x3, 0xff, 0xff, 0xff, 0xff, 0xf8, 0x0,
    0x0, 0xf, 0xff, 0xff, 0xff, 0xff, 0xe0, 0x0,
    0x0, 0x0, 0xf, 0xff, 0xc0, 0x0, 0x0, 0x0,
    0x0, 0x0, 0x3f, 0xff, 0x0, 0x0, 0x0, 0x0,
    0x0, 0x0, 0xff, 0xfc, 0x0, 0x0, 0x0, 0x0,
    0x0, 0x3, 0xff, 0xf0, 0x0, 0x0, 0x0, 0x0,
    0x0, 0xf, 0xff, 0xc0, 0x0, 0x0, 0x0, 0x0,
    0x0, 0x3f, 0xff, 0x0, 0x0, 0x0, 0x0, 0x0,
    0x0, 0xff, 0xfc, 0x0, 0x0, 0x0, 0x0, 0x0,
    0x3, 0xff, 0xf0, 0x0, 0x0, 0x0, 0x0, 0x0,
    0xf, 0xff, 0xc0, 0x0, 0x0, 0x0, 0x0, 0x0,
    0x3f, 0xff, 0x0, 0x0, 0x0, 0x0, 0x0
};


/*---------------------
 *  GLYPH DESCRIPTION
 *--------------------*/

static const lv_font_fmt_txt_glyph_dsc_t glyph_dsc[] = {
    {.bitmap_index = 0, .adv_w = 0, .box_w = 0, .box_h = 0, .ofs_x = 0, .ofs_y = 0} /* id = 0 reserved */,
    {.bitmap_index = 0, .adv_w = 382, .box_w = 1, .box_h = 1, .ofs_x = 0, .ofs_y = 0},
    {.bitmap_index = 1, .adv_w = 416, .box_w = 15, .box_h = 69, .ofs_x = 6, .ofs_y = -1},
    {.bitmap_index = 131, .adv_w = 489, .box_w = 24, .box_h = 25, .ofs_x = 3, .ofs_y = 47},
    {.bitmap_index = 206, .adv_w = 910, .box_w = 52, .box_h = 70, .ofs_x = 3, .ofs_y = -1},
    {.bitmap_index = 661, .adv_w = 881, .box_w = 47, .box_h = 90, .ofs_x = 4, .ofs_y = -10},
    {.bitmap_index = 1190, .adv_w = 1136, .box_w = 62, .box_h = 70, .ofs_x = 4, .ofs_y = -1},
    {.bitmap_index = 1733, .adv_w = 1010, .box_w = 58, .box_h = 70, .ofs_x = 3, .ofs_y = -1},
    {.bitmap_index = 2241, .adv_w = 248, .box_w = 10, .box_h = 25, .ofs_x = 3, .ofs_y = 47},
    {.bitmap_index = 2273, .adv_w = 537, .box_w = 26, .box_h = 98, .ofs_x = 6, .ofs_y = -22},
    {.bitmap_index = 2592, .adv_w = 539, .box_w = 26, .box_h = 98, .ofs_x = 2, .ofs_y = -22},
    {.bitmap_index = 2911, .adv_w = 698, .box_w = 42, .box_h = 41, .ofs_x = 1, .ofs_y = 28},
    {.bitmap_index = 3127, .adv_w = 837, .box_w = 47, .box_h = 51, .ofs_x = 3, .ofs_y = 6},
    {.bitmap_index = 3427, .adv_w = 378, .box_w = 16, .box_h = 28, .ofs_x = 2, .ofs_y = -17},
    {.bitmap_index = 3483, .adv_w = 605, .box_w = 26, .box_h = 10, .ofs_x = 5, .ofs_y = 24},
    {.bitmap_index = 3516, .adv_w = 446, .box_w = 15, .box_h = 14, .ofs_x = 6, .ofs_y = -1},
    {.bitmap_index = 3543, .adv_w = 570, .box_w = 35, .box_h = 75, .ofs_x = -1, .ofs_y = -6},
    {.bitmap_index = 3872, .adv_w = 881, .box_w = 46, .box_h = 70, .ofs_x = 4, .ofs_y = -1},
    {.bitmap_index = 4275, .adv_w = 881, .box_w = 30, .box_h = 69, .ofs_x = 8, .ofs_y = 0},
    {.bitmap_index = 4534, .adv_w = 881, .box_w = 48, .box_h = 69, .ofs_x = 3, .ofs_y = 0},
    {.bitmap_index = 4948, .adv_w = 881, .box_w = 48, .box_h = 70, .ofs_x = 3, .ofs_y = -1},
    {.bitmap_index = 5368, .adv_w = 881, .box_w = 50, .box_h = 69, .ofs_x = 2, .ofs_y = 0},
    {.bitmap_index = 5800, .adv_w = 881, .box_w = 47, .box_h = 69, .ofs_x = 4, .ofs_y = -1},
    {.bitmap_index = 6206, .adv_w = 881, .box_w = 47, .box_h = 70, .ofs_x = 5, .ofs_y = -1},
    {.bitmap_index = 6618, .adv_w = 881, .box_w = 48, .box_h = 68, .ofs_x = 3, .ofs_y = 0},
    {.bitmap_index = 7026, .adv_w = 881, .box_w = 46, .box_h = 70, .ofs_x = 4, .ofs_y = -1},
    {.bitmap_index = 7429, .adv_w = 881, .box_w = 46, .box_h = 70, .ofs_x = 4, .ofs_y = -1},
    {.bitmap_index = 7832, .adv_w = 433, .box_w = 15, .box_h = 53, .ofs_x = 6, .ofs_y = -1},
    {.bitmap_index = 7932, .adv_w = 404, .box_w = 17, .box_h = 69, .ofs_x = 3, .ofs_y = -17},
    {.bitmap_index = 8079, .adv_w = 783, .box_w = 41, .box_h = 45, .ofs_x = 3, .ofs_y = 7},
    {.bitmap_index = 8310, .adv_w = 881, .box_w = 42, .box_h = 31, .ofs_x = 6, .ofs_y = 15},
    {.bitmap_index = 8473, .adv_w = 793, .box_w = 41, .box_h = 45, .ofs_x = 6, .ofs_y = 7},
    {.bitmap_index = 8704, .adv_w = 764, .box_w = 42, .box_h = 70, .ofs_x = 2, .ofs_y = -1},
    {.bitmap_index = 9072, .adv_w = 1377, .box_w = 78, .box_h = 88, .ofs_x = 4, .ofs_y = -21},
    {.bitmap_index = 9930, .adv_w = 1032, .box_w = 64, .box_h = 69, .ofs_x = 0, .ofs_y = -1},
    {.bitmap_index = 10482, .adv_w = 980, .box_w = 51, .box_h = 68, .ofs_x = 6, .ofs_y = 0},
    {.bitmap_index = 10916, .adv_w = 1005, .box_w = 55, .box_h = 71, .ofs_x = 4, .ofs_y = -1},
    {.bitmap_index = 11405, .adv_w = 998, .box_w = 52, .box_h = 68, .ofs_x = 6, .ofs_y = 0},
    {.bitmap_index = 11847, .adv_w = 864, .box_w = 46, .box_h = 68, .ofs_x = 6, .ofs_y = 0},
    {.bitmap_index = 12238, .adv_w = 843, .box_w = 45, .box_h = 69, .ofs_x = 6, .ofs_y = -1},
    {.bitmap_index = 12627, .adv_w = 1047, .box_w = 56, .box_h = 70, .ofs_x = 4, .ofs_y = -1},
    {.bitmap_index = 13117, .adv_w = 1085, .box_w = 56, .box_h = 69, .ofs_x = 6, .ofs_y = 0},
    {.bitmap_index = 13600, .adv_w = 449, .box_w = 14, .box_h = 68, .ofs_x = 7, .ofs_y = 0},
    {.bitmap_index = 13719, .adv_w = 858, .box_w = 46, .box_h = 70, .ofs_x = 2, .ofs_y = -1},
    {.bitmap_index = 14122, .adv_w = 977, .box_w = 56, .box_h = 68, .ofs_x = 6, .ofs_y = 0},
    {.bitmap_index = 14598, .adv_w = 831, .box_w = 44, .box_h = 69, .ofs_x = 6, .ofs_y = 0},
    {.bitmap_index = 14978, .adv_w = 1345, .box_w = 72, .box_h = 68, .ofs_x = 6, .ofs_y = 0},
    {.bitmap_index = 15590, .adv_w = 1084, .box_w = 56, .box_h = 68, .ofs_x = 6, .ofs_y = 0},
    {.bitmap_index = 16066, .adv_w = 1059, .box_w = 58, .box_h = 69, .ofs_x = 4, .ofs_y = -1},
    {.bitmap_index = 16567, .adv_w = 990, .box_w = 52, .box_h = 69, .ofs_x = 6, .ofs_y = -1},
    {.bitmap_index = 17016, .adv_w = 1059, .box_w = 58, .box_h = 80, .ofs_x = 4, .ofs_y = -12},
    {.bitmap_index = 17596, .adv_w = 984, .box_w = 54, .box_h = 69, .ofs_x = 6, .ofs_y = -1},
    {.bitmap_index = 18062, .adv_w = 946, .box_w = 52, .box_h = 70, .ofs_x = 3, .ofs_y = -1},
    {.bitmap_index = 18517, .adv_w = 952, .box_w = 56, .box_h = 68, .ofs_x = 1, .ofs_y = 0},
    {.bitmap_index = 18993, .adv_w = 1013, .box_w = 52, .box_h = 70, .ofs_x = 5, .ofs_y = -1},
    {.bitmap_index = 19448, .adv_w = 1004, .box_w = 62, .box_h = 69, .ofs_x = 0, .ofs_y = 0},
    {.bitmap_index = 19983, .adv_w = 1344, .box_w = 81, .box_h = 69, .ofs_x = 2, .ofs_y = 0},
    {.bitmap_index = 20682, .adv_w = 975, .box_w = 59, .box_h = 68, .ofs_x = 1, .ofs_y = 0},
    {.bitmap_index = 21184, .adv_w = 951, .box_w = 59, .box_h = 69, .ofs_x = 0, .ofs_y = 0},
    {.bitmap_index = 21693, .adv_w = 932, .box_w = 52, .box_h = 68, .ofs_x = 3, .ofs_y = 0},
    {.bitmap_index = 22135, .adv_w = 425, .box_w = 20, .box_h = 96, .ofs_x = 6, .ofs_y = -16},
    {.bitmap_index = 22375, .adv_w = 647, .box_w = 42, .box_h = 75, .ofs_x = 0, .ofs_y = -6},
    {.bitmap_index = 22769, .adv_w = 425, .box_w = 21, .box_h = 96, .ofs_x = 0, .ofs_y = -16},
    {.bitmap_index = 23021, .adv_w = 673, .box_w = 38, .box_h = 35, .ofs_x = 2, .ofs_y = 34},
    {.bitmap_index = 23188, .adv_w = 683, .box_w = 43, .box_h = 10, .ofs_x = 1, .ofs_y = -10},
    {.bitmap_index = 23242, .adv_w = 507, .box_w = 24, .box_h = 14, .ofs_x = 3, .ofs_y = 58},
    {.bitmap_index = 23284, .adv_w = 822, .box_w = 45, .box_h = 53, .ofs_x = 3, .ofs_y = -1},
    {.bitmap_index = 23583, .adv_w = 864, .box_w = 46, .box_h = 73, .ofs_x = 5, .ofs_y = -1},
    {.bitmap_index = 24003, .adv_w = 800, .box_w = 44, .box_h = 53, .ofs_x = 3, .ofs_y = -1},
    {.bitmap_index = 24295, .adv_w = 865, .box_w = 46, .box_h = 73, .ofs_x = 3, .ofs_y = -1},
    {.bitmap_index = 24715, .adv_w = 830, .box_w = 46, .box_h = 53, .ofs_x = 3, .ofs_y = -1},
    {.bitmap_index = 25020, .adv_w = 550, .box_w = 34, .box_h = 74, .ofs_x = 1, .ofs_y = -1},
    {.bitmap_index = 25335, .adv_w = 878, .box_w = 47, .box_h = 72, .ofs_x = 3, .ofs_y = -20},
    {.bitmap_index = 25758, .adv_w = 860, .box_w = 44, .box_h = 73, .ofs_x = 5, .ofs_y = -1},
    {.bitmap_index = 26160, .adv_w = 407, .box_w = 15, .box_h = 71, .ofs_x = 5, .ofs_y = 0},
    {.bitmap_index = 26294, .adv_w = 400, .box_w = 25, .box_h = 91, .ofs_x = -5, .ofs_y = -21},
    {.bitmap_index = 26579, .adv_w = 821, .box_w = 48, .box_h = 72, .ofs_x = 5, .ofs_y = 0},
    {.bitmap_index = 27011, .adv_w = 407, .box_w = 14, .box_h = 72, .ofs_x = 6, .ofs_y = 0},
    {.bitmap_index = 27137, .adv_w = 1331, .box_w = 73, .box_h = 52, .ofs_x = 5, .ofs_y = -1},
    {.bitmap_index = 27612, .adv_w = 861, .box_w = 44, .box_h = 52, .ofs_x = 5, .ofs_y = -1},
    {.bitmap_index = 27898, .adv_w = 867, .box_w = 48, .box_h = 53, .ofs_x = 3, .ofs_y = -1},
    {.bitmap_index = 28216, .adv_w = 864, .box_w = 46, .box_h = 71, .ofs_x = 5, .ofs_y = -20},
    {.bitmap_index = 28625, .adv_w = 866, .box_w = 46, .box_h = 71, .ofs_x = 3, .ofs_y = -20},
    {.bitmap_index = 29034, .adv_w = 563, .box_w = 29, .box_h = 52, .ofs_x = 5, .ofs_y = 0},
    {.bitmap_index = 29223, .adv_w = 789, .box_w = 43, .box_h = 53, .ofs_x = 3, .ofs_y = -1},
    {.bitmap_index = 29508, .adv_w = 520, .box_w = 31, .box_h = 65, .ofs_x = 0, .ofs_y = -2},
    {.bitmap_index = 29760, .adv_w = 860, .box_w = 44, .box_h = 52, .ofs_x = 5, .ofs_y = -1},
    {.bitmap_index = 30046, .adv_w = 778, .box_w = 48, .box_h = 51, .ofs_x = 0, .ofs_y = 0},
    {.bitmap_index = 30352, .adv_w = 1128, .box_w = 68, .box_h = 51, .ofs_x = 1, .ofs_y = 0},
    {.bitmap_index = 30786, .adv_w = 782, .box_w = 47, .box_h = 51, .ofs_x = 1, .ofs_y = 0},
    {.bitmap_index = 31086, .adv_w = 773, .box_w = 48, .box_h = 72, .ofs_x = 1, .ofs_y = -21},
    {.bitmap_index = 31518, .adv_w = 782, .box_w = 43, .box_h = 51, .ofs_x = 3, .ofs_y = 0},
    {.bitmap_index = 31793, .adv_w = 506, .box_w = 28, .box_h = 92, .ofs_x = 2, .ofs_y = -17},
    {.bitmap_index = 32115, .adv_w = 387, .box_w = 8, .box_h = 81, .ofs_x = 8, .ofs_y = -13},
    {.bitmap_index = 32196, .adv_w = 506, .box_w = 28, .box_h = 92, .ofs_x = 2, .ofs_y = -17},
    {.bitmap_index = 32518, .adv_w = 995, .box_w = 52, .box_h = 21, .ofs_x = 5, .ofs_y = 18},
    {.bitmap_index = 32655, .adv_w = 382, .box_w = 1, .box_h = 1, .ofs_x = 0, .ofs_y = 0},
    {.bitmap_index = 32656, .adv_w = 434, .box_w = 15, .box_h = 69, .ofs_x = 6, .ofs_y = -17},
    {.bitmap_index = 32786, .adv_w = 886, .box_w = 45, .box_h = 74, .ofs_x = 5, .ofs_y = -12},
    {.bitmap_index = 33203, .adv_w = 913, .box_w = 50, .box_h = 69, .ofs_x = 5, .ofs_y = 0},
    {.bitmap_index = 33635, .adv_w = 1064, .box_w = 60, .box_h = 60, .ofs_x = 3, .ofs_y = -1},
    {.bitmap_index = 34085, .adv_w = 824, .box_w = 50, .box_h = 70, .ofs_x = 1, .ofs_y = -1},
    {.bitmap_index = 34523, .adv_w = 386, .box_w = 12, .box_h = 82, .ofs_x = 6, .ofs_y = -13},
    {.bitmap_index = 34646, .adv_w = 965, .box_w = 51, .box_h = 91, .ofs_x = 4, .ofs_y = -22},
    {.bitmap_index = 35227, .adv_w = 722, .box_w = 36, .box_h = 12, .ofs_x = 5, .ofs_y = 59},
    {.bitmap_index = 35281, .adv_w = 1207, .box_w = 67, .box_h = 71, .ofs_x = 4, .ofs_y = -1},
    {.bitmap_index = 35876, .adv_w = 682, .box_w = 30, .box_h = 37, .ofs_x = 6, .ofs_y = 32},
    {.bitmap_index = 36015, .adv_w = 768, .box_w = 40, .box_h = 37, .ofs_x = 4, .ofs_y = 6},
    {.bitmap_index = 36200, .adv_w = 846, .box_w = 39, .box_h = 21, .ofs_x = 6, .ofs_y = 17},
    {.bitmap_index = 36303, .adv_w = 605, .box_w = 26, .box_h = 10, .ofs_x = 5, .ofs_y = 24},
    {.bitmap_index = 36336, .adv_w = 1207, .box_w = 67, .box_h = 71, .ofs_x = 4, .ofs_y = -1},
    {.bitmap_index = 36931, .adv_w = 769, .box_w = 32, .box_h = 7, .ofs_x = 8, .ofs_y = 61},
    {.bitmap_index = 36959, .adv_w = 599, .box_w = 25, .box_h = 26, .ofs_x = 6, .ofs_y = 44},
    {.bitmap_index = 37041, .adv_w = 825, .box_w = 43, .box_h = 61, .ofs_x = 4, .ofs_y = 0},
    {.bitmap_index = 37369, .adv_w = 572, .box_w = 30, .box_h = 38, .ofs_x = 3, .ofs_y = 31},
    {.bitmap_index = 37512, .adv_w = 572, .box_w = 30, .box_h = 39, .ofs_x = 2, .ofs_y = 30},
    {.bitmap_index = 37659, .adv_w = 507, .box_w = 24, .box_h = 14, .ofs_x = 5, .ofs_y = 58},
    {.bitmap_index = 37701, .adv_w = 949, .box_w = 45, .box_h = 71, .ofs_x = 7, .ofs_y = -20},
    {.bitmap_index = 38101, .adv_w = 751, .box_w = 37, .box_h = 69, .ofs_x = 4, .ofs_y = 0},
    {.bitmap_index = 38421, .adv_w = 464, .box_w = 15, .box_h = 14, .ofs_x = 7, .ofs_y = 26},
    {.bitmap_index = 38448, .adv_w = 413, .box_w = 18, .box_h = 22, .ofs_x = 4, .ofs_y = -22},
    {.bitmap_index = 38498, .adv_w = 572, .box_w = 18, .box_h = 37, .ofs_x = 6, .ofs_y = 31},
    {.bitmap_index = 38582, .adv_w = 703, .box_w = 32, .box_h = 38, .ofs_x = 6, .ofs_y = 31},
    {.bitmap_index = 38734, .adv_w = 768, .box_w = 40, .box_h = 37, .ofs_x = 4, .ofs_y = 6},
    {.bitmap_index = 38919, .adv_w = 1100, .box_w = 61, .box_h = 69, .ofs_x = 5, .ofs_y = 0},
    {.bitmap_index = 39446, .adv_w = 1166, .box_w = 65, .box_h = 69, .ofs_x = 4, .ofs_y = 0},
    {.bitmap_index = 40007, .adv_w = 1244, .box_w = 69, .box_h = 69, .ofs_x = 4, .ofs_y = 0},
    {.bitmap_index = 40603, .adv_w = 765, .box_w = 42, .box_h = 70, .ofs_x = 3, .ofs_y = -18},
    {.bitmap_index = 40971, .adv_w = 1032, .box_w = 64, .box_h = 87, .ofs_x = 0, .ofs_y = -1},
    {.bitmap_index = 41667, .adv_w = 1032, .box_w = 64, .box_h = 87, .ofs_x = 0, .ofs_y = -1},
    {.bitmap_index = 42363, .adv_w = 1032, .box_w = 64, .box_h = 88, .ofs_x = 0, .ofs_y = -1},
    {.bitmap_index = 43067, .adv_w = 1032, .box_w = 64, .box_h = 87, .ofs_x = 0, .ofs_y = -1},
    {.bitmap_index = 43763, .adv_w = 1032, .box_w = 64, .box_h = 86, .ofs_x = 0, .ofs_y = -1},
    {.bitmap_index = 44451, .adv_w = 1032, .box_w = 64, .box_h = 92, .ofs_x = 0, .ofs_y = -1},
    {.bitmap_index = 45187, .adv_w = 1442, .box_w = 87, .box_h = 68, .ofs_x = 0, .ofs_y = 0},
    {.bitmap_index = 45927, .adv_w = 1005, .box_w = 55, .box_h = 90, .ofs_x = 4, .ofs_y = -22},
    {.bitmap_index = 46546, .adv_w = 864, .box_w = 46, .box_h = 87, .ofs_x = 6, .ofs_y = 0},
    {.bitmap_index = 47047, .adv_w = 864, .box_w = 46, .box_h = 87, .ofs_x = 6, .ofs_y = 0},
    {.bitmap_index = 47548, .adv_w = 864, .box_w = 46, .box_h = 88, .ofs_x = 6, .ofs_y = 0},
    {.bitmap_index = 48054, .adv_w = 864, .box_w = 46, .box_h = 85, .ofs_x = 6, .ofs_y = 0},
    {.bitmap_index = 48543, .adv_w = 449, .box_w = 24, .box_h = 87, .ofs_x = -3, .ofs_y = 0},
    {.bitmap_index = 48804, .adv_w = 449, .box_w = 24, .box_h = 87, .ofs_x = 7, .ofs_y = 0},
    {.bitmap_index = 49065, .adv_w = 449, .box_w = 36, .box_h = 88, .ofs_x = -4, .ofs_y = 0},
    {.bitmap_index = 49461, .adv_w = 449, .box_w = 36, .box_h = 85, .ofs_x = -4, .ofs_y = 0},
    {.bitmap_index = 49844, .adv_w = 1021, .box_w = 59, .box_h = 68, .ofs_x = 1, .ofs_y = 0},
    {.bitmap_index = 50346, .adv_w = 1084, .box_w = 56, .box_h = 86, .ofs_x = 6, .ofs_y = 0},
    {.bitmap_index = 50948, .adv_w = 1059, .box_w = 58, .box_h = 88, .ofs_x = 4, .ofs_y = -1},
    {.bitmap_index = 51586, .adv_w = 1059, .box_w = 58, .box_h = 88, .ofs_x = 4, .ofs_y = -1},
    {.bitmap_index = 52224, .adv_w = 1059, .box_w = 58, .box_h = 88, .ofs_x = 4, .ofs_y = -1},
    {.bitmap_index = 52862, .adv_w = 1059, .box_w = 58, .box_h = 87, .ofs_x = 4, .ofs_y = -1},
    {.bitmap_index = 53493, .adv_w = 1059, .box_w = 58, .box_h = 86, .ofs_x = 4, .ofs_y = -1},
    {.bitmap_index = 54117, .adv_w = 815, .box_w = 45, .box_h = 46, .ofs_x = 3, .ofs_y = 9},
    {.bitmap_index = 54376, .adv_w = 1058, .box_w = 58, .box_h = 76, .ofs_x = 4, .ofs_y = -4},
    {.bitmap_index = 54927, .adv_w = 1013, .box_w = 52, .box_h = 88, .ofs_x = 5, .ofs_y = -1},
    {.bitmap_index = 55499, .adv_w = 1013, .box_w = 52, .box_h = 88, .ofs_x = 5, .ofs_y = -1},
    {.bitmap_index = 56071, .adv_w = 1013, .box_w = 52, .box_h = 88, .ofs_x = 5, .ofs_y = -1},
    {.bitmap_index = 56643, .adv_w = 1013, .box_w = 52, .box_h = 86, .ofs_x = 5, .ofs_y = -1},
    {.bitmap_index = 57202, .adv_w = 951, .box_w = 59, .box_h = 87, .ofs_x = 0, .ofs_y = 0},
    {.bitmap_index = 57844, .adv_w = 936, .box_w = 49, .box_h = 69, .ofs_x = 6, .ofs_y = 0},
    {.bitmap_index = 58267, .adv_w = 971, .box_w = 51, .box_h = 74, .ofs_x = 6, .ofs_y = -1},
    {.bitmap_index = 58739, .adv_w = 822, .box_w = 45, .box_h = 73, .ofs_x = 3, .ofs_y = -1},
    {.bitmap_index = 59150, .adv_w = 822, .box_w = 45, .box_h = 73, .ofs_x = 3, .ofs_y = -1},
    {.bitmap_index = 59561, .adv_w = 822, .box_w = 45, .box_h = 74, .ofs_x = 3, .ofs_y = -1},
    {.bitmap_index = 59978, .adv_w = 822, .box_w = 45, .box_h = 72, .ofs_x = 3, .ofs_y = 0},
    {.bitmap_index = 60383, .adv_w = 822, .box_w = 45, .box_h = 71, .ofs_x = 3, .ofs_y = -1},
    {.bitmap_index = 60783, .adv_w = 822, .box_w = 45, .box_h = 77, .ofs_x = 3, .ofs_y = -1},
    {.bitmap_index = 61217, .adv_w = 1298, .box_w = 76, .box_h = 53, .ofs_x = 3, .ofs_y = -1},
    {.bitmap_index = 61721, .adv_w = 800, .box_w = 44, .box_h = 74, .ofs_x = 3, .ofs_y = -22},
    {.bitmap_index = 62128, .adv_w = 830, .box_w = 46, .box_h = 73, .ofs_x = 3, .ofs_y = -1},
    {.bitmap_index = 62548, .adv_w = 830, .box_w = 46, .box_h = 73, .ofs_x = 3, .ofs_y = -1},
    {.bitmap_index = 62968, .adv_w = 830, .box_w = 46, .box_h = 74, .ofs_x = 3, .ofs_y = -1},
    {.bitmap_index = 63394, .adv_w = 830, .box_w = 46, .box_h = 72, .ofs_x = 3, .ofs_y = -1},
    {.bitmap_index = 63808, .adv_w = 419, .box_w = 24, .box_h = 71, .ofs_x = -4, .ofs_y = 1},
    {.bitmap_index = 64021, .adv_w = 419, .box_w = 25, .box_h = 71, .ofs_x = 6, .ofs_y = 1},
    {.bitmap_index = 64243, .adv_w = 419, .box_w = 36, .box_h = 72, .ofs_x = -5, .ofs_y = 0},
    {.bitmap_index = 64567, .adv_w = 419, .box_w = 36, .box_h = 68, .ofs_x = -5, .ofs_y = 0},
    {.bitmap_index = 64873, .adv_w = 883, .box_w = 48, .box_h = 76, .ofs_x = 4, .ofs_y = -1},
    {.bitmap_index = 65329, .adv_w = 861, .box_w = 44, .box_h = 72, .ofs_x = 5, .ofs_y = 0},
    {.bitmap_index = 65725, .adv_w = 867, .box_w = 48, .box_h = 73, .ofs_x = 3, .ofs_y = -1},
    {.bitmap_index = 66163, .adv_w = 867, .box_w = 48, .box_h = 73, .ofs_x = 3, .ofs_y = -1},
    {.bitmap_index = 66601, .adv_w = 867, .box_w = 48, .box_h = 74, .ofs_x = 3, .ofs_y = -1},
    {.bitmap_index = 67045, .adv_w = 867, .box_w = 48, .box_h = 72, .ofs_x = 3, .ofs_y = 0},
    {.bitmap_index = 67477, .adv_w = 867, .box_w = 48, .box_h = 71, .ofs_x = 3, .ofs_y = -1},
    {.bitmap_index = 67903, .adv_w = 876, .box_w = 48, .box_h = 52, .ofs_x = 3, .ofs_y = 6},
    {.bitmap_index = 68215, .adv_w = 866, .box_w = 48, .box_h = 65, .ofs_x = 3, .ofs_y = -7},
    {.bitmap_index = 68605, .adv_w = 860, .box_w = 44, .box_h = 73, .ofs_x = 5, .ofs_y = -1},
    {.bitmap_index = 69007, .adv_w = 860, .box_w = 44, .box_h = 73, .ofs_x = 5, .ofs_y = -1},
    {.bitmap_index = 69409, .adv_w = 860, .box_w = 44, .box_h = 74, .ofs_x = 5, .ofs_y = -1},
    {.bitmap_index = 69816, .adv_w = 860, .box_w = 44, .box_h = 71, .ofs_x = 5, .ofs_y = -1},
    {.bitmap_index = 70207, .adv_w = 773, .box_w = 48, .box_h = 93, .ofs_x = 1, .ofs_y = -21},
    {.bitmap_index = 70765, .adv_w = 869, .box_w = 46, .box_h = 92, .ofs_x = 5, .ofs_y = -20},
    {.bitmap_index = 71294, .adv_w = 773, .box_w = 48, .box_h = 91, .ofs_x = 1, .ofs_y = -21},
    {.bitmap_index = 71840, .adv_w = 783, .box_w = 1, .box_h = 1, .ofs_x = 0, .ofs_y = 0},
    {.bitmap_index = 71841, .adv_w = 1567, .box_w = 1, .box_h = 1, .ofs_x = 0, .ofs_y = 0},
    {.bitmap_index = 71842, .adv_w = 783, .box_w = 1, .box_h = 1, .ofs_x = 0, .ofs_y = 0},
    {.bitmap_index = 71843, .adv_w = 1567, .box_w = 1, .box_h = 1, .ofs_x = 0, .ofs_y = 0},
    {.bitmap_index = 71844, .adv_w = 523, .box_w = 1, .box_h = 1, .ofs_x = 0, .ofs_y = 0},
    {.bitmap_index = 71845, .adv_w = 392, .box_w = 1, .box_h = 1, .ofs_x = 0, .ofs_y = 0},
    {.bitmap_index = 71846, .adv_w = 261, .box_w = 1, .box_h = 1, .ofs_x = 0, .ofs_y = 0},
    {.bitmap_index = 71847, .adv_w = 863, .box_w = 1, .box_h = 1, .ofs_x = 0, .ofs_y = 0},
    {.bitmap_index = 71848, .adv_w = 420, .box_w = 1, .box_h = 1, .ofs_x = 0, .ofs_y = 0},
    {.bitmap_index = 71849, .adv_w = 314, .box_w = 1, .box_h = 1, .ofs_x = 0, .ofs_y = 0},
    {.bitmap_index = 71850, .adv_w = 157, .box_w = 1, .box_h = 1, .ofs_x = 0, .ofs_y = 0},
    {.bitmap_index = 71851, .adv_w = 0, .box_w = 1, .box_h = 1, .ofs_x = 0, .ofs_y = 0},
    {.bitmap_index = 71852, .adv_w = 605, .box_w = 26, .box_h = 10, .ofs_x = 5, .ofs_y = 24},
    {.bitmap_index = 71885, .adv_w = 605, .box_w = 26, .box_h = 10, .ofs_x = 5, .ofs_y = 24},
    {.bitmap_index = 71918, .adv_w = 968, .box_w = 49, .box_h = 10, .ofs_x = 7, .ofs_y = 28},
    {.bitmap_index = 71980, .adv_w = 1170, .box_w = 65, .box_h = 10, .ofs_x = 5, .ofs_y = 28},
    {.bitmap_index = 72062, .adv_w = 1170, .box_w = 65, .box_h = 10, .ofs_x = 5, .ofs_y = 28},
    {.bitmap_index = 72144, .adv_w = 684, .box_w = 43, .box_h = 19, .ofs_x = 1, .ofs_y = -19},
    {.bitmap_index = 72247, .adv_w = 359, .box_w = 15, .box_h = 24, .ofs_x = 5, .ofs_y = 50},
    {.bitmap_index = 72292, .adv_w = 353, .box_w = 15, .box_h = 25, .ofs_x = 3, .ofs_y = 47},
    {.bitmap_index = 72339, .adv_w = 381, .box_w = 15, .box_h = 25, .ofs_x = 3, .ofs_y = -14},
    {.bitmap_index = 72386, .adv_w = 320, .box_w = 15, .box_h = 25, .ofs_x = 3, .ofs_y = 47},
    {.bitmap_index = 72433, .adv_w = 620, .box_w = 31, .box_h = 24, .ofs_x = 5, .ofs_y = 50},
    {.bitmap_index = 72526, .adv_w = 625, .box_w = 31, .box_h = 25, .ofs_x = 4, .ofs_y = 47},
    {.bitmap_index = 72623, .adv_w = 616, .box_w = 31, .box_h = 28, .ofs_x = 3, .ofs_y = -16},
    {.bitmap_index = 72732, .adv_w = 827, .box_w = 47, .box_h = 69, .ofs_x = 2, .ofs_y = 0},
    {.bitmap_index = 73138, .adv_w = 890, .box_w = 46, .box_h = 89, .ofs_x = 5, .ofs_y = -20},
    {.bitmap_index = 73650, .adv_w = 552, .box_w = 22, .box_h = 23, .ofs_x = 6, .ofs_y = 24},
    {.bitmap_index = 73714, .adv_w = 802, .box_w = 37, .box_h = 14, .ofs_x = 6, .ofs_y = -1},
    {.bitmap_index = 73779, .adv_w = 1138, .box_w = 59, .box_h = 14, .ofs_x = 6, .ofs_y = -1},
    {.bitmap_index = 73883, .adv_w = 398, .box_w = 15, .box_h = 13, .ofs_x = 5, .ofs_y = 23},
    {.bitmap_index = 73908, .adv_w = 1477, .box_w = 85, .box_h = 70, .ofs_x = 4, .ofs_y = -1},
    {.bitmap_index = 74652, .adv_w = 248, .box_w = 10, .box_h = 25, .ofs_x = 3, .ofs_y = 47},
    {.bitmap_index = 74684, .adv_w = 489, .box_w = 24, .box_h = 25, .ofs_x = 3, .ofs_y = 47},
    {.bitmap_index = 74759, .adv_w = 479, .box_w = 22, .box_h = 37, .ofs_x = 5, .ofs_y = 6},
    {.bitmap_index = 74861, .adv_w = 464, .box_w = 22, .box_h = 37, .ofs_x = 4, .ofs_y = 6},
    {.bitmap_index = 74963, .adv_w = 830, .box_w = 41, .box_h = 69, .ofs_x = 6, .ofs_y = -1},
    {.bitmap_index = 75317, .adv_w = 684, .box_w = 40, .box_h = 57, .ofs_x = 1, .ofs_y = 5},
    {.bitmap_index = 75602, .adv_w = 843, .box_w = 52, .box_h = 69, .ofs_x = -1, .ofs_y = -1},
    {.bitmap_index = 76051, .adv_w = 913, .box_w = 50, .box_h = 69, .ofs_x = 5, .ofs_y = 0},
    {.bitmap_index = 76483, .adv_w = 1249, .box_w = 75, .box_h = 69, .ofs_x = 1, .ofs_y = 0},
    {.bitmap_index = 77130, .adv_w = 1324, .box_w = 71, .box_h = 69, .ofs_x = 7, .ofs_y = -1},
    {.bitmap_index = 77743, .adv_w = 1667, .box_w = 95, .box_h = 69, .ofs_x = 6, .ofs_y = -1},
    {.bitmap_index = 78563, .adv_w = 1247, .box_w = 74, .box_h = 69, .ofs_x = 2, .ofs_y = 0},
    {.bitmap_index = 79202, .adv_w = 1340, .box_w = 73, .box_h = 51, .ofs_x = 5, .ofs_y = 0},
    {.bitmap_index = 79668, .adv_w = 887, .box_w = 53, .box_h = 90, .ofs_x = 3, .ofs_y = -17},
    {.bitmap_index = 80265, .adv_w = 881, .box_w = 47, .box_h = 70, .ofs_x = 4, .ofs_y = -1},
    {.bitmap_index = 80677, .adv_w = 1146, .box_w = 68, .box_h = 69, .ofs_x = 2, .ofs_y = -1},
    {.bitmap_index = 81264, .adv_w = 808, .box_w = 47, .box_h = 68, .ofs_x = 2, .ofs_y = 0},
    {.bitmap_index = 81664, .adv_w = 910, .box_w = 52, .box_h = 69, .ofs_x = 1, .ofs_y = -1},
    {.bitmap_index = 82113, .adv_w = 1049, .box_w = 60, .box_h = 52, .ofs_x = 3, .ofs_y = 0},
    {.bitmap_index = 82503, .adv_w = 1084, .box_w = 62, .box_h = 69, .ofs_x = 2, .ofs_y = 0}
};

/*---------------------
 *  CHARACTER MAPPING
 *--------------------*/

static const uint16_t unicode_list_3[] = {
    0x0, 0x1, 0x3, 0x4, 0x5, 0x7, 0x8, 0x9,
    0xa, 0xb, 0xc, 0xd, 0xe, 0x10, 0x11, 0x12,
    0x15, 0x16, 0x17, 0x20, 0x22, 0x23, 0x29, 0x2a,
    0x2c, 0x34, 0x93, 0x94, 0x96, 0x97, 0x98, 0x99,
    0x9a, 0x9b, 0x9c, 0xa1, 0xa9, 0xaa, 0xac, 0xad
};

/*Collect the unicode lists and glyph_id offsets*/
static const lv_font_fmt_txt_cmap_t cmaps[] =
{
    {
        .range_start = 32, .range_length = 95, .glyph_id_start = 1,
        .unicode_list = NULL, .glyph_id_ofs_list = NULL, .list_length = 0, .type = LV_FONT_FMT_TXT_CMAP_FORMAT0_TINY
    },
    {
        .range_start = 160, .range_length = 96, .glyph_id_start = 96,
        .unicode_list = NULL, .glyph_id_ofs_list = NULL, .list_length = 0, .type = LV_FONT_FMT_TXT_CMAP_FORMAT0_TINY
    },
    {
        .range_start = 8192, .range_length = 12, .glyph_id_start = 192,
        .unicode_list = NULL, .glyph_id_ofs_list = NULL, .list_length = 0, .type = LV_FONT_FMT_TXT_CMAP_FORMAT0_TINY
    },
    {
        .range_start = 8208, .range_length = 174, .glyph_id_start = 204,
        .unicode_list = unicode_list_3, .glyph_id_ofs_list = NULL, .list_length = 40, .type = LV_FONT_FMT_TXT_CMAP_SPARSE_TINY
    }
};

/*-----------------
 *    KERNING
 *----------------*/


/*Pair left and right glyphs for kerning*/
static const uint8_t kern_pair_glyph_ids[] =
{
    3, 3,
    3, 8,
    3, 210,
    3, 211,
    3, 213,
    3, 214,
    3, 215,
    3, 224,
    3, 225,
    8, 3,
    8, 8,
    8, 210,
    8, 211,
    8, 213,
    8, 214,
    8, 215,
    8, 224,
    8, 225,
    13, 3,
    13, 8,
    13, 210,
    13, 211,
    13, 213,
    13, 214,
    13, 215,
    13, 224,
    13, 225,
    15, 3,
    15, 8,
    15, 210,
    15, 211,
    15, 213,
    15, 214,
    15, 215,
    15, 224,
    15, 225,
    16, 16,
    210, 3,
    210, 8,
    210, 210,
    210, 211,
    210, 213,
    210, 214,
    210, 215,
    210, 224,
    210, 225,
    211, 3,
    211, 8,
    211, 210,
    211, 211,
    211, 213,
    211, 214,
    211, 215,
    211, 224,
    211, 225,
    212, 3,
    212, 8,
    212, 210,
    212, 211,
    212, 213,
    212, 214,
    212, 215,
    212, 224,
    212, 225,
    213, 3,
    213, 8,
    213, 210,
    213, 211,
    213, 213,
    213, 214,
    213, 215,
    213, 224,
    213, 225,
    214, 3,
    214, 8,
    214, 210,
    214, 211,
    214, 213,
    214, 214,
    214, 215,
    214, 224,
    214, 225,
    215, 3,
    215, 8,
    215, 210,
    215, 211,
    215, 213,
    215, 214,
    215, 215,
    215, 224,
    215, 225,
    216, 3,
    216, 8,
    216, 210,
    216, 211,
    216, 213,
    216, 214,
    216, 215,
    216, 224,
    216, 225,
    220, 3,
    220, 8,
    220, 210,
    220, 211,
    220, 213,
    220, 214,
    220, 215,
    220, 224,
    220, 225,
    221, 3,
    221, 8,
    221, 210,
    221, 211,
    221, 213,
    221, 214,
    221, 215,
    221, 224,
    221, 225,
    224, 3,
    224, 8,
    224, 210,
    224, 211,
    224, 213,
    224, 214,
    224, 215,
    224, 224,
    224, 225,
    225, 3,
    225, 8,
    225, 210,
    225, 211,
    225, 213,
    225, 214,
    225, 215,
    225, 224,
    225, 225
};

/* Kerning between the respective left and right glyphs
 * 4.4 format which needs to scaled with `kern_scale`*/
static const int8_t kern_pair_values[] =
{
    -29, -29, -29, -29, -29, -29, -29, -29,
    -29, -29, -29, -29, -29, -29, -29, -29,
    -29, -29, -119, -119, -119, -119, -119, -119,
    -119, -119, -119, -119, -119, -119, -119, -119,
    -119, -119, -119, -119, -115, -29, -29, -29,
    -29, -29, -29, -29, -29, -29, -29, -29,
    -29, -29, -29, -29, -29, -29, -29, -119,
    -119, -119, -119, -119, -119, -119, -119, -119,
    -29, -29, -29, -29, -29, -29, -29, -29,
    -29, -29, -29, -29, -29, -29, -29, -29,
    -29, -29, -29, -29, -29, -29, -29, -29,
    -29, -29, -29, -119, -119, -119, -119, -119,
    -119, -119, -119, -119, -119, -119, -119, -119,
    -119, -119, -119, -119, -119, -119, -119, -119,
    -119, -119, -119, -119, -119, -119, -29, -29,
    -29, -29, -29, -29, -29, -29, -29, -29,
    -29, -29, -29, -29, -29, -29, -29, -29
};

/*Collect the kern pair's data in one place*/
static const lv_font_fmt_txt_kern_pair_t kern_pairs =
{
    .glyph_ids = kern_pair_glyph_ids,
    .values = kern_pair_values,
    .pair_cnt = 136,
    .glyph_ids_size = 0
};

/*--------------------
 *  ALL CUSTOM DATA
 *--------------------*/

#if LVGL_VERSION_MAJOR == 8
/*Store all the custom data of the font*/
static  lv_font_fmt_txt_glyph_cache_t cache;
#endif

#if LVGL_VERSION_MAJOR >= 8
static const lv_font_fmt_txt_dsc_t font_dsc = {
#else
static lv_font_fmt_txt_dsc_t font_dsc = {
#endif
    .glyph_bitmap = glyph_bitmap,
    .glyph_dsc = glyph_dsc,
    .cmaps = cmaps,
    .kern_dsc = &kern_pairs,
    .kern_scale = 25,
    .cmap_num = 4,
    .bpp = 1,
    .kern_classes = 0,
    .bitmap_format = 0,
#if LVGL_VERSION_MAJOR == 8
    .cache = &cache
#endif

};

extern const lv_font_t roboto_bold_96;


/*-----------------
 *  PUBLIC FONT
 *----------------*/

/*Initialize a public general font descriptor*/
#if LVGL_VERSION_MAJOR >= 8
const lv_font_t roboto_bold_96 = {
#else
lv_font_t roboto_bold_96 = {
#endif
    .get_glyph_dsc = lv_font_get_glyph_dsc_fmt_txt,    /*Function pointer to get glyph's data*/
    .get_glyph_bitmap = lv_font_get_bitmap_fmt_txt,    /*Function pointer to get glyph's bitmap*/
    .line_height = 113,          /*The maximum line height required by the font*/
    .base_line = 22,             /*Baseline measured from the bottom of the line*/
#if !(LVGL_VERSION_MAJOR == 6 && LVGL_VERSION_MINOR == 0)
    .subpx = LV_FONT_SUBPX_NONE,
#endif
#if LV_VERSION_CHECK(7, 4, 0) || LVGL_VERSION_MAJOR >= 8
    .underline_position = -7,
    .underline_thickness = 5,
#endif
    .dsc = &font_dsc,          /*The custom font data. Will be accessed by `get_glyph_bitmap/dsc` */
#if LV_VERSION_CHECK(8, 2, 0) || LVGL_VERSION_MAJOR >= 9
    .fallback = &roboto_bold_96,
#endif
    .user_data = NULL,
};



#endif /*#if ROBOTO_BOLD_96*/
